group,year,bev_share,ice_share,phev_share
world,2015.0,0.3482,99.5894,0.1324
world,2015.1,0.3720,99.5610,0.1397
world,2015.2,0.3971,99.5310,0.1472
world,2015.3,0.4234,99.4992,0.1552
world,2015.4,0.4511,99.4658,0.1634
world,2015.5,0.4802,99.4305,0.1719
world,2015.6,0.5107,99.3933,0.1808
world,2015.7,0.5427,99.3541,0.1900
world,2015.8,0.5761,99.3129,0.1995
world,2015.9,0.6111,99.2697,0.2094
world,2016.0,0.6477,99.2242,0.2196
world,2016.1,0.6860,99.1079,0.2987
world,2016.2,0.7262,99.0601,0.3071
world,2016.3,0.7681,99.0086,0.3170
world,2016.4,0.8119,98.9541,0.3278
world,2016.5,0.8577,98.8967,0.3391
world,2016.6,0.9053,98.8363,0.3510
world,2016.7,0.9550,98.7730,0.3634
world,2016.8,1.0067,98.7068,0.3762
world,2016.9,1.0605,98.6374,0.3894
world,2017.0,1.1164,98.5650,0.4031
world,2017.1,1.1746,98.4886,0.4178
world,2017.2,1.2350,98.4088,0.4329
world,2017.3,1.2977,98.3255,0.4485
world,2017.4,1.3627,98.2387,0.4646
world,2017.5,1.4301,98.1481,0.4812
world,2017.6,1.4999,98.0538,0.4982
world,2017.7,1.5722,97.9557,0.5158
world,2017.8,1.6470,97.8535,0.5338
world,2017.9,1.7243,97.7473,0.5522
world,2018.0,1.8043,97.6370,0.5712
world,2018.1,1.8876,97.5222,0.5915
world,2018.2,1.9732,97.4031,0.6251
world,2018.3,2.0614,97.2796,0.6604
world,2018.4,2.1524,97.1514,0.6974
world,2018.5,2.2463,97.0186,0.7363
world,2018.6,2.3431,96.8810,0.7771
world,2018.7,2.4429,96.7385,0.8198
world,2018.8,2.5456,96.5909,0.8646
world,2018.9,2.6514,96.4382,0.9114
world,2019.0,2.7604,96.2803,0.9604
world,2019.1,2.8725,96.1170,1.0115
world,2019.2,2.9878,95.9483,1.0649
world,2019.3,3.1064,95.7739,1.1206
world,2019.4,3.2283,95.5938,1.1787
world,2019.5,3.3536,95.4079,1.2392
world,2019.6,3.4823,95.2161,1.3023
world,2019.7,3.6145,95.0182,1.3679
world,2019.8,3.7502,94.8142,1.4362
world,2019.9,3.8895,94.6038,1.5072
world,2020.0,4.0324,94.3871,1.5810
world,2020.1,4.1790,94.1639,1.6576
world,2020.2,4.3293,93.9340,1.7372
world,2020.3,4.4834,93.6974,1.8197
world,2020.4,4.6413,93.4539,1.9052
world,2020.5,4.8031,93.2035,1.9938
world,2020.6,4.9688,92.9461,2.0855
world,2020.7,5.1385,92.6815,2.1805
world,2020.8,5.3122,92.4096,2.2786
world,2020.9,5.4899,92.1304,2.3801
world,2021.0,5.6718,91.8437,2.4848
world,2021.1,5.8579,91.5495,2.5930
world,2021.2,6.0481,91.2477,2.7046
world,2021.3,6.2426,90.9381,2.8196
world,2021.4,6.4415,90.6208,2.9381
world,2021.5,6.6446,90.2957,3.0602
world,2021.6,6.8522,89.9626,3.1857
world,2021.7,7.0642,89.6215,3.3148
world,2021.8,7.2807,89.2724,3.4475
world,2021.9,7.5018,88.9151,3.5837
world,2022.0,7.7274,88.5498,3.7235
world,2022.1,7.9576,88.1762,3.8668
world,2022.2,8.1925,87.7945,4.0137
world,2022.3,8.4321,87.4045,4.1641
world,2022.4,8.6764,87.0063,4.3181
world,2022.5,8.9255,86.5999,4.4755
world,2022.6,9.1794,86.1852,4.6363
world,2022.7,9.4382,85.7623,4.8005
world,2022.8,9.7019,85.3311,4.9681
world,2022.9,9.9705,84.8918,5.1389
world,2023.0,10.2441,84.4443,5.3129
world,2023.1,10.5227,83.9887,5.4899
world,2023.2,10.8063,83.5251,5.6700
world,2023.3,11.0950,83.0535,5.8530
world,2023.4,11.3888,82.5740,6.0387
world,2023.5,11.6878,82.0867,6.2272
world,2023.6,11.9919,81.5917,6.4181
world,2023.7,12.3012,81.0892,6.6115
world,2023.8,12.6157,80.5791,6.8071
world,2023.9,12.9354,80.0618,7.0048
world,2024.0,13.2605,79.5372,7.2044
world,2024.1,13.5908,79.0056,7.4057
world,2024.2,13.9264,78.4672,7.6085
world,2024.3,14.2674,77.9221,7.8127
world,2024.4,14.6137,77.3705,8.0180
world,2024.5,14.9655,76.8126,8.2243
world,2024.6,15.3226,76.2487,8.4312
world,2024.7,15.6851,75.6789,8.6385
world,2024.8,16.0530,75.1035,8.8460
world,2024.9,16.4264,74.5227,9.0534
world,2025.0,16.8052,73.9369,9.2604
world,2025.1,17.1894,73.3462,9.4669
world,2025.2,17.5791,72.7509,9.6724
world,2025.3,17.9742,72.1514,9.8767
world,2025.4,18.3748,71.5479,10.0796
world,2025.5,18.7808,70.9407,10.2806
world,2025.6,19.1922,70.3302,10.4796
world,2025.7,19.6089,69.7166,10.6761
world,2025.8,20.0310,69.1004,10.8700
world,2025.9,20.4585,68.4818,11.0609
world,2026.0,20.8912,67.8613,11.2485
world,2026.1,21.3291,67.2391,11.4329
world,2026.2,21.7721,66.6157,11.6142
world,2026.3,22.2202,65.9914,11.7916
world,2026.4,22.6733,65.3667,11.9644
world,2026.5,23.1313,64.7420,12.1323
world,2026.6,23.5940,64.1177,12.2950
world,2026.7,24.0613,63.4941,12.4521
world,2026.8,24.5331,62.8719,12.6035
world,2026.9,25.0091,62.2514,12.7489
world,2027.0,25.4893,61.6330,12.8878
world,2027.1,25.9733,61.0174,13.0202
world,2027.2,26.4609,60.4049,13.1457
world,2027.3,26.9520,59.7961,13.2640
world,2027.4,27.4462,59.1914,13.3750
world,2027.5,27.9432,58.5914,13.4784
world,2027.6,28.4428,57.9966,13.5740
world,2027.7,28.9447,57.4074,13.6617
world,2027.8,29.4485,56.8243,13.7427
world,2027.9,29.9539,56.2479,13.8155
world,2028.0,30.4607,55.6785,13.8798
world,2028.1,30.9685,55.1165,13.9398
world,2028.2,31.4770,54.5623,13.9916
world,2028.3,31.9860,54.0163,14.0350
world,2028.4,32.4952,53.4786,14.0698
world,2028.5,33.0045,52.9496,14.0961
world,2028.6,33.5135,52.4294,14.1140
world,2028.7,34.0221,51.9181,14.1234
world,2028.8,34.5303,51.4157,14.1244
world,2028.9,35.0380,50.9223,14.1171
world,2029.0,35.5450,50.4378,14.1017
world,2029.1,36.0514,49.9620,14.0783
world,2029.2,36.5571,49.4948,14.0469
world,2029.3,37.0622,49.0362,14.0078
world,2029.4,37.5666,48.5857,13.9612
world,2029.5,38.0705,48.1433,13.9071
world,2029.6,38.5738,47.7088,13.8459
world,2029.7,39.0765,47.2818,13.7777
world,2029.8,39.5787,46.8623,13.7027
world,2029.9,40.0803,46.4499,13.6211
world,2030.0,40.5813,46.0445,13.5331
world,2030.1,41.0816,45.6459,13.4390
world,2030.2,41.5813,45.2540,13.3391
world,2030.3,42.0801,44.8684,13.2346
world,2030.4,42.5782,44.4891,13.1251
world,2030.5,43.0753,44.1158,13.0104
world,2030.6,43.5713,43.7483,12.8913
world,2030.7,44.0662,43.3866,12.7691
world,2030.8,44.5599,43.0303,12.6426
world,2030.9,45.0523,42.6793,12.5120
world,2031.0,45.5432,42.3335,12.3778
world,2031.1,46.0326,41.9926,12.2401
world,2031.2,46.5203,41.6565,12.0991
world,2031.3,47.0063,41.3249,11.9553
world,2031.4,47.4904,40.9978,11.8088
world,2031.5,47.9726,40.6749,11.6598
world,2031.6,48.4527,40.3561,11.5087
world,2031.7,48.9307,40.0412,11.3557
world,2031.8,49.4064,39.7301,11.2010
world,2031.9,49.8797,39.4226,11.0448
world,2032.0,50.3506,39.1186,10.8874
world,2032.1,50.8189,38.8180,10.7290
world,2032.2,51.2845,38.5206,10.5697
world,2032.3,51.7473,38.2264,10.4099
world,2032.4,52.2073,37.9352,10.2496
world,2032.5,52.6643,37.6469,10.0890
world,2032.6,53.1183,37.3614,9.9284
world,2032.7,53.5690,37.0788,9.7678
world,2032.8,54.0166,36.7987,9.6075
world,2032.9,54.4607,36.5213,9.4475
world,2033.0,54.9015,36.2465,9.2881
world,2033.1,55.3387,35.9741,9.1294
world,2033.2,55.7723,35.7041,8.9714
world,2033.3,56.2023,35.4365,8.8144
world,2033.4,56.6284,35.1712,8.6585
world,2033.5,57.0508,34.9082,8.5036
world,2033.6,57.4692,34.6474,8.3501
world,2033.7,57.8837,34.3888,8.1979
world,2033.8,58.2941,34.1323,8.0472
world,2033.9,58.7005,33.8780,7.8981
world,2034.0,59.1027,33.6257,7.7507
world,2034.1,59.5007,33.3754,7.6050
world,2034.2,59.8945,33.1271,7.4612
world,2034.3,60.2840,32.8808,7.3193
world,2034.4,60.6693,32.6364,7.1794
world,2034.5,61.0501,32.3939,7.0415
world,2034.6,61.4267,32.1532,6.9059
world,2034.7,61.7988,31.9143,6.7725
world,2034.8,62.1666,31.6771,6.6414
world,2034.9,62.5300,31.4417,6.5126
world,2035.0,62.8889,31.2079,6.3863
world,2035.1,63.2435,30.9758,6.2624
world,2035.2,63.5936,30.7453,6.1411
world,2035.3,63.9394,30.5163,6.0223
world,2035.4,64.2808,30.2889,5.9061
world,2035.5,64.6179,30.0629,5.7926
world,2035.6,64.9507,29.8384,5.6817
world,2035.7,65.2791,29.6152,5.5736
world,2035.8,65.6033,29.3935,5.4681
world,2035.9,65.9233,29.1731,5.3653
world,2036.0,66.2391,28.9539,5.2653
world,2036.1,66.5508,28.7361,5.1680
world,2036.2,66.8584,28.5195,5.0735
world,2036.3,67.1620,28.3041,4.9816
world,2036.4,67.4617,28.0900,4.8924
world,2036.5,67.7574,27.8770,4.8059
world,2036.6,68.0493,27.6651,4.7219
world,2036.7,68.3374,27.4544,4.6406
world,2036.8,68.6218,27.2448,4.5618
world,2036.9,68.9026,27.0364,4.4856
world,2037.0,69.1798,26.8290,4.4117
world,2037.1,69.4535,26.6228,4.3403
world,2037.2,69.7238,26.4176,4.2712
world,2037.3,69.9908,26.2136,4.2043
world,2037.4,70.2545,26.0107,4.1396
world,2037.5,70.5150,25.8088,4.0771
world,2037.6,70.7723,25.6081,4.0166
world,2037.7,71.0266,25.4085,3.9581
world,2037.8,71.2779,25.2100,3.9016
world,2037.9,71.5264,25.0127,3.8468
world,2038.0,71.7719,24.8165,3.7938
world,2038.1,72.0147,24.6214,3.7424
world,2038.2,72.2548,24.4275,3.6927
world,2038.3,72.4923,24.2348,3.6445
world,2038.4,72.7272,24.0433,3.5977
world,2038.5,72.9595,23.8531,3.5523
world,2038.6,73.1894,23.6640,3.5083
world,2038.7,73.4169,23.4762,3.4654
world,2038.8,73.6420,23.2897,3.4237
world,2038.9,73.8648,23.1045,3.3832
world,2039.0,74.0853,22.9205,3.3436
world,2039.1,74.3036,22.7379,3.3051
world,2039.2,74.5198,22.5566,3.2674
world,2039.3,74.7338,22.3767,3.2306
world,2039.4,74.9456,22.1981,3.1947
world,2039.5,75.1555,22.0209,3.1595
world,2039.6,75.3632,21.8451,3.1250
world,2039.7,75.5690,21.6708,3.0912
world,2039.8,75.7728,21.4978,3.0580
world,2039.9,75.9746,21.3263,3.0254
world,2040.0,76.1744,21.1563,2.9934
world,2040.1,76.3724,20.9877,2.9618
world,2040.2,76.5684,20.8207,2.9308
world,2040.3,76.7626,20.6551,2.9002
world,2040.4,76.9549,20.4910,2.8701
world,2040.5,77.1453,20.3284,2.8404
world,2040.6,77.3339,20.1674,2.8110
world,2040.7,77.5207,20.0079,2.7820
world,2040.8,77.7056,19.8499,2.7533
world,2040.9,77.8888,19.6935,2.7250
world,2041.0,78.0701,19.5387,2.6970
world,2041.1,78.2497,19.3854,2.6692
world,2041.2,78.4275,19.2336,2.6417
world,2041.3,78.6035,19.0834,2.6145
world,2041.4,78.7778,18.9348,2.5875
world,2041.5,78.9504,18.7877,2.5608
world,2041.6,79.1212,18.6422,2.5342
world,2041.7,79.2903,18.4983,2.5079
world,2041.8,79.4576,18.3559,2.4818
world,2041.9,79.6233,18.2151,2.4559
world,2042.0,79.7873,18.0758,2.4302
world,2042.1,79.9496,17.9380,2.4047
world,2042.2,80.1103,17.8018,2.3793
world,2042.3,80.2693,17.6671,2.3542
world,2042.4,80.4267,17.5340,2.3292
world,2042.5,80.5824,17.4023,2.3043
world,2042.6,80.7365,17.2721,2.2796
world,2042.7,80.8891,17.1434,2.2551
world,2042.8,81.0400,17.0161,2.2308
world,2042.9,81.1894,16.8903,2.2066
world,2043.0,81.3372,16.7660,2.1825
world,2043.1,81.4835,16.6431,2.1586
world,2043.2,81.6282,16.5215,2.1349
world,2043.3,81.7715,16.4014,2.1113
world,2043.4,81.9133,16.2826,2.0878
world,2043.5,82.0536,16.1652,2.0645
world,2043.6,82.1924,16.0491,2.0414
world,2043.7,82.3298,15.9344,2.0184
world,2043.8,82.4659,15.8209,1.9955
world,2043.9,82.6005,15.7087,1.9728
world,2044.0,82.7337,15.5977,1.9503
world,2044.1,82.8656,15.4880,1.9279
world,2044.2,82.9962,15.3795,1.9056
world,2044.3,83.1254,15.2722,1.8835
world,2044.4,83.2534,15.1660,1.8615
world,2044.5,83.3800,15.0610,1.8397
world,2044.6,83.5055,14.9571,1.8180
world,2044.7,83.6297,14.8543,1.7965
world,2044.8,83.7526,14.7526,1.7752
world,2044.9,83.8744,14.6519,1.7540
world,2045.0,83.9951,14.5523,1.7330
world,2045.1,84.1145,14.4536,1.7121
world,2045.2,84.2329,14.3560,1.6919
world,2045.3,84.3501,14.2593,1.6774
world,2045.4,84.4662,14.1636,1.6630
world,2045.5,84.5813,14.0688,1.6488
world,2045.6,84.6953,13.9749,1.6348
world,2045.7,84.8083,13.8818,1.6208
world,2045.8,84.9203,13.7897,1.6071
world,2045.9,85.0312,13.6983,1.5934
world,2046.0,85.1412,13.6078,1.5800
world,2046.1,85.2502,13.5181,1.5666
world,2046.2,85.3583,13.4292,1.5534
world,2046.3,85.4655,13.3410,1.5404
world,2046.4,85.5717,13.2536,1.5275
world,2046.5,85.6771,13.1669,1.5147
world,2046.6,85.7816,13.0810,1.5021
world,2046.7,85.8852,12.9957,1.4896
world,2046.8,85.9879,12.9111,1.4773
world,2046.9,86.0898,12.8272,1.4651
world,2047.0,86.1909,12.7439,1.4530
world,2047.1,86.2912,12.6612,1.4411
world,2047.2,86.3907,12.5792,1.4294
world,2047.3,86.4894,12.4978,1.4177
world,2047.4,86.5874,12.4170,1.4063
world,2047.5,86.6845,12.3368,1.3949
world,2047.6,86.7809,12.2571,1.3837
world,2047.7,86.8766,12.1780,1.3727
world,2047.8,86.9716,12.0995,1.3617
world,2047.9,87.0658,12.0215,1.3509
world,2048.0,87.1593,11.9440,1.3403
world,2048.1,87.2521,11.8671,1.3298
world,2048.2,87.3442,11.7907,1.3194
world,2048.3,87.4356,11.7148,1.3092
world,2048.4,87.5263,11.6394,1.2991
world,2048.5,87.6164,11.5645,1.2891
world,2048.6,87.7058,11.4900,1.2793
world,2048.7,87.7945,11.4161,1.2695
world,2048.8,87.8826,11.3426,1.2600
world,2048.9,87.9700,11.2696,1.2505
world,2049.0,88.0568,11.1971,1.2412
world,2049.1,88.1429,11.1250,1.2320
world,2049.2,88.2284,11.0534,1.2229
world,2049.3,88.3133,10.9823,1.2140
world,2049.4,88.3975,10.9115,1.2053
world,2049.5,88.4811,10.8413,1.1966
world,2049.6,88.5641,10.7714,1.1881
world,2049.7,88.6465,10.7020,1.1798
world,2049.8,88.7282,10.6331,1.1715
world,2049.9,88.8094,10.5646,1.1633
world,2050.0,88.8900,10.4964,1.1553
western_europe,2015.0,0.3754,99.2765,0.3481
western_europe,2015.1,0.4074,99.2169,0.3757
western_europe,2015.2,0.4416,99.1536,0.4048
western_europe,2015.3,0.4780,99.0864,0.4355
western_europe,2015.4,0.5168,99.0153,0.4679
western_europe,2015.5,0.5580,98.9402,0.5019
western_europe,2015.6,0.6016,98.8609,0.5375
western_europe,2015.7,0.6477,98.7775,0.5747
western_europe,2015.8,0.6964,98.6899,0.6136
western_europe,2015.9,0.7478,98.5980,0.6542
western_europe,2016.0,0.8018,98.5017,0.6965
western_europe,2016.1,0.8585,98.4011,0.7404
western_europe,2016.2,0.9180,98.2959,0.7860
western_europe,2016.3,0.9804,98.1862,0.8334
western_europe,2016.4,1.0457,98.0719,0.8824
western_europe,2016.5,1.1138,97.9530,0.9331
western_europe,2016.6,1.1850,97.8294,0.9856
western_europe,2016.7,1.2592,97.7011,1.0397
western_europe,2016.8,1.3364,97.5680,1.0956
western_europe,2016.9,1.4168,97.4301,1.1531
western_europe,2017.0,1.5003,97.2873,1.2124
western_europe,2017.1,1.5871,97.1383,1.2746
western_europe,2017.2,1.6771,96.9826,1.3403
western_europe,2017.3,1.7705,96.8205,1.4090
western_europe,2017.4,1.8674,96.6520,1.4806
western_europe,2017.5,1.9678,96.4772,1.5550
western_europe,2017.6,2.0718,96.2961,1.6320
western_europe,2017.7,2.1795,96.1088,1.7117
western_europe,2017.8,2.2909,95.9152,1.7939
western_europe,2017.9,2.4060,95.7155,1.8785
western_europe,2018.0,2.5250,95.5095,1.9656
western_europe,2018.1,2.6478,95.2973,2.0549
western_europe,2018.2,2.7746,95.0789,2.1465
western_europe,2018.3,2.9053,94.8544,2.2403
western_europe,2018.4,3.0401,94.6237,2.3362
western_europe,2018.5,3.1790,94.3868,2.4342
western_europe,2018.6,3.3219,94.1438,2.5343
western_europe,2018.7,3.4691,93.8946,2.6363
western_europe,2018.8,3.6204,93.6394,2.7402
western_europe,2018.9,3.7760,93.3780,2.8460
western_europe,2019.0,3.9359,93.1105,2.9536
western_europe,2019.1,4.1001,92.8369,3.0629
western_europe,2019.2,4.2687,92.5573,3.1739
western_europe,2019.3,4.4417,92.2717,3.2866
western_europe,2019.4,4.6191,91.9800,3.4009
western_europe,2019.5,4.8010,91.6824,3.5166
western_europe,2019.6,4.9873,91.3788,3.6339
western_europe,2019.7,5.1782,91.0692,3.7526
western_europe,2019.8,5.3736,90.7537,3.8726
western_europe,2019.9,5.5737,90.4324,3.9940
western_europe,2020.0,5.7783,90.1052,4.1165
western_europe,2020.1,5.9875,89.7722,4.2403
western_europe,2020.2,6.2013,89.4334,4.3653
western_europe,2020.3,6.4199,89.0889,4.4913
western_europe,2020.4,6.6431,88.7387,4.6183
western_europe,2020.5,6.8710,88.3828,4.7463
western_europe,2020.6,7.1036,88.0213,4.8752
western_europe,2020.7,7.3409,87.6542,5.0050
western_europe,2020.8,7.5829,87.2816,5.1355
western_europe,2020.9,7.8297,86.9035,5.2668
western_europe,2021.0,8.0812,86.5200,5.3988
western_europe,2021.1,8.3375,86.1311,5.5314
western_europe,2021.2,8.5986,85.7369,5.6646
western_europe,2021.3,8.8644,85.3374,5.7982
western_europe,2021.4,9.1349,84.9327,5.9324
western_europe,2021.5,9.4103,84.5228,6.0669
western_europe,2021.6,9.6903,84.1079,6.2017
western_europe,2021.7,9.9752,83.6879,6.3369
western_europe,2021.8,10.2647,83.2630,6.4723
western_europe,2021.9,10.5590,82.8332,6.6078
western_europe,2022.0,10.8581,82.3985,6.7434
western_europe,2022.1,11.1618,81.9591,6.8791
western_europe,2022.2,11.4702,81.5149,7.0148
western_europe,2022.3,11.7834,81.0662,7.1505
western_europe,2022.4,12.1011,80.6129,7.2860
western_europe,2022.5,12.4236,80.1551,7.4213
western_europe,2022.6,12.7506,79.6929,7.5565
western_europe,2022.7,13.0823,79.2264,7.6913
western_europe,2022.8,13.4185,78.7556,7.8258
western_europe,2022.9,13.7593,78.2807,7.9600
western_europe,2023.0,14.1046,77.8017,8.0936
western_europe,2023.1,14.4545,77.3187,8.2268
western_europe,2023.2,14.8087,76.8318,8.3595
western_europe,2023.3,15.1674,76.3411,8.4915
western_europe,2023.4,15.5305,75.8466,8.6229
western_europe,2023.5,15.8979,75.3485,8.7536
western_europe,2023.6,16.2697,74.8468,8.8835
western_europe,2023.7,16.6457,74.3417,9.0126
western_europe,2023.8,17.0260,73.8331,9.1409
western_europe,2023.9,17.4105,73.3213,9.2682
western_europe,2024.0,17.7991,72.8063,9.3946
western_europe,2024.1,18.1918,72.2882,9.5201
western_europe,2024.2,18.5885,71.7671,9.6444
western_europe,2024.3,18.9893,71.2431,9.7677
western_europe,2024.4,19.3939,70.7162,9.8898
western_europe,2024.5,19.8025,70.1867,10.0108
western_europe,2024.6,20.2149,69.6546,10.1305
western_europe,2024.7,20.6311,69.1199,10.2490
western_europe,2024.8,21.0511,68.5828,10.3661
western_europe,2024.9,21.4747,68.0435,10.4819
western_europe,2025.0,21.9018,67.5019,10.5963
western_europe,2025.1,22.3326,66.9582,10.7092
western_europe,2025.2,22.7668,66.4125,10.8207
western_europe,2025.3,23.2044,65.8650,10.9306
western_europe,2025.4,23.6453,65.3156,11.0391
western_europe,2025.5,24.0896,64.7645,11.1459
western_europe,2025.6,24.5370,64.2119,11.2511
western_europe,2025.7,24.9876,63.6578,11.3546
western_europe,2025.8,25.4413,63.1023,11.4564
western_europe,2025.9,25.8979,62.5455,11.5565
western_europe,2026.0,26.3575,61.9876,11.6549
western_europe,2026.1,26.8199,61.4286,11.7515
western_europe,2026.2,27.2851,60.8687,11.8462
western_europe,2026.3,27.7530,60.3079,11.9391
western_europe,2026.4,28.2236,59.7464,12.0301
western_europe,2026.5,28.6966,59.1842,12.1192
western_europe,2026.6,29.1722,58.6215,12.2063
western_europe,2026.7,29.6501,58.0584,12.2915
western_europe,2026.8,30.1303,57.4950,12.3747
western_europe,2026.9,30.6128,56.9313,12.4559
western_europe,2027.0,31.0974,56.3675,12.5351
western_europe,2027.1,31.5841,55.8038,12.6122
western_europe,2027.2,32.0727,55.2401,12.6872
western_europe,2027.3,32.5633,54.6766,12.7601
western_europe,2027.4,33.0557,54.1134,12.8309
western_europe,2027.5,33.5498,53.5506,12.8996
western_europe,2027.6,34.0456,52.9883,12.9661
western_europe,2027.7,34.5429,52.4266,13.0304
western_europe,2027.8,35.0418,51.8656,13.0926
western_europe,2027.9,35.5420,51.3055,13.1526
western_europe,2028.0,36.0435,50.7462,13.2103
western_europe,2028.1,36.5463,50.1879,13.2658
western_europe,2028.2,37.0503,49.6306,13.3191
western_europe,2028.3,37.5553,49.0746,13.3701
western_europe,2028.4,38.0613,48.5199,13.4189
western_europe,2028.5,38.5681,47.9665,13.4653
western_europe,2028.6,39.0759,47.4146,13.5096
western_europe,2028.7,39.5843,46.8642,13.5515
western_europe,2028.8,40.0934,46.3155,13.5911
western_europe,2028.9,40.6030,45.7686,13.6284
western_europe,2029.0,41.1131,45.2234,13.6634
western_europe,2029.1,41.6237,44.6802,13.6962
western_europe,2029.2,42.1345,44.1389,13.7266
western_europe,2029.3,42.6456,43.5997,13.7547
western_europe,2029.4,43.1569,43.0627,13.7804
western_europe,2029.5,43.6682,42.5279,13.8039
western_europe,2029.6,44.1795,41.9955,13.8250
western_europe,2029.7,44.6907,41.4654,13.8439
western_europe,2029.8,45.2018,40.9378,13.8604
western_europe,2029.9,45.7126,40.4128,13.8746
western_europe,2030.0,46.2232,39.8903,13.8865
western_europe,2030.1,46.7333,39.3706,13.8961
western_europe,2030.2,47.2429,38.8536,13.9034
western_europe,2030.3,47.7521,38.3395,13.9084
western_europe,2030.4,48.2606,37.8283,13.9112
western_europe,2030.5,48.7684,37.3200,13.9116
western_europe,2030.6,49.2754,36.8148,13.9098
western_europe,2030.7,49.7816,36.3126,13.9168
western_europe,2030.8,50.2869,35.8136,13.9212
western_europe,2030.9,50.7912,35.3179,13.9231
western_europe,2031.0,51.2945,34.8254,13.9224
western_europe,2031.1,51.7966,34.3362,13.9193
western_europe,2031.2,52.2976,33.8504,13.9137
western_europe,2031.3,52.7973,33.3680,13.9056
western_europe,2031.4,53.2957,32.8891,13.8950
western_europe,2031.5,53.7927,32.4138,13.8819
western_europe,2031.6,54.2883,31.9420,13.8664
western_europe,2031.7,54.7824,31.4738,13.8485
western_europe,2031.8,55.2749,31.0093,13.8281
western_europe,2031.9,55.7658,30.5486,13.8054
western_europe,2032.0,56.2551,30.0915,13.7803
western_europe,2032.1,56.7425,29.6383,13.7528
western_europe,2032.2,57.2282,29.1889,13.7230
western_europe,2032.3,57.7120,28.7433,13.6909
western_europe,2032.4,58.1939,28.3017,13.6565
western_europe,2032.5,58.6739,27.8639,13.6198
western_europe,2032.6,59.1518,27.4302,13.5809
western_europe,2032.7,59.6277,27.0004,13.5398
western_europe,2032.8,60.1014,26.5746,13.4965
western_europe,2032.9,60.5730,26.1528,13.4510
western_europe,2033.0,61.0423,25.7351,13.4034
western_europe,2033.1,61.5094,25.3215,13.3537
western_europe,2033.2,61.9742,24.9120,13.3019
western_europe,2033.3,62.4366,24.5066,13.2481
western_europe,2033.4,62.8967,24.1053,13.1923
western_europe,2033.5,63.3543,23.7082,13.1345
western_europe,2033.6,63.8094,23.3153,13.0748
western_europe,2033.7,64.2619,22.9265,13.0132
western_europe,2033.8,64.7120,22.5419,12.9497
western_europe,2033.9,65.1594,22.1615,12.8844
western_europe,2034.0,65.6041,21.7853,12.8173
western_europe,2034.1,66.0462,21.4133,12.7485
western_europe,2034.2,66.4856,21.0455,12.6779
western_europe,2034.3,66.9222,20.6819,12.6056
western_europe,2034.4,67.3561,20.3226,12.5317
western_europe,2034.5,67.7871,19.9674,12.4562
western_europe,2034.6,68.2153,19.6165,12.3791
western_europe,2034.7,68.6406,19.2698,12.3005
western_europe,2034.8,69.0630,18.9273,12.2204
western_europe,2034.9,69.4825,18.5890,12.1389
western_europe,2035.0,69.8990,18.2549,12.0559
western_europe,2035.1,70.3125,17.9250,11.9716
western_europe,2035.2,70.7230,17.5992,11.8860
western_europe,2035.3,71.1304,17.2777,11.7991
western_europe,2035.4,71.5348,16.9603,11.7110
western_europe,2035.5,71.9361,16.6470,11.6216
western_europe,2035.6,72.3343,16.3379,11.5312
western_europe,2035.7,72.7294,16.0329,11.4396
western_europe,2035.8,73.1213,15.7320,11.3469
western_europe,2035.9,73.5100,15.4352,11.2532
western_europe,2036.0,73.8956,15.1425,11.1585
western_europe,2036.1,74.2779,14.8538,11.0628
western_europe,2036.2,74.6571,14.5692,10.9663
western_europe,2036.3,75.0329,14.2885,10.8689
western_europe,2036.4,75.4056,14.0119,10.7707
western_europe,2036.5,75.7749,13.7392,10.6717
western_europe,2036.6,76.1410,13.4705,10.5719
western_europe,2036.7,76.5038,13.2057,10.4715
western_europe,2036.8,76.8633,12.9448,10.3704
western_europe,2036.9,77.2195,12.6878,10.2687
western_europe,2037.0,77.5723,12.4347,10.1664
western_europe,2037.1,77.9219,12.1853,10.0636
western_europe,2037.2,78.2680,11.9398,9.9603
western_europe,2037.3,78.6109,11.6980,9.8566
western_europe,2037.4,78.9503,11.4600,9.7524
western_europe,2037.5,79.2864,11.2257,9.6479
western_europe,2037.6,79.6192,10.9951,9.5430
western_europe,2037.7,79.9485,10.7681,9.4378
western_europe,2037.8,80.2745,10.5447,9.3323
western_europe,2037.9,80.5971,10.3250,9.2267
western_europe,2038.0,80.9164,10.1088,9.1208
western_europe,2038.1,81.2322,9.8961,9.0148
western_europe,2038.2,81.5447,9.6870,8.9087
western_europe,2038.3,81.8538,9.4813,8.8025
western_europe,2038.4,82.1595,9.2790,8.6962
western_europe,2038.5,82.4618,9.0802,8.5900
western_europe,2038.6,82.7607,8.8847,8.4837
western_europe,2038.7,83.0563,8.6926,8.3775
western_europe,2038.8,83.3485,8.5037,8.2714
western_europe,2038.9,83.6373,8.3181,8.1654
western_europe,2039.0,83.9228,8.1358,8.0596
western_europe,2039.1,84.2049,7.9566,7.9540
western_europe,2039.2,84.4836,7.7806,7.8485
western_europe,2039.3,84.7591,7.6078,7.7434
western_europe,2039.4,85.0311,7.4380,7.6385
western_europe,2039.5,85.2999,7.2713,7.5339
western_europe,2039.6,85.5653,7.1076,7.4296
western_europe,2039.7,85.8274,6.9469,7.3257
western_europe,2039.8,86.0862,6.7892,7.2222
western_europe,2039.9,86.3417,6.6344,7.1191
western_europe,2040.0,86.5940,6.4824,7.0164
western_europe,2040.1,86.8430,6.3333,6.9141
western_europe,2040.2,87.0887,6.1871,6.8124
western_europe,2040.3,87.3312,6.0435,6.7111
western_europe,2040.4,87.5704,5.9028,6.6104
western_europe,2040.5,87.8064,5.7647,6.5103
western_europe,2040.6,88.0393,5.6293,6.4107
western_europe,2040.7,88.2689,5.4965,6.3116
western_europe,2040.8,88.4954,5.3663,6.2133
western_europe,2040.9,88.7187,5.2387,6.1155
western_europe,2041.0,88.9389,5.1136,6.0184
western_europe,2041.1,89.1560,4.9910,5.9220
western_europe,2041.2,89.3699,4.8709,5.8262
western_europe,2041.3,89.5808,4.7531,5.7312
western_europe,2041.4,89.7886,4.6378,5.6368
western_europe,2041.5,89.9934,4.5248,5.5433
western_europe,2041.6,90.1951,4.4141,5.4504
western_europe,2041.7,90.3938,4.3057,5.3584
western_europe,2041.8,90.5895,4.1996,5.2671
western_europe,2041.9,90.7823,4.0956,5.1766
western_europe,2042.0,90.9721,3.9938,5.0869
western_europe,2042.1,91.1590,3.8942,4.9981
western_europe,2042.2,91.3430,3.7967,4.9101
western_europe,2042.3,91.5241,3.7013,4.8229
western_europe,2042.4,91.7024,3.6079,4.7366
western_europe,2042.5,91.8778,3.5165,4.6511
western_europe,2042.6,92.0504,3.4271,4.5665
western_europe,2042.7,92.2202,3.3396,4.4828
western_europe,2042.8,92.3872,3.2541,4.4000
western_europe,2042.9,92.5515,3.1704,4.3181
western_europe,2043.0,92.7131,3.0886,4.2371
western_europe,2043.1,92.8719,3.0085,4.1570
western_europe,2043.2,93.0281,2.9303,4.0778
western_europe,2043.3,93.1817,2.8539,3.9996
western_europe,2043.4,93.3327,2.7791,3.9223
western_europe,2043.5,93.4810,2.7061,3.8459
western_europe,2043.6,93.6268,2.6347,3.7704
western_europe,2043.7,93.7700,2.5649,3.6959
western_europe,2043.8,93.9107,2.4968,3.6223
western_europe,2043.9,94.0490,2.4302,3.5497
western_europe,2044.0,94.1847,2.3652,3.4780
western_europe,2044.1,94.3181,2.3017,3.4072
western_europe,2044.2,94.4490,2.2396,3.3375
western_europe,2044.3,94.5775,2.1791,3.2686
western_europe,2044.4,94.7037,2.1200,3.2007
western_europe,2044.5,94.8275,2.0622,3.1338
western_europe,2044.6,94.9490,2.0059,3.0678
western_europe,2044.7,95.0683,1.9509,3.0028
western_europe,2044.8,95.1853,1.8972,2.9387
western_europe,2044.9,95.3001,1.8449,2.8755
western_europe,2045.0,95.4127,1.7938,2.8134
western_europe,2045.1,95.5231,1.7439,2.7521
western_europe,2045.2,95.6314,1.6953,2.6918
western_europe,2045.3,95.7376,1.6479,2.6324
western_europe,2045.4,95.8417,1.6016,2.5739
western_europe,2045.5,95.9437,1.5565,2.5164
western_europe,2045.6,96.0437,1.5126,2.4598
western_europe,2045.7,96.1417,1.4697,2.4041
western_europe,2045.8,96.2377,1.4279,2.3494
western_europe,2045.9,96.3318,1.3872,2.2955
western_europe,2046.0,96.4239,1.3475,2.2425
western_europe,2046.1,96.5141,1.3088,2.1905
western_europe,2046.2,96.6025,1.2711,2.1393
western_europe,2046.3,96.6891,1.2344,2.0890
western_europe,2046.4,96.7738,1.1986,2.0396
western_europe,2046.5,96.8567,1.1637,1.9911
western_europe,2046.6,96.9379,1.1298,1.9435
western_europe,2046.7,97.0174,1.0967,1.8967
western_europe,2046.8,97.0951,1.0646,1.8507
western_europe,2046.9,97.1712,1.0332,1.8056
western_europe,2047.0,97.2456,1.0027,1.7614
western_europe,2047.1,97.3183,0.9730,1.7179
western_europe,2047.2,97.3895,0.9441,1.6753
western_europe,2047.3,97.4591,0.9160,1.6335
western_europe,2047.4,97.5272,0.8886,1.5925
western_europe,2047.5,97.5937,0.8620,1.5523
western_europe,2047.6,97.6587,0.8361,1.5129
western_europe,2047.7,97.7222,0.8109,1.4743
western_europe,2047.8,97.7843,0.7863,1.4365
western_europe,2047.9,97.8450,0.7625,1.3994
western_europe,2048.0,97.9043,0.7393,1.3631
western_europe,2048.1,97.9622,0.7167,1.3275
western_europe,2048.2,98.0187,0.6948,1.2926
western_europe,2048.3,98.0739,0.6735,1.2585
western_europe,2048.4,98.1278,0.6528,1.2251
western_europe,2048.5,98.1805,0.6326,1.1924
western_europe,2048.6,98.2318,0.6131,1.1604
western_europe,2048.7,98.2820,0.5940,1.1291
western_europe,2048.8,98.3309,0.5755,1.0984
western_europe,2048.9,98.3786,0.5576,1.0685
western_europe,2049.0,98.4252,0.5401,1.0392
western_europe,2049.1,98.4706,0.5232,1.0105
western_europe,2049.2,98.5149,0.5067,0.9825
western_europe,2049.3,98.5581,0.4907,0.9551
western_europe,2049.4,98.6003,0.4752,0.9284
western_europe,2049.5,98.6413,0.4601,0.9022
western_europe,2049.6,98.6813,0.4455,0.8767
western_europe,2049.7,98.7204,0.4313,0.8518
western_europe,2049.8,98.7584,0.4175,0.8274
western_europe,2049.9,98.7954,0.4041,0.8036
western_europe,2050.0,98.8315,0.3911,0.7804
northern_europe,2015.0,2.6120,94.9537,2.4343
northern_europe,2015.1,2.7358,94.7277,2.5365
northern_europe,2015.2,2.8641,94.4936,2.6423
northern_europe,2015.3,2.9971,94.2514,2.7515
northern_europe,2015.4,3.1349,94.0007,2.8644
northern_europe,2015.5,3.2776,93.7414,2.9810
northern_europe,2015.6,3.4254,93.4734,3.1013
northern_europe,2015.7,3.5783,93.1963,3.2254
northern_europe,2015.8,3.7365,92.9101,3.3534
northern_europe,2015.9,3.9001,92.6146,3.4853
northern_europe,2016.0,4.0693,92.3096,3.6211
northern_europe,2016.1,4.2442,91.9949,3.7610
northern_europe,2016.2,4.4248,91.6703,3.9049
northern_europe,2016.3,4.6115,91.3357,4.0528
northern_europe,2016.4,4.8042,90.9909,4.2049
northern_europe,2016.5,5.0031,90.6358,4.3611
northern_europe,2016.6,5.2084,90.2703,4.5214
northern_europe,2016.7,5.4201,89.8940,4.6858
northern_europe,2016.8,5.6385,89.5071,4.8544
northern_europe,2016.9,5.8637,89.1092,5.0271
northern_europe,2017.0,6.0957,88.7003,5.2039
northern_europe,2017.1,6.3465,88.2202,5.4333
northern_europe,2017.2,6.6051,87.7456,5.6492
northern_europe,2017.3,6.8714,87.2648,5.8638
northern_europe,2017.4,7.1453,86.7758,6.0789
northern_europe,2017.5,7.4270,86.2775,6.2956
northern_europe,2017.6,7.7164,85.7694,6.5142
northern_europe,2017.7,8.0139,85.2511,6.7350
northern_europe,2017.8,8.3194,84.7224,6.9582
northern_europe,2017.9,8.6331,84.1831,7.1838
northern_europe,2018.0,8.9553,83.6329,7.4118
northern_europe,2018.1,9.2859,83.0717,7.6424
northern_europe,2018.2,9.6252,82.4995,7.8753
northern_europe,2018.3,9.9733,81.9162,8.1105
northern_europe,2018.4,10.3303,81.3217,8.3480
northern_europe,2018.5,10.6965,80.7159,8.5876
northern_europe,2018.6,11.0718,80.0990,8.8292
northern_europe,2018.7,11.4566,79.4708,9.0726
northern_europe,2018.8,11.8509,78.8314,9.3177
northern_europe,2018.9,12.2549,78.1808,9.5643
northern_europe,2019.0,12.6687,77.5191,9.8122
northern_europe,2019.1,13.0924,76.8463,10.0612
northern_europe,2019.2,13.5263,76.1625,10.3111
northern_europe,2019.3,13.9705,75.4678,10.5617
northern_europe,2019.4,14.4251,74.7623,10.8126
northern_europe,2019.5,14.8902,74.0461,11.0637
northern_europe,2019.6,15.3661,73.3194,11.3146
northern_europe,2019.7,15.8527,72.5822,11.5651
northern_europe,2019.8,16.3504,71.8347,11.8149
northern_europe,2019.9,16.8591,71.0772,12.0637
northern_europe,2020.0,17.3791,70.3097,12.3112
northern_europe,2020.1,17.9105,69.5325,12.5570
northern_europe,2020.2,18.4534,68.7458,12.8008
northern_europe,2020.3,19.0079,67.9497,13.0424
northern_europe,2020.4,19.5741,67.1446,13.2812
northern_europe,2020.5,20.1523,66.3307,13.5171
northern_europe,2020.6,20.7423,65.5082,13.7495
northern_europe,2020.7,21.3445,64.6773,13.9782
northern_europe,2020.8,21.9588,63.8384,14.2028
northern_europe,2020.9,22.5853,62.9918,14.4229
northern_europe,2021.0,23.2242,62.1377,14.6381
northern_europe,2021.1,23.8755,61.2765,14.8481
northern_europe,2021.2,24.5392,60.4084,15.0524
northern_europe,2021.3,25.2154,59.5338,15.2508
northern_europe,2021.4,25.9042,58.6531,15.4427
northern_europe,2021.5,26.6055,57.7665,15.6279
northern_europe,2021.6,27.3195,56.8745,15.8060
northern_europe,2021.7,28.0460,55.9774,15.9766
northern_europe,2021.8,28.7850,55.0756,16.1394
northern_europe,2021.9,29.5366,54.1694,16.2940
northern_europe,2022.0,30.3006,53.2594,16.4400
northern_europe,2022.1,31.0770,52.3457,16.5773
northern_europe,2022.2,31.8657,51.4290,16.7053
northern_europe,2022.3,32.6665,50.5096,16.8240
northern_europe,2022.4,33.4793,49.5879,16.9329
northern_europe,2022.5,34.3039,48.6643,17.0318
northern_europe,2022.6,35.1402,47.7393,17.1205
northern_europe,2022.7,35.9879,46.8133,17.1987
northern_europe,2022.8,36.8467,45.8869,17.2664
northern_europe,2022.9,37.7164,44.9603,17.3232
northern_europe,2023.0,38.5967,44.0342,17.3692
northern_europe,2023.1,39.4871,43.1089,17.4041
northern_europe,2023.2,40.3872,42.1849,17.4279
northern_europe,2023.3,41.2968,41.2627,17.4405
northern_europe,2023.4,42.2153,40.3428,17.4419
northern_europe,2023.5,43.1422,39.4257,17.4322
northern_europe,2023.6,44.0769,38.5117,17.4113
northern_europe,2023.7,45.0190,37.6015,17.3795
northern_europe,2023.8,45.9679,36.6954,17.3367
northern_europe,2023.9,46.9228,35.7941,17.2832
northern_europe,2024.0,47.8831,34.8978,17.2191
northern_europe,2024.1,48.8481,34.0072,17.1447
northern_europe,2024.2,49.8170,33.1227,17.0603
northern_europe,2024.3,50.7891,32.2448,16.9661
northern_europe,2024.4,51.7637,31.3739,16.8624
northern_europe,2024.5,52.7397,30.5105,16.7497
northern_europe,2024.6,53.7165,29.6552,16.6284
northern_europe,2024.7,54.6931,28.8082,16.4987
northern_europe,2024.8,55.6686,27.9701,16.3613
northern_europe,2024.9,56.6421,27.1414,16.2165
northern_europe,2025.0,57.6127,26.3224,16.0649
northern_europe,2025.1,58.5795,25.5135,15.9070
northern_europe,2025.2,59.5415,24.7153,15.7432
northern_europe,2025.3,60.4978,23.9281,15.5741
northern_europe,2025.4,61.4475,23.1522,15.4003
northern_europe,2025.5,62.3897,22.3881,15.2223
northern_europe,2025.6,63.3234,21.6361,15.0405
northern_europe,2025.7,64.2478,20.8966,14.8556
northern_europe,2025.8,65.1620,20.1699,14.6681
northern_europe,2025.9,66.0653,19.4563,14.4784
northern_europe,2026.0,66.9568,18.7561,14.2871
northern_europe,2026.1,67.8358,18.0696,14.1478
northern_europe,2026.2,68.7016,17.3971,14.0690
northern_europe,2026.3,69.5535,16.7387,13.9841
northern_europe,2026.4,70.3911,16.0948,13.8931
northern_europe,2026.5,71.2136,15.4655,13.7960
northern_europe,2026.6,72.0207,14.8510,13.6927
northern_europe,2026.7,72.8119,14.2515,13.5834
northern_europe,2026.8,73.5869,13.6670,13.4681
northern_europe,2026.9,74.3454,13.0977,13.3467
northern_europe,2027.0,75.0872,12.5438,13.2193
northern_europe,2027.1,75.8120,12.0052,13.0861
northern_europe,2027.2,76.5199,11.4819,12.9470
northern_europe,2027.3,77.2108,10.9742,12.8022
northern_europe,2027.4,77.8848,10.4818,12.6518
northern_europe,2027.5,78.5418,10.0048,12.4959
northern_europe,2027.6,79.1821,9.5432,12.3346
northern_europe,2027.7,79.8059,9.0968,12.1681
northern_europe,2027.8,80.4133,8.6656,11.9966
northern_europe,2027.9,81.0048,8.2495,11.8201
northern_europe,2028.0,81.5806,7.8483,11.6390
northern_europe,2028.1,82.1410,7.4619,11.4534
northern_europe,2028.2,82.6865,7.0901,11.2634
northern_europe,2028.3,83.2175,6.7327,11.0694
northern_europe,2028.4,83.7343,6.3894,10.8716
northern_europe,2028.5,84.2375,6.0602,10.6702
northern_europe,2028.6,84.7274,5.7446,10.4654
northern_europe,2028.7,85.2045,5.4425,10.2576
northern_europe,2028.8,85.6692,5.1536,10.0469
northern_europe,2028.9,86.1220,4.8775,9.8337
northern_europe,2029.0,86.5633,4.6140,9.6183
northern_europe,2029.1,86.9934,4.3628,9.4009
northern_europe,2029.2,87.4127,4.1236,9.1819
northern_europe,2029.3,87.8217,3.8960,8.9614
northern_europe,2029.4,88.2206,3.6796,8.7399
northern_europe,2029.5,88.6098,3.4742,8.5176
northern_europe,2029.6,88.9895,3.2794,8.2949
northern_europe,2029.7,89.3601,3.0948,8.0719
northern_europe,2029.8,89.7217,2.9201,7.8491
northern_europe,2029.9,90.0745,2.7549,7.6267
northern_europe,2030.0,90.4189,2.5989,7.4049
northern_europe,2030.1,90.7548,2.4517,7.1842
northern_europe,2030.2,91.0826,2.3129,6.9647
northern_europe,2030.3,91.4023,2.1822,6.7467
northern_europe,2030.4,91.7140,2.0593,6.5305
northern_europe,2030.5,92.0179,1.9438,6.3164
northern_europe,2030.6,92.3140,1.8353,6.1046
northern_europe,2030.7,92.6024,1.7336,5.8953
northern_europe,2030.8,92.8833,1.6383,5.6887
northern_europe,2030.9,93.1565,1.5490,5.4852
northern_europe,2031.0,93.4223,1.4655,5.2848
northern_europe,2031.1,93.6806,1.3875,5.0877
northern_europe,2031.2,93.9316,1.3146,4.8942
northern_europe,2031.3,94.1752,1.2466,4.7045
northern_europe,2031.4,94.4115,1.1832,4.5186
northern_europe,2031.5,94.6407,1.1242,4.3367
northern_europe,2031.6,94.8626,1.0692,4.1589
northern_europe,2031.7,95.0775,1.0180,3.9854
northern_europe,2031.8,95.2854,0.9705,3.8163
northern_europe,2031.9,95.4863,0.9263,3.6515
northern_europe,2032.0,95.6803,0.8852,3.4913
northern_europe,2032.1,95.8675,0.8471,3.3357
northern_europe,2032.2,96.0481,0.8117,3.1847
northern_europe,2032.3,96.2220,0.7788,3.0384
northern_europe,2032.4,96.3894,0.7484,2.8967
northern_europe,2032.5,96.5505,0.7201,2.7598
northern_europe,2032.6,96.7052,0.6939,2.6275
northern_europe,2032.7,96.8538,0.6696,2.4999
northern_europe,2032.8,96.9963,0.6470,2.3770
northern_europe,2032.9,97.1329,0.6261,2.2587
northern_europe,2033.0,97.2637,0.6067,2.1451
northern_europe,2033.1,97.3889,0.5886,2.0359
northern_europe,2033.2,97.5085,0.5719,1.9313
northern_europe,2033.3,97.6228,0.5563,1.8310
northern_europe,2033.4,97.7318,0.5418,1.7351
northern_europe,2033.5,97.8357,0.5283,1.6435
northern_europe,2033.6,97.9347,0.5157,1.5560
northern_europe,2033.7,98.0289,0.5040,1.4726
northern_europe,2033.8,98.1184,0.4930,1.3932
northern_europe,2033.9,98.2035,0.4828,1.3177
northern_europe,2034.0,98.2842,0.4732,1.2460
northern_europe,2034.1,98.3608,0.4642,1.1779
northern_europe,2034.2,98.4333,0.4558,1.1134
northern_europe,2034.3,98.5019,0.4478,1.0523
northern_europe,2034.4,98.5669,0.4404,0.9946
northern_europe,2034.5,98.6282,0.4333,0.9400
northern_europe,2034.6,98.6861,0.4266,0.8886
northern_europe,2034.7,98.7407,0.4203,0.8401
northern_europe,2034.8,98.7922,0.4143,0.7944
northern_europe,2034.9,98.8406,0.4086,0.7515
northern_europe,2035.0,98.8863,0.4032,0.7112
northern_europe,2035.1,98.9291,0.3980,0.6733
northern_europe,2035.2,98.9694,0.3931,0.6379
northern_europe,2035.3,99.0073,0.3884,0.6047
northern_europe,2035.4,99.0428,0.3838,0.5737
northern_europe,2035.5,99.0761,0.3795,0.5447
northern_europe,2035.6,99.1073,0.3753,0.5177
northern_europe,2035.7,99.1365,0.3712,0.4925
northern_europe,2035.8,99.1638,0.3673,0.4690
northern_europe,2035.9,99.1894,0.3636,0.4472
northern_europe,2036.0,99.2133,0.3599,0.4268
northern_europe,2036.1,99.2357,0.3564,0.4080
northern_europe,2036.2,99.2566,0.3529,0.3905
northern_europe,2036.3,99.2762,0.3496,0.3743
northern_europe,2036.4,99.2945,0.3463,0.3592
northern_europe,2036.5,99.3116,0.3431,0.3453
northern_europe,2036.6,99.3275,0.3400,0.3325
northern_europe,2036.7,99.3424,0.3370,0.3206
northern_europe,2036.8,99.3564,0.3341,0.3096
northern_europe,2036.9,99.3694,0.3312,0.2994
northern_europe,2037.0,99.3817,0.3283,0.2900
northern_europe,2037.1,99.3931,0.3256,0.2813
northern_europe,2037.2,99.4038,0.3228,0.2733
northern_europe,2037.3,99.4139,0.3201,0.2659
northern_europe,2037.4,99.4234,0.3175,0.2591
northern_europe,2037.5,99.4323,0.3149,0.2528
northern_europe,2037.6,99.4407,0.3124,0.2470
northern_europe,2037.7,99.4485,0.3099,0.2416
northern_europe,2037.8,99.4560,0.3074,0.2366
northern_europe,2037.9,99.4631,0.3049,0.2320
northern_europe,2038.0,99.4698,0.3025,0.2277
northern_europe,2038.1,99.4761,0.3002,0.2237
northern_europe,2038.2,99.4822,0.2978,0.2200
northern_europe,2038.3,99.4879,0.2955,0.2166
northern_europe,2038.4,99.4934,0.2932,0.2133
northern_europe,2038.5,99.4987,0.2910,0.2103
northern_europe,2038.6,99.5038,0.2887,0.2075
northern_europe,2038.7,99.5086,0.2865,0.2048
northern_europe,2038.8,99.5133,0.2843,0.2023
northern_europe,2038.9,99.5178,0.2822,0.2000
northern_europe,2039.0,99.5222,0.2800,0.1977
northern_europe,2039.1,99.5265,0.2779,0.1956
northern_europe,2039.2,99.5306,0.2758,0.1936
northern_europe,2039.3,99.5346,0.2738,0.1916
northern_europe,2039.4,99.5385,0.2717,0.1898
northern_europe,2039.5,99.5423,0.2697,0.1880
northern_europe,2039.6,99.5461,0.2677,0.1863
northern_europe,2039.7,99.5497,0.2657,0.1846
northern_europe,2039.8,99.5533,0.2637,0.1830
northern_europe,2039.9,99.5568,0.2617,0.1814
northern_europe,2040.0,99.5603,0.2598,0.1799
northern_europe,2040.1,99.5637,0.2579,0.1784
northern_europe,2040.2,99.5671,0.2560,0.1770
northern_europe,2040.3,99.5704,0.2541,0.1755
northern_europe,2040.4,99.5737,0.2522,0.1741
northern_europe,2040.5,99.5769,0.2503,0.1728
northern_europe,2040.6,99.5801,0.2485,0.1714
northern_europe,2040.7,99.5832,0.2467,0.1701
northern_europe,2040.8,99.5864,0.2449,0.1688
northern_europe,2040.9,99.5895,0.2431,0.1675
northern_europe,2041.0,99.5925,0.2413,0.1662
northern_europe,2041.1,99.5955,0.2395,0.1649
northern_europe,2041.2,99.5986,0.2378,0.1637
northern_europe,2041.3,99.6015,0.2360,0.1624
northern_europe,2041.4,99.6045,0.2343,0.1612
northern_europe,2041.5,99.6074,0.2326,0.1600
northern_europe,2041.6,99.6103,0.2309,0.1588
northern_europe,2041.7,99.6132,0.2292,0.1576
northern_europe,2041.8,99.6160,0.2276,0.1564
northern_europe,2041.9,99.6189,0.2259,0.1552
northern_europe,2042.0,99.6217,0.2243,0.1540
northern_europe,2042.1,99.6245,0.2227,0.1529
northern_europe,2042.2,99.6272,0.2210,0.1517
northern_europe,2042.3,99.6300,0.2194,0.1506
northern_europe,2042.4,99.6327,0.2179,0.1494
northern_europe,2042.5,99.6354,0.2163,0.1483
northern_europe,2042.6,99.6381,0.2147,0.1472
northern_europe,2042.7,99.6408,0.2132,0.1460
northern_europe,2042.8,99.6434,0.2116,0.1449
northern_europe,2042.9,99.6461,0.2101,0.1438
northern_europe,2043.0,99.6487,0.2086,0.1427
northern_europe,2043.1,99.6513,0.2071,0.1416
northern_europe,2043.2,99.6538,0.2056,0.1406
northern_europe,2043.3,99.6564,0.2041,0.1395
northern_europe,2043.4,99.6589,0.2027,0.1384
northern_europe,2043.5,99.6614,0.2012,0.1373
northern_europe,2043.6,99.6639,0.1998,0.1363
northern_europe,2043.7,99.6664,0.1984,0.1352
northern_europe,2043.8,99.6689,0.1969,0.1342
northern_europe,2043.9,99.6713,0.1955,0.1331
northern_europe,2044.0,99.6738,0.1941,0.1321
northern_europe,2044.1,99.6762,0.1927,0.1311
northern_europe,2044.2,99.6786,0.1914,0.1301
northern_europe,2044.3,99.6809,0.1900,0.1291
northern_europe,2044.4,99.6833,0.1887,0.1281
northern_europe,2044.5,99.6856,0.1873,0.1271
northern_europe,2044.6,99.6880,0.1860,0.1261
northern_europe,2044.7,99.6903,0.1847,0.1251
northern_europe,2044.8,99.6926,0.1834,0.1241
northern_europe,2044.9,99.6948,0.1821,0.1231
northern_europe,2045.0,99.6971,0.1808,0.1221
northern_europe,2045.1,99.6993,0.1795,0.1212
northern_europe,2045.2,99.7016,0.1782,0.1202
northern_europe,2045.3,99.7038,0.1770,0.1193
northern_europe,2045.4,99.7060,0.1757,0.1183
northern_europe,2045.5,99.7081,0.1745,0.1174
northern_europe,2045.6,99.7103,0.1732,0.1165
northern_europe,2045.7,99.7124,0.1720,0.1155
northern_europe,2045.8,99.7146,0.1708,0.1146
northern_europe,2045.9,99.7167,0.1696,0.1137
northern_europe,2046.0,99.7188,0.1684,0.1128
northern_europe,2046.1,99.7209,0.1672,0.1119
northern_europe,2046.2,99.7229,0.1660,0.1110
northern_europe,2046.3,99.7250,0.1649,0.1101
northern_europe,2046.4,99.7270,0.1637,0.1092
northern_europe,2046.5,99.7291,0.1626,0.1084
northern_europe,2046.6,99.7311,0.1614,0.1075
northern_europe,2046.7,99.7331,0.1603,0.1066
northern_europe,2046.8,99.7351,0.1592,0.1058
northern_europe,2046.9,99.7370,0.1581,0.1049
northern_europe,2047.0,99.7390,0.1570,0.1041
northern_europe,2047.1,99.7409,0.1559,0.1032
northern_europe,2047.2,99.7428,0.1548,0.1024
northern_europe,2047.3,99.7447,0.1537,0.1016
northern_europe,2047.4,99.7466,0.1526,0.1007
northern_europe,2047.5,99.7485,0.1516,0.0999
northern_europe,2047.6,99.7504,0.1505,0.0991
northern_europe,2047.7,99.7522,0.1495,0.0983
northern_europe,2047.8,99.7541,0.1484,0.0975
northern_europe,2047.9,99.7559,0.1474,0.0967
northern_europe,2048.0,99.7577,0.1464,0.0959
northern_europe,2048.1,99.7595,0.1454,0.0951
northern_europe,2048.2,99.7613,0.1443,0.0943
northern_europe,2048.3,99.7631,0.1433,0.0936
northern_europe,2048.4,99.7649,0.1424,0.0928
northern_europe,2048.5,99.7666,0.1414,0.0920
northern_europe,2048.6,99.7684,0.1404,0.0913
northern_europe,2048.7,99.7701,0.1394,0.0905
northern_europe,2048.8,99.7718,0.1385,0.0898
northern_europe,2048.9,99.7735,0.1375,0.0890
northern_europe,2049.0,99.7752,0.1366,0.0883
northern_europe,2049.1,99.7769,0.1356,0.0875
northern_europe,2049.2,99.7785,0.1347,0.0868
northern_europe,2049.3,99.7802,0.1337,0.0861
northern_europe,2049.4,99.7818,0.1328,0.0854
northern_europe,2049.5,99.7834,0.1319,0.0847
northern_europe,2049.6,99.7850,0.1310,0.0839
northern_europe,2049.7,99.7867,0.1301,0.0832
northern_europe,2049.8,99.7882,0.1292,0.0825
northern_europe,2049.9,99.7898,0.1283,0.0818
northern_europe,2050.0,99.7914,0.1274,0.0812
southern_europe,2015.0,0.0466,99.8891,0.0642
southern_europe,2015.1,0.0529,99.8745,0.0726
southern_europe,2015.2,0.0597,99.8584,0.0819
southern_europe,2015.3,0.0673,99.8407,0.0920
southern_europe,2015.4,0.0757,99.8213,0.1030
southern_europe,2015.5,0.0847,99.8003,0.1150
southern_europe,2015.6,0.0946,99.7775,0.1279
southern_europe,2015.7,0.1053,99.7529,0.1418
southern_europe,2015.8,0.1168,99.7264,0.1568
southern_europe,2015.9,0.1292,99.6981,0.1727
southern_europe,2016.0,0.1424,99.6678,0.1898
southern_europe,2016.1,0.1566,99.6356,0.2079
southern_europe,2016.2,0.1717,99.6012,0.2271
southern_europe,2016.3,0.1877,99.5648,0.2474
southern_europe,2016.4,0.2048,99.5263,0.2689
southern_europe,2016.5,0.2228,99.4856,0.2916
southern_europe,2016.6,0.2419,99.4426,0.3155
southern_europe,2016.7,0.2620,99.3974,0.3405
southern_europe,2016.8,0.2832,99.3499,0.3669
southern_europe,2016.9,0.3056,99.3000,0.3944
southern_europe,2017.0,0.3290,99.2477,0.4233
southern_europe,2017.1,0.3536,99.1930,0.4534
southern_europe,2017.2,0.3793,99.1358,0.4849
southern_europe,2017.3,0.4063,99.0760,0.5177
southern_europe,2017.4,0.4344,99.0137,0.5518
southern_europe,2017.5,0.4638,98.9488,0.5874
southern_europe,2017.6,0.4945,98.8812,0.6243
southern_europe,2017.7,0.5264,98.8110,0.6626
southern_europe,2017.8,0.5597,98.7380,0.7023
southern_europe,2017.9,0.5942,98.6622,0.7435
southern_europe,2018.0,0.6301,98.5837,0.7862
southern_europe,2018.1,0.6674,98.5023,0.8303
southern_europe,2018.2,0.7061,98.4180,0.8759
southern_europe,2018.3,0.7462,98.3308,0.9230
southern_europe,2018.4,0.7877,98.2407,0.9717
southern_europe,2018.5,0.8307,98.1475,1.0218
southern_europe,2018.6,0.8751,98.0514,1.0735
southern_europe,2018.7,0.9210,97.9522,1.1268
southern_europe,2018.8,0.9685,97.8498,1.1817
southern_europe,2018.9,1.0175,97.7444,1.2381
southern_europe,2019.0,1.0680,97.6358,1.2961
southern_europe,2019.1,1.1202,97.5240,1.3558
southern_europe,2019.2,1.1739,97.4090,1.4171
southern_europe,2019.3,1.2293,97.2906,1.4801
southern_europe,2019.4,1.2864,97.1690,1.5447
southern_europe,2019.5,1.3451,97.0439,1.6110
southern_europe,2019.6,1.4055,96.9155,1.6790
southern_europe,2019.7,1.4676,96.7837,1.7486
southern_europe,2019.8,1.5315,96.6485,1.8200
southern_europe,2019.9,1.5971,96.5098,1.8930
southern_europe,2020.0,1.6645,96.3677,1.9678
southern_europe,2020.1,1.7337,96.2220,2.0442
southern_europe,2020.2,1.8048,96.0729,2.1224
southern_europe,2020.3,1.8776,95.9201,2.2023
southern_europe,2020.4,1.9523,95.7638,2.2839
southern_europe,2020.5,2.0288,95.6040,2.3672
southern_europe,2020.6,2.1073,95.4405,2.4523
southern_europe,2020.7,2.1876,95.2733,2.5391
southern_europe,2020.8,2.2699,95.1026,2.6276
southern_europe,2020.9,2.3540,94.9281,2.7178
southern_europe,2021.0,2.4402,94.7500,2.8098
southern_europe,2021.1,2.5283,94.5682,2.9035
southern_europe,2021.2,2.6184,94.3827,2.9989
southern_europe,2021.3,2.7105,94.1935,3.0960
southern_europe,2021.4,2.8046,94.0005,3.1949
southern_europe,2021.5,2.9007,93.8038,3.2955
southern_europe,2021.6,2.9989,93.6033,3.3978
southern_europe,2021.7,3.0992,93.3991,3.5017
southern_europe,2021.8,3.2015,93.1911,3.6074
southern_europe,2021.9,3.3059,92.9793,3.7148
southern_europe,2022.0,3.4124,92.7637,3.8239
southern_europe,2022.1,3.5210,92.5444,3.9346
southern_europe,2022.2,3.6318,92.3212,4.0470
southern_europe,2022.3,3.7447,92.0943,4.1611
southern_europe,2022.4,3.8597,91.8635,4.2768
southern_europe,2022.5,3.9769,91.6289,4.3941
southern_europe,2022.6,4.0963,91.3906,4.5131
southern_europe,2022.7,4.2179,91.1484,4.6336
southern_europe,2022.8,4.3417,90.9025,4.7558
southern_europe,2022.9,4.4677,90.6528,4.8795
southern_europe,2023.0,4.5959,90.3992,5.0048
southern_europe,2023.1,4.7264,90.1420,5.1317
southern_europe,2023.2,4.8591,89.8809,5.2600
southern_europe,2023.3,4.9940,89.6161,5.3899
southern_europe,2023.4,5.1312,89.3475,5.5212
southern_europe,2023.5,5.2707,89.0752,5.6541
southern_europe,2023.6,5.4125,88.7992,5.7884
southern_europe,2023.7,5.5565,88.5195,5.9241
southern_europe,2023.8,5.7028,88.2360,6.0612
southern_europe,2023.9,5.8514,87.9489,6.1996
southern_europe,2024.0,6.0023,87.6582,6.3395
southern_europe,2024.1,6.1556,87.3638,6.4807
southern_europe,2024.2,6.3111,87.0658,6.6231
southern_europe,2024.3,6.4690,86.7642,6.7669
southern_europe,2024.4,6.6291,86.4590,6.9119
southern_europe,2024.5,6.7916,86.1503,7.0581
southern_europe,2024.6,6.9565,85.8380,7.2055
southern_europe,2024.7,7.1236,85.5223,7.3541
southern_europe,2024.8,7.2931,85.2031,7.5038
southern_europe,2024.9,7.4649,84.8805,7.6546
southern_europe,2025.0,7.6391,84.5544,7.8065
southern_europe,2025.1,7.8156,84.2250,7.9594
southern_europe,2025.2,7.9944,83.8923,8.1133
southern_europe,2025.3,8.1756,83.5563,8.2682
southern_europe,2025.4,8.3591,83.2169,8.4240
southern_europe,2025.5,8.5449,82.8744,8.5807
southern_europe,2025.6,8.7331,82.5287,8.7383
southern_europe,2025.7,8.9236,82.1798,8.8966
southern_europe,2025.8,9.1164,81.8278,9.0558
southern_europe,2025.9,9.3115,81.4728,9.2157
southern_europe,2026.0,9.5090,81.1147,9.3764
southern_europe,2026.1,9.7087,80.7536,9.5377
southern_europe,2026.2,9.9108,80.3896,9.6996
southern_europe,2026.3,10.1151,80.0228,9.8621
southern_europe,2026.4,10.3218,79.6531,10.0251
southern_europe,2026.5,10.5307,79.2806,10.1887
southern_europe,2026.6,10.7420,78.9053,10.3527
southern_europe,2026.7,10.9555,78.5274,10.5172
southern_europe,2026.8,11.1712,78.1468,10.6820
southern_europe,2026.9,11.3892,77.7637,10.8471
southern_europe,2027.0,11.6094,77.3780,11.0126
southern_europe,2027.1,11.8319,76.9898,11.1783
southern_europe,2027.2,12.0566,76.5993,11.3442
southern_europe,2027.3,12.2835,76.2063,11.5102
southern_europe,2027.4,12.5125,75.8111,11.6764
southern_europe,2027.5,12.7438,75.4136,11.8426
southern_europe,2027.6,12.9772,75.0139,12.0089
southern_europe,2027.7,13.2128,74.6121,12.1751
southern_europe,2027.8,13.4505,74.2082,12.3413
southern_europe,2027.9,13.6904,73.8023,12.5073
southern_europe,2028.0,13.9323,73.3945,12.6732
southern_europe,2028.1,14.1763,72.9848,12.8389
southern_europe,2028.2,14.4224,72.5733,13.0043
southern_europe,2028.3,14.6706,72.1600,13.1694
southern_europe,2028.4,14.9208,71.7450,13.3342
southern_europe,2028.5,15.1730,71.3284,13.4986
southern_europe,2028.6,15.4272,70.9103,13.6626
southern_europe,2028.7,15.6833,70.4906,13.8261
southern_europe,2028.8,15.9415,70.0695,13.9890
southern_europe,2028.9,16.2015,69.6471,14.1514
southern_europe,2029.0,16.4635,69.2233,14.3132
southern_europe,2029.1,16.7274,68.7983,14.4743
southern_europe,2029.2,16.9931,68.3722,14.6347
southern_europe,2029.3,17.2607,67.9449,14.7943
southern_europe,2029.4,17.5301,67.5167,14.9532
southern_europe,2029.5,17.8014,67.0874,15.1112
southern_europe,2029.6,18.0743,66.6573,15.2684
southern_europe,2029.7,18.3491,66.2263,15.4246
southern_europe,2029.8,18.6255,65.7946,15.5799
southern_europe,2029.9,18.9037,65.3622,15.7341
southern_europe,2030.0,19.1835,64.9291,15.8873
southern_europe,2030.1,19.4650,64.4955,16.0394
southern_europe,2030.2,19.7481,64.0614,16.1904
southern_europe,2030.3,20.0328,63.6269,16.3403
southern_europe,2030.4,20.3191,63.1920,16.4889
southern_europe,2030.5,20.6069,62.7569,16.6363
southern_europe,2030.6,20.8962,62.3215,16.7824
southern_europe,2030.7,21.1870,61.8859,16.9271
southern_europe,2030.8,21.4792,61.4503,17.0705
southern_europe,2030.9,21.7729,61.0146,17.2126
southern_europe,2031.0,22.0679,60.5789,17.3532
southern_europe,2031.1,22.3643,60.1434,17.4923
southern_europe,2031.2,22.6621,59.7080,17.6300
southern_europe,2031.3,22.9611,59.2728,17.7661
southern_europe,2031.4,23.2614,58.8379,17.9007
southern_europe,2031.5,23.5630,58.4033,18.0336
southern_europe,2031.6,23.8658,57.9692,18.1650
southern_europe,2031.7,24.1698,57.5355,18.2947
southern_europe,2031.8,24.4749,57.1024,18.4227
southern_europe,2031.9,24.7811,56.6698,18.5491
southern_europe,2032.0,25.0884,56.2379,18.6737
southern_europe,2032.1,25.3968,55.8067,18.7965
southern_europe,2032.2,25.7062,55.3762,18.9176
southern_europe,2032.3,26.0166,54.9466,19.0368
southern_europe,2032.4,26.3279,54.5178,19.1542
southern_europe,2032.5,26.6402,54.0900,19.2698
southern_europe,2032.6,26.9534,53.6631,19.3835
southern_europe,2032.7,27.2675,53.2373,19.4953
southern_europe,2032.8,27.5824,52.8125,19.6052
southern_europe,2032.9,27.8980,52.3888,19.7131
southern_europe,2033.0,28.2145,51.9664,19.8191
southern_europe,2033.1,28.5317,51.5452,19.9231
southern_europe,2033.2,28.8496,51.1252,20.0252
southern_europe,2033.3,29.1682,50.7066,20.1252
southern_europe,2033.4,29.4875,50.2893,20.2232
southern_europe,2033.5,29.8073,49.8735,20.3192
southern_europe,2033.6,30.1278,49.4591,20.4131
southern_europe,2033.7,30.4488,49.0462,20.5050
southern_europe,2033.8,30.7703,48.6348,20.5948
southern_europe,2033.9,31.0923,48.2251,20.6826
southern_europe,2034.0,31.4148,47.8169,20.7682
southern_europe,2034.1,31.7378,47.4104,20.8518
southern_europe,2034.2,32.0611,47.0056,20.9333
southern_europe,2034.3,32.3848,46.6026,21.0126
southern_europe,2034.4,32.7088,46.2013,21.0898
southern_europe,2034.5,33.0332,45.8018,21.1650
southern_europe,2034.6,33.3579,45.4042,21.2379
southern_europe,2034.7,33.6828,45.0084,21.3088
southern_europe,2034.8,34.0079,44.6146,21.3775
southern_europe,2034.9,34.3333,44.2227,21.4441
southern_europe,2035.0,34.6588,43.8327,21.5085
southern_europe,2035.1,34.9845,43.4447,21.5708
southern_europe,2035.2,35.3103,43.0588,21.6309
southern_europe,2035.3,35.6362,42.6749,21.6890
southern_europe,2035.4,35.9622,42.2930,21.7448
southern_europe,2035.5,36.2882,41.9133,21.7985
southern_europe,2035.6,36.6142,41.5357,21.8501
southern_europe,2035.7,36.9402,41.1602,21.8996
southern_europe,2035.8,37.2662,40.7869,21.9469
southern_europe,2035.9,37.5922,40.4157,21.9921
southern_europe,2036.0,37.9180,40.0468,22.0352
southern_europe,2036.1,38.2438,39.6801,22.0761
southern_europe,2036.2,38.5694,39.3157,22.1149
southern_europe,2036.3,38.8949,38.9535,22.1517
southern_europe,2036.4,39.2202,38.5935,22.1863
southern_europe,2036.5,39.5453,38.2359,22.2188
southern_europe,2036.6,39.8702,37.8806,22.2493
southern_europe,2036.7,40.1948,37.5276,22.2776
southern_europe,2036.8,40.5192,37.1769,22.3039
southern_europe,2036.9,40.8433,36.8286,22.3281
southern_europe,2037.0,41.1671,36.4826,22.3503
southern_europe,2037.1,41.4906,36.1390,22.3704
southern_europe,2037.2,41.8137,35.7978,22.3885
southern_europe,2037.3,42.1365,35.4589,22.4046
southern_europe,2037.4,42.4588,35.1225,22.4187
southern_europe,2037.5,42.7808,34.7884,22.4307
southern_europe,2037.6,43.1024,34.4568,22.4408
southern_europe,2037.7,43.4235,34.1276,22.4489
southern_europe,2037.8,43.7442,33.8007,22.4551
southern_europe,2037.9,44.0644,33.4763,22.4593
southern_europe,2038.0,44.3841,33.1544,22.4615
southern_europe,2038.1,44.7033,32.8348,22.4619
southern_europe,2038.2,45.0220,32.5177,22.4603
southern_europe,2038.3,45.3401,32.2031,22.4568
southern_europe,2038.4,45.6577,31.8908,22.4515
southern_europe,2038.5,45.9747,31.5810,22.4443
southern_europe,2038.6,46.2911,31.2737,22.4352
southern_europe,2038.7,46.6069,30.9687,22.4243
southern_europe,2038.8,46.9221,30.6662,22.4116
southern_europe,2038.9,47.2367,30.3662,22.3971
southern_europe,2039.0,47.5506,30.0685,22.3809
southern_europe,2039.1,47.8639,29.7733,22.3628
southern_europe,2039.2,48.1764,29.4805,22.3430
southern_europe,2039.3,48.4883,29.1902,22.3215
southern_europe,2039.4,48.7995,28.9022,22.2983
southern_europe,2039.5,49.1100,28.6167,22.2734
southern_europe,2039.6,49.4197,28.3335,22.2468
southern_europe,2039.7,49.7287,28.0528,22.2185
southern_europe,2039.8,50.0369,27.7744,22.1886
southern_europe,2039.9,50.3444,27.4985,22.1571
southern_europe,2040.0,50.6511,27.2249,22.1240
southern_europe,2040.1,50.9570,26.9536,22.0894
southern_europe,2040.2,51.2621,26.6848,22.0531
southern_europe,2040.3,51.5663,26.4183,22.0154
southern_europe,2040.4,51.8698,26.1541,21.9761
southern_europe,2040.5,52.1724,25.8923,21.9353
southern_europe,2040.6,52.4741,25.6328,21.8931
southern_europe,2040.7,52.7750,25.3756,21.8494
southern_europe,2040.8,53.0750,25.1207,21.8043
southern_europe,2040.9,53.3741,24.8681,21.7578
southern_europe,2041.0,53.6724,24.6177,21.7099
southern_europe,2041.1,53.9697,24.3697,21.6606
southern_europe,2041.2,54.2661,24.1239,21.6101
southern_europe,2041.3,54.5616,23.8803,21.5581
southern_europe,2041.4,54.8561,23.6390,21.5049
southern_europe,2041.5,55.1497,23.3999,21.4505
southern_europe,2041.6,55.4423,23.1629,21.3948
southern_europe,2041.7,55.7339,22.9282,21.3378
southern_europe,2041.8,56.0246,22.6957,21.2797
southern_europe,2041.9,56.3143,22.4653,21.2204
southern_europe,2042.0,56.6030,22.2371,21.1600
southern_europe,2042.1,56.8906,22.0110,21.0984
southern_europe,2042.2,57.1773,21.7870,21.0357
southern_europe,2042.3,57.4629,21.5651,20.9720
southern_europe,2042.4,57.7475,21.3454,20.9072
southern_europe,2042.5,58.0310,21.1277,20.8413
southern_europe,2042.6,58.3135,20.9120,20.7745
southern_europe,2042.7,58.5949,20.6984,20.7067
southern_europe,2042.8,58.8752,20.4868,20.6380
southern_europe,2042.9,59.1544,20.2773,20.5683
southern_europe,2043.0,59.4326,20.0697,20.4977
southern_europe,2043.1,59.7097,19.8641,20.4262
southern_europe,2043.2,59.9856,19.6605,20.3539
southern_europe,2043.3,60.2604,19.4588,20.2808
southern_europe,2043.4,60.5341,19.2590,20.2068
southern_europe,2043.5,60.8067,19.0612,20.1321
southern_europe,2043.6,61.0781,18.8653,20.0566
southern_europe,2043.7,61.3484,18.6712,19.9804
southern_europe,2043.8,61.6175,18.4790,19.9035
southern_europe,2043.9,61.8854,18.2886,19.8259
southern_europe,2044.0,62.1522,18.1001,19.7477
southern_europe,2044.1,62.4178,17.9134,19.6688
southern_europe,2044.2,62.6821,17.7285,19.5894
southern_europe,2044.3,62.9453,17.5454,19.5093
southern_europe,2044.4,63.2073,17.3640,19.4287
southern_europe,2044.5,63.4681,17.1843,19.3475
southern_europe,2044.6,63.7277,17.0064,19.2659
southern_europe,2044.7,63.9860,16.8302,19.1837
southern_europe,2044.8,64.2432,16.6557,19.1011
southern_europe,2044.9,64.4990,16.4829,19.0180
southern_europe,2045.0,64.7537,16.3118,18.9346
southern_europe,2045.1,65.0071,16.1422,18.8507
southern_europe,2045.2,65.2592,15.9744,18.7664
southern_europe,2045.3,65.5101,15.8081,18.6818
southern_europe,2045.4,65.7597,15.6434,18.5969
southern_europe,2045.5,66.0080,15.4803,18.5117
southern_europe,2045.6,66.2551,15.3187,18.4261
southern_europe,2045.7,66.5009,15.1587,18.3404
southern_europe,2045.8,66.7454,15.0003,18.2543
southern_europe,2045.9,66.9886,14.8433,18.1680
southern_europe,2046.0,67.2306,14.6879,18.0816
southern_europe,2046.1,67.4712,14.5339,17.9949
southern_europe,2046.2,67.7105,14.3814,17.9081
southern_europe,2046.3,67.9486,14.2303,17.8211
southern_europe,2046.4,68.1853,14.0807,17.7340
southern_europe,2046.5,68.4207,13.9325,17.6468
southern_europe,2046.6,68.6548,13.7857,17.5595
southern_europe,2046.7,68.8876,13.6403,17.4722
southern_europe,2046.8,69.1190,13.4962,17.3847
southern_europe,2046.9,69.3492,13.3536,17.2973
southern_europe,2047.0,69.5780,13.2122,17.2098
southern_europe,2047.1,69.8055,13.0723,17.1223
southern_europe,2047.2,70.0317,12.9336,17.0348
southern_europe,2047.3,70.2565,12.7962,16.9473
southern_europe,2047.4,70.4800,12.6601,16.8599
southern_europe,2047.5,70.7022,12.5253,16.7725
southern_europe,2047.6,70.9230,12.3918,16.6852
southern_europe,2047.7,71.1426,12.2595,16.5979
southern_europe,2047.8,71.3607,12.1284,16.5108
southern_europe,2047.9,71.5776,11.9986,16.4238
southern_europe,2048.0,71.7931,11.8700,16.3369
southern_europe,2048.1,72.0073,11.7426,16.2501
southern_europe,2048.2,72.2201,11.6163,16.1635
southern_europe,2048.3,72.4317,11.4913,16.0771
southern_europe,2048.4,72.6419,11.3674,15.9908
southern_europe,2048.5,72.8507,11.2446,15.9047
southern_europe,2048.6,73.0582,11.1230,15.8187
southern_europe,2048.7,73.2644,11.0025,15.7330
southern_europe,2048.8,73.4693,10.8832,15.6475
southern_europe,2048.9,73.6729,10.7649,15.5622
southern_europe,2049.0,73.8751,10.6477,15.4772
southern_europe,2049.1,74.0760,10.5317,15.3923
southern_europe,2049.2,74.2756,10.4166,15.3078
southern_europe,2049.3,74.4739,10.3027,15.2235
southern_europe,2049.4,74.6708,10.1898,15.1394
southern_europe,2049.5,74.8665,10.0779,15.0556
southern_europe,2049.6,75.0608,9.9671,14.9721
southern_europe,2049.7,75.2538,9.8573,14.8889
southern_europe,2049.8,75.4456,9.7485,14.8059
southern_europe,2049.9,75.6360,9.6407,14.7233
southern_europe,2050.0,75.8252,9.5339,14.6410
eastern_europe,2015.0,0.0541,99.9190,0.0281
eastern_europe,2015.1,0.0583,99.9125,0.0306
eastern_europe,2015.2,0.0628,99.9057,0.0332
eastern_europe,2015.3,0.0676,99.8983,0.0360
eastern_europe,2015.4,0.0726,99.8906,0.0390
eastern_europe,2015.5,0.0779,99.8823,0.0422
eastern_europe,2015.6,0.0836,99.8736,0.0455
eastern_europe,2015.7,0.0895,99.8644,0.0491
eastern_europe,2015.8,0.0958,99.8546,0.0529
eastern_europe,2015.9,0.1025,99.8443,0.0569
eastern_europe,2016.0,0.1095,99.8335,0.0611
eastern_europe,2016.1,0.1168,99.8220,0.0655
eastern_europe,2016.2,0.1246,99.8099,0.0702
eastern_europe,2016.3,0.1329,99.7972,0.0751
eastern_europe,2016.4,0.1416,99.7838,0.0802
eastern_europe,2016.5,0.1507,99.7698,0.0857
eastern_europe,2016.6,0.1603,99.7550,0.0914
eastern_europe,2016.7,0.1705,99.7395,0.0974
eastern_europe,2016.8,0.1811,99.7232,0.1037
eastern_europe,2016.9,0.1922,99.7061,0.1102
eastern_europe,2017.0,0.2039,99.6882,0.1171
eastern_europe,2017.1,0.2165,99.6691,0.1245
eastern_europe,2017.2,0.2299,99.6485,0.1325
eastern_europe,2017.3,0.2442,99.6267,0.1409
eastern_europe,2017.4,0.2592,99.6036,0.1499
eastern_europe,2017.5,0.2751,99.5792,0.1593
eastern_europe,2017.6,0.2917,99.5534,0.1693
eastern_europe,2017.7,0.3092,99.5263,0.1798
eastern_europe,2017.8,0.3276,99.4979,0.1908
eastern_europe,2017.9,0.3468,99.4680,0.2023
eastern_europe,2018.0,0.3668,99.4368,0.2144
eastern_europe,2018.1,0.4217,99.3988,0.2270
eastern_europe,2018.2,0.4516,99.3597,0.2401
eastern_europe,2018.3,0.4798,99.3193,0.2539
eastern_europe,2018.4,0.5079,99.2774,0.2682
eastern_europe,2018.5,0.5362,99.2339,0.2831
eastern_europe,2018.6,0.5650,99.1889,0.2986
eastern_europe,2018.7,0.5944,99.1422,0.3148
eastern_europe,2018.8,0.6246,99.0938,0.3315
eastern_europe,2018.9,0.6556,99.0436,0.3490
eastern_europe,2019.0,0.6875,98.9917,0.3670
eastern_europe,2019.1,0.7203,98.9379,0.3858
eastern_europe,2019.2,0.7541,98.8822,0.4052
eastern_europe,2019.3,0.7889,98.8245,0.4254
eastern_europe,2019.4,0.8249,98.7649,0.4463
eastern_europe,2019.5,0.8619,98.7032,0.4679
eastern_europe,2019.6,0.9000,98.6393,0.4903
eastern_europe,2019.7,0.9394,98.5734,0.5135
eastern_europe,2019.8,0.9800,98.5051,0.5375
eastern_europe,2019.9,1.0218,98.4347,0.5623
eastern_europe,2020.0,1.0649,98.3618,0.5899
eastern_europe,2020.1,1.1093,98.2866,0.6195
eastern_europe,2020.2,1.1552,98.2090,0.6500
eastern_europe,2020.3,1.2024,98.1288,0.6814
eastern_europe,2020.4,1.2510,98.0460,0.7139
eastern_europe,2020.5,1.3011,97.9606,0.7473
eastern_europe,2020.6,1.3527,97.8725,0.7818
eastern_europe,2020.7,1.4059,97.7816,0.8183
eastern_europe,2020.8,1.4607,97.6879,0.8560
eastern_europe,2020.9,1.5171,97.5912,0.8948
eastern_europe,2021.0,1.5752,97.4916,0.9347
eastern_europe,2021.1,1.6350,97.3890,0.9761
eastern_europe,2021.2,1.6965,97.2832,1.0203
eastern_europe,2021.3,1.7599,97.1742,1.0659
eastern_europe,2021.4,1.8251,97.0620,1.1129
eastern_europe,2021.5,1.8922,96.9464,1.1614
eastern_europe,2021.6,1.9612,96.8274,1.2114
eastern_europe,2021.7,2.0322,96.7050,1.2628
eastern_europe,2021.8,2.1053,96.5789,1.3158
eastern_europe,2021.9,2.1804,96.4493,1.3703
eastern_europe,2022.0,2.2577,96.3159,1.4265
eastern_europe,2022.1,2.3371,96.1786,1.4842
eastern_europe,2022.2,2.4188,96.0376,1.5436
eastern_europe,2022.3,2.5028,95.8925,1.6047
eastern_europe,2022.4,2.5892,95.7434,1.6674
eastern_europe,2022.5,2.6779,95.5902,1.7319
eastern_europe,2022.6,2.7691,95.4327,1.7982
eastern_europe,2022.7,2.8628,95.2710,1.8663
eastern_europe,2022.8,2.9590,95.1048,1.9361
eastern_europe,2022.9,3.0579,94.9342,2.0078
eastern_europe,2023.0,3.1595,94.7591,2.0814
eastern_europe,2023.1,3.2639,94.5793,2.1568
eastern_europe,2023.2,3.3710,94.3948,2.2342
eastern_europe,2023.3,3.4810,94.2054,2.3135
eastern_europe,2023.4,3.5940,94.0112,2.3948
eastern_europe,2023.5,3.7099,93.8120,2.4781
eastern_europe,2023.6,3.8290,93.6077,2.5634
eastern_europe,2023.7,3.9511,93.3982,2.6507
eastern_europe,2023.8,4.0765,93.1835,2.7400
eastern_europe,2023.9,4.2051,92.9634,2.8314
eastern_europe,2024.0,4.3371,92.7380,2.9250
eastern_europe,2024.1,4.4725,92.5070,3.0206
eastern_europe,2024.2,4.6113,92.2704,3.1183
eastern_europe,2024.3,4.7537,92.0281,3.2182
eastern_europe,2024.4,4.8998,91.7801,3.3202
eastern_europe,2024.5,5.0495,91.5262,3.4243
eastern_europe,2024.6,5.2030,91.2664,3.5306
eastern_europe,2024.7,5.3603,91.0006,3.6391
eastern_europe,2024.8,5.5215,90.7287,3.7498
eastern_europe,2024.9,5.6868,90.4506,3.8626
eastern_europe,2025.0,5.8561,90.1663,3.9777
eastern_europe,2025.1,6.0295,89.8756,4.0949
eastern_europe,2025.2,6.2072,89.5786,4.2142
eastern_europe,2025.3,6.3891,89.2751,4.3358
eastern_europe,2025.4,6.5755,88.9650,4.4595
eastern_europe,2025.5,6.7662,88.6484,4.5854
eastern_europe,2025.6,6.9615,88.3250,4.7134
eastern_europe,2025.7,7.1614,87.9950,4.8436
eastern_europe,2025.8,7.3660,87.6581,4.9758
eastern_europe,2025.9,7.5754,87.3145,5.1102
eastern_europe,2026.0,7.7895,86.9639,5.2466
eastern_europe,2026.1,8.0086,86.6064,5.3850
eastern_europe,2026.2,8.2326,86.2418,5.5255
eastern_europe,2026.3,8.4618,85.8703,5.6680
eastern_europe,2026.4,8.6960,85.4917,5.8123
eastern_europe,2026.5,8.9355,85.1059,5.9586
eastern_europe,2026.6,9.1802,84.7131,6.1067
eastern_europe,2026.7,9.4303,84.3131,6.2567
eastern_europe,2026.8,9.6858,83.9059,6.4084
eastern_europe,2026.9,9.9467,83.4915,6.5618
eastern_europe,2027.0,10.2133,83.0699,6.7168
eastern_europe,2027.1,10.4855,82.6411,6.8734
eastern_europe,2027.2,10.7633,82.2051,7.0316
eastern_europe,2027.3,11.0469,81.7619,7.1911
eastern_europe,2027.4,11.3364,81.3115,7.3521
eastern_europe,2027.5,11.6317,80.8540,7.5143
eastern_europe,2027.6,11.9329,80.3893,7.6778
eastern_europe,2027.7,12.2401,79.9176,7.8423
eastern_europe,2027.8,12.5534,79.4387,8.0079
eastern_europe,2027.9,12.8727,78.9529,8.1744
eastern_europe,2028.0,13.1982,78.4601,8.3418
eastern_europe,2028.1,13.5298,77.9604,8.5105
eastern_europe,2028.2,13.8677,77.4538,8.6802
eastern_europe,2028.3,14.2118,76.9406,8.8504
eastern_europe,2028.4,14.5622,76.4206,9.0211
eastern_europe,2028.5,14.9189,75.8941,9.1920
eastern_europe,2028.6,15.2819,75.3611,9.3631
eastern_europe,2028.7,15.6513,74.8217,9.5342
eastern_europe,2028.8,16.0271,74.2761,9.7052
eastern_europe,2028.9,16.4093,73.7244,9.8760
eastern_europe,2029.0,16.7979,73.1667,10.0463
eastern_europe,2029.1,17.1928,72.6032,10.2162
eastern_europe,2029.2,17.5942,72.0340,10.3853
eastern_europe,2029.3,18.0020,71.4592,10.5536
eastern_europe,2029.4,18.4161,70.8791,10.7209
eastern_europe,2029.5,18.8366,70.2938,10.8871
eastern_europe,2029.6,19.2634,69.7036,11.0519
eastern_europe,2029.7,19.6965,69.1085,11.2153
eastern_europe,2029.8,20.1359,68.5088,11.3770
eastern_europe,2029.9,20.5815,67.9048,11.5369
eastern_europe,2030.0,21.0333,67.2966,11.6948
eastern_europe,2030.1,21.4912,66.6844,11.8505
eastern_europe,2030.2,21.9551,66.0686,12.0040
eastern_europe,2030.3,22.4251,65.4493,12.1549
eastern_europe,2030.4,22.9009,64.8268,12.3031
eastern_europe,2030.5,23.3826,64.2014,12.4485
eastern_europe,2030.6,23.8700,63.5733,12.5908
eastern_europe,2030.7,24.3630,62.9427,12.7299
eastern_europe,2030.8,24.8615,62.3101,12.8657
eastern_europe,2030.9,25.3655,61.6756,12.9979
eastern_europe,2031.0,25.8747,61.0396,13.1264
eastern_europe,2031.1,26.3892,60.4023,13.2511
eastern_europe,2031.2,26.9086,59.7640,13.3716
eastern_europe,2031.3,27.4329,59.1251,13.4880
eastern_europe,2031.4,27.9620,58.4858,13.6000
eastern_europe,2031.5,28.4956,57.8465,13.7076
eastern_europe,2031.6,29.0336,57.2075,13.8104
eastern_europe,2031.7,29.5758,56.5691,13.9085
eastern_europe,2031.8,30.1221,55.9316,14.0016
eastern_europe,2031.9,30.6722,55.2953,14.0897
eastern_europe,2032.0,31.2260,54.6606,14.1725
eastern_europe,2032.1,31.7833,54.0277,14.2501
eastern_europe,2032.2,32.3438,53.3970,14.3223
eastern_europe,2032.3,32.9073,52.7688,14.3890
eastern_europe,2032.4,33.4736,52.1434,14.4501
eastern_europe,2032.5,34.0425,51.5211,14.5055
eastern_europe,2032.6,34.6138,50.9023,14.5552
eastern_europe,2032.7,35.1871,50.2872,14.5991
eastern_europe,2032.8,35.7623,49.6761,14.6371
eastern_europe,2032.9,36.3390,49.0693,14.6693
eastern_europe,2033.0,36.9171,48.4671,14.6955
eastern_europe,2033.1,37.4963,47.8698,14.7158
eastern_europe,2033.2,38.0762,47.2777,14.7302
eastern_europe,2033.3,38.6567,46.6910,14.7386
eastern_europe,2033.4,39.2375,46.1099,14.7411
eastern_europe,2033.5,39.8183,45.5348,14.7378
eastern_europe,2033.6,40.3987,44.9658,14.7286
eastern_europe,2033.7,40.9786,44.4031,14.7136
eastern_europe,2033.8,41.5577,43.8471,14.6929
eastern_europe,2033.9,42.1356,43.2978,14.6666
eastern_europe,2034.0,42.7121,42.7554,14.6348
eastern_europe,2034.1,43.2869,42.2202,14.5975
eastern_europe,2034.2,43.8598,41.6924,14.5549
eastern_europe,2034.3,44.4303,41.1719,14.5072
eastern_europe,2034.4,44.9984,40.6591,14.4544
eastern_europe,2034.5,45.5637,40.1539,14.3967
eastern_europe,2034.6,46.1259,39.6566,14.3342
eastern_europe,2034.7,46.6848,39.1672,14.2673
eastern_europe,2034.8,47.2400,38.6857,14.1959
eastern_europe,2034.9,47.7915,38.2123,14.1203
eastern_europe,2035.0,48.3388,37.7470,14.0408
eastern_europe,2035.1,48.8818,37.2899,13.9575
eastern_europe,2035.2,49.4202,36.8409,13.8706
eastern_europe,2035.3,49.9538,36.4000,13.7804
eastern_europe,2035.4,50.4824,35.9673,13.6870
eastern_europe,2035.5,51.0058,35.5428,13.5908
eastern_europe,2035.6,51.5237,35.1263,13.4919
eastern_europe,2035.7,52.0360,34.7180,13.3905
eastern_europe,2035.8,52.5425,34.3176,13.2870
eastern_europe,2035.9,53.0430,33.9251,13.1816
eastern_europe,2036.0,53.5373,33.5405,13.0745
eastern_europe,2036.1,54.0254,33.1637,12.9659
eastern_europe,2036.2,54.5070,32.7945,12.8561
eastern_europe,2036.3,54.9821,32.4328,12.7453
eastern_europe,2036.4,55.4505,32.0786,12.6338
eastern_europe,2036.5,55.9121,31.7317,12.5218
eastern_europe,2036.6,56.3669,31.3919,12.4094
eastern_europe,2036.7,56.8147,31.0591,12.2970
eastern_europe,2036.8,57.2556,30.7332,12.1848
eastern_europe,2036.9,57.6894,30.4140,12.0729
eastern_europe,2037.0,58.1161,30.1013,11.9616
eastern_europe,2037.1,58.5357,29.7950,11.8510
eastern_europe,2037.2,58.9482,29.4949,11.7413
eastern_europe,2037.3,59.3535,29.2008,11.6327
eastern_europe,2037.4,59.7518,28.9126,11.5254
eastern_europe,2037.5,60.1430,28.6301,11.4195
eastern_europe,2037.6,60.5271,28.3531,11.3151
eastern_europe,2037.7,60.9042,28.0814,11.2124
eastern_europe,2037.8,61.2744,27.8149,11.1115
eastern_europe,2037.9,61.6377,27.5533,11.0125
eastern_europe,2038.0,61.9942,27.2966,10.9155
eastern_europe,2038.1,62.3440,27.0445,10.8205
eastern_europe,2038.2,62.6872,26.7968,10.7277
eastern_europe,2038.3,63.0239,26.5535,10.6370
eastern_europe,2038.4,63.3542,26.3143,10.5486
eastern_europe,2038.5,63.6782,26.0792,10.4625
eastern_europe,2038.6,63.9961,25.8478,10.3786
eastern_europe,2038.7,64.3080,25.6202,10.2971
eastern_europe,2038.8,64.6141,25.3961,10.2179
eastern_europe,2038.9,64.9144,25.1754,10.1409
eastern_europe,2039.0,65.2092,24.9580,10.0663
eastern_europe,2039.1,65.4985,24.7438,9.9939
eastern_europe,2039.2,65.7826,24.5326,9.9237
eastern_europe,2039.3,66.0615,24.3244,9.8557
eastern_europe,2039.4,66.3355,24.1190,9.7898
eastern_europe,2039.5,66.6048,23.9163,9.7259
eastern_europe,2039.6,66.8694,23.7162,9.6641
eastern_europe,2039.7,67.1295,23.5186,9.6042
eastern_europe,2039.8,67.3853,23.3235,9.5462
eastern_europe,2039.9,67.6370,23.1307,9.4899
eastern_europe,2040.0,67.8846,22.9402,9.4354
eastern_europe,2040.1,68.1284,22.7520,9.3825
eastern_europe,2040.2,68.3685,22.5659,9.3311
eastern_europe,2040.3,68.6051,22.3819,9.2812
eastern_europe,2040.4,68.8382,22.1999,9.2326
eastern_europe,2040.5,69.0681,22.0199,9.1853
eastern_europe,2040.6,69.2948,21.8419,9.1392
eastern_europe,2040.7,69.5185,21.6658,9.0942
eastern_europe,2040.8,69.7394,21.4915,9.0502
eastern_europe,2040.9,69.9574,21.3190,9.0071
eastern_europe,2041.0,70.1729,21.1483,8.9649
eastern_europe,2041.1,70.3857,20.9794,8.9234
eastern_europe,2041.2,70.5962,20.8122,8.8827
eastern_europe,2041.3,70.8043,20.6467,8.8426
eastern_europe,2041.4,71.0101,20.4828,8.8030
eastern_europe,2041.5,71.2138,20.3207,8.7639
eastern_europe,2041.6,71.4154,20.1601,8.7252
eastern_europe,2041.7,71.6151,20.0012,8.6869
eastern_europe,2041.8,71.8127,19.8439,8.6489
eastern_europe,2041.9,72.0085,19.6882,8.6112
eastern_europe,2042.0,72.2026,19.5341,8.5737
eastern_europe,2042.1,72.3948,19.3815,8.5363
eastern_europe,2042.2,72.5854,19.2305,8.4991
eastern_europe,2042.3,72.7743,19.0810,8.4619
eastern_europe,2042.4,72.9616,18.9330,8.4248
eastern_europe,2042.5,73.1474,18.7866,8.3877
eastern_europe,2042.6,73.3316,18.6417,8.3507
eastern_europe,2042.7,73.5143,18.4982,8.3136
eastern_europe,2042.8,73.6955,18.3563,8.2764
eastern_europe,2042.9,73.8753,18.2158,8.2393
eastern_europe,2043.0,74.0536,18.0769,8.2020
eastern_europe,2043.1,74.2306,17.9393,8.1646
eastern_europe,2043.2,74.4062,17.8033,8.1272
eastern_europe,2043.3,74.5803,17.6687,8.0897
eastern_europe,2043.4,74.7532,17.5355,8.0521
eastern_europe,2043.5,74.9246,17.4037,8.0143
eastern_europe,2043.6,75.0947,17.2734,7.9765
eastern_europe,2043.7,75.2635,17.1444,7.9386
eastern_europe,2043.8,75.4310,17.0169,7.9006
eastern_europe,2043.9,75.5971,16.8908,7.8625
eastern_europe,2044.0,75.7619,16.7660,7.8243
eastern_europe,2044.1,75.9254,16.6426,7.7860
eastern_europe,2044.2,76.0875,16.5205,7.7477
eastern_europe,2044.3,76.2484,16.3998,7.7093
eastern_europe,2044.4,76.4079,16.2804,7.6709
eastern_europe,2044.5,76.5661,16.1624,7.6324
eastern_europe,2044.6,76.7230,16.0456,7.5939
eastern_europe,2044.7,76.8786,15.9302,7.5554
eastern_europe,2044.8,77.0328,15.8160,7.5169
eastern_europe,2044.9,77.1858,15.7031,7.4784
eastern_europe,2045.0,77.3374,15.5915,7.4400
eastern_europe,2045.1,77.4877,15.4811,7.4015
eastern_europe,2045.2,77.6368,15.3719,7.3631
eastern_europe,2045.3,77.7845,15.2640,7.3248
eastern_europe,2045.4,77.9309,15.1573,7.2865
eastern_europe,2045.5,78.0759,15.0517,7.2484
eastern_europe,2045.6,78.2197,14.9473,7.2103
eastern_europe,2045.7,78.3622,14.8441,7.1723
eastern_europe,2045.8,78.5033,14.7421,7.1344
eastern_europe,2045.9,78.6432,14.6412,7.0967
eastern_europe,2046.0,78.7818,14.5414,7.0591
eastern_europe,2046.1,78.9191,14.4427,7.0216
eastern_europe,2046.2,79.0550,14.3451,6.9843
eastern_europe,2046.3,79.1897,14.2486,6.9472
eastern_europe,2046.4,79.3232,14.1532,6.9103
eastern_europe,2046.5,79.4553,14.0588,6.8735
eastern_europe,2046.6,79.5862,13.9655,6.8370
eastern_europe,2046.7,79.7158,13.8731,6.8006
eastern_europe,2046.8,79.8441,13.7818,6.7645
eastern_europe,2046.9,79.9712,13.6915,6.7286
eastern_europe,2047.0,80.0971,13.6022,6.6929
eastern_europe,2047.1,80.2217,13.5138,6.6574
eastern_europe,2047.2,80.3450,13.4264,6.6222
eastern_europe,2047.3,80.4672,13.3399,6.5872
eastern_europe,2047.4,80.5881,13.2543,6.5525
eastern_europe,2047.5,80.7078,13.1697,6.5180
eastern_europe,2047.6,80.8264,13.0859,6.4838
eastern_europe,2047.7,80.9437,13.0031,6.4499
eastern_europe,2047.8,81.0599,12.9211,6.4163
eastern_europe,2047.9,81.1749,12.8399,6.3829
eastern_europe,2048.0,81.2887,12.7596,6.3498
eastern_europe,2048.1,81.4014,12.6802,6.3169
eastern_europe,2048.2,81.5129,12.6015,6.2844
eastern_europe,2048.3,81.6233,12.5237,6.2521
eastern_europe,2048.4,81.7326,12.4466,6.2202
eastern_europe,2048.5,81.8408,12.3704,6.1885
eastern_europe,2048.6,81.9479,12.2949,6.1571
eastern_europe,2048.7,82.0538,12.2201,6.1260
eastern_europe,2048.8,82.1588,12.1461,6.0952
eastern_europe,2048.9,82.2626,12.0729,6.0647
eastern_europe,2049.0,82.3654,12.0003,6.0345
eastern_europe,2049.1,82.4671,11.9285,6.0046
eastern_europe,2049.2,82.5679,11.8573,5.9750
eastern_europe,2049.3,82.6676,11.7869,5.9457
eastern_europe,2049.4,82.7663,11.7171,5.9166
eastern_europe,2049.5,82.8640,11.6480,5.8879
eastern_europe,2049.6,82.9607,11.5795,5.8594
eastern_europe,2049.7,83.0564,11.5117,5.8312
eastern_europe,2049.8,83.1512,11.4446,5.8034
eastern_europe,2049.9,83.2450,11.3780,5.7758
eastern_europe,2050.0,83.3379,11.3121,5.7484
eu,2015.0,0.2965,99.3962,0.3075
eu,2015.1,0.3198,99.3495,0.3309
eu,2015.2,0.3446,99.3000,0.3556
eu,2015.3,0.3709,99.2477,0.3816
eu,2015.4,0.3987,99.1926,0.4090
eu,2015.5,0.4281,99.1345,0.4377
eu,2015.6,0.4591,99.0735,0.4678
eu,2015.7,0.4917,99.0094,0.4993
eu,2015.8,0.5260,98.9423,0.5321
eu,2015.9,0.5621,98.8720,0.5664
eu,2016.0,0.5999,98.7985,0.6022
eu,2016.1,0.6395,98.7217,0.6393
eu,2016.2,0.6810,98.6416,0.6780
eu,2016.3,0.7244,98.5582,0.7181
eu,2016.4,0.7697,98.4714,0.7597
eu,2016.5,0.8170,98.3811,0.8027
eu,2016.6,0.8663,98.2873,0.8473
eu,2016.7,0.9176,98.1899,0.8934
eu,2016.8,0.9711,98.0890,0.9411
eu,2016.9,1.0266,97.9843,0.9902
eu,2017.0,1.0843,97.8760,1.0409
eu,2017.1,1.1443,97.7630,1.0941
eu,2017.2,1.2066,97.6448,1.1501
eu,2017.3,1.2713,97.5216,1.2087
eu,2017.4,1.3384,97.3935,1.2698
eu,2017.5,1.4080,97.2605,1.3333
eu,2017.6,1.4802,97.1227,1.3991
eu,2017.7,1.5550,96.9799,1.4671
eu,2017.8,1.6325,96.8323,1.5374
eu,2017.9,1.7127,96.6798,1.6098
eu,2018.0,1.7957,96.5224,1.6844
eu,2018.1,1.8861,96.3593,1.7610
eu,2018.2,1.9759,96.1914,1.8397
eu,2018.3,2.0683,96.0186,1.9203
eu,2018.4,2.1635,95.8408,2.0029
eu,2018.5,2.2617,95.6580,2.0875
eu,2018.6,2.3629,95.4703,2.1739
eu,2018.7,2.4672,95.2776,2.2621
eu,2018.8,2.5747,95.0799,2.3521
eu,2018.9,2.6854,94.8772,2.4439
eu,2019.0,2.7994,94.6694,2.5374
eu,2019.1,2.9167,94.4567,2.6326
eu,2019.2,3.0374,94.2388,2.7294
eu,2019.3,3.1615,94.0160,2.8278
eu,2019.4,3.2892,93.7880,2.9277
eu,2019.5,3.4203,93.5550,3.0291
eu,2019.6,3.5551,93.3169,3.1320
eu,2019.7,3.6935,93.0738,3.2363
eu,2019.8,3.8356,92.8256,3.3419
eu,2019.9,3.9814,92.5723,3.4489
eu,2020.0,4.1310,92.3140,3.5573
eu,2020.1,4.2844,92.0506,3.6671
eu,2020.2,4.4416,91.7822,3.7781
eu,2020.3,4.6028,91.5088,3.8901
eu,2020.4,4.7679,91.2303,4.0032
eu,2020.5,4.9371,90.9468,4.1173
eu,2020.6,5.1102,90.6584,4.2323
eu,2020.7,5.2875,90.3650,4.3484
eu,2020.8,5.4688,90.0666,4.4652
eu,2020.9,5.6543,89.7633,4.5828
eu,2021.0,5.8439,89.4551,4.7012
eu,2021.1,6.0378,89.1420,4.8202
eu,2021.2,6.2360,88.8241,4.9400
eu,2021.3,6.4384,88.5013,5.0603
eu,2021.4,6.6451,88.1738,5.1811
eu,2021.5,6.8561,87.8415,5.3023
eu,2021.6,7.0715,87.5045,5.4239
eu,2021.7,7.2913,87.1629,5.5458
eu,2021.8,7.5155,86.8166,5.6679
eu,2021.9,7.7441,86.4657,5.7902
eu,2022.0,7.9772,86.1102,5.9126
eu,2022.1,8.2147,85.7503,6.0350
eu,2022.2,8.4567,85.3859,6.1575
eu,2022.3,8.7031,85.0171,6.2798
eu,2022.4,8.9540,84.6440,6.4020
eu,2022.5,9.2094,84.2666,6.5241
eu,2022.6,9.4692,83.8849,6.6459
eu,2022.7,9.7335,83.4991,6.7674
eu,2022.8,10.0023,83.1092,6.8885
eu,2022.9,10.2755,82.7152,7.0093
eu,2023.0,10.5531,82.3173,7.1296
eu,2023.1,10.8351,81.9155,7.2494
eu,2023.2,11.1216,81.5098,7.3687
eu,2023.3,11.4123,81.1003,7.4873
eu,2023.4,11.7074,80.6872,7.6054
eu,2023.5,12.0068,80.2704,7.7228
eu,2023.6,12.3104,79.8501,7.8395
eu,2023.7,12.6183,79.4263,7.9554
eu,2023.8,12.9303,78.9991,8.0706
eu,2023.9,13.2463,78.5686,8.1850
eu,2024.0,13.5665,78.1349,8.2986
eu,2024.1,13.8906,77.6980,8.4114
eu,2024.2,14.2186,77.2581,8.5233
eu,2024.3,14.5505,76.8151,8.6344
eu,2024.4,14.8861,76.3693,8.7446
eu,2024.5,15.2255,75.9207,8.8539
eu,2024.6,15.5684,75.4693,8.9622
eu,2024.7,15.9150,75.0153,9.0697
eu,2024.8,16.2649,74.5587,9.1763
eu,2024.9,16.6183,74.0997,9.2820
eu,2025.0,16.9749,73.6383,9.3868
eu,2025.1,17.3347,73.1746,9.4907
eu,2025.2,17.6976,72.7087,9.5938
eu,2025.3,18.0635,72.2406,9.6959
eu,2025.4,18.4323,71.7705,9.7972
eu,2025.5,18.8039,71.2985,9.8976
eu,2025.6,19.1782,70.8247,9.9971
eu,2025.7,19.5551,70.3490,10.0959
eu,2025.8,19.9346,69.8717,10.1937
eu,2025.9,20.3165,69.3927,10.2908
eu,2026.0,20.7007,68.9123,10.3870
eu,2026.1,21.0872,68.4304,10.4860
eu,2026.2,21.4758,67.9471,10.5883
eu,2026.3,21.8665,67.4626,10.6895
eu,2026.4,22.2591,66.9769,10.7894
eu,2026.5,22.6537,66.4901,10.8881
eu,2026.6,23.0501,66.0022,10.9855
eu,2026.7,23.4482,65.5134,11.0817
eu,2026.8,23.8481,65.0237,11.1766
eu,2026.9,24.2495,64.5333,11.2702
eu,2027.0,24.6525,64.0420,11.3624
eu,2027.1,25.0570,63.5502,11.4533
eu,2027.2,25.4629,63.0578,11.5429
eu,2027.3,25.8703,62.5648,11.6311
eu,2027.4,26.2789,62.0714,11.7179
eu,2027.5,26.6889,61.5777,11.8033
eu,2027.6,27.1001,61.0836,11.8873
eu,2027.7,27.5125,60.5894,11.9699
eu,2027.8,27.9261,60.0949,12.0511
eu,2027.9,28.3409,59.6004,12.1308
eu,2028.0,28.7567,59.1058,12.2090
eu,2028.1,29.1737,58.6112,12.2859
eu,2028.2,29.5917,58.1168,12.3614
eu,2028.3,30.0108,57.6225,12.4354
eu,2028.4,30.4309,57.1284,12.5079
eu,2028.5,30.8520,56.6346,12.5790
eu,2028.6,31.2741,56.1411,12.6485
eu,2028.7,31.6971,55.6480,12.7166
eu,2028.8,32.1210,55.1554,12.7831
eu,2028.9,32.5458,54.6633,12.8481
eu,2029.0,32.9715,54.1717,12.9116
eu,2029.1,33.3980,53.6808,12.9736
eu,2029.2,33.8253,53.1906,13.0340
eu,2029.3,34.2535,52.7011,13.0929
eu,2029.4,34.6823,52.2124,13.1503
eu,2029.5,35.1119,51.7246,13.2061
eu,2029.6,35.5422,51.2378,13.2604
eu,2029.7,35.9731,50.7519,13.3131
eu,2029.8,36.4046,50.2670,13.3642
eu,2029.9,36.8367,49.7833,13.4138
eu,2030.0,37.2693,49.3007,13.4617
eu,2030.1,37.7023,48.8193,13.5081
eu,2030.2,38.1358,48.3392,13.5529
eu,2030.3,38.5696,47.8604,13.5961
eu,2030.4,39.0038,47.3831,13.6377
eu,2030.5,39.4382,46.9072,13.6776
eu,2030.6,39.8729,46.4328,13.7159
eu,2030.7,40.3077,45.9600,13.7607
eu,2030.8,40.7426,45.4889,13.8037
eu,2030.9,41.1776,45.0194,13.8447
eu,2031.0,41.6126,44.5518,13.8839
eu,2031.1,42.0475,44.0859,13.9212
eu,2031.2,42.4822,43.6220,13.9566
eu,2031.3,42.9168,43.1600,13.9901
eu,2031.4,43.3512,42.7001,14.0216
eu,2031.5,43.7853,42.2422,14.0512
eu,2031.6,44.2189,41.7865,14.0789
eu,2031.7,44.6522,41.3331,14.1046
eu,2031.8,45.0850,40.8819,14.1283
eu,2031.9,45.5173,40.4330,14.1501
eu,2032.0,45.9489,39.9866,14.1699
eu,2032.1,46.3799,39.5426,14.1877
eu,2032.2,46.8102,39.1012,14.2034
eu,2032.3,47.2397,38.6623,14.2172
eu,2032.4,47.6684,38.2261,14.2290
eu,2032.5,48.0961,37.7927,14.2388
eu,2032.6,48.5229,37.3620,14.2466
eu,2032.7,48.9487,36.9342,14.2523
eu,2032.8,49.3734,36.5092,14.2561
eu,2032.9,49.7970,36.0872,14.2578
eu,2033.0,50.2194,35.6682,14.2576
eu,2033.1,50.6405,35.2523,14.2553
eu,2033.2,51.0603,34.8395,14.2511
eu,2033.3,51.4788,34.4298,14.2449
eu,2033.4,51.8958,34.0233,14.2367
eu,2033.5,52.3114,33.6202,14.2265
eu,2033.6,52.7254,33.2203,14.2145
eu,2033.7,53.1378,32.8237,14.2004
eu,2033.8,53.5486,32.4306,14.1845
eu,2033.9,53.9576,32.0408,14.1667
eu,2034.0,54.3650,31.6546,14.1470
eu,2034.1,54.7705,31.2718,14.1254
eu,2034.2,55.1741,30.8925,14.1021
eu,2034.3,55.5759,30.5168,14.0769
eu,2034.4,55.9756,30.1447,14.0500
eu,2034.5,56.3734,29.7762,14.0213
eu,2034.6,56.7691,29.4114,13.9909
eu,2034.7,57.1627,29.0501,13.9589
eu,2034.8,57.5541,28.6926,13.9252
eu,2034.9,57.9434,28.3387,13.8899
eu,2035.0,58.3304,27.9885,13.8530
eu,2035.1,58.7150,27.6420,13.8146
eu,2035.2,59.0974,27.2992,13.7748
eu,2035.3,59.4774,26.9601,13.7335
eu,2035.4,59.8550,26.6247,13.6908
eu,2035.5,60.2301,26.2930,13.6467
eu,2035.6,60.6027,25.9651,13.6013
eu,2035.7,60.9729,25.6408,13.5547
eu,2035.8,61.3404,25.3202,13.5069
eu,2035.9,61.7054,25.0033,13.4578
eu,2036.0,62.0678,24.6901,13.4077
eu,2036.1,62.4275,24.3805,13.3565
eu,2036.2,62.7846,24.0745,13.3042
eu,2036.3,63.1390,23.7721,13.2510
eu,2036.4,63.4906,23.4734,13.1968
eu,2036.5,63.8395,23.1782,13.1417
eu,2036.6,64.1857,22.8865,13.0858
eu,2036.7,64.5291,22.5984,13.0291
eu,2036.8,64.8697,22.3138,12.9717
eu,2036.9,65.2076,22.0326,12.9135
eu,2037.0,65.5426,21.7549,12.8547
eu,2037.1,65.8748,21.4805,12.7952
eu,2037.2,66.2042,21.2096,12.7352
eu,2037.3,66.5307,20.9420,12.6746
eu,2037.4,66.8544,20.6777,12.6136
eu,2037.5,67.1753,20.4166,12.5521
eu,2037.6,67.4934,20.1588,12.4901
eu,2037.7,67.8087,19.9042,12.4278
eu,2037.8,68.1211,19.6528,12.3651
eu,2037.9,68.4307,19.4045,12.3020
eu,2038.0,68.7375,19.1594,12.2387
eu,2038.1,69.0415,18.9173,12.1751
eu,2038.2,69.3427,18.6782,12.1113
eu,2038.3,69.6411,18.4421,12.0472
eu,2038.4,69.9368,18.2090,11.9830
eu,2038.5,70.2297,17.9788,11.9186
eu,2038.6,70.5199,17.7515,11.8540
eu,2038.7,70.8073,17.5270,11.7893
eu,2038.8,71.0921,17.3054,11.7245
eu,2038.9,71.3742,17.0866,11.6596
eu,2039.0,71.6536,16.8705,11.5947
eu,2039.1,71.9304,16.6572,11.5296
eu,2039.2,72.2045,16.4465,11.4645
eu,2039.3,72.4761,16.2385,11.3994
eu,2039.4,72.7451,16.0332,11.3342
eu,2039.5,73.0115,15.8304,11.2690
eu,2039.6,73.2754,15.6303,11.2038
eu,2039.7,73.5368,15.4326,11.1386
eu,2039.8,73.7957,15.2375,11.0733
eu,2039.9,74.0521,15.0449,11.0081
eu,2040.0,74.3061,14.8547,10.9429
eu,2040.1,74.5577,14.6670,10.8777
eu,2040.2,74.8068,14.4816,10.8125
eu,2040.3,75.0537,14.2987,10.7473
eu,2040.4,75.2981,14.1181,10.6821
eu,2040.5,75.5403,13.9398,10.6169
eu,2040.6,75.7801,13.7639,10.5518
eu,2040.7,76.0176,13.5902,10.4867
eu,2040.8,76.2529,13.4188,10.4217
eu,2040.9,76.4860,13.2496,10.3566
eu,2041.0,76.7168,13.0826,10.2916
eu,2041.1,76.9454,12.9178,10.2267
eu,2041.2,77.1718,12.7552,10.1618
eu,2041.3,77.3961,12.5947,10.0969
eu,2041.4,77.6182,12.4364,10.0321
eu,2041.5,77.8382,12.2801,9.9674
eu,2041.6,78.0561,12.1259,9.9027
eu,2041.7,78.2719,11.9738,9.8381
eu,2041.8,78.4856,11.8237,9.7735
eu,2041.9,78.6973,11.6756,9.7090
eu,2042.0,78.9069,11.5295,9.6446
eu,2042.1,79.1145,11.3854,9.5803
eu,2042.2,79.3200,11.2432,9.5161
eu,2042.3,79.5236,11.1030,9.4520
eu,2042.4,79.7252,10.9646,9.3880
eu,2042.5,79.9248,10.8282,9.3241
eu,2042.6,80.1224,10.6936,9.2603
eu,2042.7,80.3181,10.5609,9.1966
eu,2042.8,80.5119,10.4299,9.1331
eu,2042.9,80.7037,10.3008,9.0697
eu,2043.0,80.8936,10.1735,9.0065
eu,2043.1,81.0816,10.0479,8.9434
eu,2043.2,81.2678,9.9241,8.8805
eu,2043.3,81.4520,9.8020,8.8178
eu,2043.4,81.6344,9.6815,8.7553
eu,2043.5,81.8149,9.5628,8.6930
eu,2043.6,81.9936,9.4457,8.6308
eu,2043.7,82.1705,9.3303,8.5689
eu,2043.8,82.3455,9.2165,8.5072
eu,2043.9,82.5188,9.1043,8.4457
eu,2044.0,82.6902,8.9936,8.3845
eu,2044.1,82.8598,8.8845,8.3235
eu,2044.2,83.0277,8.7770,8.2627
eu,2044.3,83.1938,8.6709,8.2023
eu,2044.4,83.3582,8.5664,8.1421
eu,2044.5,83.5208,8.4633,8.0821
eu,2044.6,83.6817,8.3617,8.0225
eu,2044.7,83.8409,8.2616,7.9631
eu,2044.8,83.9983,8.1628,7.9041
eu,2044.9,84.1541,8.0654,7.8454
eu,2045.0,84.3082,7.9695,7.7869
eu,2045.1,84.4606,7.8749,7.7289
eu,2045.2,84.6113,7.7816,7.6711
eu,2045.3,84.7604,7.6896,7.6137
eu,2045.4,84.9079,7.5990,7.5566
eu,2045.5,85.0537,7.5096,7.4998
eu,2045.6,85.1980,7.4215,7.4435
eu,2045.7,85.3406,7.3346,7.3875
eu,2045.8,85.4817,7.2490,7.3318
eu,2045.9,85.6212,7.1646,7.2765
eu,2046.0,85.7591,7.0813,7.2216
eu,2046.1,85.8955,6.9993,7.1671
eu,2046.2,86.0303,6.9184,7.1130
eu,2046.3,86.1636,6.8386,7.0592
eu,2046.4,86.2954,6.7600,7.0059
eu,2046.5,86.4258,6.6824,6.9529
eu,2046.6,86.5546,6.6059,6.9003
eu,2046.7,86.6820,6.5306,6.8482
eu,2046.8,86.8079,6.4562,6.7965
eu,2046.9,86.9324,6.3829,6.7451
eu,2047.0,87.0554,6.3106,6.6942
eu,2047.1,87.1771,6.2393,6.6437
eu,2047.2,87.2973,6.1690,6.5936
eu,2047.3,87.4162,6.0997,6.5439
eu,2047.4,87.5337,6.0313,6.4947
eu,2047.5,87.6498,5.9639,6.4458
eu,2047.6,87.7646,5.8974,6.3974
eu,2047.7,87.8780,5.8318,6.3494
eu,2047.8,87.9902,5.7671,6.3018
eu,2047.9,88.1010,5.7033,6.2547
eu,2048.0,88.2106,5.6403,6.2080
eu,2048.1,88.3188,5.5782,6.1617
eu,2048.2,88.4259,5.5169,6.1158
eu,2048.3,88.5316,5.4565,6.0703
eu,2048.4,88.6362,5.3968,6.0253
eu,2048.5,88.7395,5.3380,5.9807
eu,2048.6,88.8416,5.2799,5.9365
eu,2048.7,88.9425,5.2227,5.8927
eu,2048.8,89.0423,5.1661,5.8494
eu,2048.9,89.1408,5.1104,5.8065
eu,2049.0,89.2383,5.0553,5.7640
eu,2049.1,89.3346,5.0010,5.7218
eu,2049.2,89.4298,4.9474,5.6802
eu,2049.3,89.5238,4.8945,5.6389
eu,2049.4,89.6168,4.8422,5.5980
eu,2049.5,89.7087,4.7907,5.5575
eu,2049.6,89.7995,4.7398,5.5175
eu,2049.7,89.8893,4.6895,5.4778
eu,2049.8,89.9780,4.6399,5.4385
eu,2049.9,90.0657,4.5910,5.3997
eu,2050.0,90.1524,4.5426,5.3612
g7,2015.0,0.2941,99.4488,0.2571
g7,2015.1,0.3138,99.4146,0.2716
g7,2015.2,0.3345,99.3788,0.2866
g7,2015.3,0.3563,99.3413,0.3023
g7,2015.4,0.3792,99.3021,0.3186
g7,2015.5,0.4032,99.2612,0.3355
g7,2015.6,0.4284,99.2186,0.3530
g7,2015.7,0.4547,99.1741,0.3712
g7,2015.8,0.4822,99.1278,0.3899
g7,2015.9,0.5110,99.0797,0.4093
g7,2016.0,0.5409,99.0298,0.4293
g7,2016.1,0.5721,98.9780,0.4499
g7,2016.2,0.6046,98.9243,0.4711
g7,2016.3,0.6384,98.8686,0.4930
g7,2016.4,0.6735,98.8110,0.5154
g7,2016.5,0.7100,98.7515,0.5385
g7,2016.6,0.7478,98.6900,0.5622
g7,2016.7,0.7870,98.6265,0.5865
g7,2016.8,0.8276,98.5610,0.6114
g7,2016.9,0.8697,98.4935,0.6369
g7,2017.0,0.9131,98.4239,0.6630
g7,2017.1,0.9580,98.3523,0.6897
g7,2017.2,1.0044,98.2785,0.7170
g7,2017.3,1.0523,98.2027,0.7450
g7,2017.4,1.1017,98.1248,0.7735
g7,2017.5,1.1526,98.0448,0.8026
g7,2017.6,1.2051,97.9627,0.8322
g7,2017.7,1.2591,97.8784,0.8625
g7,2017.8,1.3147,97.7919,0.8933
g7,2017.9,1.3719,97.7033,0.9247
g7,2018.0,1.4308,97.6126,0.9567
g7,2018.1,1.4912,97.5196,0.9892
g7,2018.2,1.5533,97.4244,1.0223
g7,2018.3,1.6170,97.3271,1.0559
g7,2018.4,1.6824,97.2275,1.0901
g7,2018.5,1.7495,97.1257,1.1248
g7,2018.6,1.8182,97.0217,1.1600
g7,2018.7,1.8887,96.9155,1.1958
g7,2018.8,1.9609,96.8070,1.2320
g7,2018.9,2.0349,96.6963,1.2688
g7,2019.0,2.1106,96.5834,1.3061
g7,2019.1,2.1880,96.4681,1.3438
g7,2019.2,2.2673,96.3507,1.3821
g7,2019.3,2.3483,96.2309,1.4208
g7,2019.4,2.4311,96.1090,1.4600
g7,2019.5,2.5157,95.9847,1.4996
g7,2019.6,2.6021,95.8582,1.5397
g7,2019.7,2.6904,95.7294,1.5802
g7,2019.8,2.7805,95.5984,1.6212
g7,2019.9,2.8724,95.4650,1.6625
g7,2020.0,2.9662,95.3295,1.7043
g7,2020.1,3.0619,95.1916,1.7465
g7,2020.2,3.1594,95.0515,1.7891
g7,2020.3,3.2589,94.9091,1.8320
g7,2020.4,3.3602,94.7645,1.8753
g7,2020.5,3.4634,94.6176,1.9190
g7,2020.6,3.5685,94.4685,1.9630
g7,2020.7,3.6756,94.3171,2.0074
g7,2020.8,3.7845,94.1634,2.0520
g7,2020.9,3.8954,94.0075,2.0970
g7,2021.0,4.0082,93.8494,2.1423
g7,2021.1,4.1230,93.6891,2.1879
g7,2021.2,4.2397,93.5265,2.2337
g7,2021.3,4.3584,93.3618,2.2799
g7,2021.4,4.4790,93.1948,2.3262
g7,2021.5,4.6016,93.0256,2.3728
g7,2021.6,4.7261,92.8543,2.4197
g7,2021.7,4.8526,92.6807,2.4667
g7,2021.8,4.9811,92.5050,2.5139
g7,2021.9,5.1115,92.3271,2.5614
g7,2022.0,5.2439,92.1471,2.6090
g7,2022.1,5.3783,91.9649,2.6567
g7,2022.2,5.5147,91.7806,2.7047
g7,2022.3,5.6531,91.5942,2.7527
g7,2022.4,5.7934,91.4057,2.8009
g7,2022.5,5.9357,91.2151,2.8491
g7,2022.6,6.0801,91.0224,2.8975
g7,2022.7,6.2264,90.8277,2.9459
g7,2022.8,6.3746,90.6309,2.9944
g7,2022.9,6.5249,90.4321,3.0430
g7,2023.0,6.6772,90.2312,3.0916
g7,2023.1,6.8314,90.0284,3.1402
g7,2023.2,6.9876,89.8235,3.1888
g7,2023.3,7.1458,89.6167,3.2374
g7,2023.4,7.3060,89.4080,3.2860
g7,2023.5,7.4682,89.1973,3.3346
g7,2023.6,7.6323,88.9846,3.3831
g7,2023.7,7.7984,88.7701,3.4315
g7,2023.8,7.9664,88.5537,3.4799
g7,2023.9,8.1365,88.3354,3.5282
g7,2024.0,8.3084,88.1152,3.5763
g7,2024.1,8.4824,87.8933,3.6244
g7,2024.2,8.6582,87.6695,3.6723
g7,2024.3,8.8361,87.4439,3.7200
g7,2024.4,9.0158,87.2166,3.7676
g7,2024.5,9.1975,86.9875,3.8150
g7,2024.6,9.3811,86.7567,3.8622
g7,2024.7,9.5667,86.5242,3.9092
g7,2024.8,9.7541,86.2899,3.9559
g7,2024.9,9.9435,86.0541,4.0025
g7,2025.0,10.1347,85.8165,4.0488
g7,2025.1,10.3278,85.5774,4.0948
g7,2025.2,10.5228,85.3367,4.1405
g7,2025.3,10.7197,85.0943,4.1859
g7,2025.4,10.9185,84.8505,4.2311
g7,2025.5,11.1191,84.6051,4.2759
g7,2025.6,11.3215,84.3582,4.3203
g7,2025.7,11.5258,84.1098,4.3644
g7,2025.8,11.7319,83.8599,4.4082
g7,2025.9,11.9398,83.6086,4.4516
g7,2026.0,12.1495,83.3559,4.4946
g7,2026.1,12.3610,83.1018,4.5372
g7,2026.2,12.5743,82.8464,4.5793
g7,2026.3,12.7893,82.5896,4.6211
g7,2026.4,13.0062,82.3315,4.6624
g7,2026.5,13.2247,82.0721,4.7032
g7,2026.6,13.4450,81.8114,4.7436
g7,2026.7,13.6670,81.5495,4.7835
g7,2026.8,13.8907,81.2864,4.8229
g7,2026.9,14.1161,81.0221,4.8618
g7,2027.0,14.3431,80.7567,4.9002
g7,2027.1,14.5719,80.4901,4.9380
g7,2027.2,14.8023,80.2224,4.9754
g7,2027.3,15.0343,79.9536,5.0122
g7,2027.4,15.2679,79.6837,5.0484
g7,2027.5,15.5032,79.4128,5.0840
g7,2027.6,15.7400,79.1409,5.1191
g7,2027.7,15.9784,78.8680,5.1536
g7,2027.8,16.2183,78.5942,5.1875
g7,2027.9,16.4598,78.3194,5.2207
g7,2028.0,16.7029,78.0437,5.2534
g7,2028.1,16.9474,77.7672,5.2854
g7,2028.2,17.1934,77.4898,5.3168
g7,2028.3,17.4409,77.2115,5.3475
g7,2028.4,17.6899,76.9325,5.3776
g7,2028.5,17.9403,76.6526,5.4070
g7,2028.6,18.1921,76.3721,5.4358
g7,2028.7,18.4454,76.0908,5.4639
g7,2028.8,18.7000,75.8088,5.4913
g7,2028.9,18.9560,75.5261,5.5180
g7,2029.0,19.2133,75.2428,5.5439
g7,2029.1,19.4720,74.9588,5.5692
g7,2029.2,19.7319,74.6743,5.5938
g7,2029.3,19.9932,74.3891,5.6177
g7,2029.4,20.2558,74.1034,5.6408
g7,2029.5,20.5196,73.8172,5.6632
g7,2029.6,20.7846,73.5305,5.6849
g7,2029.7,21.0509,73.2434,5.7058
g7,2029.8,21.3183,72.9557,5.7260
g7,2029.9,21.5869,72.6677,5.7454
g7,2030.0,21.8567,72.3792,5.7641
g7,2030.1,22.1277,72.0904,5.7820
g7,2030.2,22.3997,71.8012,5.7991
g7,2030.3,22.6728,71.5116,5.8155
g7,2030.4,22.9471,71.2218,5.8311
g7,2030.5,23.2223,70.9317,5.8460
g7,2030.6,23.4986,70.6413,5.8601
g7,2030.7,23.7759,70.3507,5.8734
g7,2030.8,24.0542,70.0598,5.8859
g7,2030.9,24.3335,69.7688,5.8977
g7,2031.0,24.6138,69.4776,5.9087
g7,2031.1,24.8949,69.1862,5.9189
g7,2031.2,25.1770,68.8947,5.9283
g7,2031.3,25.4599,68.6031,5.9369
g7,2031.4,25.7438,68.3115,5.9448
g7,2031.5,26.0284,68.0197,5.9519
g7,2031.6,26.3139,67.7279,5.9582
g7,2031.7,26.6002,67.4361,5.9637
g7,2031.8,26.8873,67.1443,5.9685
g7,2031.9,27.1751,66.8525,5.9724
g7,2032.0,27.4637,66.5607,5.9756
g7,2032.1,27.7529,66.2690,5.9781
g7,2032.2,28.0429,65.9774,5.9797
g7,2032.3,28.3335,65.6858,5.9807
g7,2032.4,28.6248,65.3944,5.9808
g7,2032.5,28.9167,65.1031,5.9802
g7,2032.6,29.2093,64.8119,5.9788
g7,2032.7,29.5024,64.5209,5.9767
g7,2032.8,29.7961,64.2301,5.9738
g7,2032.9,30.0903,63.9395,5.9702
g7,2033.0,30.3850,63.6492,5.9658
g7,2033.1,30.6802,63.3590,5.9607
g7,2033.2,30.9759,63.0691,5.9549
g7,2033.3,31.2721,62.7795,5.9484
g7,2033.4,31.5687,62.4902,5.9411
g7,2033.5,31.8657,62.2012,5.9331
g7,2033.6,32.1631,61.9125,5.9244
g7,2033.7,32.4609,61.6241,5.9150
g7,2033.8,32.7590,61.3360,5.9050
g7,2033.9,33.0575,61.0484,5.8942
g7,2034.0,33.3562,60.7611,5.8827
g7,2034.1,33.6552,60.4741,5.8706
g7,2034.2,33.9545,60.1876,5.8578
g7,2034.3,34.2541,59.9016,5.8443
g7,2034.4,34.5539,59.6159,5.8302
g7,2034.5,34.8538,59.3307,5.8155
g7,2034.6,35.1540,59.0459,5.8001
g7,2034.7,35.4543,58.7616,5.7841
g7,2034.8,35.7547,58.4778,5.7674
g7,2034.9,36.0553,58.1945,5.7502
g7,2035.0,36.3560,57.9117,5.7323
g7,2035.1,36.6567,57.6294,5.7139
g7,2035.2,36.9576,57.3476,5.6948
g7,2035.3,37.2584,57.0664,5.6752
g7,2035.4,37.5593,56.7857,5.6550
g7,2035.5,37.8601,56.5056,5.6342
g7,2035.6,38.1610,56.2261,5.6129
g7,2035.7,38.4618,55.9471,5.5911
g7,2035.8,38.7626,55.6687,5.5687
g7,2035.9,39.0632,55.3909,5.5458
g7,2036.0,39.3638,55.1137,5.5224
g7,2036.1,39.6643,54.8372,5.4985
g7,2036.2,39.9646,54.5612,5.4741
g7,2036.3,40.2648,54.2859,5.4492
g7,2036.4,40.5649,54.0113,5.4239
g7,2036.5,40.8647,53.7372,5.3981
g7,2036.6,41.1643,53.4639,5.3718
g7,2036.7,41.4637,53.1912,5.3451
g7,2036.8,41.7629,52.9192,5.3179
g7,2036.9,42.0618,52.6478,5.2904
g7,2037.0,42.3604,52.3772,5.2624
g7,2037.1,42.6587,52.1072,5.2340
g7,2037.2,42.9568,51.8380,5.2053
g7,2037.3,43.2544,51.5694,5.1761
g7,2037.4,43.5518,51.3016,5.1466
g7,2037.5,43.8488,51.0345,5.1167
g7,2037.6,44.1454,50.7681,5.0865
g7,2037.7,44.4416,50.5024,5.0560
g7,2037.8,44.7374,50.2375,5.0251
g7,2037.9,45.0328,49.9733,4.9939
g7,2038.0,45.3278,49.7098,4.9624
g7,2038.1,45.6223,49.4471,4.9306
g7,2038.2,45.9163,49.1852,4.8985
g7,2038.3,46.2098,48.9240,4.8661
g7,2038.4,46.5029,48.6636,4.8335
g7,2038.5,46.7954,48.4040,4.8006
g7,2038.6,47.0874,48.1451,4.7675
g7,2038.7,47.3788,47.8870,4.7341
g7,2038.8,47.6697,47.6297,4.7005
g7,2038.9,47.9601,47.3732,4.6668
g7,2039.0,48.2498,47.1175,4.6328
g7,2039.1,48.5389,46.8625,4.5986
g7,2039.2,48.8274,46.6084,4.5642
g7,2039.3,49.1153,46.3550,4.5296
g7,2039.4,49.4026,46.1025,4.4949
g7,2039.5,49.6892,45.8507,4.4601
g7,2039.6,49.9751,45.5998,4.4251
g7,2039.7,50.2604,45.3497,4.3899
g7,2039.8,50.5450,45.1004,4.3546
g7,2039.9,50.8289,44.8519,4.3193
g7,2040.0,51.1120,44.6042,4.2838
g7,2040.1,51.3944,44.3574,4.2482
g7,2040.2,51.6761,44.1113,4.2125
g7,2040.3,51.9571,43.8661,4.1768
g7,2040.4,52.2373,43.6218,4.1409
g7,2040.5,52.5167,43.3782,4.1051
g7,2040.6,52.7953,43.1355,4.0691
g7,2040.7,53.0732,42.8937,4.0331
g7,2040.8,53.3502,42.6526,3.9971
g7,2040.9,53.6265,42.4125,3.9611
g7,2041.0,53.9019,42.1731,3.9250
g7,2041.1,54.1765,41.9346,3.8889
g7,2041.2,54.4502,41.6969,3.8529
g7,2041.3,54.7231,41.4601,3.8168
g7,2041.4,54.9951,41.2242,3.7807
g7,2041.5,55.2663,40.9890,3.7447
g7,2041.6,55.5365,40.7548,3.7087
g7,2041.7,55.8059,40.5214,3.6727
g7,2041.8,56.0744,40.2888,3.6368
g7,2041.9,56.3420,40.0571,3.6009
g7,2042.0,56.6087,39.8263,3.5651
g7,2042.1,56.8744,39.5963,3.5293
g7,2042.2,57.1393,39.3671,3.4936
g7,2042.3,57.4031,39.1389,3.4580
g7,2042.4,57.6661,38.9115,3.4225
g7,2042.5,57.9280,38.6849,3.3870
g7,2042.6,58.1891,38.4593,3.3517
g7,2042.7,58.4491,38.2345,3.3164
g7,2042.8,58.7082,38.0105,3.2813
g7,2042.9,58.9663,37.7874,3.2463
g7,2043.0,59.2234,37.5652,3.2114
g7,2043.1,59.4795,37.3439,3.1766
g7,2043.2,59.7346,37.1235,3.1419
g7,2043.3,59.9887,36.9039,3.1074
g7,2043.4,60.2418,36.6852,3.0730
g7,2043.5,60.4939,36.4673,3.0388
g7,2043.6,60.7449,36.2504,3.0047
g7,2043.7,60.9949,36.0343,2.9708
g7,2043.8,61.2439,35.8191,2.9371
g7,2043.9,61.4918,35.6048,2.9035
g7,2044.0,61.7387,35.3913,2.8700
g7,2044.1,61.9845,35.1787,2.8368
g7,2044.2,62.2292,34.9671,2.8037
g7,2044.3,62.4729,34.7563,2.7708
g7,2044.4,62.7155,34.5464,2.7381
g7,2044.5,62.9571,34.3373,2.7056
g7,2044.6,63.1975,34.1292,2.6733
g7,2044.7,63.4369,33.9220,2.6411
g7,2044.8,63.6752,33.7156,2.6092
g7,2044.9,63.9124,33.5101,2.5775
g7,2045.0,64.1485,33.3055,2.5459
g7,2045.1,64.3835,33.1019,2.5146
g7,2045.2,64.6174,32.8991,2.4848
g7,2045.3,64.8502,32.6972,2.4697
g7,2045.4,65.0819,32.4962,2.4548
g7,2045.5,65.3124,32.2961,2.4400
g7,2045.6,65.5419,32.0968,2.4254
g7,2045.7,65.7702,31.8985,2.4110
g7,2045.8,65.9974,31.7011,2.3968
g7,2045.9,66.2234,31.5046,2.3827
g7,2046.0,66.4483,31.3090,2.3688
g7,2046.1,66.6721,31.1143,2.3551
g7,2046.2,66.8948,30.9205,2.3415
g7,2046.3,67.1163,30.7276,2.3281
g7,2046.4,67.3367,30.5356,2.3149
g7,2046.5,67.5559,30.3445,2.3018
g7,2046.6,67.7740,30.1543,2.2889
g7,2046.7,67.9909,29.9650,2.2762
g7,2046.8,68.2066,29.7766,2.2636
g7,2046.9,68.4212,29.5892,2.2512
g7,2047.0,68.6347,29.4026,2.2389
g7,2047.1,68.8470,29.2170,2.2268
g7,2047.2,69.0581,29.0323,2.2148
g7,2047.3,69.2681,28.8485,2.2030
g7,2047.4,69.4769,28.6656,2.1914
g7,2047.5,69.6845,28.4836,2.1799
g7,2047.6,69.8910,28.3025,2.1686
g7,2047.7,70.0963,28.1224,2.1574
g7,2047.8,70.3004,27.9432,2.1463
g7,2047.9,70.5033,27.7648,2.1354
g7,2048.0,70.7051,27.5875,2.1247
g7,2048.1,70.9057,27.4110,2.1141
g7,2048.2,71.1051,27.2354,2.1036
g7,2048.3,71.3033,27.0608,2.0933
g7,2048.4,71.5004,26.8871,2.0831
g7,2048.5,71.6963,26.7143,2.0730
g7,2048.6,71.8910,26.5425,2.0631
g7,2048.7,72.0845,26.3715,2.0533
g7,2048.8,72.2768,26.2015,2.0436
g7,2048.9,72.4680,26.0325,2.0341
g7,2049.0,72.6580,25.8643,2.0247
g7,2049.1,72.8468,25.6971,2.0154
g7,2049.2,73.0344,25.5308,2.0062
g7,2049.3,73.2208,25.3654,1.9972
g7,2049.4,73.4060,25.2010,1.9884
g7,2049.5,73.5901,25.0375,1.9798
g7,2049.6,73.7729,24.8749,1.9713
g7,2049.7,73.9546,24.7133,1.9628
g7,2049.8,74.1351,24.5526,1.9545
g7,2049.9,74.3145,24.3928,1.9463
g7,2050.0,74.4926,24.2339,1.9382
north_america,2015.0,0.3128,99.4866,0.2006
north_america,2015.1,0.3315,99.4586,0.2099
north_america,2015.2,0.3510,99.4297,0.2193
north_america,2015.3,0.3712,99.3998,0.2290
north_america,2015.4,0.3922,99.3689,0.2389
north_america,2015.5,0.4139,99.3371,0.2490
north_america,2015.6,0.4364,99.3042,0.2593
north_america,2015.7,0.4597,99.2704,0.2698
north_america,2015.8,0.4838,99.2356,0.2806
north_america,2015.9,0.5088,99.1997,0.2915
north_america,2016.0,0.5345,99.1629,0.3026
north_america,2016.1,0.5611,99.1249,0.3139
north_america,2016.2,0.5886,99.0860,0.3254
north_america,2016.3,0.6169,99.0459,0.3372
north_america,2016.4,0.6461,99.0048,0.3491
north_america,2016.5,0.6762,98.9626,0.3612
north_america,2016.6,0.7072,98.9193,0.3735
north_america,2016.7,0.7391,98.8749,0.3859
north_america,2016.8,0.7720,98.8294,0.3986
north_america,2016.9,0.8058,98.7828,0.4114
north_america,2017.0,0.8406,98.7350,0.4245
north_america,2017.1,0.8763,98.6860,0.4377
north_america,2017.2,0.9130,98.6359,0.4510
north_america,2017.3,0.9507,98.5847,0.4646
north_america,2017.4,0.9894,98.5322,0.4783
north_america,2017.5,1.0292,98.4786,0.4922
north_america,2017.6,1.0699,98.4238,0.5063
north_america,2017.7,1.1117,98.3677,0.5205
north_america,2017.8,1.1546,98.3105,0.5349
north_america,2017.9,1.1985,98.2520,0.5494
north_america,2018.0,1.2435,98.1923,0.5641
north_america,2018.1,1.2896,98.1314,0.5790
north_america,2018.2,1.3368,98.0692,0.5940
north_america,2018.3,1.3851,98.0057,0.6092
north_america,2018.4,1.4346,97.9410,0.6245
north_america,2018.5,1.4852,97.8750,0.6399
north_america,2018.6,1.5369,97.8077,0.6555
north_america,2018.7,1.5898,97.7391,0.6712
north_america,2018.8,1.6438,97.6692,0.6870
north_america,2018.9,1.6990,97.5980,0.7030
north_america,2019.0,1.7555,97.5255,0.7191
north_america,2019.1,1.8131,97.4516,0.7353
north_america,2019.2,1.8719,97.3764,0.7516
north_america,2019.3,1.9320,97.2999,0.7681
north_america,2019.4,1.9933,97.2220,0.7847
north_america,2019.5,2.0559,97.1428,0.8013
north_america,2019.6,2.1197,97.0622,0.8181
north_america,2019.7,2.1847,96.9803,0.8350
north_america,2019.8,2.2511,96.8969,0.8520
north_america,2019.9,2.3188,96.8122,0.8690
north_america,2020.0,2.3877,96.7261,0.8862
north_america,2020.1,2.4580,96.6386,0.9034
north_america,2020.2,2.5295,96.5497,0.9208
north_america,2020.3,2.6024,96.4594,0.9382
north_america,2020.4,2.6767,96.3676,0.9557
north_america,2020.5,2.7523,96.2745,0.9732
north_america,2020.6,2.8292,96.1799,0.9909
north_america,2020.7,2.9076,96.0839,1.0086
north_america,2020.8,2.9873,95.9864,1.0263
north_america,2020.9,3.0683,95.8875,1.0441
north_america,2021.0,3.1508,95.7872,1.0620
north_america,2021.1,3.2347,95.6854,1.0799
north_america,2021.2,3.3200,95.5821,1.0979
north_america,2021.3,3.4068,95.4774,1.1159
north_america,2021.4,3.4949,95.3711,1.1339
north_america,2021.5,3.5845,95.2635,1.1520
north_america,2021.6,3.6756,95.1543,1.1701
north_america,2021.7,3.7681,95.0437,1.1882
north_america,2021.8,3.8621,94.9315,1.2064
north_america,2021.9,3.9575,94.8179,1.2245
north_america,2022.0,4.0545,94.7028,1.2427
north_america,2022.1,4.1529,94.5862,1.2609
north_america,2022.2,4.2528,94.4681,1.2791
north_america,2022.3,4.3543,94.3484,1.2973
north_america,2022.4,4.4572,94.2273,1.3155
north_america,2022.5,4.5617,94.1047,1.3337
north_america,2022.6,4.6677,93.9805,1.3518
north_america,2022.7,4.7752,93.8548,1.3700
north_america,2022.8,4.8843,93.7276,1.3881
north_america,2022.9,4.9949,93.5988,1.4062
north_america,2023.0,5.1071,93.4686,1.4243
north_america,2023.1,5.2209,93.3368,1.4423
north_america,2023.2,5.3362,93.2035,1.4603
north_america,2023.3,5.4531,93.0686,1.4783
north_america,2023.4,5.5716,92.9322,1.4962
north_america,2023.5,5.6917,92.7943,1.5141
north_america,2023.6,5.8134,92.6548,1.5319
north_america,2023.7,5.9366,92.5137,1.5496
north_america,2023.8,6.0615,92.3712,1.5673
north_america,2023.9,6.1880,92.2271,1.5849
north_america,2024.0,6.3161,92.0814,1.6025
north_america,2024.1,6.4458,91.9342,1.6199
north_america,2024.2,6.5772,91.7855,1.6373
north_america,2024.3,6.7102,91.6352,1.6546
north_america,2024.4,6.8448,91.4833,1.6718
north_america,2024.5,6.9811,91.3299,1.6890
north_america,2024.6,7.1190,91.1750,1.7060
north_america,2024.7,7.2586,91.0185,1.7229
north_america,2024.8,7.3998,90.8605,1.7397
north_america,2024.9,7.5427,90.7009,1.7564
north_america,2025.0,7.6873,90.5397,1.7730
north_america,2025.1,7.8335,90.3770,1.7895
north_america,2025.2,7.9814,90.2128,1.8058
north_america,2025.3,8.1309,90.0470,1.8220
north_america,2025.4,8.2822,89.8797,1.8381
north_america,2025.5,8.4351,89.7109,1.8541
north_america,2025.6,8.5897,89.5404,1.8699
north_america,2025.7,8.7459,89.3685,1.8856
north_america,2025.8,8.9039,89.1950,1.9011
north_america,2025.9,9.0636,89.0200,1.9164
north_america,2026.0,9.2249,88.8434,1.9316
north_america,2026.1,9.3880,88.6654,1.9467
north_america,2026.2,9.5527,88.4857,1.9616
north_america,2026.3,9.7191,88.3046,1.9763
north_america,2026.4,9.8872,88.1219,1.9908
north_america,2026.5,10.0571,87.9377,2.0052
north_america,2026.6,10.2286,87.7520,2.0194
north_america,2026.7,10.4018,87.5648,2.0334
north_america,2026.8,10.5768,87.3760,2.0472
north_america,2026.9,10.7534,87.1858,2.0608
north_america,2027.0,10.9317,86.9940,2.0743
north_america,2027.1,11.1118,86.8008,2.0875
north_america,2027.2,11.2935,86.6060,2.1005
north_america,2027.3,11.4769,86.4098,2.1133
north_america,2027.4,11.6621,86.2120,2.1259
north_america,2027.5,11.8489,86.0128,2.1383
north_america,2027.6,12.0374,85.8121,2.1505
north_america,2027.7,12.2277,85.6099,2.1624
north_america,2027.8,12.4196,85.4062,2.1742
north_america,2027.9,12.6132,85.2011,2.1857
north_america,2028.0,12.8085,84.9945,2.1969
north_america,2028.1,13.0055,84.7865,2.2080
north_america,2028.2,13.2042,84.5770,2.2187
north_america,2028.3,13.4046,84.3661,2.2293
north_america,2028.4,13.6067,84.1537,2.2396
north_america,2028.5,13.8104,83.9399,2.2496
north_america,2028.6,14.0159,83.7247,2.2594
north_america,2028.7,14.2230,83.5080,2.2690
north_america,2028.8,14.4317,83.2900,2.2783
north_america,2028.9,14.6422,83.0705,2.2873
north_america,2029.0,14.8543,82.8496,2.2961
north_america,2029.1,15.0681,82.6274,2.3046
north_america,2029.2,15.2835,82.4037,2.3128
north_america,2029.3,15.5006,82.1787,2.3208
north_america,2029.4,15.7193,81.9523,2.3284
north_america,2029.5,15.9397,81.7245,2.3358
north_america,2029.6,16.1617,81.4954,2.3429
north_america,2029.7,16.3853,81.2649,2.3498
north_america,2029.8,16.6106,81.0331,2.3563
north_america,2029.9,16.8375,80.7999,2.3626
north_america,2030.0,17.0660,80.5655,2.3686
north_america,2030.1,17.2961,80.3297,2.3742
north_america,2030.2,17.5278,80.0926,2.3796
north_america,2030.3,17.7611,79.8542,2.3847
north_america,2030.4,17.9960,79.6145,2.3895
north_america,2030.5,18.2325,79.3735,2.3940
north_america,2030.6,18.4706,79.1313,2.3981
north_america,2030.7,18.7103,78.8878,2.4020
north_america,2030.8,18.9515,78.6430,2.4055
north_america,2030.9,19.1942,78.3970,2.4088
north_america,2031.0,19.4385,78.1497,2.4117
north_america,2031.1,19.6844,77.9013,2.4143
north_america,2031.2,19.9318,77.6516,2.4167
north_america,2031.3,20.1807,77.4007,2.4186
north_america,2031.4,20.4311,77.1486,2.4203
north_america,2031.5,20.6830,76.8954,2.4217
north_america,2031.6,20.9364,76.6409,2.4227
north_america,2031.7,21.1913,76.3853,2.4234
north_america,2031.8,21.4477,76.1286,2.4238
north_america,2031.9,21.7055,75.8707,2.4238
north_america,2032.0,21.9648,75.6116,2.4235
north_america,2032.1,22.2256,75.3515,2.4229
north_america,2032.2,22.4878,75.0902,2.4220
north_america,2032.3,22.7514,74.8279,2.4207
north_america,2032.4,23.0164,74.5644,2.4191
north_america,2032.5,23.2829,74.2999,2.4172
north_america,2032.6,23.5507,74.0343,2.4150
north_america,2032.7,23.8199,73.7677,2.4124
north_america,2032.8,24.0905,73.5000,2.4094
north_america,2032.9,24.3625,73.2313,2.4062
north_america,2033.0,24.6358,72.9616,2.4026
north_america,2033.1,24.9104,72.6909,2.3987
north_america,2033.2,25.1864,72.4192,2.3944
north_america,2033.3,25.4637,72.1466,2.3898
north_america,2033.4,25.7422,71.8729,2.3849
north_america,2033.5,26.0221,71.5983,2.3796
north_america,2033.6,26.3032,71.3228,2.3740
north_america,2033.7,26.5856,71.0463,2.3680
north_america,2033.8,26.8693,70.7690,2.3618
north_america,2033.9,27.1541,70.4907,2.3551
north_america,2034.0,27.4402,70.2116,2.3482
north_america,2034.1,27.7276,69.9315,2.3409
north_america,2034.2,28.0161,69.6506,2.3333
north_america,2034.3,28.3057,69.3689,2.3254
north_america,2034.4,28.5966,69.0864,2.3171
north_america,2034.5,28.8886,68.8030,2.3085
north_america,2034.6,29.1817,68.5188,2.2995
north_america,2034.7,29.4759,68.2338,2.2902
north_america,2034.8,29.7713,67.9481,2.2806
north_america,2034.9,30.0677,67.6615,2.2707
north_america,2035.0,30.3653,67.3743,2.2605
north_america,2035.1,30.6638,67.0863,2.2499
north_america,2035.2,30.9635,66.7976,2.2390
north_america,2035.3,31.2641,66.5081,2.2277
north_america,2035.4,31.5658,66.2180,2.2162
north_america,2035.5,31.8685,65.9272,2.2043
north_america,2035.6,32.1721,65.6358,2.1921
north_america,2035.7,32.4767,65.3437,2.1796
north_america,2035.8,32.7823,65.0510,2.1668
north_america,2035.9,33.0887,64.7576,2.1536
north_america,2036.0,33.3961,64.4637,2.1402
north_america,2036.1,33.7044,64.1691,2.1264
north_america,2036.2,34.0136,63.8740,2.1124
north_america,2036.3,34.3236,63.5784,2.0980
north_america,2036.4,34.6345,63.2822,2.0833
north_america,2036.5,34.9462,62.9854,2.0683
north_america,2036.6,35.2588,62.6882,2.0531
north_america,2036.7,35.5721,62.3905,2.0375
north_america,2036.8,35.8862,62.0922,2.0216
north_america,2036.9,36.2010,61.7935,2.0054
north_america,2037.0,36.5166,61.4944,1.9890
north_america,2037.1,36.8329,61.1949,1.9723
north_america,2037.2,37.1499,60.8949,1.9552
north_america,2037.3,37.4676,60.5945,1.9379
north_america,2037.4,37.7859,60.2937,1.9204
north_america,2037.5,38.1049,59.9926,1.9025
north_america,2037.6,38.4246,59.6911,1.8844
north_america,2037.7,38.7448,59.3892,1.8660
north_america,2037.8,39.0656,59.0871,1.8473
north_america,2037.9,39.3870,58.7846,1.8284
north_america,2038.0,39.7090,58.4818,1.8092
north_america,2038.1,40.0315,58.1788,1.7898
north_america,2038.2,40.3545,57.8755,1.7701
north_america,2038.3,40.6780,57.5719,1.7501
north_america,2038.4,41.0019,57.2681,1.7299
north_america,2038.5,41.3264,56.9642,1.7095
north_america,2038.6,41.6512,56.6600,1.6888
north_america,2038.7,41.9765,56.3556,1.6679
north_america,2038.8,42.3022,56.0511,1.6468
north_america,2038.9,42.6282,55.7464,1.6254
north_america,2039.0,42.9546,55.4416,1.6038
north_america,2039.1,43.2814,55.1366,1.5820
north_america,2039.2,43.6084,54.8316,1.5599
north_america,2039.3,43.9358,54.5265,1.5377
north_america,2039.4,44.2634,54.2213,1.5152
north_america,2039.5,44.5913,53.9161,1.4926
north_america,2039.6,44.9195,53.6108,1.4697
north_america,2039.7,45.2478,53.3055,1.4467
north_america,2039.8,45.5764,53.0002,1.4234
north_america,2039.9,45.9051,52.6949,1.4000
north_america,2040.0,46.2340,52.3896,1.3764
north_america,2040.1,46.5630,52.0844,1.3526
north_america,2040.2,46.8921,51.7792,1.3286
north_america,2040.3,47.2214,51.4741,1.3045
north_america,2040.4,47.5507,51.1691,1.2802
north_america,2040.5,47.8800,50.8642,1.2557
north_america,2040.6,48.2094,50.5595,1.2311
north_america,2040.7,48.5388,50.2548,1.2063
north_america,2040.8,48.8683,49.9503,1.1814
north_america,2040.9,49.1976,49.6460,1.1563
north_america,2041.0,49.5270,49.3419,1.1311
north_america,2041.1,49.8562,49.0380,1.1058
north_america,2041.2,50.1854,48.7343,1.0803
north_america,2041.3,50.5145,48.4308,1.0547
north_america,2041.4,50.8435,48.1275,1.0290
north_america,2041.5,51.1723,47.8245,1.0032
north_america,2041.6,51.5009,47.5218,0.9773
north_america,2041.7,51.8293,47.2194,0.9512
north_america,2041.8,52.1576,46.9173,0.9251
north_america,2041.9,52.4856,46.6156,0.8988
north_america,2042.0,52.8134,46.3141,0.8725
north_america,2042.1,53.1409,46.0130,0.8461
north_america,2042.2,53.4681,45.7123,0.8196
north_america,2042.3,53.7950,45.4120,0.7931
north_america,2042.4,54.1215,45.1120,0.7664
north_america,2042.5,54.4478,44.8125,0.7397
north_america,2042.6,54.7736,44.5134,0.7130
north_america,2042.7,55.0991,44.2148,0.6861
north_america,2042.8,55.4242,43.9166,0.6593
north_america,2042.9,55.7488,43.6188,0.6324
north_america,2043.0,56.0730,43.3216,0.6054
north_america,2043.1,56.3967,43.0248,0.5784
north_america,2043.2,56.7200,42.7286,0.5514
north_america,2043.3,57.0427,42.4329,0.5244
north_america,2043.4,57.3650,42.1378,0.4973
north_america,2043.5,57.6866,41.8432,0.4702
north_america,2043.6,58.0078,41.5491,0.4431
north_america,2043.7,58.3283,41.2557,0.4160
north_america,2043.8,58.6482,40.9628,0.3889
north_america,2043.9,58.9676,40.6706,0.3618
north_america,2044.0,59.2863,40.3790,0.3348
north_america,2044.1,59.6043,40.0880,0.3077
north_america,2044.2,59.9217,39.7977,0.2806
north_america,2044.3,60.2383,39.5080,0.2536
north_america,2044.4,60.5543,39.2191,0.2266
north_america,2044.5,60.8696,38.9308,0.1997
north_america,2044.6,61.1840,38.6432,0.1727
north_america,2044.7,61.4978,38.3564,0.1459
north_america,2044.8,61.8107,38.0702,0.1190
north_america,2044.9,62.1229,37.7848,0.0923
north_america,2045.0,62.4342,37.5002,0.0655
north_america,2045.1,62.7448,37.2164,0.0389
north_america,2045.2,63.0544,36.9333,0.0144
north_america,2045.3,63.3632,36.6510,0.0140
north_america,2045.4,63.6711,36.3695,0.0136
north_america,2045.5,63.9781,36.0888,0.0132
north_america,2045.6,64.2842,35.8090,0.0129
north_america,2045.7,64.5894,35.5300,0.0125
north_america,2045.8,64.8936,35.2519,0.0121
north_america,2045.9,65.1969,34.9746,0.0117
north_america,2046.0,65.4992,34.6982,0.0113
north_america,2046.1,65.8004,34.4227,0.0109
north_america,2046.2,66.1007,34.1480,0.0106
north_america,2046.3,66.3999,33.8743,0.0102
north_america,2046.4,66.6981,33.6015,0.0098
north_america,2046.5,66.9953,33.3297,0.0094
north_america,2046.6,67.2914,33.0587,0.0091
north_america,2046.7,67.5863,32.7888,0.0087
north_america,2046.8,67.8802,32.5198,0.0083
north_america,2046.9,68.1730,32.2517,0.0080
north_america,2047.0,68.4646,31.9847,0.0076
north_america,2047.1,68.7551,31.7186,0.0072
north_america,2047.2,69.0444,31.4535,0.0069
north_america,2047.3,69.3326,31.1895,0.0065
north_america,2047.4,69.6196,30.9264,0.0062
north_america,2047.5,69.9054,30.6644,0.0058
north_america,2047.6,70.1899,30.4035,0.0055
north_america,2047.7,70.4733,30.1436,0.0051
north_america,2047.8,70.7554,29.8847,0.0048
north_america,2047.9,71.0362,29.6269,0.0044
north_america,2048.0,71.3158,29.3702,0.0041
north_america,2048.1,71.5941,29.1146,0.0038
north_america,2048.2,71.8712,28.8600,0.0034
north_america,2048.3,72.1469,28.6066,0.0031
north_america,2048.4,72.4214,28.3543,0.0028
north_america,2048.5,72.6945,28.1031,0.0024
north_america,2048.6,72.9662,27.8530,0.0021
north_america,2048.7,73.2367,27.6040,0.0018
north_america,2048.8,73.5058,27.3562,0.0015
north_america,2048.9,73.7735,27.1095,0.0011
north_america,2049.0,74.0398,26.8640,0.0008
north_america,2049.1,74.3048,26.6196,0.0005
north_america,2049.2,74.5684,26.3765,0.0002
north_america,2049.3,74.8306,26.1344,0.0000
north_america,2049.4,75.0913,25.8936,0.0000
north_america,2049.5,75.3507,25.6540,0.0000
north_america,2049.6,75.6086,25.4155,0.0000
north_america,2049.7,75.8650,25.1783,0.0000
north_america,2049.8,76.1201,24.9422,0.0000
north_america,2049.9,76.3736,24.7074,0.0000
north_america,2050.0,76.6257,24.4738,0.0000
south_america,2015.0,0.0001,99.9997,0.0002
south_america,2015.1,0.0002,99.9996,0.0002
south_america,2015.2,0.0002,99.9995,0.0003
south_america,2015.3,0.0002,99.9995,0.0003
south_america,2015.4,0.0003,99.9993,0.0004
south_america,2015.5,0.0003,99.9992,0.0004
south_america,2015.6,0.0004,99.9991,0.0005
south_america,2015.7,0.0005,99.9989,0.0006
south_america,2015.8,0.0006,99.9987,0.0007
south_america,2015.9,0.0007,99.9985,0.0008
south_america,2016.0,0.0008,99.9982,0.0010
south_america,2016.1,0.0009,99.9980,0.0011
south_america,2016.2,0.0011,99.9976,0.0013
south_america,2016.3,0.0013,99.9972,0.0015
south_america,2016.4,0.0015,99.9968,0.0017
south_america,2016.5,0.0017,99.9963,0.0020
south_america,2016.6,0.0019,99.9958,0.0023
south_america,2016.7,0.0022,99.9952,0.0026
south_america,2016.8,0.0026,99.9945,0.0030
south_america,2016.9,0.0029,99.9937,0.0034
south_america,2017.0,0.0033,99.9928,0.0039
south_america,2017.1,0.0038,99.9918,0.0045
south_america,2017.2,0.0043,99.9907,0.0050
south_america,2017.3,0.0049,99.9895,0.0057
south_america,2017.4,0.0055,99.9882,0.0064
south_america,2017.5,0.0063,99.9867,0.0072
south_america,2017.6,0.0071,99.9850,0.0081
south_america,2017.7,0.0079,99.9831,0.0091
south_america,2017.8,0.0089,99.9811,0.0102
south_america,2017.9,0.0100,99.9788,0.0114
south_america,2018.0,0.0112,99.9763,0.0128
south_america,2018.1,0.0125,99.9736,0.0142
south_america,2018.2,0.0140,99.9705,0.0159
south_america,2018.3,0.0156,99.9672,0.0176
south_america,2018.4,0.0173,99.9636,0.0196
south_america,2018.5,0.0193,99.9596,0.0217
south_america,2018.6,0.0214,99.9552,0.0240
south_america,2018.7,0.0237,99.9504,0.0265
south_america,2018.8,0.0262,99.9452,0.0293
south_america,2018.9,0.0290,99.9395,0.0323
south_america,2019.0,0.0320,99.9333,0.0355
south_america,2019.1,0.0352,99.9266,0.0391
south_america,2019.2,0.0388,99.9192,0.0429
south_america,2019.3,0.0427,99.9113,0.0471
south_america,2019.4,0.0468,99.9026,0.0516
south_america,2019.5,0.0514,99.8933,0.0565
south_america,2019.6,0.0563,99.8831,0.0618
south_america,2019.7,0.0616,99.8722,0.0675
south_america,2019.8,0.0674,99.8603,0.0737
south_america,2019.9,0.0736,99.8475,0.0804
south_america,2020.0,0.0803,99.8337,0.0875
south_america,2020.1,0.0876,99.8188,0.0952
south_america,2020.2,0.0953,99.8028,0.1035
south_america,2020.3,0.1037,99.7855,0.1125
south_america,2020.4,0.1128,99.7670,0.1221
south_america,2020.5,0.1226,99.7470,0.1323
south_america,2020.6,0.1331,99.7255,0.1434
south_america,2020.7,0.1444,99.7024,0.1552
south_america,2020.8,0.1566,99.6777,0.1678
south_america,2020.9,0.1697,99.6511,0.1814
south_america,2021.0,0.1839,99.6225,0.1959
south_america,2021.1,0.1991,99.5919,0.2113
south_america,2021.2,0.2155,99.5591,0.2278
south_america,2021.3,0.2331,99.5240,0.2454
south_america,2021.4,0.2520,99.4864,0.2642
south_america,2021.5,0.2723,99.4461,0.2842
south_america,2021.6,0.2942,99.4030,0.3055
south_america,2021.7,0.3175,99.3570,0.3282
south_america,2021.8,0.3426,99.3078,0.3523
south_america,2021.9,0.3694,99.2553,0.3779
south_america,2022.0,0.3982,99.1993,0.4054
south_america,2022.1,0.4289,99.1396,0.4348
south_america,2022.2,0.4616,99.0760,0.4660
south_america,2022.3,0.4967,99.0082,0.4991
south_america,2022.4,0.5340,98.9361,0.5342
south_america,2022.5,0.5738,98.8594,0.5714
south_america,2022.6,0.6161,98.7779,0.6109
south_america,2022.7,0.6612,98.6913,0.6526
south_america,2022.8,0.7091,98.5994,0.6968
south_america,2022.9,0.7600,98.5019,0.7436
south_america,2023.0,0.8140,98.3986,0.7931
south_america,2023.1,0.8712,98.2892,0.8453
south_america,2023.2,0.9319,98.1734,0.9005
south_america,2023.3,0.9961,98.0508,0.9587
south_america,2023.4,1.0641,97.9213,1.0201
south_america,2023.5,1.1360,97.7844,1.0849
south_america,2023.6,1.2119,97.6400,1.1531
south_america,2023.7,1.2920,97.4876,1.2249
south_america,2023.8,1.3765,97.3269,1.3006
south_america,2023.9,1.4655,97.1575,1.3801
south_america,2024.0,1.5593,96.9793,1.4637
south_america,2024.1,1.6581,96.7917,1.5516
south_america,2024.2,1.7619,96.5944,1.6439
south_america,2024.3,1.8710,96.3871,1.7419
south_america,2024.4,1.9857,96.1694,1.8450
south_america,2024.5,2.1060,95.9409,1.9532
south_america,2024.6,2.2322,95.7012,2.0666
south_america,2024.7,2.3645,95.4500,2.1855
south_america,2024.8,2.5031,95.1869,2.3101
south_america,2024.9,2.6482,94.9114,2.4404
south_america,2025.0,2.8000,94.6232,2.5768
south_america,2025.1,2.9587,94.3219,2.7194
south_america,2025.2,3.1246,94.0070,2.8683
south_america,2025.3,3.2979,93.6783,3.0238
south_america,2025.4,3.4788,93.3352,3.1861
south_america,2025.5,3.6675,92.9773,3.3552
south_america,2025.6,3.8642,92.6043,3.5314
south_america,2025.7,4.0693,92.2158,3.7149
south_america,2025.8,4.2829,91.8113,3.9058
south_america,2025.9,4.5052,91.3905,4.1043
south_america,2026.0,4.7365,90.9530,4.3105
south_america,2026.1,4.9771,90.4982,4.5246
south_america,2026.2,5.2272,90.0260,4.7468
south_america,2026.3,5.4871,89.5358,4.9771
south_america,2026.4,5.7569,89.0274,5.2157
south_america,2026.5,6.0370,88.5003,5.4627
south_america,2026.6,6.3277,87.9541,5.7182
south_america,2026.7,6.6291,87.3885,5.9824
south_america,2026.8,6.9415,86.8032,6.2552
south_america,2026.9,7.2653,86.1978,6.5369
south_america,2027.0,7.6007,85.5720,6.8273
south_america,2027.1,7.9479,84.9254,7.1266
south_america,2027.2,8.3073,84.2579,7.4348
south_america,2027.3,8.6791,83.5690,7.7519
south_america,2027.4,9.0636,82.8585,8.0779
south_america,2027.5,9.4610,82.1262,8.4128
south_america,2027.6,9.8717,81.3718,8.7565
south_america,2027.7,10.2960,80.5952,9.1088
south_america,2027.8,10.7340,79.7961,9.4699
south_america,2027.9,11.1862,78.9744,9.8394
south_america,2028.0,11.6528,78.1299,10.2173
south_america,2028.1,12.1340,77.2626,10.6033
south_america,2028.2,12.6303,76.3724,10.9974
south_america,2028.3,13.1417,75.4592,11.3991
south_america,2028.4,13.6687,74.5230,11.8083
south_america,2028.5,14.2115,73.5639,12.2246
south_america,2028.6,14.7703,72.5820,12.6477
south_america,2028.7,15.3455,71.5774,13.0772
south_america,2028.8,15.9372,70.5501,13.5127
south_america,2028.9,16.5458,69.5006,13.9536
south_america,2029.0,17.1714,68.4290,14.3996
south_america,2029.1,17.8143,67.3357,14.8500
south_america,2029.2,18.4747,66.2210,15.3043
south_america,2029.3,19.1529,65.0854,15.7618
south_america,2029.4,19.8489,63.9293,16.2217
south_america,2029.5,20.5630,62.7535,16.6835
south_america,2029.6,21.2954,61.5584,17.1463
south_america,2029.7,22.0460,60.3448,17.6092
south_america,2029.8,22.8152,59.1134,18.0714
south_america,2029.9,23.6029,57.8651,18.5320
south_america,2030.0,24.4092,56.6008,18.9900
south_america,2030.1,25.2342,55.3214,19.4444
south_america,2030.2,26.0778,54.0281,19.8941
south_america,2030.3,26.9401,52.7219,20.3380
south_america,2030.4,27.8209,51.4040,20.7751
south_america,2030.5,28.7202,50.0757,21.2041
south_america,2030.6,29.6379,48.7383,21.6238
south_america,2030.7,30.5738,47.3932,22.0330
south_america,2030.8,31.5276,46.0418,22.4306
south_america,2030.9,32.4992,44.6857,22.8151
south_america,2031.0,33.4882,43.3264,23.1853
south_america,2031.1,34.4944,41.9656,23.5400
south_america,2031.2,35.5173,40.6048,23.8779
south_america,2031.3,36.5565,39.2459,24.1976
south_america,2031.4,37.6115,37.8905,24.4980
south_america,2031.5,38.6818,36.5405,24.7777
south_america,2031.6,39.7669,35.1975,25.0356
south_america,2031.7,40.8662,33.8634,25.2704
south_america,2031.8,41.9789,32.5401,25.4810
south_america,2031.9,43.1044,31.2293,25.6664
south_america,2032.0,44.2418,29.9327,25.8255
south_america,2032.1,45.3904,28.6523,25.9573
south_america,2032.2,46.5493,27.3898,26.0609
south_america,2032.3,47.7176,26.1467,26.1357
south_america,2032.4,48.8943,24.9250,26.1807
south_america,2032.5,50.0785,23.7260,26.1955
south_america,2032.6,51.2690,22.5515,26.1796
south_america,2032.7,52.4648,21.4028,26.1324
south_america,2032.8,53.6648,20.2814,26.0539
south_america,2032.9,54.8677,19.1885,25.9438
south_america,2033.0,56.0725,18.1255,25.8021
south_america,2033.1,57.2778,17.0933,25.6289
south_america,2033.2,58.4824,16.0931,25.4245
south_america,2033.3,59.6850,15.1256,25.1893
south_america,2033.4,60.8844,14.1918,24.9238
south_america,2033.5,62.0792,13.2921,24.6287
south_america,2033.6,63.2680,12.4272,24.3048
south_america,2033.7,64.4496,11.5973,23.9530
south_america,2033.8,65.6226,10.8029,23.5745
south_america,2033.9,66.7857,10.0440,23.1704
south_america,2034.0,67.9375,9.3205,22.7420
south_america,2034.1,69.0767,8.6325,22.2908
south_america,2034.2,70.2021,7.9796,21.8183
south_america,2034.3,71.3124,7.3614,21.3262
south_america,2034.4,72.4063,6.7774,20.8162
south_america,2034.5,73.4827,6.2272,20.2901
south_america,2034.6,74.5404,5.7099,19.7498
south_america,2034.7,75.5782,5.2247,19.1971
south_america,2034.8,76.5952,4.7708,18.6340
south_america,2034.9,77.5903,4.3472,18.0625
south_america,2035.0,78.5627,3.9528,17.4845
south_america,2035.1,79.5113,3.5866,16.9021
south_america,2035.2,80.4355,3.2474,16.3171
south_america,2035.3,81.3344,2.9340,15.7316
south_america,2035.4,82.2075,2.6452,15.1473
south_america,2035.5,83.0543,2.3797,14.5660
south_america,2035.6,83.8741,2.1363,13.9896
south_america,2035.7,84.6667,1.9137,13.4196
south_america,2035.8,85.4317,1.7106,12.8577
south_america,2035.9,86.1688,1.5259,12.3052
south_america,2036.0,86.8781,1.3582,11.7636
south_america,2036.1,87.5594,1.2065,11.2341
south_america,2036.2,88.2129,1.0694,10.7177
south_america,2036.3,88.8385,0.9460,10.2155
south_america,2036.4,89.4366,0.8351,9.7283
south_america,2036.5,90.0075,0.7357,9.2568
south_america,2036.6,90.5515,0.6468,8.8017
south_america,2036.7,91.0692,0.5675,8.3633
south_america,2036.8,91.5609,0.4969,7.9421
south_america,2036.9,92.0274,0.4343,7.5383
south_america,2037.0,92.4693,0.3788,7.1520
south_america,2037.1,92.8872,0.3297,6.7831
south_america,2037.2,93.2820,0.2864,6.4316
south_america,2037.3,93.6545,0.2483,6.0972
south_america,2037.4,94.0055,0.2148,5.7798
south_america,2037.5,94.3358,0.1854,5.4788
south_america,2037.6,94.6463,0.1598,5.1939
south_america,2037.7,94.9381,0.1374,4.9246
south_america,2037.8,95.2119,0.1178,4.6703
south_america,2037.9,95.4687,0.1008,4.4304
south_america,2038.0,95.7095,0.0861,4.2044
south_america,2038.1,95.9351,0.0734,3.9915
south_america,2038.2,96.1465,0.0623,3.7912
south_america,2038.3,96.3445,0.0528,3.6027
south_america,2038.4,96.5301,0.0447,3.4253
south_america,2038.5,96.7040,0.0376,3.2584
south_america,2038.6,96.8671,0.0316,3.1013
south_america,2038.7,97.0201,0.0265,2.9534
south_america,2038.8,97.1638,0.0221,2.8140
south_america,2038.9,97.2990,0.0184,2.6826
south_america,2039.0,97.4262,0.0153,2.5585
south_america,2039.1,97.5461,0.0126,2.4413
south_america,2039.2,97.6592,0.0104,2.3304
south_america,2039.3,97.7662,0.0085,2.2252
south_america,2039.4,97.8675,0.0070,2.1255
south_america,2039.5,97.9636,0.0057,2.0307
south_america,2039.6,98.0550,0.0046,1.9404
south_america,2039.7,98.1419,0.0037,1.8544
south_america,2039.8,98.2248,0.0030,1.7722
south_america,2039.9,98.3039,0.0024,1.6937
south_america,2040.0,98.3796,0.0019,1.6185
south_america,2040.1,98.4521,0.0015,1.5464
south_america,2040.2,98.5217,0.0012,1.4771
south_america,2040.3,98.5885,0.0009,1.4106
south_america,2040.4,98.6527,0.0007,1.3466
south_america,2040.5,98.7144,0.0006,1.2850
south_america,2040.6,98.7739,0.0004,1.2257
south_america,2040.7,98.8311,0.0003,1.1685
south_america,2040.8,98.8863,0.0003,1.1134
south_america,2040.9,98.9395,0.0002,1.0603
south_america,2041.0,98.9908,0.0001,1.0091
south_america,2041.1,99.0402,0.0001,0.9597
south_america,2041.2,99.0879,0.0001,0.9120
south_america,2041.3,99.1338,0.0001,0.8661
south_america,2041.4,99.1780,0.0000,0.8219
south_america,2041.5,99.2206,0.0000,0.7794
south_america,2041.6,99.2616,0.0000,0.7384
south_america,2041.7,99.3010,0.0000,0.6990
south_america,2041.8,99.3389,0.0000,0.6611
south_america,2041.9,99.3753,0.0000,0.6247
south_america,2042.0,99.4102,0.0000,0.5898
south_america,2042.1,99.4437,0.0000,0.5563
south_america,2042.2,99.4758,0.0000,0.5242
south_america,2042.3,99.5065,0.0000,0.4935
south_america,2042.4,99.5359,0.0000,0.4641
south_america,2042.5,99.5639,0.0000,0.4361
south_america,2042.6,99.5907,0.0000,0.4093
south_america,2042.7,99.6162,0.0000,0.3838
south_america,2042.8,99.6405,0.0000,0.3595
south_america,2042.9,99.6636,0.0000,0.3364
south_america,2043.0,99.6856,0.0000,0.3144
south_america,2043.1,99.7064,0.0000,0.2936
south_america,2043.2,99.7262,0.0000,0.2738
south_america,2043.3,99.7449,0.0000,0.2551
south_america,2043.4,99.7626,0.0000,0.2374
south_america,2043.5,99.7794,0.0000,0.2206
south_america,2043.6,99.7952,0.0000,0.2048
south_america,2043.7,99.8100,0.0000,0.1900
south_america,2043.8,99.8240,0.0000,0.1760
south_america,2043.9,99.8372,0.0000,0.1628
south_america,2044.0,99.8496,0.0000,0.1504
south_america,2044.1,99.8612,0.0000,0.1388
south_america,2044.2,99.8720,0.0000,0.1280
south_america,2044.3,99.8822,0.0000,0.1178
south_america,2044.4,99.8917,0.0000,0.1083
south_america,2044.5,99.9005,0.0000,0.0995
south_america,2044.6,99.9088,0.0000,0.0912
south_america,2044.7,99.9165,0.0000,0.0835
south_america,2044.8,99.9236,0.0000,0.0764
south_america,2044.9,99.9302,0.0000,0.0698
south_america,2045.0,99.9364,0.0000,0.0636
south_america,2045.1,99.9420,0.0000,0.0580
south_america,2045.2,99.9473,0.0000,0.0527
south_america,2045.3,99.9521,0.0000,0.0479
south_america,2045.4,99.9566,0.0000,0.0434
south_america,2045.5,99.9607,0.0000,0.0393
south_america,2045.6,99.9644,0.0000,0.0356
south_america,2045.7,99.9679,0.0000,0.0321
south_america,2045.8,99.9710,0.0000,0.0290
south_america,2045.9,99.9739,0.0000,0.0261
south_america,2046.0,99.9766,0.0000,0.0234
south_america,2046.1,99.9790,0.0000,0.0210
south_america,2046.2,99.9811,0.0000,0.0189
south_america,2046.3,99.9831,0.0000,0.0169
south_america,2046.4,99.9849,0.0000,0.0151
south_america,2046.5,99.9866,0.0000,0.0134
south_america,2046.6,99.9880,0.0000,0.0120
south_america,2046.7,99.9894,0.0000,0.0106
south_america,2046.8,99.9906,0.0000,0.0094
south_america,2046.9,99.9916,0.0000,0.0084
south_america,2047.0,99.9926,0.0000,0.0074
south_america,2047.1,99.9935,0.0000,0.0065
south_america,2047.2,99.9942,0.0000,0.0058
south_america,2047.3,99.9949,0.0000,0.0051
south_america,2047.4,99.9956,0.0000,0.0044
south_america,2047.5,99.9961,0.0000,0.0039
south_america,2047.6,99.9966,0.0000,0.0034
south_america,2047.7,99.9970,0.0000,0.0030
south_america,2047.8,99.9974,0.0000,0.0026
south_america,2047.9,99.9977,0.0000,0.0023
south_america,2048.0,99.9980,0.0000,0.0020
south_america,2048.1,99.9983,0.0000,0.0017
south_america,2048.2,99.9985,0.0000,0.0015
south_america,2048.3,99.9987,0.0000,0.0013
south_america,2048.4,99.9989,0.0000,0.0011
south_america,2048.5,99.9991,0.0000,0.0009
south_america,2048.6,99.9992,0.0000,0.0008
south_america,2048.7,99.9993,0.0000,0.0007
south_america,2048.8,99.9994,0.0000,0.0006
south_america,2048.9,99.9995,0.0000,0.0005
south_america,2049.0,99.9996,0.0000,0.0004
south_america,2049.1,99.9996,0.0000,0.0004
south_america,2049.2,99.9997,0.0000,0.0003
south_america,2049.3,99.9997,0.0000,0.0003
south_america,2049.4,99.9998,0.0000,0.0002
south_america,2049.5,99.9998,0.0000,0.0002
south_america,2049.6,99.9998,0.0000,0.0002
south_america,2049.7,99.9999,0.0000,0.0001
south_america,2049.8,99.9999,0.0000,0.0001
south_america,2049.9,99.9999,0.0000,0.0001
south_america,2050.0,99.9999,0.0000,0.0001
americas,2015.0,0.2641,99.5665,0.1694
americas,2015.1,0.2799,99.5429,0.1772
americas,2015.2,0.2964,99.5184,0.1852
americas,2015.3,0.3134,99.4932,0.1934
americas,2015.4,0.3311,99.4671,0.2018
americas,2015.5,0.3495,99.4402,0.2103
americas,2015.6,0.3685,99.4125,0.2190
americas,2015.7,0.3882,99.3839,0.2279
americas,2015.8,0.4086,99.3545,0.2370
americas,2015.9,0.4296,99.3242,0.2462
americas,2016.0,0.4514,99.2930,0.2556
americas,2016.1,0.4739,99.2610,0.2652
americas,2016.2,0.4971,99.2280,0.2749
americas,2016.3,0.5210,99.1941,0.2849
americas,2016.4,0.5457,99.1594,0.2950
americas,2016.5,0.5711,99.1237,0.3052
americas,2016.6,0.5973,99.0870,0.3156
americas,2016.7,0.6243,99.0494,0.3262
americas,2016.8,0.6521,99.0109,0.3370
americas,2016.9,0.6807,98.9714,0.3479
americas,2017.0,0.7101,98.9309,0.3589
americas,2017.1,0.7404,98.8895,0.3702
americas,2017.2,0.7715,98.8470,0.3816
americas,2017.3,0.8034,98.8035,0.3931
americas,2017.4,0.8362,98.7590,0.4048
americas,2017.5,0.8698,98.7135,0.4167
americas,2017.6,0.9044,98.6670,0.4287
americas,2017.7,0.9398,98.6194,0.4408
americas,2017.8,0.9761,98.5708,0.4532
americas,2017.9,1.0134,98.5210,0.4656
americas,2018.0,1.0516,98.4702,0.4782
americas,2018.1,1.0907,98.4184,0.4910
americas,2018.2,1.1307,98.3654,0.5039
americas,2018.3,1.1718,98.3113,0.5170
americas,2018.4,1.2138,98.2561,0.5302
americas,2018.5,1.2568,98.1997,0.5436
americas,2018.6,1.3008,98.1422,0.5571
americas,2018.7,1.3458,98.0836,0.5707
americas,2018.8,1.3918,98.0238,0.5845
americas,2018.9,1.4389,97.9628,0.5985
americas,2019.0,1.4870,97.9006,0.6126
americas,2019.1,1.5361,97.8372,0.6268
americas,2019.2,1.5863,97.7726,0.6412
americas,2019.3,1.6377,97.7067,0.6558
americas,2019.4,1.6901,97.6397,0.6705
americas,2019.5,1.7436,97.5713,0.6853
americas,2019.6,1.7982,97.5017,0.7003
americas,2019.7,1.8540,97.4308,0.7154
americas,2019.8,1.9109,97.3586,0.7307
americas,2019.9,1.9690,97.2851,0.7462
americas,2020.0,2.0282,97.2102,0.7618
americas,2020.1,2.0887,97.1340,0.7775
americas,2020.2,2.1503,97.0565,0.7935
americas,2020.3,2.2132,96.9775,0.8096
americas,2020.4,2.2773,96.8972,0.8258
americas,2020.5,2.3426,96.8155,0.8422
americas,2020.6,2.4092,96.7323,0.8588
americas,2020.7,2.4771,96.6476,0.8756
americas,2020.8,2.5463,96.5615,0.8926
americas,2020.9,2.6168,96.4738,0.9097
americas,2021.0,2.6886,96.3847,0.9271
americas,2021.1,2.7618,96.2940,0.9446
americas,2021.2,2.8364,96.2017,0.9623
americas,2021.3,2.9123,96.1078,0.9803
americas,2021.4,2.9897,96.0123,0.9984
americas,2021.5,3.0685,95.9151,1.0168
americas,2021.6,3.1488,95.8162,1.0354
americas,2021.7,3.2305,95.7156,1.0542
americas,2021.8,3.3138,95.6133,1.0733
americas,2021.9,3.3985,95.5092,1.0926
americas,2022.0,3.4849,95.4033,1.1123
americas,2022.1,3.5727,95.2956,1.1322
americas,2022.2,3.6622,95.1859,1.1524
americas,2022.3,3.7533,95.0744,1.1729
americas,2022.4,3.8460,94.9609,1.1938
americas,2022.5,3.9404,94.8454,1.2149
americas,2022.6,4.0365,94.7279,1.2364
americas,2022.7,4.1343,94.6083,1.2582
americas,2022.8,4.2339,94.4866,1.2804
americas,2022.9,4.3352,94.3627,1.3030
americas,2023.0,4.4383,94.2366,1.3259
americas,2023.1,4.5433,94.1083,1.3493
americas,2023.2,4.6501,93.9777,1.3731
americas,2023.3,4.7588,93.8448,1.3973
americas,2023.4,4.8694,93.7094,1.4220
americas,2023.5,4.9820,93.5717,1.4472
americas,2023.6,5.0965,93.4314,1.4729
americas,2023.7,5.2130,93.2886,1.4990
americas,2023.8,5.3316,93.1432,1.5258
americas,2023.9,5.4523,92.9952,1.5530
americas,2024.0,5.5751,92.8444,1.5809
americas,2024.1,5.7000,92.6910,1.6093
americas,2024.2,5.8270,92.5346,1.6384
americas,2024.3,5.9563,92.3755,1.6682
americas,2024.4,6.0878,92.2134,1.6988
americas,2024.5,6.2216,92.0483,1.7301
americas,2024.6,6.3577,91.8801,1.7622
americas,2024.7,6.4961,91.7089,1.7950
americas,2024.8,6.6370,91.5345,1.8286
americas,2024.9,6.7802,91.3568,1.8630
americas,2025.0,6.9259,91.1759,1.8982
americas,2025.1,7.0740,90.9916,1.9344
americas,2025.2,7.2247,90.8039,1.9714
americas,2025.3,7.3780,90.6127,2.0093
americas,2025.4,7.5338,90.4180,2.0481
americas,2025.5,7.6923,90.2197,2.0879
americas,2025.6,7.8535,90.0178,2.1287
americas,2025.7,8.0174,89.8121,2.1705
americas,2025.8,8.1840,89.6026,2.2134
americas,2025.9,8.3534,89.3893,2.2573
americas,2026.0,8.5257,89.1721,2.3022
americas,2026.1,8.7008,88.9509,2.3483
americas,2026.2,8.8788,88.7257,2.3955
americas,2026.3,9.0598,88.4964,2.4438
americas,2026.4,9.2438,88.2630,2.4932
americas,2026.5,9.4308,88.0254,2.5438
americas,2026.6,9.6209,87.7835,2.5956
americas,2026.7,9.8141,87.5373,2.6486
americas,2026.8,10.0104,87.2868,2.7028
americas,2026.9,10.2100,87.0319,2.7581
americas,2027.0,10.4128,86.7725,2.8147
americas,2027.1,10.6189,86.5086,2.8725
americas,2027.2,10.8283,86.2402,2.9315
americas,2027.3,11.0411,85.9672,2.9918
americas,2027.4,11.2572,85.6896,3.0532
americas,2027.5,11.4769,85.4073,3.1158
americas,2027.6,11.7000,85.1203,3.1796
americas,2027.7,11.9267,84.8287,3.2446
americas,2027.8,12.1570,84.5323,3.3107
americas,2027.9,12.3909,84.2311,3.3780
americas,2028.0,12.6285,83.9251,3.4464
americas,2028.1,12.8698,83.6144,3.5159
americas,2028.2,13.1148,83.2988,3.5863
americas,2028.3,13.3637,82.9785,3.6578
americas,2028.4,13.6163,82.6534,3.7303
americas,2028.5,13.8729,82.3235,3.8036
americas,2028.6,14.1334,81.9888,3.8778
americas,2028.7,14.3978,81.6494,3.9528
americas,2028.8,14.6663,81.3053,4.0285
americas,2028.9,14.9387,80.9565,4.1048
americas,2029.0,15.2153,80.6031,4.1817
americas,2029.1,15.4959,80.2451,4.2590
americas,2029.2,15.7806,79.8826,4.3367
americas,2029.3,16.0696,79.5157,4.4147
americas,2029.4,16.3626,79.1445,4.4928
americas,2029.5,16.6599,78.7690,4.5710
americas,2029.6,16.9614,78.3894,4.6491
americas,2029.7,17.2672,78.0058,4.7270
americas,2029.8,17.5772,77.6182,4.8046
americas,2029.9,17.8915,77.2269,4.8816
americas,2030.0,18.2100,76.8320,4.9580
americas,2030.1,18.5328,76.4337,5.0336
americas,2030.2,18.8598,76.0320,5.1082
americas,2030.3,19.1911,75.6273,5.1816
americas,2030.4,19.5267,75.2196,5.2537
americas,2030.5,19.8664,74.8092,5.3243
americas,2030.6,20.2104,74.3964,5.3933
americas,2030.7,20.5585,73.9813,5.4603
americas,2030.8,20.9107,73.5641,5.5252
americas,2030.9,21.2670,73.1452,5.5879
americas,2031.0,21.6273,72.7247,5.6480
americas,2031.1,21.9916,72.3029,5.7055
americas,2031.2,22.3598,71.8801,5.7601
americas,2031.3,22.7318,71.4566,5.8116
americas,2031.4,23.1076,71.0327,5.8598
americas,2031.5,23.4870,70.6085,5.9045
americas,2031.6,23.8700,70.1845,5.9455
americas,2031.7,24.2564,69.7609,5.9827
americas,2031.8,24.6462,69.3380,6.0158
americas,2031.9,25.0392,68.9160,6.0447
americas,2032.0,25.4353,68.4954,6.0693
americas,2032.1,25.8344,68.0763,6.0893
americas,2032.2,26.2363,67.6590,6.1047
americas,2032.3,26.6408,67.2439,6.1152
americas,2032.4,27.0479,66.8312,6.1209
americas,2032.5,27.4573,66.4211,6.1216
americas,2032.6,27.8689,66.0139,6.1172
americas,2032.7,28.2825,65.6099,6.1077
americas,2032.8,28.6979,65.2092,6.0930
americas,2032.9,29.1148,64.8121,6.0731
americas,2033.0,29.5333,64.4188,6.0480
americas,2033.1,29.9529,64.0295,6.0177
americas,2033.2,30.3735,63.6443,5.9822
americas,2033.3,30.7950,63.2634,5.9417
americas,2033.4,31.2170,62.8869,5.8962
americas,2033.5,31.6394,62.5149,5.8457
americas,2033.6,32.0619,62.1475,5.7905
americas,2033.7,32.4844,61.7849,5.7307
americas,2033.8,32.9066,61.4270,5.6665
americas,2033.9,33.3283,61.0738,5.5979
americas,2034.0,33.7492,60.7254,5.5253
americas,2034.1,34.1693,60.3818,5.4489
americas,2034.2,34.5882,60.0430,5.3688
americas,2034.3,35.0057,59.7088,5.2855
americas,2034.4,35.4216,59.3793,5.1990
americas,2034.5,35.8358,59.0544,5.1098
americas,2034.6,36.2481,58.7339,5.0181
americas,2034.7,36.6582,58.4177,4.9241
americas,2034.8,37.0659,58.1058,4.8283
americas,2034.9,37.4712,57.7979,4.7309
americas,2035.0,37.8739,57.4939,4.6322
americas,2035.1,38.2737,57.1938,4.5325
americas,2035.2,38.6706,56.8972,4.4322
americas,2035.3,39.0645,56.6040,4.3315
americas,2035.4,39.4552,56.3141,4.2307
americas,2035.5,39.8426,56.0273,4.1301
americas,2035.6,40.2267,55.7433,4.0300
americas,2035.7,40.6073,55.4620,3.9307
americas,2035.8,40.9844,55.1833,3.8323
americas,2035.9,41.3580,54.9068,3.7351
americas,2036.0,41.7280,54.6326,3.6394
americas,2036.1,42.0944,54.3603,3.5453
americas,2036.2,42.4572,54.0898,3.4530
americas,2036.3,42.8164,53.8210,3.3626
americas,2036.4,43.1721,53.5536,3.2743
americas,2036.5,43.5242,53.2876,3.1882
americas,2036.6,43.8727,53.0229,3.1044
americas,2036.7,44.2179,52.7591,3.0230
americas,2036.8,44.5596,52.4964,2.9440
americas,2036.9,44.8981,52.2345,2.8674
americas,2037.0,45.2334,51.9733,2.7933
americas,2037.1,45.5655,51.7128,2.7217
americas,2037.2,45.8946,51.4528,2.6526
americas,2037.3,46.2209,51.1932,2.5859
americas,2037.4,46.5443,50.9341,2.5216
americas,2037.5,46.8651,50.6753,2.4596
americas,2037.6,47.1833,50.4168,2.4000
americas,2037.7,47.4991,50.1585,2.3425
americas,2037.8,47.8126,49.9003,2.2871
americas,2037.9,48.1239,49.6423,2.2338
americas,2038.0,48.4332,49.3844,2.1823
americas,2038.1,48.7406,49.1266,2.1328
americas,2038.2,49.0462,48.8688,2.0849
americas,2038.3,49.3502,48.6111,2.0387
americas,2038.4,49.6526,48.3534,1.9940
americas,2038.5,49.9536,48.0957,1.9508
americas,2038.6,50.2532,47.8379,1.9089
americas,2038.7,50.5517,47.5802,1.8682
americas,2038.8,50.8490,47.3224,1.8286
americas,2038.9,51.1453,47.0646,1.7901
americas,2039.0,51.4407,46.8068,1.7525
americas,2039.1,51.7352,46.5490,1.7158
americas,2039.2,52.0289,46.2911,1.6800
americas,2039.3,52.3220,46.0332,1.6448
americas,2039.4,52.6143,45.7753,1.6103
americas,2039.5,52.9061,45.5174,1.5764
americas,2039.6,53.1974,45.2596,1.5431
americas,2039.7,53.4881,45.0017,1.5102
americas,2039.8,53.7784,44.7438,1.4778
americas,2039.9,54.0682,44.4860,1.4458
americas,2040.0,54.3577,44.2282,1.4141
americas,2040.1,54.6467,43.9705,1.3828
americas,2040.2,54.9354,43.7128,1.3518
americas,2040.3,55.2238,43.4552,1.3210
americas,2040.4,55.5118,43.1977,1.2905
americas,2040.5,55.7995,42.9403,1.2603
americas,2040.6,56.0868,42.6830,1.2303
americas,2040.7,56.3738,42.4258,1.2004
americas,2040.8,56.6605,42.1687,1.1708
americas,2040.9,56.9469,41.9118,1.1414
americas,2041.0,57.2329,41.6550,1.1121
americas,2041.1,57.5185,41.3984,1.0830
americas,2041.2,57.8039,41.1420,1.0541
americas,2041.3,58.0888,40.8858,1.0253
americas,2041.4,58.3734,40.6298,0.9968
americas,2041.5,58.6576,40.3740,0.9683
americas,2041.6,58.9415,40.1185,0.9400
americas,2041.7,59.2249,39.8632,0.9119
americas,2041.8,59.5079,39.6082,0.8840
americas,2041.9,59.7905,39.3534,0.8561
americas,2042.0,60.0726,39.0989,0.8285
americas,2042.1,60.3543,38.8447,0.8010
americas,2042.2,60.6355,38.5909,0.7736
americas,2042.3,60.9163,38.3373,0.7464
americas,2042.4,61.1966,38.0841,0.7193
americas,2042.5,61.4763,37.8312,0.6924
americas,2042.6,61.7556,37.5787,0.6657
americas,2042.7,62.0344,37.3266,0.6390
americas,2042.8,62.3126,37.0749,0.6126
americas,2042.9,62.5902,36.8235,0.5863
americas,2043.0,62.8673,36.5726,0.5601
americas,2043.1,63.1439,36.3221,0.5340
americas,2043.2,63.4199,36.0720,0.5082
americas,2043.3,63.6952,35.8224,0.4824
americas,2043.4,63.9700,35.5732,0.4568
americas,2043.5,64.2442,35.3245,0.4313
americas,2043.6,64.5178,35.0762,0.4060
americas,2043.7,64.7907,34.8285,0.3808
americas,2043.8,65.0630,34.5813,0.3557
americas,2043.9,65.3346,34.3346,0.3308
americas,2044.0,65.6056,34.0884,0.3060
americas,2044.1,65.8759,33.8428,0.2814
americas,2044.2,66.1455,33.5977,0.2569
americas,2044.3,66.4144,33.3531,0.2325
americas,2044.4,66.6826,33.1092,0.2082
americas,2044.5,66.9501,32.8658,0.1840
americas,2044.6,67.2169,32.6230,0.1600
americas,2044.7,67.4830,32.3809,0.1361
americas,2044.8,67.7483,32.1393,0.1124
americas,2044.9,68.0128,31.8984,0.0888
americas,2045.0,68.2766,31.6581,0.0652
americas,2045.1,68.5397,31.4185,0.0419
americas,2045.2,68.8019,31.1795,0.0204
americas,2045.3,69.0633,30.9412,0.0193
americas,2045.4,69.3240,30.7036,0.0183
americas,2045.5,69.5838,30.4666,0.0173
americas,2045.6,69.8428,30.2304,0.0164
americas,2045.7,70.1010,29.9948,0.0155
americas,2045.8,70.3583,29.7600,0.0147
americas,2045.9,70.6147,29.5259,0.0139
americas,2046.0,70.8703,29.2926,0.0132
americas,2046.1,71.1251,29.0600,0.0125
americas,2046.2,71.3789,28.8282,0.0119
americas,2046.3,71.6318,28.5971,0.0112
americas,2046.4,71.8838,28.3668,0.0106
americas,2046.5,72.1349,28.1373,0.0101
americas,2046.6,72.3851,27.9086,0.0095
americas,2046.7,72.6344,27.6807,0.0090
americas,2046.8,72.8826,27.4536,0.0085
americas,2046.9,73.1300,27.2273,0.0080
americas,2047.0,73.3763,27.0018,0.0076
americas,2047.1,73.6217,26.7772,0.0071
americas,2047.2,73.8661,26.5534,0.0067
americas,2047.3,74.1094,26.3305,0.0063
americas,2047.4,74.3518,26.1085,0.0059
americas,2047.5,74.5931,25.8873,0.0055
americas,2047.6,74.8335,25.6670,0.0052
americas,2047.7,75.0727,25.4475,0.0048
americas,2047.8,75.3109,25.2290,0.0044
americas,2047.9,75.5481,25.0114,0.0041
americas,2048.0,75.7842,24.7947,0.0038
americas,2048.1,76.0192,24.5789,0.0034
americas,2048.2,76.2531,24.3640,0.0031
americas,2048.3,76.4859,24.1500,0.0028
americas,2048.4,76.7176,23.9370,0.0025
americas,2048.5,76.9482,23.7249,0.0022
americas,2048.6,77.1777,23.5138,0.0019
americas,2048.7,77.4060,23.3036,0.0016
americas,2048.8,77.6332,23.0944,0.0013
americas,2048.9,77.8592,22.8862,0.0010
americas,2049.0,78.0841,22.6789,0.0008
americas,2049.1,78.3078,22.4726,0.0005
americas,2049.2,78.5303,22.2673,0.0002
americas,2049.3,78.7516,22.0630,0.0000
americas,2049.4,78.9718,21.8597,0.0000
americas,2049.5,79.1907,21.6574,0.0000
americas,2049.6,79.4085,21.4561,0.0000
americas,2049.7,79.6250,21.2558,0.0000
americas,2049.8,79.8403,21.0565,0.0000
americas,2049.9,80.0543,20.8583,0.0000
americas,2050.0,80.2672,20.6610,0.0000
asia,2015.0,0.4053,99.7030,0.0333
asia,2015.1,0.4336,99.6792,0.0342
asia,2015.2,0.4634,99.6539,0.0350
asia,2015.3,0.4948,99.6267,0.0359
asia,2015.4,0.5278,99.5978,0.0367
asia,2015.5,0.5624,99.5669,0.0376
asia,2015.6,0.5988,99.5340,0.0385
asia,2015.7,0.6369,99.4990,0.0393
asia,2015.8,0.6769,99.4618,0.0402
asia,2015.9,0.7188,99.4222,0.0411
asia,2016.0,0.7626,99.3802,0.0419
asia,2016.1,0.8086,99.3353,0.0429
asia,2016.2,0.8570,99.2872,0.0441
asia,2016.3,0.9077,99.2360,0.0454
asia,2016.4,0.9609,99.1816,0.0467
asia,2016.5,1.0165,99.1238,0.0481
asia,2016.6,1.0746,99.0626,0.0495
asia,2016.7,1.1354,98.9978,0.0510
asia,2016.8,1.1988,98.9293,0.0524
asia,2016.9,1.2649,98.8569,0.0540
asia,2017.0,1.3337,98.7805,0.0555
asia,2017.1,1.4055,98.7000,0.0570
asia,2017.2,1.4801,98.6152,0.0586
asia,2017.3,1.5577,98.5259,0.0602
asia,2017.4,1.6383,98.4320,0.0618
asia,2017.5,1.7221,98.3333,0.0634
asia,2017.6,1.8090,98.2297,0.0650
asia,2017.7,1.8992,98.1210,0.0666
asia,2017.8,1.9927,98.0069,0.0683
asia,2017.9,2.0895,97.8874,0.0699
asia,2018.0,2.1899,97.7622,0.0716
asia,2018.1,2.2938,97.6311,0.0752
asia,2018.2,2.4012,97.4940,0.1048
asia,2018.3,2.5124,97.3506,0.1370
asia,2018.4,2.6273,97.2008,0.1719
asia,2018.5,2.7461,97.0444,0.2096
asia,2018.6,2.8687,96.8811,0.2502
asia,2018.7,2.9953,96.7108,0.2939
asia,2018.8,3.1260,96.5333,0.3408
asia,2018.9,3.2608,96.3483,0.3910
asia,2019.0,3.3998,96.1556,0.4447
asia,2019.1,3.5431,95.9551,0.5020
asia,2019.2,3.6907,95.7464,0.5630
asia,2019.3,3.8427,95.5295,0.6279
asia,2019.4,3.9993,95.3041,0.6968
asia,2019.5,4.1604,95.0699,0.7698
asia,2019.6,4.3262,94.8268,0.8472
asia,2019.7,4.4967,94.5746,0.9289
asia,2019.8,4.6720,94.3130,1.0152
asia,2019.9,4.8521,94.0418,1.1062
asia,2020.0,5.0373,93.7609,1.2021
asia,2020.1,5.2274,93.4699,1.3029
asia,2020.2,5.4227,93.1688,1.4087
asia,2020.3,5.6231,92.8573,1.5198
asia,2020.4,5.8288,92.5352,1.6362
asia,2020.5,6.0398,92.2024,1.7581
asia,2020.6,6.2562,91.8585,1.8856
asia,2020.7,6.4781,91.5036,2.0187
asia,2020.8,6.7055,91.1373,2.1576
asia,2020.9,6.9386,90.7595,2.3024
asia,2021.0,7.1773,90.3700,2.4531
asia,2021.1,7.4218,89.9688,2.6099
asia,2021.2,7.6721,89.5556,2.7729
asia,2021.3,7.9283,89.1302,2.9421
asia,2021.4,8.1905,88.6926,3.1175
asia,2021.5,8.4587,88.2427,3.2993
asia,2021.6,8.7330,87.7803,3.4875
asia,2021.7,9.0134,87.3053,3.6820
asia,2021.8,9.3002,86.8177,3.8830
asia,2021.9,9.5932,86.3173,4.0904
asia,2022.0,9.8925,85.8042,4.3043
asia,2022.1,10.1983,85.2781,4.5246
asia,2022.2,10.5106,84.7392,4.7512
asia,2022.3,10.8295,84.1874,4.9843
asia,2022.4,11.1550,83.6227,5.2237
asia,2022.5,11.4871,83.0450,5.4693
asia,2022.6,11.8260,82.4545,5.7211
asia,2022.7,12.1716,81.8512,5.9789
asia,2022.8,12.5241,81.2351,6.2426
asia,2022.9,12.8835,80.6063,6.5121
asia,2023.0,13.2499,79.9649,6.7873
asia,2023.1,13.6233,79.3110,7.0680
asia,2023.2,14.0037,78.6447,7.3539
asia,2023.3,14.3913,77.9663,7.6450
asia,2023.4,14.7861,77.2759,7.9408
asia,2023.5,15.1880,76.5736,8.2413
asia,2023.6,15.5972,75.8597,8.5461
asia,2023.7,16.0138,75.1345,8.8550
asia,2023.8,16.4377,74.3981,9.1677
asia,2023.9,16.8690,73.6509,9.4838
asia,2024.0,17.3078,72.8932,9.8029
asia,2024.1,17.7540,72.1252,10.1248
asia,2024.2,18.2078,71.3474,10.4491
asia,2024.3,18.6691,70.5600,10.7753
asia,2024.4,19.1381,69.7634,11.1031
asia,2024.5,19.6147,68.9581,11.4320
asia,2024.6,20.0989,68.1444,11.7615
asia,2024.7,20.5909,67.3229,12.0912
asia,2024.8,21.0906,66.4938,12.4206
asia,2024.9,21.5980,65.6578,12.7492
asia,2025.0,22.1132,64.8153,13.0766
asia,2025.1,22.6362,63.9668,13.4021
asia,2025.2,23.1669,63.1129,13.7252
asia,2025.3,23.7054,62.2540,14.0455
asia,2025.4,24.2516,61.3907,14.3622
asia,2025.5,24.8057,60.5237,14.6750
asia,2025.6,25.3674,59.6534,14.9831
asia,2025.7,25.9368,58.7806,15.2861
asia,2025.8,26.5138,57.9058,15.5834
asia,2025.9,27.0983,57.0296,15.8743
asia,2026.0,27.6903,56.1528,16.1584
asia,2026.1,28.2897,55.2760,16.4349
asia,2026.2,28.8963,54.3999,16.7038
asia,2026.3,29.5099,53.5253,16.9648
asia,2026.4,30.1304,52.6527,17.2168
asia,2026.5,30.7576,51.7831,17.4592
asia,2026.6,31.3913,50.9172,17.6915
asia,2026.7,32.0311,50.0558,17.9132
asia,2026.8,32.6767,49.1997,18.1236
asia,2026.9,33.3279,48.3497,18.3224
asia,2027.0,33.9841,47.5068,18.5091
asia,2027.1,34.6451,46.6718,18.6831
asia,2027.2,35.3103,45.8456,18.8441
asia,2027.3,35.9792,45.0291,18.9916
asia,2027.4,36.6514,44.2234,19.1253
asia,2027.5,37.3262,43.4292,19.2446
asia,2027.6,38.0030,42.6476,19.3495
asia,2027.7,38.6813,41.8794,19.4396
asia,2027.8,39.3603,41.1255,19.5175
asia,2027.9,40.0396,40.3869,19.5800
asia,2028.0,40.7184,39.6642,19.6268
asia,2028.1,41.3963,38.9583,19.6665
asia,2028.2,42.0725,38.2699,19.6910
asia,2028.3,42.7465,37.5995,19.7000
asia,2028.4,43.4179,36.9476,19.6934
asia,2028.5,44.0863,36.3146,19.6713
asia,2028.6,44.7512,35.7007,19.6338
asia,2028.7,45.4124,35.1062,19.5810
asia,2028.8,46.0696,34.5310,19.5131
asia,2028.9,46.7227,33.9751,19.4302
asia,2029.0,47.3716,33.4382,19.3327
asia,2029.1,48.0163,32.9202,19.2208
asia,2029.2,48.6567,32.4206,19.0949
asia,2029.3,49.2929,31.9391,18.9553
asia,2029.4,49.9251,31.4752,18.8023
asia,2029.5,50.5533,31.0283,18.6364
asia,2029.6,51.1775,30.5981,18.4580
asia,2029.7,51.7979,30.1839,18.2674
asia,2029.8,52.4144,29.7854,18.0651
asia,2029.9,53.0272,29.4019,17.8517
asia,2030.0,53.6362,29.0330,17.6275
asia,2030.1,54.2414,28.6782,17.3930
asia,2030.2,54.8428,28.3371,17.1488
asia,2030.3,55.4402,28.0092,16.8954
asia,2030.4,56.0335,27.6940,16.6333
asia,2030.5,56.6227,27.3910,16.3631
asia,2030.6,57.2076,27.0998,16.0860
asia,2030.7,57.7882,26.8199,15.8024
asia,2030.8,58.3642,26.5508,15.5126
asia,2030.9,58.9355,26.2920,15.2171
asia,2031.0,59.5021,26.0430,14.9164
asia,2031.1,60.0638,25.8032,14.6113
asia,2031.2,60.6205,25.5723,14.3022
asia,2031.3,61.1720,25.3497,13.9899
asia,2031.4,61.7183,25.1348,13.6749
asia,2031.5,62.2593,24.9272,13.3576
asia,2031.6,62.7948,24.7265,13.0389
asia,2031.7,63.3247,24.5320,12.7190
asia,2031.8,63.8490,24.3435,12.3987
asia,2031.9,64.3674,24.1603,12.0784
asia,2032.0,64.8801,23.9822,11.7585
asia,2032.1,65.3867,23.8086,11.4397
asia,2032.2,65.8874,23.6391,11.1223
asia,2032.3,66.3819,23.4734,10.8068
asia,2032.4,66.8702,23.3111,10.4936
asia,2032.5,67.3522,23.1518,10.1830
asia,2032.6,67.8279,22.9952,9.8755
asia,2032.7,68.2972,22.8409,9.5714
asia,2032.8,68.7600,22.6888,9.2711
asia,2032.9,69.2162,22.5385,8.9748
asia,2033.0,69.6660,22.3897,8.6827
asia,2033.1,70.1091,22.2422,8.3953
asia,2033.2,70.5455,22.0958,8.1126
asia,2033.3,70.9754,21.9502,7.8350
asia,2033.4,71.3985,21.8054,7.5626
asia,2033.5,71.8150,21.6611,7.2955
asia,2033.6,72.2247,21.5171,7.0339
asia,2033.7,72.6278,21.3734,6.7780
asia,2033.8,73.0242,21.2297,6.5279
asia,2033.9,73.4140,21.0861,6.2836
asia,2034.0,73.7971,20.9423,6.0452
asia,2034.1,74.1736,20.7984,5.8128
asia,2034.2,74.5436,20.6542,5.5864
asia,2034.3,74.9071,20.5097,5.3662
asia,2034.4,75.2641,20.3648,5.1519
asia,2034.5,75.6148,20.2195,4.9438
asia,2034.6,75.9591,20.0738,4.7417
asia,2034.7,76.2972,19.9276,4.5456
asia,2034.8,76.6291,19.7809,4.3556
asia,2034.9,76.9549,19.6337,4.1715
asia,2035.0,77.2747,19.4860,3.9934
asia,2035.1,77.5886,19.3378,3.8211
asia,2035.2,77.8966,19.1892,3.6545
asia,2035.3,78.1990,19.0400,3.4937
asia,2035.4,78.4956,18.8905,3.3386
asia,2035.5,78.7868,18.7404,3.1889
asia,2035.6,79.0725,18.5900,3.0447
asia,2035.7,79.3529,18.4392,2.9059
asia,2035.8,79.6281,18.2881,2.7723
asia,2035.9,79.8981,18.1367,2.6438
asia,2036.0,80.1631,17.9850,2.5204
asia,2036.1,80.4233,17.8331,2.4019
asia,2036.2,80.6786,17.6809,2.2883
asia,2036.3,80.9292,17.5287,2.1793
asia,2036.4,81.1752,17.3763,2.0749
asia,2036.5,81.4167,17.2239,1.9749
asia,2036.6,81.6538,17.0715,1.8793
asia,2036.7,81.8866,16.9192,1.7879
asia,2036.8,82.1152,16.7669,1.7006
asia,2036.9,82.3397,16.6148,1.6173
asia,2037.0,82.5601,16.4629,1.5378
asia,2037.1,82.7766,16.3113,1.4620
asia,2037.2,82.9892,16.1599,1.3899
asia,2037.3,83.1981,16.0090,1.3213
asia,2037.4,83.4033,15.8584,1.2560
asia,2037.5,83.6048,15.7083,1.1940
asia,2037.6,83.8029,15.5588,1.1352
asia,2037.7,83.9974,15.4098,1.0793
asia,2037.8,84.1885,15.2615,1.0264
asia,2037.9,84.3763,15.1139,0.9763
asia,2038.0,84.5608,14.9670,0.9289
asia,2038.1,84.7421,14.8209,0.8840
asia,2038.2,84.9203,14.6757,0.8417
asia,2038.3,85.0953,14.5314,0.8017
asia,2038.4,85.2672,14.3881,0.7640
asia,2038.5,85.4362,14.2458,0.7285
asia,2038.6,85.6022,14.1046,0.6950
asia,2038.7,85.7652,13.9645,0.6636
asia,2038.8,85.9254,13.8256,0.6340
asia,2038.9,86.0828,13.6879,0.6063
asia,2039.0,86.2373,13.5515,0.5802
asia,2039.1,86.3891,13.4164,0.5558
asia,2039.2,86.5381,13.2827,0.5330
asia,2039.3,86.6845,13.1505,0.5117
asia,2039.4,86.8281,13.0197,0.4917
asia,2039.5,86.9691,12.8904,0.4731
asia,2039.6,87.1075,12.7627,0.4558
asia,2039.7,87.2433,12.6365,0.4396
asia,2039.8,87.3765,12.5121,0.4246
asia,2039.9,87.5072,12.3892,0.4106
asia,2040.0,87.6353,12.2682,0.3976
asia,2040.1,87.7609,12.1488,0.3856
asia,2040.2,87.8841,12.0313,0.3745
asia,2040.3,88.0047,11.9155,0.3642
asia,2040.4,88.1229,11.8016,0.3547
asia,2040.5,88.2387,11.6896,0.3460
asia,2040.6,88.3521,11.5794,0.3379
asia,2040.7,88.4630,11.4712,0.3305
asia,2040.8,88.5716,11.3649,0.3237
asia,2040.9,88.6779,11.2606,0.3175
asia,2041.0,88.7817,11.1583,0.3118
asia,2041.1,88.8833,11.0579,0.3066
asia,2041.2,88.9825,10.9596,0.3018
asia,2041.3,89.0795,10.8633,0.2975
asia,2041.4,89.1741,10.7690,0.2936
asia,2041.5,89.2665,10.6767,0.2901
asia,2041.6,89.3567,10.5864,0.2869
asia,2041.7,89.4447,10.4982,0.2840
asia,2041.8,89.5304,10.4121,0.2815
asia,2041.9,89.6140,10.3279,0.2792
asia,2042.0,89.6955,10.2458,0.2772
asia,2042.1,89.7748,10.1657,0.2754
asia,2042.2,89.8520,10.0876,0.2738
asia,2042.3,89.9271,10.0115,0.2724
asia,2042.4,90.0002,9.9375,0.2712
asia,2042.5,90.0712,9.8653,0.2702
asia,2042.6,90.1403,9.7952,0.2693
asia,2042.7,90.2074,9.7269,0.2686
asia,2042.8,90.2725,9.6606,0.2680
asia,2042.9,90.3357,9.5962,0.2675
asia,2043.0,90.3971,9.5336,0.2671
asia,2043.1,90.4566,9.4729,0.2668
asia,2043.2,90.5143,9.4140,0.2667
asia,2043.3,90.5702,9.3569,0.2666
asia,2043.4,90.6244,9.3015,0.2666
asia,2043.5,90.6768,9.2479,0.2666
asia,2043.6,90.7276,9.1959,0.2667
asia,2043.7,90.7768,9.1456,0.2669
asia,2043.8,90.8243,9.0969,0.2671
asia,2043.9,90.8703,9.0498,0.2674
asia,2044.0,90.9148,9.0043,0.2677
asia,2044.1,90.9578,8.9602,0.2680
asia,2044.2,90.9993,8.9177,0.2684
asia,2044.3,91.0395,8.8765,0.2689
asia,2044.4,91.0783,8.8368,0.2693
asia,2044.5,91.1157,8.7984,0.2698
asia,2044.6,91.1519,8.7613,0.2703
asia,2044.7,91.1868,8.7255,0.2708
asia,2044.8,91.2205,8.6910,0.2713
asia,2044.9,91.2531,8.6576,0.2719
asia,2045.0,91.2846,8.6254,0.2724
asia,2045.1,91.3149,8.5943,0.2730
asia,2045.2,91.3442,8.5642,0.2736
asia,2045.3,91.3725,8.5352,0.2742
asia,2045.4,91.3999,8.5072,0.2748
asia,2045.5,91.4263,8.4801,0.2754
asia,2045.6,91.4518,8.4540,0.2761
asia,2045.7,91.4765,8.4287,0.2767
asia,2045.8,91.5004,8.4043,0.2773
asia,2045.9,91.5234,8.3806,0.2780
asia,2046.0,91.5458,8.3578,0.2786
asia,2046.1,91.5674,8.3356,0.2793
asia,2046.2,91.5883,8.3142,0.2799
asia,2046.3,91.6086,8.2934,0.2806
asia,2046.4,91.6283,8.2733,0.2813
asia,2046.5,91.6473,8.2538,0.2819
asia,2046.6,91.6659,8.2348,0.2826
asia,2046.7,91.6839,8.2164,0.2833
asia,2046.8,91.7013,8.1985,0.2839
asia,2046.9,91.7184,8.1811,0.2846
asia,2047.0,91.7349,8.1641,0.2853
asia,2047.1,91.7511,8.1476,0.2860
asia,2047.2,91.7668,8.1314,0.2866
asia,2047.3,91.7822,8.1157,0.2873
asia,2047.4,91.7972,8.1003,0.2880
asia,2047.5,91.8119,8.0853,0.2887
asia,2047.6,91.8262,8.0706,0.2893
asia,2047.7,91.8403,8.0562,0.2900
asia,2047.8,91.8541,8.0420,0.2907
asia,2047.9,91.8676,8.0282,0.2914
asia,2048.0,91.8809,8.0146,0.2921
asia,2048.1,91.8939,8.0012,0.2928
asia,2048.2,91.9067,7.9880,0.2934
asia,2048.3,91.9194,7.9751,0.2941
asia,2048.4,91.9318,7.9623,0.2948
asia,2048.5,91.9440,7.9497,0.2955
asia,2048.6,91.9561,7.9373,0.2962
asia,2048.7,91.9680,7.9250,0.2968
asia,2048.8,91.9798,7.9129,0.2975
asia,2048.9,91.9914,7.9009,0.2982
asia,2049.0,92.0029,7.8891,0.2989
asia,2049.1,92.0143,7.8774,0.2996
asia,2049.2,92.0255,7.8658,0.3002
asia,2049.3,92.0366,7.8543,0.3009
asia,2049.4,92.0477,7.8429,0.3016
asia,2049.5,92.0586,7.8315,0.3023
asia,2049.6,92.0694,7.8203,0.3030
asia,2049.7,92.0802,7.8092,0.3036
asia,2049.8,92.0909,7.7981,0.3043
asia,2049.9,92.1014,7.7872,0.3050
asia,2050.0,92.1119,7.7762,0.3057
small_markets,2015.0,0.0884,99.7998,0.1186
small_markets,2015.1,0.0959,99.7868,0.1255
small_markets,2015.2,0.1039,99.7732,0.1325
small_markets,2015.3,0.1123,99.7589,0.1398
small_markets,2015.4,0.1212,99.7440,0.1474
small_markets,2015.5,0.1306,99.7283,0.1552
small_markets,2015.6,0.1406,99.7120,0.1634
small_markets,2015.7,0.1510,99.6949,0.1717
small_markets,2015.8,0.1620,99.6770,0.1804
small_markets,2015.9,0.1736,99.6584,0.1893
small_markets,2016.0,0.1857,99.6389,0.1985
small_markets,2016.1,0.1985,99.6186,0.2080
small_markets,2016.2,0.2122,99.5974,0.2177
small_markets,2016.3,0.2268,99.5754,0.2278
small_markets,2016.4,0.2422,99.5524,0.2381
small_markets,2016.5,0.2586,99.5285,0.2487
small_markets,2016.6,0.2760,99.5035,0.2596
small_markets,2016.7,0.2943,99.4775,0.2708
small_markets,2016.8,0.3135,99.4505,0.2823
small_markets,2016.9,0.3338,99.4223,0.2940
small_markets,2017.0,0.3551,99.3930,0.3061
small_markets,2017.1,0.4123,99.1882,0.4581
small_markets,2017.2,0.4741,99.0290,0.5604
small_markets,2017.3,0.5387,98.8822,0.6476
small_markets,2017.4,0.6056,98.7423,0.7258
small_markets,2017.5,0.6745,98.6069,0.7975
small_markets,2017.6,0.7453,98.4745,0.8642
small_markets,2017.7,0.8180,98.3443,0.9270
small_markets,2017.8,0.8923,98.2156,0.9865
small_markets,2017.9,0.9684,98.0878,1.0431
small_markets,2018.0,1.0461,97.9607,1.0974
small_markets,2018.1,1.1254,97.8338,1.1495
small_markets,2018.2,1.2063,97.7069,1.1997
small_markets,2018.3,1.2888,97.5798,1.2483
small_markets,2018.4,1.3729,97.4523,1.2953
small_markets,2018.5,1.4585,97.3242,1.3410
small_markets,2018.6,1.5457,97.1954,1.3855
small_markets,2018.7,1.6345,97.0656,1.4288
small_markets,2018.8,1.7248,96.9348,1.4711
small_markets,2018.9,1.8167,96.8028,1.5124
small_markets,2019.0,1.9102,96.6695,1.5528
small_markets,2019.1,2.0053,96.5344,1.5927
small_markets,2019.2,2.1023,96.3972,1.6321
small_markets,2019.3,2.2011,96.2579,1.6711
small_markets,2019.4,2.3018,96.1164,1.7097
small_markets,2019.5,2.4043,95.9725,1.7480
small_markets,2019.6,2.5087,95.8263,1.7859
small_markets,2019.7,2.6150,95.6775,1.8234
small_markets,2019.8,2.7233,95.5263,1.8606
small_markets,2019.9,2.8334,95.3724,1.8975
small_markets,2020.0,2.9455,95.2159,1.9353
small_markets,2020.1,3.0595,95.0566,1.9736
small_markets,2020.2,3.1755,94.8944,2.0119
small_markets,2020.3,3.2937,94.7294,2.0501
small_markets,2020.4,3.4140,94.5612,2.0883
small_markets,2020.5,3.5367,94.3898,2.1264
small_markets,2020.6,3.6620,94.2150,2.1649
small_markets,2020.7,3.7899,94.0366,2.2092
small_markets,2020.8,3.9207,93.8543,2.2539
small_markets,2020.9,4.0546,93.6681,2.2990
small_markets,2021.0,4.1918,93.4776,2.3445
small_markets,2021.1,4.3325,93.2826,2.3919
small_markets,2021.2,4.4770,93.0828,2.4492
small_markets,2021.3,4.6254,92.8780,2.5079
small_markets,2021.4,4.7781,92.6678,2.5679
small_markets,2021.5,4.9352,92.4520,2.6294
small_markets,2021.6,5.0972,92.2302,2.6923
small_markets,2021.7,5.2642,92.0021,2.7568
small_markets,2021.8,5.4365,91.7674,2.8227
small_markets,2021.9,5.6144,91.5256,2.8902
small_markets,2022.0,5.7983,91.2765,2.9593
small_markets,2022.1,5.9883,91.0197,3.0300
small_markets,2022.2,6.1848,90.7549,3.1023
small_markets,2022.3,6.3881,90.4815,3.1763
small_markets,2022.4,6.5985,90.1993,3.2520
small_markets,2022.5,6.8163,89.9078,3.3293
small_markets,2022.6,7.0417,89.6066,3.4084
small_markets,2022.7,7.2752,89.2955,3.4893
small_markets,2022.8,7.5169,88.9739,3.5719
small_markets,2022.9,7.7671,88.6414,3.6563
small_markets,2023.0,8.0262,88.2977,3.7424
small_markets,2023.1,8.2944,87.9424,3.8304
small_markets,2023.2,8.5720,87.5751,3.9202
small_markets,2023.3,8.8592,87.1955,4.0119
small_markets,2023.4,9.1563,86.8032,4.1054
small_markets,2023.5,9.4635,86.3978,4.2007
small_markets,2023.6,9.7810,85.9790,4.2979
small_markets,2023.7,10.1089,85.5466,4.3969
small_markets,2023.8,10.4476,85.1002,4.4979
small_markets,2023.9,10.7971,84.6397,4.6007
small_markets,2024.0,11.1575,84.1646,4.7053
small_markets,2024.1,11.5291,83.6750,4.8118
small_markets,2024.2,11.9118,83.1705,4.9202
small_markets,2024.3,12.3057,82.6512,5.0431
small_markets,2024.4,12.7109,82.1168,5.1723
small_markets,2024.5,13.1273,81.5674,5.3053
small_markets,2024.6,13.5550,81.0029,5.4421
small_markets,2024.7,13.9939,80.4234,5.5827
small_markets,2024.8,14.4438,79.8290,5.7272
small_markets,2024.9,14.9047,79.2198,5.8754
small_markets,2025.0,15.3764,78.5961,6.0275
small_markets,2025.1,15.8587,77.9580,6.1833
small_markets,2025.2,16.3514,77.3059,6.3427
small_markets,2025.3,16.8542,76.6402,6.5056
small_markets,2025.4,17.3668,75.9613,6.6720
small_markets,2025.5,17.8888,75.2696,6.8416
small_markets,2025.6,18.4200,74.5657,7.0143
small_markets,2025.7,18.9598,73.8502,7.1900
small_markets,2025.8,19.5078,73.1237,7.3685
small_markets,2025.9,20.0636,72.3870,7.5494
small_markets,2026.0,20.6266,71.6408,7.7326
small_markets,2026.1,21.1963,70.8859,7.9178
small_markets,2026.2,21.7721,70.1232,8.1047
small_markets,2026.3,22.3534,69.3535,8.2931
small_markets,2026.4,22.9396,68.5778,8.4826
small_markets,2026.5,23.5301,67.7970,8.6729
small_markets,2026.6,24.1242,67.0122,8.8637
small_markets,2026.7,24.7211,66.2242,9.0547
small_markets,2026.8,25.3203,65.4343,9.2454
small_markets,2026.9,25.9209,64.6433,9.4357
small_markets,2027.0,26.5224,63.8524,9.6252
small_markets,2027.1,27.1239,63.0626,9.8135
small_markets,2027.2,27.7248,62.2748,10.0004
small_markets,2027.3,28.3243,61.4902,10.1855
small_markets,2027.4,28.9218,60.7097,10.3686
small_markets,2027.5,29.5165,59.9342,10.5493
small_markets,2027.6,30.1078,59.1647,10.7276
small_markets,2027.7,30.6949,58.4020,10.9031
small_markets,2027.8,31.2774,57.6470,11.0756
small_markets,2027.9,31.8545,56.9004,11.2451
small_markets,2028.0,32.4257,56.1630,11.4113
small_markets,2028.1,32.9904,55.4354,11.5742
small_markets,2028.2,33.5482,54.7181,11.7337
small_markets,2028.3,34.0984,54.0118,11.8898
small_markets,2028.4,34.6408,53.3167,12.0425
small_markets,2028.5,35.1748,52.6334,12.1918
small_markets,2028.6,35.7001,51.9621,12.3378
small_markets,2028.7,36.2165,51.3030,12.4805
small_markets,2028.8,36.7236,50.6562,12.6202
small_markets,2028.9,37.2212,50.0219,12.7569
small_markets,2029.0,37.7092,49.4000,12.8908
small_markets,2029.1,38.1873,48.7906,13.0221
small_markets,2029.2,38.6555,48.1934,13.1511
small_markets,2029.3,39.1138,47.6084,13.2778
small_markets,2029.4,39.5621,47.0352,13.4026
small_markets,2029.5,40.0005,46.4738,13.5257
small_markets,2029.6,40.4291,45.9236,13.6473
small_markets,2029.7,40.8478,45.3845,13.7677
small_markets,2029.8,41.2570,44.8560,13.8870
small_markets,2029.9,41.6566,44.3378,14.0055
small_markets,2030.0,42.0470,43.8295,14.1235
small_markets,2030.1,42.4284,43.3306,14.2410
small_markets,2030.2,42.8010,42.8408,14.3583
small_markets,2030.3,43.1650,42.3595,14.4755
small_markets,2030.4,43.5208,41.8865,14.5927
small_markets,2030.5,43.8685,41.4213,14.7101
small_markets,2030.6,44.2086,40.9636,14.8278
small_markets,2030.7,44.5414,40.5128,14.9458
small_markets,2030.8,44.8670,40.0688,15.0642
small_markets,2030.9,45.1859,39.6312,15.1829
small_markets,2031.0,45.4984,39.1996,15.3020
small_markets,2031.1,45.8047,38.7738,15.4215
small_markets,2031.2,46.1052,38.3535,15.5414
small_markets,2031.3,46.4001,37.9384,15.6614
small_markets,2031.4,46.6898,37.5285,15.7817
small_markets,2031.5,46.9745,37.1234,15.9020
small_markets,2031.6,47.2545,36.7231,16.0224
small_markets,2031.7,47.5300,36.3274,16.1426
small_markets,2031.8,47.8013,35.9361,16.2626
small_markets,2031.9,48.0686,35.5492,16.3822
small_markets,2032.0,48.3321,35.1666,16.5013
small_markets,2032.1,48.5920,34.7883,16.6197
small_markets,2032.2,48.8484,34.4142,16.7374
small_markets,2032.3,49.1016,34.0442,16.8542
small_markets,2032.4,49.3517,33.6784,16.9699
small_markets,2032.5,49.5988,33.3167,17.0845
small_markets,2032.6,49.8431,32.9592,17.1978
small_markets,2032.7,50.0846,32.6058,17.3096
small_markets,2032.8,50.3235,32.2565,17.4199
small_markets,2032.9,50.5599,31.9115,17.5286
small_markets,2033.0,50.7938,31.5706,17.6355
small_markets,2033.1,51.0254,31.2340,17.7406
small_markets,2033.2,51.2546,30.9016,17.8438
small_markets,2033.3,51.4816,30.5735,17.9449
small_markets,2033.4,51.7063,30.2497,18.0440
small_markets,2033.5,51.9289,29.9302,18.1409
small_markets,2033.6,52.1493,29.6150,18.2357
small_markets,2033.7,52.3676,29.3042,18.3281
small_markets,2033.8,52.5839,28.9978,18.4183
small_markets,2033.9,52.7981,28.6958,18.5061
small_markets,2034.0,53.0103,28.3983,18.5915
small_markets,2034.1,53.2204,28.1051,18.6745
small_markets,2034.2,53.4286,27.8164,18.7550
small_markets,2034.3,53.6349,27.5321,18.8331
small_markets,2034.4,53.8391,27.2522,18.9086
small_markets,2034.5,54.0414,26.9768,18.9817
small_markets,2034.6,54.2419,26.7059,19.0523
small_markets,2034.7,54.4403,26.4393,19.1203
small_markets,2034.8,54.6370,26.1772,19.1858
small_markets,2034.9,54.8317,25.9195,19.2488
small_markets,2035.0,55.0246,25.6661,19.3093
small_markets,2035.1,55.2156,25.4172,19.3672
small_markets,2035.2,55.4048,25.1726,19.4226
small_markets,2035.3,55.5922,24.9323,19.4756
small_markets,2035.4,55.7778,24.6962,19.5260
small_markets,2035.5,55.9616,24.4645,19.5739
small_markets,2035.6,56.1437,24.2369,19.6193
small_markets,2035.7,56.3241,24.0136,19.6623
small_markets,2035.8,56.5028,23.7944,19.7028
small_markets,2035.9,56.6798,23.5793,19.7409
small_markets,2036.0,56.8551,23.3682,19.7766
small_markets,2036.1,57.0288,23.1612,19.8100
small_markets,2036.2,57.2009,22.9582,19.8409
small_markets,2036.3,57.3714,22.7590,19.8695
small_markets,2036.4,57.5404,22.5638,19.8958
small_markets,2036.5,57.7079,22.3723,19.9198
small_markets,2036.6,57.8738,22.1846,19.9416
small_markets,2036.7,58.0383,22.0006,19.9611
small_markets,2036.8,58.2013,21.8203,19.9784
small_markets,2036.9,58.3630,21.6435,19.9935
small_markets,2037.0,58.5232,21.4703,20.0065
small_markets,2037.1,58.6821,21.3005,20.0173
small_markets,2037.2,58.8397,21.1342,20.0261
small_markets,2037.3,58.9960,20.9712,20.0328
small_markets,2037.4,59.1511,20.8115,20.0375
small_markets,2037.5,59.3049,20.6550,20.0402
small_markets,2037.6,59.4575,20.5016,20.0409
small_markets,2037.7,59.6089,20.3513,20.0397
small_markets,2037.8,59.7592,20.2041,20.0367
small_markets,2037.9,59.9084,20.0598,20.0318
small_markets,2038.0,60.0565,19.9184,20.0250
small_markets,2038.1,60.2036,19.7799,20.0165
small_markets,2038.2,60.3496,19.6441,20.0063
small_markets,2038.3,60.4946,19.5110,19.9943
small_markets,2038.4,60.6387,19.3806,19.9807
small_markets,2038.5,60.7818,19.2528,19.9654
small_markets,2038.6,60.9241,19.1274,19.9485
small_markets,2038.7,61.0654,19.0045,19.9301
small_markets,2038.8,61.2059,18.8840,19.9101
small_markets,2038.9,61.3455,18.7658,19.8887
small_markets,2039.0,61.4843,18.6499,19.8657
small_markets,2039.1,61.6224,18.5362,19.8414
small_markets,2039.2,61.7597,18.4247,19.8157
small_markets,2039.3,61.8962,18.3152,19.7886
small_markets,2039.4,62.0320,18.2078,19.7607
small_markets,2039.5,62.1672,18.1023,19.7320
small_markets,2039.6,62.3016,17.9988,19.7019
small_markets,2039.7,62.4354,17.8971,19.6706
small_markets,2039.8,62.5686,17.7973,19.6379
small_markets,2039.9,62.7012,17.6992,19.6040
small_markets,2040.0,62.8331,17.6028,19.5689
small_markets,2040.1,62.9645,17.5081,19.5327
small_markets,2040.2,63.0953,17.4150,19.4953
small_markets,2040.3,63.2256,17.3234,19.4568
small_markets,2040.4,63.3553,17.2334,19.4173
small_markets,2040.5,63.4846,17.1448,19.3768
small_markets,2040.6,63.6133,17.0577,19.3353
small_markets,2040.7,63.7415,16.9719,19.2929
small_markets,2040.8,63.8693,16.8875,19.2496
small_markets,2040.9,63.9966,16.8044,19.2054
small_markets,2041.0,64.1235,16.7226,19.1603
small_markets,2041.1,64.2499,16.6420,19.1145
small_markets,2041.2,64.3759,16.5625,19.0678
small_markets,2041.3,64.5014,16.4843,19.0204
small_markets,2041.4,64.6266,16.4071,18.9723
small_markets,2041.5,64.7514,16.3310,18.9235
small_markets,2041.6,64.8757,16.2560,18.8740
small_markets,2041.7,64.9997,16.1819,18.8239
small_markets,2041.8,65.1233,16.1089,18.7732
small_markets,2041.9,65.2465,16.0368,18.7218
small_markets,2042.0,65.3694,15.9656,18.6699
small_markets,2042.1,65.4919,15.8954,18.6175
small_markets,2042.2,65.6141,15.8260,18.5645
small_markets,2042.3,65.7359,15.7574,18.5111
small_markets,2042.4,65.8573,15.6897,18.4571
small_markets,2042.5,65.9785,15.6228,18.4027
small_markets,2042.6,66.0992,15.5567,18.3479
small_markets,2042.7,66.2197,15.4913,18.2926
small_markets,2042.8,66.3398,15.4266,18.2370
small_markets,2042.9,66.4596,15.3626,18.1809
small_markets,2043.0,66.5791,15.2994,18.1245
small_markets,2043.1,66.6983,15.2368,18.0678
small_markets,2043.2,66.8171,15.1749,18.0107
small_markets,2043.3,66.9357,15.1136,17.9533
small_markets,2043.4,67.0539,15.0529,17.8956
small_markets,2043.5,67.1718,14.9928,17.8377
small_markets,2043.6,67.2894,14.9333,17.7794
small_markets,2043.7,67.4067,14.8744,17.7209
small_markets,2043.8,67.5236,14.8160,17.6622
small_markets,2043.9,67.6403,14.7582,17.6032
small_markets,2044.0,67.7567,14.7009,17.5440
small_markets,2044.1,67.8727,14.6441,17.4846
small_markets,2044.2,67.9885,14.5879,17.4250
small_markets,2044.3,68.1039,14.5321,17.3652
small_markets,2044.4,68.2191,14.4768,17.3053
small_markets,2044.5,68.3339,14.4220,17.2452
small_markets,2044.6,68.4484,14.3677,17.1849
small_markets,2044.7,68.5626,14.3137,17.1245
small_markets,2044.8,68.6766,14.2603,17.0640
small_markets,2044.9,68.7902,14.2073,17.0034
small_markets,2045.0,68.9035,14.1547,16.9426
small_markets,2045.1,69.0165,14.1025,16.8817
small_markets,2045.2,69.1292,14.0507,16.8207
small_markets,2045.3,69.2416,13.9993,16.7597
small_markets,2045.4,69.3537,13.9483,16.6985
small_markets,2045.5,69.4654,13.8977,16.6373
small_markets,2045.6,69.5769,13.8475,16.5761
small_markets,2045.7,69.6881,13.7976,16.5147
small_markets,2045.8,69.7989,13.7481,16.4533
small_markets,2045.9,69.9095,13.6989,16.3919
small_markets,2046.0,70.0197,13.6501,16.3304
small_markets,2046.1,70.1297,13.6017,16.2689
small_markets,2046.2,70.2393,13.5536,16.2074
small_markets,2046.3,70.3486,13.5058,16.1458
small_markets,2046.4,70.4576,13.4584,16.0842
small_markets,2046.5,70.5663,13.4112,16.0226
small_markets,2046.6,70.6747,13.3644,15.9610
small_markets,2046.7,70.7828,13.3179,15.8994
small_markets,2046.8,70.8905,13.2717,15.8379
small_markets,2046.9,70.9980,13.2258,15.7763
small_markets,2047.0,71.1051,13.1802,15.7147
small_markets,2047.1,71.2120,13.1349,15.6532
small_markets,2047.2,71.3185,13.0899,15.5916
small_markets,2047.3,71.4247,13.0452,15.5302
small_markets,2047.4,71.5306,13.0008,15.4687
small_markets,2047.5,71.6362,12.9566,15.4073
small_markets,2047.6,71.7414,12.9127,15.3459
small_markets,2047.7,71.8464,12.8691,15.2846
small_markets,2047.8,71.9510,12.8257,15.2233
small_markets,2047.9,72.0553,12.7827,15.1620
small_markets,2048.0,72.1594,12.7398,15.1009
small_markets,2048.1,72.2630,12.6972,15.0397
small_markets,2048.2,72.3664,12.6549,14.9787
small_markets,2048.3,72.4695,12.6128,14.9177
small_markets,2048.4,72.5722,12.5710,14.8568
small_markets,2048.5,72.6747,12.5294,14.7959
small_markets,2048.6,72.7768,12.4881,14.7352
small_markets,2048.7,72.8786,12.4469,14.6745
small_markets,2048.8,72.9801,12.4061,14.6139
small_markets,2048.9,73.0813,12.3654,14.5534
small_markets,2049.0,73.1821,12.3250,14.4929
small_markets,2049.1,73.2827,12.2848,14.4326
small_markets,2049.2,73.3829,12.2448,14.3723
small_markets,2049.3,73.4828,12.2050,14.3122
small_markets,2049.4,73.5824,12.1655,14.2521
small_markets,2049.5,73.6817,12.1261,14.1922
small_markets,2049.6,73.7807,12.0870,14.1323
small_markets,2049.7,73.8793,12.0481,14.0726
small_markets,2049.8,73.9776,12.0094,14.0130
small_markets,2049.9,74.0757,11.9709,13.9535
small_markets,2050.0,74.1734,11.9325,13.8941
medium_markets,2015.0,0.4950,99.1574,0.3476
medium_markets,2015.1,0.5217,99.1136,0.3647
medium_markets,2015.2,0.5495,99.0681,0.3824
medium_markets,2015.3,0.5784,99.0208,0.4008
medium_markets,2015.4,0.6084,98.9717,0.4199
medium_markets,2015.5,0.6396,98.9207,0.4397
medium_markets,2015.6,0.6719,98.8678,0.4603
medium_markets,2015.7,0.7054,98.8129,0.4817
medium_markets,2015.8,0.7401,98.7561,0.5038
medium_markets,2015.9,0.7761,98.6972,0.5267
medium_markets,2016.0,0.8133,98.6362,0.5505
medium_markets,2016.1,0.8518,97.8955,1.2527
medium_markets,2016.2,0.8917,97.8562,1.2521
medium_markets,2016.3,0.9329,97.8036,1.2635
medium_markets,2016.4,0.9755,97.7443,1.2802
medium_markets,2016.5,1.0195,97.6803,1.3002
medium_markets,2016.6,1.0649,97.6125,1.3226
medium_markets,2016.7,1.1118,97.5413,1.3469
medium_markets,2016.8,1.1602,97.4669,1.3729
medium_markets,2016.9,1.2101,97.3896,1.4004
medium_markets,2017.0,1.2615,97.3093,1.4292
medium_markets,2017.1,1.3146,97.2248,1.4606
medium_markets,2017.2,1.3694,97.1354,1.4953
medium_markets,2017.3,1.4259,97.0414,1.5328
medium_markets,2017.4,1.4843,96.9430,1.5728
medium_markets,2017.5,1.5445,96.8404,1.6152
medium_markets,2017.6,1.6068,96.7335,1.6599
medium_markets,2017.7,1.6711,96.6224,1.7067
medium_markets,2017.8,1.7374,96.5071,1.7556
medium_markets,2017.9,1.8060,96.3878,1.8065
medium_markets,2018.0,1.8767,96.2643,1.8593
medium_markets,2018.1,1.9568,96.1356,1.9139
medium_markets,2018.2,2.0338,96.0029,1.9703
medium_markets,2018.3,2.1127,95.8660,2.0285
medium_markets,2018.4,2.1938,95.7252,2.0883
medium_markets,2018.5,2.2772,95.5802,2.1498
medium_markets,2018.6,2.3631,95.4310,2.2128
medium_markets,2018.7,2.4515,95.2778,2.2773
medium_markets,2018.8,2.5426,95.1204,2.3433
medium_markets,2018.9,2.6363,94.9589,2.4108
medium_markets,2019.0,2.7328,94.7932,2.4795
medium_markets,2019.1,2.8322,94.6234,2.5496
medium_markets,2019.2,2.9345,94.4493,2.6210
medium_markets,2019.3,3.0398,94.2710,2.6936
medium_markets,2019.4,3.1481,94.0885,2.7673
medium_markets,2019.5,3.2596,93.9018,2.8421
medium_markets,2019.6,3.3743,93.7107,2.9181
medium_markets,2019.7,3.4922,93.5154,2.9950
medium_markets,2019.8,3.6136,93.3157,3.0729
medium_markets,2019.9,3.7383,93.1117,3.1517
medium_markets,2020.0,3.8666,92.9033,3.2317
medium_markets,2020.1,3.9985,92.6905,3.3128
medium_markets,2020.2,4.1341,92.4732,3.3946
medium_markets,2020.3,4.2735,92.2515,3.4771
medium_markets,2020.4,4.4167,92.0252,3.5602
medium_markets,2020.5,4.5640,91.7944,3.6439
medium_markets,2020.6,4.7153,91.5590,3.7282
medium_markets,2020.7,4.8708,91.3189,3.8129
medium_markets,2020.8,5.0306,91.0741,3.8980
medium_markets,2020.9,5.1948,90.8247,3.9835
medium_markets,2021.0,5.3635,90.5704,4.0692
medium_markets,2021.1,5.5368,90.3112,4.1552
medium_markets,2021.2,5.7149,90.0472,4.2413
medium_markets,2021.3,5.8979,89.7782,4.3275
medium_markets,2021.4,6.0859,89.5041,4.4137
medium_markets,2021.5,6.2790,89.2249,4.4999
medium_markets,2021.6,6.4775,88.9406,4.5860
medium_markets,2021.7,6.6814,88.6509,4.6718
medium_markets,2021.8,6.8909,88.3559,4.7575
medium_markets,2021.9,7.1061,88.0555,4.8428
medium_markets,2022.0,7.3273,87.7496,4.9279
medium_markets,2022.1,7.5546,87.4380,5.0125
medium_markets,2022.2,7.7881,87.1206,5.0967
medium_markets,2022.3,8.0280,86.7975,5.1803
medium_markets,2022.4,8.2746,86.4683,5.2634
medium_markets,2022.5,8.5281,86.1330,5.3458
medium_markets,2022.6,8.7886,85.7916,5.4274
medium_markets,2022.7,9.0563,85.4437,5.5081
medium_markets,2022.8,9.3314,85.0894,5.5880
medium_markets,2022.9,9.6143,84.7283,5.6669
medium_markets,2023.0,9.9050,84.3605,5.7447
medium_markets,2023.1,10.2040,83.9856,5.8214
medium_markets,2023.2,10.5113,83.6036,5.8969
medium_markets,2023.3,10.8273,83.2142,5.9712
medium_markets,2023.4,11.1522,82.8172,6.0441
medium_markets,2023.5,11.4863,82.4124,6.1156
medium_markets,2023.6,11.8298,81.9997,6.1857
medium_markets,2023.7,12.1832,81.5787,6.2542
medium_markets,2023.8,12.5466,81.1493,6.3212
medium_markets,2023.9,12.9204,80.7112,6.3865
medium_markets,2024.0,13.3049,80.2641,6.4501
medium_markets,2024.1,13.7003,79.8077,6.5118
medium_markets,2024.2,14.1072,79.3418,6.5718
medium_markets,2024.3,14.5257,78.8661,6.6298
medium_markets,2024.4,14.9563,78.3803,6.6859
medium_markets,2024.5,15.3992,77.8840,6.7399
medium_markets,2024.6,15.8549,77.3770,6.7919
medium_markets,2024.7,16.3237,76.8588,6.8417
medium_markets,2024.8,16.8060,76.3293,6.8893
medium_markets,2024.9,17.3021,75.7880,6.9347
medium_markets,2025.0,17.8125,75.2346,6.9778
medium_markets,2025.1,18.3373,74.6688,7.0185
medium_markets,2025.2,18.8771,74.0902,7.0569
medium_markets,2025.3,19.4321,73.4985,7.0928
medium_markets,2025.4,20.0027,72.8935,7.1263
medium_markets,2025.5,20.5891,72.2747,7.1572
medium_markets,2025.6,21.1917,71.6420,7.1855
medium_markets,2025.7,21.8105,70.9951,7.2113
medium_markets,2025.8,22.4459,70.3339,7.2347
medium_markets,2025.9,23.0980,69.6582,7.2557
medium_markets,2026.0,23.7668,68.9679,7.2742
medium_markets,2026.1,24.4523,68.2631,7.2955
medium_markets,2026.2,25.1545,67.5438,7.3221
medium_markets,2026.3,25.8731,66.8102,7.3492
medium_markets,2026.4,26.6079,66.0627,7.3735
medium_markets,2026.5,27.3584,65.3016,7.3950
medium_markets,2026.6,28.1242,64.5276,7.4136
medium_markets,2026.7,28.9046,63.7414,7.4292
medium_markets,2026.8,29.6987,62.9438,7.4417
medium_markets,2026.9,30.5055,62.1359,7.4511
medium_markets,2027.0,31.3239,61.3190,7.4573
medium_markets,2027.1,32.1526,60.4945,7.4601
medium_markets,2027.2,32.9901,59.6640,7.4594
medium_markets,2027.3,33.8348,58.8292,7.4552
medium_markets,2027.4,34.6848,57.9922,7.4472
medium_markets,2027.5,35.5382,57.1549,7.4354
medium_markets,2027.6,36.3930,56.3197,7.4196
medium_markets,2027.7,37.2471,55.4887,7.4006
medium_markets,2027.8,38.0982,54.6643,7.3919
medium_markets,2027.9,38.9442,53.8486,7.3787
medium_markets,2028.0,39.7829,53.0440,7.3610
medium_markets,2028.1,40.6124,52.2526,7.3809
medium_markets,2028.2,41.4306,51.4761,7.3998
medium_markets,2028.3,42.2359,50.7163,7.4164
medium_markets,2028.4,43.0268,49.9744,7.4308
medium_markets,2028.5,43.8021,49.2516,7.4429
medium_markets,2028.6,44.5608,48.5483,7.4532
medium_markets,2028.7,45.3026,47.8648,7.4618
medium_markets,2028.8,46.0271,47.2010,7.4690
medium_markets,2028.9,46.7345,46.5564,7.4751
medium_markets,2029.0,47.4253,45.9300,7.4805
medium_markets,2029.1,48.1001,45.3209,7.4855
medium_markets,2029.2,48.7601,44.7277,7.4902
medium_markets,2029.3,49.4062,44.1490,7.4951
medium_markets,2029.4,50.0398,43.5833,7.5002
medium_markets,2029.5,50.6621,43.0292,7.5056
medium_markets,2029.6,51.2743,42.4853,7.5115
medium_markets,2029.7,51.8777,41.9503,7.5178
medium_markets,2029.8,52.4734,41.4232,7.5244
medium_markets,2029.9,53.0622,40.9031,7.5312
medium_markets,2030.0,53.6449,40.3893,7.5382
medium_markets,2030.1,54.2221,39.8813,7.5452
medium_markets,2030.2,54.7945,39.3786,7.5520
medium_markets,2030.3,55.3621,38.8809,7.5691
medium_markets,2030.4,55.9255,38.3880,7.5892
medium_markets,2030.5,56.4846,37.8997,7.6092
medium_markets,2030.6,57.0396,37.4160,7.6287
medium_markets,2030.7,57.5906,36.9368,7.6605
medium_markets,2030.8,58.1375,36.4619,7.6915
medium_markets,2030.9,58.6805,35.9913,7.7217
medium_markets,2031.0,59.2195,35.5250,7.7510
medium_markets,2031.1,59.7545,35.0628,7.7795
medium_markets,2031.2,60.2854,34.6048,7.8070
medium_markets,2031.3,60.8124,34.1508,7.8335
medium_markets,2031.4,61.3352,33.7008,7.8590
medium_markets,2031.5,61.8539,33.2546,7.8834
medium_markets,2031.6,62.3684,32.8124,7.9067
medium_markets,2031.7,62.8787,32.3740,7.9288
medium_markets,2031.8,63.3847,31.9393,7.9496
medium_markets,2031.9,63.8863,31.5084,7.9692
medium_markets,2032.0,64.3834,31.0812,7.9873
medium_markets,2032.1,64.8760,30.6577,8.0041
medium_markets,2032.2,65.3640,30.2379,8.0193
medium_markets,2032.3,65.8472,29.8218,8.0330
medium_markets,2032.4,66.3255,29.4093,8.0451
medium_markets,2032.5,66.7989,29.0006,8.0555
medium_markets,2032.6,67.2672,28.5955,8.0641
medium_markets,2032.7,67.7303,28.1942,8.0710
medium_markets,2032.8,68.1881,27.7968,8.0760
medium_markets,2032.9,68.6404,27.4031,8.0790
medium_markets,2033.0,69.0873,27.0134,8.0800
medium_markets,2033.1,69.5285,26.6276,8.0790
medium_markets,2033.2,69.9640,26.2458,8.0759
medium_markets,2033.3,70.3936,25.8680,8.0705
medium_markets,2033.4,70.8174,25.4945,8.0630
medium_markets,2033.5,71.2352,25.1251,8.0532
medium_markets,2033.6,71.6470,24.7601,8.0410
medium_markets,2033.7,72.0527,24.3994,8.0265
medium_markets,2033.8,72.4523,24.0432,8.0096
medium_markets,2033.9,72.8457,23.6915,7.9903
medium_markets,2034.0,73.2330,23.3445,7.9684
medium_markets,2034.1,73.6141,23.0021,7.9441
medium_markets,2034.2,73.9890,22.6644,7.9173
medium_markets,2034.3,74.3578,22.3316,7.8879
medium_markets,2034.4,74.7204,22.0037,7.8560
medium_markets,2034.5,75.0770,21.6807,7.8216
medium_markets,2034.6,75.4275,21.3628,7.7846
medium_markets,2034.7,75.7720,21.0498,7.7451
medium_markets,2034.8,76.1106,20.7420,7.7031
medium_markets,2034.9,76.4433,20.4393,7.6587
medium_markets,2035.0,76.7703,20.1418,7.6117
medium_markets,2035.1,77.0916,19.8495,7.5624
medium_markets,2035.2,77.4073,19.5624,7.5107
medium_markets,2035.3,77.7175,19.2805,7.4567
medium_markets,2035.4,78.0223,19.0038,7.4005
medium_markets,2035.5,78.3218,18.7324,7.3421
medium_markets,2035.6,78.6162,18.4662,7.2816
medium_markets,2035.7,78.9054,18.2051,7.2190
medium_markets,2035.8,79.1897,17.9492,7.1545
medium_markets,2035.9,79.4691,17.6984,7.0881
medium_markets,2036.0,79.7438,17.4528,7.0200
medium_markets,2036.1,80.0138,17.2121,6.9502
medium_markets,2036.2,80.2793,16.9764,6.8789
medium_markets,2036.3,80.5404,16.7457,6.8061
medium_markets,2036.4,80.7971,16.5198,6.7320
medium_markets,2036.5,81.0495,16.2987,6.6567
medium_markets,2036.6,81.2979,16.0823,6.5803
medium_markets,2036.7,81.5421,15.8705,6.5029
medium_markets,2036.8,81.7824,15.6632,6.4246
medium_markets,2036.9,82.0187,15.4604,6.3456
medium_markets,2037.0,82.2513,15.2619,6.2660
medium_markets,2037.1,82.4801,15.0677,6.1859
medium_markets,2037.2,82.7052,14.8777,6.1054
medium_markets,2037.3,82.9268,14.6917,6.0246
medium_markets,2037.4,83.1447,14.5096,5.9437
medium_markets,2037.5,83.3592,14.3314,5.8627
medium_markets,2037.6,83.5702,14.1570,5.7818
medium_markets,2037.7,83.7779,13.9862,5.7011
medium_markets,2037.8,83.9822,13.8190,5.6207
medium_markets,2037.9,84.1832,13.6552,5.5407
medium_markets,2038.0,84.3810,13.4947,5.4611
medium_markets,2038.1,84.5755,13.3375,5.3821
medium_markets,2038.2,84.7669,13.1835,5.3038
medium_markets,2038.3,84.9552,13.0326,5.2262
medium_markets,2038.4,85.1404,12.8846,5.1493
medium_markets,2038.5,85.3226,12.7395,5.0734
medium_markets,2038.6,85.5017,12.5972,4.9983
medium_markets,2038.7,85.6779,12.4577,4.9243
medium_markets,2038.8,85.8511,12.3208,4.8513
medium_markets,2038.9,86.0215,12.1864,4.7794
medium_markets,2039.0,86.1889,12.0546,4.7086
medium_markets,2039.1,86.3536,11.9252,4.6389
medium_markets,2039.2,86.5154,11.7982,4.5705
medium_markets,2039.3,86.6745,11.6735,4.5032
medium_markets,2039.4,86.8309,11.5510,4.4372
medium_markets,2039.5,86.9846,11.4307,4.3725
medium_markets,2039.6,87.1356,11.3125,4.3090
medium_markets,2039.7,87.2840,11.1964,4.2468
medium_markets,2039.8,87.4299,11.0824,4.1859
medium_markets,2039.9,87.5732,10.9703,4.1263
medium_markets,2040.0,87.7141,10.8602,4.0680
medium_markets,2040.1,87.8525,10.7519,4.0109
medium_markets,2040.2,87.9885,10.6455,3.9551
medium_markets,2040.3,88.1221,10.5409,3.9006
medium_markets,2040.4,88.2533,10.4381,3.8474
medium_markets,2040.5,88.3823,10.3370,3.7954
medium_markets,2040.6,88.5090,10.2377,3.7446
medium_markets,2040.7,88.6335,10.1400,3.6950
medium_markets,2040.8,88.7559,10.0439,3.6467
medium_markets,2040.9,88.8761,9.9494,3.5995
medium_markets,2041.0,88.9942,9.8565,3.5534
medium_markets,2041.1,89.1102,9.7652,3.5086
medium_markets,2041.2,89.2242,9.6753,3.4648
medium_markets,2041.3,89.3363,9.5870,3.4221
medium_markets,2041.4,89.4464,9.5001,3.3805
medium_markets,2041.5,89.5546,9.4146,3.3400
medium_markets,2041.6,89.6609,9.3306,3.3005
medium_markets,2041.7,89.7654,9.2479,3.2620
medium_markets,2041.8,89.8681,9.1665,3.2244
medium_markets,2041.9,89.9691,9.0865,3.1879
medium_markets,2042.0,90.0683,9.0078,3.1523
medium_markets,2042.1,90.1658,8.9304,3.1175
medium_markets,2042.2,90.2617,8.8542,3.0837
medium_markets,2042.3,90.3560,8.7793,3.0508
medium_markets,2042.4,90.4488,8.7055,3.0187
medium_markets,2042.5,90.5399,8.6330,2.9874
medium_markets,2042.6,90.6296,8.5616,2.9570
medium_markets,2042.7,90.7178,8.4913,2.9273
medium_markets,2042.8,90.8045,8.4222,2.8984
medium_markets,2042.9,90.8898,8.3542,2.8702
medium_markets,2043.0,90.9738,8.2872,2.8427
medium_markets,2043.1,91.0564,8.2213,2.8159
medium_markets,2043.2,91.1377,8.1564,2.7898
medium_markets,2043.3,91.2176,8.0925,2.7644
medium_markets,2043.4,91.2964,8.0296,2.7395
medium_markets,2043.5,91.3739,7.9677,2.7153
medium_markets,2043.6,91.4502,7.9067,2.6917
medium_markets,2043.7,91.5253,7.8467,2.6687
medium_markets,2043.8,91.5993,7.7875,2.6462
medium_markets,2043.9,91.6722,7.7293,2.6243
medium_markets,2044.0,91.7439,7.6719,2.6029
medium_markets,2044.1,91.8147,7.6154,2.5820
medium_markets,2044.2,91.8843,7.5597,2.5616
medium_markets,2044.3,91.9530,7.5048,2.5417
medium_markets,2044.4,92.0207,7.4508,2.5222
medium_markets,2044.5,92.0874,7.3975,2.5031
medium_markets,2044.6,92.1531,7.3450,2.4845
medium_markets,2044.7,92.2180,7.2932,2.4663
medium_markets,2044.8,92.2820,7.2422,2.4485
medium_markets,2044.9,92.3450,7.1918,2.4311
medium_markets,2045.0,92.4073,7.1422,2.4140
medium_markets,2045.1,92.4687,7.0933,2.3973
medium_markets,2045.2,92.5292,7.0450,2.3810
medium_markets,2045.3,92.5890,6.9974,2.3649
medium_markets,2045.4,92.6481,6.9504,2.3492
medium_markets,2045.5,92.7063,6.9041,2.3338
medium_markets,2045.6,92.7638,6.8583,2.3187
medium_markets,2045.7,92.8207,6.8132,2.3039
medium_markets,2045.8,92.8768,6.7687,2.2893
medium_markets,2045.9,92.9322,6.7247,2.2751
medium_markets,2046.0,92.9869,6.6813,2.2610
medium_markets,2046.1,93.0410,6.6384,2.2473
medium_markets,2046.2,93.0944,6.5961,2.2337
medium_markets,2046.3,93.1473,6.5542,2.2204
medium_markets,2046.4,93.1995,6.5129,2.2073
medium_markets,2046.5,93.2511,6.4721,2.1945
medium_markets,2046.6,93.3021,6.4318,2.1818
medium_markets,2046.7,93.3525,6.3920,2.1694
medium_markets,2046.8,93.4024,6.3526,2.1571
medium_markets,2046.9,93.4517,6.3137,2.1451
medium_markets,2047.0,93.5004,6.2753,2.1332
medium_markets,2047.1,93.5487,6.2373,2.1215
medium_markets,2047.2,93.5964,6.1997,2.1100
medium_markets,2047.3,93.6436,6.1625,2.0987
medium_markets,2047.4,93.6903,6.1258,2.0875
medium_markets,2047.5,93.7365,6.0894,2.0765
medium_markets,2047.6,93.7822,6.0535,2.0656
medium_markets,2047.7,93.8274,6.0179,2.0549
medium_markets,2047.8,93.8722,5.9827,2.0443
medium_markets,2047.9,93.9165,5.9479,2.0339
medium_markets,2048.0,93.9603,5.9135,2.0237
medium_markets,2048.1,94.0037,5.8794,2.0135
medium_markets,2048.2,94.0467,5.8456,2.0035
medium_markets,2048.3,94.0892,5.8123,1.9937
medium_markets,2048.4,94.1313,5.7792,1.9839
medium_markets,2048.5,94.1729,5.7465,1.9743
medium_markets,2048.6,94.2142,5.7141,1.9648
medium_markets,2048.7,94.2550,5.6820,1.9555
medium_markets,2048.8,94.2955,5.6503,1.9462
medium_markets,2048.9,94.3355,5.6188,1.9371
medium_markets,2049.0,94.3752,5.5877,1.9281
medium_markets,2049.1,94.4145,5.5569,1.9192
medium_markets,2049.2,94.4534,5.5263,1.9104
medium_markets,2049.3,94.4919,5.4961,1.9019
medium_markets,2049.4,94.5300,5.4661,1.8940
medium_markets,2049.5,94.5678,5.4364,1.8863
medium_markets,2049.6,94.6052,5.4070,1.8786
medium_markets,2049.7,94.6423,5.3779,1.8710
medium_markets,2049.8,94.6790,5.3490,1.8635
medium_markets,2049.9,94.7154,5.3204,1.8561
medium_markets,2050.0,94.7514,5.2921,1.8487
big_markets,2015.0,0.3327,99.6373,0.1081
big_markets,2015.1,0.3562,99.6106,0.1143
big_markets,2015.2,0.3811,99.5822,0.1208
big_markets,2015.3,0.4072,99.5522,0.1275
big_markets,2015.4,0.4347,99.5204,0.1345
big_markets,2015.5,0.4637,99.4868,0.1418
big_markets,2015.6,0.4940,99.4513,0.1493
big_markets,2015.7,0.5259,99.4138,0.1571
big_markets,2015.8,0.5593,99.3743,0.1653
big_markets,2015.9,0.5943,99.3327,0.1737
big_markets,2016.0,0.6309,99.2889,0.1823
big_markets,2016.1,0.6693,99.2426,0.1914
big_markets,2016.2,0.7096,99.1938,0.2008
big_markets,2016.3,0.7517,99.1424,0.2106
big_markets,2016.4,0.7958,99.0883,0.2206
big_markets,2016.5,0.8418,99.0314,0.2310
big_markets,2016.6,0.8899,98.9718,0.2417
big_markets,2016.7,0.9400,98.9092,0.2528
big_markets,2016.8,0.9922,98.8437,0.2641
big_markets,2016.9,1.0466,98.7751,0.2757
big_markets,2017.0,1.1031,98.7034,0.2876
big_markets,2017.1,1.1619,98.6284,0.2999
big_markets,2017.2,1.2229,98.5500,0.3124
big_markets,2017.3,1.2863,98.4682,0.3253
big_markets,2017.4,1.3521,98.3829,0.3384
big_markets,2017.5,1.4202,98.2939,0.3519
big_markets,2017.6,1.4909,98.2012,0.3656
big_markets,2017.7,1.5641,98.1046,0.3796
big_markets,2017.8,1.6398,98.0040,0.3940
big_markets,2017.9,1.7182,97.8994,0.4086
big_markets,2018.0,1.7992,97.7906,0.4236
big_markets,2018.1,1.8829,97.6775,0.4399
big_markets,2018.2,1.9694,97.5600,0.4709
big_markets,2018.3,2.0588,97.4379,0.5035
big_markets,2018.4,2.1509,97.3112,0.5380
big_markets,2018.5,2.2460,97.1797,0.5743
big_markets,2018.6,2.3441,97.0434,0.6125
big_markets,2018.7,2.4452,96.9020,0.6528
big_markets,2018.8,2.5493,96.7555,0.6952
big_markets,2018.9,2.6566,96.6037,0.7397
big_markets,2019.0,2.7670,96.4466,0.7865
big_markets,2019.1,2.8806,96.2839,0.8355
big_markets,2019.2,2.9975,96.1156,0.8869
big_markets,2019.3,3.1176,95.9416,0.9408
big_markets,2019.4,3.2412,95.7616,0.9972
big_markets,2019.5,3.3681,95.5757,1.0562
big_markets,2019.6,3.4985,95.3836,1.1179
big_markets,2019.7,3.6324,95.1852,1.1824
big_markets,2019.8,3.7699,94.9804,1.2497
big_markets,2019.9,3.9109,94.7691,1.3200
big_markets,2020.0,4.0556,94.5512,1.3932
big_markets,2020.1,4.2040,94.3265,1.4695
big_markets,2020.2,4.3561,94.0950,1.5490
big_markets,2020.3,4.5120,93.8564,1.6317
big_markets,2020.4,4.6717,93.6107,1.7176
big_markets,2020.5,4.8353,93.3578,1.8070
big_markets,2020.6,5.0027,93.0975,1.8998
big_markets,2020.7,5.1742,92.8297,1.9961
big_markets,2020.8,5.3496,92.5545,2.0959
big_markets,2020.9,5.5291,92.2715,2.1994
big_markets,2021.0,5.7126,91.9808,2.3066
big_markets,2021.1,5.9003,91.6822,2.4175
big_markets,2021.2,6.0921,91.3757,2.5322
big_markets,2021.3,6.2881,91.0612,2.6507
big_markets,2021.4,6.4884,90.7385,2.7731
big_markets,2021.5,6.6929,90.4077,2.8994
big_markets,2021.6,6.9017,90.0687,3.0297
big_markets,2021.7,7.1148,89.7213,3.1639
big_markets,2021.8,7.3322,89.3656,3.3021
big_markets,2021.9,7.5541,89.0015,3.4444
big_markets,2022.0,7.7804,88.6290,3.5906
big_markets,2022.1,8.0111,88.2480,3.7409
big_markets,2022.2,8.2463,87.8585,3.8952
big_markets,2022.3,8.4860,87.4605,4.0535
big_markets,2022.4,8.7302,87.0541,4.2157
big_markets,2022.5,8.9790,86.6391,4.3819
big_markets,2022.6,9.2323,86.2157,4.5520
big_markets,2022.7,9.4902,85.7838,4.7260
big_markets,2022.8,9.7526,85.3436,4.9038
big_markets,2022.9,10.0197,84.8949,5.0853
big_markets,2023.0,10.2914,84.4381,5.2705
big_markets,2023.1,10.5678,83.9729,5.4593
big_markets,2023.2,10.8488,83.4997,5.6515
big_markets,2023.3,11.1344,83.0185,5.8471
big_markets,2023.4,11.4247,82.5293,6.0460
big_markets,2023.5,11.7196,82.0324,6.2480
big_markets,2023.6,12.0192,81.5278,6.4530
big_markets,2023.7,12.3234,81.0157,6.6609
big_markets,2023.8,12.6323,80.4963,6.8714
big_markets,2023.9,12.9458,79.9698,7.0844
big_markets,2024.0,13.2640,79.4363,7.2997
big_markets,2024.1,13.5868,78.8961,7.5171
big_markets,2024.2,13.9142,78.3493,7.7365
big_markets,2024.3,14.2462,77.7962,7.9575
big_markets,2024.4,14.5828,77.2372,8.1800
big_markets,2024.5,14.9240,76.6723,8.4037
big_markets,2024.6,15.2697,76.1019,8.6284
big_markets,2024.7,15.6199,75.5264,8.8538
big_markets,2024.8,15.9746,74.9459,9.0796
big_markets,2024.9,16.3337,74.3608,9.3055
big_markets,2025.0,16.6973,73.7714,9.5313
big_markets,2025.1,17.0653,73.1781,9.7566
big_markets,2025.2,17.4376,72.5812,9.9812
big_markets,2025.3,17.8142,71.9810,10.2047
big_markets,2025.4,18.1951,71.3780,10.4268
big_markets,2025.5,18.5803,70.7725,10.6472
big_markets,2025.6,18.9696,70.1648,10.8656
big_markets,2025.7,19.3631,69.5555,11.0815
big_markets,2025.8,19.7606,68.9448,11.2947
big_markets,2025.9,20.1621,68.3331,11.5048
big_markets,2026.0,20.5676,67.7209,11.7114
big_markets,2026.1,20.9771,67.1087,11.9143
big_markets,2026.2,21.3903,66.4966,12.1130
big_markets,2026.3,21.8074,65.8853,12.3073
big_markets,2026.4,22.2281,65.2751,12.4968
big_markets,2026.5,22.6525,64.6664,12.6811
big_markets,2026.6,23.0804,64.0596,12.8600
big_markets,2026.7,23.5119,63.4551,13.0330
big_markets,2026.8,23.9468,62.8533,13.1999
big_markets,2026.9,24.3850,62.2546,13.3604
big_markets,2027.0,24.8264,61.6594,13.5142
big_markets,2027.1,25.2710,61.0681,13.6609
big_markets,2027.2,25.7187,60.4809,13.8004
big_markets,2027.3,26.1694,59.8983,13.9323
big_markets,2027.4,26.6230,59.3206,14.0564
big_markets,2027.5,27.0795,58.7481,14.1724
big_markets,2027.6,27.5386,58.1811,14.2803
big_markets,2027.7,28.0004,57.6199,14.3797
big_markets,2027.8,28.4646,57.0648,14.4705
big_markets,2027.9,28.9314,56.5161,14.5526
big_markets,2028.0,29.4004,55.9739,14.6257
big_markets,2028.1,29.8716,55.4385,14.6899
big_markets,2028.2,30.3450,54.9101,14.7449
big_markets,2028.3,30.8204,54.3888,14.7908
big_markets,2028.4,31.2977,53.8749,14.8275
big_markets,2028.5,31.7767,53.3684,14.8549
big_markets,2028.6,32.2575,52.8694,14.8731
big_markets,2028.7,32.7398,52.3782,14.8820
big_markets,2028.8,33.2236,51.8946,14.8818
big_markets,2028.9,33.7087,51.4188,14.8725
big_markets,2029.0,34.1951,50.9508,14.8541
big_markets,2029.1,34.6825,50.4907,14.8268
big_markets,2029.2,35.1710,50.0383,14.7907
big_markets,2029.3,35.6604,49.5936,14.7460
big_markets,2029.4,36.1505,49.1567,14.6928
big_markets,2029.5,36.6413,48.7274,14.6313
big_markets,2029.6,37.1325,48.3057,14.5618
big_markets,2029.7,37.6243,47.8914,14.4844
big_markets,2029.8,38.1162,47.4844,14.3993
big_markets,2029.9,38.6084,47.0847,14.3069
big_markets,2030.0,39.1006,46.6919,14.2074
big_markets,2030.1,39.5928,46.3061,14.1011
big_markets,2030.2,40.0847,45.9270,13.9882
big_markets,2030.3,40.5764,45.5545,13.8691
big_markets,2030.4,41.0676,45.1884,13.7440
big_markets,2030.5,41.5583,44.8284,13.6132
big_markets,2030.6,42.0484,44.4745,13.4774
big_markets,2030.7,42.5376,44.1264,13.3368
big_markets,2030.8,43.0260,43.7838,13.1916
big_markets,2030.9,43.5133,43.4467,13.0419
big_markets,2031.0,43.9996,43.1149,12.8882
big_markets,2031.1,44.4845,42.7880,12.7306
big_markets,2031.2,44.9682,42.4660,12.5696
big_markets,2031.3,45.4503,42.1486,12.4055
big_markets,2031.4,45.9309,41.8357,12.2384
big_markets,2031.5,46.4097,41.5270,12.0688
big_markets,2031.6,46.8868,41.2225,11.8969
big_markets,2031.7,47.3619,40.9218,11.7230
big_markets,2031.8,47.8350,40.6250,11.5474
big_markets,2031.9,48.3060,40.3318,11.3703
big_markets,2032.0,48.7747,40.0420,11.1919
big_markets,2032.1,49.2411,39.7556,11.0126
big_markets,2032.2,49.7051,39.4723,10.8325
big_markets,2032.3,50.1665,39.1922,10.6519
big_markets,2032.4,50.6252,38.9149,10.4710
big_markets,2032.5,51.0813,38.6406,10.2900
big_markets,2032.6,51.5344,38.3689,10.1092
big_markets,2032.7,51.9847,38.0999,9.9286
big_markets,2032.8,52.4319,37.8334,9.7485
big_markets,2032.9,52.8760,37.5694,9.5691
big_markets,2033.0,53.3169,37.3078,9.3905
big_markets,2033.1,53.7545,37.0485,9.2128
big_markets,2033.2,54.1887,36.7914,9.0364
big_markets,2033.3,54.6195,36.5365,8.8612
big_markets,2033.4,55.0468,36.2836,8.6874
big_markets,2033.5,55.4705,36.0328,8.5152
big_markets,2033.6,55.8905,35.7840,8.3447
big_markets,2033.7,56.3067,35.5372,8.1760
big_markets,2033.8,56.7192,35.2922,8.0092
big_markets,2033.9,57.1278,35.0490,7.8445
big_markets,2034.0,57.5324,34.8076,7.6819
big_markets,2034.1,57.9332,34.5679,7.5216
big_markets,2034.2,58.3298,34.3299,7.3636
big_markets,2034.3,58.7224,34.0935,7.2081
big_markets,2034.4,59.1110,33.8586,7.0552
big_markets,2034.5,59.4953,33.6253,6.9048
big_markets,2034.6,59.8755,33.3934,6.7572
big_markets,2034.7,60.2515,33.1630,6.6124
big_markets,2034.8,60.6232,32.9339,6.4704
big_markets,2034.9,60.9907,32.7062,6.3313
big_markets,2035.0,61.3540,32.4797,6.1953
big_markets,2035.1,61.7130,32.2544,6.0622
big_markets,2035.2,62.0677,32.0304,5.9323
big_markets,2035.3,62.4181,31.8074,5.8055
big_markets,2035.4,62.7643,31.5855,5.6819
big_markets,2035.5,63.1063,31.3647,5.5615
big_markets,2035.6,63.4440,31.1449,5.4443
big_markets,2035.7,63.7774,30.9261,5.3304
big_markets,2035.8,64.1067,30.7082,5.2197
big_markets,2035.9,64.4319,30.4912,5.1123
big_markets,2036.0,64.7529,30.2750,5.0081
big_markets,2036.1,65.0699,30.0597,4.9072
big_markets,2036.2,65.3828,29.8452,4.8095
big_markets,2036.3,65.6918,29.6315,4.7149
big_markets,2036.4,65.9968,29.4186,4.6236
big_markets,2036.5,66.2979,29.2064,4.5353
big_markets,2036.6,66.5952,28.9950,4.4501
big_markets,2036.7,66.8888,28.7843,4.3679
big_markets,2036.8,67.1787,28.5743,4.2887
big_markets,2036.9,67.4650,28.3651,4.2124
big_markets,2037.0,67.7477,28.1566,4.1388
big_markets,2037.1,68.0270,27.9489,4.0680
big_markets,2037.2,68.3028,27.7419,3.9999
big_markets,2037.3,68.5754,27.5356,3.9343
big_markets,2037.4,68.8447,27.3301,3.8712
big_markets,2037.5,69.1108,27.1254,3.8105
big_markets,2037.6,69.3738,26.9216,3.7521
big_markets,2037.7,69.6338,26.7185,3.6958
big_markets,2037.8,69.8908,26.5163,3.6417
big_markets,2037.9,70.1450,26.3149,3.5896
big_markets,2038.0,70.3963,26.1145,3.5394
big_markets,2038.1,70.6450,25.9149,3.4910
big_markets,2038.2,70.8910,25.7163,3.4443
big_markets,2038.3,71.1343,25.5186,3.3993
big_markets,2038.4,71.3752,25.3220,3.3558
big_markets,2038.5,71.6136,25.1264,3.3137
big_markets,2038.6,71.8495,24.9318,3.2730
big_markets,2038.7,72.0831,24.7383,3.2336
big_markets,2038.8,72.3145,24.5459,3.1954
big_markets,2038.9,72.5435,24.3546,3.1583
big_markets,2039.0,72.7704,24.1645,3.1222
big_markets,2039.1,72.9951,23.9756,3.0871
big_markets,2039.2,73.2177,23.7879,3.0529
big_markets,2039.3,73.4382,23.6014,3.0195
big_markets,2039.4,73.6566,23.4163,2.9869
big_markets,2039.5,73.8731,23.2324,2.9550
big_markets,2039.6,74.0876,23.0498,2.9238
big_markets,2039.7,74.3001,22.8685,2.8931
big_markets,2039.8,74.5107,22.6886,2.8631
big_markets,2039.9,74.7194,22.5101,2.8336
big_markets,2040.0,74.9262,22.3330,2.8045
big_markets,2040.1,75.1311,22.1574,2.7759
big_markets,2040.2,75.3342,21.9831,2.7477
big_markets,2040.3,75.5355,21.8104,2.7198
big_markets,2040.4,75.7349,21.6391,2.6923
big_markets,2040.5,75.9325,21.4693,2.6651
big_markets,2040.6,76.1283,21.3010,2.6383
big_markets,2040.7,76.3224,21.1342,2.6116
big_markets,2040.8,76.5146,20.9690,2.5853
big_markets,2040.9,76.7051,20.8053,2.5591
big_markets,2041.0,76.8938,20.6431,2.5332
big_markets,2041.1,77.0808,20.4825,2.5074
big_markets,2041.2,77.2660,20.3235,2.4818
big_markets,2041.3,77.4495,20.1660,2.4564
big_markets,2041.4,77.6312,20.0101,2.4312
big_markets,2041.5,77.8112,19.8558,2.4061
big_markets,2041.6,77.9895,19.7031,2.3811
big_markets,2041.7,78.1661,19.5520,2.3563
big_markets,2041.8,78.3409,19.4024,2.3316
big_markets,2041.9,78.5141,19.2544,2.3070
big_markets,2042.0,78.6856,19.1080,2.2825
big_markets,2042.1,78.8553,18.9632,2.2581
big_markets,2042.2,79.0235,18.8199,2.2338
big_markets,2042.3,79.1899,18.6782,2.2097
big_markets,2042.4,79.3547,18.5380,2.1856
big_markets,2042.5,79.5179,18.3994,2.1616
big_markets,2042.6,79.6794,18.2623,2.1377
big_markets,2042.7,79.8394,18.1268,2.1139
big_markets,2042.8,79.9977,17.9927,2.0902
big_markets,2042.9,80.1544,17.8602,2.0666
big_markets,2043.0,80.3095,17.7291,2.0430
big_markets,2043.1,80.4631,17.5995,2.0196
big_markets,2043.2,80.6152,17.4713,1.9962
big_markets,2043.3,80.7657,17.3446,1.9730
big_markets,2043.4,80.9146,17.2193,1.9498
big_markets,2043.5,81.0621,17.0954,1.9268
big_markets,2043.6,81.2081,16.9728,1.9038
big_markets,2043.7,81.3527,16.8517,1.8810
big_markets,2043.8,81.4958,16.7318,1.8582
big_markets,2043.9,81.6374,16.6133,1.8356
big_markets,2044.0,81.7777,16.4961,1.8130
big_markets,2044.1,81.9165,16.3801,1.7906
big_markets,2044.2,82.0540,16.2654,1.7683
big_markets,2044.3,82.1902,16.1520,1.7461
big_markets,2044.4,82.3250,16.0397,1.7240
big_markets,2044.5,82.4585,15.9287,1.7020
big_markets,2044.6,82.5907,15.8188,1.6802
big_markets,2044.7,82.7216,15.7100,1.6585
big_markets,2044.8,82.8513,15.6024,1.6369
big_markets,2044.9,82.9797,15.4958,1.6154
big_markets,2045.0,83.1070,15.3904,1.5941
big_markets,2045.1,83.2330,15.2859,1.5729
big_markets,2045.2,83.3579,15.1825,1.5524
big_markets,2045.3,83.4816,15.0801,1.5383
big_markets,2045.4,83.6042,14.9787,1.5243
big_markets,2045.5,83.7257,14.8782,1.5104
big_markets,2045.6,83.8461,14.7787,1.4966
big_markets,2045.7,83.9655,14.6801,1.4830
big_markets,2045.8,84.0837,14.5824,1.4695
big_markets,2045.9,84.2010,14.4855,1.4562
big_markets,2046.0,84.3172,14.3895,1.4430
big_markets,2046.1,84.4324,14.2944,1.4299
big_markets,2046.2,84.5467,14.2000,1.4169
big_markets,2046.3,84.6600,14.1065,1.4041
big_markets,2046.4,84.7723,14.0137,1.3914
big_markets,2046.5,84.8837,13.9217,1.3788
big_markets,2046.6,84.9942,13.8304,1.3664
big_markets,2046.7,85.1038,13.7398,1.3541
big_markets,2046.8,85.2125,13.6500,1.3420
big_markets,2046.9,85.3203,13.5608,1.3300
big_markets,2047.0,85.4273,13.4723,1.3181
big_markets,2047.1,85.5335,13.3845,1.3064
big_markets,2047.2,85.6388,13.2973,1.2948
big_markets,2047.3,85.7433,13.2107,1.2833
big_markets,2047.4,85.8469,13.1248,1.2720
big_markets,2047.5,85.9498,13.0395,1.2609
big_markets,2047.6,86.0519,12.9547,1.2498
big_markets,2047.7,86.1533,12.8706,1.2389
big_markets,2047.8,86.2538,12.7870,1.2282
big_markets,2047.9,86.3536,12.7040,1.2175
big_markets,2048.0,86.4527,12.6215,1.2071
big_markets,2048.1,86.5511,12.5396,1.1967
big_markets,2048.2,86.6487,12.4583,1.1865
big_markets,2048.3,86.7455,12.3774,1.1764
big_markets,2048.4,86.8417,12.2971,1.1665
big_markets,2048.5,86.9372,12.2173,1.1567
big_markets,2048.6,87.0320,12.1380,1.1470
big_markets,2048.7,87.1260,12.0592,1.1375
big_markets,2048.8,87.2194,11.9809,1.1281
big_markets,2048.9,87.3121,11.9031,1.1188
big_markets,2049.0,87.4042,11.8257,1.1096
big_markets,2049.1,87.4955,11.7489,1.1006
big_markets,2049.2,87.5862,11.6725,1.0917
big_markets,2049.3,87.6762,11.5966,1.0830
big_markets,2049.4,87.7656,11.5211,1.0743
big_markets,2049.5,87.8543,11.4462,1.0658
big_markets,2049.6,87.9424,11.3716,1.0574
big_markets,2049.7,88.0299,11.2976,1.0492
big_markets,2049.8,88.1166,11.2240,1.0410
big_markets,2049.9,88.2028,11.1508,1.0330
big_markets,2050.0,88.2883,11.0781,1.0251
country_germany,2015.0,0.5819,98.6692,0.7489
country_germany,2015.1,0.6249,98.5803,0.7948
country_germany,2015.2,0.6699,98.4879,0.8422
country_germany,2015.3,0.7170,98.3918,0.8911
country_germany,2015.4,0.7662,98.2922,0.9416
country_germany,2015.5,0.8176,98.1889,0.9935
country_germany,2015.6,0.8711,98.0818,1.0470
country_germany,2015.7,0.9269,97.9710,1.1021
country_germany,2015.8,0.9849,97.8564,1.1586
country_germany,2015.9,1.0452,97.7380,1.2167
country_germany,2016.0,1.1079,97.6157,1.2764
country_germany,2016.1,1.1730,97.4895,1.3375
country_germany,2016.2,1.2405,97.3593,1.4002
country_germany,2016.3,1.3104,97.2252,1.4644
country_germany,2016.4,1.3828,97.0871,1.5301
country_germany,2016.5,1.4578,96.9449,1.5973
country_germany,2016.6,1.5353,96.7986,1.6661
country_germany,2016.7,1.6155,96.6482,1.7363
country_germany,2016.8,1.6983,96.4937,1.8080
country_germany,2016.9,1.7838,96.3350,1.8812
country_germany,2017.0,1.8720,96.1721,1.9559
country_germany,2017.1,1.9629,96.0050,2.0321
country_germany,2017.2,2.0566,95.8336,2.1097
country_germany,2017.3,2.1532,95.6580,2.1888
country_germany,2017.4,2.2526,95.4781,2.2693
country_germany,2017.5,2.3549,95.2939,2.3512
country_germany,2017.6,2.4601,95.1054,2.4345
country_germany,2017.7,2.5683,94.9125,2.5193
country_germany,2017.8,2.6794,94.7152,2.6054
country_germany,2017.9,2.7936,94.5136,2.6928
country_germany,2018.0,2.9108,94.3075,2.7817
country_germany,2018.1,3.0311,94.0971,2.8718
country_germany,2018.2,3.1544,93.8822,2.9633
country_germany,2018.3,3.2810,93.6629,3.0561
country_germany,2018.4,3.4106,93.4392,3.1502
country_germany,2018.5,3.5435,93.2110,3.2455
country_germany,2018.6,3.6796,92.9783,3.3421
country_germany,2018.7,3.8189,92.7412,3.4399
country_germany,2018.8,3.9615,92.4996,3.5389
country_germany,2018.9,4.1074,92.2535,3.6391
country_germany,2019.0,4.2566,92.0029,3.7405
country_germany,2019.1,4.4091,91.7479,3.8430
country_germany,2019.2,4.5650,91.4884,3.9466
country_germany,2019.3,4.7243,91.2244,4.0513
country_germany,2019.4,4.8870,90.9559,4.1571
country_germany,2019.5,5.0531,90.6830,4.2639
country_germany,2019.6,5.2227,90.4056,4.3717
country_germany,2019.7,5.3958,90.1238,4.4805
country_germany,2019.8,5.5723,89.8374,4.5902
country_germany,2019.9,5.7524,89.5467,4.7009
country_germany,2020.0,5.9360,89.2515,4.8125
country_germany,2020.1,6.1231,88.9519,4.9250
country_germany,2020.2,6.3138,88.6479,5.0383
country_germany,2020.3,6.5080,88.3395,5.1525
country_germany,2020.4,6.7059,88.0267,5.2674
country_germany,2020.5,6.9073,87.7096,5.3831
country_germany,2020.6,7.1124,87.3881,5.4995
country_germany,2020.7,7.3211,87.0623,5.6165
country_germany,2020.8,7.5335,86.7322,5.7343
country_germany,2020.9,7.7494,86.3979,5.8527
country_germany,2021.0,7.9691,86.0593,5.9716
country_germany,2021.1,8.1924,85.7164,6.0912
country_germany,2021.2,8.4194,85.3693,6.2112
country_germany,2021.3,8.6501,85.0181,6.3318
country_germany,2021.4,8.8845,84.6627,6.4528
country_germany,2021.5,9.1226,84.3032,6.5742
country_germany,2021.6,9.3644,83.9396,6.6960
country_germany,2021.7,9.6099,83.5720,6.8181
country_germany,2021.8,9.8591,83.2003,6.9406
country_germany,2021.9,10.1120,82.8247,7.0633
country_germany,2022.0,10.3686,82.4451,7.1863
country_germany,2022.1,10.6290,82.0616,7.3094
country_germany,2022.2,10.8930,81.6742,7.4328
country_germany,2022.3,11.1608,81.2830,7.5562
country_germany,2022.4,11.4323,80.8879,7.6798
country_germany,2022.5,11.7075,80.4892,7.8033
country_germany,2022.6,11.9864,80.0867,7.9269
country_germany,2022.7,12.2690,79.6806,8.0505
country_germany,2022.8,12.5553,79.2708,8.1739
country_germany,2022.9,12.8452,78.8575,8.2973
country_germany,2023.0,13.1389,78.4406,8.4205
country_germany,2023.1,13.4362,78.0202,8.5436
country_germany,2023.2,13.7372,77.5965,8.6664
country_germany,2023.3,14.0418,77.1693,8.7889
country_germany,2023.4,14.3500,76.7389,8.9111
country_germany,2023.5,14.6619,76.3051,9.0330
country_germany,2023.6,14.9774,75.8682,9.1544
country_germany,2023.7,15.2965,75.4280,9.2755
country_germany,2023.8,15.6192,74.9848,9.3960
country_germany,2023.9,15.9454,74.5385,9.5161
country_germany,2024.0,16.2752,74.0892,9.6356
country_germany,2024.1,16.6085,73.6370,9.7545
country_germany,2024.2,16.9453,73.1819,9.8728
country_germany,2024.3,17.2856,72.7240,9.9904
country_germany,2024.4,17.6294,72.2634,10.1072
country_germany,2024.5,17.9766,71.8000,10.2234
country_germany,2024.6,18.3272,71.3341,10.3387
country_germany,2024.7,18.6812,70.8655,10.4532
country_germany,2024.8,19.0386,70.3945,10.5669
country_germany,2024.9,19.3994,69.9210,10.6796
country_germany,2025.0,19.7635,69.4452,10.7914
country_germany,2025.1,20.1308,68.9670,10.9021
country_germany,2025.2,20.5014,68.4867,11.0119
country_germany,2025.3,20.8753,68.0041,11.1206
country_germany,2025.4,21.2523,67.5195,11.2282
country_germany,2025.5,21.6326,67.0328,11.3346
country_germany,2025.6,22.0159,66.5442,11.4399
country_germany,2025.7,22.4024,66.0537,11.5439
country_germany,2025.8,22.7919,65.5613,11.6467
country_germany,2025.9,23.1845,65.0673,11.7482
country_germany,2026.0,23.5801,64.5715,11.8484
country_germany,2026.1,23.9786,64.0742,11.9472
country_germany,2026.2,24.3801,63.5753,12.0447
country_germany,2026.3,24.7844,63.0749,12.1407
country_germany,2026.4,25.1916,62.5732,12.2352
country_germany,2026.5,25.6016,62.0702,12.3283
country_germany,2026.6,26.0143,61.5659,12.4198
country_germany,2026.7,26.4298,61.0605,12.5097
country_germany,2026.8,26.8479,60.5540,12.5981
country_germany,2026.9,27.2687,60.0465,12.6848
country_germany,2027.0,27.6921,59.5381,12.7699
country_germany,2027.1,28.1180,59.0288,12.8533
country_germany,2027.2,28.5464,58.5187,12.9349
country_germany,2027.3,28.9772,58.0079,13.0149
country_germany,2027.4,29.4105,57.4965,13.0930
country_germany,2027.5,29.8461,56.9845,13.1694
country_germany,2027.6,30.2840,56.4720,13.2439
country_germany,2027.7,30.7242,55.9592,13.3166
country_germany,2027.8,31.1666,55.4460,13.3874
country_germany,2027.9,31.6111,54.9326,13.4563
country_germany,2028.0,32.0578,54.4190,13.5233
country_germany,2028.1,32.5065,53.9053,13.5883
country_germany,2028.2,32.9571,53.3915,13.6513
country_germany,2028.3,33.4098,52.8779,13.7124
country_germany,2028.4,33.8643,52.3643,13.7714
country_germany,2028.5,34.3206,51.8510,13.8284
country_germany,2028.6,34.7787,51.3379,13.8834
country_germany,2028.7,35.2385,50.8252,13.9363
country_germany,2028.8,35.7000,50.3129,13.9871
country_germany,2028.9,36.1631,49.8011,14.0357
country_germany,2029.0,36.6278,49.2899,14.0823
country_germany,2029.1,37.0939,48.7793,14.1267
country_germany,2029.2,37.5615,48.2695,14.1690
country_germany,2029.3,38.0304,47.7605,14.2091
country_germany,2029.4,38.5007,47.2523,14.2470
country_germany,2029.5,38.9722,46.7450,14.2828
country_germany,2029.6,39.4449,46.2388,14.3163
country_germany,2029.7,39.9187,45.7337,14.3476
country_germany,2029.8,40.3936,45.2297,14.3767
country_germany,2029.9,40.8695,44.7269,14.4036
country_germany,2030.0,41.3464,44.2254,14.4282
country_germany,2030.1,41.8241,43.7252,14.4507
country_germany,2030.2,42.3027,43.2265,14.4708
country_germany,2030.3,42.7820,42.7293,14.4887
country_germany,2030.4,43.2620,42.2336,14.5044
country_germany,2030.5,43.7426,41.7396,14.5178
country_germany,2030.6,44.2239,41.2472,14.5289
country_germany,2030.7,44.7056,40.7566,14.5378
country_germany,2030.8,45.1877,40.2678,14.5445
country_germany,2030.9,45.6703,39.7809,14.5488
country_germany,2031.0,46.1531,39.2959,14.5510
country_germany,2031.1,46.6362,38.8129,14.5508
country_germany,2031.2,47.1195,38.3320,14.5485
country_germany,2031.3,47.6030,37.8532,14.5439
country_germany,2031.4,48.0864,37.3766,14.5370
country_germany,2031.5,48.5699,36.9022,14.5279
country_germany,2031.6,49.0533,36.4301,14.5166
country_germany,2031.7,49.5366,35.9603,14.5031
country_germany,2031.8,50.0197,35.4929,14.4874
country_germany,2031.9,50.5025,35.0280,14.4695
country_germany,2032.0,50.9850,34.5656,14.4494
country_germany,2032.1,51.4671,34.1058,14.4271
country_germany,2032.2,51.9487,33.6485,14.4027
country_germany,2032.3,52.4299,33.1939,14.3762
country_germany,2032.4,52.9104,32.7421,14.3475
country_germany,2032.5,53.3904,32.2929,14.3167
country_germany,2032.6,53.8696,31.8466,14.2838
country_germany,2032.7,54.3481,31.4031,14.2488
country_germany,2032.8,54.8257,30.9625,14.2118
country_germany,2032.9,55.3025,30.5249,14.1727
country_germany,2033.0,55.7783,30.0902,14.1316
country_germany,2033.1,56.2531,29.6585,14.0884
country_germany,2033.2,56.7268,29.2298,14.0433
country_germany,2033.3,57.1994,28.8043,13.9963
country_germany,2033.4,57.6708,28.3819,13.9473
country_germany,2033.5,58.1410,27.9626,13.8964
country_germany,2033.6,58.6099,27.5466,13.8436
country_germany,2033.7,59.0773,27.1338,13.7889
country_germany,2033.8,59.5434,26.7242,13.7324
country_germany,2033.9,60.0080,26.3180,13.6740
country_germany,2034.0,60.4711,25.9150,13.6139
country_germany,2034.1,60.9326,25.5155,13.5520
country_germany,2034.2,61.3924,25.1193,13.4883
country_germany,2034.3,61.8505,24.7265,13.4230
country_germany,2034.4,62.3069,24.3372,13.3560
country_germany,2034.5,62.7614,23.9513,13.2873
country_germany,2034.6,63.2141,23.5689,13.2170
country_germany,2034.7,63.6649,23.1900,13.1451
country_germany,2034.8,64.1137,22.8146,13.0716
country_germany,2034.9,64.5605,22.4428,12.9967
country_germany,2035.0,65.0052,22.0746,12.9202
country_germany,2035.1,65.4479,21.7099,12.8422
country_germany,2035.2,65.8883,21.3489,12.7628
country_germany,2035.3,66.3265,20.9914,12.6820
country_germany,2035.4,66.7625,20.6376,12.5999
country_germany,2035.5,67.1962,20.2874,12.5164
country_germany,2035.6,67.6275,19.9409,12.4316
country_germany,2035.7,68.0564,19.5980,12.3455
country_germany,2035.8,68.4829,19.2588,12.2582
country_germany,2035.9,68.9069,18.9233,12.1697
country_germany,2036.0,69.3284,18.5915,12.0801
country_germany,2036.1,69.7473,18.2634,11.9893
country_germany,2036.2,70.1636,17.9390,11.8974
country_germany,2036.3,70.5773,17.6183,11.8045
country_germany,2036.4,70.9882,17.3013,11.7105
country_germany,2036.5,71.3965,16.9880,11.6156
country_germany,2036.6,71.8020,16.6784,11.5197
country_germany,2036.7,72.2047,16.3725,11.4228
country_germany,2036.8,72.6045,16.0703,11.3251
country_germany,2036.9,73.0015,15.7719,11.2266
country_germany,2037.0,73.3956,15.4771,11.1273
country_germany,2037.1,73.7868,15.1861,11.0271
country_germany,2037.2,74.1750,14.8987,10.9263
country_germany,2037.3,74.5602,14.6150,10.8248
country_germany,2037.4,74.9425,14.3350,10.7225
country_germany,2037.5,75.3216,14.0587,10.6197
country_germany,2037.6,75.6977,13.7860,10.5163
country_germany,2037.7,76.0707,13.5170,10.4123
country_germany,2037.8,76.4406,13.2516,10.3078
country_germany,2037.9,76.8073,12.9899,10.2028
country_germany,2038.0,77.1708,12.7318,10.0974
country_germany,2038.1,77.5312,12.4773,9.9916
country_germany,2038.2,77.8883,12.2263,9.8854
country_germany,2038.3,78.2422,11.9790,9.7788
country_germany,2038.4,78.5928,11.7352,9.6719
country_germany,2038.5,78.9402,11.4950,9.5648
country_germany,2038.6,79.2843,11.2583,9.4574
country_germany,2038.7,79.6251,11.0251,9.3499
country_germany,2038.8,79.9625,10.7954,9.2421
country_germany,2038.9,80.2966,10.5691,9.1342
country_germany,2039.0,80.6274,10.3463,9.0262
country_germany,2039.1,80.9548,10.1270,8.9182
country_germany,2039.2,81.2789,9.9110,8.8101
country_germany,2039.3,81.5995,9.6985,8.7020
country_germany,2039.4,81.9168,9.4893,8.5939
country_germany,2039.5,82.2307,9.2834,8.4859
country_germany,2039.6,82.5411,9.0809,8.3780
country_germany,2039.7,82.8482,8.8817,8.2701
country_germany,2039.8,83.1518,8.6857,8.1625
country_germany,2039.9,83.4521,8.4930,8.0550
country_germany,2040.0,83.7489,8.3035,7.9477
country_germany,2040.1,84.0422,8.1171,7.8406
country_germany,2040.2,84.3322,7.9340,7.7339
country_germany,2040.3,84.6187,7.7540,7.6274
country_germany,2040.4,84.9018,7.5771,7.5212
country_germany,2040.5,85.1814,7.4032,7.4153
country_germany,2040.6,85.4577,7.2325,7.3099
country_germany,2040.7,85.7305,7.0647,7.2048
country_germany,2040.8,85.9999,6.9000,7.1002
country_germany,2040.9,86.2658,6.7382,6.9960
country_germany,2041.0,86.5284,6.5793,6.8923
country_germany,2041.1,86.7876,6.4234,6.7890
country_germany,2041.2,87.0434,6.2703,6.6863
country_germany,2041.3,87.2957,6.1201,6.5842
country_germany,2041.4,87.5448,5.9727,6.4825
country_germany,2041.5,87.7904,5.8281,6.3815
country_germany,2041.6,88.0327,5.6862,6.2811
country_germany,2041.7,88.2716,5.5470,6.1813
country_germany,2041.8,88.5073,5.4106,6.0822
country_germany,2041.9,88.7395,5.2768,5.9837
country_germany,2042.0,88.9685,5.1456,5.8859
country_germany,2042.1,89.1942,5.0170,5.7888
country_germany,2042.2,89.4166,4.8910,5.6924
country_germany,2042.3,89.6358,4.7675,5.5967
country_germany,2042.4,89.8517,4.6465,5.5018
country_germany,2042.5,90.0644,4.5279,5.4077
country_germany,2042.6,90.2738,4.4118,5.3144
country_germany,2042.7,90.4801,4.2981,5.2218
country_germany,2042.8,90.6832,4.1867,5.1301
country_germany,2042.9,90.8831,4.0777,5.0392
country_germany,2043.0,91.0799,3.9710,4.9491
country_germany,2043.1,91.2736,3.8665,4.8598
country_germany,2043.2,91.4642,3.7643,4.7715
country_germany,2043.3,91.6517,3.6643,4.6840
country_germany,2043.4,91.8362,3.5665,4.5973
country_germany,2043.5,92.0176,3.4707,4.5116
country_germany,2043.6,92.1961,3.3771,4.4268
country_germany,2043.7,92.3715,3.2856,4.3429
country_germany,2043.8,92.5440,3.1961,4.2599
country_germany,2043.9,92.7136,3.1086,4.1778
country_germany,2044.0,92.8803,3.0231,4.0966
country_germany,2044.1,93.0440,2.9396,4.0164
country_germany,2044.2,93.2049,2.8579,3.9372
country_germany,2044.3,93.3630,2.7781,3.8589
country_germany,2044.4,93.5183,2.7002,3.7815
country_germany,2044.5,93.6708,2.6241,3.7051
country_germany,2044.6,93.8205,2.5498,3.6297
country_germany,2044.7,93.9676,2.4772,3.5552
country_germany,2044.8,94.1119,2.4064,3.4817
country_germany,2044.9,94.2535,2.3373,3.4092
country_germany,2045.0,94.3926,2.2698,3.3377
country_germany,2045.1,94.5290,2.2040,3.2671
country_germany,2045.2,94.6628,2.1397,3.1975
country_germany,2045.3,94.7940,2.0771,3.1289
country_germany,2045.4,94.9228,2.0160,3.0613
country_germany,2045.5,95.0490,1.9564,2.9946
country_germany,2045.6,95.1728,1.8983,2.9289
country_germany,2045.7,95.2941,1.8417,2.8642
country_germany,2045.8,95.4130,1.7865,2.8005
country_germany,2045.9,95.5296,1.7327,2.7378
country_germany,2046.0,95.6438,1.6803,2.6760
country_germany,2046.1,95.7556,1.6292,2.6152
country_germany,2046.2,95.8652,1.5795,2.5553
country_germany,2046.3,95.9725,1.5310,2.4964
country_germany,2046.4,96.0776,1.4838,2.4385
country_germany,2046.5,96.1805,1.4379,2.3816
country_germany,2046.6,96.2812,1.3932,2.3255
country_germany,2046.7,96.3798,1.3497,2.2705
country_germany,2046.8,96.4763,1.3074,2.2163
country_germany,2046.9,96.5707,1.2661,2.1631
country_germany,2047.0,96.6631,1.2261,2.1109
country_germany,2047.1,96.7534,1.1871,2.0595
country_germany,2047.2,96.8417,1.1492,2.0091
country_germany,2047.3,96.9281,1.1123,1.9596
country_germany,2047.4,97.0126,1.0764,1.9110
country_germany,2047.5,97.0951,1.0416,1.8633
country_germany,2047.6,97.1758,1.0077,1.8164
country_germany,2047.7,97.2547,0.9748,1.7705
country_germany,2047.8,97.3317,0.9429,1.7254
country_germany,2047.9,97.4070,0.9118,1.6812
country_germany,2048.0,97.4805,0.8816,1.6379
country_germany,2048.1,97.5523,0.8523,1.5954
country_germany,2048.2,97.6224,0.8239,1.5538
country_germany,2048.3,97.6908,0.7963,1.5129
country_germany,2048.4,97.7576,0.7694,1.4730
country_germany,2048.5,97.8228,0.7434,1.4338
country_germany,2048.6,97.8864,0.7182,1.3954
country_germany,2048.7,97.9484,0.6937,1.3579
country_germany,2048.8,98.0090,0.6699,1.3211
country_germany,2048.9,98.0680,0.6469,1.2851
country_germany,2049.0,98.1256,0.6246,1.2499
country_germany,2049.1,98.1817,0.6029,1.2154
country_germany,2049.2,98.2364,0.5819,1.1817
country_germany,2049.3,98.2898,0.5615,1.1487
country_germany,2049.4,98.3418,0.5418,1.1164
country_germany,2049.5,98.3924,0.5227,1.0849
country_germany,2049.6,98.4417,0.5042,1.0541
country_germany,2049.7,98.4898,0.4862,1.0240
country_germany,2049.8,98.5366,0.4689,0.9945
country_germany,2049.9,98.5821,0.4521,0.9658
country_germany,2050.0,98.6265,0.4358,0.9377
country_china,2015.0,0.5715,99.6416,0.0000
country_china,2015.1,0.6129,99.6085,0.0000
country_china,2015.2,0.6564,99.5729,0.0000
country_china,2015.3,0.7023,99.5347,0.0000
country_china,2015.4,0.7506,99.4938,0.0000
country_china,2015.5,0.8014,99.4501,0.0000
country_china,2015.6,0.8547,99.4033,0.0000
country_china,2015.7,0.9107,99.3533,0.0000
country_china,2015.8,0.9694,99.3000,0.0000
country_china,2015.9,1.0309,99.2433,0.0000
country_china,2016.0,1.0954,99.1828,0.0000
country_china,2016.1,1.1628,99.1185,0.0000
country_china,2016.2,1.2334,99.0502,0.0000
country_china,2016.3,1.3071,98.9776,0.0000
country_china,2016.4,1.3841,98.9007,0.0000
country_china,2016.5,1.4645,98.8191,0.0000
country_china,2016.6,1.5484,98.7328,0.0000
country_china,2016.7,1.6359,98.6414,0.0000
country_china,2016.8,1.7270,98.5448,0.0000
country_china,2016.9,1.8219,98.4427,0.0000
country_china,2017.0,1.9207,98.3349,0.0000
country_china,2017.1,2.0234,98.2213,0.0000
country_china,2017.2,2.1302,98.1014,0.0000
country_china,2017.3,2.2412,97.9752,0.0000
country_china,2017.4,2.3565,97.8424,0.0000
country_china,2017.5,2.4762,97.7027,0.0000
country_china,2017.6,2.6003,97.5558,0.0000
country_china,2017.7,2.7291,97.4015,0.0000
country_china,2017.8,2.8625,97.2396,0.0000
country_china,2017.9,3.0008,97.0697,0.0000
country_china,2018.0,3.1439,96.8916,0.0000
country_china,2018.1,3.2921,96.7050,0.0029
country_china,2018.2,3.4454,96.5097,0.0449
country_china,2018.3,3.6040,96.3052,0.0908
country_china,2018.4,3.7679,96.0914,0.1407
country_china,2018.5,3.9372,95.8680,0.1948
country_china,2018.6,4.1121,95.6346,0.2533
country_china,2018.7,4.2927,95.3910,0.3163
country_china,2018.8,4.4790,95.1369,0.3841
country_china,2018.9,4.6712,94.8719,0.4569
country_china,2019.0,4.8694,94.5957,0.5349
country_china,2019.1,5.0736,94.3081,0.6182
country_china,2019.2,5.2841,94.0088,0.7071
country_china,2019.3,5.5009,93.6974,0.8018
country_china,2019.4,5.7240,93.3736,0.9024
country_china,2019.5,5.9537,93.0371,1.0092
country_china,2019.6,6.1899,92.6876,1.1224
country_china,2019.7,6.4329,92.3249,1.2422
country_china,2019.8,6.6827,91.9485,1.3688
country_china,2019.9,6.9394,91.5583,1.5023
country_china,2020.0,7.2031,91.1539,1.6430
country_china,2020.1,7.4738,90.7351,1.7911
country_china,2020.2,7.7518,90.3015,1.9467
country_china,2020.3,8.0370,89.8528,2.1101
country_china,2020.4,8.3296,89.3889,2.2814
country_china,2020.5,8.6297,88.9094,2.4609
country_china,2020.6,8.9373,88.4142,2.6486
country_china,2020.7,9.2525,87.9028,2.8447
country_china,2020.8,9.5755,87.3751,3.0494
country_china,2020.9,9.9062,86.8310,3.2629
country_china,2021.0,10.2447,86.2701,3.4852
country_china,2021.1,10.5913,85.6922,3.7165
country_china,2021.2,10.9458,85.0972,3.9570
country_china,2021.3,11.3084,84.4849,4.2067
country_china,2021.4,11.6791,83.8552,4.4657
country_china,2021.5,12.0580,83.2079,4.7342
country_china,2021.6,12.4451,82.5428,5.0121
country_china,2021.7,12.8406,81.8599,5.2995
country_china,2021.8,13.2444,81.1591,5.5965
country_china,2021.9,13.6566,80.4403,5.9031
country_china,2022.0,14.0773,79.7035,6.2192
country_china,2022.1,14.5064,78.9486,6.5450
country_china,2022.2,14.9441,78.1757,6.8802
country_china,2022.3,15.3902,77.3848,7.2250
country_china,2022.4,15.8450,76.5759,7.5791
country_china,2022.5,16.3083,75.7491,7.9426
country_china,2022.6,16.7803,74.9046,8.3152
country_china,2022.7,17.2608,74.0424,8.6968
country_china,2022.8,17.7500,73.1627,9.0874
country_china,2022.9,18.2477,72.2657,9.4866
country_china,2023.0,18.7541,71.3516,9.8943
country_china,2023.1,19.2691,70.4207,10.3102
country_china,2023.2,19.7926,69.4733,10.7340
country_china,2023.3,20.3248,68.5097,11.1655
country_china,2023.4,20.8654,67.5302,11.6043
country_china,2023.5,21.4146,66.5353,12.0501
country_china,2023.6,21.9722,65.5253,12.5025
country_china,2023.7,22.5382,64.5007,12.9611
country_china,2023.8,23.1125,63.4620,13.4255
country_china,2023.9,23.6952,62.4097,13.8951
country_china,2024.0,24.2861,61.3444,14.3695
country_china,2024.1,24.8852,60.2666,14.8482
country_china,2024.2,25.4923,59.1770,15.3307
country_china,2024.3,26.1075,58.0763,15.8162
country_china,2024.4,26.7306,56.9651,16.3044
country_china,2024.5,27.3614,55.8441,16.7945
country_china,2024.6,28.0000,54.7141,17.2858
country_china,2024.7,28.6462,53.5760,17.7778
country_china,2024.8,29.2999,52.4304,18.2697
country_china,2024.9,29.9609,51.2784,18.7607
country_china,2025.0,30.6291,50.1206,19.2503
country_china,2025.1,31.3045,48.9581,19.7375
country_china,2025.2,31.9867,47.7917,20.2216
country_china,2025.3,32.6758,46.6224,20.7018
country_china,2025.4,33.3715,45.4512,21.1773
country_china,2025.5,34.0736,44.2790,21.6473
country_china,2025.6,34.7821,43.1069,22.1110
country_china,2025.7,35.4966,41.9358,22.5676
country_china,2025.8,36.2171,40.7668,23.0161
country_china,2025.9,36.9433,39.6010,23.4557
country_china,2026.0,37.6751,38.4393,23.8857
country_china,2026.1,38.4121,37.2828,24.3051
country_china,2026.2,39.1543,36.1326,24.7131
country_china,2026.3,39.9014,34.9896,25.1089
country_china,2026.4,40.6532,33.8551,25.4917
country_china,2026.5,41.4094,32.7299,25.8607
country_china,2026.6,42.1698,31.6151,26.2150
country_china,2026.7,42.9342,30.5118,26.5540
country_china,2026.8,43.7024,29.4209,26.8768
country_china,2026.9,44.4740,28.3433,27.1827
country_china,2027.0,45.2488,27.2802,27.4711
country_china,2027.1,46.0265,26.2322,27.7412
country_china,2027.2,46.8070,25.2005,27.9926
country_china,2027.3,47.5898,24.1857,28.2244
country_china,2027.4,48.3748,23.1889,28.4363
country_china,2027.5,49.1617,22.2106,28.6277
country_china,2027.6,49.9502,21.2518,28.7981
country_china,2027.7,50.7399,20.3131,28.9470
country_china,2027.8,51.5306,19.3951,29.0743
country_china,2027.9,52.3221,18.4986,29.1794
country_china,2028.0,53.1139,17.6240,29.2621
country_china,2028.1,53.9059,16.7718,29.3223
country_china,2028.2,54.6977,15.9427,29.3597
country_china,2028.3,55.4890,15.1368,29.3742
country_china,2028.4,56.2795,14.3547,29.3658
country_china,2028.5,57.0689,13.5965,29.3346
country_china,2028.6,57.8569,12.8626,29.2804
country_china,2028.7,58.6432,12.1532,29.2036
country_china,2028.8,59.4275,11.4682,29.1042
country_china,2028.9,60.2095,10.8079,28.9825
country_china,2029.0,60.9889,10.1723,28.8388
country_china,2029.1,61.7654,9.5612,28.6734
country_china,2029.2,62.5386,8.9747,28.4867
country_china,2029.3,63.3083,8.4125,28.2792
country_china,2029.4,64.0742,7.8744,28.0514
country_china,2029.5,64.8359,7.3602,27.8038
country_china,2029.6,65.5933,6.8696,27.5371
country_china,2029.7,66.3459,6.4023,27.2518
country_china,2029.8,67.0935,5.9578,26.9486
country_china,2029.9,67.8359,5.5357,26.6284
country_china,2030.0,68.5727,5.1356,26.2917
country_china,2030.1,69.3037,4.7569,25.9394
country_china,2030.2,70.0286,4.3990,25.5723
country_china,2030.3,70.7472,4.0615,25.1913
country_china,2030.4,71.4591,3.7437,24.7972
country_china,2030.5,72.1641,3.4449,24.3909
country_china,2030.6,72.8621,3.1646,23.9733
country_china,2030.7,73.5526,2.9021,23.5452
country_china,2030.8,74.2356,2.6567,23.1077
country_china,2030.9,74.9108,2.4277,22.6615
country_china,2031.0,75.5779,2.2144,22.2077
country_china,2031.1,76.2368,2.0162,21.7470
country_china,2031.2,76.8872,1.8322,21.2805
country_china,2031.3,77.5290,1.6619,20.8091
country_china,2031.4,78.1620,1.5045,20.3335
country_china,2031.5,78.7860,1.3594,19.8546
country_china,2031.6,79.4008,1.2258,19.3734
country_china,2031.7,80.0062,1.1031,18.8907
country_china,2031.8,80.6022,0.9907,18.4071
country_china,2031.9,81.1886,0.8879,17.9236
country_china,2032.0,81.7652,0.7940,17.4408
country_china,2032.1,82.3319,0.7086,16.9595
country_china,2032.2,82.8886,0.6310,16.4804
country_china,2032.3,83.4353,0.5607,16.0041
country_china,2032.4,83.9717,0.4971,15.5312
country_china,2032.5,84.4979,0.4397,15.0624
country_china,2032.6,85.0138,0.3880,14.5982
country_china,2032.7,85.5193,0.3416,14.1391
country_china,2032.8,86.0143,0.3001,13.6856
country_china,2032.9,86.4988,0.2629,13.2382
country_china,2033.0,86.9728,0.2299,12.7973
country_china,2033.1,87.4363,0.2004,12.3633
country_china,2033.2,87.8892,0.1743,11.9365
country_china,2033.3,88.3316,0.1512,11.5172
country_china,2033.4,88.7634,0.1309,11.1058
country_china,2033.5,89.1846,0.1130,10.7024
country_china,2033.6,89.5954,0.0972,10.3073
country_china,2033.7,89.9957,0.0835,9.9208
country_china,2033.8,90.3856,0.0715,9.5429
country_china,2033.9,90.7651,0.0610,9.1739
country_china,2034.0,91.1343,0.0520,8.8137
country_china,2034.1,91.4933,0.0441,8.4626
country_china,2034.2,91.8421,0.0374,8.1206
country_china,2034.3,92.1808,0.0315,7.7877
country_china,2034.4,92.5096,0.0265,7.4639
country_china,2034.5,92.8285,0.0223,7.1493
country_china,2034.6,93.1376,0.0186,6.8438
country_china,2034.7,93.4371,0.0155,6.5474
country_china,2034.8,93.7270,0.0129,6.2600
country_china,2034.9,94.0076,0.0107,5.9817
country_china,2035.0,94.2789,0.0089,5.7122
country_china,2035.1,94.5411,0.0073,5.4516
country_china,2035.2,94.7944,0.0060,5.1996
country_china,2035.3,95.0388,0.0049,4.9563
country_china,2035.4,95.2746,0.0040,4.7214
country_china,2035.5,95.5018,0.0032,4.4949
country_china,2035.6,95.7207,0.0026,4.2766
country_china,2035.7,95.9315,0.0021,4.0664
country_china,2035.8,96.1342,0.0017,3.8640
country_china,2035.9,96.3292,0.0014,3.6695
country_china,2036.0,96.5165,0.0011,3.4824
country_china,2036.1,96.6963,0.0009,3.3029
country_china,2036.2,96.8688,0.0007,3.1305
country_china,2036.3,97.0342,0.0005,2.9652
country_china,2036.4,97.1927,0.0004,2.8068
country_china,2036.5,97.3445,0.0003,2.6552
country_china,2036.6,97.4897,0.0003,2.5100
country_china,2036.7,97.6286,0.0002,2.3712
country_china,2036.8,97.7612,0.0002,2.2386
country_china,2036.9,97.8879,0.0001,2.1120
country_china,2037.0,98.0087,0.0001,1.9912
country_china,2037.1,98.1240,0.0001,1.8760
country_china,2037.2,98.2338,0.0001,1.7662
country_china,2037.3,98.3383,0.0000,1.6617
country_china,2037.4,98.4377,0.0000,1.5623
country_china,2037.5,98.5322,0.0000,1.4678
country_china,2037.6,98.6220,0.0000,1.3780
country_china,2037.7,98.7072,0.0000,1.2928
country_china,2037.8,98.7880,0.0000,1.2120
country_china,2037.9,98.8646,0.0000,1.1354
country_china,2038.0,98.9372,0.0000,1.0628
country_china,2038.1,99.0058,0.0000,0.9942
country_china,2038.2,99.0707,0.0000,0.9293
country_china,2038.3,99.1320,0.0000,0.8680
country_china,2038.4,99.1899,0.0000,0.8101
country_china,2038.5,99.2445,0.0000,0.7555
country_china,2038.6,99.2960,0.0000,0.7040
country_china,2038.7,99.3445,0.0000,0.6555
country_china,2038.8,99.3901,0.0000,0.6099
country_china,2038.9,99.4330,0.0000,0.5670
country_china,2039.0,99.4732,0.0000,0.5268
country_china,2039.1,99.5111,0.0000,0.4889
country_china,2039.2,99.5465,0.0000,0.4535
country_china,2039.3,99.5798,0.0000,0.4202
country_china,2039.4,99.6109,0.0000,0.3891
country_china,2039.5,99.6400,0.0000,0.3600
country_china,2039.6,99.6672,0.0000,0.3328
country_china,2039.7,99.6926,0.0000,0.3074
country_china,2039.8,99.7163,0.0000,0.2837
country_china,2039.9,99.7384,0.0000,0.2616
country_china,2040.0,99.7590,0.0000,0.2410
country_china,2040.1,99.7781,0.0000,0.2219
country_china,2040.2,99.7960,0.0000,0.2040
country_china,2040.3,99.8125,0.0000,0.1875
country_china,2040.4,99.8279,0.0000,0.1721
country_china,2040.5,99.8421,0.0000,0.1579
country_china,2040.6,99.8553,0.0000,0.1447
country_china,2040.7,99.8675,0.0000,0.1325
country_china,2040.8,99.8788,0.0000,0.1212
country_china,2040.9,99.8892,0.0000,0.1108
country_china,2041.0,99.8988,0.0000,0.1012
country_china,2041.1,99.9077,0.0000,0.0923
country_china,2041.2,99.9159,0.0000,0.0841
country_china,2041.3,99.9234,0.0000,0.0766
country_china,2041.4,99.9303,0.0000,0.0697
country_china,2041.5,99.9367,0.0000,0.0633
country_china,2041.6,99.9425,0.0000,0.0575
country_china,2041.7,99.9478,0.0000,0.0522
country_china,2041.8,99.9527,0.0000,0.0473
country_china,2041.9,99.9572,0.0000,0.0428
country_china,2042.0,99.9613,0.0000,0.0387
country_china,2042.1,99.9650,0.0000,0.0350
country_china,2042.2,99.9684,0.0000,0.0316
country_china,2042.3,99.9715,0.0000,0.0285
country_china,2042.4,99.9743,0.0000,0.0257
country_china,2042.5,99.9769,0.0000,0.0231
country_china,2042.6,99.9792,0.0000,0.0208
country_china,2042.7,99.9814,0.0000,0.0186
country_china,2042.8,99.9833,0.0000,0.0167
country_china,2042.9,99.9850,0.0000,0.0150
country_china,2043.0,99.9866,0.0000,0.0134
country_china,2043.1,99.9880,0.0000,0.0120
country_china,2043.2,99.9893,0.0000,0.0107
country_china,2043.3,99.9904,0.0000,0.0096
country_china,2043.4,99.9915,0.0000,0.0085
country_china,2043.5,99.9924,0.0000,0.0076
country_china,2043.6,99.9932,0.0000,0.0068
country_china,2043.7,99.9940,0.0000,0.0060
country_china,2043.8,99.9947,0.0000,0.0053
country_china,2043.9,99.9953,0.0000,0.0047
country_china,2044.0,99.9958,0.0000,0.0042
country_china,2044.1,99.9963,0.0000,0.0037
country_china,2044.2,99.9967,0.0000,0.0033
country_china,2044.3,99.9971,0.0000,0.0029
country_china,2044.4,99.9975,0.0000,0.0025
country_china,2044.5,99.9978,0.0000,0.0022
country_china,2044.6,99.9980,0.0000,0.0020
country_china,2044.7,99.9983,0.0000,0.0017
country_china,2044.8,99.9985,0.0000,0.0015
country_china,2044.9,99.9987,0.0000,0.0013
country_china,2045.0,99.9988,0.0000,0.0012
country_china,2045.1,99.9990,0.0000,0.0010
country_china,2045.2,99.9991,0.0000,0.0009
country_china,2045.3,99.9992,0.0000,0.0008
country_china,2045.4,99.9993,0.0000,0.0007
country_china,2045.5,99.9994,0.0000,0.0006
country_china,2045.6,99.9995,0.0000,0.0005
country_china,2045.7,99.9996,0.0000,0.0004
country_china,2045.8,99.9996,0.0000,0.0004
country_china,2045.9,99.9997,0.0000,0.0003
country_china,2046.0,99.9997,0.0000,0.0003
country_china,2046.1,99.9998,0.0000,0.0002
country_china,2046.2,99.9998,0.0000,0.0002
country_china,2046.3,99.9998,0.0000,0.0002
country_china,2046.4,99.9998,0.0000,0.0002
country_china,2046.5,99.9999,0.0000,0.0001
country_china,2046.6,99.9999,0.0000,0.0001
country_china,2046.7,99.9999,0.0000,0.0001
country_china,2046.8,99.9999,0.0000,0.0001
country_china,2046.9,99.9999,0.0000,0.0001
country_china,2047.0,99.9999,0.0000,0.0001
country_china,2047.1,99.9999,0.0000,0.0001
country_china,2047.2,100.0000,0.0000,0.0000
country_china,2047.3,100.0000,0.0000,0.0000
country_china,2047.4,100.0000,0.0000,0.0000
country_china,2047.5,100.0000,0.0000,0.0000
country_china,2047.6,100.0000,0.0000,0.0000
country_china,2047.7,100.0000,0.0000,0.0000
country_china,2047.8,100.0000,0.0000,0.0000
country_china,2047.9,100.0000,0.0000,0.0000
country_china,2048.0,100.0000,0.0000,0.0000
country_china,2048.1,100.0000,0.0000,0.0000
country_china,2048.2,100.0000,0.0000,0.0000
country_china,2048.3,100.0000,0.0000,0.0000
country_china,2048.4,100.0000,0.0000,0.0000
country_china,2048.5,100.0000,0.0000,0.0000
country_china,2048.6,100.0000,0.0000,0.0000
country_china,2048.7,100.0000,0.0000,0.0000
country_china,2048.8,100.0000,0.0000,0.0000
country_china,2048.9,100.0000,0.0000,0.0000
country_china,2049.0,100.0000,0.0000,0.0000
country_china,2049.1,100.0000,0.0000,0.0000
country_china,2049.2,100.0000,0.0000,0.0000
country_china,2049.3,100.0000,0.0000,0.0000
country_china,2049.4,100.0000,0.0000,0.0000
country_china,2049.5,100.0000,0.0000,0.0000
country_china,2049.6,100.0000,0.0000,0.0000
country_china,2049.7,100.0000,0.0000,0.0000
country_china,2049.8,100.0000,0.0000,0.0000
country_china,2049.9,100.0000,0.0000,0.0000
country_china,2050.0,100.0000,0.0000,0.0000
country_norway,2015.0,9.1699,83.4404,7.3897
country_norway,2015.1,9.5855,82.7777,7.6368
country_norway,2015.2,10.0150,82.0977,7.8874
country_norway,2015.3,10.4584,81.4003,8.1413
country_norway,2015.4,10.9161,80.6855,8.3983
country_norway,2015.5,11.3884,79.9534,8.6582
country_norway,2015.6,11.8753,79.2039,8.9208
country_norway,2015.7,12.3771,78.4371,9.1859
country_norway,2015.8,12.8940,77.6529,9.4531
country_norway,2015.9,13.4262,76.8516,9.7222
country_norway,2016.0,13.9738,76.0333,9.9929
country_norway,2016.1,14.5370,75.1980,10.2650
country_norway,2016.2,15.1160,74.3459,10.5381
country_norway,2016.3,15.7109,73.4772,10.8119
country_norway,2016.4,16.3218,72.5922,11.0860
country_norway,2016.5,16.9488,71.6911,11.3601
country_norway,2016.6,17.5920,70.7741,11.6338
country_norway,2016.7,18.2516,69.8417,11.9068
country_norway,2016.8,18.9274,68.8940,12.1786
country_norway,2016.9,19.6197,67.9315,12.4489
country_norway,2017.0,20.3284,66.9545,12.7171
country_norway,2017.1,21.0534,65.9635,12.9830
country_norway,2017.2,21.7949,64.9590,13.2461
country_norway,2017.3,22.5528,63.9414,13.5058
country_norway,2017.4,23.3270,62.9112,13.7619
country_norway,2017.5,24.1173,61.8689,14.0137
country_norway,2017.6,24.9239,60.8153,14.2609
country_norway,2017.7,25.7464,59.7507,14.5029
country_norway,2017.8,26.5847,58.6760,14.7393
country_norway,2017.9,27.4388,57.5917,14.9696
country_norway,2018.0,28.3083,56.4984,15.1933
country_norway,2018.1,29.1931,55.3971,15.4099
country_norway,2018.2,30.0928,54.2882,15.6190
country_norway,2018.3,31.0073,53.1727,15.8200
country_norway,2018.4,31.9362,52.0513,16.0125
country_norway,2018.5,32.8792,50.9248,16.1960
country_norway,2018.6,33.8359,49.7940,16.3701
country_norway,2018.7,34.8059,48.6598,16.5343
country_norway,2018.8,35.7889,47.5230,16.6881
country_norway,2018.9,36.7843,46.3846,16.8311
country_norway,2019.0,37.7918,45.2453,16.9629
country_norway,2019.1,38.8107,44.1062,17.0831
country_norway,2019.2,39.8407,42.9680,17.1913
country_norway,2019.3,40.8810,41.8319,17.2871
country_norway,2019.4,41.9312,40.6986,17.3702
country_norway,2019.5,42.9907,39.5691,17.4402
country_norway,2019.6,44.0587,38.4444,17.4969
country_norway,2019.7,45.1348,37.3253,17.5399
country_norway,2019.8,46.2180,36.2129,17.5691
country_norway,2019.9,47.3079,35.1080,17.5841
country_norway,2020.0,48.4036,34.0116,17.5848
country_norway,2020.1,49.5043,32.9246,17.5711
country_norway,2020.2,50.6094,31.8478,17.5428
country_norway,2020.3,51.7180,30.7822,17.4998
country_norway,2020.4,52.8294,29.7286,17.4421
country_norway,2020.5,53.9426,28.6878,17.3696
country_norway,2020.6,55.0569,27.6608,17.2823
country_norway,2020.7,56.1714,26.6482,17.1804
country_norway,2020.8,57.2852,25.6509,17.0639
country_norway,2020.9,58.3975,24.6696,16.9329
country_norway,2021.0,59.5074,23.7050,16.7876
country_norway,2021.1,60.6140,22.7578,16.6282
country_norway,2021.2,61.7164,21.8286,16.4550
country_norway,2021.3,62.8137,20.9181,16.2682
country_norway,2021.4,63.9050,20.0268,16.0682
country_norway,2021.5,64.9895,19.1552,15.8553
country_norway,2021.6,66.0662,18.3039,15.6299
country_norway,2021.7,67.1343,17.4732,15.3925
country_norway,2021.8,68.1929,16.6635,15.1435
country_norway,2021.9,69.2412,15.8753,14.8835
country_norway,2022.0,70.2782,15.1088,14.6129
country_norway,2022.1,71.3033,14.3643,14.3324
country_norway,2022.2,72.3155,13.6420,14.0425
country_norway,2022.3,73.3141,12.9421,13.7438
country_norway,2022.4,74.2983,12.2646,13.4371
country_norway,2022.5,75.2675,11.6097,13.1228
country_norway,2022.6,76.2208,10.9774,12.8018
country_norway,2022.7,77.1576,10.3677,12.4747
country_norway,2022.8,78.0773,9.7804,12.1423
country_norway,2022.9,78.9793,9.2155,11.8052
country_norway,2023.0,79.8629,8.6729,11.4642
country_norway,2023.1,80.7276,8.1524,11.1200
country_norway,2023.2,81.5730,7.6536,10.7734
country_norway,2023.3,82.3985,7.1764,10.4251
country_norway,2023.4,83.2038,6.7204,10.0758
country_norway,2023.5,83.9884,6.2853,9.7262
country_norway,2023.6,84.7521,5.8708,9.3771
country_norway,2023.7,85.4945,5.4763,9.0292
country_norway,2023.8,86.2154,5.1014,8.6831
country_norway,2023.9,86.9147,4.7458,8.3395
country_norway,2024.0,87.5920,4.4089,7.9991
country_norway,2024.1,88.2474,4.0901,7.6624
country_norway,2024.2,88.8808,3.7891,7.3301
country_norway,2024.3,89.4921,3.5051,7.0028
country_norway,2024.4,90.0814,3.2377,6.6809
country_norway,2024.5,90.6487,2.9863,6.3650
country_norway,2024.6,91.1942,2.7503,6.0555
country_norway,2024.7,91.7180,2.5291,5.7529
country_norway,2024.8,92.2203,2.3222,5.4576
country_norway,2024.9,92.7013,2.1288,5.1699
country_norway,2025.0,93.1613,1.9485,4.8902
country_norway,2025.1,93.6007,1.7805,4.6188
country_norway,2025.2,94.0197,1.6245,4.3558
country_norway,2025.3,94.4188,1.4796,4.1016
country_norway,2025.4,94.7983,1.3455,3.8563
country_norway,2025.5,95.1587,1.2214,3.6199
country_norway,2025.6,95.5004,1.1069,3.3928
country_norway,2025.7,95.8239,1.0014,3.1748
country_norway,2025.8,96.1297,0.9043,2.9660
country_norway,2025.9,96.4184,0.8153,2.7664
country_norway,2026.0,96.6904,0.7336,2.5760
country_norway,2026.1,96.9464,0.6590,2.3946
country_norway,2026.2,97.1868,0.5908,2.2223
country_norway,2026.3,97.4124,0.5288,2.0589
country_norway,2026.4,97.6236,0.4723,1.9041
country_norway,2026.5,97.8210,0.4211,1.7579
country_norway,2026.6,98.0052,0.3747,1.6201
country_norway,2026.7,98.1769,0.3327,1.4904
country_norway,2026.8,98.3365,0.2949,1.3686
country_norway,2026.9,98.4847,0.2608,1.2544
country_norway,2027.0,98.6221,0.2302,1.1477
country_norway,2027.1,98.7492,0.2028,1.0480
country_norway,2027.2,98.8665,0.1783,0.9552
country_norway,2027.3,98.9747,0.1564,0.8689
country_norway,2027.4,99.0742,0.1369,0.7889
country_norway,2027.5,99.1655,0.1196,0.7149
country_norway,2027.6,99.2493,0.1042,0.6465
country_norway,2027.7,99.3259,0.0906,0.5835
country_norway,2027.8,99.3958,0.0786,0.5255
country_norway,2027.9,99.4596,0.0681,0.4724
country_norway,2028.0,99.5175,0.0588,0.4237
country_norway,2028.1,99.5701,0.0507,0.3792
country_norway,2028.2,99.6177,0.0436,0.3387
country_norway,2028.3,99.6607,0.0374,0.3019
country_norway,2028.4,99.6995,0.0320,0.2685
country_norway,2028.5,99.7345,0.0273,0.2382
country_norway,2028.6,99.7658,0.0232,0.2109
country_norway,2028.7,99.7939,0.0197,0.1863
country_norway,2028.8,99.8190,0.0167,0.1642
country_norway,2028.9,99.8414,0.0141,0.1444
country_norway,2029.0,99.8614,0.0119,0.1267
country_norway,2029.1,99.8791,0.0100,0.1109
country_norway,2029.2,99.8948,0.0084,0.0968
country_norway,2029.3,99.9086,0.0070,0.0844
country_norway,2029.4,99.9208,0.0059,0.0733
country_norway,2029.5,99.9316,0.0049,0.0635
country_norway,2029.6,99.9410,0.0040,0.0549
country_norway,2029.7,99.9493,0.0033,0.0474
country_norway,2029.8,99.9565,0.0028,0.0408
country_norway,2029.9,99.9627,0.0023,0.0350
country_norway,2030.0,99.9682,0.0019,0.0299
country_norway,2030.1,99.9729,0.0015,0.0256
country_norway,2030.2,99.9770,0.0012,0.0218
country_norway,2030.3,99.9805,0.0010,0.0185
country_norway,2030.4,99.9835,0.0008,0.0156
country_norway,2030.5,99.9861,0.0007,0.0132
country_norway,2030.6,99.9883,0.0005,0.0111
country_norway,2030.7,99.9902,0.0004,0.0093
country_norway,2030.8,99.9918,0.0003,0.0078
country_norway,2030.9,99.9932,0.0003,0.0065
country_norway,2031.0,99.9943,0.0002,0.0054
country_norway,2031.1,99.9953,0.0002,0.0045
country_norway,2031.2,99.9961,0.0001,0.0037
country_norway,2031.3,99.9968,0.0001,0.0031
country_norway,2031.4,99.9974,0.0001,0.0025
country_norway,2031.5,99.9979,0.0001,0.0021
country_norway,2031.6,99.9982,0.0001,0.0017
country_norway,2031.7,99.9986,0.0000,0.0014
country_norway,2031.8,99.9988,0.0000,0.0011
country_norway,2031.9,99.9991,0.0000,0.0009
country_norway,2032.0,99.9992,0.0000,0.0007
country_norway,2032.1,99.9994,0.0000,0.0006
country_norway,2032.2,99.9995,0.0000,0.0005
country_norway,2032.3,99.9996,0.0000,0.0004
country_norway,2032.4,99.9997,0.0000,0.0003
country_norway,2032.5,99.9998,0.0000,0.0002
country_norway,2032.6,99.9998,0.0000,0.0002
country_norway,2032.7,99.9998,0.0000,0.0002
country_norway,2032.8,99.9999,0.0000,0.0001
country_norway,2032.9,99.9999,0.0000,0.0001
country_norway,2033.0,99.9999,0.0000,0.0001
country_norway,2033.1,99.9999,0.0000,0.0001
country_norway,2033.2,100.0000,0.0000,0.0000
country_norway,2033.3,100.0000,0.0000,0.0000
country_norway,2033.4,100.0000,0.0000,0.0000
country_norway,2033.5,100.0000,0.0000,0.0000
country_norway,2033.6,100.0000,0.0000,0.0000
country_norway,2033.7,100.0000,0.0000,0.0000
country_norway,2033.8,100.0000,0.0000,0.0000
country_norway,2033.9,100.0000,0.0000,0.0000
country_norway,2034.0,100.0000,0.0000,0.0000
country_norway,2034.1,100.0000,0.0000,0.0000
country_norway,2034.2,100.0000,0.0000,0.0000
country_norway,2034.3,100.0000,0.0000,0.0000
country_norway,2034.4,100.0000,0.0000,0.0000
country_norway,2034.5,100.0000,0.0000,0.0000
country_norway,2034.6,100.0000,0.0000,0.0000
country_norway,2034.7,100.0000,0.0000,0.0000
country_norway,2034.8,100.0000,0.0000,0.0000
country_norway,2034.9,100.0000,0.0000,0.0000
country_norway,2035.0,100.0000,0.0000,0.0000
country_norway,2035.1,100.0000,0.0000,0.0000
country_norway,2035.2,100.0000,0.0000,0.0000
country_norway,2035.3,100.0000,0.0000,0.0000
country_norway,2035.4,100.0000,0.0000,0.0000
country_norway,2035.5,100.0000,0.0000,0.0000
country_norway,2035.6,100.0000,0.0000,0.0000
country_norway,2035.7,100.0000,0.0000,0.0000
country_norway,2035.8,100.0000,0.0000,0.0000
country_norway,2035.9,100.0000,0.0000,0.0000
country_norway,2036.0,100.0000,0.0000,0.0000
country_norway,2036.1,100.0000,0.0000,0.0000
country_norway,2036.2,100.0000,0.0000,0.0000
country_norway,2036.3,100.0000,0.0000,0.0000
country_norway,2036.4,100.0000,0.0000,0.0000
country_norway,2036.5,100.0000,0.0000,0.0000
country_norway,2036.6,100.0000,0.0000,0.0000
country_norway,2036.7,100.0000,0.0000,0.0000
country_norway,2036.8,100.0000,0.0000,0.0000
country_norway,2036.9,100.0000,0.0000,0.0000
country_norway,2037.0,100.0000,0.0000,0.0000
country_norway,2037.1,100.0000,0.0000,0.0000
country_norway,2037.2,100.0000,0.0000,0.0000
country_norway,2037.3,100.0000,0.0000,0.0000
country_norway,2037.4,100.0000,0.0000,0.0000
country_norway,2037.5,100.0000,0.0000,0.0000
country_norway,2037.6,100.0000,0.0000,0.0000
country_norway,2037.7,100.0000,0.0000,0.0000
country_norway,2037.8,100.0000,0.0000,0.0000
country_norway,2037.9,100.0000,0.0000,0.0000
country_norway,2038.0,100.0000,0.0000,0.0000
country_norway,2038.1,100.0000,0.0000,0.0000
country_norway,2038.2,100.0000,0.0000,0.0000
country_norway,2038.3,100.0000,0.0000,0.0000
country_norway,2038.4,100.0000,0.0000,0.0000
country_norway,2038.5,100.0000,0.0000,0.0000
country_norway,2038.6,100.0000,0.0000,0.0000
country_norway,2038.7,100.0000,0.0000,0.0000
country_norway,2038.8,100.0000,0.0000,0.0000
country_norway,2038.9,100.0000,0.0000,0.0000
country_norway,2039.0,100.0000,0.0000,0.0000
country_norway,2039.1,100.0000,0.0000,0.0000
country_norway,2039.2,100.0000,0.0000,0.0000
country_norway,2039.3,100.0000,0.0000,0.0000
country_norway,2039.4,100.0000,0.0000,0.0000
country_norway,2039.5,100.0000,0.0000,0.0000
country_norway,2039.6,100.0000,0.0000,0.0000
country_norway,2039.7,100.0000,0.0000,0.0000
country_norway,2039.8,100.0000,0.0000,0.0000
country_norway,2039.9,100.0000,0.0000,0.0000
country_norway,2040.0,100.0000,0.0000,0.0000
country_norway,2040.1,100.0000,0.0000,0.0000
country_norway,2040.2,100.0000,0.0000,0.0000
country_norway,2040.3,100.0000,0.0000,0.0000
country_norway,2040.4,100.0000,0.0000,0.0000
country_norway,2040.5,100.0000,0.0000,0.0000
country_norway,2040.6,100.0000,0.0000,0.0000
country_norway,2040.7,100.0000,0.0000,0.0000
country_norway,2040.8,100.0000,0.0000,0.0000
country_norway,2040.9,100.0000,0.0000,0.0000
country_norway,2041.0,100.0000,0.0000,0.0000
country_norway,2041.1,100.0000,0.0000,0.0000
country_norway,2041.2,100.0000,0.0000,0.0000
country_norway,2041.3,100.0000,0.0000,0.0000
country_norway,2041.4,100.0000,0.0000,0.0000
country_norway,2041.5,100.0000,0.0000,0.0000
country_norway,2041.6,100.0000,0.0000,0.0000
country_norway,2041.7,100.0000,0.0000,0.0000
country_norway,2041.8,100.0000,0.0000,0.0000
country_norway,2041.9,100.0000,0.0000,0.0000
country_norway,2042.0,100.0000,0.0000,0.0000
country_norway,2042.1,100.0000,0.0000,0.0000
country_norway,2042.2,100.0000,0.0000,0.0000
country_norway,2042.3,100.0000,0.0000,0.0000
country_norway,2042.4,100.0000,0.0000,0.0000
country_norway,2042.5,100.0000,0.0000,0.0000
country_norway,2042.6,100.0000,0.0000,0.0000
country_norway,2042.7,100.0000,0.0000,0.0000
country_norway,2042.8,100.0000,0.0000,0.0000
country_norway,2042.9,100.0000,0.0000,0.0000
country_norway,2043.0,100.0000,0.0000,0.0000
country_norway,2043.1,100.0000,0.0000,0.0000
country_norway,2043.2,100.0000,0.0000,0.0000
country_norway,2043.3,100.0000,0.0000,0.0000
country_norway,2043.4,100.0000,0.0000,0.0000
country_norway,2043.5,100.0000,0.0000,0.0000
country_norway,2043.6,100.0000,0.0000,0.0000
country_norway,2043.7,100.0000,0.0000,0.0000
country_norway,2043.8,100.0000,0.0000,0.0000
country_norway,2043.9,100.0000,0.0000,0.0000
country_norway,2044.0,100.0000,0.0000,0.0000
country_norway,2044.1,100.0000,0.0000,0.0000
country_norway,2044.2,100.0000,0.0000,0.0000
country_norway,2044.3,100.0000,0.0000,0.0000
country_norway,2044.4,100.0000,0.0000,0.0000
country_norway,2044.5,100.0000,0.0000,0.0000
country_norway,2044.6,100.0000,0.0000,0.0000
country_norway,2044.7,100.0000,0.0000,0.0000
country_norway,2044.8,100.0000,0.0000,0.0000
country_norway,2044.9,100.0000,0.0000,0.0000
country_norway,2045.0,100.0000,0.0000,0.0000
country_norway,2045.1,100.0000,0.0000,0.0000
country_norway,2045.2,100.0000,0.0000,0.0000
country_norway,2045.3,100.0000,0.0000,0.0000
country_norway,2045.4,100.0000,0.0000,0.0000
country_norway,2045.5,100.0000,0.0000,0.0000
country_norway,2045.6,100.0000,0.0000,0.0000
country_norway,2045.7,100.0000,0.0000,0.0000
country_norway,2045.8,100.0000,0.0000,0.0000
country_norway,2045.9,100.0000,0.0000,0.0000
country_norway,2046.0,100.0000,0.0000,0.0000
country_norway,2046.1,100.0000,0.0000,0.0000
country_norway,2046.2,100.0000,0.0000,0.0000
country_norway,2046.3,100.0000,0.0000,0.0000
country_norway,2046.4,100.0000,0.0000,0.0000
country_norway,2046.5,100.0000,0.0000,0.0000
country_norway,2046.6,100.0000,0.0000,0.0000
country_norway,2046.7,100.0000,0.0000,0.0000
country_norway,2046.8,100.0000,0.0000,0.0000
country_norway,2046.9,100.0000,0.0000,0.0000
country_norway,2047.0,100.0000,0.0000,0.0000
country_norway,2047.1,100.0000,0.0000,0.0000
country_norway,2047.2,100.0000,0.0000,0.0000
country_norway,2047.3,100.0000,0.0000,0.0000
country_norway,2047.4,100.0000,0.0000,0.0000
country_norway,2047.5,100.0000,0.0000,0.0000
country_norway,2047.6,100.0000,0.0000,0.0000
country_norway,2047.7,100.0000,0.0000,0.0000
country_norway,2047.8,100.0000,0.0000,0.0000
country_norway,2047.9,100.0000,0.0000,0.0000
country_norway,2048.0,100.0000,0.0000,0.0000
country_norway,2048.1,100.0000,0.0000,0.0000
country_norway,2048.2,100.0000,0.0000,0.0000
country_norway,2048.3,100.0000,0.0000,0.0000
country_norway,2048.4,100.0000,0.0000,0.0000
country_norway,2048.5,100.0000,0.0000,0.0000
country_norway,2048.6,100.0000,0.0000,0.0000
country_norway,2048.7,100.0000,0.0000,0.0000
country_norway,2048.8,100.0000,0.0000,0.0000
country_norway,2048.9,100.0000,0.0000,0.0000
country_norway,2049.0,100.0000,0.0000,0.0000
country_norway,2049.1,100.0000,0.0000,0.0000
country_norway,2049.2,100.0000,0.0000,0.0000
country_norway,2049.3,100.0000,0.0000,0.0000
country_norway,2049.4,100.0000,0.0000,0.0000
country_norway,2049.5,100.0000,0.0000,0.0000
country_norway,2049.6,100.0000,0.0000,0.0000
country_norway,2049.7,100.0000,0.0000,0.0000
country_norway,2049.8,100.0000,0.0000,0.0000
country_norway,2049.9,100.0000,0.0000,0.0000
country_norway,2050.0,100.0000,0.0000,0.0000
country_usa,2015.0,0.3033,99.5026,0.1941
country_usa,2015.1,0.3217,99.4752,0.2031
country_usa,2015.2,0.3407,99.4469,0.2124
country_usa,2015.3,0.3605,99.4177,0.2219
country_usa,2015.4,0.3810,99.3875,0.2315
country_usa,2015.5,0.4023,99.3563,0.2414
country_usa,2015.6,0.4243,99.3242,0.2515
country_usa,2015.7,0.4471,99.2911,0.2618
country_usa,2015.8,0.4707,99.2569,0.2723
country_usa,2015.9,0.4952,99.2218,0.2830
country_usa,2016.0,0.5204,99.1857,0.2939
country_usa,2016.1,0.5465,99.1485,0.3050
country_usa,2016.2,0.5734,99.1102,0.3163
country_usa,2016.3,0.6012,99.0709,0.3278
country_usa,2016.4,0.6299,99.0306,0.3395
country_usa,2016.5,0.6595,98.9892,0.3514
country_usa,2016.6,0.6899,98.9466,0.3635
country_usa,2016.7,0.7213,98.9030,0.3757
country_usa,2016.8,0.7535,98.8583,0.3882
country_usa,2016.9,0.7868,98.8125,0.4008
country_usa,2017.0,0.8209,98.7655,0.4136
country_usa,2017.1,0.8561,98.7174,0.4266
country_usa,2017.2,0.8922,98.6681,0.4397
country_usa,2017.3,0.9293,98.6177,0.4531
country_usa,2017.4,0.9674,98.5661,0.4666
country_usa,2017.5,1.0065,98.5133,0.4803
country_usa,2017.6,1.0466,98.4593,0.4941
country_usa,2017.7,1.0877,98.4041,0.5081
country_usa,2017.8,1.1300,98.3478,0.5223
country_usa,2017.9,1.1732,98.2902,0.5366
country_usa,2018.0,1.2176,98.2313,0.5511
country_usa,2018.1,1.2630,98.1713,0.5657
country_usa,2018.2,1.3095,98.1100,0.5805
country_usa,2018.3,1.3571,98.0474,0.5955
country_usa,2018.4,1.4058,97.9836,0.6106
country_usa,2018.5,1.4557,97.9185,0.6258
country_usa,2018.6,1.5067,97.8521,0.6412
country_usa,2018.7,1.5589,97.7845,0.6567
country_usa,2018.8,1.6122,97.7155,0.6723
country_usa,2018.9,1.6667,97.6452,0.6881
country_usa,2019.0,1.7224,97.5736,0.7040
country_usa,2019.1,1.7793,97.5007,0.7200
country_usa,2019.2,1.8374,97.4265,0.7361
country_usa,2019.3,1.8967,97.3509,0.7524
country_usa,2019.4,1.9572,97.2740,0.7687
country_usa,2019.5,2.0190,97.1958,0.7852
country_usa,2019.6,2.0820,97.1161,0.8018
country_usa,2019.7,2.1464,97.0351,0.8185
country_usa,2019.8,2.2119,96.9528,0.8353
country_usa,2019.9,2.2788,96.8690,0.8522
country_usa,2020.0,2.3469,96.7839,0.8692
country_usa,2020.1,2.4164,96.6974,0.8862
country_usa,2020.2,2.4872,96.6095,0.9034
country_usa,2020.3,2.5593,96.5201,0.9206
country_usa,2020.4,2.6327,96.4294,0.9379
country_usa,2020.5,2.7075,96.3372,0.9553
country_usa,2020.6,2.7836,96.2436,0.9728
country_usa,2020.7,2.8611,96.1486,0.9903
country_usa,2020.8,2.9400,96.0521,1.0079
country_usa,2020.9,3.0202,95.9542,1.0255
country_usa,2021.0,3.1019,95.8549,1.0432
country_usa,2021.1,3.1849,95.7541,1.0610
country_usa,2021.2,3.2694,95.6518,1.0788
country_usa,2021.3,3.3553,95.5481,1.0966
country_usa,2021.4,3.4426,95.4429,1.1145
country_usa,2021.5,3.5313,95.3362,1.1324
country_usa,2021.6,3.6215,95.2281,1.1504
country_usa,2021.7,3.7132,95.1185,1.1684
country_usa,2021.8,3.8063,95.0073,1.1864
country_usa,2021.9,3.9009,94.8947,1.2044
country_usa,2022.0,3.9969,94.7806,1.2224
country_usa,2022.1,4.0945,94.6650,1.2405
country_usa,2022.2,4.1935,94.5479,1.2586
country_usa,2022.3,4.2941,94.4293,1.2766
country_usa,2022.4,4.3962,94.3091,1.2947
country_usa,2022.5,4.4998,94.1875,1.3127
country_usa,2022.6,4.6049,94.0643,1.3308
country_usa,2022.7,4.7116,93.9397,1.3488
country_usa,2022.8,4.8198,93.8134,1.3668
country_usa,2022.9,4.9295,93.6857,1.3848
country_usa,2023.0,5.0408,93.5564,1.4028
country_usa,2023.1,5.1537,93.4256,1.4207
country_usa,2023.2,5.2681,93.2933,1.4386
country_usa,2023.3,5.3841,93.1594,1.4564
country_usa,2023.4,5.5017,93.0240,1.4742
country_usa,2023.5,5.6209,92.8871,1.4920
country_usa,2023.6,5.7417,92.7486,1.5097
country_usa,2023.7,5.8641,92.6085,1.5274
country_usa,2023.8,5.9881,92.4670,1.5450
country_usa,2023.9,6.1137,92.3238,1.5625
country_usa,2024.0,6.2409,92.1791,1.5800
country_usa,2024.1,6.3697,92.0329,1.5973
country_usa,2024.2,6.5002,91.8851,1.6147
country_usa,2024.3,6.6323,91.7358,1.6319
country_usa,2024.4,6.7661,91.5849,1.6490
country_usa,2024.5,6.9015,91.4325,1.6661
country_usa,2024.6,7.0385,91.2785,1.6830
country_usa,2024.7,7.1772,91.1229,1.6999
country_usa,2024.8,7.3175,90.9658,1.7166
country_usa,2024.9,7.4596,90.8072,1.7333
country_usa,2025.0,7.6032,90.6470,1.7498
country_usa,2025.1,7.7486,90.4852,1.7662
country_usa,2025.2,7.8956,90.3219,1.7825
country_usa,2025.3,8.0443,90.1570,1.7987
country_usa,2025.4,8.1947,89.9906,1.8147
country_usa,2025.5,8.3467,89.8227,1.8306
country_usa,2025.6,8.5004,89.6532,1.8464
country_usa,2025.7,8.6559,89.4821,1.8620
country_usa,2025.8,8.8130,89.3095,1.8775
country_usa,2025.9,8.9718,89.1354,1.8928
country_usa,2026.0,9.1323,88.9597,1.9080
country_usa,2026.1,9.2945,88.7825,1.9230
country_usa,2026.2,9.4584,88.6037,1.9379
country_usa,2026.3,9.6240,88.4234,1.9526
country_usa,2026.4,9.7913,88.2416,1.9671
country_usa,2026.5,9.9603,88.0583,1.9814
country_usa,2026.6,10.1310,87.8734,1.9956
country_usa,2026.7,10.3034,87.6870,2.0096
country_usa,2026.8,10.4775,87.4991,2.0234
country_usa,2026.9,10.6534,87.3096,2.0370
country_usa,2027.0,10.8309,87.1187,2.0504
country_usa,2027.1,11.0101,86.9262,2.0636
country_usa,2027.2,11.1911,86.7323,2.0767
country_usa,2027.3,11.3737,86.5368,2.0895
country_usa,2027.4,11.5581,86.3398,2.1021
country_usa,2027.5,11.7441,86.1414,2.1145
country_usa,2027.6,11.9319,85.9414,2.1267
country_usa,2027.7,12.1214,85.7400,2.1386
country_usa,2027.8,12.3126,85.5371,2.1504
country_usa,2027.9,12.5054,85.3327,2.1619
country_usa,2028.0,12.7000,85.1268,2.1731
country_usa,2028.1,12.8963,84.9195,2.1842
country_usa,2028.2,13.0943,84.7107,2.1950
country_usa,2028.3,13.2939,84.5005,2.2056
country_usa,2028.4,13.4953,84.2888,2.2159
country_usa,2028.5,13.6983,84.0757,2.2260
country_usa,2028.6,13.9030,83.8611,2.2358
country_usa,2028.7,14.1094,83.6452,2.2454
country_usa,2028.8,14.3175,83.4277,2.2547
country_usa,2028.9,14.5273,83.2089,2.2638
country_usa,2029.0,14.7387,82.9887,2.2726
country_usa,2029.1,14.9518,82.7670,2.2811
country_usa,2029.2,15.1666,82.5440,2.2894
country_usa,2029.3,15.3831,82.3196,2.2974
country_usa,2029.4,15.6011,82.0938,2.3051
country_usa,2029.5,15.8209,81.8666,2.3125
country_usa,2029.6,16.0423,81.6380,2.3197
country_usa,2029.7,16.2653,81.4081,2.3266
country_usa,2029.8,16.4900,81.1769,2.3332
country_usa,2029.9,16.7163,80.9442,2.3395
country_usa,2030.0,16.9442,80.7103,2.3455
country_usa,2030.1,17.1737,80.4750,2.3512
country_usa,2030.2,17.4049,80.2384,2.3567
country_usa,2030.3,17.6376,80.0006,2.3618
country_usa,2030.4,17.8720,79.7614,2.3667
country_usa,2030.5,18.1079,79.5209,2.3712
country_usa,2030.6,18.3455,79.2791,2.3754
country_usa,2030.7,18.5846,79.0360,2.3794
country_usa,2030.8,18.8253,78.7917,2.3830
country_usa,2030.9,19.0676,78.5462,2.3863
country_usa,2031.0,19.3114,78.2993,2.3893
country_usa,2031.1,19.5567,78.0513,2.3920
country_usa,2031.2,19.8036,77.8020,2.3944
country_usa,2031.3,20.0521,77.5515,2.3964
country_usa,2031.4,20.3020,77.2998,2.3982
country_usa,2031.5,20.5535,77.0469,2.3996
country_usa,2031.6,20.8065,76.7928,2.4007
country_usa,2031.7,21.0610,76.5376,2.4014
country_usa,2031.8,21.3169,76.2812,2.4019
country_usa,2031.9,21.5744,76.0236,2.4020
country_usa,2032.0,21.8333,75.7649,2.4018
country_usa,2032.1,22.0937,75.5050,2.4013
country_usa,2032.2,22.3555,75.2440,2.4004
country_usa,2032.3,22.6188,74.9820,2.3993
country_usa,2032.4,22.8835,74.7188,2.3977
country_usa,2032.5,23.1496,74.4545,2.3959
country_usa,2032.6,23.4171,74.1892,2.3937
country_usa,2032.7,23.6860,73.9228,2.3912
country_usa,2032.8,23.9563,73.6554,2.3884
country_usa,2032.9,24.2279,73.3869,2.3852
country_usa,2033.0,24.5009,73.1174,2.3817
country_usa,2033.1,24.7753,72.8468,2.3778
country_usa,2033.2,25.0510,72.5753,2.3737
country_usa,2033.3,25.3281,72.3028,2.3691
country_usa,2033.4,25.6064,72.0293,2.3643
country_usa,2033.5,25.8860,71.7549,2.3591
country_usa,2033.6,26.1670,71.4795,2.3536
country_usa,2033.7,26.4492,71.2031,2.3477
country_usa,2033.8,26.7326,70.9259,2.3415
country_usa,2033.9,27.0173,70.6477,2.3350
country_usa,2034.0,27.3032,70.3686,2.3281
country_usa,2034.1,27.5904,70.0887,2.3209
country_usa,2034.2,27.8788,69.8078,2.3134
country_usa,2034.3,28.1683,69.5261,2.3056
country_usa,2034.4,28.4590,69.2436,2.2974
country_usa,2034.5,28.7509,68.9603,2.2888
country_usa,2034.6,29.0440,68.6761,2.2800
country_usa,2034.7,29.3381,68.3911,2.2708
country_usa,2034.8,29.6334,68.1053,2.2613
country_usa,2034.9,29.9298,67.8188,2.2514
country_usa,2035.0,30.2273,67.5315,2.2412
country_usa,2035.1,30.5258,67.2434,2.2307
country_usa,2035.2,30.8254,66.9547,2.2199
country_usa,2035.3,31.1260,66.6652,2.2088
country_usa,2035.4,31.4277,66.3750,2.1973
country_usa,2035.5,31.7304,66.0841,2.1855
country_usa,2035.6,32.0340,65.7925,2.1734
country_usa,2035.7,32.3387,65.5003,2.1610
country_usa,2035.8,32.6443,65.2075,2.1482
country_usa,2035.9,32.9508,64.9140,2.1352
country_usa,2036.0,33.2583,64.6199,2.1218
country_usa,2036.1,33.5667,64.3252,2.1081
country_usa,2036.2,33.8759,64.0299,2.0941
country_usa,2036.3,34.1861,63.7341,2.0798
country_usa,2036.4,34.4971,63.4377,2.0652
country_usa,2036.5,34.8089,63.1407,2.0503
country_usa,2036.6,35.1216,62.8433,2.0351
country_usa,2036.7,35.4350,62.5453,2.0196
country_usa,2036.8,35.7493,62.2469,2.0038
country_usa,2036.9,36.0643,61.9479,1.9878
country_usa,2037.0,36.3801,61.6485,1.9714
country_usa,2037.1,36.6966,61.3487,1.9547
country_usa,2037.2,37.0138,61.0484,1.9378
country_usa,2037.3,37.3317,60.7478,1.9205
country_usa,2037.4,37.6503,60.4467,1.9030
country_usa,2037.5,37.9695,60.1452,1.8853
country_usa,2037.6,38.2894,59.8434,1.8672
country_usa,2037.7,38.6099,59.5412,1.8489
country_usa,2037.8,38.9310,59.2387,1.8303
country_usa,2037.9,39.2527,58.9359,1.8114
country_usa,2038.0,39.5749,58.6328,1.7923
country_usa,2038.1,39.8977,58.3294,1.7729
country_usa,2038.2,40.2210,58.0257,1.7533
country_usa,2038.3,40.5449,57.7217,1.7334
country_usa,2038.4,40.8692,57.4176,1.7133
country_usa,2038.5,41.1939,57.1132,1.6929
country_usa,2038.6,41.5192,56.8085,1.6723
country_usa,2038.7,41.8448,56.5038,1.6514
country_usa,2038.8,42.1709,56.1988,1.6304
country_usa,2038.9,42.4973,55.8937,1.6090
country_usa,2039.0,42.8241,55.5884,1.5875
country_usa,2039.1,43.1513,55.2830,1.5657
country_usa,2039.2,43.4788,54.9775,1.5438
country_usa,2039.3,43.8066,54.6719,1.5216
country_usa,2039.4,44.1346,54.3662,1.4992
country_usa,2039.5,44.4630,54.0604,1.4766
country_usa,2039.6,44.7916,53.7547,1.4538
country_usa,2039.7,45.1204,53.4488,1.4308
country_usa,2039.8,45.4494,53.1430,1.4076
country_usa,2039.9,45.7786,52.8372,1.3842
country_usa,2040.0,46.1080,52.5314,1.3606
country_usa,2040.1,46.4375,52.2256,1.3369
country_usa,2040.2,46.7672,51.9199,1.3130
country_usa,2040.3,47.0969,51.6142,1.2889
country_usa,2040.4,47.4268,51.3086,1.2646
country_usa,2040.5,47.7567,51.0031,1.2402
country_usa,2040.6,48.0866,50.6978,1.2156
country_usa,2040.7,48.4166,50.3925,1.1909
country_usa,2040.8,48.7466,50.0874,1.1660
country_usa,2040.9,49.0765,49.7825,1.1409
country_usa,2041.0,49.4065,49.4778,1.1158
country_usa,2041.1,49.7363,49.1732,1.0905
country_usa,2041.2,50.0661,48.8689,1.0651
country_usa,2041.3,50.3958,48.5647,1.0395
country_usa,2041.4,50.7253,48.2608,1.0138
country_usa,2041.5,51.0548,47.9572,0.9880
country_usa,2041.6,51.3840,47.6538,0.9621
country_usa,2041.7,51.7131,47.3508,0.9361
country_usa,2041.8,52.0420,47.0480,0.9100
country_usa,2041.9,52.3707,46.7455,0.8838
country_usa,2042.0,52.6991,46.4434,0.8575
country_usa,2042.1,53.0273,46.1416,0.8311
country_usa,2042.2,53.3551,45.8402,0.8047
country_usa,2042.3,53.6827,45.5392,0.7781
country_usa,2042.4,54.0100,45.2385,0.7515
country_usa,2042.5,54.3369,44.9383,0.7248
country_usa,2042.6,54.6635,44.6384,0.6981
country_usa,2042.7,54.9896,44.3391,0.6713
country_usa,2042.8,55.3154,44.0401,0.6445
country_usa,2042.9,55.6408,43.7417,0.6176
country_usa,2043.0,55.9657,43.4437,0.5906
country_usa,2043.1,56.2901,43.1462,0.5637
country_usa,2043.2,56.6141,42.8492,0.5367
country_usa,2043.3,56.9376,42.5528,0.5096
country_usa,2043.4,57.2606,42.2568,0.4826
country_usa,2043.5,57.5830,41.9615,0.4555
country_usa,2043.6,57.9049,41.6667,0.4285
country_usa,2043.7,58.2262,41.3725,0.4014
country_usa,2043.8,58.5469,41.0788,0.3743
country_usa,2043.9,58.8670,40.7858,0.3472
country_usa,2044.0,59.1864,40.4934,0.3202
country_usa,2044.1,59.5052,40.2017,0.2931
country_usa,2044.2,59.8234,39.9105,0.2661
country_usa,2044.3,60.1408,39.6201,0.2391
country_usa,2044.4,60.4576,39.3303,0.2121
country_usa,2044.5,60.7736,39.0412,0.1851
country_usa,2044.6,61.0889,38.7529,0.1582
country_usa,2044.7,61.4034,38.4652,0.1314
country_usa,2044.8,61.7172,38.1783,0.1045
country_usa,2044.9,62.0302,37.8921,0.0778
country_usa,2045.0,62.3423,37.6066,0.0511
country_usa,2045.1,62.6536,37.3219,0.0244
country_usa,2045.2,62.9641,37.0380,0.0000
country_usa,2045.3,63.2737,36.7549,0.0000
country_usa,2045.4,63.5825,36.4726,0.0000
country_usa,2045.5,63.8903,36.1911,0.0000
country_usa,2045.6,64.1972,35.9105,0.0000
country_usa,2045.7,64.5032,35.6306,0.0000
country_usa,2045.8,64.8082,35.3517,0.0000
country_usa,2045.9,65.1123,35.0735,0.0000
country_usa,2046.0,65.4154,34.7963,0.0000
country_usa,2046.1,65.7175,34.5199,0.0000
country_usa,2046.2,66.0186,34.2445,0.0000
country_usa,2046.3,66.3187,33.9699,0.0000
country_usa,2046.4,66.6177,33.6963,0.0000
country_usa,2046.5,66.9157,33.4236,0.0000
country_usa,2046.6,67.2126,33.1518,0.0000
country_usa,2046.7,67.5084,32.8810,0.0000
country_usa,2046.8,67.8031,32.6112,0.0000
country_usa,2046.9,68.0967,32.3423,0.0000
country_usa,2047.0,68.3892,32.0744,0.0000
country_usa,2047.1,68.6805,31.8075,0.0000
country_usa,2047.2,68.9707,31.5416,0.0000
country_usa,2047.3,69.2597,31.2767,0.0000
country_usa,2047.4,69.5475,31.0128,0.0000
country_usa,2047.5,69.8341,30.7499,0.0000
country_usa,2047.6,70.1195,30.4881,0.0000
country_usa,2047.7,70.4037,30.2274,0.0000
country_usa,2047.8,70.6866,29.9677,0.0000
country_usa,2047.9,70.9683,29.7091,0.0000
country_usa,2048.0,71.2488,29.4515,0.0000
country_usa,2048.1,71.5279,29.1950,0.0000
country_usa,2048.2,71.8058,28.9397,0.0000
country_usa,2048.3,72.0823,28.6854,0.0000
country_usa,2048.4,72.3576,28.4322,0.0000
country_usa,2048.5,72.6315,28.1802,0.0000
country_usa,2048.6,72.9041,27.9292,0.0000
country_usa,2048.7,73.1754,27.6794,0.0000
country_usa,2048.8,73.4453,27.4308,0.0000
country_usa,2048.9,73.7138,27.1833,0.0000
country_usa,2049.0,73.9810,26.9369,0.0000
country_usa,2049.1,74.2468,26.6918,0.0000
country_usa,2049.2,74.5112,26.4478,0.0000
country_usa,2049.3,74.7742,26.2049,0.0000
country_usa,2049.4,75.0357,25.9633,0.0000
country_usa,2049.5,75.2959,25.7228,0.0000
country_usa,2049.6,75.5546,25.4835,0.0000
country_usa,2049.7,75.8118,25.2455,0.0000
country_usa,2049.8,76.0677,25.0086,0.0000
country_usa,2049.9,76.3220,24.7730,0.0000
country_usa,2050.0,76.5749,24.5386,0.0000
country_japan,2015.0,0.3467,99.1882,0.4650
country_japan,2015.1,0.3577,99.1653,0.4771
country_japan,2015.2,0.3687,99.1422,0.4891
country_japan,2015.3,0.3798,99.1191,0.5011
country_japan,2015.4,0.3910,99.0959,0.5131
country_japan,2015.5,0.4022,99.0726,0.5251
country_japan,2015.6,0.4135,99.0493,0.5372
country_japan,2015.7,0.4249,99.0259,0.5492
country_japan,2015.8,0.4363,99.0025,0.5612
country_japan,2015.9,0.4478,98.9790,0.5732
country_japan,2016.0,0.4594,98.9554,0.5852
country_japan,2016.1,0.4710,98.9318,0.5972
country_japan,2016.2,0.4827,98.9081,0.6092
country_japan,2016.3,0.4944,98.8843,0.6213
country_japan,2016.4,0.5062,98.8605,0.6333
country_japan,2016.5,0.5180,98.8367,0.6453
country_japan,2016.6,0.5299,98.8128,0.6573
country_japan,2016.7,0.5419,98.7888,0.6693
country_japan,2016.8,0.5539,98.7648,0.6813
country_japan,2016.9,0.5660,98.7408,0.6933
country_japan,2017.0,0.5781,98.7166,0.7053
country_japan,2017.1,0.5903,98.6925,0.7173
country_japan,2017.2,0.6025,98.6683,0.7292
country_japan,2017.3,0.6147,98.6440,0.7412
country_japan,2017.4,0.6271,98.6197,0.7532
country_japan,2017.5,0.6394,98.5954,0.7652
country_japan,2017.6,0.6518,98.5710,0.7771
country_japan,2017.7,0.6643,98.5466,0.7891
country_japan,2017.8,0.6768,98.5221,0.8011
country_japan,2017.9,0.6894,98.4976,0.8130
country_japan,2018.0,0.7020,98.4730,0.8250
country_japan,2018.1,0.7146,98.4484,0.8369
country_japan,2018.2,0.7273,98.4238,0.8489
country_japan,2018.3,0.7401,98.3991,0.8608
country_japan,2018.4,0.7529,98.3744,0.8728
country_japan,2018.5,0.7657,98.3496,0.8847
country_japan,2018.6,0.7786,98.3248,0.8966
country_japan,2018.7,0.7915,98.3000,0.9085
country_japan,2018.8,0.8044,98.2751,0.9204
country_japan,2018.9,0.8174,98.2502,0.9324
country_japan,2019.0,0.8305,98.2253,0.9443
country_japan,2019.1,0.8436,98.2003,0.9562
country_japan,2019.2,0.8567,98.1752,0.9680
country_japan,2019.3,0.8699,98.1502,0.9799
country_japan,2019.4,0.8831,98.1251,0.9918
country_japan,2019.5,0.8963,98.1000,1.0037
country_japan,2019.6,0.9096,98.0748,1.0156
country_japan,2019.7,0.9229,98.0496,1.0274
country_japan,2019.8,0.9363,98.0244,1.0393
country_japan,2019.9,0.9497,97.9992,1.0511
country_japan,2020.0,0.9631,97.9739,1.0630
country_japan,2020.1,0.9766,97.9486,1.0748
country_japan,2020.2,0.9901,97.9232,1.0867
country_japan,2020.3,1.0037,97.8978,1.0985
country_japan,2020.4,1.0173,97.8724,1.1103
country_japan,2020.5,1.0309,97.8470,1.1221
country_japan,2020.6,1.0446,97.8215,1.1339
country_japan,2020.7,1.0583,97.7960,1.1457
country_japan,2020.8,1.0720,97.7705,1.1575
country_japan,2020.9,1.0858,97.7449,1.1693
country_japan,2021.0,1.0996,97.7193,1.1811
country_japan,2021.1,1.1134,97.6937,1.1929
country_japan,2021.2,1.1273,97.6681,1.2047
country_japan,2021.3,1.1412,97.6424,1.2164
country_japan,2021.4,1.1551,97.6167,1.2282
country_japan,2021.5,1.1691,97.5910,1.2399
country_japan,2021.6,1.1831,97.5652,1.2517
country_japan,2021.7,1.1971,97.5395,1.2634
country_japan,2021.8,1.2112,97.5137,1.2752
country_japan,2021.9,1.2253,97.4878,1.2869
country_japan,2022.0,1.2394,97.4620,1.2986
country_japan,2022.1,1.2536,97.4361,1.3103
country_japan,2022.2,1.2678,97.4102,1.3220
country_japan,2022.3,1.2820,97.3843,1.3337
country_japan,2022.4,1.2963,97.3583,1.3454
country_japan,2022.5,1.3106,97.3323,1.3571
country_japan,2022.6,1.3249,97.3063,1.3688
country_japan,2022.7,1.3393,97.2803,1.3804
country_japan,2022.8,1.3536,97.2543,1.3921
country_japan,2022.9,1.3681,97.2282,1.4037
country_japan,2023.0,1.3825,97.2021,1.4154
country_japan,2023.1,1.3970,97.1760,1.4270
country_japan,2023.2,1.4115,97.1499,1.4387
country_japan,2023.3,1.4260,97.1237,1.4503
country_japan,2023.4,1.4406,97.0975,1.4619
country_japan,2023.5,1.4552,97.0713,1.4735
country_japan,2023.6,1.4698,97.0451,1.4851
country_japan,2023.7,1.4844,97.0189,1.4967
country_japan,2023.8,1.4991,96.9926,1.5083
country_japan,2023.9,1.5138,96.9663,1.5199
country_japan,2024.0,1.5285,96.9400,1.5314
country_japan,2024.1,1.5433,96.9137,1.5430
country_japan,2024.2,1.5581,96.8874,1.5546
country_japan,2024.3,1.5729,96.8610,1.5661
country_japan,2024.4,1.5877,96.8346,1.5777
country_japan,2024.5,1.6026,96.8082,1.5892
country_japan,2024.6,1.6175,96.7818,1.6007
country_japan,2024.7,1.6324,96.7553,1.6123
country_japan,2024.8,1.6474,96.7289,1.6238
country_japan,2024.9,1.6623,96.7024,1.6353
country_japan,2025.0,1.6773,96.6759,1.6468
country_japan,2025.1,1.6924,96.6494,1.6583
country_japan,2025.2,1.7074,96.6228,1.6698
country_japan,2025.3,1.7225,96.5963,1.6812
country_japan,2025.4,1.7376,96.5697,1.6927
country_japan,2025.5,1.7527,96.5431,1.7042
country_japan,2025.6,1.7679,96.5165,1.7156
country_japan,2025.7,1.7831,96.4899,1.7271
country_japan,2025.8,1.7983,96.4632,1.7385
country_japan,2025.9,1.8135,96.4366,1.7499
country_japan,2026.0,1.8287,96.4099,1.7613
country_japan,2026.1,1.8440,96.3832,1.7728
country_japan,2026.2,1.8593,96.3565,1.7842
country_japan,2026.3,1.8746,96.3298,1.7956
country_japan,2026.4,1.8900,96.3030,1.8070
country_japan,2026.5,1.9054,96.2763,1.8183
country_japan,2026.6,1.9208,96.2495,1.8297
country_japan,2026.7,1.9362,96.2227,1.8411
country_japan,2026.8,1.9516,96.1959,1.8524
country_japan,2026.9,1.9671,96.1691,1.8638
country_japan,2027.0,1.9826,96.1423,1.8751
country_japan,2027.1,1.9981,96.1154,1.8865
country_japan,2027.2,2.0137,96.0885,1.8978
country_japan,2027.3,2.0292,96.0617,1.9091
country_japan,2027.4,2.0448,96.0348,1.9204
country_japan,2027.5,2.0604,96.0079,1.9317
country_japan,2027.6,2.0760,95.9809,1.9430
country_japan,2027.7,2.0917,95.9540,1.9543
country_japan,2027.8,2.1074,95.9270,1.9656
country_japan,2027.9,2.1230,95.9001,1.9769
country_japan,2028.0,2.1388,95.8731,1.9881
country_japan,2028.1,2.1545,95.8461,1.9994
country_japan,2028.2,2.1703,95.8191,2.0107
country_japan,2028.3,2.1860,95.7921,2.0219
country_japan,2028.4,2.2019,95.7650,2.0331
country_japan,2028.5,2.2177,95.7380,2.0444
country_japan,2028.6,2.2335,95.7109,2.0556
country_japan,2028.7,2.2494,95.6838,2.0668
country_japan,2028.8,2.2653,95.6567,2.0780
country_japan,2028.9,2.2812,95.6296,2.0892
country_japan,2029.0,2.2971,95.6025,2.1004
country_japan,2029.1,2.3131,95.5754,2.1115
country_japan,2029.2,2.3290,95.5482,2.1227
country_japan,2029.3,2.3450,95.5211,2.1339
country_japan,2029.4,2.3611,95.4939,2.1450
country_japan,2029.5,2.3771,95.4668,2.1562
country_japan,2029.6,2.3931,95.4396,2.1673
country_japan,2029.7,2.4092,95.4124,2.1784
country_japan,2029.8,2.4253,95.3851,2.1896
country_japan,2029.9,2.4414,95.3579,2.2007
country_japan,2030.0,2.4576,95.3307,2.2118
country_japan,2030.1,2.4737,95.3034,2.2229
country_japan,2030.2,2.4899,95.2762,2.2340
country_japan,2030.3,2.5061,95.2489,2.2450
country_japan,2030.4,2.5223,95.2216,2.2561
country_japan,2030.5,2.5385,95.1943,2.2672
country_japan,2030.6,2.5548,95.1670,2.2782
country_japan,2030.7,2.5710,95.1397,2.2893
country_japan,2030.8,2.5873,95.1124,2.3003
country_japan,2030.9,2.6036,95.0850,2.3113
country_japan,2031.0,2.6200,95.0577,2.3224
country_japan,2031.1,2.6363,95.0303,2.3334
country_japan,2031.2,2.6527,95.0029,2.3444
country_japan,2031.3,2.6691,94.9756,2.3554
country_japan,2031.4,2.6855,94.9482,2.3664
country_japan,2031.5,2.7019,94.9208,2.3774
country_japan,2031.6,2.7183,94.8933,2.3883
country_japan,2031.7,2.7348,94.8659,2.3993
country_japan,2031.8,2.7512,94.8385,2.4103
country_japan,2031.9,2.7677,94.8110,2.4212
country_japan,2032.0,2.7842,94.7836,2.4322
country_japan,2032.1,2.8008,94.7561,2.4431
country_japan,2032.2,2.8173,94.7287,2.4540
country_japan,2032.3,2.8339,94.7012,2.4649
country_japan,2032.4,2.8505,94.6737,2.4758
country_japan,2032.5,2.8671,94.6462,2.4867
country_japan,2032.6,2.8837,94.6187,2.4976
country_japan,2032.7,2.9003,94.5912,2.5085
country_japan,2032.8,2.9170,94.5636,2.5194
country_japan,2032.9,2.9336,94.5361,2.5303
country_japan,2033.0,2.9503,94.5085,2.5411
country_japan,2033.1,2.9670,94.4810,2.5520
country_japan,2033.2,2.9838,94.4534,2.5628
country_japan,2033.3,3.0005,94.4259,2.5737
country_japan,2033.4,3.0172,94.3983,2.5845
country_japan,2033.5,3.0340,94.3707,2.5953
country_japan,2033.6,3.0508,94.3431,2.6061
country_japan,2033.7,3.0676,94.3155,2.6169
country_japan,2033.8,3.0844,94.2879,2.6277
country_japan,2033.9,3.1013,94.2602,2.6385
country_japan,2034.0,3.1181,94.2326,2.6493
country_japan,2034.1,3.1350,94.2050,2.6600
country_japan,2034.2,3.1519,94.1773,2.6708
country_japan,2034.3,3.1688,94.1497,2.6816
country_japan,2034.4,3.1857,94.1220,2.6923
country_japan,2034.5,3.2026,94.0943,2.7030
country_japan,2034.6,3.2196,94.0666,2.7138
country_japan,2034.7,3.2366,94.0389,2.7245
country_japan,2034.8,3.2536,94.0112,2.7352
country_japan,2034.9,3.2706,93.9835,2.7459
country_japan,2035.0,3.2876,93.9558,2.7566
country_japan,2035.1,3.3046,93.9281,2.7673
country_japan,2035.2,3.3216,93.9004,2.7780
country_japan,2035.3,3.3387,93.8727,2.7886
country_japan,2035.4,3.3558,93.8449,2.7993
country_japan,2035.5,3.3729,93.8172,2.8100
country_japan,2035.6,3.3900,93.7894,2.8206
country_japan,2035.7,3.4071,93.7616,2.8312
country_japan,2035.8,3.4243,93.7339,2.8419
country_japan,2035.9,3.4414,93.7061,2.8525
country_japan,2036.0,3.4586,93.6783,2.8631
country_japan,2036.1,3.4758,93.6505,2.8737
country_japan,2036.2,3.4930,93.6227,2.8843
country_japan,2036.3,3.5102,93.5949,2.8949
country_japan,2036.4,3.5274,93.5671,2.9055
country_japan,2036.5,3.5447,93.5393,2.9160
country_japan,2036.6,3.5619,93.5115,2.9266
country_japan,2036.7,3.5792,93.4837,2.9372
country_japan,2036.8,3.5965,93.4558,2.9477
country_japan,2036.9,3.6138,93.4280,2.9582
country_japan,2037.0,3.6311,93.4001,2.9688
country_japan,2037.1,3.6484,93.3723,2.9793
country_japan,2037.2,3.6658,93.3444,2.9898
country_japan,2037.3,3.6831,93.3165,3.0003
country_japan,2037.4,3.7005,93.2887,3.0108
country_japan,2037.5,3.7179,93.2608,3.0213
country_japan,2037.6,3.7353,93.2329,3.0318
country_japan,2037.7,3.7527,93.2050,3.0423
country_japan,2037.8,3.7702,93.1771,3.0527
country_japan,2037.9,3.7876,93.1492,3.0632
country_japan,2038.0,3.8051,93.1213,3.0736
country_japan,2038.1,3.8225,93.0934,3.0841
country_japan,2038.2,3.8400,93.0655,3.0945
country_japan,2038.3,3.8575,93.0376,3.1049
country_japan,2038.4,3.8750,93.0096,3.1153
country_japan,2038.5,3.8926,92.9817,3.1258
country_japan,2038.6,3.9101,92.9537,3.1361
country_japan,2038.7,3.9277,92.9258,3.1465
country_japan,2038.8,3.9452,92.8978,3.1569
country_japan,2038.9,3.9628,92.8699,3.1673
country_japan,2039.0,3.9804,92.8419,3.1777
country_japan,2039.1,3.9980,92.8140,3.1880
country_japan,2039.2,4.0156,92.7860,3.1984
country_japan,2039.3,4.0333,92.7580,3.2087
country_japan,2039.4,4.0509,92.7300,3.2190
country_japan,2039.5,4.0686,92.7020,3.2294
country_japan,2039.6,4.0863,92.6740,3.2397
country_japan,2039.7,4.1040,92.6461,3.2500
country_japan,2039.8,4.1217,92.6181,3.2603
country_japan,2039.9,4.1394,92.5900,3.2706
country_japan,2040.0,4.1571,92.5620,3.2809
country_japan,2040.1,4.1748,92.5340,3.2911
country_japan,2040.2,4.1926,92.5060,3.3014
country_japan,2040.3,4.2104,92.4780,3.3117
country_japan,2040.4,4.2281,92.4499,3.3219
country_japan,2040.5,4.2459,92.4219,3.3322
country_japan,2040.6,4.2637,92.3939,3.3424
country_japan,2040.7,4.2815,92.3658,3.3526
country_japan,2040.8,4.2994,92.3378,3.3628
country_japan,2040.9,4.3172,92.3097,3.3730
country_japan,2041.0,4.3351,92.2817,3.3832
country_japan,2041.1,4.3529,92.2536,3.3934
country_japan,2041.2,4.3708,92.2256,3.4036
country_japan,2041.3,4.3887,92.1975,3.4138
country_japan,2041.4,4.4066,92.1694,3.4240
country_japan,2041.5,4.4245,92.1413,3.4341
country_japan,2041.6,4.4425,92.1133,3.4443
country_japan,2041.7,4.4604,92.0852,3.4544
country_japan,2041.8,4.4783,92.0571,3.4646
country_japan,2041.9,4.4963,92.0290,3.4747
country_japan,2042.0,4.5143,92.0009,3.4848
country_japan,2042.1,4.5323,91.9728,3.4949
country_japan,2042.2,4.5503,91.9447,3.5050
country_japan,2042.3,4.5683,91.9166,3.5151
country_japan,2042.4,4.5863,91.8885,3.5252
country_japan,2042.5,4.6043,91.8604,3.5353
country_japan,2042.6,4.6224,91.8323,3.5453
country_japan,2042.7,4.6404,91.8041,3.5554
country_japan,2042.8,4.6585,91.7760,3.5655
country_japan,2042.9,4.6766,91.7479,3.5755
country_japan,2043.0,4.6947,91.7198,3.5855
country_japan,2043.1,4.7128,91.6916,3.5956
country_japan,2043.2,4.7309,91.6635,3.6056
country_japan,2043.3,4.7490,91.6354,3.6156
country_japan,2043.4,4.7672,91.6072,3.6256
country_japan,2043.5,4.7853,91.5791,3.6356
country_japan,2043.6,4.8035,91.5509,3.6456
country_japan,2043.7,4.8217,91.5228,3.6556
country_japan,2043.8,4.8398,91.4946,3.6655
country_japan,2043.9,4.8580,91.4665,3.6755
country_japan,2044.0,4.8762,91.4383,3.6855
country_japan,2044.1,4.8945,91.4101,3.6954
country_japan,2044.2,4.9127,91.3820,3.7053
country_japan,2044.3,4.9309,91.3538,3.7153
country_japan,2044.4,4.9492,91.3256,3.7252
country_japan,2044.5,4.9674,91.2975,3.7351
country_japan,2044.6,4.9857,91.2693,3.7450
country_japan,2044.7,5.0040,91.2411,3.7549
country_japan,2044.8,5.0223,91.2129,3.7648
country_japan,2044.9,5.0406,91.1847,3.7747
country_japan,2045.0,5.0589,91.1565,3.7846
country_japan,2045.1,5.0772,91.1284,3.7944
country_japan,2045.2,5.0956,91.1002,3.8043
country_japan,2045.3,5.1139,91.0720,3.8141
country_japan,2045.4,5.1323,91.0438,3.8240
country_japan,2045.5,5.1506,91.0156,3.8338
country_japan,2045.6,5.1690,90.9874,3.8436
country_japan,2045.7,5.1874,90.9592,3.8534
country_japan,2045.8,5.2058,90.9310,3.8633
country_japan,2045.9,5.2242,90.9027,3.8731
country_japan,2046.0,5.2426,90.8745,3.8828
country_japan,2046.1,5.2610,90.8463,3.8926
country_japan,2046.2,5.2795,90.8181,3.9024
country_japan,2046.3,5.2979,90.7899,3.9122
country_japan,2046.4,5.3164,90.7617,3.9219
country_japan,2046.5,5.3349,90.7334,3.9317
country_japan,2046.6,5.3533,90.7052,3.9414
country_japan,2046.7,5.3718,90.6770,3.9512
country_japan,2046.8,5.3903,90.6488,3.9609
country_japan,2046.9,5.4089,90.6205,3.9706
country_japan,2047.0,5.4274,90.5923,3.9803
country_japan,2047.1,5.4459,90.5641,3.9900
country_japan,2047.2,5.4644,90.5358,3.9997
country_japan,2047.3,5.4830,90.5076,4.0094
country_japan,2047.4,5.5016,90.4794,4.0191
country_japan,2047.5,5.5201,90.4511,4.0288
country_japan,2047.6,5.5387,90.4229,4.0384
country_japan,2047.7,5.5573,90.3946,4.0481
country_japan,2047.8,5.5759,90.3664,4.0577
country_japan,2047.9,5.5945,90.3381,4.0674
country_japan,2048.0,5.6131,90.3099,4.0770
country_japan,2048.1,5.6318,90.2816,4.0866
country_japan,2048.2,5.6504,90.2534,4.0962
country_japan,2048.3,5.6690,90.2251,4.1058
country_japan,2048.4,5.6877,90.1969,4.1154
country_japan,2048.5,5.7064,90.1686,4.1250
country_japan,2048.6,5.7250,90.1404,4.1346
country_japan,2048.7,5.7437,90.1121,4.1442
country_japan,2048.8,5.7624,90.0839,4.1537
country_japan,2048.9,5.7811,90.0556,4.1633
country_japan,2049.0,5.7998,90.0273,4.1728
country_japan,2049.1,5.8186,89.9991,4.1824
country_japan,2049.2,5.8373,89.9708,4.1919
country_japan,2049.3,5.8560,89.9425,4.2014
country_japan,2049.4,5.8748,89.9143,4.2109
country_japan,2049.5,5.8935,89.8860,4.2205
country_japan,2049.6,5.9123,89.8577,4.2300
country_japan,2049.7,5.9311,89.8295,4.2394
country_japan,2049.8,5.9499,89.8012,4.2489
country_japan,2049.9,5.9687,89.7729,4.2584
country_japan,2050.0,5.9875,89.7447,4.2679
country_france,2015.0,0.0675,99.8168,0.1157
country_france,2015.1,0.0851,99.7745,0.1405
country_france,2015.2,0.1051,99.7274,0.1676
country_france,2015.3,0.1276,99.6754,0.1970
country_france,2015.4,0.1527,99.6185,0.2287
country_france,2015.5,0.1806,99.5567,0.2628
country_france,2015.6,0.2112,99.4898,0.2991
country_france,2015.7,0.2446,99.4178,0.3376
country_france,2015.8,0.2810,99.3407,0.3783
country_france,2015.9,0.3204,99.2584,0.4212
country_france,2016.0,0.3628,99.1709,0.4663
country_france,2016.1,0.4084,99.0781,0.5135
country_france,2016.2,0.4571,98.9801,0.5628
country_france,2016.3,0.5091,98.8768,0.6141
country_france,2016.4,0.5644,98.7681,0.6675
country_france,2016.5,0.6230,98.6541,0.7229
country_france,2016.6,0.6851,98.5347,0.7803
country_france,2016.7,0.7506,98.4098,0.8396
country_france,2016.8,0.8196,98.2796,0.9008
country_france,2016.9,0.8922,98.1439,0.9639
country_france,2017.0,0.9684,98.0028,1.0288
country_france,2017.1,1.0482,97.8562,1.0956
country_france,2017.2,1.1318,97.7041,1.1641
country_france,2017.3,1.2191,97.5466,1.2344
country_france,2017.4,1.3101,97.3836,1.3063
country_france,2017.5,1.4050,97.2151,1.3799
country_france,2017.6,1.5037,97.0411,1.4552
country_france,2017.7,1.6064,96.8616,1.5320
country_france,2017.8,1.7129,96.6767,1.6104
country_france,2017.9,1.8235,96.4862,1.6903
country_france,2018.0,1.9380,96.2903,1.7717
country_france,2018.1,2.0565,96.0890,1.8545
country_france,2018.2,2.1791,95.8821,1.9388
country_france,2018.3,2.3058,95.6699,2.0244
country_france,2018.4,2.4365,95.4522,2.1113
country_france,2018.5,2.5715,95.2291,2.1995
country_france,2018.6,2.7105,95.0005,2.2889
country_france,2018.7,2.8538,94.7666,2.3796
country_france,2018.8,3.0012,94.5274,2.4714
country_france,2018.9,3.1529,94.2828,2.5643
country_france,2019.0,3.3088,94.0329,2.6584
country_france,2019.1,3.4689,93.7777,2.7534
country_france,2019.2,3.6334,93.5172,2.8495
country_france,2019.3,3.8021,93.2514,2.9465
country_france,2019.4,3.9751,92.9805,3.0444
country_france,2019.5,4.1525,92.7044,3.1432
country_france,2019.6,4.3341,92.4231,3.2428
country_france,2019.7,4.5201,92.1366,3.3432
country_france,2019.8,4.7105,91.8451,3.4444
country_france,2019.9,4.9052,91.5486,3.5462
country_france,2020.0,5.1042,91.2470,3.6487
country_france,2020.1,5.3077,90.9404,3.7519
country_france,2020.2,5.5155,90.6289,3.8556
country_france,2020.3,5.7276,90.3125,3.9598
country_france,2020.4,5.9442,89.9913,4.0645
country_france,2020.5,6.1651,89.6652,4.1697
country_france,2020.6,6.3904,89.3343,4.2753
country_france,2020.7,6.6201,88.9987,4.3812
country_france,2020.8,6.8541,88.6585,4.4874
country_france,2020.9,7.0925,88.3136,4.5940
country_france,2021.0,7.3352,87.9641,4.7007
country_france,2021.1,7.5823,87.6101,4.8076
country_france,2021.2,7.8338,87.2515,4.9147
country_france,2021.3,8.0895,86.8886,5.0219
country_france,2021.4,8.3497,86.5213,5.1291
country_france,2021.5,8.6141,86.1496,5.2363
country_france,2021.6,8.8828,85.7737,5.3435
country_france,2021.7,9.1558,85.3935,5.4507
country_france,2021.8,9.4331,85.0092,5.5577
country_france,2021.9,9.7146,84.6208,5.6646
country_france,2022.0,10.0004,84.2284,5.7713
country_france,2022.1,10.2904,83.8319,5.8777
country_france,2022.2,10.5845,83.4315,5.9839
country_france,2022.3,10.8829,83.0273,6.0898
country_france,2022.4,11.1854,82.6193,6.1953
country_france,2022.5,11.4921,82.2075,6.3004
country_france,2022.6,11.8029,81.7921,6.4050
country_france,2022.7,12.1177,81.3730,6.5092
country_france,2022.8,12.4367,80.9504,6.6129
country_france,2022.9,12.7596,80.5243,6.7160
country_france,2023.0,13.0866,80.0949,6.8185
country_france,2023.1,13.4175,79.6620,6.9204
country_france,2023.2,13.7524,79.2259,7.0217
country_france,2023.3,14.0912,78.7866,7.1222
country_france,2023.4,14.4339,78.3441,7.2220
country_france,2023.5,14.7805,77.8986,7.3210
country_france,2023.6,15.1308,77.4501,7.4191
country_france,2023.7,15.4849,76.9986,7.5165
country_france,2023.8,15.8428,76.5443,7.6129
country_france,2023.9,16.2044,76.0872,7.7084
country_france,2024.0,16.5696,75.6273,7.8030
country_france,2024.1,16.9385,75.1649,7.8966
country_france,2024.2,17.3110,74.6998,7.9892
country_france,2024.3,17.6870,74.2323,8.0807
country_france,2024.4,18.0665,73.7623,8.1711
country_france,2024.5,18.4495,73.2900,8.2604
country_france,2024.6,18.8359,72.8155,8.3486
country_france,2024.7,19.2257,72.3387,8.4356
country_france,2024.8,19.6188,71.8598,8.5214
country_france,2024.9,20.0152,71.3788,8.6060
country_france,2025.0,20.4148,70.8959,8.6893
country_france,2025.1,20.8177,70.4110,8.7713
country_france,2025.2,21.2236,69.9244,8.8520
country_france,2025.3,21.6327,69.4360,8.9314
country_france,2025.4,22.0448,68.9459,9.0094
country_france,2025.5,22.4598,68.4542,9.0860
country_france,2025.6,22.8778,67.9610,9.1612
country_france,2025.7,23.2987,67.4664,9.2349
country_france,2025.8,23.7225,66.9703,9.3072
country_france,2025.9,24.1490,66.4730,9.3780
country_france,2026.0,24.5782,65.9745,9.4473
country_france,2026.1,25.0101,65.4748,9.5151
country_france,2026.2,25.4446,64.9741,9.5813
country_france,2026.3,25.8817,64.4723,9.6460
country_france,2026.4,26.3213,63.9697,9.7091
country_france,2026.5,26.7633,63.4662,9.7706
country_france,2026.6,27.2077,62.9619,9.8305
country_france,2026.7,27.6544,62.4569,9.8887
country_france,2026.8,28.1034,61.9514,9.9453
country_france,2026.9,28.5545,61.4452,10.0002
country_france,2027.0,29.0079,60.9386,10.0535
country_france,2027.1,29.4633,60.4316,10.1051
country_france,2027.2,29.9207,59.9243,10.1549
country_france,2027.3,30.3801,59.4168,10.2031
country_france,2027.4,30.8414,58.9090,10.2495
country_france,2027.5,31.3046,58.4012,10.2942
country_france,2027.6,31.7695,57.8933,10.3372
country_france,2027.7,32.2361,57.3855,10.3784
country_france,2027.8,32.7044,56.8777,10.4178
country_france,2027.9,33.1743,56.3702,10.4555
country_france,2028.0,33.6457,55.8629,10.4914
country_france,2028.1,34.1186,55.3559,10.5255
country_france,2028.2,34.5928,54.8493,10.5579
country_france,2028.3,35.0684,54.3432,10.5884
country_france,2028.4,35.5452,53.8376,10.6172
country_france,2028.5,36.0233,53.3326,10.6442
country_france,2028.6,36.5024,52.8282,10.6694
country_france,2028.7,36.9827,52.3246,10.6928
country_france,2028.8,37.4639,51.8217,10.7143
country_france,2028.9,37.9461,51.3197,10.7341
country_france,2029.0,38.4292,50.8187,10.7521
country_france,2029.1,38.9131,50.3186,10.7684
country_france,2029.2,39.3977,49.8195,10.7828
country_france,2029.3,39.8830,49.3216,10.7954
country_france,2029.4,40.3689,48.8249,10.8063
country_france,2029.5,40.8553,48.3293,10.8153
country_france,2029.6,41.3423,47.8351,10.8226
country_france,2029.7,41.8296,47.3422,10.8282
country_france,2029.8,42.3173,46.8507,10.8320
country_france,2029.9,42.8053,46.3607,10.8340
country_france,2030.0,43.2935,45.8722,10.8343
country_france,2030.1,43.7819,45.3853,10.8328
country_france,2030.2,44.2703,44.9000,10.8296
country_france,2030.3,44.7588,44.4165,10.8247
country_france,2030.4,45.2472,43.9346,10.8181
country_france,2030.5,45.7356,43.4546,10.8098
country_france,2030.6,46.2237,42.9764,10.7999
country_france,2030.7,46.7117,42.5001,10.7882
country_france,2030.8,47.1993,42.0257,10.7749
country_france,2030.9,47.6866,41.5534,10.7600
country_france,2031.0,48.1735,41.0831,10.7434
country_france,2031.1,48.6599,40.6149,10.7252
country_france,2031.2,49.1458,40.1488,10.7054
country_france,2031.3,49.6310,39.6849,10.6840
country_france,2031.4,50.1156,39.2233,10.6611
country_france,2031.5,50.5995,38.7639,10.6366
country_france,2031.6,51.0826,38.3069,10.6106
country_france,2031.7,51.5648,37.8522,10.5830
country_france,2031.8,52.0461,37.3999,10.5540
country_france,2031.9,52.5265,36.9501,10.5234
country_france,2032.0,53.0058,36.5027,10.4915
country_france,2032.1,53.4841,36.0579,10.4580
country_france,2032.2,53.9613,35.6156,10.4232
country_france,2032.3,54.4372,35.1759,10.3869
country_france,2032.4,54.9119,34.7388,10.3493
country_france,2032.5,55.3853,34.3044,10.3103
country_france,2032.6,55.8573,33.8727,10.2699
country_france,2032.7,56.3279,33.4438,10.2283
country_france,2032.8,56.7971,33.0176,10.1853
country_france,2032.9,57.2647,32.5942,10.1411
country_france,2033.0,57.7308,32.1736,10.0956
country_france,2033.1,58.1953,31.7558,10.0489
country_france,2033.2,58.6580,31.3410,10.0010
country_france,2033.3,59.1191,30.9290,9.9519
country_france,2033.4,59.5783,30.5200,9.9016
country_france,2033.5,60.0358,30.1140,9.8503
country_france,2033.6,60.4914,29.7109,9.7978
country_france,2033.7,60.9450,29.3108,9.7442
country_france,2033.8,61.3967,28.9137,9.6895
country_france,2033.9,61.8464,28.5197,9.6338
country_france,2034.0,62.2941,28.1288,9.5771
country_france,2034.1,62.7396,27.7410,9.5194
country_france,2034.2,63.1830,27.3562,9.4608
country_france,2034.3,63.6242,26.9746,9.4012
country_france,2034.4,64.0632,26.5961,9.3407
country_france,2034.5,64.4999,26.2208,9.2793
country_france,2034.6,64.9343,25.8487,9.2171
country_france,2034.7,65.3663,25.4797,9.1540
country_france,2034.8,65.7960,25.1139,9.0901
country_france,2034.9,66.2233,24.7514,9.0254
country_france,2035.0,66.6480,24.3920,8.9599
country_france,2035.1,67.0703,24.0359,8.8938
country_france,2035.2,67.4901,23.6831,8.8269
country_france,2035.3,67.9073,23.3334,8.7593
country_france,2035.4,68.3219,22.9871,8.6911
country_france,2035.5,68.7338,22.6440,8.6222
country_france,2035.6,69.1431,22.3042,8.5527
country_france,2035.7,69.5497,21.9676,8.4827
country_france,2035.8,69.9536,21.6343,8.4121
country_france,2035.9,70.3547,21.3044,8.3410
country_france,2036.0,70.7530,20.9777,8.2693
country_france,2036.1,71.1485,20.6543,8.1972
country_france,2036.2,71.5412,20.3341,8.1246
country_france,2036.3,71.9311,20.0173,8.0516
country_france,2036.4,72.3180,19.7038,7.9782
country_france,2036.5,72.7020,19.3935,7.9044
country_france,2036.6,73.0831,19.0866,7.8303
country_france,2036.7,73.4613,18.7829,7.7558
country_france,2036.8,73.8365,18.4825,7.6810
country_france,2036.9,74.2086,18.1854,7.6060
country_france,2037.0,74.5778,17.8916,7.5306
country_france,2037.1,74.9439,17.6010,7.4551
country_france,2037.2,75.3070,17.3137,7.3793
country_france,2037.3,75.6670,17.0297,7.3033
country_france,2037.4,76.0239,16.7489,7.2272
country_france,2037.5,76.3778,16.4713,7.1509
country_france,2037.6,76.7285,16.1970,7.0745
country_france,2037.7,77.0761,15.9259,6.9980
country_france,2037.8,77.4205,15.6580,6.9215
country_france,2037.9,77.7618,15.3933,6.8448
country_france,2038.0,78.1000,15.1319,6.7682
country_france,2038.1,78.4350,14.8736,6.6915
country_france,2038.2,78.7668,14.6184,6.6148
country_france,2038.3,79.0954,14.3665,6.5382
country_france,2038.4,79.4208,14.1176,6.4616
country_france,2038.5,79.7430,13.8719,6.3850
country_france,2038.6,80.0621,13.6294,6.3086
country_france,2038.7,80.3779,13.3899,6.2322
country_france,2038.8,80.6905,13.1535,6.1560
country_france,2038.9,80.9998,12.9202,6.0800
country_france,2039.0,81.3060,12.6899,6.0041
country_france,2039.1,81.6089,12.4627,5.9283
country_france,2039.2,81.9086,12.2385,5.8528
country_france,2039.3,82.2051,12.0174,5.7775
country_france,2039.4,82.4984,11.7992,5.7024
country_france,2039.5,82.7885,11.5839,5.6276
country_france,2039.6,83.0753,11.3717,5.5530
country_france,2039.7,83.3589,11.1623,5.4787
country_france,2039.8,83.6393,10.9559,5.4048
country_france,2039.9,83.9165,10.7524,5.3311
country_france,2040.0,84.1905,10.5517,5.2577
country_france,2040.1,84.4613,10.3539,5.1847
country_france,2040.2,84.7289,10.1590,5.1121
country_france,2040.3,84.9934,9.9668,5.0398
country_france,2040.4,85.2546,9.7775,4.9679
country_france,2040.5,85.5127,9.5909,4.8964
country_france,2040.6,85.7676,9.4071,4.8253
country_france,2040.7,86.0194,9.2259,4.7546
country_france,2040.8,86.2681,9.0475,4.6844
country_france,2040.9,86.5136,8.8718,4.6146
country_france,2041.0,86.7560,8.6988,4.5453
country_france,2041.1,86.9952,8.5283,4.4764
country_france,2041.2,87.2314,8.3605,4.4080
country_france,2041.3,87.4646,8.1953,4.3401
country_france,2041.4,87.6946,8.0327,4.2727
country_france,2041.5,87.9216,7.8726,4.2058
country_france,2041.6,88.1456,7.7150,4.1394
country_france,2041.7,88.3665,7.5599,4.0736
country_france,2041.8,88.5844,7.4073,4.0082
country_france,2041.9,88.7994,7.2572,3.9435
country_france,2042.0,89.0113,7.1094,3.8792
country_france,2042.1,89.2203,6.9641,3.8155
country_france,2042.2,89.4264,6.8212,3.7524
country_france,2042.3,89.6295,6.6806,3.6899
country_france,2042.4,89.8298,6.5423,3.6279
country_france,2042.5,90.0271,6.4063,3.5665
country_france,2042.6,90.2216,6.2726,3.5058
country_france,2042.7,90.4133,6.1412,3.4456
country_france,2042.8,90.6021,6.0120,3.3860
country_france,2042.9,90.7881,5.8850,3.3270
country_france,2043.0,90.9713,5.7601,3.2686
country_france,2043.1,91.1518,5.6375,3.2108
country_france,2043.2,91.3295,5.5169,3.1536
country_france,2043.3,91.5044,5.3985,3.0971
country_france,2043.4,91.6767,5.2821,3.0412
country_france,2043.5,91.8463,5.1678,2.9859
country_france,2043.6,92.0133,5.0555,2.9312
country_france,2043.7,92.1776,4.9452,2.8772
country_france,2043.8,92.3393,4.8369,2.8238
country_france,2043.9,92.4984,4.7306,2.7710
country_france,2044.0,92.6549,4.6262,2.7189
country_france,2044.1,92.8089,4.5237,2.6674
country_france,2044.2,92.9604,4.4231,2.6165
country_france,2044.3,93.1094,4.3243,2.5663
country_france,2044.4,93.2559,4.2274,2.5167
country_france,2044.5,93.4000,4.1322,2.4678
country_france,2044.6,93.5416,4.0389,2.4195
country_france,2044.7,93.6808,3.9473,2.3718
country_france,2044.8,93.8177,3.8575,2.3248
country_france,2044.9,93.9522,3.7693,2.2784
country_france,2045.0,94.0844,3.6829,2.2327
country_france,2045.1,94.2143,3.5981,2.1876
country_france,2045.2,94.3420,3.5149,2.1431
country_france,2045.3,94.4673,3.4334,2.0993
country_france,2045.4,94.5905,3.3535,2.0560
country_france,2045.5,94.7114,3.2751,2.0135
country_france,2045.6,94.8302,3.1983,1.9715
country_france,2045.7,94.9469,3.1230,1.9302
country_france,2045.8,95.0614,3.0492,1.8894
country_france,2045.9,95.1738,2.9769,1.8493
country_france,2046.0,95.2841,2.9060,1.8099
country_france,2046.1,95.3924,2.8366,1.7710
country_france,2046.2,95.4987,2.7686,1.7327
country_france,2046.3,95.6030,2.7019,1.6951
country_france,2046.4,95.7053,2.6367,1.6580
country_france,2046.5,95.8057,2.5728,1.6216
country_france,2046.6,95.9041,2.5102,1.5857
country_france,2046.7,96.0007,2.4489,1.5504
country_france,2046.8,96.0954,2.3889,1.5158
country_france,2046.9,96.1882,2.3301,1.4817
country_france,2047.0,96.2792,2.2726,1.4481
country_france,2047.1,96.3685,2.2164,1.4152
country_france,2047.2,96.4559,2.1613,1.3828
country_france,2047.3,96.5417,2.1074,1.3510
country_france,2047.4,96.6257,2.0546,1.3197
country_france,2047.5,96.7080,2.0030,1.2890
country_france,2047.6,96.7886,1.9526,1.2588
country_france,2047.7,96.8676,1.9032,1.2292
country_france,2047.8,96.9450,1.8549,1.2001
country_france,2047.9,97.0208,1.8076,1.1716
country_france,2048.0,97.0950,1.7614,1.1436
country_france,2048.1,97.1676,1.7163,1.1161
country_france,2048.2,97.2388,1.6721,1.0891
country_france,2048.3,97.3084,1.6290,1.0626
country_france,2048.4,97.3766,1.5868,1.0367
country_france,2048.5,97.4433,1.5455,1.0112
country_france,2048.6,97.5086,1.5052,0.9862
country_france,2048.7,97.5724,1.4658,0.9618
country_france,2048.8,97.6349,1.4273,0.9378
country_france,2048.9,97.6961,1.3897,0.9142
country_france,2049.0,97.7558,1.3530,0.8912
country_france,2049.1,97.8143,1.3171,0.8686
country_france,2049.2,97.8715,1.2820,0.8465
country_france,2049.3,97.9274,1.2478,0.8248
country_france,2049.4,97.9820,1.2144,0.8036
country_france,2049.5,98.0355,1.1818,0.7828
country_france,2049.6,98.0877,1.1499,0.7624
country_france,2049.7,98.1387,1.1188,0.7425
country_france,2049.8,98.1886,1.0884,0.7230
country_france,2049.9,98.2373,1.0588,0.7039
country_france,2050.0,98.2849,1.0299,0.6852
