group,year,bev_share,ice_share,phev_share
world,2015.0,0.3529,99.5687,0.1397
world,2015.1,0.3766,99.5399,0.1472
world,2015.2,0.4015,99.5094,0.1550
world,2015.3,0.4276,99.4773,0.1631
world,2015.4,0.4551,99.4435,0.1715
world,2015.5,0.4839,99.4079,0.1802
world,2015.6,0.5141,99.3704,0.1892
world,2015.7,0.5457,99.3311,0.1986
world,2015.8,0.5787,99.2897,0.2083
world,2015.9,0.6133,99.2463,0.2183
world,2016.0,0.6494,99.2008,0.2287
world,2016.1,0.6871,99.0878,0.3048
world,2016.2,0.7265,99.0394,0.3142
world,2016.3,0.7676,98.9878,0.3247
world,2016.4,0.8105,98.9334,0.3359
world,2016.5,0.8553,98.8763,0.3477
world,2016.6,0.9019,98.8165,0.3599
world,2016.7,0.9504,98.7538,0.3725
world,2016.8,1.0009,98.6883,0.3856
world,2016.9,1.0533,98.6198,0.3991
world,2017.0,1.1079,98.5483,0.4129
world,2017.1,1.1646,98.4730,0.4279
world,2017.2,1.2235,98.3944,0.4432
world,2017.3,1.2847,98.3123,0.4591
world,2017.4,1.3481,98.2268,0.4755
world,2017.5,1.4138,98.1377,0.4924
world,2017.6,1.4819,98.0449,0.5098
world,2017.7,1.5524,97.9484,0.5276
world,2017.8,1.6253,97.8481,0.5458
world,2017.9,1.7007,97.7439,0.5645
world,2018.0,1.7787,97.6356,0.5873
world,2018.1,1.8598,97.5232,0.6191
world,2018.2,1.9432,97.4066,0.6525
world,2018.3,2.0293,97.2857,0.6875
world,2018.4,2.1181,97.1604,0.7241
world,2018.5,2.2097,97.0305,0.7623
world,2018.6,2.3041,96.8961,0.8024
world,2018.7,2.4014,96.7570,0.8442
world,2018.8,2.5016,96.6131,0.8878
world,2018.9,2.6049,96.4643,0.9333
world,2019.0,2.7112,96.3104,0.9808
world,2019.1,2.8206,96.1515,1.0303
world,2019.2,2.9331,95.9873,1.0819
world,2019.3,3.0489,95.8178,1.1355
world,2019.4,3.1678,95.6429,1.1913
world,2019.5,3.2901,95.4624,1.2494
world,2019.6,3.4158,95.2763,1.3097
world,2019.7,3.5448,95.0844,1.3723
world,2019.8,3.6773,94.8867,1.4373
world,2019.9,3.8132,94.6831,1.5047
world,2020.0,3.9527,94.4733,1.5747
world,2020.1,4.0959,94.2575,1.6472
world,2020.2,4.2426,94.0353,1.7225
world,2020.3,4.3931,93.8069,1.8005
world,2020.4,4.5473,93.5719,1.8812
world,2020.5,4.7052,93.3305,1.9646
world,2020.6,4.8671,93.0823,2.0509
world,2020.7,5.0328,92.8275,2.1400
world,2020.8,5.2024,92.5658,2.2321
world,2020.9,5.3761,92.2973,2.3270
world,2021.0,5.5537,92.0217,2.4249
world,2021.1,5.7356,91.7372,2.5276
world,2021.2,5.9216,91.4472,2.6317
world,2021.3,6.1117,91.1500,2.7387
world,2021.4,6.3061,90.8457,2.8487
world,2021.5,6.5047,90.5340,2.9619
world,2021.6,6.7076,90.2149,3.0781
world,2021.7,6.9149,89.8884,3.1974
world,2021.8,7.1265,89.5543,3.3198
world,2021.9,7.3426,89.2128,3.4453
world,2022.0,7.5632,88.8637,3.5739
world,2022.1,7.7882,88.5069,3.7056
world,2022.2,8.0179,88.1425,3.8403
world,2022.3,8.2521,87.7705,3.9781
world,2022.4,8.4910,87.3908,4.1189
world,2022.5,8.7346,87.0035,4.2628
world,2022.6,8.9829,86.6084,4.4095
world,2022.7,9.2359,86.2057,4.5592
world,2022.8,9.4938,85.7954,4.7116
world,2022.9,9.7565,85.3775,4.8669
world,2023.0,10.0240,84.9519,5.0249
world,2023.1,10.2965,84.5189,5.1854
world,2023.2,10.5739,84.0783,5.3485
world,2023.3,10.8562,83.6303,5.5141
world,2023.4,11.1436,83.1750,5.6820
world,2023.5,11.4360,82.7124,5.8521
world,2023.6,11.7335,82.2426,6.0244
world,2023.7,12.0360,81.7656,6.1988
world,2023.8,12.3437,81.2817,6.3750
world,2023.9,12.6565,80.7909,6.5529
world,2024.0,12.9746,80.2933,6.7325
world,2024.1,13.2978,79.7891,6.9134
world,2024.2,13.6262,79.2784,7.0956
world,2024.3,13.9599,78.7614,7.2789
world,2024.4,14.2989,78.2381,7.4631
world,2024.5,14.6432,77.7088,7.6480
world,2024.6,14.9928,77.1737,7.8335
world,2024.7,15.3477,76.6329,8.0193
world,2024.8,15.7080,76.0867,8.2053
world,2024.9,16.0736,75.5351,8.3912
world,2025.0,16.4447,74.9785,8.5768
world,2025.1,16.8211,74.4171,8.7618
world,2025.2,17.2029,73.8510,8.9461
world,2025.3,17.5901,73.2805,9.1294
world,2025.4,17.9828,72.7058,9.3114
world,2025.5,18.3808,72.1273,9.4919
world,2025.6,18.7842,71.5450,9.6707
world,2025.7,19.1931,70.9594,9.8475
world,2025.8,19.6073,70.3706,10.0221
world,2025.9,20.0268,69.7790,10.1942
world,2026.0,20.4517,69.1848,10.3635
world,2026.1,20.8819,68.5883,10.5298
world,2026.2,21.3173,67.9899,10.6941
world,2026.3,21.7579,67.3898,10.8547
world,2026.4,22.2036,66.7883,11.0115
world,2026.5,22.6543,66.1859,11.1642
world,2026.6,23.1100,65.5828,11.3126
world,2026.7,23.5706,64.9794,11.4564
world,2026.8,24.0359,64.3760,11.5954
world,2026.9,24.5057,63.7731,11.7293
world,2027.0,24.9800,63.1710,11.8578
world,2027.1,25.4586,62.5700,11.9808
world,2027.2,25.9412,61.9708,12.0980
world,2027.3,26.4278,61.3735,12.2093
world,2027.4,26.9180,60.7787,12.3143
world,2027.5,27.4116,60.1868,12.4130
world,2027.6,27.9084,59.5982,12.5051
world,2027.7,28.4080,59.0134,12.5906
world,2027.8,28.9103,58.4327,12.6691
world,2027.9,29.4150,57.8566,12.7407
world,2028.0,29.9216,57.2855,12.8052
world,2028.1,30.4301,56.7198,12.8626
world,2028.2,30.9400,56.1597,12.9127
world,2028.3,31.4511,55.6058,12.9555
world,2028.4,31.9631,55.0582,12.9913
world,2028.5,32.4757,54.5172,13.0203
world,2028.6,32.9888,53.9830,13.0420
world,2028.7,33.5021,53.4558,13.0568
world,2028.8,34.0155,52.9357,13.0652
world,2028.9,34.5286,52.4228,13.0665
world,2029.0,35.0416,51.9172,13.0608
world,2029.1,35.5541,51.4188,13.0482
world,2029.2,36.0662,50.9275,13.0288
world,2029.3,36.5777,50.4435,13.0027
world,2029.4,37.0887,49.9664,12.9702
world,2029.5,37.5991,49.4964,12.9312
world,2029.6,38.1089,49.0332,12.8860
world,2029.7,38.6179,48.5767,12.8346
world,2029.8,39.1263,48.1268,12.7773
world,2029.9,39.6340,47.6835,12.7141
world,2030.0,40.1409,47.2466,12.6452
world,2030.1,40.6470,46.8160,12.5707
world,2030.2,41.1522,46.3916,12.4919
world,2030.3,41.6564,45.9735,12.4083
world,2030.4,42.1595,45.5615,12.3196
world,2030.5,42.6614,45.1555,12.2261
world,2030.6,43.1620,44.7554,12.1278
world,2030.7,43.6613,44.3613,12.0261
world,2030.8,44.1589,43.9730,11.9202
world,2030.9,44.6550,43.5906,11.8102
world,2031.0,45.1492,43.2138,11.6962
world,2031.1,45.6416,42.8426,11.5784
world,2031.2,46.1319,42.4770,11.4571
world,2031.3,46.6200,42.1168,11.3324
world,2031.4,47.1059,41.7621,11.2046
world,2031.5,47.5894,41.4126,11.0739
world,2031.6,48.0703,41.0684,10.9404
world,2031.7,48.5486,40.7293,10.8044
world,2031.8,49.0241,40.3953,10.6662
world,2031.9,49.4967,40.0662,10.5258
world,2032.0,49.9663,39.7420,10.3836
world,2032.1,50.4328,39.4226,10.2397
world,2032.2,50.8960,39.1079,10.0944
world,2032.3,51.3558,38.7978,9.9479
world,2032.4,51.8120,38.4923,9.8003
world,2032.5,52.2647,38.1911,9.6520
world,2032.6,52.7135,37.8943,9.5031
world,2032.7,53.1585,37.6017,9.3538
world,2032.8,53.5995,37.3133,9.2044
world,2032.9,54.0364,37.0289,9.0551
world,2033.0,54.4691,36.7485,8.9060
world,2033.1,54.8974,36.4719,8.7575
world,2033.2,55.3213,36.1991,8.6097
world,2033.3,55.7406,35.9298,8.4627
world,2033.4,56.1553,35.6641,8.3169
world,2033.5,56.5653,35.4019,8.1724
world,2033.6,56.9705,35.1429,8.0293
world,2033.7,57.3708,34.8871,7.8880
world,2033.8,57.7662,34.6345,7.7484
world,2033.9,58.1567,34.3847,7.6109
world,2034.0,58.5421,34.1379,7.4755
world,2034.1,58.9224,33.8938,7.3424
world,2034.2,59.2977,33.6524,7.2118
world,2034.3,59.6678,33.4135,7.0837
world,2034.4,60.0329,33.1770,6.9582
world,2034.5,60.3929,32.9428,6.8356
world,2034.6,60.7478,32.7109,6.7157
world,2034.7,61.0977,32.4811,6.5987
world,2034.8,61.4425,32.2533,6.4847
world,2034.9,61.7824,32.0275,6.3737
world,2035.0,62.1174,31.8036,6.2657
world,2035.1,62.4475,31.5814,6.1607
world,2035.2,62.7729,31.3610,6.0588
world,2035.3,63.0936,31.1421,5.9599
world,2035.4,63.4097,30.9248,5.8641
world,2035.5,63.7213,30.7091,5.7712
world,2035.6,64.0284,30.4947,5.6812
world,2035.7,64.3313,30.2818,5.5941
world,2035.8,64.6300,30.0702,5.5099
world,2035.9,64.9246,29.8599,5.4284
world,2036.0,65.2152,29.6508,5.3495
world,2036.1,65.5020,29.4430,5.2733
world,2036.2,65.7850,29.2364,5.1996
world,2036.3,66.0644,29.0309,5.1283
world,2036.4,66.3403,28.8266,5.0594
world,2036.5,66.6128,28.6234,4.9927
world,2036.6,66.8819,28.4213,4.9282
world,2036.7,67.1479,28.2203,4.8657
world,2036.8,67.4108,28.0204,4.8052
world,2036.9,67.6707,27.8216,4.7466
world,2037.0,67.9277,27.6238,4.6897
world,2037.1,68.1819,27.4271,4.6346
world,2037.2,68.4334,27.2315,4.5810
world,2037.3,68.6822,27.0370,4.5290
world,2037.4,68.9284,26.8435,4.4785
world,2037.5,69.1722,26.6511,4.4293
world,2037.6,69.4135,26.4598,4.3814
world,2037.7,69.6525,26.2696,4.3347
world,2037.8,69.8892,26.0806,4.2893
world,2037.9,70.1235,25.8926,4.2449
world,2038.0,70.3557,25.7057,4.2015
world,2038.1,70.5857,25.5200,4.1592
world,2038.2,70.8136,25.3355,4.1178
world,2038.3,71.0394,25.1520,4.0773
world,2038.4,71.2631,24.9698,4.0377
world,2038.5,71.4848,24.7887,3.9988
world,2038.6,71.7045,24.6089,3.9607
world,2038.7,71.9222,24.4302,3.9234
world,2038.8,72.1380,24.2528,3.8867
world,2038.9,72.3519,24.0766,3.8507
world,2039.0,72.5638,23.9017,3.8153
world,2039.1,72.7738,23.7280,3.7805
world,2039.2,72.9820,23.5556,3.7463
world,2039.3,73.1883,23.3845,3.7126
world,2039.4,73.3928,23.2147,3.6793
world,2039.5,73.5954,23.0462,3.6466
world,2039.6,73.7962,22.8791,3.6143
world,2039.7,73.9952,22.7132,3.5825
world,2039.8,74.1924,22.5488,3.5511
world,2039.9,74.3877,22.3857,3.5201
world,2040.0,74.5814,22.2239,3.4894
world,2040.1,74.7732,22.0636,3.4591
world,2040.2,74.9632,21.9046,3.4292
world,2040.3,75.1515,21.7471,3.3995
world,2040.4,75.3381,21.5910,3.3702
world,2040.5,75.5229,21.4362,3.3412
world,2040.6,75.7059,21.2830,3.3124
world,2040.7,75.8872,21.1311,3.2840
world,2040.8,76.0668,20.9807,3.2558
world,2040.9,76.2447,20.8317,3.2278
world,2041.0,76.4208,20.6841,3.2001
world,2041.1,76.5953,20.5380,3.1726
world,2041.2,76.7680,20.3934,3.1453
world,2041.3,76.9391,20.2501,3.1183
world,2041.4,77.1084,20.1084,3.0914
world,2041.5,77.2761,19.9681,3.0648
world,2041.6,77.4421,19.8292,3.0384
world,2041.7,77.6065,19.6918,3.0121
world,2041.8,77.7692,19.5558,2.9861
world,2041.9,77.9303,19.4212,2.9602
world,2042.0,78.0897,19.2880,2.9345
world,2042.1,78.2475,19.1563,2.9090
world,2042.2,78.4037,19.0260,2.8837
world,2042.3,78.5583,18.8971,2.8585
world,2042.4,78.7113,18.7696,2.8335
world,2042.5,78.8627,18.6434,2.8087
world,2042.6,79.0126,18.5187,2.7841
world,2042.7,79.1609,18.3953,2.7596
world,2042.8,79.3077,18.2732,2.7353
world,2042.9,79.4530,18.1525,2.7111
world,2043.0,79.5967,18.0331,2.6872
world,2043.1,79.7390,17.9150,2.6633
world,2043.2,79.8798,17.7982,2.6397
world,2043.3,80.0192,17.6826,2.6162
world,2043.4,80.1571,17.5683,2.5929
world,2043.5,80.2936,17.4553,2.5697
world,2043.6,80.4286,17.3435,2.5467
world,2043.7,80.5624,17.2328,2.5239
world,2043.8,80.6947,17.1234,2.5012
world,2043.9,80.8257,17.0151,2.4787
world,2044.0,80.9554,16.9080,2.4563
world,2044.1,81.0838,16.8020,2.4341
world,2044.2,81.2108,16.6970,2.4121
world,2044.3,81.3367,16.5932,2.3903
world,2044.4,81.4613,16.4905,2.3686
world,2044.5,81.5846,16.3887,2.3471
world,2044.6,81.7068,16.2880,2.3257
world,2044.7,81.8278,16.1883,2.3045
world,2044.8,81.9476,16.0896,2.2835
world,2044.9,82.0663,15.9918,2.2626
world,2045.0,82.1839,15.8950,2.2419
world,2045.1,82.3004,15.7991,2.2213
world,2045.2,82.4159,15.7040,2.2010
world,2045.3,82.5303,15.6099,2.1807
world,2045.4,82.6436,15.5166,2.1607
world,2045.5,82.7560,15.4241,2.1408
world,2045.6,82.8673,15.3325,2.1211
world,2045.7,82.9777,15.2416,2.1015
world,2045.8,83.0872,15.1515,2.0821
world,2045.9,83.1957,15.0622,2.0628
world,2046.0,83.3033,14.9736,2.0437
world,2046.1,83.4100,14.8857,2.0248
world,2046.2,83.5159,14.7986,2.0060
world,2046.3,83.6209,14.7121,1.9874
world,2046.4,83.7251,14.6262,1.9689
world,2046.5,83.8284,14.5411,1.9506
world,2046.6,83.9310,14.4565,1.9325
world,2046.7,84.0328,14.3726,1.9145
world,2046.8,84.1338,14.2893,1.8966
world,2046.9,84.2341,14.2066,1.8789
world,2047.0,84.3336,14.1245,1.8614
world,2047.1,84.4324,14.0429,1.8439
world,2047.2,84.5305,13.9618,1.8267
world,2047.3,84.6279,13.8814,1.8096
world,2047.4,84.7246,13.8014,1.7926
world,2047.5,84.8207,13.7219,1.7758
world,2047.6,84.9161,13.6430,1.7591
world,2047.7,85.0108,13.5646,1.7426
world,2047.8,85.1049,13.4866,1.7262
world,2047.9,85.1984,13.4091,1.7099
world,2048.0,85.2913,13.3321,1.6938
world,2048.1,85.3836,13.2555,1.6778
world,2048.2,85.4753,13.1794,1.6620
world,2048.3,85.5664,13.1037,1.6463
world,2048.4,85.6569,13.0285,1.6307
world,2048.5,85.7469,12.9536,1.6152
world,2048.6,85.8363,12.8793,1.5999
world,2048.7,85.9252,12.8053,1.5847
world,2048.8,86.0135,12.7317,1.5697
world,2048.9,86.1012,12.6585,1.5547
world,2049.0,86.1885,12.5858,1.5399
world,2049.1,86.2752,12.5134,1.5253
world,2049.2,86.3614,12.4414,1.5107
world,2049.3,86.4470,12.3699,1.4963
world,2049.4,86.5322,12.2986,1.4819
world,2049.5,86.6168,12.2278,1.4677
world,2049.6,86.7010,12.1574,1.4537
world,2049.7,86.7846,12.0873,1.4397
world,2049.8,86.8678,12.0176,1.4258
world,2049.9,86.9505,11.9483,1.4121
world,2050.0,87.0326,11.8793,1.3985
western_europe,2015.0,0.3736,99.2768,0.3497
western_europe,2015.1,0.4054,99.2172,0.3774
western_europe,2015.2,0.4393,99.1539,0.4068
western_europe,2015.3,0.4756,99.0867,0.4377
western_europe,2015.4,0.5141,99.0156,0.4703
western_europe,2015.5,0.5551,98.9404,0.5045
western_europe,2015.6,0.5985,98.8612,0.5403
western_europe,2015.7,0.6444,98.7778,0.5778
western_europe,2015.8,0.6929,98.6902,0.6169
western_europe,2015.9,0.7440,98.5983,0.6577
western_europe,2016.0,0.7978,98.5020,0.7002
western_europe,2016.1,0.8543,98.4014,0.7444
western_europe,2016.2,0.9136,98.2962,0.7902
western_europe,2016.3,0.9757,98.1866,0.8378
western_europe,2016.4,1.0407,98.0723,0.8870
western_europe,2016.5,1.1086,97.9534,0.9380
western_europe,2016.6,1.1795,97.8298,0.9906
western_europe,2016.7,1.2535,97.7015,1.0450
western_europe,2016.8,1.3305,97.5684,1.1010
western_europe,2016.9,1.4107,97.4305,1.1588
western_europe,2017.0,1.4940,97.2878,1.2183
western_europe,2017.1,1.5805,97.1386,1.2809
western_europe,2017.2,1.6703,96.9825,1.3472
western_europe,2017.3,1.7636,96.8199,1.4166
western_europe,2017.4,1.8603,96.6508,1.4889
western_europe,2017.5,1.9606,96.4754,1.5640
western_europe,2017.6,2.0645,96.2937,1.6418
western_europe,2017.7,2.1721,96.1058,1.7221
western_europe,2017.8,2.2834,95.9117,1.8049
western_europe,2017.9,2.3985,95.7114,1.8901
western_europe,2018.0,2.5175,95.5049,1.9777
western_europe,2018.1,2.6403,95.2922,2.0675
western_europe,2018.2,2.7672,95.0734,2.1595
western_europe,2018.3,2.8980,94.8484,2.2536
western_europe,2018.4,3.0329,94.6173,2.3498
western_europe,2018.5,3.1719,94.3801,2.4480
western_europe,2018.6,3.3150,94.1368,2.5482
western_europe,2018.7,3.4623,93.8874,2.6503
western_europe,2018.8,3.6138,93.6320,2.7542
western_europe,2018.9,3.7696,93.3705,2.8599
western_europe,2019.0,3.9297,93.1029,2.9673
western_europe,2019.1,4.0942,92.8294,3.0765
western_europe,2019.2,4.2630,92.5498,3.1872
western_europe,2019.3,4.4362,92.2643,3.2995
western_europe,2019.4,4.6139,91.9728,3.4133
western_europe,2019.5,4.7960,91.6754,3.5286
western_europe,2019.6,4.9827,91.3720,3.6453
western_europe,2019.7,5.1738,91.0628,3.7634
western_europe,2019.8,5.3695,90.7477,3.8827
western_europe,2019.9,5.5698,90.4269,4.0033
western_europe,2020.0,5.7747,90.1002,4.1251
western_europe,2020.1,5.9842,89.7678,4.2480
western_europe,2020.2,6.1984,89.4296,4.3720
western_europe,2020.3,6.4172,89.0858,4.4970
western_europe,2020.4,6.6406,88.7363,4.6230
western_europe,2020.5,6.8688,88.3813,4.7499
western_europe,2020.6,7.1017,88.0206,4.8777
western_europe,2020.7,7.3392,87.6545,5.0063
western_europe,2020.8,7.5815,87.2828,5.1356
western_europe,2020.9,7.8285,86.9058,5.2657
western_europe,2021.0,8.0803,86.5234,5.3964
western_europe,2021.1,8.3368,86.1356,5.5276
western_europe,2021.2,8.5980,85.7426,5.6594
western_europe,2021.3,8.8639,85.3443,5.7917
western_europe,2021.4,9.1347,84.9409,5.9244
western_europe,2021.5,9.4101,84.5324,6.0575
western_europe,2021.6,9.6903,84.1189,6.1909
western_europe,2021.7,9.9752,83.7003,6.3245
western_europe,2021.8,10.2648,83.2768,6.4584
western_europe,2021.9,10.5591,82.8485,6.5924
western_europe,2022.0,10.8582,82.4154,6.7264
western_europe,2022.1,11.1619,81.9775,6.8606
western_europe,2022.2,11.4703,81.5350,6.9947
western_europe,2022.3,11.7834,81.0879,7.1288
western_europe,2022.4,12.1011,80.6363,7.2627
western_europe,2022.5,12.4234,80.1802,7.3964
western_europe,2022.6,12.7503,79.7198,7.5300
western_europe,2022.7,13.0818,79.2550,7.6632
western_europe,2022.8,13.4178,78.7861,7.7961
western_europe,2022.9,13.7584,78.3130,7.9286
western_europe,2023.0,14.1034,77.8358,8.0607
western_europe,2023.1,14.4529,77.3547,8.1923
western_europe,2023.2,14.8069,76.8697,8.3234
western_europe,2023.3,15.1653,76.3809,8.4539
western_europe,2023.4,15.5280,75.8884,8.5837
western_europe,2023.5,15.8950,75.3922,8.7128
western_europe,2023.6,16.2664,74.8924,8.8412
western_europe,2023.7,16.6420,74.3893,8.9688
western_europe,2023.8,17.0218,73.8827,9.0955
western_europe,2023.9,17.4057,73.3729,9.2214
western_europe,2024.0,17.7938,72.8599,9.3463
western_europe,2024.1,18.1860,72.3437,9.4703
western_europe,2024.2,18.5822,71.8246,9.5932
western_europe,2024.3,18.9823,71.3026,9.7150
western_europe,2024.4,19.3864,70.7778,9.8358
western_europe,2024.5,19.7944,70.2503,9.9553
western_europe,2024.6,20.2062,69.7201,10.0736
western_europe,2024.7,20.6218,69.1875,10.1907
western_europe,2024.8,21.0410,68.6524,10.3065
western_europe,2024.9,21.4640,68.1151,10.4210
western_europe,2025.0,21.8905,67.5755,10.5340
western_europe,2025.1,22.3206,67.0338,10.6457
western_europe,2025.2,22.7541,66.4900,10.7559
western_europe,2025.3,23.1910,65.9444,10.8646
western_europe,2025.4,23.6313,65.3970,10.9717
western_europe,2025.5,24.0749,64.8478,11.0773
western_europe,2025.6,24.5216,64.2971,11.1813
western_europe,2025.7,24.9715,63.7449,11.2836
western_europe,2025.8,25.4245,63.1912,11.3842
western_europe,2025.9,25.8805,62.6363,11.4831
western_europe,2026.0,26.3395,62.0802,11.5803
western_europe,2026.1,26.8013,61.5230,11.6757
western_europe,2026.2,27.2659,60.9649,11.7692
western_europe,2026.3,27.7332,60.4059,11.8609
western_europe,2026.4,28.2031,59.8461,11.9508
western_europe,2026.5,28.6757,59.2856,12.0387
western_europe,2026.6,29.1507,58.7246,12.1247
western_europe,2026.7,29.6281,58.1631,12.2087
western_europe,2026.8,30.1079,57.6013,12.2907
western_europe,2026.9,30.5900,57.0393,12.3708
western_europe,2027.0,31.0742,56.4771,12.4487
western_europe,2027.1,31.5605,55.9148,12.5247
western_europe,2027.2,32.0489,55.3526,12.5985
western_europe,2027.3,32.5392,54.7906,12.6702
western_europe,2027.4,33.0313,54.2289,12.7398
western_europe,2027.5,33.5253,53.6675,12.8072
western_europe,2027.6,34.0209,53.1065,12.8725
western_europe,2027.7,34.5182,52.5462,12.9356
western_europe,2027.8,35.0170,51.9865,12.9965
western_europe,2027.9,35.5173,51.4276,13.0551
western_europe,2028.0,36.0190,50.8695,13.1115
western_europe,2028.1,36.5219,50.3124,13.1657
western_europe,2028.2,37.0260,49.7563,13.2176
western_europe,2028.3,37.5313,49.2014,13.2673
western_europe,2028.4,38.0376,48.6478,13.3146
western_europe,2028.5,38.5449,48.0954,13.3596
western_europe,2028.6,39.0531,47.5445,13.4024
western_europe,2028.7,39.5621,46.9951,13.4428
western_europe,2028.8,40.0718,46.4474,13.4809
western_europe,2028.9,40.5821,45.9013,13.5166
western_europe,2029.0,41.0930,45.3570,13.5501
western_europe,2029.1,41.6043,44.8145,13.5812
western_europe,2029.2,42.1160,44.2741,13.6099
western_europe,2029.3,42.6281,43.7356,13.6363
western_europe,2029.4,43.1404,43.1993,13.6603
western_europe,2029.5,43.6528,42.6652,13.6820
western_europe,2029.6,44.1653,42.1333,13.7014
western_europe,2029.7,44.6778,41.6039,13.7184
western_europe,2029.8,45.1902,41.0768,13.7330
western_europe,2029.9,45.7024,40.5523,13.7453
western_europe,2030.0,46.2144,40.0303,13.7553
western_europe,2030.1,46.7260,39.5111,13.7629
western_europe,2030.2,47.2373,38.9945,13.7682
western_europe,2030.3,47.7481,38.4807,13.7712
western_europe,2030.4,48.2583,37.9698,13.7718
western_europe,2030.5,48.7680,37.4619,13.7702
western_europe,2030.6,49.2769,36.9569,13.7662
western_europe,2030.7,49.7850,36.4550,13.7691
western_europe,2030.8,50.2924,35.9562,13.7713
western_europe,2030.9,50.7988,35.4605,13.7710
western_europe,2031.0,51.3042,34.9682,13.7682
western_europe,2031.1,51.8085,34.4791,13.7629
western_europe,2031.2,52.3118,33.9933,13.7551
western_europe,2031.3,52.8138,33.5110,13.7448
western_europe,2031.4,53.3146,33.0321,13.7321
western_europe,2031.5,53.8141,32.5567,13.7169
western_europe,2031.6,54.3122,32.0849,13.6992
western_europe,2031.7,54.8088,31.6166,13.6792
western_europe,2031.8,55.3039,31.1520,13.6567
western_europe,2031.9,55.7975,30.6911,13.6318
western_europe,2032.0,56.2894,30.2339,13.6046
western_europe,2032.1,56.7796,29.7804,13.5751
western_europe,2032.2,57.2680,29.3308,13.5432
western_europe,2032.3,57.7546,28.8849,13.5090
western_europe,2032.4,58.2394,28.4430,13.4725
western_europe,2032.5,58.7222,28.0049,13.4338
western_europe,2032.6,59.2030,27.5708,13.3929
western_europe,2032.7,59.6818,27.1407,13.3498
western_europe,2032.8,60.1584,26.7145,13.3045
western_europe,2032.9,60.6330,26.2923,13.2571
western_europe,2033.0,61.1053,25.8742,13.2075
western_europe,2033.1,61.5754,25.4601,13.1559
western_europe,2033.2,62.0432,25.0501,13.1022
western_europe,2033.3,62.5086,24.6442,13.0466
western_europe,2033.4,62.9717,24.2424,12.9889
western_europe,2033.5,63.4323,23.8448,12.9293
western_europe,2033.6,63.8904,23.4513,12.8678
western_europe,2033.7,64.3460,23.0619,12.8044
western_europe,2033.8,64.7990,22.6767,12.7391
western_europe,2033.9,65.2494,22.2957,12.6721
western_europe,2034.0,65.6972,21.9189,12.6033
western_europe,2034.1,66.1423,21.5462,12.5328
western_europe,2034.2,66.5846,21.1778,12.4606
western_europe,2034.3,67.0242,20.8135,12.3867
western_europe,2034.4,67.4609,20.4535,12.3112
western_europe,2034.5,67.8949,20.0976,12.2342
western_europe,2034.6,68.3259,19.7460,12.1556
western_europe,2034.7,68.7541,19.3985,12.0755
western_europe,2034.8,69.1793,19.0553,11.9940
western_europe,2034.9,69.6015,18.7162,11.9111
western_europe,2035.0,70.0208,18.3813,11.8268
western_europe,2035.1,70.4370,18.0506,11.7411
western_europe,2035.2,70.8502,17.7241,11.6542
western_europe,2035.3,71.2602,17.4017,11.5661
western_europe,2035.4,71.6672,17.0835,11.4767
western_europe,2035.5,72.0710,16.7695,11.3862
western_europe,2035.6,72.4717,16.4595,11.2946
western_europe,2035.7,72.8692,16.1537,11.2019
western_europe,2035.8,73.2635,15.8519,11.1082
western_europe,2035.9,73.6546,15.5543,11.0135
western_europe,2036.0,74.0424,15.2607,10.9179
western_europe,2036.1,74.4270,14.9711,10.8213
western_europe,2036.2,74.8083,14.6856,10.7239
western_europe,2036.3,75.1863,14.4041,10.6257
western_europe,2036.4,75.5610,14.1266,10.5267
western_europe,2036.5,75.9323,13.8530,10.4270
western_europe,2036.6,76.3003,13.5834,10.3266
western_europe,2036.7,76.6650,13.3177,10.2255
western_europe,2036.8,77.0263,13.0559,10.1238
western_europe,2036.9,77.3842,12.7980,10.0216
western_europe,2037.0,77.7387,12.5439,9.9188
western_europe,2037.1,78.0898,12.2936,9.8156
western_europe,2037.2,78.4375,12.0472,9.7119
western_europe,2037.3,78.7818,11.8045,9.6078
western_europe,2037.4,79.1227,11.5655,9.5033
western_europe,2037.5,79.4602,11.3303,9.3985
western_europe,2037.6,79.7942,11.0987,9.2934
western_europe,2037.7,80.1247,10.8708,9.1880
western_europe,2037.8,80.4519,10.6466,9.0825
western_europe,2037.9,80.7756,10.4259,8.9768
western_europe,2038.0,81.0958,10.2087,8.8709
western_europe,2038.1,81.4126,9.9952,8.7649
western_europe,2038.2,81.7259,9.7851,8.6589
western_europe,2038.3,82.0358,9.5785,8.5528
western_europe,2038.4,82.3422,9.3753,8.4467
western_europe,2038.5,82.6452,9.1755,8.3407
western_europe,2038.6,82.9448,8.9791,8.2347
western_europe,2038.7,83.2409,8.7860,8.1289
western_europe,2038.8,83.5336,8.5962,8.0233
western_europe,2038.9,83.8228,8.4097,7.9177
western_europe,2039.0,84.1086,8.2265,7.8124
western_europe,2039.1,84.3910,8.0464,7.7073
western_europe,2039.2,84.6700,7.8695,7.6025
western_europe,2039.3,84.9456,7.6957,7.4979
western_europe,2039.4,85.2178,7.5251,7.3936
western_europe,2039.5,85.4865,7.3574,7.2897
western_europe,2039.6,85.7520,7.1929,7.1862
western_europe,2039.7,86.0140,7.0313,7.0830
western_europe,2039.8,86.2727,6.8726,6.9803
western_europe,2039.9,86.5280,6.7169,6.8780
western_europe,2040.0,86.7801,6.5641,6.7761
western_europe,2040.1,87.0287,6.4141,6.6748
western_europe,2040.2,87.2741,6.2669,6.5740
western_europe,2040.3,87.5162,6.1225,6.4738
western_europe,2040.4,87.7550,5.9809,6.3741
western_europe,2040.5,87.9906,5.8420,6.2750
western_europe,2040.6,88.2229,5.7057,6.1764
western_europe,2040.7,88.4519,5.5721,6.0786
western_europe,2040.8,88.6778,5.4410,5.9813
western_europe,2040.9,88.9004,5.3126,5.8848
western_europe,2041.0,89.1199,5.1866,5.7889
western_europe,2041.1,89.3362,5.0632,5.6937
western_europe,2041.2,89.5494,4.9422,5.5993
western_europe,2041.3,89.7594,4.8237,5.5056
western_europe,2041.4,89.9664,4.7075,5.4126
western_europe,2041.5,90.1702,4.5937,5.3204
western_europe,2041.6,90.3710,4.4822,5.2290
western_europe,2041.7,90.5687,4.3730,5.1384
western_europe,2041.8,90.7634,4.2660,5.0486
western_europe,2041.9,90.9552,4.1613,4.9596
western_europe,2042.0,91.1439,4.0587,4.8714
western_europe,2042.1,91.3297,3.9583,4.7841
western_europe,2042.2,91.5125,3.8600,4.6977
western_europe,2042.3,91.6925,3.7638,4.6121
western_europe,2042.4,91.8695,3.6696,4.5274
western_europe,2042.5,92.0437,3.5775,4.4436
western_europe,2042.6,92.2151,3.4873,4.3606
western_europe,2042.7,92.3836,3.3991,4.2786
western_europe,2042.8,92.5493,3.3128,4.1975
western_europe,2042.9,92.7123,3.2284,4.1173
western_europe,2043.0,92.8725,3.1458,4.0380
western_europe,2043.1,93.0301,3.0651,3.9596
western_europe,2043.2,93.1849,2.9861,3.8822
western_europe,2043.3,93.3371,2.9090,3.8057
western_europe,2043.4,93.4866,2.8335,3.7302
western_europe,2043.5,93.6335,2.7598,3.6556
western_europe,2043.6,93.7779,2.6877,3.5820
western_europe,2043.7,93.9196,2.6172,3.5093
western_europe,2043.8,94.0589,2.5484,3.4375
western_europe,2043.9,94.1956,2.4811,3.3668
western_europe,2044.0,94.3299,2.4154,3.2969
western_europe,2044.1,94.4617,2.3512,3.2281
western_europe,2044.2,94.5911,2.2885,3.1601
western_europe,2044.3,94.7182,2.2273,3.0932
western_europe,2044.4,94.8428,2.1675,3.0272
western_europe,2044.5,94.9651,2.1091,2.9622
western_europe,2044.6,95.0851,2.0521,2.8981
western_europe,2044.7,95.2028,1.9965,2.8349
western_europe,2044.8,95.3183,1.9422,2.7728
western_europe,2044.9,95.4315,1.8892,2.7115
western_europe,2045.0,95.5425,1.8375,2.6512
western_europe,2045.1,95.6514,1.7870,2.5919
western_europe,2045.2,95.7581,1.7378,2.5335
western_europe,2045.3,95.8627,1.6897,2.4760
western_europe,2045.4,95.9652,1.6429,2.4195
western_europe,2045.5,96.0657,1.5972,2.3639
western_europe,2045.6,96.1641,1.5526,2.3092
western_europe,2045.7,96.2605,1.5092,2.2554
western_europe,2045.8,96.3550,1.4668,2.2026
western_europe,2045.9,96.4475,1.4255,2.1506
western_europe,2046.0,96.5381,1.3852,2.0996
western_europe,2046.1,96.6267,1.3459,2.0494
western_europe,2046.2,96.7136,1.3077,2.0002
western_europe,2046.3,96.7986,1.2704,1.9518
western_europe,2046.4,96.8817,1.2341,1.9043
western_europe,2046.5,96.9631,1.1987,1.8577
western_europe,2046.6,97.0428,1.1642,1.8119
western_europe,2046.7,97.1207,1.1306,1.7669
western_europe,2046.8,97.1969,1.0979,1.7229
western_europe,2046.9,97.2714,1.0660,1.6796
western_europe,2047.0,97.3443,1.0350,1.6372
western_europe,2047.1,97.4156,1.0048,1.5956
western_europe,2047.2,97.4853,0.9754,1.5548
western_europe,2047.3,97.5534,0.9467,1.5149
western_europe,2047.4,97.6200,0.9189,1.4757
western_europe,2047.5,97.6850,0.8917,1.4373
western_europe,2047.6,97.7486,0.8653,1.3997
western_europe,2047.7,97.8107,0.8396,1.3628
western_europe,2047.8,97.8713,0.8146,1.3268
western_europe,2047.9,97.9306,0.7903,1.2914
western_europe,2048.0,97.9884,0.7666,1.2568
western_europe,2048.1,98.0449,0.7436,1.2230
western_europe,2048.2,98.1000,0.7212,1.1898
western_europe,2048.3,98.1538,0.6995,1.1574
western_europe,2048.4,98.2064,0.6783,1.1257
western_europe,2048.5,98.2576,0.6577,1.0947
western_europe,2048.6,98.3077,0.6377,1.0644
western_europe,2048.7,98.3564,0.6182,1.0347
western_europe,2048.8,98.4040,0.5993,1.0057
western_europe,2048.9,98.4505,0.5809,0.9774
western_europe,2049.0,98.4957,0.5631,0.9497
western_europe,2049.1,98.5399,0.5457,0.9226
western_europe,2049.2,98.5829,0.5288,0.8962
western_europe,2049.3,98.6248,0.5124,0.8704
western_europe,2049.4,98.6657,0.4965,0.8452
western_europe,2049.5,98.7055,0.4810,0.8206
western_europe,2049.6,98.7443,0.4660,0.7965
western_europe,2049.7,98.7821,0.4514,0.7731
western_europe,2049.8,98.8189,0.4373,0.7502
western_europe,2049.9,98.8548,0.4235,0.7279
western_europe,2050.0,98.8897,0.4101,0.7061
northern_europe,2015.0,2.6884,94.8113,2.5004
northern_europe,2015.1,2.8152,94.5803,2.6045
northern_europe,2015.2,2.9467,94.3412,2.7121
northern_europe,2015.3,3.0829,94.0939,2.8233
northern_europe,2015.4,3.2240,93.8380,2.9380
northern_europe,2015.5,3.3700,93.5736,3.0564
northern_europe,2015.6,3.5212,93.3003,3.1785
northern_europe,2015.7,3.6777,93.0179,3.3044
northern_europe,2015.8,3.8395,92.7264,3.4341
northern_europe,2015.9,4.0068,92.4255,3.5677
northern_europe,2016.0,4.1797,92.1151,3.7052
northern_europe,2016.1,4.3583,91.7950,3.8467
northern_europe,2016.2,4.5429,91.4650,3.9921
northern_europe,2016.3,4.7334,91.1251,4.1415
northern_europe,2016.4,4.9301,90.7749,4.2950
northern_europe,2016.5,5.1331,90.4145,4.4525
northern_europe,2016.6,5.3424,90.0435,4.6140
northern_europe,2016.7,5.5584,89.6620,4.7796
northern_europe,2016.8,5.7810,89.2698,4.9492
northern_europe,2016.9,6.0104,88.8668,5.1228
northern_europe,2017.0,6.2468,88.4528,5.3004
northern_europe,2017.1,6.5000,87.9740,5.5260
northern_europe,2017.2,6.7614,87.4987,5.7400
northern_europe,2017.3,7.0305,87.0166,5.9529
northern_europe,2017.4,7.3074,86.5261,6.1665
northern_europe,2017.5,7.5921,86.0262,6.3818
northern_europe,2017.6,7.8847,85.5164,6.5989
northern_europe,2017.7,8.1853,84.9965,6.8183
northern_europe,2017.8,8.4940,84.4661,7.0399
northern_europe,2017.9,8.8111,83.9251,7.2638
northern_europe,2018.0,9.1365,83.3734,7.4901
northern_europe,2018.1,9.4704,82.8108,7.7187
northern_europe,2018.2,9.8131,82.2373,7.9496
northern_europe,2018.3,10.1645,81.6529,8.1826
northern_europe,2018.4,10.5249,81.0574,8.4177
northern_europe,2018.5,10.8944,80.4509,8.6548
northern_europe,2018.6,11.2731,79.8333,8.8936
northern_europe,2018.7,11.6611,79.2047,9.1342
northern_europe,2018.8,12.0586,78.5652,9.3762
northern_europe,2018.9,12.4658,77.9147,9.6195
northern_europe,2019.0,12.8828,77.2534,9.8639
northern_europe,2019.1,13.3096,76.5812,10.1091
northern_europe,2019.2,13.7465,75.8984,10.3551
northern_europe,2019.3,14.1936,75.2049,10.6015
northern_europe,2019.4,14.6510,74.5009,10.8481
northern_europe,2019.5,15.1189,73.7866,11.0945
northern_europe,2019.6,15.5973,73.0620,11.3407
northern_europe,2019.7,16.0864,72.3274,11.5862
northern_europe,2019.8,16.5864,71.5829,11.8308
northern_europe,2019.9,17.0973,70.8286,12.0741
northern_europe,2020.0,17.6193,70.0647,12.3160
northern_europe,2020.1,18.1525,69.2916,12.5560
northern_europe,2020.2,18.6970,68.5092,12.7938
northern_europe,2020.3,19.2529,67.7180,13.0291
northern_europe,2020.4,19.8203,66.9181,13.2616
northern_europe,2020.5,20.3994,66.1098,13.4908
northern_europe,2020.6,20.9902,65.2933,13.7166
northern_europe,2020.7,21.5928,64.4688,13.9384
northern_europe,2020.8,22.2073,63.6368,14.1560
northern_europe,2020.9,22.8337,62.7974,14.3689
northern_europe,2021.0,23.4722,61.9509,14.5769
northern_europe,2021.1,24.1228,61.0977,14.7795
northern_europe,2021.2,24.7855,60.2381,14.9764
northern_europe,2021.3,25.4603,59.3724,15.1672
northern_europe,2021.4,26.1474,58.5009,15.3517
northern_europe,2021.5,26.8467,57.6240,15.5293
northern_europe,2021.6,27.5581,56.7421,15.6998
northern_europe,2021.7,28.2818,55.8554,15.8628
northern_europe,2021.8,29.0176,54.9644,16.0180
northern_europe,2021.9,29.7655,54.0694,16.1651
northern_europe,2022.0,30.5255,53.1708,16.3037
northern_europe,2022.1,31.2974,52.2690,16.4336
northern_europe,2022.2,32.0811,51.3644,16.5545
northern_europe,2022.3,32.8766,50.4574,16.6660
northern_europe,2022.4,33.6836,49.5484,16.7680
northern_europe,2022.5,34.5019,48.6378,16.8603
northern_europe,2022.6,35.3315,47.7260,16.9425
northern_europe,2022.7,36.1719,46.8135,17.0145
northern_europe,2022.8,37.0231,45.9007,17.0762
northern_europe,2022.9,37.8846,44.9880,17.1274
northern_europe,2023.0,38.7561,44.0759,17.1680
northern_europe,2023.1,39.6374,43.1648,17.1979
northern_europe,2023.2,40.5279,42.2551,17.2170
northern_europe,2023.3,41.4274,41.3472,17.2254
northern_europe,2023.4,42.3353,40.4417,17.2230
northern_europe,2023.5,43.2511,39.5390,17.2098
northern_europe,2023.6,44.1744,38.6396,17.1860
northern_europe,2023.7,45.1045,37.7438,17.1517
northern_europe,2023.8,46.0409,36.8521,17.1070
northern_europe,2023.9,46.9830,35.9650,17.0520
northern_europe,2024.0,47.9300,35.0830,16.9870
northern_europe,2024.1,48.8813,34.2064,16.9123
northern_europe,2024.2,49.8361,33.3358,16.8280
northern_europe,2024.3,50.7938,32.4716,16.7346
northern_europe,2024.4,51.7535,31.6142,16.6323
northern_europe,2024.5,52.7144,30.7640,16.5216
northern_europe,2024.6,53.6756,29.9216,16.4028
northern_europe,2024.7,54.6364,29.0872,16.2763
northern_europe,2024.8,55.5959,28.2614,16.1427
northern_europe,2024.9,56.5531,27.4446,16.0023
northern_europe,2025.0,57.5072,26.6371,15.8558
northern_europe,2025.1,58.4572,25.8393,15.7035
northern_europe,2025.2,59.4023,25.0518,15.5459
northern_europe,2025.3,60.3416,24.2747,15.3838
northern_europe,2025.4,61.2741,23.5085,15.2174
northern_europe,2025.5,62.1990,22.7535,15.0475
northern_europe,2025.6,63.1154,22.0102,14.8744
northern_europe,2025.7,64.0225,21.2787,14.6988
northern_europe,2025.8,64.9194,20.5595,14.5211
northern_europe,2025.9,65.8053,19.8528,14.3418
northern_europe,2026.0,66.6796,19.1589,14.1615
northern_europe,2026.1,67.5415,18.4781,13.9818
northern_europe,2026.2,68.3902,17.8107,13.9150
northern_europe,2026.3,69.2253,17.1567,13.8428
northern_europe,2026.4,70.0461,16.5166,13.7651
northern_europe,2026.5,70.8521,15.8904,13.6818
northern_europe,2026.6,71.6429,15.2784,13.5931
northern_europe,2026.7,72.4181,14.6807,13.4987
northern_europe,2026.8,73.1773,14.0974,13.3989
northern_europe,2026.9,73.9203,13.5286,13.2935
northern_europe,2027.0,74.6469,12.9745,13.1826
northern_europe,2027.1,75.3570,12.4352,13.0662
northern_europe,2027.2,76.0504,11.9105,12.9444
northern_europe,2027.3,76.7272,11.4007,12.8173
northern_europe,2027.4,77.3874,10.9057,12.6847
northern_europe,2027.5,78.0311,10.4255,12.5470
northern_europe,2027.6,78.6585,9.9601,12.4041
northern_europe,2027.7,79.2698,9.5094,12.2562
northern_europe,2027.8,79.8652,9.0733,12.1033
northern_europe,2027.9,80.4451,8.6517,11.9456
northern_europe,2028.0,81.0097,8.2446,11.7833
northern_europe,2028.1,81.5596,7.8518,11.6165
northern_europe,2028.2,82.0950,7.4731,11.4453
northern_europe,2028.3,82.6163,7.1084,11.2699
northern_europe,2028.4,83.1241,6.7574,11.0905
northern_europe,2028.5,83.6187,6.4201,10.9074
northern_europe,2028.6,84.1006,6.0961,10.7206
northern_europe,2028.7,84.5703,5.7853,10.5305
northern_europe,2028.8,85.0281,5.4873,10.3372
northern_europe,2028.9,85.4746,5.2020,10.1410
northern_europe,2029.0,85.9102,4.9290,9.9421
northern_europe,2029.1,86.3352,4.6681,9.7408
northern_europe,2029.2,86.7501,4.4189,9.5373
northern_europe,2029.3,87.1552,4.1813,9.3318
northern_europe,2029.4,87.5509,3.9548,9.1247
northern_europe,2029.5,87.9375,3.7392,8.9161
northern_europe,2029.6,88.3153,3.5341,8.7064
northern_europe,2029.7,88.6845,3.3392,8.4959
northern_europe,2029.8,89.0455,3.1542,8.2847
northern_europe,2029.9,89.3984,2.9787,8.0731
northern_europe,2030.0,89.7434,2.8125,7.8615
northern_europe,2030.1,90.0808,2.6551,7.6500
northern_europe,2030.2,90.4106,2.5063,7.4390
northern_europe,2030.3,90.7330,2.3657,7.2287
northern_europe,2030.4,91.0481,2.2330,7.0193
northern_europe,2030.5,91.3560,2.1078,6.8111
northern_europe,2030.6,91.6568,1.9899,6.6044
northern_europe,2030.7,91.9505,1.8790,6.3993
northern_europe,2030.8,92.2373,1.7746,6.1961
northern_europe,2030.9,92.5171,1.6765,5.9949
northern_europe,2031.0,92.7901,1.5844,5.7962
northern_europe,2031.1,93.0561,1.4981,5.5999
northern_europe,2031.2,93.3154,1.4171,5.4063
northern_europe,2031.3,93.5679,1.3413,5.2156
northern_europe,2031.4,93.8137,1.2704,5.0280
northern_europe,2031.5,94.0527,1.2040,4.8436
northern_europe,2031.6,94.2851,1.1420,4.6625
northern_europe,2031.7,94.5109,1.0841,4.4850
northern_europe,2031.8,94.7300,1.0301,4.3111
northern_europe,2031.9,94.9426,0.9797,4.1409
northern_europe,2032.0,95.1487,0.9328,3.9746
northern_europe,2032.1,95.3484,0.8890,3.8122
northern_europe,2032.2,95.5417,0.8483,3.6538
northern_europe,2032.3,95.7287,0.8104,3.4996
northern_europe,2032.4,95.9095,0.7751,3.3494
northern_europe,2032.5,96.0841,0.7423,3.2035
northern_europe,2032.6,96.2526,0.7118,3.0618
northern_europe,2032.7,96.4151,0.6834,2.9244
northern_europe,2032.8,96.5717,0.6571,2.7912
northern_europe,2032.9,96.7226,0.6326,2.6623
northern_europe,2033.0,96.8677,0.6098,2.5377
northern_europe,2033.1,97.0072,0.5886,2.4174
northern_europe,2033.2,97.1412,0.5689,2.3013
northern_europe,2033.3,97.2698,0.5506,2.1894
northern_europe,2033.4,97.3932,0.5336,2.0817
northern_europe,2033.5,97.5114,0.5177,1.9782
northern_europe,2033.6,97.6246,0.5030,1.8787
northern_europe,2033.7,97.7329,0.4892,1.7832
northern_europe,2033.8,97.8365,0.4764,1.6917
northern_europe,2033.9,97.9354,0.4644,1.6041
northern_europe,2034.0,98.0298,0.4533,1.5203
northern_europe,2034.1,98.1198,0.4428,1.4402
northern_europe,2034.2,98.2056,0.4331,1.3638
northern_europe,2034.3,98.2873,0.4239,1.2909
northern_europe,2034.4,98.3650,0.4153,1.2214
northern_europe,2034.5,98.4388,0.4073,1.1554
northern_europe,2034.6,98.5090,0.3997,1.0926
northern_europe,2034.7,98.5755,0.3925,1.0330
northern_europe,2034.8,98.6386,0.3858,0.9764
northern_europe,2034.9,98.6984,0.3794,0.9229
northern_europe,2035.0,98.7550,0.3734,0.8722
northern_europe,2035.1,98.8086,0.3677,0.8242
northern_europe,2035.2,98.8592,0.3623,0.7789
northern_europe,2035.3,98.9070,0.3571,0.7362
northern_europe,2035.4,98.9522,0.3522,0.6959
northern_europe,2035.5,98.9947,0.3476,0.6579
northern_europe,2035.6,99.0349,0.3431,0.6222
northern_europe,2035.7,99.0727,0.3388,0.5887
northern_europe,2035.8,99.1082,0.3347,0.5572
northern_europe,2035.9,99.1417,0.3308,0.5276
northern_europe,2036.0,99.1731,0.3270,0.5000
northern_europe,2036.1,99.2027,0.3233,0.4740
northern_europe,2036.2,99.2305,0.3198,0.4498
northern_europe,2036.3,99.2565,0.3164,0.4271
northern_europe,2036.4,99.2809,0.3131,0.4060
northern_europe,2036.5,99.3039,0.3099,0.3862
northern_europe,2036.6,99.3253,0.3068,0.3678
northern_europe,2036.7,99.3455,0.3038,0.3507
northern_europe,2036.8,99.3643,0.3009,0.3348
northern_europe,2036.9,99.3820,0.2981,0.3199
northern_europe,2037.0,99.3986,0.2953,0.3061
northern_europe,2037.1,99.4141,0.2926,0.2933
northern_europe,2037.2,99.4286,0.2900,0.2815
northern_europe,2037.3,99.4422,0.2874,0.2704
northern_europe,2037.4,99.4549,0.2848,0.2602
northern_europe,2037.5,99.4669,0.2824,0.2508
northern_europe,2037.6,99.4781,0.2799,0.2420
northern_europe,2037.7,99.4886,0.2775,0.2338
northern_europe,2037.8,99.4985,0.2752,0.2263
northern_europe,2037.9,99.5078,0.2729,0.2193
northern_europe,2038.0,99.5165,0.2706,0.2129
northern_europe,2038.1,99.5247,0.2684,0.2069
northern_europe,2038.2,99.5325,0.2662,0.2013
northern_europe,2038.3,99.5398,0.2640,0.1962
northern_europe,2038.4,99.5467,0.2619,0.1914
northern_europe,2038.5,99.5532,0.2598,0.1870
northern_europe,2038.6,99.5594,0.2577,0.1829
northern_europe,2038.7,99.5653,0.2557,0.1790
northern_europe,2038.8,99.5709,0.2537,0.1755
northern_europe,2038.9,99.5762,0.2517,0.1721
northern_europe,2039.0,99.5812,0.2497,0.1690
northern_europe,2039.1,99.5861,0.2478,0.1661
northern_europe,2039.2,99.5907,0.2458,0.1634
northern_europe,2039.3,99.5952,0.2439,0.1609
northern_europe,2039.4,99.5995,0.2421,0.1584
northern_europe,2039.5,99.6036,0.2402,0.1562
northern_europe,2039.6,99.6076,0.2384,0.1540
northern_europe,2039.7,99.6115,0.2365,0.1520
northern_europe,2039.8,99.6152,0.2347,0.1501
northern_europe,2039.9,99.6188,0.2329,0.1482
northern_europe,2040.0,99.6224,0.2312,0.1465
northern_europe,2040.1,99.6258,0.2294,0.1448
northern_europe,2040.2,99.6291,0.2277,0.1432
northern_europe,2040.3,99.6324,0.2260,0.1416
northern_europe,2040.4,99.6356,0.2243,0.1401
northern_europe,2040.5,99.6387,0.2226,0.1387
northern_europe,2040.6,99.6418,0.2209,0.1373
northern_europe,2040.7,99.6448,0.2192,0.1359
northern_europe,2040.8,99.6478,0.2176,0.1346
northern_europe,2040.9,99.6507,0.2160,0.1333
northern_europe,2041.0,99.6536,0.2144,0.1321
northern_europe,2041.1,99.6564,0.2128,0.1308
northern_europe,2041.2,99.6592,0.2112,0.1296
northern_europe,2041.3,99.6620,0.2096,0.1284
northern_europe,2041.4,99.6647,0.2080,0.1273
northern_europe,2041.5,99.6674,0.2065,0.1261
northern_europe,2041.6,99.6701,0.2050,0.1250
northern_europe,2041.7,99.6727,0.2034,0.1239
northern_europe,2041.8,99.6753,0.2019,0.1228
northern_europe,2041.9,99.6779,0.2004,0.1217
northern_europe,2042.0,99.6805,0.1990,0.1206
northern_europe,2042.1,99.6830,0.1975,0.1195
northern_europe,2042.2,99.6855,0.1960,0.1185
northern_europe,2042.3,99.6880,0.1946,0.1174
northern_europe,2042.4,99.6905,0.1932,0.1164
northern_europe,2042.5,99.6929,0.1917,0.1154
northern_europe,2042.6,99.6953,0.1903,0.1144
northern_europe,2042.7,99.6977,0.1889,0.1134
northern_europe,2042.8,99.7001,0.1875,0.1124
northern_europe,2042.9,99.7025,0.1862,0.1114
northern_europe,2043.0,99.7048,0.1848,0.1104
northern_europe,2043.1,99.7071,0.1834,0.1094
northern_europe,2043.2,99.7094,0.1821,0.1085
northern_europe,2043.3,99.7117,0.1808,0.1075
northern_europe,2043.4,99.7140,0.1794,0.1065
northern_europe,2043.5,99.7163,0.1781,0.1056
northern_europe,2043.6,99.7185,0.1768,0.1047
northern_europe,2043.7,99.7207,0.1755,0.1037
northern_europe,2043.8,99.7229,0.1743,0.1028
northern_europe,2043.9,99.7251,0.1730,0.1019
northern_europe,2044.0,99.7273,0.1717,0.1010
northern_europe,2044.1,99.7294,0.1705,0.1001
northern_europe,2044.2,99.7316,0.1693,0.0992
northern_europe,2044.3,99.7337,0.1680,0.0983
northern_europe,2044.4,99.7358,0.1668,0.0974
northern_europe,2044.5,99.7379,0.1656,0.0965
northern_europe,2044.6,99.7399,0.1644,0.0957
northern_europe,2044.7,99.7420,0.1632,0.0948
northern_europe,2044.8,99.7440,0.1620,0.0939
northern_europe,2044.9,99.7461,0.1609,0.0931
northern_europe,2045.0,99.7481,0.1597,0.0922
northern_europe,2045.1,99.7501,0.1585,0.0914
northern_europe,2045.2,99.7520,0.1574,0.0906
northern_europe,2045.3,99.7540,0.1563,0.0897
northern_europe,2045.4,99.7559,0.1551,0.0889
northern_europe,2045.5,99.7579,0.1540,0.0881
northern_europe,2045.6,99.7598,0.1529,0.0873
northern_europe,2045.7,99.7617,0.1518,0.0865
northern_europe,2045.8,99.7636,0.1507,0.0857
northern_europe,2045.9,99.7655,0.1496,0.0849
northern_europe,2046.0,99.7673,0.1486,0.0841
northern_europe,2046.1,99.7692,0.1475,0.0833
northern_europe,2046.2,99.7710,0.1464,0.0826
northern_europe,2046.3,99.7728,0.1454,0.0818
northern_europe,2046.4,99.7746,0.1444,0.0810
northern_europe,2046.5,99.7764,0.1433,0.0803
northern_europe,2046.6,99.7782,0.1423,0.0795
northern_europe,2046.7,99.7799,0.1413,0.0788
northern_europe,2046.8,99.7817,0.1403,0.0780
northern_europe,2046.9,99.7834,0.1393,0.0773
northern_europe,2047.0,99.7851,0.1383,0.0766
northern_europe,2047.1,99.7868,0.1373,0.0759
northern_europe,2047.2,99.7885,0.1363,0.0751
northern_europe,2047.3,99.7902,0.1354,0.0744
northern_europe,2047.4,99.7919,0.1344,0.0737
northern_europe,2047.5,99.7935,0.1334,0.0730
northern_europe,2047.6,99.7952,0.1325,0.0723
northern_europe,2047.7,99.7968,0.1315,0.0716
northern_europe,2047.8,99.7984,0.1306,0.0709
northern_europe,2047.9,99.8000,0.1297,0.0703
northern_europe,2048.0,99.8016,0.1288,0.0696
northern_europe,2048.1,99.8032,0.1279,0.0689
northern_europe,2048.2,99.8048,0.1270,0.0683
northern_europe,2048.3,99.8063,0.1261,0.0676
northern_europe,2048.4,99.8079,0.1252,0.0669
northern_europe,2048.5,99.8094,0.1243,0.0663
northern_europe,2048.6,99.8109,0.1234,0.0657
northern_europe,2048.7,99.8124,0.1225,0.0650
northern_europe,2048.8,99.8139,0.1217,0.0644
northern_europe,2048.9,99.8154,0.1208,0.0638
northern_europe,2049.0,99.8169,0.1200,0.0631
northern_europe,2049.1,99.8184,0.1191,0.0625
northern_europe,2049.2,99.8198,0.1183,0.0619
northern_europe,2049.3,99.8212,0.1175,0.0613
northern_europe,2049.4,99.8227,0.1166,0.0607
northern_europe,2049.5,99.8241,0.1158,0.0601
northern_europe,2049.6,99.8255,0.1150,0.0595
northern_europe,2049.7,99.8269,0.1142,0.0589
northern_europe,2049.8,99.8283,0.1134,0.0583
northern_europe,2049.9,99.8297,0.1126,0.0577
northern_europe,2050.0,99.8310,0.1118,0.0572
southern_europe,2015.0,0.0464,99.8914,0.0622
southern_europe,2015.1,0.0523,99.8780,0.0697
southern_europe,2015.2,0.0589,99.8632,0.0779
southern_europe,2015.3,0.0661,99.8469,0.0870
southern_europe,2015.4,0.0740,99.8290,0.0970
southern_europe,2015.5,0.0827,99.8095,0.1078
southern_europe,2015.6,0.0921,99.7883,0.1196
southern_europe,2015.7,0.1023,99.7653,0.1323
southern_europe,2015.8,0.1134,99.7406,0.1460
southern_europe,2015.9,0.1253,99.7140,0.1607
southern_europe,2016.0,0.1381,99.6854,0.1765
southern_europe,2016.1,0.1518,99.6549,0.1933
southern_europe,2016.2,0.1664,99.6224,0.2112
southern_europe,2016.3,0.1820,99.5878,0.2302
southern_europe,2016.4,0.1986,99.5511,0.2503
southern_europe,2016.5,0.2162,99.5122,0.2716
southern_europe,2016.6,0.2348,99.4711,0.2941
southern_europe,2016.7,0.2545,99.4277,0.3179
southern_europe,2016.8,0.2752,99.3820,0.3428
southern_europe,2016.9,0.2971,99.3339,0.3691
southern_europe,2017.0,0.3201,99.2833,0.3966
southern_europe,2017.1,0.3442,99.2303,0.4254
southern_europe,2017.2,0.3696,99.1748,0.4556
southern_europe,2017.3,0.3961,99.1167,0.4871
southern_europe,2017.4,0.4239,99.0560,0.5200
southern_europe,2017.5,0.4530,98.9927,0.5543
southern_europe,2017.6,0.4833,98.9267,0.5901
southern_europe,2017.7,0.5149,98.8579,0.6272
southern_europe,2017.8,0.5478,98.7863,0.6659
southern_europe,2017.9,0.5821,98.7120,0.7060
southern_europe,2018.0,0.6177,98.6347,0.7476
southern_europe,2018.1,0.6548,98.5545,0.7907
southern_europe,2018.2,0.6932,98.4714,0.8354
southern_europe,2018.3,0.7331,98.3853,0.8816
southern_europe,2018.4,0.7744,98.2962,0.9294
southern_europe,2018.5,0.8172,98.2040,0.9788
southern_europe,2018.6,0.8616,98.1087,1.0297
southern_europe,2018.7,0.9074,98.0103,1.0823
southern_europe,2018.8,0.9548,97.9086,1.1366
southern_europe,2018.9,1.0037,97.8038,1.1925
southern_europe,2019.0,1.0543,97.6957,1.2500
southern_europe,2019.1,1.1064,97.5843,1.3093
southern_europe,2019.2,1.1602,97.4696,1.3702
southern_europe,2019.3,1.2157,97.3514,1.4329
southern_europe,2019.4,1.2728,97.2298,1.4974
southern_europe,2019.5,1.3317,97.1048,1.5635
southern_europe,2019.6,1.3923,96.9762,1.6315
southern_europe,2019.7,1.4546,96.8442,1.7012
southern_europe,2019.8,1.5187,96.7086,1.7726
southern_europe,2019.9,1.5846,96.5695,1.8459
southern_europe,2020.0,1.6523,96.4267,1.9209
southern_europe,2020.1,1.7219,96.2804,1.9978
southern_europe,2020.2,1.7933,96.1303,2.0764
southern_europe,2020.3,1.8665,95.9767,2.1568
southern_europe,2020.4,1.9416,95.8193,2.2391
southern_europe,2020.5,2.0186,95.6582,2.3232
southern_europe,2020.6,2.0976,95.4933,2.4091
southern_europe,2020.7,2.1785,95.3247,2.4968
southern_europe,2020.8,2.2613,95.1523,2.5864
southern_europe,2020.9,2.3461,94.9762,2.6777
southern_europe,2021.0,2.4329,94.7962,2.7709
southern_europe,2021.1,2.5248,94.5712,2.9040
southern_europe,2021.2,2.6182,94.3775,3.0043
southern_europe,2021.3,2.7135,94.1821,3.1044
southern_europe,2021.4,2.8107,93.9838,3.2055
southern_europe,2021.5,2.9099,93.7822,3.3080
southern_europe,2021.6,3.0110,93.5770,3.4120
southern_europe,2021.7,3.1142,93.3682,3.5176
southern_europe,2021.8,3.2195,93.1556,3.6249
southern_europe,2021.9,3.3268,92.9393,3.7339
southern_europe,2022.0,3.4363,92.7191,3.8446
southern_europe,2022.1,3.5478,92.4951,3.9571
southern_europe,2022.2,3.6615,92.2673,4.0713
southern_europe,2022.3,3.7773,92.0355,4.1872
southern_europe,2022.4,3.8952,91.7999,4.3049
southern_europe,2022.5,4.0154,91.5604,4.4243
southern_europe,2022.6,4.1377,91.3169,4.5454
southern_europe,2022.7,4.2622,91.0696,4.6682
southern_europe,2022.8,4.3889,90.8183,4.7928
southern_europe,2022.9,4.5179,90.5632,4.9190
southern_europe,2023.0,4.6490,90.3041,5.0469
southern_europe,2023.1,4.7824,90.0411,5.1765
southern_europe,2023.2,4.9181,89.7741,5.3077
southern_europe,2023.3,5.0561,89.5033,5.4406
southern_europe,2023.4,5.1963,89.2286,5.5751
southern_europe,2023.5,5.3387,88.9500,5.7112
southern_europe,2023.6,5.4835,88.6676,5.8489
southern_europe,2023.7,5.6306,88.3813,5.9881
southern_europe,2023.8,5.7800,88.0911,6.1289
southern_europe,2023.9,5.9317,87.7971,6.2712
southern_europe,2024.0,6.0857,87.4993,6.4150
southern_europe,2024.1,6.2420,87.1977,6.5603
southern_europe,2024.2,6.4007,86.8923,6.7070
southern_europe,2024.3,6.5617,86.5832,6.8551
southern_europe,2024.4,6.7250,86.2704,7.0047
southern_europe,2024.5,6.8907,85.9538,7.1555
southern_europe,2024.6,7.0587,85.6335,7.3078
southern_europe,2024.7,7.2291,85.3096,7.4613
southern_europe,2024.8,7.4018,84.9821,7.6161
southern_europe,2024.9,7.5769,84.6509,7.7722
southern_europe,2025.0,7.7543,84.3162,7.9295
southern_europe,2025.1,7.9341,83.9779,8.0880
southern_europe,2025.2,8.1163,83.6361,8.2476
southern_europe,2025.3,8.3008,83.2909,8.4083
southern_europe,2025.4,8.4877,82.9422,8.5701
southern_europe,2025.5,8.6769,82.5901,8.7330
southern_europe,2025.6,8.8685,82.2347,8.8969
southern_europe,2025.7,9.0624,81.8759,9.0617
southern_europe,2025.8,9.2587,81.5138,9.2275
southern_europe,2025.9,9.4573,81.1485,9.3942
southern_europe,2026.0,9.6582,80.7800,9.5617
southern_europe,2026.1,9.8615,80.4084,9.7301
southern_europe,2026.2,10.0672,80.0336,9.8993
southern_europe,2026.3,10.2751,79.6557,10.0692
southern_europe,2026.4,10.4854,79.2749,10.2397
southern_europe,2026.5,10.6980,78.8910,10.4110
southern_europe,2026.6,10.9129,78.5043,10.5828
southern_europe,2026.7,11.1301,78.1147,10.7554
southern_europe,2026.8,11.3495,77.7222,10.9291
southern_europe,2026.9,11.5713,77.3270,11.1033
southern_europe,2027.0,11.7953,76.9291,11.2780
southern_europe,2027.1,12.0216,76.5285,11.4530
southern_europe,2027.2,12.2502,76.1254,11.6284
southern_europe,2027.3,12.4809,75.7196,11.8041
southern_europe,2027.4,12.7139,75.3114,11.9800
southern_europe,2027.5,12.9492,74.9008,12.1561
southern_europe,2027.6,13.1866,74.4878,12.3324
southern_europe,2027.7,13.4262,74.0725,12.5089
southern_europe,2027.8,13.6680,73.6549,12.6854
southern_europe,2027.9,13.9119,73.2351,12.8619
southern_europe,2028.0,14.1580,72.8132,13.0384
southern_europe,2028.1,14.4062,72.3893,13.2148
southern_europe,2028.2,14.6565,71.9633,13.3911
southern_europe,2028.3,14.9089,71.5354,13.5672
southern_europe,2028.4,15.1634,71.1057,13.7432
southern_europe,2028.5,15.4200,70.6741,13.9189
southern_europe,2028.6,15.6786,70.2408,14.0942
southern_europe,2028.7,15.9392,69.8058,14.2692
southern_europe,2028.8,16.2018,69.3692,14.4438
southern_europe,2028.9,16.4664,68.9311,14.6180
southern_europe,2029.0,16.7330,68.4915,14.7917
southern_europe,2029.1,17.0015,68.0505,14.9648
southern_europe,2029.2,17.2720,67.6081,15.1374
southern_europe,2029.3,17.5443,67.1645,15.3093
southern_europe,2029.4,17.8185,66.7197,15.4805
southern_europe,2029.5,18.0945,66.2738,15.6510
southern_europe,2029.6,18.3724,65.8267,15.8207
southern_europe,2029.7,18.6521,65.3787,15.9896
southern_europe,2029.8,18.9336,64.9298,16.1577
southern_europe,2029.9,19.2168,64.4800,16.3248
southern_europe,2030.0,19.5018,64.0294,16.4910
southern_europe,2030.1,19.7885,63.5782,16.6562
southern_europe,2030.2,20.0768,63.1262,16.8203
southern_europe,2030.3,20.3668,62.6737,16.9834
southern_europe,2030.4,20.6585,62.2207,17.1453
southern_europe,2030.5,20.9517,61.7672,17.3061
southern_europe,2030.6,21.2465,61.3134,17.4657
southern_europe,2030.7,21.5429,60.8592,17.6240
southern_europe,2030.8,21.8408,60.4049,17.7811
southern_europe,2030.9,22.1402,59.9503,17.9368
southern_europe,2031.0,22.4410,59.4957,18.0911
southern_europe,2031.1,22.7433,59.0410,18.2440
southern_europe,2031.2,23.0470,58.5863,18.3955
southern_europe,2031.3,23.3520,58.1318,18.5455
southern_europe,2031.4,23.6584,57.6774,18.6940
southern_europe,2031.5,23.9662,57.2233,18.8410
southern_europe,2031.6,24.2752,56.7694,18.9863
southern_europe,2031.7,24.5854,56.3159,19.1300
southern_europe,2031.8,24.8969,55.8628,19.2721
southern_europe,2031.9,25.2096,55.4102,19.4125
southern_europe,2032.0,25.5235,54.9582,19.5512
southern_europe,2032.1,25.8385,54.5067,19.6881
southern_europe,2032.2,26.1546,54.0560,19.8232
southern_europe,2032.3,26.4718,53.6059,19.9566
southern_europe,2032.4,26.7900,53.1567,20.0881
southern_europe,2032.5,27.1093,52.7083,20.2177
southern_europe,2032.6,27.4295,52.2608,20.3454
southern_europe,2032.7,27.7507,51.8142,20.4712
southern_europe,2032.8,28.0728,51.3687,20.5951
southern_europe,2032.9,28.3958,50.9243,20.7170
southern_europe,2033.0,28.7196,50.4810,20.8369
southern_europe,2033.1,29.0443,50.0388,20.9548
southern_europe,2033.2,29.3698,49.5979,21.0707
southern_europe,2033.3,29.6960,49.1583,21.1845
southern_europe,2033.4,30.0230,48.7201,21.2962
southern_europe,2033.5,30.3507,48.2832,21.4058
southern_europe,2033.6,30.6790,47.8477,21.5134
southern_europe,2033.7,31.0080,47.4138,21.6187
southern_europe,2033.8,31.3376,46.9813,21.7220
southern_europe,2033.9,31.6678,46.5505,21.8231
southern_europe,2034.0,31.9986,46.1213,21.9219
southern_europe,2034.1,32.3299,45.6937,22.0187
southern_europe,2034.2,32.6616,45.2678,22.1131
southern_europe,2034.3,32.9938,44.8437,22.2054
southern_europe,2034.4,33.3265,44.4214,22.2955
southern_europe,2034.5,33.6596,44.0010,22.3833
southern_europe,2034.6,33.9930,43.5823,22.4688
southern_europe,2034.7,34.3268,43.1657,22.5521
southern_europe,2034.8,34.6609,42.7509,22.6332
southern_europe,2034.9,34.9953,42.3381,22.7119
southern_europe,2035.0,35.3299,41.9274,22.7884
southern_europe,2035.1,35.6648,41.5187,22.8626
southern_europe,2035.2,35.9999,41.1121,22.9345
southern_europe,2035.3,36.3351,40.7076,23.0041
southern_europe,2035.4,36.6705,40.3052,23.0714
southern_europe,2035.5,37.0061,39.9051,23.1364
southern_europe,2035.6,37.3417,39.5071,23.1991
southern_europe,2035.7,37.6774,39.1113,23.2595
southern_europe,2035.8,38.0132,38.7179,23.3176
southern_europe,2035.9,38.3489,38.3267,23.3734
southern_europe,2036.0,38.6847,37.9378,23.4268
southern_europe,2036.1,39.0204,37.5512,23.4780
southern_europe,2036.2,39.3561,37.1670,23.5268
southern_europe,2036.3,39.6917,36.7852,23.5734
southern_europe,2036.4,40.0272,36.4058,23.6177
southern_europe,2036.5,40.3626,36.0288,23.6596
southern_europe,2036.6,40.6978,35.6542,23.6993
southern_europe,2036.7,41.0328,35.2821,23.7367
southern_europe,2036.8,41.3677,34.9125,23.7718
southern_europe,2036.9,41.7023,34.5453,23.8047
southern_europe,2037.0,42.0367,34.1807,23.8352
southern_europe,2037.1,42.3708,33.8185,23.8636
southern_europe,2037.2,42.7047,33.4589,23.8896
southern_europe,2037.3,43.0382,33.1019,23.9135
southern_europe,2037.4,43.3714,32.7474,23.9351
southern_europe,2037.5,43.7043,32.3955,23.9544
southern_europe,2037.6,44.0367,32.0461,23.9716
southern_europe,2037.7,44.3689,31.6993,23.9865
southern_europe,2037.8,44.7006,31.3552,23.9993
southern_europe,2037.9,45.0318,31.0136,24.0099
southern_europe,2038.0,45.3627,30.6746,24.0183
southern_europe,2038.1,45.6930,30.3383,24.0246
southern_europe,2038.2,46.0229,30.0046,24.0287
southern_europe,2038.3,46.3523,29.6735,24.0307
southern_europe,2038.4,46.6812,29.3450,24.0306
southern_europe,2038.5,47.0095,29.0192,24.0283
southern_europe,2038.6,47.3373,28.6960,24.0240
southern_europe,2038.7,47.6646,28.3754,24.0176
southern_europe,2038.8,47.9912,28.0575,24.0092
southern_europe,2038.9,48.3172,27.7422,23.9987
southern_europe,2039.0,48.6427,27.4296,23.9862
southern_europe,2039.1,48.9674,27.1196,23.9717
southern_europe,2039.2,49.2916,26.8122,23.9552
southern_europe,2039.3,49.6151,26.5075,23.9367
southern_europe,2039.4,49.9379,26.2054,23.9162
southern_europe,2039.5,50.2600,25.9059,23.8938
southern_europe,2039.6,50.5814,25.6090,23.8695
southern_europe,2039.7,50.9021,25.3148,23.8433
southern_europe,2039.8,51.2220,25.0232,23.8153
southern_europe,2039.9,51.5412,24.7342,23.7853
southern_europe,2040.0,51.8596,24.4478,23.7535
southern_europe,2040.1,52.1773,24.1640,23.7199
southern_europe,2040.2,52.4941,23.8828,23.6845
southern_europe,2040.3,52.8102,23.6042,23.6473
southern_europe,2040.4,53.1254,23.3282,23.6083
southern_europe,2040.5,53.4398,23.0547,23.5676
southern_europe,2040.6,53.7534,22.7838,23.5252
southern_europe,2040.7,54.0661,22.5154,23.4811
southern_europe,2040.8,54.3780,22.2496,23.4353
southern_europe,2040.9,54.6890,21.9863,23.3878
southern_europe,2041.0,54.9990,21.7255,23.3387
southern_europe,2041.1,55.3082,21.4673,23.2880
southern_europe,2041.2,55.6165,21.2115,23.2358
southern_europe,2041.3,55.9238,20.9582,23.1819
southern_europe,2041.4,56.2302,20.7074,23.1265
southern_europe,2041.5,56.5356,20.4591,23.0697
southern_europe,2041.6,56.8401,20.2132,23.0113
southern_europe,2041.7,57.1437,19.9697,22.9514
southern_europe,2041.8,57.4462,19.7287,22.8901
southern_europe,2041.9,57.7477,19.4901,22.8274
southern_europe,2042.0,58.0483,19.2539,22.7633
southern_europe,2042.1,58.3478,19.0200,22.6978
southern_europe,2042.2,58.6463,18.7886,22.6310
southern_europe,2042.3,58.9438,18.5595,22.5628
southern_europe,2042.4,59.2402,18.3327,22.4934
southern_europe,2042.5,59.5355,18.1082,22.4226
southern_europe,2042.6,59.8298,17.8861,22.3507
southern_europe,2042.7,60.1231,17.6663,22.2775
southern_europe,2042.8,60.4152,17.4487,22.2031
southern_europe,2042.9,60.7063,17.2334,22.1276
southern_europe,2043.0,60.9962,17.0203,22.0509
southern_europe,2043.1,61.2850,16.8095,21.9730
southern_europe,2043.2,61.5727,16.6009,21.8941
southern_europe,2043.3,61.8593,16.3945,21.8142
southern_europe,2043.4,62.1447,16.1902,21.7331
southern_europe,2043.5,62.4290,15.9882,21.6511
southern_europe,2043.6,62.7122,15.7883,21.5681
southern_europe,2043.7,62.9941,15.5905,21.4841
southern_europe,2043.8,63.2749,15.3948,21.3991
southern_europe,2043.9,63.5545,15.2012,21.3133
southern_europe,2044.0,63.8329,15.0097,21.2265
southern_europe,2044.1,64.1101,14.8203,21.1389
southern_europe,2044.2,64.3861,14.6329,21.0505
southern_europe,2044.3,64.6609,14.4475,20.9612
southern_europe,2044.4,64.9345,14.2642,20.8712
southern_europe,2044.5,65.2068,14.0828,20.7804
southern_europe,2044.6,65.4779,13.9035,20.6888
southern_europe,2044.7,65.7478,13.7260,20.5966
southern_europe,2044.8,66.0164,13.5506,20.5036
southern_europe,2044.9,66.2837,13.3770,20.4100
southern_europe,2045.0,66.5498,13.2054,20.3157
southern_europe,2045.1,66.8146,13.0356,20.2208
southern_europe,2045.2,67.0781,12.8677,20.1253
southern_europe,2045.3,67.3403,12.7017,20.0293
southern_europe,2045.4,67.6012,12.5375,19.9327
southern_europe,2045.5,67.8609,12.3751,19.8356
southern_europe,2045.6,68.1192,12.2146,19.7380
southern_europe,2045.7,68.3762,12.0558,19.6399
southern_europe,2045.8,68.6319,11.8988,19.5413
southern_europe,2045.9,68.8863,11.7435,19.4424
southern_europe,2046.0,69.1394,11.5900,19.3430
southern_europe,2046.1,69.3911,11.4382,19.2432
southern_europe,2046.2,69.6415,11.2881,19.1430
southern_europe,2046.3,69.8905,11.1397,19.0425
southern_europe,2046.4,70.1382,10.9929,18.9417
southern_europe,2046.5,70.3846,10.8478,18.8406
southern_europe,2046.6,70.6296,10.7044,18.7392
southern_europe,2046.7,70.8732,10.5626,18.6375
southern_europe,2046.8,71.1155,10.4223,18.5356
southern_europe,2046.9,71.3564,10.2837,18.4335
southern_europe,2047.0,71.5960,10.1466,18.3311
southern_europe,2047.1,71.8342,10.0111,18.2286
southern_europe,2047.2,72.0710,9.8771,18.1259
southern_europe,2047.3,72.3064,9.7447,18.0231
southern_europe,2047.4,72.5404,9.6137,17.9201
southern_europe,2047.5,72.7731,9.4843,17.8170
southern_europe,2047.6,73.0044,9.3563,17.7138
southern_europe,2047.7,73.2343,9.2298,17.6105
southern_europe,2047.8,73.4628,9.1048,17.5072
southern_europe,2047.9,73.6899,8.9811,17.4038
southern_europe,2048.0,73.9156,8.8590,17.3004
southern_europe,2048.1,74.1399,8.7382,17.1970
southern_europe,2048.2,74.3629,8.6188,17.0936
southern_europe,2048.3,74.5844,8.5007,16.9902
southern_europe,2048.4,74.8046,8.3841,16.8868
southern_europe,2048.5,75.0233,8.2688,16.7835
southern_europe,2048.6,75.2407,8.1548,16.6802
southern_europe,2048.7,75.4567,8.0422,16.5770
southern_europe,2048.8,75.6712,7.9308,16.4739
southern_europe,2048.9,75.8844,7.8208,16.3708
southern_europe,2049.0,76.0962,7.7120,16.2679
southern_europe,2049.1,76.3066,7.6045,16.1651
southern_europe,2049.2,76.5156,7.4983,16.0625
southern_europe,2049.3,76.7232,7.3933,15.9599
southern_europe,2049.4,76.9294,7.2896,15.8576
southern_europe,2049.5,77.1342,7.1870,15.7554
southern_europe,2049.6,77.3377,7.0857,15.6534
southern_europe,2049.7,77.5397,6.9856,15.5516
southern_europe,2049.8,77.7404,6.8866,15.4499
southern_europe,2049.9,77.9397,6.7888,15.3485
southern_europe,2050.0,78.1376,6.6922,15.2473
eastern_europe,2015.0,0.0557,99.9303,0.0155
eastern_europe,2015.1,0.0597,99.9254,0.0166
eastern_europe,2015.2,0.0639,99.9203,0.0178
eastern_europe,2015.3,0.0683,99.9149,0.0191
eastern_europe,2015.4,0.0730,99.9091,0.0204
eastern_europe,2015.5,0.0780,99.9030,0.0218
eastern_europe,2015.6,0.0832,99.8965,0.0234
eastern_europe,2015.7,0.0888,99.8896,0.0250
eastern_europe,2015.8,0.0946,99.8823,0.0267
eastern_europe,2015.9,0.1007,99.8746,0.0286
eastern_europe,2016.0,0.1071,99.8665,0.0305
eastern_europe,2016.1,0.1139,99.8579,0.0327
eastern_europe,2016.2,0.1212,99.8488,0.0349
eastern_europe,2016.3,0.1288,99.8392,0.0373
eastern_europe,2016.4,0.1369,99.8291,0.0398
eastern_europe,2016.5,0.1454,99.8185,0.0425
eastern_europe,2016.6,0.1544,99.8072,0.0454
eastern_europe,2016.7,0.1638,99.7953,0.0484
eastern_europe,2016.8,0.1737,99.7828,0.0517
eastern_europe,2016.9,0.1841,99.7696,0.0551
eastern_europe,2017.0,0.1950,99.7558,0.0587
eastern_europe,2017.1,0.2075,99.7386,0.0642
eastern_europe,2017.2,0.2216,99.7185,0.0709
eastern_europe,2017.3,0.2369,99.6964,0.0785
eastern_europe,2017.4,0.2534,99.6722,0.0870
eastern_europe,2017.5,0.2710,99.6463,0.0961
eastern_europe,2017.6,0.2896,99.6185,0.1059
eastern_europe,2017.7,0.3094,99.5890,0.1164
eastern_europe,2017.8,0.3302,99.5578,0.1275
eastern_europe,2017.9,0.3520,99.5248,0.1392
eastern_europe,2018.0,0.3749,99.4902,0.1515
eastern_europe,2018.1,0.4221,99.4522,0.1644
eastern_europe,2018.2,0.4546,99.4120,0.1780
eastern_europe,2018.3,0.4862,99.3698,0.1921
eastern_europe,2018.4,0.5177,99.3256,0.2069
eastern_europe,2018.5,0.5498,99.2794,0.2223
eastern_europe,2018.6,0.5824,99.2313,0.2383
eastern_europe,2018.7,0.6159,99.1812,0.2549
eastern_europe,2018.8,0.6501,99.1291,0.2722
eastern_europe,2018.9,0.6853,99.0750,0.2902
eastern_europe,2019.0,0.7215,99.0189,0.3088
eastern_europe,2019.1,0.7587,98.9608,0.3282
eastern_europe,2019.2,0.7969,98.9006,0.3482
eastern_europe,2019.3,0.8362,98.8383,0.3689
eastern_europe,2019.4,0.8765,98.7738,0.3904
eastern_europe,2019.5,0.9181,98.7072,0.4126
eastern_europe,2019.6,0.9607,98.6384,0.4355
eastern_europe,2019.7,1.0046,98.5673,0.4593
eastern_europe,2019.8,1.0496,98.4940,0.4842
eastern_europe,2019.9,1.0959,98.4183,0.5101
eastern_europe,2020.0,1.1434,98.3402,0.5375
eastern_europe,2020.1,1.1922,98.2598,0.5659
eastern_europe,2020.2,1.2423,98.1768,0.5952
eastern_europe,2020.3,1.2937,98.0914,0.6255
eastern_europe,2020.4,1.3465,98.0034,0.6568
eastern_europe,2020.5,1.4006,97.9129,0.6891
eastern_europe,2020.6,1.4561,97.8197,0.7242
eastern_europe,2020.7,1.5131,97.7237,0.7632
eastern_europe,2020.8,1.5714,97.6251,0.8035
eastern_europe,2020.9,1.6313,97.5236,0.8451
eastern_europe,2021.0,1.6926,97.4193,0.8880
eastern_europe,2021.1,1.7555,97.3121,0.9324
eastern_europe,2021.2,1.8199,97.2019,0.9782
eastern_europe,2021.3,1.8858,97.0888,1.0254
eastern_europe,2021.4,1.9534,96.9725,1.0741
eastern_europe,2021.5,2.0226,96.8531,1.1243
eastern_europe,2021.6,2.0934,96.7306,1.1760
eastern_europe,2021.7,2.1659,96.6047,1.2294
eastern_europe,2021.8,2.2401,96.4756,1.2843
eastern_europe,2021.9,2.3160,96.3432,1.3409
eastern_europe,2022.0,2.3937,96.2072,1.3991
eastern_europe,2022.1,2.4731,96.0679,1.4590
eastern_europe,2022.2,2.5544,95.9249,1.5207
eastern_europe,2022.3,2.6374,95.7784,1.5842
eastern_europe,2022.4,2.7224,95.6282,1.6494
eastern_europe,2022.5,2.8092,95.4742,1.7165
eastern_europe,2022.6,2.8980,95.3165,1.7855
eastern_europe,2022.7,2.9887,95.1549,1.8564
eastern_europe,2022.8,3.0814,94.9893,1.9293
eastern_europe,2022.9,3.1761,94.8198,2.0041
eastern_europe,2023.0,3.2728,94.6462,2.0810
eastern_europe,2023.1,3.3716,94.4685,2.1599
eastern_europe,2023.2,3.4725,94.2866,2.2409
eastern_europe,2023.3,3.5756,94.1005,2.3240
eastern_europe,2023.4,3.6807,93.9100,2.4093
eastern_europe,2023.5,3.7881,93.7151,2.4968
eastern_europe,2023.6,3.8977,93.5158,2.5865
eastern_europe,2023.7,4.0095,93.3120,2.6785
eastern_europe,2023.8,4.1236,93.1036,2.7727
eastern_europe,2023.9,4.2401,92.8906,2.8693
eastern_europe,2024.0,4.3588,92.6728,2.9683
eastern_europe,2024.1,4.4800,92.4503,3.0697
eastern_europe,2024.2,4.6035,92.2229,3.1735
eastern_europe,2024.3,4.7295,91.9907,3.2798
eastern_europe,2024.4,4.8580,91.7534,3.3886
eastern_europe,2024.5,4.9889,91.5112,3.4999
eastern_europe,2024.6,5.1224,91.2639,3.6138
eastern_europe,2024.7,5.2584,91.0114,3.7302
eastern_europe,2024.8,5.3970,90.7537,3.8493
eastern_europe,2024.9,5.5383,90.4907,3.9710
eastern_europe,2025.0,5.6822,90.2224,4.0954
eastern_europe,2025.1,5.8288,89.9488,4.2224
eastern_europe,2025.2,5.9781,89.6697,4.3522
eastern_europe,2025.3,6.1302,89.3851,4.4847
eastern_europe,2025.4,6.2850,89.0950,4.6200
eastern_europe,2025.5,6.4427,88.7993,4.7580
eastern_europe,2025.6,6.6032,88.4980,4.8988
eastern_europe,2025.7,6.7665,88.1910,5.0425
eastern_europe,2025.8,6.9328,87.8783,5.1889
eastern_europe,2025.9,7.1020,87.5598,5.3382
eastern_europe,2026.0,7.2742,87.2355,5.4904
eastern_europe,2026.1,7.4493,86.9053,5.6453
eastern_europe,2026.2,7.6275,86.5693,5.8032
eastern_europe,2026.3,7.8088,86.2274,5.9639
eastern_europe,2026.4,7.9931,85.8795,6.1274
eastern_europe,2026.5,8.1805,85.5256,6.2939
eastern_europe,2026.6,8.3711,85.1658,6.4631
eastern_europe,2026.7,8.5648,84.8000,6.6352
eastern_europe,2026.8,8.7617,84.4281,6.8102
eastern_europe,2026.9,8.9619,84.0502,6.9880
eastern_europe,2027.0,9.1653,83.6662,7.1685
eastern_europe,2027.1,9.3720,83.2761,7.3519
eastern_europe,2027.2,9.5819,82.8800,7.5380
eastern_europe,2027.3,9.7952,82.4779,7.7269
eastern_europe,2027.4,10.0119,82.0696,7.9185
eastern_europe,2027.5,10.2319,81.6553,8.1128
eastern_europe,2027.6,10.4553,81.2350,8.3097
eastern_europe,2027.7,10.6822,80.8086,8.5092
eastern_europe,2027.8,10.9125,80.3763,8.7112
eastern_europe,2027.9,11.1462,79.9379,8.9158
eastern_europe,2028.0,11.3835,79.4937,9.1229
eastern_europe,2028.1,11.6242,79.0435,9.3323
eastern_europe,2028.2,11.8685,78.5874,9.5443
eastern_europe,2028.3,12.1163,78.1255,9.7593
eastern_europe,2028.4,12.3676,77.6579,9.9766
eastern_europe,2028.5,12.6226,77.1845,10.1960
eastern_europe,2028.6,12.8811,76.7054,10.4175
eastern_europe,2028.7,13.1433,76.2208,10.6411
eastern_europe,2028.8,13.4091,75.7306,10.8665
eastern_europe,2028.9,13.6785,75.2350,11.0938
eastern_europe,2029.0,13.9515,74.7341,11.3228
eastern_europe,2029.1,14.2282,74.2279,11.5535
eastern_europe,2029.2,14.5086,73.7165,11.7857
eastern_europe,2029.3,14.7927,73.2000,12.0193
eastern_europe,2029.4,15.0804,72.6785,12.2542
eastern_europe,2029.5,15.3718,72.1522,12.4903
eastern_europe,2029.6,15.6669,71.6212,12.7274
eastern_europe,2029.7,15.9658,71.0855,12.9655
eastern_europe,2029.8,16.2683,70.5453,13.2045
eastern_europe,2029.9,16.5745,70.0008,13.4441
eastern_europe,2030.0,16.8844,69.4521,13.6842
eastern_europe,2030.1,17.1980,68.8993,13.9247
eastern_europe,2030.2,17.5154,68.3426,14.1655
eastern_europe,2030.3,17.8364,67.7821,14.4063
eastern_europe,2030.4,18.1611,67.2181,14.6471
eastern_europe,2030.5,18.4895,66.6506,14.8876
eastern_europe,2030.6,18.8215,66.0798,15.1277
eastern_europe,2030.7,19.1572,65.5060,15.3673
eastern_europe,2030.8,19.4966,64.9293,15.6061
eastern_europe,2030.9,19.8396,64.3499,15.8441
eastern_europe,2031.0,20.1862,63.7680,16.0809
eastern_europe,2031.1,20.5364,63.1838,16.3164
eastern_europe,2031.2,20.8902,62.5975,16.5505
eastern_europe,2031.3,21.2476,62.0093,16.7829
eastern_europe,2031.4,21.6085,61.4194,17.0135
eastern_europe,2031.5,21.9729,60.8281,17.2421
eastern_europe,2031.6,22.3409,60.2355,17.4684
eastern_europe,2031.7,22.7122,59.6418,17.6924
eastern_europe,2031.8,23.0871,59.0474,17.9137
eastern_europe,2031.9,23.4653,58.4524,18.1322
eastern_europe,2032.0,23.8469,57.8570,18.3477
eastern_europe,2032.1,24.2319,57.2616,18.5600
eastern_europe,2032.2,24.6201,56.6662,18.7688
eastern_europe,2032.3,25.0116,56.0712,18.9741
eastern_europe,2032.4,25.4063,55.4768,19.1756
eastern_europe,2032.5,25.8042,54.8833,19.3731
eastern_europe,2032.6,26.2053,54.2908,19.5664
eastern_europe,2032.7,26.6094,53.6996,19.7553
eastern_europe,2032.8,27.0166,53.1100,19.9397
eastern_europe,2032.9,27.4268,52.5221,20.1193
eastern_europe,2033.0,27.8399,51.9363,20.2939
eastern_europe,2033.1,28.2559,51.3527,20.4635
eastern_europe,2033.2,28.6747,50.7716,20.6277
eastern_europe,2033.3,29.0964,50.1932,20.7865
eastern_europe,2033.4,29.5207,49.6178,20.9396
eastern_europe,2033.5,29.9477,49.0455,21.0869
eastern_europe,2033.6,30.3772,48.4766,21.2283
eastern_europe,2033.7,30.8093,47.9114,21.3635
eastern_europe,2033.8,31.2438,47.3499,21.4925
eastern_europe,2033.9,31.6808,46.7925,21.6151
eastern_europe,2034.0,32.1200,46.2393,21.7311
eastern_europe,2034.1,32.5615,45.6906,21.8405
eastern_europe,2034.2,33.0052,45.1464,21.9431
eastern_europe,2034.3,33.4509,44.6071,22.0388
eastern_europe,2034.4,33.8987,44.0728,22.1276
eastern_europe,2034.5,34.3484,43.5436,22.2092
eastern_europe,2034.6,34.8000,43.0198,22.2837
eastern_europe,2034.7,35.2533,42.5015,22.3509
eastern_europe,2034.8,35.7083,41.9888,22.4108
eastern_europe,2034.9,36.1649,41.4818,22.4634
eastern_europe,2035.0,36.6231,40.9809,22.5085
eastern_europe,2035.1,37.0826,40.4859,22.5462
eastern_europe,2035.2,37.5435,39.9971,22.5764
eastern_europe,2035.3,38.0056,39.5146,22.5991
eastern_europe,2035.4,38.4689,39.0384,22.6143
eastern_europe,2035.5,38.9332,38.5688,22.6220
eastern_europe,2035.6,39.3985,38.1056,22.6222
eastern_europe,2035.7,39.8646,37.6491,22.6149
eastern_europe,2035.8,40.3315,37.1993,22.6002
eastern_europe,2035.9,40.7990,36.7563,22.5781
eastern_europe,2036.0,41.2671,36.3200,22.5487
eastern_europe,2036.1,41.7357,35.8905,22.5120
eastern_europe,2036.2,42.2046,35.4679,22.4681
eastern_europe,2036.3,42.6738,35.0522,22.4171
eastern_europe,2036.4,43.1431,34.6433,22.3591
eastern_europe,2036.5,43.6124,34.2413,22.2942
eastern_europe,2036.6,44.0817,33.8462,22.2224
eastern_europe,2036.7,44.5509,33.4580,22.1440
eastern_europe,2036.8,45.0197,33.0765,22.0590
eastern_europe,2036.9,45.4882,32.7019,21.9676
eastern_europe,2037.0,45.9562,32.3340,21.8700
eastern_europe,2037.1,46.4236,31.9729,21.7662
eastern_europe,2037.2,46.8903,31.6184,21.6565
eastern_europe,2037.3,47.3562,31.2705,21.5411
eastern_europe,2037.4,47.8211,30.9291,21.4200
eastern_europe,2037.5,48.2851,30.5941,21.2935
eastern_europe,2037.6,48.7479,30.2656,21.1617
eastern_europe,2037.7,49.2095,29.9433,21.0250
eastern_europe,2037.8,49.6698,29.6271,20.8833
eastern_europe,2037.9,50.1286,29.3171,20.7371
eastern_europe,2038.0,50.5859,29.0131,20.5864
eastern_europe,2038.1,51.0415,28.7149,20.4314
eastern_europe,2038.2,51.4954,28.4225,20.2725
eastern_europe,2038.3,51.9474,28.1358,20.1097
eastern_europe,2038.4,52.3975,27.8547,19.9434
eastern_europe,2038.5,52.8455,27.5789,19.7736
eastern_europe,2038.6,53.2914,27.3085,19.6008
eastern_europe,2038.7,53.7350,27.0433,19.4249
eastern_europe,2038.8,54.1762,26.7831,19.2464
eastern_europe,2038.9,54.6150,26.5279,19.0654
eastern_europe,2039.0,55.0513,26.2774,18.8820
eastern_europe,2039.1,55.4850,26.0317,18.6966
eastern_europe,2039.2,55.9159,25.7906,18.5094
eastern_europe,2039.3,56.3441,25.5539,18.3204
eastern_europe,2039.4,56.7693,25.3216,18.1301
eastern_europe,2039.5,57.1916,25.0934,17.9385
eastern_europe,2039.6,57.6108,24.8694,17.7458
eastern_europe,2039.7,58.0269,24.6493,17.5524
eastern_europe,2039.8,58.4398,24.4330,17.3583
eastern_europe,2039.9,58.8494,24.2205,17.1637
eastern_europe,2040.0,59.2556,24.0117,16.9688
eastern_europe,2040.1,59.6584,23.8063,16.7739
eastern_europe,2040.2,60.0577,23.6044,16.5790
eastern_europe,2040.3,60.4534,23.4058,16.3844
eastern_europe,2040.4,60.8455,23.2104,16.1902
eastern_europe,2040.5,61.2340,23.0181,15.9966
eastern_europe,2040.6,61.6186,22.8288,15.8037
eastern_europe,2040.7,61.9995,22.6424,15.6116
eastern_europe,2040.8,62.3765,22.4589,15.4206
eastern_europe,2040.9,62.7496,22.2781,15.2307
eastern_europe,2041.0,63.1188,22.1000,15.0421
eastern_europe,2041.1,63.4839,21.9245,14.8549
eastern_europe,2041.2,63.8450,21.7514,14.6693
eastern_europe,2041.3,64.2021,21.5809,14.4852
eastern_europe,2041.4,64.5550,21.4127,14.3029
eastern_europe,2041.5,64.9038,21.2468,14.1223
eastern_europe,2041.6,65.2484,21.0831,13.9438
eastern_europe,2041.7,65.5888,20.9217,13.7672
eastern_europe,2041.8,65.9250,20.7623,13.5927
eastern_europe,2041.9,66.2570,20.6050,13.4203
eastern_europe,2042.0,66.5847,20.4498,13.2502
eastern_europe,2042.1,66.9081,20.2965,13.0824
eastern_europe,2042.2,67.2272,20.1452,12.9169
eastern_europe,2042.3,67.5420,19.9957,12.7539
eastern_europe,2042.4,67.8525,19.8480,12.5933
eastern_europe,2042.5,68.1587,19.7022,12.4351
eastern_europe,2042.6,68.4606,19.5581,12.2796
eastern_europe,2042.7,68.7582,19.4157,12.1265
eastern_europe,2042.8,69.0515,19.2750,11.9761
eastern_europe,2042.9,69.3405,19.1360,11.8283
eastern_europe,2043.0,69.6252,18.9986,11.6832
eastern_europe,2043.1,69.9057,18.8628,11.5407
eastern_europe,2043.2,70.1818,18.7286,11.4009
eastern_europe,2043.3,70.4538,18.5959,11.2637
eastern_europe,2043.4,70.7215,18.4647,11.1292
eastern_europe,2043.5,70.9851,18.3350,10.9975
eastern_europe,2043.6,71.2444,18.2068,10.8684
eastern_europe,2043.7,71.4997,18.0800,10.7419
eastern_europe,2043.8,71.7508,17.9546,10.6182
eastern_europe,2043.9,71.9978,17.8306,10.4971
eastern_europe,2044.0,72.2408,17.7080,10.3787
eastern_europe,2044.1,72.4798,17.5868,10.2629
eastern_europe,2044.2,72.7148,17.4668,10.1497
eastern_europe,2044.3,72.9459,17.3482,10.0391
eastern_europe,2044.4,73.1730,17.2309,9.9311
eastern_europe,2044.5,73.3964,17.1149,9.8256
eastern_europe,2044.6,73.6159,17.0002,9.7227
eastern_europe,2044.7,73.8316,16.8866,9.6222
eastern_europe,2044.8,74.0437,16.7744,9.5242
eastern_europe,2044.9,74.2521,16.6633,9.4287
eastern_europe,2045.0,74.4568,16.5534,9.3355
eastern_europe,2045.1,74.6580,16.4446,9.2447
eastern_europe,2045.2,74.8557,16.3371,9.1563
eastern_europe,2045.3,75.0500,16.2306,9.0701
eastern_europe,2045.4,75.2408,16.1253,8.9862
eastern_europe,2045.5,75.4282,16.0211,8.9045
eastern_europe,2045.6,75.6124,15.9180,8.8251
eastern_europe,2045.7,75.7933,15.8159,8.7477
eastern_europe,2045.8,75.9711,15.7149,8.6725
eastern_europe,2045.9,76.1457,15.6149,8.5993
eastern_europe,2046.0,76.3173,15.5160,8.5281
eastern_europe,2046.1,76.4858,15.4180,8.4589
eastern_europe,2046.2,76.6514,15.3211,8.3917
eastern_europe,2046.3,76.8141,15.2251,8.3263
eastern_europe,2046.4,76.9739,15.1301,8.2628
eastern_europe,2046.5,77.1309,15.0360,8.2012
eastern_europe,2046.6,77.2853,14.9428,8.1413
eastern_europe,2046.7,77.4369,14.8505,8.0831
eastern_europe,2046.8,77.5860,14.7592,8.0266
eastern_europe,2046.9,77.7325,14.6687,7.9717
eastern_europe,2047.0,77.8765,14.5791,7.9185
eastern_europe,2047.1,78.0181,14.4903,7.8668
eastern_europe,2047.2,78.1573,14.4024,7.8166
eastern_europe,2047.3,78.2941,14.3152,7.7679
eastern_europe,2047.4,78.4287,14.2289,7.7207
eastern_europe,2047.5,78.5611,14.1434,7.6748
eastern_europe,2047.6,78.6913,14.0586,7.6303
eastern_europe,2047.7,78.8193,13.9746,7.5871
eastern_europe,2047.8,78.9454,13.8914,7.5452
eastern_europe,2047.9,79.0694,13.8089,7.5046
eastern_europe,2048.0,79.1914,13.7271,7.4651
eastern_europe,2048.1,79.3116,13.6460,7.4268
eastern_europe,2048.2,79.4299,13.5656,7.3897
eastern_europe,2048.3,79.5464,13.4858,7.3536
eastern_europe,2048.4,79.6611,13.4068,7.3186
eastern_europe,2048.5,79.7741,13.3284,7.2847
eastern_europe,2048.6,79.8855,13.2506,7.2517
eastern_europe,2048.7,79.9952,13.1735,7.2197
eastern_europe,2048.8,80.1033,13.0970,7.1886
eastern_europe,2048.9,80.2099,13.0211,7.1584
eastern_europe,2049.0,80.3150,12.9458,7.1290
eastern_europe,2049.1,80.4187,12.8711,7.1005
eastern_europe,2049.2,80.5209,12.7970,7.0729
eastern_europe,2049.3,80.6218,12.7234,7.0459
eastern_europe,2049.4,80.7213,12.6504,7.0198
eastern_europe,2049.5,80.8195,12.5779,6.9943
eastern_europe,2049.6,80.9165,12.5060,6.9696
eastern_europe,2049.7,81.0122,12.4346,6.9455
eastern_europe,2049.8,81.1067,12.3637,6.9221
eastern_europe,2049.9,81.2001,12.2933,6.8993
eastern_europe,2050.0,81.2923,12.2234,6.8771
eu,2015.0,0.2964,99.3963,0.3075
eu,2015.1,0.3194,99.3501,0.3307
eu,2015.2,0.3439,99.3013,0.3551
eu,2015.3,0.3699,99.2497,0.3808
eu,2015.4,0.3973,99.1952,0.4078
eu,2015.5,0.4263,99.1379,0.4361
eu,2015.6,0.4569,99.0777,0.4658
eu,2015.7,0.4891,99.0144,0.4969
eu,2015.8,0.5230,98.9482,0.5294
eu,2015.9,0.5586,98.8788,0.5632
eu,2016.0,0.5959,98.8062,0.5984
eu,2016.1,0.6351,98.7305,0.6351
eu,2016.2,0.6760,98.6514,0.6732
eu,2016.3,0.7189,98.5691,0.7127
eu,2016.4,0.7637,98.4834,0.7537
eu,2016.5,0.8104,98.3942,0.7962
eu,2016.6,0.8591,98.3016,0.8402
eu,2016.7,0.9099,98.2055,0.8856
eu,2016.8,0.9628,98.1058,0.9326
eu,2016.9,1.0177,98.0025,0.9810
eu,2017.0,1.0748,97.8955,1.0310
eu,2017.1,1.1343,97.7834,1.0838
eu,2017.2,1.1961,97.6657,1.1396
eu,2017.3,1.2605,97.5430,1.1982
eu,2017.4,1.3273,97.4152,1.2592
eu,2017.5,1.3967,97.2824,1.3227
eu,2017.6,1.4687,97.1447,1.3885
eu,2017.7,1.5434,97.0021,1.4565
eu,2017.8,1.6208,96.8546,1.5268
eu,2017.9,1.7009,96.7021,1.5991
eu,2018.0,1.7839,96.5448,1.6736
eu,2018.1,1.8729,96.3824,1.7500
eu,2018.2,1.9627,96.2149,1.8285
eu,2018.3,2.0551,96.0425,1.9089
eu,2018.4,2.1505,95.8651,1.9913
eu,2018.5,2.2488,95.6827,2.0755
eu,2018.6,2.3502,95.4954,2.1615
eu,2018.7,2.4547,95.3031,2.2493
eu,2018.8,2.5624,95.1058,2.3388
eu,2018.9,2.6733,94.9035,2.4301
eu,2019.0,2.7875,94.6962,2.5230
eu,2019.1,2.9051,94.4839,2.6175
eu,2019.2,3.0260,94.2666,2.7136
eu,2019.3,3.1504,94.0442,2.8113
eu,2019.4,3.2783,93.8169,2.9104
eu,2019.5,3.4097,93.5844,3.0110
eu,2019.6,3.5447,93.3470,3.1130
eu,2019.7,3.6833,93.1046,3.2164
eu,2019.8,3.8256,92.8571,3.3211
eu,2019.9,3.9716,92.6046,3.4271
eu,2020.0,4.1214,92.3471,3.5344
eu,2020.1,4.2749,92.0846,3.6429
eu,2020.2,4.4323,91.8171,3.7525
eu,2020.3,4.5936,91.5446,3.8632
eu,2020.4,4.7588,91.2672,3.9749
eu,2020.5,4.9280,90.9848,4.0875
eu,2020.6,5.1012,90.6975,4.2013
eu,2020.7,5.2783,90.4053,4.3164
eu,2020.8,5.4596,90.1081,4.4323
eu,2020.9,5.6450,89.8061,4.5489
eu,2021.0,5.8344,89.4992,4.6663
eu,2021.1,6.0290,89.1756,4.7954
eu,2021.2,6.2276,88.8574,4.9150
eu,2021.3,6.4303,88.5350,5.0346
eu,2021.4,6.6373,88.2082,5.1545
eu,2021.5,6.8485,87.8769,5.2746
eu,2021.6,7.0639,87.5410,5.3951
eu,2021.7,7.2837,87.2005,5.5158
eu,2021.8,7.5077,86.8556,5.6367
eu,2021.9,7.7361,86.5061,5.7578
eu,2022.0,7.9688,86.1522,5.8790
eu,2022.1,8.2058,85.7939,6.0003
eu,2022.2,8.4472,85.4312,6.1216
eu,2022.3,8.6930,85.0642,6.2429
eu,2022.4,8.9431,84.6929,6.3641
eu,2022.5,9.1975,84.3174,6.4851
eu,2022.6,9.4563,83.9377,6.6060
eu,2022.7,9.7195,83.5539,6.7266
eu,2022.8,9.9870,83.1661,6.8470
eu,2022.9,10.2587,82.7743,6.9670
eu,2023.0,10.5348,82.3786,7.0866
eu,2023.1,10.8152,81.9790,7.2059
eu,2023.2,11.0997,81.5756,7.3246
eu,2023.3,11.3885,81.1685,7.4429
eu,2023.4,11.6815,80.7578,7.5607
eu,2023.5,11.9786,80.3435,7.6779
eu,2023.6,12.2798,79.9257,7.7945
eu,2023.7,12.5850,79.5045,7.9105
eu,2023.8,12.8942,79.0800,8.0258
eu,2023.9,13.2074,78.6522,8.1405
eu,2024.0,13.5244,78.2211,8.2545
eu,2024.1,13.8452,77.7870,8.3678
eu,2024.2,14.1698,77.3499,8.4803
eu,2024.3,14.4980,76.9098,8.5921
eu,2024.4,14.8299,76.4669,8.7032
eu,2024.5,15.1652,76.0212,8.8136
eu,2024.6,15.5040,75.5728,8.9232
eu,2024.7,15.8462,75.1218,9.0321
eu,2024.8,16.1916,74.6682,9.1402
eu,2024.9,16.5401,74.2123,9.2476
eu,2025.0,16.8918,73.7540,9.3542
eu,2025.1,17.2464,73.2934,9.4601
eu,2025.2,17.6040,72.8307,9.5653
eu,2025.3,17.9643,72.3659,9.6698
eu,2025.4,18.3273,71.8990,9.7736
eu,2025.5,18.6929,71.4303,9.8768
eu,2025.6,19.0611,70.9597,9.9792
eu,2025.7,19.4316,70.4874,10.0810
eu,2025.8,19.8044,70.0135,10.1822
eu,2025.9,20.1794,69.5379,10.2827
eu,2026.0,20.5565,69.0609,10.3826
eu,2026.1,20.9357,68.5824,10.4820
eu,2026.2,21.3167,68.1027,10.5884
eu,2026.3,21.6997,67.6216,10.6938
eu,2026.4,22.0843,67.1395,10.7982
eu,2026.5,22.4706,66.6562,10.9016
eu,2026.6,22.8585,66.1719,11.0040
eu,2026.7,23.2480,65.6867,11.1054
eu,2026.8,23.6388,65.2007,11.2059
eu,2026.9,24.0311,64.7138,11.3053
eu,2027.0,24.4246,64.2263,11.4037
eu,2027.1,24.8194,63.7381,11.5009
eu,2027.2,25.2153,63.2494,11.5971
eu,2027.3,25.6124,62.7602,11.6921
eu,2027.4,26.0106,62.2705,11.7859
eu,2027.5,26.4098,61.7805,11.8787
eu,2027.6,26.8100,61.2903,11.9702
eu,2027.7,27.2112,60.7997,12.0606
eu,2027.8,27.6133,60.3091,12.1498
eu,2027.9,28.0162,59.8183,12.2379
eu,2028.0,28.4200,59.3276,12.3247
eu,2028.1,28.8247,58.8368,12.4104
eu,2028.2,29.2301,58.3461,12.4948
eu,2028.3,29.6363,57.8556,12.5782
eu,2028.4,30.0433,57.3653,12.6603
eu,2028.5,30.4510,56.8753,12.7413
eu,2028.6,30.8594,56.3856,12.8210
eu,2028.7,31.2685,55.8962,12.8995
eu,2028.8,31.6782,55.4073,12.9768
eu,2028.9,32.0886,54.9189,13.0528
eu,2029.0,32.4996,54.4310,13.1276
eu,2029.1,32.9111,53.9437,13.2012
eu,2029.2,33.3232,53.4571,13.2735
eu,2029.3,33.7359,52.9712,13.3446
eu,2029.4,34.1491,52.4860,13.4144
eu,2029.5,34.5627,52.0016,13.4830
eu,2029.6,34.9768,51.5181,13.5503
eu,2029.7,35.3913,51.0354,13.6163
eu,2029.8,35.8061,50.5538,13.6811
eu,2029.9,36.2213,50.0731,13.7446
eu,2030.0,36.6369,49.5935,13.8069
eu,2030.1,37.0526,49.1150,13.8678
eu,2030.2,37.4686,48.6377,13.9275
eu,2030.3,37.8848,48.1616,13.9859
eu,2030.4,38.3012,47.6867,14.0429
eu,2030.5,38.7176,47.2132,14.0987
eu,2030.6,39.1341,46.7410,14.1531
eu,2030.7,39.5506,46.2703,14.2129
eu,2030.8,39.9671,45.8010,14.2725
eu,2030.9,40.3835,45.3332,14.3307
eu,2031.0,40.7998,44.8670,14.3872
eu,2031.1,41.2160,44.4024,14.4422
eu,2031.2,41.6319,43.9395,14.4957
eu,2031.3,42.0476,43.4784,14.5475
eu,2031.4,42.4630,43.0190,14.5977
eu,2031.5,42.8780,42.5615,14.6463
eu,2031.6,43.2927,42.1058,14.6933
eu,2031.7,43.7069,41.6521,14.7386
eu,2031.8,44.1207,41.2004,14.7822
eu,2031.9,44.5340,40.7507,14.8242
eu,2032.0,44.9467,40.3032,14.8644
eu,2032.1,45.3588,39.8578,14.9029
eu,2032.2,45.7703,39.4146,14.9396
eu,2032.3,46.1811,38.9737,14.9746
eu,2032.4,46.5913,38.5350,15.0079
eu,2032.5,47.0006,38.0988,15.0393
eu,2032.6,47.4092,37.6650,15.0689
eu,2032.7,47.8170,37.2336,15.0967
eu,2032.8,48.2240,36.8048,15.1226
eu,2032.9,48.6300,36.3785,15.1467
eu,2033.0,49.0351,35.9549,15.1689
eu,2033.1,49.4393,35.5339,15.1892
eu,2033.2,49.8424,35.1157,15.2076
eu,2033.3,50.2446,34.7002,15.2240
eu,2033.4,50.6457,34.2875,15.2386
eu,2033.5,51.0457,33.8777,15.2511
eu,2033.6,51.4445,33.4708,15.2618
eu,2033.7,51.8423,33.0669,15.2704
eu,2033.8,52.2388,32.6659,15.2771
eu,2033.9,52.6342,32.2680,15.2817
eu,2034.0,53.0283,31.8732,15.2844
eu,2034.1,53.4211,31.4814,15.2850
eu,2034.2,53.8127,31.0929,15.2837
eu,2034.3,54.2029,30.7075,15.2803
eu,2034.4,54.5918,30.3253,15.2749
eu,2034.5,54.9793,29.9464,15.2674
eu,2034.6,55.3654,29.5708,15.2579
eu,2034.7,55.7501,29.1985,15.2464
eu,2034.8,56.1333,28.8295,15.2329
eu,2034.9,56.5151,28.4639,15.2173
eu,2035.0,56.8953,28.1018,15.1997
eu,2035.1,57.2740,27.7430,15.1801
eu,2035.2,57.6512,27.3876,15.1585
eu,2035.3,58.0267,27.0358,15.1349
eu,2035.4,58.4007,26.6874,15.1093
eu,2035.5,58.7731,26.3425,15.0818
eu,2035.6,59.1438,26.0011,15.0522
eu,2035.7,59.5128,25.6632,15.0208
eu,2035.8,59.8801,25.3288,14.9874
eu,2035.9,60.2457,24.9980,14.9520
eu,2036.0,60.6096,24.6707,14.9149
eu,2036.1,60.9717,24.3470,14.8758
eu,2036.2,61.3320,24.0268,14.8349
eu,2036.3,61.6906,23.7101,14.7922
eu,2036.4,62.0472,23.3970,14.7477
eu,2036.5,62.4021,23.0875,14.7014
eu,2036.6,62.7550,22.7815,14.6534
eu,2036.7,63.1061,22.4790,14.6037
eu,2036.8,63.4552,22.1800,14.5524
eu,2036.9,63.8024,21.8846,14.4994
eu,2037.0,64.1477,21.5926,14.4448
eu,2037.1,64.4910,21.3042,14.3886
eu,2037.2,64.8322,21.0192,14.3310
eu,2037.3,65.1715,20.7377,14.2718
eu,2037.4,65.5088,20.4596,14.2112
eu,2037.5,65.8439,20.1849,14.1492
eu,2037.6,66.1770,19.9137,14.0859
eu,2037.7,66.5081,19.6458,14.0212
eu,2037.8,66.8370,19.3813,13.9553
eu,2037.9,67.1638,19.1201,13.8881
eu,2038.0,67.4884,18.8622,13.8197
eu,2038.1,67.8109,18.6076,13.7502
eu,2038.2,68.1312,18.3563,13.6796
eu,2038.3,68.4493,18.1082,13.6079
eu,2038.4,68.7652,17.8633,13.5353
eu,2038.5,69.0789,17.6216,13.4616
eu,2038.6,69.3904,17.3831,13.3871
eu,2038.7,69.6996,17.1476,13.3118
eu,2038.8,70.0065,16.9153,13.2356
eu,2038.9,70.3112,16.6860,13.1586
eu,2039.0,70.6135,16.4597,13.0808
eu,2039.1,70.9136,16.2364,13.0024
eu,2039.2,71.2114,16.0161,12.9234
eu,2039.3,71.5068,15.7988,12.8437
eu,2039.4,71.7999,15.5843,12.7635
eu,2039.5,72.0906,15.3727,12.6828
eu,2039.6,72.3790,15.1639,12.6016
eu,2039.7,72.6650,14.9580,12.5199
eu,2039.8,72.9487,14.7548,12.4379
eu,2039.9,73.2300,14.5543,12.3555
eu,2040.0,73.5089,14.3566,12.2729
eu,2040.1,73.7853,14.1616,12.1899
eu,2040.2,74.0594,13.9691,12.1068
eu,2040.3,74.3311,13.7794,12.0234
eu,2040.4,74.6004,13.5921,11.9399
eu,2040.5,74.8672,13.4075,11.8562
eu,2040.6,75.1317,13.2254,11.7725
eu,2040.7,75.3937,13.0457,11.6888
eu,2040.8,75.6533,12.8685,11.6050
eu,2040.9,75.9105,12.6938,11.5212
eu,2041.0,76.1652,12.5215,11.4375
eu,2041.1,76.4175,12.3515,11.3538
eu,2041.2,76.6674,12.1839,11.2703
eu,2041.3,76.9149,12.0186,11.1869
eu,2041.4,77.1599,11.8556,11.1036
eu,2041.5,77.4026,11.6948,11.0205
eu,2041.6,77.6428,11.5363,10.9377
eu,2041.7,77.8806,11.3800,10.8550
eu,2041.8,78.1160,11.2259,10.7726
eu,2041.9,78.3489,11.0739,10.6905
eu,2042.0,78.5795,10.9241,10.6087
eu,2042.1,78.8077,10.7763,10.5272
eu,2042.2,79.0335,10.6307,10.4461
eu,2042.3,79.2569,10.4871,10.3653
eu,2042.4,79.4780,10.3455,10.2848
eu,2042.5,79.6966,10.2059,10.2048
eu,2042.6,79.9130,10.0683,10.1252
eu,2042.7,80.1269,9.9326,10.0459
eu,2042.8,80.3386,9.7989,9.9671
eu,2042.9,80.5479,9.6671,9.8888
eu,2043.0,80.7549,9.5371,9.8109
eu,2043.1,80.9596,9.4091,9.7335
eu,2043.2,81.1620,9.2828,9.6565
eu,2043.3,81.3621,9.1584,9.5801
eu,2043.4,81.5600,9.0357,9.5041
eu,2043.5,81.7556,8.9149,9.4286
eu,2043.6,81.9490,8.7957,9.3537
eu,2043.7,82.1402,8.6783,9.2793
eu,2043.8,82.3291,8.5626,9.2054
eu,2043.9,82.5159,8.4486,9.1320
eu,2044.0,82.7005,8.3362,9.0592
eu,2044.1,82.8829,8.2255,8.9869
eu,2044.2,83.0632,8.1164,8.9152
eu,2044.3,83.2413,8.0089,8.8440
eu,2044.4,83.4173,7.9029,8.7734
eu,2044.5,83.5913,7.7985,8.7033
eu,2044.6,83.7632,7.6956,8.6338
eu,2044.7,83.9330,7.5943,8.5649
eu,2044.8,84.1007,7.4944,8.4965
eu,2044.9,84.2665,7.3960,8.4287
eu,2045.0,84.4302,7.2990,8.3615
eu,2045.1,84.5920,7.2035,8.2949
eu,2045.2,84.7518,7.1094,8.2288
eu,2045.3,84.9097,7.0166,8.1633
eu,2045.4,85.0656,6.9253,8.0983
eu,2045.5,85.2196,6.8353,8.0339
eu,2045.6,85.3718,6.7466,7.9701
eu,2045.7,85.5221,6.6592,7.9069
eu,2045.8,85.6705,6.5731,7.8442
eu,2045.9,85.8171,6.4883,7.7821
eu,2046.0,85.9619,6.4048,7.7205
eu,2046.1,86.1049,6.3224,7.6595
eu,2046.2,86.2462,6.2413,7.5991
eu,2046.3,86.3857,6.1614,7.5392
eu,2046.4,86.5235,6.0827,7.4799
eu,2046.5,86.6596,6.0052,7.4211
eu,2046.6,86.7940,5.9287,7.3629
eu,2046.7,86.9267,5.8535,7.3052
eu,2046.8,87.0578,5.7793,7.2480
eu,2046.9,87.1873,5.7062,7.1914
eu,2047.0,87.3152,5.6342,7.1354
eu,2047.1,87.4415,5.5632,7.0798
eu,2047.2,87.5662,5.4933,7.0248
eu,2047.3,87.6894,5.4245,6.9703
eu,2047.4,87.8111,5.3566,6.9163
eu,2047.5,87.9312,5.2897,6.8628
eu,2047.6,88.0499,5.2238,6.8098
eu,2047.7,88.1672,5.1589,6.7573
eu,2047.8,88.2830,5.0949,6.7054
eu,2047.9,88.3973,5.0319,6.6539
eu,2048.0,88.5103,4.9697,6.6029
eu,2048.1,88.6219,4.9085,6.5524
eu,2048.2,88.7321,4.8482,6.5024
eu,2048.3,88.8410,4.7887,6.4528
eu,2048.4,88.9485,4.7301,6.4037
eu,2048.5,89.0548,4.6723,6.3551
eu,2048.6,89.1597,4.6154,6.3070
eu,2048.7,89.2634,4.5593,6.2593
eu,2048.8,89.3658,4.5040,6.2120
eu,2048.9,89.4670,4.4495,6.1652
eu,2049.0,89.5670,4.3958,6.1189
eu,2049.1,89.6658,4.3428,6.0730
eu,2049.2,89.7633,4.2906,6.0275
eu,2049.3,89.8598,4.2391,5.9824
eu,2049.4,89.9550,4.1884,5.9378
eu,2049.5,90.0492,4.1384,5.8935
eu,2049.6,90.1422,4.0890,5.8497
eu,2049.7,90.2341,4.0404,5.8063
eu,2049.8,90.3249,3.9925,5.7633
eu,2049.9,90.4147,3.9452,5.7207
eu,2050.0,90.5034,3.8986,5.6785
g7,2015.0,0.3293,99.4048,0.2659
g7,2015.1,0.3503,99.3693,0.2804
g7,2015.2,0.3723,99.3323,0.2954
g7,2015.3,0.3953,99.2936,0.3111
g7,2015.4,0.4194,99.2532,0.3273
g7,2015.5,0.4447,99.2112,0.3442
g7,2015.6,0.4710,99.1674,0.3616
g7,2015.7,0.4985,99.1219,0.3796
g7,2015.8,0.5272,99.0746,0.3982
g7,2015.9,0.5570,99.0255,0.4175
g7,2016.0,0.5881,98.9746,0.4373
g7,2016.1,0.6204,98.9219,0.4577
g7,2016.2,0.6539,98.8673,0.4787
g7,2016.3,0.6887,98.8109,0.5004
g7,2016.4,0.7248,98.7526,0.5226
g7,2016.5,0.7623,98.6923,0.5454
g7,2016.6,0.8010,98.6301,0.5689
g7,2016.7,0.8411,98.5660,0.5929
g7,2016.8,0.8825,98.4999,0.6175
g7,2016.9,0.9254,98.4319,0.6427
g7,2017.0,0.9696,98.3619,0.6686
g7,2017.1,1.0152,98.2898,0.6950
g7,2017.2,1.0623,98.2158,0.7220
g7,2017.3,1.1108,98.1397,0.7495
g7,2017.4,1.1608,98.0615,0.7777
g7,2017.5,1.2122,97.9814,0.8064
g7,2017.6,1.2651,97.8991,0.8358
g7,2017.7,1.3196,97.8148,0.8656
g7,2017.8,1.3755,97.7284,0.8961
g7,2017.9,1.4330,97.6399,0.9271
g7,2018.0,1.4920,97.5492,0.9587
g7,2018.1,1.5526,97.4565,0.9909
g7,2018.2,1.6148,97.3616,1.0235
g7,2018.3,1.6786,97.2647,1.0568
g7,2018.4,1.7439,97.1655,1.0906
g7,2018.5,1.8109,97.0643,1.1249
g7,2018.6,1.8795,96.9609,1.1597
g7,2018.7,1.9497,96.8553,1.1950
g7,2018.8,2.0215,96.7475,1.2309
g7,2018.9,2.0951,96.6376,1.2673
g7,2019.0,2.1702,96.5256,1.3042
g7,2019.1,2.2471,96.4113,1.3416
g7,2019.2,2.3256,96.2949,1.3794
g7,2019.3,2.4059,96.1763,1.4178
g7,2019.4,2.4878,96.0556,1.4566
g7,2019.5,2.5715,95.9326,1.4959
g7,2019.6,2.6569,95.8075,1.5356
g7,2019.7,2.7440,95.6802,1.5758
g7,2019.8,2.8329,95.5507,1.6164
g7,2019.9,2.9235,95.4191,1.6575
g7,2020.0,3.0158,95.2852,1.6989
g7,2020.1,3.1100,95.1492,1.7408
g7,2020.2,3.2058,95.0110,1.7831
g7,2020.3,3.3035,94.8707,1.8258
g7,2020.4,3.4030,94.7282,1.8689
g7,2020.5,3.5042,94.5835,1.9123
g7,2020.6,3.6072,94.4366,1.9561
g7,2020.7,3.7121,94.2876,2.0003
g7,2020.8,3.8187,94.1365,2.0448
g7,2020.9,3.9271,93.9832,2.0897
g7,2021.0,4.0374,93.8278,2.1348
g7,2021.1,4.1494,93.6702,2.1803
g7,2021.2,4.2633,93.5106,2.2261
g7,2021.3,4.3790,93.3488,2.2721
g7,2021.4,4.4966,93.1849,2.3185
g7,2021.5,4.6160,93.0189,2.3651
g7,2021.6,4.7372,92.8509,2.4120
g7,2021.7,4.8602,92.6808,2.4591
g7,2021.8,4.9850,92.5085,2.5064
g7,2021.9,5.1117,92.3343,2.5540
g7,2022.0,5.2403,92.1580,2.6017
g7,2022.1,5.3707,91.9797,2.6497
g7,2022.2,5.5029,91.7993,2.6978
g7,2022.3,5.6369,91.6170,2.7461
g7,2022.4,5.7728,91.4326,2.7946
g7,2022.5,5.9105,91.2463,2.8432
g7,2022.6,6.0501,91.0580,2.8919
g7,2022.7,6.1915,90.8677,2.9408
g7,2022.8,6.3347,90.6755,2.9897
g7,2022.9,6.4798,90.4814,3.0388
g7,2023.0,6.6267,90.2854,3.0879
g7,2023.1,6.7754,90.0875,3.1371
g7,2023.2,6.9259,89.8877,3.1864
g7,2023.3,7.0783,89.6861,3.2357
g7,2023.4,7.2324,89.4826,3.2850
g7,2023.5,7.3884,89.2773,3.3343
g7,2023.6,7.5462,89.0702,3.3836
g7,2023.7,7.7058,88.8613,3.4329
g7,2023.8,7.8672,88.6506,3.4822
g7,2023.9,8.0304,88.4382,3.5314
g7,2024.0,8.1954,88.2240,3.5806
g7,2024.1,8.3621,88.0082,3.6297
g7,2024.2,8.5306,87.7906,3.6788
g7,2024.3,8.7009,87.5714,3.7277
g7,2024.4,8.8730,87.3505,3.7765
g7,2024.5,9.0468,87.1280,3.8252
g7,2024.6,9.2224,86.9039,3.8738
g7,2024.7,9.3997,86.6782,3.9222
g7,2024.8,9.5787,86.4509,3.9704
g7,2024.9,9.7595,86.2221,4.0185
g7,2025.0,9.9419,85.9917,4.0664
g7,2025.1,10.1261,85.7599,4.1140
g7,2025.2,10.3120,85.5266,4.1615
g7,2025.3,10.4995,85.2918,4.2087
g7,2025.4,10.6888,85.0556,4.2557
g7,2025.5,10.8797,84.8179,4.3024
g7,2025.6,11.0722,84.5789,4.3488
g7,2025.7,11.2664,84.3386,4.3950
g7,2025.8,11.4622,84.0969,4.4409
g7,2025.9,11.6597,83.8538,4.4865
g7,2026.0,11.8588,83.6095,4.5317
g7,2026.1,12.0594,83.3639,4.5766
g7,2026.2,12.2617,83.1171,4.6212
g7,2026.3,12.4655,82.8691,4.6654
g7,2026.4,12.6709,82.6199,4.7092
g7,2026.5,12.8779,82.3695,4.7527
g7,2026.6,13.0864,82.1179,4.7957
g7,2026.7,13.2964,81.8652,4.8384
g7,2026.8,13.5079,81.6115,4.8806
g7,2026.9,13.7209,81.3567,4.9224
g7,2027.0,13.9354,81.1008,4.9638
g7,2027.1,14.1513,80.8439,5.0047
g7,2027.2,14.3687,80.5860,5.0452
g7,2027.3,14.5876,80.3272,5.0852
g7,2027.4,14.8079,80.0674,5.1247
g7,2027.5,15.0296,79.8067,5.1637
g7,2027.6,15.2526,79.5451,5.2023
g7,2027.7,15.4771,79.2827,5.2403
g7,2027.8,15.7029,79.0194,5.2777
g7,2027.9,15.9300,78.7553,5.3147
g7,2028.0,16.1585,78.4904,5.3511
g7,2028.1,16.3883,78.2247,5.3870
g7,2028.2,16.6194,77.9583,5.4223
g7,2028.3,16.8518,77.6912,5.4570
g7,2028.4,17.0854,77.4234,5.4912
g7,2028.5,17.3203,77.1549,5.5248
g7,2028.6,17.5564,76.8858,5.5578
g7,2028.7,17.7937,76.6161,5.5902
g7,2028.8,18.0322,76.3458,5.6220
g7,2028.9,18.2719,76.0749,5.6531
g7,2029.0,18.5128,75.8035,5.6837
g7,2029.1,18.7547,75.5316,5.7136
g7,2029.2,18.9978,75.2592,5.7429
g7,2029.3,19.2420,74.9864,5.7716
g7,2029.4,19.4873,74.7130,5.7996
g7,2029.5,19.7337,74.4393,5.8270
g7,2029.6,19.9811,74.1652,5.8537
g7,2029.7,20.2295,73.8907,5.8798
g7,2029.8,20.4789,73.6159,5.9052
g7,2029.9,20.7294,73.3407,5.9299
g7,2030.0,20.9808,73.0653,5.9540
g7,2030.1,21.2331,72.7896,5.9773
g7,2030.2,21.4864,72.5136,6.0000
g7,2030.3,21.7406,72.2374,6.0220
g7,2030.4,21.9957,71.9610,6.0434
g7,2030.5,22.2516,71.6844,6.0640
g7,2030.6,22.5085,71.4076,6.0839
g7,2030.7,22.7661,71.1307,6.1032
g7,2030.8,23.0246,70.8537,6.1217
g7,2030.9,23.2839,70.5766,6.1396
g7,2031.0,23.5439,70.2994,6.1567
g7,2031.1,23.8047,70.0221,6.1731
g7,2031.2,24.0663,69.7449,6.1889
g7,2031.3,24.3285,69.4676,6.2039
g7,2031.4,24.5915,69.1903,6.2182
g7,2031.5,24.8551,68.9130,6.2319
g7,2031.6,25.1194,68.6358,6.2448
g7,2031.7,25.3844,68.3586,6.2570
g7,2031.8,25.6499,68.0816,6.2685
g7,2031.9,25.9161,67.8046,6.2793
g7,2032.0,26.1828,67.5278,6.2894
g7,2032.1,26.4501,67.2511,6.2988
g7,2032.2,26.7180,66.9745,6.3075
g7,2032.3,26.9863,66.6981,6.3155
g7,2032.4,27.2552,66.4220,6.3229
g7,2032.5,27.5245,66.1460,6.3295
g7,2032.6,27.7943,65.8703,6.3354
g7,2032.7,28.0646,65.5948,6.3406
g7,2032.8,28.3353,65.3195,6.3452
g7,2032.9,28.6063,65.0446,6.3491
g7,2033.0,28.8778,64.7699,6.3523
g7,2033.1,29.1497,64.4956,6.3548
g7,2033.2,29.4218,64.2215,6.3566
g7,2033.3,29.6943,63.9478,6.3578
g7,2033.4,29.9672,63.6745,6.3583
g7,2033.5,30.2403,63.4015,6.3582
g7,2033.6,30.5137,63.1289,6.3574
g7,2033.7,30.7873,62.8567,6.3560
g7,2033.8,31.0612,62.5849,6.3539
g7,2033.9,31.3353,62.3136,6.3512
g7,2034.0,31.6096,62.0426,6.3478
g7,2034.1,31.8840,61.7722,6.3438
g7,2034.2,32.1587,61.5021,6.3392
g7,2034.3,32.4334,61.2326,6.3340
g7,2034.4,32.7083,60.9635,6.3282
g7,2034.5,32.9833,60.6949,6.3217
g7,2034.6,33.2584,60.4269,6.3147
g7,2034.7,33.5336,60.1593,6.3071
g7,2034.8,33.8089,59.8923,6.2989
g7,2034.9,34.0841,59.6258,6.2901
g7,2035.0,34.3594,59.3599,6.2807
g7,2035.1,34.6347,59.0945,6.2708
g7,2035.2,34.9100,58.8297,6.2603
g7,2035.3,35.1853,58.5654,6.2493
g7,2035.4,35.4605,58.3018,6.2377
g7,2035.5,35.7357,58.0387,6.2256
g7,2035.6,36.0107,57.7762,6.2130
g7,2035.7,36.2857,57.5144,6.1999
g7,2035.8,36.5606,57.2532,6.1862
g7,2035.9,36.8354,56.9926,6.1721
g7,2036.0,37.1100,56.7326,6.1574
g7,2036.1,37.3845,56.4732,6.1423
g7,2036.2,37.6588,56.2146,6.1267
g7,2036.3,37.9329,55.9565,6.1106
g7,2036.4,38.2068,55.6992,6.0940
g7,2036.5,38.4805,55.4425,6.0770
g7,2036.6,38.7540,55.1864,6.0596
g7,2036.7,39.0272,54.9311,6.0417
g7,2036.8,39.3002,54.6764,6.0234
g7,2036.9,39.5730,54.4224,6.0046
g7,2037.0,39.8454,54.1691,5.9855
g7,2037.1,40.1175,53.9165,5.9659
g7,2037.2,40.3894,53.6647,5.9460
g7,2037.3,40.6609,53.4135,5.9256
g7,2037.4,40.9321,53.1630,5.9049
g7,2037.5,41.2029,52.9133,5.8838
g7,2037.6,41.4734,52.6642,5.8624
g7,2037.7,41.7435,52.4159,5.8406
g7,2037.8,42.0132,52.1684,5.8184
g7,2037.9,42.2825,51.9215,5.7960
g7,2038.0,42.5514,51.6754,5.7732
g7,2038.1,42.8199,51.4300,5.7500
g7,2038.2,43.0880,51.1854,5.7266
g7,2038.3,43.3556,50.9415,5.7029
g7,2038.4,43.6228,50.6983,5.6788
g7,2038.5,43.8896,50.4559,5.6545
g7,2038.6,44.1558,50.2143,5.6299
g7,2038.7,44.4216,49.9734,5.6050
g7,2038.8,44.6868,49.7332,5.5799
g7,2038.9,44.9516,49.4938,5.5545
g7,2039.0,45.2159,49.2552,5.5289
g7,2039.1,45.4796,49.0173,5.5030
g7,2039.2,45.7428,48.7802,5.4769
g7,2039.3,46.0055,48.5439,5.4506
g7,2039.4,46.2676,48.3083,5.4241
g7,2039.5,46.5292,48.0734,5.3974
g7,2039.6,46.7902,47.8394,5.3704
g7,2039.7,47.0506,47.6061,5.3433
g7,2039.8,47.3105,47.3735,5.3160
g7,2039.9,47.5697,47.1417,5.2885
g7,2040.0,47.8284,46.9107,5.2609
g7,2040.1,48.0864,46.6805,5.2331
g7,2040.2,48.3439,46.4510,5.2051
g7,2040.3,48.6007,46.2223,5.1770
g7,2040.4,48.8569,45.9944,5.1487
g7,2040.5,49.1125,45.7672,5.1203
g7,2040.6,49.3674,45.5408,5.0918
g7,2040.7,49.6216,45.3152,5.0632
g7,2040.8,49.8753,45.0903,5.0344
g7,2040.9,50.1282,44.8662,5.0055
g7,2041.0,50.3805,44.6429,4.9766
g7,2041.1,50.6321,44.4204,4.9475
g7,2041.2,50.8831,44.1986,4.9184
g7,2041.3,51.1333,43.9775,4.8891
g7,2041.4,51.3829,43.7573,4.8598
g7,2041.5,51.6318,43.5378,4.8305
g7,2041.6,51.8799,43.3191,4.8010
g7,2041.7,52.1274,43.1011,4.7715
g7,2041.8,52.3742,42.8839,4.7419
g7,2041.9,52.6202,42.6675,4.7123
g7,2042.0,52.8655,42.4518,4.6827
g7,2042.1,53.1101,42.2369,4.6530
g7,2042.2,53.3540,42.0227,4.6233
g7,2042.3,53.5972,41.8093,4.5935
g7,2042.4,53.8396,41.5967,4.5637
g7,2042.5,54.0812,41.3848,4.5339
g7,2042.6,54.3222,41.1737,4.5041
g7,2042.7,54.5623,40.9634,4.4743
g7,2042.8,54.8018,40.7538,4.4444
g7,2042.9,55.0404,40.5450,4.4146
g7,2043.0,55.2783,40.3369,4.3848
g7,2043.1,55.5155,40.1296,4.3550
g7,2043.2,55.7519,39.9230,4.3251
g7,2043.3,55.9875,39.7172,4.2953
g7,2043.4,56.2223,39.5121,4.2655
g7,2043.5,56.4564,39.3078,4.2358
g7,2043.6,56.6897,39.1042,4.2060
g7,2043.7,56.9222,38.9014,4.1763
g7,2043.8,57.1540,38.6994,4.1467
g7,2043.9,57.3849,38.4981,4.1170
g7,2044.0,57.6151,38.2975,4.0874
g7,2044.1,57.8445,38.0977,4.0578
g7,2044.2,58.0731,37.8986,4.0283
g7,2044.3,58.3009,37.7003,3.9988
g7,2044.4,58.5279,37.5027,3.9694
g7,2044.5,58.7541,37.3059,3.9400
g7,2044.6,58.9795,37.1098,3.9107
g7,2044.7,59.2041,36.9144,3.8815
g7,2044.8,59.4279,36.7198,3.8523
g7,2044.9,59.6509,36.5260,3.8231
g7,2045.0,59.8731,36.3328,3.7940
g7,2045.1,60.0945,36.1405,3.7650
g7,2045.2,60.3151,35.9488,3.7361
g7,2045.3,60.5349,35.7579,3.7072
g7,2045.4,60.7538,35.5678,3.6784
g7,2045.5,60.9720,35.3783,3.6497
g7,2045.6,61.1893,35.1896,3.6211
g7,2045.7,61.4058,35.0017,3.5925
g7,2045.8,61.6215,34.8145,3.5640
g7,2045.9,61.8364,34.6280,3.5356
g7,2046.0,62.0505,34.4422,3.5073
g7,2046.1,62.2637,34.2572,3.4790
g7,2046.2,62.4762,34.0730,3.4509
g7,2046.3,62.6878,33.8894,3.4228
g7,2046.4,62.8986,33.7066,3.3948
g7,2046.5,63.1085,33.5245,3.3669
g7,2046.6,63.3177,33.3432,3.3391
g7,2046.7,63.5260,33.1626,3.3114
g7,2046.8,63.7335,32.9827,3.2838
g7,2046.9,63.9402,32.8036,3.2563
g7,2047.0,64.1460,32.6252,3.2289
g7,2047.1,64.3510,32.4475,3.2015
g7,2047.2,64.5552,32.2705,3.1743
g7,2047.3,64.7585,32.0943,3.1471
g7,2047.4,64.9611,31.9188,3.1201
g7,2047.5,65.1628,31.7441,3.0932
g7,2047.6,65.3636,31.5700,3.0663
g7,2047.7,65.5637,31.3967,3.0396
g7,2047.8,65.7629,31.2242,3.0129
g7,2047.9,65.9612,31.0523,2.9864
g7,2048.0,66.1588,30.8812,2.9600
g7,2048.1,66.3555,30.7109,2.9336
g7,2048.2,66.5514,30.5412,2.9074
g7,2048.3,66.7464,30.3723,2.8813
g7,2048.4,66.9406,30.2041,2.8553
g7,2048.5,67.1340,30.0367,2.8294
g7,2048.6,67.3265,29.8699,2.8036
g7,2048.7,67.5182,29.7039,2.7779
g7,2048.8,67.7091,29.5387,2.7523
g7,2048.9,67.8991,29.3741,2.7268
g7,2049.0,68.0883,29.2103,2.7014
g7,2049.1,68.2766,29.0472,2.6761
g7,2049.2,68.4642,28.8849,2.6510
g7,2049.3,68.6508,28.7232,2.6259
g7,2049.4,68.8367,28.5623,2.6010
g7,2049.5,69.0217,28.4022,2.5761
g7,2049.6,69.2058,28.2427,2.5514
g7,2049.7,69.3892,28.0840,2.5268
g7,2049.8,69.5717,27.9261,2.5023
g7,2049.9,69.7533,27.7688,2.4779
g7,2050.0,69.9341,27.6123,2.4536
north_america,2015.0,0.3787,99.4048,0.2165
north_america,2015.1,0.3998,99.3740,0.2262
north_america,2015.2,0.4216,99.3423,0.2360
north_america,2015.3,0.4442,99.3097,0.2461
north_america,2015.4,0.4676,99.2760,0.2564
north_america,2015.5,0.4917,99.2414,0.2669
north_america,2015.6,0.5166,99.2059,0.2776
north_america,2015.7,0.5422,99.1693,0.2885
north_america,2015.8,0.5687,99.1318,0.2996
north_america,2015.9,0.5959,99.0932,0.3109
north_america,2016.0,0.6240,99.0537,0.3224
north_america,2016.1,0.6529,99.0131,0.3341
north_america,2016.2,0.6826,98.9715,0.3460
north_america,2016.3,0.7131,98.9288,0.3581
north_america,2016.4,0.7445,98.8851,0.3704
north_america,2016.5,0.7768,98.8404,0.3828
north_america,2016.6,0.8099,98.7946,0.3955
north_america,2016.7,0.8439,98.7477,0.4084
north_america,2016.8,0.8788,98.6997,0.4214
north_america,2016.9,0.9146,98.6507,0.4347
north_america,2017.0,0.9513,98.6006,0.4481
north_america,2017.1,0.9889,98.5493,0.4617
north_america,2017.2,1.0275,98.4970,0.4755
north_america,2017.3,1.0669,98.4435,0.4895
north_america,2017.4,1.1073,98.3890,0.5037
north_america,2017.5,1.1487,98.3333,0.5180
north_america,2017.6,1.1910,98.2765,0.5325
north_america,2017.7,1.2343,98.2185,0.5472
north_america,2017.8,1.2785,98.1594,0.5621
north_america,2017.9,1.3238,98.0992,0.5771
north_america,2018.0,1.3700,98.0377,0.5923
north_america,2018.1,1.4172,97.9752,0.6076
north_america,2018.2,1.4654,97.9114,0.6231
north_america,2018.3,1.5147,97.8465,0.6388
north_america,2018.4,1.5649,97.7804,0.6547
north_america,2018.5,1.6162,97.7131,0.6706
north_america,2018.6,1.6686,97.6446,0.6868
north_america,2018.7,1.7220,97.5750,0.7031
north_america,2018.8,1.7764,97.5041,0.7195
north_america,2018.9,1.8319,97.4320,0.7361
north_america,2019.0,1.8885,97.3587,0.7529
north_america,2019.1,1.9461,97.2842,0.7697
north_america,2019.2,2.0048,97.2084,0.7867
north_america,2019.3,2.0647,97.1314,0.8039
north_america,2019.4,2.1256,97.0532,0.8212
north_america,2019.5,2.1876,96.9738,0.8386
north_america,2019.6,2.2507,96.8931,0.8562
north_america,2019.7,2.3150,96.8112,0.8738
north_america,2019.8,2.3803,96.7280,0.8916
north_america,2019.9,2.4468,96.6436,0.9096
north_america,2020.0,2.5145,96.5579,0.9276
north_america,2020.1,2.5833,96.4710,0.9458
north_america,2020.2,2.6532,96.3827,0.9640
north_america,2020.3,2.7243,96.2933,0.9824
north_america,2020.4,2.7966,96.2025,1.0009
north_america,2020.5,2.8700,96.1105,1.0195
north_america,2020.6,2.9446,96.0172,1.0382
north_america,2020.7,3.0204,95.9226,1.0570
north_america,2020.8,3.0974,95.8267,1.0759
north_america,2020.9,3.1756,95.7295,1.0949
north_america,2021.0,3.2550,95.6311,1.1140
north_america,2021.1,3.3356,95.5313,1.1331
north_america,2021.2,3.4173,95.4303,1.1524
north_america,2021.3,3.5004,95.3279,1.1717
north_america,2021.4,3.5846,95.2243,1.1911
north_america,2021.5,3.6700,95.1193,1.2106
north_america,2021.6,3.7567,95.0131,1.2302
north_america,2021.7,3.8447,94.9055,1.2498
north_america,2021.8,3.9338,94.7966,1.2695
north_america,2021.9,4.0242,94.6865,1.2893
north_america,2022.0,4.1159,94.5750,1.3091
north_america,2022.1,4.2088,94.4621,1.3290
north_america,2022.2,4.3030,94.3480,1.3490
north_america,2022.3,4.3985,94.2326,1.3690
north_america,2022.4,4.4952,94.1158,1.3890
north_america,2022.5,4.5932,93.9977,1.4091
north_america,2022.6,4.6925,93.8783,1.4292
north_america,2022.7,4.7930,93.7576,1.4494
north_america,2022.8,4.8948,93.6355,1.4696
north_america,2022.9,4.9980,93.5122,1.4899
north_america,2023.0,5.1024,93.3875,1.5101
north_america,2023.1,5.2081,93.2615,1.5304
north_america,2023.2,5.3151,93.1341,1.5507
north_america,2023.3,5.4235,93.0054,1.5711
north_america,2023.4,5.5331,92.8754,1.5915
north_america,2023.5,5.6441,92.7441,1.6118
north_america,2023.6,5.7563,92.6115,1.6322
north_america,2023.7,5.8699,92.4775,1.6526
north_america,2023.8,5.9848,92.3422,1.6730
north_america,2023.9,6.1010,92.2056,1.6934
north_america,2024.0,6.2186,92.0677,1.7138
north_america,2024.1,6.3374,91.9284,1.7342
north_america,2024.2,6.4576,91.7878,1.7546
north_america,2024.3,6.5792,91.6459,1.7749
north_america,2024.4,6.7020,91.5027,1.7953
north_america,2024.5,6.8262,91.3581,1.8156
north_america,2024.6,6.9518,91.2123,1.8359
north_america,2024.7,7.0787,91.0651,1.8562
north_america,2024.8,7.2069,90.9166,1.8765
north_america,2024.9,7.3365,90.7668,1.8967
north_america,2025.0,7.4674,90.6157,1.9169
north_america,2025.1,7.5997,90.4633,1.9371
north_america,2025.2,7.7333,90.3095,1.9572
north_america,2025.3,7.8683,90.1545,1.9772
north_america,2025.4,8.0046,89.9982,1.9972
north_america,2025.5,8.1423,89.8405,2.0172
north_america,2025.6,8.2813,89.6816,2.0371
north_america,2025.7,8.4217,89.5214,2.0570
north_america,2025.8,8.5634,89.3598,2.0768
north_america,2025.9,8.7065,89.1970,2.0965
north_america,2026.0,8.8509,89.0329,2.1161
north_america,2026.1,8.9967,88.8675,2.1357
north_america,2026.2,9.1439,88.7009,2.1552
north_america,2026.3,9.2924,88.5329,2.1747
north_america,2026.4,9.4423,88.3637,2.1940
north_america,2026.5,9.5935,88.1932,2.2133
north_america,2026.6,9.7461,88.0215,2.2325
north_america,2026.7,9.9000,87.8484,2.2516
north_america,2026.8,10.0553,87.6742,2.2706
north_america,2026.9,10.2119,87.4986,2.2894
north_america,2027.0,10.3699,87.3218,2.3082
north_america,2027.1,10.5293,87.1438,2.3269
north_america,2027.2,10.6900,86.9645,2.3455
north_america,2027.3,10.8520,86.7840,2.3640
north_america,2027.4,11.0154,86.6022,2.3824
north_america,2027.5,11.1802,86.4193,2.4006
north_america,2027.6,11.3462,86.2350,2.4187
north_america,2027.7,11.5137,86.0496,2.4367
north_america,2027.8,11.6824,85.8630,2.4546
north_america,2027.9,11.8526,85.6751,2.4723
north_america,2028.0,12.0240,85.4860,2.4900
north_america,2028.1,12.1968,85.2958,2.5074
north_america,2028.2,12.3709,85.1043,2.5248
north_america,2028.3,12.5464,84.9116,2.5420
north_america,2028.4,12.7232,84.7178,2.5590
north_america,2028.5,12.9013,84.5228,2.5759
north_america,2028.6,13.0807,84.3266,2.5927
north_america,2028.7,13.2615,84.1292,2.6093
north_america,2028.8,13.4436,83.9307,2.6258
north_america,2028.9,13.6269,83.7310,2.6420
north_america,2029.0,13.8117,83.5302,2.6582
north_america,2029.1,13.9977,83.3282,2.6741
north_america,2029.2,14.1850,83.1251,2.6899
north_america,2029.3,14.3736,82.9209,2.7056
north_america,2029.4,14.5635,82.7155,2.7210
north_america,2029.5,14.7547,82.5090,2.7363
north_america,2029.6,14.9472,82.3014,2.7514
north_america,2029.7,15.1410,82.0927,2.7663
north_america,2029.8,15.3361,81.8829,2.7810
north_america,2029.9,15.5324,81.6720,2.7956
north_america,2030.0,15.7300,81.4600,2.8099
north_america,2030.1,15.9289,81.2470,2.8241
north_america,2030.2,16.1290,81.0329,2.8381
north_america,2030.3,16.3304,80.8177,2.8519
north_america,2030.4,16.5331,80.6015,2.8654
north_america,2030.5,16.7370,80.3842,2.8788
north_america,2030.6,16.9422,80.1659,2.8920
north_america,2030.7,17.1485,79.9465,2.9049
north_america,2030.8,17.3562,79.7261,2.9177
north_america,2030.9,17.5650,79.5047,2.9302
north_america,2031.0,17.7751,79.2823,2.9426
north_america,2031.1,17.9864,79.0590,2.9547
north_america,2031.2,18.1989,78.8346,2.9666
north_america,2031.3,18.4126,78.6092,2.9782
north_america,2031.4,18.6275,78.3828,2.9897
north_america,2031.5,18.8436,78.1555,3.0009
north_america,2031.6,19.0608,77.9273,3.0119
north_america,2031.7,19.2793,77.6980,3.0227
north_america,2031.8,19.4989,77.4679,3.0332
north_america,2031.9,19.7197,77.2368,3.0435
north_america,2032.0,19.9416,77.0048,3.0536
north_america,2032.1,20.1647,76.7718,3.0634
north_america,2032.2,20.3890,76.5380,3.0730
north_america,2032.3,20.6144,76.3033,3.0824
north_america,2032.4,20.8409,76.0676,3.0915
north_america,2032.5,21.0685,75.8311,3.1004
north_america,2032.6,21.2973,75.5938,3.1090
north_america,2032.7,21.5271,75.3555,3.1173
north_america,2032.8,21.7581,75.1165,3.1255
north_america,2032.9,21.9901,74.8765,3.1333
north_america,2033.0,22.2233,74.6358,3.1409
north_america,2033.1,22.4575,74.3942,3.1483
north_america,2033.2,22.6927,74.1518,3.1554
north_america,2033.3,22.9291,73.9087,3.1623
north_america,2033.4,23.1665,73.6647,3.1689
north_america,2033.5,23.4049,73.4199,3.1752
north_america,2033.6,23.6444,73.1744,3.1813
north_america,2033.7,23.8848,72.9281,3.1871
north_america,2033.8,24.1263,72.6810,3.1926
north_america,2033.9,24.3689,72.4333,3.1979
north_america,2034.0,24.6124,72.1847,3.2029
north_america,2034.1,24.8569,71.9355,3.2076
north_america,2034.2,25.1024,71.6855,3.2121
north_america,2034.3,25.3488,71.4349,3.2163
north_america,2034.4,25.5962,71.1835,3.2202
north_america,2034.5,25.8446,70.9315,3.2239
north_america,2034.6,26.0939,70.6788,3.2273
north_america,2034.7,26.3442,70.4254,3.2304
north_america,2034.8,26.5953,70.1714,3.2332
north_america,2034.9,26.8474,69.9168,3.2358
north_america,2035.0,27.1004,69.6615,3.2381
north_america,2035.1,27.3543,69.4056,3.2401
north_america,2035.2,27.6090,69.1491,3.2418
north_america,2035.3,27.8647,68.8920,3.2433
north_america,2035.4,28.1211,68.6344,3.2445
north_america,2035.5,28.3785,68.3761,3.2454
north_america,2035.6,28.6367,68.1173,3.2460
north_america,2035.7,28.8957,67.8579,3.2464
north_america,2035.8,29.1555,67.5980,3.2464
north_america,2035.9,29.4162,67.3376,3.2462
north_america,2036.0,29.6776,67.0766,3.2457
north_america,2036.1,29.9399,66.8152,3.2449
north_america,2036.2,30.2029,66.5532,3.2439
north_america,2036.3,30.4667,66.2908,3.2425
north_america,2036.4,30.7312,66.0279,3.2409
north_america,2036.5,30.9965,65.7645,3.2390
north_america,2036.6,31.2625,65.5006,3.2369
north_america,2036.7,31.5292,65.2364,3.2344
north_america,2036.8,31.7967,64.9717,3.2317
north_america,2036.9,32.0648,64.7066,3.2286
north_america,2037.0,32.3336,64.4410,3.2253
north_america,2037.1,32.6031,64.1751,3.2218
north_america,2037.2,32.8733,63.9088,3.2179
north_america,2037.3,33.1441,63.6421,3.2138
north_america,2037.4,33.4155,63.3751,3.2093
north_america,2037.5,33.6876,63.1077,3.2047
north_america,2037.6,33.9603,62.8400,3.1997
north_america,2037.7,34.2336,62.5720,3.1944
north_america,2037.8,34.5075,62.3036,3.1889
north_america,2037.9,34.7820,62.0349,3.1831
north_america,2038.0,35.0570,61.7660,3.1770
north_america,2038.1,35.3326,61.4967,3.1707
north_america,2038.2,35.6087,61.2272,3.1641
north_america,2038.3,35.8854,60.9575,3.1572
north_america,2038.4,36.1625,60.6875,3.1500
north_america,2038.5,36.4402,60.4172,3.1426
north_america,2038.6,36.7184,60.1468,3.1348
north_america,2038.7,36.9970,59.8761,3.1269
north_america,2038.8,37.2762,59.6052,3.1186
north_america,2038.9,37.5557,59.3341,3.1101
north_america,2039.0,37.8357,59.0629,3.1013
north_america,2039.1,38.1162,58.7915,3.0923
north_america,2039.2,38.3970,58.5200,3.0830
north_america,2039.3,38.6783,58.2483,3.0734
north_america,2039.4,38.9600,57.9764,3.0636
north_america,2039.5,39.2420,57.7045,3.0535
north_america,2039.6,39.5244,57.4324,3.0432
north_america,2039.7,39.8071,57.1603,3.0326
north_america,2039.8,40.0902,56.8881,3.0217
north_america,2039.9,40.3736,56.6158,3.0106
north_america,2040.0,40.6573,56.3434,2.9993
north_america,2040.1,40.9413,56.0710,2.9877
north_america,2040.2,41.2256,55.7985,2.9758
north_america,2040.3,41.5102,55.5260,2.9637
north_america,2040.4,41.7951,55.2535,2.9514
north_america,2040.5,42.0801,54.9811,2.9388
north_america,2040.6,42.3655,54.7086,2.9260
north_america,2040.7,42.6510,54.4361,2.9129
north_america,2040.8,42.9367,54.1636,2.8996
north_america,2040.9,43.2227,53.8912,2.8861
north_america,2041.0,43.5088,53.6189,2.8723
north_america,2041.1,43.7951,53.3466,2.8583
north_america,2041.2,44.0815,53.0744,2.8441
north_america,2041.3,44.3681,52.8023,2.8297
north_america,2041.4,44.6548,52.5303,2.8150
north_america,2041.5,44.9416,52.2583,2.8001
north_america,2041.6,45.2285,51.9865,2.7850
north_america,2041.7,45.5155,51.7149,2.7696
north_america,2041.8,45.8026,51.4433,2.7541
north_america,2041.9,46.0897,51.1720,2.7383
north_america,2042.0,46.3769,50.9008,2.7224
north_america,2042.1,46.6641,50.6297,2.7062
north_america,2042.2,46.9513,50.3589,2.6898
north_america,2042.3,47.2386,50.0882,2.6732
north_america,2042.4,47.5258,49.8178,2.6564
north_america,2042.5,47.8130,49.5475,2.6394
north_america,2042.6,48.1002,49.2775,2.6222
north_america,2042.7,48.3874,49.0078,2.6049
north_america,2042.8,48.6744,48.7383,2.5873
north_america,2042.9,48.9614,48.4690,2.5696
north_america,2043.0,49.2484,48.2000,2.5516
north_america,2043.1,49.5352,47.9313,2.5335
north_america,2043.2,49.8219,47.6629,2.5152
north_america,2043.3,50.1085,47.3948,2.4967
north_america,2043.4,50.3949,47.1270,2.4781
north_america,2043.5,50.6812,46.8595,2.4593
north_america,2043.6,50.9673,46.5924,2.4403
north_america,2043.7,51.2533,46.3256,2.4211
north_america,2043.8,51.5391,46.0591,2.4018
north_america,2043.9,51.8246,45.7930,2.3823
north_america,2044.0,52.1100,45.5273,2.3627
north_america,2044.1,52.3951,45.2620,2.3429
north_america,2044.2,52.6799,44.9971,2.3230
north_america,2044.3,52.9646,44.7325,2.3029
north_america,2044.4,53.2489,44.4684,2.2827
north_america,2044.5,53.5330,44.2047,2.2623
north_america,2044.6,53.8167,43.9414,2.2418
north_america,2044.7,54.1002,43.6786,2.2212
north_america,2044.8,54.3834,43.4162,2.2004
north_america,2044.9,54.6662,43.1543,2.1795
north_america,2045.0,54.9487,42.8928,2.1585
north_america,2045.1,55.2308,42.6319,2.1374
north_america,2045.2,55.5125,42.3714,2.1161
north_america,2045.3,55.7939,42.1114,2.0947
north_america,2045.4,56.0749,41.8519,2.0732
north_america,2045.5,56.3554,41.5929,2.0516
north_america,2045.6,56.6356,41.3345,2.0299
north_america,2045.7,56.9153,41.0766,2.0081
north_america,2045.8,57.1946,40.8192,1.9862
north_america,2045.9,57.4734,40.5624,1.9642
north_america,2046.0,57.7518,40.3061,1.9421
north_america,2046.1,58.0297,40.0505,1.9199
north_america,2046.2,58.3071,39.7953,1.8976
north_america,2046.3,58.5840,39.5408,1.8752
north_america,2046.4,58.8604,39.2869,1.8528
north_america,2046.5,59.1362,39.0335,1.8303
north_america,2046.6,59.4115,38.7808,1.8077
north_america,2046.7,59.6863,38.5287,1.7850
north_america,2046.8,59.9605,38.2772,1.7623
north_america,2046.9,60.2342,38.0264,1.7395
north_america,2047.0,60.5072,37.7762,1.7166
north_america,2047.1,60.7797,37.5266,1.6937
north_america,2047.2,61.0516,37.2777,1.6707
north_america,2047.3,61.3229,37.0295,1.6477
north_america,2047.4,61.5935,36.7819,1.6246
north_america,2047.5,61.8635,36.5350,1.6015
north_america,2047.6,62.1328,36.2888,1.5784
north_america,2047.7,62.4015,36.0433,1.5552
north_america,2047.8,62.6695,35.7985,1.5319
north_america,2047.9,62.9369,35.5544,1.5087
north_america,2048.0,63.2035,35.3110,1.4854
north_america,2048.1,63.4695,35.0684,1.4621
north_america,2048.2,63.7347,34.8265,1.4388
north_america,2048.3,63.9993,34.5853,1.4154
north_america,2048.4,64.2631,34.3449,1.3921
north_america,2048.5,64.5261,34.1052,1.3687
north_america,2048.6,64.7884,33.8662,1.3453
north_america,2048.7,65.0500,33.6281,1.3219
north_america,2048.8,65.3108,33.3907,1.2985
north_america,2048.9,65.5708,33.1541,1.2752
north_america,2049.0,65.8300,32.9182,1.2518
north_america,2049.1,66.0884,32.6832,1.2284
north_america,2049.2,66.3460,32.4489,1.2050
north_america,2049.3,66.6028,32.2155,1.1817
north_america,2049.4,66.8588,31.9828,1.1584
north_america,2049.5,67.1139,31.7510,1.1351
north_america,2049.6,67.3682,31.5200,1.1118
north_america,2049.7,67.6217,31.2898,1.0885
north_america,2049.8,67.8742,31.0605,1.0653
north_america,2049.9,68.1260,30.8319,1.0421
north_america,2050.0,68.3768,30.6043,1.0189
south_america,2015.0,0.0000,99.9998,0.0001
south_america,2015.1,0.0001,99.9998,0.0001
south_america,2015.2,0.0001,99.9998,0.0002
south_america,2015.3,0.0001,99.9997,0.0002
south_america,2015.4,0.0001,99.9997,0.0002
south_america,2015.5,0.0001,99.9996,0.0003
south_america,2015.6,0.0001,99.9995,0.0004
south_america,2015.7,0.0002,99.9994,0.0004
south_america,2015.8,0.0002,99.9993,0.0005
south_america,2015.9,0.0002,99.9992,0.0006
south_america,2016.0,0.0003,99.9990,0.0007
south_america,2016.1,0.0003,99.9988,0.0008
south_america,2016.2,0.0004,99.9986,0.0009
south_america,2016.3,0.0005,99.9984,0.0011
south_america,2016.4,0.0006,99.9982,0.0013
south_america,2016.5,0.0007,99.9979,0.0015
south_america,2016.6,0.0008,99.9975,0.0017
south_america,2016.7,0.0009,99.9971,0.0020
south_america,2016.8,0.0011,99.9967,0.0023
south_america,2016.9,0.0012,99.9962,0.0026
south_america,2017.0,0.0014,99.9956,0.0030
south_america,2017.1,0.0017,99.9950,0.0034
south_america,2017.2,0.0019,99.9943,0.0038
south_america,2017.3,0.0022,99.9935,0.0044
south_america,2017.4,0.0025,99.9926,0.0049
south_america,2017.5,0.0029,99.9916,0.0056
south_america,2017.6,0.0033,99.9905,0.0063
south_america,2017.7,0.0038,99.9892,0.0071
south_america,2017.8,0.0043,99.9878,0.0080
south_america,2017.9,0.0049,99.9863,0.0090
south_america,2018.0,0.0056,99.9845,0.0101
south_america,2018.1,0.0063,99.9826,0.0113
south_america,2018.2,0.0071,99.9805,0.0126
south_america,2018.3,0.0080,99.9782,0.0141
south_america,2018.4,0.0090,99.9756,0.0157
south_america,2018.5,0.0102,99.9727,0.0175
south_america,2018.6,0.0114,99.9696,0.0194
south_america,2018.7,0.0128,99.9662,0.0215
south_america,2018.8,0.0143,99.9624,0.0238
south_america,2018.9,0.0160,99.9582,0.0264
south_america,2019.0,0.0179,99.9537,0.0292
south_america,2019.1,0.0199,99.9487,0.0322
south_america,2019.2,0.0222,99.9432,0.0355
south_america,2019.3,0.0247,99.9373,0.0390
south_america,2019.4,0.0274,99.9308,0.0429
south_america,2019.5,0.0304,99.9237,0.0471
south_america,2019.6,0.0337,99.9160,0.0517
south_america,2019.7,0.0373,99.9076,0.0567
south_america,2019.8,0.0412,99.8984,0.0620
south_america,2019.9,0.0455,99.8885,0.0678
south_america,2020.0,0.0501,99.8777,0.0741
south_america,2020.1,0.0553,99.8660,0.0809
south_america,2020.2,0.0608,99.8533,0.0881
south_america,2020.3,0.0669,99.8396,0.0960
south_america,2020.4,0.0736,99.8247,0.1045
south_america,2020.5,0.0808,99.8086,0.1136
south_america,2020.6,0.0887,99.7912,0.1233
south_america,2020.7,0.0973,99.7724,0.1338
south_america,2020.8,0.1067,99.7520,0.1451
south_america,2020.9,0.1170,99.7300,0.1572
south_america,2021.0,0.1282,99.7063,0.1701
south_america,2021.1,0.1404,99.6806,0.1840
south_america,2021.2,0.1538,99.6529,0.1988
south_america,2021.3,0.1683,99.6231,0.2146
south_america,2021.4,0.1841,99.5908,0.2315
south_america,2021.5,0.2013,99.5561,0.2496
south_america,2021.6,0.2200,99.5187,0.2689
south_america,2021.7,0.2404,99.4784,0.2894
south_america,2021.8,0.2625,99.4350,0.3113
south_america,2021.9,0.2865,99.3883,0.3346
south_america,2022.0,0.3125,99.3381,0.3594
south_america,2022.1,0.3407,99.2841,0.3857
south_america,2022.2,0.3713,99.2261,0.4137
south_america,2022.3,0.4043,99.1639,0.4434
south_america,2022.4,0.4401,99.0972,0.4750
south_america,2022.5,0.4786,99.0256,0.5084
south_america,2022.6,0.5202,98.9489,0.5439
south_america,2022.7,0.5651,98.8668,0.5814
south_america,2022.8,0.6134,98.7788,0.6211
south_america,2022.9,0.6654,98.6848,0.6632
south_america,2023.0,0.7213,98.5843,0.7076
south_america,2023.1,0.7813,98.4770,0.7546
south_america,2023.2,0.8458,98.3624,0.8042
south_america,2023.3,0.9149,98.2401,0.8565
south_america,2023.4,0.9889,98.1098,0.9117
south_america,2023.5,1.0681,97.9710,0.9701
south_america,2023.6,1.1529,97.8232,1.0331
south_america,2023.7,1.2434,97.6660,1.0995
south_america,2023.8,1.3401,97.4988,1.1697
south_america,2023.9,1.4433,97.3212,1.2436
south_america,2024.0,1.5532,97.1327,1.3215
south_america,2024.1,1.6703,96.9327,1.4035
south_america,2024.2,1.7949,96.7207,1.4899
south_america,2024.3,1.9274,96.4960,1.5808
south_america,2024.4,2.0682,96.2582,1.6764
south_america,2024.5,2.2177,96.0066,1.7768
south_america,2024.6,2.3762,95.7407,1.8831
south_america,2024.7,2.5443,95.4597,1.9960
south_america,2024.8,2.7223,95.1631,2.1146
south_america,2024.9,2.9106,94.8503,2.2391
south_america,2025.0,3.1098,94.5205,2.3697
south_america,2025.1,3.3203,94.1731,2.5065
south_america,2025.2,3.5426,93.8075,2.6499
south_america,2025.3,3.7770,93.4230,2.8000
south_america,2025.4,4.0242,93.0189,2.9569
south_america,2025.5,4.2846,92.5945,3.1209
south_america,2025.6,4.5587,92.1491,3.2922
south_america,2025.7,4.8470,91.6820,3.4709
south_america,2025.8,5.1500,91.1927,3.6573
south_america,2025.9,5.4682,90.6803,3.8514
south_america,2026.0,5.8021,90.1443,4.0536
south_america,2026.1,6.1522,89.5840,4.2638
south_america,2026.2,6.5191,88.9987,4.4823
south_america,2026.3,6.9031,88.3878,4.7091
south_america,2026.4,7.3048,87.7506,4.9445
south_america,2026.5,7.7247,87.0867,5.1885
south_america,2026.6,8.1633,86.3955,5.4413
south_america,2026.7,8.6209,85.6763,5.7028
south_america,2026.8,9.0981,84.9288,5.9731
south_america,2026.9,9.5952,84.1524,6.2524
south_america,2027.0,10.1127,83.3467,6.5406
south_america,2027.1,10.6509,82.5114,6.8377
south_america,2027.2,11.2102,81.6461,7.1438
south_america,2027.3,11.7909,80.7505,7.4586
south_america,2027.4,12.3933,79.8244,7.7823
south_america,2027.5,13.0177,78.8676,8.1147
south_america,2027.6,13.6643,77.8801,8.4556
south_america,2027.7,14.3333,76.8618,8.8048
south_america,2027.8,15.0249,75.8128,9.1623
south_america,2027.9,15.7391,74.7332,9.5277
south_america,2028.0,16.4760,73.6232,9.9008
south_america,2028.1,17.2356,72.4832,10.2812
south_america,2028.2,18.0180,71.3134,10.6686
south_america,2028.3,18.8230,70.1145,11.0625
south_america,2028.4,19.6506,68.8869,11.4625
south_america,2028.5,20.5005,67.6314,11.8681
south_america,2028.6,21.3727,66.3487,12.2786
south_america,2028.7,22.2668,65.0398,12.6935
south_america,2028.8,23.1825,63.7055,13.1120
south_america,2028.9,24.1195,62.3472,13.5333
south_america,2029.0,25.0775,60.9658,13.9567
south_america,2029.1,26.0561,59.5627,14.3812
south_america,2029.2,27.0548,58.1394,14.8058
south_america,2029.3,28.0732,56.6973,15.2295
south_america,2029.4,29.1107,55.2380,15.6513
south_america,2029.5,30.1669,53.7632,16.0699
south_america,2029.6,31.2413,52.2747,16.4840
south_america,2029.7,32.3333,50.7743,16.8924
south_america,2029.8,33.4424,49.2639,17.2937
south_america,2029.9,34.5679,47.7457,17.6864
south_america,2030.0,35.7094,46.2215,18.0691
south_america,2030.1,36.8663,44.6935,18.4402
south_america,2030.2,38.0379,43.1640,18.7981
south_america,2030.3,39.2237,41.6350,19.1412
south_america,2030.4,40.4232,40.1089,19.4679
south_america,2030.5,41.6356,38.5879,19.7765
south_america,2030.6,42.8604,37.0743,20.0653
south_america,2030.7,44.0970,35.5703,20.3327
south_america,2030.8,45.3446,34.0783,20.5771
south_america,2030.9,46.6027,32.6006,20.7967
south_america,2031.0,47.8705,31.1394,20.9901
south_america,2031.1,49.1473,29.6969,21.1558
south_america,2031.2,50.4322,28.2754,21.2924
south_america,2031.3,51.7245,26.8770,21.3985
south_america,2031.4,53.0232,25.5039,21.4729
south_america,2031.5,54.3273,24.1581,21.5145
south_america,2031.6,55.6359,22.8416,21.5225
south_america,2031.7,56.9478,21.5563,21.4959
south_america,2031.8,58.2618,20.3039,21.4343
south_america,2031.9,59.5766,19.0863,21.3371
south_america,2032.0,60.8909,17.9049,21.2042
south_america,2032.1,62.2033,16.7613,21.0354
south_america,2032.2,63.5122,15.6567,20.8311
south_america,2032.3,64.8161,14.5923,20.5916
south_america,2032.4,66.1133,13.5691,20.3176
south_america,2032.5,67.4021,12.5880,20.0099
south_america,2032.6,68.6808,11.6496,19.6696
south_america,2032.7,69.9476,10.7544,19.2980
south_america,2032.8,71.2007,9.9027,18.8966
south_america,2032.9,72.4382,9.0946,18.4672
south_america,2033.0,73.6583,8.3301,18.0116
south_america,2033.1,74.8591,7.6089,17.5320
south_america,2033.2,76.0390,6.9305,17.0305
south_america,2033.3,77.1962,6.2943,16.5095
south_america,2033.4,78.3289,5.6995,15.9715
south_america,2033.5,79.4356,5.1453,15.4191
south_america,2033.6,80.5148,4.6304,14.8548
south_america,2033.7,81.5649,4.1537,14.2814
south_america,2033.8,82.5847,3.7138,13.7015
south_america,2033.9,83.5729,3.3093,13.1178
south_america,2034.0,84.5286,2.9386,12.5329
south_america,2034.1,85.4506,2.6001,11.9493
south_america,2034.2,86.3384,2.2922,11.3694
south_america,2034.3,87.1911,2.0132,10.7958
south_america,2034.4,88.0083,1.7612,10.2304
south_america,2034.5,88.7897,1.5347,9.6755
south_america,2034.6,89.5352,1.3319,9.1330
south_america,2034.7,90.2446,1.1510,8.6045
south_america,2034.8,90.9181,0.9903,8.0915
south_america,2034.9,91.5561,0.8483,7.5955
south_america,2035.0,92.1590,0.7233,7.1176
south_america,2035.1,92.7274,0.6139,6.6588
south_america,2035.2,93.2619,0.5185,6.2196
south_america,2035.3,93.7635,0.4357,5.8008
south_america,2035.4,94.2330,0.3643,5.4027
south_america,2035.5,94.6716,0.3029,5.0254
south_america,2035.6,95.0804,0.2506,4.6690
south_america,2035.7,95.4606,0.2061,4.3333
south_america,2035.8,95.8135,0.1686,4.0179
south_america,2035.9,96.1405,0.1371,3.7225
south_america,2036.0,96.4429,0.1108,3.4464
south_america,2036.1,96.7220,0.0890,3.1890
south_america,2036.2,96.9794,0.0710,2.9496
south_america,2036.3,97.2164,0.0563,2.7273
south_america,2036.4,97.4343,0.0443,2.5213
south_america,2036.5,97.6346,0.0347,2.3307
south_america,2036.6,97.8185,0.0269,2.1545
south_america,2036.7,97.9874,0.0208,1.9918
south_america,2036.8,98.1424,0.0159,1.8417
south_america,2036.9,98.2847,0.0121,1.7032
south_america,2037.0,98.4153,0.0091,1.5755
south_america,2037.1,98.5354,0.0068,1.4578
south_america,2037.2,98.6459,0.0051,1.3491
south_america,2037.3,98.7475,0.0037,1.2487
south_america,2037.4,98.8413,0.0027,1.1560
south_america,2037.5,98.9278,0.0020,1.0702
south_america,2037.6,99.0078,0.0014,0.9908
south_america,2037.7,99.0818,0.0010,0.9172
south_america,2037.8,99.1505,0.0007,0.8488
south_america,2037.9,99.2142,0.0005,0.7853
south_america,2038.0,99.2735,0.0003,0.7262
south_america,2038.1,99.3287,0.0002,0.6711
south_america,2038.2,99.3801,0.0002,0.6198
south_america,2038.3,99.4280,0.0001,0.5719
south_america,2038.4,99.4728,0.0001,0.5272
south_america,2038.5,99.5145,0.0000,0.4854
south_america,2038.6,99.5535,0.0000,0.4465
south_america,2038.7,99.5899,0.0000,0.4101
south_america,2038.8,99.6239,0.0000,0.3761
south_america,2038.9,99.6556,0.0000,0.3444
south_america,2039.0,99.6851,0.0000,0.3149
south_america,2039.1,99.7125,0.0000,0.2874
south_america,2039.2,99.7381,0.0000,0.2619
south_america,2039.3,99.7618,0.0000,0.2382
south_america,2039.4,99.7838,0.0000,0.2162
south_america,2039.5,99.8042,0.0000,0.1958
south_america,2039.6,99.8230,0.0000,0.1770
south_america,2039.7,99.8403,0.0000,0.1597
south_america,2039.8,99.8562,0.0000,0.1438
south_america,2039.9,99.8709,0.0000,0.1291
south_america,2040.0,99.8843,0.0000,0.1157
south_america,2040.1,99.8966,0.0000,0.1034
south_america,2040.2,99.9077,0.0000,0.0923
south_america,2040.3,99.9179,0.0000,0.0821
south_america,2040.4,99.9271,0.0000,0.0729
south_america,2040.5,99.9355,0.0000,0.0645
south_america,2040.6,99.9430,0.0000,0.0570
south_america,2040.7,99.9498,0.0000,0.0502
south_america,2040.8,99.9559,0.0000,0.0441
south_america,2040.9,99.9614,0.0000,0.0386
south_america,2041.0,99.9663,0.0000,0.0337
south_america,2041.1,99.9706,0.0000,0.0294
south_america,2041.2,99.9745,0.0000,0.0255
south_america,2041.3,99.9779,0.0000,0.0221
south_america,2041.4,99.9809,0.0000,0.0191
south_america,2041.5,99.9836,0.0000,0.0164
south_america,2041.6,99.9859,0.0000,0.0141
south_america,2041.7,99.9879,0.0000,0.0121
south_america,2041.8,99.9897,0.0000,0.0103
south_america,2041.9,99.9912,0.0000,0.0088
south_america,2042.0,99.9926,0.0000,0.0074
south_america,2042.1,99.9937,0.0000,0.0063
south_america,2042.2,99.9947,0.0000,0.0053
south_america,2042.3,99.9956,0.0000,0.0044
south_america,2042.4,99.9963,0.0000,0.0037
south_america,2042.5,99.9969,0.0000,0.0031
south_america,2042.6,99.9974,0.0000,0.0026
south_america,2042.7,99.9979,0.0000,0.0021
south_america,2042.8,99.9983,0.0000,0.0017
south_america,2042.9,99.9986,0.0000,0.0014
south_america,2043.0,99.9988,0.0000,0.0012
south_america,2043.1,99.9990,0.0000,0.0010
south_america,2043.2,99.9992,0.0000,0.0008
south_america,2043.3,99.9994,0.0000,0.0006
south_america,2043.4,99.9995,0.0000,0.0005
south_america,2043.5,99.9996,0.0000,0.0004
south_america,2043.6,99.9997,0.0000,0.0003
south_america,2043.7,99.9997,0.0000,0.0003
south_america,2043.8,99.9998,0.0000,0.0002
south_america,2043.9,99.9998,0.0000,0.0002
south_america,2044.0,99.9999,0.0000,0.0001
south_america,2044.1,99.9999,0.0000,0.0001
south_america,2044.2,99.9999,0.0000,0.0001
south_america,2044.3,99.9999,0.0000,0.0001
south_america,2044.4,100.0000,0.0000,0.0000
south_america,2044.5,100.0000,0.0000,0.0000
south_america,2044.6,100.0000,0.0000,0.0000
south_america,2044.7,100.0000,0.0000,0.0000
south_america,2044.8,100.0000,0.0000,0.0000
south_america,2044.9,100.0000,0.0000,0.0000
south_america,2045.0,100.0000,0.0000,0.0000
south_america,2045.1,100.0000,0.0000,0.0000
south_america,2045.2,100.0000,0.0000,0.0000
south_america,2045.3,100.0000,0.0000,0.0000
south_america,2045.4,100.0000,0.0000,0.0000
south_america,2045.5,100.0000,0.0000,0.0000
south_america,2045.6,100.0000,0.0000,0.0000
south_america,2045.7,100.0000,0.0000,0.0000
south_america,2045.8,100.0000,0.0000,0.0000
south_america,2045.9,100.0000,0.0000,0.0000
south_america,2046.0,100.0000,0.0000,0.0000
south_america,2046.1,100.0000,0.0000,0.0000
south_america,2046.2,100.0000,0.0000,0.0000
south_america,2046.3,100.0000,0.0000,0.0000
south_america,2046.4,100.0000,0.0000,0.0000
south_america,2046.5,100.0000,0.0000,0.0000
south_america,2046.6,100.0000,0.0000,0.0000
south_america,2046.7,100.0000,0.0000,0.0000
south_america,2046.8,100.0000,0.0000,0.0000
south_america,2046.9,100.0000,0.0000,0.0000
south_america,2047.0,100.0000,0.0000,0.0000
south_america,2047.1,100.0000,0.0000,0.0000
south_america,2047.2,100.0000,0.0000,0.0000
south_america,2047.3,100.0000,0.0000,0.0000
south_america,2047.4,100.0000,0.0000,0.0000
south_america,2047.5,100.0000,0.0000,0.0000
south_america,2047.6,100.0000,0.0000,0.0000
south_america,2047.7,100.0000,0.0000,0.0000
south_america,2047.8,100.0000,0.0000,0.0000
south_america,2047.9,100.0000,0.0000,0.0000
south_america,2048.0,100.0000,0.0000,0.0000
south_america,2048.1,100.0000,0.0000,0.0000
south_america,2048.2,100.0000,0.0000,0.0000
south_america,2048.3,100.0000,0.0000,0.0000
south_america,2048.4,100.0000,0.0000,0.0000
south_america,2048.5,100.0000,0.0000,0.0000
south_america,2048.6,100.0000,0.0000,0.0000
south_america,2048.7,100.0000,0.0000,0.0000
south_america,2048.8,100.0000,0.0000,0.0000
south_america,2048.9,100.0000,0.0000,0.0000
south_america,2049.0,100.0000,0.0000,0.0000
south_america,2049.1,100.0000,0.0000,0.0000
south_america,2049.2,100.0000,0.0000,0.0000
south_america,2049.3,100.0000,0.0000,0.0000
south_america,2049.4,100.0000,0.0000,0.0000
south_america,2049.5,100.0000,0.0000,0.0000
south_america,2049.6,100.0000,0.0000,0.0000
south_america,2049.7,100.0000,0.0000,0.0000
south_america,2049.8,100.0000,0.0000,0.0000
south_america,2049.9,100.0000,0.0000,0.0000
south_america,2050.0,100.0000,0.0000,0.0000
americas,2015.0,0.3174,99.5011,0.1815
americas,2015.1,0.3351,99.4754,0.1896
americas,2015.2,0.3534,99.4488,0.1979
americas,2015.3,0.3723,99.4214,0.2063
americas,2015.4,0.3919,99.3932,0.2149
americas,2015.5,0.4121,99.3642,0.2237
americas,2015.6,0.4329,99.3344,0.2327
americas,2015.7,0.4544,99.3037,0.2418
americas,2015.8,0.4766,99.2723,0.2511
americas,2015.9,0.4995,99.2399,0.2606
americas,2016.0,0.5230,99.2067,0.2703
americas,2016.1,0.5472,99.1727,0.2801
americas,2016.2,0.5721,99.1378,0.2901
americas,2016.3,0.5977,99.1020,0.3003
americas,2016.4,0.6241,99.0654,0.3106
americas,2016.5,0.6511,99.0278,0.3211
americas,2016.6,0.6789,98.9894,0.3317
americas,2016.7,0.7074,98.9500,0.3426
americas,2016.8,0.7367,98.9097,0.3536
americas,2016.9,0.7667,98.8686,0.3647
americas,2017.0,0.7975,98.8265,0.3760
americas,2017.1,0.8291,98.7834,0.3875
americas,2017.2,0.8614,98.7395,0.3992
americas,2017.3,0.8945,98.6945,0.4110
americas,2017.4,0.9284,98.6487,0.4229
americas,2017.5,0.9631,98.6018,0.4350
americas,2017.6,0.9987,98.5540,0.4473
americas,2017.7,1.0350,98.5053,0.4597
americas,2017.8,1.0722,98.4555,0.4723
americas,2017.9,1.1102,98.4047,0.4851
americas,2018.0,1.1490,98.3530,0.4980
americas,2018.1,1.1887,98.3002,0.5111
americas,2018.2,1.2293,98.2465,0.5243
americas,2018.3,1.2707,98.1917,0.5377
americas,2018.4,1.3130,98.1359,0.5512
americas,2018.5,1.3562,98.0790,0.5649
americas,2018.6,1.4002,98.0211,0.5787
americas,2018.7,1.4452,97.9622,0.5927
americas,2018.8,1.4911,97.9022,0.6069
americas,2018.9,1.5378,97.8411,0.6212
americas,2019.0,1.5856,97.7789,0.6357
americas,2019.1,1.6342,97.7156,0.6503
americas,2019.2,1.6838,97.6513,0.6651
americas,2019.3,1.7343,97.5858,0.6800
americas,2019.4,1.7858,97.5192,0.6952
americas,2019.5,1.8383,97.4515,0.7104
americas,2019.6,1.8917,97.3826,0.7259
americas,2019.7,1.9461,97.3126,0.7415
americas,2019.8,2.0016,97.2414,0.7573
americas,2019.9,2.0580,97.1690,0.7733
americas,2020.0,2.1154,97.0955,0.7894
americas,2020.1,2.1739,97.0207,0.8057
americas,2020.2,2.2334,96.9447,0.8222
americas,2020.3,2.2940,96.8675,0.8389
americas,2020.4,2.3556,96.7891,0.8557
americas,2020.5,2.4184,96.7093,0.8728
americas,2020.6,2.4822,96.6283,0.8900
americas,2020.7,2.5471,96.5460,0.9075
americas,2020.8,2.6131,96.4623,0.9252
americas,2020.9,2.6803,96.3773,0.9430
americas,2021.0,2.7486,96.2910,0.9611
americas,2021.1,2.8182,96.2032,0.9794
americas,2021.2,2.8889,96.1141,0.9980
americas,2021.3,2.9608,96.0235,1.0167
americas,2021.4,3.0339,95.9314,1.0357
americas,2021.5,3.1083,95.8378,1.0550
americas,2021.6,3.1840,95.7427,1.0745
americas,2021.7,3.2610,95.6460,1.0943
americas,2021.8,3.3393,95.5477,1.1144
americas,2021.9,3.4190,95.4478,1.1347
americas,2022.0,3.5000,95.3463,1.1553
americas,2022.1,3.5825,95.2430,1.1763
americas,2022.2,3.6663,95.1380,1.1975
americas,2022.3,3.7517,95.0311,1.2191
americas,2022.4,3.8385,94.9225,1.2410
americas,2022.5,3.9269,94.8119,1.2632
americas,2022.6,4.0168,94.6994,1.2859
americas,2022.7,4.1084,94.5849,1.3088
americas,2022.8,4.2015,94.4684,1.3322
americas,2022.9,4.2964,94.3498,1.3560
americas,2023.0,4.3930,94.2290,1.3802
americas,2023.1,4.4913,94.1060,1.4048
americas,2023.2,4.5914,93.9807,1.4299
americas,2023.3,4.6934,93.8531,1.4554
americas,2023.4,4.7972,93.7231,1.4814
americas,2023.5,4.9031,93.5905,1.5079
americas,2023.6,5.0109,93.4554,1.5352
americas,2023.7,5.1207,93.3177,1.5630
americas,2023.8,5.2327,93.1772,1.5915
americas,2023.9,5.3468,93.0340,1.6206
americas,2024.0,5.4631,92.8879,1.6503
americas,2024.1,5.5817,92.7388,1.6806
americas,2024.2,5.7026,92.5866,1.7117
americas,2024.3,5.8259,92.4313,1.7435
americas,2024.4,5.9517,92.2728,1.7760
americas,2024.5,6.0800,92.1109,1.8093
americas,2024.6,6.2109,91.9456,1.8436
americas,2024.7,6.3444,91.7767,1.8789
americas,2024.8,6.4807,91.6043,1.9150
americas,2024.9,6.6198,91.4281,1.9522
americas,2025.0,6.7618,91.2480,1.9902
americas,2025.1,6.9067,91.0640,2.0293
americas,2025.2,7.0547,90.8760,2.0693
americas,2025.3,7.2058,90.6838,2.1105
americas,2025.4,7.3600,90.4873,2.1526
americas,2025.5,7.5176,90.2865,2.1959
americas,2025.6,7.6785,90.0812,2.2404
americas,2025.7,7.8428,89.8712,2.2859
americas,2025.8,8.0107,89.6566,2.3327
americas,2025.9,8.1821,89.4372,2.3807
americas,2026.0,8.3572,89.2129,2.4299
americas,2026.1,8.5361,88.9836,2.4803
americas,2026.2,8.7188,88.7491,2.5321
americas,2026.3,8.9055,88.5094,2.5851
americas,2026.4,9.0961,88.2644,2.6394
americas,2026.5,9.2909,88.0140,2.6951
americas,2026.6,9.4898,87.7582,2.7521
americas,2026.7,9.6929,87.4967,2.8104
americas,2026.8,9.9003,87.2296,2.8701
americas,2026.9,10.1121,86.9568,2.9312
americas,2027.0,10.3283,86.6781,2.9936
americas,2027.1,10.5490,86.3937,3.0574
americas,2027.2,10.7742,86.1033,3.1225
americas,2027.3,11.0040,85.8070,3.1890
americas,2027.4,11.2385,85.5047,3.2568
americas,2027.5,11.4777,85.1964,3.3259
americas,2027.6,11.7216,84.8821,3.3963
americas,2027.7,11.9703,84.5618,3.4679
americas,2027.8,12.2237,84.2355,3.5408
americas,2027.9,12.4819,83.9032,3.6148
americas,2028.0,12.7449,83.5650,3.6900
americas,2028.1,13.0128,83.2210,3.7663
americas,2028.2,13.2854,82.8711,3.8435
americas,2028.3,13.5628,82.5155,3.9217
americas,2028.4,13.8450,82.1542,4.0008
americas,2028.5,14.1319,81.7875,4.0806
americas,2028.6,14.4235,81.4154,4.1612
americas,2028.7,14.7197,81.0380,4.2423
americas,2028.8,15.0206,80.6556,4.3238
americas,2028.9,15.3260,80.2683,4.4057
americas,2029.0,15.6360,79.8763,4.4878
americas,2029.1,15.9503,79.4798,4.5699
americas,2029.2,16.2690,79.0791,4.6519
americas,2029.3,16.5920,78.6744,4.7336
americas,2029.4,16.9192,78.2660,4.8149
americas,2029.5,17.2505,77.8541,4.8954
americas,2029.6,17.5858,77.4391,4.9752
americas,2029.7,17.9250,77.0212,5.0538
americas,2029.8,18.2681,76.6008,5.1311
americas,2029.9,18.6149,76.1782,5.2069
americas,2030.0,18.9653,75.7538,5.2809
americas,2030.1,19.3194,75.3278,5.3529
americas,2030.2,19.6768,74.9006,5.4225
americas,2030.3,20.0376,74.4727,5.4896
americas,2030.4,20.4017,74.0444,5.5539
americas,2030.5,20.7689,73.6160,5.6151
americas,2030.6,21.1392,73.1879,5.6729
americas,2030.7,21.5124,72.7605,5.7271
americas,2030.8,21.8884,72.3342,5.7773
americas,2030.9,22.2672,71.9094,5.8234
americas,2031.0,22.6485,71.4864,5.8651
americas,2031.1,23.0324,71.0656,5.9021
americas,2031.2,23.4185,70.6474,5.9341
americas,2031.3,23.8069,70.2320,5.9611
americas,2031.4,24.1973,69.8200,5.9827
americas,2031.5,24.5896,69.4116,5.9989
americas,2031.6,24.9835,69.0071,6.0094
americas,2031.7,25.3791,68.6068,6.0141
americas,2031.8,25.7759,68.2111,6.0130
americas,2031.9,26.1738,67.8203,6.0059
americas,2032.0,26.5727,67.4345,5.9928
americas,2032.1,26.9722,67.0541,5.9737
americas,2032.2,27.3721,66.6793,5.9487
americas,2032.3,27.7721,66.3102,5.9177
americas,2032.4,28.1720,65.9470,5.8810
americas,2032.5,28.5715,65.5900,5.8386
americas,2032.6,28.9702,65.2391,5.7907
americas,2032.7,29.3680,64.8945,5.7375
americas,2032.8,29.7645,64.5562,5.6793
americas,2032.9,30.1593,64.2243,5.6164
americas,2033.0,30.5523,63.8987,5.5490
americas,2033.1,30.9430,63.5795,5.4775
americas,2033.2,31.3313,63.2665,5.4023
americas,2033.3,31.7167,62.9597,5.3236
americas,2033.4,32.0991,62.6589,5.2420
americas,2033.5,32.4781,62.3640,5.1579
americas,2033.6,32.8536,62.0748,5.0716
americas,2033.7,33.2252,61.7912,4.9836
americas,2033.8,33.5927,61.5130,4.8943
americas,2033.9,33.9560,61.2398,4.8042
americas,2034.0,34.3148,60.9715,4.7137
americas,2034.1,34.6690,60.7078,4.6232
americas,2034.2,35.0185,60.4485,4.5330
americas,2034.3,35.3631,60.1932,4.4437
americas,2034.4,35.7028,59.9418,4.3554
americas,2034.5,36.0375,59.6939,4.2686
americas,2034.6,36.3672,59.4492,4.1836
americas,2034.7,36.6917,59.2076,4.1006
americas,2034.8,37.0113,58.9687,4.0200
americas,2034.9,37.3259,58.7323,3.9418
americas,2035.0,37.6355,58.4981,3.8663
americas,2035.1,37.9403,58.2660,3.7937
americas,2035.2,38.2404,58.0355,3.7241
americas,2035.3,38.5359,57.8067,3.6575
americas,2035.4,38.8269,57.5792,3.5940
americas,2035.5,39.1136,57.3528,3.5336
americas,2035.6,39.3961,57.1274,3.4764
americas,2035.7,39.6748,56.9029,3.4224
americas,2035.8,39.9497,56.6790,3.3714
americas,2035.9,40.2211,56.4556,3.3233
americas,2036.0,40.4891,56.2326,3.2782
americas,2036.1,40.7541,56.0100,3.2359
americas,2036.2,41.0162,55.7875,3.1962
americas,2036.3,41.2757,55.5652,3.1591
americas,2036.4,41.5327,55.3429,3.1244
americas,2036.5,41.7874,55.1206,3.0919
americas,2036.6,42.0401,54.8983,3.0616
americas,2036.7,42.2910,54.6758,3.0332
americas,2036.8,42.5402,54.4532,3.0066
americas,2036.9,42.7880,54.2304,2.9816
americas,2037.0,43.0344,54.0074,2.9582
americas,2037.1,43.2797,53.7841,2.9361
americas,2037.2,43.5240,53.5607,2.9153
americas,2037.3,43.7675,53.3370,2.8956
americas,2037.4,44.0101,53.1130,2.8768
americas,2037.5,44.2522,52.8888,2.8590
americas,2037.6,44.4937,52.6644,2.8420
americas,2037.7,44.7347,52.4396,2.8257
americas,2037.8,44.9753,52.2147,2.8100
americas,2037.9,45.2157,51.9895,2.7948
americas,2038.0,45.4558,51.7641,2.7802
americas,2038.1,45.6957,51.5384,2.7659
americas,2038.2,45.9354,51.3125,2.7521
americas,2038.3,46.1750,51.0865,2.7385
americas,2038.4,46.4146,50.8602,2.7253
americas,2038.5,46.6540,50.6337,2.7123
americas,2038.6,46.8935,50.4070,2.6995
americas,2038.7,47.1329,50.1802,2.6869
americas,2038.8,47.3723,49.9532,2.6745
americas,2038.9,47.6118,49.7260,2.6623
americas,2039.0,47.8512,49.4987,2.6501
americas,2039.1,48.0907,49.2712,2.6381
americas,2039.2,48.3302,49.0436,2.6262
americas,2039.3,48.5698,48.8159,2.6143
americas,2039.4,48.8094,48.5881,2.6025
americas,2039.5,49.0490,48.3602,2.5908
americas,2039.6,49.2887,48.1322,2.5791
americas,2039.7,49.5285,47.9041,2.5674
americas,2039.8,49.7683,47.6760,2.5557
americas,2039.9,50.0082,47.4478,2.5440
americas,2040.0,50.2481,47.2195,2.5323
americas,2040.1,50.4881,46.9912,2.5206
americas,2040.2,50.7282,46.7629,2.5089
americas,2040.3,50.9684,46.5345,2.4971
americas,2040.4,51.2086,46.3062,2.4853
americas,2040.5,51.4488,46.0778,2.4734
americas,2040.6,51.6892,45.8494,2.4614
americas,2040.7,51.9296,45.6211,2.4493
americas,2040.8,52.1700,45.3928,2.4372
americas,2040.9,52.4105,45.1645,2.4250
americas,2041.0,52.6511,44.9362,2.4127
americas,2041.1,52.8917,44.7080,2.4002
americas,2041.2,53.1324,44.4799,2.3877
americas,2041.3,53.3731,44.2518,2.3750
americas,2041.4,53.6139,44.0239,2.3622
americas,2041.5,53.8547,43.7960,2.3493
americas,2041.6,54.0955,43.5682,2.3363
americas,2041.7,54.3364,43.3405,2.3231
americas,2041.8,54.5773,43.1130,2.3098
americas,2041.9,54.8182,42.8855,2.2963
americas,2042.0,55.0590,42.6582,2.2827
americas,2042.1,55.2999,42.4311,2.2690
americas,2042.2,55.5408,42.2041,2.2551
americas,2042.3,55.7817,41.9773,2.2410
americas,2042.4,56.0225,41.7506,2.2269
americas,2042.5,56.2633,41.5241,2.2125
americas,2042.6,56.5041,41.2979,2.1980
americas,2042.7,56.7448,41.0718,2.1834
americas,2042.8,56.9855,40.8459,2.1686
americas,2042.9,57.2260,40.6203,2.1537
americas,2043.0,57.4665,40.3948,2.1386
americas,2043.1,57.7070,40.1696,2.1234
americas,2043.2,57.9473,39.9447,2.1080
americas,2043.3,58.1875,39.7200,2.0925
americas,2043.4,58.4275,39.4956,2.0769
americas,2043.5,58.6675,39.2714,2.0611
americas,2043.6,58.9073,39.0475,2.0452
americas,2043.7,59.1470,38.8239,2.0291
americas,2043.8,59.3865,38.6006,2.0129
americas,2043.9,59.6258,38.3776,1.9966
americas,2044.0,59.8649,38.1549,1.9801
americas,2044.1,60.1039,37.9326,1.9636
americas,2044.2,60.3426,37.7105,1.9468
americas,2044.3,60.5811,37.4888,1.9300
americas,2044.4,60.8194,37.2675,1.9131
americas,2044.5,61.0575,37.0465,1.8960
americas,2044.6,61.2953,36.8258,1.8788
americas,2044.7,61.5329,36.6056,1.8615
americas,2044.8,61.7702,36.3857,1.8441
americas,2044.9,62.0072,36.1662,1.8266
americas,2045.0,62.2440,35.9471,1.8090
americas,2045.1,62.4804,35.7284,1.7913
americas,2045.2,62.7165,35.5101,1.7734
americas,2045.3,62.9523,35.2922,1.7555
americas,2045.4,63.1878,35.0747,1.7375
americas,2045.5,63.4229,34.8577,1.7194
americas,2045.6,63.6577,34.6411,1.7012
americas,2045.7,63.8922,34.4249,1.6829
americas,2045.8,64.1262,34.2092,1.6645
americas,2045.9,64.3599,33.9940,1.6461
americas,2046.0,64.5932,33.7792,1.6276
americas,2046.1,64.8261,33.5650,1.6090
americas,2046.2,65.0585,33.3512,1.5903
americas,2046.3,65.2906,33.1378,1.5716
americas,2046.4,65.5222,32.9250,1.5527
americas,2046.5,65.7534,32.7127,1.5339
americas,2046.6,65.9842,32.5009,1.5149
americas,2046.7,66.2144,32.2896,1.4959
americas,2046.8,66.4442,32.0789,1.4769
americas,2046.9,66.6736,31.8686,1.4578
americas,2047.0,66.9024,31.6589,1.4386
americas,2047.1,67.1308,31.4498,1.4194
americas,2047.2,67.3586,31.2412,1.4002
americas,2047.3,67.5860,31.0332,1.3809
americas,2047.4,67.8128,30.8257,1.3615
americas,2047.5,68.0390,30.6188,1.3422
americas,2047.6,68.2648,30.4125,1.3228
americas,2047.7,68.4900,30.2067,1.3033
americas,2047.8,68.7146,30.0015,1.2839
americas,2047.9,68.9386,29.7970,1.2644
americas,2048.0,69.1621,29.5930,1.2449
americas,2048.1,69.3850,29.3897,1.2253
americas,2048.2,69.6073,29.1869,1.2058
americas,2048.3,69.8290,28.9848,1.1862
americas,2048.4,70.0501,28.7833,1.1666
americas,2048.5,70.2705,28.5824,1.1471
americas,2048.6,70.4904,28.3822,1.1275
americas,2048.7,70.7096,28.1826,1.1079
americas,2048.8,70.9281,27.9836,1.0883
americas,2048.9,71.1460,27.7853,1.0687
americas,2049.0,71.3632,27.5877,1.0491
americas,2049.1,71.5798,27.3907,1.0295
americas,2049.2,71.7957,27.1944,1.0099
americas,2049.3,72.0109,26.9987,0.9903
americas,2049.4,72.2254,26.8038,0.9708
americas,2049.5,72.4393,26.6095,0.9513
americas,2049.6,72.6524,26.4159,0.9318
americas,2049.7,72.8648,26.2230,0.9123
americas,2049.8,73.0765,26.0307,0.8928
americas,2049.9,73.2874,25.8392,0.8734
americas,2050.0,73.4976,25.6484,0.8539
asia,2015.0,0.3865,99.7063,0.0357
asia,2015.1,0.4139,99.6827,0.0366
asia,2015.2,0.4428,99.6576,0.0375
asia,2015.3,0.4732,99.6307,0.0385
asia,2015.4,0.5052,99.6020,0.0394
asia,2015.5,0.5388,99.5715,0.0403
asia,2015.6,0.5741,99.5389,0.0412
asia,2015.7,0.6111,99.5043,0.0421
asia,2015.8,0.6499,99.4674,0.0431
asia,2015.9,0.6906,99.4282,0.0440
asia,2016.0,0.7332,99.3867,0.0449
asia,2016.1,0.7779,99.3424,0.0459
asia,2016.2,0.8247,99.2952,0.0470
asia,2016.3,0.8738,99.2451,0.0482
asia,2016.4,0.9251,99.1918,0.0494
asia,2016.5,0.9789,99.1352,0.0507
asia,2016.6,1.0351,99.0753,0.0521
asia,2016.7,1.0938,99.0119,0.0535
asia,2016.8,1.1552,98.9448,0.0550
asia,2016.9,1.2192,98.8739,0.0565
asia,2017.0,1.2859,98.7990,0.0580
asia,2017.1,1.3554,98.7201,0.0596
asia,2017.2,1.4278,98.6369,0.0612
asia,2017.3,1.5031,98.5493,0.0628
asia,2017.4,1.5814,98.4572,0.0645
asia,2017.5,1.6628,98.3603,0.0661
asia,2017.6,1.7474,98.2585,0.0678
asia,2017.7,1.8352,98.1516,0.0695
asia,2017.8,1.9263,98.0395,0.0712
asia,2017.9,2.0208,97.9220,0.0730
asia,2018.0,2.1188,97.7989,0.0824
asia,2018.1,2.2203,97.6699,0.1098
asia,2018.2,2.3253,97.5350,0.1397
asia,2018.3,2.4341,97.3939,0.1720
asia,2018.4,2.5467,97.2464,0.2069
asia,2018.5,2.6630,97.0924,0.2446
asia,2018.6,2.7833,96.9317,0.2851
asia,2018.7,2.9076,96.7639,0.3285
asia,2018.8,3.0359,96.5890,0.3751
asia,2018.9,3.1684,96.4068,0.4249
asia,2019.0,3.3052,96.2169,0.4780
asia,2019.1,3.4462,96.0193,0.5346
asia,2019.2,3.5916,95.8137,0.5948
asia,2019.3,3.7415,95.5999,0.6587
asia,2019.4,3.8959,95.3777,0.7265
asia,2019.5,4.0550,95.1469,0.7983
asia,2019.6,4.2187,94.9072,0.8742
asia,2019.7,4.3872,94.6586,0.9543
asia,2019.8,4.5606,94.4007,1.0388
asia,2019.9,4.7389,94.1333,1.1279
asia,2020.0,4.9223,93.8563,1.2216
asia,2020.1,5.1107,93.5695,1.3200
asia,2020.2,5.3043,93.2726,1.4233
asia,2020.3,5.5031,92.9655,1.5316
asia,2020.4,5.7073,92.6479,1.6450
asia,2020.5,5.9169,92.3197,1.7637
asia,2020.6,6.1319,91.9807,1.8876
asia,2020.7,6.3525,91.6307,2.0171
asia,2020.8,6.5787,91.2695,2.1520
asia,2020.9,6.8106,90.8971,2.2926
asia,2021.0,7.0483,90.5131,2.4389
asia,2021.1,7.2919,90.1174,2.5910
asia,2021.2,7.5413,89.7100,2.7490
asia,2021.3,7.7968,89.2907,2.9129
asia,2021.4,8.0583,88.8592,3.0828
asia,2021.5,8.3259,88.4156,3.2588
asia,2021.6,8.5998,87.9598,3.4409
asia,2021.7,8.8799,87.4915,3.6290
asia,2021.8,9.1663,87.0108,3.8233
asia,2021.9,9.4591,86.5175,4.0238
asia,2022.0,9.7584,86.0116,4.2304
asia,2022.1,10.0642,85.4930,4.4432
asia,2022.2,10.3766,84.9618,4.6621
asia,2022.3,10.6956,84.4179,4.8870
asia,2022.4,11.0213,83.8612,5.1180
asia,2022.5,11.3537,83.2918,5.3549
asia,2022.6,11.6930,82.7098,5.5977
asia,2022.7,12.0391,82.1151,5.8462
asia,2022.8,12.3922,81.5078,6.1005
asia,2022.9,12.7522,80.8880,6.3602
asia,2023.0,13.1192,80.2558,6.6253
asia,2023.1,13.4933,79.6114,6.8957
asia,2023.2,13.8745,78.9547,7.1711
asia,2023.3,14.2628,78.2861,7.4513
asia,2023.4,14.6584,77.6056,7.7362
asia,2023.5,15.0611,76.9135,8.0255
asia,2023.6,15.4712,76.2099,8.3189
asia,2023.7,15.8885,75.4952,8.6163
asia,2023.8,16.3132,74.7694,8.9173
asia,2023.9,16.7453,74.0330,9.2216
asia,2024.0,17.1848,73.2862,9.5290
asia,2024.1,17.6318,72.5293,9.8389
asia,2024.2,18.0862,71.7626,10.1512
asia,2024.3,18.5481,70.9865,10.4653
asia,2024.4,19.0175,70.2014,10.7810
asia,2024.5,19.4945,69.4076,11.0979
asia,2024.6,19.9790,68.6056,11.4154
asia,2024.7,20.4712,67.7957,11.7332
asia,2024.8,20.9708,66.9784,12.0508
asia,2024.9,21.4781,66.1542,12.3677
asia,2025.0,21.9930,65.3235,12.6835
asia,2025.1,22.5155,64.4869,12.9976
asia,2025.2,23.0456,63.6448,13.3097
asia,2025.3,23.5832,62.7977,13.6191
asia,2025.4,24.1284,61.9463,13.9253
asia,2025.5,24.6811,61.0910,14.2278
asia,2025.6,25.2414,60.2325,14.5262
asia,2025.7,25.8090,59.3713,14.8197
asia,2025.8,26.3841,58.5080,15.1079
asia,2025.9,26.9665,57.6432,15.3903
asia,2026.0,27.5562,56.7776,15.6662
asia,2026.1,28.1530,55.9119,15.9352
asia,2026.2,28.7568,55.0466,16.1966
asia,2026.3,29.3675,54.1825,16.4501
asia,2026.4,29.9849,53.3203,16.6949
asia,2026.5,30.6089,52.4606,16.9305
asia,2026.6,31.2392,51.6043,17.1565
asia,2026.7,31.8756,50.7520,17.3724
asia,2026.8,32.5178,49.9047,17.5775
asia,2026.9,33.1656,49.0629,17.7714
asia,2027.0,33.8187,48.2276,17.9537
asia,2027.1,34.4765,47.3996,18.1239
asia,2027.2,35.1388,46.5797,18.2815
asia,2027.3,35.8052,45.7688,18.4261
asia,2027.4,36.4751,44.9677,18.5573
asia,2027.5,37.1480,44.1773,18.6747
asia,2027.6,37.8235,43.3984,18.7780
asia,2027.7,38.5011,42.6320,18.8670
asia,2027.8,39.1800,41.8787,18.9412
asia,2027.9,39.8599,41.1395,19.0006
asia,2028.0,40.5400,40.4151,19.0449
asia,2028.1,41.2198,39.7062,19.0739
asia,2028.2,41.8988,39.0135,19.0877
asia,2028.3,42.5764,38.3375,19.0861
asia,2028.4,43.2521,37.6787,19.0698
asia,2028.5,43.9255,37.0376,19.0392
asia,2028.6,44.5960,36.4143,18.9935
asia,2028.7,45.2634,35.8093,18.9333
asia,2028.8,45.9272,35.2224,18.8602
asia,2028.9,46.5874,34.6538,18.7725
asia,2029.0,47.2436,34.1033,18.6706
asia,2029.1,47.8957,33.5707,18.5549
asia,2029.2,48.5437,33.0557,18.4255
asia,2029.3,49.1875,32.5580,18.2830
asia,2029.4,49.8272,32.0772,18.1278
asia,2029.5,50.4627,31.6127,17.9602
asia,2029.6,51.0942,31.1642,17.7806
asia,2029.7,51.7216,30.7311,17.5895
asia,2029.8,52.3451,30.3129,17.3873
asia,2029.9,52.9647,29.9092,17.1745
asia,2030.0,53.5803,29.5194,16.9516
asia,2030.1,54.1921,29.1431,16.7189
asia,2030.2,54.7999,28.7798,16.4770
asia,2030.3,55.4037,28.4292,16.2265
asia,2030.4,56.0035,28.0906,15.9677
asia,2030.5,56.5990,27.7638,15.7013
asia,2030.6,57.1903,27.4482,15.4279
asia,2030.7,57.7771,27.1434,15.1479
asia,2030.8,58.3594,26.8491,14.8619
asia,2030.9,58.9369,26.5647,14.5707
asia,2031.0,59.5096,26.2899,14.2746
asia,2031.1,60.0772,26.0242,13.9744
asia,2031.2,60.6397,25.7671,13.6706
asia,2031.3,61.1969,25.5182,13.3638
asia,2031.4,61.7487,25.2771,13.0545
asia,2031.5,62.2950,25.0434,12.7434
asia,2031.6,62.8356,24.8165,12.4309
asia,2031.7,63.3704,24.5962,12.1177
asia,2031.8,63.8994,24.3821,11.8041
asia,2031.9,64.4223,24.1736,11.4909
asia,2032.0,64.9393,23.9704,11.1783
asia,2032.1,65.4500,23.7722,10.8669
asia,2032.2,65.9545,23.5786,10.5572
asia,2032.3,66.4528,23.3892,10.2495
asia,2032.4,66.9446,23.2037,9.9443
asia,2032.5,67.4300,23.0219,9.6419
asia,2032.6,67.9090,22.8433,9.3428
asia,2032.7,68.3814,22.6678,9.0472
asia,2032.8,68.8472,22.4950,8.7554
asia,2032.9,69.3064,22.3247,8.4678
asia,2033.0,69.7590,22.1567,8.1846
asia,2033.1,70.2049,21.9907,7.9060
asia,2033.2,70.6441,21.8265,7.6324
asia,2033.3,71.0767,21.6640,7.3638
asia,2033.4,71.5025,21.5030,7.1005
asia,2033.5,71.9217,21.3432,6.8426
asia,2033.6,72.3341,21.1847,6.5903
asia,2033.7,72.7399,21.0271,6.3437
asia,2033.8,73.1391,20.8705,6.1028
asia,2033.9,73.5316,20.7146,5.8678
asia,2034.0,73.9175,20.5595,5.6388
asia,2034.1,74.2969,20.4050,5.4157
asia,2034.2,74.6698,20.2510,5.1987
asia,2034.3,75.0362,20.0974,4.9877
asia,2034.4,75.3962,19.9442,4.7828
asia,2034.5,75.7498,19.7914,4.5838
asia,2034.6,76.0972,19.6389,4.3909
asia,2034.7,76.4383,19.4866,4.2040
asia,2034.8,76.7733,19.3346,4.0231
asia,2034.9,77.1022,19.1827,3.8480
asia,2035.0,77.4251,19.0310,3.6788
asia,2035.1,77.7422,18.8794,3.5154
asia,2035.2,78.0534,18.7280,3.3576
asia,2035.3,78.3588,18.5767,3.2055
asia,2035.4,78.6587,18.4255,3.0589
asia,2035.5,78.9530,18.2743,2.9177
asia,2035.6,79.2419,18.1233,2.7818
asia,2035.7,79.5254,17.9724,2.6512
asia,2035.8,79.8038,17.8216,2.5257
asia,2035.9,80.0769,17.6710,2.4053
asia,2036.0,80.3451,17.5204,2.2897
asia,2036.1,80.6083,17.3700,2.1789
asia,2036.2,80.8667,17.2197,2.0728
asia,2036.3,81.1204,17.0696,1.9712
asia,2036.4,81.3695,16.9196,1.8740
asia,2036.5,81.6141,16.7699,1.7812
asia,2036.6,81.8542,16.6204,1.6925
asia,2036.7,82.0901,16.4711,1.6079
asia,2036.8,82.3217,16.3221,1.5272
asia,2036.9,82.5493,16.1734,1.4504
asia,2037.0,82.7728,16.0250,1.3772
asia,2037.1,82.9923,15.8769,1.3076
asia,2037.2,83.2080,15.7293,1.2414
asia,2037.3,83.4200,15.5820,1.1785
asia,2037.4,83.6283,15.4352,1.1189
asia,2037.5,83.8330,15.2889,1.0623
asia,2037.6,84.0342,15.1432,1.0088
asia,2037.7,84.2319,14.9980,0.9580
asia,2037.8,84.4263,14.8534,0.9100
asia,2037.9,84.6174,14.7094,0.8647
asia,2038.0,84.8052,14.5662,0.8219
asia,2038.1,84.9899,14.4237,0.7815
asia,2038.2,85.1714,14.2819,0.7434
asia,2038.3,85.3499,14.1410,0.7075
asia,2038.4,85.5253,14.0010,0.6737
asia,2038.5,85.6979,13.8619,0.6420
asia,2038.6,85.8674,13.7238,0.6122
asia,2038.7,86.0342,13.5866,0.5842
asia,2038.8,86.1981,13.4506,0.5580
asia,2038.9,86.3592,13.3156,0.5334
asia,2039.0,86.5175,13.1819,0.5104
asia,2039.1,86.6731,13.0493,0.4889
asia,2039.2,86.8261,12.9180,0.4688
asia,2039.3,86.9763,12.7879,0.4501
asia,2039.4,87.1239,12.6592,0.4326
asia,2039.5,87.2690,12.5319,0.4164
asia,2039.6,87.4114,12.4061,0.4013
asia,2039.7,87.5512,12.2817,0.3872
asia,2039.8,87.6886,12.1588,0.3742
asia,2039.9,87.8233,12.0375,0.3621
asia,2040.0,87.9556,11.9178,0.3509
asia,2040.1,88.0854,11.7997,0.3405
asia,2040.2,88.2127,11.6832,0.3310
asia,2040.3,88.3375,11.5685,0.3221
asia,2040.4,88.4599,11.4555,0.3140
asia,2040.5,88.5798,11.3443,0.3065
asia,2040.6,88.6973,11.2348,0.2997
asia,2040.7,88.8124,11.1272,0.2934
asia,2040.8,88.9251,11.0214,0.2876
asia,2040.9,89.0355,10.9175,0.2823
asia,2041.0,89.1434,10.8155,0.2775
asia,2041.1,89.2490,10.7154,0.2731
asia,2041.2,89.3523,10.6172,0.2691
asia,2041.3,89.4532,10.5209,0.2654
asia,2041.4,89.5519,10.4266,0.2621
asia,2041.5,89.6482,10.3343,0.2592
asia,2041.6,89.7422,10.2439,0.2565
asia,2041.7,89.8340,10.1555,0.2541
asia,2041.8,89.9235,10.0690,0.2519
asia,2041.9,90.0109,9.9845,0.2499
asia,2042.0,90.0960,9.9020,0.2482
asia,2042.1,90.1789,9.8215,0.2467
asia,2042.2,90.2596,9.7429,0.2453
asia,2042.3,90.3382,9.6663,0.2441
asia,2042.4,90.4147,9.5916,0.2431
asia,2042.5,90.4891,9.5188,0.2422
asia,2042.6,90.5615,9.4480,0.2414
asia,2042.7,90.6318,9.3790,0.2408
asia,2042.8,90.7001,9.3120,0.2402
asia,2042.9,90.7664,9.2468,0.2398
asia,2043.0,90.8307,9.1834,0.2394
asia,2043.1,90.8932,9.1219,0.2391
asia,2043.2,90.9537,9.0621,0.2389
asia,2043.3,91.0124,9.0041,0.2387
asia,2043.4,91.0693,8.9479,0.2386
asia,2043.5,91.1244,8.8933,0.2386
asia,2043.6,91.1777,8.8404,0.2386
asia,2043.7,91.2293,8.7892,0.2386
asia,2043.8,91.2793,8.7396,0.2387
asia,2043.9,91.3276,8.6916,0.2388
asia,2044.0,91.3743,8.6451,0.2390
asia,2044.1,91.4195,8.6001,0.2391
asia,2044.2,91.4631,8.5565,0.2393
asia,2044.3,91.5053,8.5144,0.2396
asia,2044.4,91.5460,8.4737,0.2398
asia,2044.5,91.5853,8.4344,0.2401
asia,2044.6,91.6233,8.3964,0.2404
asia,2044.7,91.6599,8.3596,0.2407
asia,2044.8,91.6953,8.3241,0.2410
asia,2044.9,91.7295,8.2898,0.2413
asia,2045.0,91.7624,8.2566,0.2416
asia,2045.1,91.7942,8.2246,0.2420
asia,2045.2,91.8249,8.1937,0.2423
asia,2045.3,91.8545,8.1638,0.2427
asia,2045.4,91.8831,8.1349,0.2430
asia,2045.5,91.9107,8.1069,0.2434
asia,2045.6,91.9373,8.0799,0.2438
asia,2045.7,91.9630,8.0538,0.2441
asia,2045.8,91.9878,8.0286,0.2445
asia,2045.9,92.0118,8.0041,0.2449
asia,2046.0,92.0350,7.9805,0.2453
asia,2046.1,92.0574,7.9576,0.2457
asia,2046.2,92.0790,7.9354,0.2461
asia,2046.3,92.1000,7.9139,0.2464
asia,2046.4,92.1202,7.8930,0.2468
asia,2046.5,92.1399,7.8728,0.2472
asia,2046.6,92.1589,7.8532,0.2476
asia,2046.7,92.1773,7.8341,0.2480
asia,2046.8,92.1952,7.8155,0.2484
asia,2046.9,92.2125,7.7975,0.2488
asia,2047.0,92.2294,7.7800,0.2492
asia,2047.1,92.2458,7.7629,0.2496
asia,2047.2,92.2617,7.7462,0.2500
asia,2047.3,92.2772,7.7299,0.2504
asia,2047.4,92.2923,7.7141,0.2508
asia,2047.5,92.3070,7.6986,0.2511
asia,2047.6,92.3213,7.6834,0.2515
asia,2047.7,92.3353,7.6686,0.2519
asia,2047.8,92.3490,7.6540,0.2523
asia,2047.9,92.3623,7.6398,0.2527
asia,2048.0,92.3754,7.6258,0.2531
asia,2048.1,92.3882,7.6121,0.2535
asia,2048.2,92.4007,7.5986,0.2539
asia,2048.3,92.4130,7.5854,0.2543
asia,2048.4,92.4251,7.5724,0.2546
asia,2048.5,92.4369,7.5596,0.2550
asia,2048.6,92.4485,7.5469,0.2554
asia,2048.7,92.4600,7.5345,0.2558
asia,2048.8,92.4712,7.5222,0.2562
asia,2048.9,92.4822,7.5101,0.2565
asia,2049.0,92.4931,7.4982,0.2569
asia,2049.1,92.5039,7.4864,0.2573
asia,2049.2,92.5144,7.4747,0.2577
asia,2049.3,92.5249,7.4632,0.2581
asia,2049.4,92.5351,7.4518,0.2584
asia,2049.5,92.5453,7.4405,0.2588
asia,2049.6,92.5553,7.4293,0.2592
asia,2049.7,92.5652,7.4182,0.2595
asia,2049.8,92.5750,7.4073,0.2599
asia,2049.9,92.5847,7.3964,0.2603
asia,2050.0,92.5942,7.3857,0.2607
small_markets,2015.0,0.1494,99.6665,0.1976
small_markets,2015.1,0.1620,99.6452,0.2086
small_markets,2015.2,0.1753,99.6228,0.2200
small_markets,2015.3,0.1893,99.5994,0.2318
small_markets,2015.4,0.2041,99.5749,0.2440
small_markets,2015.5,0.2196,99.5492,0.2565
small_markets,2015.6,0.2360,99.5224,0.2695
small_markets,2015.7,0.2532,99.4943,0.2829
small_markets,2015.8,0.2712,99.4651,0.2967
small_markets,2015.9,0.2901,99.4345,0.3109
small_markets,2016.0,0.3098,99.4026,0.3255
small_markets,2016.1,0.3309,99.3694,0.3405
small_markets,2016.2,0.3536,99.3348,0.3560
small_markets,2016.3,0.3780,99.2987,0.3719
small_markets,2016.4,0.4039,99.2611,0.3882
small_markets,2016.5,0.4314,99.2218,0.4049
small_markets,2016.6,0.4604,99.1809,0.4221
small_markets,2016.7,0.4910,99.1382,0.4397
small_markets,2016.8,0.5232,99.0938,0.4577
small_markets,2016.9,0.5570,99.0474,0.4761
small_markets,2017.0,0.5923,98.9991,0.4950
small_markets,2017.1,0.6733,98.7090,0.7106
small_markets,2017.2,0.7609,98.4820,0.8571
small_markets,2017.3,0.8521,98.2727,0.9824
small_markets,2017.4,0.9464,98.0734,1.0945
small_markets,2017.5,1.0433,97.8807,1.1973
small_markets,2017.6,1.1426,97.6925,1.2929
small_markets,2017.7,1.2442,97.5075,1.3826
small_markets,2017.8,1.3481,97.3247,1.4674
small_markets,2017.9,1.4540,97.1435,1.5481
small_markets,2018.0,1.5621,96.9632,1.6252
small_markets,2018.1,1.6722,96.7834,1.6991
small_markets,2018.2,1.7844,96.6037,1.7701
small_markets,2018.3,1.8986,96.4238,1.8387
small_markets,2018.4,2.0148,96.2433,1.9049
small_markets,2018.5,2.1330,96.0620,1.9690
small_markets,2018.6,2.2532,95.8797,2.0313
small_markets,2018.7,2.3754,95.6961,2.0917
small_markets,2018.8,2.4997,95.5111,2.1506
small_markets,2018.9,2.6259,95.3245,2.2079
small_markets,2019.0,2.7541,95.1361,2.2639
small_markets,2019.1,2.8846,94.9451,2.3190
small_markets,2019.2,3.0175,94.7512,2.3734
small_markets,2019.3,3.1528,94.5541,2.4271
small_markets,2019.4,3.2906,94.3539,2.4801
small_markets,2019.5,3.4308,94.1504,2.5325
small_markets,2019.6,3.5736,93.9435,2.5843
small_markets,2019.7,3.7189,93.7332,2.6358
small_markets,2019.8,3.8668,93.5193,2.6896
small_markets,2019.9,4.0172,93.3017,2.7449
small_markets,2020.0,4.1702,93.0805,2.8055
small_markets,2020.1,4.3258,92.8554,2.8665
small_markets,2020.2,4.4840,92.6265,2.9276
small_markets,2020.3,4.6448,92.3935,2.9891
small_markets,2020.4,4.8083,92.1566,3.0510
small_markets,2020.5,4.9745,91.9155,3.1132
small_markets,2020.6,5.1433,91.6702,3.1864
small_markets,2020.7,5.3149,91.4208,3.2644
small_markets,2020.8,5.4891,91.1670,3.3439
small_markets,2020.9,5.6661,90.9088,3.4251
small_markets,2021.0,5.8459,90.6462,3.5079
small_markets,2021.1,6.0891,89.5845,4.3264
small_markets,2021.2,6.3248,89.1970,4.4782
small_markets,2021.3,6.5598,88.8465,4.5937
small_markets,2021.4,6.7952,88.5100,4.6948
small_markets,2021.5,7.0316,88.1796,4.7887
small_markets,2021.6,7.2695,87.8515,4.8790
small_markets,2021.7,7.5090,87.5238,4.9673
small_markets,2021.8,7.7502,87.1950,5.0547
small_markets,2021.9,7.9934,86.8644,5.1422
small_markets,2022.0,8.2386,86.5314,5.2300
small_markets,2022.1,8.4859,86.1954,5.3187
small_markets,2022.2,8.7354,85.8562,5.4085
small_markets,2022.3,8.9870,85.5135,5.4995
small_markets,2022.4,9.2410,85.1671,5.5920
small_markets,2022.5,9.4973,84.8167,5.6860
small_markets,2022.6,9.7559,84.4624,5.7817
small_markets,2022.7,10.0169,84.1039,5.8792
small_markets,2022.8,10.2803,83.7412,5.9785
small_markets,2022.9,10.5462,83.3741,6.0796
small_markets,2023.0,10.8145,83.0027,6.1827
small_markets,2023.1,11.0854,82.6269,6.2878
small_markets,2023.2,11.3587,82.2465,6.3948
small_markets,2023.3,11.6345,81.8617,6.5038
small_markets,2023.4,11.9128,81.4723,6.6149
small_markets,2023.5,12.1936,81.0784,6.7279
small_markets,2023.6,12.4770,80.6799,6.8431
small_markets,2023.7,12.7629,80.2769,6.9602
small_markets,2023.8,13.0513,79.8692,7.0794
small_markets,2023.9,13.3423,79.4570,7.2007
small_markets,2024.0,13.6358,79.0402,7.3240
small_markets,2024.1,13.9318,78.6189,7.4493
small_markets,2024.2,14.2304,78.1930,7.5766
small_markets,2024.3,14.5314,77.7626,7.7060
small_markets,2024.4,14.8350,77.3277,7.8373
small_markets,2024.5,15.1410,76.8884,7.9706
small_markets,2024.6,15.4495,76.4446,8.1059
small_markets,2024.7,15.7605,75.9965,8.2431
small_markets,2024.8,16.0738,75.5440,8.3822
small_markets,2024.9,16.3896,75.0872,8.5232
small_markets,2025.0,16.7078,74.6261,8.6661
small_markets,2025.1,17.0284,74.1608,8.8108
small_markets,2025.2,17.3512,73.6914,8.9574
small_markets,2025.3,17.6764,73.2179,9.1057
small_markets,2025.4,18.0039,72.7403,9.2558
small_markets,2025.5,18.3336,72.2588,9.4076
small_markets,2025.6,18.6655,71.7733,9.5611
small_markets,2025.7,18.9996,71.2841,9.7163
small_markets,2025.8,19.3359,70.7910,9.8731
small_markets,2025.9,19.6742,70.2943,10.0315
small_markets,2026.0,20.0146,69.7939,10.1914
small_markets,2026.1,20.3570,69.2901,10.3529
small_markets,2026.2,20.7014,68.7828,10.5159
small_markets,2026.3,21.0477,68.2721,10.6803
small_markets,2026.4,21.3958,67.7581,10.8461
small_markets,2026.5,21.7458,67.2410,11.0133
small_markets,2026.6,22.0975,66.7207,11.1818
small_markets,2026.7,22.4509,66.1975,11.3541
small_markets,2026.8,22.8060,65.6714,11.5400
small_markets,2026.9,23.1627,65.1425,11.7268
small_markets,2027.0,23.5210,64.6108,11.9148
small_markets,2027.1,23.8807,64.0766,12.1037
small_markets,2027.2,24.2418,63.5400,12.2935
small_markets,2027.3,24.6042,63.0009,12.4843
small_markets,2027.4,24.9680,62.4596,12.6760
small_markets,2027.5,25.3329,61.9161,12.8684
small_markets,2027.6,25.6990,61.3706,13.0617
small_markets,2027.7,26.0662,60.8231,13.2556
small_markets,2027.8,26.4343,60.2738,13.4503
small_markets,2027.9,26.8034,59.7229,13.6456
small_markets,2028.0,27.1734,59.1704,13.8415
small_markets,2028.1,27.5441,58.6164,14.0380
small_markets,2028.2,27.9155,58.0611,14.2350
small_markets,2028.3,28.2876,57.5046,14.4324
small_markets,2028.4,28.6602,56.9470,14.6303
small_markets,2028.5,29.0333,56.3885,14.8286
small_markets,2028.6,29.4067,55.8291,15.0271
small_markets,2028.7,29.7805,55.2690,15.2260
small_markets,2028.8,30.1545,54.7084,15.4251
small_markets,2028.9,30.5287,54.1473,15.6244
small_markets,2029.0,30.9028,53.5858,15.8239
small_markets,2029.1,31.2770,53.0242,16.0235
small_markets,2029.2,31.6511,52.4625,16.2231
small_markets,2029.3,32.0250,51.9009,16.4228
small_markets,2029.4,32.3986,51.3395,16.6225
small_markets,2029.5,32.7718,50.7784,16.8220
small_markets,2029.6,33.1446,50.2177,17.0215
small_markets,2029.7,33.5169,49.6576,17.2209
small_markets,2029.8,33.8885,49.0982,17.4200
small_markets,2029.9,34.2595,48.5397,17.6189
small_markets,2030.0,34.6297,47.9821,17.8175
small_markets,2030.1,34.9990,47.4256,18.0158
small_markets,2030.2,35.3674,46.8703,18.2138
small_markets,2030.3,35.7347,46.3164,18.4113
small_markets,2030.4,36.1010,45.7639,18.6084
small_markets,2030.5,36.4660,45.2130,18.8050
small_markets,2030.6,36.8298,44.6638,19.0011
small_markets,2030.7,37.1922,44.1164,19.1966
small_markets,2030.8,37.5532,43.5710,19.3915
small_markets,2030.9,37.9127,43.0276,19.5857
small_markets,2031.0,38.2706,42.4864,19.7793
small_markets,2031.1,38.6269,41.9475,19.9721
small_markets,2031.2,38.9814,41.4110,20.1642
small_markets,2031.3,39.3342,40.8770,20.3555
small_markets,2031.4,39.6851,40.3457,20.5459
small_markets,2031.5,40.0340,39.8170,20.7354
small_markets,2031.6,40.3809,39.2912,20.9240
small_markets,2031.7,40.7258,38.7684,21.1117
small_markets,2031.8,41.0685,38.2486,21.2984
small_markets,2031.9,41.4091,37.7319,21.4840
small_markets,2032.0,41.7474,37.2185,21.6686
small_markets,2032.1,42.0834,36.7084,21.8520
small_markets,2032.2,42.4170,36.2017,22.0343
small_markets,2032.3,42.7482,35.6986,22.2154
small_markets,2032.4,43.0769,35.1990,22.3954
small_markets,2032.5,43.4032,34.7032,22.5740
small_markets,2032.6,43.7268,34.2111,22.7514
small_markets,2032.7,44.0479,33.7229,22.9274
small_markets,2032.8,44.3663,33.2385,23.1021
small_markets,2032.9,44.6821,32.7582,23.2754
small_markets,2033.0,44.9951,32.2820,23.4473
small_markets,2033.1,45.3054,31.8099,23.6177
small_markets,2033.2,45.6128,31.3420,23.7866
small_markets,2033.3,45.9175,30.8784,23.9540
small_markets,2033.4,46.2193,30.4191,24.1198
small_markets,2033.5,46.5183,29.9642,24.2840
small_markets,2033.6,46.8143,29.5137,24.4466
small_markets,2033.7,47.1075,29.0678,24.6076
small_markets,2033.8,47.3978,28.6264,24.7668
small_markets,2033.9,47.6851,28.1895,24.9243
small_markets,2034.0,47.9695,27.7573,25.0801
small_markets,2034.1,48.2509,27.3298,25.2340
small_markets,2034.2,48.5294,26.9070,25.3862
small_markets,2034.3,48.8049,26.4889,25.5365
small_markets,2034.4,49.0774,26.0756,25.6849
small_markets,2034.5,49.3470,25.6671,25.8314
small_markets,2034.6,49.6136,25.2635,25.9759
small_markets,2034.7,49.8773,24.8647,26.1185
small_markets,2034.8,50.1380,24.4708,26.2591
small_markets,2034.9,50.3958,24.0817,26.3977
small_markets,2035.0,50.6507,23.6976,26.5342
small_markets,2035.1,50.9027,23.3184,26.6686
small_markets,2035.2,51.1518,22.9441,26.8010
small_markets,2035.3,51.3981,22.5748,26.9312
small_markets,2035.4,51.6415,22.2103,27.0592
small_markets,2035.5,51.8820,21.8509,27.1851
small_markets,2035.6,52.1198,21.4963,27.3087
small_markets,2035.7,52.3548,21.1468,27.4302
small_markets,2035.8,52.5871,20.8021,27.5493
small_markets,2035.9,52.8167,20.4624,27.6662
small_markets,2036.0,53.0436,20.1275,27.7808
small_markets,2036.1,53.2678,19.7976,27.8931
small_markets,2036.2,53.4894,19.4726,28.0031
small_markets,2036.3,53.7085,19.1524,28.1107
small_markets,2036.4,53.9250,18.8371,28.2160
small_markets,2036.5,54.1391,18.5266,28.3188
small_markets,2036.6,54.3506,18.2209,28.4193
small_markets,2036.7,54.5598,17.9199,28.5174
small_markets,2036.8,54.7666,17.6238,28.6130
small_markets,2036.9,54.9710,17.3323,28.7062
small_markets,2037.0,55.1731,17.0456,28.7969
small_markets,2037.1,55.3730,16.7635,28.8851
small_markets,2037.2,55.5707,16.4860,28.9709
small_markets,2037.3,55.7663,16.2132,29.0542
small_markets,2037.4,55.9597,15.9449,29.1351
small_markets,2037.5,56.1510,15.6811,29.2134
small_markets,2037.6,56.3403,15.4217,29.2892
small_markets,2037.7,56.5276,15.1669,29.3625
small_markets,2037.8,56.7130,14.9164,29.4333
small_markets,2037.9,56.8965,14.6703,29.5016
small_markets,2038.0,57.0782,14.4284,29.5674
small_markets,2038.1,57.2580,14.1909,29.6307
small_markets,2038.2,57.4361,13.9575,29.6915
small_markets,2038.3,57.6125,13.7284,29.7497
small_markets,2038.4,57.7872,13.5033,29.8055
small_markets,2038.5,57.9603,13.2824,29.8588
small_markets,2038.6,58.1318,13.0654,29.9123
small_markets,2038.7,58.3017,12.8524,29.9637
small_markets,2038.8,58.4702,12.6434,30.0123
small_markets,2038.9,58.6372,12.4382,30.0581
small_markets,2039.0,58.8028,12.2369,30.1013
small_markets,2039.1,58.9671,12.0393,30.1418
small_markets,2039.2,59.1299,11.8454,30.1796
small_markets,2039.3,59.2915,11.6553,30.2148
small_markets,2039.4,59.4519,11.4687,30.2474
small_markets,2039.5,59.6110,11.2857,30.2774
small_markets,2039.6,59.7689,11.1062,30.3048
small_markets,2039.7,59.9257,10.9301,30.3298
small_markets,2039.8,60.0814,10.7575,30.3522
small_markets,2039.9,60.2360,10.5881,30.3722
small_markets,2040.0,60.3895,10.4221,30.3898
small_markets,2040.1,60.5421,10.2594,30.4050
small_markets,2040.2,60.6936,10.0998,30.4178
small_markets,2040.3,60.8442,9.9434,30.4283
small_markets,2040.4,60.9939,9.7900,30.4365
small_markets,2040.5,61.1427,9.6397,30.4425
small_markets,2040.6,61.2906,9.4923,30.4462
small_markets,2040.7,61.4376,9.3479,30.4477
small_markets,2040.8,61.5839,9.2064,30.4471
small_markets,2040.9,61.7293,9.0677,30.4443
small_markets,2041.0,61.8740,8.9317,30.4394
small_markets,2041.1,62.0179,8.7985,30.4325
small_markets,2041.2,62.1611,8.6679,30.4236
small_markets,2041.3,62.3036,8.5400,30.4127
small_markets,2041.4,62.4454,8.4146,30.3998
small_markets,2041.5,62.5865,8.2918,30.3851
small_markets,2041.6,62.7270,8.1715,30.3684
small_markets,2041.7,62.8668,8.0535,30.3499
small_markets,2041.8,63.0061,7.9380,30.3296
small_markets,2041.9,63.1447,7.8248,30.3075
small_markets,2042.0,63.2827,7.7139,30.2837
small_markets,2042.1,63.4202,7.6052,30.2582
small_markets,2042.2,63.5571,7.4987,30.2309
small_markets,2042.3,63.6935,7.3944,30.2021
small_markets,2042.4,63.8293,7.2922,30.1717
small_markets,2042.5,63.9646,7.1921,30.1396
small_markets,2042.6,64.0994,7.0940,30.1061
small_markets,2042.7,64.2337,6.9979,30.0710
small_markets,2042.8,64.3675,6.9037,30.0345
small_markets,2042.9,64.5008,6.8114,29.9965
small_markets,2043.0,64.6337,6.7210,29.9571
small_markets,2043.1,64.7660,6.6325,29.9164
small_markets,2043.2,64.8980,6.5457,29.8743
small_markets,2043.3,65.0294,6.4606,29.8309
small_markets,2043.4,65.1604,6.3773,29.7862
small_markets,2043.5,65.2910,6.2956,29.7403
small_markets,2043.6,65.4211,6.2156,29.6932
small_markets,2043.7,65.5508,6.1372,29.6448
small_markets,2043.8,65.6801,6.0604,29.5954
small_markets,2043.9,65.8090,5.9851,29.5447
small_markets,2044.0,65.9374,5.9113,29.4930
small_markets,2044.1,66.0655,5.8390,29.4402
small_markets,2044.2,66.1931,5.7681,29.3864
small_markets,2044.3,66.3203,5.6987,29.3315
small_markets,2044.4,66.4471,5.6306,29.2757
small_markets,2044.5,66.5736,5.5638,29.2189
small_markets,2044.6,66.6996,5.4984,29.1612
small_markets,2044.7,66.8252,5.4343,29.1025
small_markets,2044.8,66.9505,5.3715,29.0430
small_markets,2044.9,67.0753,5.3098,28.9826
small_markets,2045.0,67.1998,5.2494,28.9214
small_markets,2045.1,67.3239,5.1902,28.8593
small_markets,2045.2,67.4476,5.1321,28.7965
small_markets,2045.3,67.5709,5.0752,28.7329
small_markets,2045.4,67.6939,5.0193,28.6685
small_markets,2045.5,67.8165,4.9646,28.6035
small_markets,2045.6,67.9386,4.9109,28.5377
small_markets,2045.7,68.0605,4.8582,28.4713
small_markets,2045.8,68.1819,4.8066,28.4042
small_markets,2045.9,68.3030,4.7560,28.3364
small_markets,2046.0,68.4237,4.7063,28.2681
small_markets,2046.1,68.5440,4.6576,28.1991
small_markets,2046.2,68.6640,4.6098,28.1296
small_markets,2046.3,68.7836,4.5629,28.0595
small_markets,2046.4,68.9028,4.5169,27.9889
small_markets,2046.5,69.0217,4.4718,27.9178
small_markets,2046.6,69.1402,4.4275,27.8461
small_markets,2046.7,69.2583,4.3840,27.7740
small_markets,2046.8,69.3761,4.3414,27.7014
small_markets,2046.9,69.4935,4.2996,27.6283
small_markets,2047.0,69.6105,4.2586,27.5548
small_markets,2047.1,69.7272,4.2183,27.4809
small_markets,2047.2,69.8435,4.1788,27.4066
small_markets,2047.3,69.9595,4.1400,27.3319
small_markets,2047.4,70.0750,4.1019,27.2568
small_markets,2047.5,70.1903,4.0645,27.1813
small_markets,2047.6,70.3052,4.0278,27.1055
small_markets,2047.7,70.4197,3.9918,27.0294
small_markets,2047.8,70.5338,3.9565,26.9529
small_markets,2047.9,70.6477,3.9218,26.8762
small_markets,2048.0,70.7611,3.8877,26.7991
small_markets,2048.1,70.8742,3.8543,26.7217
small_markets,2048.2,70.9869,3.8214,26.6441
small_markets,2048.3,71.0993,3.7892,26.5662
small_markets,2048.4,71.2114,3.7575,26.4881
small_markets,2048.5,71.3230,3.7264,26.4097
small_markets,2048.6,71.4344,3.6959,26.3311
small_markets,2048.7,71.5453,3.6659,26.2523
small_markets,2048.8,71.6560,3.6364,26.1733
small_markets,2048.9,71.7663,3.6075,26.0941
small_markets,2049.0,71.8762,3.5791,26.0147
small_markets,2049.1,71.9858,3.5512,25.9351
small_markets,2049.2,72.0950,3.5238,25.8554
small_markets,2049.3,72.2039,3.4969,25.7755
small_markets,2049.4,72.3124,3.4704,25.6954
small_markets,2049.5,72.4206,3.4445,25.6152
small_markets,2049.6,72.5285,3.4189,25.5349
small_markets,2049.7,72.6360,3.3939,25.4545
small_markets,2049.8,72.7432,3.3692,25.3739
small_markets,2049.9,72.8500,3.3450,25.2932
small_markets,2050.0,72.9565,3.3213,25.2125
medium_markets,2015.0,0.4622,99.2141,0.3237
medium_markets,2015.1,0.4871,99.1733,0.3396
medium_markets,2015.2,0.5130,99.1310,0.3560
medium_markets,2015.3,0.5399,99.0869,0.3732
medium_markets,2015.4,0.5679,99.0411,0.3910
medium_markets,2015.5,0.5969,98.9936,0.4095
medium_markets,2015.6,0.6270,98.9442,0.4288
medium_markets,2015.7,0.6582,98.8931,0.4487
medium_markets,2015.8,0.6906,98.8400,0.4693
medium_markets,2015.9,0.7242,98.7851,0.4908
medium_markets,2016.0,0.7589,98.7282,0.5129
medium_markets,2016.1,0.7948,98.0383,1.1669
medium_markets,2016.2,0.8320,97.9939,1.1741
medium_markets,2016.3,0.8705,97.9405,1.1891
medium_markets,2016.4,0.9102,97.8821,1.2077
medium_markets,2016.5,0.9513,97.8200,1.2287
medium_markets,2016.6,0.9937,97.7548,1.2514
medium_markets,2016.7,1.0375,97.6868,1.2757
medium_markets,2016.8,1.0827,97.6160,1.3013
medium_markets,2016.9,1.1293,97.5426,1.3281
medium_markets,2017.0,1.1774,97.4666,1.3560
medium_markets,2017.1,1.2272,97.3859,1.3869
medium_markets,2017.2,1.2788,97.3000,1.4213
medium_markets,2017.3,1.3322,97.2095,1.4584
medium_markets,2017.4,1.3874,97.1147,1.4980
medium_markets,2017.5,1.4446,97.0156,1.5398
medium_markets,2017.6,1.5037,96.9125,1.5838
medium_markets,2017.7,1.5649,96.8054,1.6298
medium_markets,2017.8,1.6281,96.6943,1.6777
medium_markets,2017.9,1.6934,96.5793,1.7274
medium_markets,2018.0,1.7609,96.4603,1.7789
medium_markets,2018.1,1.8354,96.3372,1.8320
medium_markets,2018.2,1.9090,96.2101,1.8867
medium_markets,2018.3,1.9845,96.0791,1.9429
medium_markets,2018.4,2.0621,95.9442,2.0006
medium_markets,2018.5,2.1420,95.8055,2.0597
medium_markets,2018.6,2.2244,95.6629,2.1200
medium_markets,2018.7,2.3092,95.5165,2.1817
medium_markets,2018.8,2.3966,95.3663,2.2445
medium_markets,2018.9,2.4867,95.2122,2.3085
medium_markets,2019.0,2.5794,95.0542,2.3736
medium_markets,2019.1,2.6749,94.8925,2.4398
medium_markets,2019.2,2.7732,94.7269,2.5069
medium_markets,2019.3,2.8744,94.5574,2.5749
medium_markets,2019.4,2.9786,94.3841,2.6438
medium_markets,2019.5,3.0859,94.2069,2.7135
medium_markets,2019.6,3.1962,94.0258,2.7840
medium_markets,2019.7,3.3097,93.8408,2.8551
medium_markets,2019.8,3.4265,93.6519,2.9270
medium_markets,2019.9,3.5466,93.4591,2.9993
medium_markets,2020.0,3.6701,93.2623,3.0723
medium_markets,2020.1,3.7971,93.0616,3.1456
medium_markets,2020.2,3.9277,92.8568,3.2194
medium_markets,2020.3,4.0620,92.6481,3.2936
medium_markets,2020.4,4.2000,92.4352,3.3680
medium_markets,2020.5,4.3419,92.2183,3.4427
medium_markets,2020.6,4.4877,91.9973,3.5177
medium_markets,2020.7,4.6375,91.7721,3.5932
medium_markets,2020.8,4.7916,91.5426,3.6689
medium_markets,2020.9,4.9499,91.3089,3.7445
medium_markets,2021.0,5.1125,91.0709,3.8201
medium_markets,2021.1,5.2797,90.8285,3.8956
medium_markets,2021.2,5.4515,90.5817,3.9709
medium_markets,2021.3,5.6280,90.3303,4.0461
medium_markets,2021.4,5.8094,90.0744,4.1209
medium_markets,2021.5,5.9958,89.8138,4.1954
medium_markets,2021.6,6.1874,89.5485,4.2695
medium_markets,2021.7,6.3842,89.2783,4.3431
medium_markets,2021.8,6.5865,89.0032,4.4162
medium_markets,2021.9,6.7945,88.7230,4.4887
medium_markets,2022.0,7.0081,88.4377,4.5607
medium_markets,2022.1,7.2278,88.1471,4.6319
medium_markets,2022.2,7.4535,87.8512,4.7024
medium_markets,2022.3,7.6855,87.5496,4.7721
medium_markets,2022.4,7.9239,87.2425,4.8411
medium_markets,2022.5,8.1691,86.9294,4.9093
medium_markets,2022.6,8.4210,86.6104,4.9765
medium_markets,2022.7,8.6801,86.2852,5.0428
medium_markets,2022.8,8.9464,85.9537,5.1081
medium_markets,2022.9,9.2201,85.6156,5.1723
medium_markets,2023.0,9.5016,85.2708,5.2354
medium_markets,2023.1,9.7911,84.9190,5.2975
medium_markets,2023.2,10.0887,84.5600,5.3584
medium_markets,2023.3,10.3947,84.1936,5.4181
medium_markets,2023.4,10.7095,83.8195,5.4766
medium_markets,2023.5,11.0331,83.4375,5.5340
medium_markets,2023.6,11.3660,83.0473,5.5909
medium_markets,2023.7,11.7084,82.6485,5.6472
medium_markets,2023.8,12.0606,82.2410,5.7024
medium_markets,2023.9,12.4229,81.8243,5.7566
medium_markets,2024.0,12.7955,81.3981,5.8097
medium_markets,2024.1,13.1789,80.9622,5.8619
medium_markets,2024.2,13.5732,80.5161,5.9132
medium_markets,2024.3,13.9790,80.0594,5.9635
medium_markets,2024.4,14.3964,79.5919,6.0130
medium_markets,2024.5,14.8259,79.1130,6.0616
medium_markets,2024.6,15.2677,78.6224,6.1098
medium_markets,2024.7,15.7223,78.1197,6.1579
medium_markets,2024.8,16.1900,77.6045,6.2055
medium_markets,2024.9,16.6712,77.0762,6.2526
medium_markets,2025.0,17.1662,76.5346,6.2992
medium_markets,2025.1,17.6754,75.9791,6.3456
medium_markets,2025.2,18.1991,75.4093,6.3916
medium_markets,2025.3,18.7377,74.8248,6.4375
medium_markets,2025.4,19.2916,74.2252,6.4832
medium_markets,2025.5,19.8610,73.6101,6.5289
medium_markets,2025.6,20.4463,72.9791,6.5746
medium_markets,2025.7,21.0477,72.3319,6.6204
medium_markets,2025.8,21.6655,71.6682,6.6663
medium_markets,2025.9,22.2998,70.9877,6.7125
medium_markets,2026.0,22.9509,70.2903,6.7588
medium_markets,2026.1,23.6188,69.5757,6.8056
medium_markets,2026.2,24.3036,68.8439,6.8642
medium_markets,2026.3,25.0052,68.0950,6.9225
medium_markets,2026.4,25.7236,67.3291,6.9805
medium_markets,2026.5,26.4584,66.5465,7.0381
medium_markets,2026.6,27.2094,65.7474,7.0957
medium_markets,2026.7,27.9761,64.9325,7.1528
medium_markets,2026.8,28.7579,64.1023,7.2093
medium_markets,2026.9,29.5543,63.2577,7.2651
medium_markets,2027.0,30.3642,62.3996,7.3201
medium_markets,2027.1,31.1868,61.5292,7.3740
medium_markets,2027.2,32.0208,60.6477,7.4268
medium_markets,2027.3,32.8651,59.7567,7.4783
medium_markets,2027.4,33.7181,58.8577,7.5283
medium_markets,2027.5,34.5783,57.9525,7.5767
medium_markets,2027.6,35.4440,57.0430,7.6233
medium_markets,2027.7,36.3133,56.1312,7.6679
medium_markets,2027.8,37.1844,55.2192,7.7104
medium_markets,2027.9,38.0552,54.3089,7.7508
medium_markets,2028.0,38.9239,53.4025,7.7891
medium_markets,2028.1,39.7883,52.5020,7.8251
medium_markets,2028.2,40.6465,51.6092,7.8592
medium_markets,2028.3,41.4967,50.7260,7.8915
medium_markets,2028.4,42.3370,49.8539,7.9221
medium_markets,2028.5,43.1661,48.9942,7.9514
medium_markets,2028.6,43.9824,48.1480,7.9795
medium_markets,2028.7,44.7848,47.3160,8.0094
medium_markets,2028.8,45.5725,46.4986,8.0471
medium_markets,2028.9,46.3448,45.6962,8.0848
medium_markets,2029.0,47.1015,44.9084,8.1230
medium_markets,2029.1,47.8425,44.1351,8.1621
medium_markets,2029.2,48.5680,43.3755,8.2024
medium_markets,2029.3,49.2783,42.6289,8.2442
medium_markets,2029.4,49.9741,41.8946,8.2878
medium_markets,2029.5,50.6561,41.1717,8.3333
medium_markets,2029.6,51.3251,40.4593,8.3807
medium_markets,2029.7,51.9818,39.7566,8.4299
medium_markets,2029.8,52.6272,39.0631,8.4808
medium_markets,2029.9,53.2621,38.3781,8.5332
medium_markets,2030.0,53.8870,37.7014,8.5867
medium_markets,2030.1,54.5026,37.0326,8.6409
medium_markets,2030.2,55.1093,36.3716,8.7054
medium_markets,2030.3,55.7077,35.7185,8.7746
medium_markets,2030.4,56.2979,35.0734,8.8436
medium_markets,2030.5,56.8802,34.4365,8.9120
medium_markets,2030.6,57.4547,33.8079,8.9795
medium_markets,2030.7,58.0216,33.1880,9.0557
medium_markets,2030.8,58.5810,32.5769,9.1322
medium_markets,2030.9,59.1329,31.9750,9.2065
medium_markets,2031.0,59.6774,31.3824,9.2783
medium_markets,2031.1,60.2147,30.7995,9.3473
medium_markets,2031.2,60.7449,30.2263,9.4132
medium_markets,2031.3,61.2681,29.6631,9.4758
medium_markets,2031.4,61.7844,29.1099,9.5348
medium_markets,2031.5,62.2940,28.5669,9.5899
medium_markets,2031.6,62.7971,28.0342,9.6409
medium_markets,2031.7,63.2940,27.5119,9.6877
medium_markets,2031.8,63.7846,27.0000,9.7300
medium_markets,2031.9,64.2693,26.4985,9.7677
medium_markets,2032.0,64.7482,26.0075,9.8006
medium_markets,2032.1,65.2214,25.5268,9.8285
medium_markets,2032.2,65.6891,25.0566,9.8515
medium_markets,2032.3,66.1515,24.5968,9.8694
medium_markets,2032.4,66.6086,24.1473,9.8822
medium_markets,2032.5,67.0606,23.7080,9.8899
medium_markets,2032.6,67.5075,23.2788,9.8926
medium_markets,2032.7,67.9493,22.8597,9.8902
medium_markets,2032.8,68.3862,22.4505,9.8829
medium_markets,2032.9,68.8182,22.0510,9.8707
medium_markets,2033.0,69.2452,21.6613,9.8539
medium_markets,2033.1,69.6674,21.2810,9.8325
medium_markets,2033.2,70.0846,20.9100,9.8067
medium_markets,2033.3,70.4969,20.5482,9.7767
medium_markets,2033.4,70.9042,20.1954,9.7427
medium_markets,2033.5,71.3065,19.8514,9.7050
medium_markets,2033.6,71.7038,19.5160,9.6636
medium_markets,2033.7,72.0961,19.1890,9.6189
medium_markets,2033.8,72.4833,18.8703,9.5710
medium_markets,2033.9,72.8653,18.5596,9.5202
medium_markets,2034.0,73.2422,18.2568,9.4666
medium_markets,2034.1,73.6139,17.9617,9.4105
medium_markets,2034.2,73.9803,17.6741,9.3520
medium_markets,2034.3,74.3415,17.3939,9.2913
medium_markets,2034.4,74.6975,17.1209,9.2285
medium_markets,2034.5,75.0482,16.8550,9.1639
medium_markets,2034.6,75.3936,16.5959,9.0975
medium_markets,2034.7,75.7337,16.3436,9.0295
medium_markets,2034.8,76.0686,16.0980,8.9599
medium_markets,2034.9,76.3982,15.8588,8.8890
medium_markets,2035.0,76.7226,15.6260,8.8168
medium_markets,2035.1,77.0417,15.3994,8.7434
medium_markets,2035.2,77.3557,15.1789,8.6689
medium_markets,2035.3,77.6645,14.9644,8.5933
medium_markets,2035.4,77.9682,14.7557,8.5168
medium_markets,2035.5,78.2669,14.5528,8.4394
medium_markets,2035.6,78.5606,14.3554,8.3612
medium_markets,2035.7,78.8493,14.1635,8.2822
medium_markets,2035.8,79.1331,13.9769,8.2025
medium_markets,2035.9,79.4121,13.7955,8.1222
medium_markets,2036.0,79.6864,13.6191,8.0413
medium_markets,2036.1,79.9560,13.4476,7.9600
medium_markets,2036.2,80.2210,13.2809,7.8782
medium_markets,2036.3,80.4815,13.1188,7.7960
medium_markets,2036.4,80.7375,12.9612,7.7135
medium_markets,2036.5,80.9892,12.8080,7.6307
medium_markets,2036.6,81.2365,12.6589,7.5477
medium_markets,2036.7,81.4797,12.5139,7.4646
medium_markets,2036.8,81.7187,12.3728,7.3814
medium_markets,2036.9,81.9536,12.2355,7.2982
medium_markets,2037.0,82.1846,12.1018,7.2150
medium_markets,2037.1,82.4117,11.9717,7.1319
medium_markets,2037.2,82.6349,11.8449,7.0490
medium_markets,2037.3,82.8544,11.7214,6.9662
medium_markets,2037.4,83.0703,11.6010,6.8836
medium_markets,2037.5,83.2825,11.4836,6.8014
medium_markets,2037.6,83.4912,11.3692,6.7195
medium_markets,2037.7,83.6964,11.2575,6.6379
medium_markets,2037.8,83.8982,11.1485,6.5568
medium_markets,2037.9,84.0966,11.0421,6.4761
medium_markets,2038.0,84.2918,10.9381,6.3960
medium_markets,2038.1,84.4838,10.8366,6.3163
medium_markets,2038.2,84.6726,10.7373,6.2373
medium_markets,2038.3,84.8583,10.6402,6.1588
medium_markets,2038.4,85.0409,10.5453,6.0809
medium_markets,2038.5,85.2206,10.4524,6.0038
medium_markets,2038.6,85.3973,10.3614,5.9272
medium_markets,2038.7,85.5711,10.2723,5.8514
medium_markets,2038.8,85.7421,10.1851,5.7764
medium_markets,2038.9,85.9104,10.0996,5.7020
medium_markets,2039.0,86.0759,10.0158,5.6285
medium_markets,2039.1,86.2386,9.9336,5.5557
medium_markets,2039.2,86.3988,9.8530,5.4837
medium_markets,2039.3,86.5563,9.7739,5.4125
medium_markets,2039.4,86.7113,9.6963,5.3422
medium_markets,2039.5,86.8638,9.6201,5.2726
medium_markets,2039.6,87.0139,9.5453,5.2039
medium_markets,2039.7,87.1615,9.4718,5.1361
medium_markets,2039.8,87.3067,9.3995,5.0691
medium_markets,2039.9,87.4496,9.3285,5.0029
medium_markets,2040.0,87.5901,9.2587,4.9376
medium_markets,2040.1,87.7285,9.1901,4.8732
medium_markets,2040.2,87.8646,9.1225,4.8097
medium_markets,2040.3,87.9985,9.0561,4.7470
medium_markets,2040.4,88.1303,8.9907,4.6852
medium_markets,2040.5,88.2599,8.9263,4.6242
medium_markets,2040.6,88.3875,8.8629,4.5641
medium_markets,2040.7,88.5131,8.8005,4.5049
medium_markets,2040.8,88.6366,8.7390,4.4466
medium_markets,2040.9,88.7582,8.6784,4.3892
medium_markets,2041.0,88.8779,8.6186,4.3326
medium_markets,2041.1,88.9956,8.5598,4.2769
medium_markets,2041.2,89.1114,8.5017,4.2220
medium_markets,2041.3,89.2255,8.4445,4.1681
medium_markets,2041.4,89.3376,8.3880,4.1150
medium_markets,2041.5,89.4480,8.3323,4.0628
medium_markets,2041.6,89.5567,8.2773,4.0114
medium_markets,2041.7,89.6636,8.2230,3.9609
medium_markets,2041.8,89.7688,8.1695,3.9113
medium_markets,2041.9,89.8723,8.1166,3.8625
medium_markets,2042.0,89.9741,8.0644,3.8146
medium_markets,2042.1,90.0743,8.0128,3.7676
medium_markets,2042.2,90.1729,7.9619,3.7214
medium_markets,2042.3,90.2699,7.9116,3.6761
medium_markets,2042.4,90.3654,7.8619,3.6316
medium_markets,2042.5,90.4593,7.8127,3.5880
medium_markets,2042.6,90.5516,7.7642,3.5452
medium_markets,2042.7,90.6425,7.7162,3.5033
medium_markets,2042.8,90.7319,7.6688,3.4622
medium_markets,2042.9,90.8198,7.6219,3.4219
medium_markets,2043.0,90.9062,7.5755,3.3825
medium_markets,2043.1,90.9913,7.5297,3.3439
medium_markets,2043.2,91.0750,7.4844,3.3061
medium_markets,2043.3,91.1572,7.4395,3.2691
medium_markets,2043.4,91.2381,7.3952,3.2330
medium_markets,2043.5,91.3177,7.3513,3.1976
medium_markets,2043.6,91.3960,7.3079,3.1630
medium_markets,2043.7,91.4729,7.2650,3.1292
medium_markets,2043.8,91.5486,7.2225,3.0962
medium_markets,2043.9,91.6230,7.1805,3.0640
medium_markets,2044.0,91.6961,7.1389,3.0325
medium_markets,2044.1,91.7680,7.0977,3.0018
medium_markets,2044.2,91.8388,7.0570,2.9718
medium_markets,2044.3,91.9083,7.0167,2.9426
medium_markets,2044.4,91.9767,6.9768,2.9141
medium_markets,2044.5,92.0439,6.9373,2.8863
medium_markets,2044.6,92.1100,6.8981,2.8592
medium_markets,2044.7,92.1750,6.8594,2.8328
medium_markets,2044.8,92.2389,6.8211,2.8070
medium_markets,2044.9,92.3018,6.7832,2.7820
medium_markets,2045.0,92.3635,6.7456,2.7576
medium_markets,2045.1,92.4243,6.7084,2.7339
medium_markets,2045.2,92.4840,6.6715,2.7108
medium_markets,2045.3,92.5428,6.6350,2.6883
medium_markets,2045.4,92.6006,6.5989,2.6664
medium_markets,2045.5,92.6574,6.5631,2.6452
medium_markets,2045.6,92.7133,6.5276,2.6245
medium_markets,2045.7,92.7683,6.4925,2.6044
medium_markets,2045.8,92.8224,6.4577,2.5848
medium_markets,2045.9,92.8756,6.4233,2.5659
medium_markets,2046.0,92.9279,6.3891,2.5474
medium_markets,2046.1,92.9794,6.3553,2.5295
medium_markets,2046.2,93.0301,6.3217,2.5121
medium_markets,2046.3,93.0799,6.2885,2.4952
medium_markets,2046.4,93.1290,6.2556,2.4788
medium_markets,2046.5,93.1773,6.2230,2.4629
medium_markets,2046.6,93.2249,6.1907,2.4474
medium_markets,2046.7,93.2717,6.1586,2.4324
medium_markets,2046.8,93.3178,6.1269,2.4178
medium_markets,2046.9,93.3632,6.0954,2.4037
medium_markets,2047.0,93.4079,6.0642,2.3899
medium_markets,2047.1,93.4519,6.0332,2.3766
medium_markets,2047.2,93.4953,6.0026,2.3637
medium_markets,2047.3,93.5380,5.9721,2.3511
medium_markets,2047.4,93.5801,5.9420,2.3390
medium_markets,2047.5,93.6216,5.9121,2.3271
medium_markets,2047.6,93.6625,5.8825,2.3157
medium_markets,2047.7,93.7028,5.8531,2.3046
medium_markets,2047.8,93.7426,5.8239,2.2937
medium_markets,2047.9,93.7818,5.7950,2.2833
medium_markets,2048.0,93.8204,5.7663,2.2731
medium_markets,2048.1,93.8586,5.7378,2.2632
medium_markets,2048.2,93.8962,5.7096,2.2536
medium_markets,2048.3,93.9333,5.6816,2.2443
medium_markets,2048.4,93.9700,5.6539,2.2352
medium_markets,2048.5,94.0061,5.6263,2.2264
medium_markets,2048.6,94.0419,5.5990,2.2179
medium_markets,2048.7,94.0771,5.5719,2.2096
medium_markets,2048.8,94.1119,5.5449,2.2015
medium_markets,2048.9,94.1463,5.5182,2.1937
medium_markets,2049.0,94.1803,5.4917,2.1860
medium_markets,2049.1,94.2139,5.4655,2.1786
medium_markets,2049.2,94.2471,5.4394,2.1713
medium_markets,2049.3,94.2798,5.4135,2.1643
medium_markets,2049.4,94.3123,5.3878,2.1574
medium_markets,2049.5,94.3443,5.3622,2.1507
medium_markets,2049.6,94.3760,5.3369,2.1442
medium_markets,2049.7,94.4074,5.3118,2.1378
medium_markets,2049.8,94.4384,5.2868,2.1316
medium_markets,2049.9,94.4691,5.2621,2.1256
medium_markets,2050.0,94.4994,5.2375,2.1196
big_markets,2015.0,0.3408,99.6095,0.1183
big_markets,2015.1,0.3644,99.5820,0.1248
big_markets,2015.2,0.3892,99.5529,0.1315
big_markets,2015.3,0.4153,99.5222,0.1385
big_markets,2015.4,0.4427,99.4897,0.1458
big_markets,2015.5,0.4715,99.4555,0.1534
big_markets,2015.6,0.5017,99.4194,0.1613
big_markets,2015.7,0.5334,99.3814,0.1694
big_markets,2015.8,0.5666,99.3413,0.1779
big_markets,2015.9,0.6013,99.2993,0.1866
big_markets,2016.0,0.6376,99.2550,0.1956
big_markets,2016.1,0.6756,99.2085,0.2049
big_markets,2016.2,0.7153,99.1596,0.2145
big_markets,2016.3,0.7567,99.1082,0.2245
big_markets,2016.4,0.8001,99.0543,0.2349
big_markets,2016.5,0.8453,98.9977,0.2455
big_markets,2016.6,0.8924,98.9384,0.2565
big_markets,2016.7,0.9415,98.8763,0.2678
big_markets,2016.8,0.9926,98.8113,0.2794
big_markets,2016.9,1.0458,98.7434,0.2913
big_markets,2017.0,1.1012,98.6724,0.3035
big_markets,2017.1,1.1587,98.5982,0.3161
big_markets,2017.2,1.2184,98.5209,0.3289
big_markets,2017.3,1.2803,98.4401,0.3421
big_markets,2017.4,1.3446,98.3560,0.3555
big_markets,2017.5,1.4112,98.2683,0.3693
big_markets,2017.6,1.4802,98.1770,0.3833
big_markets,2017.7,1.5517,98.0819,0.3977
big_markets,2017.8,1.6257,97.9831,0.4123
big_markets,2017.9,1.7022,97.8803,0.4273
big_markets,2018.0,1.7813,97.7735,0.4466
big_markets,2018.1,1.8631,97.6625,0.4759
big_markets,2018.2,1.9476,97.5472,0.5067
big_markets,2018.3,2.0348,97.4276,0.5391
big_markets,2018.4,2.1248,97.3036,0.5731
big_markets,2018.5,2.2177,97.1749,0.6090
big_markets,2018.6,2.3134,97.0416,0.6466
big_markets,2018.7,2.4121,96.9034,0.6860
big_markets,2018.8,2.5138,96.7603,0.7274
big_markets,2018.9,2.6185,96.6122,0.7708
big_markets,2019.0,2.7263,96.4590,0.8162
big_markets,2019.1,2.8373,96.3004,0.8637
big_markets,2019.2,2.9514,96.1365,0.9135
big_markets,2019.3,3.0688,95.9670,0.9655
big_markets,2019.4,3.1894,95.7920,1.0198
big_markets,2019.5,3.3134,95.6112,1.0765
big_markets,2019.6,3.4408,95.4246,1.1356
big_markets,2019.7,3.5715,95.2320,1.1973
big_markets,2019.8,3.7058,95.0333,1.2615
big_markets,2019.9,3.8436,94.8284,1.3284
big_markets,2020.0,3.9849,94.6172,1.3980
big_markets,2020.1,4.1298,94.3996,1.4705
big_markets,2020.2,4.2784,94.1755,1.5461
big_markets,2020.3,4.4307,93.9448,1.6245
big_markets,2020.4,4.5868,93.7073,1.7060
big_markets,2020.5,4.7466,93.4629,1.7904
big_markets,2020.6,4.9103,93.2117,1.8780
big_markets,2020.7,5.0778,92.9534,1.9688
big_markets,2020.8,5.2492,92.6880,2.0628
big_markets,2020.9,5.4246,92.4153,2.1600
big_markets,2021.0,5.6040,92.1354,2.2606
big_markets,2021.1,5.7875,91.8481,2.3644
big_markets,2021.2,5.9749,91.5533,2.4717
big_markets,2021.3,6.1665,91.2510,2.5824
big_markets,2021.4,6.3623,90.9411,2.6966
big_markets,2021.5,6.5622,90.6235,2.8142
big_markets,2021.6,6.7663,90.2983,2.9354
big_markets,2021.7,6.9747,89.9652,3.0601
big_markets,2021.8,7.1874,89.6244,3.1883
big_markets,2021.9,7.4043,89.2757,3.3200
big_markets,2022.0,7.6256,88.9191,3.4553
big_markets,2022.1,7.8513,88.5547,3.5941
big_markets,2022.2,8.0813,88.1823,3.7364
big_markets,2022.3,8.3158,87.8020,3.8822
big_markets,2022.4,8.5547,87.4138,4.0314
big_markets,2022.5,8.7981,87.0178,4.1842
big_markets,2022.6,9.0459,86.6138,4.3403
big_markets,2022.7,9.2982,86.2021,4.4997
big_markets,2022.8,9.5551,85.7825,4.6624
big_markets,2022.9,9.8165,85.3552,4.8284
big_markets,2023.0,10.0824,84.9201,4.9974
big_markets,2023.1,10.3529,84.4775,5.1696
big_markets,2023.2,10.6280,84.0274,5.3447
big_markets,2023.3,10.9076,83.5698,5.5226
big_markets,2023.4,11.1918,83.1049,5.7033
big_markets,2023.5,11.4806,82.6327,5.8866
big_markets,2023.6,11.7740,82.1535,6.0724
big_markets,2023.7,12.0720,81.6673,6.2606
big_markets,2023.8,12.3746,81.1744,6.4510
big_markets,2023.9,12.6818,80.6748,6.6434
big_markets,2024.0,12.9936,80.1687,6.8377
big_markets,2024.1,13.3099,79.6564,7.0337
big_markets,2024.2,13.6308,79.1380,7.2313
big_markets,2024.3,13.9562,78.6137,7.4301
big_markets,2024.4,14.2862,78.0838,7.6300
big_markets,2024.5,14.6207,77.5484,7.8308
big_markets,2024.6,14.9598,77.0079,8.0323
big_markets,2024.7,15.3033,76.4625,8.2343
big_markets,2024.8,15.6512,75.9124,8.4364
big_markets,2024.9,16.0036,75.3579,8.6385
big_markets,2025.0,16.3604,74.7993,8.8403
big_markets,2025.1,16.7216,74.2369,9.0415
big_markets,2025.2,17.0872,73.6710,9.2418
big_markets,2025.3,17.4570,73.1018,9.4411
big_markets,2025.4,17.8312,72.5298,9.6390
big_markets,2025.5,18.2096,71.9552,9.8352
big_markets,2025.6,18.5921,71.3784,10.0295
big_markets,2025.7,18.9789,70.7996,10.2215
big_markets,2025.8,19.3697,70.2193,10.4110
big_markets,2025.9,19.7646,69.6377,10.5977
big_markets,2026.0,20.1635,69.0552,10.7813
big_markets,2026.1,20.5664,68.4722,10.9615
big_markets,2026.2,20.9731,67.8889,11.1380
big_markets,2026.3,21.3838,67.3058,11.3105
big_markets,2026.4,21.7982,66.7232,11.4787
big_markets,2026.5,22.2163,66.1414,11.6424
big_markets,2026.6,22.6381,65.5607,11.8012
big_markets,2026.7,23.0634,64.9816,11.9550
big_markets,2026.8,23.4924,64.4043,12.1034
big_markets,2026.9,23.9247,63.8291,12.2461
big_markets,2027.0,24.3605,63.2565,12.3831
big_markets,2027.1,24.7995,62.6866,12.5139
big_markets,2027.2,25.2418,62.1198,12.6384
big_markets,2027.3,25.6872,61.5564,12.7563
big_markets,2027.4,26.1358,60.9967,12.8675
big_markets,2027.5,26.5873,60.4410,12.9718
big_markets,2027.6,27.0417,59.8894,13.0689
big_markets,2027.7,27.4989,59.3423,13.1588
big_markets,2027.8,27.9589,58.7999,13.2412
big_markets,2027.9,28.4214,58.2625,13.3161
big_markets,2028.0,28.8866,57.7301,13.3833
big_markets,2028.1,29.3542,57.2031,13.4427
big_markets,2028.2,29.8241,56.6816,13.4943
big_markets,2028.3,30.2963,56.1658,13.5379
big_markets,2028.4,30.7706,55.6558,13.5740
big_markets,2028.5,31.2470,55.1517,13.6025
big_markets,2028.6,31.7254,54.6537,13.6230
big_markets,2028.7,32.2056,54.1619,13.6354
big_markets,2028.8,32.6875,53.6763,13.6400
big_markets,2028.9,33.1711,53.1971,13.6365
big_markets,2029.0,33.6561,52.7243,13.6252
big_markets,2029.1,34.1426,52.2579,13.6061
big_markets,2029.2,34.6303,51.7979,13.5792
big_markets,2029.3,35.1192,51.3444,13.5447
big_markets,2029.4,35.6092,50.8974,13.5027
big_markets,2029.5,36.1000,50.4569,13.4533
big_markets,2029.6,36.5917,50.0228,13.3967
big_markets,2029.7,37.0841,49.5950,13.3331
big_markets,2029.8,37.5769,49.1737,13.2625
big_markets,2029.9,38.0703,48.7586,13.1853
big_markets,2030.0,38.5639,48.3498,13.1015
big_markets,2030.1,39.0576,47.9471,13.0114
big_markets,2030.2,39.5514,47.5505,12.9153
big_markets,2030.3,40.0450,47.1599,12.8132
big_markets,2030.4,40.5384,46.7753,12.7056
big_markets,2030.5,41.0314,46.3964,12.5925
big_markets,2030.6,41.5238,46.0232,12.4743
big_markets,2030.7,42.0156,45.6556,12.3512
big_markets,2030.8,42.5065,45.2936,12.2234
big_markets,2030.9,42.9964,44.9369,12.0912
big_markets,2031.0,43.4852,44.5855,11.9549
big_markets,2031.1,43.9727,44.2393,11.8147
big_markets,2031.2,44.4588,43.8982,11.6709
big_markets,2031.3,44.9432,43.5620,11.5237
big_markets,2031.4,45.4259,43.2307,11.3734
big_markets,2031.5,45.9067,42.9041,11.2203
big_markets,2031.6,46.3854,42.5822,11.0646
big_markets,2031.7,46.8619,42.2648,10.9066
big_markets,2031.8,47.3360,41.9519,10.7466
big_markets,2031.9,47.8076,41.6433,10.5848
big_markets,2032.0,48.2765,41.3389,10.4214
big_markets,2032.1,48.7425,41.0386,10.2568
big_markets,2032.2,49.2055,40.7425,10.0911
big_markets,2032.3,49.6653,40.4502,9.9247
big_markets,2032.4,50.1218,40.1618,9.7577
big_markets,2032.5,50.5749,39.8772,9.5905
big_markets,2032.6,51.0243,39.5962,9.4231
big_markets,2032.7,51.4700,39.3188,9.2560
big_markets,2032.8,51.9118,39.0449,9.0893
big_markets,2032.9,52.3495,38.7743,8.9233
big_markets,2033.0,52.7832,38.5071,8.7581
big_markets,2033.1,53.2125,38.2430,8.5940
big_markets,2033.2,53.6375,37.9820,8.4312
big_markets,2033.3,54.0579,37.7240,8.2699
big_markets,2033.4,54.4738,37.4689,8.1103
big_markets,2033.5,54.8849,37.2166,7.9526
big_markets,2033.6,55.2913,36.9670,7.7969
big_markets,2033.7,55.6929,36.7200,7.6436
big_markets,2033.8,56.0895,36.4755,7.4927
big_markets,2033.9,56.4812,36.2333,7.3443
big_markets,2034.0,56.8679,35.9934,7.1987
big_markets,2034.1,57.2495,35.7557,7.0560
big_markets,2034.2,57.6260,35.5201,6.9162
big_markets,2034.3,57.9974,35.2864,6.7796
big_markets,2034.4,58.3638,35.0547,6.6462
big_markets,2034.5,58.7251,34.8246,6.5160
big_markets,2034.6,59.0813,34.5963,6.3893
big_markets,2034.7,59.4326,34.3696,6.2660
big_markets,2034.8,59.7788,34.1443,6.1461
big_markets,2034.9,60.1201,33.9205,6.0298
big_markets,2035.0,60.4565,33.6980,5.9170
big_markets,2035.1,60.7881,33.4767,5.8078
big_markets,2035.2,61.1150,33.2567,5.7021
big_markets,2035.3,61.4373,33.0377,5.5999
big_markets,2035.4,61.7550,32.8199,5.5012
big_markets,2035.5,62.0683,32.6030,5.4059
big_markets,2035.6,62.3772,32.3871,5.3140
big_markets,2035.7,62.6819,32.1720,5.2255
big_markets,2035.8,62.9825,31.9579,5.1402
big_markets,2035.9,63.2790,31.7446,5.0580
big_markets,2036.0,63.5717,31.5321,4.9789
big_markets,2036.1,63.8606,31.3204,4.9028
big_markets,2036.2,64.1459,31.1094,4.8295
big_markets,2036.3,64.4277,30.8992,4.7591
big_markets,2036.4,64.7060,30.6898,4.6912
big_markets,2036.5,64.9810,30.4811,4.6260
big_markets,2036.6,65.2529,30.2731,4.5631
big_markets,2036.7,65.5216,30.0659,4.5026
big_markets,2036.8,65.7874,29.8595,4.4443
big_markets,2036.9,66.0504,29.6537,4.3881
big_markets,2037.0,66.3105,29.4488,4.3340
big_markets,2037.1,66.5680,29.2446,4.2817
big_markets,2037.2,66.8229,29.0413,4.2312
big_markets,2037.3,67.0753,28.8387,4.1824
big_markets,2037.4,67.3252,28.6370,4.1351
big_markets,2037.5,67.5727,28.4361,4.0895
big_markets,2037.6,67.8180,28.2361,4.0452
big_markets,2037.7,68.0610,28.0370,4.0023
big_markets,2037.8,68.3018,27.8388,3.9606
big_markets,2037.9,68.5405,27.6415,3.9201
big_markets,2038.0,68.7771,27.4452,3.8808
big_markets,2038.1,69.0116,27.2499,3.8425
big_markets,2038.2,69.2442,27.0556,3.8052
big_markets,2038.3,69.4747,26.8623,3.7688
big_markets,2038.4,69.7033,26.6701,3.7333
big_markets,2038.5,69.9300,26.4789,3.6987
big_markets,2038.6,70.1548,26.2888,3.6648
big_markets,2038.7,70.3778,26.0999,3.6317
big_markets,2038.8,70.5988,25.9121,3.5992
big_markets,2038.9,70.8181,25.7255,3.5674
big_markets,2039.0,71.0355,25.5401,3.5363
big_markets,2039.1,71.2512,25.3559,3.5057
big_markets,2039.2,71.4650,25.1729,3.4756
big_markets,2039.3,71.6771,24.9912,3.4460
big_markets,2039.4,71.8874,24.8108,3.4170
big_markets,2039.5,72.0959,24.6316,3.3883
big_markets,2039.6,72.3027,24.4538,3.3601
big_markets,2039.7,72.5078,24.2773,3.3323
big_markets,2039.8,72.7111,24.1022,3.3049
big_markets,2039.9,72.9126,23.9285,3.2778
big_markets,2040.0,73.1125,23.7561,3.2510
big_markets,2040.1,73.3106,23.5852,3.2245
big_markets,2040.2,73.5070,23.4156,3.1984
big_markets,2040.3,73.7017,23.2475,3.1724
big_markets,2040.4,73.8947,23.0809,3.1468
big_markets,2040.5,74.0859,22.9157,3.1214
big_markets,2040.6,74.2755,22.7520,3.0962
big_markets,2040.7,74.4634,22.5897,3.0712
big_markets,2040.8,74.6495,22.4290,3.0464
big_markets,2040.9,74.8340,22.2697,3.0218
big_markets,2041.0,75.0168,22.1120,2.9973
big_markets,2041.1,75.1979,21.9558,2.9731
big_markets,2041.2,75.3773,21.8010,2.9489
big_markets,2041.3,75.5550,21.6478,2.9250
big_markets,2041.4,75.7310,21.4962,2.9011
big_markets,2041.5,75.9054,21.3460,2.8774
big_markets,2041.6,76.0782,21.1974,2.8539
big_markets,2041.7,76.2492,21.0502,2.8304
big_markets,2041.8,76.4187,20.9046,2.8071
big_markets,2041.9,76.5865,20.7606,2.7838
big_markets,2042.0,76.7526,20.6180,2.7607
big_markets,2042.1,76.9171,20.4769,2.7377
big_markets,2042.2,77.0801,20.3374,2.7148
big_markets,2042.3,77.2414,20.1993,2.6920
big_markets,2042.4,77.4011,20.0627,2.6693
big_markets,2042.5,77.5592,19.9276,2.6466
big_markets,2042.6,77.7158,19.7939,2.6241
big_markets,2042.7,77.8708,19.6617,2.6017
big_markets,2042.8,78.0243,19.5309,2.5793
big_markets,2042.9,78.1762,19.4016,2.5571
big_markets,2043.0,78.3266,19.2736,2.5349
big_markets,2043.1,78.4756,19.1471,2.5129
big_markets,2043.2,78.6230,19.0219,2.4909
big_markets,2043.3,78.7690,18.8981,2.4690
big_markets,2043.4,78.9135,18.7756,2.4472
big_markets,2043.5,79.0566,18.6545,2.4255
big_markets,2043.6,79.1983,18.5347,2.4039
big_markets,2043.7,79.3386,18.4161,2.3824
big_markets,2043.8,79.4775,18.2988,2.3610
big_markets,2043.9,79.6151,18.1828,2.3397
big_markets,2044.0,79.7513,18.0680,2.3185
big_markets,2044.1,79.8862,17.9544,2.2974
big_markets,2044.2,80.0198,17.8419,2.2764
big_markets,2044.3,80.1522,17.7307,2.2555
big_markets,2044.4,80.2832,17.6205,2.2347
big_markets,2044.5,80.4131,17.5115,2.2140
big_markets,2044.6,80.5418,17.4036,2.1934
big_markets,2044.7,80.6692,17.2967,2.1729
big_markets,2044.8,80.7955,17.1909,2.1525
big_markets,2044.9,80.9207,17.0861,2.1322
big_markets,2045.0,81.0447,16.9823,2.1120
big_markets,2045.1,81.1677,16.8795,2.0920
big_markets,2045.2,81.2895,16.7776,2.0720
big_markets,2045.3,81.4103,16.6767,2.0522
big_markets,2045.4,81.5301,16.5767,2.0324
big_markets,2045.5,81.6488,16.4776,2.0128
big_markets,2045.6,81.7666,16.3793,1.9933
big_markets,2045.7,81.8834,16.2819,1.9739
big_markets,2045.8,81.9992,16.1853,1.9546
big_markets,2045.9,82.1141,16.0895,1.9355
big_markets,2046.0,82.2281,15.9945,1.9165
big_markets,2046.1,82.3412,15.9003,1.8975
big_markets,2046.2,82.4534,15.8068,1.8787
big_markets,2046.3,82.5647,15.7140,1.8600
big_markets,2046.4,82.6753,15.6220,1.8415
big_markets,2046.5,82.7849,15.5306,1.8230
big_markets,2046.6,82.8938,15.4400,1.8047
big_markets,2046.7,83.0019,15.3499,1.7865
big_markets,2046.8,83.1093,15.2605,1.7684
big_markets,2046.9,83.2158,15.1718,1.7504
big_markets,2047.0,83.3217,15.0836,1.7326
big_markets,2047.1,83.4268,14.9961,1.7149
big_markets,2047.2,83.5311,14.9091,1.6973
big_markets,2047.3,83.6348,14.8227,1.6798
big_markets,2047.4,83.7378,14.7369,1.6624
big_markets,2047.5,83.8402,14.6516,1.6452
big_markets,2047.6,83.9418,14.5668,1.6280
big_markets,2047.7,84.0428,14.4826,1.6110
big_markets,2047.8,84.1432,14.3988,1.5941
big_markets,2047.9,84.2429,14.3156,1.5774
big_markets,2048.0,84.3420,14.2329,1.5607
big_markets,2048.1,84.4405,14.1506,1.5442
big_markets,2048.2,84.5384,14.0689,1.5278
big_markets,2048.3,84.6357,13.9875,1.5115
big_markets,2048.4,84.7324,13.9067,1.4953
big_markets,2048.5,84.8286,13.8263,1.4793
big_markets,2048.6,84.9241,13.7463,1.4634
big_markets,2048.7,85.0191,13.6668,1.4475
big_markets,2048.8,85.1136,13.5877,1.4318
big_markets,2048.9,85.2074,13.5091,1.4162
big_markets,2049.0,85.3008,13.4308,1.4008
big_markets,2049.1,85.3936,13.3530,1.3854
big_markets,2049.2,85.4858,13.2756,1.3702
big_markets,2049.3,85.5776,13.1986,1.3551
big_markets,2049.4,85.6688,13.1220,1.3401
big_markets,2049.5,85.7594,13.0458,1.3252
big_markets,2049.6,85.8496,12.9700,1.3104
big_markets,2049.7,85.9393,12.8946,1.2957
big_markets,2049.8,86.0284,12.8196,1.2812
big_markets,2049.9,86.1170,12.7450,1.2667
big_markets,2050.0,86.2051,12.6708,1.2524
country_germany,2015.0,0.5771,98.6685,0.7544
country_germany,2015.1,0.6199,98.5796,0.8005
country_germany,2015.2,0.6647,98.4871,0.8482
country_germany,2015.3,0.7116,98.3911,0.8973
country_germany,2015.4,0.7606,98.2914,0.9480
country_germany,2015.5,0.8117,98.1880,1.0002
country_germany,2015.6,0.8651,98.0810,1.0540
country_germany,2015.7,0.9206,97.9701,1.1093
country_germany,2015.8,0.9784,97.8555,1.1661
country_germany,2015.9,1.0385,97.7371,1.2244
country_germany,2016.0,1.1010,97.6148,1.2842
country_germany,2016.1,1.1659,97.4885,1.3456
country_germany,2016.2,1.2331,97.3584,1.4085
country_germany,2016.3,1.3029,97.2242,1.4729
country_germany,2016.4,1.3751,97.0860,1.5388
country_germany,2016.5,1.4499,96.9438,1.6063
country_germany,2016.6,1.5273,96.7975,1.6752
country_germany,2016.7,1.6073,96.6471,1.7456
country_germany,2016.8,1.6899,96.4926,1.8175
country_germany,2016.9,1.7752,96.3339,1.8909
country_germany,2017.0,1.8633,96.1710,1.9657
country_germany,2017.1,1.9541,96.0039,2.0420
country_germany,2017.2,2.0477,95.8325,2.1198
country_germany,2017.3,2.1441,95.6569,2.1990
country_germany,2017.4,2.2434,95.4770,2.2796
country_germany,2017.5,2.3456,95.2928,2.3616
country_germany,2017.6,2.4508,95.1042,2.4450
country_germany,2017.7,2.5589,94.9113,2.5298
country_germany,2017.8,2.6700,94.7141,2.6160
country_germany,2017.9,2.7841,94.5125,2.7035
country_germany,2018.0,2.9012,94.3064,2.7923
country_germany,2018.1,3.0215,94.0960,2.8825
country_germany,2018.2,3.1449,93.8811,2.9740
country_germany,2018.3,3.2714,93.6618,3.0668
country_germany,2018.4,3.4011,93.4381,3.1608
country_germany,2018.5,3.5340,93.2099,3.2561
country_germany,2018.6,3.6702,92.9773,3.3526
country_germany,2018.7,3.8096,92.7402,3.4503
country_germany,2018.8,3.9523,92.4986,3.5492
country_germany,2018.9,4.0983,92.2525,3.6492
country_germany,2019.0,4.2476,92.0020,3.7504
country_germany,2019.1,4.4003,91.7470,3.8527
country_germany,2019.2,4.5564,91.4875,3.9561
country_germany,2019.3,4.7159,91.2236,4.0606
country_germany,2019.4,4.8788,90.9551,4.1661
country_germany,2019.5,5.0452,90.6822,4.2726
country_germany,2019.6,5.2150,90.4049,4.3801
country_germany,2019.7,5.3883,90.1231,4.4886
country_germany,2019.8,5.5652,89.8368,4.5980
country_germany,2019.9,5.7456,89.5461,4.7083
country_germany,2020.0,5.9295,89.2510,4.8195
country_germany,2020.1,6.1170,88.9514,4.9315
country_germany,2020.2,6.3081,88.6475,5.0444
country_germany,2020.3,6.5028,88.3391,5.1580
country_germany,2020.4,6.7011,88.0264,5.2724
country_germany,2020.5,6.9031,87.7094,5.3876
country_germany,2020.6,7.1086,87.3880,5.5034
country_germany,2020.7,7.3179,87.0622,5.6199
country_germany,2020.8,7.5308,86.7322,5.7370
country_germany,2020.9,7.7474,86.3979,5.8547
country_germany,2021.0,7.9676,86.0594,5.9730
country_germany,2021.1,8.1916,85.7166,6.0918
country_germany,2021.2,8.4193,85.3696,6.2111
country_germany,2021.3,8.6507,85.0185,6.3308
country_germany,2021.4,8.8858,84.6632,6.4510
country_germany,2021.5,9.1247,84.3038,6.5715
country_germany,2021.6,9.3673,83.9403,6.6924
country_germany,2021.7,9.6136,83.5727,6.8137
country_germany,2021.8,9.8636,83.2012,6.9352
country_germany,2021.9,10.1175,82.8256,7.0569
country_germany,2022.0,10.3750,82.4461,7.1788
country_germany,2022.1,10.6363,82.0627,7.3010
country_germany,2022.2,10.9014,81.6755,7.4232
country_germany,2022.3,11.1701,81.2844,7.5455
country_germany,2022.4,11.4427,80.8895,7.6679
country_germany,2022.5,11.7189,80.4908,7.7903
country_germany,2022.6,11.9990,80.0884,7.9126
country_germany,2022.7,12.2827,79.6824,8.0349
country_germany,2022.8,12.5702,79.2728,8.1571
country_germany,2022.9,12.8613,78.8596,8.2791
country_germany,2023.0,13.1562,78.4428,8.4009
country_germany,2023.1,13.4548,78.0226,8.5226
country_germany,2023.2,13.7571,77.5990,8.6439
country_germany,2023.3,14.0631,77.1720,8.7650
country_germany,2023.4,14.3727,76.7417,8.8857
country_germany,2023.5,14.6860,76.3081,9.0060
country_germany,2023.6,15.0029,75.8712,9.1258
country_germany,2023.7,15.3235,75.4313,9.2453
country_germany,2023.8,15.6477,74.9882,9.3642
country_germany,2023.9,15.9754,74.5420,9.4825
country_germany,2024.0,16.3068,74.0929,9.6003
country_germany,2024.1,16.6417,73.6409,9.7175
country_germany,2024.2,16.9801,73.1859,9.8339
country_germany,2024.3,17.3221,72.7282,9.9497
country_germany,2024.4,17.6676,72.2677,10.0647
country_germany,2024.5,18.0165,71.8045,10.1790
country_germany,2024.6,18.3689,71.3387,10.2924
country_germany,2024.7,18.7247,70.8703,10.4049
country_germany,2024.8,19.0840,70.3995,10.5166
country_germany,2024.9,19.4466,69.9262,10.6273
country_germany,2025.0,19.8125,69.4505,10.7370
country_germany,2025.1,20.1818,68.9725,10.8457
country_germany,2025.2,20.5544,68.4923,10.9533
country_germany,2025.3,20.9302,68.0099,11.0598
country_germany,2025.4,21.3093,67.5255,11.1652
country_germany,2025.5,21.6916,67.0390,11.2695
country_germany,2025.6,22.0770,66.5505,11.3725
country_germany,2025.7,22.4656,66.0602,11.4742
country_germany,2025.8,22.8572,65.5680,11.5747
country_germany,2025.9,23.2519,65.0741,11.6739
country_germany,2026.0,23.6497,64.5786,11.7717
country_germany,2026.1,24.0504,64.0814,11.8682
country_germany,2026.2,24.4541,63.5827,11.9632
country_germany,2026.3,24.8607,63.0826,12.0568
country_germany,2026.4,25.2702,62.5810,12.1488
country_germany,2026.5,25.6825,62.0782,12.2394
country_germany,2026.6,26.0975,61.5741,12.3284
country_germany,2026.7,26.5154,61.0689,12.4158
country_germany,2026.8,26.9359,60.5625,12.5016
country_germany,2026.9,27.3591,60.0552,12.5857
country_germany,2027.0,27.7848,59.5470,12.6682
country_germany,2027.1,28.2132,59.0378,12.7490
country_germany,2027.2,28.6441,58.5279,12.8280
country_germany,2027.3,29.0774,58.0173,12.9053
country_germany,2027.4,29.5132,57.5061,12.9807
country_germany,2027.5,29.9513,56.9943,13.0544
country_germany,2027.6,30.3917,56.4820,13.1262
country_germany,2027.7,30.8345,55.9694,13.1962
country_germany,2027.8,31.2794,55.4564,13.2642
country_germany,2027.9,31.7265,54.9431,13.3304
country_germany,2028.0,32.1757,54.4297,13.3946
country_germany,2028.1,32.6270,53.9162,13.4568
country_germany,2028.2,33.0803,53.4026,13.5171
country_germany,2028.3,33.5356,52.8891,13.5753
country_germany,2028.4,33.9927,52.3758,13.6315
country_germany,2028.5,34.4517,51.8626,13.6857
country_germany,2028.6,34.9125,51.3497,13.7378
country_germany,2028.7,35.3750,50.8372,13.7879
country_germany,2028.8,35.8391,50.3251,13.8358
country_germany,2028.9,36.3049,49.8134,13.8817
country_germany,2029.0,36.7722,49.3024,13.9254
country_germany,2029.1,37.2411,48.7920,13.9669
country_germany,2029.2,37.7113,48.2823,14.0064
country_germany,2029.3,38.1829,47.7735,14.0436
country_germany,2029.4,38.6559,47.2654,14.0787
country_germany,2029.5,39.1301,46.7584,14.1116
country_germany,2029.6,39.6055,46.2523,14.1423
country_germany,2029.7,40.0820,45.7473,14.1707
country_germany,2029.8,40.5595,45.2434,14.1970
country_germany,2029.9,41.0381,44.7408,14.2211
country_germany,2030.0,41.5177,44.2395,14.2429
country_germany,2030.1,41.9981,43.7395,14.2625
country_germany,2030.2,42.4793,43.2409,14.2798
country_germany,2030.3,42.9612,42.7438,14.2950
country_germany,2030.4,43.4439,42.2483,14.3078
country_germany,2030.5,43.9272,41.7544,14.3185
country_germany,2030.6,44.4110,41.2621,14.3269
country_germany,2030.7,44.8953,40.7717,14.3330
country_germany,2030.8,45.3801,40.2830,14.3369
country_germany,2030.9,45.8652,39.7962,14.3386
country_germany,2031.0,46.3506,39.3113,14.3380
country_germany,2031.1,46.8363,38.8285,14.3352
country_germany,2031.2,47.3221,38.3477,14.3302
country_germany,2031.3,47.8080,37.8690,14.3230
country_germany,2031.4,48.2940,37.3925,14.3135
country_germany,2031.5,48.7800,36.9182,14.3019
country_germany,2031.6,49.2658,36.4462,14.2880
country_germany,2031.7,49.7515,35.9765,14.2720
country_germany,2031.8,50.2370,35.5093,14.2537
country_germany,2031.9,50.7222,35.0444,14.2334
country_germany,2032.0,51.2070,34.5821,14.2108
country_germany,2032.1,51.6915,34.1224,14.1861
country_germany,2032.2,52.1754,33.6652,14.1593
country_germany,2032.3,52.6589,33.2107,14.1304
country_germany,2032.4,53.1417,32.7589,14.0994
country_germany,2032.5,53.6238,32.3099,14.0663
country_germany,2032.6,54.1052,31.8636,14.0312
country_germany,2032.7,54.5858,31.4202,13.9940
country_germany,2032.8,55.0656,30.9797,13.9548
country_germany,2032.9,55.5444,30.5420,13.9135
country_germany,2033.0,56.0223,30.1074,13.8703
country_germany,2033.1,56.4991,29.6758,13.8251
country_germany,2033.2,56.9748,29.2472,13.7780
country_germany,2033.3,57.4493,28.8217,13.7290
country_germany,2033.4,57.9227,28.3993,13.6780
country_germany,2033.5,58.3947,27.9801,13.6252
country_germany,2033.6,58.8654,27.5641,13.5705
country_germany,2033.7,59.3346,27.1513,13.5140
country_germany,2033.8,59.8025,26.7418,13.4557
country_germany,2033.9,60.2688,26.3356,13.3957
country_germany,2034.0,60.7335,25.9327,13.3339
country_germany,2034.1,61.1966,25.5331,13.2703
country_germany,2034.2,61.6579,25.1369,13.2051
country_germany,2034.3,62.1176,24.7442,13.1382
country_germany,2034.4,62.5754,24.3548,13.0697
country_germany,2034.5,63.0314,23.9690,12.9996
country_germany,2034.6,63.4855,23.5866,12.9279
country_germany,2034.7,63.9376,23.2077,12.8547
country_germany,2034.8,64.3877,22.8323,12.7800
country_germany,2034.9,64.8358,22.4605,12.7038
country_germany,2035.0,65.2817,22.0922,12.6261
country_germany,2035.1,65.7254,21.7275,12.5470
country_germany,2035.2,66.1670,21.3665,12.4666
country_germany,2035.3,66.6063,21.0090,12.3847
country_germany,2035.4,67.0432,20.6551,12.3016
country_germany,2035.5,67.4779,20.3049,12.2172
country_germany,2035.6,67.9101,19.9584,12.1316
country_germany,2035.7,68.3398,19.6155,12.0447
country_germany,2035.8,68.7671,19.2762,11.9567
country_germany,2035.9,69.1918,18.9407,11.8675
country_germany,2036.0,69.6140,18.6088,11.7772
country_germany,2036.1,70.0335,18.2807,11.6858
country_germany,2036.2,70.4504,17.9562,11.5934
country_germany,2036.3,70.8646,17.6354,11.5000
country_germany,2036.4,71.2760,17.3183,11.4056
country_germany,2036.5,71.6847,17.0050,11.3103
country_germany,2036.6,72.0906,16.6953,11.2141
country_germany,2036.7,72.4936,16.3894,11.1170
country_germany,2036.8,72.8937,16.0871,11.0192
country_germany,2036.9,73.2909,15.7886,10.9205
country_germany,2037.0,73.6852,15.4938,10.8211
country_germany,2037.1,74.0764,15.2026,10.7209
country_germany,2037.2,74.4647,14.9152,10.6201
country_germany,2037.3,74.8499,14.6314,10.5187
country_germany,2037.4,75.2321,14.3513,10.4166
country_germany,2037.5,75.6111,14.0749,10.3140
country_germany,2037.6,75.9871,13.8021,10.2108
country_germany,2037.7,76.3598,13.5330,10.1072
country_germany,2037.8,76.7294,13.2676,10.0030
country_germany,2037.9,77.0958,13.0057,9.8985
country_germany,2038.0,77.4590,12.7475,9.7935
country_germany,2038.1,77.8189,12.4929,9.6882
country_germany,2038.2,78.1756,12.2418,9.5826
country_germany,2038.3,78.5289,11.9944,9.4767
country_germany,2038.4,78.8790,11.7505,9.3705
country_germany,2038.5,79.2257,11.5101,9.2641
country_germany,2038.6,79.5691,11.2733,9.1575
country_germany,2038.7,79.9092,11.0400,9.0508
country_germany,2038.8,80.2459,10.8102,8.9440
country_germany,2038.9,80.5792,10.5838,8.8370
country_germany,2039.0,80.9091,10.3609,8.7300
country_germany,2039.1,81.2356,10.1414,8.6230
country_germany,2039.2,81.5586,9.9253,8.5160
country_germany,2039.3,81.8783,9.7127,8.4091
country_germany,2039.4,82.1945,9.5033,8.3022
country_germany,2039.5,82.5073,9.2974,8.1954
country_germany,2039.6,82.8166,9.0947,8.0887
country_germany,2039.7,83.1225,8.8953,7.9822
country_germany,2039.8,83.4249,8.6992,7.8759
country_germany,2039.9,83.7238,8.5063,7.7698
country_germany,2040.0,84.0193,8.3167,7.6640
country_germany,2040.1,84.3113,8.1302,7.5585
country_germany,2040.2,84.5998,7.9470,7.4532
country_germany,2040.3,84.8849,7.7668,7.3483
country_germany,2040.4,85.1665,7.5898,7.2437
country_germany,2040.5,85.4447,7.4158,7.1396
country_germany,2040.6,85.7193,7.2449,7.0358
country_germany,2040.7,85.9905,7.0770,6.9325
country_germany,2040.8,86.2583,6.9121,6.8296
country_germany,2040.9,86.5226,6.7502,6.7272
country_germany,2041.0,86.7835,6.5912,6.6253
country_germany,2041.1,87.0409,6.4351,6.5240
country_germany,2041.2,87.2950,6.2819,6.4232
country_germany,2041.3,87.5456,6.1315,6.3229
country_germany,2041.4,87.7927,5.9840,6.2233
country_germany,2041.5,88.0365,5.8392,6.1243
country_germany,2041.6,88.2769,5.6972,6.0259
country_germany,2041.7,88.5140,5.5579,5.9281
country_germany,2041.8,88.7477,5.4213,5.8311
country_germany,2041.9,88.9780,5.2873,5.7347
country_germany,2042.0,89.2050,5.1560,5.6390
country_germany,2042.1,89.4286,5.0273,5.5441
country_germany,2042.2,89.6490,4.9011,5.4499
country_germany,2042.3,89.8661,4.7774,5.3565
country_germany,2042.4,90.0799,4.6563,5.2638
country_germany,2042.5,90.2905,4.5376,5.1719
country_germany,2042.6,90.4978,4.4213,5.0808
country_germany,2042.7,90.7020,4.3075,4.9906
country_germany,2042.8,90.9029,4.1960,4.9011
country_germany,2042.9,91.1007,4.0868,4.8125
country_germany,2043.0,91.2953,3.9800,4.7248
country_germany,2043.1,91.4868,3.8754,4.6379
country_germany,2043.2,91.6751,3.7730,4.5519
country_germany,2043.3,91.8604,3.6729,4.4667
country_germany,2043.4,92.0426,3.5749,4.3825
country_germany,2043.5,92.2218,3.4790,4.2992
country_germany,2043.6,92.3980,3.3853,4.2168
country_germany,2043.7,92.5711,3.2936,4.1352
country_germany,2043.8,92.7414,3.2040,4.0547
country_germany,2043.9,92.9086,3.1164,3.9750
country_germany,2044.0,93.0730,3.0307,3.8963
country_germany,2044.1,93.2344,2.9470,3.8186
country_germany,2044.2,93.3930,2.8652,3.7417
country_germany,2044.3,93.5488,2.7853,3.6659
country_germany,2044.4,93.7017,2.7073,3.5910
country_germany,2044.5,93.8519,2.6311,3.5170
country_germany,2044.6,93.9993,2.5566,3.4441
country_germany,2044.7,94.1440,2.4839,3.3721
country_germany,2044.8,94.2860,2.4130,3.3010
country_germany,2044.9,94.4253,2.3437,3.2310
country_germany,2045.0,94.5620,2.2761,3.1619
country_germany,2045.1,94.6961,2.2102,3.0938
country_germany,2045.2,94.8276,2.1458,3.0266
country_germany,2045.3,94.9565,2.0830,2.9604
country_germany,2045.4,95.0829,2.0218,2.8952
country_germany,2045.5,95.2069,1.9621,2.8310
country_germany,2045.6,95.3283,1.9039,2.7678
country_germany,2045.7,95.4474,1.8472,2.7055
country_germany,2045.8,95.5640,1.7919,2.6442
country_germany,2045.9,95.6782,1.7380,2.5838
country_germany,2046.0,95.7902,1.6854,2.5244
country_germany,2046.1,95.8998,1.6343,2.4660
country_germany,2046.2,96.0071,1.5844,2.4085
country_germany,2046.3,96.1122,1.5359,2.3520
country_germany,2046.4,96.2150,1.4886,2.2964
country_germany,2046.5,96.3157,1.4426,2.2417
country_germany,2046.6,96.4142,1.3978,2.1880
country_germany,2046.7,96.5106,1.3541,2.1353
country_germany,2046.8,96.6049,1.3117,2.0834
country_germany,2046.9,96.6971,1.2704,2.0325
country_germany,2047.0,96.7873,1.2302,1.9825
country_germany,2047.1,96.8755,1.1911,1.9334
country_germany,2047.2,96.9617,1.1531,1.8852
country_germany,2047.3,97.0460,1.1162,1.8378
country_germany,2047.4,97.1284,1.0802,1.7914
country_germany,2047.5,97.2088,1.0453,1.7459
country_germany,2047.6,97.2875,1.0113,1.7012
country_germany,2047.7,97.3643,0.9784,1.6574
country_germany,2047.8,97.4393,0.9463,1.6144
country_germany,2047.9,97.5125,0.9151,1.5723
country_germany,2048.0,97.5841,0.8849,1.5310
country_germany,2048.1,97.6539,0.8555,1.4906
country_germany,2048.2,97.7220,0.8270,1.4510
country_germany,2048.3,97.7885,0.7993,1.4122
country_germany,2048.4,97.8534,0.7724,1.3742
country_germany,2048.5,97.9167,0.7463,1.3370
country_germany,2048.6,97.9785,0.7210,1.3005
country_germany,2048.7,98.0387,0.6964,1.2649
country_germany,2048.8,98.0974,0.6726,1.2300
country_germany,2048.9,98.1546,0.6495,1.1959
country_germany,2049.0,98.2104,0.6271,1.1625
country_germany,2049.1,98.2648,0.6054,1.1299
country_germany,2049.2,98.3178,0.5843,1.0979
country_germany,2049.3,98.3694,0.5639,1.0668
country_germany,2049.4,98.4196,0.5441,1.0363
country_germany,2049.5,98.4686,0.5249,1.0065
country_germany,2049.6,98.5163,0.5063,0.9774
country_germany,2049.7,98.5627,0.4883,0.9489
country_germany,2049.8,98.6079,0.4709,0.9212
country_germany,2049.9,98.6519,0.4541,0.8941
country_germany,2050.0,98.6947,0.4377,0.8676
country_china,2015.0,0.5564,99.6403,0.0000
country_china,2015.1,0.5970,99.6070,0.0000
country_china,2015.2,0.6397,99.5713,0.0000
country_china,2015.3,0.6848,99.5330,0.0000
country_china,2015.4,0.7323,99.4920,0.0000
country_china,2015.5,0.7823,99.4481,0.0000
country_china,2015.6,0.8348,99.4012,0.0000
country_china,2015.7,0.8899,99.3512,0.0000
country_china,2015.8,0.9477,99.2977,0.0000
country_china,2015.9,1.0084,99.2408,0.0000
country_china,2016.0,1.0720,99.1802,0.0000
country_china,2016.1,1.1386,99.1157,0.0000
country_china,2016.2,1.2082,99.0472,0.0000
country_china,2016.3,1.2811,98.9745,0.0000
country_china,2016.4,1.3572,98.8974,0.0000
country_china,2016.5,1.4367,98.8156,0.0000
country_china,2016.6,1.5197,98.7291,0.0000
country_china,2016.7,1.6063,98.6375,0.0000
country_china,2016.8,1.6965,98.5406,0.0000
country_china,2016.9,1.7905,98.4383,0.0000
country_china,2017.0,1.8884,98.3304,0.0000
country_china,2017.1,1.9903,98.2165,0.0000
country_china,2017.2,2.0963,98.0964,0.0000
country_china,2017.3,2.2064,97.9700,0.0000
country_china,2017.4,2.3209,97.8369,0.0000
country_china,2017.5,2.4397,97.6969,0.0000
country_china,2017.6,2.5631,97.5497,0.0000
country_china,2017.7,2.6911,97.3952,0.0000
country_china,2017.8,2.8238,97.2330,0.0000
country_china,2017.9,2.9613,97.0628,0.0000
country_china,2018.0,3.1038,96.8844,0.0118
country_china,2018.1,3.2513,96.6975,0.0511
country_china,2018.2,3.4040,96.5019,0.0941
country_china,2018.3,3.5620,96.2971,0.1409
country_china,2018.4,3.7254,96.0830,0.1916
country_china,2018.5,3.8942,95.8593,0.2465
country_china,2018.6,4.0687,95.6256,0.3057
country_china,2018.7,4.2489,95.3816,0.3695
country_china,2018.8,4.4348,95.1272,0.4380
country_china,2018.9,4.6268,94.8618,0.5114
country_china,2019.0,4.8247,94.5853,0.5899
country_china,2019.1,5.0289,94.2974,0.6737
country_china,2019.2,5.2392,93.9977,0.7631
country_china,2019.3,5.4560,93.6859,0.8581
country_china,2019.4,5.6792,93.3618,0.9590
country_china,2019.5,5.9090,93.0249,1.0661
country_china,2019.6,6.1455,92.6751,1.1794
country_china,2019.7,6.3888,92.3120,1.2992
country_china,2019.8,6.6390,91.9353,1.4257
country_china,2019.9,6.8961,91.5448,1.5591
country_china,2020.0,7.1604,91.1400,1.6996
country_china,2020.1,7.4318,90.7208,1.8473
country_china,2020.2,7.7106,90.2869,2.0025
country_china,2020.3,7.9967,89.8379,2.1654
country_china,2020.4,8.2903,89.3737,2.3360
country_china,2020.5,8.5915,88.8938,2.5147
country_china,2020.6,8.9003,88.3982,2.7015
country_china,2020.7,9.2169,87.8866,2.8965
country_china,2020.8,9.5413,87.3586,3.1001
country_china,2020.9,9.8736,86.8141,3.3123
country_china,2021.0,10.2139,86.2529,3.5332
country_china,2021.1,10.5623,85.6748,3.7629
country_china,2021.2,10.9188,85.0795,4.0017
country_china,2021.3,11.2835,84.4670,4.2495
country_china,2021.4,11.6565,83.8370,4.5065
country_china,2021.5,12.0378,83.1895,4.7727
country_china,2021.6,12.4276,82.5242,5.0482
country_china,2021.7,12.8258,81.8411,5.3331
country_china,2021.8,13.2325,81.1401,5.6274
country_china,2021.9,13.6477,80.4212,5.9311
country_china,2022.0,14.0716,79.6842,6.2442
country_china,2022.1,14.5041,78.9292,6.5667
country_china,2022.2,14.9452,78.1562,6.8985
country_china,2022.3,15.3951,77.3652,7.2396
country_china,2022.4,15.8537,76.5563,7.5900
country_china,2022.5,16.3211,75.7295,7.9494
country_china,2022.6,16.7973,74.8849,8.3178
country_china,2022.7,17.2822,74.0227,8.6951
country_china,2022.8,17.7759,73.1431,9.0810
country_china,2022.9,18.2784,72.2461,9.4755
country_china,2023.0,18.7897,71.3322,9.8781
country_china,2023.1,19.3097,70.4014,10.2888
country_china,2023.2,19.8386,69.4542,10.7073
country_china,2023.3,20.3761,68.4907,11.1332
country_china,2023.4,20.9224,67.5115,11.5662
country_china,2023.5,21.4773,66.5167,12.0059
country_china,2023.6,22.0409,65.5070,12.4521
country_china,2023.7,22.6130,64.4827,12.9042
country_china,2023.8,23.1937,63.4443,13.3619
country_china,2023.9,23.7829,62.3924,13.8247
country_china,2024.0,24.3805,61.3274,14.2921
country_china,2024.1,24.9864,60.2500,14.7636
country_china,2024.2,25.6006,59.1609,15.2386
country_china,2024.3,26.2229,58.0606,15.7165
country_china,2024.4,26.8533,56.9498,16.1969
country_china,2024.5,27.4917,55.8294,16.6789
country_china,2024.6,28.1379,54.7000,17.1621
country_china,2024.7,28.7919,53.5624,17.6457
country_china,2024.8,29.4535,52.4174,18.1291
country_china,2024.9,30.1227,51.2659,18.6114
country_china,2025.0,30.7992,50.1088,19.0921
country_china,2025.1,31.4829,48.9469,19.5702
country_china,2025.2,32.1737,47.7812,20.0452
country_china,2025.3,32.8713,46.6126,20.5161
country_china,2025.4,33.5758,45.4420,20.9822
country_china,2025.5,34.2868,44.2706,21.4426
country_china,2025.6,35.0042,43.0991,21.8966
country_china,2025.7,35.7278,41.9288,22.3434
country_china,2025.8,36.4575,40.7605,22.7820
country_china,2025.9,37.1930,39.5954,23.2116
country_china,2026.0,37.9340,38.4345,23.6315
country_china,2026.1,38.6805,37.2787,24.0408
country_china,2026.2,39.4322,36.1293,24.4386
country_china,2026.3,40.1888,34.9871,24.8242
country_china,2026.4,40.9501,33.8533,25.1967
country_china,2026.5,41.7159,32.7288,25.5553
country_china,2026.6,42.4859,31.6148,25.8993
country_china,2026.7,43.2600,30.5122,26.2279
country_china,2026.8,44.0377,29.4220,26.5403
country_china,2026.9,44.8189,28.3451,26.8360
country_china,2027.0,45.6034,27.2826,27.1140
country_china,2027.1,46.3907,26.2353,27.3740
country_china,2027.2,47.1807,25.2042,27.6151
country_china,2027.3,47.9731,24.1901,27.8368
country_china,2027.4,48.7675,23.1938,28.0387
country_china,2027.5,49.5638,22.2161,28.2201
country_china,2027.6,50.3615,21.2578,28.3806
country_china,2027.7,51.1605,20.3196,28.5199
country_china,2027.8,51.9603,19.4021,28.6375
country_china,2027.9,52.7608,18.5060,28.7332
country_china,2028.0,53.5615,17.6318,28.8067
country_china,2028.1,54.3622,16.7801,28.8577
country_china,2028.2,55.1626,15.9512,28.8862
country_china,2028.3,55.9623,15.1457,28.8920
country_china,2028.4,56.7611,14.3638,28.8751
country_china,2028.5,57.5586,13.6060,28.8355
country_china,2028.6,58.3545,12.8723,28.7733
country_china,2028.7,59.1485,12.1630,28.6886
country_china,2028.8,59.9402,11.4782,28.5816
country_china,2028.9,60.7295,10.8180,28.4525
country_china,2029.0,61.5159,10.1824,28.3017
country_china,2029.1,62.2991,9.5714,28.1295
country_china,2029.2,63.0788,8.9848,27.9364
country_china,2029.3,63.8547,8.4226,27.7226
country_china,2029.4,64.6266,7.8845,27.4889
country_china,2029.5,65.3940,7.3702,27.2357
country_china,2029.6,66.1567,6.8796,26.9637
country_china,2029.7,66.9145,6.4121,26.6735
country_china,2029.8,67.6669,5.9674,26.3657
country_china,2029.9,68.4137,5.5452,26.0411
country_china,2030.0,69.1547,5.1448,25.7005
country_china,2030.1,69.8895,4.7659,25.3447
country_china,2030.2,70.6178,4.4078,24.9744
country_china,2030.3,71.3395,4.0700,24.5905
country_china,2030.4,72.0542,3.7519,24.1939
country_china,2030.5,72.7616,3.4529,23.7854
country_china,2030.6,73.4616,3.1723,23.3660
country_china,2030.7,74.1539,2.9095,22.9366
country_china,2030.8,74.8382,2.6638,22.4980
country_china,2030.9,75.5144,2.4345,22.0511
country_china,2031.0,76.1821,2.2209,21.5970
country_china,2031.1,76.8412,2.0223,21.1364
country_china,2031.2,77.4915,1.8381,20.6704
country_china,2031.3,78.1328,1.6675,20.1997
country_china,2031.4,78.7649,1.5098,19.7253
country_china,2031.5,79.3876,1.3643,19.2481
country_china,2031.6,80.0008,1.2304,18.7688
country_china,2031.7,80.6043,1.1075,18.2883
country_china,2031.8,81.1979,0.9948,17.8073
country_china,2031.9,81.7815,0.8917,17.3268
country_china,2032.0,82.3551,0.7976,16.8473
country_china,2032.1,82.9184,0.7119,16.3697
country_china,2032.2,83.4714,0.6341,15.8946
country_china,2032.3,84.0139,0.5635,15.4226
country_china,2032.4,84.5459,0.4997,14.9544
country_china,2032.5,85.0674,0.4421,14.4906
country_china,2032.6,85.5782,0.3902,14.0316
country_china,2032.7,86.0783,0.3436,13.5781
country_china,2032.8,86.5676,0.3019,13.1305
country_china,2032.9,87.0461,0.2646,12.6893
country_china,2033.0,87.5139,0.2313,12.2548
country_china,2033.1,87.9708,0.2018,11.8274
country_china,2033.2,88.4169,0.1756,11.4075
country_china,2033.3,88.8522,0.1523,10.9954
country_china,2033.4,89.2767,0.1319,10.5914
country_china,2033.5,89.6905,0.1138,10.1957
country_china,2033.6,90.0935,0.0980,9.8085
country_china,2033.7,90.4859,0.0842,9.4300
country_china,2033.8,90.8676,0.0721,9.0603
country_china,2033.9,91.2388,0.0616,8.6996
country_china,2034.0,91.5995,0.0524,8.3481
country_china,2034.1,91.9498,0.0445,8.0057
country_china,2034.2,92.2898,0.0377,7.6725
country_china,2034.3,92.6196,0.0319,7.3485
country_china,2034.4,92.9394,0.0268,7.0338
country_china,2034.5,93.2491,0.0225,6.7284
country_china,2034.6,93.5490,0.0188,6.4321
country_china,2034.7,93.8392,0.0157,6.1451
country_china,2034.8,94.1198,0.0131,5.8671
country_china,2034.9,94.3909,0.0108,5.5982
country_china,2035.0,94.6528,0.0090,5.3382
country_china,2035.1,94.9055,0.0074,5.0871
country_china,2035.2,95.1492,0.0061,4.8447
country_china,2035.3,95.3842,0.0050,4.6109
country_china,2035.4,95.6104,0.0040,4.3855
country_china,2035.5,95.8282,0.0033,4.1685
country_china,2035.6,96.0377,0.0027,3.9596
country_china,2035.7,96.2391,0.0022,3.7587
country_china,2035.8,96.4325,0.0017,3.5657
country_china,2035.9,96.6182,0.0014,3.3804
country_china,2036.0,96.7963,0.0011,3.2026
country_china,2036.1,96.9671,0.0009,3.0321
country_china,2036.2,97.1306,0.0007,2.8687
country_china,2036.3,97.2871,0.0006,2.7123
country_china,2036.4,97.4369,0.0004,2.5627
country_china,2036.5,97.5800,0.0003,2.4197
country_china,2036.6,97.7167,0.0003,2.2830
country_china,2036.7,97.8472,0.0002,2.1526
country_china,2036.8,97.9716,0.0002,2.0282
country_china,2036.9,98.0902,0.0001,1.9097
country_china,2037.0,98.2031,0.0001,1.7968
country_china,2037.1,98.3106,0.0001,1.6893
country_china,2037.2,98.4128,0.0001,1.5872
country_china,2037.3,98.5099,0.0000,1.4901
country_china,2037.4,98.6020,0.0000,1.3979
country_china,2037.5,98.6895,0.0000,1.3105
country_china,2037.6,98.7724,0.0000,1.2276
country_china,2037.7,98.8509,0.0000,1.1491
country_china,2037.8,98.9252,0.0000,1.0748
country_china,2037.9,98.9955,0.0000,1.0045
country_china,2038.0,99.0619,0.0000,0.9381
country_china,2038.1,99.1245,0.0000,0.8755
country_china,2038.2,99.1837,0.0000,0.8163
country_china,2038.3,99.2394,0.0000,0.7606
country_china,2038.4,99.2919,0.0000,0.7081
country_china,2038.5,99.3413,0.0000,0.6587
country_china,2038.6,99.3878,0.0000,0.6122
country_china,2038.7,99.4314,0.0000,0.5686
country_china,2038.8,99.4724,0.0000,0.5276
country_china,2038.9,99.5108,0.0000,0.4892
country_china,2039.0,99.5468,0.0000,0.4532
country_china,2039.1,99.5805,0.0000,0.4195
country_china,2039.2,99.6120,0.0000,0.3880
country_china,2039.3,99.6414,0.0000,0.3586
country_china,2039.4,99.6689,0.0000,0.3311
country_china,2039.5,99.6946,0.0000,0.3054
country_china,2039.6,99.7185,0.0000,0.2815
country_china,2039.7,99.7408,0.0000,0.2592
country_china,2039.8,99.7615,0.0000,0.2385
country_china,2039.9,99.7808,0.0000,0.2192
country_china,2040.0,99.7986,0.0000,0.2014
country_china,2040.1,99.8152,0.0000,0.1848
country_china,2040.2,99.8306,0.0000,0.1694
country_china,2040.3,99.8448,0.0000,0.1552
country_china,2040.4,99.8580,0.0000,0.1420
country_china,2040.5,99.8702,0.0000,0.1298
country_china,2040.6,99.8814,0.0000,0.1186
country_china,2040.7,99.8918,0.0000,0.1082
country_china,2040.8,99.9014,0.0000,0.0986
country_china,2040.9,99.9102,0.0000,0.0898
country_china,2041.0,99.9183,0.0000,0.0817
country_china,2041.1,99.9257,0.0000,0.0743
country_china,2041.2,99.9325,0.0000,0.0675
country_china,2041.3,99.9388,0.0000,0.0612
country_china,2041.4,99.9445,0.0000,0.0555
country_china,2041.5,99.9498,0.0000,0.0502
country_china,2041.6,99.9546,0.0000,0.0454
country_china,2041.7,99.9589,0.0000,0.0411
country_china,2041.8,99.9629,0.0000,0.0371
country_china,2041.9,99.9666,0.0000,0.0334
country_china,2042.0,99.9699,0.0000,0.0301
country_china,2042.1,99.9729,0.0000,0.0271
country_china,2042.2,99.9756,0.0000,0.0244
country_china,2042.3,99.9781,0.0000,0.0219
country_china,2042.4,99.9804,0.0000,0.0196
country_china,2042.5,99.9824,0.0000,0.0176
country_china,2042.6,99.9843,0.0000,0.0157
country_china,2042.7,99.9859,0.0000,0.0141
country_china,2042.8,99.9874,0.0000,0.0126
country_china,2042.9,99.9888,0.0000,0.0112
country_china,2043.0,99.9900,0.0000,0.0100
country_china,2043.1,99.9911,0.0000,0.0089
country_china,2043.2,99.9921,0.0000,0.0079
country_china,2043.3,99.9930,0.0000,0.0070
country_china,2043.4,99.9938,0.0000,0.0062
country_china,2043.5,99.9945,0.0000,0.0055
country_china,2043.6,99.9951,0.0000,0.0049
country_china,2043.7,99.9957,0.0000,0.0043
country_china,2043.8,99.9962,0.0000,0.0038
country_china,2043.9,99.9966,0.0000,0.0034
country_china,2044.0,99.9970,0.0000,0.0030
country_china,2044.1,99.9974,0.0000,0.0026
country_china,2044.2,99.9977,0.0000,0.0023
country_china,2044.3,99.9980,0.0000,0.0020
country_china,2044.4,99.9982,0.0000,0.0018
country_china,2044.5,99.9985,0.0000,0.0015
country_china,2044.6,99.9986,0.0000,0.0014
country_china,2044.7,99.9988,0.0000,0.0012
country_china,2044.8,99.9990,0.0000,0.0010
country_china,2044.9,99.9991,0.0000,0.0009
country_china,2045.0,99.9992,0.0000,0.0008
country_china,2045.1,99.9993,0.0000,0.0007
country_china,2045.2,99.9994,0.0000,0.0006
country_china,2045.3,99.9995,0.0000,0.0005
country_china,2045.4,99.9996,0.0000,0.0004
country_china,2045.5,99.9996,0.0000,0.0004
country_china,2045.6,99.9997,0.0000,0.0003
country_china,2045.7,99.9997,0.0000,0.0003
country_china,2045.8,99.9998,0.0000,0.0002
country_china,2045.9,99.9998,0.0000,0.0002
country_china,2046.0,99.9998,0.0000,0.0002
country_china,2046.1,99.9998,0.0000,0.0002
country_china,2046.2,99.9999,0.0000,0.0001
country_china,2046.3,99.9999,0.0000,0.0001
country_china,2046.4,99.9999,0.0000,0.0001
country_china,2046.5,99.9999,0.0000,0.0001
country_china,2046.6,99.9999,0.0000,0.0001
country_china,2046.7,99.9999,0.0000,0.0001
country_china,2046.8,99.9999,0.0000,0.0001
country_china,2046.9,100.0000,0.0000,0.0000
country_china,2047.0,100.0000,0.0000,0.0000
country_china,2047.1,100.0000,0.0000,0.0000
country_china,2047.2,100.0000,0.0000,0.0000
country_china,2047.3,100.0000,0.0000,0.0000
country_china,2047.4,100.0000,0.0000,0.0000
country_china,2047.5,100.0000,0.0000,0.0000
country_china,2047.6,100.0000,0.0000,0.0000
country_china,2047.7,100.0000,0.0000,0.0000
country_china,2047.8,100.0000,0.0000,0.0000
country_china,2047.9,100.0000,0.0000,0.0000
country_china,2048.0,100.0000,0.0000,0.0000
country_china,2048.1,100.0000,0.0000,0.0000
country_china,2048.2,100.0000,0.0000,0.0000
country_china,2048.3,100.0000,0.0000,0.0000
country_china,2048.4,100.0000,0.0000,0.0000
country_china,2048.5,100.0000,0.0000,0.0000
country_china,2048.6,100.0000,0.0000,0.0000
country_china,2048.7,100.0000,0.0000,0.0000
country_china,2048.8,100.0000,0.0000,0.0000
country_china,2048.9,100.0000,0.0000,0.0000
country_china,2049.0,100.0000,0.0000,0.0000
country_china,2049.1,100.0000,0.0000,0.0000
country_china,2049.2,100.0000,0.0000,0.0000
country_china,2049.3,100.0000,0.0000,0.0000
country_china,2049.4,100.0000,0.0000,0.0000
country_china,2049.5,100.0000,0.0000,0.0000
country_china,2049.6,100.0000,0.0000,0.0000
country_china,2049.7,100.0000,0.0000,0.0000
country_china,2049.8,100.0000,0.0000,0.0000
country_china,2049.9,100.0000,0.0000,0.0000
country_china,2050.0,100.0000,0.0000,0.0000
country_norway,2015.0,9.1536,83.4358,7.4106
country_norway,2015.1,9.5689,82.7731,7.6579
country_norway,2015.2,9.9981,82.0931,7.9088
country_norway,2015.3,10.4413,81.3958,8.1629
country_norway,2015.4,10.8988,80.6811,8.4202
country_norway,2015.5,11.3708,79.9489,8.6803
country_norway,2015.6,11.8575,79.1995,8.9431
country_norway,2015.7,12.3591,78.4327,9.2083
country_norway,2015.8,12.8758,77.6486,9.4756
country_norway,2015.9,13.4078,76.8474,9.7448
country_norway,2016.0,13.9553,76.0291,10.0156
country_norway,2016.1,14.5185,75.1938,10.2877
country_norway,2016.2,15.0974,74.3418,10.5608
country_norway,2016.3,15.6922,73.4733,10.8345
country_norway,2016.4,16.3030,72.5884,11.1086
country_norway,2016.5,16.9300,71.6874,11.3826
country_norway,2016.6,17.5733,70.7705,11.6562
country_norway,2016.7,18.2328,69.8382,11.9290
country_norway,2016.8,18.9088,68.8906,12.2006
country_norway,2016.9,19.6011,67.9283,12.4706
country_norway,2017.0,20.3100,66.9515,12.7386
country_norway,2017.1,21.0352,65.9607,13.0041
country_norway,2017.2,21.7769,64.9563,13.2668
country_norway,2017.3,22.5350,63.9389,13.5262
country_norway,2017.4,23.3094,62.9089,13.7817
country_norway,2017.5,24.1001,61.8668,14.0331
country_norway,2017.6,24.9069,60.8134,14.2797
country_norway,2017.7,25.7298,59.7491,14.5211
country_norway,2017.8,26.5686,58.6745,14.7569
country_norway,2017.9,27.4231,57.5904,14.9865
country_norway,2018.0,28.2931,56.4975,15.2095
country_norway,2018.1,29.1784,55.3963,15.4253
country_norway,2018.2,30.0787,54.2877,15.6336
country_norway,2018.3,30.9938,53.1725,15.8338
country_norway,2018.4,31.9233,52.0513,16.0254
country_norway,2018.5,32.8669,50.9251,16.2080
country_norway,2018.6,33.8243,49.7946,16.3811
country_norway,2018.7,34.7951,48.6606,16.5443
country_norway,2018.8,35.7788,47.5241,16.6970
country_norway,2018.9,36.7751,46.3859,16.8390
country_norway,2019.0,37.7834,45.2470,16.9697
country_norway,2019.1,38.8032,44.1081,17.0887
country_norway,2019.2,39.8340,42.9703,17.1957
country_norway,2019.3,40.8753,41.8344,17.2903
country_norway,2019.4,41.9265,40.7014,17.3722
country_norway,2019.5,42.9869,39.5721,17.4409
country_norway,2019.6,44.0560,38.4477,17.4963
country_norway,2019.7,45.1331,37.3289,17.5380
country_norway,2019.8,46.2174,36.2167,17.5659
country_norway,2019.9,47.3083,35.1121,17.5796
country_norway,2020.0,48.4051,34.0159,17.5789
country_norway,2020.1,49.5070,32.9291,17.5639
country_norway,2020.2,50.6132,31.8526,17.5342
country_norway,2020.3,51.7230,30.7872,17.4898
country_norway,2020.4,52.8355,29.7338,17.4307
country_norway,2020.5,53.9499,28.6933,17.3569
country_norway,2020.6,55.0653,27.6664,17.2683
country_norway,2020.7,56.1809,26.6540,17.1650
country_norway,2020.8,57.2959,25.6569,17.0471
country_norway,2020.9,58.4094,24.6758,16.9148
country_norway,2021.0,59.5204,23.7113,16.7682
country_norway,2021.1,60.6281,22.7643,16.6076
country_norway,2021.2,61.7316,21.8352,16.4331
country_norway,2021.3,62.8301,20.9248,16.2451
country_norway,2021.4,63.9225,20.0336,16.0439
country_norway,2021.5,65.0080,19.1621,15.8299
country_norway,2021.6,66.0858,18.3108,15.6034
country_norway,2021.7,67.1549,17.4802,15.3649
country_norway,2021.8,68.2144,16.6706,15.1149
country_norway,2021.9,69.2636,15.8824,14.8539
country_norway,2022.0,70.3016,15.1160,14.5825
country_norway,2022.1,71.3275,14.3714,14.3011
country_norway,2022.2,72.3405,13.6491,14.0103
country_norway,2022.3,73.3399,12.9492,13.7109
country_norway,2022.4,74.3249,12.2717,13.4034
country_norway,2022.5,75.2947,11.6167,13.0886
country_norway,2022.6,76.2487,10.9843,12.7670
country_norway,2022.7,77.1861,10.3745,12.4394
country_norway,2022.8,78.1063,9.7872,12.1066
country_norway,2022.9,79.0087,9.2222,11.7691
country_norway,2023.0,79.8927,8.6795,11.4278
country_norway,2023.1,80.7578,8.1588,11.0834
country_norway,2023.2,81.6035,7.6599,10.7366
country_norway,2023.3,82.4292,7.1826,10.3882
country_norway,2023.4,83.2347,6.7265,10.0389
country_norway,2023.5,84.0194,6.2912,9.6893
country_norway,2023.6,84.7832,5.8765,9.3403
country_norway,2023.7,85.5256,5.4818,8.9926
country_norway,2023.8,86.2465,5.1068,8.6467
country_norway,2023.9,86.9456,4.7510,8.3034
country_norway,2024.0,87.6227,4.4139,7.9633
country_norway,2024.1,88.2779,4.0950,7.6271
country_norway,2024.2,88.9110,3.7938,7.2952
country_norway,2024.3,89.5220,3.5096,6.9684
country_norway,2024.4,90.1109,3.2421,6.6471
country_norway,2024.5,90.6778,2.9905,6.3317
country_norway,2024.6,91.2228,2.7543,6.0229
country_norway,2024.7,91.7461,2.5329,5.7210
country_norway,2024.8,92.2478,2.3257,5.4264
country_norway,2024.9,92.7283,2.1322,5.1395
country_norway,2025.0,93.1877,1.9517,4.8606
country_norway,2025.1,93.6264,1.7836,4.5900
country_norway,2025.2,94.0447,1.6273,4.3279
country_norway,2025.3,94.4431,1.4823,4.0746
country_norway,2025.4,94.8218,1.3480,3.8301
country_norway,2025.5,95.1814,1.2238,3.5947
country_norway,2025.6,95.5224,1.1092,3.3685
country_norway,2025.7,95.8451,1.0035,3.1514
country_norway,2025.8,96.1501,0.9063,2.9435
country_norway,2025.9,96.4380,0.8171,2.7449
country_norway,2026.0,96.7093,0.7353,2.5554
country_norway,2026.1,96.9644,0.6606,2.3750
country_norway,2026.2,97.2041,0.5923,2.2036
country_norway,2026.3,97.4288,0.5301,2.0411
country_norway,2026.4,97.6392,0.4735,1.8872
country_norway,2026.5,97.8359,0.4222,1.7419
country_norway,2026.6,98.0194,0.3757,1.6049
country_norway,2026.7,98.1902,0.3337,1.4761
country_norway,2026.8,98.3491,0.2958,1.3551
country_norway,2026.9,98.4966,0.2616,1.2417
country_norway,2027.0,98.6333,0.2310,1.1357
country_norway,2027.1,98.7597,0.2035,1.0368
country_norway,2027.2,98.8764,0.1789,0.9448
country_norway,2027.3,98.9839,0.1569,0.8592
country_norway,2027.4,99.0828,0.1374,0.7798
country_norway,2027.5,99.1735,0.1200,0.7064
country_norway,2027.6,99.2567,0.1046,0.6387
country_norway,2027.7,99.3328,0.0910,0.5762
country_norway,2027.8,99.4022,0.0790,0.5188
country_norway,2027.9,99.4655,0.0684,0.4662
country_norway,2028.0,99.5229,0.0591,0.4180
country_norway,2028.1,99.5751,0.0509,0.3740
country_norway,2028.2,99.6223,0.0438,0.3340
country_norway,2028.3,99.6649,0.0375,0.2975
country_norway,2028.4,99.7034,0.0321,0.2645
country_norway,2028.5,99.7379,0.0274,0.2346
country_norway,2028.6,99.7690,0.0234,0.2077
country_norway,2028.7,99.7968,0.0198,0.1834
country_norway,2028.8,99.8216,0.0168,0.1616
country_norway,2028.9,99.8438,0.0142,0.1420
country_norway,2029.0,99.8635,0.0120,0.1245
country_norway,2029.1,99.8810,0.0101,0.1090
country_norway,2029.2,99.8965,0.0085,0.0951
country_norway,2029.3,99.9101,0.0071,0.0828
country_norway,2029.4,99.9222,0.0059,0.0719
country_norway,2029.5,99.9328,0.0049,0.0623
country_norway,2029.6,99.9421,0.0041,0.0538
country_norway,2029.7,99.9502,0.0034,0.0464
country_norway,2029.8,99.9573,0.0028,0.0399
country_norway,2029.9,99.9635,0.0023,0.0342
country_norway,2030.0,99.9688,0.0019,0.0293
country_norway,2030.1,99.9735,0.0015,0.0250
country_norway,2030.2,99.9775,0.0013,0.0213
country_norway,2030.3,99.9809,0.0010,0.0180
country_norway,2030.4,99.9839,0.0008,0.0153
country_norway,2030.5,99.9864,0.0007,0.0129
country_norway,2030.6,99.9886,0.0005,0.0108
country_norway,2030.7,99.9905,0.0004,0.0091
country_norway,2030.8,99.9920,0.0003,0.0076
country_norway,2030.9,99.9934,0.0003,0.0064
country_norway,2031.0,99.9945,0.0002,0.0053
country_norway,2031.1,99.9954,0.0002,0.0044
country_norway,2031.2,99.9962,0.0001,0.0036
country_norway,2031.3,99.9969,0.0001,0.0030
country_norway,2031.4,99.9975,0.0001,0.0025
country_norway,2031.5,99.9979,0.0001,0.0020
country_norway,2031.6,99.9983,0.0001,0.0016
country_norway,2031.7,99.9986,0.0000,0.0013
country_norway,2031.8,99.9989,0.0000,0.0011
country_norway,2031.9,99.9991,0.0000,0.0009
country_norway,2032.0,99.9993,0.0000,0.0007
country_norway,2032.1,99.9994,0.0000,0.0006
country_norway,2032.2,99.9995,0.0000,0.0005
country_norway,2032.3,99.9996,0.0000,0.0004
country_norway,2032.4,99.9997,0.0000,0.0003
country_norway,2032.5,99.9998,0.0000,0.0002
country_norway,2032.6,99.9998,0.0000,0.0002
country_norway,2032.7,99.9999,0.0000,0.0001
country_norway,2032.8,99.9999,0.0000,0.0001
country_norway,2032.9,99.9999,0.0000,0.0001
country_norway,2033.0,99.9999,0.0000,0.0001
country_norway,2033.1,99.9999,0.0000,0.0001
country_norway,2033.2,100.0000,0.0000,0.0000
country_norway,2033.3,100.0000,0.0000,0.0000
country_norway,2033.4,100.0000,0.0000,0.0000
country_norway,2033.5,100.0000,0.0000,0.0000
country_norway,2033.6,100.0000,0.0000,0.0000
country_norway,2033.7,100.0000,0.0000,0.0000
country_norway,2033.8,100.0000,0.0000,0.0000
country_norway,2033.9,100.0000,0.0000,0.0000
country_norway,2034.0,100.0000,0.0000,0.0000
country_norway,2034.1,100.0000,0.0000,0.0000
country_norway,2034.2,100.0000,0.0000,0.0000
country_norway,2034.3,100.0000,0.0000,0.0000
country_norway,2034.4,100.0000,0.0000,0.0000
country_norway,2034.5,100.0000,0.0000,0.0000
country_norway,2034.6,100.0000,0.0000,0.0000
country_norway,2034.7,100.0000,0.0000,0.0000
country_norway,2034.8,100.0000,0.0000,0.0000
country_norway,2034.9,100.0000,0.0000,0.0000
country_norway,2035.0,100.0000,0.0000,0.0000
country_norway,2035.1,100.0000,0.0000,0.0000
country_norway,2035.2,100.0000,0.0000,0.0000
country_norway,2035.3,100.0000,0.0000,0.0000
country_norway,2035.4,100.0000,0.0000,0.0000
country_norway,2035.5,100.0000,0.0000,0.0000
country_norway,2035.6,100.0000,0.0000,0.0000
country_norway,2035.7,100.0000,0.0000,0.0000
country_norway,2035.8,100.0000,0.0000,0.0000
country_norway,2035.9,100.0000,0.0000,0.0000
country_norway,2036.0,100.0000,0.0000,0.0000
country_norway,2036.1,100.0000,0.0000,0.0000
country_norway,2036.2,100.0000,0.0000,0.0000
country_norway,2036.3,100.0000,0.0000,0.0000
country_norway,2036.4,100.0000,0.0000,0.0000
country_norway,2036.5,100.0000,0.0000,0.0000
country_norway,2036.6,100.0000,0.0000,0.0000
country_norway,2036.7,100.0000,0.0000,0.0000
country_norway,2036.8,100.0000,0.0000,0.0000
country_norway,2036.9,100.0000,0.0000,0.0000
country_norway,2037.0,100.0000,0.0000,0.0000
country_norway,2037.1,100.0000,0.0000,0.0000
country_norway,2037.2,100.0000,0.0000,0.0000
country_norway,2037.3,100.0000,0.0000,0.0000
country_norway,2037.4,100.0000,0.0000,0.0000
country_norway,2037.5,100.0000,0.0000,0.0000
country_norway,2037.6,100.0000,0.0000,0.0000
country_norway,2037.7,100.0000,0.0000,0.0000
country_norway,2037.8,100.0000,0.0000,0.0000
country_norway,2037.9,100.0000,0.0000,0.0000
country_norway,2038.0,100.0000,0.0000,0.0000
country_norway,2038.1,100.0000,0.0000,0.0000
country_norway,2038.2,100.0000,0.0000,0.0000
country_norway,2038.3,100.0000,0.0000,0.0000
country_norway,2038.4,100.0000,0.0000,0.0000
country_norway,2038.5,100.0000,0.0000,0.0000
country_norway,2038.6,100.0000,0.0000,0.0000
country_norway,2038.7,100.0000,0.0000,0.0000
country_norway,2038.8,100.0000,0.0000,0.0000
country_norway,2038.9,100.0000,0.0000,0.0000
country_norway,2039.0,100.0000,0.0000,0.0000
country_norway,2039.1,100.0000,0.0000,0.0000
country_norway,2039.2,100.0000,0.0000,0.0000
country_norway,2039.3,100.0000,0.0000,0.0000
country_norway,2039.4,100.0000,0.0000,0.0000
country_norway,2039.5,100.0000,0.0000,0.0000
country_norway,2039.6,100.0000,0.0000,0.0000
country_norway,2039.7,100.0000,0.0000,0.0000
country_norway,2039.8,100.0000,0.0000,0.0000
country_norway,2039.9,100.0000,0.0000,0.0000
country_norway,2040.0,100.0000,0.0000,0.0000
country_norway,2040.1,100.0000,0.0000,0.0000
country_norway,2040.2,100.0000,0.0000,0.0000
country_norway,2040.3,100.0000,0.0000,0.0000
country_norway,2040.4,100.0000,0.0000,0.0000
country_norway,2040.5,100.0000,0.0000,0.0000
country_norway,2040.6,100.0000,0.0000,0.0000
country_norway,2040.7,100.0000,0.0000,0.0000
country_norway,2040.8,100.0000,0.0000,0.0000
country_norway,2040.9,100.0000,0.0000,0.0000
country_norway,2041.0,100.0000,0.0000,0.0000
country_norway,2041.1,100.0000,0.0000,0.0000
country_norway,2041.2,100.0000,0.0000,0.0000
country_norway,2041.3,100.0000,0.0000,0.0000
country_norway,2041.4,100.0000,0.0000,0.0000
country_norway,2041.5,100.0000,0.0000,0.0000
country_norway,2041.6,100.0000,0.0000,0.0000
country_norway,2041.7,100.0000,0.0000,0.0000
country_norway,2041.8,100.0000,0.0000,0.0000
country_norway,2041.9,100.0000,0.0000,0.0000
country_norway,2042.0,100.0000,0.0000,0.0000
country_norway,2042.1,100.0000,0.0000,0.0000
country_norway,2042.2,100.0000,0.0000,0.0000
country_norway,2042.3,100.0000,0.0000,0.0000
country_norway,2042.4,100.0000,0.0000,0.0000
country_norway,2042.5,100.0000,0.0000,0.0000
country_norway,2042.6,100.0000,0.0000,0.0000
country_norway,2042.7,100.0000,0.0000,0.0000
country_norway,2042.8,100.0000,0.0000,0.0000
country_norway,2042.9,100.0000,0.0000,0.0000
country_norway,2043.0,100.0000,0.0000,0.0000
country_norway,2043.1,100.0000,0.0000,0.0000
country_norway,2043.2,100.0000,0.0000,0.0000
country_norway,2043.3,100.0000,0.0000,0.0000
country_norway,2043.4,100.0000,0.0000,0.0000
country_norway,2043.5,100.0000,0.0000,0.0000
country_norway,2043.6,100.0000,0.0000,0.0000
country_norway,2043.7,100.0000,0.0000,0.0000
country_norway,2043.8,100.0000,0.0000,0.0000
country_norway,2043.9,100.0000,0.0000,0.0000
country_norway,2044.0,100.0000,0.0000,0.0000
country_norway,2044.1,100.0000,0.0000,0.0000
country_norway,2044.2,100.0000,0.0000,0.0000
country_norway,2044.3,100.0000,0.0000,0.0000
country_norway,2044.4,100.0000,0.0000,0.0000
country_norway,2044.5,100.0000,0.0000,0.0000
country_norway,2044.6,100.0000,0.0000,0.0000
country_norway,2044.7,100.0000,0.0000,0.0000
country_norway,2044.8,100.0000,0.0000,0.0000
country_norway,2044.9,100.0000,0.0000,0.0000
country_norway,2045.0,100.0000,0.0000,0.0000
country_norway,2045.1,100.0000,0.0000,0.0000
country_norway,2045.2,100.0000,0.0000,0.0000
country_norway,2045.3,100.0000,0.0000,0.0000
country_norway,2045.4,100.0000,0.0000,0.0000
country_norway,2045.5,100.0000,0.0000,0.0000
country_norway,2045.6,100.0000,0.0000,0.0000
country_norway,2045.7,100.0000,0.0000,0.0000
country_norway,2045.8,100.0000,0.0000,0.0000
country_norway,2045.9,100.0000,0.0000,0.0000
country_norway,2046.0,100.0000,0.0000,0.0000
country_norway,2046.1,100.0000,0.0000,0.0000
country_norway,2046.2,100.0000,0.0000,0.0000
country_norway,2046.3,100.0000,0.0000,0.0000
country_norway,2046.4,100.0000,0.0000,0.0000
country_norway,2046.5,100.0000,0.0000,0.0000
country_norway,2046.6,100.0000,0.0000,0.0000
country_norway,2046.7,100.0000,0.0000,0.0000
country_norway,2046.8,100.0000,0.0000,0.0000
country_norway,2046.9,100.0000,0.0000,0.0000
country_norway,2047.0,100.0000,0.0000,0.0000
country_norway,2047.1,100.0000,0.0000,0.0000
country_norway,2047.2,100.0000,0.0000,0.0000
country_norway,2047.3,100.0000,0.0000,0.0000
country_norway,2047.4,100.0000,0.0000,0.0000
country_norway,2047.5,100.0000,0.0000,0.0000
country_norway,2047.6,100.0000,0.0000,0.0000
country_norway,2047.7,100.0000,0.0000,0.0000
country_norway,2047.8,100.0000,0.0000,0.0000
country_norway,2047.9,100.0000,0.0000,0.0000
country_norway,2048.0,100.0000,0.0000,0.0000
country_norway,2048.1,100.0000,0.0000,0.0000
country_norway,2048.2,100.0000,0.0000,0.0000
country_norway,2048.3,100.0000,0.0000,0.0000
country_norway,2048.4,100.0000,0.0000,0.0000
country_norway,2048.5,100.0000,0.0000,0.0000
country_norway,2048.6,100.0000,0.0000,0.0000
country_norway,2048.7,100.0000,0.0000,0.0000
country_norway,2048.8,100.0000,0.0000,0.0000
country_norway,2048.9,100.0000,0.0000,0.0000
country_norway,2049.0,100.0000,0.0000,0.0000
country_norway,2049.1,100.0000,0.0000,0.0000
country_norway,2049.2,100.0000,0.0000,0.0000
country_norway,2049.3,100.0000,0.0000,0.0000
country_norway,2049.4,100.0000,0.0000,0.0000
country_norway,2049.5,100.0000,0.0000,0.0000
country_norway,2049.6,100.0000,0.0000,0.0000
country_norway,2049.7,100.0000,0.0000,0.0000
country_norway,2049.8,100.0000,0.0000,0.0000
country_norway,2049.9,100.0000,0.0000,0.0000
country_norway,2050.0,100.0000,0.0000,0.0000
country_usa,2015.0,0.3573,99.4301,0.2126
country_usa,2015.1,0.3774,99.4008,0.2218
country_usa,2015.2,0.3982,99.3705,0.2313
country_usa,2015.3,0.4197,99.3394,0.2409
country_usa,2015.4,0.4419,99.3073,0.2507
country_usa,2015.5,0.4649,99.2743,0.2607
country_usa,2015.6,0.4886,99.2404,0.2709
country_usa,2015.7,0.5131,99.2056,0.2813
country_usa,2015.8,0.5384,99.1698,0.2918
country_usa,2015.9,0.5644,99.1330,0.3026
country_usa,2016.0,0.5912,99.0953,0.3135
country_usa,2016.1,0.6188,99.0567,0.3245
country_usa,2016.2,0.6472,99.0170,0.3358
country_usa,2016.3,0.6764,98.9764,0.3472
country_usa,2016.4,0.7065,98.9347,0.3588
country_usa,2016.5,0.7374,98.8921,0.3705
country_usa,2016.6,0.7691,98.8485,0.3824
country_usa,2016.7,0.8017,98.8039,0.3945
country_usa,2016.8,0.8351,98.7582,0.4067
country_usa,2016.9,0.8694,98.7115,0.4191
country_usa,2017.0,0.9046,98.6638,0.4317
country_usa,2017.1,0.9406,98.6150,0.4444
country_usa,2017.2,0.9776,98.5652,0.4572
country_usa,2017.3,1.0155,98.5143,0.4702
country_usa,2017.4,1.0542,98.4624,0.4833
country_usa,2017.5,1.0939,98.4094,0.4966
country_usa,2017.6,1.1346,98.3554,0.5101
country_usa,2017.7,1.1762,98.3002,0.5236
country_usa,2017.8,1.2187,98.2440,0.5373
country_usa,2017.9,1.2622,98.1867,0.5512
country_usa,2018.0,1.3066,98.1282,0.5651
country_usa,2018.1,1.3520,98.0687,0.5792
country_usa,2018.2,1.3984,98.0081,0.5935
country_usa,2018.3,1.4458,97.9464,0.6078
country_usa,2018.4,1.4942,97.8835,0.6223
country_usa,2018.5,1.5436,97.8195,0.6369
country_usa,2018.6,1.5940,97.7544,0.6516
country_usa,2018.7,1.6454,97.6881,0.6664
country_usa,2018.8,1.6979,97.6207,0.6814
country_usa,2018.9,1.7514,97.5522,0.6964
country_usa,2019.0,1.8059,97.4825,0.7116
country_usa,2019.1,1.8615,97.4117,0.7268
country_usa,2019.2,1.9181,97.3397,0.7422
country_usa,2019.3,1.9758,97.2665,0.7577
country_usa,2019.4,2.0346,97.1922,0.7732
country_usa,2019.5,2.0945,97.1167,0.7889
country_usa,2019.6,2.1554,97.0400,0.8046
country_usa,2019.7,2.2175,96.9621,0.8204
country_usa,2019.8,2.2806,96.8831,0.8363
country_usa,2019.9,2.3449,96.8028,0.8523
country_usa,2020.0,2.4102,96.7214,0.8684
country_usa,2020.1,2.4767,96.6387,0.8845
country_usa,2020.2,2.5444,96.5549,0.9007
country_usa,2020.3,2.6131,96.4699,0.9170
country_usa,2020.4,2.6830,96.3836,0.9334
country_usa,2020.5,2.7541,96.2962,0.9498
country_usa,2020.6,2.8263,96.2075,0.9663
country_usa,2020.7,2.8996,96.1176,0.9828
country_usa,2020.8,2.9741,96.0265,0.9994
country_usa,2020.9,3.0498,95.9341,1.0160
country_usa,2021.0,3.1267,95.8406,1.0327
country_usa,2021.1,3.2048,95.7458,1.0494
country_usa,2021.2,3.2840,95.6498,1.0662
country_usa,2021.3,3.3645,95.5525,1.0830
country_usa,2021.4,3.4461,95.4540,1.0999
country_usa,2021.5,3.5290,95.3543,1.1168
country_usa,2021.6,3.6130,95.2533,1.1337
country_usa,2021.7,3.6983,95.1511,1.1506
country_usa,2021.8,3.7848,95.0476,1.1676
country_usa,2021.9,3.8725,94.9429,1.1846
country_usa,2022.0,3.9615,94.8369,1.2016
country_usa,2022.1,4.0517,94.7297,1.2186
country_usa,2022.2,4.1431,94.6212,1.2356
country_usa,2022.3,4.2358,94.5115,1.2527
country_usa,2022.4,4.3298,94.4005,1.2697
country_usa,2022.5,4.4250,94.2883,1.2868
country_usa,2022.6,4.5214,94.1747,1.3038
country_usa,2022.7,4.6191,94.0600,1.3209
country_usa,2022.8,4.7181,93.9440,1.3379
country_usa,2022.9,4.8184,93.8267,1.3549
country_usa,2023.0,4.9199,93.7081,1.3720
country_usa,2023.1,5.0227,93.5883,1.3890
country_usa,2023.2,5.1268,93.4672,1.4059
country_usa,2023.3,5.2322,93.3449,1.4229
country_usa,2023.4,5.3389,93.2213,1.4398
country_usa,2023.5,5.4469,93.0964,1.4567
country_usa,2023.6,5.5562,92.9702,1.4736
country_usa,2023.7,5.6667,92.8428,1.4904
country_usa,2023.8,5.7786,92.7142,1.5072
country_usa,2023.9,5.8918,92.5842,1.5240
country_usa,2024.0,6.0063,92.4530,1.5407
country_usa,2024.1,6.1221,92.3205,1.5574
country_usa,2024.2,6.2393,92.1868,1.5740
country_usa,2024.3,6.3577,92.0518,1.5905
country_usa,2024.4,6.4775,91.9155,1.6070
country_usa,2024.5,6.5986,91.7780,1.6235
country_usa,2024.6,6.7210,91.6392,1.6398
country_usa,2024.7,6.8448,91.4991,1.6561
country_usa,2024.8,6.9698,91.3578,1.6724
country_usa,2024.9,7.0963,91.2152,1.6886
country_usa,2025.0,7.2240,91.0713,1.7046
country_usa,2025.1,7.3531,90.9262,1.7207
country_usa,2025.2,7.4835,90.7799,1.7366
country_usa,2025.3,7.6153,90.6323,1.7524
country_usa,2025.4,7.7484,90.4834,1.7682
country_usa,2025.5,7.8829,90.3333,1.7839
country_usa,2025.6,8.0187,90.1819,1.7994
country_usa,2025.7,8.1558,90.0293,1.8149
country_usa,2025.8,8.2943,89.8754,1.8303
country_usa,2025.9,8.4341,89.7203,1.8456
country_usa,2026.0,8.5753,89.5639,1.8607
country_usa,2026.1,8.7179,89.4063,1.8758
country_usa,2026.2,8.8617,89.2475,1.8908
country_usa,2026.3,9.0070,89.0874,1.9056
country_usa,2026.4,9.1535,88.9261,1.9203
country_usa,2026.5,9.3015,88.7636,1.9349
country_usa,2026.6,9.4507,88.5999,1.9494
country_usa,2026.7,9.6014,88.4349,1.9637
country_usa,2026.8,9.7534,88.2687,1.9780
country_usa,2026.9,9.9067,88.1013,1.9921
country_usa,2027.0,10.0614,87.9326,2.0060
country_usa,2027.1,10.2174,87.7628,2.0198
country_usa,2027.2,10.3748,87.5917,2.0335
country_usa,2027.3,10.5335,87.4195,2.0471
country_usa,2027.4,10.6935,87.2460,2.0605
country_usa,2027.5,10.8550,87.0713,2.0737
country_usa,2027.6,11.0177,86.8955,2.0868
country_usa,2027.7,11.1818,86.7185,2.0997
country_usa,2027.8,11.3472,86.5402,2.1125
country_usa,2027.9,11.5140,86.3608,2.1252
country_usa,2028.0,11.6821,86.1802,2.1376
country_usa,2028.1,11.8516,85.9985,2.1499
country_usa,2028.2,12.0224,85.8155,2.1621
country_usa,2028.3,12.1945,85.6314,2.1741
country_usa,2028.4,12.3679,85.4462,2.1859
country_usa,2028.5,12.5427,85.2598,2.1975
country_usa,2028.6,12.7188,85.0722,2.2090
country_usa,2028.7,12.8962,84.8835,2.2202
country_usa,2028.8,13.0750,84.6937,2.2314
country_usa,2028.9,13.2550,84.5027,2.2423
country_usa,2029.0,13.4364,84.3106,2.2530
country_usa,2029.1,13.6191,84.1173,2.2636
country_usa,2029.2,13.8031,83.9230,2.2739
country_usa,2029.3,13.9884,83.7275,2.2841
country_usa,2029.4,14.1750,83.5309,2.2941
country_usa,2029.5,14.3629,83.3332,2.3038
country_usa,2029.6,14.5521,83.1344,2.3134
country_usa,2029.7,14.7426,82.9345,2.3228
country_usa,2029.8,14.9344,82.7336,2.3320
country_usa,2029.9,15.1275,82.5315,2.3410
country_usa,2030.0,15.3218,82.3284,2.3498
country_usa,2030.1,15.5175,82.1242,2.3583
country_usa,2030.2,15.7144,81.9190,2.3667
country_usa,2030.3,15.9125,81.7127,2.3748
country_usa,2030.4,16.1119,81.5053,2.3828
country_usa,2030.5,16.3126,81.2969,2.3905
country_usa,2030.6,16.5146,81.0874,2.3980
country_usa,2030.7,16.7177,80.8770,2.4053
country_usa,2030.8,16.9222,80.6655,2.4124
country_usa,2030.9,17.1278,80.4530,2.4192
country_usa,2031.0,17.3347,80.2394,2.4258
country_usa,2031.1,17.5428,80.0249,2.4322
country_usa,2031.2,17.7522,79.8094,2.4384
country_usa,2031.3,17.9627,79.5929,2.4444
country_usa,2031.4,18.1745,79.3754,2.4501
country_usa,2031.5,18.3875,79.1569,2.4556
country_usa,2031.6,18.6017,78.9375,2.4608
country_usa,2031.7,18.8170,78.7171,2.4659
country_usa,2031.8,19.0336,78.4958,2.4707
country_usa,2031.9,19.2513,78.2735,2.4752
country_usa,2032.0,19.4702,78.0503,2.4795
country_usa,2032.1,19.6903,77.8261,2.4836
country_usa,2032.2,19.9115,77.6010,2.4875
country_usa,2032.3,20.1339,77.3750,2.4911
country_usa,2032.4,20.3574,77.1481,2.4944
country_usa,2032.5,20.5821,76.9204,2.4975
country_usa,2032.6,20.8079,76.6917,2.5004
country_usa,2032.7,21.0348,76.4621,2.5031
country_usa,2032.8,21.2629,76.2317,2.5054
country_usa,2032.9,21.4920,76.0004,2.5076
country_usa,2033.0,21.7223,75.7682,2.5095
country_usa,2033.1,21.9536,75.5352,2.5111
country_usa,2033.2,22.1861,75.3014,2.5125
country_usa,2033.3,22.4196,75.0667,2.5137
country_usa,2033.4,22.6542,74.8312,2.5146
country_usa,2033.5,22.8898,74.5949,2.5153
country_usa,2033.6,23.1266,74.3578,2.5157
country_usa,2033.7,23.3643,74.1199,2.5158
country_usa,2033.8,23.6031,73.8812,2.5157
country_usa,2033.9,23.8429,73.6417,2.5154
country_usa,2034.0,24.0838,73.4015,2.5148
country_usa,2034.1,24.3256,73.1605,2.5139
country_usa,2034.2,24.5685,72.9187,2.5128
country_usa,2034.3,24.8123,72.6762,2.5115
country_usa,2034.4,25.0571,72.4330,2.5099
country_usa,2034.5,25.3030,72.1891,2.5080
country_usa,2034.6,25.5497,71.9444,2.5059
country_usa,2034.7,25.7975,71.6990,2.5035
country_usa,2034.8,26.0461,71.4530,2.5009
country_usa,2034.9,26.2958,71.2062,2.4980
country_usa,2035.0,26.5463,70.9588,2.4949
country_usa,2035.1,26.7978,70.7107,2.4915
country_usa,2035.2,27.0501,70.4620,2.4879
country_usa,2035.3,27.3034,70.2126,2.4840
country_usa,2035.4,27.5576,69.9626,2.4798
country_usa,2035.5,27.8126,69.7119,2.4754
country_usa,2035.6,28.0685,69.4607,2.4708
country_usa,2035.7,28.3253,69.2088,2.4659
country_usa,2035.8,28.5829,68.9564,2.4608
country_usa,2035.9,28.8413,68.7033,2.4554
country_usa,2036.0,29.1006,68.4497,2.4497
country_usa,2036.1,29.3607,68.1955,2.4438
country_usa,2036.2,29.6216,67.9407,2.4377
country_usa,2036.3,29.8833,67.6854,2.4313
country_usa,2036.4,30.1458,67.4296,2.4246
country_usa,2036.5,30.4090,67.1732,2.4177
country_usa,2036.6,30.6730,66.9164,2.4106
country_usa,2036.7,30.9378,66.6590,2.4032
country_usa,2036.8,31.2033,66.4011,2.3956
country_usa,2036.9,31.4695,66.1428,2.3877
country_usa,2037.0,31.7364,65.8839,2.3796
country_usa,2037.1,32.0041,65.6246,2.3713
country_usa,2037.2,32.2724,65.3649,2.3627
country_usa,2037.3,32.5414,65.1047,2.3538
country_usa,2037.4,32.8111,64.8441,2.3448
country_usa,2037.5,33.0815,64.5831,2.3355
country_usa,2037.6,33.3525,64.3216,2.3259
country_usa,2037.7,33.6241,64.0598,2.3161
country_usa,2037.8,33.8964,63.7975,2.3061
country_usa,2037.9,34.1692,63.5349,2.2959
country_usa,2038.0,34.4427,63.2719,2.2854
country_usa,2038.1,34.7167,63.0086,2.2747
country_usa,2038.2,34.9914,62.7449,2.2638
country_usa,2038.3,35.2665,62.4809,2.2526
country_usa,2038.4,35.5423,62.2165,2.2412
country_usa,2038.5,35.8185,61.9519,2.2296
country_usa,2038.6,36.0953,61.6869,2.2178
country_usa,2038.7,36.3726,61.4216,2.2057
country_usa,2038.8,36.6505,61.1561,2.1934
country_usa,2038.9,36.9287,60.8903,2.1810
country_usa,2039.0,37.2075,60.6242,2.1682
country_usa,2039.1,37.4868,60.3579,2.1553
country_usa,2039.2,37.7664,60.0914,2.1422
country_usa,2039.3,38.0466,59.8246,2.1289
country_usa,2039.4,38.3271,59.5576,2.1153
country_usa,2039.5,38.6081,59.2904,2.1016
country_usa,2039.6,38.8894,59.0230,2.0876
country_usa,2039.7,39.1711,58.7554,2.0734
country_usa,2039.8,39.4533,58.4877,2.0591
country_usa,2039.9,39.7357,58.2197,2.0445
country_usa,2040.0,40.0185,57.9517,2.0298
country_usa,2040.1,40.3017,57.6835,2.0148
country_usa,2040.2,40.5852,57.4152,1.9997
country_usa,2040.3,40.8690,57.1467,1.9843
country_usa,2040.4,41.1530,56.8781,1.9688
country_usa,2040.5,41.4374,56.6095,1.9531
country_usa,2040.6,41.7220,56.3408,1.9372
country_usa,2040.7,42.0069,56.0719,1.9212
country_usa,2040.8,42.2920,55.8031,1.9049
country_usa,2040.9,42.5774,55.5341,1.8885
country_usa,2041.0,42.8629,55.2652,1.8719
country_usa,2041.1,43.1487,54.9962,1.8551
country_usa,2041.2,43.4346,54.7272,1.8382
country_usa,2041.3,43.7208,54.4581,1.8211
country_usa,2041.4,44.0071,54.1891,1.8038
country_usa,2041.5,44.2935,53.9201,1.7864
country_usa,2041.6,44.5801,53.6511,1.7688
country_usa,2041.7,44.8668,53.3821,1.7511
country_usa,2041.8,45.1536,53.1132,1.7332
country_usa,2041.9,45.4405,52.8444,1.7152
country_usa,2042.0,45.7275,52.5756,1.6970
country_usa,2042.1,46.0145,52.3069,1.6786
country_usa,2042.2,46.3016,52.0382,1.6601
country_usa,2042.3,46.5888,51.7697,1.6415
country_usa,2042.4,46.8760,51.5013,1.6228
country_usa,2042.5,47.1632,51.2330,1.6039
country_usa,2042.6,47.4504,50.9648,1.5848
country_usa,2042.7,47.7375,50.6968,1.5657
country_usa,2042.8,48.0247,50.4289,1.5464
country_usa,2042.9,48.3118,50.1612,1.5270
country_usa,2043.0,48.5989,49.8936,1.5075
country_usa,2043.1,48.8859,49.6263,1.4878
country_usa,2043.2,49.1729,49.3591,1.4680
country_usa,2043.3,49.4597,49.0921,1.4482
country_usa,2043.4,49.7464,48.8254,1.4282
country_usa,2043.5,50.0331,48.5588,1.4081
country_usa,2043.6,50.3195,48.2925,1.3879
country_usa,2043.7,50.6059,48.0265,1.3676
country_usa,2043.8,50.8921,47.7607,1.3472
country_usa,2043.9,51.1781,47.4951,1.3267
country_usa,2044.0,51.4639,47.2299,1.3062
country_usa,2044.1,51.7496,46.9649,1.2855
country_usa,2044.2,52.0350,46.7002,1.2648
country_usa,2044.3,52.3202,46.4358,1.2439
country_usa,2044.4,52.6052,46.1718,1.2230
country_usa,2044.5,52.8900,45.9080,1.2020
country_usa,2044.6,53.1744,45.6446,1.1810
country_usa,2044.7,53.4586,45.3815,1.1598
country_usa,2044.8,53.7425,45.1188,1.1386
country_usa,2044.9,54.0262,44.8565,1.1174
country_usa,2045.0,54.3095,44.5945,1.0960
country_usa,2045.1,54.5924,44.3329,1.0747
country_usa,2045.2,54.8751,44.0717,1.0532
country_usa,2045.3,55.1574,43.8109,1.0317
country_usa,2045.4,55.4393,43.5505,1.0102
country_usa,2045.5,55.7209,43.2905,0.9886
country_usa,2045.6,56.0021,43.0310,0.9670
country_usa,2045.7,56.2828,42.7719,0.9453
country_usa,2045.8,56.5632,42.5132,0.9236
country_usa,2045.9,56.8432,42.2550,0.9019
country_usa,2046.0,57.1227,41.9973,0.8801
country_usa,2046.1,57.4017,41.7400,0.8583
country_usa,2046.2,57.6803,41.4832,0.8365
country_usa,2046.3,57.9585,41.2269,0.8146
country_usa,2046.4,58.2361,40.9711,0.7928
country_usa,2046.5,58.5133,40.7158,0.7709
country_usa,2046.6,58.7899,40.4611,0.7490
country_usa,2046.7,59.0661,40.2068,0.7271
country_usa,2046.8,59.3417,39.9531,0.7052
country_usa,2046.9,59.6167,39.7000,0.6833
country_usa,2047.0,59.8913,39.4474,0.6614
country_usa,2047.1,60.1652,39.1953,0.6395
country_usa,2047.2,60.4386,38.9439,0.6176
country_usa,2047.3,60.7114,38.6930,0.5957
country_usa,2047.4,60.9835,38.4427,0.5738
country_usa,2047.5,61.2551,38.1929,0.5519
country_usa,2047.6,61.5261,37.9438,0.5301
country_usa,2047.7,61.7964,37.6953,0.5083
country_usa,2047.8,62.0661,37.4474,0.4865
country_usa,2047.9,62.3351,37.2002,0.4647
country_usa,2048.0,62.6035,36.9535,0.4429
country_usa,2048.1,62.8712,36.7076,0.4212
country_usa,2048.2,63.1382,36.4622,0.3996
country_usa,2048.3,63.4046,36.2175,0.3779
country_usa,2048.4,63.6702,35.9735,0.3563
country_usa,2048.5,63.9351,35.7302,0.3348
country_usa,2048.6,64.1993,35.4875,0.3133
country_usa,2048.7,64.4627,35.2455,0.2918
country_usa,2048.8,64.7254,35.0042,0.2704
country_usa,2048.9,64.9873,34.7636,0.2491
country_usa,2049.0,65.2485,34.5237,0.2278
country_usa,2049.1,65.5089,34.2845,0.2065
country_usa,2049.2,65.7686,34.0461,0.1854
country_usa,2049.3,66.0274,33.8084,0.1643
country_usa,2049.4,66.2854,33.5714,0.1432
country_usa,2049.5,66.5426,33.3351,0.1223
country_usa,2049.6,66.7990,33.0996,0.1014
country_usa,2049.7,67.0546,32.8648,0.0806
country_usa,2049.8,67.3093,32.6309,0.0598
country_usa,2049.9,67.5632,32.3976,0.0392
country_usa,2050.0,67.8162,32.1652,0.0186
country_japan,2015.0,0.2966,99.2252,0.4782
country_japan,2015.1,0.3074,99.2021,0.4905
country_japan,2015.2,0.3182,99.1789,0.5029
country_japan,2015.3,0.3292,99.1555,0.5152
country_japan,2015.4,0.3403,99.1321,0.5276
country_japan,2015.5,0.3516,99.1086,0.5399
country_japan,2015.6,0.3629,99.0849,0.5522
country_japan,2015.7,0.3743,99.0612,0.5645
country_japan,2015.8,0.3859,99.0374,0.5767
country_japan,2015.9,0.3975,99.0135,0.5890
country_japan,2016.0,0.4093,98.9895,0.6012
country_japan,2016.1,0.4211,98.9654,0.6135
country_japan,2016.2,0.4331,98.9412,0.6257
country_japan,2016.3,0.4452,98.9170,0.6379
country_japan,2016.4,0.4573,98.8926,0.6501
country_japan,2016.5,0.4696,98.8682,0.6622
country_japan,2016.6,0.4819,98.8437,0.6744
country_japan,2016.7,0.4944,98.8191,0.6865
country_japan,2016.8,0.5070,98.7944,0.6986
country_japan,2016.9,0.5196,98.7697,0.7107
country_japan,2017.0,0.5324,98.7449,0.7228
country_japan,2017.1,0.5452,98.7200,0.7348
country_japan,2017.2,0.5581,98.6950,0.7469
country_japan,2017.3,0.5711,98.6700,0.7589
country_japan,2017.4,0.5843,98.6448,0.7709
country_japan,2017.5,0.5975,98.6197,0.7829
country_japan,2017.6,0.6108,98.5944,0.7948
country_japan,2017.7,0.6241,98.5691,0.8068
country_japan,2017.8,0.6376,98.5437,0.8187
country_japan,2017.9,0.6512,98.5183,0.8306
country_japan,2018.0,0.6648,98.4927,0.8425
country_japan,2018.1,0.6785,98.4671,0.8543
country_japan,2018.2,0.6923,98.4415,0.8662
country_japan,2018.3,0.7062,98.4158,0.8780
country_japan,2018.4,0.7202,98.3900,0.8898
country_japan,2018.5,0.7343,98.3642,0.9016
country_japan,2018.6,0.7484,98.3383,0.9133
country_japan,2018.7,0.7626,98.3123,0.9251
country_japan,2018.8,0.7769,98.2863,0.9368
country_japan,2018.9,0.7913,98.2602,0.9485
country_japan,2019.0,0.8058,98.2341,0.9601
country_japan,2019.1,0.8203,98.2079,0.9718
country_japan,2019.2,0.8349,98.1817,0.9834
country_japan,2019.3,0.8496,98.1554,0.9950
country_japan,2019.4,0.8644,98.1290,1.0066
country_japan,2019.5,0.8793,98.1026,1.0182
country_japan,2019.6,0.8942,98.0761,1.0297
country_japan,2019.7,0.9092,98.0496,1.0412
country_japan,2019.8,0.9243,98.0230,1.0527
country_japan,2019.9,0.9394,97.9964,1.0642
country_japan,2020.0,0.9546,97.9697,1.0756
country_japan,2020.1,0.9699,97.9430,1.0871
country_japan,2020.2,0.9853,97.9162,1.0985
country_japan,2020.3,1.0007,97.8894,1.1099
country_japan,2020.4,1.0162,97.8625,1.1212
country_japan,2020.5,1.0318,97.8356,1.1326
country_japan,2020.6,1.0475,97.8086,1.1439
country_japan,2020.7,1.0632,97.7816,1.1552
country_japan,2020.8,1.0790,97.7546,1.1664
country_japan,2020.9,1.0949,97.7274,1.1777
country_japan,2021.0,1.1108,97.7003,1.1889
country_japan,2021.1,1.1268,97.6731,1.2001
country_japan,2021.2,1.1429,97.6458,1.2113
country_japan,2021.3,1.1590,97.6185,1.2224
country_japan,2021.4,1.1752,97.5912,1.2336
country_japan,2021.5,1.1915,97.5638,1.2447
country_japan,2021.6,1.2078,97.5364,1.2558
country_japan,2021.7,1.2242,97.5089,1.2668
country_japan,2021.8,1.2407,97.4814,1.2779
country_japan,2021.9,1.2572,97.4539,1.2889
country_japan,2022.0,1.2738,97.4263,1.2999
country_japan,2022.1,1.2905,97.3986,1.3109
country_japan,2022.2,1.3072,97.3710,1.3218
country_japan,2022.3,1.3240,97.3432,1.3327
country_japan,2022.4,1.3409,97.3155,1.3436
country_japan,2022.5,1.3578,97.2877,1.3545
country_japan,2022.6,1.3748,97.2598,1.3654
country_japan,2022.7,1.3918,97.2320,1.3762
country_japan,2022.8,1.4089,97.2041,1.3870
country_japan,2022.9,1.4261,97.1761,1.3978
country_japan,2023.0,1.4433,97.1481,1.4086
country_japan,2023.1,1.4606,97.1201,1.4193
country_japan,2023.2,1.4780,97.0920,1.4300
country_japan,2023.3,1.4954,97.0639,1.4407
country_japan,2023.4,1.5129,97.0358,1.4514
country_japan,2023.5,1.5304,97.0076,1.4620
country_japan,2023.6,1.5480,96.9794,1.4726
country_japan,2023.7,1.5656,96.9511,1.4832
country_japan,2023.8,1.5834,96.9229,1.4938
country_japan,2023.9,1.6011,96.8945,1.5043
country_japan,2024.0,1.6189,96.8662,1.5149
country_japan,2024.1,1.6368,96.8378,1.5254
country_japan,2024.2,1.6548,96.8094,1.5358
country_japan,2024.3,1.6728,96.7809,1.5463
country_japan,2024.4,1.6908,96.7524,1.5567
country_japan,2024.5,1.7089,96.7239,1.5671
country_japan,2024.6,1.7271,96.6954,1.5775
country_japan,2024.7,1.7453,96.6668,1.5879
country_japan,2024.8,1.7636,96.6382,1.5982
country_japan,2024.9,1.7820,96.6095,1.6085
country_japan,2025.0,1.8004,96.5808,1.6188
country_japan,2025.1,1.8188,96.5521,1.6291
country_japan,2025.2,1.8373,96.5234,1.6393
country_japan,2025.3,1.8559,96.4946,1.6496
country_japan,2025.4,1.8745,96.4658,1.6597
country_japan,2025.5,1.8931,96.4369,1.6699
country_japan,2025.6,1.9119,96.4081,1.6801
country_japan,2025.7,1.9306,96.3792,1.6902
country_japan,2025.8,1.9495,96.3502,1.7003
country_japan,2025.9,1.9684,96.3213,1.7104
country_japan,2026.0,1.9873,96.2923,1.7204
country_japan,2026.1,2.0063,96.2633,1.7305
country_japan,2026.2,2.0253,96.2342,1.7405
country_japan,2026.3,2.0444,96.2051,1.7505
country_japan,2026.4,2.0635,96.1760,1.7604
country_japan,2026.5,2.0827,96.1469,1.7703
country_japan,2026.6,2.1020,96.1178,1.7803
country_japan,2026.7,2.1213,96.0886,1.7902
country_japan,2026.8,2.1406,96.0594,1.8000
country_japan,2026.9,2.1600,96.0301,1.8099
country_japan,2027.0,2.1795,96.0008,1.8197
country_japan,2027.1,2.1990,95.9715,1.8295
country_japan,2027.2,2.2185,95.9422,1.8392
country_japan,2027.3,2.2381,95.9129,1.8490
country_japan,2027.4,2.2578,95.8835,1.8587
country_japan,2027.5,2.2775,95.8541,1.8684
country_japan,2027.6,2.2972,95.8247,1.8781
country_japan,2027.7,2.3170,95.7952,1.8878
country_japan,2027.8,2.3369,95.7657,1.8974
country_japan,2027.9,2.3568,95.7362,1.9070
country_japan,2028.0,2.3767,95.7067,1.9166
country_japan,2028.1,2.3967,95.6771,1.9261
country_japan,2028.2,2.4167,95.6476,1.9357
country_japan,2028.3,2.4368,95.6180,1.9452
country_japan,2028.4,2.4570,95.5883,1.9547
country_japan,2028.5,2.4772,95.5587,1.9642
country_japan,2028.6,2.4974,95.5290,1.9736
country_japan,2028.7,2.5177,95.4993,1.9830
country_japan,2028.8,2.5380,95.4696,1.9924
country_japan,2028.9,2.5584,95.4398,2.0018
country_japan,2029.0,2.5788,95.4101,2.0112
country_japan,2029.1,2.5992,95.3803,2.0205
country_japan,2029.2,2.6197,95.3505,2.0298
country_japan,2029.3,2.6403,95.3206,2.0391
country_japan,2029.4,2.6609,95.2908,2.0483
country_japan,2029.5,2.6816,95.2609,2.0576
country_japan,2029.6,2.7022,95.2310,2.0668
country_japan,2029.7,2.7230,95.2010,2.0760
country_japan,2029.8,2.7438,95.1711,2.0851
country_japan,2029.9,2.7646,95.1411,2.0943
country_japan,2030.0,2.7855,95.1111,2.1034
country_japan,2030.1,2.8064,95.0811,2.1125
country_japan,2030.2,2.8273,95.0511,2.1216
country_japan,2030.3,2.8483,95.0210,2.1306
country_japan,2030.4,2.8694,94.9909,2.1397
country_japan,2030.5,2.8905,94.9608,2.1487
country_japan,2030.6,2.9116,94.9307,2.1577
country_japan,2030.7,2.9328,94.9006,2.1666
country_japan,2030.8,2.9540,94.8704,2.1755
country_japan,2030.9,2.9753,94.8402,2.1845
country_japan,2031.0,2.9966,94.8100,2.1934
country_japan,2031.1,3.0180,94.7798,2.2022
country_japan,2031.2,3.0394,94.7496,2.2111
country_japan,2031.3,3.0608,94.7193,2.2199
country_japan,2031.4,3.0823,94.6890,2.2287
country_japan,2031.5,3.1038,94.6587,2.2375
country_japan,2031.6,3.1254,94.6284,2.2462
country_japan,2031.7,3.1470,94.5981,2.2550
country_japan,2031.8,3.1686,94.5677,2.2637
country_japan,2031.9,3.1903,94.5373,2.2723
country_japan,2032.0,3.2120,94.5070,2.2810
country_japan,2032.1,3.2338,94.4765,2.2897
country_japan,2032.2,3.2556,94.4461,2.2983
country_japan,2032.3,3.2775,94.4157,2.3069
country_japan,2032.4,3.2994,94.3852,2.3154
country_japan,2032.5,3.3213,94.3547,2.3240
country_japan,2032.6,3.3433,94.3242,2.3325
country_japan,2032.7,3.3653,94.2937,2.3410
country_japan,2032.8,3.3874,94.2631,2.3495
country_japan,2032.9,3.4095,94.2326,2.3580
country_japan,2033.0,3.4316,94.2020,2.3664
country_japan,2033.1,3.4538,94.1714,2.3748
country_japan,2033.2,3.4760,94.1408,2.3832
country_japan,2033.3,3.4982,94.1102,2.3916
country_japan,2033.4,3.5205,94.0795,2.3999
country_japan,2033.5,3.5429,94.0489,2.4082
country_japan,2033.6,3.5652,94.0182,2.4166
country_japan,2033.7,3.5877,93.9875,2.4248
country_japan,2033.8,3.6101,93.9568,2.4331
country_japan,2033.9,3.6326,93.9261,2.4413
country_japan,2034.0,3.6551,93.8953,2.4495
country_japan,2034.1,3.6777,93.8646,2.4577
country_japan,2034.2,3.7003,93.8338,2.4659
country_japan,2034.3,3.7229,93.8030,2.4740
country_japan,2034.4,3.7456,93.7722,2.4822
country_japan,2034.5,3.7683,93.7414,2.4903
country_japan,2034.6,3.7911,93.7106,2.4983
country_japan,2034.7,3.8139,93.6797,2.5064
country_japan,2034.8,3.8367,93.6488,2.5144
country_japan,2034.9,3.8596,93.6180,2.5225
country_japan,2035.0,3.8825,93.5871,2.5304
country_japan,2035.1,3.9054,93.5561,2.5384
country_japan,2035.2,3.9284,93.5252,2.5464
country_japan,2035.3,3.9514,93.4943,2.5543
country_japan,2035.4,3.9745,93.4633,2.5622
country_japan,2035.5,3.9976,93.4323,2.5701
country_japan,2035.6,4.0207,93.4014,2.5779
country_japan,2035.7,4.0439,93.3704,2.5858
country_japan,2035.8,4.0671,93.3393,2.5936
country_japan,2035.9,4.0903,93.3083,2.6014
country_japan,2036.0,4.1136,93.2773,2.6091
country_japan,2036.1,4.1369,93.2462,2.6169
country_japan,2036.2,4.1602,93.2151,2.6246
country_japan,2036.3,4.1836,93.1841,2.6323
country_japan,2036.4,4.2070,93.1530,2.6400
country_japan,2036.5,4.2305,93.1218,2.6477
country_japan,2036.6,4.2540,93.0907,2.6553
country_japan,2036.7,4.2775,93.0596,2.6629
country_japan,2036.8,4.3010,93.0284,2.6705
country_japan,2036.9,4.3246,92.9973,2.6781
country_japan,2037.0,4.3483,92.9661,2.6857
country_japan,2037.1,4.3719,92.9349,2.6932
country_japan,2037.2,4.3956,92.9037,2.7007
country_japan,2037.3,4.4193,92.8725,2.7082
country_japan,2037.4,4.4431,92.8412,2.7157
country_japan,2037.5,4.4669,92.8100,2.7231
country_japan,2037.6,4.4907,92.7787,2.7305
country_japan,2037.7,4.5146,92.7475,2.7379
country_japan,2037.8,4.5385,92.7162,2.7453
country_japan,2037.9,4.5624,92.6849,2.7527
country_japan,2038.0,4.5864,92.6536,2.7600
country_japan,2038.1,4.6104,92.6223,2.7673
country_japan,2038.2,4.6344,92.5910,2.7746
country_japan,2038.3,4.6585,92.5596,2.7819
country_japan,2038.4,4.6826,92.5283,2.7891
country_japan,2038.5,4.7067,92.4969,2.7964
country_japan,2038.6,4.7309,92.4655,2.8036
country_japan,2038.7,4.7551,92.4341,2.8108
country_japan,2038.8,4.7793,92.4027,2.8179
country_japan,2038.9,4.8036,92.3713,2.8251
country_japan,2039.0,4.8279,92.3399,2.8322
country_japan,2039.1,4.8522,92.3085,2.8393
country_japan,2039.2,4.8766,92.2770,2.8464
country_japan,2039.3,4.9010,92.2456,2.8535
country_japan,2039.4,4.9254,92.2141,2.8605
country_japan,2039.5,4.9499,92.1826,2.8675
country_japan,2039.6,4.9744,92.1511,2.8745
country_japan,2039.7,4.9989,92.1196,2.8815
country_japan,2039.8,5.0234,92.0881,2.8884
country_japan,2039.9,5.0480,92.0566,2.8954
country_japan,2040.0,5.0726,92.0251,2.9023
country_japan,2040.1,5.0973,91.9935,2.9092
country_japan,2040.2,5.1220,91.9620,2.9161
country_japan,2040.3,5.1467,91.9304,2.9229
country_japan,2040.4,5.1714,91.8988,2.9297
country_japan,2040.5,5.1962,91.8673,2.9365
country_japan,2040.6,5.2210,91.8357,2.9433
country_japan,2040.7,5.2458,91.8041,2.9501
country_japan,2040.8,5.2707,91.7725,2.9568
country_japan,2040.9,5.2956,91.7408,2.9636
country_japan,2041.0,5.3205,91.7092,2.9703
country_japan,2041.1,5.3455,91.6776,2.9770
country_japan,2041.2,5.3705,91.6459,2.9836
country_japan,2041.3,5.3955,91.6142,2.9903
country_japan,2041.4,5.4205,91.5826,2.9969
country_japan,2041.5,5.4456,91.5509,3.0035
country_japan,2041.6,5.4707,91.5192,3.0101
country_japan,2041.7,5.4959,91.4875,3.0166
country_japan,2041.8,5.5210,91.4558,3.0232
country_japan,2041.9,5.5462,91.4241,3.0297
country_japan,2042.0,5.5715,91.3923,3.0362
country_japan,2042.1,5.5967,91.3606,3.0427
country_japan,2042.2,5.6220,91.3289,3.0491
country_japan,2042.3,5.6473,91.2971,3.0556
country_japan,2042.4,5.6727,91.2654,3.0620
country_japan,2042.5,5.6980,91.2336,3.0684
country_japan,2042.6,5.7234,91.2018,3.0748
country_japan,2042.7,5.7489,91.1700,3.0811
country_japan,2042.8,5.7743,91.1382,3.0874
country_japan,2042.9,5.7998,91.1064,3.0938
country_japan,2043.0,5.8254,91.0746,3.1001
country_japan,2043.1,5.8509,91.0428,3.1063
country_japan,2043.2,5.8765,91.0109,3.1126
country_japan,2043.3,5.9021,90.9791,3.1188
country_japan,2043.4,5.9277,90.9473,3.1250
country_japan,2043.5,5.9534,90.9154,3.1312
country_japan,2043.6,5.9791,90.8835,3.1374
country_japan,2043.7,6.0048,90.8517,3.1435
country_japan,2043.8,6.0305,90.8198,3.1497
country_japan,2043.9,6.0563,90.7879,3.1558
country_japan,2044.0,6.0821,90.7560,3.1619
country_japan,2044.1,6.1079,90.7241,3.1680
country_japan,2044.2,6.1338,90.6922,3.1740
country_japan,2044.3,6.1597,90.6603,3.1800
country_japan,2044.4,6.1856,90.6284,3.1861
country_japan,2044.5,6.2115,90.5964,3.1921
country_japan,2044.6,6.2375,90.5645,3.1980
country_japan,2044.7,6.2635,90.5325,3.2040
country_japan,2044.8,6.2895,90.5006,3.2099
country_japan,2044.9,6.3156,90.4686,3.2158
country_japan,2045.0,6.3416,90.4366,3.2217
country_japan,2045.1,6.3677,90.4047,3.2276
country_japan,2045.2,6.3939,90.3727,3.2334
country_japan,2045.3,6.4200,90.3407,3.2393
country_japan,2045.4,6.4462,90.3087,3.2451
country_japan,2045.5,6.4724,90.2767,3.2509
country_japan,2045.6,6.4987,90.2447,3.2567
country_japan,2045.7,6.5249,90.2127,3.2624
country_japan,2045.8,6.5512,90.1806,3.2682
country_japan,2045.9,6.5775,90.1486,3.2739
country_japan,2046.0,6.6039,90.1166,3.2796
country_japan,2046.1,6.6302,90.0845,3.2852
country_japan,2046.2,6.6566,90.0525,3.2909
country_japan,2046.3,6.6830,90.0204,3.2965
country_japan,2046.4,6.7095,89.9884,3.3022
country_japan,2046.5,6.7360,89.9563,3.3078
country_japan,2046.6,6.7624,89.9242,3.3133
country_japan,2046.7,6.7890,89.8921,3.3189
country_japan,2046.8,6.8155,89.8600,3.3244
country_japan,2046.9,6.8421,89.8280,3.3300
country_japan,2047.0,6.8687,89.7959,3.3355
country_japan,2047.1,6.8953,89.7637,3.3409
country_japan,2047.2,6.9220,89.7316,3.3464
country_japan,2047.3,6.9486,89.6995,3.3518
country_japan,2047.4,6.9753,89.6674,3.3573
country_japan,2047.5,7.0021,89.6353,3.3627
country_japan,2047.6,7.0288,89.6031,3.3681
country_japan,2047.7,7.0556,89.5710,3.3734
country_japan,2047.8,7.0824,89.5388,3.3788
country_japan,2047.9,7.1092,89.5067,3.3841
country_japan,2048.0,7.1361,89.4745,3.3894
country_japan,2048.1,7.1629,89.4424,3.3947
country_japan,2048.2,7.1898,89.4102,3.4000
country_japan,2048.3,7.2168,89.3780,3.4052
country_japan,2048.4,7.2437,89.3458,3.4105
country_japan,2048.5,7.2707,89.3137,3.4157
country_japan,2048.6,7.2977,89.2815,3.4209
country_japan,2048.7,7.3247,89.2493,3.4260
country_japan,2048.8,7.3517,89.2171,3.4312
country_japan,2048.9,7.3788,89.1849,3.4363
country_japan,2049.0,7.4059,89.1527,3.4415
country_japan,2049.1,7.4330,89.1204,3.4466
country_japan,2049.2,7.4601,89.0882,3.4516
country_japan,2049.3,7.4873,89.0560,3.4567
country_japan,2049.4,7.5145,89.0238,3.4617
country_japan,2049.5,7.5417,88.9915,3.4668
country_japan,2049.6,7.5689,88.9593,3.4718
country_japan,2049.7,7.5962,88.9271,3.4768
country_japan,2049.8,7.6235,88.8948,3.4817
country_japan,2049.9,7.6508,88.8626,3.4867
country_japan,2050.0,7.6781,88.8303,3.4916
country_france,2015.0,0.0648,99.8124,0.1228
country_france,2015.1,0.0818,99.7694,0.1488
country_france,2015.2,0.1012,99.7215,0.1773
country_france,2015.3,0.1231,99.6687,0.2082
country_france,2015.4,0.1476,99.6110,0.2414
country_france,2015.5,0.1747,99.5483,0.2770
country_france,2015.6,0.2046,99.4805,0.3149
country_france,2015.7,0.2373,99.4076,0.3551
country_france,2015.8,0.2729,99.3296,0.3975
country_france,2015.9,0.3115,99.2464,0.4421
country_france,2016.0,0.3531,99.1581,0.4889
country_france,2016.1,0.3978,99.0644,0.5378
country_france,2016.2,0.4457,98.9655,0.5888
country_france,2016.3,0.4968,98.8613,0.6419
country_france,2016.4,0.5512,98.7518,0.6971
country_france,2016.5,0.6089,98.6369,0.7542
country_france,2016.6,0.6701,98.5166,0.8133
country_france,2016.7,0.7347,98.3910,0.8743
country_france,2016.8,0.8029,98.2600,0.9372
country_france,2016.9,0.8746,98.1235,1.0019
country_france,2017.0,0.9499,97.9817,1.0684
country_france,2017.1,1.0289,97.8344,1.1367
country_france,2017.2,1.1116,97.6816,1.2067
country_france,2017.3,1.1981,97.5235,1.2785
country_france,2017.4,1.2883,97.3598,1.3518
country_france,2017.5,1.3824,97.1908,1.4268
country_france,2017.6,1.4804,97.0163,1.5033
country_france,2017.7,1.5823,96.8363,1.5814
country_france,2017.8,1.6881,96.6510,1.6609
country_france,2017.9,1.7980,96.4602,1.7419
country_france,2018.0,1.9119,96.2639,1.8242
country_france,2018.1,2.0298,96.0623,1.9079
country_france,2018.2,2.1518,95.8552,1.9930
country_france,2018.3,2.2779,95.6428,2.0793
country_france,2018.4,2.4082,95.4250,2.1668
country_france,2018.5,2.5427,95.2018,2.2555
country_france,2018.6,2.6813,94.9733,2.3453
country_france,2018.7,2.8242,94.7395,2.4363
country_france,2018.8,2.9714,94.5003,2.5283
country_france,2018.9,3.1228,94.2559,2.6213
country_france,2019.0,3.2785,94.0063,2.7152
country_france,2019.1,3.4386,93.7514,2.8101
country_france,2019.2,3.6029,93.4913,2.9058
country_france,2019.3,3.7716,93.2260,3.0024
country_france,2019.4,3.9447,92.9555,3.0997
country_france,2019.5,4.1222,92.6800,3.1978
country_france,2019.6,4.3040,92.3994,3.2966
country_france,2019.7,4.4903,92.1137,3.3960
country_france,2019.8,4.6810,91.8230,3.4961
country_france,2019.9,4.8761,91.5273,3.5966
country_france,2020.0,5.0756,91.2266,3.6977
country_france,2020.1,5.2796,90.9211,3.7993
country_france,2020.2,5.4880,90.6107,3.9013
country_france,2020.3,5.7009,90.2954,4.0037
country_france,2020.4,5.9182,89.9754,4.1064
country_france,2020.5,6.1400,89.6506,4.2094
country_france,2020.6,6.3662,89.3212,4.3126
country_france,2020.7,6.5969,88.9870,4.4160
country_france,2020.8,6.8321,88.6483,4.5196
country_france,2020.9,7.0717,88.3050,4.6233
country_france,2021.0,7.3157,87.9572,4.7271
country_france,2021.1,7.5642,87.6049,4.8308
country_france,2021.2,7.8172,87.2482,4.9346
country_france,2021.3,8.0745,86.8872,5.0383
country_france,2021.4,8.3363,86.5218,5.1419
country_france,2021.5,8.6024,86.1522,5.2453
country_france,2021.6,8.8730,85.7784,5.3486
country_france,2021.7,9.1480,85.4005,5.4516
country_france,2021.8,9.4273,85.0184,5.5543
country_france,2021.9,9.7109,84.6324,5.6567
country_france,2022.0,9.9989,84.2423,5.7587
country_france,2022.1,10.2912,83.8484,5.8604
country_france,2022.2,10.5879,83.4506,5.9616
country_france,2022.3,10.8887,83.0490,6.0623
country_france,2022.4,11.1939,82.6436,6.1625
country_france,2022.5,11.5033,82.2346,6.2621
country_france,2022.6,11.8169,81.8220,6.3611
country_france,2022.7,12.1347,81.4058,6.4595
country_france,2022.8,12.4566,80.9862,6.5572
country_france,2022.9,12.7827,80.5632,6.6542
country_france,2023.0,13.1128,80.1368,6.7504
country_france,2023.1,13.4471,79.7071,6.8458
country_france,2023.2,13.7854,79.2742,6.9404
country_france,2023.3,14.1277,78.8381,7.0342
country_france,2023.4,14.4740,78.3990,7.1270
country_france,2023.5,14.8242,77.9569,7.2189
country_france,2023.6,15.1784,77.5118,7.3098
country_france,2023.7,15.5364,77.0638,7.3998
country_france,2023.8,15.8983,76.6131,7.4887
country_france,2023.9,16.2640,76.1596,7.5765
country_france,2024.0,16.6334,75.7034,7.6632
country_france,2024.1,17.0066,75.2446,7.7488
country_france,2024.2,17.3834,74.7834,7.8332
country_france,2024.3,17.7639,74.3196,7.9165
country_france,2024.4,18.1480,73.8535,7.9985
country_france,2024.5,18.5356,73.3851,8.0793
country_france,2024.6,18.9267,72.9145,8.1588
country_france,2024.7,19.3214,72.4417,8.2369
country_france,2024.8,19.7194,71.9668,8.3138
country_france,2024.9,20.1208,71.4899,8.3893
country_france,2025.0,20.5255,71.0111,8.4634
country_france,2025.1,20.9335,70.5304,8.5361
country_france,2025.2,21.3447,70.0479,8.6074
country_france,2025.3,21.7591,69.5637,8.6773
country_france,2025.4,22.1766,69.0778,8.7456
country_france,2025.5,22.5971,68.5904,8.8125
country_france,2025.6,23.0207,68.1015,8.8778
country_france,2025.7,23.4473,67.6111,8.9416
country_france,2025.8,23.8767,67.1194,9.0039
country_france,2025.9,24.3090,66.6264,9.0645
country_france,2026.0,24.7441,66.1323,9.1236
country_france,2026.1,25.1819,65.6370,9.1811
country_france,2026.2,25.6224,65.1406,9.2369
country_france,2026.3,26.0656,64.6433,9.2912
country_france,2026.4,26.5112,64.1451,9.3437
country_france,2026.5,26.9594,63.6460,9.3946
country_france,2026.6,27.4101,63.1462,9.4438
country_france,2026.7,27.8631,62.6456,9.4913
country_france,2026.8,28.3184,62.1445,9.5371
country_france,2026.9,28.7760,61.6429,9.5812
country_france,2027.0,29.2358,61.1407,9.6235
country_france,2027.1,29.6977,60.6382,9.6641
country_france,2027.2,30.1617,60.1353,9.7030
country_france,2027.3,30.6276,59.6322,9.7402
country_france,2027.4,31.0956,59.1289,9.7755
country_france,2027.5,31.5654,58.6255,9.8091
country_france,2027.6,32.0370,58.1220,9.8410
country_france,2027.7,32.5104,57.6186,9.8710
country_france,2027.8,32.9854,57.1153,9.8993
country_france,2027.9,33.4621,56.6121,9.9258
country_france,2028.0,33.9403,56.1091,9.9506
country_france,2028.1,34.4200,55.6065,9.9735
country_france,2028.2,34.9011,55.1042,9.9947
country_france,2028.3,35.3835,54.6024,10.0141
country_france,2028.4,35.8673,54.1010,10.0317
country_france,2028.5,36.3522,53.6003,10.0475
country_france,2028.6,36.8383,53.1001,10.0615
country_france,2028.7,37.3255,52.6007,10.0738
country_france,2028.8,37.8137,52.1020,10.0843
country_france,2028.9,38.3028,51.6041,10.0931
country_france,2029.0,38.7928,51.1072,10.1000
country_france,2029.1,39.2836,50.6111,10.1053
country_france,2029.2,39.7751,50.1161,10.1088
country_france,2029.3,40.2674,49.6222,10.1105
country_france,2029.4,40.7602,49.1293,10.1105
country_france,2029.5,41.2535,48.6377,10.1088
country_france,2029.6,41.7473,48.1473,10.1054
country_france,2029.7,42.2415,47.6582,10.1003
country_france,2029.8,42.7361,47.1705,10.0934
country_france,2029.9,43.2308,46.6842,10.0849
country_france,2030.0,43.7258,46.1994,10.0748
country_france,2030.1,44.2209,45.7161,10.0630
country_france,2030.2,44.7161,45.2344,10.0495
country_france,2030.3,45.2113,44.7543,10.0344
country_france,2030.4,45.7064,44.2759,10.0177
country_france,2030.5,46.2013,43.7993,9.9994
country_france,2030.6,46.6961,43.3244,9.9795
country_france,2030.7,47.1905,42.8514,9.9581
country_france,2030.8,47.6846,42.3803,9.9351
country_france,2030.9,48.1784,41.9111,9.9106
country_france,2031.0,48.6716,41.4439,9.8845
country_france,2031.1,49.1643,40.9787,9.8570
country_france,2031.2,49.6564,40.5156,9.8280
country_france,2031.3,50.1479,40.0547,9.7975
country_france,2031.4,50.6386,39.5959,9.7655
country_france,2031.5,51.1285,39.1393,9.7322
country_france,2031.6,51.6176,38.6849,9.6975
country_france,2031.7,52.1058,38.2329,9.6613
country_france,2031.8,52.5930,37.7832,9.6238
country_france,2031.9,53.0791,37.3359,9.5850
country_france,2032.0,53.5642,36.8909,9.5449
country_france,2032.1,54.0481,36.4485,9.5035
country_france,2032.2,54.5308,36.0085,9.4608
country_france,2032.3,55.0122,35.5710,9.4168
country_france,2032.4,55.4923,35.1361,9.3716
country_france,2032.5,55.9709,34.7038,9.3253
country_france,2032.6,56.4482,34.2741,9.2777
country_france,2032.7,56.9239,33.8471,9.2290
country_france,2032.8,57.3981,33.4227,9.1792
country_france,2032.9,57.8707,33.0011,9.1282
country_france,2033.0,58.3416,32.5822,9.0762
country_france,2033.1,58.8107,32.1661,9.0231
country_france,2033.2,59.2781,31.7528,8.9690
country_france,2033.3,59.7437,31.3424,8.9139
country_france,2033.4,60.2074,30.9348,8.8578
country_france,2033.5,60.6692,30.5300,8.8008
country_france,2033.6,61.1290,30.1282,8.7428
country_france,2033.7,61.5868,29.7293,8.6839
country_france,2033.8,62.0425,29.3334,8.6242
country_france,2033.9,62.4960,28.9404,8.5636
country_france,2034.0,62.9474,28.5504,8.5021
country_france,2034.1,63.3966,28.1634,8.4399
country_france,2034.2,63.8436,27.7795,8.3769
country_france,2034.3,64.2882,27.3986,8.3131
country_france,2034.4,64.7305,27.0208,8.2487
country_france,2034.5,65.1705,26.6460,8.1835
country_france,2034.6,65.6079,26.2744,8.1177
country_france,2034.7,66.0430,25.9058,8.0512
country_france,2034.8,66.4755,25.5404,7.9841
country_france,2034.9,66.9054,25.1781,7.9164
country_france,2035.0,67.3328,24.8190,7.8482
country_france,2035.1,67.7576,24.4630,7.7794
country_france,2035.2,68.1797,24.1102,7.7101
country_france,2035.3,68.5991,23.7606,7.6403
country_france,2035.4,69.0158,23.4141,7.5700
country_france,2035.5,69.4298,23.0709,7.4994
country_france,2035.6,69.8409,22.7308,7.4283
country_france,2035.7,70.2493,22.3939,7.3568
country_france,2035.8,70.6548,22.0603,7.2849
country_france,2035.9,71.0574,21.7299,7.2128
country_france,2036.0,71.4571,21.4026,7.1403
country_france,2036.1,71.8538,21.0786,7.0675
country_france,2036.2,72.2477,20.7579,6.9945
country_france,2036.3,72.6385,20.4403,6.9212
country_france,2036.4,73.0263,20.1260,6.8477
country_france,2036.5,73.4110,19.8149,6.7741
country_france,2036.6,73.7928,19.5070,6.7002
country_france,2036.7,74.1714,19.2024,6.6262
country_france,2036.8,74.5469,18.9009,6.5521
country_france,2036.9,74.9194,18.6027,6.4779
country_france,2037.0,75.2886,18.3077,6.4037
country_france,2037.1,75.6548,18.0159,6.3293
country_france,2037.2,76.0177,17.7273,6.2550
country_france,2037.3,76.3775,17.4419,6.1806
country_france,2037.4,76.7340,17.1597,6.1063
country_france,2037.5,77.0874,16.8807,6.0320
country_france,2037.6,77.4375,16.6048,5.9577
country_france,2037.7,77.7843,16.3321,5.8835
country_france,2037.8,78.1279,16.0626,5.8094
country_france,2037.9,78.4683,15.7963,5.7355
country_france,2038.0,78.8054,15.5330,5.6616
country_france,2038.1,79.1391,15.2729,5.5879
country_france,2038.2,79.4696,15.0160,5.5144
country_france,2038.3,79.7968,14.7621,5.4411
country_france,2038.4,80.1207,14.5113,5.3680
country_france,2038.5,80.4413,14.2637,5.2951
country_france,2038.6,80.7585,14.0190,5.2224
country_france,2038.7,81.0725,13.7775,5.1500
country_france,2038.8,81.3831,13.5390,5.0779
country_france,2038.9,81.6904,13.3035,5.0061
country_france,2039.0,81.9944,13.0710,4.9346
country_france,2039.1,82.2950,12.8416,4.8634
country_france,2039.2,82.5923,12.6151,4.7926
country_france,2039.3,82.8863,12.3916,4.7221
country_france,2039.4,83.1770,12.1710,4.6520
country_france,2039.5,83.4644,11.9534,4.5822
country_france,2039.6,83.7484,11.7386,4.5129
country_france,2039.7,84.0292,11.5268,4.4440
country_france,2039.8,84.3066,11.3179,4.3755
country_france,2039.9,84.5808,11.1118,4.3074
country_france,2040.0,84.8516,10.9086,4.2398
country_france,2040.1,85.1192,10.7082,4.1726
country_france,2040.2,85.3835,10.5106,4.1060
country_france,2040.3,85.6445,10.3158,4.0398
country_france,2040.4,85.9022,10.1237,3.9740
country_france,2040.5,86.1567,9.9344,3.9088
country_france,2040.6,86.4080,9.7478,3.8441
country_france,2040.7,86.6561,9.5640,3.7800
country_france,2040.8,86.9009,9.3828,3.7163
country_france,2040.9,87.1425,9.2043,3.6532
country_france,2041.0,87.3810,9.0284,3.5907
country_france,2041.1,87.6162,8.8551,3.5287
country_france,2041.2,87.8483,8.6844,3.4672
country_france,2041.3,88.0773,8.5163,3.4064
country_france,2041.4,88.3031,8.3508,3.3461
country_france,2041.5,88.5258,8.1878,3.2864
country_france,2041.6,88.7455,8.0272,3.2273
country_france,2041.7,88.9620,7.8692,3.1688
country_france,2041.8,89.1755,7.7137,3.1109
country_france,2041.9,89.3859,7.5605,3.0536
country_france,2042.0,89.5933,7.4098,2.9969
country_france,2042.1,89.7977,7.2615,2.9408
country_france,2042.2,89.9991,7.1155,2.8854
country_france,2042.3,90.1975,6.9719,2.8306
country_france,2042.4,90.3930,6.8306,2.7764
country_france,2042.5,90.5856,6.6917,2.7228
country_france,2042.6,90.7752,6.5549,2.6699
country_france,2042.7,90.9620,6.4205,2.6176
country_france,2042.8,91.1459,6.2882,2.5659
country_france,2042.9,91.3269,6.1582,2.5149
country_france,2043.0,91.5051,6.0303,2.4645
country_france,2043.1,91.6806,5.9046,2.4148
country_france,2043.2,91.8532,5.7810,2.3657
country_france,2043.3,92.0231,5.6596,2.3173
country_france,2043.4,92.1903,5.5402,2.2695
country_france,2043.5,92.3548,5.4228,2.2224
country_france,2043.6,92.5166,5.3075,2.1759
country_france,2043.7,92.6757,5.1942,2.1300
country_france,2043.8,92.8322,5.0829,2.0848
country_france,2043.9,92.9861,4.9736,2.0403
country_france,2044.0,93.1375,4.8662,1.9964
country_france,2044.1,93.2862,4.7607,1.9531
country_france,2044.2,93.4325,4.6571,1.9105
country_france,2044.3,93.5762,4.5553,1.8685
country_france,2044.4,93.7174,4.4554,1.8271
country_france,2044.5,93.8562,4.3573,1.7864
country_france,2044.6,93.9926,4.2610,1.7464
country_france,2044.7,94.1266,4.1665,1.7069
country_france,2044.8,94.2582,4.0738,1.6681
country_france,2044.9,94.3874,3.9827,1.6299
country_france,2045.0,94.5143,3.8934,1.5923
country_france,2045.1,94.6389,3.8057,1.5554
country_france,2045.2,94.7613,3.7197,1.5190
country_france,2045.3,94.8814,3.6353,1.4833
country_france,2045.4,94.9993,3.5525,1.4482
country_france,2045.5,95.1150,3.4713,1.4136
country_france,2045.6,95.2286,3.3917,1.3797
country_france,2045.7,95.3400,3.3136,1.3464
country_france,2045.8,95.4493,3.2371,1.3137
country_france,2045.9,95.5565,3.1620,1.2815
country_france,2046.0,95.6617,3.0884,1.2499
country_france,2046.1,95.7648,3.0163,1.2189
country_france,2046.2,95.8659,2.9456,1.1885
country_france,2046.3,95.9651,2.8763,1.1587
country_france,2046.4,96.0623,2.8083,1.1294
country_france,2046.5,96.1576,2.7418,1.1006
country_france,2046.6,96.2510,2.6766,1.0724
country_france,2046.7,96.3425,2.6127,1.0448
country_france,2046.8,96.4322,2.5501,1.0177
country_france,2046.9,96.5200,2.4888,0.9911
country_france,2047.0,96.6061,2.4288,0.9651
country_france,2047.1,96.6904,2.3700,0.9396
country_france,2047.2,96.7730,2.3125,0.9146
country_france,2047.3,96.8538,2.2561,0.8901
country_france,2047.4,96.9330,2.2009,0.8661
country_france,2047.5,97.0105,2.1469,0.8426
country_france,2047.6,97.0864,2.0940,0.8196
country_france,2047.7,97.1606,2.0423,0.7971
country_france,2047.8,97.2333,1.9916,0.7750
country_france,2047.9,97.3044,1.9421,0.7535
country_france,2048.0,97.3740,1.8936,0.7324
country_france,2048.1,97.4421,1.8461,0.7118
country_france,2048.2,97.5087,1.7997,0.6916
country_france,2048.3,97.5738,1.7543,0.6719
country_france,2048.4,97.6375,1.7099,0.6526
country_france,2048.5,97.6998,1.6665,0.6337
country_france,2048.6,97.7606,1.6241,0.6153
country_france,2048.7,97.8202,1.5825,0.5973
country_france,2048.8,97.8783,1.5420,0.5797
country_france,2048.9,97.9352,1.5023,0.5625
country_france,2049.0,97.9907,1.4635,0.5458
country_france,2049.1,98.0450,1.4256,0.5294
country_france,2049.2,98.0981,1.3885,0.5134
country_france,2049.3,98.1499,1.3523,0.4978
country_france,2049.4,98.2005,1.3169,0.4826
country_france,2049.5,98.2499,1.2824,0.4678
country_france,2049.6,98.2981,1.2486,0.4533
country_france,2049.7,98.3452,1.2156,0.4392
country_france,2049.8,98.3912,1.1834,0.4254
country_france,2049.9,98.4361,1.1519,0.4120
country_france,2050.0,98.4799,1.1212,0.3989
