group,year,bev_share,ice_share,phev_share
world,2015.0,0.3496,99.5427,0.1566
world,2015.1,0.3727,99.5135,0.1644
world,2015.2,0.3970,99.4826,0.1725
world,2015.3,0.4224,99.4503,0.1809
world,2015.4,0.4491,99.4163,0.1896
world,2015.5,0.4770,99.3806,0.1985
world,2015.6,0.5063,99.3431,0.2078
world,2015.7,0.5368,99.3039,0.2174
world,2015.8,0.5688,99.2627,0.2272
world,2015.9,0.6021,99.2197,0.2374
world,2016.0,0.6369,99.1746,0.2479
world,2016.1,0.6733,99.1275,0.2586
world,2016.2,0.7112,99.0781,0.2698
world,2016.3,0.7508,99.0265,0.2813
world,2016.4,0.7921,98.9726,0.2931
world,2016.5,0.8351,98.9162,0.3053
world,2016.6,0.8798,98.8573,0.3178
world,2016.7,0.9264,98.7958,0.3306
world,2016.8,0.9748,98.7316,0.3439
world,2016.9,1.0251,98.6647,0.3575
world,2017.0,1.0774,98.5949,0.3714
world,2017.1,1.1317,98.5215,0.3864
world,2017.2,1.1882,98.4450,0.4018
world,2017.3,1.2467,98.3651,0.4177
world,2017.4,1.3074,98.2820,0.4341
world,2017.5,1.3703,98.1954,0.4509
world,2017.6,1.4355,98.1053,0.4683
world,2017.7,1.5030,98.0117,0.4886
world,2017.8,1.5729,97.9143,0.5162
world,2017.9,1.6452,97.8133,0.5452
world,2018.0,1.7199,97.7083,0.5756
world,2018.1,1.7975,97.5995,0.6073
world,2018.2,1.8775,97.4865,0.6406
world,2018.3,1.9602,97.3694,0.6753
world,2018.4,2.0455,97.2480,0.7116
world,2018.5,2.1337,97.1222,0.7494
world,2018.6,2.2246,96.9920,0.7889
world,2018.7,2.3184,96.8572,0.8300
world,2018.8,2.4152,96.7177,0.8729
world,2018.9,2.5149,96.5735,0.9175
world,2019.0,2.6177,96.4244,0.9639
world,2019.1,2.7236,96.2703,1.0123
world,2019.2,2.8326,96.1111,1.0628
world,2019.3,2.9449,95.9467,1.1153
world,2019.4,3.0604,95.7771,1.1698
world,2019.5,3.1792,95.6020,1.2263
world,2019.6,3.3013,95.4215,1.2850
world,2019.7,3.4269,95.2354,1.3458
world,2019.8,3.5560,95.0436,1.4089
world,2019.9,3.6886,94.8460,1.4743
world,2020.0,3.8248,94.6424,1.5419
world,2020.1,3.9646,94.4329,1.6119
world,2020.2,4.1080,94.2174,1.6843
world,2020.3,4.2552,93.9956,1.7591
world,2020.4,4.4062,93.7675,1.8364
world,2020.5,4.5610,93.5331,1.9163
world,2020.6,4.7197,93.2923,1.9987
world,2020.7,4.8824,93.0448,2.0837
world,2020.8,5.0490,92.7908,2.1713
world,2020.9,5.2196,92.5300,2.2617
world,2021.0,5.3944,92.2625,2.3547
world,2021.1,5.5734,91.9865,2.4518
world,2021.2,5.7565,91.7048,2.5504
world,2021.3,5.9439,91.4162,2.6518
world,2021.4,6.1355,91.1205,2.7558
world,2021.5,6.3315,90.8178,2.8626
world,2021.6,6.5318,90.5078,2.9723
world,2021.7,6.7365,90.1906,3.0848
world,2021.8,6.9457,89.8660,3.2000
world,2021.9,7.1594,89.5342,3.3181
world,2022.0,7.3776,89.1949,3.4389
world,2022.1,7.6005,88.8481,3.5625
world,2022.2,7.8279,88.4939,3.6889
world,2022.3,8.0601,88.1321,3.8181
world,2022.4,8.2970,87.7629,3.9499
world,2022.5,8.5387,87.3861,4.0845
world,2022.6,8.7852,87.0017,4.2216
world,2022.7,9.0365,86.6098,4.3613
world,2022.8,9.2928,86.2103,4.5036
world,2022.9,9.5540,85.8032,4.6484
world,2023.0,9.8202,85.3886,4.7956
world,2023.1,10.0915,84.9665,4.9452
world,2023.2,10.3678,84.5369,5.0970
world,2023.3,10.6492,84.0998,5.2527
world,2023.4,10.9358,83.6553,5.4106
world,2023.5,11.2276,83.2034,5.5706
world,2023.6,11.5246,82.7443,5.7328
world,2023.7,11.8269,82.2778,5.8968
world,2023.8,12.1346,81.8042,6.0627
world,2023.9,12.4476,81.3235,6.2303
world,2024.0,12.7660,80.8358,6.3995
world,2024.1,13.0898,80.3411,6.5701
world,2024.2,13.4191,79.8396,6.7421
world,2024.3,13.7540,79.3314,6.9154
world,2024.4,14.0944,78.8165,7.0898
world,2024.5,14.4404,78.2952,7.2651
world,2024.6,14.7921,77.7674,7.4410
world,2024.7,15.1494,77.2334,7.6175
world,2024.8,15.5125,76.6934,7.7944
world,2024.9,15.8814,76.1473,7.9715
world,2025.0,16.2560,75.5954,8.1486
world,2025.1,16.6365,75.0378,8.3256
world,2025.2,17.0230,74.4747,8.5024
world,2025.3,17.4153,73.9062,8.6785
world,2025.4,17.8136,73.3325,8.8539
world,2025.5,18.2180,72.7537,9.0283
world,2025.6,18.6284,72.1700,9.2016
world,2025.7,19.0449,71.5815,9.3736
world,2025.8,19.4676,70.9884,9.5440
world,2025.9,19.8965,70.3908,9.7127
world,2026.0,20.3317,69.7889,9.8795
world,2026.1,20.7731,69.1827,10.0442
world,2026.2,21.2209,68.5724,10.2070
world,2026.3,21.6751,67.9582,10.3682
world,2026.4,22.1358,67.3400,10.5269
world,2026.5,22.6029,66.7180,10.6828
world,2026.6,23.0766,66.0923,10.8358
world,2026.7,23.5568,65.4629,10.9859
world,2026.8,24.0437,64.8298,11.1329
world,2026.9,24.5372,64.1932,11.2768
world,2027.0,25.0374,63.5532,11.4172
world,2027.1,25.5444,62.9099,11.5542
world,2027.2,26.0582,62.2635,11.6874
world,2027.3,26.5787,61.6143,11.8164
world,2027.4,27.1061,60.9629,11.9409
world,2027.5,27.6402,60.3098,12.0606
world,2027.6,28.1812,59.6558,12.1749
world,2027.7,28.7289,59.0019,12.2823
world,2027.8,29.2834,58.3496,12.3814
world,2027.9,29.8446,57.7000,12.4710
world,2028.0,30.4123,57.0548,12.5497
world,2028.1,30.9864,56.4156,12.6159
world,2028.2,31.5668,55.7835,12.6687
world,2028.3,32.1531,55.1598,12.7072
world,2028.4,32.7451,54.5451,12.7311
world,2028.5,33.3424,53.9394,12.7405
world,2028.6,33.9446,53.3426,12.7362
world,2028.7,34.5510,52.7542,12.7192
world,2028.8,35.1611,52.1737,12.6907
world,2028.9,35.7741,51.6006,12.6518
world,2029.0,36.3892,51.0346,12.6037
world,2029.1,37.0055,50.4757,12.5473
world,2029.2,37.6221,49.9241,12.4834
world,2029.3,38.2379,49.3801,12.4126
world,2029.4,38.8521,48.8437,12.3359
world,2029.5,39.4637,48.3154,12.2537
world,2029.6,40.0718,47.7953,12.1669
world,2029.7,40.6756,47.2836,12.0758
world,2029.8,41.2746,46.7806,11.9810
world,2029.9,41.8682,46.2863,11.8829
world,2030.0,42.4560,45.8010,11.7815
world,2030.1,43.0379,45.3248,11.6771
world,2030.2,43.6136,44.8577,11.5698
world,2030.3,44.1829,44.3999,11.4596
world,2030.4,44.7457,43.9514,11.3471
world,2030.5,45.3018,43.5122,11.2319
world,2030.6,45.8511,43.0825,11.1155
world,2030.7,46.3931,42.6621,10.9969
world,2030.8,46.9278,42.2510,10.8762
world,2030.9,47.4548,41.8493,10.7539
world,2031.0,47.9740,41.4567,10.6301
world,2031.1,48.4852,41.0732,10.5057
world,2031.2,48.9884,40.6987,10.3887
world,2031.3,49.4835,40.3329,10.2693
world,2031.4,49.9705,39.9756,10.1478
world,2031.5,50.4496,39.6267,10.0242
world,2031.6,50.9209,39.2858,9.8990
world,2031.7,51.3846,38.9527,9.7722
world,2031.8,51.8411,38.6270,9.6441
world,2031.9,52.2906,38.3084,9.5149
world,2032.0,52.7334,37.9966,9.3848
world,2032.1,53.1699,37.6912,9.2540
world,2032.2,53.6003,37.3919,9.1228
world,2032.3,54.0250,37.0983,8.9913
world,2032.4,54.4443,36.8101,8.8597
world,2032.5,54.8584,36.5269,8.7282
world,2032.6,55.2677,36.2485,8.5970
world,2032.7,55.6722,35.9745,8.4662
world,2032.8,56.0721,35.7046,8.3361
world,2032.9,56.4677,35.4386,8.2067
world,2033.0,56.8589,35.1762,8.0782
world,2033.1,57.2459,34.9172,7.9508
world,2033.2,57.6288,34.6613,7.8245
world,2033.3,58.0075,34.4085,7.6996
world,2033.4,58.3822,34.1586,7.5761
world,2033.5,58.7527,33.9113,7.4541
world,2033.6,59.1192,33.6667,7.3338
world,2033.7,59.4815,33.4245,7.2151
world,2033.8,59.8398,33.1846,7.0982
world,2033.9,60.1939,32.9470,6.9832
world,2034.0,60.5439,32.7116,6.8701
world,2034.1,60.8899,32.4784,6.7589
world,2034.2,61.2317,32.2472,6.6498
world,2034.3,61.5694,32.0180,6.5428
world,2034.4,61.9030,31.7908,6.4379
world,2034.5,62.2325,31.5655,6.3351
world,2034.6,62.5580,31.3421,6.2344
world,2034.7,62.8793,31.1206,6.1360
world,2034.8,63.1966,30.9008,6.0398
world,2034.9,63.5099,30.6828,5.9458
world,2035.0,63.8192,30.4666,5.8539
world,2035.1,64.1246,30.2521,5.7643
world,2035.2,64.4260,30.0393,5.6769
world,2035.3,64.7234,29.8282,5.5917
world,2035.4,65.0170,29.6187,5.5087
world,2035.5,65.3068,29.4109,5.4278
world,2035.6,65.5927,29.2047,5.3490
world,2035.7,65.8749,29.0002,5.2724
world,2035.8,66.1534,28.7972,5.1978
world,2035.9,66.4282,28.5959,5.1253
world,2036.0,66.6994,28.3961,5.0547
world,2036.1,66.9670,28.1979,4.9862
world,2036.2,67.2310,28.0013,4.9195
world,2036.3,67.4916,27.8063,4.8548
world,2036.4,67.7487,27.6128,4.7919
world,2036.5,68.0024,27.4209,4.7307
world,2036.6,68.2528,27.2305,4.6714
world,2036.7,68.4999,27.0417,4.6137
world,2036.8,68.7437,26.8545,4.5577
world,2036.9,68.9844,26.6688,4.5033
world,2037.0,69.2219,26.4847,4.4504
world,2037.1,69.4563,26.3021,4.3991
world,2037.2,69.6876,26.1211,4.3492
world,2037.3,69.9160,25.9416,4.3007
world,2037.4,70.1414,25.7637,4.2536
world,2037.5,70.3640,25.5873,4.2078
world,2037.6,70.5836,25.4125,4.1632
world,2037.7,70.8005,25.2392,4.1199
world,2037.8,71.0146,25.0675,4.0778
world,2037.9,71.2260,24.8973,4.0368
world,2038.0,71.4348,24.7287,3.9969
world,2038.1,71.6409,24.5616,3.9580
world,2038.2,71.8444,24.3961,3.9201
world,2038.3,72.0455,24.2321,3.8831
world,2038.4,72.2440,24.0697,3.8471
world,2038.5,72.4401,23.9088,3.8120
world,2038.6,72.6338,23.7495,3.7776
world,2038.7,72.8251,23.5917,3.7441
world,2038.8,73.0141,23.4355,3.7113
world,2038.9,73.2009,23.2807,3.6793
world,2039.0,73.3854,23.1275,3.6479
world,2039.1,73.5677,22.9759,3.6172
world,2039.2,73.7478,22.8257,3.5870
world,2039.3,73.9259,22.6771,3.5575
world,2039.4,74.1018,22.5299,3.5285
world,2039.5,74.2757,22.3843,3.5001
world,2039.6,74.4476,22.2402,3.4721
world,2039.7,74.6175,22.0975,3.4446
world,2039.8,74.7855,21.9563,3.4176
world,2039.9,74.9515,21.8166,3.3910
world,2040.0,75.1157,21.6783,3.3647
world,2040.1,75.2781,21.5415,3.3389
world,2040.2,75.4386,21.4061,3.3134
world,2040.3,75.5974,21.2722,3.2882
world,2040.4,75.7544,21.1396,3.2633
world,2040.5,75.9097,21.0085,3.2387
world,2040.6,76.0634,20.8787,3.2144
world,2040.7,76.2154,20.7503,3.1903
world,2040.8,76.3658,20.6233,3.1665
world,2040.9,76.5146,20.4976,3.1428
world,2041.0,76.6618,20.3733,3.1195
world,2041.1,76.8075,20.2502,3.0963
world,2041.2,76.9517,20.1285,3.0732
world,2041.3,77.0944,20.0081,3.0504
world,2041.4,77.2357,19.8889,3.0277
world,2041.5,77.3755,19.7710,3.0052
world,2041.6,77.5139,19.6543,2.9828
world,2041.7,77.6510,19.5388,2.9606
world,2041.8,77.7867,19.4246,2.9385
world,2041.9,77.9211,19.3115,2.9165
world,2042.0,78.0543,19.1996,2.8946
world,2042.1,78.1861,19.0888,2.8728
world,2042.2,78.3167,18.9792,2.8512
world,2042.3,78.4460,18.8707,2.8296
world,2042.4,78.5742,18.7633,2.8081
world,2042.5,78.7012,18.6569,2.7868
world,2042.6,78.8270,18.5516,2.7655
world,2042.7,78.9516,18.4474,2.7443
world,2042.8,79.0752,18.3441,2.7232
world,2042.9,79.1977,18.2419,2.7021
world,2043.0,79.3191,18.1406,2.6812
world,2043.1,79.4394,18.0403,2.6603
world,2043.2,79.5587,17.9410,2.6395
world,2043.3,79.6770,17.8426,2.6188
world,2043.4,79.7943,17.7450,2.5981
world,2043.5,79.9106,17.6484,2.5776
world,2043.6,80.0260,17.5526,2.5571
world,2043.7,80.1404,17.4577,2.5367
world,2043.8,80.2539,17.3637,2.5163
world,2043.9,80.3666,17.2704,2.4961
world,2044.0,80.4783,17.1779,2.4759
world,2044.1,80.5892,17.0863,2.4558
world,2044.2,80.6992,16.9954,2.4358
world,2044.3,80.8083,16.9052,2.4158
world,2044.4,80.9167,16.8158,2.3959
world,2044.5,81.0243,16.7270,2.3761
world,2044.6,81.1310,16.6390,2.3564
world,2044.7,81.2371,16.5517,2.3368
world,2044.8,81.3423,16.4650,2.3172
world,2044.9,81.4468,16.3790,2.2978
world,2045.0,81.5506,16.2936,2.2784
world,2045.1,81.6537,16.2088,2.2591
world,2045.2,81.7560,16.1246,2.2399
world,2045.3,81.8577,16.0411,2.2208
world,2045.4,81.9588,15.9581,2.2018
world,2045.5,82.0591,15.8757,2.1829
world,2045.6,82.1588,15.7938,2.1640
world,2045.7,82.2579,15.7125,2.1453
world,2045.8,82.3563,15.6317,2.1267
world,2045.9,82.4542,15.5514,2.1081
world,2046.0,82.5514,15.4716,2.0896
world,2046.1,82.6480,15.3924,2.0713
world,2046.2,82.7441,15.3136,2.0530
world,2046.3,82.8396,15.2353,2.0356
world,2046.4,82.9345,15.1574,2.0182
world,2046.5,83.0289,15.0800,2.0010
world,2046.6,83.1227,15.0031,1.9838
world,2046.7,83.2160,14.9266,1.9667
world,2046.8,83.3088,14.8505,1.9497
world,2046.9,83.4011,14.7748,1.9329
world,2047.0,83.4928,14.6996,1.9161
world,2047.1,83.5841,14.6247,1.8994
world,2047.2,83.6748,14.5503,1.8829
world,2047.3,83.7651,14.4762,1.8664
world,2047.4,83.8549,14.4025,1.8500
world,2047.5,83.9442,14.3292,1.8338
world,2047.6,84.0330,14.2563,1.8176
world,2047.7,84.1214,14.1837,1.8015
world,2047.8,84.2094,14.1115,1.7856
world,2047.9,84.2968,14.0397,1.7697
world,2048.0,84.3839,13.9682,1.7540
world,2048.1,84.4705,13.8970,1.7383
world,2048.2,84.5566,13.8262,1.7228
world,2048.3,84.6424,13.7557,1.7073
world,2048.4,84.7277,13.6855,1.6920
world,2048.5,84.8126,13.6157,1.6767
world,2048.6,84.8971,13.5462,1.6616
world,2048.7,84.9811,13.4770,1.6465
world,2048.8,85.0648,13.4081,1.6316
world,2048.9,85.1480,13.3395,1.6167
world,2049.0,85.2309,13.2713,1.6020
world,2049.1,85.3133,13.2033,1.5873
world,2049.2,85.3954,13.1356,1.5728
world,2049.3,85.4771,13.0683,1.5583
world,2049.4,85.5584,13.0012,1.5440
world,2049.5,85.6393,12.9345,1.5297
world,2049.6,85.7198,12.8680,1.5156
world,2049.7,85.7999,12.8018,1.5015
world,2049.8,85.8797,12.7360,1.4875
world,2049.9,85.9591,12.6704,1.4737
world,2050.0,86.0381,12.6051,1.4636
western_europe,2015.0,0.4186,99.1544,0.4270
western_europe,2015.1,0.4518,99.0924,0.4558
western_europe,2015.2,0.4871,99.0270,0.4859
western_europe,2015.3,0.5244,98.9582,0.5173
western_europe,2015.4,0.5639,98.8859,0.5502
western_europe,2015.5,0.6056,98.8100,0.5844
western_europe,2015.6,0.6495,98.7304,0.6201
western_europe,2015.7,0.6957,98.6471,0.6572
western_europe,2015.8,0.7443,98.5599,0.6957
western_europe,2015.9,0.7954,98.4689,0.7357
western_europe,2016.0,0.8489,98.3739,0.7773
western_europe,2016.1,0.9049,98.2748,0.8203
western_europe,2016.2,0.9635,98.1716,0.8648
western_europe,2016.3,1.0248,98.0643,0.9109
western_europe,2016.4,1.0888,97.9527,0.9586
western_europe,2016.5,1.1555,97.8368,1.0078
western_europe,2016.6,1.2250,97.7165,1.0585
western_europe,2016.7,1.2973,97.5918,1.1109
western_europe,2016.8,1.3725,97.4627,1.1648
western_europe,2016.9,1.4507,97.3289,1.2203
western_europe,2017.0,1.5319,97.1906,1.2775
western_europe,2017.1,1.6161,97.0460,1.3379
western_europe,2017.2,1.7035,96.8945,1.4019
western_europe,2017.3,1.7942,96.7367,1.4691
western_europe,2017.4,1.8882,96.5727,1.5391
western_europe,2017.5,1.9857,96.4025,1.6118
western_europe,2017.6,2.0866,96.2262,1.6871
western_europe,2017.7,2.1912,96.0439,1.7650
western_europe,2017.8,2.2993,95.8555,1.8452
western_europe,2017.9,2.4112,95.6611,1.9277
western_europe,2018.0,2.5268,95.4606,2.0126
western_europe,2018.1,2.6462,95.2542,2.0996
western_europe,2018.2,2.7696,95.0417,2.1887
western_europe,2018.3,2.8969,94.8232,2.2800
western_europe,2018.4,3.0281,94.5986,2.3733
western_europe,2018.5,3.1635,94.3680,2.4685
western_europe,2018.6,3.3029,94.1314,2.5657
western_europe,2018.7,3.4465,93.8888,2.6647
western_europe,2018.8,3.5943,93.6402,2.7655
western_europe,2018.9,3.7464,93.3855,2.8682
western_europe,2019.0,3.9028,93.1248,2.9725
western_europe,2019.1,4.0635,92.8580,3.0785
western_europe,2019.2,4.2286,92.5852,3.1861
western_europe,2019.3,4.3982,92.3065,3.2953
western_europe,2019.4,4.5723,92.0217,3.4060
western_europe,2019.5,4.7509,91.7309,3.5182
western_europe,2019.6,4.9341,91.4341,3.6318
western_europe,2019.7,5.1219,91.1314,3.7468
western_europe,2019.8,5.3143,90.8226,3.8631
western_europe,2019.9,5.5114,90.5079,3.9806
western_europe,2020.0,5.7133,90.1873,4.0994
western_europe,2020.1,5.9199,89.8608,4.2193
western_europe,2020.2,6.1312,89.5284,4.3404
western_europe,2020.3,6.3474,89.1900,4.4625
western_europe,2020.4,6.5685,88.8459,4.5857
western_europe,2020.5,6.7944,88.4959,4.7098
western_europe,2020.6,7.0251,88.1401,4.8348
western_europe,2020.7,7.2608,87.7785,4.9606
western_europe,2020.8,7.5015,87.4112,5.0873
western_europe,2020.9,7.7471,87.0382,5.2147
western_europe,2021.0,7.9977,86.6595,5.3429
western_europe,2021.1,8.2532,86.2752,5.4716
western_europe,2021.2,8.5138,85.8852,5.6010
western_europe,2021.3,8.7794,85.4897,5.7309
western_europe,2021.4,9.0501,85.0887,5.8612
western_europe,2021.5,9.3257,84.6822,5.9920
western_europe,2021.6,9.6065,84.2703,6.1232
western_europe,2021.7,9.8923,83.8530,6.2547
western_europe,2021.8,10.1832,83.4304,6.3864
western_europe,2021.9,10.4791,83.0025,6.5184
western_europe,2022.0,10.7801,82.5694,6.6505
western_europe,2022.1,11.0862,82.1311,6.7827
western_europe,2022.2,11.3973,81.6877,6.9149
western_europe,2022.3,11.7136,81.2393,7.0472
western_europe,2022.4,12.0348,80.7858,7.1793
western_europe,2022.5,12.3612,80.3275,7.3114
western_europe,2022.6,12.6925,79.8643,7.4432
western_europe,2022.7,13.0289,79.3963,7.5748
western_europe,2022.8,13.3703,78.9236,7.7061
western_europe,2022.9,13.7167,78.4462,7.8371
western_europe,2023.0,14.0681,77.9643,7.9676
western_europe,2023.1,14.4245,77.4778,8.0977
western_europe,2023.2,14.7858,76.9870,8.2273
western_europe,2023.3,15.1520,76.4917,8.3563
western_europe,2023.4,15.5231,75.9923,8.4846
western_europe,2023.5,15.8991,75.4886,8.6123
western_europe,2023.6,16.2799,74.9808,8.7393
western_europe,2023.7,16.6656,74.4690,8.8654
western_europe,2023.8,17.0560,73.9533,8.9907
western_europe,2023.9,17.4511,73.4338,9.1151
western_europe,2024.0,17.8509,72.9105,9.2386
western_europe,2024.1,18.2555,72.3835,9.3610
western_europe,2024.2,18.6646,71.8530,9.4824
western_europe,2024.3,19.0783,71.3190,9.6027
western_europe,2024.4,19.4966,70.7816,9.7218
western_europe,2024.5,19.9193,70.2409,9.8397
western_europe,2024.6,20.3465,69.6971,9.9564
western_europe,2024.7,20.7781,69.1502,10.0717
western_europe,2024.8,21.2141,68.6003,10.1857
western_europe,2024.9,21.6543,68.0475,10.2982
western_europe,2025.0,22.0988,67.4920,10.4093
western_europe,2025.1,22.5474,66.9337,10.5189
western_europe,2025.2,23.0002,66.3730,10.6269
western_europe,2025.3,23.4570,65.8097,10.7333
western_europe,2025.4,23.9178,65.2441,10.8380
western_europe,2025.5,24.3826,64.6763,10.9411
western_europe,2025.6,24.8512,64.1064,11.0424
western_europe,2025.7,25.3236,63.5344,11.1420
western_europe,2025.8,25.7998,62.9605,11.2397
western_europe,2025.9,26.2796,62.3849,11.3355
western_europe,2026.0,26.7630,61.8075,11.4295
western_europe,2026.1,27.2499,61.2286,11.5215
western_europe,2026.2,27.7403,60.6482,11.6115
western_europe,2026.3,28.2341,60.0665,11.6995
western_europe,2026.4,28.7311,59.4835,11.7854
western_europe,2026.5,29.2313,58.8995,11.8692
western_europe,2026.6,29.7347,58.3144,11.9509
western_europe,2026.7,30.2411,57.7285,12.0304
western_europe,2026.8,30.7505,57.1418,12.1077
western_europe,2026.9,31.2628,56.5545,12.1828
western_europe,2027.0,31.7778,55.9666,12.2556
western_europe,2027.1,32.2956,55.3783,12.3261
western_europe,2027.2,32.8159,54.7897,12.3943
western_europe,2027.3,33.3389,54.2010,12.4602
western_europe,2027.4,33.8642,53.6121,12.5236
western_europe,2027.5,34.3919,53.0234,12.5847
western_europe,2027.6,34.9219,52.4348,12.6434
western_europe,2027.7,35.4540,51.8465,12.6995
western_europe,2027.8,35.9882,51.2585,12.7533
western_europe,2027.9,36.5244,50.6711,12.8045
western_europe,2028.0,37.0624,50.0844,12.8532
western_europe,2028.1,37.6022,49.4983,12.8994
western_europe,2028.2,38.1438,48.9132,12.9431
western_europe,2028.3,38.6869,48.3290,12.9842
western_europe,2028.4,39.2315,47.7458,13.0227
western_europe,2028.5,39.7775,47.1639,13.0586
western_europe,2028.6,40.3247,46.5833,13.0920
western_europe,2028.7,40.8732,46.0041,13.1227
western_europe,2028.8,41.4228,45.4264,13.1509
western_europe,2028.9,41.9734,44.8503,13.1764
western_europe,2029.0,42.5248,44.2759,13.1992
western_europe,2029.1,43.0771,43.7034,13.2195
western_europe,2029.2,43.6300,43.1329,13.2371
western_europe,2029.3,44.1835,42.5644,13.2521
western_europe,2029.4,44.7375,41.9980,13.2645
western_europe,2029.5,45.2919,41.4339,13.2742
western_europe,2029.6,45.8466,40.8721,13.2813
western_europe,2029.7,46.4015,40.3128,13.2857
western_europe,2029.8,46.9564,39.7560,13.2876
western_europe,2029.9,47.5113,39.2019,13.2868
western_europe,2030.0,48.0661,38.6504,13.2834
western_europe,2030.1,48.6207,38.1018,13.2775
western_europe,2030.2,49.1749,37.5561,13.2689
western_europe,2030.3,49.7288,37.0134,13.2578
western_europe,2030.4,50.2821,36.4738,13.2441
western_europe,2030.5,50.8347,35.9374,13.2279
western_europe,2030.6,51.3867,35.4042,13.2200
western_europe,2030.7,51.9378,34.8743,13.2097
western_europe,2030.8,52.4880,34.3478,13.1966
western_europe,2030.9,53.0372,33.8249,13.1809
western_europe,2031.0,53.5853,33.3055,13.1624
western_europe,2031.1,54.1321,32.7897,13.1412
western_europe,2031.2,54.6777,32.2776,13.1175
western_europe,2031.3,55.2218,31.7693,13.0910
western_europe,2031.4,55.7645,31.2648,13.0620
western_europe,2031.5,56.3056,30.7643,13.0304
western_europe,2031.6,56.8449,30.2677,12.9963
western_europe,2031.7,57.3826,29.7751,12.9596
western_europe,2031.8,57.9183,29.2867,12.9204
western_europe,2031.9,58.4522,28.8024,12.8787
western_europe,2032.0,58.9839,28.3222,12.8346
western_europe,2032.1,59.5136,27.8464,12.7882
western_europe,2032.2,60.0410,27.3748,12.7393
western_europe,2032.3,60.5662,26.9076,12.6881
western_europe,2032.4,61.0890,26.4448,12.6346
western_europe,2032.5,61.6093,25.9864,12.5789
western_europe,2032.6,62.1271,25.5325,12.5209
western_europe,2032.7,62.6423,25.0831,12.4608
western_europe,2032.8,63.1548,24.6383,12.3986
western_europe,2032.9,63.6645,24.1980,12.3342
western_europe,2033.0,64.1714,23.7624,12.2678
western_europe,2033.1,64.6754,23.3315,12.1994
western_europe,2033.2,65.1763,22.9052,12.1291
western_europe,2033.3,65.6743,22.4836,12.0568
western_europe,2033.4,66.1691,22.0668,11.9827
western_europe,2033.5,66.6607,21.6547,11.9067
western_europe,2033.6,67.1490,21.2474,11.8290
western_europe,2033.7,67.6340,20.8449,11.7496
western_europe,2033.8,68.1157,20.4472,11.6685
western_europe,2033.9,68.5939,20.0543,11.5858
western_europe,2034.0,69.0686,19.6663,11.5015
western_europe,2034.1,69.5397,19.2831,11.4157
western_europe,2034.2,70.0073,18.9048,11.3285
western_europe,2034.3,70.4711,18.5313,11.2398
western_europe,2034.4,70.9313,18.1626,11.1498
western_europe,2034.5,71.3877,17.7989,11.0584
western_europe,2034.6,71.8403,17.4400,10.9659
western_europe,2034.7,72.2890,17.0859,10.8721
western_europe,2034.8,72.7338,16.7368,10.7771
western_europe,2034.9,73.1747,16.3924,10.6811
western_europe,2035.0,73.6116,16.0529,10.5840
western_europe,2035.1,74.0444,15.7183,10.4859
western_europe,2035.2,74.4732,15.3885,10.3869
western_europe,2035.3,74.8979,15.0635,10.2870
western_europe,2035.4,75.3185,14.7433,10.1863
western_europe,2035.5,75.7349,14.4279,10.0847
western_europe,2035.6,76.1472,14.1172,9.9825
western_europe,2035.7,76.5552,13.8114,9.8795
western_europe,2035.8,76.9589,13.5102,9.7759
western_europe,2035.9,77.3585,13.2138,9.6718
western_europe,2036.0,77.7537,12.9220,9.5671
western_europe,2036.1,78.1446,12.6349,9.4619
western_europe,2036.2,78.5312,12.3525,9.3563
western_europe,2036.3,78.9135,12.0747,9.2503
western_europe,2036.4,79.2913,11.8014,9.1440
western_europe,2036.5,79.6649,11.5327,9.0373
western_europe,2036.6,80.0340,11.2686,8.9304
western_europe,2036.7,80.3988,11.0089,8.8234
western_europe,2036.8,80.7592,10.7537,8.7161
western_europe,2036.9,81.1151,10.5030,8.6088
western_europe,2037.0,81.4667,10.2566,8.5013
western_europe,2037.1,81.8139,10.0146,8.3938
western_europe,2037.2,82.1566,9.7770,8.2864
western_europe,2037.3,82.4949,9.5436,8.1790
western_europe,2037.4,82.8289,9.3145,8.0717
western_europe,2037.5,83.1584,9.0896,7.9645
western_europe,2037.6,83.4836,8.8688,7.8575
western_europe,2037.7,83.8043,8.6523,7.7507
western_europe,2037.8,84.1207,8.4398,7.6441
western_europe,2037.9,84.4327,8.2313,7.5378
western_europe,2038.0,84.7403,8.0269,7.4318
western_europe,2038.1,85.0436,7.8265,7.3261
western_europe,2038.2,85.3426,7.6300,7.2209
western_europe,2038.3,85.6373,7.4373,7.1161
western_europe,2038.4,85.9276,7.2485,7.0117
western_europe,2038.5,86.2137,7.0635,6.9079
western_europe,2038.6,86.4955,6.8823,6.8045
western_europe,2038.7,86.7731,6.7048,6.7016
western_europe,2038.8,87.0465,6.5309,6.5992
western_europe,2038.9,87.3156,6.3606,6.4975
western_europe,2039.0,87.5806,6.1939,6.3963
western_europe,2039.1,87.8415,6.0308,6.2957
western_europe,2039.2,88.0982,5.8711,6.1958
western_europe,2039.3,88.3509,5.7148,6.0965
western_europe,2039.4,88.5995,5.5619,5.9979
western_europe,2039.5,88.8440,5.4124,5.9001
western_europe,2039.6,89.0845,5.2661,5.8029
western_europe,2039.7,89.3211,5.1231,5.7065
western_europe,2039.8,89.5538,4.9833,5.6109
western_europe,2039.9,89.7825,4.8466,5.5160
western_europe,2040.0,90.0073,4.7130,5.4219
western_europe,2040.1,90.2283,4.5824,5.3287
western_europe,2040.2,90.4455,4.4549,5.2363
western_europe,2040.3,90.6590,4.3303,5.1447
western_europe,2040.4,90.8687,4.2086,5.0539
western_europe,2040.5,91.0747,4.0898,4.9641
western_europe,2040.6,91.2770,3.9738,4.8751
western_europe,2040.7,91.4757,3.8605,4.7870
western_europe,2040.8,91.6708,3.7500,4.6998
western_europe,2040.9,91.8624,3.6421,4.6135
western_europe,2041.0,92.0505,3.5368,4.5281
western_europe,2041.1,92.2351,3.4341,4.4436
western_europe,2041.2,92.4162,3.3340,4.3601
western_europe,2041.3,92.5940,3.2363,4.2775
western_europe,2041.4,92.7684,3.1411,4.1959
western_europe,2041.5,92.9395,3.0483,4.1152
western_europe,2041.6,93.1074,2.9578,4.0355
western_europe,2041.7,93.2720,2.8696,3.9568
western_europe,2041.8,93.4334,2.7837,3.8790
western_europe,2041.9,93.5917,2.6999,3.8022
western_europe,2042.0,93.7469,2.6184,3.7263
western_europe,2042.1,93.8990,2.5390,3.6514
western_europe,2042.2,94.0481,2.4616,3.5775
western_europe,2042.3,94.1942,2.3863,3.5046
western_europe,2042.4,94.3373,2.3130,3.4327
western_europe,2042.5,94.4776,2.2417,3.3617
western_europe,2042.6,94.6150,2.1722,3.2918
western_europe,2042.7,94.7496,2.1047,3.2228
western_europe,2042.8,94.8814,2.0390,3.1547
western_europe,2042.9,95.0105,1.9751,3.0877
western_europe,2043.0,95.1369,1.9129,3.0216
western_europe,2043.1,95.2606,1.8524,2.9565
western_europe,2043.2,95.3817,1.7937,2.8924
western_europe,2043.3,95.5002,1.7365,2.8293
western_europe,2043.4,95.6162,1.6810,2.7671
western_europe,2043.5,95.7297,1.6271,2.7058
western_europe,2043.6,95.8408,1.5746,2.6456
western_europe,2043.7,95.9494,1.5237,2.5863
western_europe,2043.8,96.0557,1.4742,2.5279
western_europe,2043.9,96.1596,1.4262,2.4705
western_europe,2044.0,96.2613,1.3795,2.4140
western_europe,2044.1,96.3607,1.3342,2.3585
western_europe,2044.2,96.4578,1.2902,2.3038
western_europe,2044.3,96.5528,1.2476,2.2501
western_europe,2044.4,96.6456,1.2061,2.1974
western_europe,2044.5,96.7363,1.1660,2.1455
western_europe,2044.6,96.8250,1.1270,2.0945
western_europe,2044.7,96.9116,1.0891,2.0445
western_europe,2044.8,96.9962,1.0524,1.9953
western_europe,2044.9,97.0789,1.0169,1.9470
western_europe,2045.0,97.1596,0.9824,1.8996
western_europe,2045.1,97.2384,0.9489,1.8530
western_europe,2045.2,97.3154,0.9165,1.8073
western_europe,2045.3,97.3906,0.8851,1.7625
western_europe,2045.4,97.4639,0.8546,1.7187
western_europe,2045.5,97.5355,0.8251,1.6759
western_europe,2045.6,97.6054,0.7965,1.6340
western_europe,2045.7,97.6736,0.7689,1.5928
western_europe,2045.8,97.7402,0.7420,1.5523
western_europe,2045.9,97.8051,0.7161,1.5127
western_europe,2046.0,97.8684,0.6909,1.4738
western_europe,2046.1,97.9301,0.6666,1.4357
western_europe,2046.2,97.9904,0.6430,1.3983
western_europe,2046.3,98.0491,0.6202,1.3617
western_europe,2046.4,98.1063,0.5981,1.3258
western_europe,2046.5,98.1622,0.5768,1.2906
western_europe,2046.6,98.2166,0.5561,1.2562
western_europe,2046.7,98.2696,0.5361,1.2225
western_europe,2046.8,98.3212,0.5168,1.1894
western_europe,2046.9,98.3715,0.4981,1.1571
western_europe,2047.0,98.4206,0.4800,1.1255
western_europe,2047.1,98.4683,0.4625,1.0945
western_europe,2047.2,98.5148,0.4456,1.0642
western_europe,2047.3,98.5601,0.4293,1.0346
western_europe,2047.4,98.6042,0.4135,1.0056
western_europe,2047.5,98.6472,0.3983,0.9773
western_europe,2047.6,98.6889,0.3835,0.9496
western_europe,2047.7,98.7296,0.3693,0.9226
western_europe,2047.8,98.7692,0.3555,0.8961
western_europe,2047.9,98.8077,0.3422,0.8703
western_europe,2048.0,98.8451,0.3294,0.8451
western_europe,2048.1,98.8816,0.3170,0.8205
western_europe,2048.2,98.9170,0.3051,0.7964
western_europe,2048.3,98.9515,0.2935,0.7729
western_europe,2048.4,98.9850,0.2824,0.7500
western_europe,2048.5,99.0175,0.2716,0.7277
western_europe,2048.6,99.0492,0.2612,0.7059
western_europe,2048.7,99.0800,0.2512,0.6846
western_europe,2048.8,99.1099,0.2416,0.6639
western_europe,2048.9,99.1389,0.2323,0.6436
western_europe,2049.0,99.1671,0.2233,0.6239
western_europe,2049.1,99.1945,0.2146,0.6047
western_europe,2049.2,99.2212,0.2063,0.5860
western_europe,2049.3,99.2470,0.1982,0.5678
western_europe,2049.4,99.2721,0.1904,0.5500
western_europe,2049.5,99.2964,0.1830,0.5327
western_europe,2049.6,99.3201,0.1757,0.5159
western_europe,2049.7,99.3430,0.1688,0.4995
western_europe,2049.8,99.3653,0.1621,0.4836
western_europe,2049.9,99.3869,0.1556,0.4681
western_europe,2050.0,99.4078,0.1494,0.4530
northern_europe,2015.0,2.7310,94.7270,2.5420
northern_europe,2015.1,2.8592,94.4933,2.6475
northern_europe,2015.2,2.9920,94.2516,2.7564
northern_europe,2015.3,3.1297,94.0015,2.8688
northern_europe,2015.4,3.2722,93.7429,2.9849
northern_europe,2015.5,3.4197,93.4757,3.1046
northern_europe,2015.6,3.5724,93.1996,3.2280
northern_europe,2015.7,3.7303,92.9146,3.3551
northern_europe,2015.8,3.8936,92.6203,3.4861
northern_europe,2015.9,4.0624,92.3168,3.6209
northern_europe,2016.0,4.2368,92.0037,3.7595
northern_europe,2016.1,4.4170,91.6809,3.9021
northern_europe,2016.2,4.6031,91.3483,4.0486
northern_europe,2016.3,4.7952,91.0058,4.1991
northern_europe,2016.4,4.9934,90.6531,4.3535
northern_europe,2016.5,5.1979,90.2902,4.5119
northern_europe,2016.6,5.4088,89.9169,4.6743
northern_europe,2016.7,5.6263,89.5331,4.8406
northern_europe,2016.8,5.8505,89.1387,5.0108
northern_europe,2016.9,6.0815,88.7335,5.1850
northern_europe,2017.0,6.3194,88.3175,5.3631
northern_europe,2017.1,6.5721,87.8435,5.5844
northern_europe,2017.2,6.8332,87.3703,5.7964
northern_europe,2017.3,7.1022,86.8899,6.0079
northern_europe,2017.4,7.3791,86.4006,6.2203
northern_europe,2017.5,7.6639,85.9019,6.4343
northern_europe,2017.6,7.9566,85.3932,6.6502
northern_europe,2017.7,8.2574,84.8743,6.8683
northern_europe,2017.8,8.5663,84.3451,7.0886
northern_europe,2017.9,8.8836,83.8053,7.3111
northern_europe,2018.0,9.2093,83.2549,7.5359
northern_europe,2018.1,9.5435,82.6937,7.7628
northern_europe,2018.2,9.8864,82.1217,7.9918
northern_europe,2018.3,10.2381,81.5390,8.2229
northern_europe,2018.4,10.5987,80.9454,8.4559
northern_europe,2018.5,10.9684,80.3409,8.6907
northern_europe,2018.6,11.3473,79.7256,8.9270
northern_europe,2018.7,11.7356,79.0996,9.1649
northern_europe,2018.8,12.1332,78.4627,9.4040
northern_europe,2018.9,12.5405,77.8152,9.6443
northern_europe,2019.0,12.9575,77.1571,9.8854
northern_europe,2019.1,13.3843,76.4884,10.1273
northern_europe,2019.2,13.8211,75.8093,10.3696
northern_europe,2019.3,14.2680,75.1199,10.6121
northern_europe,2019.4,14.7251,74.4203,10.8546
northern_europe,2019.5,15.1926,73.7106,11.0967
northern_europe,2019.6,15.6706,72.9910,11.3384
northern_europe,2019.7,16.1591,72.2617,11.5792
northern_europe,2019.8,16.6584,71.5227,11.8189
northern_europe,2019.9,17.1685,70.7744,12.0571
northern_europe,2020.0,17.6896,70.0168,12.2937
northern_europe,2020.1,18.2216,69.2502,12.5281
northern_europe,2020.2,18.7649,68.4748,12.7603
northern_europe,2020.3,19.3194,67.6909,12.9897
northern_europe,2020.4,19.8852,66.8987,13.2162
northern_europe,2020.5,20.4625,66.0983,13.4392
northern_europe,2020.6,21.0513,65.2901,13.6586
northern_europe,2020.7,21.6516,64.4744,13.8739
northern_europe,2020.8,22.2637,63.6514,14.0849
northern_europe,2020.9,22.8875,62.8214,14.2911
northern_europe,2021.0,23.5230,61.9847,14.4923
northern_europe,2021.1,24.1705,61.1416,14.6880
northern_europe,2021.2,24.8297,60.2924,14.8779
northern_europe,2021.3,25.5009,59.4374,15.0617
northern_europe,2021.4,26.1840,58.5770,15.2391
northern_europe,2021.5,26.8789,57.7115,15.4096
northern_europe,2021.6,27.5858,56.8412,15.5730
northern_europe,2021.7,28.3045,55.9665,15.7290
northern_europe,2021.8,29.0351,55.0877,15.8772
northern_europe,2021.9,29.7774,54.2052,16.0173
northern_europe,2022.0,30.5314,53.3194,16.1491
northern_europe,2022.1,31.2970,52.4307,16.2723
northern_europe,2022.2,32.0741,51.5394,16.3866
northern_europe,2022.3,32.8625,50.6458,16.4917
northern_europe,2022.4,33.6620,49.7505,16.5874
northern_europe,2022.5,34.4726,48.8538,16.6736
northern_europe,2022.6,35.2939,47.9561,16.7500
northern_europe,2022.7,36.1257,47.0578,16.8165
northern_europe,2022.8,36.9679,46.1593,16.8729
northern_europe,2022.9,37.8199,45.2610,16.9191
northern_europe,2023.0,38.6817,44.3633,16.9550
northern_europe,2023.1,39.5527,43.4667,16.9806
northern_europe,2023.2,40.4327,42.5715,16.9958
northern_europe,2023.3,41.3212,41.6783,17.0006
northern_europe,2023.4,42.2177,40.7873,16.9950
northern_europe,2023.5,43.1217,39.8991,16.9792
northern_europe,2023.6,44.0329,39.0140,16.9531
northern_europe,2023.7,44.9505,38.1326,16.9169
northern_europe,2023.8,45.8741,37.2551,16.8708
northern_europe,2023.9,46.8030,36.3821,16.8149
northern_europe,2024.0,47.7365,35.5139,16.7496
northern_europe,2024.1,48.6741,34.6510,16.6749
northern_europe,2024.2,49.6149,33.7938,16.5912
northern_europe,2024.3,50.5583,32.9427,16.4989
northern_europe,2024.4,51.5035,32.0982,16.3983
northern_europe,2024.5,52.4498,31.2606,16.2897
northern_europe,2024.6,53.3962,30.4303,16.1735
northern_europe,2024.7,54.3420,29.6078,16.0502
northern_europe,2024.8,55.2863,28.7934,15.9203
northern_europe,2024.9,56.2284,27.9875,15.7841
northern_europe,2025.0,57.1672,27.1906,15.6422
northern_europe,2025.1,58.1020,26.4029,15.4951
northern_europe,2025.2,59.0319,25.6248,15.3432
northern_europe,2025.3,59.9561,24.8568,15.1871
northern_europe,2025.4,60.8735,24.0991,15.0274
northern_europe,2025.5,61.7835,23.3521,14.8644
northern_europe,2025.6,62.6851,22.6161,14.6988
northern_europe,2025.7,63.5776,21.8913,14.5311
northern_europe,2025.8,64.4601,21.1782,14.3616
northern_europe,2025.9,65.3320,20.4770,14.1910
northern_europe,2026.0,66.1924,19.7880,14.0197
northern_europe,2026.1,67.0407,19.1113,13.8480
northern_europe,2026.2,67.8762,18.4473,13.7109
northern_europe,2026.3,68.6984,17.7962,13.6490
northern_europe,2026.4,69.5067,17.1582,13.5822
northern_europe,2026.5,70.3006,16.5335,13.5105
northern_europe,2026.6,71.0796,15.9222,13.4338
northern_europe,2026.7,71.8435,15.3245,13.3522
northern_europe,2026.8,72.5918,14.7405,13.2656
northern_europe,2026.9,73.3243,14.1704,13.1740
northern_europe,2027.0,74.0408,13.6143,13.0774
northern_europe,2027.1,74.7412,13.0722,12.9758
northern_europe,2027.2,75.4255,12.5442,12.8692
northern_europe,2027.3,76.0935,12.0303,12.7576
northern_europe,2027.4,76.7453,11.5306,12.6411
northern_europe,2027.5,77.3811,11.0450,12.5197
northern_europe,2027.6,78.0010,10.5736,12.3935
northern_europe,2027.7,78.6051,10.1162,12.2626
northern_europe,2027.8,79.1939,9.6729,12.1269
northern_europe,2027.9,79.7674,9.2436,11.9867
northern_europe,2028.0,80.3262,8.8282,11.8420
northern_europe,2028.1,80.8705,8.4265,11.6929
northern_europe,2028.2,81.4006,8.0384,11.5395
northern_europe,2028.3,81.9172,7.6639,11.3820
northern_europe,2028.4,82.4205,7.3027,11.2205
northern_europe,2028.5,82.9110,6.9547,11.0551
northern_europe,2028.6,83.3891,6.6196,10.8861
northern_europe,2028.7,83.8554,6.2973,10.7136
northern_europe,2028.8,84.3102,5.9875,10.5377
northern_europe,2028.9,84.7540,5.6901,10.3587
northern_europe,2029.0,85.1872,5.4048,10.1768
northern_europe,2029.1,85.6103,5.1313,9.9921
northern_europe,2029.2,86.0236,4.8693,9.8049
northern_europe,2029.3,86.4275,4.6187,9.6154
northern_europe,2029.4,86.8224,4.3790,9.4237
northern_europe,2029.5,87.2086,4.1502,9.2302
northern_europe,2029.6,87.5864,3.9317,9.0351
northern_europe,2029.7,87.9561,3.7234,8.8385
northern_europe,2029.8,88.3180,3.5250,8.6408
northern_europe,2029.9,88.6722,3.3361,8.4421
northern_europe,2030.0,89.0191,3.1565,8.2427
northern_europe,2030.1,89.3587,2.9858,8.0428
northern_europe,2030.2,89.6913,2.8238,7.8427
northern_europe,2030.3,90.0170,2.6700,7.6425
northern_europe,2030.4,90.3358,2.5243,7.4426
northern_europe,2030.5,90.6480,2.3864,7.2432
northern_europe,2030.6,90.9536,2.2558,7.0444
northern_europe,2030.7,91.2526,2.1323,6.8466
northern_europe,2030.8,91.5452,2.0157,6.6498
northern_europe,2030.9,91.8313,1.9056,6.4544
northern_europe,2031.0,92.1111,1.8018,6.2604
northern_europe,2031.1,92.3845,1.7039,6.0683
northern_europe,2031.2,92.6516,1.6118,5.8780
northern_europe,2031.3,92.9123,1.5250,5.6898
northern_europe,2031.4,93.1669,1.4435,5.5039
northern_europe,2031.5,93.4151,1.3668,5.3205
northern_europe,2031.6,93.6572,1.2948,5.1396
northern_europe,2031.7,93.8930,1.2272,4.9615
northern_europe,2031.8,94.1227,1.1639,4.7863
northern_europe,2031.9,94.3462,1.1045,4.6141
northern_europe,2032.0,94.5636,1.0488,4.4451
northern_europe,2032.1,94.7749,0.9967,4.2793
northern_europe,2032.2,94.9801,0.9479,4.1169
northern_europe,2032.3,95.1794,0.9023,3.9580
northern_europe,2032.4,95.3727,0.8597,3.8026
northern_europe,2032.5,95.5601,0.8198,3.6508
northern_europe,2032.6,95.7417,0.7826,3.5027
northern_europe,2032.7,95.9175,0.7478,3.3583
northern_europe,2032.8,96.0875,0.7154,3.2177
northern_europe,2032.9,96.2520,0.6851,3.0809
northern_europe,2033.0,96.4108,0.6568,2.9480
northern_europe,2033.1,96.5642,0.6304,2.8190
northern_europe,2033.2,96.7122,0.6058,2.6938
northern_europe,2033.3,96.8548,0.5829,2.5725
northern_europe,2033.4,96.9923,0.5614,2.4551
northern_europe,2033.5,97.1246,0.5414,2.3416
northern_europe,2033.6,97.2519,0.5228,2.2319
northern_europe,2033.7,97.3742,0.5054,2.1260
northern_europe,2033.8,97.4918,0.4891,2.0239
northern_europe,2033.9,97.6046,0.4739,1.9256
northern_europe,2034.0,97.7129,0.4597,1.8309
northern_europe,2034.1,97.8166,0.4464,1.7399
northern_europe,2034.2,97.9160,0.4340,1.6525
northern_europe,2034.3,98.0111,0.4224,1.5687
northern_europe,2034.4,98.1020,0.4115,1.4883
northern_europe,2034.5,98.1889,0.4013,1.4113
northern_europe,2034.6,98.2719,0.3918,1.3376
northern_europe,2034.7,98.3511,0.3828,1.2672
northern_europe,2034.8,98.4267,0.3743,1.1999
northern_europe,2034.9,98.4986,0.3664,1.1357
northern_europe,2035.0,98.5671,0.3589,1.0746
northern_europe,2035.1,98.6323,0.3519,1.0163
northern_europe,2035.2,98.6943,0.3452,0.9609
northern_europe,2035.3,98.7532,0.3389,0.9082
northern_europe,2035.4,98.8091,0.3330,0.8582
northern_europe,2035.5,98.8621,0.3273,0.8108
northern_europe,2035.6,98.9124,0.3220,0.7658
northern_europe,2035.7,98.9601,0.3169,0.7232
northern_europe,2035.8,99.0052,0.3120,0.6830
northern_europe,2035.9,99.0478,0.3074,0.6449
northern_europe,2036.0,99.0882,0.3030,0.6089
northern_europe,2036.1,99.1263,0.2988,0.5750
northern_europe,2036.2,99.1623,0.2948,0.5430
northern_europe,2036.3,99.1962,0.2909,0.5129
northern_europe,2036.4,99.2282,0.2872,0.4846
northern_europe,2036.5,99.2584,0.2836,0.4580
northern_europe,2036.6,99.2869,0.2802,0.4329
northern_europe,2036.7,99.3137,0.2769,0.4095
northern_europe,2036.8,99.3389,0.2737,0.3874
northern_europe,2036.9,99.3626,0.2706,0.3668
northern_europe,2037.0,99.3849,0.2677,0.3475
northern_europe,2037.1,99.4058,0.2648,0.3294
northern_europe,2037.2,99.4255,0.2620,0.3125
northern_europe,2037.3,99.4440,0.2592,0.2968
northern_europe,2037.4,99.4614,0.2566,0.2820
northern_europe,2037.5,99.4777,0.2540,0.2683
northern_europe,2037.6,99.4930,0.2515,0.2555
northern_europe,2037.7,99.5074,0.2491,0.2436
northern_europe,2037.8,99.5209,0.2467,0.2324
northern_europe,2037.9,99.5335,0.2444,0.2221
northern_europe,2038.0,99.5454,0.2421,0.2125
northern_europe,2038.1,99.5566,0.2399,0.2035
northern_europe,2038.2,99.5671,0.2377,0.1952
northern_europe,2038.3,99.5770,0.2355,0.1875
northern_europe,2038.4,99.5863,0.2334,0.1804
northern_europe,2038.5,99.5950,0.2314,0.1737
northern_europe,2038.6,99.6032,0.2293,0.1676
northern_europe,2038.7,99.6110,0.2274,0.1619
northern_europe,2038.8,99.6183,0.2254,0.1565
northern_europe,2038.9,99.6252,0.2235,0.1516
northern_europe,2039.0,99.6317,0.2216,0.1470
northern_europe,2039.1,99.6378,0.2197,0.1427
northern_europe,2039.2,99.6437,0.2179,0.1387
northern_europe,2039.3,99.6492,0.2160,0.1350
northern_europe,2039.4,99.6545,0.2143,0.1315
northern_europe,2039.5,99.6595,0.2125,0.1282
northern_europe,2039.6,99.6643,0.2107,0.1252
northern_europe,2039.7,99.6688,0.2090,0.1224
northern_europe,2039.8,99.6732,0.2073,0.1197
northern_europe,2039.9,99.6774,0.2056,0.1172
northern_europe,2040.0,99.6814,0.2040,0.1148
northern_europe,2040.1,99.6852,0.2023,0.1126
northern_europe,2040.2,99.6889,0.2007,0.1105
northern_europe,2040.3,99.6925,0.1991,0.1086
northern_europe,2040.4,99.6959,0.1975,0.1067
northern_europe,2040.5,99.6992,0.1960,0.1049
northern_europe,2040.6,99.7025,0.1944,0.1032
northern_europe,2040.7,99.7056,0.1929,0.1016
northern_europe,2040.8,99.7087,0.1913,0.1001
northern_europe,2040.9,99.7116,0.1898,0.0986
northern_europe,2041.0,99.7145,0.1883,0.0972
northern_europe,2041.1,99.7174,0.1869,0.0959
northern_europe,2041.2,99.7201,0.1854,0.0946
northern_europe,2041.3,99.7228,0.1839,0.0933
northern_europe,2041.4,99.7255,0.1825,0.0921
northern_europe,2041.5,99.7281,0.1811,0.0909
northern_europe,2041.6,99.7306,0.1797,0.0897
northern_europe,2041.7,99.7331,0.1783,0.0886
northern_europe,2041.8,99.7356,0.1769,0.0875
northern_europe,2041.9,99.7381,0.1755,0.0865
northern_europe,2042.0,99.7405,0.1742,0.0854
northern_europe,2042.1,99.7428,0.1728,0.0844
northern_europe,2042.2,99.7452,0.1715,0.0834
northern_europe,2042.3,99.7475,0.1701,0.0824
northern_europe,2042.4,99.7497,0.1688,0.0815
northern_europe,2042.5,99.7520,0.1675,0.0805
northern_europe,2042.6,99.7542,0.1662,0.0796
northern_europe,2042.7,99.7564,0.1650,0.0787
northern_europe,2042.8,99.7586,0.1637,0.0778
northern_europe,2042.9,99.7607,0.1624,0.0769
northern_europe,2043.0,99.7629,0.1612,0.0760
northern_europe,2043.1,99.7650,0.1599,0.0751
northern_europe,2043.2,99.7671,0.1587,0.0742
northern_europe,2043.3,99.7691,0.1575,0.0734
northern_europe,2043.4,99.7712,0.1563,0.0725
northern_europe,2043.5,99.7732,0.1551,0.0717
northern_europe,2043.6,99.7752,0.1539,0.0709
northern_europe,2043.7,99.7772,0.1527,0.0701
northern_europe,2043.8,99.7792,0.1516,0.0693
northern_europe,2043.9,99.7811,0.1504,0.0684
northern_europe,2044.0,99.7831,0.1493,0.0677
northern_europe,2044.1,99.7850,0.1481,0.0669
northern_europe,2044.2,99.7869,0.1470,0.0661
northern_europe,2044.3,99.7888,0.1459,0.0653
northern_europe,2044.4,99.7907,0.1448,0.0646
northern_europe,2044.5,99.7925,0.1437,0.0638
northern_europe,2044.6,99.7944,0.1426,0.0630
northern_europe,2044.7,99.7962,0.1415,0.0623
northern_europe,2044.8,99.7980,0.1404,0.0616
northern_europe,2044.9,99.7998,0.1394,0.0608
northern_europe,2045.0,99.8016,0.1383,0.0601
northern_europe,2045.1,99.8033,0.1373,0.0594
northern_europe,2045.2,99.8051,0.1362,0.0587
northern_europe,2045.3,99.8068,0.1352,0.0580
northern_europe,2045.4,99.8085,0.1342,0.0573
northern_europe,2045.5,99.8102,0.1332,0.0566
northern_europe,2045.6,99.8119,0.1322,0.0559
northern_europe,2045.7,99.8136,0.1312,0.0552
northern_europe,2045.8,99.8153,0.1302,0.0546
northern_europe,2045.9,99.8169,0.1292,0.0539
northern_europe,2046.0,99.8185,0.1282,0.0532
northern_europe,2046.1,99.8202,0.1273,0.0526
northern_europe,2046.2,99.8218,0.1263,0.0519
northern_europe,2046.3,99.8234,0.1254,0.0513
northern_europe,2046.4,99.8249,0.1244,0.0506
northern_europe,2046.5,99.8265,0.1235,0.0500
northern_europe,2046.6,99.8280,0.1226,0.0494
northern_europe,2046.7,99.8296,0.1217,0.0488
northern_europe,2046.8,99.8311,0.1207,0.0482
northern_europe,2046.9,99.8326,0.1198,0.0475
northern_europe,2047.0,99.8341,0.1189,0.0469
northern_europe,2047.1,99.8356,0.1181,0.0463
northern_europe,2047.2,99.8371,0.1172,0.0458
northern_europe,2047.3,99.8385,0.1163,0.0452
northern_europe,2047.4,99.8400,0.1154,0.0446
northern_europe,2047.5,99.8414,0.1146,0.0440
northern_europe,2047.6,99.8428,0.1137,0.0434
northern_europe,2047.7,99.8443,0.1129,0.0429
northern_europe,2047.8,99.8456,0.1120,0.0423
northern_europe,2047.9,99.8470,0.1112,0.0418
northern_europe,2048.0,99.8484,0.1104,0.0412
northern_europe,2048.1,99.8498,0.1096,0.0407
northern_europe,2048.2,99.8511,0.1087,0.0401
northern_europe,2048.3,99.8525,0.1079,0.0396
northern_europe,2048.4,99.8538,0.1071,0.0391
northern_europe,2048.5,99.8551,0.1063,0.0386
northern_europe,2048.6,99.8564,0.1056,0.0380
northern_europe,2048.7,99.8577,0.1048,0.0375
northern_europe,2048.8,99.8590,0.1040,0.0370
northern_europe,2048.9,99.8603,0.1032,0.0365
northern_europe,2049.0,99.8615,0.1025,0.0360
northern_europe,2049.1,99.8628,0.1017,0.0355
northern_europe,2049.2,99.8640,0.1010,0.0350
northern_europe,2049.3,99.8652,0.1002,0.0346
northern_europe,2049.4,99.8665,0.0995,0.0341
northern_europe,2049.5,99.8677,0.0987,0.0336
northern_europe,2049.6,99.8689,0.0980,0.0331
northern_europe,2049.7,99.8700,0.0973,0.0327
northern_europe,2049.8,99.8712,0.0966,0.0322
northern_europe,2049.9,99.8724,0.0959,0.0318
northern_europe,2050.0,99.8735,0.0952,0.0313
southern_europe,2015.0,0.0349,99.9195,0.0455
southern_europe,2015.1,0.0395,99.9095,0.0509
southern_europe,2015.2,0.0446,99.8985,0.0569
southern_europe,2015.3,0.0503,99.8862,0.0635
southern_europe,2015.4,0.0564,99.8728,0.0707
southern_europe,2015.5,0.0632,99.8582,0.0786
southern_europe,2015.6,0.0706,99.8423,0.0871
southern_europe,2015.7,0.0786,99.8251,0.0964
southern_europe,2015.8,0.0872,99.8064,0.1064
southern_europe,2015.9,0.0965,99.7864,0.1171
southern_europe,2016.0,0.1066,99.7649,0.1286
southern_europe,2016.1,0.1173,99.7418,0.1409
southern_europe,2016.2,0.1288,99.7172,0.1540
southern_europe,2016.3,0.1411,99.6910,0.1679
southern_europe,2016.4,0.1542,99.6630,0.1827
southern_europe,2016.5,0.1682,99.6334,0.1984
southern_europe,2016.6,0.1830,99.6020,0.2150
southern_europe,2016.7,0.1987,99.5688,0.2325
southern_europe,2016.8,0.2153,99.5337,0.2509
southern_europe,2016.9,0.2329,99.4967,0.2703
southern_europe,2017.0,0.2515,99.4578,0.2907
southern_europe,2017.1,0.2711,99.4168,0.3121
southern_europe,2017.2,0.2918,99.3737,0.3345
southern_europe,2017.3,0.3135,99.3285,0.3579
southern_europe,2017.4,0.3364,99.2812,0.3824
southern_europe,2017.5,0.3604,99.2316,0.4080
southern_europe,2017.6,0.3857,99.1797,0.4346
southern_europe,2017.7,0.4121,99.1255,0.4624
southern_europe,2017.8,0.4399,99.0689,0.4913
southern_europe,2017.9,0.4689,99.0098,0.5213
southern_europe,2018.0,0.4993,98.9483,0.5525
southern_europe,2018.1,0.5310,98.8841,0.5848
southern_europe,2018.2,0.5642,98.8174,0.6184
southern_europe,2018.3,0.5988,98.7480,0.6531
southern_europe,2018.4,0.6350,98.6759,0.6891
southern_europe,2018.5,0.6727,98.6011,0.7263
southern_europe,2018.6,0.7119,98.5233,0.7647
southern_europe,2018.7,0.7528,98.4427,0.8044
southern_europe,2018.8,0.7954,98.3592,0.8454
southern_europe,2018.9,0.8397,98.2726,0.8877
southern_europe,2019.0,0.8858,98.1830,0.9312
southern_europe,2019.1,0.9337,98.0902,0.9761
southern_europe,2019.2,0.9835,97.9942,1.0224
southern_europe,2019.3,1.0352,97.8948,1.0700
southern_europe,2019.4,1.0889,97.7922,1.1189
southern_europe,2019.5,1.1446,97.6862,1.1693
southern_europe,2019.6,1.2023,97.5767,1.2210
southern_europe,2019.7,1.2622,97.4637,1.2741
southern_europe,2019.8,1.3243,97.3472,1.3285
southern_europe,2019.9,1.3886,97.2270,1.3844
southern_europe,2020.0,1.4551,97.1031,1.4417
southern_europe,2020.1,1.5240,96.9755,1.5005
southern_europe,2020.2,1.5952,96.8442,1.5606
southern_europe,2020.3,1.6689,96.7089,1.6222
southern_europe,2020.4,1.7451,96.5697,1.6852
southern_europe,2020.5,1.8237,96.4266,1.7497
southern_europe,2020.6,1.9050,96.2794,1.8156
southern_europe,2020.7,1.9889,96.1282,1.8829
southern_europe,2020.8,2.0756,95.9727,1.9517
southern_europe,2020.9,2.1649,95.8131,2.0220
southern_europe,2021.0,2.2571,95.6492,2.0937
southern_europe,2021.1,2.3545,95.4555,2.1900
southern_europe,2021.2,2.4544,95.2777,2.2678
southern_europe,2021.3,2.5572,95.0973,2.3455
southern_europe,2021.4,2.6629,94.9131,2.4240
southern_europe,2021.5,2.7717,94.7249,2.5035
southern_europe,2021.6,2.8835,94.5323,2.5842
southern_europe,2021.7,2.9985,94.3354,2.6661
southern_europe,2021.8,3.1167,94.1339,2.7495
southern_europe,2021.9,3.2382,93.9277,2.8341
southern_europe,2022.0,3.3630,93.7169,2.9201
southern_europe,2022.1,3.4912,93.5012,3.0076
southern_europe,2022.2,3.6229,93.2808,3.0964
southern_europe,2022.3,3.7581,93.0554,3.1866
southern_europe,2022.4,3.8968,92.8250,3.2782
southern_europe,2022.5,4.0392,92.5896,3.3711
southern_europe,2022.6,4.1853,92.3492,3.4655
southern_europe,2022.7,4.3352,92.1036,3.5613
southern_europe,2022.8,4.4888,91.8528,3.6584
southern_europe,2022.9,4.6463,91.5968,3.7569
southern_europe,2023.0,4.8077,91.3356,3.8568
southern_europe,2023.1,4.9730,91.0690,3.9580
southern_europe,2023.2,5.1424,90.7971,4.0606
southern_europe,2023.3,5.3158,90.5197,4.1645
southern_europe,2023.4,5.4933,90.2370,4.2697
southern_europe,2023.5,5.6750,89.9488,4.3762
southern_europe,2023.6,5.8609,89.6551,4.4840
southern_europe,2023.7,6.0511,89.3558,4.5931
southern_europe,2023.8,6.2455,89.0510,4.7034
southern_europe,2023.9,6.4443,88.7406,4.8150
southern_europe,2024.0,6.6475,88.4246,4.9279
southern_europe,2024.1,6.8552,88.1030,5.0419
southern_europe,2024.2,7.0673,87.7756,5.1571
southern_europe,2024.3,7.2839,87.4427,5.2735
southern_europe,2024.4,7.5050,87.1040,5.3910
southern_europe,2024.5,7.7307,86.7596,5.5097
southern_europe,2024.6,7.9610,86.4095,5.6295
southern_europe,2024.7,8.1960,86.0537,5.7503
southern_europe,2024.8,8.4356,85.6921,5.8722
southern_europe,2024.9,8.6799,85.3249,5.9952
southern_europe,2025.0,8.9290,84.9518,6.1192
southern_europe,2025.1,9.1827,84.5731,6.2441
southern_europe,2025.2,9.4413,84.1887,6.3701
southern_europe,2025.3,9.7046,83.7985,6.4969
southern_europe,2025.4,9.9727,83.4026,6.6247
southern_europe,2025.5,10.2455,83.0011,6.7534
southern_europe,2025.6,10.5232,82.5939,6.8829
southern_europe,2025.7,10.8057,82.1811,7.0132
southern_europe,2025.8,11.0930,81.7627,7.1443
southern_europe,2025.9,11.3851,81.3387,7.2762
southern_europe,2026.0,11.6820,80.9091,7.4088
southern_europe,2026.1,11.9837,80.4741,7.5422
southern_europe,2026.2,12.2902,80.0336,7.6762
southern_europe,2026.3,12.6015,79.5877,7.8108
southern_europe,2026.4,12.9175,79.1364,7.9461
southern_europe,2026.5,13.2383,78.6798,8.0819
southern_europe,2026.6,13.5637,78.2180,8.2182
southern_europe,2026.7,13.8939,77.7510,8.3551
southern_europe,2026.8,14.2287,77.2789,8.4925
southern_europe,2026.9,14.5681,76.8017,8.6302
southern_europe,2027.0,14.9120,76.3195,8.7684
southern_europe,2027.1,15.2605,75.8325,8.9070
southern_europe,2027.2,15.6135,75.3406,9.0458
southern_europe,2027.3,15.9709,74.8441,9.1850
southern_europe,2027.4,16.3327,74.3428,9.3246
southern_europe,2027.5,16.6988,73.8371,9.4647
southern_europe,2027.6,17.0692,73.3269,9.6051
southern_europe,2027.7,17.4437,72.8124,9.7455
southern_europe,2027.8,17.8224,72.2936,9.8861
southern_europe,2027.9,18.2051,71.7707,10.0267
southern_europe,2028.0,18.5918,71.2439,10.1674
southern_europe,2028.1,18.9823,70.7131,10.3080
southern_europe,2028.2,19.3767,70.1786,10.4486
southern_europe,2028.3,19.7747,69.6405,10.5892
southern_europe,2028.4,20.1763,69.0989,10.7296
southern_europe,2028.5,20.5815,68.5540,10.8698
southern_europe,2028.6,20.9901,68.0058,11.0099
southern_europe,2028.7,21.4019,67.4546,11.1497
southern_europe,2028.8,21.8170,66.9004,11.2892
southern_europe,2028.9,22.2352,66.3435,11.4284
southern_europe,2029.0,22.6563,65.7839,11.5673
southern_europe,2029.1,23.0802,65.2219,11.7058
southern_europe,2029.2,23.5069,64.6576,11.8438
southern_europe,2029.3,23.9362,64.0911,11.9814
southern_europe,2029.4,24.3680,63.5226,12.1185
southern_europe,2029.5,24.8021,62.9524,12.2550
southern_europe,2029.6,25.2384,62.3805,12.3910
southern_europe,2029.7,25.6768,61.8071,12.5264
southern_europe,2029.8,26.1172,61.2325,12.6611
southern_europe,2029.9,26.5593,60.6567,12.7951
southern_europe,2030.0,27.0031,60.0800,12.9284
southern_europe,2030.1,27.4484,59.5026,13.0609
southern_europe,2030.2,27.8951,58.9246,13.1927
southern_europe,2030.3,28.3430,58.3461,13.3236
southern_europe,2030.4,28.7919,57.7675,13.4536
southern_europe,2030.5,29.2418,57.1888,13.5828
southern_europe,2030.6,29.6925,56.6103,13.7110
southern_europe,2030.7,30.1438,56.0322,13.8383
southern_europe,2030.8,30.5955,55.4545,13.9645
southern_europe,2030.9,31.0476,54.8776,14.0898
southern_europe,2031.0,31.4998,54.3015,14.2139
southern_europe,2031.1,31.9521,53.7265,14.3370
southern_europe,2031.2,32.4043,53.1528,14.4590
southern_europe,2031.3,32.8561,52.5805,14.5798
southern_europe,2031.4,33.3076,52.0098,14.6994
southern_europe,2031.5,33.7584,51.4408,14.8178
southern_europe,2031.6,34.2086,50.8739,14.9349
southern_europe,2031.7,34.6579,50.3090,15.0508
southern_europe,2031.8,35.1062,49.7465,15.1654
southern_europe,2031.9,35.5533,49.1864,15.2787
southern_europe,2032.0,35.9992,48.6289,15.3906
southern_europe,2032.1,36.4437,48.0742,15.5011
southern_europe,2032.2,36.8866,47.5225,15.6103
southern_europe,2032.3,37.3278,46.9738,15.7180
southern_europe,2032.4,37.7673,46.4284,15.8243
southern_europe,2032.5,38.2048,45.8864,15.9291
southern_europe,2032.6,38.6403,45.3479,16.0324
southern_europe,2032.7,39.0737,44.8130,16.1342
southern_europe,2032.8,39.5048,44.2820,16.2345
southern_europe,2032.9,39.9335,43.7548,16.3332
southern_europe,2033.0,40.3598,43.2317,16.4303
southern_europe,2033.1,40.7835,42.7128,16.5258
southern_europe,2033.2,41.2046,42.1981,16.6198
southern_europe,2033.3,41.6229,41.6877,16.7121
southern_europe,2033.4,42.0384,41.1819,16.8028
southern_europe,2033.5,42.4510,40.6806,16.8918
southern_europe,2033.6,42.8606,40.1839,16.9791
southern_europe,2033.7,43.2672,39.6920,17.0647
southern_europe,2033.8,43.6707,39.2049,17.1487
southern_europe,2033.9,44.0710,38.7226,17.2309
southern_europe,2034.0,44.4681,38.2453,17.3114
southern_europe,2034.1,44.8619,37.7730,17.3901
southern_europe,2034.2,45.2524,37.3057,17.4671
southern_europe,2034.3,45.6396,36.8436,17.5424
southern_europe,2034.4,46.0234,36.3866,17.6159
southern_europe,2034.5,46.4038,35.9347,17.6876
southern_europe,2034.6,46.7808,35.4881,17.7575
southern_europe,2034.7,47.1544,35.0467,17.8256
southern_europe,2034.8,47.5245,34.6105,17.8919
southern_europe,2034.9,47.8911,34.1796,17.9564
southern_europe,2035.0,48.2543,33.7540,18.0191
southern_europe,2035.1,48.6141,33.3336,18.0800
southern_europe,2035.2,48.9704,32.9185,18.1390
southern_europe,2035.3,49.3232,32.5086,18.1963
southern_europe,2035.4,49.6727,32.1040,18.2517
southern_europe,2035.5,50.0187,31.7046,18.3053
southern_europe,2035.6,50.3614,31.3104,18.3570
southern_europe,2035.7,50.7007,30.9214,18.4069
southern_europe,2035.8,51.0368,30.5376,18.4550
southern_europe,2035.9,51.3695,30.1588,18.5012
southern_europe,2036.0,51.6990,29.7851,18.5456
southern_europe,2036.1,52.0253,29.4165,18.5882
southern_europe,2036.2,52.3485,29.0528,18.6289
southern_europe,2036.3,52.6685,28.6941,18.6679
southern_europe,2036.4,52.9855,28.3402,18.7050
southern_europe,2036.5,53.2995,27.9912,18.7402
southern_europe,2036.6,53.6105,27.6470,18.7737
southern_europe,2036.7,53.9186,27.3074,18.8053
southern_europe,2036.8,54.2239,26.9725,18.8351
southern_europe,2036.9,54.5264,26.6422,18.8631
southern_europe,2037.0,54.8262,26.3164,18.8894
southern_europe,2037.1,55.1233,25.9951,18.9138
southern_europe,2037.2,55.4178,25.6782,18.9364
southern_europe,2037.3,55.7097,25.3656,18.9573
southern_europe,2037.4,55.9992,25.0572,18.9764
southern_europe,2037.5,56.2863,24.7530,18.9937
southern_europe,2037.6,56.5710,24.4530,19.0093
southern_europe,2037.7,56.8534,24.1569,19.0231
southern_europe,2037.8,57.1336,23.8649,19.0352
southern_europe,2037.9,57.4116,23.5767,19.0455
southern_europe,2038.0,57.6875,23.2923,19.0542
southern_europe,2038.1,57.9613,23.0118,19.0611
southern_europe,2038.2,58.2332,22.7349,19.0663
southern_europe,2038.3,58.5031,22.4616,19.0699
southern_europe,2038.4,58.7711,22.1919,19.0718
southern_europe,2038.5,59.0373,21.9256,19.0720
southern_europe,2038.6,59.3018,21.6628,19.0705
southern_europe,2038.7,59.5645,21.4033,19.0675
southern_europe,2038.8,59.8256,21.1471,19.0628
southern_europe,2038.9,60.0851,20.8941,19.0565
southern_europe,2039.0,60.3430,20.6443,19.0486
southern_europe,2039.1,60.5993,20.3976,19.0391
southern_europe,2039.2,60.8543,20.1539,19.0280
southern_europe,2039.3,61.1077,19.9132,19.0154
southern_europe,2039.4,61.3598,19.6755,19.0012
southern_europe,2039.5,61.6106,19.4406,18.9856
southern_europe,2039.6,61.8600,19.2085,18.9684
southern_europe,2039.7,62.1081,18.9792,18.9497
southern_europe,2039.8,62.3551,18.7526,18.9295
southern_europe,2039.9,62.6008,18.5287,18.9079
southern_europe,2040.0,62.8453,18.3074,18.8848
southern_europe,2040.1,63.0887,18.0886,18.8603
southern_europe,2040.2,63.3310,17.8724,18.8344
southern_europe,2040.3,63.5721,17.6587,18.8071
southern_europe,2040.4,63.8122,17.4475,18.7785
southern_europe,2040.5,64.0513,17.2386,18.7484
southern_europe,2040.6,64.2893,17.0321,18.7170
southern_europe,2040.7,64.5263,16.8280,18.6843
southern_europe,2040.8,64.7623,16.6261,18.6503
southern_europe,2040.9,64.9974,16.4265,18.6151
southern_europe,2041.0,65.2314,16.2291,18.5785
southern_europe,2041.1,65.4646,16.0339,18.5407
southern_europe,2041.2,65.6968,15.8409,18.5017
southern_europe,2041.3,65.9280,15.6500,18.4614
southern_europe,2041.4,66.1584,15.4612,18.4200
southern_europe,2041.5,66.3878,15.2745,18.3774
southern_europe,2041.6,66.6164,15.0899,18.3336
southern_europe,2041.7,66.8440,14.9072,18.2887
southern_europe,2041.8,67.0708,14.7266,18.2427
southern_europe,2041.9,67.2967,14.5479,18.1956
southern_europe,2042.0,67.5217,14.3712,18.1475
southern_europe,2042.1,67.7459,14.1964,18.0983
southern_europe,2042.2,67.9691,14.0235,18.0480
southern_europe,2042.3,68.1915,13.8525,17.9968
southern_europe,2042.4,68.4130,13.6834,17.9445
southern_europe,2042.5,68.6337,13.5161,17.8913
southern_europe,2042.6,68.8534,13.3506,17.8372
southern_europe,2042.7,69.0723,13.1869,17.7821
southern_europe,2042.8,69.2904,13.0250,17.7261
southern_europe,2042.9,69.5075,12.8649,17.6692
southern_europe,2043.0,69.7238,12.7064,17.6115
southern_europe,2043.1,69.9392,12.5498,17.5529
southern_europe,2043.2,70.1537,12.3948,17.4935
southern_europe,2043.3,70.3673,12.2415,17.4332
southern_europe,2043.4,70.5801,12.0899,17.3722
southern_europe,2043.5,70.7919,11.9399,17.3105
southern_europe,2043.6,71.0028,11.7916,17.2480
southern_europe,2043.7,71.2129,11.6449,17.1847
southern_europe,2043.8,71.4220,11.4998,17.1208
southern_europe,2043.9,71.6303,11.3563,17.0562
southern_europe,2044.0,71.8376,11.2143,16.9909
southern_europe,2044.1,72.0440,11.0739,16.9250
southern_europe,2044.2,72.2495,10.9351,16.8585
southern_europe,2044.3,72.4541,10.7978,16.7914
southern_europe,2044.4,72.6577,10.6619,16.7236
southern_europe,2044.5,72.8604,10.5276,16.6554
southern_europe,2044.6,73.0621,10.3948,16.5866
southern_europe,2044.7,73.2630,10.2634,16.5172
southern_europe,2044.8,73.4628,10.1335,16.4474
southern_europe,2044.9,73.6617,10.0050,16.3771
southern_europe,2045.0,73.8597,9.8779,16.3063
southern_europe,2045.1,74.0567,9.7522,16.2350
southern_europe,2045.2,74.2527,9.6280,16.1634
southern_europe,2045.3,74.4478,9.5051,16.0913
southern_europe,2045.4,74.6419,9.3835,16.0189
southern_europe,2045.5,74.8350,9.2633,15.9460
southern_europe,2045.6,75.0272,9.1445,15.8728
southern_europe,2045.7,75.2183,9.0269,15.7993
southern_europe,2045.8,75.4085,8.9107,15.7254
southern_europe,2045.9,75.5977,8.7958,15.6513
southern_europe,2046.0,75.7859,8.6821,15.5768
southern_europe,2046.1,75.9730,8.5698,15.5021
southern_europe,2046.2,76.1592,8.4586,15.4272
southern_europe,2046.3,76.3444,8.3487,15.3519
southern_europe,2046.4,76.5286,8.2401,15.2765
southern_europe,2046.5,76.7118,8.1326,15.2009
southern_europe,2046.6,76.8940,8.0264,15.1250
southern_europe,2046.7,77.0751,7.9213,15.0490
southern_europe,2046.8,77.2552,7.8174,14.9729
southern_europe,2046.9,77.4344,7.7147,14.8965
southern_europe,2047.0,77.6125,7.6132,14.8201
southern_europe,2047.1,77.7895,7.5127,14.7435
southern_europe,2047.2,77.9656,7.4134,14.6668
southern_europe,2047.3,78.1406,7.3153,14.5900
southern_europe,2047.4,78.3147,7.2182,14.5132
southern_europe,2047.5,78.4876,7.1222,14.4362
southern_europe,2047.6,78.6596,7.0273,14.3592
southern_europe,2047.7,78.8305,6.9335,14.2822
southern_europe,2047.8,79.0004,6.8407,14.2051
southern_europe,2047.9,79.1693,6.7490,14.1281
southern_europe,2048.0,79.3371,6.6584,14.0510
southern_europe,2048.1,79.5040,6.5687,13.9739
southern_europe,2048.2,79.6697,6.4801,13.8968
southern_europe,2048.3,79.8345,6.3925,13.8197
southern_europe,2048.4,79.9982,6.3058,13.7427
southern_europe,2048.5,80.1609,6.2202,13.6657
southern_europe,2048.6,80.3226,6.1355,13.5888
southern_europe,2048.7,80.4832,6.0518,13.5119
southern_europe,2048.8,80.6429,5.9691,13.4351
southern_europe,2048.9,80.8015,5.8873,13.3584
southern_europe,2049.0,80.9590,5.8064,13.2818
southern_europe,2049.1,81.1156,5.7265,13.2052
southern_europe,2049.2,81.2711,5.6474,13.1288
southern_europe,2049.3,81.4256,5.5693,13.0525
southern_europe,2049.4,81.5791,5.4921,12.9763
southern_europe,2049.5,81.7315,5.4158,12.9002
southern_europe,2049.6,81.8830,5.3403,12.8242
southern_europe,2049.7,82.0334,5.2658,12.7484
southern_europe,2049.8,82.1828,5.1921,12.6728
southern_europe,2049.9,82.3313,5.1192,12.5973
southern_europe,2050.0,82.4787,5.0472,12.5219
eastern_europe,2015.0,0.0517,99.9417,0.0114
eastern_europe,2015.1,0.0553,99.9377,0.0121
eastern_europe,2015.2,0.0590,99.9334,0.0128
eastern_europe,2015.3,0.0630,99.9290,0.0136
eastern_europe,2015.4,0.0671,99.9242,0.0144
eastern_europe,2015.5,0.0715,99.9192,0.0153
eastern_europe,2015.6,0.0761,99.9139,0.0162
eastern_europe,2015.7,0.0809,99.9083,0.0172
eastern_europe,2015.8,0.0860,99.9024,0.0182
eastern_europe,2015.9,0.0913,99.8961,0.0192
eastern_europe,2016.0,0.0969,99.8895,0.0203
eastern_europe,2016.1,0.1028,99.8825,0.0215
eastern_europe,2016.2,0.1090,99.8752,0.0227
eastern_europe,2016.3,0.1156,99.8674,0.0240
eastern_europe,2016.4,0.1225,99.8592,0.0253
eastern_europe,2016.5,0.1298,99.8506,0.0268
eastern_europe,2016.6,0.1374,99.8414,0.0282
eastern_europe,2016.7,0.1454,99.8318,0.0298
eastern_europe,2016.8,0.1539,99.8217,0.0314
eastern_europe,2016.9,0.1627,99.8110,0.0334
eastern_europe,2017.0,0.1719,99.7998,0.0361
eastern_europe,2017.1,0.1823,99.7863,0.0399
eastern_europe,2017.2,0.1940,99.7707,0.0446
eastern_europe,2017.3,0.2067,99.7534,0.0500
eastern_europe,2017.4,0.2203,99.7346,0.0560
eastern_europe,2017.5,0.2348,99.7144,0.0626
eastern_europe,2017.6,0.2502,99.6926,0.0698
eastern_europe,2017.7,0.2665,99.6694,0.0775
eastern_europe,2017.8,0.2837,99.6448,0.0857
eastern_europe,2017.9,0.3018,99.6186,0.0945
eastern_europe,2018.0,0.3208,99.5910,0.1039
eastern_europe,2018.1,0.3520,99.5617,0.1138
eastern_europe,2018.2,0.3780,99.5306,0.1242
eastern_europe,2018.3,0.4039,99.4978,0.1352
eastern_europe,2018.4,0.4301,99.4632,0.1467
eastern_europe,2018.5,0.4570,99.4268,0.1589
eastern_europe,2018.6,0.4846,99.3885,0.1715
eastern_europe,2018.7,0.5130,99.3485,0.1848
eastern_europe,2018.8,0.5424,99.3065,0.1987
eastern_europe,2018.9,0.5727,99.2626,0.2131
eastern_europe,2019.0,0.6041,99.2167,0.2282
eastern_europe,2019.1,0.6364,99.1688,0.2440
eastern_europe,2019.2,0.6699,99.1189,0.2603
eastern_europe,2019.3,0.7045,99.0668,0.2773
eastern_europe,2019.4,0.7403,99.0126,0.2950
eastern_europe,2019.5,0.7773,98.9562,0.3134
eastern_europe,2019.6,0.8155,98.8975,0.3325
eastern_europe,2019.7,0.8551,98.8365,0.3526
eastern_europe,2019.8,0.8959,98.7731,0.3735
eastern_europe,2019.9,0.9381,98.7073,0.3953
eastern_europe,2020.0,0.9817,98.6391,0.4178
eastern_europe,2020.1,1.0267,98.5683,0.4412
eastern_europe,2020.2,1.0733,98.4949,0.4655
eastern_europe,2020.3,1.1213,98.4189,0.4906
eastern_europe,2020.4,1.1709,98.3401,0.5166
eastern_europe,2020.5,1.2221,98.2585,0.5435
eastern_europe,2020.6,1.2749,98.1741,0.5714
eastern_europe,2020.7,1.3294,98.0868,0.6012
eastern_europe,2020.8,1.3856,97.9966,0.6334
eastern_europe,2020.9,1.4436,97.9032,0.6667
eastern_europe,2021.0,1.5035,97.8068,0.7012
eastern_europe,2021.1,1.5651,97.7071,0.7370
eastern_europe,2021.2,1.6287,97.6042,0.7740
eastern_europe,2021.3,1.6943,97.4980,0.8122
eastern_europe,2021.4,1.7618,97.3884,0.8518
eastern_europe,2021.5,1.8314,97.2753,0.8933
eastern_europe,2021.6,1.9031,97.1586,0.9383
eastern_europe,2021.7,1.9769,97.0383,0.9848
eastern_europe,2021.8,2.0529,96.9143,1.0327
eastern_europe,2021.9,2.1312,96.7865,1.0822
eastern_europe,2022.0,2.2118,96.6549,1.1333
eastern_europe,2022.1,2.2947,96.5193,1.1860
eastern_europe,2022.2,2.3801,96.3797,1.2402
eastern_europe,2022.3,2.4679,96.2360,1.2961
eastern_europe,2022.4,2.5582,96.0881,1.3537
eastern_europe,2022.5,2.6510,95.9360,1.4130
eastern_europe,2022.6,2.7465,95.7795,1.4740
eastern_europe,2022.7,2.8447,95.6185,1.5368
eastern_europe,2022.8,2.9456,95.4531,1.6013
eastern_europe,2022.9,3.0493,95.2830,1.6676
eastern_europe,2023.0,3.1559,95.1083,1.7358
eastern_europe,2023.1,3.2654,94.9288,1.8059
eastern_europe,2023.2,3.3778,94.7444,1.8778
eastern_europe,2023.3,3.4933,94.5551,1.9516
eastern_europe,2023.4,3.6119,94.3608,2.0274
eastern_europe,2023.5,3.7336,94.1613,2.1051
eastern_europe,2023.6,3.8585,93.9567,2.1849
eastern_europe,2023.7,3.9866,93.7467,2.2666
eastern_europe,2023.8,4.1181,93.5315,2.3504
eastern_europe,2023.9,4.2530,93.3107,2.4362
eastern_europe,2024.0,4.3914,93.0844,2.5242
eastern_europe,2024.1,4.5332,92.8525,2.6142
eastern_europe,2024.2,4.6787,92.6149,2.7064
eastern_europe,2024.3,4.8277,92.3715,2.8007
eastern_europe,2024.4,4.9805,92.1223,2.8972
eastern_europe,2024.5,5.1370,91.8671,2.9959
eastern_europe,2024.6,5.2973,91.6058,3.0969
eastern_europe,2024.7,5.4615,91.3385,3.2000
eastern_europe,2024.8,5.6297,91.0649,3.3054
eastern_europe,2024.9,5.8018,90.7851,3.4131
eastern_europe,2025.0,5.9780,90.4989,3.5231
eastern_europe,2025.1,6.1583,90.2063,3.6354
eastern_europe,2025.2,6.3428,89.9073,3.7500
eastern_europe,2025.3,6.5315,89.6016,3.8669
eastern_europe,2025.4,6.7245,89.2894,3.9862
eastern_europe,2025.5,6.9218,88.9704,4.1078
eastern_europe,2025.6,7.1235,88.6446,4.2318
eastern_europe,2025.7,7.3297,88.3121,4.3582
eastern_europe,2025.8,7.5404,87.9726,4.4870
eastern_europe,2025.9,7.7557,87.6262,4.6181
eastern_europe,2026.0,7.9755,87.2728,4.7517
eastern_europe,2026.1,8.2000,86.9123,4.8876
eastern_europe,2026.2,8.4292,86.5448,5.0260
eastern_europe,2026.3,8.6632,86.1701,5.1667
eastern_europe,2026.4,8.9020,85.7881,5.3099
eastern_europe,2026.5,9.1455,85.3990,5.4555
eastern_europe,2026.6,9.3940,85.0026,5.6034
eastern_europe,2026.7,9.6474,84.5989,5.7538
eastern_europe,2026.8,9.9057,84.1878,5.9065
eastern_europe,2026.9,10.1689,83.7694,6.0616
eastern_europe,2027.0,10.4372,83.3436,6.2191
eastern_europe,2027.1,10.7106,82.9105,6.3790
eastern_europe,2027.2,10.9890,82.4699,6.5411
eastern_europe,2027.3,11.2724,82.0219,6.7059
eastern_europe,2027.4,11.5610,81.5666,6.8737
eastern_europe,2027.5,11.8547,81.1038,7.0437
eastern_europe,2027.6,12.1535,80.6336,7.2162
eastern_europe,2027.7,12.4574,80.1561,7.3909
eastern_europe,2027.8,12.7665,79.6712,7.5679
eastern_europe,2027.9,13.0807,79.1790,7.7471
eastern_europe,2028.0,13.4001,78.6795,7.9285
eastern_europe,2028.1,13.7246,78.1728,8.1121
eastern_europe,2028.2,14.0542,77.6588,8.2981
eastern_europe,2028.3,14.3890,77.1377,8.4867
eastern_europe,2028.4,14.7288,76.6095,8.6773
eastern_europe,2028.5,15.0736,76.0743,8.8700
eastern_europe,2028.6,15.4236,75.5321,9.0647
eastern_europe,2028.7,15.7785,74.9831,9.2612
eastern_europe,2028.8,16.1384,74.4273,9.4597
eastern_europe,2028.9,16.5032,73.8648,9.6600
eastern_europe,2029.0,16.8728,73.2957,9.8621
eastern_europe,2029.1,17.2473,72.7202,10.0658
eastern_europe,2029.2,17.6266,72.1383,10.2712
eastern_europe,2029.3,18.0106,71.5502,10.4782
eastern_europe,2029.4,18.3991,70.9559,10.6867
eastern_europe,2029.5,18.7923,70.3558,10.8967
eastern_europe,2029.6,19.1899,69.7498,11.1080
eastern_europe,2029.7,19.5919,69.1382,11.3206
eastern_europe,2029.8,19.9983,68.5211,11.5344
eastern_europe,2029.9,20.4088,67.8987,11.7493
eastern_europe,2030.0,20.8234,67.2712,11.9652
eastern_europe,2030.1,21.2421,66.6387,12.1821
eastern_europe,2030.2,21.6646,66.0015,12.3999
eastern_europe,2030.3,22.0910,65.3598,12.6184
eastern_europe,2030.4,22.5210,64.7138,12.8376
eastern_europe,2030.5,22.9545,64.0636,13.0573
eastern_europe,2030.6,23.3914,63.4096,13.2775
eastern_europe,2030.7,23.8316,62.7519,13.4981
eastern_europe,2030.8,24.2750,62.0909,13.7189
eastern_europe,2030.9,24.7213,61.4267,13.9398
eastern_europe,2031.0,25.1704,60.7595,14.1608
eastern_europe,2031.1,25.6223,60.0898,14.3817
eastern_europe,2031.2,26.0767,59.4177,14.6023
eastern_europe,2031.3,26.5334,58.7435,14.8227
eastern_europe,2031.4,26.9924,58.0674,15.0426
eastern_europe,2031.5,27.4535,57.3898,15.2619
eastern_europe,2031.6,27.9164,56.7110,15.4806
eastern_europe,2031.7,28.3810,56.0312,15.6984
eastern_europe,2031.8,28.8472,55.3507,15.9153
eastern_europe,2031.9,29.3148,54.6699,16.1311
eastern_europe,2032.0,29.7835,53.9889,16.3456
eastern_europe,2032.1,30.2533,53.3083,16.5589
eastern_europe,2032.2,30.7239,52.6281,16.7707
eastern_europe,2032.3,31.1952,51.9488,16.9808
eastern_europe,2032.4,31.6670,51.2707,17.1892
eastern_europe,2032.5,32.1392,50.5940,17.3957
eastern_europe,2032.6,32.6115,49.9190,17.6002
eastern_europe,2032.7,33.0837,49.2462,17.8026
eastern_europe,2032.8,33.5558,48.5757,18.0026
eastern_europe,2032.9,34.0275,47.9079,18.2002
eastern_europe,2033.0,34.4988,47.2431,18.3953
eastern_europe,2033.1,34.9693,46.5815,18.5876
eastern_europe,2033.2,35.4390,45.9236,18.7771
eastern_europe,2033.3,35.9077,45.2695,18.9642
eastern_europe,2033.4,36.3752,44.6195,19.1504
eastern_europe,2033.5,36.8415,43.9740,19.3332
eastern_europe,2033.6,37.3063,43.3332,19.5126
eastern_europe,2033.7,37.7696,42.6973,19.6885
eastern_europe,2033.8,38.2312,42.0667,19.8606
eastern_europe,2033.9,38.6910,41.4415,20.0289
eastern_europe,2034.0,39.1488,40.8221,20.1932
eastern_europe,2034.1,39.6047,40.2087,20.3534
eastern_europe,2034.2,40.0583,39.6014,20.5094
eastern_europe,2034.3,40.5098,39.0005,20.6611
eastern_europe,2034.4,40.9589,38.4063,20.8083
eastern_europe,2034.5,41.4056,37.8188,20.9510
eastern_europe,2034.6,41.8498,37.2384,21.0890
eastern_europe,2034.7,42.2915,36.6651,21.2222
eastern_europe,2034.8,42.7305,36.0991,21.3506
eastern_europe,2034.9,43.1669,35.5407,21.4740
eastern_europe,2035.0,43.6006,34.9899,21.5923
eastern_europe,2035.1,44.0316,34.4468,21.7055
eastern_europe,2035.2,44.4597,33.9117,21.8134
eastern_europe,2035.3,44.8851,33.3845,21.9160
eastern_europe,2035.4,45.3077,32.8654,22.0133
eastern_europe,2035.5,45.7275,32.3544,22.1051
eastern_europe,2035.6,46.1444,31.8517,22.1914
eastern_europe,2035.7,46.5585,31.3573,22.2721
eastern_europe,2035.8,46.9699,30.8712,22.3472
eastern_europe,2035.9,47.3784,30.3935,22.4166
eastern_europe,2036.0,47.7842,29.9242,22.4803
eastern_europe,2036.1,48.1873,29.4633,22.5383
eastern_europe,2036.2,48.5877,29.0108,22.5905
eastern_europe,2036.3,48.9854,28.5668,22.6369
eastern_europe,2036.4,49.3804,28.1311,22.6776
eastern_europe,2036.5,49.7730,27.7037,22.7123
eastern_europe,2036.6,50.1629,27.2847,22.7413
eastern_europe,2036.7,50.5505,26.8740,22.7645
eastern_europe,2036.8,50.9355,26.4714,22.7818
eastern_europe,2036.9,51.3183,26.0770,22.7934
eastern_europe,2037.0,51.6987,25.6907,22.7992
eastern_europe,2037.1,52.0769,25.3124,22.7992
eastern_europe,2037.2,52.4529,24.9420,22.7935
eastern_europe,2037.3,52.8267,24.5794,22.7821
eastern_europe,2037.4,53.1985,24.2246,22.7651
eastern_europe,2037.5,53.5683,23.8773,22.7425
eastern_europe,2037.6,53.9361,23.5376,22.7144
eastern_europe,2037.7,54.3020,23.2052,22.6808
eastern_europe,2037.8,54.6661,22.8801,22.6418
eastern_europe,2037.9,55.0284,22.5622,22.5974
eastern_europe,2038.0,55.3889,22.2513,22.5478
eastern_europe,2038.1,55.7478,21.9473,22.4931
eastern_europe,2038.2,56.1050,21.6501,22.4332
eastern_europe,2038.3,56.4607,21.3595,22.3683
eastern_europe,2038.4,56.8147,21.0754,22.2986
eastern_europe,2038.5,57.1673,20.7977,22.2240
eastern_europe,2038.6,57.5183,20.5262,22.1447
eastern_europe,2038.7,57.8679,20.2608,22.0608
eastern_europe,2038.8,58.2161,20.0013,21.9725
eastern_europe,2038.9,58.5629,19.7477,21.8797
eastern_europe,2039.0,58.9083,19.4998,21.7827
eastern_europe,2039.1,59.2523,19.2574,21.6815
eastern_europe,2039.2,59.5950,19.0205,21.5764
eastern_europe,2039.3,59.9363,18.7888,21.4673
eastern_europe,2039.4,60.2763,18.5623,21.3545
eastern_europe,2039.5,60.6149,18.3407,21.2380
eastern_europe,2039.6,60.9522,18.1241,21.1180
eastern_europe,2039.7,61.2882,17.9123,20.9946
eastern_europe,2039.8,61.6229,17.7050,20.8680
eastern_europe,2039.9,61.9561,17.5023,20.7382
eastern_europe,2040.0,62.2881,17.3040,20.6055
eastern_europe,2040.1,62.6186,17.1099,20.4699
eastern_europe,2040.2,62.9478,16.9200,20.3316
eastern_europe,2040.3,63.2755,16.7341,20.1907
eastern_europe,2040.4,63.6019,16.5521,20.0474
eastern_europe,2040.5,63.9268,16.3739,19.9017
eastern_europe,2040.6,64.2502,16.1994,19.7539
eastern_europe,2040.7,64.5721,16.0284,19.6041
eastern_europe,2040.8,64.8924,15.8610,19.4523
eastern_europe,2040.9,65.2113,15.6969,19.2987
eastern_europe,2041.0,65.5285,15.5360,19.1435
eastern_europe,2041.1,65.8441,15.3784,18.9867
eastern_europe,2041.2,66.1581,15.2238,18.8286
eastern_europe,2041.3,66.4704,15.0722,18.6691
eastern_europe,2041.4,66.7811,14.9234,18.5085
eastern_europe,2041.5,67.0899,14.7775,18.3469
eastern_europe,2041.6,67.3970,14.6343,18.1843
eastern_europe,2041.7,67.7023,14.4937,18.0210
eastern_europe,2041.8,68.0058,14.3556,17.8570
eastern_europe,2041.9,68.3074,14.2200,17.6923
eastern_europe,2042.0,68.6071,14.0868,17.5273
eastern_europe,2042.1,68.9049,13.9559,17.3618
eastern_europe,2042.2,69.2007,13.8272,17.1961
eastern_europe,2042.3,69.4945,13.7007,17.0303
eastern_europe,2042.4,69.7863,13.5762,16.8643
eastern_europe,2042.5,70.0761,13.4538,16.6985
eastern_europe,2042.6,70.3637,13.3334,16.5327
eastern_europe,2042.7,70.6493,13.2149,16.3672
eastern_europe,2042.8,70.9327,13.0982,16.2020
eastern_europe,2042.9,71.2139,12.9833,16.0372
eastern_europe,2043.0,71.4929,12.8701,15.8728
eastern_europe,2043.1,71.7697,12.7586,15.7090
eastern_europe,2043.2,72.0443,12.6487,15.5458
eastern_europe,2043.3,72.3166,12.5404,15.3834
eastern_europe,2043.4,72.5866,12.4336,15.2217
eastern_europe,2043.5,72.8542,12.3283,15.0608
eastern_europe,2043.6,73.1195,12.2245,14.9009
eastern_europe,2043.7,73.3825,12.1220,14.7419
eastern_europe,2043.8,73.6431,12.0209,14.5839
eastern_europe,2043.9,73.9012,11.9211,14.4271
eastern_europe,2044.0,74.1570,11.8225,14.2713
eastern_europe,2044.1,74.4103,11.7252,14.1168
eastern_europe,2044.2,74.6612,11.6292,13.9635
eastern_europe,2044.3,74.9096,11.5342,13.8115
eastern_europe,2044.4,75.1555,11.4405,13.6608
eastern_europe,2044.5,75.3989,11.3478,13.5115
eastern_europe,2044.6,75.6398,11.2562,13.3636
eastern_europe,2044.7,75.8783,11.1656,13.2172
eastern_europe,2044.8,76.1141,11.0761,13.0722
eastern_europe,2044.9,76.3475,10.9876,12.9288
eastern_europe,2045.0,76.5783,10.9000,12.7869
eastern_europe,2045.1,76.8066,10.8134,12.6467
eastern_europe,2045.2,77.0323,10.7278,12.5080
eastern_europe,2045.3,77.2554,10.6430,12.3710
eastern_europe,2045.4,77.4761,10.5591,12.2356
eastern_europe,2045.5,77.6941,10.4760,12.1019
eastern_europe,2045.6,77.9096,10.3938,11.9699
eastern_europe,2045.7,78.1225,10.3124,11.8397
eastern_europe,2045.8,78.3329,10.2319,11.7112
eastern_europe,2045.9,78.5407,10.1521,11.5844
eastern_europe,2046.0,78.7460,10.0730,11.4594
eastern_europe,2046.1,78.9487,9.9947,11.3362
eastern_europe,2046.2,79.1489,9.9172,11.2148
eastern_europe,2046.3,79.3466,9.8403,11.0951
eastern_europe,2046.4,79.5417,9.7642,10.9773
eastern_europe,2046.5,79.7343,9.6888,10.8613
eastern_europe,2046.6,79.9244,9.6140,10.7471
eastern_europe,2046.7,80.1120,9.5399,10.6347
eastern_europe,2046.8,80.2971,9.4664,10.5242
eastern_europe,2046.9,80.4797,9.3936,10.4154
eastern_europe,2047.0,80.6599,9.3213,10.3085
eastern_europe,2047.1,80.8376,9.2497,10.2035
eastern_europe,2047.2,81.0129,9.1787,10.1002
eastern_europe,2047.3,81.1857,9.1083,9.9988
eastern_europe,2047.4,81.3562,9.0384,9.8991
eastern_europe,2047.5,81.5242,8.9691,9.8013
eastern_europe,2047.6,81.6899,8.9004,9.7052
eastern_europe,2047.7,81.8532,8.8322,9.6110
eastern_europe,2047.8,82.0142,8.7645,9.5185
eastern_europe,2047.9,82.1729,8.6974,9.4278
eastern_europe,2048.0,82.3293,8.6308,9.3389
eastern_europe,2048.1,82.4834,8.5646,9.2517
eastern_europe,2048.2,82.6353,8.4990,9.1663
eastern_europe,2048.3,82.7849,8.4339,9.0826
eastern_europe,2048.4,82.9323,8.3692,9.0005
eastern_europe,2048.5,83.0775,8.3050,8.9202
eastern_europe,2048.6,83.2206,8.2413,8.8416
eastern_europe,2048.7,83.3615,8.1780,8.7646
eastern_europe,2048.8,83.5003,8.1152,8.6893
eastern_europe,2048.9,83.6370,8.0528,8.6156
eastern_europe,2049.0,83.7716,7.9909,8.5435
eastern_europe,2049.1,83.9042,7.9294,8.4730
eastern_europe,2049.2,84.0347,7.8683,8.4041
eastern_europe,2049.3,84.1633,7.8076,8.3367
eastern_europe,2049.4,84.2899,7.7473,8.2709
eastern_europe,2049.5,84.4145,7.6875,8.2065
eastern_europe,2049.6,84.5372,7.6280,8.1437
eastern_europe,2049.7,84.6580,7.5690,8.0824
eastern_europe,2049.8,84.7770,7.5103,8.0225
eastern_europe,2049.9,84.8941,7.4520,7.9640
eastern_europe,2050.0,85.0094,7.3941,7.9070
eu,2015.0,0.3335,99.3005,0.3668
eu,2015.1,0.3579,99.2522,0.3907
eu,2015.2,0.3836,99.2015,0.4157
eu,2015.3,0.4106,99.1484,0.4419
eu,2015.4,0.4391,99.0928,0.4691
eu,2015.5,0.4689,99.0346,0.4975
eu,2015.6,0.5002,98.9737,0.5271
eu,2015.7,0.5330,98.9102,0.5578
eu,2015.8,0.5674,98.8439,0.5898
eu,2015.9,0.6033,98.7748,0.6231
eu,2016.0,0.6408,98.7028,0.6576
eu,2016.1,0.6800,98.6279,0.6933
eu,2016.2,0.7208,98.5499,0.7304
eu,2016.3,0.7635,98.4689,0.7688
eu,2016.4,0.8079,98.3848,0.8085
eu,2016.5,0.8541,98.2976,0.8495
eu,2016.6,0.9022,98.2071,0.8919
eu,2016.7,0.9522,98.1133,0.9357
eu,2016.8,1.0041,98.0162,0.9809
eu,2016.9,1.0580,97.9156,1.0275
eu,2017.0,1.1140,97.8116,1.0757
eu,2017.1,1.1721,97.7026,1.1267
eu,2017.2,1.2326,97.5882,1.1807
eu,2017.3,1.2954,97.4689,1.2374
eu,2017.4,1.3606,97.3446,1.2965
eu,2017.5,1.4283,97.2156,1.3580
eu,2017.6,1.4985,97.0818,1.4218
eu,2017.7,1.5712,96.9433,1.4877
eu,2017.8,1.6466,96.8000,1.5558
eu,2017.9,1.7247,96.6519,1.6259
eu,2018.0,1.8055,96.4990,1.6981
eu,2018.1,1.8910,96.3413,1.7723
eu,2018.2,1.9783,96.1788,1.8484
eu,2018.3,2.0683,96.0114,1.9264
eu,2018.4,2.1612,95.8391,2.0063
eu,2018.5,2.2571,95.6620,2.0880
eu,2018.6,2.3560,95.4799,2.1715
eu,2018.7,2.4580,95.2929,2.2568
eu,2018.8,2.5631,95.1009,2.3438
eu,2018.9,2.6715,94.9040,2.4325
eu,2019.0,2.7832,94.7021,2.5228
eu,2019.1,2.8982,94.4951,2.6148
eu,2019.2,3.0166,94.2832,2.7083
eu,2019.3,3.1385,94.0661,2.8034
eu,2019.4,3.2639,93.8440,2.9000
eu,2019.5,3.3929,93.6169,2.9980
eu,2019.6,3.5255,93.3846,3.0974
eu,2019.7,3.6617,93.1473,3.1983
eu,2019.8,3.8017,92.9048,3.3005
eu,2019.9,3.9455,92.6573,3.4040
eu,2020.0,4.0931,92.4046,3.5088
eu,2020.1,4.2445,92.1468,3.6147
eu,2020.2,4.3999,91.8839,3.7218
eu,2020.3,4.5593,91.6158,3.8300
eu,2020.4,4.7226,91.3426,3.9393
eu,2020.5,4.8901,91.0643,4.0496
eu,2020.6,5.0617,90.7809,4.1608
eu,2020.7,5.2374,90.4924,4.2731
eu,2020.8,5.4173,90.1988,4.3865
eu,2020.9,5.6015,89.9001,4.5007
eu,2021.0,5.7899,89.5963,4.6156
eu,2021.1,5.9836,89.2779,4.7401
eu,2021.2,6.1814,88.9620,4.8577
eu,2021.3,6.3836,88.6418,4.9753
eu,2021.4,6.5902,88.3170,5.0931
eu,2021.5,6.8013,87.9873,5.2114
eu,2021.6,7.0168,87.6528,5.3304
eu,2021.7,7.2368,87.3134,5.4498
eu,2021.8,7.4613,86.9693,5.5694
eu,2021.9,7.6903,86.6203,5.6893
eu,2022.0,7.9240,86.2666,5.8094
eu,2022.1,8.1622,85.9081,5.9297
eu,2022.2,8.4050,85.5449,6.0500
eu,2022.3,8.6525,85.1771,6.1705
eu,2022.4,8.9045,84.8046,6.2909
eu,2022.5,9.1612,84.4275,6.4113
eu,2022.6,9.4226,84.0459,6.5315
eu,2022.7,9.6885,83.6598,6.6517
eu,2022.8,9.9591,83.2692,6.7716
eu,2022.9,10.2343,82.8743,6.8913
eu,2023.0,10.5142,82.4751,7.0108
eu,2023.1,10.7986,82.0716,7.1299
eu,2023.2,11.0876,81.6638,7.2486
eu,2023.3,11.3811,81.2520,7.3669
eu,2023.4,11.6791,80.8361,7.4848
eu,2023.5,11.9817,80.4161,7.6022
eu,2023.6,12.2886,79.9923,7.7191
eu,2023.7,12.6000,79.5646,7.8354
eu,2023.8,12.9158,79.1330,7.9512
eu,2023.9,13.2358,78.6978,8.0664
eu,2024.0,13.5602,78.2589,8.1809
eu,2024.1,13.8887,77.8165,8.2948
eu,2024.2,14.2214,77.3706,8.4081
eu,2024.3,14.5581,76.9213,8.5206
eu,2024.4,14.8989,76.4686,8.6325
eu,2024.5,15.2436,76.0127,8.7437
eu,2024.6,15.5921,75.5537,8.8542
eu,2024.7,15.9444,75.0916,8.9640
eu,2024.8,16.3004,74.6266,9.0730
eu,2024.9,16.6600,74.1586,9.1813
eu,2025.0,17.0232,73.6878,9.2890
eu,2025.1,17.3897,73.2144,9.3959
eu,2025.2,17.7597,72.7383,9.5021
eu,2025.3,18.1328,72.2596,9.6076
eu,2025.4,18.5091,71.7785,9.7124
eu,2025.5,18.8884,71.2951,9.8165
eu,2025.6,19.2708,70.8094,9.9199
eu,2025.7,19.6559,70.3215,10.0226
eu,2025.8,20.0438,69.8315,10.1247
eu,2025.9,20.4344,69.3395,10.2261
eu,2026.0,20.8276,68.8456,10.3268
eu,2026.1,21.2232,68.3499,10.4268
eu,2026.2,21.6212,67.8525,10.5286
eu,2026.3,22.0215,67.3535,10.6347
eu,2026.4,22.4240,66.8529,10.7397
eu,2026.5,22.8286,66.3508,10.8437
eu,2026.6,23.2353,65.8474,10.9467
eu,2026.7,23.6439,65.3426,11.0485
eu,2026.8,24.0544,64.8367,11.1492
eu,2026.9,24.4666,64.3297,11.2487
eu,2027.0,24.8806,63.8216,11.3470
eu,2027.1,25.2963,63.3126,11.4442
eu,2027.2,25.7135,62.8027,11.5402
eu,2027.3,26.1323,62.2921,11.6349
eu,2027.4,26.5525,61.7808,11.7285
eu,2027.5,26.9742,61.2688,11.8209
eu,2027.6,27.3972,60.7563,11.9120
eu,2027.7,27.8215,60.2434,12.0019
eu,2027.8,28.2471,59.7300,12.0904
eu,2027.9,28.6740,59.2164,12.1777
eu,2028.0,29.1020,58.7026,12.2636
eu,2028.1,29.5311,58.1886,12.3482
eu,2028.2,29.9614,57.6745,12.4315
eu,2028.3,30.3926,57.1604,12.5135
eu,2028.4,30.8250,56.6465,12.5942
eu,2028.5,31.2583,56.1326,12.6735
eu,2028.6,31.6925,55.6190,12.7514
eu,2028.7,32.1277,55.1056,12.8280
eu,2028.8,32.5637,54.5927,12.9031
eu,2028.9,33.0005,54.0801,12.9769
eu,2029.0,33.4382,53.5681,13.0494
eu,2029.1,33.8766,53.0566,13.1204
eu,2029.2,34.3157,52.5458,13.1900
eu,2029.3,34.7554,52.0356,13.2583
eu,2029.4,35.1958,51.5262,13.3251
eu,2029.5,35.6368,51.0177,13.3906
eu,2029.6,36.0783,50.5101,13.4546
eu,2029.7,36.5202,50.0034,13.5173
eu,2029.8,36.9626,49.4978,13.5785
eu,2029.9,37.4053,48.9932,13.6384
eu,2030.0,37.8484,48.4898,13.6969
eu,2030.1,38.2917,47.9877,13.7539
eu,2030.2,38.7352,47.4868,13.8096
eu,2030.3,39.1789,46.9873,13.8639
eu,2030.4,39.6226,46.4892,13.9168
eu,2030.5,40.0663,45.9926,13.9683
eu,2030.6,40.5100,45.4975,14.0264
eu,2030.7,40.9536,45.0040,14.0831
eu,2030.8,41.3970,44.5122,14.1383
eu,2030.9,41.8402,44.0221,14.1919
eu,2031.0,42.2830,43.5338,14.2440
eu,2031.1,42.7255,43.0474,14.2944
eu,2031.2,43.1675,42.5629,14.3433
eu,2031.3,43.6091,42.0804,14.3907
eu,2031.4,44.0500,41.5999,14.4364
eu,2031.5,44.4904,41.1214,14.4806
eu,2031.6,44.9300,40.6452,14.5231
eu,2031.7,45.3689,40.1712,14.5641
eu,2031.8,45.8069,39.6994,14.6035
eu,2031.9,46.2441,39.2300,14.6414
eu,2032.0,46.6803,38.7630,14.6776
eu,2032.1,47.1155,38.2984,14.7122
eu,2032.2,47.5496,37.8364,14.7452
eu,2032.3,47.9826,37.3769,14.7767
eu,2032.4,48.4144,36.9201,14.8065
eu,2032.5,48.8450,36.4659,14.8347
eu,2032.6,49.2743,36.0145,14.8613
eu,2032.7,49.7022,35.5659,14.8863
eu,2032.8,50.1287,35.1201,14.9097
eu,2032.9,50.5537,34.6773,14.9315
eu,2033.0,50.9773,34.2374,14.9516
eu,2033.1,51.3992,33.8005,14.9702
eu,2033.2,51.8196,33.3666,14.9871
eu,2033.3,52.2383,32.9359,15.0025
eu,2033.4,52.6553,32.5083,15.0166
eu,2033.5,53.0705,32.0839,15.0291
eu,2033.6,53.4839,31.6628,15.0399
eu,2033.7,53.8955,31.2450,15.0492
eu,2033.8,54.3052,30.8305,15.0567
eu,2033.9,54.7130,30.4194,15.0627
eu,2034.0,55.1188,30.0118,15.0670
eu,2034.1,55.5226,29.6076,15.0696
eu,2034.2,55.9244,29.2069,15.0707
eu,2034.3,56.3241,28.8098,15.0700
eu,2034.4,56.7217,28.4162,15.0678
eu,2034.5,57.1172,28.0263,15.0639
eu,2034.6,57.5105,27.6400,15.0583
eu,2034.7,57.9015,27.2573,15.0512
eu,2034.8,58.2904,26.8784,15.0424
eu,2034.9,58.6769,26.5033,15.0320
eu,2035.0,59.0612,26.1318,15.0199
eu,2035.1,59.4432,25.7642,15.0063
eu,2035.2,59.8228,25.4004,14.9910
eu,2035.3,60.2000,25.0404,14.9742
eu,2035.4,60.5749,24.6843,14.9557
eu,2035.5,60.9473,24.3321,14.9357
eu,2035.6,61.3173,23.9837,14.9140
eu,2035.7,61.6848,23.6392,14.8909
eu,2035.8,62.0499,23.2987,14.8661
eu,2035.9,62.4125,22.9621,14.8398
eu,2036.0,62.7726,22.6294,14.8120
eu,2036.1,63.1301,22.3006,14.7826
eu,2036.2,63.4851,21.9758,14.7518
eu,2036.3,63.8376,21.6550,14.7194
eu,2036.4,64.1875,21.3381,14.6856
eu,2036.5,64.5348,21.0251,14.6503
eu,2036.6,64.8795,20.7161,14.6135
eu,2036.7,65.2217,20.4111,14.5753
eu,2036.8,65.5612,20.1099,14.5357
eu,2036.9,65.8981,19.8128,14.4948
eu,2037.0,66.2324,19.5195,14.4524
eu,2037.1,66.5641,19.2302,14.4087
eu,2037.2,66.8932,18.9447,14.3636
eu,2037.3,67.2196,18.6632,14.3173
eu,2037.4,67.5434,18.3855,14.2696
eu,2037.5,67.8645,18.1117,14.2207
eu,2037.6,68.1830,17.8417,14.1706
eu,2037.7,68.4989,17.5755,14.1192
eu,2037.8,68.8121,17.3131,14.0667
eu,2037.9,69.1226,17.0545,14.0130
eu,2038.0,69.4306,16.7997,13.9581
eu,2038.1,69.7358,16.5485,13.9021
eu,2038.2,70.0385,16.3011,13.8451
eu,2038.3,70.3385,16.0574,13.7871
eu,2038.4,70.6359,15.8173,13.7280
eu,2038.5,70.9306,15.5807,13.6679
eu,2038.6,71.2228,15.3478,13.6069
eu,2038.7,71.5123,15.1185,13.5449
eu,2038.8,71.7992,14.8926,13.4820
eu,2038.9,72.0835,14.6702,13.4182
eu,2039.0,72.3652,14.4513,13.3535
eu,2039.1,72.6443,14.2357,13.2880
eu,2039.2,72.9208,14.0236,13.2217
eu,2039.3,73.1948,13.8148,13.1547
eu,2039.4,73.4662,13.6093,13.0869
eu,2039.5,73.7350,13.4070,13.0185
eu,2039.6,74.0013,13.2080,12.9493
eu,2039.7,74.2651,13.0121,12.8795
eu,2039.8,74.5263,12.8194,12.8091
eu,2039.9,74.7851,12.6298,12.7382
eu,2040.0,75.0413,12.4432,12.6667
eu,2040.1,75.2951,12.2597,12.5946
eu,2040.2,75.5463,12.0791,12.5221
eu,2040.3,75.7952,11.9015,12.4492
eu,2040.4,76.0415,11.7268,12.3758
eu,2040.5,76.2855,11.5549,12.3020
eu,2040.6,76.5270,11.3858,12.2278
eu,2040.7,76.7661,11.2195,12.1533
eu,2040.8,77.0028,11.0559,12.0785
eu,2040.9,77.2371,10.8951,12.0034
eu,2041.0,77.4690,10.7368,11.9281
eu,2041.1,77.6986,10.5812,11.8525
eu,2041.2,77.9259,10.4281,11.7768
eu,2041.3,78.1508,10.2775,11.7008
eu,2041.4,78.3735,10.1295,11.6248
eu,2041.5,78.5938,9.9838,11.5486
eu,2041.6,78.8119,9.8406,11.4723
eu,2041.7,79.0277,9.6997,11.3959
eu,2041.8,79.2412,9.5611,11.3196
eu,2041.9,79.4525,9.4249,11.2431
eu,2042.0,79.6617,9.2908,11.1667
eu,2042.1,79.8686,9.1590,11.0903
eu,2042.2,80.0733,9.0293,11.0140
eu,2042.3,80.2759,8.9017,10.9377
eu,2042.4,80.4763,8.7763,10.8615
eu,2042.5,80.6745,8.6529,10.7855
eu,2042.6,80.8707,8.5315,10.7095
eu,2042.7,81.0648,8.4120,10.6337
eu,2042.8,81.2567,8.2946,10.5581
eu,2042.9,81.4466,8.1790,10.4827
eu,2043.0,81.6345,8.0653,10.4074
eu,2043.1,81.8203,7.9535,10.3324
eu,2043.2,82.0041,7.8435,10.2577
eu,2043.3,82.1859,7.7352,10.1831
eu,2043.4,82.3657,7.6287,10.1089
eu,2043.5,82.5435,7.5239,10.0349
eu,2043.6,82.7194,7.4208,9.9613
eu,2043.7,82.8933,7.3193,9.8879
eu,2043.8,83.0654,7.2194,9.8149
eu,2043.9,83.2355,7.1212,9.7422
eu,2044.0,83.4037,7.0245,9.6698
eu,2044.1,83.5701,6.9293,9.5978
eu,2044.2,83.7346,6.8356,9.5262
eu,2044.3,83.8972,6.7434,9.4550
eu,2044.4,84.0581,6.6527,9.3842
eu,2044.5,84.2171,6.5634,9.3138
eu,2044.6,84.3744,6.4754,9.2438
eu,2044.7,84.5298,6.3889,9.1742
eu,2044.8,84.6835,6.3037,9.1050
eu,2044.9,84.8355,6.2198,9.0363
eu,2045.0,84.9858,6.1372,8.9681
eu,2045.1,85.1343,6.0559,8.9003
eu,2045.2,85.2812,5.9758,8.8329
eu,2045.3,85.4264,5.8969,8.7661
eu,2045.4,85.5699,5.8193,8.6998
eu,2045.5,85.7117,5.7428,8.6342
eu,2045.6,85.8520,5.6675,8.5690
eu,2045.7,85.9906,5.5933,8.5043
eu,2045.8,86.1277,5.5202,8.4400
eu,2045.9,86.2631,5.4482,8.3763
eu,2046.0,86.3970,5.3773,8.3130
eu,2046.1,86.5294,5.3075,8.2502
eu,2046.2,86.6602,5.2387,8.1879
eu,2046.3,86.7895,5.1709,8.1261
eu,2046.4,86.9173,5.1041,8.0648
eu,2046.5,87.0436,5.0383,8.0040
eu,2046.6,87.1685,4.9734,7.9437
eu,2046.7,87.2919,4.9095,7.8839
eu,2046.8,87.4138,4.8465,7.8247
eu,2046.9,87.5344,4.7844,7.7659
eu,2047.0,87.6535,4.7232,7.7077
eu,2047.1,87.7712,4.6628,7.6500
eu,2047.2,87.8876,4.6034,7.5928
eu,2047.3,88.0026,4.5447,7.5361
eu,2047.4,88.1163,4.4869,7.4800
eu,2047.5,88.2286,4.4299,7.4243
eu,2047.6,88.3396,4.3738,7.3692
eu,2047.7,88.4493,4.3184,7.3146
eu,2047.8,88.5577,4.2637,7.2606
eu,2047.9,88.6649,4.2098,7.2070
eu,2048.0,88.7708,4.1567,7.1540
eu,2048.1,88.8755,4.1043,7.1015
eu,2048.2,88.9789,4.0526,7.0495
eu,2048.3,89.0811,4.0016,6.9980
eu,2048.4,89.1821,3.9513,6.9470
eu,2048.5,89.2820,3.9017,6.8965
eu,2048.6,89.3807,3.8527,6.8466
eu,2048.7,89.4782,3.8044,6.7971
eu,2048.8,89.5746,3.7567,6.7481
eu,2048.9,89.6698,3.7097,6.6997
eu,2049.0,89.7640,3.6633,6.6517
eu,2049.1,89.8571,3.6175,6.6042
eu,2049.2,89.9490,3.5723,6.5572
eu,2049.3,90.0399,3.5277,6.5107
eu,2049.4,90.1298,3.4837,6.4646
eu,2049.5,90.2186,3.4402,6.4191
eu,2049.6,90.3064,3.3974,6.3740
eu,2049.7,90.3932,3.3550,6.3293
eu,2049.8,90.4790,3.3132,6.2852
eu,2049.9,90.5637,3.2720,6.2415
eu,2050.0,90.6476,3.2312,6.1982
g7,2015.0,0.3554,99.3410,0.3036
g7,2015.1,0.3774,99.3038,0.3188
g7,2015.2,0.4003,99.2652,0.3345
g7,2015.3,0.4243,99.2251,0.3506
g7,2015.4,0.4492,99.1834,0.3673
g7,2015.5,0.4753,99.1402,0.3845
g7,2015.6,0.5023,99.0954,0.4023
g7,2015.7,0.5305,99.0489,0.4205
g7,2015.8,0.5598,99.0009,0.4393
g7,2015.9,0.5902,98.9511,0.4586
g7,2016.0,0.6218,98.8997,0.4785
g7,2016.1,0.6546,98.8466,0.4988
g7,2016.2,0.6885,98.7917,0.5198
g7,2016.3,0.7237,98.7351,0.5412
g7,2016.4,0.7600,98.6767,0.5632
g7,2016.5,0.7976,98.6166,0.5858
g7,2016.6,0.8365,98.5546,0.6089
g7,2016.7,0.8767,98.4908,0.6325
g7,2016.8,0.9182,98.4251,0.6567
g7,2016.9,0.9609,98.3576,0.6815
g7,2017.0,1.0050,98.2882,0.7068
g7,2017.1,1.0505,98.2169,0.7326
g7,2017.2,1.0973,98.1436,0.7590
g7,2017.3,1.1456,98.0685,0.7860
g7,2017.4,1.1952,97.9914,0.8135
g7,2017.5,1.2462,97.9123,0.8415
g7,2017.6,1.2987,97.8313,0.8701
g7,2017.7,1.3526,97.7482,0.8992
g7,2017.8,1.4080,97.6632,0.9288
g7,2017.9,1.4648,97.5761,0.9590
g7,2018.0,1.5232,97.4870,0.9898
g7,2018.1,1.5831,97.3959,1.0210
g7,2018.2,1.6445,97.3027,1.0528
g7,2018.3,1.7074,97.2075,1.0851
g7,2018.4,1.7719,97.1102,1.1180
g7,2018.5,1.8379,97.0108,1.1513
g7,2018.6,1.9055,96.9093,1.1852
g7,2018.7,1.9748,96.8057,1.2195
g7,2018.8,2.0456,96.7000,1.2544
g7,2018.9,2.1181,96.5922,1.2898
g7,2019.0,2.1921,96.4822,1.3256
g7,2019.1,2.2679,96.3702,1.3620
g7,2019.2,2.3453,96.2560,1.3988
g7,2019.3,2.4243,96.1396,1.4361
g7,2019.4,2.5050,96.0211,1.4738
g7,2019.5,2.5875,95.9005,1.5121
g7,2019.6,2.6716,95.7776,1.5507
g7,2019.7,2.7575,95.6527,1.5899
g7,2019.8,2.8450,95.5255,1.6294
g7,2019.9,2.9344,95.3962,1.6694
g7,2020.0,3.0254,95.2648,1.7098
g7,2020.1,3.1182,95.1312,1.7506
g7,2020.2,3.2128,94.9954,1.7918
g7,2020.3,3.3092,94.8574,1.8334
g7,2020.4,3.4073,94.7172,1.8754
g7,2020.5,3.5072,94.5749,1.9178
g7,2020.6,3.6090,94.4305,1.9606
g7,2020.7,3.7125,94.2838,2.0037
g7,2020.8,3.8179,94.1350,2.0471
g7,2020.9,3.9250,93.9841,2.0909
g7,2021.0,4.0340,93.8310,2.1350
g7,2021.1,4.1449,93.6757,2.1794
g7,2021.2,4.2576,93.5183,2.2241
g7,2021.3,4.3721,93.3588,2.2691
g7,2021.4,4.4885,93.1971,2.3144
g7,2021.5,4.6068,93.0333,2.3599
g7,2021.6,4.7269,92.8674,2.4057
g7,2021.7,4.8489,92.6993,2.4518
g7,2021.8,4.9728,92.5292,2.4981
g7,2021.9,5.0985,92.3569,2.5446
g7,2022.0,5.2261,92.1826,2.5913
g7,2022.1,5.3556,92.0062,2.6381
g7,2022.2,5.4870,91.8277,2.6852
g7,2022.3,5.6203,91.6472,2.7325
g7,2022.4,5.7555,91.4647,2.7798
g7,2022.5,5.8926,91.2800,2.8274
g7,2022.6,6.0316,91.0934,2.8750
g7,2022.7,6.1724,90.9048,2.9228
g7,2022.8,6.3152,90.7142,2.9706
g7,2022.9,6.4599,90.5216,3.0186
g7,2023.0,6.6064,90.3270,3.0666
g7,2023.1,6.7549,90.1305,3.1146
g7,2023.2,6.9052,89.9320,3.1627
g7,2023.3,7.0575,89.7317,3.2108
g7,2023.4,7.2116,89.5294,3.2590
g7,2023.5,7.3676,89.3252,3.3071
g7,2023.6,7.5256,89.1192,3.3552
g7,2023.7,7.6854,88.9114,3.4033
g7,2023.8,7.8470,88.7017,3.4513
g7,2023.9,8.0106,88.4902,3.4992
g7,2024.0,8.1760,88.2769,3.5471
g7,2024.1,8.3433,88.0618,3.5949
g7,2024.2,8.5125,87.8450,3.6426
g7,2024.3,8.6835,87.6264,3.6901
g7,2024.4,8.8564,87.4061,3.7375
g7,2024.5,9.0311,87.1842,3.7847
g7,2024.6,9.2076,86.9606,3.8318
g7,2024.7,9.3860,86.7353,3.8787
g7,2024.8,9.5662,86.5084,3.9254
g7,2024.9,9.7482,86.2800,3.9718
g7,2025.0,9.9320,86.0499,4.0181
g7,2025.1,10.1176,85.8183,4.0640
g7,2025.2,10.3050,85.5852,4.1098
g7,2025.3,10.4942,85.3506,4.1552
g7,2025.4,10.6852,85.1145,4.2004
g7,2025.5,10.8779,84.8769,4.2452
g7,2025.6,11.0723,84.6380,4.2897
g7,2025.7,11.2685,84.3976,4.3339
g7,2025.8,11.4664,84.1558,4.3778
g7,2025.9,11.6660,83.9128,4.4213
g7,2026.0,11.8673,83.6684,4.4644
g7,2026.1,12.0703,83.4227,4.5071
g7,2026.2,12.2749,83.1757,4.5494
g7,2026.3,12.4812,82.9275,4.5912
g7,2026.4,12.6892,82.6781,4.6327
g7,2026.5,12.8987,82.4276,4.6737
g7,2026.6,13.1099,82.1758,4.7143
g7,2026.7,13.3227,81.9230,4.7543
g7,2026.8,13.5370,81.6690,4.7939
g7,2026.9,13.7529,81.4140,4.8330
g7,2027.0,13.9704,81.1580,4.8716
g7,2027.1,14.1894,80.9009,4.9097
g7,2027.2,14.4099,80.6429,4.9472
g7,2027.3,14.6318,80.3839,4.9842
g7,2027.4,14.8553,80.1241,5.0207
g7,2027.5,15.0802,79.8633,5.0565
g7,2027.6,15.3065,79.6016,5.0918
g7,2027.7,15.5343,79.3392,5.1265
g7,2027.8,15.7634,79.0759,5.1607
g7,2027.9,15.9940,78.8119,5.1942
g7,2028.0,16.2258,78.5471,5.2271
g7,2028.1,16.4590,78.2816,5.2593
g7,2028.2,16.6936,78.0155,5.2910
g7,2028.3,16.9294,77.7487,5.3220
g7,2028.4,17.1664,77.4813,5.3523
g7,2028.5,17.4048,77.2132,5.3820
g7,2028.6,17.6443,76.9447,5.4110
g7,2028.7,17.8851,76.6756,5.4394
g7,2028.8,18.1270,76.4060,5.4670
g7,2028.9,18.3701,76.1359,5.4940
g7,2029.0,18.6143,75.8654,5.5203
g7,2029.1,18.8596,75.5945,5.5459
g7,2029.2,19.1060,75.3232,5.5708
g7,2029.3,19.3535,75.0516,5.5950
g7,2029.4,19.6020,74.7796,5.6184
g7,2029.5,19.8515,74.5073,5.6412
g7,2029.6,20.1020,74.2348,5.6632
g7,2029.7,20.3534,73.9621,5.6845
g7,2029.8,20.6058,73.6891,5.7051
g7,2029.9,20.8591,73.4159,5.7249
g7,2030.0,21.1133,73.1427,5.7440
g7,2030.1,21.3684,72.8692,5.7624
g7,2030.2,21.6242,72.5957,5.7800
g7,2030.3,21.8809,72.3221,5.7969
g7,2030.4,22.1384,72.0485,5.8131
g7,2030.5,22.3966,71.7749,5.8285
g7,2030.6,22.6556,71.5012,5.8432
g7,2030.7,22.9152,71.2276,5.8571
g7,2030.8,23.1756,70.9541,5.8703
g7,2030.9,23.4366,70.6807,5.8828
g7,2031.0,23.6982,70.4074,5.8945
g7,2031.1,23.9604,70.1342,5.9054
g7,2031.2,24.2232,69.8612,5.9157
g7,2031.3,24.4865,69.5883,5.9252
g7,2031.4,24.7503,69.3157,5.9339
g7,2031.5,25.0147,69.0433,5.9420
g7,2031.6,25.2795,68.7712,5.9493
g7,2031.7,25.5447,68.4994,5.9559
g7,2031.8,25.8104,68.2278,5.9618
g7,2031.9,26.0765,67.9566,5.9669
g7,2032.0,26.3429,67.6858,5.9714
g7,2032.1,26.6096,67.4153,5.9751
g7,2032.2,26.8767,67.1452,5.9781
g7,2032.3,27.1440,66.8755,5.9805
g7,2032.4,27.4116,66.6062,5.9821
g7,2032.5,27.6795,66.3374,5.9831
g7,2032.6,27.9475,66.0691,5.9834
g7,2032.7,28.2158,65.8012,5.9830
g7,2032.8,28.4842,65.5339,5.9820
g7,2032.9,28.7527,65.2670,5.9803
g7,2033.0,29.0214,65.0008,5.9779
g7,2033.1,29.2901,64.7350,5.9749
g7,2033.2,29.5589,64.4699,5.9713
g7,2033.3,29.8277,64.2053,5.9670
g7,2033.4,30.0966,63.9414,5.9621
g7,2033.5,30.3654,63.6780,5.9566
g7,2033.6,30.6342,63.4153,5.9505
g7,2033.7,30.9030,63.1533,5.9438
g7,2033.8,31.1716,62.8919,5.9365
g7,2033.9,31.4402,62.6312,5.9286
g7,2034.0,31.7087,62.3712,5.9202
g7,2034.1,31.9770,62.1118,5.9112
g7,2034.2,32.2452,61.8532,5.9016
g7,2034.3,32.5131,61.5954,5.8915
g7,2034.4,32.7809,61.3382,5.8809
g7,2034.5,33.0485,61.0818,5.8697
g7,2034.6,33.3158,60.8262,5.8580
g7,2034.7,33.5828,60.5713,5.8459
g7,2034.8,33.8496,60.3172,5.8332
g7,2034.9,34.1161,60.0639,5.8200
g7,2035.0,34.3822,59.8114,5.8064
g7,2035.1,34.6480,59.5597,5.7923
g7,2035.2,34.9135,59.3088,5.7777
g7,2035.3,35.1786,59.0587,5.7627
g7,2035.4,35.4433,58.8094,5.7473
g7,2035.5,35.7076,58.5610,5.7314
g7,2035.6,35.9714,58.3134,5.7152
g7,2035.7,36.2349,58.0666,5.6985
g7,2035.8,36.4979,57.8207,5.6814
g7,2035.9,36.7604,57.5756,5.6640
g7,2036.0,37.0225,57.3314,5.6461
g7,2036.1,37.2840,57.0881,5.6279
g7,2036.2,37.5451,56.8456,5.6094
g7,2036.3,37.8056,56.6039,5.5905
g7,2036.4,38.0656,56.3632,5.5712
g7,2036.5,38.3251,56.1233,5.5516
g7,2036.6,38.5840,55.8842,5.5318
g7,2036.7,38.8423,55.6461,5.5116
g7,2036.8,39.1001,55.4088,5.4911
g7,2036.9,39.3573,55.1724,5.4703
g7,2037.0,39.6139,54.9369,5.4492
g7,2037.1,39.8699,54.7022,5.4279
g7,2037.2,40.1252,54.4684,5.4063
g7,2037.3,40.3800,54.2355,5.3845
g7,2037.4,40.6341,54.0035,5.3624
g7,2037.5,40.8875,53.7724,5.3401
g7,2037.6,41.1403,53.5421,5.3176
g7,2037.7,41.3925,53.3127,5.2948
g7,2037.8,41.6440,53.0842,5.2718
g7,2037.9,41.8948,52.8565,5.2487
g7,2038.0,42.1450,52.6297,5.2253
g7,2038.1,42.3944,52.4038,5.2018
g7,2038.2,42.6432,52.1787,5.1780
g7,2038.3,42.8913,51.9545,5.1542
g7,2038.4,43.1387,51.7312,5.1301
g7,2038.5,43.3854,51.5087,5.1059
g7,2038.6,43.6314,51.2870,5.0816
g7,2038.7,43.8767,51.0662,5.0571
g7,2038.8,44.1213,50.8463,5.0324
g7,2038.9,44.3651,50.6272,5.0077
g7,2039.0,44.6083,50.4089,4.9828
g7,2039.1,44.8507,50.1914,4.9578
g7,2039.2,45.0924,49.9748,4.9327
g7,2039.3,45.3334,49.7590,4.9075
g7,2039.4,45.5737,49.5440,4.8823
g7,2039.5,45.8132,49.3299,4.8569
g7,2039.6,46.0521,49.1165,4.8314
g7,2039.7,46.2901,48.9040,4.8059
g7,2039.8,46.5275,48.6922,4.7803
g7,2039.9,46.7641,48.4813,4.7546
g7,2040.0,47.0001,48.2711,4.7288
g7,2040.1,47.2352,48.0617,4.7030
g7,2040.2,47.4697,47.8531,4.6772
g7,2040.3,47.7034,47.6453,4.6513
g7,2040.4,47.9364,47.4382,4.6253
g7,2040.5,48.1687,47.2319,4.5993
g7,2040.6,48.4003,47.0264,4.5733
g7,2040.7,48.6311,46.8216,4.5473
g7,2040.8,48.8613,46.6176,4.5212
g7,2040.9,49.0907,46.4143,4.4951
g7,2041.0,49.3193,46.2117,4.4689
g7,2041.1,49.5473,46.0099,4.4428
g7,2041.2,49.7746,45.8088,4.4166
g7,2041.3,50.0012,45.6084,4.3904
g7,2041.4,50.2270,45.4087,4.3643
g7,2041.5,50.4522,45.2098,4.3381
g7,2041.6,50.6766,45.0115,4.3119
g7,2041.7,50.9004,44.8140,4.2857
g7,2041.8,51.1234,44.6171,4.2595
g7,2041.9,51.3458,44.4209,4.2333
g7,2042.0,51.5674,44.2255,4.2071
g7,2042.1,51.7884,44.0306,4.1809
g7,2042.2,52.0087,43.8365,4.1548
g7,2042.3,52.2283,43.6430,4.1286
g7,2042.4,52.4473,43.4502,4.1025
g7,2042.5,52.6655,43.2581,4.0764
g7,2042.6,52.8831,43.0666,4.0503
g7,2042.7,53.1001,42.8758,4.0242
g7,2042.8,53.3163,42.6856,3.9981
g7,2042.9,53.5319,42.4960,3.9721
g7,2043.0,53.7469,42.3071,3.9460
g7,2043.1,53.9612,42.1188,3.9200
g7,2043.2,54.1748,41.9311,3.8941
g7,2043.3,54.3878,41.7441,3.8681
g7,2043.4,54.6001,41.5577,3.8422
g7,2043.5,54.8118,41.3718,3.8163
g7,2043.6,55.0229,41.1866,3.7905
g7,2043.7,55.2333,41.0020,3.7647
g7,2043.8,55.4431,40.8180,3.7389
g7,2043.9,55.6523,40.6346,3.7131
g7,2044.0,55.8608,40.4518,3.6874
g7,2044.1,56.0687,40.2696,3.6617
g7,2044.2,56.2760,40.0880,3.6360
g7,2044.3,56.4827,39.9070,3.6104
g7,2044.4,56.6887,39.7265,3.5848
g7,2044.5,56.8942,39.5466,3.5592
g7,2044.6,57.0990,39.3673,3.5337
g7,2044.7,57.3032,39.1886,3.5082
g7,2044.8,57.5069,39.0104,3.4827
g7,2044.9,57.7099,38.8328,3.4573
g7,2045.0,57.9123,38.6558,3.4319
g7,2045.1,58.1141,38.4793,3.4066
g7,2045.2,58.3154,38.3034,3.3812
g7,2045.3,58.5160,38.1280,3.3560
g7,2045.4,58.7161,37.9532,3.3308
g7,2045.5,58.9155,37.7790,3.3057
g7,2045.6,59.1144,37.6052,3.2806
g7,2045.7,59.3127,37.4321,3.2556
g7,2045.8,59.5104,37.2595,3.2305
g7,2045.9,59.7076,37.0874,3.2056
g7,2046.0,59.9041,36.9159,3.1806
g7,2046.1,60.1001,36.7449,3.1557
g7,2046.2,60.2955,36.5744,3.1309
g7,2046.3,60.4904,36.4045,3.1078
g7,2046.4,60.6846,36.2351,3.0848
g7,2046.5,60.8783,36.0663,3.0619
g7,2046.6,61.0715,35.8979,3.0389
g7,2046.7,61.2640,35.7302,3.0160
g7,2046.8,61.4560,35.5629,2.9932
g7,2046.9,61.6474,35.3962,2.9704
g7,2047.0,61.8383,35.2300,2.9476
g7,2047.1,62.0286,35.0643,2.9249
g7,2047.2,62.2184,34.8992,2.9022
g7,2047.3,62.4076,34.7345,2.8795
g7,2047.4,62.5962,34.5705,2.8569
g7,2047.5,62.7843,34.4069,2.8344
g7,2047.6,62.9718,34.2438,2.8118
g7,2047.7,63.1587,34.0813,2.7894
g7,2047.8,63.3451,33.9193,2.7669
g7,2047.9,63.5309,33.7578,2.7445
g7,2048.0,63.7162,33.5969,2.7222
g7,2048.1,63.9010,33.4365,2.6999
g7,2048.2,64.0851,33.2766,2.6776
g7,2048.3,64.2687,33.1172,2.6554
g7,2048.4,64.4518,32.9583,2.6332
g7,2048.5,64.6343,32.8000,2.6110
g7,2048.6,64.8163,32.6421,2.5889
g7,2048.7,64.9977,32.4848,2.5669
g7,2048.8,65.1785,32.3281,2.5449
g7,2048.9,65.3588,32.1718,2.5229
g7,2049.0,65.5385,32.0161,2.5010
g7,2049.1,65.7177,31.8609,2.4791
g7,2049.2,65.8963,31.7062,2.4572
g7,2049.3,66.0744,31.5520,2.4354
g7,2049.4,66.2519,31.3984,2.4137
g7,2049.5,66.4288,31.2452,2.3919
g7,2049.6,66.6052,31.0926,2.3703
g7,2049.7,66.7811,30.9406,2.3486
g7,2049.8,66.9564,30.7890,2.3270
g7,2049.9,67.1311,30.6380,2.3055
g7,2050.0,67.3052,30.4875,2.2932
north_america,2015.0,0.4174,99.3464,0.2363
north_america,2015.1,0.4396,99.3142,0.2462
north_america,2015.2,0.4626,99.2810,0.2564
north_america,2015.3,0.4863,99.2470,0.2667
north_america,2015.4,0.5107,99.2121,0.2773
north_america,2015.5,0.5358,99.1762,0.2880
north_america,2015.6,0.5617,99.1394,0.2989
north_america,2015.7,0.5884,99.1016,0.3100
north_america,2015.8,0.6158,99.0629,0.3212
north_america,2015.9,0.6440,99.0233,0.3327
north_america,2016.0,0.6730,98.9827,0.3443
north_america,2016.1,0.7028,98.9411,0.3562
north_america,2016.2,0.7333,98.8985,0.3681
north_america,2016.3,0.7647,98.8550,0.3803
north_america,2016.4,0.7969,98.8105,0.3926
north_america,2016.5,0.8299,98.7650,0.4051
north_america,2016.6,0.8637,98.7185,0.4178
north_america,2016.7,0.8984,98.6710,0.4307
north_america,2016.8,0.9339,98.6225,0.4437
north_america,2016.9,0.9702,98.5730,0.4568
north_america,2017.0,1.0074,98.5224,0.4702
north_america,2017.1,1.0455,98.4709,0.4836
north_america,2017.2,1.0844,98.4183,0.4973
north_america,2017.3,1.1242,98.3647,0.5111
north_america,2017.4,1.1649,98.3100,0.5250
north_america,2017.5,1.2065,98.2544,0.5391
north_america,2017.6,1.2490,98.1976,0.5534
north_america,2017.7,1.2924,98.1399,0.5678
north_america,2017.8,1.3367,98.0810,0.5823
north_america,2017.9,1.3819,98.0211,0.5970
north_america,2018.0,1.4280,97.9602,0.6118
north_america,2018.1,1.4750,97.8982,0.6268
north_america,2018.2,1.5230,97.8351,0.6418
north_america,2018.3,1.5720,97.7710,0.6571
north_america,2018.4,1.6218,97.7058,0.6724
north_america,2018.5,1.6726,97.6395,0.6879
north_america,2018.6,1.7244,97.5721,0.7035
north_america,2018.7,1.7772,97.5036,0.7192
north_america,2018.8,1.8309,97.4340,0.7351
north_america,2018.9,1.8856,97.3634,0.7510
north_america,2019.0,1.9412,97.2916,0.7671
north_america,2019.1,1.9979,97.2188,0.7833
north_america,2019.2,2.0555,97.1448,0.7996
north_america,2019.3,2.1142,97.0698,0.8160
north_america,2019.4,2.1738,96.9936,0.8326
north_america,2019.5,2.2345,96.9164,0.8492
north_america,2019.6,2.2961,96.8380,0.8659
north_america,2019.7,2.3588,96.7585,0.8827
north_america,2019.8,2.4225,96.6779,0.8997
north_america,2019.9,2.4872,96.5961,0.9167
north_america,2020.0,2.5530,96.5133,0.9338
north_america,2020.1,2.6198,96.4293,0.9510
north_america,2020.2,2.6876,96.3442,0.9683
north_america,2020.3,2.7565,96.2579,0.9856
north_america,2020.4,2.8264,96.1706,1.0031
north_america,2020.5,2.8974,96.0821,1.0206
north_america,2020.6,2.9694,95.9924,1.0382
north_america,2020.7,3.0425,95.9017,1.0558
north_america,2020.8,3.1167,95.8097,1.0736
north_america,2020.9,3.1919,95.7167,1.0914
north_america,2021.0,3.2682,95.6225,1.1093
north_america,2021.1,3.3456,95.5272,1.1272
north_america,2021.2,3.4241,95.4307,1.1452
north_america,2021.3,3.5036,95.3331,1.1632
north_america,2021.4,3.5843,95.2344,1.1813
north_america,2021.5,3.6660,95.1345,1.1995
north_america,2021.6,3.7489,95.0334,1.2177
north_america,2021.7,3.8328,94.9312,1.2360
north_america,2021.8,3.9179,94.8279,1.2542
north_america,2021.9,4.0040,94.7234,1.2726
north_america,2022.0,4.0913,94.6178,1.2910
north_america,2022.1,4.1797,94.5110,1.3094
north_america,2022.2,4.2692,94.4030,1.3278
north_america,2022.3,4.3598,94.2940,1.3463
north_america,2022.4,4.4515,94.1837,1.3648
north_america,2022.5,4.5444,94.0723,1.3833
north_america,2022.6,4.6384,93.9598,1.4018
north_america,2022.7,4.7335,93.8461,1.4204
north_america,2022.8,4.8297,93.7313,1.4389
north_america,2022.9,4.9271,93.6153,1.4575
north_america,2023.0,5.0257,93.4982,1.4761
north_america,2023.1,5.1253,93.3799,1.4947
north_america,2023.2,5.2262,93.2605,1.5133
north_america,2023.3,5.3281,93.1399,1.5320
north_america,2023.4,5.4312,93.0182,1.5506
north_america,2023.5,5.5355,92.8954,1.5692
north_america,2023.6,5.6409,92.7713,1.5878
north_america,2023.7,5.7474,92.6462,1.6064
north_america,2023.8,5.8552,92.5199,1.6249
north_america,2023.9,5.9640,92.3925,1.6435
north_america,2024.0,6.0741,92.2639,1.6620
north_america,2024.1,6.1852,92.1342,1.6806
north_america,2024.2,6.2976,92.0033,1.6991
north_america,2024.3,6.4111,91.8714,1.7175
north_america,2024.4,6.5258,91.7382,1.7360
north_america,2024.5,6.6416,91.6040,1.7544
north_america,2024.6,6.7586,91.4686,1.7728
north_america,2024.7,6.8768,91.3321,1.7911
north_america,2024.8,6.9961,91.1944,1.8094
north_america,2024.9,7.1166,91.0557,1.8277
north_america,2025.0,7.2383,90.9158,1.8459
north_america,2025.1,7.3612,90.7748,1.8641
north_america,2025.2,7.4852,90.6326,1.8822
north_america,2025.3,7.6104,90.4894,1.9003
north_america,2025.4,7.7367,90.3450,1.9183
north_america,2025.5,7.8642,90.1996,1.9362
north_america,2025.6,7.9929,90.0530,1.9541
north_america,2025.7,8.1228,89.9053,1.9719
north_america,2025.8,8.2539,89.7565,1.9897
north_america,2025.9,8.3861,89.6066,2.0074
north_america,2026.0,8.5195,89.4556,2.0250
north_america,2026.1,8.6540,89.3035,2.0425
north_america,2026.2,8.7897,89.1503,2.0600
north_america,2026.3,8.9266,88.9960,2.0773
north_america,2026.4,9.0647,88.8407,2.0946
north_america,2026.5,9.2039,88.6842,2.1118
north_america,2026.6,9.3443,88.5267,2.1290
north_america,2026.7,9.4859,88.3681,2.1460
north_america,2026.8,9.6286,88.2084,2.1629
north_america,2026.9,9.7725,88.0477,2.1798
north_america,2027.0,9.9176,87.8859,2.1965
north_america,2027.1,10.0638,87.7230,2.2132
north_america,2027.2,10.2112,87.5591,2.2297
north_america,2027.3,10.3598,87.3941,2.2461
north_america,2027.4,10.5095,87.2280,2.2625
north_america,2027.5,10.6604,87.0609,2.2787
north_america,2027.6,10.8124,86.8928,2.2948
north_america,2027.7,10.9656,86.7236,2.3108
north_america,2027.8,11.1199,86.5534,2.3266
north_america,2027.9,11.2754,86.3822,2.3424
north_america,2028.0,11.4321,86.2100,2.3580
north_america,2028.1,11.5899,86.0367,2.3735
north_america,2028.2,11.7488,85.8624,2.3888
north_america,2028.3,11.9089,85.6871,2.4041
north_america,2028.4,12.0701,85.5107,2.4192
north_america,2028.5,12.2324,85.3334,2.4341
north_america,2028.6,12.3959,85.1551,2.4490
north_america,2028.7,12.5605,84.9758,2.4637
north_america,2028.8,12.7263,84.7955,2.4782
north_america,2028.9,12.8932,84.6142,2.4926
north_america,2029.0,13.0612,84.4319,2.5069
north_america,2029.1,13.2303,84.2487,2.5210
north_america,2029.2,13.4006,84.0645,2.5349
north_america,2029.3,13.5719,83.8793,2.5487
north_america,2029.4,13.7444,83.6932,2.5624
north_america,2029.5,13.9180,83.5061,2.5759
north_america,2029.6,14.0927,83.3181,2.5892
north_america,2029.7,14.2685,83.1291,2.6024
north_america,2029.8,14.4454,82.9392,2.6154
north_america,2029.9,14.6234,82.7484,2.6282
north_america,2030.0,14.8025,82.5566,2.6409
north_america,2030.1,14.9827,82.3639,2.6534
north_america,2030.2,15.1639,82.1704,2.6657
north_america,2030.3,15.3463,81.9759,2.6779
north_america,2030.4,15.5297,81.7805,2.6899
north_america,2030.5,15.7142,81.5842,2.7017
north_america,2030.6,15.8997,81.3870,2.7133
north_america,2030.7,16.0863,81.1889,2.7247
north_america,2030.8,16.2740,80.9900,2.7360
north_america,2030.9,16.4628,80.7902,2.7471
north_america,2031.0,16.6526,80.5895,2.7580
north_america,2031.1,16.8434,80.3879,2.7687
north_america,2031.2,17.0353,80.1856,2.7792
north_america,2031.3,17.2282,79.9823,2.7895
north_america,2031.4,17.4221,79.7783,2.7996
north_america,2031.5,17.6171,79.5734,2.8095
north_america,2031.6,17.8131,79.3676,2.8193
north_america,2031.7,18.0101,79.1611,2.8288
north_america,2031.8,18.2081,78.9537,2.8382
north_america,2031.9,18.4072,78.7456,2.8473
north_america,2032.0,18.6072,78.5366,2.8562
north_america,2032.1,18.8082,78.3268,2.8649
north_america,2032.2,19.0102,78.1163,2.8735
north_america,2032.3,19.2132,77.9050,2.8818
north_america,2032.4,19.4172,77.6929,2.8899
north_america,2032.5,19.6222,77.4801,2.8978
north_america,2032.6,19.8281,77.2665,2.9055
north_america,2032.7,20.0350,77.0521,2.9129
north_america,2032.8,20.2428,76.8370,2.9202
north_america,2032.9,20.4516,76.6212,2.9272
north_america,2033.0,20.6613,76.4046,2.9341
north_america,2033.1,20.8720,76.1874,2.9407
north_america,2033.2,21.0836,75.9694,2.9471
north_america,2033.3,21.2961,75.7507,2.9532
north_america,2033.4,21.5095,75.5313,2.9592
north_america,2033.5,21.7239,75.3112,2.9649
north_america,2033.6,21.9391,75.0905,2.9704
north_america,2033.7,22.1553,74.8691,2.9757
north_america,2033.8,22.3723,74.6470,2.9808
north_america,2033.9,22.5902,74.4242,2.9856
north_america,2034.0,22.8090,74.2008,2.9902
north_america,2034.1,23.0287,73.9767,2.9946
north_america,2034.2,23.2492,73.7521,2.9987
north_america,2034.3,23.4706,73.5267,3.0026
north_america,2034.4,23.6929,73.3008,3.0063
north_america,2034.5,23.9159,73.0743,3.0098
north_america,2034.6,24.1399,72.8471,3.0130
north_america,2034.7,24.3646,72.6194,3.0160
north_america,2034.8,24.5902,72.3910,3.0188
north_america,2034.9,24.8166,72.1621,3.0213
north_america,2035.0,25.0437,71.9326,3.0236
north_america,2035.1,25.2717,71.7026,3.0257
north_america,2035.2,25.5005,71.4720,3.0275
north_america,2035.3,25.7300,71.2409,3.0291
north_america,2035.4,25.9604,71.0092,3.0305
north_america,2035.5,26.1915,70.7770,3.0316
north_america,2035.6,26.4233,70.5442,3.0325
north_america,2035.7,26.6559,70.3110,3.0331
north_america,2035.8,26.8892,70.0772,3.0336
north_america,2035.9,27.1233,69.8429,3.0337
north_america,2036.0,27.3581,69.6082,3.0337
north_america,2036.1,27.5936,69.3730,3.0334
north_america,2036.2,27.8299,69.1373,3.0328
north_america,2036.3,28.0668,68.9011,3.0321
north_america,2036.4,28.3044,68.6645,3.0311
north_america,2036.5,28.5427,68.4274,3.0298
north_america,2036.6,28.7817,68.1899,3.0283
north_america,2036.7,29.0214,67.9520,3.0266
north_america,2036.8,29.2617,67.7137,3.0247
north_america,2036.9,29.5026,67.4749,3.0225
north_america,2037.0,29.7442,67.2357,3.0200
north_america,2037.1,29.9864,66.9962,3.0174
north_america,2037.2,30.2293,66.7562,3.0145
north_america,2037.3,30.4728,66.5159,3.0113
north_america,2037.4,30.7168,66.2752,3.0079
north_america,2037.5,30.9615,66.0342,3.0043
north_america,2037.6,31.2068,65.7928,3.0005
north_america,2037.7,31.4526,65.5510,2.9964
north_america,2037.8,31.6990,65.3089,2.9921
north_america,2037.9,31.9460,65.0665,2.9875
north_america,2038.0,32.1935,64.8238,2.9827
north_america,2038.1,32.4415,64.5808,2.9777
north_america,2038.2,32.6901,64.3374,2.9724
north_america,2038.3,32.9393,64.0938,2.9670
north_america,2038.4,33.1889,63.8499,2.9612
north_america,2038.5,33.4390,63.6057,2.9553
north_america,2038.6,33.6896,63.3613,2.9491
north_america,2038.7,33.9408,63.1166,2.9427
north_america,2038.8,34.1923,62.8716,2.9360
north_america,2038.9,34.4444,62.6264,2.9292
north_america,2039.0,34.6969,62.3810,2.9221
north_america,2039.1,34.9499,62.1354,2.9148
north_america,2039.2,35.2033,61.8895,2.9072
north_america,2039.3,35.4571,61.6435,2.8994
north_america,2039.4,35.7113,61.3972,2.8914
north_america,2039.5,35.9660,61.1508,2.8832
north_america,2039.6,36.2210,60.9042,2.8748
north_america,2039.7,36.4765,60.6574,2.8661
north_america,2039.8,36.7323,60.4105,2.8572
north_america,2039.9,36.9885,60.1634,2.8481
north_america,2040.0,37.2450,59.9162,2.8388
north_america,2040.1,37.5019,59.6688,2.8293
north_america,2040.2,37.7592,59.4213,2.8195
north_america,2040.3,38.0168,59.1737,2.8095
north_america,2040.4,38.2746,58.9260,2.7994
north_america,2040.5,38.5328,58.6782,2.7890
north_america,2040.6,38.7913,58.4303,2.7784
north_america,2040.7,39.0501,58.1823,2.7675
north_america,2040.8,39.3092,57.9343,2.7565
north_america,2040.9,39.5685,57.6862,2.7453
north_america,2041.0,39.8281,57.4380,2.7339
north_america,2041.1,40.0880,57.1898,2.7222
north_america,2041.2,40.3481,56.9415,2.7104
north_america,2041.3,40.6084,56.6932,2.6984
north_america,2041.4,40.8689,56.4449,2.6861
north_america,2041.5,41.1297,56.1966,2.6737
north_america,2041.6,41.3906,55.9483,2.6611
north_america,2041.7,41.6517,55.7000,2.6483
north_america,2041.8,41.9131,55.4517,2.6352
north_america,2041.9,42.1745,55.2034,2.6220
north_america,2042.0,42.4362,54.9552,2.6086
north_america,2042.1,42.6980,54.7070,2.5951
north_america,2042.2,42.9599,54.4588,2.5813
north_america,2042.3,43.2220,54.2107,2.5673
north_america,2042.4,43.4841,53.9627,2.5532
north_america,2042.5,43.7464,53.7147,2.5389
north_america,2042.6,44.0088,53.4668,2.5244
north_america,2042.7,44.2713,53.2190,2.5097
north_america,2042.8,44.5338,52.9713,2.4949
north_america,2042.9,44.7964,52.7237,2.4799
north_america,2043.0,45.0591,52.4762,2.4647
north_america,2043.1,45.3218,52.2289,2.4493
north_america,2043.2,45.5845,51.9816,2.4338
north_america,2043.3,45.8473,51.7346,2.4181
north_america,2043.4,46.1101,51.4876,2.4023
north_america,2043.5,46.3729,51.2408,2.3863
north_america,2043.6,46.6357,50.9942,2.3701
north_america,2043.7,46.8985,50.7478,2.3537
north_america,2043.8,47.1613,50.5015,2.3373
north_america,2043.9,47.4240,50.2554,2.3206
north_america,2044.0,47.6867,50.0095,2.3038
north_america,2044.1,47.9493,49.7638,2.2869
north_america,2044.2,48.2119,49.5183,2.2698
north_america,2044.3,48.4743,49.2731,2.2526
north_america,2044.4,48.7367,49.0280,2.2352
north_america,2044.5,48.9991,48.7832,2.2177
north_america,2044.6,49.2613,48.5387,2.2001
north_america,2044.7,49.5234,48.2944,2.1823
north_america,2044.8,49.7853,48.0503,2.1644
north_america,2044.9,50.0472,47.8065,2.1463
north_america,2045.0,50.3088,47.5630,2.1281
north_america,2045.1,50.5704,47.3198,2.1098
north_america,2045.2,50.8317,47.0768,2.0914
north_america,2045.3,51.0929,46.8342,2.0729
north_america,2045.4,51.3540,46.5918,2.0542
north_america,2045.5,51.6148,46.3498,2.0354
north_america,2045.6,51.8754,46.1081,2.0165
north_america,2045.7,52.1358,45.8667,1.9975
north_america,2045.8,52.3960,45.6256,1.9784
north_america,2045.9,52.6560,45.3849,1.9592
north_america,2046.0,52.9157,45.1445,1.9398
north_america,2046.1,53.1751,44.9045,1.9204
north_america,2046.2,53.4343,44.6648,1.9009
north_america,2046.3,53.6933,44.4255,1.8813
north_america,2046.4,53.9519,44.1865,1.8615
north_america,2046.5,54.2103,43.9480,1.8417
north_america,2046.6,54.4684,43.7098,1.8218
north_america,2046.7,54.7261,43.4721,1.8018
north_america,2046.8,54.9836,43.2347,1.7817
north_america,2046.9,55.2407,42.9978,1.7616
north_america,2047.0,55.4975,42.7612,1.7413
north_america,2047.1,55.7539,42.5251,1.7210
north_america,2047.2,56.0100,42.2894,1.7006
north_america,2047.3,56.2657,42.0542,1.6801
north_america,2047.4,56.5211,41.8193,1.6596
north_america,2047.5,56.7761,41.5850,1.6390
north_america,2047.6,57.0306,41.3511,1.6183
north_america,2047.7,57.2848,41.1176,1.5975
north_america,2047.8,57.5386,40.8846,1.5767
north_america,2047.9,57.7920,40.6521,1.5559
north_america,2048.0,58.0449,40.4201,1.5350
north_america,2048.1,58.2974,40.1886,1.5140
north_america,2048.2,58.5495,39.9575,1.4930
north_america,2048.3,58.8011,39.7270,1.4719
north_america,2048.4,59.0523,39.4969,1.4508
north_america,2048.5,59.3030,39.2674,1.4297
north_america,2048.6,59.5532,39.0383,1.4085
north_america,2048.7,59.8029,38.8098,1.3873
north_america,2048.8,60.0521,38.5819,1.3660
north_america,2048.9,60.3009,38.3544,1.3447
north_america,2049.0,60.5491,38.1275,1.3234
north_america,2049.1,60.7968,37.9012,1.3020
north_america,2049.2,61.0440,37.6754,1.2806
north_america,2049.3,61.2906,37.4501,1.2592
north_america,2049.4,61.5368,37.2254,1.2378
north_america,2049.5,61.7823,37.0013,1.2164
north_america,2049.6,62.0273,36.7778,1.1949
north_america,2049.7,62.2718,36.5548,1.1735
north_america,2049.8,62.5156,36.3324,1.1520
north_america,2049.9,62.7589,36.1106,1.1305
north_america,2050.0,63.0016,35.8894,1.1240
south_america,2015.0,0.0000,100.0000,0.0000
south_america,2015.1,0.0000,100.0000,0.0000
south_america,2015.2,0.0000,100.0000,0.0000
south_america,2015.3,0.0000,100.0000,0.0000
south_america,2015.4,0.0000,100.0000,0.0000
south_america,2015.5,0.0000,100.0000,0.0000
south_america,2015.6,0.0000,100.0000,0.0000
south_america,2015.7,0.0000,100.0000,0.0000
south_america,2015.8,0.0000,99.9999,0.0001
south_america,2015.9,0.0000,99.9999,0.0001
south_america,2016.0,0.0000,99.9999,0.0001
south_america,2016.1,0.0000,99.9999,0.0001
south_america,2016.2,0.0000,99.9999,0.0001
south_america,2016.3,0.0000,99.9998,0.0002
south_america,2016.4,0.0000,99.9998,0.0002
south_america,2016.5,0.0000,99.9998,0.0002
south_america,2016.6,0.0000,99.9997,0.0003
south_america,2016.7,0.0000,99.9997,0.0003
south_america,2016.8,0.0000,99.9996,0.0004
south_america,2016.9,0.0001,99.9995,0.0005
south_america,2017.0,0.0001,99.9994,0.0005
south_america,2017.1,0.0001,99.9993,0.0006
south_america,2017.2,0.0001,99.9992,0.0008
south_america,2017.3,0.0001,99.9990,0.0009
south_america,2017.4,0.0002,99.9988,0.0011
south_america,2017.5,0.0002,99.9986,0.0012
south_america,2017.6,0.0002,99.9984,0.0015
south_america,2017.7,0.0003,99.9981,0.0017
south_america,2017.8,0.0003,99.9978,0.0020
south_america,2017.9,0.0004,99.9975,0.0023
south_america,2018.0,0.0005,99.9970,0.0027
south_america,2018.1,0.0006,99.9966,0.0031
south_america,2018.2,0.0007,99.9960,0.0035
south_america,2018.3,0.0008,99.9954,0.0041
south_america,2018.4,0.0009,99.9947,0.0047
south_america,2018.5,0.0011,99.9939,0.0054
south_america,2018.6,0.0012,99.9930,0.0061
south_america,2018.7,0.0014,99.9919,0.0070
south_america,2018.8,0.0017,99.9907,0.0080
south_america,2018.9,0.0020,99.9894,0.0091
south_america,2019.0,0.0023,99.9879,0.0104
south_america,2019.1,0.0026,99.9862,0.0117
south_america,2019.2,0.0031,99.9843,0.0133
south_america,2019.3,0.0035,99.9822,0.0150
south_america,2019.4,0.0041,99.9798,0.0170
south_america,2019.5,0.0047,99.9771,0.0191
south_america,2019.6,0.0054,99.9741,0.0215
south_america,2019.7,0.0062,99.9707,0.0242
south_america,2019.8,0.0071,99.9669,0.0271
south_america,2019.9,0.0082,99.9627,0.0304
south_america,2020.0,0.0094,99.9580,0.0340
south_america,2020.1,0.0107,99.9528,0.0379
south_america,2020.2,0.0123,99.9469,0.0423
south_america,2020.3,0.0141,99.9405,0.0471
south_america,2020.4,0.0161,99.9333,0.0524
south_america,2020.5,0.0183,99.9253,0.0583
south_america,2020.6,0.0209,99.9164,0.0647
south_america,2020.7,0.0238,99.9066,0.0717
south_america,2020.8,0.0271,99.8958,0.0793
south_america,2020.9,0.0309,99.8838,0.0877
south_america,2021.0,0.0352,99.8705,0.0969
south_america,2021.1,0.0400,99.8559,0.1069
south_america,2021.2,0.0455,99.8397,0.1177
south_america,2021.3,0.0517,99.8219,0.1296
south_america,2021.4,0.0587,99.8023,0.1425
south_america,2021.5,0.0665,99.7807,0.1564
south_america,2021.6,0.0754,99.7570,0.1716
south_america,2021.7,0.0854,99.7309,0.1880
south_america,2021.8,0.0966,99.7022,0.2058
south_america,2021.9,0.1091,99.6707,0.2251
south_america,2022.0,0.1232,99.6363,0.2458
south_america,2022.1,0.1389,99.5985,0.2683
south_america,2022.2,0.1564,99.5572,0.2924
south_america,2022.3,0.1760,99.5120,0.3185
south_america,2022.4,0.1977,99.4626,0.3465
south_america,2022.5,0.2219,99.4087,0.3766
south_america,2022.6,0.2486,99.3499,0.4089
south_america,2022.7,0.2783,99.2858,0.4436
south_america,2022.8,0.3111,99.2161,0.4809
south_america,2022.9,0.3474,99.1402,0.5214
south_america,2023.0,0.3873,99.0577,0.5647
south_america,2023.1,0.4314,98.9682,0.6110
south_america,2023.2,0.4798,98.8711,0.6605
south_america,2023.3,0.5330,98.7658,0.7133
south_america,2023.4,0.5913,98.6519,0.7697
south_america,2023.5,0.6553,98.5285,0.8297
south_america,2023.6,0.7253,98.3952,0.8936
south_america,2023.7,0.8018,98.2513,0.9615
south_america,2023.8,0.8853,98.0960,1.0336
south_america,2023.9,0.9764,97.9285,1.1102
south_america,2024.0,1.0757,97.7481,1.1913
south_america,2024.1,1.1837,97.5540,1.2772
south_america,2024.2,1.3012,97.3452,1.3680
south_america,2024.3,1.4288,97.1209,1.4640
south_america,2024.4,1.5673,96.8800,1.5654
south_america,2024.5,1.7174,96.6216,1.6724
south_america,2024.6,1.8800,96.3447,1.7852
south_america,2024.7,2.0560,96.0479,1.9039
south_america,2024.8,2.2463,95.7303,2.0289
south_america,2024.9,2.4519,95.3905,2.1605
south_america,2025.0,2.6738,95.0271,2.2991
south_america,2025.1,2.9132,94.6389,2.4479
south_america,2025.2,3.1713,94.2242,2.6045
south_america,2025.3,3.4492,93.7814,2.7693
south_america,2025.4,3.7484,93.3089,2.9427
south_america,2025.5,4.0702,92.8047,3.1251
south_america,2025.6,4.4161,92.2669,3.3170
south_america,2025.7,4.7876,91.6933,3.5191
south_america,2025.8,5.1864,91.0814,3.7322
south_america,2025.9,5.6143,90.4287,3.9570
south_america,2026.0,6.0731,89.7323,4.1946
south_america,2026.1,6.5647,88.9891,4.4462
south_america,2026.2,7.0912,88.1958,4.7130
south_america,2026.3,7.6548,87.3485,4.9967
south_america,2026.4,8.2576,86.4433,5.2990
south_america,2026.5,8.9021,85.4759,5.6220
south_america,2026.6,9.5909,84.4416,5.9675
south_america,2026.7,10.3264,83.3357,6.3380
south_america,2026.8,11.1114,82.1532,6.7354
south_america,2026.9,11.9488,80.8894,7.1618
south_america,2027.0,12.8415,79.5399,7.6185
south_america,2027.1,13.7926,78.1011,8.1063
south_america,2027.2,14.8050,76.5705,8.6245
south_america,2027.3,15.8821,74.9473,9.1706
south_america,2027.4,17.0269,73.2332,9.7399
south_america,2027.5,18.2426,71.4329,10.3245
south_america,2027.6,19.5324,69.5546,10.9131
south_america,2027.7,20.8990,67.6105,11.4906
south_america,2027.8,22.3453,65.6166,12.0381
south_america,2027.9,23.8736,63.5923,12.5341
south_america,2028.0,25.4860,61.5589,12.9552
south_america,2028.1,27.1837,59.5375,13.2788
south_america,2028.2,28.9675,57.5468,13.4857
south_america,2028.3,30.8371,55.6000,13.5628
south_america,2028.4,32.7913,53.7032,13.5055
south_america,2028.5,34.8273,51.8545,13.3182
south_america,2028.6,36.9412,50.0452,13.0136
south_america,2028.7,39.1274,48.2621,12.6105
south_america,2028.8,41.3784,46.4918,12.1298
south_america,2028.9,43.6852,44.7231,11.5917
south_america,2029.0,46.0371,42.9489,11.0140
south_america,2029.1,48.4217,41.1670,10.4114
south_america,2029.2,50.8255,39.3783,9.7962
south_america,2029.3,53.2343,37.5863,9.1795
south_america,2029.4,55.6335,35.7952,8.5712
south_america,2029.5,58.0092,34.0101,7.9807
south_america,2029.6,60.3483,32.2361,7.4156
south_america,2029.7,62.6394,30.4784,6.8821
south_america,2029.8,64.8732,28.7425,6.3843
south_america,2029.9,67.0425,27.0337,5.9238
south_america,2030.0,69.1422,25.3572,5.5006
south_america,2030.1,71.1690,23.7183,5.1127
south_america,2030.2,73.1205,22.1219,4.7575
south_america,2030.3,74.9950,20.5729,4.4321
south_america,2030.4,76.7905,19.0756,4.1339
south_america,2030.5,78.5045,17.6342,3.8613
south_america,2030.6,80.1340,16.2522,3.6138
south_america,2030.7,81.6754,14.9330,3.3916
south_america,2030.8,83.1253,13.6790,3.1957
south_america,2030.9,84.4803,12.4925,3.0272
south_america,2031.0,85.7378,11.3749,2.8874
south_america,2031.1,86.8963,10.3270,2.7860
south_america,2031.2,87.9554,9.3492,2.8640
south_america,2031.3,88.9161,8.4410,2.9406
south_america,2031.4,89.7805,7.6016,3.0155
south_america,2031.5,90.5520,6.8295,3.0884
south_america,2031.6,91.2351,6.1225,3.1591
south_america,2031.7,91.8352,5.4782,3.2271
south_america,2031.8,92.3586,4.8937,3.2924
south_america,2031.9,92.8120,4.3656,3.3544
south_america,2032.0,93.2026,3.8906,3.4131
south_america,2032.1,93.5376,3.4648,3.4681
south_america,2032.2,93.8243,3.0844,3.5191
south_america,2032.3,94.0697,2.7456,3.5660
south_america,2032.4,94.2802,2.4444,3.6084
south_america,2032.5,94.4621,2.1772,3.6462
south_america,2032.6,94.6207,1.9403,3.6792
south_america,2032.7,94.7609,1.7303,3.7072
south_america,2032.8,94.8867,1.5441,3.7300
south_america,2032.9,95.0017,1.3789,3.7476
south_america,2033.0,95.1085,1.2319,3.7598
south_america,2033.1,95.2094,1.1008,3.7666
south_america,2033.2,95.3063,0.9837,3.7679
south_america,2033.3,95.4003,0.8787,3.7638
south_america,2033.4,95.4926,0.7843,3.7542
south_america,2033.5,95.5837,0.6993,3.7391
south_america,2033.6,95.6742,0.6225,3.7188
south_america,2033.7,95.7644,0.5530,3.6932
south_america,2033.8,95.8545,0.4901,3.6625
south_america,2033.9,95.9446,0.4332,3.6269
south_america,2034.0,96.0348,0.3816,3.5865
south_america,2034.1,96.1252,0.3350,3.5417
south_america,2034.2,96.2157,0.2930,3.4925
south_america,2034.3,96.3063,0.2552,3.4392
south_america,2034.4,96.3969,0.2213,3.3822
south_america,2034.5,96.4876,0.1910,3.3216
south_america,2034.6,96.5783,0.1641,3.2578
south_america,2034.7,96.6688,0.1402,3.1910
south_america,2034.8,96.7593,0.1192,3.1215
south_america,2034.9,96.8495,0.1008,3.0497
south_america,2035.0,96.9394,0.0847,2.9759
south_america,2035.1,97.0290,0.0708,2.9002
south_america,2035.2,97.1181,0.0588,2.8231
south_america,2035.3,97.2068,0.0485,2.7447
south_america,2035.4,97.2948,0.0398,2.6654
south_america,2035.5,97.3822,0.0324,2.5853
south_america,2035.6,97.4689,0.0262,2.5049
south_america,2035.7,97.5548,0.0211,2.4242
south_america,2035.8,97.6398,0.0168,2.3434
south_america,2035.9,97.7238,0.0133,2.2629
south_america,2036.0,97.8068,0.0104,2.1827
south_america,2036.1,97.8888,0.0081,2.1031
south_america,2036.2,97.9695,0.0063,2.0242
south_america,2036.3,98.0490,0.0048,1.9461
south_america,2036.4,98.1273,0.0037,1.8691
south_america,2036.5,98.2041,0.0028,1.7931
south_america,2036.6,98.2796,0.0021,1.7183
south_america,2036.7,98.3536,0.0015,1.6449
south_america,2036.8,98.4260,0.0011,1.5729
south_america,2036.9,98.4969,0.0008,1.5023
south_america,2037.0,98.5661,0.0006,1.4333
south_america,2037.1,98.6337,0.0004,1.3659
south_america,2037.2,98.6995,0.0003,1.3002
south_america,2037.3,98.7637,0.0002,1.2361
south_america,2037.4,98.8260,0.0001,1.1739
south_america,2037.5,98.8865,0.0001,1.1134
south_america,2037.6,98.9452,0.0001,1.0548
south_america,2037.7,99.0020,0.0000,0.9979
south_america,2037.8,99.0570,0.0000,0.9430
south_america,2037.9,99.1101,0.0000,0.8899
south_america,2038.0,99.1613,0.0000,0.8387
south_america,2038.1,99.2106,0.0000,0.7894
south_america,2038.2,99.2580,0.0000,0.7420
south_america,2038.3,99.3035,0.0000,0.6965
south_america,2038.4,99.3472,0.0000,0.6528
south_america,2038.5,99.3890,0.0000,0.6110
south_america,2038.6,99.4290,0.0000,0.5710
south_america,2038.7,99.4671,0.0000,0.5329
south_america,2038.8,99.5034,0.0000,0.4966
south_america,2038.9,99.5380,0.0000,0.4620
south_america,2039.0,99.5709,0.0000,0.4291
south_america,2039.1,99.6020,0.0000,0.3980
south_america,2039.2,99.6315,0.0000,0.3685
south_america,2039.3,99.6594,0.0000,0.3406
south_america,2039.4,99.6856,0.0000,0.3144
south_america,2039.5,99.7104,0.0000,0.2896
south_america,2039.6,99.7337,0.0000,0.2663
south_america,2039.7,99.7555,0.0000,0.2445
south_america,2039.8,99.7759,0.0000,0.2241
south_america,2039.9,99.7951,0.0000,0.2049
south_america,2040.0,99.8129,0.0000,0.1871
south_america,2040.1,99.8295,0.0000,0.1705
south_america,2040.2,99.8449,0.0000,0.1551
south_america,2040.3,99.8592,0.0000,0.1408
south_america,2040.4,99.8725,0.0000,0.1275
south_america,2040.5,99.8847,0.0000,0.1153
south_america,2040.6,99.8960,0.0000,0.1040
south_america,2040.7,99.9063,0.0000,0.0937
south_america,2040.8,99.9158,0.0000,0.0842
south_america,2040.9,99.9245,0.0000,0.0755
south_america,2041.0,99.9325,0.0000,0.0675
south_america,2041.1,99.9398,0.0000,0.0602
south_america,2041.2,99.9464,0.0000,0.0536
south_america,2041.3,99.9523,0.0000,0.0477
south_america,2041.4,99.9577,0.0000,0.0423
south_america,2041.5,99.9626,0.0000,0.0374
south_america,2041.6,99.9670,0.0000,0.0330
south_america,2041.7,99.9710,0.0000,0.0290
south_america,2041.8,99.9745,0.0000,0.0255
south_america,2041.9,99.9777,0.0000,0.0223
south_america,2042.0,99.9805,0.0000,0.0195
south_america,2042.1,99.9830,0.0000,0.0170
south_america,2042.2,99.9853,0.0000,0.0147
south_america,2042.3,99.9872,0.0000,0.0128
south_america,2042.4,99.9890,0.0000,0.0110
south_america,2042.5,99.9905,0.0000,0.0095
south_america,2042.6,99.9918,0.0000,0.0082
south_america,2042.7,99.9930,0.0000,0.0070
south_america,2042.8,99.9940,0.0000,0.0060
south_america,2042.9,99.9949,0.0000,0.0051
south_america,2043.0,99.9957,0.0000,0.0043
south_america,2043.1,99.9963,0.0000,0.0037
south_america,2043.2,99.9969,0.0000,0.0031
south_america,2043.3,99.9974,0.0000,0.0026
south_america,2043.4,99.9978,0.0000,0.0022
south_america,2043.5,99.9982,0.0000,0.0018
south_america,2043.6,99.9985,0.0000,0.0015
south_america,2043.7,99.9987,0.0000,0.0013
south_america,2043.8,99.9990,0.0000,0.0010
south_america,2043.9,99.9991,0.0000,0.0009
south_america,2044.0,99.9993,0.0000,0.0007
south_america,2044.1,99.9994,0.0000,0.0006
south_america,2044.2,99.9995,0.0000,0.0005
south_america,2044.3,99.9996,0.0000,0.0004
south_america,2044.4,99.9997,0.0000,0.0003
south_america,2044.5,99.9997,0.0000,0.0003
south_america,2044.6,99.9998,0.0000,0.0002
south_america,2044.7,99.9998,0.0000,0.0002
south_america,2044.8,99.9999,0.0000,0.0001
south_america,2044.9,99.9999,0.0000,0.0001
south_america,2045.0,99.9999,0.0000,0.0001
south_america,2045.1,99.9999,0.0000,0.0001
south_america,2045.2,99.9999,0.0000,0.0001
south_america,2045.3,100.0000,0.0000,0.0000
south_america,2045.4,100.0000,0.0000,0.0000
south_america,2045.5,100.0000,0.0000,0.0000
south_america,2045.6,100.0000,0.0000,0.0000
south_america,2045.7,100.0000,0.0000,0.0000
south_america,2045.8,100.0000,0.0000,0.0000
south_america,2045.9,100.0000,0.0000,0.0000
south_america,2046.0,100.0000,0.0000,0.0000
south_america,2046.1,100.0000,0.0000,0.0000
south_america,2046.2,100.0000,0.0000,0.0000
south_america,2046.3,100.0000,0.0000,0.0000
south_america,2046.4,100.0000,0.0000,0.0000
south_america,2046.5,100.0000,0.0000,0.0000
south_america,2046.6,100.0000,0.0000,0.0000
south_america,2046.7,100.0000,0.0000,0.0000
south_america,2046.8,100.0000,0.0000,0.0000
south_america,2046.9,100.0000,0.0000,0.0000
south_america,2047.0,100.0000,0.0000,0.0000
south_america,2047.1,100.0000,0.0000,0.0000
south_america,2047.2,100.0000,0.0000,0.0000
south_america,2047.3,100.0000,0.0000,0.0000
south_america,2047.4,100.0000,0.0000,0.0000
south_america,2047.5,100.0000,0.0000,0.0000
south_america,2047.6,100.0000,0.0000,0.0000
south_america,2047.7,100.0000,0.0000,0.0000
south_america,2047.8,100.0000,0.0000,0.0000
south_america,2047.9,100.0000,0.0000,0.0000
south_america,2048.0,100.0000,0.0000,0.0000
south_america,2048.1,100.0000,0.0000,0.0000
south_america,2048.2,100.0000,0.0000,0.0000
south_america,2048.3,100.0000,0.0000,0.0000
south_america,2048.4,100.0000,0.0000,0.0000
south_america,2048.5,100.0000,0.0000,0.0000
south_america,2048.6,100.0000,0.0000,0.0000
south_america,2048.7,100.0000,0.0000,0.0000
south_america,2048.8,100.0000,0.0000,0.0000
south_america,2048.9,100.0000,0.0000,0.0000
south_america,2049.0,100.0000,0.0000,0.0000
south_america,2049.1,100.0000,0.0000,0.0000
south_america,2049.2,100.0000,0.0000,0.0000
south_america,2049.3,100.0000,0.0000,0.0000
south_america,2049.4,100.0000,0.0000,0.0000
south_america,2049.5,100.0000,0.0000,0.0000
south_america,2049.6,100.0000,0.0000,0.0000
south_america,2049.7,100.0000,0.0000,0.0000
south_america,2049.8,100.0000,0.0000,0.0000
south_america,2049.9,100.0000,0.0000,0.0000
south_america,2050.0,100.0000,0.0000,0.0000
americas,2015.0,0.3402,99.4672,0.1926
americas,2015.1,0.3584,99.4409,0.2007
americas,2015.2,0.3771,99.4139,0.2090
americas,2015.3,0.3964,99.3862,0.2174
americas,2015.4,0.4163,99.3577,0.2260
americas,2015.5,0.4368,99.3285,0.2348
americas,2015.6,0.4579,99.2984,0.2436
americas,2015.7,0.4796,99.2677,0.2527
americas,2015.8,0.5020,99.2361,0.2619
americas,2015.9,0.5250,99.2038,0.2712
americas,2016.0,0.5486,99.1707,0.2807
americas,2016.1,0.5729,99.1368,0.2903
americas,2016.2,0.5978,99.1021,0.3001
americas,2016.3,0.6234,99.0666,0.3100
americas,2016.4,0.6496,99.0303,0.3201
americas,2016.5,0.6765,98.9932,0.3303
americas,2016.6,0.7041,98.9553,0.3406
americas,2016.7,0.7323,98.9165,0.3511
americas,2016.8,0.7613,98.8770,0.3617
americas,2016.9,0.7909,98.8366,0.3725
americas,2017.0,0.8212,98.7954,0.3834
americas,2017.1,0.8523,98.7534,0.3944
americas,2017.2,0.8840,98.7105,0.4055
americas,2017.3,0.9165,98.6667,0.4168
americas,2017.4,0.9497,98.6222,0.4282
americas,2017.5,0.9836,98.5767,0.4397
americas,2017.6,1.0182,98.5305,0.4514
americas,2017.7,1.0536,98.4833,0.4631
americas,2017.8,1.0897,98.4353,0.4751
americas,2017.9,1.1265,98.3864,0.4871
americas,2018.0,1.1641,98.3367,0.4992
americas,2018.1,1.2025,98.2860,0.5115
americas,2018.2,1.2417,98.2345,0.5239
americas,2018.3,1.2816,98.1821,0.5364
americas,2018.4,1.3222,98.1288,0.5490
americas,2018.5,1.3637,98.0746,0.5618
americas,2018.6,1.4059,98.0195,0.5746
americas,2018.7,1.4490,97.9635,0.5876
americas,2018.8,1.4928,97.9066,0.6007
americas,2018.9,1.5374,97.8487,0.6139
americas,2019.0,1.5829,97.7900,0.6273
americas,2019.1,1.6291,97.7303,0.6407
americas,2019.2,1.6762,97.6696,0.6543
americas,2019.3,1.7241,97.6081,0.6680
americas,2019.4,1.7728,97.5455,0.6818
americas,2019.5,1.8223,97.4820,0.6958
americas,2019.6,1.8727,97.4176,0.7099
americas,2019.7,1.9240,97.3522,0.7241
americas,2019.8,1.9761,97.2857,0.7384
americas,2019.9,2.0290,97.2183,0.7529
americas,2020.0,2.0828,97.1499,0.7675
americas,2020.1,2.1375,97.0805,0.7822
americas,2020.2,2.1931,97.0100,0.7971
americas,2020.3,2.2496,96.9385,0.8122
americas,2020.4,2.3070,96.8660,0.8274
americas,2020.5,2.3652,96.7924,0.8427
americas,2020.6,2.4244,96.7177,0.8583
americas,2020.7,2.4846,96.6419,0.8739
americas,2020.8,2.5457,96.5649,0.8898
americas,2020.9,2.6077,96.4869,0.9059
americas,2021.0,2.6707,96.4077,0.9222
americas,2021.1,2.7347,96.3272,0.9386
americas,2021.2,2.7996,96.2456,0.9553
americas,2021.3,2.8656,96.1628,0.9722
americas,2021.4,2.9327,96.0786,0.9893
americas,2021.5,3.0008,95.9932,1.0067
americas,2021.6,3.0699,95.9064,1.0244
americas,2021.7,3.1402,95.8183,1.0423
americas,2021.8,3.2116,95.7288,1.0605
americas,2021.9,3.2842,95.6378,1.0790
americas,2022.0,3.3579,95.5453,1.0978
americas,2022.1,3.4328,95.4513,1.1169
americas,2022.2,3.5090,95.3556,1.1364
americas,2022.3,3.5865,95.2584,1.1563
americas,2022.4,3.6653,95.1594,1.1766
americas,2022.5,3.7455,95.0586,1.1972
americas,2022.6,3.8270,94.9560,1.2183
americas,2022.7,3.9101,94.8515,1.2398
americas,2022.8,3.9946,94.7450,1.2619
americas,2022.9,4.0807,94.6364,1.2845
americas,2023.0,4.1684,94.5257,1.3077
americas,2023.1,4.2578,94.4128,1.3314
americas,2023.2,4.3489,94.2975,1.3557
americas,2023.3,4.4419,94.1797,1.3807
americas,2023.4,4.5367,94.0594,1.4062
americas,2023.5,4.6335,93.9365,1.4325
americas,2023.6,4.7324,93.8108,1.4595
americas,2023.7,4.8334,93.6822,1.4872
americas,2023.8,4.9366,93.5505,1.5156
americas,2023.9,5.0422,93.4157,1.5449
americas,2024.0,5.1502,93.2775,1.5750
americas,2024.1,5.2609,93.1359,1.6060
americas,2024.2,5.3741,92.9906,1.6379
americas,2024.3,5.4903,92.8416,1.6707
americas,2024.4,5.6093,92.6886,1.7045
americas,2024.5,5.7315,92.5314,1.7392
americas,2024.6,5.8569,92.3698,1.7751
americas,2024.7,5.9858,92.2037,1.8120
americas,2024.8,6.1182,92.0328,1.8500
americas,2024.9,6.2545,91.8568,1.8892
americas,2025.0,6.3947,91.6757,1.9297
americas,2025.1,6.5391,91.4889,1.9720
americas,2025.2,6.6879,91.2964,2.0157
americas,2025.3,6.8413,91.0978,2.0609
americas,2025.4,6.9996,90.8928,2.1076
americas,2025.5,7.1630,90.6810,2.1559
americas,2025.6,7.3319,90.4622,2.2060
americas,2025.7,7.5064,90.2357,2.2579
americas,2025.8,7.6869,90.0013,2.3117
americas,2025.9,7.8738,89.7585,2.3677
americas,2026.0,8.0673,89.5067,2.4260
americas,2026.1,8.2679,89.2454,2.4868
americas,2026.2,8.4758,88.9739,2.5503
americas,2026.3,8.6916,88.6915,2.6169
americas,2026.4,8.9155,88.3976,2.6869
americas,2026.5,9.1482,88.0913,2.7606
americas,2026.6,9.3899,87.7717,2.8384
americas,2026.7,9.6412,87.4380,2.9208
americas,2026.8,9.9027,87.0893,3.0080
americas,2026.9,10.1748,86.7247,3.1006
americas,2027.0,10.4580,86.3433,3.1986
americas,2027.1,10.7530,85.9446,3.3024
americas,2027.2,11.0603,85.5281,3.4116
americas,2027.3,11.3804,85.0936,3.5259
americas,2027.4,11.7141,84.6415,3.6445
americas,2027.5,12.0618,84.1725,3.7657
americas,2027.6,12.4241,83.6883,3.8876
americas,2027.7,12.8015,83.1911,4.0074
americas,2027.8,13.1946,82.6838,4.1215
americas,2027.9,13.6039,82.1701,4.2260
americas,2028.0,14.0296,81.6539,4.3166
americas,2028.1,14.4720,81.1390,4.3890
americas,2028.2,14.9312,80.6290,4.4398
americas,2028.3,15.4072,80.1263,4.4665
americas,2028.4,15.8998,79.6320,4.4682
americas,2028.5,16.4085,79.1457,4.4458
americas,2028.6,16.9325,78.6660,4.4016
americas,2028.7,17.4707,78.1903,4.3390
americas,2028.8,18.0219,77.7161,4.2620
americas,2028.9,18.5843,77.2414,4.1743
americas,2029.0,19.1559,76.7649,4.0792
americas,2029.1,19.7345,76.2862,3.9793
americas,2029.2,20.3176,75.8054,3.8770
americas,2029.3,20.9025,75.3233,3.7743
americas,2029.4,21.4865,74.8405,3.6730
americas,2029.5,22.0671,74.3581,3.5748
americas,2029.6,22.6418,73.8769,3.4812
americas,2029.7,23.2086,73.3980,3.3934
americas,2029.8,23.7656,72.9224,3.3120
americas,2029.9,24.3117,72.4510,3.2373
americas,2030.0,24.8457,71.9848,3.1694
americas,2030.1,25.3672,71.5249,3.1079
americas,2030.2,25.8756,71.0720,3.0523
americas,2030.3,26.3707,70.6272,3.0021
americas,2030.4,26.8521,70.1911,2.9568
americas,2030.5,27.3193,69.7647,2.9160
americas,2030.6,27.7717,69.3486,2.8797
americas,2030.7,28.2087,68.9433,2.8480
americas,2030.8,28.6297,68.5493,2.8210
americas,2030.9,29.0340,68.1672,2.7989
americas,2031.0,29.4211,67.7970,2.7819
americas,2031.1,29.7908,67.4390,2.7719
americas,2031.2,30.1430,67.0933,2.7949
americas,2031.3,30.4778,66.7598,2.8174
americas,2031.4,30.7956,66.4383,2.8395
americas,2031.5,31.0972,66.1286,2.8611
americas,2031.6,31.3832,65.8302,2.8821
americas,2031.7,31.6547,65.5428,2.9024
americas,2031.8,31.9129,65.2657,2.9221
americas,2031.9,32.1589,64.9984,2.9410
americas,2032.0,32.3942,64.7403,2.9591
americas,2032.1,32.6200,64.4906,2.9764
americas,2032.2,32.8376,64.2487,2.9928
americas,2032.3,33.0484,64.0138,3.0082
americas,2032.4,33.2536,63.7852,3.0227
americas,2032.5,33.4543,63.5623,3.0361
americas,2032.6,33.6515,63.3444,3.0485
americas,2032.7,33.8461,63.1309,3.0597
americas,2032.8,34.0387,62.9211,3.0699
americas,2032.9,34.2302,62.7147,3.0789
americas,2033.0,34.4209,62.5110,3.0867
americas,2033.1,34.6113,62.3096,3.0933
americas,2033.2,34.8016,62.1103,3.0988
americas,2033.3,34.9923,61.9126,3.1030
americas,2033.4,35.1833,61.7163,3.1061
americas,2033.5,35.3749,61.5212,3.1080
americas,2033.6,35.5671,61.3271,3.1087
americas,2033.7,35.7599,61.1337,3.1083
americas,2033.8,35.9535,60.9410,3.1068
americas,2033.9,36.1478,60.7489,3.1041
americas,2034.0,36.3429,60.5573,3.1004
americas,2034.1,36.5386,60.3660,3.0957
americas,2034.2,36.7351,60.1751,3.0900
americas,2034.3,36.9323,59.9845,3.0833
americas,2034.4,37.1303,59.7940,3.0758
americas,2034.5,37.3289,59.6037,3.0674
americas,2034.6,37.5282,59.4136,3.0583
americas,2034.7,37.7281,59.2235,3.0484
americas,2034.8,37.9287,59.0335,3.0378
americas,2034.9,38.1299,58.8435,3.0266
americas,2035.0,38.3317,58.6535,3.0148
americas,2035.1,38.5341,58.4634,3.0025
americas,2035.2,38.7371,58.2732,2.9897
americas,2035.3,38.9406,58.0829,2.9765
americas,2035.4,39.1446,57.8924,2.9630
americas,2035.5,39.3492,57.7017,2.9491
americas,2035.6,39.5542,57.5108,2.9350
americas,2035.7,39.7597,57.3197,2.9206
americas,2035.8,39.9656,57.1284,2.9060
americas,2035.9,40.1719,56.9368,2.8913
americas,2036.0,40.3787,56.7449,2.8764
americas,2036.1,40.5858,56.5527,2.8614
americas,2036.2,40.7933,56.3603,2.8464
americas,2036.3,41.0011,56.1675,2.8314
americas,2036.4,41.2093,55.9744,2.8163
americas,2036.5,41.4178,55.7810,2.8013
americas,2036.6,41.6265,55.5872,2.7862
americas,2036.7,41.8356,55.3932,2.7713
americas,2036.8,42.0448,55.1988,2.7563
americas,2036.9,42.2544,55.0041,2.7415
americas,2037.0,42.4641,54.8091,2.7268
americas,2037.1,42.6741,54.6138,2.7121
americas,2037.2,42.8842,54.4182,2.6976
americas,2037.3,43.0945,54.2223,2.6832
americas,2037.4,43.3050,54.0260,2.6690
americas,2037.5,43.5156,53.8295,2.6548
americas,2037.6,43.7264,53.6327,2.6409
americas,2037.7,43.9373,53.4357,2.6270
americas,2037.8,44.1483,53.2383,2.6134
americas,2037.9,44.3595,53.0407,2.5998
americas,2038.0,44.5707,52.8428,2.5865
americas,2038.1,44.7820,52.6447,2.5733
americas,2038.2,44.9934,52.4464,2.5602
americas,2038.3,45.2049,52.2478,2.5473
americas,2038.4,45.4165,52.0489,2.5346
americas,2038.5,45.6281,51.8499,2.5220
americas,2038.6,45.8398,51.6506,2.5096
americas,2038.7,46.0515,51.4512,2.4973
americas,2038.8,46.2634,51.2515,2.4852
americas,2038.9,46.4752,51.0516,2.4732
americas,2039.0,46.6871,50.8515,2.4613
americas,2039.1,46.8991,50.6513,2.4496
americas,2039.2,47.1111,50.4509,2.4380
americas,2039.3,47.3232,50.2503,2.4265
americas,2039.4,47.5353,50.0496,2.4151
americas,2039.5,47.7474,49.8487,2.4038
americas,2039.6,47.9597,49.6477,2.3927
americas,2039.7,48.1719,49.4465,2.3816
americas,2039.8,48.3842,49.2452,2.3705
americas,2039.9,48.5966,49.0438,2.3596
americas,2040.0,48.8090,48.8423,2.3487
americas,2040.1,49.0215,48.6406,2.3379
americas,2040.2,49.2341,48.4389,2.3271
americas,2040.3,49.4467,48.2370,2.3163
americas,2040.4,49.6594,48.0351,2.3055
americas,2040.5,49.8721,47.8331,2.2948
americas,2040.6,50.0849,47.6310,2.2841
americas,2040.7,50.2978,47.4289,2.2734
americas,2040.8,50.5107,47.2267,2.2626
americas,2040.9,50.7237,47.0244,2.2519
americas,2041.0,50.9368,46.8221,2.2411
americas,2041.1,51.1500,46.6198,2.2302
americas,2041.2,51.3632,46.4174,2.2194
americas,2041.3,51.5765,46.2150,2.2085
americas,2041.4,51.7899,46.0126,2.1975
americas,2041.5,52.0034,45.8102,2.1865
americas,2041.6,52.2169,45.6078,2.1753
americas,2041.7,52.4305,45.4053,2.1642
americas,2041.8,52.6442,45.2029,2.1529
americas,2041.9,52.8579,45.0005,2.1415
americas,2042.0,53.0717,44.7982,2.1301
americas,2042.1,53.2856,44.5958,2.1186
americas,2042.2,53.4995,44.3935,2.1069
americas,2042.3,53.7135,44.1913,2.0952
americas,2042.4,53.9275,43.9891,2.0834
americas,2042.5,54.1416,43.7870,2.0714
americas,2042.6,54.3558,43.5849,2.0593
americas,2042.7,54.5699,43.3829,2.0472
americas,2042.8,54.7841,43.1810,2.0349
americas,2042.9,54.9984,42.9791,2.0225
americas,2043.0,55.2126,42.7774,2.0100
americas,2043.1,55.4269,42.5758,1.9973
americas,2043.2,55.6412,42.3742,1.9846
americas,2043.3,55.8555,42.1728,1.9717
americas,2043.4,56.0698,41.9715,1.9587
americas,2043.5,56.2841,41.7703,1.9456
americas,2043.6,56.4984,41.5693,1.9323
americas,2043.7,56.7127,41.3684,1.9190
americas,2043.8,56.9269,41.1676,1.9055
americas,2043.9,57.1411,40.9670,1.8919
americas,2044.0,57.3553,40.7666,1.8782
americas,2044.1,57.5694,40.5663,1.8643
americas,2044.2,57.7834,40.3662,1.8504
americas,2044.3,57.9974,40.1663,1.8363
americas,2044.4,58.2113,39.9665,1.8222
americas,2044.5,58.4252,39.7670,1.8079
americas,2044.6,58.6389,39.5676,1.7935
americas,2044.7,58.8526,39.3684,1.7790
americas,2044.8,59.0661,39.1695,1.7644
americas,2044.9,59.2796,38.9708,1.7497
americas,2045.0,59.4929,38.7723,1.7348
americas,2045.1,59.7061,38.5740,1.7199
americas,2045.2,59.9192,38.3759,1.7049
americas,2045.3,60.1321,38.1781,1.6898
americas,2045.4,60.3449,37.9806,1.6746
americas,2045.5,60.5575,37.7833,1.6592
americas,2045.6,60.7699,37.5862,1.6438
americas,2045.7,60.9822,37.3894,1.6283
americas,2045.8,61.1943,37.1929,1.6128
americas,2045.9,61.4062,36.9967,1.5971
americas,2046.0,61.6180,36.8007,1.5813
americas,2046.1,61.8295,36.6051,1.5655
americas,2046.2,62.0408,36.4097,1.5496
americas,2046.3,62.2518,36.2146,1.5336
americas,2046.4,62.4627,36.0198,1.5175
americas,2046.5,62.6733,35.8254,1.5013
americas,2046.6,62.8837,35.6312,1.4851
americas,2046.7,63.0938,35.4374,1.4688
americas,2046.8,63.3037,35.2439,1.4524
americas,2046.9,63.5133,35.0508,1.4360
americas,2047.0,63.7226,34.8579,1.4195
americas,2047.1,63.9316,34.6655,1.4029
americas,2047.2,64.1404,34.4733,1.3863
americas,2047.3,64.3488,34.2816,1.3696
americas,2047.4,64.5570,34.0902,1.3528
americas,2047.5,64.7649,33.8991,1.3360
americas,2047.6,64.9724,33.7084,1.3192
americas,2047.7,65.1796,33.5181,1.3023
americas,2047.8,65.3865,33.3282,1.2853
americas,2047.9,65.5930,33.1387,1.2683
americas,2048.0,65.7992,32.9495,1.2513
americas,2048.1,66.0050,32.7608,1.2342
americas,2048.2,66.2105,32.5724,1.2171
americas,2048.3,66.4156,32.3845,1.1999
americas,2048.4,66.6204,32.1970,1.1827
americas,2048.5,66.8247,32.0098,1.1654
americas,2048.6,67.0287,31.8231,1.1482
americas,2048.7,67.2323,31.6369,1.1309
americas,2048.8,67.4354,31.4510,1.1135
americas,2048.9,67.6382,31.2656,1.0962
americas,2049.0,67.8405,31.0807,1.0788
americas,2049.1,68.0425,30.8962,1.0614
americas,2049.2,68.2440,30.7121,1.0439
americas,2049.3,68.4450,30.5285,1.0265
americas,2049.4,68.6457,30.3453,1.0090
americas,2049.5,68.8458,30.1626,0.9916
americas,2049.6,69.0456,29.9804,0.9741
americas,2049.7,69.2448,29.7986,0.9566
americas,2049.8,69.4436,29.6173,0.9391
americas,2049.9,69.6419,29.4365,0.9216
americas,2050.0,69.8398,29.2562,0.9163
asia,2015.0,0.3535,99.7123,0.0393
asia,2015.1,0.3792,99.6890,0.0404
asia,2015.2,0.4064,99.6641,0.0415
asia,2015.3,0.4349,99.6376,0.0426
asia,2015.4,0.4650,99.6092,0.0437
asia,2015.5,0.4966,99.5791,0.0448
asia,2015.6,0.5298,99.5469,0.0459
asia,2015.7,0.5647,99.5128,0.0470
asia,2015.8,0.6013,99.4765,0.0481
asia,2015.9,0.6398,99.4379,0.0492
asia,2016.0,0.6800,99.3970,0.0503
asia,2016.1,0.7222,99.3536,0.0514
asia,2016.2,0.7666,99.3075,0.0526
asia,2016.3,0.8131,99.2585,0.0538
asia,2016.4,0.8618,99.2065,0.0551
asia,2016.5,0.9128,99.1514,0.0564
asia,2016.6,0.9662,99.0930,0.0578
asia,2016.7,1.0220,99.0313,0.0592
asia,2016.8,1.0802,98.9659,0.0606
asia,2016.9,1.1411,98.8969,0.0621
asia,2017.0,1.2046,98.8240,0.0637
asia,2017.1,1.2708,98.7472,0.0653
asia,2017.2,1.3398,98.6661,0.0669
asia,2017.3,1.4116,98.5808,0.0685
asia,2017.4,1.4864,98.4910,0.0702
asia,2017.5,1.5642,98.3966,0.0719
asia,2017.6,1.6450,98.2973,0.0737
asia,2017.7,1.7291,98.1931,0.0809
asia,2017.8,1.8163,98.0838,0.1030
asia,2017.9,1.9069,97.9691,0.1271
asia,2018.0,2.0009,97.8489,0.1533
asia,2018.1,2.0984,97.7230,0.1816
asia,2018.2,2.1996,97.5911,0.2122
asia,2018.3,2.3044,97.4531,0.2452
asia,2018.4,2.4132,97.3088,0.2807
asia,2018.5,2.5258,97.1579,0.3188
asia,2018.6,2.6424,97.0002,0.3596
asia,2018.7,2.7632,96.8356,0.4032
asia,2018.8,2.8881,96.6639,0.4497
asia,2018.9,3.0172,96.4848,0.4993
asia,2019.0,3.1507,96.2981,0.5520
asia,2019.1,3.2887,96.1037,0.6082
asia,2019.2,3.4311,95.9013,0.6682
asia,2019.3,3.5782,95.6908,0.7318
asia,2019.4,3.7300,95.4718,0.7990
asia,2019.5,3.8865,95.2443,0.8700
asia,2019.6,4.0479,95.0080,0.9450
asia,2019.7,4.2143,94.7628,1.0240
asia,2019.8,4.3857,94.5083,1.1071
asia,2019.9,4.5622,94.2444,1.1945
asia,2020.0,4.7439,93.9710,1.2863
asia,2020.1,4.9310,93.6877,1.3826
asia,2020.2,5.1233,93.3945,1.4835
asia,2020.3,5.3212,93.0912,1.5890
asia,2020.4,5.5245,92.7775,1.6994
asia,2020.5,5.7335,92.4532,1.8147
asia,2020.6,5.9482,92.1183,1.9351
asia,2020.7,6.1686,91.7725,2.0605
asia,2020.8,6.3949,91.4157,2.1911
asia,2020.9,6.6271,91.0477,2.3269
asia,2021.0,6.8653,90.6683,2.4681
asia,2021.1,7.1096,90.2774,2.6147
asia,2021.2,7.3600,89.8750,2.7668
asia,2021.3,7.6167,89.4607,2.9244
asia,2021.4,7.8796,89.0346,3.0877
asia,2021.5,8.1489,88.5965,3.2565
asia,2021.6,8.4247,88.1463,3.4310
asia,2021.7,8.7070,87.6839,3.6111
asia,2021.8,8.9958,87.2092,3.7969
asia,2021.9,9.2913,86.7222,3.9885
asia,2022.0,9.5935,86.2228,4.1857
asia,2022.1,9.9024,85.7110,4.3886
asia,2022.2,10.2183,85.1866,4.5972
asia,2022.3,10.5410,84.6498,4.8114
asia,2022.4,10.8706,84.1005,5.0311
asia,2022.5,11.2073,83.5387,5.2563
asia,2022.6,11.5511,82.9644,5.4868
asia,2022.7,11.9020,82.3777,5.7227
asia,2022.8,12.2600,81.7786,5.9637
asia,2022.9,12.6253,81.1672,6.2098
asia,2023.0,12.9980,80.5436,6.4608
asia,2023.1,13.3779,79.9079,6.7165
asia,2023.2,13.7652,79.2601,6.9768
asia,2023.3,14.1600,78.6006,7.2416
asia,2023.4,14.5622,77.9293,7.5106
asia,2023.5,14.9719,77.2465,7.7835
asia,2023.6,15.3892,76.5524,8.0602
asia,2023.7,15.8141,75.8472,8.3403
asia,2023.8,16.2466,75.1312,8.6236
asia,2023.9,16.6867,74.4045,8.9099
asia,2024.0,17.1345,73.6675,9.1988
asia,2024.1,17.5900,72.9204,9.4900
asia,2024.2,18.0533,72.1635,9.7832
asia,2024.3,18.5242,71.3973,10.0785
asia,2024.4,19.0029,70.6220,10.3751
asia,2024.5,19.4894,69.8380,10.6726
asia,2024.6,19.9836,69.0456,10.9708
asia,2024.7,20.4857,68.2453,11.2690
asia,2024.8,20.9954,67.4376,11.5670
asia,2024.9,21.5130,66.6227,11.8643
asia,2025.0,22.0382,65.8013,12.1605
asia,2025.1,22.5713,64.9737,12.4550
asia,2025.2,23.1120,64.1405,12.7475
asia,2025.3,23.6604,63.3021,13.0375
asia,2025.4,24.2164,62.4591,13.3245
asia,2025.5,24.7800,61.6120,13.6080
asia,2025.6,25.3512,60.7613,13.8875
asia,2025.7,25.9298,59.9076,14.1626
asia,2025.8,26.5158,59.0515,14.4327
asia,2025.9,27.1092,58.1935,14.6972
asia,2026.0,27.7099,57.3343,14.9558
asia,2026.1,28.3176,56.4744,15.2079
asia,2026.2,28.9324,55.6145,15.4530
asia,2026.3,29.5541,54.7552,15.6906
asia,2026.4,30.1826,53.8972,15.9202
asia,2026.5,30.8177,53.0410,16.1413
asia,2026.6,31.4593,52.1873,16.3535
asia,2026.7,32.1071,51.3368,16.5561
asia,2026.8,32.7609,50.4902,16.7489
asia,2026.9,33.4207,49.6481,16.9312
asia,2027.0,34.0860,48.8112,17.1028
asia,2027.1,34.7567,47.9803,17.2630
asia,2027.2,35.4325,47.1559,17.4116
asia,2027.3,36.1130,46.3388,17.5481
asia,2027.4,36.7980,45.5298,17.6722
asia,2027.5,37.4872,44.7294,17.7840
asia,2027.6,38.1801,43.9384,17.8843
asia,2027.7,38.8765,43.1574,17.9712
asia,2027.8,39.5758,42.3872,18.0444
asia,2027.9,40.2778,41.6284,18.1036
asia,2028.0,40.9819,40.8817,18.1487
asia,2028.1,41.6878,40.1477,18.1793
asia,2028.2,42.3949,39.4269,18.1955
asia,2028.3,43.1028,38.7200,18.1970
asia,2028.4,43.8111,38.0274,18.1839
asia,2028.5,44.5193,37.3497,18.1560
asia,2028.6,45.2269,36.6873,18.1135
asia,2028.7,45.9334,36.0406,18.0565
asia,2028.8,46.6383,35.4099,17.9850
asia,2028.9,47.3413,34.7954,17.8992
asia,2029.0,48.0420,34.1973,17.7994
asia,2029.1,48.7398,33.6158,17.6859
asia,2029.2,49.4345,33.0509,17.5591
asia,2029.3,50.1256,32.5025,17.4192
asia,2029.4,50.8129,31.9706,17.2668
asia,2029.5,51.4961,31.4549,17.1023
asia,2029.6,52.1749,30.9552,16.9262
asia,2029.7,52.8491,30.4712,16.7391
asia,2029.8,53.5185,30.0025,16.5414
asia,2029.9,54.1830,29.5487,16.3337
asia,2030.0,54.8424,29.1095,16.1167
asia,2030.1,55.4966,28.6842,15.8908
asia,2030.2,56.1456,28.2725,15.6566
asia,2030.3,56.7893,27.8738,15.4149
asia,2030.4,57.4277,27.4877,15.1671
asia,2030.5,58.0606,27.1135,14.9125
asia,2030.6,58.6882,26.7509,14.6517
asia,2030.7,59.3103,26.3993,14.3853
asia,2030.8,59.9269,26.0583,14.1137
asia,2030.9,60.5379,25.7273,13.8375
asia,2031.0,61.1433,25.4060,13.5572
asia,2031.1,61.7431,25.0939,13.2732
asia,2031.2,62.3371,24.7907,12.9861
asia,2031.3,62.9253,24.4958,12.6964
asia,2031.4,63.5076,24.2089,12.4045
asia,2031.5,64.0838,23.9296,12.1110
asia,2031.6,64.6540,23.6575,11.8164
asia,2031.7,65.2178,23.3922,11.5210
asia,2031.8,65.7754,23.1335,11.2255
asia,2031.9,66.3264,22.8809,10.9302
asia,2032.0,66.8709,22.6341,10.6356
asia,2032.1,67.4087,22.3929,10.3422
asia,2032.2,67.9398,22.1567,10.0503
asia,2032.3,68.4639,21.9255,9.7604
asia,2032.4,68.9811,21.6988,9.4729
asia,2032.5,69.4912,21.4765,9.1881
asia,2032.6,69.9942,21.2582,8.9063
asia,2032.7,70.4900,21.0436,8.6279
asia,2032.8,70.9785,20.8327,8.3533
asia,2032.9,71.4597,20.6251,8.0826
asia,2033.0,71.9335,20.4206,7.8161
asia,2033.1,72.3999,20.2191,7.5541
asia,2033.2,72.8588,20.0203,7.2967
asia,2033.3,73.3102,19.8242,7.0442
asia,2033.4,73.7542,19.6304,6.7968
asia,2033.5,74.1906,19.4390,6.5546
asia,2033.6,74.6196,19.2498,6.3177
asia,2033.7,75.0410,19.0626,6.0862
asia,2033.8,75.4549,18.8774,5.8603
asia,2033.9,75.8613,18.6940,5.6400
asia,2034.0,76.2602,18.5124,5.4254
asia,2034.1,76.6518,18.3325,5.2165
asia,2034.2,77.0359,18.1542,5.0134
asia,2034.3,77.4126,17.9775,4.8160
asia,2034.4,77.7821,17.8023,4.6245
asia,2034.5,78.1443,17.6285,4.4387
asia,2034.6,78.4993,17.4562,4.2586
asia,2034.7,78.8472,17.2852,4.0843
asia,2034.8,79.1881,17.1156,3.9157
asia,2034.9,79.5220,16.9473,3.7527
asia,2035.0,79.8490,16.7803,3.5952
asia,2035.1,80.1692,16.6145,3.4432
asia,2035.2,80.4826,16.4501,3.2967
asia,2035.3,80.7895,16.2869,3.1554
asia,2035.4,81.0898,16.1249,3.0195
asia,2035.5,81.3837,15.9642,2.8886
asia,2035.6,81.6713,15.8048,2.7628
asia,2035.7,81.9526,15.6466,2.6420
asia,2035.8,82.2279,15.4896,2.5259
asia,2035.9,82.4971,15.3338,2.4146
asia,2036.0,82.7604,15.1793,2.3079
asia,2036.1,83.0180,15.0261,2.2057
asia,2036.2,83.2698,14.8742,2.1079
asia,2036.3,83.5161,14.7235,2.0143
asia,2036.4,83.7569,14.5741,1.9249
asia,2036.5,83.9923,14.4260,1.8394
asia,2036.6,84.2225,14.2792,1.7579
asia,2036.7,84.4476,14.1337,1.6801
asia,2036.8,84.6676,13.9896,1.6059
asia,2036.9,84.8826,13.8469,1.5353
asia,2037.0,85.0929,13.7056,1.4681
asia,2037.1,85.2984,13.5656,1.4041
asia,2037.2,85.4992,13.4271,1.3433
asia,2037.3,85.6955,13.2900,1.2856
asia,2037.4,85.8874,13.1544,1.2307
asia,2037.5,86.0749,13.0203,1.1787
asia,2037.6,86.2582,12.8877,1.1294
asia,2037.7,86.4372,12.7566,1.0826
asia,2037.8,86.6122,12.6271,1.0384
asia,2037.9,86.7832,12.4991,0.9965
asia,2038.0,86.9503,12.3728,0.9569
asia,2038.1,87.1135,12.2480,0.9195
asia,2038.2,87.2730,12.1249,0.8841
asia,2038.3,87.4288,12.0035,0.8507
asia,2038.4,87.5809,11.8837,0.8191
asia,2038.5,87.7296,11.7656,0.7894
asia,2038.6,87.8747,11.6493,0.7613
asia,2038.7,88.0165,11.5346,0.7349
asia,2038.8,88.1550,11.4217,0.7100
asia,2038.9,88.2901,11.3106,0.6865
asia,2039.0,88.4221,11.2012,0.6644
asia,2039.1,88.5509,11.0937,0.6437
asia,2039.2,88.6767,10.9879,0.6241
asia,2039.3,88.7994,10.8839,0.6057
asia,2039.4,88.9192,10.7818,0.5883
asia,2039.5,89.0361,10.6814,0.5720
asia,2039.6,89.1501,10.5829,0.5567
asia,2039.7,89.2614,10.4863,0.5423
asia,2039.8,89.3699,10.3914,0.5287
asia,2039.9,89.4757,10.2984,0.5159
asia,2040.0,89.5788,10.2073,0.5039
asia,2040.1,89.6794,10.1179,0.4925
asia,2040.2,89.7775,10.0304,0.4819
asia,2040.3,89.8731,9.9448,0.4718
asia,2040.4,89.9662,9.8609,0.4623
asia,2040.5,90.0569,9.7789,0.4533
asia,2040.6,90.1453,9.6986,0.4448
asia,2040.7,90.2314,9.6202,0.4367
asia,2040.8,90.3153,9.5435,0.4291
asia,2040.9,90.3969,9.4686,0.4219
asia,2041.0,90.4764,9.3955,0.4150
asia,2041.1,90.5537,9.3241,0.4085
asia,2041.2,90.6290,9.2544,0.4022
asia,2041.3,90.7022,9.1864,0.3963
asia,2041.4,90.7734,9.1201,0.3906
asia,2041.5,90.8427,9.0555,0.3852
asia,2041.6,90.9101,8.9925,0.3800
asia,2041.7,90.9756,8.9312,0.3749
asia,2041.8,91.0393,8.8714,0.3701
asia,2041.9,91.1011,8.8133,0.3654
asia,2042.0,91.1613,8.7566,0.3609
asia,2042.1,91.2197,8.7015,0.3565
asia,2042.2,91.2765,8.6480,0.3523
asia,2042.3,91.3316,8.5958,0.3481
asia,2042.4,91.3851,8.5452,0.3441
asia,2042.5,91.4371,8.4959,0.3402
asia,2042.6,91.4876,8.4481,0.3363
asia,2042.7,91.5365,8.4016,0.3325
asia,2042.8,91.5841,8.3564,0.3288
asia,2042.9,91.6302,8.3126,0.3252
asia,2043.0,91.6750,8.2700,0.3216
asia,2043.1,91.7184,8.2287,0.3181
asia,2043.2,91.7606,8.1886,0.3146
asia,2043.3,91.8015,8.1497,0.3111
asia,2043.4,91.8412,8.1119,0.3077
asia,2043.5,91.8796,8.0753,0.3043
asia,2043.6,91.9170,8.0397,0.3009
asia,2043.7,91.9532,8.0053,0.2975
asia,2043.8,91.9883,7.9719,0.2942
asia,2043.9,92.0223,7.9394,0.2909
asia,2044.0,92.0554,7.9080,0.2876
asia,2044.1,92.0874,7.8775,0.2843
asia,2044.2,92.1185,7.8479,0.2810
asia,2044.3,92.1487,7.8193,0.2778
asia,2044.4,92.1780,7.7915,0.2745
asia,2044.5,92.2064,7.7645,0.2712
asia,2044.6,92.2340,7.7383,0.2680
asia,2044.7,92.2607,7.7130,0.2648
asia,2044.8,92.2867,7.6883,0.2615
asia,2044.9,92.3120,7.6644,0.2583
asia,2045.0,92.3365,7.6413,0.2550
asia,2045.1,92.3603,7.6187,0.2518
asia,2045.2,92.3834,7.5969,0.2486
asia,2045.3,92.4059,7.5757,0.2453
asia,2045.4,92.4278,7.5551,0.2421
asia,2045.5,92.4491,7.5350,0.2388
asia,2045.6,92.4698,7.5156,0.2356
asia,2045.7,92.4899,7.4966,0.2323
asia,2045.8,92.5095,7.4782,0.2291
asia,2045.9,92.5286,7.4603,0.2259
asia,2046.0,92.5473,7.4429,0.2226
asia,2046.1,92.5654,7.4259,0.2194
asia,2046.2,92.5831,7.4094,0.2162
asia,2046.3,92.6004,7.3933,0.2146
asia,2046.4,92.6172,7.3776,0.2129
asia,2046.5,92.6337,7.3623,0.2112
asia,2046.6,92.6498,7.3474,0.2096
asia,2046.7,92.6655,7.3328,0.2079
asia,2046.8,92.6809,7.3186,0.2063
asia,2046.9,92.6959,7.3047,0.2047
asia,2047.0,92.7107,7.2911,0.2030
asia,2047.1,92.7251,7.2778,0.2014
asia,2047.2,92.7392,7.2648,0.1998
asia,2047.3,92.7531,7.2521,0.1982
asia,2047.4,92.7666,7.2397,0.1966
asia,2047.5,92.7800,7.2275,0.1950
asia,2047.6,92.7931,7.2155,0.1934
asia,2047.7,92.8059,7.2038,0.1918
asia,2047.8,92.8186,7.1923,0.1903
asia,2047.9,92.8310,7.1811,0.1887
asia,2048.0,92.8432,7.1700,0.1872
asia,2048.1,92.8553,7.1591,0.1856
asia,2048.2,92.8671,7.1484,0.1841
asia,2048.3,92.8788,7.1379,0.1825
asia,2048.4,92.8903,7.1276,0.1810
asia,2048.5,92.9016,7.1174,0.1795
asia,2048.6,92.9128,7.1074,0.1780
asia,2048.7,92.9239,7.0976,0.1765
asia,2048.8,92.9348,7.0879,0.1750
asia,2048.9,92.9455,7.0784,0.1735
asia,2049.0,92.9562,7.0689,0.1721
asia,2049.1,92.9667,7.0597,0.1706
asia,2049.2,92.9770,7.0505,0.1691
asia,2049.3,92.9873,7.0415,0.1677
asia,2049.4,92.9975,7.0326,0.1662
asia,2049.5,93.0075,7.0238,0.1648
asia,2049.6,93.0175,7.0151,0.1634
asia,2049.7,93.0273,7.0065,0.1620
asia,2049.8,93.0371,6.9981,0.1606
asia,2049.9,93.0467,6.9897,0.1592
asia,2050.0,93.0563,6.9815,0.1578
oceania,2015.0,0.0688,99.9265,0.0051
oceania,2015.1,0.0729,99.9215,0.0061
oceania,2015.2,0.0773,99.9164,0.0071
oceania,2015.3,0.0819,99.9110,0.0081
oceania,2015.4,0.0867,99.9055,0.0093
oceania,2015.5,0.0917,99.8997,0.0105
oceania,2015.6,0.0970,99.8937,0.0118
oceania,2015.7,0.1025,99.8875,0.0131
oceania,2015.8,0.1084,99.8811,0.0146
oceania,2015.9,0.1145,99.8744,0.0161
oceania,2016.0,0.1210,99.8674,0.0178
oceania,2016.1,0.1279,99.8602,0.0195
oceania,2016.2,0.1352,99.8528,0.0213
oceania,2016.3,0.1428,99.8450,0.0231
oceania,2016.4,0.1510,99.8369,0.0251
oceania,2016.5,0.1596,99.8286,0.0272
oceania,2016.6,0.1687,99.8199,0.0294
oceania,2016.7,0.1784,99.8109,0.0316
oceania,2016.8,0.1887,99.8015,0.0340
oceania,2016.9,0.1996,99.7917,0.0365
oceania,2017.0,0.2112,99.7816,0.0391
oceania,2017.1,0.2235,99.7710,0.0417
oceania,2017.2,0.2365,99.7599,0.0445
oceania,2017.3,0.2504,99.7484,0.0474
oceania,2017.4,0.2650,99.7364,0.0504
oceania,2017.5,0.2806,99.7238,0.0535
oceania,2017.6,0.2972,99.7106,0.0568
oceania,2017.7,0.3147,99.6968,0.0601
oceania,2017.8,0.3333,99.6823,0.0636
oceania,2017.9,0.3530,99.6671,0.0671
oceania,2018.0,0.3738,99.6511,0.0708
oceania,2018.1,0.3959,99.6343,0.0746
oceania,2018.2,0.4193,99.6166,0.0786
oceania,2018.3,0.4440,99.5979,0.0826
oceania,2018.4,0.4702,99.5783,0.0868
oceania,2018.5,0.4978,99.5575,0.0911
oceania,2018.6,0.5270,99.5356,0.0955
oceania,2018.7,0.5578,99.5124,0.1001
oceania,2018.8,0.5903,99.4879,0.1048
oceania,2018.9,0.6245,99.4619,0.1096
oceania,2019.0,0.6606,99.4345,0.1146
oceania,2019.1,0.6987,99.4054,0.1197
oceania,2019.2,0.7387,99.3745,0.1249
oceania,2019.3,0.7808,99.3418,0.1303
oceania,2019.4,0.8250,99.3071,0.1358
oceania,2019.5,0.8715,99.2704,0.1414
oceania,2019.6,0.9204,99.2313,0.1472
oceania,2019.7,0.9716,99.1899,0.1531
oceania,2019.8,1.0254,99.1459,0.1592
oceania,2019.9,1.0817,99.0992,0.1654
oceania,2020.0,1.1408,99.0497,0.1717
oceania,2020.1,1.2026,98.9971,0.1782
oceania,2020.2,1.2673,98.9412,0.1848
oceania,2020.3,1.3350,98.8820,0.1916
oceania,2020.4,1.4058,98.8191,0.1985
oceania,2020.5,1.4797,98.7524,0.2056
oceania,2020.6,1.5569,98.6817,0.2128
oceania,2020.7,1.6375,98.6067,0.2202
oceania,2020.8,1.7216,98.5271,0.2278
oceania,2020.9,1.8092,98.4428,0.2354
oceania,2021.0,1.9006,98.3535,0.2433
oceania,2021.1,1.9957,98.2589,0.2513
oceania,2021.2,2.0948,98.1588,0.2594
oceania,2021.3,2.1979,98.0528,0.2677
oceania,2021.4,2.3051,97.9406,0.2761
oceania,2021.5,2.4165,97.8220,0.2847
oceania,2021.6,2.5323,97.6967,0.2935
oceania,2021.7,2.6526,97.5642,0.3024
oceania,2021.8,2.7775,97.4243,0.3115
oceania,2021.9,2.9070,97.2766,0.3207
oceania,2022.0,3.0414,97.1208,0.3301
oceania,2022.1,3.1807,96.9565,0.3397
oceania,2022.2,3.3251,96.7833,0.3494
oceania,2022.3,3.4746,96.6008,0.3592
oceania,2022.4,3.6294,96.4087,0.3693
oceania,2022.5,3.7896,96.2065,0.3795
oceania,2022.6,3.9553,95.9938,0.3898
oceania,2022.7,4.1266,95.7701,0.4003
oceania,2022.8,4.3037,95.5351,0.4110
oceania,2022.9,4.4867,95.2884,0.4218
oceania,2023.0,4.6757,95.0293,0.4328
oceania,2023.1,4.8707,94.7576,0.4440
oceania,2023.2,5.0720,94.4727,0.4553
oceania,2023.3,5.2796,94.1742,0.5462
oceania,2023.4,5.4937,93.8616,0.6447
oceania,2023.5,5.7143,93.5345,0.7512
oceania,2023.6,5.9416,93.1923,0.8662
oceania,2023.7,6.1757,92.8345,0.9898
oceania,2023.8,6.4166,92.4608,1.1226
oceania,2023.9,6.6646,92.0705,1.2649
oceania,2024.0,6.9197,91.6633,1.4170
oceania,2024.1,7.1820,91.2387,1.5793
oceania,2024.2,7.4516,90.7961,1.7523
oceania,2024.3,7.7286,90.3352,1.9362
oceania,2024.4,8.0132,89.8554,2.1314
oceania,2024.5,8.3053,89.3564,2.3383
oceania,2024.6,8.6052,88.8376,2.5571
oceania,2024.7,8.9129,88.2987,2.7884
oceania,2024.8,9.2284,87.7393,3.0323
oceania,2024.9,9.5520,87.1589,3.2891
oceania,2025.0,9.8835,86.5572,3.5593
oceania,2025.1,10.2232,85.9338,3.8429
oceania,2025.2,10.5712,85.2884,4.1404
oceania,2025.3,10.9273,84.6208,4.4519
oceania,2025.4,11.2919,83.9305,4.7776
oceania,2025.5,11.6648,83.2174,5.1177
oceania,2025.6,12.0462,82.4813,5.4724
oceania,2025.7,12.4361,81.7220,5.8418
oceania,2025.8,12.8346,80.9394,6.2259
oceania,2025.9,13.2417,80.1334,6.6249
oceania,2026.0,13.6575,79.3038,7.0387
oceania,2026.1,14.0820,78.4508,7.4673
oceania,2026.2,14.5151,77.5743,7.9106
oceania,2026.3,14.9570,76.6745,8.3685
oceania,2026.4,15.4077,75.7515,8.8408
oceania,2026.5,15.8671,74.8055,9.3274
oceania,2026.6,16.3353,73.8368,9.8279
oceania,2026.7,16.8123,72.8457,10.3420
oceania,2026.8,17.2980,71.8326,10.8694
oceania,2026.9,17.7925,70.7979,11.4096
oceania,2027.0,18.2958,69.7422,11.9620
oceania,2027.1,18.8077,68.6661,12.5262
oceania,2027.2,19.3283,67.5701,13.1015
oceania,2027.3,19.8576,66.4552,13.6873
oceania,2027.4,20.3954,65.3219,14.2827
oceania,2027.5,20.9418,64.1713,14.8869
oceania,2027.6,21.4966,63.0042,15.4992
oceania,2027.7,22.0598,61.8217,16.1184
oceania,2027.8,22.6313,60.6249,16.7437
oceania,2027.9,23.2111,59.4149,17.3740
oceania,2028.0,23.7990,58.1929,18.0081
oceania,2028.1,24.3950,56.9602,18.6449
oceania,2028.2,24.9988,55.7181,19.2831
oceania,2028.3,25.6105,54.4682,19.9214
oceania,2028.4,26.2298,53.2117,20.5584
oceania,2028.5,26.8567,51.9504,21.1929
oceania,2028.6,27.4910,50.6856,21.8234
oceania,2028.7,28.1325,49.4191,22.4484
oceania,2028.8,28.7811,48.1525,23.0664
oceania,2028.9,29.4367,46.8874,23.6759
oceania,2029.0,30.0990,45.6257,24.2754
oceania,2029.1,30.7678,44.3689,24.8633
oceania,2029.2,31.4431,43.1189,25.4381
oceania,2029.3,32.1245,41.8774,25.9982
oceania,2029.4,32.8118,40.6461,26.5421
oceania,2029.5,33.5049,39.4268,27.0683
oceania,2029.6,34.2036,38.2212,27.5752
oceania,2029.7,34.9075,37.0310,28.0615
oceania,2029.8,35.6165,35.8579,28.5257
oceania,2029.9,36.3302,34.7034,28.9664
oceania,2030.0,37.0486,33.5691,29.3823
oceania,2030.1,37.7712,32.4565,29.7722
oceania,2030.2,38.4979,31.3671,30.1350
oceania,2030.3,39.2283,30.3022,30.4695
oceania,2030.4,39.9622,29.2631,30.7747
oceania,2030.5,40.6993,28.2509,31.0498
oceania,2030.6,41.4393,27.2668,31.2940
oceania,2030.7,42.1818,26.3116,31.5065
oceania,2030.8,42.9267,25.3864,31.6869
oceania,2030.9,43.6736,24.4918,31.8346
oceania,2031.0,44.4222,23.6285,31.9493
oceania,2031.1,45.1721,22.7970,32.0309
oceania,2031.2,45.9231,21.9977,32.0792
oceania,2031.3,46.6748,21.2309,32.0943
oceania,2031.4,47.4269,20.4968,32.0763
oceania,2031.5,48.1791,19.7953,32.0256
oceania,2031.6,48.9310,19.1263,31.9427
oceania,2031.7,49.6823,18.4898,31.8279
oceania,2031.8,50.4327,17.8852,31.6821
oceania,2031.9,51.1819,17.3122,31.5059
oceania,2032.0,51.9294,16.7703,31.3002
oceania,2032.1,52.6751,16.2588,31.0662
oceania,2032.2,53.4184,15.7769,30.8047
oceania,2032.3,54.1592,15.3239,30.5169
oceania,2032.4,54.8970,14.8988,30.2042
oceania,2032.5,55.6315,14.5007,29.8678
oceania,2032.6,56.3625,14.1285,29.5090
oceania,2032.7,57.0895,13.7812,29.1293
oceania,2032.8,57.8123,13.4576,28.7301
oceania,2032.9,58.5305,13.1566,28.3129
oceania,2033.0,59.2439,12.8769,27.8792
oceania,2033.1,59.9520,12.6175,27.4305
oceania,2033.2,60.6547,12.3771,26.9683
oceania,2033.3,61.3515,12.1544,26.4940
oceania,2033.4,62.0423,11.9484,26.0093
oceania,2033.5,62.7267,11.7578,25.5155
oceania,2033.6,63.4044,11.5815,25.0141
oceania,2033.7,64.0752,11.4184,24.5064
oceania,2033.8,64.7388,11.2673,23.9938
oceania,2033.9,65.3950,11.1274,23.4776
oceania,2034.0,66.0434,10.9975,22.9590
oceania,2034.1,66.6839,10.8768,22.4393
oceania,2034.2,67.3162,10.7644,21.9194
oceania,2034.3,67.9401,10.6593,21.4006
oceania,2034.4,68.5554,10.5609,20.8837
oceania,2034.5,69.1619,10.4684,20.3697
oceania,2034.6,69.7594,10.3811,19.8595
oceania,2034.7,70.3477,10.2985,19.3538
oceania,2034.8,70.9267,10.2199,18.8534
oceania,2034.9,71.4961,10.1449,18.3590
oceania,2035.0,72.0559,10.0729,17.8712
oceania,2035.1,72.6059,10.0036,17.3905
oceania,2035.2,73.1459,9.9366,16.9174
oceania,2035.3,73.6760,9.8716,16.4524
oceania,2035.4,74.1959,9.8082,15.9959
oceania,2035.5,74.7056,9.7462,15.5482
oceania,2035.6,75.2050,9.6854,15.1095
oceania,2035.7,75.6941,9.6257,14.6802
oceania,2035.8,76.1728,9.5667,14.2605
oceania,2035.9,76.6410,9.5084,13.8506
oceania,2036.0,77.0988,9.4506,13.4506
oceania,2036.1,77.5460,9.3934,13.0606
oceania,2036.2,77.9828,9.3364,12.6807
oceania,2036.3,78.4091,9.2798,12.3110
oceania,2036.4,78.8250,9.2234,11.9516
oceania,2036.5,79.2304,9.1672,11.6023
oceania,2036.6,79.6255,9.1112,11.2633
oceania,2036.7,80.0102,9.0553,10.9346
oceania,2036.8,80.3846,8.9994,10.6160
oceania,2036.9,80.7488,8.9437,10.3075
oceania,2037.0,81.1030,8.8880,10.0091
oceania,2037.1,81.4471,8.8323,9.7206
oceania,2037.2,81.7813,8.7767,9.4421
oceania,2037.3,82.1057,8.7211,9.1733
oceania,2037.4,82.4204,8.6655,8.9141
oceania,2037.5,82.7255,8.6100,8.6645
oceania,2037.6,83.0212,8.5545,8.4243
oceania,2037.7,83.3077,8.4990,8.1933
oceania,2037.8,83.5850,8.4436,7.9714
oceania,2037.9,83.8534,8.3882,7.7584
oceania,2038.0,84.1129,8.3328,7.5543
oceania,2038.1,84.3639,8.2775,7.3587
oceania,2038.2,84.6063,8.2222,7.1715
oceania,2038.3,84.8405,8.1669,6.9926
oceania,2038.4,85.0666,8.1117,6.8218
oceania,2038.5,85.2847,8.0565,6.6588
oceania,2038.6,85.4952,8.0014,6.5035
oceania,2038.7,85.6981,7.9463,6.3556
oceania,2038.8,85.8937,7.8913,6.2150
oceania,2038.9,86.0821,7.8364,6.0815
oceania,2039.0,86.2636,7.7815,5.9549
oceania,2039.1,86.4384,7.7266,5.8350
oceania,2039.2,86.6066,7.6719,5.7215
oceania,2039.3,86.7686,7.6172,5.6142
oceania,2039.4,86.9243,7.5626,5.5130
oceania,2039.5,87.0742,7.5081,5.4177
oceania,2039.6,87.2183,7.4537,5.3280
oceania,2039.7,87.3570,7.3993,5.2437
oceania,2039.8,87.4902,7.3451,5.1647
oceania,2039.9,87.6184,7.2909,5.0907
oceania,2040.0,87.7416,7.2368,5.0216
oceania,2040.1,87.8601,7.1829,4.9571
oceania,2040.2,87.9740,7.1290,4.8970
oceania,2040.3,88.0835,7.0752,4.8412
oceania,2040.4,88.1889,7.0216,4.7895
oceania,2040.5,88.2902,6.9680,4.7417
oceania,2040.6,88.3877,6.9146,4.6977
oceania,2040.7,88.4816,6.8613,4.6571
oceania,2040.8,88.5719,6.8081,4.6199
oceania,2040.9,88.6590,6.7551,4.5860
oceania,2041.0,88.7428,6.7021,4.5550
oceania,2041.1,88.8237,6.6493,4.5270
oceania,2041.2,88.9017,6.5966,4.5017
oceania,2041.3,88.9770,6.5441,4.4790
oceania,2041.4,89.0497,6.4917,4.4587
oceania,2041.5,89.1199,6.4394,4.4407
oceania,2041.6,89.1879,6.3873,4.4248
oceania,2041.7,89.2537,6.3353,4.4110
oceania,2041.8,89.3174,6.2835,4.3991
oceania,2041.9,89.3792,6.2318,4.3890
oceania,2042.0,89.4391,6.1803,4.3805
oceania,2042.1,89.4974,6.1290,4.3736
oceania,2042.2,89.5540,6.0778,4.3682
oceania,2042.3,89.6092,6.0267,4.3641
oceania,2042.4,89.6629,5.9759,4.3613
oceania,2042.5,89.7152,5.9251,4.3596
oceania,2042.6,89.7664,5.8746,4.3590
oceania,2042.7,89.8164,5.8243,4.3594
oceania,2042.8,89.8653,5.7741,4.3607
oceania,2042.9,89.9132,5.7241,4.3628
oceania,2043.0,89.9601,5.6742,4.3656
oceania,2043.1,90.0062,5.6246,4.3692
oceania,2043.2,90.0515,5.5751,4.3734
oceania,2043.3,90.0960,5.5259,4.3781
oceania,2043.4,90.1398,5.4768,4.3834
oceania,2043.5,90.1830,5.4279,4.3891
oceania,2043.6,90.2256,5.3792,4.3952
oceania,2043.7,90.2677,5.3307,4.4017
oceania,2043.8,90.3092,5.2824,4.4084
oceania,2043.9,90.3503,5.2343,4.4155
oceania,2044.0,90.3909,5.1864,4.4227
oceania,2044.1,90.4311,5.1387,4.4302
oceania,2044.2,90.4710,5.0912,4.4378
oceania,2044.3,90.5106,5.0439,4.4455
oceania,2044.4,90.5498,4.9968,4.4534
oceania,2044.5,90.5888,4.9499,4.4613
oceania,2044.6,90.6275,4.9033,4.4692
oceania,2044.7,90.6660,4.8569,4.4772
oceania,2044.8,90.7042,4.8106,4.4851
oceania,2044.9,90.7423,4.7646,4.4931
oceania,2045.0,90.7802,4.7189,4.5010
oceania,2045.1,90.8179,4.6733,4.5088
oceania,2045.2,90.8555,4.6280,4.5165
oceania,2045.3,90.8929,4.5829,4.5242
oceania,2045.4,90.9302,4.5380,4.5318
oceania,2045.5,90.9674,4.4934,4.5392
oceania,2045.6,91.0045,4.4489,4.5465
oceania,2045.7,91.0415,4.4048,4.5537
oceania,2045.8,91.0784,4.3608,4.5608
oceania,2045.9,91.1152,4.3171,4.5677
oceania,2046.0,91.1520,4.2736,4.5744
oceania,2046.1,91.1887,4.2304,4.5809
oceania,2046.2,91.2253,4.1874,4.5873
oceania,2046.3,91.2619,4.1446,4.5935
oceania,2046.4,91.2984,4.1021,4.5995
oceania,2046.5,91.3348,4.0598,4.6053
oceania,2046.6,91.3713,4.0178,4.6110
oceania,2046.7,91.4076,3.9760,4.6164
oceania,2046.8,91.4439,3.9345,4.6216
oceania,2046.9,91.4802,3.8932,4.6266
oceania,2047.0,91.5165,3.8521,4.6314
oceania,2047.1,91.5527,3.8113,4.6360
oceania,2047.2,91.5888,3.7708,4.6404
oceania,2047.3,91.6249,3.7305,4.6446
oceania,2047.4,91.6610,3.6904,4.6485
oceania,2047.5,91.6971,3.6506,4.6523
oceania,2047.6,91.7331,3.6111,4.6558
oceania,2047.7,91.7691,3.5718,4.6591
oceania,2047.8,91.8050,3.5328,4.6622
oceania,2047.9,91.8409,3.4940,4.6651
oceania,2048.0,91.8768,3.4555,4.6677
oceania,2048.1,91.9126,3.4173,4.6701
oceania,2048.2,91.9484,3.3793,4.6723
oceania,2048.3,91.9842,3.3415,4.6743
oceania,2048.4,92.0199,3.3040,4.6761
oceania,2048.5,92.0556,3.2668,4.6776
oceania,2048.6,92.0913,3.2298,4.6789
oceania,2048.7,92.1269,3.1931,4.6800
oceania,2048.8,92.1625,3.1567,4.6809
oceania,2048.9,92.1980,3.1205,4.6815
oceania,2049.0,92.2335,3.0846,4.6819
oceania,2049.1,92.2689,3.0489,4.6821
oceania,2049.2,92.3044,3.0135,4.6821
oceania,2049.3,92.3397,2.9784,4.6819
oceania,2049.4,92.3751,2.9435,4.6814
oceania,2049.5,92.4104,2.9089,4.6807
oceania,2049.6,92.4456,2.8746,4.6798
oceania,2049.7,92.4808,2.8405,4.6787
oceania,2049.8,92.5159,2.8066,4.6774
oceania,2049.9,92.5510,2.7731,4.6759
oceania,2050.0,92.5861,2.7398,4.6741
small_markets,2015.0,0.1354,99.6844,0.1873
small_markets,2015.1,0.1462,99.6650,0.1974
small_markets,2015.2,0.1576,99.6448,0.2078
small_markets,2015.3,0.1696,99.6236,0.2186
small_markets,2015.4,0.1823,99.6015,0.2297
small_markets,2015.5,0.1957,99.5785,0.2412
small_markets,2015.6,0.2099,99.5545,0.2531
small_markets,2015.7,0.2247,99.5295,0.2653
small_markets,2015.8,0.2403,99.5034,0.2778
small_markets,2015.9,0.2567,99.4763,0.2907
small_markets,2016.0,0.2739,99.4482,0.3040
small_markets,2016.1,0.2923,99.4188,0.3176
small_markets,2016.2,0.3123,99.3884,0.3316
small_markets,2016.3,0.3338,99.3566,0.3459
small_markets,2016.4,0.3567,99.3236,0.3606
small_markets,2016.5,0.3811,99.2893,0.3757
small_markets,2016.6,0.4069,99.2535,0.3911
small_markets,2016.7,0.4341,99.2163,0.4069
small_markets,2016.8,0.4628,99.1776,0.4230
small_markets,2016.9,0.4930,99.1372,0.4395
small_markets,2017.0,0.5246,99.0953,0.4564
small_markets,2017.1,0.5888,98.8634,0.6312
small_markets,2017.2,0.6599,98.6771,0.7539
small_markets,2017.3,0.7351,98.5040,0.8597
small_markets,2017.4,0.8134,98.3382,0.9550
small_markets,2017.5,0.8945,98.1772,1.0427
small_markets,2017.6,0.9781,98.0195,1.1245
small_markets,2017.7,1.0642,97.8640,1.2014
small_markets,2017.8,1.1525,97.7100,1.2743
small_markets,2017.9,1.2430,97.5569,1.3437
small_markets,2018.0,1.3357,97.4044,1.4100
small_markets,2018.1,1.4304,97.2520,1.4737
small_markets,2018.2,1.5272,97.0993,1.5349
small_markets,2018.3,1.6261,96.9463,1.5939
small_markets,2018.4,1.7269,96.7925,1.6509
small_markets,2018.5,1.8297,96.6378,1.7062
small_markets,2018.6,1.9345,96.4821,1.7598
small_markets,2018.7,2.0413,96.3250,1.8118
small_markets,2018.8,2.1500,96.1664,1.8624
small_markets,2018.9,2.2607,96.0063,1.9117
small_markets,2019.0,2.3734,95.8444,1.9598
small_markets,2019.1,2.4889,95.6792,2.0072
small_markets,2019.2,2.6089,95.5089,2.0540
small_markets,2019.3,2.7342,95.3328,2.1002
small_markets,2019.4,2.8652,95.1503,2.1459
small_markets,2019.5,3.0024,94.9608,2.1909
small_markets,2019.6,3.1463,94.7640,2.2353
small_markets,2019.7,3.2971,94.5594,2.2817
small_markets,2019.8,3.4553,94.3465,2.3278
small_markets,2019.9,3.6210,94.1251,2.3737
small_markets,2020.0,3.7945,93.8948,2.4193
small_markets,2020.1,3.9761,93.6553,2.4647
small_markets,2020.2,4.1659,93.4063,2.5099
small_markets,2020.3,4.3641,93.1478,2.5549
small_markets,2020.4,4.5708,92.8793,2.5998
small_markets,2020.5,4.7862,92.6008,2.6445
small_markets,2020.6,5.0104,92.3121,2.6891
small_markets,2020.7,5.2434,92.0132,2.7435
small_markets,2020.8,5.4852,91.7038,2.8110
small_markets,2020.9,5.7359,91.3840,2.8801
small_markets,2021.0,5.9954,91.0537,2.9509
small_markets,2021.1,6.3171,90.1392,3.5437
small_markets,2021.2,6.6386,89.6718,3.6896
small_markets,2021.3,6.9656,89.2329,3.8014
small_markets,2021.4,7.2991,88.8017,3.8991
small_markets,2021.5,7.6395,88.3710,3.9896
small_markets,2021.6,7.9867,87.9372,4.0761
small_markets,2021.7,8.3409,87.4986,4.1605
small_markets,2021.8,8.7020,87.0542,4.2438
small_markets,2021.9,9.0699,86.6032,4.3269
small_markets,2022.0,9.4443,86.1454,4.4103
small_markets,2022.1,9.8251,85.6805,4.4944
small_markets,2022.2,10.2120,85.2085,4.5795
small_markets,2022.3,10.6048,84.7294,4.6657
small_markets,2022.4,11.0032,84.2434,4.7534
small_markets,2022.5,11.4069,83.7505,4.8426
small_markets,2022.6,11.8155,83.2509,4.9335
small_markets,2022.7,12.2288,82.7450,5.0262
small_markets,2022.8,12.6464,82.2328,5.1208
small_markets,2022.9,13.0679,81.7148,5.2172
small_markets,2023.0,13.4931,81.1912,5.3157
small_markets,2023.1,13.9214,80.6623,5.4162
small_markets,2023.2,14.3527,80.1285,5.5188
small_markets,2023.3,14.7864,79.5900,5.6236
small_markets,2023.4,15.2222,79.0473,5.7305
small_markets,2023.5,15.6598,78.5006,5.8397
small_markets,2023.6,16.0988,77.9502,5.9510
small_markets,2023.7,16.5388,77.3966,6.0646
small_markets,2023.8,16.9796,76.8400,6.1804
small_markets,2023.9,17.4207,76.2808,6.2985
small_markets,2024.0,17.8618,75.7192,6.4189
small_markets,2024.1,18.3027,75.1557,6.5416
small_markets,2024.2,18.7430,74.5904,6.6665
small_markets,2024.3,19.1825,74.0238,6.7938
small_markets,2024.4,19.6208,73.4559,6.9233
small_markets,2024.5,20.0577,72.8872,7.0551
small_markets,2024.6,20.4931,72.3178,7.1891
small_markets,2024.7,20.9265,71.7480,7.3254
small_markets,2024.8,21.3580,71.1780,7.4640
small_markets,2024.9,21.7872,70.6080,7.6048
small_markets,2025.0,22.2140,70.0382,7.7478
small_markets,2025.1,22.6384,69.4686,7.8930
small_markets,2025.2,23.0600,68.8996,8.0404
small_markets,2025.3,23.4789,68.3311,8.1900
small_markets,2025.4,23.8949,67.7634,8.3416
small_markets,2025.5,24.3080,67.1965,8.4954
small_markets,2025.6,24.7182,66.6305,8.6513
small_markets,2025.7,25.1253,66.0655,8.8093
small_markets,2025.8,25.5293,65.5015,8.9692
small_markets,2025.9,25.9303,64.9385,9.1312
small_markets,2026.0,26.3282,64.3766,9.2951
small_markets,2026.1,26.7232,63.8159,9.4610
small_markets,2026.2,27.1151,63.2562,9.6287
small_markets,2026.3,27.5040,62.6977,9.7983
small_markets,2026.4,27.8901,62.1402,9.9697
small_markets,2026.5,28.2733,61.5838,10.1429
small_markets,2026.6,28.6537,61.0285,10.3178
small_markets,2026.7,29.0315,60.4741,10.4944
small_markets,2026.8,29.4066,59.9208,10.6726
small_markets,2026.9,29.7792,59.3683,10.8525
small_markets,2027.0,30.1494,58.8168,11.0338
small_markets,2027.1,30.5172,58.2661,11.2167
small_markets,2027.2,30.8828,57.7162,11.4010
small_markets,2027.3,31.2462,57.1670,11.5868
small_markets,2027.4,31.6076,56.6186,11.7779
small_markets,2027.5,31.9670,56.0708,11.9772
small_markets,2027.6,32.3246,55.5236,12.1776
small_markets,2027.7,32.6804,54.9770,12.3791
small_markets,2027.8,33.0345,54.4309,12.5817
small_markets,2027.9,33.3870,53.8854,12.7852
small_markets,2028.0,33.7380,53.3404,12.9897
small_markets,2028.1,34.0876,52.7958,13.1951
small_markets,2028.2,34.4358,52.2517,13.4012
small_markets,2028.3,34.7827,51.7080,13.6082
small_markets,2028.4,35.1284,51.1648,13.8158
small_markets,2028.5,35.4730,50.6220,14.0240
small_markets,2028.6,35.8164,50.0797,14.2328
small_markets,2028.7,36.1588,49.5379,14.4422
small_markets,2028.8,36.5001,48.9966,14.6520
small_markets,2028.9,36.8404,48.4558,14.8621
small_markets,2029.0,37.1798,47.9155,15.0726
small_markets,2029.1,37.5183,47.3759,15.2834
small_markets,2029.2,37.8558,46.8369,15.4943
small_markets,2029.3,38.1924,46.2986,15.7054
small_markets,2029.4,38.5281,45.7610,15.9165
small_markets,2029.5,38.8629,45.2243,16.1276
small_markets,2029.6,39.1968,44.6885,16.3387
small_markets,2029.7,39.5298,44.1536,16.5496
small_markets,2029.8,39.8619,43.6198,16.7603
small_markets,2029.9,40.1930,43.0871,16.9708
small_markets,2030.0,40.5232,42.5556,17.1809
small_markets,2030.1,40.8524,42.0255,17.3906
small_markets,2030.2,41.1806,41.4967,17.5999
small_markets,2030.3,41.5078,40.9694,17.8086
small_markets,2030.4,41.8339,40.4437,18.0168
small_markets,2030.5,42.1588,39.9197,18.2243
small_markets,2030.6,42.4827,39.3975,18.4310
small_markets,2030.7,42.8053,38.8772,18.6370
small_markets,2030.8,43.1267,38.3588,18.8421
small_markets,2030.9,43.4469,37.8426,19.0463
small_markets,2031.0,43.7658,37.3287,19.2496
small_markets,2031.1,44.0833,36.8170,19.4517
small_markets,2031.2,44.3994,36.3078,19.6528
small_markets,2031.3,44.7140,35.8011,19.8527
small_markets,2031.4,45.0272,35.2971,20.0514
small_markets,2031.5,45.3388,34.7959,20.2488
small_markets,2031.6,45.6488,34.2975,20.4448
small_markets,2031.7,45.9572,33.8021,20.6394
small_markets,2031.8,46.2639,33.3098,20.8325
small_markets,2031.9,46.5689,32.8207,21.0242
small_markets,2032.0,46.8722,32.3349,21.2142
small_markets,2032.1,47.1736,31.8525,21.4026
small_markets,2032.2,47.4731,31.3735,21.5892
small_markets,2032.3,47.7708,30.8982,21.7741
small_markets,2032.4,48.0665,30.4265,21.9572
small_markets,2032.5,48.3602,29.9586,22.1385
small_markets,2032.6,48.6520,29.4946,22.3178
small_markets,2032.7,48.9416,29.0346,22.4952
small_markets,2032.8,49.2292,28.5786,22.6705
small_markets,2032.9,49.5147,28.1267,22.8438
small_markets,2033.0,49.7980,27.6791,23.0149
small_markets,2033.1,50.0791,27.2357,23.1839
small_markets,2033.2,50.3580,26.7967,23.3507
small_markets,2033.3,50.6347,26.3621,23.5152
small_markets,2033.4,50.9091,25.9320,23.6774
small_markets,2033.5,51.1812,25.5065,23.8373
small_markets,2033.6,51.4510,25.0857,23.9948
small_markets,2033.7,51.7184,24.6695,24.1499
small_markets,2033.8,51.9836,24.2581,24.3025
small_markets,2033.9,52.2463,23.8515,24.4527
small_markets,2034.0,52.5067,23.4497,24.6003
small_markets,2034.1,52.7647,23.0528,24.7453
small_markets,2034.2,53.0203,22.6609,24.8878
small_markets,2034.3,53.2735,22.2740,25.0276
small_markets,2034.4,53.5243,21.8920,25.1647
small_markets,2034.5,53.7726,21.5152,25.2992
small_markets,2034.6,54.0186,21.1434,25.4309
small_markets,2034.7,54.2621,20.7767,25.5600
small_markets,2034.8,54.5032,20.4151,25.6862
small_markets,2034.9,54.7419,20.0587,25.8096
small_markets,2035.0,54.9782,19.7074,25.9303
small_markets,2035.1,55.2121,19.3614,26.0481
small_markets,2035.2,55.4436,19.0205,26.1631
small_markets,2035.3,55.6728,18.6848,26.2752
small_markets,2035.4,55.8995,18.3543,26.3844
small_markets,2035.5,56.1239,18.0290,26.4907
small_markets,2035.6,56.3460,17.7089,26.5942
small_markets,2035.7,56.5658,17.3940,26.6947
small_markets,2035.8,56.7832,17.0842,26.7923
small_markets,2035.9,56.9984,16.7797,26.8869
small_markets,2036.0,57.2113,16.4802,26.9786
small_markets,2036.1,57.4219,16.1860,27.0674
small_markets,2036.2,57.6304,15.8968,27.1532
small_markets,2036.3,57.8367,15.6127,27.2361
small_markets,2036.4,58.0408,15.3337,27.3160
small_markets,2036.5,58.2428,15.0597,27.3930
small_markets,2036.6,58.4426,14.7907,27.4671
small_markets,2036.7,58.6404,14.5267,27.5382
small_markets,2036.8,58.8362,14.2676,27.6063
small_markets,2036.9,59.0299,14.0134,27.6716
small_markets,2037.0,59.2216,13.7641,27.7339
small_markets,2037.1,59.4114,13.5196,27.7933
small_markets,2037.2,59.5993,13.2799,27.8499
small_markets,2037.3,59.7853,13.0449,27.9035
small_markets,2037.4,59.9695,12.8145,27.9543
small_markets,2037.5,60.1518,12.5888,28.0022
small_markets,2037.6,60.3324,12.3676,28.0473
small_markets,2037.7,60.5112,12.1510,28.0896
small_markets,2037.8,60.6883,11.9389,28.1291
small_markets,2037.9,60.8637,11.7311,28.1658
small_markets,2038.0,61.0375,11.5277,28.1997
small_markets,2038.1,61.2097,11.3286,28.2309
small_markets,2038.2,61.3804,11.1337,28.2601
small_markets,2038.3,61.5495,10.9430,28.2901
small_markets,2038.4,61.7171,10.7564,28.3172
small_markets,2038.5,61.8833,10.5738,28.3413
small_markets,2038.6,62.0481,10.3952,28.3625
small_markets,2038.7,62.2114,10.2206,28.3809
small_markets,2038.8,62.3735,10.0498,28.3964
small_markets,2038.9,62.5342,9.8828,28.4092
small_markets,2039.0,62.6936,9.7195,28.4192
small_markets,2039.1,62.8518,9.5598,28.4265
small_markets,2039.2,63.0089,9.4038,28.4312
small_markets,2039.3,63.1647,9.2512,28.4333
small_markets,2039.4,63.3194,9.1021,28.4328
small_markets,2039.5,63.4730,8.9564,28.4299
small_markets,2039.6,63.6255,8.8141,28.4244
small_markets,2039.7,63.7769,8.6749,28.4166
small_markets,2039.8,63.9274,8.5390,28.4064
small_markets,2039.9,64.0769,8.4062,28.3938
small_markets,2040.0,64.2254,8.2764,28.3790
small_markets,2040.1,64.3730,8.1496,28.3620
small_markets,2040.2,64.5197,8.0257,28.3427
small_markets,2040.3,64.6655,7.9047,28.3214
small_markets,2040.4,64.8105,7.7865,28.2979
small_markets,2040.5,64.9547,7.6710,28.2725
small_markets,2040.6,65.0981,7.5582,28.2450
small_markets,2040.7,65.2407,7.4479,28.2156
small_markets,2040.8,65.3826,7.3402,28.1843
small_markets,2040.9,65.5237,7.2350,28.1511
small_markets,2041.0,65.6642,7.1322,28.1161
small_markets,2041.1,65.8040,7.0317,28.0794
small_markets,2041.2,65.9431,6.9336,28.0410
small_markets,2041.3,66.0816,6.8377,28.0008
small_markets,2041.4,66.2195,6.7439,27.9591
small_markets,2041.5,66.3568,6.6523,27.9158
small_markets,2041.6,66.4935,6.5627,27.8709
small_markets,2041.7,66.6296,6.4752,27.8245
small_markets,2041.8,66.7652,6.3896,27.7767
small_markets,2041.9,66.9003,6.3059,27.7274
small_markets,2042.0,67.0349,6.2241,27.6768
small_markets,2042.1,67.1689,6.1441,27.6248
small_markets,2042.2,67.3025,6.0658,27.5716
small_markets,2042.3,67.4356,5.9892,27.5171
small_markets,2042.4,67.5682,5.9143,27.4613
small_markets,2042.5,67.7004,5.8410,27.4044
small_markets,2042.6,67.8322,5.7693,27.3464
small_markets,2042.7,67.9635,5.6991,27.2872
small_markets,2042.8,68.0944,5.6304,27.2269
small_markets,2042.9,68.2249,5.5631,27.1657
small_markets,2043.0,68.3550,5.4972,27.1034
small_markets,2043.1,68.4847,5.4327,27.0401
small_markets,2043.2,68.6140,5.3695,26.9759
small_markets,2043.3,68.7430,5.3076,26.9108
small_markets,2043.4,68.8715,5.2469,26.8448
small_markets,2043.5,68.9997,5.1874,26.7779
small_markets,2043.6,69.1276,5.1291,26.7102
small_markets,2043.7,69.2551,5.0720,26.6418
small_markets,2043.8,69.3822,5.0159,26.5725
small_markets,2043.9,69.5091,4.9610,26.5026
small_markets,2044.0,69.6355,4.9070,26.4319
small_markets,2044.1,69.7617,4.8541,26.3605
small_markets,2044.2,69.8875,4.8022,26.2885
small_markets,2044.3,70.0130,4.7513,26.2159
small_markets,2044.4,70.1381,4.7013,26.1426
small_markets,2044.5,70.2630,4.6521,26.0687
small_markets,2044.6,70.3875,4.6039,25.9943
small_markets,2044.7,70.5117,4.5566,25.9193
small_markets,2044.8,70.6356,4.5100,25.8438
small_markets,2044.9,70.7592,4.4643,25.7678
small_markets,2045.0,70.8825,4.4194,25.6913
small_markets,2045.1,71.0055,4.3752,25.6144
small_markets,2045.2,71.1282,4.3318,25.5370
small_markets,2045.3,71.2505,4.2891,25.4592
small_markets,2045.4,71.3726,4.2472,25.3809
small_markets,2045.5,71.4943,4.2059,25.3023
small_markets,2045.6,71.6158,4.1653,25.2233
small_markets,2045.7,71.7369,4.1254,25.1439
small_markets,2045.8,71.8578,4.0861,25.0642
small_markets,2045.9,71.9783,4.0474,24.9842
small_markets,2046.0,72.0986,4.0093,24.9038
small_markets,2046.1,72.2185,3.9719,24.8231
small_markets,2046.2,72.3382,3.9350,24.7422
small_markets,2046.3,72.4575,3.8987,24.6609
small_markets,2046.4,72.5766,3.8629,24.5794
small_markets,2046.5,72.6953,3.8277,24.4977
small_markets,2046.6,72.8138,3.7930,24.4157
small_markets,2046.7,72.9319,3.7588,24.3335
small_markets,2046.8,73.0498,3.7252,24.2511
small_markets,2046.9,73.1673,3.6920,24.1684
small_markets,2047.0,73.2845,3.6593,24.0856
small_markets,2047.1,73.4015,3.6271,24.0026
small_markets,2047.2,73.5181,3.5954,23.9194
small_markets,2047.3,73.6344,3.5641,23.8360
small_markets,2047.4,73.7505,3.5333,23.7525
small_markets,2047.5,73.8662,3.5029,23.6688
small_markets,2047.6,73.9816,3.4730,23.5850
small_markets,2047.7,74.0967,3.4435,23.5011
small_markets,2047.8,74.2115,3.4144,23.4170
small_markets,2047.9,74.3260,3.3856,23.3329
small_markets,2048.0,74.4402,3.3573,23.2486
small_markets,2048.1,74.5541,3.3294,23.1642
small_markets,2048.2,74.6677,3.3019,23.0797
small_markets,2048.3,74.7809,3.2748,22.9952
small_markets,2048.4,74.8939,3.2480,22.9106
small_markets,2048.5,75.0065,3.2216,22.8259
small_markets,2048.6,75.1189,3.1956,22.7411
small_markets,2048.7,75.2309,3.1699,22.6563
small_markets,2048.8,75.3426,3.1446,22.5714
small_markets,2048.9,75.4540,3.1196,22.4865
small_markets,2049.0,75.5651,3.0950,22.4015
small_markets,2049.1,75.6758,3.0707,22.3165
small_markets,2049.2,75.7863,3.0467,22.2315
small_markets,2049.3,75.8964,3.0230,22.1464
small_markets,2049.4,76.0062,2.9997,22.0613
small_markets,2049.5,76.1157,2.9767,21.9763
small_markets,2049.6,76.2249,2.9540,21.8912
small_markets,2049.7,76.3338,2.9316,21.8061
small_markets,2049.8,76.4423,2.9095,21.7210
small_markets,2049.9,76.5506,2.8877,21.6359
small_markets,2050.0,76.6585,2.8662,21.5508
medium_markets,2015.0,0.4191,99.2886,0.2932
medium_markets,2015.1,0.4416,99.2519,0.3075
medium_markets,2015.2,0.4650,99.2136,0.3223
medium_markets,2015.3,0.4893,99.1739,0.3378
medium_markets,2015.4,0.5145,99.1327,0.3538
medium_markets,2015.5,0.5407,99.0898,0.3704
medium_markets,2015.6,0.5679,99.0454,0.3877
medium_markets,2015.7,0.5961,98.9993,0.4056
medium_markets,2015.8,0.6253,98.9515,0.4242
medium_markets,2015.9,0.6555,98.9021,0.4434
medium_markets,2016.0,0.6868,98.8509,0.4632
medium_markets,2016.1,0.7196,98.7978,0.4838
medium_markets,2016.2,0.7538,98.7429,0.5050
medium_markets,2016.3,0.7895,98.6859,0.5269
medium_markets,2016.4,0.8267,98.6269,0.5496
medium_markets,2016.5,0.8653,98.5658,0.5729
medium_markets,2016.6,0.9053,98.5025,0.5970
medium_markets,2016.7,0.9468,98.4371,0.6217
medium_markets,2016.8,0.9898,98.3694,0.6472
medium_markets,2016.9,1.0342,98.2995,0.6735
medium_markets,2017.0,1.0802,98.2273,0.7007
medium_markets,2017.1,1.1278,98.1506,0.7305
medium_markets,2017.2,1.1773,98.0692,0.7633
medium_markets,2017.3,1.2286,97.9836,0.7984
medium_markets,2017.4,1.2817,97.8938,0.8356
medium_markets,2017.5,1.3367,97.8002,0.8747
medium_markets,2017.6,1.3936,97.7027,0.9156
medium_markets,2017.7,1.4525,97.6015,0.9583
medium_markets,2017.8,1.5135,97.4964,1.0026
medium_markets,2017.9,1.5765,97.3876,1.0484
medium_markets,2018.0,1.6417,97.2751,1.0956
medium_markets,2018.1,1.7117,97.1587,1.1443
medium_markets,2018.2,1.7829,97.0382,1.1943
medium_markets,2018.3,1.8565,96.9136,1.2456
medium_markets,2018.4,1.9328,96.7848,1.2981
medium_markets,2018.5,2.0119,96.6519,1.3517
medium_markets,2018.6,2.0937,96.5147,1.4065
medium_markets,2018.7,2.1785,96.3733,1.4624
medium_markets,2018.8,2.2663,96.2277,1.5193
medium_markets,2018.9,2.3571,96.0778,1.5771
medium_markets,2019.0,2.4510,95.9237,1.6359
medium_markets,2019.1,2.5480,95.7653,1.6964
medium_markets,2019.2,2.6483,95.6026,1.7591
medium_markets,2019.3,2.7519,95.4357,1.8229
medium_markets,2019.4,2.8588,95.2644,1.8875
medium_markets,2019.5,2.9691,95.0888,1.9531
medium_markets,2019.6,3.0828,94.9089,2.0195
medium_markets,2019.7,3.2000,94.7246,2.0867
medium_markets,2019.8,3.3208,94.5360,2.1547
medium_markets,2019.9,3.4451,94.3430,2.2234
medium_markets,2020.0,3.5732,94.1457,2.2927
medium_markets,2020.1,3.7049,93.9440,2.3627
medium_markets,2020.2,3.8405,93.7380,2.4332
medium_markets,2020.3,3.9799,93.5275,2.5043
medium_markets,2020.4,4.1232,93.3126,2.5758
medium_markets,2020.5,4.2704,93.0933,2.6478
medium_markets,2020.6,4.4217,92.8695,2.7201
medium_markets,2020.7,4.5771,92.6412,2.7928
medium_markets,2020.8,4.7367,92.4085,2.8658
medium_markets,2020.9,4.9006,92.1712,2.9390
medium_markets,2021.0,5.0688,91.9294,3.0124
medium_markets,2021.1,5.2414,91.6830,3.0859
medium_markets,2021.2,5.4185,91.4320,3.1595
medium_markets,2021.3,5.6003,91.1763,3.2332
medium_markets,2021.4,5.7867,90.9159,3.3068
medium_markets,2021.5,5.9779,90.6507,3.3806
medium_markets,2021.6,6.1741,90.3807,3.4547
medium_markets,2021.7,6.3752,90.1058,3.5287
medium_markets,2021.8,6.5814,89.8260,3.6025
medium_markets,2021.9,6.7929,89.5411,3.6761
medium_markets,2022.0,7.0098,89.2511,3.7494
medium_markets,2022.1,7.2322,88.9559,3.8227
medium_markets,2022.2,7.4602,88.6554,3.8957
medium_markets,2022.3,7.6939,88.3495,3.9682
medium_markets,2022.4,7.9336,88.0381,4.0404
medium_markets,2022.5,8.1794,87.7210,4.1121
medium_markets,2022.6,8.4313,87.3981,4.1832
medium_markets,2022.7,8.6897,87.0694,4.2538
medium_markets,2022.8,8.9546,86.7345,4.3240
medium_markets,2022.9,9.2262,86.3935,4.3938
medium_markets,2023.0,9.5048,86.0460,4.4629
medium_markets,2023.1,9.7904,85.6920,4.5315
medium_markets,2023.2,10.0833,85.3312,4.5996
medium_markets,2023.3,10.3837,84.9635,4.6671
medium_markets,2023.4,10.6917,84.5886,4.7340
medium_markets,2023.5,11.0077,84.2063,4.8002
medium_markets,2023.6,11.3317,83.8165,4.8657
medium_markets,2023.7,11.6640,83.4187,4.9306
medium_markets,2023.8,12.0049,83.0129,4.9948
medium_markets,2023.9,12.3545,82.5987,5.0584
medium_markets,2024.0,12.7130,82.1759,5.1213
medium_markets,2024.1,13.0808,81.7441,5.1836
medium_markets,2024.2,13.4580,81.3031,5.2457
medium_markets,2024.3,13.8449,80.8527,5.3089
medium_markets,2024.4,14.2417,80.3923,5.3720
medium_markets,2024.5,14.6486,79.9219,5.4350
medium_markets,2024.6,15.0660,79.4408,5.4979
medium_markets,2024.7,15.4939,78.9490,5.5608
medium_markets,2024.8,15.9328,78.4458,5.6240
medium_markets,2024.9,16.3828,77.9310,5.6874
medium_markets,2025.0,16.8442,77.4042,5.7516
medium_markets,2025.1,17.3173,76.8649,5.8179
medium_markets,2025.2,17.8022,76.3126,5.8852
medium_markets,2025.3,18.2992,75.7469,5.9539
medium_markets,2025.4,18.8086,75.1672,6.0242
medium_markets,2025.5,19.3307,74.5729,6.0964
medium_markets,2025.6,19.8655,73.9636,6.1709
medium_markets,2025.7,20.4135,73.3384,6.2481
medium_markets,2025.8,20.9748,72.6966,6.3286
medium_markets,2025.9,21.5497,72.0375,6.4129
medium_markets,2026.0,22.1383,71.3601,6.5016
medium_markets,2026.1,22.7410,70.6634,6.5956
medium_markets,2026.2,23.3579,69.9464,6.6988
medium_markets,2026.3,23.9892,69.2079,6.8160
medium_markets,2026.4,24.6352,68.4465,6.9408
medium_markets,2026.5,25.2961,67.6608,7.0746
medium_markets,2026.6,25.9720,66.8494,7.2184
medium_markets,2026.7,26.6632,66.0106,7.3737
medium_markets,2026.8,27.3699,65.1429,7.5418
medium_markets,2026.9,28.0922,64.2449,7.7240
medium_markets,2027.0,28.8304,63.3153,7.9214
medium_markets,2027.1,29.5845,62.3532,8.1345
medium_markets,2027.2,30.3548,61.3583,8.3636
medium_markets,2027.3,31.1414,60.3313,8.6079
medium_markets,2027.4,31.9444,59.2739,8.8658
medium_markets,2027.5,32.7639,58.1893,9.1338
medium_markets,2027.6,33.5999,57.0822,9.4071
medium_markets,2027.7,34.4525,55.9595,9.6790
medium_markets,2027.8,35.3214,54.8297,9.9410
medium_markets,2027.9,36.2065,53.7028,10.1835
medium_markets,2028.0,37.1074,52.5897,10.3959
medium_markets,2028.1,38.0235,51.5012,10.5680
medium_markets,2028.2,38.9540,50.4468,10.6913
medium_markets,2028.3,39.8978,49.4332,10.7601
medium_markets,2028.4,40.8535,48.4636,10.7727
medium_markets,2028.5,41.8192,47.5375,10.7315
medium_markets,2028.6,42.7926,46.6506,10.6432
medium_markets,2028.7,43.7709,45.7966,10.5169
medium_markets,2028.8,44.7508,44.9685,10.3628
medium_markets,2028.9,45.7285,44.1602,10.1910
medium_markets,2029.0,46.6996,43.3676,10.0100
medium_markets,2029.1,47.6596,42.5882,9.8269
medium_markets,2029.2,48.6036,41.8208,9.6476
medium_markets,2029.3,49.5269,41.0652,9.4771
medium_markets,2029.4,50.4250,40.3215,9.3201
medium_markets,2029.5,51.2940,39.5894,9.1805
medium_markets,2029.6,52.1310,38.8690,9.0613
medium_markets,2029.7,52.9341,38.1599,8.9647
medium_markets,2029.8,53.7028,37.4619,8.8916
medium_markets,2029.9,54.4377,36.7746,8.8417
medium_markets,2030.0,55.1407,36.0974,8.8136
medium_markets,2030.1,55.8149,35.4299,8.8048
medium_markets,2030.2,56.4636,34.7716,8.8124
medium_markets,2030.3,57.0904,34.1221,8.8339
medium_markets,2030.4,57.6988,33.4809,8.8693
medium_markets,2030.5,58.2919,32.8477,8.9119
medium_markets,2030.6,58.8720,32.2222,8.9704
medium_markets,2030.7,59.4410,31.6042,9.0323
medium_markets,2030.8,60.0001,30.9936,9.0962
medium_markets,2030.9,60.5502,30.3903,9.1613
medium_markets,2031.0,61.0919,29.7942,9.2271
medium_markets,2031.1,61.6257,29.2055,9.2930
medium_markets,2031.2,62.1517,28.6241,9.3587
medium_markets,2031.3,62.6703,28.0504,9.4239
medium_markets,2031.4,63.1817,27.4843,9.4881
medium_markets,2031.5,63.6860,26.9260,9.5511
medium_markets,2031.6,64.1833,26.3758,9.6126
medium_markets,2031.7,64.6738,25.8337,9.6723
medium_markets,2031.8,65.1575,25.2999,9.7301
medium_markets,2031.9,65.6344,24.7747,9.7857
medium_markets,2032.0,66.1046,24.2581,9.8389
medium_markets,2032.1,66.5682,23.7502,9.8897
medium_markets,2032.2,67.0251,23.2513,9.9377
medium_markets,2032.3,67.4755,22.7614,9.9830
medium_markets,2032.4,67.9194,22.2806,10.0253
medium_markets,2032.5,68.3567,21.8090,10.0646
medium_markets,2032.6,68.7876,21.3468,10.1008
medium_markets,2032.7,69.2121,20.8939,10.1337
medium_markets,2032.8,69.6301,20.4505,10.1633
medium_markets,2032.9,70.0417,20.0165,10.1895
medium_markets,2033.0,70.4470,19.5921,10.2123
medium_markets,2033.1,70.8460,19.1773,10.2316
medium_markets,2033.2,71.2387,18.7720,10.2474
medium_markets,2033.3,71.6251,18.3763,10.2597
medium_markets,2033.4,72.0053,17.9902,10.2691
medium_markets,2033.5,72.3792,17.6136,10.2748
medium_markets,2033.6,72.7469,17.2465,10.2771
medium_markets,2033.7,73.1085,16.8889,10.2760
medium_markets,2033.8,73.4639,16.5406,10.2713
medium_markets,2033.9,73.8132,16.2015,10.2634
medium_markets,2034.0,74.1564,15.8717,10.2522
medium_markets,2034.1,74.4936,15.5508,10.2377
medium_markets,2034.2,74.8248,15.2389,10.2202
medium_markets,2034.3,75.1500,14.9358,10.1997
medium_markets,2034.4,75.4693,14.6412,10.1763
medium_markets,2034.5,75.7828,14.3550,10.1501
medium_markets,2034.6,76.0905,14.0771,10.1213
medium_markets,2034.7,76.3925,13.8073,10.0900
medium_markets,2034.8,76.6888,13.5452,10.0564
medium_markets,2034.9,76.9796,13.2908,10.0204
medium_markets,2035.0,77.2650,13.0438,9.9824
medium_markets,2035.1,77.5449,12.8040,9.9424
medium_markets,2035.2,77.8196,12.5712,9.9005
medium_markets,2035.3,78.0891,12.3451,9.8569
medium_markets,2035.4,78.3535,12.1256,9.8116
medium_markets,2035.5,78.6130,11.9123,9.7649
medium_markets,2035.6,78.8676,11.7051,9.7168
medium_markets,2035.7,79.1175,11.5038,9.6674
medium_markets,2035.8,79.3628,11.3081,9.6168
medium_markets,2035.9,79.6035,11.1179,9.5652
medium_markets,2036.0,79.8399,10.9329,9.5126
medium_markets,2036.1,80.0720,10.7530,9.4590
medium_markets,2036.2,80.3000,10.5779,9.4046
medium_markets,2036.3,80.5239,10.4076,9.3495
medium_markets,2036.4,80.7439,10.2417,9.2936
medium_markets,2036.5,80.9600,10.0802,9.2372
medium_markets,2036.6,81.1725,9.9229,9.1801
medium_markets,2036.7,81.3814,9.7696,9.1226
medium_markets,2036.8,81.5867,9.6201,9.0645
medium_markets,2036.9,81.7887,9.4744,9.0061
medium_markets,2037.0,81.9873,9.3324,8.9473
medium_markets,2037.1,82.1827,9.1938,8.8881
medium_markets,2037.2,82.3750,9.0585,8.8287
medium_markets,2037.3,82.5643,8.9265,8.7689
medium_markets,2037.4,82.7505,8.7977,8.7090
medium_markets,2037.5,82.9339,8.6718,8.6489
medium_markets,2037.6,83.1145,8.5489,8.5886
medium_markets,2037.7,83.2924,8.4289,8.5282
medium_markets,2037.8,83.4675,8.3115,8.4676
medium_markets,2037.9,83.6401,8.1969,8.4070
medium_markets,2038.0,83.8101,8.0848,8.3463
medium_markets,2038.1,83.9776,7.9752,8.2857
medium_markets,2038.2,84.1427,7.8680,8.2250
medium_markets,2038.3,84.3054,7.7631,8.1643
medium_markets,2038.4,84.4658,7.6606,8.1036
medium_markets,2038.5,84.6240,7.5602,8.0430
medium_markets,2038.6,84.7799,7.4620,7.9825
medium_markets,2038.7,84.9336,7.3659,7.9220
medium_markets,2038.8,85.0852,7.2719,7.8616
medium_markets,2038.9,85.2348,7.1798,7.8014
medium_markets,2039.0,85.3823,7.0896,7.7412
medium_markets,2039.1,85.5278,7.0013,7.6812
medium_markets,2039.2,85.6713,6.9148,7.6213
medium_markets,2039.3,85.8130,6.8301,7.5616
medium_markets,2039.4,85.9528,6.7471,7.5020
medium_markets,2039.5,86.0907,6.6658,7.4426
medium_markets,2039.6,86.2269,6.5861,7.3834
medium_markets,2039.7,86.3614,6.5080,7.3243
medium_markets,2039.8,86.4941,6.4315,7.2655
medium_markets,2039.9,86.6252,6.3564,7.2068
medium_markets,2040.0,86.7547,6.2828,7.1483
medium_markets,2040.1,86.8825,6.2107,7.0899
medium_markets,2040.2,87.0089,6.1399,7.0318
medium_markets,2040.3,87.1337,6.0705,6.9739
medium_markets,2040.4,87.2570,6.0024,6.9162
medium_markets,2040.5,87.3788,5.9356,6.8587
medium_markets,2040.6,87.4993,5.8700,6.8014
medium_markets,2040.7,87.6184,5.8056,6.7443
medium_markets,2040.8,87.7361,5.7424,6.6874
medium_markets,2040.9,87.8525,5.6804,6.6308
medium_markets,2041.0,87.9676,5.6194,6.5743
medium_markets,2041.1,88.0814,5.5596,6.5181
medium_markets,2041.2,88.1940,5.5008,6.4621
medium_markets,2041.3,88.3054,5.4430,6.4063
medium_markets,2041.4,88.4156,5.3862,6.3508
medium_markets,2041.5,88.5247,5.3303,6.2955
medium_markets,2041.6,88.6326,5.2754,6.2404
medium_markets,2041.7,88.7393,5.2215,6.1856
medium_markets,2041.8,88.8450,5.1684,6.1311
medium_markets,2041.9,88.9496,5.1161,6.0768
medium_markets,2042.0,89.0532,5.0647,6.0228
medium_markets,2042.1,89.1557,5.0141,5.9690
medium_markets,2042.2,89.2571,4.9643,5.9155
medium_markets,2042.3,89.3576,4.9153,5.8624
medium_markets,2042.4,89.4571,4.8670,5.8095
medium_markets,2042.5,89.5555,4.8194,5.7569
medium_markets,2042.6,89.6530,4.7726,5.7046
medium_markets,2042.7,89.7496,4.7264,5.6526
medium_markets,2042.8,89.8452,4.6809,5.6010
medium_markets,2042.9,89.9398,4.6360,5.5496
medium_markets,2043.0,90.0335,4.5918,5.4987
medium_markets,2043.1,90.1263,4.5481,5.4480
medium_markets,2043.2,90.2182,4.5051,5.3978
medium_markets,2043.3,90.3092,4.4627,5.3479
medium_markets,2043.4,90.3992,4.4208,5.2983
medium_markets,2043.5,90.4884,4.3794,5.2492
medium_markets,2043.6,90.5767,4.3386,5.2004
medium_markets,2043.7,90.6641,4.2983,5.1521
medium_markets,2043.8,90.7506,4.2586,5.1041
medium_markets,2043.9,90.8363,4.2193,5.0565
medium_markets,2044.0,90.9210,4.1805,5.0094
medium_markets,2044.1,91.0050,4.1421,4.9627
medium_markets,2044.2,91.0880,4.1043,4.9165
medium_markets,2044.3,91.1702,4.0668,4.8706
medium_markets,2044.4,91.2516,4.0298,4.8252
medium_markets,2044.5,91.3321,3.9933,4.7803
medium_markets,2044.6,91.4117,3.9571,4.7358
medium_markets,2044.7,91.4905,3.9214,4.6918
medium_markets,2044.8,91.5685,3.8860,4.6483
medium_markets,2044.9,91.6457,3.8510,4.6052
medium_markets,2045.0,91.7220,3.8164,4.5626
medium_markets,2045.1,91.7975,3.7822,4.5205
medium_markets,2045.2,91.8722,3.7484,4.4789
medium_markets,2045.3,91.9460,3.7149,4.4377
medium_markets,2045.4,92.0191,3.6817,4.3971
medium_markets,2045.5,92.0913,3.6489,4.3569
medium_markets,2045.6,92.1627,3.6164,4.3172
medium_markets,2045.7,92.2334,3.5842,4.2781
medium_markets,2045.8,92.3032,3.5524,4.2394
medium_markets,2045.9,92.3723,3.5209,4.2012
medium_markets,2046.0,92.4405,3.4896,4.1635
medium_markets,2046.1,92.5080,3.4587,4.1263
medium_markets,2046.2,92.5747,3.4281,4.0897
medium_markets,2046.3,92.6407,3.3977,4.0535
medium_markets,2046.4,92.7059,3.3677,4.0178
medium_markets,2046.5,92.7703,3.3379,3.9826
medium_markets,2046.6,92.8339,3.3084,3.9480
medium_markets,2046.7,92.8968,3.2791,3.9138
medium_markets,2046.8,92.9590,3.2502,3.8801
medium_markets,2046.9,93.0204,3.2214,3.8469
medium_markets,2047.0,93.0811,3.1930,3.8142
medium_markets,2047.1,93.1411,3.1648,3.7820
medium_markets,2047.2,93.2003,3.1368,3.7503
medium_markets,2047.3,93.2588,3.1091,3.7191
medium_markets,2047.4,93.3167,3.0816,3.6883
medium_markets,2047.5,93.3738,3.0543,3.6580
medium_markets,2047.6,93.4302,3.0273,3.6282
medium_markets,2047.7,93.4859,3.0005,3.5989
medium_markets,2047.8,93.5410,2.9739,3.5701
medium_markets,2047.9,93.5954,2.9476,3.5417
medium_markets,2048.0,93.6491,2.9215,3.5138
medium_markets,2048.1,93.7021,2.8955,3.4863
medium_markets,2048.2,93.7545,2.8698,3.4593
medium_markets,2048.3,93.8062,2.8443,3.4328
medium_markets,2048.4,93.8573,2.8190,3.4066
medium_markets,2048.5,93.9078,2.7939,3.3810
medium_markets,2048.6,93.9576,2.7690,3.3557
medium_markets,2048.7,94.0068,2.7443,3.3309
medium_markets,2048.8,94.0554,2.7198,3.3066
medium_markets,2048.9,94.1034,2.6955,3.2826
medium_markets,2049.0,94.1508,2.6714,3.2591
medium_markets,2049.1,94.1977,2.6475,3.2359
medium_markets,2049.2,94.2439,2.6237,3.2132
medium_markets,2049.3,94.2895,2.6001,3.1909
medium_markets,2049.4,94.3346,2.5767,3.1689
medium_markets,2049.5,94.3791,2.5535,3.1474
medium_markets,2049.6,94.4231,2.5305,3.1262
medium_markets,2049.7,94.4665,2.5076,3.1054
medium_markets,2049.8,94.5094,2.4850,3.0850
medium_markets,2049.9,94.5518,2.4624,3.0649
medium_markets,2050.0,94.5936,2.4401,3.0452
big_markets,2015.0,0.3410,99.5762,0.1383
big_markets,2015.1,0.3642,99.5479,0.1453
big_markets,2015.2,0.3886,99.5180,0.1525
big_markets,2015.3,0.4143,99.4866,0.1599
big_markets,2015.4,0.4412,99.4535,0.1676
big_markets,2015.5,0.4694,99.4187,0.1755
big_markets,2015.6,0.4989,99.3822,0.1837
big_markets,2015.7,0.5299,99.3438,0.1921
big_markets,2015.8,0.5622,99.3035,0.2008
big_markets,2015.9,0.5961,99.2612,0.2098
big_markets,2016.0,0.6314,99.2170,0.2190
big_markets,2016.1,0.6683,99.1705,0.2284
big_markets,2016.2,0.7068,99.1219,0.2382
big_markets,2016.3,0.7469,99.0709,0.2483
big_markets,2016.4,0.7888,99.0176,0.2587
big_markets,2016.5,0.8324,98.9617,0.2694
big_markets,2016.6,0.8779,98.9034,0.2803
big_markets,2016.7,0.9252,98.8423,0.2916
big_markets,2016.8,0.9744,98.7785,0.3032
big_markets,2016.9,1.0255,98.7119,0.3151
big_markets,2017.0,1.0787,98.6424,0.3272
big_markets,2017.1,1.1339,98.5699,0.3397
big_markets,2017.2,1.1912,98.4944,0.3525
big_markets,2017.3,1.2507,98.4156,0.3656
big_markets,2017.4,1.3124,98.3335,0.3790
big_markets,2017.5,1.3763,98.2481,0.3926
big_markets,2017.6,1.4425,98.1592,0.4066
big_markets,2017.7,1.5111,98.0668,0.4238
big_markets,2017.8,1.5821,97.9707,0.4491
big_markets,2017.9,1.6556,97.8708,0.4757
big_markets,2018.0,1.7315,97.7670,0.5037
big_markets,2018.1,1.8101,97.6593,0.5331
big_markets,2018.2,1.8912,97.5475,0.5640
big_markets,2018.3,1.9750,97.4315,0.5965
big_markets,2018.4,2.0615,97.3111,0.6305
big_markets,2018.5,2.1508,97.1864,0.6662
big_markets,2018.6,2.2429,97.0572,0.7036
big_markets,2018.7,2.3379,96.9233,0.7427
big_markets,2018.8,2.4359,96.7847,0.7837
big_markets,2018.9,2.5368,96.6413,0.8265
big_markets,2019.0,2.6407,96.4929,0.8713
big_markets,2019.1,2.7477,96.3394,0.9181
big_markets,2019.2,2.8579,96.1807,0.9670
big_markets,2019.3,2.9712,96.0168,1.0179
big_markets,2019.4,3.0878,95.8474,1.0711
big_markets,2019.5,3.2077,95.6724,1.1265
big_markets,2019.6,3.3310,95.4919,1.1842
big_markets,2019.7,3.4576,95.3056,1.2442
big_markets,2019.8,3.5877,95.1134,1.3067
big_markets,2019.9,3.7213,94.9152,1.3716
big_markets,2020.0,3.8584,94.7110,1.4391
big_markets,2020.1,3.9991,94.5005,1.5092
big_markets,2020.2,4.1435,94.2838,1.5819
big_markets,2020.3,4.2916,94.0606,1.6574
big_markets,2020.4,4.4435,93.8309,1.7355
big_markets,2020.5,4.5991,93.5946,1.8165
big_markets,2020.6,4.7586,93.3516,1.9004
big_markets,2020.7,4.9220,93.1018,1.9871
big_markets,2020.8,5.0893,92.8451,2.0768
big_markets,2020.9,5.2606,92.5814,2.1695
big_markets,2021.0,5.4359,92.3106,2.2652
big_markets,2021.1,5.6153,92.0326,2.3639
big_markets,2021.2,5.7989,91.7474,2.4658
big_markets,2021.3,5.9866,91.4548,2.5707
big_markets,2021.4,6.1785,91.1549,2.6789
big_markets,2021.5,6.3746,90.8475,2.7902
big_markets,2021.6,6.5750,90.5326,2.9046
big_markets,2021.7,6.7798,90.2101,3.0223
big_markets,2021.8,6.9889,89.8800,3.1432
big_markets,2021.9,7.2024,89.5422,3.2673
big_markets,2022.0,7.4203,89.1967,3.3945
big_markets,2022.1,7.6428,88.8434,3.5250
big_markets,2022.2,7.8697,88.4824,3.6587
big_markets,2022.3,8.1012,88.1135,3.7955
big_markets,2022.4,8.3372,87.7369,3.9354
big_markets,2022.5,8.5778,87.3525,4.0785
big_markets,2022.6,8.8231,86.9603,4.2246
big_markets,2022.7,9.0730,86.5603,4.3737
big_markets,2022.8,9.3277,86.1525,4.5257
big_markets,2022.9,9.5870,85.7370,4.6806
big_markets,2023.0,9.8511,85.3138,4.8384
big_markets,2023.1,10.1199,84.8829,4.9989
big_markets,2023.2,10.3935,84.4444,5.1621
big_markets,2023.3,10.6720,83.9984,5.3296
big_markets,2023.4,10.9553,83.5449,5.4998
big_markets,2023.5,11.2434,83.0841,5.6725
big_markets,2023.6,11.5364,82.6159,5.8477
big_markets,2023.7,11.8343,82.1406,6.0251
big_markets,2023.8,12.1371,81.6582,6.2047
big_markets,2023.9,12.4448,81.1689,6.3863
big_markets,2024.0,12.7575,80.6727,6.5698
big_markets,2024.1,13.0751,80.1699,6.7550
big_markets,2024.2,13.3977,79.6605,6.9418
big_markets,2024.3,13.7253,79.1447,7.1300
big_markets,2024.4,14.0579,78.6228,7.3193
big_markets,2024.5,14.3955,78.0948,7.5097
big_markets,2024.6,14.7382,77.5610,7.7009
big_markets,2024.7,15.0859,77.0215,7.8926
big_markets,2024.8,15.4387,76.4765,8.0848
big_markets,2024.9,15.7965,75.9264,8.2771
big_markets,2025.0,16.1594,75.3712,8.4694
big_markets,2025.1,16.5275,74.8112,8.6613
big_markets,2025.2,16.9006,74.2467,8.8527
big_markets,2025.3,17.2789,73.6778,9.0432
big_markets,2025.4,17.6624,73.1049,9.2327
big_markets,2025.5,18.0510,72.5281,9.4209
big_markets,2025.6,18.4449,71.9477,9.6074
big_markets,2025.7,18.8439,71.3641,9.7920
big_markets,2025.8,19.2482,70.7774,9.9744
big_markets,2025.9,19.6577,70.1879,10.1544
big_markets,2026.0,20.0725,69.5959,10.3316
big_markets,2026.1,20.4926,69.0017,10.5057
big_markets,2026.2,20.9180,68.4055,10.6765
big_markets,2026.3,21.3488,67.8076,10.8435
big_markets,2026.4,21.7850,67.2084,11.0067
big_markets,2026.5,22.2265,66.6080,11.1655
big_markets,2026.6,22.6735,66.0068,11.3197
big_markets,2026.7,23.1259,65.4050,11.4690
big_markets,2026.8,23.5838,64.8030,11.6131
big_markets,2026.9,24.0472,64.2010,11.7517
big_markets,2027.0,24.5162,63.5994,11.8845
big_markets,2027.1,24.9906,62.9983,12.0111
big_markets,2027.2,25.4706,62.3980,12.1314
big_markets,2027.3,25.9562,61.7990,12.2449
big_markets,2027.4,26.4473,61.2013,12.3514
big_markets,2027.5,26.9439,60.6054,12.4510
big_markets,2027.6,27.4461,60.0115,12.5439
big_markets,2027.7,27.9538,59.4198,12.6291
big_markets,2027.8,28.4670,58.8308,12.7062
big_markets,2027.9,28.9856,58.2446,12.7751
big_markets,2028.0,29.5095,57.6615,12.8355
big_markets,2028.1,30.0388,57.0818,12.8872
big_markets,2028.2,30.5731,56.5058,12.9301
big_markets,2028.3,31.1125,55.9339,12.9641
big_markets,2028.4,31.6568,55.3662,12.9888
big_markets,2028.5,32.2058,54.8030,13.0044
big_markets,2028.6,32.7592,54.2448,13.0106
big_markets,2028.7,33.3169,53.6917,13.0075
big_markets,2028.8,33.8784,53.1440,12.9950
big_markets,2028.9,34.4437,52.6021,12.9732
big_markets,2029.0,35.0121,52.0663,12.9420
big_markets,2029.1,35.5835,51.5368,12.9017
big_markets,2029.2,36.1573,51.0139,12.8523
big_markets,2029.3,36.7330,50.4980,12.7940
big_markets,2029.4,37.3102,49.9893,12.7270
big_markets,2029.5,37.8883,49.4882,12.6516
big_markets,2029.6,38.4667,48.9948,12.5682
big_markets,2029.7,39.0448,48.5095,12.4769
big_markets,2029.8,39.6220,48.0326,12.3783
big_markets,2029.9,40.1975,47.5642,12.2728
big_markets,2030.0,40.7708,47.1046,12.1607
big_markets,2030.1,41.3411,46.6540,12.0426
big_markets,2030.2,41.9078,46.2126,11.9190
big_markets,2030.3,42.4702,45.7806,11.7903
big_markets,2030.4,43.0277,45.3580,11.6571
big_markets,2030.5,43.5796,44.9450,11.5199
big_markets,2030.6,44.1254,44.5416,11.3792
big_markets,2030.7,44.6645,44.1479,11.2355
big_markets,2030.8,45.1966,43.7638,11.0893
big_markets,2030.9,45.7212,43.3892,10.9409
big_markets,2031.0,46.2380,43.0242,10.7909
big_markets,2031.1,46.7468,42.6684,10.6401
big_markets,2031.2,47.2474,42.3219,10.4978
big_markets,2031.3,47.7399,41.9842,10.3528
big_markets,2031.4,48.2242,41.6553,10.2055
big_markets,2031.5,48.7004,41.3347,10.0561
big_markets,2031.6,49.1688,41.0222,9.9050
big_markets,2031.7,49.6295,40.7174,9.7523
big_markets,2031.8,50.0828,40.4200,9.5984
big_markets,2031.9,50.5291,40.1295,9.4436
big_markets,2032.0,50.9686,39.8455,9.2881
big_markets,2032.1,51.4019,39.5676,9.1322
big_markets,2032.2,51.8292,39.2955,8.9761
big_markets,2032.3,52.2509,39.0286,8.8201
big_markets,2032.4,52.6673,38.7667,8.6643
big_markets,2032.5,53.0787,38.5092,8.5091
big_markets,2032.6,53.4853,38.2558,8.3546
big_markets,2032.7,53.8875,38.0062,8.2011
big_markets,2032.8,54.2854,37.7600,8.0487
big_markets,2032.9,54.6792,37.5170,7.8977
big_markets,2033.0,55.0689,37.2767,7.7481
big_markets,2033.1,55.4546,37.0391,7.6002
big_markets,2033.2,55.8365,36.8037,7.4541
big_markets,2033.3,56.2145,36.5705,7.3100
big_markets,2033.4,56.5887,36.3393,7.1679
big_markets,2033.5,56.9591,36.1098,7.0281
big_markets,2033.6,57.3257,35.8820,6.8905
big_markets,2033.7,57.6884,35.6557,6.7554
big_markets,2033.8,58.0473,35.4309,6.6227
big_markets,2033.9,58.4024,35.2073,6.4926
big_markets,2034.0,58.7536,34.9850,6.3651
big_markets,2034.1,59.1010,34.7640,6.2403
big_markets,2034.2,59.4445,34.5440,6.1182
big_markets,2034.3,59.7841,34.3252,5.9988
big_markets,2034.4,60.1199,34.1075,5.8823
big_markets,2034.5,60.4518,33.8908,5.7686
big_markets,2034.6,60.7798,33.6751,5.6577
big_markets,2034.7,61.1040,33.4604,5.5496
big_markets,2034.8,61.4244,33.2467,5.4443
big_markets,2034.9,61.7409,33.0340,5.3419
big_markets,2035.0,62.0536,32.8223,5.2423
big_markets,2035.1,62.3625,32.6115,5.1454
big_markets,2035.2,62.6677,32.4018,5.0513
big_markets,2035.3,62.9691,32.1931,4.9600
big_markets,2035.4,63.2668,31.9853,4.8713
big_markets,2035.5,63.5608,31.7786,4.7853
big_markets,2035.6,63.8511,31.5729,4.7019
big_markets,2035.7,64.1378,31.3683,4.6211
big_markets,2035.8,64.4209,31.1647,4.5428
big_markets,2035.9,64.7004,30.9621,4.4669
big_markets,2036.0,64.9764,30.7607,4.3935
big_markets,2036.1,65.2489,30.5604,4.3225
big_markets,2036.2,65.5179,30.3612,4.2537
big_markets,2036.3,65.7835,30.1631,4.1872
big_markets,2036.4,66.0458,29.9662,4.1229
big_markets,2036.5,66.3046,29.7705,4.0608
big_markets,2036.6,66.5602,29.5760,4.0007
big_markets,2036.7,66.8126,29.3827,3.9426
big_markets,2036.8,67.0617,29.1906,3.8865
big_markets,2036.9,67.3076,28.9998,3.8322
big_markets,2037.0,67.5505,28.8103,3.7798
big_markets,2037.1,67.7902,28.6220,3.7292
big_markets,2037.2,68.0269,28.4351,3.6802
big_markets,2037.3,68.2606,28.2494,3.6330
big_markets,2037.4,68.4914,28.0651,3.5873
big_markets,2037.5,68.7193,27.8821,3.5431
big_markets,2037.6,68.9443,27.7005,3.5004
big_markets,2037.7,69.1665,27.5203,3.4591
big_markets,2037.8,69.3859,27.3415,3.4191
big_markets,2037.9,69.6026,27.1640,3.3805
big_markets,2038.0,69.8166,26.9880,3.3431
big_markets,2038.1,70.0280,26.8133,3.3069
big_markets,2038.2,70.2367,26.6401,3.2719
big_markets,2038.3,70.4430,26.4684,3.2379
big_markets,2038.4,70.6467,26.2980,3.2050
big_markets,2038.5,70.8479,26.1292,3.1730
big_markets,2038.6,71.0468,25.9617,3.1420
big_markets,2038.7,71.2432,25.7958,3.1119
big_markets,2038.8,71.4373,25.6313,3.0827
big_markets,2038.9,71.6291,25.4682,3.0542
big_markets,2039.0,71.8186,25.3067,3.0266
big_markets,2039.1,72.0059,25.1466,2.9996
big_markets,2039.2,72.1909,24.9879,2.9734
big_markets,2039.3,72.3739,24.8308,2.9478
big_markets,2039.4,72.5547,24.6751,2.9228
big_markets,2039.5,72.7335,24.5209,2.8984
big_markets,2039.6,72.9102,24.3682,2.8745
big_markets,2039.7,73.0848,24.2169,2.8512
big_markets,2039.8,73.2576,24.0670,2.8283
big_markets,2039.9,73.4283,23.9187,2.8060
big_markets,2040.0,73.5972,23.7718,2.7840
big_markets,2040.1,73.7642,23.6263,2.7624
big_markets,2040.2,73.9294,23.4823,2.7412
big_markets,2040.3,74.0927,23.3397,2.7204
big_markets,2040.4,74.2543,23.1985,2.6999
big_markets,2040.5,74.4141,23.0587,2.6797
big_markets,2040.6,74.5722,22.9203,2.6597
big_markets,2040.7,74.7286,22.7834,2.6401
big_markets,2040.8,74.8834,22.6478,2.6207
big_markets,2040.9,75.0365,22.5136,2.6015
big_markets,2041.0,75.1880,22.3807,2.5826
big_markets,2041.1,75.3380,22.2492,2.5638
big_markets,2041.2,75.4864,22.1190,2.5452
big_markets,2041.3,75.6333,21.9901,2.5268
big_markets,2041.4,75.7787,21.8625,2.5086
big_markets,2041.5,75.9227,21.7363,2.4905
big_markets,2041.6,76.0652,21.6113,2.4726
big_markets,2041.7,76.2063,21.4875,2.4547
big_markets,2041.8,76.3461,21.3650,2.4370
big_markets,2041.9,76.4844,21.2437,2.4194
big_markets,2042.0,76.6215,21.1237,2.4019
big_markets,2042.1,76.7572,21.0048,2.3845
big_markets,2042.2,76.8917,20.8871,2.3672
big_markets,2042.3,77.0249,20.7705,2.3499
big_markets,2042.4,77.1568,20.6551,2.3328
big_markets,2042.5,77.2876,20.5409,2.3157
big_markets,2042.6,77.4172,20.4277,2.2986
big_markets,2042.7,77.5456,20.3156,2.2816
big_markets,2042.8,77.6728,20.2045,2.2647
big_markets,2042.9,77.7990,20.0945,2.2478
big_markets,2043.0,77.9240,19.9856,2.2310
big_markets,2043.1,78.0480,19.8776,2.2142
big_markets,2043.2,78.1710,19.7706,2.1975
big_markets,2043.3,78.2929,19.6646,2.1808
big_markets,2043.4,78.4138,19.5596,2.1642
big_markets,2043.5,78.5337,19.4555,2.1475
big_markets,2043.6,78.6526,19.3523,2.1310
big_markets,2043.7,78.7706,19.2500,2.1144
big_markets,2043.8,78.8877,19.1485,2.0979
big_markets,2043.9,79.0039,19.0480,2.0815
big_markets,2044.0,79.1191,18.9482,2.0650
big_markets,2044.1,79.2335,18.8493,2.0486
big_markets,2044.2,79.3471,18.7512,2.0322
big_markets,2044.3,79.4598,18.6539,2.0159
big_markets,2044.4,79.5717,18.5574,1.9996
big_markets,2044.5,79.6829,18.4616,1.9833
big_markets,2044.6,79.7932,18.3665,1.9671
big_markets,2044.7,79.9028,18.2722,1.9508
big_markets,2044.8,80.0116,18.1785,1.9347
big_markets,2044.9,80.1197,18.0856,1.9185
big_markets,2045.0,80.2271,17.9933,1.9024
big_markets,2045.1,80.3338,17.9016,1.8863
big_markets,2045.2,80.4398,17.8107,1.8703
big_markets,2045.3,80.5451,17.7203,1.8543
big_markets,2045.4,80.6498,17.6305,1.8383
big_markets,2045.5,80.7538,17.5414,1.8225
big_markets,2045.6,80.8572,17.4528,1.8066
big_markets,2045.7,80.9600,17.3648,1.7908
big_markets,2045.8,81.0622,17.2774,1.7750
big_markets,2045.9,81.1638,17.1905,1.7593
big_markets,2046.0,81.2649,17.1041,1.7435
big_markets,2046.1,81.3653,17.0182,1.7279
big_markets,2046.2,81.4652,16.9329,1.7123
big_markets,2046.3,81.5646,16.8481,1.6975
big_markets,2046.4,81.6634,16.7637,1.6828
big_markets,2046.5,81.7617,16.6799,1.6681
big_markets,2046.6,81.8595,16.5965,1.6535
big_markets,2046.7,81.9568,16.5135,1.6389
big_markets,2046.8,82.0535,16.4310,1.6243
big_markets,2046.9,82.1498,16.3490,1.6098
big_markets,2047.0,82.2457,16.2673,1.5954
big_markets,2047.1,82.3410,16.1862,1.5810
big_markets,2047.2,82.4359,16.1054,1.5667
big_markets,2047.3,82.5303,16.0250,1.5524
big_markets,2047.4,82.6243,15.9450,1.5381
big_markets,2047.5,82.7178,15.8655,1.5239
big_markets,2047.6,82.8109,15.7863,1.5098
big_markets,2047.7,82.9035,15.7075,1.4957
big_markets,2047.8,82.9958,15.6291,1.4817
big_markets,2047.9,83.0876,15.5510,1.4677
big_markets,2048.0,83.1790,15.4733,1.4538
big_markets,2048.1,83.2700,15.3960,1.4399
big_markets,2048.2,83.3605,15.3190,1.4261
big_markets,2048.3,83.4507,15.2424,1.4123
big_markets,2048.4,83.5405,15.1661,1.3986
big_markets,2048.5,83.6299,15.0902,1.3850
big_markets,2048.6,83.7189,15.0146,1.3714
big_markets,2048.7,83.8075,14.9393,1.3578
big_markets,2048.8,83.8958,14.8644,1.3444
big_markets,2048.9,83.9837,14.7898,1.3309
big_markets,2049.0,84.0711,14.7155,1.3176
big_markets,2049.1,84.1583,14.6415,1.3043
big_markets,2049.2,84.2450,14.5679,1.2910
big_markets,2049.3,84.3314,14.4946,1.2779
big_markets,2049.4,84.4174,14.4216,1.2647
big_markets,2049.5,84.5031,14.3489,1.2517
big_markets,2049.6,84.5884,14.2765,1.2387
big_markets,2049.7,84.6734,14.2044,1.2257
big_markets,2049.8,84.7580,14.1326,1.2128
big_markets,2049.9,84.8422,14.0612,1.2000
big_markets,2050.0,84.9261,13.9900,1.1914
country_germany,2015.0,0.5335,98.7101,0.7565
country_germany,2015.1,0.5742,98.6227,0.8031
country_germany,2015.2,0.6169,98.5318,0.8513
country_germany,2015.3,0.6617,98.4373,0.9010
country_germany,2015.4,0.7086,98.3391,0.9523
country_germany,2015.5,0.7577,98.2372,1.0051
country_germany,2015.6,0.8089,98.1316,1.0595
country_germany,2015.7,0.8624,98.0222,1.1154
country_germany,2015.8,0.9181,97.9090,1.1729
country_germany,2015.9,0.9762,97.7919,1.2320
country_germany,2016.0,1.0366,97.6708,1.2925
country_germany,2016.1,1.0994,97.5459,1.3547
country_germany,2016.2,1.1648,97.4169,1.4184
country_germany,2016.3,1.2326,97.2839,1.4836
country_germany,2016.4,1.3029,97.1468,1.5503
country_germany,2016.5,1.3758,97.0056,1.6186
country_germany,2016.6,1.4514,96.8602,1.6884
country_germany,2016.7,1.5296,96.7107,1.7597
country_germany,2016.8,1.6106,96.5570,1.8325
country_germany,2016.9,1.6942,96.3990,1.9067
country_germany,2017.0,1.7807,96.2368,1.9825
country_germany,2017.1,1.8701,96.0702,2.0597
country_germany,2017.2,1.9622,95.8994,2.1384
country_germany,2017.3,2.0574,95.7242,2.2185
country_germany,2017.4,2.1554,95.5446,2.3000
country_germany,2017.5,2.2565,95.3606,2.3830
country_germany,2017.6,2.3606,95.1721,2.4673
country_germany,2017.7,2.4677,94.9793,2.5530
country_germany,2017.8,2.5780,94.7819,2.6401
country_germany,2017.9,2.6914,94.5801,2.7285
country_germany,2018.0,2.8079,94.3738,2.8183
country_germany,2018.1,2.9277,94.1629,2.9094
country_germany,2018.2,3.0507,93.9475,3.0017
country_germany,2018.3,3.1771,93.7276,3.0953
country_germany,2018.4,3.3067,93.5031,3.1902
country_germany,2018.5,3.4397,93.2740,3.2863
country_germany,2018.6,3.5760,93.0404,3.3836
country_germany,2018.7,3.7158,92.8021,3.4820
country_germany,2018.8,3.8591,92.5593,3.5817
country_germany,2018.9,4.0058,92.3118,3.6824
country_germany,2019.0,4.1560,92.0598,3.7842
country_germany,2019.1,4.3097,91.8031,3.8872
country_germany,2019.2,4.4670,91.5418,3.9912
country_germany,2019.3,4.6279,91.2759,4.0961
country_germany,2019.4,4.7924,91.0054,4.2021
country_germany,2019.5,4.9606,90.7303,4.3091
country_germany,2019.6,5.1325,90.4506,4.4170
country_germany,2019.7,5.3080,90.1662,4.5258
country_germany,2019.8,5.4873,89.8773,4.6355
country_germany,2019.9,5.6703,89.5838,4.7460
country_germany,2020.0,5.8570,89.2857,4.8573
country_germany,2020.1,6.0476,88.9830,4.9694
country_germany,2020.2,6.2420,88.6757,5.0823
country_germany,2020.3,6.4402,88.3640,5.1958
country_germany,2020.4,6.6422,88.0477,5.3101
country_germany,2020.5,6.8482,87.7269,5.4250
country_germany,2020.6,7.0580,87.4015,5.5405
country_germany,2020.7,7.2717,87.0718,5.6565
country_germany,2020.8,7.4893,86.7375,5.7731
country_germany,2020.9,7.7109,86.3988,5.8902
country_germany,2021.0,7.9364,86.0557,6.0078
country_germany,2021.1,8.1659,85.7083,6.1258
country_germany,2021.2,8.3994,85.3564,6.2442
country_germany,2021.3,8.6368,85.0003,6.3629
country_germany,2021.4,8.8782,84.6398,6.4820
country_germany,2021.5,9.1237,84.2750,6.6013
country_germany,2021.6,9.3731,83.9060,6.7208
country_germany,2021.7,9.6266,83.5328,6.8406
country_germany,2021.8,9.8841,83.1554,6.9605
country_germany,2021.9,10.1456,82.7739,7.0805
country_germany,2022.0,10.4112,82.3883,7.2006
country_germany,2022.1,10.6808,81.9986,7.3207
country_germany,2022.2,10.9544,81.6048,7.4408
country_germany,2022.3,11.2321,81.2071,7.5608
country_germany,2022.4,11.5138,80.8055,7.6808
country_germany,2022.5,11.7995,80.3999,7.8006
country_germany,2022.6,12.0893,79.9905,7.9202
country_germany,2022.7,12.3832,79.5772,8.0396
country_germany,2022.8,12.6810,79.1602,8.1588
country_germany,2022.9,12.9829,78.7395,8.2776
country_germany,2023.0,13.2888,78.3151,8.3961
country_germany,2023.1,13.5987,77.8871,8.5142
country_germany,2023.2,13.9126,77.4555,8.6319
country_germany,2023.3,14.2305,77.0204,8.7491
country_germany,2023.4,14.5523,76.5819,8.8658
country_germany,2023.5,14.8782,76.1399,8.9819
country_germany,2023.6,15.2080,75.6946,9.0974
country_germany,2023.7,15.5417,75.2460,9.2123
country_germany,2023.8,15.8793,74.7942,9.3265
country_germany,2023.9,16.2209,74.3392,9.4399
country_germany,2024.0,16.5663,73.8811,9.5526
country_germany,2024.1,16.9156,73.4199,9.6645
country_germany,2024.2,17.2687,72.9558,9.7755
country_germany,2024.3,17.6257,72.4887,9.8856
country_germany,2024.4,17.9865,72.0188,9.9948
country_germany,2024.5,18.3510,71.5460,10.1029
country_germany,2024.6,18.7193,71.0706,10.2101
country_germany,2024.7,19.0914,70.5924,10.3162
country_germany,2024.8,19.4671,70.1117,10.4212
country_germany,2024.9,19.8465,69.6285,10.5250
country_germany,2025.0,20.2295,69.1428,10.6277
country_germany,2025.1,20.6162,68.6547,10.7291
country_germany,2025.2,21.0064,68.1643,10.8293
country_germany,2025.3,21.4002,67.6716,10.9282
country_germany,2025.4,21.7974,67.1768,11.0257
country_germany,2025.5,22.1982,66.6799,11.1219
country_germany,2025.6,22.6024,66.1810,11.2167
country_germany,2025.7,23.0099,65.6801,11.3099
country_germany,2025.8,23.4209,65.1774,11.4018
country_germany,2025.9,23.8352,64.6728,11.4920
country_germany,2026.0,24.2527,64.1665,11.5808
country_germany,2026.1,24.6735,63.6586,11.6679
country_germany,2026.2,25.0975,63.1491,11.7534
country_germany,2026.3,25.5246,62.6382,11.8373
country_germany,2026.4,25.9548,62.1258,11.9194
country_germany,2026.5,26.3881,61.6121,11.9999
country_germany,2026.6,26.8244,61.0971,12.0785
country_germany,2026.7,27.2636,60.5809,12.1554
country_germany,2026.8,27.7058,60.0637,12.2305
country_germany,2026.9,28.1508,59.5454,12.3037
country_germany,2027.0,28.5987,59.0263,12.3751
country_germany,2027.1,29.0492,58.5062,12.4445
country_germany,2027.2,29.5025,57.9854,12.5121
country_germany,2027.3,29.9585,57.4639,12.5776
country_germany,2027.4,30.4170,56.9418,12.6412
country_germany,2027.5,30.8781,56.4191,12.7028
country_germany,2027.6,31.3416,55.8960,12.7624
country_germany,2027.7,31.8076,55.3725,12.8199
country_germany,2027.8,32.2759,54.8487,12.8753
country_germany,2027.9,32.7466,54.3247,12.9287
country_germany,2028.0,33.2194,53.8006,12.9799
country_germany,2028.1,33.6945,53.2765,13.0290
country_germany,2028.2,34.1717,52.7524,13.0760
country_germany,2028.3,34.6509,52.2283,13.1208
country_germany,2028.4,35.1321,51.7045,13.1634
country_germany,2028.5,35.6152,51.1810,13.2038
country_germany,2028.6,36.1002,50.6578,13.2420
country_germany,2028.7,36.5870,50.1350,13.2779
country_germany,2028.8,37.0756,49.6128,13.3117
country_germany,2028.9,37.5658,49.0911,13.3432
country_germany,2029.0,38.0575,48.5701,13.3724
country_germany,2029.1,38.5508,48.0498,13.3993
country_germany,2029.2,39.0456,47.5304,13.4240
country_germany,2029.3,39.5417,47.0119,13.4464
country_germany,2029.4,40.0392,46.4943,13.4665
country_germany,2029.5,40.5379,45.9778,13.4843
country_germany,2029.6,41.0378,45.4625,13.4998
country_germany,2029.7,41.5387,44.9483,13.5130
country_germany,2029.8,42.0408,44.4354,13.5239
country_germany,2029.9,42.5437,43.9238,13.5324
country_germany,2030.0,43.0476,43.4137,13.5387
country_germany,2030.1,43.5522,42.9051,13.5427
country_germany,2030.2,44.0576,42.3980,13.5443
country_germany,2030.3,44.5637,41.8926,13.5437
country_germany,2030.4,45.0704,41.3889,13.5407
country_germany,2030.5,45.5775,40.8869,13.5355
country_germany,2030.6,46.0852,40.3868,13.5280
country_germany,2030.7,46.5932,39.8887,13.5182
country_germany,2030.8,47.1014,39.3924,13.5061
country_germany,2030.9,47.6099,38.8983,13.4918
country_germany,2031.0,48.1186,38.4062,13.4752
country_germany,2031.1,48.6273,37.9163,13.4564
country_germany,2031.2,49.1360,37.4287,13.4353
country_germany,2031.3,49.6446,36.9433,13.4120
country_germany,2031.4,50.1531,36.4603,13.3865
country_germany,2031.5,50.6614,35.9798,13.3589
country_germany,2031.6,51.1693,35.5017,13.3290
country_germany,2031.7,51.6769,35.0261,13.2970
country_germany,2031.8,52.1840,34.5531,13.2629
country_germany,2031.9,52.6906,34.0828,13.2266
country_germany,2032.0,53.1965,33.6152,13.1883
country_germany,2032.1,53.7019,33.1503,13.1478
country_germany,2032.2,54.2064,32.6883,13.1053
country_germany,2032.3,54.7101,32.2290,13.0608
country_germany,2032.4,55.2130,31.7728,13.0143
country_germany,2032.5,55.7149,31.3194,12.9657
country_germany,2032.6,56.2157,30.8691,12.9152
country_germany,2032.7,56.7154,30.4218,12.8628
country_germany,2032.8,57.2140,29.9776,12.8084
country_germany,2032.9,57.7112,29.5366,12.7522
country_germany,2033.0,58.2072,29.0987,12.6941
country_germany,2033.1,58.7018,28.6641,12.6341
country_germany,2033.2,59.1949,28.2327,12.5724
country_germany,2033.3,59.6865,27.8047,12.5089
country_germany,2033.4,60.1764,27.3799,12.4436
country_germany,2033.5,60.6648,26.9586,12.3766
country_germany,2033.6,61.1513,26.5407,12.3080
country_germany,2033.7,61.6361,26.1262,12.2377
country_germany,2033.8,62.1190,25.7152,12.1658
country_germany,2033.9,62.6000,25.3077,12.0923
country_germany,2034.0,63.0790,24.9038,12.0172
country_germany,2034.1,63.5559,24.5034,11.9407
country_germany,2034.2,64.0308,24.1066,11.8626
country_germany,2034.3,64.5034,23.7135,11.7831
country_germany,2034.4,64.9738,23.3240,11.7022
country_germany,2034.5,65.4419,22.9381,11.6200
country_germany,2034.6,65.9077,22.5560,11.5363
country_germany,2034.7,66.3710,22.1776,11.4514
country_germany,2034.8,66.8318,21.8029,11.3652
country_germany,2034.9,67.2902,21.4320,11.2778
country_germany,2035.0,67.7459,21.0648,11.1892
country_germany,2035.1,68.1990,20.7015,11.0995
country_germany,2035.2,68.6494,20.3419,11.0086
country_germany,2035.3,69.0971,19.9862,10.9167
country_germany,2035.4,69.5420,19.6343,10.8237
country_germany,2035.5,69.9840,19.2862,10.7298
country_germany,2035.6,70.4232,18.9420,10.6348
country_germany,2035.7,70.8594,18.6016,10.5390
country_germany,2035.8,71.2926,18.2651,10.4423
country_germany,2035.9,71.7228,17.9325,10.3447
country_germany,2036.0,72.1499,17.6038,10.2463
country_germany,2036.1,72.5739,17.2789,10.1472
country_germany,2036.2,72.9947,16.9580,10.0473
country_germany,2036.3,73.4124,16.6409,9.9468
country_germany,2036.4,73.8268,16.3277,9.8456
country_germany,2036.5,74.2379,16.0183,9.7438
country_germany,2036.6,74.6457,15.7129,9.6414
country_germany,2036.7,75.0501,15.4113,9.5385
country_germany,2036.8,75.4512,15.1137,9.4351
country_germany,2036.9,75.8488,14.8199,9.3313
country_germany,2037.0,76.2430,14.5299,9.2271
country_germany,2037.1,76.6338,14.2438,9.1224
country_germany,2037.2,77.0210,13.9616,9.0175
country_germany,2037.3,77.4046,13.6832,8.9122
country_germany,2037.4,77.7847,13.4086,8.8067
country_germany,2037.5,78.1612,13.1378,8.7009
country_germany,2037.6,78.5341,12.8709,8.5950
country_germany,2037.7,78.9034,12.6077,8.4889
country_germany,2037.8,79.2689,12.3484,8.3827
country_germany,2037.9,79.6308,12.0928,8.2764
country_germany,2038.0,79.9890,11.8409,8.1701
country_germany,2038.1,80.3435,11.5927,8.0637
country_germany,2038.2,80.6942,11.3483,7.9574
country_germany,2038.3,81.0412,11.1076,7.8512
country_germany,2038.4,81.3844,10.8705,7.7450
country_germany,2038.5,81.7239,10.6371,7.6390
country_germany,2038.6,82.0595,10.4074,7.5331
country_germany,2038.7,82.3914,10.1812,7.4274
country_germany,2038.8,82.7194,9.9586,7.3220
country_germany,2038.9,83.0436,9.7396,7.2168
country_germany,2039.0,83.3639,9.5242,7.1119
country_germany,2039.1,83.6805,9.3123,7.0073
country_germany,2039.2,83.9932,9.1038,6.9030
country_germany,2039.3,84.3020,8.8988,6.7991
country_germany,2039.4,84.6071,8.6973,6.6956
country_germany,2039.5,84.9082,8.4992,6.5926
country_germany,2039.6,85.2055,8.3044,6.4900
country_germany,2039.7,85.4990,8.1131,6.3879
country_germany,2039.8,85.7886,7.9250,6.2863
country_germany,2039.9,86.0744,7.7403,6.1853
country_germany,2040.0,86.3564,7.5588,6.0848
country_germany,2040.1,86.6345,7.3806,5.9849
country_germany,2040.2,86.9089,7.2056,5.8856
country_germany,2040.3,87.1794,7.0337,5.7869
country_germany,2040.4,87.4460,6.8651,5.6889
country_germany,2040.5,87.7089,6.6995,5.5916
country_germany,2040.6,87.9681,6.5370,5.4949
country_germany,2040.7,88.2234,6.3776,5.3990
country_germany,2040.8,88.4750,6.2212,5.3038
country_germany,2040.9,88.7228,6.0678,5.2094
country_germany,2041.0,88.9670,5.9173,5.1157
country_germany,2041.1,89.2074,5.7698,5.0229
country_germany,2041.2,89.4441,5.6251,4.9308
country_germany,2041.3,89.6771,5.4833,4.8396
country_germany,2041.4,89.9065,5.3443,4.7492
country_germany,2041.5,90.1322,5.2081,4.6597
country_germany,2041.6,90.3543,5.0747,4.5710
country_germany,2041.7,90.5728,4.9440,4.4833
country_germany,2041.8,90.7877,4.8159,4.3964
country_germany,2041.9,90.9991,4.6905,4.3104
country_germany,2042.0,91.2069,4.5677,4.2254
country_germany,2042.1,91.4112,4.4475,4.1413
country_germany,2042.2,91.6121,4.3298,4.0581
country_germany,2042.3,91.8095,4.2147,3.9759
country_germany,2042.4,92.0034,4.1020,3.8946
country_germany,2042.5,92.1940,3.9917,3.8143
country_germany,2042.6,92.3812,3.8839,3.7350
country_germany,2042.7,92.5650,3.7784,3.6567
country_germany,2042.8,92.7455,3.6752,3.5793
country_germany,2042.9,92.9227,3.5743,3.5030
country_germany,2043.0,93.0967,3.4757,3.4276
country_germany,2043.1,93.2674,3.3793,3.3533
country_germany,2043.2,93.4349,3.2851,3.2799
country_germany,2043.3,93.5993,3.1931,3.2076
country_germany,2043.4,93.7605,3.1032,3.1363
country_germany,2043.5,93.9186,3.0154,3.0661
country_germany,2043.6,94.0736,2.9296,2.9968
country_germany,2043.7,94.2256,2.8458,2.9286
country_germany,2043.8,94.3746,2.7641,2.8613
country_germany,2043.9,94.5206,2.6842,2.7952
country_germany,2044.0,94.6637,2.6063,2.7300
country_germany,2044.1,94.8039,2.5303,2.6658
country_germany,2044.2,94.9412,2.4561,2.6027
country_germany,2044.3,95.0756,2.3838,2.5406
country_germany,2044.4,95.2073,2.3132,2.4795
country_germany,2044.5,95.3362,2.2443,2.4195
country_germany,2044.6,95.4624,2.1772,2.3604
country_germany,2044.7,95.5858,2.1118,2.3023
country_germany,2044.8,95.7067,2.0481,2.2453
country_germany,2044.9,95.8248,1.9859,2.1892
country_germany,2045.0,95.9405,1.9254,2.1342
country_germany,2045.1,96.0535,1.8664,2.0801
country_germany,2045.2,96.1640,1.8089,2.0270
country_germany,2045.3,96.2721,1.7530,1.9749
country_germany,2045.4,96.3777,1.6985,1.9238
country_germany,2045.5,96.4809,1.6454,1.8736
country_germany,2045.6,96.5818,1.5938,1.8244
country_germany,2045.7,96.6803,1.5435,1.7762
country_germany,2045.8,96.7765,1.4946,1.7289
country_germany,2045.9,96.8705,1.4471,1.6825
country_germany,2046.0,96.9622,1.4008,1.6370
country_germany,2046.1,97.0517,1.3558,1.5925
country_germany,2046.2,97.1391,1.3120,1.5489
country_germany,2046.3,97.2244,1.2694,1.5062
country_germany,2046.4,97.3076,1.2281,1.4644
country_germany,2046.5,97.3887,1.1879,1.4234
country_germany,2046.6,97.4678,1.1488,1.3834
country_germany,2046.7,97.5450,1.1109,1.3442
country_germany,2046.8,97.6202,1.0740,1.3058
country_germany,2046.9,97.6935,1.0382,1.2683
country_germany,2047.0,97.7650,1.0034,1.2317
country_germany,2047.1,97.8346,0.9696,1.1958
country_germany,2047.2,97.9024,0.9368,1.1608
country_germany,2047.3,97.9684,0.9050,1.1266
country_germany,2047.4,98.0327,0.8741,1.0931
country_germany,2047.5,98.0953,0.8442,1.0605
country_germany,2047.6,98.1563,0.8151,1.0286
country_germany,2047.7,98.2156,0.7869,0.9975
country_germany,2047.8,98.2733,0.7596,0.9671
country_germany,2047.9,98.3294,0.7331,0.9375
country_germany,2048.0,98.3840,0.7074,0.9086
country_germany,2048.1,98.4371,0.6825,0.8804
country_germany,2048.2,98.4887,0.6584,0.8529
country_germany,2048.3,98.5389,0.6350,0.8261
country_germany,2048.4,98.5877,0.6124,0.8000
country_germany,2048.5,98.6351,0.5904,0.7745
country_germany,2048.6,98.6811,0.5692,0.7497
country_germany,2048.7,98.7258,0.5486,0.7256
country_germany,2048.8,98.7692,0.5287,0.7021
country_germany,2048.9,98.8114,0.5094,0.6792
country_germany,2049.0,98.8523,0.4908,0.6569
country_germany,2049.1,98.8920,0.4727,0.6352
country_germany,2049.2,98.9306,0.4553,0.6142
country_germany,2049.3,98.9680,0.4384,0.5936
country_germany,2049.4,99.0043,0.4220,0.5737
country_germany,2049.5,99.0394,0.4063,0.5543
country_germany,2049.6,99.0735,0.3910,0.5355
country_germany,2049.7,99.1066,0.3762,0.5172
country_germany,2049.8,99.1386,0.3620,0.4994
country_germany,2049.9,99.1697,0.3482,0.4821
country_germany,2050.0,99.1998,0.3349,0.4653
country_china,2015.0,0.5387,99.6282,0.0000
country_china,2015.1,0.5783,99.5941,0.0000
country_china,2015.2,0.6202,99.5575,0.0000
country_china,2015.3,0.6643,99.5182,0.0000
country_china,2015.4,0.7108,99.4763,0.0000
country_china,2015.5,0.7598,99.4314,0.0000
country_china,2015.6,0.8113,99.3834,0.0000
country_china,2015.7,0.8653,99.3322,0.0000
country_china,2015.8,0.9222,99.2777,0.0000
country_china,2015.9,0.9818,99.2196,0.0000
country_china,2016.0,1.0442,99.1577,0.0000
country_china,2016.1,1.1097,99.0920,0.0000
country_china,2016.2,1.1783,99.0222,0.0000
country_china,2016.3,1.2500,98.9482,0.0000
country_china,2016.4,1.3250,98.8697,0.0000
country_china,2016.5,1.4034,98.7866,0.0000
country_china,2016.6,1.4852,98.6986,0.0000
country_china,2016.7,1.5707,98.6055,0.0000
country_china,2016.8,1.6598,98.5072,0.0000
country_china,2016.9,1.7526,98.4033,0.0000
country_china,2017.0,1.8494,98.2938,0.0000
country_china,2017.1,1.9501,98.1783,0.0000
country_china,2017.2,2.0549,98.0566,0.0000
country_china,2017.3,2.1640,97.9286,0.0000
country_china,2017.4,2.2773,97.7938,0.0000
country_china,2017.5,2.3951,97.6522,0.0000
country_china,2017.6,2.5173,97.5034,0.0000
country_china,2017.7,2.6443,97.3471,0.0086
country_china,2017.8,2.7759,97.1832,0.0409
country_china,2017.9,2.9124,97.0113,0.0762
country_china,2018.0,3.0539,96.8313,0.1148
country_china,2018.1,3.2005,96.6427,0.1568
country_china,2018.2,3.3523,96.4453,0.2024
country_china,2018.3,3.5094,96.2389,0.2517
country_china,2018.4,3.6719,96.0232,0.3049
country_china,2018.5,3.8399,95.7978,0.3623
country_china,2018.6,4.0136,95.5625,0.4238
country_china,2018.7,4.1931,95.3170,0.4899
country_china,2018.8,4.3785,95.0610,0.5605
country_china,2018.9,4.5698,94.7942,0.6360
country_china,2019.0,4.7672,94.5163,0.7165
country_china,2019.1,4.9709,94.2270,0.8021
country_china,2019.2,5.1809,93.9260,0.8931
country_china,2019.3,5.3973,93.6130,0.9897
country_china,2019.4,5.6202,93.2877,1.0920
country_china,2019.5,5.8499,92.9499,1.2003
country_china,2019.6,6.0863,92.5991,1.3146
country_china,2019.7,6.3296,92.2352,1.4353
country_china,2019.8,6.5798,91.8577,1.5624
country_china,2019.9,6.8372,91.4666,1.6962
country_china,2020.0,7.1017,91.0613,1.8369
country_china,2020.1,7.3736,90.6418,1.9846
country_china,2020.2,7.6528,90.2077,2.1395
country_china,2020.3,7.9396,89.7587,2.3018
country_china,2020.4,8.2339,89.2945,2.4715
country_china,2020.5,8.5360,88.8150,2.6490
country_china,2020.6,8.8458,88.3199,2.8344
country_china,2020.7,9.1635,87.8089,3.0277
country_china,2020.8,9.4891,87.2818,3.2291
country_china,2020.9,9.8228,86.7383,3.4388
country_china,2021.0,10.1647,86.1784,3.6569
country_china,2021.1,10.5147,85.6018,3.8835
country_china,2021.2,10.8730,85.0083,4.1187
country_china,2021.3,11.2397,84.3977,4.3626
country_china,2021.4,11.6149,83.7699,4.6152
country_china,2021.5,11.9985,83.1248,4.8767
country_china,2021.6,12.3907,82.4623,5.1470
country_china,2021.7,12.7915,81.7822,5.4263
country_china,2021.8,13.2010,81.0845,5.7145
country_china,2021.9,13.6192,80.3691,6.0117
country_china,2022.0,14.0462,79.6360,6.3178
country_china,2022.1,14.4821,78.8851,6.6328
country_china,2022.2,14.9267,78.1165,6.9567
country_china,2022.3,15.3803,77.3302,7.2895
country_china,2022.4,15.8428,76.5263,7.6309
country_china,2022.5,16.3143,75.7048,7.9809
country_china,2022.6,16.7947,74.8658,8.3395
country_china,2022.7,17.2841,74.0096,8.7064
country_china,2022.8,17.7824,73.1361,9.0814
country_china,2022.9,18.2898,72.2457,9.4645
country_china,2023.0,18.8062,71.3386,9.8553
country_china,2023.1,19.3315,70.4149,10.2536
country_china,2023.2,19.8658,69.4751,10.6592
country_china,2023.3,20.4090,68.5193,11.0717
country_china,2023.4,20.9611,67.5480,11.4909
country_china,2023.5,21.5221,66.5615,11.9163
country_china,2023.6,22.0920,65.5603,12.3477
country_china,2023.7,22.6706,64.5447,12.7847
country_china,2023.8,23.2580,63.5153,13.2267
country_china,2023.9,23.8540,62.4726,13.6734
country_china,2024.0,24.4587,61.4170,14.1243
country_china,2024.1,25.0719,60.3493,14.5789
country_china,2024.2,25.6935,59.2699,15.0366
country_china,2024.3,26.3235,58.1796,15.4969
country_china,2024.4,26.9617,57.0790,15.9593
country_china,2024.5,27.6082,55.9688,16.4231
country_china,2024.6,28.2626,54.8497,16.8877
country_china,2024.7,28.9250,53.7225,17.3525
country_china,2024.8,29.5952,52.5880,17.8168
country_china,2024.9,30.2731,51.4471,18.2798
country_china,2025.0,30.9585,50.3005,18.7411
country_china,2025.1,31.6512,49.1491,19.1996
country_china,2025.2,32.3512,47.9939,19.6549
country_china,2025.3,33.0583,46.8357,20.1060
country_china,2025.4,33.7723,45.6755,20.5523
country_china,2025.5,34.4929,44.5142,20.9929
country_china,2025.6,35.2201,43.3528,21.4271
country_china,2025.7,35.9536,42.1923,21.8541
country_china,2025.8,36.6933,41.0337,22.2731
country_china,2025.9,37.4388,39.8779,22.6832
country_china,2026.0,38.1901,38.7261,23.0838
country_china,2026.1,38.9469,37.5792,23.4739
country_china,2026.2,39.7089,36.4382,23.8529
country_china,2026.3,40.4760,35.3042,24.2199
country_china,2026.4,41.2478,34.1781,24.5741
country_china,2026.5,42.0241,33.0610,24.9149
country_china,2026.6,42.8047,31.9539,25.2414
country_china,2026.7,43.5894,30.8577,25.5529
country_china,2026.8,44.3778,29.7734,25.8488
country_china,2026.9,45.1696,28.7020,26.1283
country_china,2027.0,45.9647,27.6445,26.3909
country_china,2027.1,46.7626,26.6016,26.6358
country_china,2027.2,47.5632,25.5742,26.8626
country_china,2027.3,48.3661,24.5634,27.0706
country_china,2027.4,49.1710,23.5697,27.2593
country_china,2027.5,49.9777,22.5941,27.4282
country_china,2027.6,50.7857,21.6373,27.5770
country_china,2027.7,51.5949,20.6999,27.7052
country_china,2027.8,52.4049,19.7826,27.8125
country_china,2027.9,53.2153,18.8861,27.8986
country_china,2028.0,54.0259,18.0109,27.9632
country_china,2028.1,54.8363,17.1575,28.0062
country_china,2028.2,55.6462,16.3264,28.0273
country_china,2028.3,56.4554,15.5181,28.0266
country_china,2028.4,57.2633,14.7328,28.0039
country_china,2028.5,58.0698,13.9709,27.9593
country_china,2028.6,58.8745,13.2327,27.8928
country_china,2028.7,59.6771,12.5183,27.8046
country_china,2028.8,60.4772,11.8279,27.6949
country_china,2028.9,61.2745,11.1616,27.5638
country_china,2029.0,62.0687,10.5195,27.4117
country_china,2029.1,62.8595,9.9015,27.2390
country_china,2029.2,63.6465,9.3076,27.0459
country_china,2029.3,64.4294,8.7376,26.8330
country_china,2029.4,65.2080,8.1913,26.6007
country_china,2029.5,65.9818,7.6686,26.3496
country_china,2029.6,66.7505,7.1692,26.0803
country_china,2029.7,67.5140,6.6928,25.7933
country_china,2029.8,68.2717,6.2389,25.4893
country_china,2029.9,69.0236,5.8073,25.1691
country_china,2030.0,69.7692,5.3974,24.8334
country_china,2030.1,70.5082,5.0089,24.4829
country_china,2030.2,71.2405,4.6411,24.1183
country_china,2030.3,71.9657,4.2936,23.7407
country_china,2030.4,72.6835,3.9658,23.3507
country_china,2030.5,73.3937,3.6571,22.9492
country_china,2030.6,74.0961,3.3669,22.5370
country_china,2030.7,74.7903,3.0945,22.1152
country_china,2030.8,75.4761,2.8394,21.6845
country_china,2030.9,76.1534,2.6008,21.2458
country_china,2031.0,76.8218,2.3781,20.8001
country_china,2031.1,77.4812,2.1706,20.3481
country_china,2031.2,78.1314,1.9777,19.8909
country_china,2031.3,78.7722,1.7986,19.4292
country_china,2031.4,79.4033,1.6327,18.9640
country_china,2031.5,80.0247,1.4793,18.4960
country_china,2031.6,80.6361,1.3377,18.0262
country_china,2031.7,81.2374,1.2074,17.5552
country_china,2031.8,81.8285,1.0876,17.0839
country_china,2031.9,82.4092,0.9777,16.6131
country_china,2032.0,82.9793,0.8772,16.1435
country_china,2032.1,83.5389,0.7854,15.6757
country_china,2032.2,84.0877,0.7017,15.2106
country_china,2032.3,84.6258,0.6256,14.7486
country_china,2032.4,85.1529,0.5566,14.2905
country_china,2032.5,85.6691,0.4941,13.8368
country_china,2032.6,86.1743,0.4376,13.3880
country_china,2032.7,86.6685,0.3868,12.9447
country_china,2032.8,87.1516,0.3410,12.5074
country_china,2032.9,87.6235,0.3000,12.0764
country_china,2033.0,88.0844,0.2633,11.6523
country_china,2033.1,88.5341,0.2306,11.2353
country_china,2033.2,88.9728,0.2014,10.8258
country_china,2033.3,89.4003,0.1755,10.4242
country_china,2033.4,89.8168,0.1526,10.0306
country_china,2033.5,90.2223,0.1323,9.6454
country_china,2033.6,90.6168,0.1144,9.2688
country_china,2033.7,91.0005,0.0987,8.9008
country_china,2033.8,91.3733,0.0849,8.5418
country_china,2033.9,91.7354,0.0729,8.1918
country_china,2034.0,92.0868,0.0624,7.8509
country_china,2034.1,92.4276,0.0532,7.5191
country_china,2034.2,92.7580,0.0453,7.1967
country_china,2034.3,93.0781,0.0385,6.8834
country_china,2034.4,93.3880,0.0325,6.5795
country_china,2034.5,93.6878,0.0275,6.2847
country_china,2034.6,93.9776,0.0231,5.9992
country_china,2034.7,94.2577,0.0194,5.7229
country_china,2034.8,94.5281,0.0162,5.4557
country_china,2034.9,94.7890,0.0135,5.1974
country_china,2035.0,95.0406,0.0113,4.9481
country_china,2035.1,95.2831,0.0093,4.7076
country_china,2035.2,95.5166,0.0077,4.4757
country_china,2035.3,95.7412,0.0064,4.2524
country_china,2035.4,95.9573,0.0052,4.0375
country_china,2035.5,96.1648,0.0043,3.8309
country_china,2035.6,96.3642,0.0035,3.6323
country_china,2035.7,96.5555,0.0028,3.4417
country_china,2035.8,96.7389,0.0023,3.2588
country_china,2035.9,96.9147,0.0019,3.0835
country_china,2036.0,97.0830,0.0015,2.9156
country_china,2036.1,97.2440,0.0012,2.7548
country_china,2036.2,97.3979,0.0010,2.6011
country_china,2036.3,97.5450,0.0008,2.4543
country_china,2036.4,97.6854,0.0006,2.3140
country_china,2036.5,97.8193,0.0005,2.1802
country_china,2036.6,97.9470,0.0004,2.0526
country_china,2036.7,98.0686,0.0003,1.9311
country_china,2036.8,98.1843,0.0002,1.8154
country_china,2036.9,98.2944,0.0002,1.7054
country_china,2037.0,98.3990,0.0001,1.6009
country_china,2037.1,98.4983,0.0001,1.5016
country_china,2037.2,98.5925,0.0001,1.4074
country_china,2037.3,98.6818,0.0001,1.3181
country_china,2037.4,98.7664,0.0000,1.2336
country_china,2037.5,98.8465,0.0000,1.1535
country_china,2037.6,98.9222,0.0000,1.0778
country_china,2037.7,98.9937,0.0000,1.0063
country_china,2037.8,99.0612,0.0000,0.9387
country_china,2037.9,99.1250,0.0000,0.8750
country_china,2038.0,99.1850,0.0000,0.8150
country_china,2038.1,99.2415,0.0000,0.7584
country_china,2038.2,99.2947,0.0000,0.7052
country_china,2038.3,99.3448,0.0000,0.6552
country_china,2038.4,99.3917,0.0000,0.6083
country_china,2038.5,99.4358,0.0000,0.5642
country_china,2038.6,99.4772,0.0000,0.5228
country_china,2038.7,99.5159,0.0000,0.4841
country_china,2038.8,99.5521,0.0000,0.4479
country_china,2038.9,99.5860,0.0000,0.4140
country_china,2039.0,99.6177,0.0000,0.3823
country_china,2039.1,99.6472,0.0000,0.3528
country_china,2039.2,99.6748,0.0000,0.3252
country_china,2039.3,99.7004,0.0000,0.2996
country_china,2039.4,99.7243,0.0000,0.2757
country_china,2039.5,99.7465,0.0000,0.2535
country_china,2039.6,99.7672,0.0000,0.2328
country_china,2039.7,99.7863,0.0000,0.2137
country_china,2039.8,99.8041,0.0000,0.1959
country_china,2039.9,99.8206,0.0000,0.1794
country_china,2040.0,99.8358,0.0000,0.1642
country_china,2040.1,99.8499,0.0000,0.1501
country_china,2040.2,99.8629,0.0000,0.1371
country_china,2040.3,99.8749,0.0000,0.1251
country_china,2040.4,99.8859,0.0000,0.1141
country_china,2040.5,99.8961,0.0000,0.1039
country_china,2040.6,99.9055,0.0000,0.0945
country_china,2040.7,99.9141,0.0000,0.0859
country_china,2040.8,99.9220,0.0000,0.0780
country_china,2040.9,99.9292,0.0000,0.0708
country_china,2041.0,99.9359,0.0000,0.0641
country_china,2041.1,99.9420,0.0000,0.0580
country_china,2041.2,99.9475,0.0000,0.0525
country_china,2041.3,99.9526,0.0000,0.0474
country_china,2041.4,99.9572,0.0000,0.0428
country_china,2041.5,99.9614,0.0000,0.0386
country_china,2041.6,99.9653,0.0000,0.0347
country_china,2041.7,99.9688,0.0000,0.0312
country_china,2041.8,99.9719,0.0000,0.0281
country_china,2041.9,99.9748,0.0000,0.0252
country_china,2042.0,99.9774,0.0000,0.0226
country_china,2042.1,99.9798,0.0000,0.0202
country_china,2042.2,99.9819,0.0000,0.0181
country_china,2042.3,99.9838,0.0000,0.0162
country_china,2042.4,99.9856,0.0000,0.0144
country_china,2042.5,99.9871,0.0000,0.0129
country_china,2042.6,99.9885,0.0000,0.0115
country_china,2042.7,99.9898,0.0000,0.0102
country_china,2042.8,99.9909,0.0000,0.0091
country_china,2042.9,99.9920,0.0000,0.0080
country_china,2043.0,99.9929,0.0000,0.0071
country_china,2043.1,99.9937,0.0000,0.0063
country_china,2043.2,99.9944,0.0000,0.0056
country_china,2043.3,99.9951,0.0000,0.0049
country_china,2043.4,99.9956,0.0000,0.0044
country_china,2043.5,99.9962,0.0000,0.0038
country_china,2043.6,99.9966,0.0000,0.0034
country_china,2043.7,99.9970,0.0000,0.0030
country_china,2043.8,99.9974,0.0000,0.0026
country_china,2043.9,99.9977,0.0000,0.0023
country_china,2044.0,99.9980,0.0000,0.0020
country_china,2044.1,99.9982,0.0000,0.0018
country_china,2044.2,99.9985,0.0000,0.0015
country_china,2044.3,99.9987,0.0000,0.0013
country_china,2044.4,99.9988,0.0000,0.0012
country_china,2044.5,99.9990,0.0000,0.0010
country_china,2044.6,99.9991,0.0000,0.0009
country_china,2044.7,99.9992,0.0000,0.0008
country_china,2044.8,99.9993,0.0000,0.0007
country_china,2044.9,99.9994,0.0000,0.0006
country_china,2045.0,99.9995,0.0000,0.0005
country_china,2045.1,99.9996,0.0000,0.0004
country_china,2045.2,99.9996,0.0000,0.0004
country_china,2045.3,99.9997,0.0000,0.0003
country_china,2045.4,99.9997,0.0000,0.0003
country_china,2045.5,99.9998,0.0000,0.0002
country_china,2045.6,99.9998,0.0000,0.0002
country_china,2045.7,99.9998,0.0000,0.0002
country_china,2045.8,99.9999,0.0000,0.0001
country_china,2045.9,99.9999,0.0000,0.0001
country_china,2046.0,99.9999,0.0000,0.0001
country_china,2046.1,99.9999,0.0000,0.0001
country_china,2046.2,99.9999,0.0000,0.0001
country_china,2046.3,99.9999,0.0000,0.0001
country_china,2046.4,99.9999,0.0000,0.0001
country_china,2046.5,100.0000,0.0000,0.0000
country_china,2046.6,100.0000,0.0000,0.0000
country_china,2046.7,100.0000,0.0000,0.0000
country_china,2046.8,100.0000,0.0000,0.0000
country_china,2046.9,100.0000,0.0000,0.0000
country_china,2047.0,100.0000,0.0000,0.0000
country_china,2047.1,100.0000,0.0000,0.0000
country_china,2047.2,100.0000,0.0000,0.0000
country_china,2047.3,100.0000,0.0000,0.0000
country_china,2047.4,100.0000,0.0000,0.0000
country_china,2047.5,100.0000,0.0000,0.0000
country_china,2047.6,100.0000,0.0000,0.0000
country_china,2047.7,100.0000,0.0000,0.0000
country_china,2047.8,100.0000,0.0000,0.0000
country_china,2047.9,100.0000,0.0000,0.0000
country_china,2048.0,100.0000,0.0000,0.0000
country_china,2048.1,100.0000,0.0000,0.0000
country_china,2048.2,100.0000,0.0000,0.0000
country_china,2048.3,100.0000,0.0000,0.0000
country_china,2048.4,100.0000,0.0000,0.0000
country_china,2048.5,100.0000,0.0000,0.0000
country_china,2048.6,100.0000,0.0000,0.0000
country_china,2048.7,100.0000,0.0000,0.0000
country_china,2048.8,100.0000,0.0000,0.0000
country_china,2048.9,100.0000,0.0000,0.0000
country_china,2049.0,100.0000,0.0000,0.0000
country_china,2049.1,100.0000,0.0000,0.0000
country_china,2049.2,100.0000,0.0000,0.0000
country_china,2049.3,100.0000,0.0000,0.0000
country_china,2049.4,100.0000,0.0000,0.0000
country_china,2049.5,100.0000,0.0000,0.0000
country_china,2049.6,100.0000,0.0000,0.0000
country_china,2049.7,100.0000,0.0000,0.0000
country_china,2049.8,100.0000,0.0000,0.0000
country_china,2049.9,100.0000,0.0000,0.0000
country_china,2050.0,100.0000,0.0000,0.0000
country_norway,2015.0,9.1612,83.4270,7.4118
country_norway,2015.1,9.5766,82.7643,7.6590
country_norway,2015.2,10.0059,82.0843,7.9098
country_norway,2015.3,10.4492,81.3870,8.1638
country_norway,2015.4,10.9068,80.6723,8.4209
country_norway,2015.5,11.3789,79.9402,8.6808
country_norway,2015.6,11.8657,79.1908,8.9434
country_norway,2015.7,12.3674,78.4241,9.2085
country_norway,2015.8,12.8843,77.6401,9.4756
country_norway,2015.9,13.4164,76.8390,9.7446
country_norway,2016.0,13.9639,76.0208,10.0153
country_norway,2016.1,14.5271,75.1857,10.2872
country_norway,2016.2,15.1060,74.3339,10.5600
country_norway,2016.3,15.7009,73.4655,10.8336
country_norway,2016.4,16.3118,72.5808,11.1074
country_norway,2016.5,16.9388,71.6800,11.3812
country_norway,2016.6,17.5820,70.7634,11.6545
country_norway,2016.7,18.2416,69.8313,11.9271
country_norway,2016.8,18.9175,68.8841,12.1985
country_norway,2016.9,19.6098,67.9220,12.4682
country_norway,2017.0,20.3185,66.9455,12.7360
country_norway,2017.1,21.0437,65.9550,13.0013
country_norway,2017.2,21.7853,64.9510,13.2637
country_norway,2017.3,22.5433,63.9339,13.5228
country_norway,2017.4,23.3176,62.9043,13.7781
country_norway,2017.5,24.1082,61.8627,14.0292
country_norway,2017.6,24.9149,60.8096,14.2755
country_norway,2017.7,25.7376,59.7457,14.5167
country_norway,2017.8,26.5762,58.6716,14.7522
country_norway,2017.9,27.4304,57.5880,14.9816
country_norway,2018.0,28.3002,56.4955,15.2043
country_norway,2018.1,29.1853,55.3948,15.4199
country_norway,2018.2,30.0853,54.2867,15.6280
country_norway,2018.3,31.0001,53.1719,15.8279
country_norway,2018.4,31.9294,52.0513,16.0193
country_norway,2018.5,32.8727,50.9256,16.2017
country_norway,2018.6,33.8298,49.7956,16.3746
country_norway,2018.7,34.8002,48.6622,16.5376
country_norway,2018.8,35.7836,47.5262,16.6902
country_norway,2018.9,36.7795,46.3885,16.8320
country_norway,2019.0,37.7874,45.2501,16.9625
country_norway,2019.1,38.8068,44.1118,17.0814
country_norway,2019.2,39.8372,42.9745,17.1883
country_norway,2019.3,40.8781,41.8391,17.2828
country_norway,2019.4,41.9288,40.7066,17.3646
country_norway,2019.5,42.9888,39.5780,17.4332
country_norway,2019.6,44.0574,38.4540,17.4886
country_norway,2019.7,45.1340,37.3358,17.5303
country_norway,2019.8,46.2178,36.2241,17.5581
country_norway,2019.9,47.3083,35.1200,17.5718
country_norway,2020.0,48.4046,34.0243,17.5712
country_norway,2020.1,49.5059,32.9379,17.5561
country_norway,2020.2,50.6116,31.8618,17.5265
country_norway,2020.3,51.7209,30.7969,17.4823
country_norway,2020.4,52.8328,29.7439,17.4233
country_norway,2020.5,53.9467,28.7038,17.3495
country_norway,2020.6,55.0616,27.6773,17.2611
country_norway,2020.7,56.1767,26.6653,17.1580
country_norway,2020.8,57.2911,25.6685,17.0403
country_norway,2020.9,58.4041,24.6877,16.9082
country_norway,2021.0,59.5146,23.7236,16.7619
country_norway,2021.1,60.6218,22.7768,16.6015
country_norway,2021.2,61.7247,21.8480,16.4273
country_norway,2021.3,62.8227,20.9378,16.2396
country_norway,2021.4,63.9146,20.0468,16.0387
country_norway,2021.5,64.9996,19.1755,15.8249
country_norway,2021.6,66.0769,18.3243,15.5988
country_norway,2021.7,67.1455,17.4938,15.3607
country_norway,2021.8,68.2046,16.6843,15.1111
country_norway,2021.9,69.2534,15.8962,14.8504
country_norway,2022.0,70.2909,15.1297,14.5793
country_norway,2022.1,71.3164,14.3852,14.2983
country_norway,2022.2,72.3291,13.6629,14.0080
country_norway,2022.3,73.3281,12.9629,13.7090
country_norway,2022.4,74.3128,12.2853,13.4019
country_norway,2022.5,75.2823,11.6302,13.0875
country_norway,2022.6,76.2359,10.9977,12.7663
country_norway,2022.7,77.1731,10.3878,12.4392
country_norway,2022.8,78.0930,9.8003,12.1067
country_norway,2022.9,78.9952,9.2351,11.7696
country_norway,2023.0,79.8790,8.6922,11.4287
country_norway,2023.1,80.7440,8.1713,11.0847
country_norway,2023.2,81.5895,7.6722,10.7383
country_norway,2023.3,82.4152,7.1946,10.3903
country_norway,2023.4,83.2205,6.7382,10.0413
country_norway,2023.5,84.0052,6.3026,9.6921
country_norway,2023.6,84.7689,5.8876,9.3435
country_norway,2023.7,85.5114,5.4926,8.9960
country_norway,2023.8,86.2322,5.1173,8.6505
country_norway,2023.9,86.9314,4.7612,8.3074
country_norway,2024.0,87.6087,4.4237,7.9676
country_norway,2024.1,88.2639,4.1045,7.6316
country_norway,2024.2,88.8971,3.8029,7.3000
country_norway,2024.3,89.5083,3.5184,6.9734
country_norway,2024.4,90.0973,3.2504,6.6522
country_norway,2024.5,90.6644,2.9985,6.3371
country_norway,2024.6,91.2097,2.7619,6.0284
country_norway,2024.7,91.7332,2.5402,5.7266
country_norway,2024.8,92.2352,2.3327,5.4321
country_norway,2024.9,92.7159,2.1388,5.1453
country_norway,2025.0,93.1756,1.9580,4.8665
country_norway,2025.1,93.6146,1.7895,4.5959
country_norway,2025.2,94.0333,1.6330,4.3338
country_norway,2025.3,94.4319,1.4876,4.0804
country_norway,2025.4,94.8110,1.3530,3.8360
country_norway,2025.5,95.1710,1.2285,3.6005
country_norway,2025.6,95.5123,1.1135,3.3742
country_norway,2025.7,95.8354,1.0076,3.1570
country_norway,2025.8,96.1408,0.9101,2.9491
country_norway,2025.9,96.4290,0.8207,2.7503
country_norway,2026.0,96.7006,0.7387,2.5607
country_norway,2026.1,96.9561,0.6636,2.3802
country_norway,2026.2,97.1962,0.5952,2.2087
country_norway,2026.3,97.4213,0.5327,2.0460
country_norway,2026.4,97.6320,0.4760,1.8920
country_norway,2026.5,97.8290,0.4244,1.7465
country_norway,2026.6,98.0129,0.3778,1.6094
country_norway,2026.7,98.1841,0.3356,1.4803
country_norway,2026.8,98.3433,0.2975,1.3592
country_norway,2026.9,98.4912,0.2632,1.2456
country_norway,2027.0,98.6281,0.2324,1.1395
country_norway,2027.1,98.7548,0.2048,1.0404
country_norway,2027.2,98.8718,0.1801,0.9481
country_norway,2027.3,98.9796,0.1580,0.8624
country_norway,2027.4,99.0788,0.1383,0.7828
country_norway,2027.5,99.1699,0.1209,0.7093
country_norway,2027.6,99.2533,0.1054,0.6413
country_norway,2027.7,99.3296,0.0917,0.5787
country_norway,2027.8,99.3993,0.0796,0.5211
country_norway,2027.9,99.4627,0.0689,0.4683
country_norway,2028.0,99.5204,0.0595,0.4200
country_norway,2028.1,99.5728,0.0513,0.3759
country_norway,2028.2,99.6202,0.0441,0.3357
country_norway,2028.3,99.6630,0.0379,0.2991
country_norway,2028.4,99.7016,0.0324,0.2660
country_norway,2028.5,99.7363,0.0277,0.2360
country_norway,2028.6,99.7675,0.0236,0.2089
country_norway,2028.7,99.7955,0.0200,0.1845
country_norway,2028.8,99.8204,0.0170,0.1626
country_norway,2028.9,99.8427,0.0144,0.1429
country_norway,2029.0,99.8625,0.0121,0.1254
country_norway,2029.1,99.8801,0.0102,0.1097
country_norway,2029.2,99.8957,0.0085,0.0958
country_norway,2029.3,99.9094,0.0072,0.0834
country_norway,2029.4,99.9216,0.0060,0.0725
country_norway,2029.5,99.9322,0.0050,0.0628
country_norway,2029.6,99.9416,0.0041,0.0543
country_norway,2029.7,99.9498,0.0034,0.0468
country_norway,2029.8,99.9569,0.0028,0.0403
country_norway,2029.9,99.9631,0.0023,0.0345
country_norway,2030.0,99.9685,0.0019,0.0296
country_norway,2030.1,99.9732,0.0016,0.0252
country_norway,2030.2,99.9773,0.0013,0.0215
country_norway,2030.3,99.9807,0.0010,0.0182
country_norway,2030.4,99.9837,0.0008,0.0154
country_norway,2030.5,99.9863,0.0007,0.0130
country_norway,2030.6,99.9885,0.0005,0.0110
country_norway,2030.7,99.9904,0.0004,0.0092
country_norway,2030.8,99.9919,0.0004,0.0077
country_norway,2030.9,99.9933,0.0003,0.0064
country_norway,2031.0,99.9944,0.0002,0.0054
country_norway,2031.1,99.9954,0.0002,0.0044
country_norway,2031.2,99.9962,0.0001,0.0037
country_norway,2031.3,99.9969,0.0001,0.0030
country_norway,2031.4,99.9974,0.0001,0.0025
country_norway,2031.5,99.9979,0.0001,0.0020
country_norway,2031.6,99.9983,0.0001,0.0017
country_norway,2031.7,99.9986,0.0000,0.0014
country_norway,2031.8,99.9989,0.0000,0.0011
country_norway,2031.9,99.9991,0.0000,0.0009
country_norway,2032.0,99.9993,0.0000,0.0007
country_norway,2032.1,99.9994,0.0000,0.0006
country_norway,2032.2,99.9995,0.0000,0.0005
country_norway,2032.3,99.9996,0.0000,0.0004
country_norway,2032.4,99.9997,0.0000,0.0003
country_norway,2032.5,99.9998,0.0000,0.0002
country_norway,2032.6,99.9998,0.0000,0.0002
country_norway,2032.7,99.9999,0.0000,0.0001
country_norway,2032.8,99.9999,0.0000,0.0001
country_norway,2032.9,99.9999,0.0000,0.0001
country_norway,2033.0,99.9999,0.0000,0.0001
country_norway,2033.1,99.9999,0.0000,0.0001
country_norway,2033.2,100.0000,0.0000,0.0000
country_norway,2033.3,100.0000,0.0000,0.0000
country_norway,2033.4,100.0000,0.0000,0.0000
country_norway,2033.5,100.0000,0.0000,0.0000
country_norway,2033.6,100.0000,0.0000,0.0000
country_norway,2033.7,100.0000,0.0000,0.0000
country_norway,2033.8,100.0000,0.0000,0.0000
country_norway,2033.9,100.0000,0.0000,0.0000
country_norway,2034.0,100.0000,0.0000,0.0000
country_norway,2034.1,100.0000,0.0000,0.0000
country_norway,2034.2,100.0000,0.0000,0.0000
country_norway,2034.3,100.0000,0.0000,0.0000
country_norway,2034.4,100.0000,0.0000,0.0000
country_norway,2034.5,100.0000,0.0000,0.0000
country_norway,2034.6,100.0000,0.0000,0.0000
country_norway,2034.7,100.0000,0.0000,0.0000
country_norway,2034.8,100.0000,0.0000,0.0000
country_norway,2034.9,100.0000,0.0000,0.0000
country_norway,2035.0,100.0000,0.0000,0.0000
country_norway,2035.1,100.0000,0.0000,0.0000
country_norway,2035.2,100.0000,0.0000,0.0000
country_norway,2035.3,100.0000,0.0000,0.0000
country_norway,2035.4,100.0000,0.0000,0.0000
country_norway,2035.5,100.0000,0.0000,0.0000
country_norway,2035.6,100.0000,0.0000,0.0000
country_norway,2035.7,100.0000,0.0000,0.0000
country_norway,2035.8,100.0000,0.0000,0.0000
country_norway,2035.9,100.0000,0.0000,0.0000
country_norway,2036.0,100.0000,0.0000,0.0000
country_norway,2036.1,100.0000,0.0000,0.0000
country_norway,2036.2,100.0000,0.0000,0.0000
country_norway,2036.3,100.0000,0.0000,0.0000
country_norway,2036.4,100.0000,0.0000,0.0000
country_norway,2036.5,100.0000,0.0000,0.0000
country_norway,2036.6,100.0000,0.0000,0.0000
country_norway,2036.7,100.0000,0.0000,0.0000
country_norway,2036.8,100.0000,0.0000,0.0000
country_norway,2036.9,100.0000,0.0000,0.0000
country_norway,2037.0,100.0000,0.0000,0.0000
country_norway,2037.1,100.0000,0.0000,0.0000
country_norway,2037.2,100.0000,0.0000,0.0000
country_norway,2037.3,100.0000,0.0000,0.0000
country_norway,2037.4,100.0000,0.0000,0.0000
country_norway,2037.5,100.0000,0.0000,0.0000
country_norway,2037.6,100.0000,0.0000,0.0000
country_norway,2037.7,100.0000,0.0000,0.0000
country_norway,2037.8,100.0000,0.0000,0.0000
country_norway,2037.9,100.0000,0.0000,0.0000
country_norway,2038.0,100.0000,0.0000,0.0000
country_norway,2038.1,100.0000,0.0000,0.0000
country_norway,2038.2,100.0000,0.0000,0.0000
country_norway,2038.3,100.0000,0.0000,0.0000
country_norway,2038.4,100.0000,0.0000,0.0000
country_norway,2038.5,100.0000,0.0000,0.0000
country_norway,2038.6,100.0000,0.0000,0.0000
country_norway,2038.7,100.0000,0.0000,0.0000
country_norway,2038.8,100.0000,0.0000,0.0000
country_norway,2038.9,100.0000,0.0000,0.0000
country_norway,2039.0,100.0000,0.0000,0.0000
country_norway,2039.1,100.0000,0.0000,0.0000
country_norway,2039.2,100.0000,0.0000,0.0000
country_norway,2039.3,100.0000,0.0000,0.0000
country_norway,2039.4,100.0000,0.0000,0.0000
country_norway,2039.5,100.0000,0.0000,0.0000
country_norway,2039.6,100.0000,0.0000,0.0000
country_norway,2039.7,100.0000,0.0000,0.0000
country_norway,2039.8,100.0000,0.0000,0.0000
country_norway,2039.9,100.0000,0.0000,0.0000
country_norway,2040.0,100.0000,0.0000,0.0000
country_norway,2040.1,100.0000,0.0000,0.0000
country_norway,2040.2,100.0000,0.0000,0.0000
country_norway,2040.3,100.0000,0.0000,0.0000
country_norway,2040.4,100.0000,0.0000,0.0000
country_norway,2040.5,100.0000,0.0000,0.0000
country_norway,2040.6,100.0000,0.0000,0.0000
country_norway,2040.7,100.0000,0.0000,0.0000
country_norway,2040.8,100.0000,0.0000,0.0000
country_norway,2040.9,100.0000,0.0000,0.0000
country_norway,2041.0,100.0000,0.0000,0.0000
country_norway,2041.1,100.0000,0.0000,0.0000
country_norway,2041.2,100.0000,0.0000,0.0000
country_norway,2041.3,100.0000,0.0000,0.0000
country_norway,2041.4,100.0000,0.0000,0.0000
country_norway,2041.5,100.0000,0.0000,0.0000
country_norway,2041.6,100.0000,0.0000,0.0000
country_norway,2041.7,100.0000,0.0000,0.0000
country_norway,2041.8,100.0000,0.0000,0.0000
country_norway,2041.9,100.0000,0.0000,0.0000
country_norway,2042.0,100.0000,0.0000,0.0000
country_norway,2042.1,100.0000,0.0000,0.0000
country_norway,2042.2,100.0000,0.0000,0.0000
country_norway,2042.3,100.0000,0.0000,0.0000
country_norway,2042.4,100.0000,0.0000,0.0000
country_norway,2042.5,100.0000,0.0000,0.0000
country_norway,2042.6,100.0000,0.0000,0.0000
country_norway,2042.7,100.0000,0.0000,0.0000
country_norway,2042.8,100.0000,0.0000,0.0000
country_norway,2042.9,100.0000,0.0000,0.0000
country_norway,2043.0,100.0000,0.0000,0.0000
country_norway,2043.1,100.0000,0.0000,0.0000
country_norway,2043.2,100.0000,0.0000,0.0000
country_norway,2043.3,100.0000,0.0000,0.0000
country_norway,2043.4,100.0000,0.0000,0.0000
country_norway,2043.5,100.0000,0.0000,0.0000
country_norway,2043.6,100.0000,0.0000,0.0000
country_norway,2043.7,100.0000,0.0000,0.0000
country_norway,2043.8,100.0000,0.0000,0.0000
country_norway,2043.9,100.0000,0.0000,0.0000
country_norway,2044.0,100.0000,0.0000,0.0000
country_norway,2044.1,100.0000,0.0000,0.0000
country_norway,2044.2,100.0000,0.0000,0.0000
country_norway,2044.3,100.0000,0.0000,0.0000
country_norway,2044.4,100.0000,0.0000,0.0000
country_norway,2044.5,100.0000,0.0000,0.0000
country_norway,2044.6,100.0000,0.0000,0.0000
country_norway,2044.7,100.0000,0.0000,0.0000
country_norway,2044.8,100.0000,0.0000,0.0000
country_norway,2044.9,100.0000,0.0000,0.0000
country_norway,2045.0,100.0000,0.0000,0.0000
country_norway,2045.1,100.0000,0.0000,0.0000
country_norway,2045.2,100.0000,0.0000,0.0000
country_norway,2045.3,100.0000,0.0000,0.0000
country_norway,2045.4,100.0000,0.0000,0.0000
country_norway,2045.5,100.0000,0.0000,0.0000
country_norway,2045.6,100.0000,0.0000,0.0000
country_norway,2045.7,100.0000,0.0000,0.0000
country_norway,2045.8,100.0000,0.0000,0.0000
country_norway,2045.9,100.0000,0.0000,0.0000
country_norway,2046.0,100.0000,0.0000,0.0000
country_norway,2046.1,100.0000,0.0000,0.0000
country_norway,2046.2,100.0000,0.0000,0.0000
country_norway,2046.3,100.0000,0.0000,0.0000
country_norway,2046.4,100.0000,0.0000,0.0000
country_norway,2046.5,100.0000,0.0000,0.0000
country_norway,2046.6,100.0000,0.0000,0.0000
country_norway,2046.7,100.0000,0.0000,0.0000
country_norway,2046.8,100.0000,0.0000,0.0000
country_norway,2046.9,100.0000,0.0000,0.0000
country_norway,2047.0,100.0000,0.0000,0.0000
country_norway,2047.1,100.0000,0.0000,0.0000
country_norway,2047.2,100.0000,0.0000,0.0000
country_norway,2047.3,100.0000,0.0000,0.0000
country_norway,2047.4,100.0000,0.0000,0.0000
country_norway,2047.5,100.0000,0.0000,0.0000
country_norway,2047.6,100.0000,0.0000,0.0000
country_norway,2047.7,100.0000,0.0000,0.0000
country_norway,2047.8,100.0000,0.0000,0.0000
country_norway,2047.9,100.0000,0.0000,0.0000
country_norway,2048.0,100.0000,0.0000,0.0000
country_norway,2048.1,100.0000,0.0000,0.0000
country_norway,2048.2,100.0000,0.0000,0.0000
country_norway,2048.3,100.0000,0.0000,0.0000
country_norway,2048.4,100.0000,0.0000,0.0000
country_norway,2048.5,100.0000,0.0000,0.0000
country_norway,2048.6,100.0000,0.0000,0.0000
country_norway,2048.7,100.0000,0.0000,0.0000
country_norway,2048.8,100.0000,0.0000,0.0000
country_norway,2048.9,100.0000,0.0000,0.0000
country_norway,2049.0,100.0000,0.0000,0.0000
country_norway,2049.1,100.0000,0.0000,0.0000
country_norway,2049.2,100.0000,0.0000,0.0000
country_norway,2049.3,100.0000,0.0000,0.0000
country_norway,2049.4,100.0000,0.0000,0.0000
country_norway,2049.5,100.0000,0.0000,0.0000
country_norway,2049.6,100.0000,0.0000,0.0000
country_norway,2049.7,100.0000,0.0000,0.0000
country_norway,2049.8,100.0000,0.0000,0.0000
country_norway,2049.9,100.0000,0.0000,0.0000
country_norway,2050.0,100.0000,0.0000,0.0000
country_usa,2015.0,0.3929,99.3757,0.2314
country_usa,2015.1,0.4141,99.3450,0.2409
country_usa,2015.2,0.4360,99.3135,0.2506
country_usa,2015.3,0.4585,99.2810,0.2605
country_usa,2015.4,0.4818,99.2477,0.2705
country_usa,2015.5,0.5058,99.2136,0.2807
country_usa,2015.6,0.5305,99.1785,0.2910
country_usa,2015.7,0.5559,99.1425,0.3015
country_usa,2015.8,0.5821,99.1057,0.3122
country_usa,2015.9,0.6090,99.0679,0.3231
country_usa,2016.0,0.6367,99.0292,0.3340
country_usa,2016.1,0.6652,98.9896,0.3452
country_usa,2016.2,0.6944,98.9491,0.3565
country_usa,2016.3,0.7245,98.9076,0.3679
country_usa,2016.4,0.7553,98.8653,0.3795
country_usa,2016.5,0.7869,98.8219,0.3912
country_usa,2016.6,0.8193,98.7777,0.4030
country_usa,2016.7,0.8525,98.7325,0.4150
country_usa,2016.8,0.8865,98.6863,0.4272
country_usa,2016.9,0.9214,98.6391,0.4395
country_usa,2017.0,0.9571,98.5910,0.4519
country_usa,2017.1,0.9936,98.5420,0.4644
country_usa,2017.2,1.0310,98.4919,0.4770
country_usa,2017.3,1.0693,98.4409,0.4898
country_usa,2017.4,1.1084,98.3889,0.5027
country_usa,2017.5,1.1483,98.3359,0.5157
country_usa,2017.6,1.1892,98.2820,0.5289
country_usa,2017.7,1.2309,98.2270,0.5421
country_usa,2017.8,1.2735,98.1710,0.5555
country_usa,2017.9,1.3170,98.1140,0.5689
country_usa,2018.0,1.3614,98.0560,0.5825
country_usa,2018.1,1.4068,97.9970,0.5962
country_usa,2018.2,1.4530,97.9370,0.6100
country_usa,2018.3,1.5001,97.8760,0.6239
country_usa,2018.4,1.5482,97.8139,0.6378
country_usa,2018.5,1.5972,97.7509,0.6519
country_usa,2018.6,1.6472,97.6868,0.6661
country_usa,2018.7,1.6981,97.6216,0.6803
country_usa,2018.8,1.7499,97.5554,0.6947
country_usa,2018.9,1.8027,97.4882,0.7091
country_usa,2019.0,1.8564,97.4200,0.7236
country_usa,2019.1,1.9112,97.3507,0.7382
country_usa,2019.2,1.9669,97.2803,0.7528
country_usa,2019.3,2.0235,97.2089,0.7675
country_usa,2019.4,2.0812,97.1365,0.7823
country_usa,2019.5,2.1398,97.0630,0.7972
country_usa,2019.6,2.1995,96.9884,0.8121
country_usa,2019.7,2.2601,96.9128,0.8271
country_usa,2019.8,2.3218,96.8361,0.8422
country_usa,2019.9,2.3844,96.7583,0.8573
country_usa,2020.0,2.4481,96.6795,0.8724
country_usa,2020.1,2.5128,96.5996,0.8876
country_usa,2020.2,2.5785,96.5186,0.9029
country_usa,2020.3,2.6452,96.4366,0.9182
country_usa,2020.4,2.7130,96.3535,0.9335
country_usa,2020.5,2.7818,96.2693,0.9489
country_usa,2020.6,2.8517,96.1840,0.9644
country_usa,2020.7,2.9226,96.0976,0.9798
country_usa,2020.8,2.9945,96.0102,0.9953
country_usa,2020.9,3.0675,95.9217,1.0108
country_usa,2021.0,3.1416,95.8320,1.0264
country_usa,2021.1,3.2167,95.7413,1.0419
country_usa,2021.2,3.2929,95.6495,1.0575
country_usa,2021.3,3.3702,95.5567,1.0731
country_usa,2021.4,3.4486,95.4627,1.0888
country_usa,2021.5,3.5280,95.3676,1.1044
country_usa,2021.6,3.6085,95.2715,1.1200
country_usa,2021.7,3.6901,95.1742,1.1357
country_usa,2021.8,3.7728,95.0758,1.1513
country_usa,2021.9,3.8566,94.9764,1.1670
country_usa,2022.0,3.9415,94.8759,1.1826
country_usa,2022.1,4.0275,94.7742,1.1983
country_usa,2022.2,4.1146,94.6715,1.2139
country_usa,2022.3,4.2028,94.5676,1.2296
country_usa,2022.4,4.2921,94.4627,1.2452
country_usa,2022.5,4.3825,94.3567,1.2608
country_usa,2022.6,4.4741,94.2495,1.2764
country_usa,2022.7,4.5668,94.1413,1.2920
country_usa,2022.8,4.6605,94.0319,1.3075
country_usa,2022.9,4.7555,93.9215,1.3230
country_usa,2023.0,4.8515,93.8100,1.3385
country_usa,2023.1,4.9487,93.6973,1.3540
country_usa,2023.2,5.0470,93.5836,1.3694
country_usa,2023.3,5.1465,93.4688,1.3848
country_usa,2023.4,5.2470,93.3528,1.4001
country_usa,2023.5,5.3488,93.2358,1.4154
country_usa,2023.6,5.4516,93.1177,1.4307
country_usa,2023.7,5.5557,92.9984,1.4459
country_usa,2023.8,5.6608,92.8781,1.4611
country_usa,2023.9,5.7671,92.7567,1.4762
country_usa,2024.0,5.8746,92.6342,1.4912
country_usa,2024.1,5.9832,92.5106,1.5062
country_usa,2024.2,6.0930,92.3859,1.5212
country_usa,2024.3,6.2039,92.2601,1.5360
country_usa,2024.4,6.3160,92.1332,1.5508
country_usa,2024.5,6.4292,92.0052,1.5656
country_usa,2024.6,6.5436,91.8761,1.5802
country_usa,2024.7,6.6592,91.7460,1.5948
country_usa,2024.8,6.7759,91.6147,1.6093
country_usa,2024.9,6.8938,91.4824,1.6238
country_usa,2025.0,7.0129,91.3490,1.6381
country_usa,2025.1,7.1331,91.2145,1.6524
country_usa,2025.2,7.2545,91.0789,1.6666
country_usa,2025.3,7.3770,90.9423,1.6807
country_usa,2025.4,7.5007,90.8046,1.6947
country_usa,2025.5,7.6256,90.6658,1.7086
country_usa,2025.6,7.7517,90.5259,1.7224
country_usa,2025.7,7.8789,90.3850,1.7361
country_usa,2025.8,8.0073,90.2430,1.7497
country_usa,2025.9,8.1369,90.0999,1.7632
country_usa,2026.0,8.2676,89.9558,1.7766
country_usa,2026.1,8.3995,89.8106,1.7899
country_usa,2026.2,8.5326,89.6643,1.8031
country_usa,2026.3,8.6668,89.5170,1.8162
country_usa,2026.4,8.8022,89.3686,1.8291
country_usa,2026.5,8.9388,89.2192,1.8419
country_usa,2026.6,9.0766,89.0688,1.8547
country_usa,2026.7,9.2155,88.9173,1.8672
country_usa,2026.8,9.3556,88.7647,1.8797
country_usa,2026.9,9.4968,88.6111,1.8920
country_usa,2027.0,9.6393,88.4565,1.9043
country_usa,2027.1,9.7828,88.3008,1.9163
country_usa,2027.2,9.9276,88.1441,1.9283
country_usa,2027.3,10.0735,87.9864,1.9401
country_usa,2027.4,10.2206,87.8277,1.9518
country_usa,2027.5,10.3688,87.6679,1.9633
country_usa,2027.6,10.5182,87.5071,1.9747
country_usa,2027.7,10.6688,87.3453,1.9859
country_usa,2027.8,10.8205,87.1825,1.9970
country_usa,2027.9,10.9733,87.0187,2.0080
country_usa,2028.0,11.1274,86.8539,2.0188
country_usa,2028.1,11.2825,86.6881,2.0294
country_usa,2028.2,11.4388,86.5213,2.0399
country_usa,2028.3,11.5963,86.3535,2.0502
country_usa,2028.4,11.7549,86.1847,2.0604
country_usa,2028.5,11.9147,86.0149,2.0704
country_usa,2028.6,12.0756,85.8441,2.0803
country_usa,2028.7,12.2376,85.6724,2.0900
country_usa,2028.8,12.4008,85.4997,2.0995
country_usa,2028.9,12.5651,85.3260,2.1088
country_usa,2029.0,12.7306,85.1514,2.1180
country_usa,2029.1,12.8971,84.9758,2.1270
country_usa,2029.2,13.0648,84.7993,2.1359
country_usa,2029.3,13.2337,84.6218,2.1446
country_usa,2029.4,13.4036,84.4433,2.1531
country_usa,2029.5,13.5747,84.2640,2.1614
country_usa,2029.6,13.7469,84.0836,2.1695
country_usa,2029.7,13.9201,83.9024,2.1775
country_usa,2029.8,14.0945,83.7202,2.1852
country_usa,2029.9,14.2700,83.5371,2.1928
country_usa,2030.0,14.4467,83.3531,2.2002
country_usa,2030.1,14.6244,83.1682,2.2074
country_usa,2030.2,14.8032,82.9824,2.2145
country_usa,2030.3,14.9831,82.7956,2.2213
country_usa,2030.4,15.1640,82.6080,2.2280
country_usa,2030.5,15.3461,82.4195,2.2344
country_usa,2030.6,15.5292,82.2301,2.2407
country_usa,2030.7,15.7135,82.0398,2.2467
country_usa,2030.8,15.8987,81.8486,2.2526
country_usa,2030.9,16.0851,81.6566,2.2583
country_usa,2031.0,16.2725,81.4637,2.2637
country_usa,2031.1,16.4610,81.2700,2.2690
country_usa,2031.2,16.6505,81.0754,2.2741
country_usa,2031.3,16.8411,80.8799,2.2790
country_usa,2031.4,17.0327,80.6836,2.2836
country_usa,2031.5,17.2254,80.4865,2.2881
country_usa,2031.6,17.4191,80.2885,2.2923
country_usa,2031.7,17.6139,80.0898,2.2964
country_usa,2031.8,17.8096,79.8902,2.3002
country_usa,2031.9,18.0064,79.6898,2.3039
country_usa,2032.0,18.2042,79.4885,2.3073
country_usa,2032.1,18.4030,79.2865,2.3105
country_usa,2032.2,18.6028,79.0837,2.3135
country_usa,2032.3,18.8036,78.8801,2.3163
country_usa,2032.4,19.0054,78.6757,2.3188
country_usa,2032.5,19.2082,78.4706,2.3212
country_usa,2032.6,19.4120,78.2647,2.3233
country_usa,2032.7,19.6167,78.0580,2.3253
country_usa,2032.8,19.8225,77.8505,2.3270
country_usa,2032.9,20.0292,77.6423,2.3285
country_usa,2033.0,20.2368,77.4334,2.3298
country_usa,2033.1,20.4454,77.2237,2.3308
country_usa,2033.2,20.6550,77.0133,2.3317
country_usa,2033.3,20.8655,76.8022,2.3323
country_usa,2033.4,21.0769,76.5904,2.3327
country_usa,2033.5,21.2893,76.3778,2.3329
country_usa,2033.6,21.5025,76.1646,2.3329
country_usa,2033.7,21.7167,75.9506,2.3326
country_usa,2033.8,21.9319,75.7360,2.3322
country_usa,2033.9,22.1479,75.5207,2.3315
country_usa,2034.0,22.3648,75.3047,2.3306
country_usa,2034.1,22.5826,75.0880,2.3294
country_usa,2034.2,22.8013,74.8707,2.3281
country_usa,2034.3,23.0208,74.6527,2.3265
country_usa,2034.4,23.2412,74.4341,2.3247
country_usa,2034.5,23.4625,74.2148,2.3227
country_usa,2034.6,23.6847,73.9949,2.3204
country_usa,2034.7,23.9077,73.7744,2.3180
country_usa,2034.8,24.1315,73.5533,2.3153
country_usa,2034.9,24.3561,73.3315,2.3124
country_usa,2035.0,24.5816,73.1091,2.3092
country_usa,2035.1,24.8079,72.8862,2.3059
country_usa,2035.2,25.0351,72.6627,2.3023
country_usa,2035.3,25.2630,72.4385,2.2985
country_usa,2035.4,25.4917,72.2138,2.2945
country_usa,2035.5,25.7212,71.9886,2.2902
country_usa,2035.6,25.9515,71.7628,2.2858
country_usa,2035.7,26.1825,71.5364,2.2811
country_usa,2035.8,26.4144,71.3095,2.2762
country_usa,2035.9,26.6469,71.0820,2.2711
country_usa,2036.0,26.8802,70.8540,2.2657
country_usa,2036.1,27.1143,70.6255,2.2602
country_usa,2036.2,27.3491,70.3965,2.2544
country_usa,2036.3,27.5846,70.1670,2.2484
country_usa,2036.4,27.8209,69.9370,2.2422
country_usa,2036.5,28.0578,69.7065,2.2357
country_usa,2036.6,28.2954,69.4755,2.2291
country_usa,2036.7,28.5338,69.2440,2.2222
country_usa,2036.8,28.7728,69.0121,2.2151
country_usa,2036.9,29.0125,68.7797,2.2078
country_usa,2037.0,29.2528,68.5468,2.2003
country_usa,2037.1,29.4938,68.3136,2.1926
country_usa,2037.2,29.7355,68.0798,2.1847
country_usa,2037.3,29.9778,67.8457,2.1765
country_usa,2037.4,30.2207,67.6111,2.1682
country_usa,2037.5,30.4642,67.3762,2.1596
country_usa,2037.6,30.7084,67.1408,2.1508
country_usa,2037.7,30.9531,66.9050,2.1419
country_usa,2037.8,31.1985,66.6689,2.1327
country_usa,2037.9,31.4444,66.4323,2.1233
country_usa,2038.0,31.6909,66.1954,2.1137
country_usa,2038.1,31.9380,65.9581,2.1039
country_usa,2038.2,32.1856,65.7205,2.0938
country_usa,2038.3,32.4338,65.4826,2.0836
country_usa,2038.4,32.6825,65.2442,2.0732
country_usa,2038.5,32.9318,65.0056,2.0626
country_usa,2038.6,33.1816,64.7666,2.0518
country_usa,2038.7,33.4318,64.5274,2.0408
country_usa,2038.8,33.6826,64.2878,2.0296
country_usa,2038.9,33.9339,64.0479,2.0182
country_usa,2039.0,34.1856,63.8078,2.0066
country_usa,2039.1,34.4379,63.5673,1.9948
country_usa,2039.2,34.6906,63.3266,1.9828
country_usa,2039.3,34.9437,63.0856,1.9707
country_usa,2039.4,35.1973,62.8444,1.9583
country_usa,2039.5,35.4513,62.6029,1.9458
country_usa,2039.6,35.7058,62.3612,1.9331
country_usa,2039.7,35.9606,62.1192,1.9202
country_usa,2039.8,36.2159,61.8770,1.9071
country_usa,2039.9,36.4715,61.6346,1.8938
country_usa,2040.0,36.7276,61.3920,1.8804
country_usa,2040.1,36.9840,61.1492,1.8667
country_usa,2040.2,37.2408,60.9063,1.8529
country_usa,2040.3,37.4979,60.6631,1.8390
country_usa,2040.4,37.7554,60.4198,1.8248
country_usa,2040.5,38.0132,60.1762,1.8105
country_usa,2040.6,38.2714,59.9326,1.7960
country_usa,2040.7,38.5299,59.6888,1.7814
country_usa,2040.8,38.7886,59.4448,1.7666
country_usa,2040.9,39.0477,59.2007,1.7516
country_usa,2041.0,39.3070,58.9565,1.7364
country_usa,2041.1,39.5667,58.7122,1.7211
country_usa,2041.2,39.8265,58.4678,1.7057
country_usa,2041.3,40.0867,58.2232,1.6901
country_usa,2041.4,40.3471,57.9786,1.6743
country_usa,2041.5,40.6077,57.7339,1.6584
country_usa,2041.6,40.8686,57.4891,1.6423
country_usa,2041.7,41.1296,57.2443,1.6261
country_usa,2041.8,41.3909,56.9994,1.6097
country_usa,2041.9,41.6524,56.7544,1.5932
country_usa,2042.0,41.9140,56.5095,1.5765
country_usa,2042.1,42.1758,56.2644,1.5597
country_usa,2042.2,42.4378,56.0194,1.5428
country_usa,2042.3,42.6999,55.7743,1.5257
country_usa,2042.4,42.9622,55.5292,1.5085
country_usa,2042.5,43.2246,55.2842,1.4912
country_usa,2042.6,43.4872,55.0391,1.4737
country_usa,2042.7,43.7498,54.7940,1.4561
country_usa,2042.8,44.0126,54.5490,1.4384
country_usa,2042.9,44.2754,54.3040,1.4206
country_usa,2043.0,44.5383,54.0591,1.4026
country_usa,2043.1,44.8013,53.8141,1.3845
country_usa,2043.2,45.0644,53.5693,1.3663
country_usa,2043.3,45.3275,53.3245,1.3480
country_usa,2043.4,45.5906,53.0798,1.3296
country_usa,2043.5,45.8538,52.8351,1.3110
country_usa,2043.6,46.1170,52.5906,1.2924
country_usa,2043.7,46.3802,52.3461,1.2736
country_usa,2043.8,46.6434,52.1018,1.2548
country_usa,2043.9,46.9066,51.8575,1.2358
country_usa,2044.0,47.1698,51.6134,1.2168
country_usa,2044.1,47.4329,51.3694,1.1976
country_usa,2044.2,47.6961,51.1256,1.1784
country_usa,2044.3,47.9591,50.8818,1.1590
country_usa,2044.4,48.2221,50.6383,1.1396
country_usa,2044.5,48.4850,50.3949,1.1201
country_usa,2044.6,48.7479,50.1516,1.1005
country_usa,2044.7,49.0106,49.9086,1.0808
country_usa,2044.8,49.2733,49.6657,1.0611
country_usa,2044.9,49.5358,49.4230,1.0412
country_usa,2045.0,49.7982,49.1805,1.0213
country_usa,2045.1,50.0605,48.9382,1.0013
country_usa,2045.2,50.3227,48.6961,0.9813
country_usa,2045.3,50.5847,48.4542,0.9611
country_usa,2045.4,50.8465,48.2126,0.9409
country_usa,2045.5,51.1082,47.9711,0.9207
country_usa,2045.6,51.3696,47.7300,0.9004
country_usa,2045.7,51.6309,47.4891,0.8800
country_usa,2045.8,51.8920,47.2484,0.8596
country_usa,2045.9,52.1529,47.0080,0.8391
country_usa,2046.0,52.4136,46.7679,0.8186
country_usa,2046.1,52.6740,46.5280,0.7980
country_usa,2046.2,52.9342,46.2884,0.7774
country_usa,2046.3,53.1942,46.0492,0.7567
country_usa,2046.4,53.4538,45.8102,0.7360
country_usa,2046.5,53.7133,45.5715,0.7152
country_usa,2046.6,53.9724,45.3332,0.6944
country_usa,2046.7,54.2313,45.0951,0.6736
country_usa,2046.8,54.4898,44.8574,0.6528
country_usa,2046.9,54.7481,44.6200,0.6319
country_usa,2047.0,55.0060,44.3830,0.6110
country_usa,2047.1,55.2636,44.1463,0.5901
country_usa,2047.2,55.5209,43.9100,0.5691
country_usa,2047.3,55.7779,43.6740,0.5481
country_usa,2047.4,56.0344,43.4384,0.5271
country_usa,2047.5,56.2907,43.2032,0.5062
country_usa,2047.6,56.5465,42.9683,0.4851
country_usa,2047.7,56.8020,42.7339,0.4641
country_usa,2047.8,57.0571,42.4998,0.4431
country_usa,2047.9,57.3118,42.2662,0.4221
country_usa,2048.0,57.5661,42.0329,0.4010
country_usa,2048.1,57.8199,41.8001,0.3800
country_usa,2048.2,58.0734,41.5677,0.3590
country_usa,2048.3,58.3264,41.3357,0.3379
country_usa,2048.4,58.5790,41.1041,0.3169
country_usa,2048.5,58.8311,40.8730,0.2959
country_usa,2048.6,59.0827,40.6423,0.2749
country_usa,2048.7,59.3339,40.4121,0.2540
country_usa,2048.8,59.5847,40.1824,0.2330
country_usa,2048.9,59.8349,39.9531,0.2121
country_usa,2049.0,60.0846,39.7242,0.1911
country_usa,2049.1,60.3339,39.4959,0.1702
country_usa,2049.2,60.5826,39.2680,0.1494
country_usa,2049.3,60.8308,39.0407,0.1285
country_usa,2049.4,61.0785,38.8138,0.1077
country_usa,2049.5,61.3256,38.5874,0.0870
country_usa,2049.6,61.5723,38.3615,0.0662
country_usa,2049.7,61.8183,38.1362,0.0455
country_usa,2049.8,62.0638,37.9113,0.0249
country_usa,2049.9,62.3088,37.6870,0.0042
country_usa,2050.0,62.5531,37.4632,0.0000
country_japan,2015.0,0.1776,99.3222,0.5002
country_japan,2015.1,0.1865,99.2992,0.5143
country_japan,2015.2,0.1955,99.2760,0.5285
country_japan,2015.3,0.2048,99.2526,0.5426
country_japan,2015.4,0.2143,99.2290,0.5567
country_japan,2015.5,0.2241,99.2052,0.5708
country_japan,2015.6,0.2340,99.1812,0.5848
country_japan,2015.7,0.2441,99.1571,0.5988
country_japan,2015.8,0.2545,99.1327,0.6128
country_japan,2015.9,0.2650,99.1082,0.6268
country_japan,2016.0,0.2758,99.0835,0.6407
country_japan,2016.1,0.2868,99.0587,0.6545
country_japan,2016.2,0.2980,99.0337,0.6684
country_japan,2016.3,0.3094,99.0085,0.6821
country_japan,2016.4,0.3210,98.9832,0.6959
country_japan,2016.5,0.3328,98.9577,0.7096
country_japan,2016.6,0.3448,98.9320,0.7232
country_japan,2016.7,0.3571,98.9062,0.7368
country_japan,2016.8,0.3695,98.8802,0.7503
country_japan,2016.9,0.3822,98.8540,0.7638
country_japan,2017.0,0.3950,98.8278,0.7772
country_japan,2017.1,0.4081,98.8013,0.7906
country_japan,2017.2,0.4214,98.7747,0.8039
country_japan,2017.3,0.4349,98.7480,0.8171
country_japan,2017.4,0.4486,98.7211,0.8303
country_japan,2017.5,0.4625,98.6941,0.8434
country_japan,2017.6,0.4766,98.6670,0.8564
country_japan,2017.7,0.4910,98.6397,0.8694
country_japan,2017.8,0.5055,98.6122,0.8823
country_japan,2017.9,0.5202,98.5847,0.8951
country_japan,2018.0,0.5352,98.5569,0.9079
country_japan,2018.1,0.5503,98.5291,0.9206
country_japan,2018.2,0.5657,98.5011,0.9332
country_japan,2018.3,0.5813,98.4730,0.9457
country_japan,2018.4,0.5971,98.4448,0.9582
country_japan,2018.5,0.6130,98.4164,0.9705
country_japan,2018.6,0.6292,98.3879,0.9828
country_japan,2018.7,0.6456,98.3593,0.9951
country_japan,2018.8,0.6622,98.3306,1.0072
country_japan,2018.9,0.6790,98.3017,1.0193
country_japan,2019.0,0.6961,98.2727,1.0312
country_japan,2019.1,0.7133,98.2436,1.0431
country_japan,2019.2,0.7307,98.2144,1.0549
country_japan,2019.3,0.7483,98.1850,1.0666
country_japan,2019.4,0.7662,98.1556,1.0783
country_japan,2019.5,0.7842,98.1260,1.0898
country_japan,2019.6,0.8025,98.0963,1.1013
country_japan,2019.7,0.8209,98.0665,1.1126
country_japan,2019.8,0.8396,98.0365,1.1239
country_japan,2019.9,0.8584,98.0065,1.1351
country_japan,2020.0,0.8775,97.9764,1.1462
country_japan,2020.1,0.8967,97.9461,1.1572
country_japan,2020.2,0.9162,97.9157,1.1681
country_japan,2020.3,0.9359,97.8852,1.1789
country_japan,2020.4,0.9558,97.8547,1.1896
country_japan,2020.5,0.9758,97.8240,1.2002
country_japan,2020.6,0.9961,97.7932,1.2107
country_japan,2020.7,1.0166,97.7623,1.2211
country_japan,2020.8,1.0373,97.7312,1.2315
country_japan,2020.9,1.0582,97.7001,1.2417
country_japan,2021.0,1.0793,97.6689,1.2518
country_japan,2021.1,1.1006,97.6376,1.2618
country_japan,2021.2,1.1221,97.6062,1.2718
country_japan,2021.3,1.1438,97.5747,1.2816
country_japan,2021.4,1.1657,97.5430,1.2913
country_japan,2021.5,1.1878,97.5113,1.3009
country_japan,2021.6,1.2101,97.4795,1.3104
country_japan,2021.7,1.2326,97.4476,1.3198
country_japan,2021.8,1.2553,97.4156,1.3291
country_japan,2021.9,1.2782,97.3835,1.3383
country_japan,2022.0,1.3013,97.3513,1.3474
country_japan,2022.1,1.3246,97.3190,1.3564
country_japan,2022.2,1.3481,97.2866,1.3653
country_japan,2022.3,1.3718,97.2542,1.3741
country_japan,2022.4,1.3957,97.2216,1.3827
country_japan,2022.5,1.4198,97.1889,1.3913
country_japan,2022.6,1.4441,97.1562,1.3998
country_japan,2022.7,1.4686,97.1233,1.4081
country_japan,2022.8,1.4933,97.0904,1.4163
country_japan,2022.9,1.5182,97.0574,1.4245
country_japan,2023.0,1.5433,97.0243,1.4325
country_japan,2023.1,1.5685,96.9911,1.4404
country_japan,2023.2,1.5940,96.9578,1.4482
country_japan,2023.3,1.6197,96.9244,1.4558
country_japan,2023.4,1.6456,96.8910,1.4634
country_japan,2023.5,1.6717,96.8575,1.4709
country_japan,2023.6,1.6980,96.8238,1.4782
country_japan,2023.7,1.7244,96.7901,1.4854
country_japan,2023.8,1.7511,96.7563,1.4925
country_japan,2023.9,1.7780,96.7225,1.4995
country_japan,2024.0,1.8051,96.6885,1.5064
country_japan,2024.1,1.8323,96.6545,1.5132
country_japan,2024.2,1.8598,96.6204,1.5199
country_japan,2024.3,1.8874,96.5862,1.5264
country_japan,2024.4,1.9153,96.5519,1.5328
country_japan,2024.5,1.9433,96.5175,1.5391
country_japan,2024.6,1.9716,96.4831,1.5453
country_japan,2024.7,2.0000,96.4486,1.5514
country_japan,2024.8,2.0286,96.4140,1.5574
country_japan,2024.9,2.0574,96.3793,1.5632
country_japan,2025.0,2.0865,96.3446,1.5689
country_japan,2025.1,2.1157,96.3098,1.5745
country_japan,2025.2,2.1451,96.2749,1.5800
country_japan,2025.3,2.1747,96.2399,1.5854
country_japan,2025.4,2.2045,96.2049,1.5907
country_japan,2025.5,2.2344,96.1698,1.5958
country_japan,2025.6,2.2646,96.1346,1.6008
country_japan,2025.7,2.2950,96.0993,1.6057
country_japan,2025.8,2.3256,96.0640,1.6105
country_japan,2025.9,2.3563,96.0285,1.6151
country_japan,2026.0,2.3873,95.9931,1.6197
country_japan,2026.1,2.4184,95.9575,1.6241
country_japan,2026.2,2.4497,95.9219,1.6284
country_japan,2026.3,2.4812,95.8862,1.6326
country_japan,2026.4,2.5130,95.8504,1.6366
country_japan,2026.5,2.5449,95.8146,1.6406
country_japan,2026.6,2.5770,95.7787,1.6444
country_japan,2026.7,2.6092,95.7427,1.6481
country_japan,2026.8,2.6417,95.7067,1.6516
country_japan,2026.9,2.6744,95.6705,1.6551
country_japan,2027.0,2.7072,95.6344,1.6584
country_japan,2027.1,2.7403,95.5981,1.6616
country_japan,2027.2,2.7735,95.5618,1.6647
country_japan,2027.3,2.8069,95.5254,1.6676
country_japan,2027.4,2.8405,95.4890,1.6705
country_japan,2027.5,2.8743,95.4525,1.6732
country_japan,2027.6,2.9083,95.4159,1.6758
country_japan,2027.7,2.9425,95.3793,1.6782
country_japan,2027.8,2.9769,95.3426,1.6806
country_japan,2027.9,3.0114,95.3058,1.6828
country_japan,2028.0,3.0462,95.2690,1.6849
country_japan,2028.1,3.0811,95.2321,1.6868
country_japan,2028.2,3.1162,95.1951,1.6887
country_japan,2028.3,3.1515,95.1581,1.6904
country_japan,2028.4,3.1870,95.1210,1.6920
country_japan,2028.5,3.2226,95.0839,1.6935
country_japan,2028.6,3.2585,95.0467,1.6948
country_japan,2028.7,3.2945,95.0094,1.6961
country_japan,2028.8,3.3308,94.9721,1.6972
country_japan,2028.9,3.3672,94.9347,1.6981
country_japan,2029.0,3.4038,94.8972,1.6990
country_japan,2029.1,3.4406,94.8597,1.6997
country_japan,2029.2,3.4775,94.8222,1.7003
country_japan,2029.3,3.5147,94.7845,1.7008
country_japan,2029.4,3.5520,94.7469,1.7011
country_japan,2029.5,3.5895,94.7091,1.7013
country_japan,2029.6,3.6272,94.6713,1.7014
country_japan,2029.7,3.6651,94.6335,1.7014
country_japan,2029.8,3.7032,94.5956,1.7013
country_japan,2029.9,3.7414,94.5576,1.7010
country_japan,2030.0,3.7799,94.5196,1.7006
country_japan,2030.1,3.8185,94.4815,1.7000
country_japan,2030.2,3.8573,94.4433,1.6994
country_japan,2030.3,3.8963,94.4051,1.6986
country_japan,2030.4,3.9354,94.3669,1.6977
country_japan,2030.5,3.9748,94.3286,1.6966
country_japan,2030.6,4.0143,94.2902,1.6955
country_japan,2030.7,4.0540,94.2518,1.6942
country_japan,2030.8,4.0939,94.2133,1.6928
country_japan,2030.9,4.1339,94.1748,1.6912
country_japan,2031.0,4.1742,94.1362,1.6896
country_japan,2031.1,4.2146,94.0976,1.6878
country_japan,2031.2,4.2552,94.0589,1.6859
country_japan,2031.3,4.2960,94.0202,1.6838
country_japan,2031.4,4.3369,93.9814,1.6816
country_japan,2031.5,4.3781,93.9426,1.6793
country_japan,2031.6,4.4194,93.9037,1.6769
country_japan,2031.7,4.4609,93.8647,1.6744
country_japan,2031.8,4.5026,93.8258,1.6717
country_japan,2031.9,4.5444,93.7867,1.6689
country_japan,2032.0,4.5864,93.7476,1.6659
country_japan,2032.1,4.6286,93.7085,1.6629
country_japan,2032.2,4.6710,93.6693,1.6597
country_japan,2032.3,4.7136,93.6300,1.6564
country_japan,2032.4,4.7563,93.5907,1.6529
country_japan,2032.5,4.7992,93.5514,1.6494
country_japan,2032.6,4.8423,93.5120,1.6457
country_japan,2032.7,4.8856,93.4726,1.6419
country_japan,2032.8,4.9290,93.4331,1.6379
country_japan,2032.9,4.9726,93.3936,1.6339
country_japan,2033.0,5.0164,93.3540,1.6297
country_japan,2033.1,5.0603,93.3143,1.6253
country_japan,2033.2,5.1045,93.2747,1.6209
country_japan,2033.3,5.1488,93.2349,1.6163
country_japan,2033.4,5.1932,93.1952,1.6116
country_japan,2033.5,5.2379,93.1554,1.6068
country_japan,2033.6,5.2827,93.1155,1.6018
country_japan,2033.7,5.3277,93.0756,1.5967
country_japan,2033.8,5.3729,93.0356,1.5915
country_japan,2033.9,5.4182,92.9956,1.5862
country_japan,2034.0,5.4637,92.9556,1.5807
country_japan,2034.1,5.5094,92.9155,1.5751
country_japan,2034.2,5.5552,92.8753,1.5694
country_japan,2034.3,5.6013,92.8352,1.5636
country_japan,2034.4,5.6474,92.7949,1.5576
country_japan,2034.5,5.6938,92.7547,1.5515
country_japan,2034.6,5.7403,92.7144,1.5453
country_japan,2034.7,5.7870,92.6740,1.5390
country_japan,2034.8,5.8339,92.6336,1.5325
country_japan,2034.9,5.8809,92.5932,1.5259
country_japan,2035.0,5.9282,92.5527,1.5192
country_japan,2035.1,5.9755,92.5122,1.5123
country_japan,2035.2,6.0231,92.4716,1.5053
country_japan,2035.3,6.0708,92.4310,1.4983
country_japan,2035.4,6.1187,92.3903,1.4910
country_japan,2035.5,6.1667,92.3496,1.4837
country_japan,2035.6,6.2149,92.3089,1.4762
country_japan,2035.7,6.2633,92.2681,1.4686
country_japan,2035.8,6.3118,92.2273,1.4609
country_japan,2035.9,6.3605,92.1864,1.4530
country_japan,2036.0,6.4094,92.1455,1.4451
country_japan,2036.1,6.4585,92.1046,1.4370
country_japan,2036.2,6.5077,92.0636,1.4287
country_japan,2036.3,6.5570,92.0226,1.4204
country_japan,2036.4,6.6066,91.9815,1.4119
country_japan,2036.5,6.6563,91.9404,1.4033
country_japan,2036.6,6.7061,91.8993,1.3946
country_japan,2036.7,6.7561,91.8581,1.3857
country_japan,2036.8,6.8063,91.8169,1.3768
country_japan,2036.9,6.8567,91.7756,1.3677
country_japan,2037.0,6.9072,91.7343,1.3585
country_japan,2037.1,6.9579,91.6930,1.3491
country_japan,2037.2,7.0087,91.6516,1.3396
country_japan,2037.3,7.0597,91.6102,1.3301
country_japan,2037.4,7.1109,91.5688,1.3203
country_japan,2037.5,7.1622,91.5273,1.3105
country_japan,2037.6,7.2137,91.4858,1.3005
country_japan,2037.7,7.2653,91.4442,1.2905
country_japan,2037.8,7.3171,91.4026,1.2803
country_japan,2037.9,7.3691,91.3610,1.2699
country_japan,2038.0,7.4212,91.3193,1.2595
country_japan,2038.1,7.4735,91.2776,1.2489
country_japan,2038.2,7.5259,91.2359,1.2382
country_japan,2038.3,7.5785,91.1941,1.2274
country_japan,2038.4,7.6313,91.1523,1.2164
country_japan,2038.5,7.6842,91.1105,1.2054
country_japan,2038.6,7.7372,91.0686,1.1942
country_japan,2038.7,7.7905,91.0267,1.1829
country_japan,2038.8,7.8438,90.9847,1.1714
country_japan,2038.9,7.8974,90.9427,1.1599
country_japan,2039.0,7.9511,90.9007,1.1482
country_japan,2039.1,8.0049,90.8587,1.1364
country_japan,2039.2,8.0589,90.8166,1.1245
country_japan,2039.3,8.1131,90.7745,1.1124
country_japan,2039.4,8.1674,90.7323,1.1003
country_japan,2039.5,8.2219,90.6901,1.0880
country_japan,2039.6,8.2765,90.6479,1.0756
country_japan,2039.7,8.3313,90.6057,1.0631
country_japan,2039.8,8.3862,90.5634,1.0504
country_japan,2039.9,8.4413,90.5210,1.0377
country_japan,2040.0,8.4965,90.4787,1.0248
country_japan,2040.1,8.5519,90.4363,1.0118
country_japan,2040.2,8.6075,90.3939,0.9987
country_japan,2040.3,8.6631,90.3514,0.9854
country_japan,2040.4,8.7190,90.3090,0.9720
country_japan,2040.5,8.7750,90.2665,0.9586
country_japan,2040.6,8.8311,90.2239,0.9450
country_japan,2040.7,8.8874,90.1813,0.9312
country_japan,2040.8,8.9439,90.1387,0.9174
country_japan,2040.9,9.0005,90.0961,0.9034
country_japan,2041.0,9.0572,90.0534,0.8894
country_japan,2041.1,9.1141,90.0107,0.8752
country_japan,2041.2,9.1712,89.9680,0.8608
country_japan,2041.3,9.2283,89.9252,0.8464
country_japan,2041.4,9.2857,89.8825,0.8319
country_japan,2041.5,9.3432,89.8396,0.8172
country_japan,2041.6,9.4008,89.7968,0.8024
country_japan,2041.7,9.4586,89.7539,0.7875
country_japan,2041.8,9.5165,89.7110,0.7725
country_japan,2041.9,9.5746,89.6681,0.7574
country_japan,2042.0,9.6328,89.6251,0.7421
country_japan,2042.1,9.6912,89.5821,0.7267
country_japan,2042.2,9.7497,89.5391,0.7112
country_japan,2042.3,9.8083,89.4960,0.6956
country_japan,2042.4,9.8671,89.4529,0.6799
country_japan,2042.5,9.9261,89.4098,0.6641
country_japan,2042.6,9.9852,89.3667,0.6481
country_japan,2042.7,10.0444,89.3235,0.6321
country_japan,2042.8,10.1038,89.2803,0.6159
country_japan,2042.9,10.1633,89.2371,0.5996
country_japan,2043.0,10.2230,89.1939,0.5832
country_japan,2043.1,10.2828,89.1506,0.5666
country_japan,2043.2,10.3427,89.1073,0.5500
country_japan,2043.3,10.4028,89.0640,0.5332
country_japan,2043.4,10.4630,89.0206,0.5164
country_japan,2043.5,10.5234,88.9772,0.4994
country_japan,2043.6,10.5839,88.9338,0.4823
country_japan,2043.7,10.6445,88.8904,0.4651
country_japan,2043.8,10.7053,88.8469,0.4477
country_japan,2043.9,10.7663,88.8034,0.4303
country_japan,2044.0,10.8273,88.7599,0.4128
country_japan,2044.1,10.8885,88.7164,0.3951
country_japan,2044.2,10.9499,88.6728,0.3773
country_japan,2044.3,11.0113,88.6292,0.3594
country_japan,2044.4,11.0730,88.5856,0.3414
country_japan,2044.5,11.1347,88.5420,0.3233
country_japan,2044.6,11.1966,88.4983,0.3051
country_japan,2044.7,11.2586,88.4546,0.2867
country_japan,2044.8,11.3208,88.4109,0.2683
country_japan,2044.9,11.3831,88.3672,0.2497
country_japan,2045.0,11.4455,88.3234,0.2311
country_japan,2045.1,11.5081,88.2796,0.2123
country_japan,2045.2,11.5708,88.2358,0.1934
country_japan,2045.3,11.6337,88.1920,0.1744
country_japan,2045.4,11.6966,88.1481,0.1553
country_japan,2045.5,11.7597,88.1042,0.1361
country_japan,2045.6,11.8230,88.0603,0.1167
country_japan,2045.7,11.8863,88.0164,0.0973
country_japan,2045.8,11.9498,87.9724,0.0777
country_japan,2045.9,12.0135,87.9284,0.0581
country_japan,2046.0,12.0773,87.8844,0.0383
country_japan,2046.1,12.1412,87.8404,0.0184
country_japan,2046.2,12.2052,87.7964,0.0000
country_japan,2046.3,12.2693,87.7523,0.0000
country_japan,2046.4,12.3336,87.7082,0.0000
country_japan,2046.5,12.3981,87.6641,0.0000
country_japan,2046.6,12.4626,87.6200,0.0000
country_japan,2046.7,12.5273,87.5758,0.0000
country_japan,2046.8,12.5921,87.5316,0.0000
country_japan,2046.9,12.6570,87.4874,0.0000
country_japan,2047.0,12.7221,87.4432,0.0000
country_japan,2047.1,12.7873,87.3989,0.0000
country_japan,2047.2,12.8526,87.3547,0.0000
country_japan,2047.3,12.9181,87.3104,0.0000
country_japan,2047.4,12.9836,87.2661,0.0000
country_japan,2047.5,13.0493,87.2217,0.0000
country_japan,2047.6,13.1152,87.1774,0.0000
country_japan,2047.7,13.1811,87.1330,0.0000
country_japan,2047.8,13.2472,87.0886,0.0000
country_japan,2047.9,13.3134,87.0442,0.0000
country_japan,2048.0,13.3797,86.9998,0.0000
country_japan,2048.1,13.4462,86.9553,0.0000
country_japan,2048.2,13.5127,86.9109,0.0000
country_japan,2048.3,13.5794,86.8664,0.0000
country_japan,2048.4,13.6463,86.8219,0.0000
country_japan,2048.5,13.7132,86.7773,0.0000
country_japan,2048.6,13.7803,86.7328,0.0000
country_japan,2048.7,13.8474,86.6882,0.0000
country_japan,2048.8,13.9148,86.6436,0.0000
country_japan,2048.9,13.9822,86.5990,0.0000
country_japan,2049.0,14.0497,86.5544,0.0000
country_japan,2049.1,14.1174,86.5097,0.0000
country_japan,2049.2,14.1852,86.4651,0.0000
country_japan,2049.3,14.2531,86.4204,0.0000
country_japan,2049.4,14.3211,86.3757,0.0000
country_japan,2049.5,14.3893,86.3309,0.0000
country_japan,2049.6,14.4575,86.2862,0.0000
country_japan,2049.7,14.5259,86.2414,0.0000
country_japan,2049.8,14.5944,86.1967,0.0000
country_japan,2049.9,14.6630,86.1519,0.0000
country_japan,2050.0,14.7318,86.1071,0.0000
country_france,2015.0,0.3754,99.1126,0.5121
country_france,2015.1,0.4043,99.0526,0.5431
country_france,2015.2,0.4349,98.9898,0.5753
country_france,2015.3,0.4671,98.9243,0.6086
country_france,2015.4,0.5010,98.8559,0.6431
country_france,2015.5,0.5367,98.7845,0.6788
country_france,2015.6,0.5742,98.7101,0.7157
country_france,2015.7,0.6136,98.6326,0.7538
country_france,2015.8,0.6549,98.5520,0.7931
country_france,2015.9,0.6982,98.4681,0.8337
country_france,2016.0,0.7436,98.3810,0.8754
country_france,2016.1,0.7911,98.2905,0.9184
country_france,2016.2,0.8407,98.1966,0.9627
country_france,2016.3,0.8926,98.0992,1.0082
country_france,2016.4,0.9468,97.9983,1.0549
country_france,2016.5,1.0033,97.8937,1.1030
country_france,2016.6,1.0622,97.7855,1.1522
country_france,2016.7,1.1237,97.6736,1.2028
country_france,2016.8,1.1876,97.5578,1.2546
country_france,2016.9,1.2542,97.4382,1.3076
country_france,2017.0,1.3235,97.3146,1.3620
country_france,2017.1,1.3954,97.1870,1.4175
country_france,2017.2,1.4702,97.0554,1.4744
country_france,2017.3,1.5478,96.9196,1.5325
country_france,2017.4,1.6284,96.7797,1.5919
country_france,2017.5,1.7120,96.6356,1.6525
country_france,2017.6,1.7986,96.4871,1.7144
country_france,2017.7,1.8883,96.3343,1.7775
country_france,2017.8,1.9812,96.1770,1.8418
country_france,2017.9,2.0774,96.0153,1.9073
country_france,2018.0,2.1768,95.8491,1.9741
country_france,2018.1,2.2797,95.6782,2.0421
country_france,2018.2,2.3860,95.5028,2.1112
country_france,2018.3,2.4959,95.3226,2.1816
country_france,2018.4,2.6093,95.1377,2.2531
country_france,2018.5,2.7263,94.9480,2.3257
country_france,2018.6,2.8471,94.7534,2.3995
country_france,2018.7,2.9717,94.5539,2.4744
country_france,2018.8,3.1001,94.3495,2.5504
country_france,2018.9,3.2324,94.1401,2.6275
country_france,2019.0,3.3687,93.9256,2.7057
country_france,2019.1,3.5090,93.7061,2.7849
country_france,2019.2,3.6535,93.4814,2.8651
country_france,2019.3,3.8021,93.2516,2.9463
country_france,2019.4,3.9549,93.0165,3.0285
country_france,2019.5,4.1121,92.7762,3.1117
country_france,2019.6,4.2736,92.5306,3.1958
country_france,2019.7,4.4395,92.2797,3.2808
country_france,2019.8,4.6100,92.0234,3.3667
country_france,2019.9,4.7849,91.7617,3.4534
country_france,2020.0,4.9645,91.4946,3.5409
country_france,2020.1,5.1488,91.2220,3.6292
country_france,2020.2,5.3377,90.9439,3.7183
country_france,2020.3,5.5315,90.6604,3.8081
country_france,2020.4,5.7301,90.3712,3.8986
country_france,2020.5,5.9337,90.0766,3.9898
country_france,2020.6,6.1421,89.7763,4.0816
country_france,2020.7,6.3557,89.4704,4.1739
country_france,2020.8,6.5742,89.1589,4.2668
country_france,2020.9,6.7979,88.8418,4.3603
country_france,2021.0,7.0268,88.5190,4.4541
country_france,2021.1,7.2609,88.1906,4.5485
country_france,2021.2,7.5003,87.8565,4.6432
country_france,2021.3,7.7450,87.5167,4.7383
country_france,2021.4,7.9951,87.1712,4.8337
country_france,2021.5,8.2506,86.8200,4.9293
country_france,2021.6,8.5116,86.4632,5.0252
country_france,2021.7,8.7781,86.1006,5.1212
country_france,2021.8,9.0502,85.7324,5.2174
country_france,2021.9,9.3278,85.3585,5.3137
country_france,2022.0,9.6111,84.9789,5.4100
country_france,2022.1,9.9001,84.5936,5.5063
country_france,2022.2,10.1948,84.2027,5.6026
country_france,2022.3,10.4952,83.8061,5.6987
country_france,2022.4,10.8014,83.4039,5.7947
country_france,2022.5,11.1134,82.9961,5.8905
country_france,2022.6,11.4312,82.5828,5.9860
country_france,2022.7,11.7549,82.1639,6.0813
country_france,2022.8,12.0844,81.7394,6.1762
country_france,2022.9,12.4199,81.3094,6.2706
country_france,2023.0,12.7613,80.8740,6.3647
country_france,2023.1,13.1087,80.4331,6.4582
country_france,2023.2,13.4620,79.9869,6.5511
country_france,2023.3,13.8214,79.5352,6.6434
country_france,2023.4,14.1867,79.0783,6.7351
country_france,2023.5,14.5580,78.6160,6.8260
country_france,2023.6,14.9353,78.1486,6.9162
country_france,2023.7,15.3186,77.6759,7.0055
country_france,2023.8,15.7080,77.1981,7.0939
country_france,2023.9,16.1033,76.7153,7.1814
country_france,2024.0,16.5047,76.2274,7.2679
country_france,2024.1,16.9121,75.7345,7.3534
country_france,2024.2,17.3255,75.2368,7.4377
country_france,2024.3,17.7449,74.7342,7.5209
country_france,2024.4,18.1703,74.2268,7.6029
country_france,2024.5,18.6016,73.7147,7.6837
country_france,2024.6,19.0389,73.1980,7.7631
country_france,2024.7,19.4821,72.6768,7.8411
country_france,2024.8,19.9312,72.1510,7.9178
country_france,2024.9,20.3862,71.6209,7.9929
country_france,2025.0,20.8470,71.0864,8.0666
country_france,2025.1,21.3137,70.5477,8.1387
country_france,2025.2,21.7861,70.0048,8.2091
country_france,2025.3,22.2642,69.4579,8.2779
country_france,2025.4,22.7481,68.9070,8.3449
country_france,2025.5,23.2376,68.3522,8.4102
country_france,2025.6,23.7327,67.7936,8.4737
country_france,2025.7,24.2334,67.2313,8.5353
country_france,2025.8,24.7396,66.6654,8.5950
country_france,2025.9,25.2512,66.0960,8.6528
country_france,2026.0,25.7682,65.5233,8.7086
country_france,2026.1,26.2905,64.9472,8.7623
country_france,2026.2,26.8181,64.3680,8.8139
country_france,2026.3,27.3508,63.7857,8.8635
country_france,2026.4,27.8887,63.2004,8.9108
country_france,2026.5,28.4317,62.6123,8.9560
country_france,2026.6,28.9796,62.0215,8.9990
country_france,2026.7,29.5323,61.4280,9.0396
country_france,2026.8,30.0899,60.8321,9.0780
country_france,2026.9,30.6522,60.2338,9.1140
country_france,2027.0,31.2191,59.6332,9.1477
country_france,2027.1,31.7905,59.0305,9.1790
country_france,2027.2,32.3664,58.4258,9.2079
country_france,2027.3,32.9466,57.8192,9.2343
country_france,2027.4,33.5310,57.2108,9.2582
country_france,2027.5,34.1195,56.6008,9.2796
country_france,2027.6,34.7121,55.9893,9.2986
country_france,2027.7,35.3086,55.3765,9.3149
country_france,2027.8,35.9088,54.7624,9.3288
country_france,2027.9,36.5128,54.1472,9.3400
country_france,2028.0,37.1203,53.5310,9.3487
country_france,2028.1,37.7312,52.9140,9.3548
country_france,2028.2,38.3454,52.2963,9.3582
country_france,2028.3,38.9629,51.6780,9.3591
country_france,2028.4,39.5833,51.0593,9.3573
country_france,2028.5,40.2068,50.4403,9.3529
country_france,2028.6,40.8329,49.8212,9.3459
country_france,2028.7,41.4618,49.2020,9.3362
country_france,2028.8,42.0932,48.5829,9.3239
country_france,2028.9,42.7269,47.9641,9.3090
country_france,2029.0,43.3628,47.3457,9.2914
country_france,2029.1,44.0009,46.7278,9.2713
country_france,2029.2,44.6409,46.1106,9.2485
country_france,2029.3,45.2827,45.4942,9.2231
country_france,2029.4,45.9261,44.8787,9.1952
country_france,2029.5,46.5710,44.2643,9.1647
country_france,2029.6,47.2172,43.6512,9.1316
country_france,2029.7,47.8646,43.0393,9.0960
country_france,2029.8,48.5131,42.4290,9.0579
country_france,2029.9,49.1624,41.8203,9.0174
country_france,2030.0,49.8124,41.2133,8.9743
country_france,2030.1,50.4629,40.6082,8.9288
country_france,2030.2,51.1139,40.0052,8.8810
country_france,2030.3,51.7650,39.4043,8.8307
country_france,2030.4,52.4162,38.8057,8.7781
country_france,2030.5,53.0673,38.2094,8.7232
country_france,2030.6,53.7182,37.6158,8.6660
country_france,2030.7,54.3686,37.0248,8.6067
country_france,2030.8,55.0184,36.4365,8.5451
country_france,2030.9,55.6674,35.8512,8.4813
country_france,2031.0,56.3156,35.2689,8.4155
country_france,2031.1,56.9626,34.6898,8.3476
country_france,2031.2,57.6084,34.1140,8.2777
country_france,2031.3,58.2527,33.5415,8.2058
country_france,2031.4,58.8955,32.9725,8.1320
country_france,2031.5,59.5365,32.4072,8.0563
country_france,2031.6,60.1756,31.8455,7.9789
country_france,2031.7,60.8127,31.2877,7.8996
country_france,2031.8,61.4475,30.7338,7.8187
country_france,2031.9,62.0799,30.1840,7.7361
country_france,2032.0,62.7097,29.6383,7.6519
country_france,2032.1,63.3368,29.0969,7.5662
country_france,2032.2,63.9611,28.5598,7.4791
country_france,2032.3,64.5824,28.0271,7.3905
country_france,2032.4,65.2004,27.4990,7.3006
country_france,2032.5,65.8152,26.9755,7.2093
country_france,2032.6,66.4265,26.4566,7.1169
country_france,2032.7,67.0341,25.9426,7.0233
country_france,2032.8,67.6380,25.4334,6.9286
country_france,2032.9,68.2380,24.9292,6.8329
country_france,2033.0,68.8339,24.4300,6.7362
country_france,2033.1,69.4256,23.9359,6.6385
country_france,2033.2,70.0130,23.4469,6.5401
country_france,2033.3,70.5959,22.9632,6.4409
country_france,2033.4,71.1743,22.4847,6.3410
country_france,2033.5,71.7479,22.0116,6.2405
country_france,2033.6,72.3167,21.5440,6.1393
country_france,2033.7,72.8805,21.0818,6.0377
country_france,2033.8,73.4393,20.6251,5.9357
country_france,2033.9,73.9928,20.1740,5.8332
country_france,2034.0,74.5410,19.7285,5.7305
country_france,2034.1,75.0838,19.2886,5.6275
country_france,2034.2,75.6211,18.8545,5.5244
country_france,2034.3,76.1528,18.4261,5.4211
country_france,2034.4,76.6787,18.0034,5.3178
country_france,2034.5,77.1989,17.5866,5.2146
country_france,2034.6,77.7131,17.1756,5.1114
country_france,2034.7,78.2213,16.7704,5.0083
country_france,2034.8,78.7235,16.3711,4.9055
country_france,2034.9,79.2195,15.9777,4.8029
country_france,2035.0,79.7092,15.5902,4.7006
country_france,2035.1,80.1927,15.2086,4.5987
country_france,2035.2,80.6698,14.8330,4.4972
country_france,2035.3,81.1405,14.4633,4.3963
country_france,2035.4,81.6046,14.0995,4.2959
country_france,2035.5,82.0623,13.7416,4.1961
country_france,2035.6,82.5133,13.3898,4.0969
country_france,2035.7,82.9578,13.0438,3.9985
country_france,2035.8,83.3955,12.7038,3.9008
country_france,2035.9,83.8265,12.3696,3.8039
country_france,2036.0,84.2508,12.0414,3.7078
country_france,2036.1,84.6682,11.7191,3.6127
country_france,2036.2,85.0789,11.4026,3.5185
country_france,2036.3,85.4828,11.0920,3.4252
country_france,2036.4,85.8798,10.7872,3.3330
country_france,2036.5,86.2699,10.4882,3.2419
country_france,2036.6,86.6532,10.1950,3.1518
country_france,2036.7,87.0296,9.9075,3.0629
country_france,2036.8,87.3992,9.6257,2.9751
country_france,2036.9,87.7618,9.3496,2.8886
country_france,2037.0,88.1176,9.0791,2.8032
country_france,2037.1,88.4666,8.8143,2.7191
country_france,2037.2,88.8087,8.5549,2.6363
country_france,2037.3,89.1441,8.3011,2.5549
country_france,2037.4,89.4726,8.0527,2.4747
country_france,2037.5,89.7943,7.8098,2.3959
country_france,2037.6,90.1093,7.5722,2.3184
country_france,2037.7,90.4177,7.3399,2.2424
country_france,2037.8,90.7193,7.1129,2.1678
country_france,2037.9,91.0143,6.8911,2.0945
country_france,2038.0,91.3027,6.6745,2.0228
country_france,2038.1,91.5846,6.4630,1.9524
country_france,2038.2,91.8600,6.2564,1.8835
country_france,2038.3,92.1290,6.0549,1.8161
country_france,2038.4,92.3916,5.8583,1.7501
country_france,2038.5,92.6478,5.6665,1.6857
country_france,2038.6,92.8978,5.4795,1.6226
country_france,2038.7,93.1416,5.2973,1.5611
country_france,2038.8,93.3793,5.1197,1.5011
country_france,2038.9,93.6109,4.9467,1.4425
country_france,2039.0,93.8365,4.7782,1.3854
country_france,2039.1,94.0561,4.6141,1.3297
country_france,2039.2,94.2700,4.4545,1.2755
country_france,2039.3,94.4780,4.2992,1.2228
country_france,2039.4,94.6804,4.1481,1.1715
country_france,2039.5,94.8771,4.0012,1.1217
country_france,2039.6,95.0684,3.8584,1.0733
country_france,2039.7,95.2541,3.7196,1.0263
country_france,2039.8,95.4345,3.5848,0.9806
country_france,2039.9,95.6097,3.4539,0.9364
country_france,2040.0,95.7796,3.3268,0.8936
country_france,2040.1,95.9445,3.2034,0.8521
country_france,2040.2,96.1043,3.0838,0.8119
country_france,2040.3,96.2592,2.9677,0.7731
country_france,2040.4,96.4093,2.8551,0.7355
country_france,2040.5,96.5547,2.7460,0.6993
country_france,2040.6,96.6954,2.6403,0.6643
country_france,2040.7,96.8316,2.5379,0.6305
country_france,2040.8,96.9633,2.4388,0.5979
country_france,2040.9,97.0906,2.3428,0.5666
country_france,2041.0,97.2137,2.2499,0.5364
country_france,2041.1,97.3326,2.1600,0.5074
country_france,2041.2,97.4474,2.0731,0.4795
country_france,2041.3,97.5582,1.9891,0.4527
country_france,2041.4,97.6652,1.9079,0.4269
country_france,2041.5,97.7683,1.8294,0.4022
country_france,2041.6,97.8677,1.7537,0.3786
country_france,2041.7,97.9636,1.6805,0.3559
country_france,2041.8,98.0558,1.6099,0.3342
country_france,2041.9,98.1447,1.5418,0.3135
country_france,2042.0,98.2302,1.4761,0.2937
country_france,2042.1,98.3125,1.4127,0.2748
country_france,2042.2,98.3916,1.3517,0.2568
country_france,2042.3,98.4676,1.2928,0.2396
country_france,2042.4,98.5406,1.2361,0.2232
country_france,2042.5,98.6108,1.1816,0.2077
country_france,2042.6,98.6781,1.1291,0.1929
country_france,2042.7,98.7427,1.0785,0.1788
country_france,2042.8,98.8046,1.0299,0.1655
country_france,2042.9,98.8640,0.9832,0.1529
country_france,2043.0,98.9209,0.9382,0.1409
country_france,2043.1,98.9754,0.8951,0.1296
country_france,2043.2,99.0275,0.8536,0.1189
country_france,2043.3,99.0774,0.8138,0.1088
country_france,2043.4,99.1251,0.7755,0.0993
country_france,2043.5,99.1708,0.7389,0.0904
country_france,2043.6,99.2144,0.7037,0.0819
country_france,2043.7,99.2560,0.6700,0.0740
country_france,2043.8,99.2957,0.6376,0.0666
country_france,2043.9,99.3336,0.6067,0.0597
country_france,2044.0,99.3698,0.5770,0.0532
country_france,2044.1,99.4043,0.5486,0.0471
country_france,2044.2,99.4371,0.5214,0.0415
country_france,2044.3,99.4684,0.4954,0.0362
country_france,2044.4,99.4981,0.4705,0.0313
country_france,2044.5,99.5265,0.4468,0.0268
country_france,2044.6,99.5534,0.4240,0.0226
country_france,2044.7,99.5790,0.4023,0.0187
country_france,2044.8,99.6033,0.3816,0.0151
country_france,2044.9,99.6264,0.3618,0.0118
country_france,2045.0,99.6483,0.3429,0.0088
country_france,2045.1,99.6691,0.3249,0.0060
country_france,2045.2,99.6888,0.3077,0.0035
country_france,2045.3,99.7075,0.2913,0.0012
country_france,2045.4,99.7252,0.2757,0.0000
country_france,2045.5,99.7419,0.2609,0.0000
country_france,2045.6,99.7578,0.2467,0.0000
country_france,2045.7,99.7727,0.2332,0.0000
country_france,2045.8,99.7869,0.2204,0.0000
country_france,2045.9,99.8003,0.2082,0.0000
country_france,2046.0,99.8129,0.1966,0.0000
country_france,2046.1,99.8248,0.1856,0.0000
country_france,2046.2,99.8361,0.1752,0.0000
country_france,2046.3,99.8467,0.1652,0.0000
country_france,2046.4,99.8567,0.1558,0.0000
country_france,2046.5,99.8661,0.1469,0.0000
country_france,2046.6,99.8749,0.1384,0.0000
country_france,2046.7,99.8833,0.1303,0.0000
country_france,2046.8,99.8911,0.1227,0.0000
country_france,2046.9,99.8984,0.1155,0.0000
country_france,2047.0,99.9054,0.1087,0.0000
country_france,2047.1,99.9118,0.1022,0.0000
country_france,2047.2,99.9179,0.0961,0.0000
country_france,2047.3,99.9236,0.0903,0.0000
country_france,2047.4,99.9290,0.0848,0.0000
country_france,2047.5,99.9340,0.0796,0.0000
country_france,2047.6,99.9387,0.0748,0.0000
country_france,2047.7,99.9431,0.0701,0.0000
country_france,2047.8,99.9472,0.0658,0.0000
country_france,2047.9,99.9510,0.0617,0.0000
country_france,2048.0,99.9546,0.0578,0.0000
country_france,2048.1,99.9579,0.0541,0.0000
country_france,2048.2,99.9610,0.0507,0.0000
country_france,2048.3,99.9639,0.0475,0.0000
country_france,2048.4,99.9667,0.0444,0.0000
country_france,2048.5,99.9692,0.0415,0.0000
country_france,2048.6,99.9715,0.0388,0.0000
country_france,2048.7,99.9737,0.0363,0.0000
country_france,2048.8,99.9757,0.0339,0.0000
country_france,2048.9,99.9776,0.0317,0.0000
country_france,2049.0,99.9794,0.0295,0.0000
country_france,2049.1,99.9810,0.0276,0.0000
country_france,2049.2,99.9825,0.0257,0.0000
country_france,2049.3,99.9839,0.0240,0.0000
country_france,2049.4,99.9852,0.0223,0.0000
country_france,2049.5,99.9864,0.0208,0.0000
country_france,2049.6,99.9875,0.0194,0.0000
country_france,2049.7,99.9885,0.0180,0.0000
country_france,2049.8,99.9895,0.0168,0.0000
country_france,2049.9,99.9904,0.0156,0.0000
country_france,2050.0,99.9912,0.0145,0.0000
