group,year,bev_share,ice_share,phev_share
world,2015.0,0.3386,99.6096,0.1291
world,2015.1,0.3625,99.5817,0.1366
world,2015.2,0.3878,99.5520,0.1444
world,2015.3,0.4144,99.5206,0.1526
world,2015.4,0.4424,99.4874,0.1611
world,2015.5,0.4719,99.4523,0.1699
world,2015.6,0.5030,99.4152,0.1792
world,2015.7,0.5355,99.3760,0.1888
world,2015.8,0.5697,99.3347,0.1987
world,2015.9,0.6056,99.2912,0.2090
world,2016.0,0.6432,99.2454,0.2197
world,2016.1,0.6826,99.1971,0.2308
world,2016.2,0.7240,99.1460,0.2425
world,2016.3,0.7673,99.0921,0.2547
world,2016.4,0.8127,99.0352,0.2675
world,2016.5,0.8601,98.9753,0.2808
world,2016.6,0.9097,98.9122,0.2948
world,2016.7,0.9615,98.8459,0.3094
world,2016.8,1.0155,98.7762,0.3247
world,2016.9,1.0717,98.7031,0.3405
world,2017.0,1.1303,98.6264,0.3570
world,2017.1,1.1914,98.5453,0.3748
world,2017.2,1.2549,98.4604,0.3932
world,2017.3,1.3210,98.3716,0.4123
world,2017.4,1.3896,98.2786,0.4321
world,2017.5,1.4608,98.1814,0.4527
world,2017.6,1.5347,98.0799,0.4741
world,2017.7,1.6114,97.9738,0.4963
world,2017.8,1.6909,97.8632,0.5192
world,2017.9,1.7732,97.7478,0.5429
world,2018.0,1.8584,97.6276,0.5674
world,2018.1,1.9482,97.5019,0.5927
world,2018.2,2.0396,97.3714,0.6187
world,2018.3,2.1340,97.2356,0.6455
world,2018.4,2.2316,97.0946,0.6750
world,2018.5,2.3324,96.9481,0.7206
world,2018.6,2.4365,96.7959,0.7686
world,2018.7,2.5439,96.6380,0.8190
world,2018.8,2.6547,96.4742,0.8719
world,2018.9,2.7691,96.3044,0.9274
world,2019.0,2.8869,96.1283,0.9855
world,2019.1,3.0084,95.9460,1.0463
world,2019.2,3.1335,95.7571,1.1100
world,2019.3,3.2623,95.5617,1.1765
world,2019.4,3.3950,95.3595,1.2461
world,2019.5,3.5315,95.1505,1.3187
world,2019.6,3.6719,94.9343,1.3944
world,2019.7,3.8163,94.7110,1.4733
world,2019.8,3.9647,94.4804,1.5554
world,2019.9,4.1172,94.2423,1.6410
world,2020.0,4.2739,93.9966,1.7300
world,2020.1,4.4349,93.7432,1.8225
world,2020.2,4.6001,93.4818,1.9185
world,2020.3,4.7697,93.2125,2.0183
world,2020.4,4.9437,92.9349,2.1218
world,2020.5,5.1222,92.6491,2.2291
world,2020.6,5.3052,92.3549,2.3403
world,2020.7,5.4928,92.0521,2.4554
world,2020.8,5.6851,91.7407,2.5746
world,2020.9,5.8821,91.4204,2.6978
world,2021.0,6.0838,91.0913,2.8253
world,2021.1,6.2904,90.7531,2.9569
world,2021.2,6.5018,90.4058,3.0927
world,2021.3,6.7183,90.0493,3.2329
world,2021.4,6.9397,89.6835,3.3773
world,2021.5,7.1661,89.3083,3.5262
world,2021.6,7.3977,88.9236,3.6794
world,2021.7,7.6344,88.5293,3.8370
world,2021.8,7.8763,88.1254,3.9990
world,2021.9,8.1234,87.7118,4.1655
world,2022.0,8.3759,87.2885,4.3364
world,2022.1,8.6337,86.8554,4.5118
world,2022.2,8.8969,86.4126,4.6915
world,2022.3,9.1656,85.9598,4.8757
world,2022.4,9.4397,85.4973,5.0642
world,2022.5,9.7194,85.0249,5.2570
world,2022.6,10.0046,84.5427,5.4541
world,2022.7,10.2955,84.0507,5.6554
world,2022.8,10.5919,83.5490,5.8608
world,2022.9,10.8941,83.0375,6.0702
world,2023.0,11.2020,82.5164,6.2836
world,2023.1,11.5156,81.9857,6.5008
world,2023.2,11.8350,81.4456,6.7217
world,2023.3,12.1602,80.8960,6.9461
world,2023.4,12.4912,80.3372,7.1740
world,2023.5,12.8281,79.7693,7.4052
world,2023.6,13.1710,79.1924,7.6394
world,2023.7,13.5197,78.6067,7.8766
world,2023.8,13.8743,78.0123,8.1165
world,2023.9,14.2350,77.4095,8.3588
world,2024.0,14.6016,76.7984,8.6034
world,2024.1,14.9742,76.1793,8.8501
world,2024.2,15.3528,75.5524,9.0985
world,2024.3,15.7374,74.9180,9.3484
world,2024.4,16.1281,74.2763,9.5995
world,2024.5,16.5249,73.6276,9.8515
world,2024.6,16.9277,72.9722,10.1042
world,2024.7,17.3366,72.3104,10.3571
world,2024.8,17.7515,71.6426,10.6100
world,2024.9,18.1725,70.9690,10.8625
world,2025.0,18.5996,70.2901,11.1142
world,2025.1,19.0327,69.6061,11.3649
world,2025.2,19.4718,68.9175,11.6141
world,2025.3,19.9170,68.2247,11.8614
world,2025.4,20.3682,67.5281,12.1065
world,2025.5,20.8253,66.8281,12.3489
world,2025.6,21.2883,66.1251,12.5884
world,2025.7,21.7572,65.4196,12.8244
world,2025.8,22.2319,64.7120,13.0566
world,2025.9,22.7123,64.0029,13.2851
world,2026.0,23.1983,63.2928,13.5093
world,2026.1,23.6898,62.5821,13.7294
world,2026.2,24.1867,61.8715,13.9445
world,2026.3,24.6888,61.1614,14.1537
world,2026.4,25.1959,60.4524,14.3567
world,2026.5,25.7080,59.7452,14.5530
world,2026.6,26.2247,59.0404,14.7422
world,2026.7,26.7458,58.3385,14.9240
world,2026.8,27.2710,57.6403,15.0979
world,2026.9,27.8001,56.9464,15.2636
world,2027.0,28.3327,56.2575,15.4206
world,2027.1,28.8686,55.5742,15.5688
world,2027.2,29.4073,54.8973,15.7076
world,2027.3,29.9485,54.2274,15.8369
world,2027.4,30.4919,53.5651,15.9562
world,2027.5,31.0370,52.9112,16.0655
world,2027.6,31.5835,52.2661,16.1644
world,2027.7,32.1310,51.6305,16.2527
world,2027.8,32.6793,51.0048,16.3347
world,2027.9,33.2279,50.3896,16.4063
world,2028.0,33.7766,49.7850,16.4674
world,2028.1,34.3252,49.1915,16.5178
world,2028.2,34.8734,48.6092,16.5575
world,2028.3,35.4211,48.0382,16.5867
world,2028.4,35.9683,47.4786,16.6053
world,2028.5,36.5147,46.9304,16.6135
world,2028.6,37.0603,46.3934,16.6114
world,2028.7,37.6053,45.8675,16.5992
world,2028.8,38.1495,45.3525,16.5770
world,2028.9,38.6930,44.8482,16.5451
world,2029.0,39.2357,44.3544,16.5037
world,2029.1,39.7779,43.8708,16.4529
world,2029.2,40.3193,43.3972,16.3931
world,2029.3,40.8600,42.9333,16.3245
world,2029.4,41.4000,42.4790,16.2472
world,2029.5,41.9392,42.0340,16.1617
world,2029.6,42.4775,41.5980,16.0682
world,2029.7,43.0148,41.1710,15.9671
world,2029.8,43.5510,40.7526,15.8586
world,2029.9,44.0859,40.3426,15.7431
world,2030.0,44.6194,39.9408,15.6210
world,2030.1,45.1513,39.5469,15.4940
world,2030.2,45.6815,39.1608,15.3614
world,2030.3,46.2098,38.7821,15.2232
world,2030.4,46.7361,38.4106,15.0799
world,2030.5,47.2601,38.0460,14.9320
world,2030.6,47.7818,37.6881,14.7803
world,2030.7,48.3010,37.3367,14.6247
world,2030.8,48.8175,36.9914,14.4655
world,2030.9,49.3312,36.6520,14.3032
world,2031.0,49.8420,36.3182,14.1381
world,2031.1,50.3496,35.9899,13.9705
world,2031.2,50.8540,35.6667,13.8009
world,2031.3,51.3550,35.3485,13.6295
world,2031.4,51.8525,35.0350,13.4568
world,2031.5,52.3463,34.7259,13.2829
world,2031.6,52.8365,34.4212,13.1082
world,2031.7,53.3227,34.1206,12.9330
world,2031.8,53.8050,33.8239,12.7576
world,2031.9,54.2832,33.5310,12.5822
world,2032.0,54.7572,33.2417,12.4070
world,2032.1,55.2269,32.9558,12.2323
world,2032.2,55.6922,32.6733,12.0582
world,2032.3,56.1531,32.3940,11.8850
world,2032.4,56.6094,32.1179,11.7128
world,2032.5,57.0612,31.8447,11.5418
world,2032.6,57.5082,31.5745,11.3721
world,2032.7,57.9505,31.3071,11.2038
world,2032.8,58.3880,31.0425,11.0371
world,2032.9,58.8207,30.7806,10.8720
world,2033.0,59.2485,30.5214,10.7087
world,2033.1,59.6714,30.2648,10.5472
world,2033.2,60.0892,30.0109,10.3875
world,2033.3,60.5021,29.7595,10.2297
world,2033.4,60.9100,29.5106,10.0740
world,2033.5,61.3129,29.2642,9.9202
world,2033.6,61.7107,29.0204,9.7684
world,2033.7,62.1035,28.7790,9.6187
world,2033.8,62.4913,28.5401,9.4711
world,2033.9,62.8740,28.3036,9.3256
world,2034.0,63.2517,28.0696,9.1821
world,2034.1,63.6243,27.8380,9.0408
world,2034.2,63.9920,27.6089,8.9015
world,2034.3,64.3547,27.3821,8.7644
world,2034.4,64.7125,27.1577,8.6293
world,2034.5,65.0654,26.9358,8.4963
world,2034.6,65.4134,26.7161,8.3654
world,2034.7,65.7566,26.4988,8.2366
world,2034.8,66.0950,26.2839,8.1099
world,2034.9,66.4287,26.0712,7.9852
world,2035.0,66.7577,25.8608,7.8626
world,2035.1,67.0820,25.6526,7.7420
world,2035.2,67.4018,25.4466,7.6234
world,2035.3,67.7171,25.2429,7.5070
world,2035.4,68.0279,25.0412,7.3925
world,2035.5,68.3343,24.8417,7.2801
world,2035.6,68.6364,24.6442,7.1697
world,2035.7,68.9342,24.4487,7.0613
world,2035.8,69.2278,24.2553,6.9549
world,2035.9,69.5173,24.0637,6.8505
world,2036.0,69.8027,23.8741,6.7482
world,2036.1,70.0842,23.6863,6.6478
world,2036.2,70.3617,23.5003,6.5494
world,2036.3,70.6353,23.3161,6.4530
world,2036.4,70.9052,23.1336,6.3586
world,2036.5,71.1713,22.9528,6.2661
world,2036.6,71.4338,22.7736,6.1756
world,2036.7,71.6928,22.5960,6.0870
world,2036.8,71.9482,22.4200,6.0003
world,2036.9,72.2002,22.2454,5.9155
world,2037.0,72.4489,22.0723,5.8326
world,2037.1,72.6942,21.9007,5.7516
world,2037.2,72.9364,21.7304,5.6724
world,2037.3,73.1753,21.5615,5.5951
world,2037.4,73.4112,21.3940,5.5195
world,2037.5,73.6441,21.2277,5.4457
world,2037.6,73.8740,21.0627,5.3736
world,2037.7,74.1010,20.8990,5.3033
world,2037.8,74.3252,20.7364,5.2347
world,2037.9,74.5466,20.5751,5.1677
world,2038.0,74.7654,20.4149,5.1023
world,2038.1,74.9815,20.2559,5.0385
world,2038.2,75.1950,20.0980,4.9761
world,2038.3,75.4061,19.9412,4.9153
world,2038.4,75.6146,19.7855,4.8559
world,2038.5,75.8208,19.6309,4.7978
world,2038.6,76.0247,19.4774,4.7412
world,2038.7,76.2263,19.3249,4.6858
world,2038.8,76.4256,19.1735,4.6317
world,2038.9,76.6228,19.0231,4.5788
world,2039.0,76.8179,18.8737,4.5272
world,2039.1,77.0110,18.7254,4.4766
world,2039.2,77.2020,18.5780,4.4272
world,2039.3,77.3911,18.4317,4.3788
world,2039.4,77.5783,18.2863,4.3314
world,2039.5,77.7636,18.1419,4.2850
world,2039.6,77.9472,17.9985,4.2395
world,2039.7,78.1289,17.8561,4.1950
world,2039.8,78.3090,17.7147,4.1512
world,2039.9,78.4874,17.5742,4.1083
world,2040.0,78.6642,17.4347,4.0661
world,2040.1,78.8394,17.2961,4.0247
world,2040.2,79.0130,17.1585,3.9840
world,2040.3,79.1851,17.0218,3.9440
world,2040.4,79.3558,16.8861,3.9046
world,2040.5,79.5250,16.7513,3.8657
world,2040.6,79.6929,16.6174,3.8275
world,2040.7,79.8593,16.4845,3.7898
world,2040.8,80.0245,16.3525,3.7526
world,2040.9,80.1883,16.2215,3.7159
world,2041.0,80.3508,16.0913,3.6796
world,2041.1,80.5121,15.9621,3.6438
world,2041.2,80.6722,15.8338,3.6083
world,2041.3,80.8310,15.7064,3.5733
world,2041.4,80.9887,15.5799,3.5387
world,2041.5,81.1452,15.4543,3.5043
world,2041.6,81.3005,15.3296,3.4704
world,2041.7,81.4548,15.2058,3.4367
world,2041.8,81.6079,15.0829,3.4034
world,2041.9,81.7599,14.9609,3.3703
world,2042.0,81.9108,14.8399,3.3375
world,2042.1,82.0606,14.7197,3.3050
world,2042.2,82.2094,14.6003,3.2727
world,2042.3,82.3572,14.4819,3.2407
world,2042.4,82.5038,14.3644,3.2089
world,2042.5,82.6495,14.2477,3.1774
world,2042.6,82.7941,14.1319,3.1461
world,2042.7,82.9377,14.0170,3.1150
world,2042.8,83.0803,13.9029,3.0841
world,2042.9,83.2219,13.7897,3.0535
world,2043.0,83.3625,13.6774,3.0230
world,2043.1,83.5021,13.5660,2.9928
world,2043.2,83.6406,13.4554,2.9628
world,2043.3,83.7782,13.3456,2.9329
world,2043.4,83.9148,13.2367,2.9033
world,2043.5,84.0504,13.1287,2.8739
world,2043.6,84.1850,13.0215,2.8447
world,2043.7,84.3186,12.9152,2.8157
world,2043.8,84.4513,12.8097,2.7869
world,2043.9,84.5829,12.7050,2.7583
world,2044.0,84.7136,12.6011,2.7299
world,2044.1,84.8433,12.4981,2.7019
world,2044.2,84.9720,12.3960,2.6740
world,2044.3,85.0997,12.2946,2.6464
world,2044.4,85.2264,12.1941,2.6189
world,2044.5,85.3521,12.0943,2.5917
world,2044.6,85.4769,11.9954,2.5673
world,2044.7,85.6007,11.8973,2.5472
world,2044.8,85.7235,11.8001,2.5271
world,2044.9,85.8453,11.7036,2.5073
world,2045.0,85.9661,11.6079,2.4876
world,2045.1,86.0860,11.5130,2.4680
world,2045.2,86.2048,11.4189,2.4486
world,2045.3,86.3227,11.3256,2.4294
world,2045.4,86.4396,11.2331,2.4103
world,2045.5,86.5556,11.1414,2.3914
world,2045.6,86.6705,11.0504,2.3727
world,2045.7,86.7845,10.9603,2.3541
world,2045.8,86.8975,10.8709,2.3357
world,2045.9,87.0095,10.7822,2.3174
world,2046.0,87.1205,10.6944,2.2993
world,2046.1,87.2306,10.6073,2.2814
world,2046.2,87.3397,10.5210,2.2636
world,2046.3,87.4478,10.4354,2.2460
world,2046.4,87.5549,10.3506,2.2285
world,2046.5,87.6611,10.2665,2.2112
world,2046.6,87.7663,10.1832,2.1941
world,2046.7,87.8705,10.1006,2.1772
world,2046.8,87.9738,10.0187,2.1603
world,2046.9,88.0761,9.9376,2.1437
world,2047.0,88.1775,9.8573,2.1272
world,2047.1,88.2779,9.7776,2.1109
world,2047.2,88.3773,9.6987,2.0947
world,2047.3,88.4758,9.6205,2.0787
world,2047.4,88.5733,9.5431,2.0629
world,2047.5,88.6699,9.4663,2.0472
world,2047.6,88.7655,9.3903,2.0317
world,2047.7,88.8602,9.3150,2.0164
world,2047.8,88.9539,9.2403,2.0012
world,2047.9,89.0467,9.1664,1.9861
world,2048.0,89.1386,9.0932,1.9712
world,2048.1,89.2295,9.0207,1.9565
world,2048.2,89.3195,8.9489,1.9419
world,2048.3,89.4085,8.8778,1.9275
world,2048.4,89.4967,8.8073,1.9133
world,2048.5,89.5839,8.7376,1.8992
world,2048.6,89.6702,8.6685,1.8852
world,2048.7,89.7556,8.6001,1.8714
world,2048.8,89.8401,8.5324,1.8578
world,2048.9,89.9236,8.4653,1.8443
world,2049.0,90.0063,8.3989,1.8309
world,2049.1,90.0880,8.3332,1.8177
world,2049.2,90.1689,8.2681,1.8047
world,2049.3,90.2489,8.2037,1.7918
world,2049.4,90.3279,8.1400,1.7790
world,2049.5,90.4061,8.0769,1.7664
world,2049.6,90.4835,8.0144,1.7540
world,2049.7,90.5599,7.9526,1.7416
world,2049.8,90.6355,7.8915,1.7295
world,2049.9,90.7102,7.8310,1.7174
world,2050.0,90.7840,7.7711,1.7055
western_europe,2015.0,0.3592,99.3018,0.3390
western_europe,2015.1,0.3901,99.2440,0.3658
western_europe,2015.2,0.4232,99.1825,0.3943
western_europe,2015.3,0.4585,99.1173,0.4243
western_europe,2015.4,0.4961,99.0481,0.4558
western_europe,2015.5,0.5360,98.9750,0.4890
western_europe,2015.6,0.5783,98.8978,0.5239
western_europe,2015.7,0.6232,98.8165,0.5604
western_europe,2015.8,0.6705,98.7310,0.5985
western_europe,2015.9,0.7205,98.6412,0.6383
western_europe,2016.0,0.7731,98.5470,0.6798
western_europe,2016.1,0.8285,98.4485,0.7230
western_europe,2016.2,0.8866,98.3455,0.7679
western_europe,2016.3,0.9476,98.2379,0.8145
western_europe,2016.4,1.0114,98.1257,0.8629
western_europe,2016.5,1.0782,98.0089,0.9129
western_europe,2016.6,1.1480,97.8873,0.9647
western_europe,2016.7,1.2208,97.7609,1.0183
western_europe,2016.8,1.2967,97.6298,1.0735
western_europe,2016.9,1.3757,97.4937,1.1305
western_europe,2017.0,1.4580,97.3527,1.1893
western_europe,2017.1,1.5434,97.2060,1.2506
western_europe,2017.2,1.6322,97.0529,1.3149
western_europe,2017.3,1.7243,96.8936,1.3821
western_europe,2017.4,1.8200,96.7279,1.4522
western_europe,2017.5,1.9191,96.5559,1.5250
western_europe,2017.6,2.0218,96.3777,1.6005
western_europe,2017.7,2.1282,96.1931,1.6788
western_europe,2017.8,2.2383,96.0021,1.7596
western_europe,2017.9,2.3521,95.8049,1.8430
western_europe,2018.0,2.4698,95.6012,1.9289
western_europe,2018.1,2.5915,95.3912,2.0173
western_europe,2018.2,2.7170,95.1748,2.1081
western_europe,2018.3,2.8466,94.9521,2.2013
western_europe,2018.4,2.9803,94.7229,2.2968
western_europe,2018.5,3.1181,94.4873,2.3945
western_europe,2018.6,3.2602,94.2453,2.4945
western_europe,2018.7,3.4064,93.9969,2.5967
western_europe,2018.8,3.5569,93.7422,2.7009
western_europe,2018.9,3.7118,93.4810,2.8072
western_europe,2019.0,3.8711,93.2134,2.9155
western_europe,2019.1,4.0348,92.9394,3.0258
western_europe,2019.2,4.2030,92.6591,3.1379
western_europe,2019.3,4.3757,92.3724,3.2519
western_europe,2019.4,4.5530,92.0793,3.3677
western_europe,2019.5,4.7349,91.7799,3.4852
western_europe,2019.6,4.9215,91.4742,3.6043
western_europe,2019.7,5.1127,91.1622,3.7251
western_europe,2019.8,5.3087,90.8439,3.8474
western_europe,2019.9,5.5095,90.5194,3.9711
western_europe,2020.0,5.7151,90.1886,4.0963
western_europe,2020.1,5.9254,89.8517,4.2228
western_europe,2020.2,6.1407,89.5086,4.3506
western_europe,2020.3,6.3609,89.1595,4.4797
western_europe,2020.4,6.5859,88.8042,4.6099
western_europe,2020.5,6.8159,88.4429,4.7412
western_europe,2020.6,7.0509,88.0755,4.8735
western_europe,2020.7,7.2909,87.7023,5.0068
western_europe,2020.8,7.5359,87.3231,5.1411
western_europe,2020.9,7.7859,86.9380,5.2761
western_europe,2021.0,8.0409,86.5472,5.4119
western_europe,2021.1,8.3011,86.1505,5.5484
western_europe,2021.2,8.5662,85.7482,5.6855
western_europe,2021.3,8.8365,85.3402,5.8233
western_europe,2021.4,9.1119,84.9267,5.9615
western_europe,2021.5,9.3923,84.5076,6.1001
western_europe,2021.6,9.6779,84.0830,6.2391
western_europe,2021.7,9.9685,83.6531,6.3784
western_europe,2021.8,10.2643,83.2178,6.5179
western_europe,2021.9,10.5651,82.7772,6.6576
western_europe,2022.0,10.8711,82.3315,6.7974
western_europe,2022.1,11.1821,81.8807,6.9372
western_europe,2022.2,11.4982,81.4248,7.0770
western_europe,2022.3,11.8194,80.9639,7.2167
western_europe,2022.4,12.1456,80.4982,7.3562
western_europe,2022.5,12.4769,80.0276,7.4955
western_europe,2022.6,12.8131,79.5524,7.6345
western_europe,2022.7,13.1544,79.0724,7.7731
western_europe,2022.8,13.5006,78.5880,7.9114
western_europe,2022.9,13.8518,78.0991,8.0491
western_europe,2023.0,14.2080,77.6058,8.1863
western_europe,2023.1,14.5690,77.1082,8.3228
western_europe,2023.2,14.9348,76.6065,8.4587
western_europe,2023.3,15.3055,76.1006,8.5939
western_europe,2023.4,15.6810,75.5908,8.7283
western_europe,2023.5,16.0612,75.0770,8.8618
western_europe,2023.6,16.4461,74.5595,8.9944
western_europe,2023.7,16.8357,74.0382,9.1261
western_europe,2023.8,17.2299,73.5134,9.2567
western_europe,2023.9,17.6286,72.9851,9.3863
western_europe,2024.0,18.0319,72.4533,9.5148
western_europe,2024.1,18.4396,71.9183,9.6421
western_europe,2024.2,18.8518,71.3801,9.7681
western_europe,2024.3,19.2683,70.8388,9.8929
western_europe,2024.4,19.6891,70.2946,10.0164
western_europe,2024.5,20.1141,69.7475,10.1384
western_europe,2024.6,20.5432,69.1977,10.2591
western_europe,2024.7,20.9765,68.6452,10.3783
western_europe,2024.8,21.4138,68.0902,10.4960
western_europe,2024.9,21.8551,67.5328,10.6121
western_europe,2025.0,22.3002,66.9731,10.7267
western_europe,2025.1,22.7492,66.4112,10.8396
western_europe,2025.2,23.2019,65.8473,10.9508
western_europe,2025.3,23.6582,65.2814,11.0604
western_europe,2025.4,24.1182,64.7137,11.1681
western_europe,2025.5,24.5816,64.1442,11.2741
western_europe,2025.6,25.0485,63.5732,11.3783
western_europe,2025.7,25.5187,63.0007,11.4806
western_europe,2025.8,25.9922,62.4268,11.5811
western_europe,2025.9,26.4688,61.8516,11.6796
western_europe,2026.0,26.9485,61.2753,11.7762
western_europe,2026.1,27.4311,60.6980,11.8708
western_europe,2026.2,27.9167,60.1198,11.9635
western_europe,2026.3,28.4051,59.5408,12.0541
western_europe,2026.4,28.8962,58.9612,12.1426
western_europe,2026.5,29.3899,58.3810,12.2291
western_europe,2026.6,29.8861,57.8004,12.3135
western_europe,2026.7,30.3848,57.2194,12.3958
western_europe,2026.8,30.8857,56.6383,12.4759
western_europe,2026.9,31.3890,56.0571,12.5539
western_europe,2027.0,31.8943,55.4759,12.6298
western_europe,2027.1,32.4017,54.8949,12.7034
western_europe,2027.2,32.9110,54.3141,12.7749
western_europe,2027.3,33.4222,53.7337,12.8441
western_europe,2027.4,33.9351,53.1538,12.9111
western_europe,2027.5,34.4496,52.5745,12.9759
western_europe,2027.6,34.9657,51.9959,13.0384
western_europe,2027.7,35.4832,51.4181,13.0987
western_europe,2027.8,36.0021,50.8412,13.1567
western_europe,2027.9,36.5222,50.2654,13.2124
western_europe,2028.0,37.0434,49.6908,13.2658
western_europe,2028.1,37.5657,49.1173,13.3169
western_europe,2028.2,38.0889,48.5453,13.3658
western_europe,2028.3,38.6130,47.9747,13.4123
western_europe,2028.4,39.1378,47.4057,13.4565
western_europe,2028.5,39.6633,46.8383,13.4984
western_europe,2028.6,40.1893,46.2727,13.5380
western_europe,2028.7,40.7157,45.7090,13.5753
western_europe,2028.8,41.2425,45.1472,13.6103
western_europe,2028.9,41.7696,44.5875,13.6429
western_europe,2029.0,42.2968,44.0299,13.6733
western_europe,2029.1,42.8242,43.4746,13.7013
western_europe,2029.2,43.3514,42.9216,13.7270
western_europe,2029.3,43.8786,42.3710,13.7504
western_europe,2029.4,44.4056,41.8230,13.7714
western_europe,2029.5,44.9323,41.2775,13.7902
western_europe,2029.6,45.4586,40.7347,13.8067
western_europe,2029.7,45.9844,40.1947,13.8208
western_europe,2029.8,46.5097,39.6576,13.8327
western_europe,2029.9,47.0344,39.1233,13.8423
western_europe,2030.0,47.5583,38.5921,13.8496
western_europe,2030.1,48.0814,38.0640,13.8659
western_europe,2030.2,48.6036,37.5390,13.8809
western_europe,2030.3,49.1249,37.0172,13.8932
western_europe,2030.4,49.6451,36.4987,13.9029
western_europe,2030.5,50.1642,35.9836,13.9099
western_europe,2030.6,50.6821,35.4719,13.9143
western_europe,2030.7,51.1987,34.9637,13.9160
western_europe,2030.8,51.7140,34.4591,13.9151
western_europe,2030.9,52.2279,33.9581,13.9116
western_europe,2031.0,52.7402,33.4607,13.9055
western_europe,2031.1,53.2510,32.9671,13.8968
western_europe,2031.2,53.7602,32.4773,13.8855
western_europe,2031.3,54.2678,31.9913,13.8717
western_europe,2031.4,54.7735,31.5091,13.8553
western_europe,2031.5,55.2775,31.0310,13.8363
western_europe,2031.6,55.7795,30.5567,13.8149
western_europe,2031.7,56.2797,30.0865,13.7910
western_europe,2031.8,56.7778,29.6204,13.7645
western_europe,2031.9,57.2739,29.1584,13.7357
western_europe,2032.0,57.7679,28.7005,13.7044
western_europe,2032.1,58.2597,28.2468,13.6707
western_europe,2032.2,58.7493,27.7973,13.6346
western_europe,2032.3,59.2366,27.3520,13.5962
western_europe,2032.4,59.7216,26.9110,13.5555
western_europe,2032.5,60.2043,26.4744,13.5125
western_europe,2032.6,60.6846,26.0420,13.4672
western_europe,2032.7,61.1623,25.6140,13.4197
western_europe,2032.8,61.6376,25.1903,13.3700
western_europe,2032.9,62.1104,24.7711,13.3181
western_europe,2033.0,62.5805,24.3562,13.2641
western_europe,2033.1,63.0480,23.9458,13.2081
western_europe,2033.2,63.5129,23.5398,13.1499
western_europe,2033.3,63.9750,23.1383,13.0897
western_europe,2033.4,64.4344,22.7412,13.0276
western_europe,2033.5,64.8910,22.3486,12.9635
western_europe,2033.6,65.3448,21.9605,12.8975
western_europe,2033.7,65.7958,21.5769,12.8297
western_europe,2033.8,66.2438,21.1977,12.7600
western_europe,2033.9,66.6889,20.8231,12.6885
western_europe,2034.0,67.1311,20.4529,12.6153
western_europe,2034.1,67.5703,20.0873,12.5403
western_europe,2034.2,68.0065,19.7261,12.4637
western_europe,2034.3,68.4397,19.3694,12.3855
western_europe,2034.4,68.8698,19.0172,12.3058
western_europe,2034.5,69.2968,18.6695,12.2244
western_europe,2034.6,69.7207,18.3262,12.1416
western_europe,2034.7,70.1414,17.9874,12.0574
western_europe,2034.8,70.5590,17.6530,11.9717
western_europe,2034.9,70.9734,17.3230,11.8847
western_europe,2035.0,71.3846,16.9975,11.7964
western_europe,2035.1,71.7926,16.6764,11.7068
western_europe,2035.2,72.1973,16.3597,11.6160
western_europe,2035.3,72.5987,16.0473,11.5240
western_europe,2035.4,72.9969,15.7393,11.4309
western_europe,2035.5,73.3918,15.4356,11.3367
western_europe,2035.6,73.7833,15.1362,11.2415
western_europe,2035.7,74.1715,14.8411,11.1452
western_europe,2035.8,74.5563,14.5503,11.0480
western_europe,2035.9,74.9378,14.2637,10.9499
western_europe,2036.0,75.3159,13.9814,10.8510
western_europe,2036.1,75.6907,13.7032,10.7512
western_europe,2036.2,76.0620,13.4292,10.6506
western_europe,2036.3,76.4299,13.1594,10.5493
western_europe,2036.4,76.7943,12.8937,10.4473
western_europe,2036.5,77.1554,12.6320,10.3447
western_europe,2036.6,77.5130,12.3744,10.2415
western_europe,2036.7,77.8671,12.1208,10.1377
western_europe,2036.8,78.2178,11.8712,10.0334
western_europe,2036.9,78.5650,11.6256,9.9287
western_europe,2037.0,78.9087,11.3839,9.8235
western_europe,2037.1,79.2490,11.1461,9.7179
western_europe,2037.2,79.5858,10.9122,9.6119
western_europe,2037.3,79.9191,10.6821,9.5057
western_europe,2037.4,80.2489,10.4558,9.3992
western_europe,2037.5,80.5752,10.2332,9.2925
western_europe,2037.6,80.8980,10.0144,9.1855
western_europe,2037.7,81.2173,9.7993,9.0784
western_europe,2037.8,81.5331,9.5878,8.9712
western_europe,2037.9,81.8455,9.3800,8.8640
western_europe,2038.0,82.1543,9.1757,8.7567
western_europe,2038.1,82.4597,8.9750,8.6493
western_europe,2038.2,82.7615,8.7778,8.5421
western_europe,2038.3,83.0599,8.5840,8.4349
western_europe,2038.4,83.3548,8.3937,8.3277
western_europe,2038.5,83.6462,8.2068,8.2208
western_europe,2038.6,83.9342,8.0233,8.1140
western_europe,2038.7,84.2187,7.8430,8.0074
western_europe,2038.8,84.4997,7.6661,7.9010
western_europe,2038.9,84.7773,7.4924,7.7949
western_europe,2039.0,85.0514,7.3219,7.6891
western_europe,2039.1,85.3221,7.1545,7.5836
western_europe,2039.2,85.5894,6.9903,7.4785
western_europe,2039.3,85.8532,6.8292,7.3737
western_europe,2039.4,86.1137,6.6711,7.2694
western_europe,2039.5,86.3708,6.5160,7.1655
western_europe,2039.6,86.6245,6.3639,7.0620
western_europe,2039.7,86.8748,6.2148,6.9590
western_europe,2039.8,87.1218,6.0685,6.8566
western_europe,2039.9,87.3654,5.9251,6.7547
western_europe,2040.0,87.6057,5.7845,6.6533
western_europe,2040.1,87.8427,5.6467,6.5525
western_europe,2040.2,88.0764,5.5116,6.4523
western_europe,2040.3,88.3068,5.3792,6.3528
western_europe,2040.4,88.5340,5.2495,6.2539
western_europe,2040.5,88.7579,5.1224,6.1556
western_europe,2040.6,88.9786,4.9978,6.0581
western_europe,2040.7,89.1961,4.8759,5.9612
western_europe,2040.8,89.4104,4.7564,5.8651
western_europe,2040.9,89.6216,4.6394,5.7697
western_europe,2041.0,89.8295,4.5249,5.6751
western_europe,2041.1,90.0344,4.4127,5.5812
western_europe,2041.2,90.2362,4.3029,5.4882
western_europe,2041.3,90.4348,4.1954,5.3959
western_europe,2041.4,90.6305,4.0902,5.3044
western_europe,2041.5,90.8230,3.9873,5.2138
western_europe,2041.6,91.0126,3.8865,5.1240
western_europe,2041.7,91.1991,3.7880,5.0351
western_europe,2041.8,91.3827,3.6916,4.9470
western_europe,2041.9,91.5634,3.5972,4.8598
western_europe,2042.0,91.7411,3.5050,4.7735
western_europe,2042.1,91.9159,3.4148,4.6880
western_europe,2042.2,92.0879,3.3266,4.6035
western_europe,2042.3,92.2570,3.2403,4.5199
western_europe,2042.4,92.4233,3.1560,4.4372
western_europe,2042.5,92.5868,3.0736,4.3554
western_europe,2042.6,92.7475,2.9931,4.2746
western_europe,2042.7,92.9055,2.9143,4.1947
western_europe,2042.8,93.0608,2.8374,4.1157
western_europe,2042.9,93.2133,2.7623,4.0377
western_europe,2043.0,93.3633,2.6888,3.9606
western_europe,2043.1,93.5106,2.6171,3.8845
western_europe,2043.2,93.6552,2.5470,3.8094
western_europe,2043.3,93.7973,2.4786,3.7352
western_europe,2043.4,93.9369,2.4118,3.6619
western_europe,2043.5,94.0739,2.3466,3.5897
western_europe,2043.6,94.2085,2.2829,3.5184
western_europe,2043.7,94.3406,2.2207,3.4480
western_europe,2043.8,94.4702,2.1601,3.3786
western_europe,2043.9,94.5974,2.1008,3.3102
western_europe,2044.0,94.7223,2.0431,3.2428
western_europe,2044.1,94.8448,1.9867,3.1763
western_europe,2044.2,94.9650,1.9317,3.1108
western_europe,2044.3,95.0829,1.8780,3.0462
western_europe,2044.4,95.1986,1.8256,2.9826
western_europe,2044.5,95.3120,1.7746,2.9199
western_europe,2044.6,95.4232,1.7248,2.8582
western_europe,2044.7,95.5322,1.6762,2.7975
western_europe,2044.8,95.6391,1.6289,2.7376
western_europe,2044.9,95.7439,1.5828,2.6788
western_europe,2045.0,95.8465,1.5378,2.6208
western_europe,2045.1,95.9472,1.4939,2.5638
western_europe,2045.2,96.0458,1.4512,2.5077
western_europe,2045.3,96.1424,1.4096,2.4525
western_europe,2045.4,96.2370,1.3690,2.3983
western_europe,2045.5,96.3297,1.3295,2.3449
western_europe,2045.6,96.4204,1.2909,2.2925
western_europe,2045.7,96.5093,1.2534,2.2409
western_europe,2045.8,96.5963,1.2169,2.1903
western_europe,2045.9,96.6815,1.1813,2.1405
western_europe,2046.0,96.7649,1.1467,2.0916
western_europe,2046.1,96.8465,1.1130,2.0436
western_europe,2046.2,96.9264,1.0801,1.9964
western_europe,2046.3,97.0045,1.0481,1.9501
western_europe,2046.4,97.0810,1.0170,1.9046
western_europe,2046.5,97.1558,0.9868,1.8599
western_europe,2046.6,97.2290,0.9573,1.8161
western_europe,2046.7,97.3005,0.9286,1.7731
western_europe,2046.8,97.3705,0.9007,1.7309
western_europe,2046.9,97.4389,0.8736,1.6895
western_europe,2047.0,97.5058,0.8472,1.6489
western_europe,2047.1,97.5712,0.8215,1.6091
western_europe,2047.2,97.6351,0.7965,1.5701
western_europe,2047.3,97.6976,0.7723,1.5318
western_europe,2047.4,97.7586,0.7486,1.4943
western_europe,2047.5,97.8183,0.7257,1.4575
western_europe,2047.6,97.8765,0.7034,1.4215
western_europe,2047.7,97.9334,0.6817,1.3862
western_europe,2047.8,97.9890,0.6606,1.3517
western_europe,2047.9,98.0433,0.6401,1.3178
western_europe,2048.0,98.0963,0.6202,1.2846
western_europe,2048.1,98.1481,0.6009,1.2521
western_europe,2048.2,98.1986,0.5821,1.2204
western_europe,2048.3,98.2479,0.5638,1.1892
western_europe,2048.4,98.2961,0.5461,1.1588
western_europe,2048.5,98.3431,0.5289,1.1290
western_europe,2048.6,98.3889,0.5121,1.0998
western_europe,2048.7,98.4336,0.4959,1.0713
western_europe,2048.8,98.4773,0.4801,1.0434
western_europe,2048.9,98.5198,0.4648,1.0161
western_europe,2049.0,98.5613,0.4500,0.9894
western_europe,2049.1,98.6018,0.4355,0.9633
western_europe,2049.2,98.6413,0.4215,0.9378
western_europe,2049.3,98.6798,0.4080,0.9129
western_europe,2049.4,98.7173,0.3948,0.8885
western_europe,2049.5,98.7539,0.3820,0.8647
western_europe,2049.6,98.7895,0.3696,0.8414
western_europe,2049.7,98.8242,0.3575,0.8187
western_europe,2049.8,98.8581,0.3459,0.7965
western_europe,2049.9,98.8911,0.3345,0.7748
western_europe,2050.0,98.9232,0.3236,0.7537
northern_europe,2015.0,2.4999,95.1667,2.3334
northern_europe,2015.1,2.6189,94.9480,2.4331
northern_europe,2015.2,2.7423,94.7213,2.5364
northern_europe,2015.3,2.8702,94.4866,2.6432
northern_europe,2015.4,3.0028,94.2435,2.7537
northern_europe,2015.5,3.1402,93.9919,2.8679
northern_europe,2015.6,3.2825,93.7316,2.9859
northern_europe,2015.7,3.4298,93.4624,3.1078
northern_europe,2015.8,3.5823,93.1841,3.2336
northern_europe,2015.9,3.7401,92.8965,3.3634
northern_europe,2016.0,3.9033,92.5994,3.4973
northern_europe,2016.1,4.0720,92.2926,3.6353
northern_europe,2016.2,4.2465,91.9761,3.7775
northern_europe,2016.3,4.4267,91.6495,3.9238
northern_europe,2016.4,4.6129,91.3127,4.0744
northern_europe,2016.5,4.8053,90.9655,4.2292
northern_europe,2016.6,5.0038,90.6079,4.3883
northern_europe,2016.7,5.2087,90.2395,4.5517
northern_europe,2016.8,5.4202,89.8604,4.7194
northern_europe,2016.9,5.6383,89.4702,4.8914
northern_europe,2017.0,5.8633,89.0690,5.0677
northern_europe,2017.1,6.1045,88.5985,5.2969
northern_europe,2017.2,6.3539,88.1345,5.5116
northern_europe,2017.3,6.6109,87.6641,5.7250
northern_europe,2017.4,6.8755,87.1853,5.9391
northern_europe,2017.5,7.1479,86.6971,6.1550
northern_europe,2017.6,7.4281,86.1989,6.3730
northern_europe,2017.7,7.7162,85.6903,6.5935
northern_europe,2017.8,8.0125,85.1710,6.8166
northern_europe,2017.9,8.3169,84.6407,7.0424
northern_europe,2018.0,8.6297,84.0993,7.2710
northern_europe,2018.1,8.9511,83.5466,7.5023
northern_europe,2018.2,9.2811,82.9825,7.7364
northern_europe,2018.3,9.6200,82.4070,7.9731
northern_europe,2018.4,9.9678,81.8199,8.2123
northern_europe,2018.5,10.3248,81.2212,8.4540
northern_europe,2018.6,10.6911,80.6108,8.6981
northern_europe,2018.7,11.0668,79.9889,8.9443
northern_europe,2018.8,11.4521,79.3553,9.1926
northern_europe,2018.9,11.8472,78.7100,9.4428
northern_europe,2019.0,12.2522,78.0532,9.6946
northern_europe,2019.1,12.6673,77.3848,9.9479
northern_europe,2019.2,13.0927,76.7049,10.2025
northern_europe,2019.3,13.5284,76.0136,10.4580
northern_europe,2019.4,13.9747,75.3109,10.7144
northern_europe,2019.5,14.4318,74.5970,10.9712
northern_europe,2019.6,14.8997,73.8720,11.2283
northern_europe,2019.7,15.3786,73.1360,11.4854
northern_europe,2019.8,15.8687,72.3892,11.7421
northern_europe,2019.9,16.3701,71.6317,11.9982
northern_europe,2020.0,16.8831,70.8636,12.2533
northern_europe,2020.1,17.4076,70.0852,12.5072
northern_europe,2020.2,17.9439,69.2967,12.7594
northern_europe,2020.3,18.4921,68.4982,13.0097
northern_europe,2020.4,19.0524,67.6900,13.2576
northern_europe,2020.5,19.6248,66.8724,13.5029
northern_europe,2020.6,20.2095,66.0455,13.7451
northern_europe,2020.7,20.8066,65.2096,13.9838
northern_europe,2020.8,21.4162,64.3651,14.2187
northern_europe,2020.9,22.0384,63.5121,14.4495
northern_europe,2021.0,22.6734,62.6510,14.6756
northern_europe,2021.1,23.3211,61.7821,14.8967
northern_europe,2021.2,23.9818,60.9058,15.1125
northern_europe,2021.3,24.6553,60.0222,15.3225
northern_europe,2021.4,25.3419,59.1319,15.5262
northern_europe,2021.5,26.0414,58.2351,15.7235
northern_europe,2021.6,26.7540,57.3323,15.9137
northern_europe,2021.7,27.4797,56.4237,16.0966
northern_europe,2021.8,28.2184,55.5098,16.2718
northern_europe,2021.9,28.9702,54.5910,16.4388
northern_europe,2022.0,29.7349,53.6677,16.5974
northern_europe,2022.1,30.5125,52.7402,16.7472
northern_europe,2022.2,31.3029,51.8092,16.8879
northern_europe,2022.3,32.1061,50.8748,17.0191
northern_europe,2022.4,32.9218,49.9377,17.1405
northern_europe,2022.5,33.7499,48.9983,17.2518
northern_europe,2022.6,34.5902,48.0570,17.3528
northern_europe,2022.7,35.4425,47.1142,17.4432
northern_europe,2022.8,36.3066,46.1706,17.5228
northern_europe,2022.9,37.1821,45.2265,17.5914
northern_europe,2023.0,38.0687,44.2824,17.6488
northern_europe,2023.1,38.9661,43.3389,17.6949
northern_europe,2023.2,39.8740,42.3964,17.7296
northern_europe,2023.3,40.7918,41.4555,17.7527
northern_europe,2023.4,41.7192,40.5166,17.7642
northern_europe,2023.5,42.6556,39.5803,17.7642
northern_europe,2023.6,43.6005,38.6470,17.7525
northern_europe,2023.7,44.5533,37.7173,17.7293
northern_europe,2023.8,45.5135,36.7918,17.6947
northern_europe,2023.9,46.4804,35.8709,17.6488
northern_europe,2024.0,47.4533,34.9551,17.5916
northern_europe,2024.1,48.4315,34.0449,17.5235
northern_europe,2024.2,49.4143,33.1410,17.4447
northern_europe,2024.3,50.4009,32.2437,17.3554
northern_europe,2024.4,51.3905,31.3537,17.2559
northern_europe,2024.5,52.3822,30.4713,17.1465
northern_europe,2024.6,53.3751,29.5972,17.0277
northern_europe,2024.7,54.3685,28.7317,16.8998
northern_europe,2024.8,55.3614,27.8754,16.7632
northern_europe,2024.9,56.3528,27.0288,16.6183
northern_europe,2025.0,57.3419,26.1924,16.4657
northern_europe,2025.1,58.3277,25.3665,16.3059
northern_europe,2025.2,59.3091,24.5516,16.1392
northern_europe,2025.3,60.2854,23.7482,15.9663
northern_europe,2025.4,61.2556,22.9567,15.7877
northern_europe,2025.5,62.2186,22.1775,15.6038
northern_europe,2025.6,63.1737,21.4110,15.4153
northern_europe,2025.7,64.1198,20.6576,15.2226
northern_europe,2025.8,65.0561,19.9175,15.0263
northern_europe,2025.9,65.9819,19.1913,14.8269
northern_europe,2026.0,66.8962,18.4790,14.6248
northern_europe,2026.1,67.7982,17.7812,14.4998
northern_europe,2026.2,68.6874,17.0980,14.4076
northern_europe,2026.3,69.5629,16.4298,14.3084
northern_europe,2026.4,70.4242,15.7766,14.2023
northern_europe,2026.5,71.2707,15.1388,14.0892
northern_europe,2026.6,72.1018,14.5166,13.9692
northern_europe,2026.7,72.9171,13.9100,13.8424
northern_europe,2026.8,73.7162,13.3193,13.7088
northern_europe,2026.9,74.4988,12.7446,13.5685
northern_europe,2027.0,75.2647,12.1859,13.4216
northern_europe,2027.1,76.0135,11.6432,13.2682
northern_europe,2027.2,76.7452,11.1168,13.1084
northern_europe,2027.3,77.4598,10.6064,12.9424
northern_europe,2027.4,78.1571,10.1122,12.7704
northern_europe,2027.5,78.8372,9.6341,12.5925
northern_europe,2027.6,79.5002,9.1721,12.4089
northern_europe,2027.7,80.1464,8.7260,12.2198
northern_europe,2027.8,80.7758,8.2957,12.0254
northern_europe,2027.9,81.3887,7.8811,11.8260
northern_europe,2028.0,81.9855,7.4820,11.6218
northern_europe,2028.1,82.5663,7.0983,11.4130
northern_europe,2028.2,83.1316,6.7298,11.2000
northern_europe,2028.3,83.6817,6.3762,10.9831
northern_europe,2028.4,84.2170,6.0373,10.7624
northern_europe,2028.5,84.7379,5.7128,10.5383
northern_europe,2028.6,85.2448,5.4025,10.3112
northern_europe,2028.7,85.7381,5.1061,10.0814
northern_europe,2028.8,86.2183,4.8232,9.8491
northern_europe,2028.9,86.6856,4.5535,9.6147
northern_europe,2029.0,87.1406,4.2968,9.3786
northern_europe,2029.1,87.5835,4.0526,9.1410
northern_europe,2029.2,88.0148,3.8206,8.9024
northern_europe,2029.3,88.4348,3.6005,8.6630
northern_europe,2029.4,88.8438,3.3918,8.4233
northern_europe,2029.5,89.2422,3.1943,8.1835
northern_europe,2029.6,89.6301,3.0074,7.9440
northern_europe,2029.7,90.0079,2.8309,7.7051
northern_europe,2029.8,90.3759,2.6644,7.4672
northern_europe,2029.9,90.7342,2.5074,7.2305
northern_europe,2030.0,91.0830,2.3596,6.9955
northern_europe,2030.1,91.4225,2.2206,6.7623
northern_europe,2030.2,91.7529,2.0900,6.5313
northern_europe,2030.3,92.0744,1.9675,6.3028
northern_europe,2030.4,92.3870,1.8526,6.0770
northern_europe,2030.5,92.6908,1.7451,5.8543
northern_europe,2030.6,92.9861,1.6445,5.6348
northern_europe,2030.7,93.2728,1.5505,5.4188
northern_europe,2030.8,93.5511,1.4627,5.2066
northern_europe,2030.9,93.8211,1.3809,4.9983
northern_europe,2031.0,94.0828,1.3046,4.7941
northern_europe,2031.1,94.3363,1.2336,4.5942
northern_europe,2031.2,94.5818,1.1676,4.3988
northern_europe,2031.3,94.8192,1.1063,4.2080
northern_europe,2031.4,95.0487,1.0494,4.0219
northern_europe,2031.5,95.2704,0.9966,3.8407
northern_europe,2031.6,95.4843,0.9476,3.6645
northern_europe,2031.7,95.6906,0.9022,3.4933
northern_europe,2031.8,95.8894,0.8602,3.3273
northern_europe,2031.9,96.0807,0.8214,3.1664
northern_europe,2032.0,96.2647,0.7854,3.0107
northern_europe,2032.1,96.4415,0.7522,2.8603
northern_europe,2032.2,96.6113,0.7215,2.7151
northern_europe,2032.3,96.7740,0.6931,2.5751
northern_europe,2032.4,96.9300,0.6669,2.4404
northern_europe,2032.5,97.0793,0.6427,2.3109
northern_europe,2032.6,97.2221,0.6203,2.1865
northern_europe,2032.7,97.3585,0.5997,2.0672
northern_europe,2032.8,97.4887,0.5806,1.9529
northern_europe,2032.9,97.6128,0.5629,1.8437
northern_europe,2033.0,97.7311,0.5466,1.7393
northern_europe,2033.1,97.8436,0.5315,1.6397
northern_europe,2033.2,97.9506,0.5175,1.5448
northern_europe,2033.3,98.0522,0.5045,1.4544
northern_europe,2033.4,98.1486,0.4925,1.3686
northern_europe,2033.5,98.2399,0.4813,1.2871
northern_europe,2033.6,98.3264,0.4709,1.2099
northern_europe,2033.7,98.4082,0.4612,1.1367
northern_europe,2033.8,98.4855,0.4522,1.0676
northern_europe,2033.9,98.5585,0.4438,1.0023
northern_europe,2034.0,98.6273,0.4359,0.9407
northern_europe,2034.1,98.6922,0.4285,0.8826
northern_europe,2034.2,98.7532,0.4216,0.8280
northern_europe,2034.3,98.8106,0.4150,0.7768
northern_europe,2034.4,98.8645,0.4089,0.7286
northern_europe,2034.5,98.9151,0.4031,0.6835
northern_europe,2034.6,98.9626,0.3976,0.6413
northern_europe,2034.7,99.0070,0.3924,0.6018
northern_europe,2034.8,99.0486,0.3875,0.5649
northern_europe,2034.9,99.0875,0.3828,0.5306
northern_europe,2035.0,99.1239,0.3783,0.4985
northern_europe,2035.1,99.1579,0.3740,0.4687
northern_europe,2035.2,99.1895,0.3699,0.4410
northern_europe,2035.3,99.2191,0.3660,0.4153
northern_europe,2035.4,99.2466,0.3622,0.3915
northern_europe,2035.5,99.2723,0.3586,0.3694
northern_europe,2035.6,99.2962,0.3550,0.3490
northern_europe,2035.7,99.3184,0.3517,0.3301
northern_europe,2035.8,99.3391,0.3484,0.3127
northern_europe,2035.9,99.3583,0.3452,0.2966
northern_europe,2036.0,99.3762,0.3421,0.2818
northern_europe,2036.1,99.3928,0.3391,0.2682
northern_europe,2036.2,99.4083,0.3362,0.2556
northern_europe,2036.3,99.4227,0.3333,0.2441
northern_europe,2036.4,99.4361,0.3305,0.2335
northern_europe,2036.5,99.4485,0.3278,0.2237
northern_europe,2036.6,99.4602,0.3251,0.2148
northern_europe,2036.7,99.4710,0.3225,0.2065
northern_europe,2036.8,99.4811,0.3199,0.1990
northern_europe,2036.9,99.4905,0.3174,0.1921
northern_europe,2037.0,99.4993,0.3150,0.1857
northern_europe,2037.1,99.5076,0.3125,0.1799
northern_europe,2037.2,99.5154,0.3102,0.1745
northern_europe,2037.3,99.5226,0.3078,0.1696
northern_europe,2037.4,99.5295,0.3055,0.1650
northern_europe,2037.5,99.5359,0.3032,0.1608
northern_europe,2037.6,99.5421,0.3010,0.1570
northern_europe,2037.7,99.5478,0.2988,0.1534
northern_europe,2037.8,99.5533,0.2966,0.1501
northern_europe,2037.9,99.5586,0.2944,0.1470
northern_europe,2038.0,99.5635,0.2923,0.1442
northern_europe,2038.1,99.5683,0.2902,0.1415
northern_europe,2038.2,99.5729,0.2881,0.1390
northern_europe,2038.3,99.5773,0.2860,0.1367
northern_europe,2038.4,99.5815,0.2840,0.1345
northern_europe,2038.5,99.5856,0.2820,0.1325
northern_europe,2038.6,99.5895,0.2800,0.1305
northern_europe,2038.7,99.5933,0.2780,0.1287
northern_europe,2038.8,99.5970,0.2760,0.1269
northern_europe,2038.9,99.6007,0.2741,0.1252
northern_europe,2039.0,99.6042,0.2722,0.1236
northern_europe,2039.1,99.6076,0.2703,0.1221
northern_europe,2039.2,99.6110,0.2684,0.1206
northern_europe,2039.3,99.6143,0.2665,0.1192
northern_europe,2039.4,99.6176,0.2646,0.1178
northern_europe,2039.5,99.6208,0.2628,0.1164
northern_europe,2039.6,99.6239,0.2610,0.1151
northern_europe,2039.7,99.6270,0.2592,0.1138
northern_europe,2039.8,99.6300,0.2574,0.1126
northern_europe,2039.9,99.6330,0.2556,0.1113
northern_europe,2040.0,99.6360,0.2539,0.1101
northern_europe,2040.1,99.6389,0.2521,0.1089
northern_europe,2040.2,99.6418,0.2504,0.1078
northern_europe,2040.3,99.6447,0.2487,0.1066
northern_europe,2040.4,99.6476,0.2470,0.1055
northern_europe,2040.5,99.6504,0.2453,0.1044
northern_europe,2040.6,99.6531,0.2436,0.1033
northern_europe,2040.7,99.6559,0.2419,0.1022
northern_europe,2040.8,99.6586,0.2403,0.1011
northern_europe,2040.9,99.6613,0.2386,0.1000
northern_europe,2041.0,99.6640,0.2370,0.0990
northern_europe,2041.1,99.6667,0.2354,0.0979
northern_europe,2041.2,99.6693,0.2338,0.0969
northern_europe,2041.3,99.6719,0.2322,0.0958
northern_europe,2041.4,99.6745,0.2306,0.0948
northern_europe,2041.5,99.6771,0.2291,0.0938
northern_europe,2041.6,99.6797,0.2275,0.0928
northern_europe,2041.7,99.6822,0.2260,0.0918
northern_europe,2041.8,99.6847,0.2245,0.0908
northern_europe,2041.9,99.6872,0.2229,0.0898
northern_europe,2042.0,99.6897,0.2214,0.0889
northern_europe,2042.1,99.6921,0.2200,0.0879
northern_europe,2042.2,99.6946,0.2185,0.0869
northern_europe,2042.3,99.6970,0.2170,0.0860
northern_europe,2042.4,99.6994,0.2155,0.0851
northern_europe,2042.5,99.7018,0.2141,0.0841
northern_europe,2042.6,99.7041,0.2127,0.0832
northern_europe,2042.7,99.7065,0.2112,0.0823
northern_europe,2042.8,99.7088,0.2098,0.0814
northern_europe,2042.9,99.7111,0.2084,0.0805
northern_europe,2043.0,99.7134,0.2070,0.0796
northern_europe,2043.1,99.7157,0.2056,0.0787
northern_europe,2043.2,99.7179,0.2043,0.0778
northern_europe,2043.3,99.7202,0.2029,0.0769
northern_europe,2043.4,99.7224,0.2016,0.0760
northern_europe,2043.5,99.7246,0.2002,0.0752
northern_europe,2043.6,99.7268,0.1989,0.0743
northern_europe,2043.7,99.7290,0.1976,0.0735
northern_europe,2043.8,99.7311,0.1963,0.0726
northern_europe,2043.9,99.7333,0.1950,0.0718
northern_europe,2044.0,99.7354,0.1937,0.0709
northern_europe,2044.1,99.7375,0.1924,0.0701
northern_europe,2044.2,99.7396,0.1911,0.0693
northern_europe,2044.3,99.7417,0.1898,0.0685
northern_europe,2044.4,99.7437,0.1886,0.0677
northern_europe,2044.5,99.7458,0.1873,0.0669
northern_europe,2044.6,99.7478,0.1861,0.0661
northern_europe,2044.7,99.7498,0.1849,0.0653
northern_europe,2044.8,99.7518,0.1837,0.0645
northern_europe,2044.9,99.7538,0.1825,0.0638
northern_europe,2045.0,99.7557,0.1813,0.0630
northern_europe,2045.1,99.7577,0.1801,0.0622
northern_europe,2045.2,99.7596,0.1789,0.0615
northern_europe,2045.3,99.7615,0.1777,0.0608
northern_europe,2045.4,99.7634,0.1766,0.0600
northern_europe,2045.5,99.7653,0.1754,0.0593
northern_europe,2045.6,99.7672,0.1743,0.0585
northern_europe,2045.7,99.7691,0.1731,0.0578
northern_europe,2045.8,99.7709,0.1720,0.0571
northern_europe,2045.9,99.7727,0.1709,0.0564
northern_europe,2046.0,99.7746,0.1697,0.0557
northern_europe,2046.1,99.7764,0.1686,0.0550
northern_europe,2046.2,99.7782,0.1675,0.0543
northern_europe,2046.3,99.7799,0.1665,0.0536
northern_europe,2046.4,99.7817,0.1654,0.0529
northern_europe,2046.5,99.7834,0.1643,0.0523
northern_europe,2046.6,99.7852,0.1632,0.0516
northern_europe,2046.7,99.7869,0.1622,0.0509
northern_europe,2046.8,99.7886,0.1611,0.0503
northern_europe,2046.9,99.7903,0.1601,0.0496
northern_europe,2047.0,99.7920,0.1590,0.0490
northern_europe,2047.1,99.7936,0.1580,0.0483
northern_europe,2047.2,99.7953,0.1570,0.0477
northern_europe,2047.3,99.7969,0.1560,0.0471
northern_europe,2047.4,99.7986,0.1550,0.0465
northern_europe,2047.5,99.8002,0.1540,0.0458
northern_europe,2047.6,99.8018,0.1530,0.0452
northern_europe,2047.7,99.8034,0.1520,0.0446
northern_europe,2047.8,99.8050,0.1510,0.0440
northern_europe,2047.9,99.8065,0.1500,0.0434
northern_europe,2048.0,99.8081,0.1491,0.0428
northern_europe,2048.1,99.8096,0.1481,0.0422
northern_europe,2048.2,99.8112,0.1472,0.0417
northern_europe,2048.3,99.8127,0.1462,0.0411
northern_europe,2048.4,99.8142,0.1453,0.0405
northern_europe,2048.5,99.8157,0.1444,0.0399
northern_europe,2048.6,99.8172,0.1434,0.0394
northern_europe,2048.7,99.8186,0.1425,0.0388
northern_europe,2048.8,99.8201,0.1416,0.0383
northern_europe,2048.9,99.8216,0.1407,0.0377
northern_europe,2049.0,99.8230,0.1398,0.0372
northern_europe,2049.1,99.8244,0.1389,0.0367
northern_europe,2049.2,99.8258,0.1380,0.0361
northern_europe,2049.3,99.8272,0.1372,0.0356
northern_europe,2049.4,99.8286,0.1363,0.0351
northern_europe,2049.5,99.8300,0.1354,0.0346
northern_europe,2049.6,99.8314,0.1346,0.0340
northern_europe,2049.7,99.8328,0.1337,0.0335
northern_europe,2049.8,99.8341,0.1329,0.0330
northern_europe,2049.9,99.8354,0.1320,0.0325
northern_europe,2050.0,99.8368,0.1312,0.0320
southern_europe,2015.0,0.0429,99.8899,0.0672
southern_europe,2015.1,0.0492,99.8740,0.0768
southern_europe,2015.2,0.0561,99.8566,0.0873
southern_europe,2015.3,0.0638,99.8374,0.0988
southern_europe,2015.4,0.0721,99.8166,0.1112
southern_europe,2015.5,0.0812,99.7941,0.1246
southern_europe,2015.6,0.0911,99.7698,0.1391
southern_europe,2015.7,0.1019,99.7437,0.1545
southern_europe,2015.8,0.1134,99.7157,0.1709
southern_europe,2015.9,0.1258,99.6858,0.1885
southern_europe,2016.0,0.1390,99.6539,0.2070
southern_europe,2016.1,0.1532,99.6201,0.2267
southern_europe,2016.2,0.1683,99.5842,0.2475
southern_europe,2016.3,0.1843,99.5463,0.2694
southern_europe,2016.4,0.2013,99.5062,0.2925
southern_europe,2016.5,0.2193,99.4640,0.3167
southern_europe,2016.6,0.2383,99.4196,0.3421
southern_europe,2016.7,0.2583,99.3729,0.3687
southern_europe,2016.8,0.2794,99.3240,0.3966
southern_europe,2016.9,0.3016,99.2728,0.4256
southern_europe,2017.0,0.3249,99.2192,0.4559
southern_europe,2017.1,0.3494,99.1632,0.4875
southern_europe,2017.2,0.3749,99.1047,0.5203
southern_europe,2017.3,0.4017,99.0439,0.5545
southern_europe,2017.4,0.4296,98.9804,0.5899
southern_europe,2017.5,0.4588,98.9145,0.6267
southern_europe,2017.6,0.4892,98.8460,0.6648
southern_europe,2017.7,0.5209,98.7748,0.7043
southern_europe,2017.8,0.5539,98.7010,0.7451
southern_europe,2017.9,0.5881,98.6245,0.7873
southern_europe,2018.0,0.6238,98.5453,0.8310
southern_europe,2018.1,0.6607,98.4633,0.8760
southern_europe,2018.2,0.6991,98.3785,0.9224
southern_europe,2018.3,0.7388,98.2909,0.9703
southern_europe,2018.4,0.7800,98.2004,1.0197
southern_europe,2018.5,0.8226,98.1070,1.0704
southern_europe,2018.6,0.8666,98.0107,1.1227
southern_europe,2018.7,0.9122,97.9114,1.1764
southern_europe,2018.8,0.9592,97.8091,1.2317
southern_europe,2018.9,1.0078,97.7038,1.2884
southern_europe,2019.0,1.0579,97.5954,1.3466
southern_europe,2019.1,1.1097,97.4840,1.4064
southern_europe,2019.2,1.1630,97.3693,1.4677
southern_europe,2019.3,1.2179,97.2515,1.5306
southern_europe,2019.4,1.2746,97.1304,1.5950
southern_europe,2019.5,1.3329,97.0061,1.6610
southern_europe,2019.6,1.3928,96.8785,1.7286
southern_europe,2019.7,1.4546,96.7476,1.7978
southern_europe,2019.8,1.5180,96.6134,1.8686
southern_europe,2019.9,1.5832,96.4759,1.9409
southern_europe,2020.0,1.6502,96.3350,2.0148
southern_europe,2020.1,1.7190,96.1906,2.0904
southern_europe,2020.2,1.7896,96.0429,2.1675
southern_europe,2020.3,1.8621,95.8917,2.2462
southern_europe,2020.4,1.9364,95.7370,2.3265
southern_europe,2020.5,2.0126,95.5789,2.4085
southern_europe,2020.6,2.0907,95.4173,2.4920
southern_europe,2020.7,2.1708,95.2521,2.5771
southern_europe,2020.8,2.2527,95.0834,2.6639
southern_europe,2020.9,2.3367,94.9111,2.7522
southern_europe,2021.0,2.4226,94.7353,2.8421
southern_europe,2021.1,2.5105,94.5559,2.9336
southern_europe,2021.2,2.6004,94.3729,3.0267
southern_europe,2021.3,2.6923,94.1862,3.1214
southern_europe,2021.4,2.7863,93.9960,3.2177
southern_europe,2021.5,2.8824,93.8021,3.3155
southern_europe,2021.6,2.9805,93.6045,3.4149
southern_europe,2021.7,3.0808,93.4033,3.5159
southern_europe,2021.8,3.1831,93.1985,3.6184
southern_europe,2021.9,3.2876,92.9900,3.7224
southern_europe,2022.0,3.3943,92.7777,3.8280
southern_europe,2022.1,3.5031,92.5619,3.9351
southern_europe,2022.2,3.6141,92.3423,4.0437
southern_europe,2022.3,3.7272,92.1190,4.1537
southern_europe,2022.4,3.8426,91.8921,4.2653
southern_europe,2022.5,3.9602,91.6615,4.3783
southern_europe,2022.6,4.0800,91.4272,4.4928
southern_europe,2022.7,4.2021,91.1892,4.6087
southern_europe,2022.8,4.3264,90.9475,4.7261
southern_europe,2022.9,4.4530,90.7022,4.8448
southern_europe,2023.0,4.5819,90.4532,4.9649
southern_europe,2023.1,4.7131,90.2005,5.0864
southern_europe,2023.2,4.8466,89.9442,5.2092
southern_europe,2023.3,4.9824,89.6843,5.3333
southern_europe,2023.4,5.1206,89.4207,5.4587
southern_europe,2023.5,5.2610,89.1535,5.5855
southern_europe,2023.6,5.4039,88.8827,5.7134
southern_europe,2023.7,5.5490,88.6084,5.8426
southern_europe,2023.8,5.6966,88.3305,5.9730
southern_europe,2023.9,5.8465,88.0490,6.1045
southern_europe,2024.0,5.9988,87.7640,6.2373
southern_europe,2024.1,6.1534,87.4755,6.3711
southern_europe,2024.2,6.3105,87.1835,6.5060
southern_europe,2024.3,6.4699,86.8881,6.6420
southern_europe,2024.4,6.6318,86.5892,6.7790
southern_europe,2024.5,6.7960,86.2870,6.9170
southern_europe,2024.6,6.9627,85.9813,7.0560
southern_europe,2024.7,7.1317,85.6723,7.1959
southern_europe,2024.8,7.3032,85.3600,7.3367
southern_europe,2024.9,7.4771,85.0444,7.4784
southern_europe,2025.0,7.6534,84.7256,7.6210
southern_europe,2025.1,7.8322,84.4036,7.7643
southern_europe,2025.2,8.0133,84.0783,7.9084
southern_europe,2025.3,8.1968,83.7500,8.0532
southern_europe,2025.4,8.3828,83.4185,8.1987
southern_europe,2025.5,8.5712,83.0840,8.3448
southern_europe,2025.6,8.7620,82.7465,8.4916
southern_europe,2025.7,8.9552,82.4059,8.6389
southern_europe,2025.8,9.1508,82.0625,8.7867
southern_europe,2025.9,9.3488,81.7162,8.9351
southern_europe,2026.0,9.5491,81.3670,9.0839
southern_europe,2026.1,9.7519,81.0150,9.2331
southern_europe,2026.2,9.9570,80.6603,9.3826
southern_europe,2026.3,10.1645,80.3029,9.5325
southern_europe,2026.4,10.3744,79.9429,9.6827
southern_europe,2026.5,10.5866,79.5803,9.8331
southern_europe,2026.6,10.8012,79.2151,9.9837
southern_europe,2026.7,11.0181,78.8475,10.1344
southern_europe,2026.8,11.2373,78.4774,10.2853
southern_europe,2026.9,11.4588,78.1050,10.4362
southern_europe,2027.0,11.6826,77.7303,10.5871
southern_europe,2027.1,11.9087,77.3533,10.7381
southern_europe,2027.2,12.1370,76.9741,10.8889
southern_europe,2027.3,12.3676,76.5928,11.0396
southern_europe,2027.4,12.6005,76.2094,11.1902
southern_europe,2027.5,12.8356,75.8239,11.3405
southern_europe,2027.6,13.0728,75.4366,11.4906
southern_europe,2027.7,13.3123,75.0473,11.6404
southern_europe,2027.8,13.5539,74.6563,11.7898
southern_europe,2027.9,13.7976,74.2634,11.9389
southern_europe,2028.0,14.0435,73.8689,12.0876
southern_europe,2028.1,14.2915,73.4728,12.2357
southern_europe,2028.2,14.5416,73.0750,12.3834
southern_europe,2028.3,14.7937,72.6758,12.5305
southern_europe,2028.4,15.0479,72.2752,12.6769
southern_europe,2028.5,15.3041,71.8731,12.8228
southern_europe,2028.6,15.5623,71.4698,12.9679
southern_europe,2028.7,15.8224,71.0653,13.1123
southern_europe,2028.8,16.0845,70.6596,13.2559
southern_europe,2028.9,16.3485,70.2527,13.3987
southern_europe,2029.0,16.6144,69.8449,13.5407
southern_europe,2029.1,16.8822,69.4361,13.6817
southern_europe,2029.2,17.1518,69.0264,13.8219
southern_europe,2029.3,17.4232,68.6158,13.9610
southern_europe,2029.4,17.6964,68.2045,14.0991
southern_europe,2029.5,17.9713,67.7925,14.2362
southern_europe,2029.6,18.2479,67.3799,14.3722
southern_europe,2029.7,18.5263,66.9667,14.5070
southern_europe,2029.8,18.8063,66.5530,14.6407
southern_europe,2029.9,19.0879,66.1389,14.7732
southern_europe,2030.0,19.3711,65.7244,14.9044
southern_europe,2030.1,19.6559,65.3097,15.0344
southern_europe,2030.2,19.9422,64.8947,15.1631
southern_europe,2030.3,20.2300,64.4795,15.2905
southern_europe,2030.4,20.5193,64.0642,15.4165
southern_europe,2030.5,20.8100,63.6489,15.5411
southern_europe,2030.6,21.1022,63.2336,15.6642
southern_europe,2030.7,21.3956,62.8184,15.7860
southern_europe,2030.8,21.6904,62.4033,15.9063
southern_europe,2030.9,21.9865,61.9884,16.0250
southern_europe,2031.0,22.2839,61.5738,16.1423
southern_europe,2031.1,22.5825,61.1596,16.2579
southern_europe,2031.2,22.8823,60.7457,16.3721
southern_europe,2031.3,23.1832,60.3322,16.4846
southern_europe,2031.4,23.4853,59.9192,16.5955
southern_europe,2031.5,23.7884,59.5068,16.7047
southern_europe,2031.6,24.0926,59.0950,16.8123
southern_europe,2031.7,24.3979,58.6839,16.9183
southern_europe,2031.8,24.7041,58.2734,17.0225
southern_europe,2031.9,25.0112,57.8638,17.1250
southern_europe,2032.0,25.3193,57.4549,17.2258
southern_europe,2032.1,25.6282,57.0469,17.3249
southern_europe,2032.2,25.9380,56.6399,17.4222
southern_europe,2032.3,26.2485,56.2338,17.5177
southern_europe,2032.4,26.5599,55.8287,17.6114
southern_europe,2032.5,26.8720,55.4247,17.7034
southern_europe,2032.6,27.1847,55.0217,17.7935
southern_europe,2032.7,27.4982,54.6200,17.8819
southern_europe,2032.8,27.8123,54.2194,17.9684
southern_europe,2032.9,28.1269,53.8200,18.0531
southern_europe,2033.0,28.4422,53.4219,18.1359
southern_europe,2033.1,28.7579,53.0252,18.2169
southern_europe,2033.2,29.0742,52.6297,18.2960
southern_europe,2033.3,29.3909,52.2357,18.3733
southern_europe,2033.4,29.7081,51.8431,18.4488
southern_europe,2033.5,30.0257,51.4520,18.5223
southern_europe,2033.6,30.3436,51.0624,18.5940
southern_europe,2033.7,30.6619,50.6742,18.6639
southern_europe,2033.8,30.9805,50.2877,18.7318
southern_europe,2033.9,31.2993,49.9028,18.7979
southern_europe,2034.0,31.6184,49.5195,18.8621
southern_europe,2034.1,31.9377,49.1378,18.9245
southern_europe,2034.2,32.2572,48.7578,18.9850
southern_europe,2034.3,32.5769,48.3796,19.0435
southern_europe,2034.4,32.8967,48.0030,19.1003
southern_europe,2034.5,33.2166,47.6283,19.1551
southern_europe,2034.6,33.5365,47.2553,19.2081
southern_europe,2034.7,33.8566,46.8842,19.2592
southern_europe,2034.8,34.1766,46.5149,19.3085
southern_europe,2034.9,34.4966,46.1475,19.3559
southern_europe,2035.0,34.8167,45.7819,19.4014
southern_europe,2035.1,35.1366,45.4183,19.4451
southern_europe,2035.2,35.4565,45.0566,19.4870
southern_europe,2035.3,35.7762,44.6968,19.5270
southern_europe,2035.4,36.0959,44.3390,19.5651
southern_europe,2035.5,36.4154,43.9832,19.6014
southern_europe,2035.6,36.7347,43.6293,19.6359
southern_europe,2035.7,37.0538,43.2775,19.6686
southern_europe,2035.8,37.3728,42.9277,19.6995
southern_europe,2035.9,37.6914,42.5800,19.7285
southern_europe,2036.0,38.0099,42.2343,19.7558
southern_europe,2036.1,38.3280,41.8907,19.7812
southern_europe,2036.2,38.6459,41.5492,19.8049
southern_europe,2036.3,38.9634,41.2098,19.8268
southern_europe,2036.4,39.2806,40.8725,19.8469
southern_europe,2036.5,39.5975,40.5373,19.8652
southern_europe,2036.6,39.9140,40.2043,19.8817
southern_europe,2036.7,40.2301,39.8734,19.8966
southern_europe,2036.8,40.5458,39.5446,19.9096
southern_europe,2036.9,40.8610,39.2180,19.9209
southern_europe,2037.0,41.1759,38.8936,19.9305
southern_europe,2037.1,41.4903,38.5713,19.9384
southern_europe,2037.2,41.8042,38.2513,19.9446
southern_europe,2037.3,42.1176,37.9334,19.9490
southern_europe,2037.4,42.4306,37.6177,19.9518
southern_europe,2037.5,42.7430,37.3042,19.9529
southern_europe,2037.6,43.0549,36.9929,19.9523
southern_europe,2037.7,43.3662,36.6838,19.9500
southern_europe,2037.8,43.6770,36.3769,19.9461
southern_europe,2037.9,43.9873,36.0722,19.9405
southern_europe,2038.0,44.2969,35.7698,19.9333
southern_europe,2038.1,44.6060,35.4695,19.9245
southern_europe,2038.2,44.9144,35.1715,19.9140
southern_europe,2038.3,45.2223,34.8757,19.9020
southern_europe,2038.4,45.5295,34.5822,19.8884
southern_europe,2038.5,45.8360,34.2908,19.8732
southern_europe,2038.6,46.1419,34.0017,19.8564
southern_europe,2038.7,46.4471,33.7148,19.8381
southern_europe,2038.8,46.7517,33.4301,19.8183
southern_europe,2038.9,47.0555,33.1476,19.7969
southern_europe,2039.0,47.3587,32.8673,19.7740
southern_europe,2039.1,47.6611,32.5893,19.7496
southern_europe,2039.2,47.9628,32.3134,19.7237
southern_europe,2039.3,48.2638,32.0398,19.6964
southern_europe,2039.4,48.5640,31.7684,19.6676
southern_europe,2039.5,48.8635,31.4991,19.6374
southern_europe,2039.6,49.1622,31.2321,19.6058
southern_europe,2039.7,49.4601,30.9672,19.5727
southern_europe,2039.8,49.7572,30.7045,19.5383
southern_europe,2039.9,50.0535,30.4440,19.5025
southern_europe,2040.0,50.3490,30.1857,19.4653
southern_europe,2040.1,50.6436,29.9295,19.4269
southern_europe,2040.2,50.9375,29.6755,19.3871
southern_europe,2040.3,51.2304,29.4236,19.3460
southern_europe,2040.4,51.5225,29.1739,19.3036
southern_europe,2040.5,51.8138,28.9263,19.2600
southern_europe,2040.6,52.1042,28.6808,19.2151
southern_europe,2040.7,52.3936,28.4374,19.1690
southern_europe,2040.8,52.6822,28.1961,19.1217
southern_europe,2040.9,52.9699,27.9569,19.0733
southern_europe,2041.0,53.2566,27.7198,19.0236
southern_europe,2041.1,53.5424,27.4847,18.9729
southern_europe,2041.2,53.8272,27.2517,18.9210
southern_europe,2041.3,54.1111,27.0208,18.8681
southern_europe,2041.4,54.3941,26.7918,18.8141
southern_europe,2041.5,54.6760,26.5649,18.7590
southern_europe,2041.6,54.9570,26.3401,18.7030
southern_europe,2041.7,55.2370,26.1172,18.6459
southern_europe,2041.8,55.5159,25.8962,18.5878
southern_europe,2041.9,55.7939,25.6773,18.5288
southern_europe,2042.0,56.0708,25.4603,18.4689
southern_europe,2042.1,56.3466,25.2453,18.4081
southern_europe,2042.2,56.6214,25.0322,18.3464
southern_europe,2042.3,56.8952,24.8209,18.2839
southern_europe,2042.4,57.1679,24.6116,18.2205
southern_europe,2042.5,57.4395,24.4042,18.1563
southern_europe,2042.6,57.7100,24.1987,18.0913
southern_europe,2042.7,57.9794,23.9950,18.0256
southern_europe,2042.8,58.2477,23.7931,17.9592
southern_europe,2042.9,58.5149,23.5930,17.8920
southern_europe,2043.0,58.7810,23.3948,17.8242
southern_europe,2043.1,59.0459,23.1984,17.7558
southern_europe,2043.2,59.3097,23.0037,17.6867
southern_europe,2043.3,59.5723,22.8108,17.6170
southern_europe,2043.4,59.8337,22.6196,17.5467
southern_europe,2043.5,60.0940,22.4301,17.4759
southern_europe,2043.6,60.3531,22.2424,17.4045
southern_europe,2043.7,60.6110,22.0563,17.3327
southern_europe,2043.8,60.8677,21.8720,17.2603
southern_europe,2043.9,61.1232,21.6892,17.1876
southern_europe,2044.0,61.3775,21.5082,17.1144
southern_europe,2044.1,61.6306,21.3287,17.0407
southern_europe,2044.2,61.8824,21.1509,16.9668
southern_europe,2044.3,62.1330,20.9746,16.8924
southern_europe,2044.4,62.3823,20.7999,16.8177
southern_europe,2044.5,62.6304,20.6268,16.7428
southern_europe,2044.6,62.8773,20.4552,16.6675
southern_europe,2044.7,63.1229,20.2852,16.5920
southern_europe,2044.8,63.3672,20.1166,16.5162
southern_europe,2044.9,63.6102,19.9495,16.4402
southern_europe,2045.0,63.8520,19.7839,16.3641
southern_europe,2045.1,64.0925,19.6198,16.2877
southern_europe,2045.2,64.3316,19.4571,16.2113
southern_europe,2045.3,64.5695,19.2958,16.1346
southern_europe,2045.4,64.8061,19.1360,16.0579
southern_europe,2045.5,65.0414,18.9775,15.9811
southern_europe,2045.6,65.2754,18.8204,15.9042
southern_europe,2045.7,65.5081,18.6646,15.8273
southern_europe,2045.8,65.7394,18.5102,15.7504
southern_europe,2045.9,65.9694,18.3571,15.6734
southern_europe,2046.0,66.1981,18.2054,15.5965
southern_europe,2046.1,66.4255,18.0549,15.5196
southern_europe,2046.2,66.6516,17.9057,15.4427
southern_europe,2046.3,66.8763,17.7577,15.3659
southern_europe,2046.4,67.0997,17.6110,15.2892
southern_europe,2046.5,67.3218,17.4656,15.2126
southern_europe,2046.6,67.5426,17.3213,15.1361
southern_europe,2046.7,67.7620,17.1783,15.0597
southern_europe,2046.8,67.9800,17.0364,14.9835
southern_europe,2046.9,68.1968,16.8958,14.9075
southern_europe,2047.0,68.4122,16.7562,14.8316
southern_europe,2047.1,68.6262,16.6179,14.7559
southern_europe,2047.2,68.8390,16.4806,14.6804
southern_europe,2047.3,69.0504,16.3445,14.6052
southern_europe,2047.4,69.2604,16.2095,14.5301
southern_europe,2047.5,69.4691,16.0755,14.4553
southern_europe,2047.6,69.6765,15.9427,14.3808
southern_europe,2047.7,69.8826,15.8109,14.3065
southern_europe,2047.8,70.0873,15.6801,14.2325
southern_europe,2047.9,70.2908,15.5504,14.1588
southern_europe,2048.0,70.4928,15.4217,14.0854
southern_europe,2048.1,70.6936,15.2941,14.0123
southern_europe,2048.2,70.8931,15.1674,13.9396
southern_europe,2048.3,71.0912,15.0417,13.8671
southern_europe,2048.4,71.2880,14.9170,13.7950
southern_europe,2048.5,71.4835,14.7933,13.7232
southern_europe,2048.6,71.6777,14.6705,13.6518
southern_europe,2048.7,71.8706,14.5486,13.5808
southern_europe,2048.8,72.0622,14.4277,13.5101
southern_europe,2048.9,72.2525,14.3077,13.4398
southern_europe,2049.0,72.4415,14.1887,13.3698
southern_europe,2049.1,72.6293,14.0705,13.3003
southern_europe,2049.2,72.8157,13.9532,13.2311
southern_europe,2049.3,73.0009,13.8368,13.1623
southern_europe,2049.4,73.1848,13.7213,13.0940
southern_europe,2049.5,73.3674,13.6066,13.0260
southern_europe,2049.6,73.5488,13.4928,12.9584
southern_europe,2049.7,73.7289,13.3798,12.8913
southern_europe,2049.8,73.9078,13.2676,12.8246
southern_europe,2049.9,74.0854,13.1563,12.7583
southern_europe,2050.0,74.2618,13.0458,12.6924
eastern_europe,2015.0,0.0485,99.9238,0.0287
eastern_europe,2015.1,0.0524,99.9176,0.0313
eastern_europe,2015.2,0.0564,99.9110,0.0341
eastern_europe,2015.3,0.0608,99.9039,0.0370
eastern_europe,2015.4,0.0654,99.8965,0.0402
eastern_europe,2015.5,0.0702,99.8885,0.0435
eastern_europe,2015.6,0.0754,99.8801,0.0470
eastern_europe,2015.7,0.0808,99.8712,0.0508
eastern_europe,2015.8,0.0866,99.8618,0.0547
eastern_europe,2015.9,0.0927,99.8518,0.0589
eastern_europe,2016.0,0.0991,99.8414,0.0633
eastern_europe,2016.1,0.1059,99.8303,0.0679
eastern_europe,2016.2,0.1130,99.8186,0.0728
eastern_europe,2016.3,0.1206,99.8063,0.0780
eastern_europe,2016.4,0.1286,99.7934,0.0834
eastern_europe,2016.5,0.1371,99.7798,0.0891
eastern_europe,2016.6,0.1460,99.7655,0.0951
eastern_europe,2016.7,0.1553,99.7505,0.1014
eastern_europe,2016.8,0.1652,99.7348,0.1080
eastern_europe,2016.9,0.1755,99.7183,0.1150
eastern_europe,2017.0,0.1863,99.7009,0.1222
eastern_europe,2017.1,0.1980,99.6823,0.1300
eastern_europe,2017.2,0.2106,99.6622,0.1383
eastern_europe,2017.3,0.2240,99.6409,0.1472
eastern_europe,2017.4,0.2382,99.6182,0.1566
eastern_europe,2017.5,0.2531,99.5943,0.1664
eastern_europe,2017.6,0.2689,99.5691,0.1769
eastern_europe,2017.7,0.2854,99.5425,0.1878
eastern_europe,2017.8,0.3027,99.5146,0.1993
eastern_europe,2017.9,0.3208,99.4854,0.2113
eastern_europe,2018.0,0.3398,99.4547,0.2239
eastern_europe,2018.1,0.4302,99.3984,0.2370
eastern_europe,2018.2,0.4558,99.3540,0.2507
eastern_europe,2018.3,0.4805,99.3103,0.2650
eastern_europe,2018.4,0.5051,99.2664,0.2800
eastern_europe,2018.5,0.5302,99.2217,0.2955
eastern_europe,2018.6,0.5559,99.1759,0.3116
eastern_europe,2018.7,0.5823,99.1289,0.3284
eastern_europe,2018.8,0.6096,99.0806,0.3459
eastern_europe,2018.9,0.6377,99.0307,0.3640
eastern_europe,2019.0,0.6667,98.9793,0.3828
eastern_europe,2019.1,0.6967,98.9263,0.4023
eastern_europe,2019.2,0.7277,98.8715,0.4235
eastern_europe,2019.3,0.7597,98.8149,0.4477
eastern_europe,2019.4,0.7928,98.7564,0.4726
eastern_europe,2019.5,0.8270,98.6961,0.4982
eastern_europe,2019.6,0.8624,98.6337,0.5245
eastern_europe,2019.7,0.8989,98.5692,0.5514
eastern_europe,2019.8,0.9367,98.5026,0.5792
eastern_europe,2019.9,0.9757,98.4338,0.6078
eastern_europe,2020.0,1.0160,98.3627,0.6374
eastern_europe,2020.1,1.0576,98.2893,0.6679
eastern_europe,2020.2,1.1006,98.2135,0.6993
eastern_europe,2020.3,1.1451,98.1352,0.7315
eastern_europe,2020.4,1.1909,98.0544,0.7647
eastern_europe,2020.5,1.2383,97.9709,0.7988
eastern_europe,2020.6,1.2872,97.8848,0.8338
eastern_europe,2020.7,1.3378,97.7959,0.8699
eastern_europe,2020.8,1.3899,97.7041,0.9069
eastern_europe,2020.9,1.4438,97.6095,0.9467
eastern_europe,2021.0,1.4994,97.5119,0.9888
eastern_europe,2021.1,1.5567,97.4112,1.0321
eastern_europe,2021.2,1.6160,97.3074,1.0767
eastern_europe,2021.3,1.6771,97.2003,1.1226
eastern_europe,2021.4,1.7402,97.0899,1.1699
eastern_europe,2021.5,1.8053,96.9762,1.2185
eastern_europe,2021.6,1.8725,96.8590,1.2685
eastern_europe,2021.7,1.9418,96.7382,1.3200
eastern_europe,2021.8,2.0133,96.6138,1.3728
eastern_europe,2021.9,2.0871,96.4857,1.4272
eastern_europe,2022.0,2.1633,96.3538,1.4830
eastern_europe,2022.1,2.2418,96.2179,1.5403
eastern_europe,2022.2,2.3228,96.0780,1.5991
eastern_europe,2022.3,2.4064,95.9341,1.6595
eastern_europe,2022.4,2.4926,95.7860,1.7214
eastern_europe,2022.5,2.5815,95.6336,1.7849
eastern_europe,2022.6,2.6732,95.4768,1.8500
eastern_europe,2022.7,2.7677,95.3156,1.9167
eastern_europe,2022.8,2.8652,95.1498,1.9850
eastern_europe,2022.9,2.9658,94.9794,2.0549
eastern_europe,2023.0,3.0694,94.8041,2.1264
eastern_europe,2023.1,3.1763,94.6241,2.1996
eastern_europe,2023.2,3.2865,94.4390,2.2745
eastern_europe,2023.3,3.4001,94.2489,2.3510
eastern_europe,2023.4,3.5172,94.0537,2.4291
eastern_europe,2023.5,3.6379,93.8532,2.5090
eastern_europe,2023.6,3.7622,93.6473,2.5905
eastern_europe,2023.7,3.8904,93.4360,2.6736
eastern_europe,2023.8,4.0225,93.2190,2.7584
eastern_europe,2023.9,4.1586,92.9965,2.8449
eastern_europe,2024.0,4.2988,92.7681,2.9331
eastern_europe,2024.1,4.4433,92.5339,3.0229
eastern_europe,2024.2,4.5920,92.2937,3.1143
eastern_europe,2024.3,4.7453,92.0474,3.2073
eastern_europe,2024.4,4.9031,91.7950,3.3019
eastern_europe,2024.5,5.0656,91.5362,3.3981
eastern_europe,2024.6,5.2330,91.2711,3.4959
eastern_europe,2024.7,5.4052,90.9996,3.5952
eastern_europe,2024.8,5.5826,90.7214,3.6960
eastern_europe,2024.9,5.7651,90.4366,3.7983
eastern_europe,2025.0,5.9529,90.1451,3.9020
eastern_europe,2025.1,6.1462,89.8467,4.0071
eastern_europe,2025.2,6.3450,89.5414,4.1136
eastern_europe,2025.3,6.5495,89.2290,4.2214
eastern_europe,2025.4,6.7599,88.9095,4.3305
eastern_europe,2025.5,6.9762,88.5829,4.4409
eastern_europe,2025.6,7.1987,88.2490,4.5524
eastern_europe,2025.7,7.4273,87.9077,4.6650
eastern_europe,2025.8,7.6623,87.5590,4.7787
eastern_europe,2025.9,7.9038,87.2028,4.8933
eastern_europe,2026.0,8.1519,86.8391,5.0089
eastern_europe,2026.1,8.4068,86.4678,5.1254
eastern_europe,2026.2,8.6686,86.0888,5.2426
eastern_europe,2026.3,8.9374,85.7021,5.3606
eastern_europe,2026.4,9.2133,85.3076,5.4791
eastern_europe,2026.5,9.4965,84.9053,5.5982
eastern_europe,2026.6,9.7872,84.4951,5.7177
eastern_europe,2026.7,10.0853,84.0771,5.8376
eastern_europe,2026.8,10.3911,83.6512,5.9577
eastern_europe,2026.9,10.7047,83.2173,6.0780
eastern_europe,2027.0,11.0262,82.7755,6.1983
eastern_europe,2027.1,11.3557,82.3258,6.3185
eastern_europe,2027.2,11.6932,81.8682,6.4386
eastern_europe,2027.3,12.0390,81.4026,6.5584
eastern_europe,2027.4,12.3932,80.9291,6.6778
eastern_europe,2027.5,12.7557,80.4477,6.7966
eastern_europe,2027.6,13.1267,79.9585,6.9148
eastern_europe,2027.7,13.5063,79.4614,7.0322
eastern_europe,2027.8,13.8946,78.9566,7.1487
eastern_europe,2027.9,14.2916,78.4442,7.2642
eastern_europe,2028.0,14.6975,77.9240,7.3785
eastern_europe,2028.1,15.1122,77.3964,7.4917
eastern_europe,2028.2,15.5357,76.8612,7.6044
eastern_europe,2028.3,15.9683,76.3187,7.7155
eastern_europe,2028.4,16.4098,75.7690,7.8249
eastern_europe,2028.5,16.8602,75.2121,7.9325
eastern_europe,2028.6,17.3197,74.6482,8.0381
eastern_europe,2028.7,17.7882,74.0775,8.1416
eastern_europe,2028.8,18.2657,73.5000,8.2429
eastern_europe,2028.9,18.7521,72.9160,8.3418
eastern_europe,2029.0,19.2475,72.3256,8.4381
eastern_europe,2029.1,19.7517,71.7291,8.5318
eastern_europe,2029.2,20.2648,71.1265,8.6228
eastern_europe,2029.3,20.7866,70.5181,8.7108
eastern_europe,2029.4,21.3170,69.9042,8.7957
eastern_europe,2029.5,21.8559,69.2849,8.8775
eastern_europe,2029.6,22.4033,68.6605,8.9560
eastern_europe,2029.7,22.9589,68.0313,9.0311
eastern_europe,2029.8,23.5227,67.3975,9.1027
eastern_europe,2029.9,24.0944,66.7593,9.1707
eastern_europe,2030.0,24.6739,66.1171,9.2350
eastern_europe,2030.1,25.2610,65.4712,9.2956
eastern_europe,2030.2,25.8554,64.8218,9.3522
eastern_europe,2030.3,26.4569,64.1693,9.4049
eastern_europe,2030.4,27.0652,63.5139,9.4536
eastern_europe,2030.5,27.6802,62.8561,9.4982
eastern_europe,2030.6,28.3014,62.1960,9.5388
eastern_europe,2030.7,28.9286,61.5342,9.5751
eastern_europe,2030.8,29.5615,60.8709,9.6073
eastern_europe,2030.9,30.1998,60.2065,9.6353
eastern_europe,2031.0,30.8430,59.5414,9.6591
eastern_europe,2031.1,31.4908,58.8758,9.6788
eastern_europe,2031.2,32.1428,58.2103,9.6942
eastern_europe,2031.3,32.7986,57.5451,9.7055
eastern_europe,2031.4,33.4578,56.8807,9.7127
eastern_europe,2031.5,34.1200,56.2173,9.7158
eastern_europe,2031.6,34.7847,55.5555,9.7149
eastern_europe,2031.7,35.4515,54.8955,9.7101
eastern_europe,2031.8,36.1199,54.2378,9.7015
eastern_europe,2031.9,36.7894,53.5828,9.6891
eastern_europe,2032.0,37.4595,52.9307,9.6732
eastern_europe,2032.1,38.1298,52.2821,9.6537
eastern_europe,2032.2,38.7997,51.6372,9.6308
eastern_europe,2032.3,39.4687,50.9964,9.6048
eastern_europe,2032.4,40.1364,50.3601,9.5756
eastern_europe,2032.5,40.8021,49.7286,9.5435
eastern_europe,2032.6,41.4655,49.1023,9.5087
eastern_europe,2032.7,42.1260,48.4814,9.4714
eastern_europe,2032.8,42.7830,47.8664,9.4316
eastern_europe,2032.9,43.4361,47.2576,9.3897
eastern_europe,2033.0,44.0848,46.6551,9.3458
eastern_europe,2033.1,44.7285,46.0594,9.3001
eastern_europe,2033.2,45.3669,45.4707,9.2528
eastern_europe,2033.3,45.9994,44.8892,9.2042
eastern_europe,2033.4,46.6255,44.3153,9.1544
eastern_europe,2033.5,47.2449,43.7491,9.1036
eastern_europe,2033.6,47.8571,43.1908,9.0522
eastern_europe,2033.7,48.4617,42.6406,9.0002
eastern_europe,2033.8,49.0583,42.0988,8.9479
eastern_europe,2033.9,49.6465,41.5655,8.8955
eastern_europe,2034.0,50.2261,41.0408,8.8431
eastern_europe,2034.1,50.7966,40.5249,8.7911
eastern_europe,2034.2,51.3577,40.0179,8.7395
eastern_europe,2034.3,51.9094,39.5198,8.6886
eastern_europe,2034.4,52.4511,39.0307,8.6384
eastern_europe,2034.5,52.9829,38.5508,8.5893
eastern_europe,2034.6,53.5044,38.0799,8.5412
eastern_europe,2034.7,54.0155,37.6182,8.4944
eastern_europe,2034.8,54.5162,37.1656,8.4490
eastern_europe,2034.9,55.0063,36.7221,8.4051
eastern_europe,2035.0,55.4857,36.2877,8.3627
eastern_europe,2035.1,55.9545,35.8623,8.3220
eastern_europe,2035.2,56.4126,35.4459,8.2831
eastern_europe,2035.3,56.8600,35.0383,8.2459
eastern_europe,2035.4,57.2968,34.6395,8.2106
eastern_europe,2035.5,57.7232,34.2494,8.1771
eastern_europe,2035.6,58.1392,33.8677,8.1456
eastern_europe,2035.7,58.5449,33.4945,8.1158
eastern_europe,2035.8,58.9405,33.1295,8.0880
eastern_europe,2035.9,59.3262,32.7725,8.0620
eastern_europe,2036.0,59.7023,32.4234,8.0378
eastern_europe,2036.1,60.0689,32.0821,8.0153
eastern_europe,2036.2,60.4263,31.7482,7.9946
eastern_europe,2036.3,60.7748,31.4217,7.9754
eastern_europe,2036.4,61.1146,31.1024,7.9578
eastern_europe,2036.5,61.4460,30.7899,7.9417
eastern_europe,2036.6,61.7694,30.4841,7.9269
eastern_europe,2036.7,62.0850,30.1849,7.9133
eastern_europe,2036.8,62.3932,29.8919,7.9010
eastern_europe,2036.9,62.6943,29.6049,7.8897
eastern_europe,2037.0,62.9886,29.3239,7.8793
eastern_europe,2037.1,63.2764,29.0484,7.8698
eastern_europe,2037.2,63.5581,28.7784,7.8609
eastern_europe,2037.3,63.8339,28.5136,7.8527
eastern_europe,2037.4,64.1043,28.2538,7.8450
eastern_europe,2037.5,64.3694,27.9989,7.8377
eastern_europe,2037.6,64.6297,27.7485,7.8306
eastern_europe,2037.7,64.8853,27.5025,7.8238
eastern_europe,2037.8,65.1367,27.2608,7.8200
eastern_europe,2037.9,65.3840,27.0232,7.8172
eastern_europe,2038.0,65.6275,26.7894,7.8136
eastern_europe,2038.1,65.8674,26.5593,7.8090
eastern_europe,2038.2,66.1041,26.3328,7.8035
eastern_europe,2038.3,66.3376,26.1097,7.7972
eastern_europe,2038.4,66.5683,25.8899,7.7900
eastern_europe,2038.5,66.7963,25.6732,7.7819
eastern_europe,2038.6,67.0217,25.4594,7.7731
eastern_europe,2038.7,67.2448,25.2486,7.7634
eastern_europe,2038.8,67.4657,25.0405,7.7529
eastern_europe,2038.9,67.6846,24.8351,7.7417
eastern_europe,2039.0,67.9014,24.6322,7.7297
eastern_europe,2039.1,68.1165,24.4318,7.7170
eastern_europe,2039.2,68.3297,24.2338,7.7036
eastern_europe,2039.3,68.5414,24.0381,7.6894
eastern_europe,2039.4,68.7514,23.8446,7.6747
eastern_europe,2039.5,68.9600,23.6533,7.6592
eastern_europe,2039.6,69.1670,23.4640,7.6431
eastern_europe,2039.7,69.3727,23.2769,7.6264
eastern_europe,2039.8,69.5769,23.0917,7.6092
eastern_europe,2039.9,69.7799,22.9084,7.5913
eastern_europe,2040.0,69.9815,22.7271,7.5729
eastern_europe,2040.1,70.1818,22.5477,7.5539
eastern_europe,2040.2,70.3808,22.3701,7.5345
eastern_europe,2040.3,70.5786,22.1943,7.5146
eastern_europe,2040.4,70.7750,22.0203,7.4941
eastern_europe,2040.5,70.9702,21.8480,7.4733
eastern_europe,2040.6,71.1641,21.6775,7.4520
eastern_europe,2040.7,71.3568,21.5087,7.4303
eastern_europe,2040.8,71.5481,21.3416,7.4082
eastern_europe,2040.9,71.7382,21.1762,7.3857
eastern_europe,2041.0,71.9270,21.0125,7.3629
eastern_europe,2041.1,72.1144,20.8504,7.3397
eastern_europe,2041.2,72.3005,20.6900,7.3162
eastern_europe,2041.3,72.4853,20.5312,7.2925
eastern_europe,2041.4,72.6688,20.3740,7.2684
eastern_europe,2041.5,72.8508,20.2185,7.2441
eastern_europe,2041.6,73.0315,20.0645,7.2196
eastern_europe,2041.7,73.2109,19.9122,7.1948
eastern_europe,2041.8,73.3888,19.7614,7.1699
eastern_europe,2041.9,73.5653,19.6122,7.1447
eastern_europe,2042.0,73.7404,19.4646,7.1194
eastern_europe,2042.1,73.9141,19.3186,7.0939
eastern_europe,2042.2,74.0864,19.1741,7.0682
eastern_europe,2042.3,74.2572,19.0311,7.0425
eastern_europe,2042.4,74.4265,18.8897,7.0166
eastern_europe,2042.5,74.5944,18.7498,6.9907
eastern_europe,2042.6,74.7609,18.6114,6.9646
eastern_europe,2042.7,74.9258,18.4746,6.9385
eastern_europe,2042.8,75.0893,18.3392,6.9124
eastern_europe,2042.9,75.2513,18.2053,6.8862
eastern_europe,2043.0,75.4119,18.0729,6.8600
eastern_europe,2043.1,75.5709,17.9420,6.8337
eastern_europe,2043.2,75.7285,17.8125,6.8075
eastern_europe,2043.3,75.8846,17.6844,6.7812
eastern_europe,2043.4,76.0392,17.5578,6.7550
eastern_europe,2043.5,76.1923,17.4326,6.7288
eastern_europe,2043.6,76.3439,17.3088,6.7027
eastern_europe,2043.7,76.4941,17.1864,6.6766
eastern_europe,2043.8,76.6428,17.0654,6.6505
eastern_europe,2043.9,76.7900,16.9458,6.6246
eastern_europe,2044.0,76.9357,16.8275,6.5987
eastern_europe,2044.1,77.0800,16.7105,6.5728
eastern_europe,2044.2,77.2229,16.5949,6.5471
eastern_europe,2044.3,77.3643,16.4806,6.5215
eastern_europe,2044.4,77.5042,16.3675,6.4959
eastern_europe,2044.5,77.6428,16.2558,6.4705
eastern_europe,2044.6,77.7799,16.1453,6.4452
eastern_europe,2044.7,77.9156,16.0361,6.4200
eastern_europe,2044.8,78.0499,15.9281,6.3949
eastern_europe,2044.9,78.1828,15.8214,6.3699
eastern_europe,2045.0,78.3143,15.7159,6.3451
eastern_europe,2045.1,78.4445,15.6115,6.3204
eastern_europe,2045.2,78.5733,15.5083,6.2959
eastern_europe,2045.3,78.7008,15.4063,6.2714
eastern_europe,2045.4,78.8269,15.3055,6.2472
eastern_europe,2045.5,78.9517,15.2058,6.2230
eastern_europe,2045.6,79.0752,15.1072,6.1990
eastern_europe,2045.7,79.1974,15.0097,6.1752
eastern_europe,2045.8,79.3184,14.9133,6.1515
eastern_europe,2045.9,79.4381,14.8179,6.1279
eastern_europe,2046.0,79.5565,14.7236,6.1045
eastern_europe,2046.1,79.6737,14.6304,6.0813
eastern_europe,2046.2,79.7897,14.5382,6.0582
eastern_europe,2046.3,79.9044,14.4470,6.0352
eastern_europe,2046.4,80.0180,14.3568,6.0124
eastern_europe,2046.5,80.1305,14.2676,5.9897
eastern_europe,2046.6,80.2417,14.1793,5.9672
eastern_europe,2046.7,80.3518,14.0920,5.9448
eastern_europe,2046.8,80.4608,14.0057,5.9226
eastern_europe,2046.9,80.5687,13.9202,5.9005
eastern_europe,2047.0,80.6755,13.8357,5.8785
eastern_europe,2047.1,80.7813,13.7521,5.8567
eastern_europe,2047.2,80.8859,13.6694,5.8350
eastern_europe,2047.3,80.9895,13.5875,5.8134
eastern_europe,2047.4,81.0921,13.5065,5.7920
eastern_europe,2047.5,81.1937,13.4263,5.7707
eastern_europe,2047.6,81.2942,13.3470,5.7495
eastern_europe,2047.7,81.3938,13.2685,5.7284
eastern_europe,2047.8,81.4924,13.1908,5.7075
eastern_europe,2047.9,81.5901,13.1138,5.6867
eastern_europe,2048.0,81.6868,13.0377,5.6660
eastern_europe,2048.1,81.7826,12.9623,5.6454
eastern_europe,2048.2,81.8775,12.8877,5.6249
eastern_europe,2048.3,81.9715,12.8139,5.6045
eastern_europe,2048.4,82.0646,12.7407,5.5842
eastern_europe,2048.5,82.1569,12.6683,5.5640
eastern_europe,2048.6,82.2483,12.5967,5.5439
eastern_europe,2048.7,82.3388,12.5257,5.5239
eastern_europe,2048.8,82.4286,12.4554,5.5040
eastern_europe,2048.9,82.5175,12.3858,5.4842
eastern_europe,2049.0,82.6056,12.3168,5.4645
eastern_europe,2049.1,82.6929,12.2486,5.4448
eastern_europe,2049.2,82.7795,12.1809,5.4253
eastern_europe,2049.3,82.8652,12.1140,5.4058
eastern_europe,2049.4,82.9503,12.0476,5.3864
eastern_europe,2049.5,83.0346,11.9819,5.3670
eastern_europe,2049.6,83.1181,11.9168,5.3478
eastern_europe,2049.7,83.2010,11.8524,5.3286
eastern_europe,2049.8,83.2831,11.7885,5.3094
eastern_europe,2049.9,83.3645,11.7252,5.2904
eastern_europe,2050.0,83.4453,11.6625,5.2714
eu,2015.0,0.2856,99.4133,0.3012
eu,2015.1,0.3088,99.3669,0.3244
eu,2015.2,0.3336,99.3177,0.3489
eu,2015.3,0.3598,99.2657,0.3747
eu,2015.4,0.3876,99.2108,0.4019
eu,2015.5,0.4170,99.1529,0.4304
eu,2015.6,0.4481,99.0920,0.4603
eu,2015.7,0.4807,99.0281,0.4915
eu,2015.8,0.5152,98.9610,0.5242
eu,2015.9,0.5513,98.8908,0.5583
eu,2016.0,0.5893,98.8174,0.5939
eu,2016.1,0.6290,98.7406,0.6309
eu,2016.2,0.6707,98.6606,0.6694
eu,2016.3,0.7143,98.5771,0.7093
eu,2016.4,0.7598,98.4902,0.7508
eu,2016.5,0.8073,98.3998,0.7937
eu,2016.6,0.8568,98.3059,0.8382
eu,2016.7,0.9084,98.2084,0.8842
eu,2016.8,0.9621,98.1072,0.9318
eu,2016.9,1.0180,98.0023,0.9809
eu,2017.0,1.0760,97.8937,1.0316
eu,2017.1,1.1363,97.7807,1.0844
eu,2017.2,1.1989,97.6628,1.1398
eu,2017.3,1.2638,97.5401,1.1977
eu,2017.4,1.3312,97.4126,1.2579
eu,2017.5,1.4011,97.2801,1.3206
eu,2017.6,1.4735,97.1428,1.3856
eu,2017.7,1.5485,97.0006,1.4529
eu,2017.8,1.6262,96.8535,1.5225
eu,2017.9,1.7065,96.7015,1.5944
eu,2018.0,1.7896,96.5444,1.6684
eu,2018.1,1.8851,96.3791,1.7447
eu,2018.2,1.9745,96.2106,1.8231
eu,2018.3,2.0666,96.0373,1.9036
eu,2018.4,2.1616,95.8592,1.9862
eu,2018.5,2.2595,95.6761,2.0708
eu,2018.6,2.3605,95.4879,2.1575
eu,2018.7,2.4646,95.2947,2.2461
eu,2018.8,2.5718,95.0964,2.3367
eu,2018.9,2.6823,94.8930,2.4291
eu,2019.0,2.7960,94.6844,2.5234
eu,2019.1,2.9132,94.4707,2.6196
eu,2019.2,3.0337,94.2518,2.7176
eu,2019.3,3.1576,94.0277,2.8177
eu,2019.4,3.2851,93.7984,2.9195
eu,2019.5,3.4162,93.5639,3.0228
eu,2019.6,3.5509,93.3241,3.1278
eu,2019.7,3.6892,93.0792,3.2343
eu,2019.8,3.8313,92.8290,3.3422
eu,2019.9,3.9771,92.5736,3.4516
eu,2020.0,4.1268,92.3130,3.5624
eu,2020.1,4.2804,92.0471,3.6745
eu,2020.2,4.4379,91.7761,3.7878
eu,2020.3,4.5994,91.4998,3.9024
eu,2020.4,4.7649,91.2184,4.0181
eu,2020.5,4.9345,90.9318,4.1348
eu,2020.6,5.1082,90.6400,4.2526
eu,2020.7,5.2860,90.3431,4.3713
eu,2020.8,5.4681,90.0411,4.4909
eu,2020.9,5.6545,89.7340,4.6116
eu,2021.0,5.8451,89.4218,4.7331
eu,2021.1,6.0400,89.1046,4.8554
eu,2021.2,6.2394,88.7823,4.9783
eu,2021.3,6.4431,88.4551,5.1018
eu,2021.4,6.6513,88.1229,5.2258
eu,2021.5,6.8639,87.7858,5.3502
eu,2021.6,7.0811,87.4439,5.4750
eu,2021.7,7.3028,87.0971,5.6001
eu,2021.8,7.5291,86.7455,5.7254
eu,2021.9,7.7599,86.3892,5.8509
eu,2022.0,7.9953,86.0282,5.9764
eu,2022.1,8.2354,85.6626,6.1020
eu,2022.2,8.4801,85.2923,6.2275
eu,2022.3,8.7295,84.9176,6.3529
eu,2022.4,8.9835,84.5383,6.4781
eu,2022.5,9.2422,84.1547,6.6031
eu,2022.6,9.5056,83.7667,6.7277
eu,2022.7,9.7736,83.3744,6.8520
eu,2022.8,10.0464,82.9778,6.9758
eu,2022.9,10.3237,82.5772,7.0991
eu,2023.0,10.6057,82.1724,7.2218
eu,2023.1,10.8924,81.7636,7.3440
eu,2023.2,11.1837,81.3509,7.4654
eu,2023.3,11.4795,80.9344,7.5861
eu,2023.4,11.7799,80.5140,7.7061
eu,2023.5,12.0849,80.0899,7.8252
eu,2023.6,12.3943,79.6623,7.9435
eu,2023.7,12.7082,79.2310,8.0608
eu,2023.8,13.0265,78.7963,8.1772
eu,2023.9,13.3491,78.3583,8.2926
eu,2024.0,13.6761,77.9169,8.4070
eu,2024.1,14.0073,77.4723,8.5204
eu,2024.2,14.3426,77.0247,8.6327
eu,2024.3,14.6821,76.5740,8.7439
eu,2024.4,15.0257,76.1203,8.8540
eu,2024.5,15.3732,75.6639,8.9629
eu,2024.6,15.7246,75.2046,9.0707
eu,2024.7,16.0799,74.7427,9.1774
eu,2024.8,16.4389,74.2783,9.2829
eu,2024.9,16.8015,73.8113,9.3872
eu,2025.0,17.1677,73.3420,9.4903
eu,2025.1,17.5374,72.8704,9.5923
eu,2025.2,17.9104,72.3966,9.6930
eu,2025.3,18.2867,71.9206,9.7926
eu,2025.4,18.6663,71.4427,9.8910
eu,2025.5,19.0489,70.9628,9.9883
eu,2025.6,19.4345,70.4811,10.0843
eu,2025.7,19.8231,69.9977,10.1792
eu,2025.8,20.2144,69.5126,10.2730
eu,2025.9,20.6085,69.0260,10.3655
eu,2026.0,21.0052,68.5379,10.4570
eu,2026.1,21.4044,68.0484,10.5525
eu,2026.2,21.8060,67.5576,10.6491
eu,2026.3,22.2100,67.0656,10.7442
eu,2026.4,22.6163,66.5724,10.8378
eu,2026.5,23.0248,66.0783,10.9298
eu,2026.6,23.4353,65.5832,11.0202
eu,2026.7,23.8479,65.0872,11.1090
eu,2026.8,24.2624,64.5904,11.1962
eu,2026.9,24.6788,64.0929,11.2817
eu,2027.0,25.0970,63.5948,11.3656
eu,2027.1,25.5169,63.0962,11.4478
eu,2027.2,25.9386,62.5970,11.5283
eu,2027.3,26.3618,62.0975,11.6071
eu,2027.4,26.7867,61.5976,11.6841
eu,2027.5,27.2130,61.0975,11.7595
eu,2027.6,27.6409,60.5972,11.8331
eu,2027.7,28.0701,60.0969,11.9049
eu,2027.8,28.5008,59.5964,11.9750
eu,2027.9,28.9328,59.0961,12.0433
eu,2028.0,29.3661,58.5958,12.1098
eu,2028.1,29.8007,58.0957,12.1746
eu,2028.2,30.2365,57.5958,12.2377
eu,2028.3,30.6735,57.0963,12.2990
eu,2028.4,31.1117,56.5971,12.3586
eu,2028.5,31.5511,56.0984,12.4163
eu,2028.6,31.9915,55.6002,12.4723
eu,2028.7,32.4329,55.1025,12.5265
eu,2028.8,32.8754,54.6055,12.5789
eu,2028.9,33.3189,54.1092,12.6294
eu,2029.0,33.7634,53.6136,12.6782
eu,2029.1,34.2087,53.1189,12.7252
eu,2029.2,34.6549,52.6251,12.7705
eu,2029.3,35.1019,52.1322,12.8139
eu,2029.4,35.5497,51.6404,12.8555
eu,2029.5,35.9982,51.1496,12.8954
eu,2029.6,36.4474,50.6601,12.9335
eu,2029.7,36.8972,50.1717,12.9698
eu,2029.8,37.3475,49.6846,13.0044
eu,2029.9,37.7984,49.1988,13.0372
eu,2030.0,38.2496,48.7145,13.0682
eu,2030.1,38.7012,48.2317,13.1059
eu,2030.2,39.1532,47.7504,13.1425
eu,2030.3,39.6053,47.2707,13.1771
eu,2030.4,40.0576,46.7927,13.2096
eu,2030.5,40.5099,46.3164,13.2401
eu,2030.6,40.9622,45.8420,13.2686
eu,2030.7,41.4145,45.3695,13.2952
eu,2030.8,41.8666,44.8989,13.3197
eu,2030.9,42.3184,44.4304,13.3422
eu,2031.0,42.7699,43.9640,13.3628
eu,2031.1,43.2209,43.4997,13.3814
eu,2031.2,43.6715,43.0377,13.3980
eu,2031.3,44.1214,42.5780,13.4127
eu,2031.4,44.5707,42.1207,13.4255
eu,2031.5,45.0192,41.6658,13.4364
eu,2031.6,45.4668,41.2135,13.4454
eu,2031.7,45.9134,40.7637,13.4526
eu,2031.8,46.3590,40.3166,13.4579
eu,2031.9,46.8034,39.8722,13.4614
eu,2032.0,47.2466,39.4307,13.4631
eu,2032.1,47.6885,38.9920,13.4630
eu,2032.2,48.1290,38.5562,13.4612
eu,2032.3,48.5679,38.1234,13.4577
eu,2032.4,49.0052,37.6937,13.4525
eu,2032.5,49.4409,37.2671,13.4457
eu,2032.6,49.8747,36.8436,13.4373
eu,2032.7,50.3067,36.4234,13.4272
eu,2032.8,50.7367,36.0065,13.4156
eu,2032.9,51.1647,35.5930,13.4025
eu,2033.0,51.5906,35.1828,13.3880
eu,2033.1,52.0142,34.7761,13.3719
eu,2033.2,52.4356,34.3729,13.3545
eu,2033.3,52.8546,33.9732,13.3357
eu,2033.4,53.2712,33.5772,13.3155
eu,2033.5,53.6853,33.1847,13.2941
eu,2033.6,54.0968,32.7959,13.2714
eu,2033.7,54.5057,32.4108,13.2474
eu,2033.8,54.9119,32.0295,13.2223
eu,2033.9,55.3153,31.6519,13.1961
eu,2034.0,55.7159,31.2780,13.1687
eu,2034.1,56.1136,30.9080,13.1402
eu,2034.2,56.5085,30.5418,13.1108
eu,2034.3,56.9003,30.1795,13.0803
eu,2034.4,57.2892,29.8210,13.0488
eu,2034.5,57.6751,29.4664,13.0164
eu,2034.6,58.0579,29.1156,12.9830
eu,2034.7,58.4376,28.7687,12.9488
eu,2034.8,58.8142,28.4257,12.9138
eu,2034.9,59.1877,28.0866,12.8779
eu,2035.0,59.5581,27.7513,12.8412
eu,2035.1,59.9253,27.4199,12.8037
eu,2035.2,60.2893,27.0923,12.7655
eu,2035.3,60.6502,26.7685,12.7266
eu,2035.4,61.0080,26.4486,12.6869
eu,2035.5,61.3626,26.1325,12.6466
eu,2035.6,61.7140,25.8201,12.6056
eu,2035.7,62.0624,25.5115,12.5639
eu,2035.8,62.4076,25.2067,12.5215
eu,2035.9,62.7498,24.9055,12.4786
eu,2036.0,63.0889,24.6080,12.4349
eu,2036.1,63.4250,24.3141,12.3907
eu,2036.2,63.7581,24.0239,12.3459
eu,2036.3,64.0882,23.7372,12.3004
eu,2036.4,64.4154,23.4540,12.2544
eu,2036.5,64.7397,23.1743,12.2078
eu,2036.6,65.0611,22.8981,12.1605
eu,2036.7,65.3797,22.6254,12.1127
eu,2036.8,65.6955,22.3560,12.0643
eu,2036.9,66.0085,22.0899,12.0153
eu,2037.0,66.3189,21.8272,11.9658
eu,2037.1,66.6266,21.5677,11.9157
eu,2037.2,66.9316,21.3115,11.8650
eu,2037.3,67.2341,21.0585,11.8137
eu,2037.4,67.5340,20.8085,11.7618
eu,2037.5,67.8314,20.5617,11.7094
eu,2037.6,68.1263,20.3180,11.6565
eu,2037.7,68.4188,20.0773,11.6029
eu,2037.8,68.7088,19.8396,11.5493
eu,2037.9,68.9965,19.6049,11.4952
eu,2038.0,69.2819,19.3730,11.4404
eu,2038.1,69.5649,19.1441,11.3851
eu,2038.2,69.8457,18.9180,11.3291
eu,2038.3,70.1242,18.6947,11.2725
eu,2038.4,70.4005,18.4742,11.2154
eu,2038.5,70.6746,18.2564,11.1577
eu,2038.6,70.9465,18.0413,11.0994
eu,2038.7,71.2163,17.8289,11.0407
eu,2038.8,71.4839,17.6192,10.9815
eu,2038.9,71.7493,17.4121,10.9218
eu,2039.0,72.0127,17.2075,10.8616
eu,2039.1,72.2740,17.0055,10.8010
eu,2039.2,72.5331,16.8061,10.7400
eu,2039.3,72.7903,16.6092,10.6786
eu,2039.4,73.0453,16.4147,10.6168
eu,2039.5,73.2983,16.2227,10.5546
eu,2039.6,73.5492,16.0331,10.4921
eu,2039.7,73.7981,15.8459,10.4293
eu,2039.8,74.0449,15.6611,10.3662
eu,2039.9,74.2898,15.4787,10.3028
eu,2040.0,74.5326,15.2986,10.2392
eu,2040.1,74.7733,15.1207,10.1753
eu,2040.2,75.0121,14.9452,10.1112
eu,2040.3,75.2488,14.7719,10.0469
eu,2040.4,75.4836,14.6009,9.9824
eu,2040.5,75.7163,14.4321,9.9177
eu,2040.6,75.9470,14.2655,9.8529
eu,2040.7,76.1757,14.1011,9.7879
eu,2040.8,76.4024,13.9388,9.7228
eu,2040.9,76.6271,13.7787,9.6576
eu,2041.0,76.8498,13.6206,9.5924
eu,2041.1,77.0705,13.4647,9.5271
eu,2041.2,77.2892,13.3108,9.4617
eu,2041.3,77.5059,13.1590,9.3963
eu,2041.4,77.7206,13.0092,9.3309
eu,2041.5,77.9334,12.8614,9.2655
eu,2041.6,78.1441,12.7157,9.2001
eu,2041.7,78.3529,12.5718,9.1347
eu,2041.8,78.5597,12.4300,9.0694
eu,2041.9,78.7646,12.2900,9.0042
eu,2042.0,78.9674,12.1520,8.9390
eu,2042.1,79.1684,12.0158,8.8740
eu,2042.2,79.3673,11.8815,8.8090
eu,2042.3,79.5643,11.7491,8.7442
eu,2042.4,79.7594,11.6184,8.6795
eu,2042.5,79.9526,11.4896,8.6149
eu,2042.6,80.1438,11.3625,8.5505
eu,2042.7,80.3331,11.2372,8.4863
eu,2042.8,80.5204,11.1137,8.4223
eu,2042.9,80.7059,10.9918,8.3585
eu,2043.0,80.8895,10.8717,8.2950
eu,2043.1,81.0711,10.7532,8.2316
eu,2043.2,81.2509,10.6364,8.1685
eu,2043.3,81.4289,10.5212,8.1056
eu,2043.4,81.6049,10.4077,8.0430
eu,2043.5,81.7791,10.2957,7.9807
eu,2043.6,81.9515,10.1853,7.9187
eu,2043.7,82.1220,10.0764,7.8569
eu,2043.8,82.2907,9.9691,7.7955
eu,2043.9,82.4575,9.8632,7.7344
eu,2044.0,82.6226,9.7589,7.6736
eu,2044.1,82.7859,9.6560,7.6131
eu,2044.2,82.9474,9.5546,7.5530
eu,2044.3,83.1071,9.4545,7.4933
eu,2044.4,83.2650,9.3559,7.4339
eu,2044.5,83.4213,9.2587,7.3748
eu,2044.6,83.5757,9.1628,7.3162
eu,2044.7,83.7285,9.0683,7.2579
eu,2044.8,83.8795,8.9751,7.2000
eu,2044.9,84.0289,8.8832,7.1426
eu,2045.0,84.1765,8.7926,7.0855
eu,2045.1,84.3225,8.7032,7.0288
eu,2045.2,84.4669,8.6151,6.9726
eu,2045.3,84.6096,8.5282,6.9168
eu,2045.4,84.7506,8.4426,6.8614
eu,2045.5,84.8901,8.3581,6.8064
eu,2045.6,85.0279,8.2748,6.7519
eu,2045.7,85.1641,8.1926,6.6978
eu,2045.8,85.2988,8.1115,6.6442
eu,2045.9,85.4319,8.0316,6.5910
eu,2046.0,85.5635,7.9527,6.5382
eu,2046.1,85.6935,7.8750,6.4860
eu,2046.2,85.8220,7.7983,6.4341
eu,2046.3,85.9490,7.7226,6.3828
eu,2046.4,86.0746,7.6480,6.3319
eu,2046.5,86.1986,7.5743,6.2815
eu,2046.6,86.3212,7.5017,6.2315
eu,2046.7,86.4424,7.4300,6.1820
eu,2046.8,86.5621,7.3593,6.1330
eu,2046.9,86.6804,7.2895,6.0844
eu,2047.0,86.7973,7.2206,6.0364
eu,2047.1,86.9128,7.1526,5.9888
eu,2047.2,87.0270,7.0856,5.9416
eu,2047.3,87.1398,7.0194,5.8950
eu,2047.4,87.2512,6.9541,5.8488
eu,2047.5,87.3614,6.8896,5.8031
eu,2047.6,87.4702,6.8259,5.7579
eu,2047.7,87.5777,6.7631,5.7131
eu,2047.8,87.6840,6.7011,5.6688
eu,2047.9,87.7890,6.6398,5.6250
eu,2048.0,87.8927,6.5793,5.5817
eu,2048.1,87.9952,6.5196,5.5388
eu,2048.2,88.0965,6.4607,5.4964
eu,2048.3,88.1966,6.4024,5.4545
eu,2048.4,88.2955,6.3449,5.4130
eu,2048.5,88.3933,6.2881,5.3720
eu,2048.6,88.4898,6.2320,5.3315
eu,2048.7,88.5853,6.1766,5.2914
eu,2048.8,88.6796,6.1218,5.2517
eu,2048.9,88.7727,6.0677,5.2125
eu,2049.0,88.8648,6.0143,5.1738
eu,2049.1,88.9558,5.9615,5.1355
eu,2049.2,89.0457,5.9093,5.0977
eu,2049.3,89.1346,5.8577,5.0603
eu,2049.4,89.2224,5.8068,5.0233
eu,2049.5,89.3092,5.7564,4.9868
eu,2049.6,89.3950,5.7066,4.9507
eu,2049.7,89.4797,5.6574,4.9150
eu,2049.8,89.5635,5.6087,4.8797
eu,2049.9,89.6463,5.5606,4.8449
eu,2050.0,89.7281,5.5131,4.8105
g7,2015.0,0.2573,99.5125,0.2301
g7,2015.1,0.2751,99.4809,0.2439
g7,2015.2,0.2940,99.4477,0.2584
g7,2015.3,0.3138,99.4127,0.2734
g7,2015.4,0.3348,99.3761,0.2891
g7,2015.5,0.3568,99.3378,0.3054
g7,2015.6,0.3800,99.2977,0.3223
g7,2015.7,0.4043,99.2558,0.3399
g7,2015.8,0.4298,99.2121,0.3581
g7,2015.9,0.4565,99.1665,0.3770
g7,2016.0,0.4845,99.1191,0.3965
g7,2016.1,0.5137,99.0697,0.4166
g7,2016.2,0.5441,99.0185,0.4374
g7,2016.3,0.5759,98.9653,0.4588
g7,2016.4,0.6090,98.9101,0.4809
g7,2016.5,0.6435,98.8529,0.5036
g7,2016.6,0.6794,98.7936,0.5270
g7,2016.7,0.7167,98.7324,0.5510
g7,2016.8,0.7554,98.6690,0.5756
g7,2016.9,0.7955,98.6036,0.6009
g7,2017.0,0.8372,98.5360,0.6268
g7,2017.1,0.8803,98.4663,0.6534
g7,2017.2,0.9250,98.3944,0.6806
g7,2017.3,0.9712,98.3204,0.7084
g7,2017.4,1.0190,98.2442,0.7369
g7,2017.5,1.0684,98.1657,0.7659
g7,2017.6,1.1193,98.0850,0.7956
g7,2017.7,1.1720,98.0021,0.8260
g7,2017.8,1.2262,97.9169,0.8569
g7,2017.9,1.2822,97.8294,0.8885
g7,2018.0,1.3398,97.7396,0.9206
g7,2018.1,1.3992,97.6474,0.9534
g7,2018.2,1.4603,97.5530,0.9867
g7,2018.3,1.5231,97.4562,1.0207
g7,2018.4,1.5877,97.3570,1.0552
g7,2018.5,1.6542,97.2555,1.0903
g7,2018.6,1.7224,97.1516,1.1260
g7,2018.7,1.7925,97.0453,1.1622
g7,2018.8,1.8644,96.9366,1.1990
g7,2018.9,1.9382,96.8254,1.2364
g7,2019.0,2.0138,96.7119,1.2743
g7,2019.1,2.0914,96.5958,1.3127
g7,2019.2,2.1709,96.4774,1.3517
g7,2019.3,2.2524,96.3565,1.3912
g7,2019.4,2.3358,96.2331,1.4312
g7,2019.5,2.4211,96.1072,1.4717
g7,2019.6,2.5085,95.9789,1.5126
g7,2019.7,2.5978,95.8481,1.5541
g7,2019.8,2.6892,95.7148,1.5961
g7,2019.9,2.7826,95.5789,1.6385
g7,2020.0,2.8780,95.4406,1.6813
g7,2020.1,2.9756,95.2998,1.7246
g7,2020.2,3.0751,95.1565,1.7684
g7,2020.3,3.1768,95.0107,1.8125
g7,2020.4,3.2806,94.8623,1.8571
g7,2020.5,3.3865,94.7114,1.9020
g7,2020.6,3.4945,94.5581,1.9474
g7,2020.7,3.6047,94.4022,1.9931
g7,2020.8,3.7170,94.2438,2.0392
g7,2020.9,3.8315,94.0828,2.0857
g7,2021.0,3.9482,93.9194,2.1324
g7,2021.1,4.0670,93.7534,2.1795
g7,2021.2,4.1881,93.5850,2.2270
g7,2021.3,4.3113,93.4140,2.2747
g7,2021.4,4.4368,93.2405,2.3227
g7,2021.5,4.5645,93.0645,2.3710
g7,2021.6,4.6944,92.8861,2.4195
g7,2021.7,4.8266,92.7051,2.4683
g7,2021.8,4.9610,92.5217,2.5173
g7,2021.9,5.0977,92.3357,2.5665
g7,2022.0,5.2367,92.1473,2.6160
g7,2022.1,5.3779,91.9565,2.6656
g7,2022.2,5.5214,91.7632,2.7154
g7,2022.3,5.6672,91.5674,2.7654
g7,2022.4,5.8153,91.3693,2.8155
g7,2022.5,5.9657,91.1686,2.8657
g7,2022.6,6.1184,90.9656,2.9160
g7,2022.7,6.2734,90.7602,2.9665
g7,2022.8,6.4307,90.5523,3.0170
g7,2022.9,6.5903,90.3421,3.0676
g7,2023.0,6.7523,90.1296,3.1182
g7,2023.1,6.9165,89.9146,3.1689
g7,2023.2,7.0831,89.6973,3.2195
g7,2023.3,7.2520,89.4777,3.2702
g7,2023.4,7.4233,89.2558,3.3209
g7,2023.5,7.5969,89.0316,3.3716
g7,2023.6,7.7728,88.8051,3.4222
g7,2023.7,7.9510,88.5763,3.4727
g7,2023.8,8.1316,88.3453,3.5232
g7,2023.9,8.3145,88.1120,3.5735
g7,2024.0,8.4997,87.8765,3.6238
g7,2024.1,8.6872,87.6388,3.6739
g7,2024.2,8.8771,87.3990,3.7239
g7,2024.3,9.0693,87.1570,3.7737
g7,2024.4,9.2638,86.9128,3.8234
g7,2024.5,9.4607,86.6665,3.8728
g7,2024.6,9.6598,86.4181,3.9221
g7,2024.7,9.8613,86.1676,3.9711
g7,2024.8,10.0651,85.9151,4.0199
g7,2024.9,10.2711,85.6605,4.0684
g7,2025.0,10.4795,85.4039,4.1166
g7,2025.1,10.6901,85.1453,4.1646
g7,2025.2,10.9031,84.8847,4.2122
g7,2025.3,11.1183,84.6222,4.2596
g7,2025.4,11.3358,84.3577,4.3066
g7,2025.5,11.5555,84.0913,4.3532
g7,2025.6,11.7775,83.8231,4.3995
g7,2025.7,12.0017,83.5529,4.4453
g7,2025.8,12.2282,83.2810,4.4908
g7,2025.9,12.4569,83.0072,4.5359
g7,2026.0,12.6878,82.7317,4.5805
g7,2026.1,12.9209,82.4544,4.6247
g7,2026.2,13.1563,82.1753,4.6684
g7,2026.3,13.3938,81.8946,4.7117
g7,2026.4,13.6335,81.6121,4.7544
g7,2026.5,13.8753,81.3280,4.7967
g7,2026.6,14.1193,81.0423,4.8384
g7,2026.7,14.3654,80.7550,4.8796
g7,2026.8,14.6137,80.4661,4.9203
g7,2026.9,14.8640,80.1756,4.9604
g7,2027.0,15.1165,79.8836,4.9999
g7,2027.1,15.3711,79.5901,5.0388
g7,2027.2,15.6277,79.2952,5.0772
g7,2027.3,15.8863,78.9988,5.1149
g7,2027.4,16.1470,78.7010,5.1520
g7,2027.5,16.4098,78.4018,5.1884
g7,2027.6,16.6745,78.1013,5.2242
g7,2027.7,16.9412,77.7994,5.2594
g7,2027.8,17.2099,77.4962,5.2939
g7,2027.9,17.4806,77.1918,5.3277
g7,2028.0,17.7532,76.8861,5.3608
g7,2028.1,18.0277,76.5792,5.3931
g7,2028.2,18.3041,76.2711,5.4248
g7,2028.3,18.5823,75.9619,5.4558
g7,2028.4,18.8625,75.6515,5.4860
g7,2028.5,19.1445,75.3400,5.5155
g7,2028.6,19.4283,75.0275,5.5442
g7,2028.7,19.7139,74.7139,5.5721
g7,2028.8,20.0013,74.3994,5.5993
g7,2028.9,20.2905,74.0838,5.6257
g7,2029.0,20.5814,73.7673,5.6514
g7,2029.1,20.8740,73.4498,5.6762
g7,2029.2,21.1683,73.1315,5.7002
g7,2029.3,21.4643,72.8123,5.7234
g7,2029.4,21.7620,72.4922,5.7458
g7,2029.5,22.0612,72.1714,5.7674
g7,2029.6,22.3621,71.8497,5.7881
g7,2029.7,22.6646,71.5273,5.8081
g7,2029.8,22.9686,71.2042,5.8271
g7,2029.9,23.2742,70.8804,5.8454
g7,2030.0,23.5813,70.5560,5.8628
g7,2030.1,23.8898,70.2309,5.8793
g7,2030.2,24.1998,69.9051,5.8950
g7,2030.3,24.5113,69.5789,5.9098
g7,2030.4,24.8242,69.2520,5.9238
g7,2030.5,25.1384,68.9246,5.9369
g7,2030.6,25.4541,68.5968,5.9492
g7,2030.7,25.7710,68.2684,5.9605
g7,2030.8,26.0893,67.9396,5.9710
g7,2030.9,26.4089,67.6105,5.9807
g7,2031.0,26.7297,67.2809,5.9894
g7,2031.1,27.0517,66.9509,5.9973
g7,2031.2,27.3750,66.6207,6.0043
g7,2031.3,27.6994,66.2901,6.0105
g7,2031.4,28.0250,65.9592,6.0158
g7,2031.5,28.3517,65.6281,6.0202
g7,2031.6,28.6795,65.2968,6.0237
g7,2031.7,29.0084,64.9652,6.0264
g7,2031.8,29.3383,64.6335,6.0282
g7,2031.9,29.6692,64.3016,6.0291
g7,2032.0,30.0011,63.9697,6.0292
g7,2032.1,30.3340,63.6376,6.0285
g7,2032.2,30.6678,63.3054,6.0268
g7,2032.3,31.0024,62.9732,6.0244
g7,2032.4,31.3380,62.6410,6.0210
g7,2032.5,31.6744,62.3087,6.0169
g7,2032.6,32.0116,61.9765,6.0119
g7,2032.7,32.3496,61.6443,6.0060
g7,2032.8,32.6884,61.3123,5.9994
g7,2032.9,33.0278,60.9803,5.9919
g7,2033.0,33.3680,60.6484,5.9836
g7,2033.1,33.7089,60.3166,5.9745
g7,2033.2,34.0503,59.9851,5.9646
g7,2033.3,34.3924,59.6537,5.9539
g7,2033.4,34.7351,59.3225,5.9424
g7,2033.5,35.0783,58.9915,5.9301
g7,2033.6,35.4220,58.6609,5.9171
g7,2033.7,35.7663,58.3304,5.9033
g7,2033.8,36.1110,58.0003,5.8887
g7,2033.9,36.4561,57.6705,5.8734
g7,2034.0,36.8016,57.3410,5.8573
g7,2034.1,37.1475,57.0119,5.8405
g7,2034.2,37.4938,56.6832,5.8230
g7,2034.3,37.8404,56.3548,5.8048
g7,2034.4,38.1872,56.0269,5.7859
g7,2034.5,38.5343,55.6994,5.7662
g7,2034.6,38.8816,55.3724,5.7459
g7,2034.7,39.2292,55.0459,5.7249
g7,2034.8,39.5769,54.7198,5.7033
g7,2034.9,39.9247,54.3943,5.6810
g7,2035.0,40.2727,54.0693,5.6581
g7,2035.1,40.6207,53.7448,5.6345
g7,2035.2,40.9688,53.4210,5.6103
g7,2035.3,41.3169,53.0977,5.5855
g7,2035.4,41.6650,52.7750,5.5601
g7,2035.5,42.0130,52.4529,5.5341
g7,2035.6,42.3610,52.1315,5.5075
g7,2035.7,42.7089,51.8107,5.4804
g7,2035.8,43.0567,51.4906,5.4527
g7,2035.9,43.4043,51.1712,5.4245
g7,2036.0,43.7518,50.8525,5.3957
g7,2036.1,44.0990,50.5345,5.3665
g7,2036.2,44.4460,50.2172,5.3367
g7,2036.3,44.7928,49.9007,5.3065
g7,2036.4,45.1393,49.5850,5.2757
g7,2036.5,45.4854,49.2700,5.2446
g7,2036.6,45.8312,48.9559,5.2129
g7,2036.7,46.1766,48.6425,5.1808
g7,2036.8,46.5217,48.3300,5.1483
g7,2036.9,46.8663,48.0183,5.1154
g7,2037.0,47.2104,47.7075,5.0821
g7,2037.1,47.5541,47.3976,5.0484
g7,2037.2,47.8972,47.0885,5.0143
g7,2037.3,48.2398,46.7803,4.9798
g7,2037.4,48.5819,46.4730,4.9451
g7,2037.5,48.9234,46.1667,4.9099
g7,2037.6,49.2642,45.8613,4.8745
g7,2037.7,49.6045,45.5568,4.8387
g7,2037.8,49.9440,45.2533,4.8027
g7,2037.9,50.2829,44.9508,4.7663
g7,2038.0,50.6211,44.6492,4.7297
g7,2038.1,50.9585,44.3486,4.6929
g7,2038.2,51.2952,44.0491,4.6558
g7,2038.3,51.6310,43.7506,4.6184
g7,2038.4,51.9661,43.4531,4.5809
g7,2038.5,52.3003,43.1566,4.5431
g7,2038.6,52.6337,42.8612,4.5051
g7,2038.7,52.9661,42.5669,4.4670
g7,2038.8,53.2977,42.2736,4.4287
g7,2038.9,53.6283,41.9814,4.3902
g7,2039.0,53.9580,41.6903,4.3516
g7,2039.1,54.2867,41.4004,4.3129
g7,2039.2,54.6144,41.1115,4.2740
g7,2039.3,54.9411,40.8238,4.2351
g7,2039.4,55.2668,40.5372,4.1960
g7,2039.5,55.5914,40.2517,4.1569
g7,2039.6,55.9149,39.9674,4.1177
g7,2039.7,56.2372,39.6843,4.0784
g7,2039.8,56.5585,39.4024,4.0391
g7,2039.9,56.8786,39.1216,3.9998
g7,2040.0,57.1976,38.8420,3.9604
g7,2040.1,57.5153,38.5636,3.9211
g7,2040.2,57.8319,38.2865,3.8817
g7,2040.3,58.1472,38.0105,3.8423
g7,2040.4,58.4612,37.7358,3.8030
g7,2040.5,58.7740,37.4623,3.7637
g7,2040.6,59.0855,37.1901,3.7244
g7,2040.7,59.3957,36.9191,3.6852
g7,2040.8,59.7046,36.6494,3.6460
g7,2040.9,60.0122,36.3809,3.6069
g7,2041.0,60.3184,36.1137,3.5679
g7,2041.1,60.6232,35.8478,3.5290
g7,2041.2,60.9266,35.5832,3.4902
g7,2041.3,61.2286,35.3199,3.4515
g7,2041.4,61.5292,35.0579,3.4130
g7,2041.5,61.8283,34.7972,3.3745
g7,2041.6,62.1260,34.5378,3.3363
g7,2041.7,62.4222,34.2797,3.2981
g7,2041.8,62.7169,34.0230,3.2601
g7,2041.9,63.0101,33.7676,3.2223
g7,2042.0,63.3018,33.5136,3.1847
g7,2042.1,63.5919,33.2609,3.1472
g7,2042.2,63.8805,33.0096,3.1099
g7,2042.3,64.1675,32.7596,3.0729
g7,2042.4,64.4530,32.5110,3.0360
g7,2042.5,64.7369,32.2638,2.9994
g7,2042.6,65.0191,32.0179,2.9630
g7,2042.7,65.2998,31.7734,2.9268
g7,2042.8,65.5788,31.5304,2.8908
g7,2042.9,65.8562,31.2887,2.8551
g7,2043.0,66.1319,31.0484,2.8196
g7,2043.1,66.4060,30.8096,2.7844
g7,2043.2,66.6784,30.5721,2.7495
g7,2043.3,66.9491,30.3361,2.7148
g7,2043.4,67.2181,30.1015,2.6804
g7,2043.5,67.4854,29.8683,2.6463
g7,2043.6,67.7510,29.6365,2.6125
g7,2043.7,68.0149,29.4062,2.5789
g7,2043.8,68.2770,29.1773,2.5457
g7,2043.9,68.5374,28.9498,2.5127
g7,2044.0,68.7961,28.7238,2.4802
g7,2044.1,69.0529,28.4993,2.4481
g7,2044.2,69.3080,28.2762,2.4164
g7,2044.3,69.5614,28.0545,2.3850
g7,2044.4,69.8129,27.8343,2.3539
g7,2044.5,70.0627,27.6156,2.3231
g7,2044.6,70.3106,27.3984,2.2991
g7,2044.7,70.5568,27.1826,2.2849
g7,2044.8,70.8011,26.9683,2.2710
g7,2044.9,71.0436,26.7554,2.2573
g7,2045.0,71.2843,26.5440,2.2437
g7,2045.1,71.5232,26.3342,2.2303
g7,2045.2,71.7602,26.1257,2.2171
g7,2045.3,71.9954,25.9188,2.2042
g7,2045.4,72.2288,25.7134,2.1914
g7,2045.5,72.4603,25.5094,2.1787
g7,2045.6,72.6900,25.3070,2.1663
g7,2045.7,72.9178,25.1060,2.1541
g7,2045.8,73.1437,24.9065,2.1420
g7,2045.9,73.3678,24.7085,2.1301
g7,2046.0,73.5900,24.5120,2.1184
g7,2046.1,73.8104,24.3170,2.1069
g7,2046.2,74.0289,24.1235,2.0955
g7,2046.3,74.2455,23.9315,2.0844
g7,2046.4,74.4603,23.7410,2.0734
g7,2046.5,74.6732,23.5519,2.0626
g7,2046.6,74.8842,23.3644,2.0519
g7,2046.7,75.0933,23.1784,2.0414
g7,2046.8,75.3006,22.9939,2.0311
g7,2046.9,75.5060,22.8108,2.0210
g7,2047.0,75.7095,22.6293,2.0110
g7,2047.1,75.9111,22.4492,2.0012
g7,2047.2,76.1109,22.2707,1.9916
g7,2047.3,76.3088,22.0936,1.9821
g7,2047.4,76.5049,21.9181,1.9727
g7,2047.5,76.6990,21.7440,1.9636
g7,2047.6,76.8913,21.5714,1.9545
g7,2047.7,77.0818,21.4003,1.9457
g7,2047.8,77.2704,21.2307,1.9369
g7,2047.9,77.4571,21.0626,1.9284
g7,2048.0,77.6419,20.8960,1.9199
g7,2048.1,77.8250,20.7309,1.9117
g7,2048.2,78.0061,20.5672,1.9035
g7,2048.3,78.1855,20.4050,1.8955
g7,2048.4,78.3629,20.2443,1.8876
g7,2048.5,78.5386,20.0850,1.8799
g7,2048.6,78.7124,19.9273,1.8723
g7,2048.7,78.8844,19.7710,1.8648
g7,2048.8,79.0546,19.6161,1.8575
g7,2048.9,79.2229,19.4627,1.8503
g7,2049.0,79.3894,19.3108,1.8432
g7,2049.1,79.5542,19.1603,1.8362
g7,2049.2,79.7171,19.0113,1.8294
g7,2049.3,79.8783,18.8637,1.8227
g7,2049.4,80.0376,18.7176,1.8160
g7,2049.5,80.1952,18.5729,1.8095
g7,2049.6,80.3510,18.4297,1.8032
g7,2049.7,80.5050,18.2878,1.7969
g7,2049.8,80.6573,18.1474,1.7907
g7,2049.9,80.8078,18.0085,1.7846
g7,2050.0,80.9566,17.8709,1.7787
north_america,2015.0,0.2425,99.5961,0.1614
north_america,2015.1,0.2585,99.5717,0.1698
north_america,2015.2,0.2753,99.5463,0.1785
north_america,2015.3,0.2928,99.5199,0.1873
north_america,2015.4,0.3111,99.4925,0.1965
north_america,2015.5,0.3301,99.4641,0.2059
north_america,2015.6,0.3499,99.4346,0.2155
north_america,2015.7,0.3705,99.4041,0.2254
north_america,2015.8,0.3920,99.3725,0.2355
north_america,2015.9,0.4143,99.3399,0.2458
north_america,2016.0,0.4375,99.3061,0.2564
north_america,2016.1,0.4615,99.2712,0.2673
north_america,2016.2,0.4865,99.2351,0.2784
north_america,2016.3,0.5123,99.1979,0.2897
north_america,2016.4,0.5391,99.1595,0.3013
north_america,2016.5,0.5669,99.1199,0.3132
north_america,2016.6,0.5956,99.0791,0.3252
north_america,2016.7,0.6253,99.0371,0.3376
north_america,2016.8,0.6561,98.9938,0.3501
north_america,2016.9,0.6878,98.9493,0.3629
north_america,2017.0,0.7206,98.9034,0.3760
north_america,2017.1,0.7544,98.8563,0.3892
north_america,2017.2,0.7894,98.8079,0.4028
north_america,2017.3,0.8254,98.7581,0.4165
north_america,2017.4,0.8626,98.7069,0.4305
north_america,2017.5,0.9009,98.6544,0.4447
north_america,2017.6,0.9403,98.6005,0.4592
north_america,2017.7,0.9809,98.5452,0.4738
north_america,2017.8,1.0227,98.4885,0.4887
north_america,2017.9,1.0658,98.4304,0.5039
north_america,2018.0,1.1100,98.3708,0.5192
north_america,2018.1,1.1555,98.3097,0.5348
north_america,2018.2,1.2023,98.2471,0.5506
north_america,2018.3,1.2503,98.1831,0.5666
north_america,2018.4,1.2996,98.1175,0.5828
north_america,2018.5,1.3503,98.0504,0.5993
north_america,2018.6,1.4023,97.9818,0.6159
north_america,2018.7,1.4557,97.9116,0.6328
north_america,2018.8,1.5104,97.8398,0.6498
north_america,2018.9,1.5665,97.7664,0.6671
north_america,2019.0,1.6240,97.6914,0.6845
north_america,2019.1,1.6830,97.6148,0.7022
north_america,2019.2,1.7434,97.5366,0.7200
north_america,2019.3,1.8053,97.4567,0.7380
north_america,2019.4,1.8686,97.3751,0.7562
north_america,2019.5,1.9335,97.2919,0.7746
north_america,2019.6,1.9999,97.2069,0.7932
north_america,2019.7,2.0678,97.1203,0.8120
north_america,2019.8,2.1372,97.0319,0.8309
north_america,2019.9,2.2083,96.9418,0.8500
north_america,2020.0,2.2809,96.8499,0.8692
north_america,2020.1,2.3551,96.7563,0.8886
north_america,2020.2,2.4310,96.6608,0.9082
north_america,2020.3,2.5085,96.5636,0.9279
north_america,2020.4,2.5876,96.4646,0.9477
north_america,2020.5,2.6685,96.3638,0.9677
north_america,2020.6,2.7510,96.2611,0.9879
north_america,2020.7,2.8352,96.1566,1.0082
north_america,2020.8,2.9212,96.0503,1.0286
north_america,2020.9,3.0088,95.9421,1.0491
north_america,2021.0,3.0983,95.8320,1.0697
north_america,2021.1,3.1895,95.7200,1.0905
north_america,2021.2,3.2825,95.6061,1.1114
north_america,2021.3,3.3774,95.4903,1.1323
north_america,2021.4,3.4740,95.3725,1.1534
north_america,2021.5,3.5725,95.2529,1.1746
north_america,2021.6,3.6729,95.1313,1.1959
north_america,2021.7,3.7751,95.0077,1.2172
north_america,2021.8,3.8792,94.8821,1.2387
north_america,2021.9,3.9852,94.7546,1.2602
north_america,2022.0,4.0931,94.6251,1.2818
north_america,2022.1,4.2030,94.4936,1.3034
north_america,2022.2,4.3147,94.3601,1.3251
north_america,2022.3,4.4285,94.2246,1.3469
north_america,2022.4,4.5442,94.0870,1.3687
north_america,2022.5,4.6620,93.9475,1.3906
north_america,2022.6,4.7817,93.8058,1.4125
north_america,2022.7,4.9034,93.6622,1.4344
north_america,2022.8,5.0272,93.5164,1.4563
north_america,2022.9,5.1531,93.3686,1.4783
north_america,2023.0,5.2809,93.2188,1.5003
north_america,2023.1,5.4109,93.0668,1.5223
north_america,2023.2,5.5429,92.9128,1.5443
north_america,2023.3,5.6771,92.7566,1.5663
north_america,2023.4,5.8133,92.5984,1.5883
north_america,2023.5,5.9517,92.4381,1.6102
north_america,2023.6,6.0922,92.2756,1.6322
north_america,2023.7,6.2349,92.1110,1.6541
north_america,2023.8,6.3797,91.9443,1.6760
north_america,2023.9,6.5267,91.7755,1.6979
north_america,2024.0,6.6758,91.6045,1.7197
north_america,2024.1,6.8272,91.4314,1.7414
north_america,2024.2,6.9807,91.2562,1.7631
north_america,2024.3,7.1365,91.0788,1.7847
north_america,2024.4,7.2945,90.8992,1.8063
north_america,2024.5,7.4547,90.7175,1.8278
north_america,2024.6,7.6172,90.5336,1.8492
north_america,2024.7,7.7819,90.3476,1.8705
north_america,2024.8,7.9489,90.1594,1.8917
north_america,2024.9,8.1181,89.9691,1.9128
north_america,2025.0,8.2897,89.7765,1.9338
north_america,2025.1,8.4635,89.5818,1.9547
north_america,2025.2,8.6396,89.3850,1.9755
north_america,2025.3,8.8180,89.1859,1.9961
north_america,2025.4,8.9987,88.9847,2.0166
north_america,2025.5,9.1817,88.7813,2.0369
north_america,2025.6,9.3671,88.5758,2.0572
north_america,2025.7,9.5548,88.3680,2.0772
north_america,2025.8,9.7448,88.1581,2.0971
north_america,2025.9,9.9371,87.9460,2.1168
north_america,2026.0,10.1318,87.7318,2.1364
north_america,2026.1,10.3289,87.5153,2.1558
north_america,2026.2,10.5283,87.2967,2.1750
north_america,2026.3,10.7301,87.0760,2.1940
north_america,2026.4,10.9342,86.8530,2.2127
north_america,2026.5,11.1407,86.6279,2.2313
north_america,2026.6,11.3496,86.4007,2.2497
north_america,2026.7,11.5608,86.1713,2.2679
north_america,2026.8,11.7745,85.9397,2.2858
north_america,2026.9,11.9905,85.7060,2.3035
north_america,2027.0,12.2089,85.4701,2.3210
north_america,2027.1,12.4296,85.2321,2.3382
north_america,2027.2,12.6528,84.9920,2.3552
north_america,2027.3,12.8783,84.7497,2.3719
north_america,2027.4,13.1063,84.5054,2.3884
north_america,2027.5,13.3366,84.2589,2.4046
north_america,2027.6,13.5693,84.0102,2.4205
north_america,2027.7,13.8043,83.7595,2.4361
north_america,2027.8,14.0418,83.5067,2.4515
north_america,2027.9,14.2816,83.2518,2.4666
north_america,2028.0,14.5239,82.9948,2.4813
north_america,2028.1,14.7685,82.7357,2.4958
north_america,2028.2,15.0154,82.4746,2.5100
north_america,2028.3,15.2648,82.2114,2.5238
north_america,2028.4,15.5165,81.9462,2.5373
north_america,2028.5,15.7706,81.6789,2.5506
north_america,2028.6,16.0270,81.4096,2.5634
north_america,2028.7,16.2858,81.1382,2.5760
north_america,2028.8,16.5469,80.8649,2.5882
north_america,2028.9,16.8104,80.5895,2.6000
north_america,2029.0,17.0762,80.3122,2.6115
north_america,2029.1,17.3444,80.0329,2.6227
north_america,2029.2,17.6149,79.7516,2.6335
north_america,2029.3,17.8877,79.4684,2.6439
north_america,2029.4,18.1628,79.1832,2.6540
north_america,2029.5,18.4402,78.8962,2.6636
north_america,2029.6,18.7199,78.6071,2.6729
north_america,2029.7,19.0019,78.3162,2.6819
north_america,2029.8,19.2862,78.0234,2.6904
north_america,2029.9,19.5727,77.7288,2.6985
north_america,2030.0,19.8615,77.4322,2.7063
north_america,2030.1,20.1525,77.1339,2.7136
north_america,2030.2,20.4458,76.8337,2.7206
north_america,2030.3,20.7413,76.5316,2.7271
north_america,2030.4,21.0389,76.2278,2.7332
north_america,2030.5,21.3388,75.9222,2.7389
north_america,2030.6,21.6409,75.6149,2.7442
north_america,2030.7,21.9452,75.3058,2.7491
north_america,2030.8,22.2516,74.9949,2.7535
north_america,2030.9,22.5601,74.6824,2.7575
north_america,2031.0,22.8708,74.3681,2.7611
north_america,2031.1,23.1836,74.0522,2.7643
north_america,2031.2,23.4984,73.7346,2.7670
north_america,2031.3,23.8154,73.4153,2.7693
north_america,2031.4,24.1344,73.0945,2.7711
north_america,2031.5,24.4555,72.7720,2.7725
north_america,2031.6,24.7786,72.4480,2.7734
north_america,2031.7,25.1037,72.1223,2.7739
north_america,2031.8,25.4309,71.7952,2.7740
north_america,2031.9,25.7599,71.4665,2.7736
north_america,2032.0,26.0910,71.1363,2.7727
north_america,2032.1,26.4240,70.8046,2.7714
north_america,2032.2,26.7589,70.4715,2.7696
north_america,2032.3,27.0957,70.1369,2.7674
north_america,2032.4,27.4344,69.8009,2.7647
north_america,2032.5,27.7749,69.4635,2.7615
north_america,2032.6,28.1173,69.1248,2.7579
north_america,2032.7,28.4615,68.7847,2.7538
north_america,2032.8,28.8075,68.4432,2.7493
north_america,2032.9,29.1552,68.1005,2.7443
north_america,2033.0,29.5047,67.7565,2.7388
north_america,2033.1,29.8559,67.4112,2.7329
north_america,2033.2,30.2088,67.0647,2.7265
north_america,2033.3,30.5634,66.7169,2.7197
north_america,2033.4,30.9196,66.3680,2.7123
north_america,2033.5,31.2775,66.0179,2.7046
north_america,2033.6,31.6369,65.6667,2.6963
north_america,2033.7,31.9980,65.3144,2.6876
north_america,2033.8,32.3605,64.9610,2.6785
north_america,2033.9,32.7246,64.6065,2.6689
north_america,2034.0,33.0902,64.2510,2.6588
north_america,2034.1,33.4572,63.8945,2.6483
north_america,2034.2,33.8257,63.5370,2.6373
north_america,2034.3,34.1956,63.1786,2.6258
north_america,2034.4,34.5668,62.8192,2.6140
north_america,2034.5,34.9395,62.4589,2.6016
north_america,2034.6,35.3134,62.0978,2.5888
north_america,2034.7,35.6886,61.7358,2.5756
north_america,2034.8,36.0651,61.3729,2.5620
north_america,2034.9,36.4428,61.0093,2.5478
north_america,2035.0,36.8218,60.6449,2.5333
north_america,2035.1,37.2019,60.2798,2.5183
north_america,2035.2,37.5831,59.9140,2.5029
north_america,2035.3,37.9654,59.5475,2.4871
north_america,2035.4,38.3489,59.1803,2.4709
north_america,2035.5,38.7333,58.8125,2.4542
north_america,2035.6,39.1188,58.4441,2.4371
north_america,2035.7,39.5053,58.0751,2.4196
north_america,2035.8,39.8927,57.7056,2.4017
north_america,2035.9,40.2810,57.3356,2.3834
north_america,2036.0,40.6702,56.9651,2.3647
north_america,2036.1,41.0603,56.5942,2.3456
north_america,2036.2,41.4511,56.2228,2.3261
north_america,2036.3,41.8428,55.8510,2.3062
north_america,2036.4,42.2352,55.4789,2.2859
north_america,2036.5,42.6283,55.1064,2.2653
north_america,2036.6,43.0221,54.7337,2.2443
north_america,2036.7,43.4165,54.3606,2.2229
north_america,2036.8,43.8115,53.9873,2.2012
north_america,2036.9,44.2071,53.6138,2.1791
north_america,2037.0,44.6033,53.2401,2.1566
north_america,2037.1,44.9999,52.8662,2.1338
north_america,2037.2,45.3970,52.4922,2.1107
north_america,2037.3,45.7946,52.1182,2.0873
north_america,2037.4,46.1925,51.7440,2.0635
north_america,2037.5,46.5908,51.3698,2.0394
north_america,2037.6,46.9894,50.9956,2.0150
north_america,2037.7,47.3883,50.6214,1.9903
north_america,2037.8,47.7874,50.2473,1.9653
north_america,2037.9,48.1868,49.8733,1.9400
north_america,2038.0,48.5863,49.4993,1.9144
north_america,2038.1,48.9860,49.1255,1.8885
north_america,2038.2,49.3857,48.7519,1.8624
north_america,2038.3,49.7856,48.3785,1.8360
north_america,2038.4,50.1854,48.0053,1.8093
north_america,2038.5,50.5853,47.6323,1.7824
north_america,2038.6,50.9851,47.2597,1.7552
north_america,2038.7,51.3848,46.8874,1.7278
north_america,2038.8,51.7844,46.5154,1.7002
north_america,2038.9,52.1839,46.1438,1.6723
north_america,2039.0,52.5831,45.7726,1.6443
north_america,2039.1,52.9821,45.4018,1.6160
north_america,2039.2,53.3809,45.0316,1.5876
north_america,2039.3,53.7793,44.6618,1.5589
north_america,2039.4,54.1774,44.2925,1.5301
north_america,2039.5,54.5751,43.9238,1.5011
north_america,2039.6,54.9724,43.5556,1.4719
north_america,2039.7,55.3693,43.1881,1.4426
north_america,2039.8,55.7657,42.8212,1.4131
north_america,2039.9,56.1615,42.4550,1.3835
north_america,2040.0,56.5568,42.0895,1.3538
north_america,2040.1,56.9514,41.7247,1.3239
north_america,2040.2,57.3455,41.3606,1.2939
north_america,2040.3,57.7389,40.9974,1.2638
north_america,2040.4,58.1315,40.6349,1.2336
north_america,2040.5,58.5234,40.2733,1.2033
north_america,2040.6,58.9146,39.9125,1.1729
north_america,2040.7,59.3049,39.5526,1.1425
north_america,2040.8,59.6944,39.1936,1.1120
north_america,2040.9,60.0829,38.8356,1.0814
north_america,2041.0,60.4706,38.4786,1.0508
north_america,2041.1,60.8573,38.1225,1.0202
north_america,2041.2,61.2430,37.7675,0.9895
north_america,2041.3,61.6277,37.4135,0.9588
north_america,2041.4,62.0114,37.0605,0.9281
north_america,2041.5,62.3939,36.7087,0.8974
north_america,2041.6,62.7754,36.3580,0.8666
north_america,2041.7,63.1556,36.0085,0.8359
north_america,2041.8,63.5347,35.6601,0.8052
north_america,2041.9,63.9125,35.3129,0.7746
north_america,2042.0,64.2891,34.9669,0.7439
north_america,2042.1,64.6644,34.6222,0.7134
north_america,2042.2,65.0384,34.2788,0.6828
north_america,2042.3,65.4110,33.9366,0.6524
north_america,2042.4,65.7823,33.5957,0.6220
north_america,2042.5,66.1521,33.2562,0.5917
north_america,2042.6,66.5205,32.9181,0.5614
north_america,2042.7,66.8874,32.5813,0.5313
north_america,2042.8,67.2528,32.2460,0.5013
north_america,2042.9,67.6166,31.9120,0.4713
north_america,2043.0,67.9789,31.5795,0.4415
north_america,2043.1,68.3396,31.2485,0.4118
north_america,2043.2,68.6987,30.9190,0.3823
north_america,2043.3,69.0561,30.5910,0.3529
north_america,2043.4,69.4119,30.2645,0.3236
north_america,2043.5,69.7659,29.9396,0.2945
north_america,2043.6,70.1182,29.6162,0.2656
north_america,2043.7,70.4688,29.2944,0.2368
north_america,2043.8,70.8175,28.9742,0.2082
north_america,2043.9,71.1645,28.6557,0.1798
north_america,2044.0,71.5096,28.3388,0.1517
north_america,2044.1,71.8529,28.0235,0.1241
north_america,2044.2,72.1942,27.7100,0.0968
north_america,2044.3,72.5337,27.3981,0.0696
north_america,2044.4,72.8712,27.0879,0.0427
north_america,2044.5,73.2068,26.7795,0.0160
north_america,2044.6,73.5404,26.4728,0.0000
north_america,2044.7,73.8720,26.1679,0.0000
north_america,2044.8,74.2015,25.8648,0.0000
north_america,2044.9,74.5291,25.5634,0.0000
north_america,2045.0,74.8545,25.2639,0.0000
north_america,2045.1,75.1779,24.9662,0.0000
north_america,2045.2,75.4992,24.6703,0.0000
north_america,2045.3,75.8183,24.3762,0.0000
north_america,2045.4,76.1353,24.0841,0.0000
north_america,2045.5,76.4502,23.7937,0.0000
north_america,2045.6,76.7629,23.5053,0.0000
north_america,2045.7,77.0733,23.2188,0.0000
north_america,2045.8,77.3816,22.9342,0.0000
north_america,2045.9,77.6876,22.6515,0.0000
north_america,2046.0,77.9914,22.3708,0.0000
north_america,2046.1,78.2930,22.0920,0.0000
north_america,2046.2,78.5922,21.8151,0.0000
north_america,2046.3,78.8892,21.5402,0.0000
north_america,2046.4,79.1839,21.2673,0.0000
north_america,2046.5,79.4763,20.9964,0.0000
north_america,2046.6,79.7663,20.7274,0.0000
north_america,2046.7,80.0540,20.4605,0.0000
north_america,2046.8,80.3394,20.1956,0.0000
north_america,2046.9,80.6224,19.9326,0.0000
north_america,2047.0,80.9030,19.6717,0.0000
north_america,2047.1,81.1813,19.4129,0.0000
north_america,2047.2,81.4571,19.1560,0.0000
north_america,2047.3,81.7306,18.9012,0.0000
north_america,2047.4,82.0016,18.6485,0.0000
north_america,2047.5,82.2703,18.3978,0.0000
north_america,2047.6,82.5365,18.1492,0.0000
north_america,2047.7,82.8003,17.9026,0.0000
north_america,2047.8,83.0617,17.6581,0.0000
north_america,2047.9,83.3206,17.4157,0.0000
north_america,2048.0,83.5771,17.1753,0.0000
north_america,2048.1,83.8311,16.9370,0.0000
north_america,2048.2,84.0827,16.7008,0.0000
north_america,2048.3,84.3318,16.4667,0.0000
north_america,2048.4,84.5784,16.2347,0.0000
north_america,2048.5,84.8226,16.0047,0.0000
north_america,2048.6,85.0644,15.7769,0.0000
north_america,2048.7,85.3036,15.5511,0.0000
north_america,2048.8,85.5404,15.3274,0.0000
north_america,2048.9,85.7748,15.1058,0.0000
north_america,2049.0,86.0066,14.8863,0.0000
north_america,2049.1,86.2360,14.6689,0.0000
north_america,2049.2,86.4630,14.4536,0.0000
north_america,2049.3,86.6874,14.2404,0.0000
north_america,2049.4,86.9094,14.0292,0.0000
north_america,2049.5,87.1290,13.8201,0.0000
north_america,2049.6,87.3461,13.6132,0.0000
north_america,2049.7,87.5607,13.4083,0.0000
north_america,2049.8,87.7729,13.2054,0.0000
north_america,2049.9,87.9826,13.0047,0.0000
north_america,2050.0,88.1899,12.8060,0.0000
south_america,2015.0,0.0004,99.9996,0.0001
south_america,2015.1,0.0004,99.9995,0.0001
south_america,2015.2,0.0005,99.9994,0.0001
south_america,2015.3,0.0006,99.9992,0.0002
south_america,2015.4,0.0007,99.9991,0.0002
south_america,2015.5,0.0008,99.9989,0.0003
south_america,2015.6,0.0009,99.9987,0.0003
south_america,2015.7,0.0011,99.9985,0.0004
south_america,2015.8,0.0013,99.9983,0.0005
south_america,2015.9,0.0015,99.9980,0.0006
south_america,2016.0,0.0017,99.9977,0.0007
south_america,2016.1,0.0019,99.9973,0.0008
south_america,2016.2,0.0022,99.9969,0.0009
south_america,2016.3,0.0026,99.9964,0.0011
south_america,2016.4,0.0029,99.9958,0.0013
south_america,2016.5,0.0033,99.9952,0.0015
south_america,2016.6,0.0038,99.9946,0.0017
south_america,2016.7,0.0043,99.9938,0.0020
south_america,2016.8,0.0048,99.9929,0.0023
south_america,2016.9,0.0054,99.9920,0.0026
south_america,2017.0,0.0061,99.9909,0.0030
south_america,2017.1,0.0069,99.9897,0.0035
south_america,2017.2,0.0077,99.9884,0.0040
south_america,2017.3,0.0086,99.9869,0.0045
south_america,2017.4,0.0097,99.9853,0.0051
south_america,2017.5,0.0108,99.9835,0.0058
south_america,2017.6,0.0120,99.9815,0.0066
south_america,2017.7,0.0133,99.9793,0.0075
south_america,2017.8,0.0148,99.9769,0.0084
south_america,2017.9,0.0164,99.9742,0.0095
south_america,2018.0,0.0182,99.9713,0.0107
south_america,2018.1,0.0201,99.9681,0.0120
south_america,2018.2,0.0222,99.9646,0.0134
south_america,2018.3,0.0245,99.9608,0.0150
south_america,2018.4,0.0269,99.9566,0.0167
south_america,2018.5,0.0296,99.9520,0.0186
south_america,2018.6,0.0325,99.9471,0.0207
south_america,2018.7,0.0357,99.9416,0.0230
south_america,2018.8,0.0391,99.9357,0.0255
south_america,2018.9,0.0427,99.9293,0.0283
south_america,2019.0,0.0467,99.9224,0.0313
south_america,2019.1,0.0510,99.9149,0.0346
south_america,2019.2,0.0556,99.9067,0.0381
south_america,2019.3,0.0606,99.8979,0.0420
south_america,2019.4,0.0659,99.8883,0.0462
south_america,2019.5,0.0717,99.8780,0.0508
south_america,2019.6,0.0778,99.8669,0.0558
south_america,2019.7,0.0844,99.8549,0.0611
south_america,2019.8,0.0915,99.8420,0.0670
south_america,2019.9,0.0991,99.8281,0.0733
south_america,2020.0,0.1072,99.8132,0.0801
south_america,2020.1,0.1159,99.7971,0.0874
south_america,2020.2,0.1252,99.7799,0.0953
south_america,2020.3,0.1352,99.7614,0.1038
south_america,2020.4,0.1458,99.7415,0.1130
south_america,2020.5,0.1572,99.7203,0.1229
south_america,2020.6,0.1693,99.6974,0.1334
south_america,2020.7,0.1823,99.6730,0.1448
south_america,2020.8,0.1963,99.6467,0.1571
south_america,2020.9,0.2112,99.6187,0.1704
south_america,2021.0,0.2271,99.5886,0.1846
south_america,2021.1,0.2441,99.5565,0.1998
south_america,2021.2,0.2623,99.5221,0.2160
south_america,2021.3,0.2818,99.4854,0.2334
south_america,2021.4,0.3025,99.4461,0.2520
south_america,2021.5,0.3246,99.4043,0.2719
south_america,2021.6,0.3482,99.3596,0.2931
south_america,2021.7,0.3733,99.3120,0.3157
south_america,2021.8,0.4001,99.2613,0.3398
south_america,2021.9,0.4285,99.2073,0.3655
south_america,2022.0,0.4587,99.1498,0.3928
south_america,2022.1,0.4908,99.0888,0.4219
south_america,2022.2,0.5249,99.0239,0.4528
south_america,2022.3,0.5610,98.9550,0.4856
south_america,2022.4,0.5993,98.8820,0.5205
south_america,2022.5,0.6398,98.8045,0.5575
south_america,2022.6,0.6827,98.7224,0.5967
south_america,2022.7,0.7280,98.6355,0.6382
south_america,2022.8,0.7758,98.5436,0.6823
south_america,2022.9,0.8264,98.4464,0.7288
south_america,2023.0,0.8797,98.3437,0.7781
south_america,2023.1,0.9359,98.2353,0.8302
south_america,2023.2,0.9950,98.1209,0.8853
south_america,2023.3,1.0573,98.0002,0.9434
south_america,2023.4,1.1228,97.8730,1.0048
south_america,2023.5,1.1916,97.7391,1.0695
south_america,2023.6,1.2639,97.5982,1.1379
south_america,2023.7,1.3398,97.4499,1.2103
south_america,2023.8,1.4194,97.2941,1.2865
south_america,2023.9,1.5028,97.1304,1.3668
south_america,2024.0,1.5901,96.9586,1.4513
south_america,2024.1,1.6816,96.7783,1.5402
south_america,2024.2,1.7772,96.5892,1.6336
south_america,2024.3,1.8772,96.3911,1.7317
south_america,2024.4,1.9816,96.1836,1.8348
south_america,2024.5,2.0907,95.9664,1.9429
south_america,2024.6,2.2045,95.7392,2.0562
south_america,2024.7,2.3232,95.5017,2.1751
south_america,2024.8,2.4470,95.2535,2.2995
south_america,2024.9,2.5759,94.9943,2.4298
south_america,2025.0,2.7100,94.7238,2.5661
south_america,2025.1,2.8497,94.4417,2.7087
south_america,2025.2,2.9949,94.1475,2.8576
south_america,2025.3,3.1459,93.8410,3.0132
south_america,2025.4,3.3027,93.5218,3.1755
south_america,2025.5,3.4655,93.1896,3.3449
south_america,2025.6,3.6346,92.8440,3.5215
south_america,2025.7,3.8099,92.4846,3.7054
south_america,2025.8,3.9918,92.1112,3.8970
south_america,2025.9,4.1802,91.7234,4.0964
south_america,2026.0,4.3755,91.3209,4.3037
south_america,2026.1,4.5776,90.9032,4.5192
south_america,2026.2,4.7869,90.4701,4.7430
south_america,2026.3,5.0034,90.0212,4.9754
south_america,2026.4,5.2273,89.5563,5.2165
south_america,2026.5,5.4587,89.0749,5.4664
south_america,2026.6,5.6979,88.5767,5.7254
south_america,2026.7,5.9450,88.0614,5.9936
south_america,2026.8,6.2001,87.5288,6.2711
south_america,2026.9,6.4634,86.9785,6.5581
south_america,2027.0,6.7352,86.4102,6.8547
south_america,2027.1,7.0154,85.8236,7.1610
south_america,2027.2,7.3044,85.2185,7.4771
south_america,2027.3,7.6022,84.5946,7.8032
south_america,2027.4,7.9091,83.9516,8.1392
south_america,2027.5,8.2253,83.2894,8.4853
south_america,2027.6,8.5508,82.6077,8.8415
south_america,2027.7,8.8859,81.9062,9.2078
south_america,2027.8,9.2308,81.1849,9.5842
south_america,2027.9,9.5856,80.4436,9.9708
south_america,2028.0,9.9505,79.6820,10.3674
south_america,2028.1,10.3257,78.9002,10.7741
south_america,2028.2,10.7114,78.0979,11.1907
south_america,2028.3,11.1077,77.2752,11.6171
south_america,2028.4,11.5148,76.4320,12.0531
south_america,2028.5,11.9330,75.5683,12.4987
south_america,2028.6,12.3623,74.6841,12.9536
south_america,2028.7,12.8030,73.7794,13.4176
south_america,2028.8,13.2552,72.8544,13.8904
south_america,2028.9,13.7191,71.9092,14.3717
south_america,2029.0,14.1948,70.9439,14.8613
south_america,2029.1,14.6827,69.9588,15.3586
south_america,2029.2,15.1827,68.9540,15.8633
south_america,2029.3,15.6951,67.9300,16.3749
south_america,2029.4,16.2200,66.8869,16.8930
south_america,2029.5,16.7577,65.8253,17.4171
south_america,2029.6,17.3081,64.7455,17.9464
south_america,2029.7,17.8715,63.6480,18.4805
south_america,2029.8,18.4480,62.5333,19.0186
south_america,2029.9,19.0378,61.4021,19.5601
south_america,2030.0,19.6408,60.2550,20.1042
south_america,2030.1,20.2574,59.0925,20.6501
south_america,2030.2,20.8875,57.9156,21.1969
south_america,2030.3,21.5312,56.7250,21.7439
south_america,2030.4,22.1886,55.5215,22.2899
south_america,2030.5,22.8598,54.3060,22.8342
south_america,2030.6,23.5448,53.0795,23.3756
south_america,2030.7,24.2437,51.8431,23.9132
south_america,2030.8,24.9565,50.5977,24.4458
south_america,2030.9,25.6831,49.3445,24.9724
south_america,2031.0,26.4236,48.0846,25.4918
south_america,2031.1,27.1780,46.8193,26.0028
south_america,2031.2,27.9461,45.5497,26.5042
south_america,2031.3,28.7280,44.2773,26.9947
south_america,2031.4,29.5235,43.0032,27.4733
south_america,2031.5,30.3325,41.7290,27.9385
south_america,2031.6,31.1549,40.4559,28.3892
south_america,2031.7,31.9905,39.1854,28.8241
south_america,2031.8,32.8393,37.9189,29.2419
south_america,2031.9,33.7009,36.6578,29.6413
south_america,2032.0,34.5751,35.4038,30.0211
south_america,2032.1,35.4618,34.1581,30.3801
south_america,2032.2,36.3605,32.9224,30.7171
south_america,2032.3,37.2711,31.6980,31.0309
south_america,2032.4,38.1932,30.4865,31.3203
south_america,2032.5,39.1265,29.2892,31.5843
south_america,2032.6,40.0706,28.1076,31.8218
south_america,2032.7,41.0250,26.9431,32.0318
south_america,2032.8,41.9894,25.7971,32.2135
south_america,2032.9,42.9634,24.6707,32.3659
south_america,2033.0,43.9463,23.5654,32.4883
south_america,2033.1,44.9378,22.4823,32.5800
south_america,2033.2,45.9372,21.4225,32.6403
south_america,2033.3,46.9441,20.3871,32.6687
south_america,2033.4,47.9579,19.3772,32.6649
south_america,2033.5,48.9779,18.3936,32.6285
south_america,2033.6,50.0036,17.4372,32.5592
south_america,2033.7,51.0342,16.5088,32.4570
south_america,2033.8,52.0691,15.6090,32.3219
south_america,2033.9,53.1077,14.7384,32.1540
south_america,2034.0,54.1491,13.8974,31.9534
south_america,2034.1,55.1927,13.0866,31.7207
south_america,2034.2,56.2378,12.3061,31.4561
south_america,2034.3,57.2835,11.5561,31.1604
south_america,2034.4,58.3291,10.8368,30.8341
south_america,2034.5,59.3738,10.1481,30.4781
south_america,2034.6,60.4168,9.4899,30.0933
south_america,2034.7,61.4573,8.8620,29.6807
south_america,2034.8,62.4945,8.2641,29.2414
south_america,2034.9,63.5275,7.6958,28.7767
south_america,2035.0,64.5555,7.1568,28.2877
south_america,2035.1,65.5778,6.6463,27.7759
south_america,2035.2,66.5934,6.1639,27.2427
south_america,2035.3,67.6015,5.7088,26.6896
south_america,2035.4,68.6014,5.2803,26.1182
south_america,2035.5,69.5923,4.8776,25.5301
south_america,2035.6,70.5732,4.4999,24.9269
south_america,2035.7,71.5435,4.1461,24.3104
south_america,2035.8,72.5024,3.8155,23.6821
south_america,2035.9,73.4491,3.5070,23.0439
south_america,2036.0,74.3828,3.2197,22.3974
south_america,2036.1,75.3030,2.9526,21.7444
south_america,2036.2,76.2088,2.7047,21.0865
south_america,2036.3,77.0996,2.4750,20.4253
south_america,2036.4,77.9748,2.2625,19.7626
south_america,2036.5,78.8339,2.0662,19.0999
south_america,2036.6,79.6761,1.8852,18.4387
south_america,2036.7,80.5010,1.7185,17.7806
south_america,2036.8,81.3080,1.5651,17.1269
south_america,2036.9,82.0968,1.4242,16.4790
south_america,2037.0,82.8669,1.2950,15.8381
south_america,2037.1,83.6179,1.1765,15.2056
south_america,2037.2,84.3494,1.0681,14.5825
south_america,2037.3,85.0612,0.9690,13.9698
south_america,2037.4,85.7530,0.8784,13.3686
south_america,2037.5,86.4247,0.7956,12.7797
south_america,2037.6,87.0759,0.7202,12.2039
south_america,2037.7,87.7067,0.6514,11.6419
south_america,2037.8,88.3170,0.5887,11.0944
south_america,2037.9,88.9066,0.5316,10.5618
south_america,2038.0,89.4756,0.4796,10.0447
south_america,2038.1,90.0242,0.4324,9.5434
south_america,2038.2,90.5523,0.3894,9.0583
south_america,2038.3,91.0601,0.3504,8.5895
south_america,2038.4,91.5479,0.3149,8.1372
south_america,2038.5,92.0157,0.2827,7.7016
south_america,2038.6,92.4639,0.2535,7.2825
south_america,2038.7,92.8928,0.2270,6.8801
south_america,2038.8,93.3028,0.2031,6.4942
south_america,2038.9,93.6940,0.1813,6.1246
south_america,2039.0,94.0670,0.1617,5.7713
south_america,2039.1,94.4222,0.1440,5.4338
south_america,2039.2,94.7600,0.1279,5.1121
south_america,2039.3,95.0808,0.1135,4.8057
south_america,2039.4,95.3852,0.1005,4.5143
south_america,2039.5,95.6737,0.0888,4.2375
south_america,2039.6,95.9468,0.0783,3.9749
south_america,2039.7,96.2049,0.0689,3.7262
south_america,2039.8,96.4487,0.0605,3.4908
south_america,2039.9,96.6787,0.0530,3.2683
south_america,2040.0,96.8954,0.0463,3.0583
south_america,2040.1,97.0994,0.0404,2.8603
south_america,2040.2,97.2912,0.0351,2.6737
south_america,2040.3,97.4714,0.0304,2.4981
south_america,2040.4,97.6406,0.0263,2.3331
south_america,2040.5,97.7992,0.0227,2.1781
south_america,2040.6,97.9479,0.0195,2.0326
south_america,2040.7,98.0871,0.0167,1.8962
south_america,2040.8,98.2173,0.0143,1.7684
south_america,2040.9,98.3390,0.0122,1.6488
south_america,2041.0,98.4528,0.0103,1.5369
south_america,2041.1,98.5590,0.0087,1.4323
south_america,2041.2,98.6581,0.0074,1.3345
south_america,2041.3,98.7506,0.0062,1.2432
south_america,2041.4,98.8369,0.0052,1.1579
south_america,2041.5,98.9173,0.0043,1.0783
south_america,2041.6,98.9923,0.0036,1.0041
south_america,2041.7,99.0622,0.0030,0.9348
south_america,2041.8,99.1273,0.0025,0.8702
south_america,2041.9,99.1880,0.0020,0.8100
south_america,2042.0,99.2445,0.0017,0.7538
south_america,2042.1,99.2972,0.0014,0.7015
south_america,2042.2,99.3463,0.0011,0.6526
south_america,2042.3,99.3920,0.0009,0.6071
south_america,2042.4,99.4347,0.0007,0.5646
south_america,2042.5,99.4744,0.0006,0.5250
south_america,2042.6,99.5115,0.0005,0.4880
south_america,2042.7,99.5461,0.0004,0.4535
south_america,2042.8,99.5784,0.0003,0.4213
south_america,2042.9,99.6085,0.0002,0.3913
south_america,2043.0,99.6366,0.0002,0.3632
south_america,2043.1,99.6628,0.0001,0.3371
south_america,2043.2,99.6873,0.0001,0.3126
south_america,2043.3,99.7101,0.0001,0.2898
south_america,2043.4,99.7314,0.0001,0.2685
south_america,2043.5,99.7513,0.0001,0.2486
south_america,2043.6,99.7699,0.0000,0.2300
south_america,2043.7,99.7873,0.0000,0.2127
south_america,2043.8,99.8034,0.0000,0.1965
south_america,2043.9,99.8185,0.0000,0.1814
south_america,2044.0,99.8326,0.0000,0.1674
south_america,2044.1,99.8457,0.0000,0.1543
south_america,2044.2,99.8579,0.0000,0.1421
south_america,2044.3,99.8693,0.0000,0.1307
south_america,2044.4,99.8799,0.0000,0.1201
south_america,2044.5,99.8897,0.0000,0.1103
south_america,2044.6,99.8989,0.0000,0.1011
south_america,2044.7,99.9074,0.0000,0.0926
south_america,2044.8,99.9152,0.0000,0.0848
south_america,2044.9,99.9225,0.0000,0.0775
south_america,2045.0,99.9293,0.0000,0.0707
south_america,2045.1,99.9355,0.0000,0.0645
south_america,2045.2,99.9413,0.0000,0.0587
south_america,2045.3,99.9466,0.0000,0.0534
south_america,2045.4,99.9515,0.0000,0.0485
south_america,2045.5,99.9560,0.0000,0.0440
south_america,2045.6,99.9602,0.0000,0.0398
south_america,2045.7,99.9640,0.0000,0.0360
south_america,2045.8,99.9675,0.0000,0.0325
south_america,2045.9,99.9706,0.0000,0.0294
south_america,2046.0,99.9736,0.0000,0.0264
south_america,2046.1,99.9762,0.0000,0.0238
south_america,2046.2,99.9787,0.0000,0.0213
south_america,2046.3,99.9809,0.0000,0.0191
south_america,2046.4,99.9829,0.0000,0.0171
south_america,2046.5,99.9847,0.0000,0.0153
south_america,2046.6,99.9863,0.0000,0.0137
south_america,2046.7,99.9878,0.0000,0.0122
south_america,2046.8,99.9892,0.0000,0.0108
south_america,2046.9,99.9904,0.0000,0.0096
south_america,2047.0,99.9915,0.0000,0.0085
south_america,2047.1,99.9925,0.0000,0.0075
south_america,2047.2,99.9933,0.0000,0.0067
south_america,2047.3,99.9941,0.0000,0.0059
south_america,2047.4,99.9948,0.0000,0.0052
south_america,2047.5,99.9955,0.0000,0.0045
south_america,2047.6,99.9960,0.0000,0.0040
south_america,2047.7,99.9965,0.0000,0.0035
south_america,2047.8,99.9969,0.0000,0.0031
south_america,2047.9,99.9973,0.0000,0.0027
south_america,2048.0,99.9977,0.0000,0.0023
south_america,2048.1,99.9980,0.0000,0.0020
south_america,2048.2,99.9983,0.0000,0.0017
south_america,2048.3,99.9985,0.0000,0.0015
south_america,2048.4,99.9987,0.0000,0.0013
south_america,2048.5,99.9989,0.0000,0.0011
south_america,2048.6,99.9990,0.0000,0.0010
south_america,2048.7,99.9992,0.0000,0.0008
south_america,2048.8,99.9993,0.0000,0.0007
south_america,2048.9,99.9994,0.0000,0.0006
south_america,2049.0,99.9995,0.0000,0.0005
south_america,2049.1,99.9996,0.0000,0.0004
south_america,2049.2,99.9996,0.0000,0.0004
south_america,2049.3,99.9997,0.0000,0.0003
south_america,2049.4,99.9997,0.0000,0.0003
south_america,2049.5,99.9998,0.0000,0.0002
south_america,2049.6,99.9998,0.0000,0.0002
south_america,2049.7,99.9998,0.0000,0.0002
south_america,2049.8,99.9999,0.0000,0.0001
south_america,2049.9,99.9999,0.0000,0.0001
south_america,2050.0,99.9999,0.0000,0.0001
americas,2015.0,0.2064,99.6563,0.1373
americas,2015.1,0.2200,99.6355,0.1445
americas,2015.2,0.2343,99.6138,0.1519
americas,2015.3,0.2492,99.5914,0.1594
americas,2015.4,0.2648,99.5680,0.1672
americas,2015.5,0.2810,99.5438,0.1752
americas,2015.6,0.2979,99.5187,0.1834
americas,2015.7,0.3154,99.4928,0.1918
americas,2015.8,0.3337,99.4659,0.2004
americas,2015.9,0.3527,99.4380,0.2093
americas,2016.0,0.3725,99.4092,0.2183
americas,2016.1,0.3930,99.3795,0.2275
americas,2016.2,0.4142,99.3487,0.2370
americas,2016.3,0.4363,99.3170,0.2467
americas,2016.4,0.4592,99.2843,0.2566
americas,2016.5,0.4828,99.2505,0.2667
americas,2016.6,0.5073,99.2157,0.2770
americas,2016.7,0.5327,99.1798,0.2875
americas,2016.8,0.5589,99.1429,0.2982
americas,2016.9,0.5860,99.1048,0.3092
americas,2017.0,0.6140,99.0657,0.3203
americas,2017.1,0.6429,99.0254,0.3317
americas,2017.2,0.6728,98.9839,0.3433
americas,2017.3,0.7036,98.9414,0.3551
americas,2017.4,0.7354,98.8976,0.3670
americas,2017.5,0.7681,98.8527,0.3792
americas,2017.6,0.8018,98.8065,0.3917
americas,2017.7,0.8366,98.7591,0.4043
americas,2017.8,0.8724,98.7105,0.4171
americas,2017.9,0.9092,98.6607,0.4301
americas,2018.0,0.9471,98.6095,0.4434
americas,2018.1,0.9861,98.5571,0.4568
americas,2018.2,1.0262,98.5033,0.4705
americas,2018.3,1.0674,98.4483,0.4843
americas,2018.4,1.1098,98.3919,0.4984
americas,2018.5,1.1533,98.3341,0.5127
americas,2018.6,1.1980,98.2749,0.5271
americas,2018.7,1.2438,98.2144,0.5418
americas,2018.8,1.2909,98.1524,0.5567
americas,2018.9,1.3392,98.0890,0.5718
americas,2019.0,1.3888,98.0242,0.5871
americas,2019.1,1.4396,97.9579,0.6026
americas,2019.2,1.4917,97.8901,0.6183
americas,2019.3,1.5450,97.8208,0.6342
americas,2019.4,1.5997,97.7500,0.6503
americas,2019.5,1.6558,97.6776,0.6667
americas,2019.6,1.7132,97.6037,0.6832
americas,2019.7,1.7719,97.5282,0.7000
americas,2019.8,1.8321,97.4510,0.7169
americas,2019.9,1.8937,97.3723,0.7341
americas,2020.0,1.9567,97.2919,0.7515
americas,2020.1,2.0211,97.2098,0.7691
americas,2020.2,2.0871,97.1261,0.7869
americas,2020.3,2.1545,97.0406,0.8050
americas,2020.4,2.2234,96.9534,0.8232
americas,2020.5,2.2939,96.8645,0.8417
americas,2020.6,2.3659,96.7737,0.8604
americas,2020.7,2.4395,96.6811,0.8794
americas,2020.8,2.5147,96.5867,0.8986
americas,2020.9,2.5915,96.4905,0.9180
americas,2021.0,2.6700,96.3923,0.9377
americas,2021.1,2.7502,96.2922,0.9576
americas,2021.2,2.8320,96.1902,0.9778
americas,2021.3,2.9156,96.0862,0.9983
americas,2021.4,3.0010,95.9802,1.0190
americas,2021.5,3.0881,95.8721,1.0400
americas,2021.6,3.1769,95.7620,1.0612
americas,2021.7,3.2677,95.6497,1.0828
americas,2021.8,3.3602,95.5353,1.1046
americas,2021.9,3.4547,95.4188,1.1267
americas,2022.0,3.5510,95.3000,1.1492
americas,2022.1,3.6492,95.1790,1.1719
americas,2022.2,3.7494,95.0558,1.1950
americas,2022.3,3.8516,94.9302,1.2184
americas,2022.4,3.9558,94.8023,1.2422
americas,2022.5,4.0620,94.6720,1.2663
americas,2022.6,4.1703,94.5392,1.2908
americas,2022.7,4.2806,94.4040,1.3156
americas,2022.8,4.3931,94.2663,1.3409
americas,2022.9,4.5077,94.1261,1.3665
americas,2023.0,4.6244,93.9832,1.3926
americas,2023.1,4.7434,93.8378,1.4191
americas,2023.2,4.8646,93.6896,1.4460
americas,2023.3,4.9880,93.5388,1.4734
americas,2023.4,5.1137,93.3852,1.5012
americas,2023.5,5.2417,93.2288,1.5296
americas,2023.6,5.3720,93.0695,1.5585
americas,2023.7,5.5047,92.9074,1.5879
americas,2023.8,5.6398,92.7423,1.6179
americas,2023.9,5.7773,92.5742,1.6485
americas,2024.0,5.9172,92.4031,1.6796
americas,2024.1,6.0596,92.2290,1.7114
americas,2024.2,6.2046,92.0517,1.7438
americas,2024.3,6.3520,91.8712,1.7768
americas,2024.4,6.5020,91.6874,1.8105
americas,2024.5,6.6546,91.5004,1.8449
americas,2024.6,6.8098,91.3101,1.8801
americas,2024.7,6.9677,91.1164,1.9159
americas,2024.8,7.1282,90.9193,1.9525
americas,2024.9,7.2914,90.7186,1.9899
americas,2025.0,7.4574,90.5145,2.0281
americas,2025.1,7.6261,90.3067,2.0672
americas,2025.2,7.7976,90.0954,2.1070
americas,2025.3,7.9719,89.8803,2.1478
americas,2025.4,8.1491,89.6615,2.1895
americas,2025.5,8.3291,89.4389,2.2320
americas,2025.6,8.5120,89.2124,2.2756
americas,2025.7,8.6979,88.9821,2.3201
americas,2025.8,8.8866,88.7478,2.3656
americas,2025.9,9.0784,88.5095,2.4121
americas,2026.0,9.2732,88.2671,2.4597
americas,2026.1,9.4710,88.0207,2.5083
americas,2026.2,9.6719,87.7701,2.5580
americas,2026.3,9.8759,87.5153,2.6088
americas,2026.4,10.0830,87.2563,2.6608
americas,2026.5,10.2932,86.9929,2.7139
americas,2026.6,10.5066,86.7253,2.7682
americas,2026.7,10.7232,86.4532,2.8236
americas,2026.8,10.9430,86.1767,2.8803
americas,2026.9,11.1661,85.8958,2.9381
americas,2027.0,11.3924,85.6104,2.9972
americas,2027.1,11.6220,85.3204,3.0576
americas,2027.2,11.8550,85.0258,3.1192
americas,2027.3,12.0913,84.7266,3.1821
americas,2027.4,12.3310,84.4228,3.2462
americas,2027.5,12.5742,84.1143,3.3116
americas,2027.6,12.8207,83.8010,3.3783
americas,2027.7,13.0707,83.4831,3.4462
americas,2027.8,13.3242,83.1604,3.5154
americas,2027.9,13.5812,82.8329,3.5859
americas,2028.0,13.8417,82.5007,3.6576
americas,2028.1,14.1058,82.1636,3.7306
americas,2028.2,14.3734,81.8218,3.8048
americas,2028.3,14.6447,81.4751,3.8802
americas,2028.4,14.9196,81.1237,3.9567
americas,2028.5,15.1981,80.7674,4.0344
americas,2028.6,15.4804,80.4064,4.1133
americas,2028.7,15.7663,80.0406,4.1931
americas,2028.8,16.0559,79.6700,4.2740
americas,2028.9,16.3493,79.2948,4.3559
americas,2029.0,16.6465,78.9148,4.4387
americas,2029.1,16.9474,78.5302,4.5224
americas,2029.2,17.2521,78.1410,4.6069
americas,2029.3,17.5606,77.7473,4.6921
americas,2029.4,17.8730,77.3491,4.7779
americas,2029.5,18.1892,76.9465,4.8643
americas,2029.6,18.5093,76.5395,4.9512
americas,2029.7,18.8333,76.1283,5.0384
americas,2029.8,19.1611,75.7129,5.1260
americas,2029.9,19.4929,75.2934,5.2137
americas,2030.0,19.8286,74.8700,5.3014
americas,2030.1,20.1681,74.4428,5.3891
americas,2030.2,20.5117,74.0118,5.4765
americas,2030.3,20.8591,73.5772,5.5637
americas,2030.4,21.2104,73.1392,5.6504
americas,2030.5,21.5657,72.6979,5.7364
americas,2030.6,21.9249,72.2534,5.8217
americas,2030.7,22.2880,71.8060,5.9060
americas,2030.8,22.6550,71.3558,5.9892
americas,2030.9,23.0259,70.9029,6.0712
americas,2031.0,23.4007,70.4476,6.1517
americas,2031.1,23.7794,69.9900,6.2306
americas,2031.2,24.1619,69.5305,6.3077
americas,2031.3,24.5482,69.0690,6.3828
americas,2031.4,24.9383,68.6060,6.4557
americas,2031.5,25.3321,68.1415,6.5263
americas,2031.6,25.7297,67.6759,6.5943
americas,2031.7,26.1310,67.2094,6.6596
americas,2031.8,26.5359,66.7421,6.7220
americas,2031.9,26.9444,66.2743,6.7812
americas,2032.0,27.3565,65.8064,6.8371
americas,2032.1,27.7721,65.3383,6.8896
americas,2032.2,28.1911,64.8706,6.9383
americas,2032.3,28.6135,64.4033,6.9832
americas,2032.4,29.0392,63.9367,7.0241
americas,2032.5,29.4682,63.4710,7.0608
americas,2032.6,29.9003,63.0066,7.0932
americas,2032.7,30.3355,62.5435,7.1210
americas,2032.8,30.7737,62.0820,7.1443
americas,2032.9,31.2149,61.6224,7.1627
americas,2033.0,31.6588,61.1648,7.1763
americas,2033.1,32.1056,60.7095,7.1850
americas,2033.2,32.5549,60.2566,7.1885
americas,2033.3,33.0068,59.8063,7.1869
americas,2033.4,33.4611,59.3588,7.1801
americas,2033.5,33.9177,58.9142,7.1681
americas,2033.6,34.3765,58.4727,7.1508
americas,2033.7,34.8374,58.0344,7.1281
americas,2033.8,35.3003,57.5995,7.1002
americas,2033.9,35.7650,57.1681,7.0669
americas,2034.0,36.2314,56.7402,7.0284
americas,2034.1,36.6993,56.3159,6.9848
americas,2034.2,37.1687,55.8953,6.9360
americas,2034.3,37.6394,55.4784,6.8821
americas,2034.4,38.1113,55.0654,6.8233
americas,2034.5,38.5841,54.6561,6.7597
americas,2034.6,39.0579,54.2506,6.6915
americas,2034.7,39.5323,53.8490,6.6187
americas,2034.8,40.0074,53.4511,6.5415
americas,2034.9,40.4828,53.0569,6.4602
americas,2035.0,40.9586,52.6665,6.3749
americas,2035.1,41.4345,52.2797,6.2858
americas,2035.2,41.9103,51.8965,6.1932
americas,2035.3,42.3860,51.5168,6.0972
americas,2035.4,42.8614,51.1404,5.9982
americas,2035.5,43.3363,50.7674,5.8962
americas,2035.6,43.8106,50.3976,5.7917
americas,2035.7,44.2842,50.0309,5.6849
americas,2035.8,44.7568,49.6672,5.5759
americas,2035.9,45.2284,49.3064,5.4652
americas,2036.0,45.6989,48.9483,5.3528
americas,2036.1,46.1680,48.5929,5.2391
americas,2036.2,46.6357,48.2399,5.1244
americas,2036.3,47.1018,47.8893,5.0089
americas,2036.4,47.5662,47.5410,4.8928
americas,2036.5,48.0288,47.1948,4.7764
americas,2036.6,48.4895,46.8507,4.6599
americas,2036.7,48.9481,46.5084,4.5435
americas,2036.8,49.4046,46.1679,4.4275
americas,2036.9,49.8588,45.8291,4.3121
americas,2037.0,50.3108,45.4918,4.1974
americas,2037.1,50.7603,45.1561,4.0837
americas,2037.2,51.2073,44.8217,3.9710
americas,2037.3,51.6517,44.4886,3.8597
americas,2037.4,52.0934,44.1568,3.7498
americas,2037.5,52.5325,43.8260,3.6415
americas,2037.6,52.9688,43.4964,3.5348
americas,2037.7,53.4023,43.1678,3.4299
americas,2037.8,53.8329,42.8401,3.3270
americas,2037.9,54.2606,42.5133,3.2260
americas,2038.0,54.6855,42.1874,3.1271
americas,2038.1,55.1073,41.8623,3.0303
americas,2038.2,55.5262,41.5380,2.9357
americas,2038.3,55.9422,41.2145,2.8433
americas,2038.4,56.3552,40.8917,2.7532
americas,2038.5,56.7652,40.5696,2.6653
americas,2038.6,57.1722,40.2481,2.5797
americas,2038.7,57.5763,39.9274,2.4963
americas,2038.8,57.9774,39.6073,2.4153
americas,2038.9,58.3756,39.2879,2.3365
americas,2039.0,58.7710,38.9692,2.2599
americas,2039.1,59.1634,38.6511,2.1855
americas,2039.2,59.5531,38.3336,2.1133
americas,2039.3,59.9400,38.0168,2.0432
americas,2039.4,60.3241,37.7007,1.9752
americas,2039.5,60.7055,37.3852,1.9093
americas,2039.6,61.0843,37.0705,1.8453
americas,2039.7,61.4604,36.7563,1.7832
americas,2039.8,61.8340,36.4429,1.7230
americas,2039.9,62.2051,36.1302,1.6646
americas,2040.0,62.5738,35.8182,1.6080
americas,2040.1,62.9400,35.5069,1.5531
americas,2040.2,63.3039,35.1964,1.4997
americas,2040.3,63.6655,34.8866,1.4479
americas,2040.4,64.0248,34.5776,1.3976
americas,2040.5,64.3819,34.2694,1.3487
americas,2040.6,64.7369,33.9620,1.3012
americas,2040.7,65.0897,33.6553,1.2549
americas,2040.8,65.4405,33.3495,1.2099
americas,2040.9,65.7893,33.0446,1.1661
americas,2041.0,66.1361,32.7405,1.1233
americas,2041.1,66.4810,32.4374,1.0816
americas,2041.2,66.8240,32.1351,1.0410
americas,2041.3,67.1651,31.8337,1.0012
americas,2041.4,67.5044,31.5333,0.9624
americas,2041.5,67.8419,31.2338,0.9243
americas,2041.6,68.1776,30.9353,0.8871
americas,2041.7,68.5115,30.6378,0.8507
americas,2041.8,68.8438,30.3413,0.8149
americas,2041.9,69.1743,30.0458,0.7799
americas,2042.0,69.5032,29.7514,0.7454
americas,2042.1,69.8303,29.4581,0.7116
americas,2042.2,70.1559,29.1658,0.6783
americas,2042.3,70.4797,28.8747,0.6456
americas,2042.4,70.8019,28.5846,0.6134
americas,2042.5,71.1225,28.2957,0.5817
americas,2042.6,71.4415,28.0080,0.5505
americas,2042.7,71.7588,27.7215,0.5197
americas,2042.8,72.0745,27.4361,0.4893
americas,2042.9,72.3886,27.1520,0.4594
americas,2043.0,72.7011,26.8691,0.4298
americas,2043.1,73.0119,26.5874,0.4007
americas,2043.2,73.3210,26.3071,0.3719
americas,2043.3,73.6286,26.0280,0.3435
americas,2043.4,73.9344,25.7502,0.3154
americas,2043.5,74.2386,25.4737,0.2877
americas,2043.6,74.5411,25.1986,0.2603
americas,2043.7,74.8420,24.9248,0.2332
americas,2043.8,75.1411,24.6524,0.2065
americas,2043.9,75.4386,24.3813,0.1801
americas,2044.0,75.7343,24.1117,0.1540
americas,2044.1,76.0283,23.8435,0.1286
americas,2044.2,76.3206,23.5767,0.1035
americas,2044.3,76.6111,23.3113,0.0787
americas,2044.4,76.8999,23.0474,0.0542
americas,2044.5,77.1869,22.7850,0.0300
americas,2044.6,77.4721,22.5241,0.0151
americas,2044.7,77.7555,22.2646,0.0138
americas,2044.8,78.0371,22.0067,0.0126
americas,2044.9,78.3168,21.7503,0.0116
americas,2045.0,78.5947,21.4955,0.0105
americas,2045.1,78.8708,21.2421,0.0096
americas,2045.2,79.1450,20.9904,0.0088
americas,2045.3,79.4174,20.7402,0.0080
americas,2045.4,79.6878,20.4916,0.0072
americas,2045.5,79.9564,20.2446,0.0066
americas,2045.6,80.2230,19.9992,0.0059
americas,2045.7,80.4878,19.7554,0.0054
americas,2045.8,80.7506,19.5133,0.0049
americas,2045.9,81.0114,19.2728,0.0044
americas,2046.0,81.2703,19.0339,0.0039
americas,2046.1,81.5273,18.7967,0.0035
americas,2046.2,81.7823,18.5611,0.0032
americas,2046.3,82.0353,18.3272,0.0029
americas,2046.4,82.2863,18.0950,0.0026
americas,2046.5,82.5354,17.8645,0.0023
americas,2046.6,82.7824,17.6357,0.0020
americas,2046.7,83.0274,17.4085,0.0018
americas,2046.8,83.2704,17.1831,0.0016
americas,2046.9,83.5114,16.9594,0.0014
americas,2047.0,83.7503,16.7374,0.0013
americas,2047.1,83.9872,16.5172,0.0011
americas,2047.2,84.2220,16.2987,0.0010
americas,2047.3,84.4548,16.0819,0.0009
americas,2047.4,84.6855,15.8668,0.0008
americas,2047.5,84.9142,15.6535,0.0007
americas,2047.6,85.1408,15.4420,0.0006
americas,2047.7,85.3653,15.2322,0.0005
americas,2047.8,85.5878,15.0242,0.0005
americas,2047.9,85.8081,14.8179,0.0004
americas,2048.0,86.0264,14.6134,0.0003
americas,2048.1,86.2426,14.4107,0.0003
americas,2048.2,86.4567,14.2097,0.0003
americas,2048.3,86.6687,14.0105,0.0002
americas,2048.4,86.8786,13.8131,0.0002
americas,2048.5,87.0863,13.6174,0.0002
americas,2048.6,87.2920,13.4236,0.0001
americas,2048.7,87.4956,13.2315,0.0001
americas,2048.8,87.6971,13.0411,0.0001
americas,2048.9,87.8965,12.8526,0.0001
americas,2049.0,88.0938,12.6658,0.0001
americas,2049.1,88.2890,12.4809,0.0001
americas,2049.2,88.4821,12.2977,0.0001
americas,2049.3,88.6731,12.1162,0.0000
americas,2049.4,88.8620,11.9366,0.0000
americas,2049.5,89.0488,11.7587,0.0000
americas,2049.6,89.2335,11.5826,0.0000
americas,2049.7,89.4162,11.4083,0.0000
americas,2049.8,89.5967,11.2357,0.0000
americas,2049.9,89.7752,11.0649,0.0000
americas,2050.0,89.9515,10.8958,0.0000
asia,2015.0,0.4368,99.6926,0.0380
asia,2015.1,0.4678,99.6681,0.0390
asia,2015.2,0.5005,99.6418,0.0400
asia,2015.3,0.5349,99.6137,0.0410
asia,2015.4,0.5712,99.5836,0.0420
asia,2015.5,0.6094,99.5514,0.0430
asia,2015.6,0.6495,99.5170,0.0440
asia,2015.7,0.6917,99.4802,0.0450
asia,2015.8,0.7360,99.4411,0.0461
asia,2015.9,0.7825,99.3993,0.0471
asia,2016.0,0.8313,99.3548,0.0481
asia,2016.1,0.8826,99.3071,0.0492
asia,2016.2,0.9366,99.2559,0.0506
asia,2016.3,0.9933,99.2008,0.0525
asia,2016.4,1.0529,99.1417,0.0548
asia,2016.5,1.1153,99.0785,0.0575
asia,2016.6,1.1807,99.0109,0.0608
asia,2016.7,1.2491,98.9388,0.0645
asia,2016.8,1.3207,98.8620,0.0687
asia,2016.9,1.3954,98.7803,0.0734
asia,2017.0,1.4734,98.6936,0.0787
asia,2017.1,1.5547,98.6016,0.0845
asia,2017.2,1.6395,98.5041,0.0908
asia,2017.3,1.7278,98.4009,0.0976
asia,2017.4,1.8197,98.2919,0.1050
asia,2017.5,1.9153,98.1768,0.1129
asia,2017.6,2.0147,98.0554,0.1214
asia,2017.7,2.1180,97.9274,0.1304
asia,2017.8,2.2253,97.7927,0.1400
asia,2017.9,2.3366,97.6510,0.1502
asia,2018.0,2.4520,97.5020,0.1609
asia,2018.1,2.5717,97.3456,0.1722
asia,2018.2,2.6958,97.1815,0.1840
asia,2018.3,2.8243,97.0094,0.1964
asia,2018.4,2.9573,96.8291,0.2137
asia,2018.5,3.0950,96.6403,0.2648
asia,2018.6,3.2373,96.4427,0.3200
asia,2018.7,3.3845,96.2362,0.3793
asia,2018.8,3.5367,96.0204,0.4430
asia,2018.9,3.6938,95.7950,0.5113
asia,2019.0,3.8560,95.5599,0.5842
asia,2019.1,4.0235,95.3146,0.6620
asia,2019.2,4.1963,95.0590,0.7448
asia,2019.3,4.3745,94.7928,0.8328
asia,2019.4,4.5582,94.5157,0.9263
asia,2019.5,4.7475,94.2274,1.0253
asia,2019.6,4.9425,93.9276,1.1301
asia,2019.7,5.1433,93.6160,1.2409
asia,2019.8,5.3500,93.2925,1.3577
asia,2019.9,5.5628,92.9566,1.4809
asia,2020.0,5.7816,92.6082,1.6105
asia,2020.1,6.0066,92.2469,1.7468
asia,2020.2,6.2379,91.8725,1.8899
asia,2020.3,6.4756,91.4848,2.0400
asia,2020.4,6.7198,91.0834,2.1973
asia,2020.5,6.9705,90.6681,2.3618
asia,2020.6,7.2279,90.2387,2.5339
asia,2020.7,7.4921,89.7949,2.7135
asia,2020.8,7.7632,89.3365,2.9010
asia,2020.9,8.0411,88.8633,3.0963
asia,2021.0,8.3261,88.3750,3.2996
asia,2021.1,8.6183,87.8714,3.5111
asia,2021.2,8.9176,87.3524,3.7309
asia,2021.3,9.2242,86.8178,3.9590
asia,2021.4,9.5382,86.2673,4.1956
asia,2021.5,9.8596,85.7009,4.4407
asia,2021.6,10.1886,85.1184,4.6943
asia,2021.7,10.5252,84.5196,4.9566
asia,2021.8,10.8694,83.9045,5.2276
asia,2021.9,11.2215,83.2729,5.5073
asia,2022.0,11.5813,82.6248,5.7956
asia,2022.1,11.9491,81.9601,6.0927
asia,2022.2,12.3249,81.2789,6.3984
asia,2022.3,12.7086,80.5810,6.7127
asia,2022.4,13.1005,79.8664,7.0356
asia,2022.5,13.5006,79.1353,7.3668
asia,2022.6,13.9089,78.3877,7.7064
asia,2022.7,14.3255,77.6235,8.0542
asia,2022.8,14.7504,76.8430,8.4101
asia,2022.9,15.1837,76.0463,8.7737
asia,2023.0,15.6255,75.2335,9.1450
asia,2023.1,16.0758,74.4048,9.5237
asia,2023.2,16.5347,73.5604,9.9096
asia,2023.3,17.0022,72.7006,10.3023
asia,2023.4,17.4783,71.8255,10.7015
asia,2023.5,17.9631,70.9356,11.1070
asia,2023.6,18.4567,70.0311,11.5183
asia,2023.7,18.9590,69.1124,11.9350
asia,2023.8,19.4701,68.1798,12.3568
asia,2023.9,19.9901,67.2338,12.7831
asia,2024.0,20.5190,66.2749,13.2135
asia,2024.1,21.0569,65.3033,13.6475
asia,2024.2,21.6036,64.3198,14.0846
asia,2024.3,22.1594,63.3248,14.5241
asia,2024.4,22.7242,62.3188,14.9655
asia,2024.5,23.2980,61.3024,15.4083
asia,2024.6,23.8808,60.2763,15.8516
asia,2024.7,24.4727,59.2411,16.2950
asia,2024.8,25.0737,58.1974,16.7377
asia,2024.9,25.6838,57.1459,17.1790
asia,2025.0,26.3029,56.0873,17.6181
asia,2025.1,26.9311,55.0225,18.0544
asia,2025.2,27.5684,53.9520,18.4870
asia,2025.3,28.2146,52.8768,18.9153
asia,2025.4,28.8699,51.7977,19.3384
asia,2025.5,29.5340,50.7155,19.7554
asia,2025.6,30.2069,49.6310,20.1657
asia,2025.7,30.8886,48.5452,20.5684
asia,2025.8,31.5789,47.4590,20.9627
asia,2025.9,32.2776,46.3734,21.3490
asia,2026.0,32.9845,45.2894,21.7261
asia,2026.1,33.6995,44.2079,22.0925
asia,2026.2,34.4223,43.1302,22.4476
asia,2026.3,35.1525,42.0572,22.7903
asia,2026.4,35.8898,40.9901,23.1200
asia,2026.5,36.6339,39.9302,23.4359
asia,2026.6,37.3842,38.8786,23.7372
asia,2026.7,38.1403,37.8366,24.0231
asia,2026.8,38.9017,36.8055,24.2929
asia,2026.9,39.6676,35.7866,24.5458
asia,2027.0,40.4375,34.7813,24.7812
asia,2027.1,41.2107,33.7909,24.9984
asia,2027.2,41.9864,32.8169,25.1967
asia,2027.3,42.7639,31.8604,25.3757
asia,2027.4,43.5423,30.9230,25.5347
asia,2027.5,44.3210,30.0058,25.6732
asia,2027.6,45.0991,29.1100,25.7909
asia,2027.7,45.8759,28.2367,25.8874
asia,2027.8,46.6506,27.3869,25.9717
asia,2027.9,47.4227,26.5614,26.0356
asia,2028.0,48.1915,25.7610,26.0783
asia,2028.1,48.9565,24.9861,26.0998
asia,2028.2,49.7174,24.2372,26.1002
asia,2028.3,50.4737,23.5143,26.0795
asia,2028.4,51.2254,22.8174,26.0380
asia,2028.5,51.9722,22.1466,25.9759
asia,2028.6,52.7141,21.5014,25.8936
asia,2028.7,53.4511,20.8815,25.7915
asia,2028.8,54.1833,20.2864,25.6699
asia,2028.9,54.9108,19.7156,25.5293
asia,2029.0,55.6337,19.1686,25.3702
asia,2029.1,56.3519,18.6448,25.1929
asia,2029.2,57.0657,18.1435,24.9980
asia,2029.3,57.7749,17.6644,24.7861
asia,2029.4,58.4796,17.2067,24.5576
asia,2029.5,59.1796,16.7701,24.3132
asia,2029.6,59.8749,16.3540,24.0535
asia,2029.7,60.5653,15.9578,23.7792
asia,2029.8,61.2504,15.5811,23.4910
asia,2029.9,61.9302,15.2233,23.1897
asia,2030.0,62.6044,14.8839,22.8759
asia,2030.1,63.2726,14.5623,22.5505
asia,2030.2,63.9346,14.2579,22.2144
asia,2030.3,64.5901,13.9701,21.8684
asia,2030.4,65.2389,13.6982,21.5133
asia,2030.5,65.8807,13.4418,21.1500
asia,2030.6,66.5152,13.2001,20.7806
asia,2030.7,67.1422,12.9724,20.4047
asia,2030.8,67.7614,12.7582,20.0231
asia,2030.9,68.3726,12.5567,19.6367
asia,2031.0,68.9756,12.3674,19.2462
asia,2031.1,69.5700,12.1896,18.8525
asia,2031.2,70.1558,12.0227,18.4563
asia,2031.3,70.7327,11.8660,18.0584
asia,2031.4,71.3006,11.7189,17.6597
asia,2031.5,71.8591,11.5810,17.2607
asia,2031.6,72.4083,11.4515,16.8623
asia,2031.7,72.9478,11.3299,16.4650
asia,2031.8,73.4776,11.2157,16.0696
asia,2031.9,73.9975,11.1084,15.6765
asia,2032.0,74.5074,11.0075,15.2864
asia,2032.1,75.0072,10.9126,14.8999
asia,2032.2,75.4968,10.8231,14.5174
asia,2032.3,75.9760,10.7387,14.1394
asia,2032.4,76.4449,10.6589,13.7663
asia,2032.5,76.9033,10.5835,13.3985
asia,2032.6,77.3513,10.5119,13.0365
asia,2032.7,77.7887,10.4440,12.6805
asia,2032.8,78.2155,10.3794,12.3308
asia,2032.9,78.6318,10.3179,11.9878
asia,2033.0,79.0375,10.2591,11.6516
asia,2033.1,79.4327,10.2028,11.3224
asia,2033.2,79.8173,10.1489,11.0005
asia,2033.3,80.1914,10.0970,10.6860
asia,2033.4,80.5551,10.0471,10.3790
asia,2033.5,80.9084,9.9989,10.0796
asia,2033.6,81.2514,9.9524,9.7880
asia,2033.7,81.5842,9.9073,9.5040
asia,2033.8,81.9068,9.8635,9.2279
asia,2033.9,82.2195,9.8210,8.9595
asia,2034.0,82.5222,9.7795,8.6990
asia,2034.1,82.8151,9.7392,8.4462
asia,2034.2,83.0984,9.6998,8.2012
asia,2034.3,83.3721,9.6612,7.9638
asia,2034.4,83.6366,9.6235,7.7341
asia,2034.5,83.8918,9.5866,7.5119
asia,2034.6,84.1380,9.5504,7.2971
asia,2034.7,84.3754,9.5148,7.0897
asia,2034.8,84.6041,9.4799,6.8895
asia,2034.9,84.8243,9.4456,6.6965
asia,2035.0,85.0362,9.4119,6.5104
asia,2035.1,85.2400,9.3787,6.3312
asia,2035.2,85.4359,9.3461,6.1587
asia,2035.3,85.6242,9.3139,5.9928
asia,2035.4,85.8049,9.2823,5.8333
asia,2035.5,85.9784,9.2511,5.6801
asia,2035.6,86.1447,9.2204,5.5330
asia,2035.7,86.3042,9.1901,5.3919
asia,2035.8,86.4571,9.1603,5.2565
asia,2035.9,86.6035,9.1309,5.1268
asia,2036.0,86.7437,9.1019,5.0026
asia,2036.1,86.8779,9.0733,4.8837
asia,2036.2,87.0062,9.0452,4.7699
asia,2036.3,87.1290,9.0174,4.6611
asia,2036.4,87.2463,8.9901,4.5570
asia,2036.5,87.3584,8.9631,4.4577
asia,2036.6,87.4656,8.9365,4.3628
asia,2036.7,87.5679,8.9104,4.2722
asia,2036.8,87.6656,8.8846,4.1858
asia,2036.9,87.7589,8.8592,4.1034
asia,2037.0,87.8479,8.8341,4.0248
asia,2037.1,87.9329,8.8095,3.9500
asia,2037.2,88.0140,8.7852,3.8786
asia,2037.3,88.0913,8.7613,3.8107
asia,2037.4,88.1651,8.7377,3.7459
asia,2037.5,88.2355,8.7146,3.6843
asia,2037.6,88.3027,8.6918,3.6257
asia,2037.7,88.3668,8.6693,3.5698
asia,2037.8,88.4280,8.6472,3.5167
asia,2037.9,88.4864,8.6255,3.4661
asia,2038.0,88.5422,8.6041,3.4180
asia,2038.1,88.5954,8.5831,3.3721
asia,2038.2,88.6462,8.5624,3.3285
asia,2038.3,88.6948,8.5421,3.2869
asia,2038.4,88.7413,8.5222,3.2474
asia,2038.5,88.7857,8.5025,3.2096
asia,2038.6,88.8282,8.4832,3.1737
asia,2038.7,88.8689,8.4643,3.1393
asia,2038.8,88.9079,8.4457,3.1066
asia,2038.9,88.9452,8.4274,3.0753
asia,2039.0,88.9811,8.4095,3.0454
asia,2039.1,89.0155,8.3918,3.0169
asia,2039.2,89.0485,8.3746,2.9895
asia,2039.3,89.0804,8.3576,2.9633
asia,2039.4,89.1110,8.3409,2.9381
asia,2039.5,89.1405,8.3246,2.9140
asia,2039.6,89.1689,8.3086,2.8908
asia,2039.7,89.1964,8.2929,2.8685
asia,2039.8,89.2229,8.2775,2.8469
asia,2039.9,89.2486,8.2624,2.8262
asia,2040.0,89.2735,8.2476,2.8061
asia,2040.1,89.2977,8.2331,2.7867
asia,2040.2,89.3211,8.2189,2.7679
asia,2040.3,89.3439,8.2050,2.7497
asia,2040.4,89.3661,8.1913,2.7320
asia,2040.5,89.3877,8.1780,2.7148
asia,2040.6,89.4088,8.1649,2.6980
asia,2040.7,89.4294,8.1521,2.6816
asia,2040.8,89.4496,8.1396,2.6656
asia,2040.9,89.4693,8.1273,2.6500
asia,2041.0,89.4886,8.1153,2.6347
asia,2041.1,89.5076,8.1036,2.6197
asia,2041.2,89.5262,8.0921,2.6049
asia,2041.3,89.5445,8.0809,2.5904
asia,2041.4,89.5625,8.0700,2.5761
asia,2041.5,89.5802,8.0592,2.5621
asia,2041.6,89.5977,8.0487,2.5482
asia,2041.7,89.6150,8.0385,2.5345
asia,2041.8,89.6320,8.0285,2.5210
asia,2041.9,89.6488,8.0187,2.5076
asia,2042.0,89.6655,8.0091,2.4943
asia,2042.1,89.6819,7.9998,2.4812
asia,2042.2,89.6982,7.9906,2.4682
asia,2042.3,89.7143,7.9817,2.4553
asia,2042.4,89.7303,7.9730,2.4425
asia,2042.5,89.7462,7.9645,2.4297
asia,2042.6,89.7619,7.9562,2.4171
asia,2042.7,89.7775,7.9481,2.4045
asia,2042.8,89.7930,7.9402,2.3921
asia,2042.9,89.8084,7.9324,2.3796
asia,2043.0,89.8236,7.9249,2.3673
asia,2043.1,89.8388,7.9175,2.3550
asia,2043.2,89.8539,7.9103,2.3427
asia,2043.3,89.8689,7.9033,2.3305
asia,2043.4,89.8838,7.8964,2.3184
asia,2043.5,89.8987,7.8898,2.3063
asia,2043.6,89.9134,7.8832,2.2942
asia,2043.7,89.9281,7.8769,2.2822
asia,2043.8,89.9427,7.8706,2.2702
asia,2043.9,89.9573,7.8646,2.2583
asia,2044.0,89.9717,7.8586,2.2464
asia,2044.1,89.9861,7.8529,2.2346
asia,2044.2,90.0005,7.8472,2.2228
asia,2044.3,90.0148,7.8417,2.2110
asia,2044.4,90.0290,7.8363,2.1993
asia,2044.5,90.0431,7.8311,2.1876
asia,2044.6,90.0572,7.8259,2.1759
asia,2044.7,90.0712,7.8209,2.1643
asia,2044.8,90.0852,7.8160,2.1527
asia,2044.9,90.0991,7.8112,2.1412
asia,2045.0,90.1129,7.8066,2.1297
asia,2045.1,90.1267,7.8020,2.1183
asia,2045.2,90.1404,7.7976,2.1068
asia,2045.3,90.1541,7.7932,2.0955
asia,2045.4,90.1677,7.7889,2.0841
asia,2045.5,90.1813,7.7848,2.0728
asia,2045.6,90.1947,7.7807,2.0616
asia,2045.7,90.2082,7.7767,2.0504
asia,2045.8,90.2216,7.7728,2.0392
asia,2045.9,90.2349,7.7690,2.0281
asia,2046.0,90.2481,7.7653,2.0170
asia,2046.1,90.2613,7.7616,2.0060
asia,2046.2,90.2745,7.7580,1.9950
asia,2046.3,90.2876,7.7545,1.9841
asia,2046.4,90.3006,7.7511,1.9732
asia,2046.5,90.3136,7.7477,1.9623
asia,2046.6,90.3265,7.7444,1.9515
asia,2046.7,90.3393,7.7412,1.9407
asia,2046.8,90.3521,7.7380,1.9300
asia,2046.9,90.3649,7.7349,1.9194
asia,2047.0,90.3776,7.7318,1.9088
asia,2047.1,90.3902,7.7288,1.8982
asia,2047.2,90.4028,7.7258,1.8877
asia,2047.3,90.4153,7.7229,1.8772
asia,2047.4,90.4277,7.7200,1.8668
asia,2047.5,90.4401,7.7172,1.8564
asia,2047.6,90.4524,7.7145,1.8461
asia,2047.7,90.4647,7.7117,1.8358
asia,2047.8,90.4769,7.7091,1.8256
asia,2047.9,90.4891,7.7064,1.8155
asia,2048.0,90.5012,7.7038,1.8054
asia,2048.1,90.5132,7.7012,1.7953
asia,2048.2,90.5252,7.6987,1.7853
asia,2048.3,90.5372,7.6962,1.7753
asia,2048.4,90.5490,7.6937,1.7654
asia,2048.5,90.5608,7.6913,1.7556
asia,2048.6,90.5726,7.6889,1.7458
asia,2048.7,90.5843,7.6865,1.7361
asia,2048.8,90.5959,7.6841,1.7264
asia,2048.9,90.6075,7.6818,1.7167
asia,2049.0,90.6190,7.6795,1.7072
asia,2049.1,90.6305,7.6772,1.6976
asia,2049.2,90.6419,7.6750,1.6882
asia,2049.3,90.6532,7.6727,1.6788
asia,2049.4,90.6645,7.6705,1.6694
asia,2049.5,90.6757,7.6683,1.6601
asia,2049.6,90.6869,7.6661,1.6508
asia,2049.7,90.6980,7.6640,1.6416
asia,2049.8,90.7091,7.6618,1.6325
asia,2049.9,90.7201,7.6597,1.6234
asia,2050.0,90.7310,7.6576,1.6144
small_markets,2015.0,0.0734,99.8281,0.1046
small_markets,2015.1,0.0801,99.8162,0.1111
small_markets,2015.2,0.0872,99.8037,0.1178
small_markets,2015.3,0.0947,99.7906,0.1248
small_markets,2015.4,0.1027,99.7768,0.1321
small_markets,2015.5,0.1112,99.7623,0.1396
small_markets,2015.6,0.1202,99.7471,0.1474
small_markets,2015.7,0.1298,99.7311,0.1556
small_markets,2015.8,0.1398,99.7144,0.1640
small_markets,2015.9,0.1504,99.6969,0.1727
small_markets,2016.0,0.1616,99.6785,0.1817
small_markets,2016.1,0.1735,99.6594,0.1911
small_markets,2016.2,0.1864,99.6393,0.2007
small_markets,2016.3,0.2001,99.6183,0.2107
small_markets,2016.4,0.2148,99.5964,0.2210
small_markets,2016.5,0.2305,99.5734,0.2316
small_markets,2016.6,0.2472,99.5494,0.2425
small_markets,2016.7,0.2648,99.5243,0.2537
small_markets,2016.8,0.2835,99.4981,0.2653
small_markets,2016.9,0.3032,99.4707,0.2772
small_markets,2017.0,0.3239,99.4420,0.2894
small_markets,2017.1,0.3742,99.2450,0.4409
small_markets,2017.2,0.4299,99.0957,0.5396
small_markets,2017.3,0.4887,98.9587,0.6230
small_markets,2017.4,0.5501,98.8285,0.6972
small_markets,2017.5,0.6138,98.7026,0.7650
small_markets,2017.6,0.6796,98.5794,0.8278
small_markets,2017.7,0.7473,98.4581,0.8868
small_markets,2017.8,0.8169,98.3380,0.9426
small_markets,2017.9,0.8883,98.2186,0.9956
small_markets,2018.0,0.9615,98.0995,1.0463
small_markets,2018.1,1.0364,97.9805,1.0951
small_markets,2018.2,1.1131,97.8611,1.1420
small_markets,2018.3,1.1915,97.7413,1.1874
small_markets,2018.4,1.2716,97.6207,1.2315
small_markets,2018.5,1.3534,97.4993,1.2742
small_markets,2018.6,1.4369,97.3768,1.3159
small_markets,2018.7,1.5220,97.2532,1.3565
small_markets,2018.8,1.6089,97.1281,1.3962
small_markets,2018.9,1.6974,97.0017,1.4351
small_markets,2019.0,1.7877,96.8736,1.4732
small_markets,2019.1,1.8797,96.7435,1.5108
small_markets,2019.2,1.9737,96.6111,1.5481
small_markets,2019.3,2.0697,96.4762,1.5851
small_markets,2019.4,2.1676,96.3388,1.6219
small_markets,2019.5,2.2676,96.1987,1.6583
small_markets,2019.6,2.3696,96.0560,1.6945
small_markets,2019.7,2.4736,95.9104,1.7305
small_markets,2019.8,2.5798,95.7620,1.7664
small_markets,2019.9,2.6880,95.6107,1.8023
small_markets,2020.0,2.7983,95.4563,1.8398
small_markets,2020.1,2.9107,95.2989,1.8773
small_markets,2020.2,3.0254,95.1382,1.9149
small_markets,2020.3,3.1425,94.9741,1.9525
small_markets,2020.4,3.2621,94.8065,1.9901
small_markets,2020.5,3.3845,94.6351,2.0279
small_markets,2020.6,3.5097,94.4597,2.0657
small_markets,2020.7,3.6381,94.2800,2.1037
small_markets,2020.8,3.7698,94.0959,2.1417
small_markets,2020.9,3.9050,93.9070,2.1906
small_markets,2021.0,4.0441,93.7130,2.2463
small_markets,2021.1,4.1871,93.5139,2.3034
small_markets,2021.2,4.3344,93.3091,2.3618
small_markets,2021.3,4.4862,93.0985,2.4218
small_markets,2021.4,4.6427,92.8818,2.4832
small_markets,2021.5,4.8042,92.6587,2.5461
small_markets,2021.6,4.9710,92.4288,2.6106
small_markets,2021.7,5.1433,92.1919,2.6766
small_markets,2021.8,5.3213,91.9476,2.7441
small_markets,2021.9,5.5054,91.6957,2.8133
small_markets,2022.0,5.6957,91.4358,2.8841
small_markets,2022.1,5.8926,91.1677,2.9566
small_markets,2022.2,6.0962,90.8910,3.0307
small_markets,2022.3,6.3069,90.6055,3.1065
small_markets,2022.4,6.5249,90.3107,3.1840
small_markets,2022.5,6.7505,90.0065,3.2631
small_markets,2022.6,6.9838,89.6925,3.3440
small_markets,2022.7,7.2252,89.3685,3.4266
small_markets,2022.8,7.4748,89.0341,3.5110
small_markets,2022.9,7.7329,88.6890,3.5970
small_markets,2023.0,7.9997,88.3331,3.6849
small_markets,2023.1,8.2754,87.9661,3.7744
small_markets,2023.2,8.5601,87.5876,3.8658
small_markets,2023.3,8.8542,87.1976,3.9588
small_markets,2023.4,9.1577,86.7958,4.0537
small_markets,2023.5,9.4708,86.3819,4.1502
small_markets,2023.6,9.7937,85.9558,4.2505
small_markets,2023.7,10.1264,85.5174,4.3562
small_markets,2023.8,10.4691,85.0665,4.4644
small_markets,2023.9,10.8219,84.6029,4.5752
small_markets,2024.0,11.1848,84.1267,4.6885
small_markets,2024.1,11.5580,83.6376,4.8044
small_markets,2024.2,11.9413,83.1358,4.9229
small_markets,2024.3,12.3350,82.6211,5.0439
small_markets,2024.4,12.7389,82.0935,5.1676
small_markets,2024.5,13.1529,81.5532,5.2939
small_markets,2024.6,13.5772,81.0001,5.4227
small_markets,2024.7,14.0115,80.4345,5.5540
small_markets,2024.8,14.4558,79.8563,5.6879
small_markets,2024.9,14.9099,79.2658,5.8243
small_markets,2025.0,15.3737,78.6632,5.9631
small_markets,2025.1,15.8469,78.0487,6.1043
small_markets,2025.2,16.3295,77.4226,6.2479
small_markets,2025.3,16.8211,76.7852,6.3937
small_markets,2025.4,17.3215,76.1369,6.5416
small_markets,2025.5,17.8304,75.4779,6.6917
small_markets,2025.6,18.3475,74.8087,6.8438
small_markets,2025.7,18.8725,74.1298,6.9978
small_markets,2025.8,19.4049,73.4415,7.1536
small_markets,2025.9,19.9445,72.7445,7.3110
small_markets,2026.0,20.4907,72.0393,7.4700
small_markets,2026.1,21.0432,71.3263,7.6305
small_markets,2026.2,21.6015,70.6062,7.7923
small_markets,2026.3,22.1652,69.8796,7.9552
small_markets,2026.4,22.7337,69.1472,8.1191
small_markets,2026.5,23.3066,68.4095,8.2839
small_markets,2026.6,23.8833,67.6673,8.4494
small_markets,2026.7,24.4633,66.9212,8.6154
small_markets,2026.8,25.0461,66.1720,8.7819
small_markets,2026.9,25.6311,65.4203,8.9486
small_markets,2027.0,26.2177,64.6669,9.1154
small_markets,2027.1,26.8054,63.9124,9.2822
small_markets,2027.2,27.3937,63.1576,9.4487
small_markets,2027.3,27.9819,62.4033,9.6149
small_markets,2027.4,28.5694,61.6500,9.7805
small_markets,2027.5,29.1558,60.8986,9.9456
small_markets,2027.6,29.7405,60.1497,10.1098
small_markets,2027.7,30.3229,59.4039,10.2732
small_markets,2027.8,30.9025,58.6620,10.4356
small_markets,2027.9,31.4787,57.9245,10.5968
small_markets,2028.0,32.0511,57.1920,10.7568
small_markets,2028.1,32.6192,56.4653,10.9155
small_markets,2028.2,33.1825,55.7447,11.0728
small_markets,2028.3,33.7405,55.0308,11.2287
small_markets,2028.4,34.2929,54.3241,11.3830
small_markets,2028.5,34.8391,53.6251,11.5358
small_markets,2028.6,35.3789,52.9341,11.6870
small_markets,2028.7,35.9119,52.2516,11.8366
small_markets,2028.8,36.4377,51.5778,11.9845
small_markets,2028.9,36.9560,50.9131,12.1308
small_markets,2029.0,37.4667,50.2578,12.2755
small_markets,2029.1,37.9694,49.6120,12.4186
small_markets,2029.2,38.4639,48.9760,12.5601
small_markets,2029.3,38.9501,48.3498,12.7001
small_markets,2029.4,39.4277,47.7337,12.8386
small_markets,2029.5,39.8968,47.1276,12.9757
small_markets,2029.6,40.3571,46.5316,13.1113
small_markets,2029.7,40.8087,45.9457,13.2457
small_markets,2029.8,41.2514,45.3699,13.3787
small_markets,2029.9,41.6853,44.8041,13.5106
small_markets,2030.0,42.1104,44.2482,13.6414
small_markets,2030.1,42.5267,43.7022,13.7711
small_markets,2030.2,42.9342,43.1659,13.8999
small_markets,2030.3,43.3332,42.6391,14.0277
small_markets,2030.4,43.7236,42.1217,14.1547
small_markets,2030.5,44.1056,41.6135,14.2809
small_markets,2030.6,44.4793,41.1143,14.4064
small_markets,2030.7,44.8449,40.6239,14.5312
small_markets,2030.8,45.2025,40.1421,14.6554
small_markets,2030.9,45.5523,39.6686,14.7791
small_markets,2031.0,45.8946,39.2033,14.9021
small_markets,2031.1,46.2294,38.7459,15.0247
small_markets,2031.2,46.5570,38.2962,15.1468
small_markets,2031.3,46.8777,37.8539,15.2684
small_markets,2031.4,47.1915,37.4189,15.3896
small_markets,2031.5,47.4988,36.9910,15.5103
small_markets,2031.6,47.7997,36.5699,15.6305
small_markets,2031.7,48.0944,36.1554,15.7502
small_markets,2031.8,48.3833,35.7474,15.8694
small_markets,2031.9,48.6664,35.3456,15.9880
small_markets,2032.0,48.9439,34.9500,16.1060
small_markets,2032.1,49.2162,34.5603,16.2235
small_markets,2032.2,49.4833,34.1765,16.3402
small_markets,2032.3,49.7455,33.7982,16.4563
small_markets,2032.4,50.0029,33.4255,16.5715
small_markets,2032.5,50.2558,33.0583,16.6859
small_markets,2032.6,50.5042,32.6963,16.7994
small_markets,2032.7,50.7484,32.3396,16.9120
small_markets,2032.8,50.9886,31.9880,17.0235
small_markets,2032.9,51.2247,31.6414,17.1339
small_markets,2033.0,51.4571,31.2998,17.2431
small_markets,2033.1,51.6859,30.9631,17.3511
small_markets,2033.2,51.9111,30.6312,17.4577
small_markets,2033.3,52.1328,30.3042,17.5630
small_markets,2033.4,52.3513,29.9819,17.6668
small_markets,2033.5,52.5666,29.6643,17.7691
small_markets,2033.6,52.7788,29.3514,17.8698
small_markets,2033.7,52.9880,29.0431,17.9689
small_markets,2033.8,53.1943,28.7395,18.0663
small_markets,2033.9,53.3978,28.4404,18.1619
small_markets,2034.0,53.5985,28.1459,18.2556
small_markets,2034.1,53.7966,27.8559,18.3475
small_markets,2034.2,53.9921,27.5705,18.4374
small_markets,2034.3,54.1851,27.2895,18.5254
small_markets,2034.4,54.3756,27.0130,18.6114
small_markets,2034.5,54.5638,26.7409,18.6953
small_markets,2034.6,54.7496,26.4733,18.7771
small_markets,2034.7,54.9332,26.2101,18.8567
small_markets,2034.8,55.1146,25.9512,18.9342
small_markets,2034.9,55.2938,25.6968,19.0095
small_markets,2035.0,55.4709,25.4466,19.0825
small_markets,2035.1,55.6460,25.2007,19.1533
small_markets,2035.2,55.8191,24.9591,19.2218
small_markets,2035.3,55.9902,24.7217,19.2880
small_markets,2035.4,56.1595,24.4886,19.3519
small_markets,2035.5,56.3269,24.2596,19.4135
small_markets,2035.6,56.4926,24.0347,19.4727
small_markets,2035.7,56.6564,23.8139,19.5296
small_markets,2035.8,56.8186,23.5972,19.5842
small_markets,2035.9,56.9792,23.3845,19.6363
small_markets,2036.0,57.1381,23.1758,19.6861
small_markets,2036.1,57.2955,22.9710,19.7335
small_markets,2036.2,57.4514,22.7700,19.7786
small_markets,2036.3,57.6058,22.5729,19.8213
small_markets,2036.4,57.7588,22.3796,19.8616
small_markets,2036.5,57.9104,22.1900,19.8996
small_markets,2036.6,58.0606,22.0041,19.9353
small_markets,2036.7,58.2096,21.8218,19.9686
small_markets,2036.8,58.3573,21.6431,19.9995
small_markets,2036.9,58.5038,21.4680,20.0282
small_markets,2037.0,58.6492,21.2962,20.0546
small_markets,2037.1,58.7934,21.1279,20.0787
small_markets,2037.2,58.9365,20.9630,20.1005
small_markets,2037.3,59.0786,20.8013,20.1201
small_markets,2037.4,59.2197,20.6429,20.1374
small_markets,2037.5,59.3597,20.4876,20.1526
small_markets,2037.6,59.4989,20.3355,20.1656
small_markets,2037.7,59.6371,20.1864,20.1764
small_markets,2037.8,59.7745,20.0404,20.1852
small_markets,2037.9,59.9110,19.8972,20.1918
small_markets,2038.0,60.0467,19.7570,20.1963
small_markets,2038.1,60.1817,19.6195,20.1988
small_markets,2038.2,60.3158,19.4849,20.1993
small_markets,2038.3,60.4493,19.3529,20.1978
small_markets,2038.4,60.5821,19.2235,20.1944
small_markets,2038.5,60.7142,19.0968,20.1890
small_markets,2038.6,60.8457,18.9725,20.1823
small_markets,2038.7,60.9765,18.8508,20.1738
small_markets,2038.8,61.1068,18.7314,20.1635
small_markets,2038.9,61.2365,18.6144,20.1513
small_markets,2039.0,61.3656,18.4997,20.1373
small_markets,2039.1,61.4942,18.3872,20.1215
small_markets,2039.2,61.6223,18.2768,20.1040
small_markets,2039.3,61.7499,18.1687,20.0848
small_markets,2039.4,61.8771,18.0625,20.0640
small_markets,2039.5,62.0037,17.9584,20.0415
small_markets,2039.6,62.1299,17.8563,20.0175
small_markets,2039.7,62.2557,17.7560,19.9920
small_markets,2039.8,62.3811,17.6577,19.9650
small_markets,2039.9,62.5061,17.5611,19.9366
small_markets,2040.0,62.6307,17.4663,19.9067
small_markets,2040.1,62.7549,17.3732,19.8756
small_markets,2040.2,62.8787,17.2818,19.8431
small_markets,2040.3,63.0022,17.1920,19.8093
small_markets,2040.4,63.1253,17.1037,19.7744
small_markets,2040.5,63.2480,17.0170,19.7382
small_markets,2040.6,63.3704,16.9318,19.7009
small_markets,2040.7,63.4925,16.8480,19.6624
small_markets,2040.8,63.6143,16.7656,19.6229
small_markets,2040.9,63.7357,16.6846,19.5824
small_markets,2041.0,63.8569,16.6048,19.5408
small_markets,2041.1,63.9777,16.5264,19.4983
small_markets,2041.2,64.0982,16.4492,19.4549
small_markets,2041.3,64.2184,16.3732,19.4105
small_markets,2041.4,64.3383,16.2984,19.3653
small_markets,2041.5,64.4579,16.2247,19.3192
small_markets,2041.6,64.5772,16.1521,19.2724
small_markets,2041.7,64.6963,16.0806,19.2247
small_markets,2041.8,64.8150,16.0102,19.1764
small_markets,2041.9,64.9335,15.9407,19.1273
small_markets,2042.0,65.0516,15.8722,19.0775
small_markets,2042.1,65.1695,15.8047,19.0271
small_markets,2042.2,65.2871,15.7380,18.9760
small_markets,2042.3,65.4044,15.6723,18.9243
small_markets,2042.4,65.5214,15.6074,18.8721
small_markets,2042.5,65.6382,15.5434,18.8193
small_markets,2042.6,65.7546,15.4802,18.7659
small_markets,2042.7,65.8708,15.4178,18.7121
small_markets,2042.8,65.9867,15.3562,18.6578
small_markets,2042.9,66.1024,15.2953,18.6030
small_markets,2043.0,66.2177,15.2351,18.5477
small_markets,2043.1,66.3327,15.1757,18.4921
small_markets,2043.2,66.4475,15.1169,18.4360
small_markets,2043.3,66.5620,15.0588,18.3796
small_markets,2043.4,66.6762,15.0014,18.3228
small_markets,2043.5,66.7902,14.9446,18.2656
small_markets,2043.6,66.9038,14.8884,18.2081
small_markets,2043.7,67.0172,14.8328,18.1503
small_markets,2043.8,67.1302,14.7778,18.0922
small_markets,2043.9,67.2430,14.7233,18.0338
small_markets,2044.0,67.3555,14.6695,17.9752
small_markets,2044.1,67.4678,14.6161,17.9163
small_markets,2044.2,67.5797,14.5633,17.8572
small_markets,2044.3,67.6913,14.5110,17.7978
small_markets,2044.4,67.8027,14.4592,17.7382
small_markets,2044.5,67.9138,14.4079,17.6784
small_markets,2044.6,68.0246,14.3571,17.6185
small_markets,2044.7,68.1351,14.3067,17.5583
small_markets,2044.8,68.2453,14.2568,17.4980
small_markets,2044.9,68.3552,14.2073,17.4375
small_markets,2045.0,68.4648,14.1583,17.3769
small_markets,2045.1,68.5741,14.1097,17.3162
small_markets,2045.2,68.6832,14.0616,17.2553
small_markets,2045.3,68.7919,14.0138,17.1943
small_markets,2045.4,68.9004,13.9665,17.1332
small_markets,2045.5,69.0085,13.9195,17.0720
small_markets,2045.6,69.1164,13.8729,17.0107
small_markets,2045.7,69.2240,13.8267,16.9493
small_markets,2045.8,69.3313,13.7809,16.8878
small_markets,2045.9,69.4383,13.7354,16.8263
small_markets,2046.0,69.5450,13.6903,16.7647
small_markets,2046.1,69.6514,13.6456,16.7030
small_markets,2046.2,69.7575,13.6012,16.6413
small_markets,2046.3,69.8633,13.5571,16.5796
small_markets,2046.4,69.9688,13.5134,16.5178
small_markets,2046.5,70.0740,13.4700,16.4560
small_markets,2046.6,70.1790,13.4269,16.3941
small_markets,2046.7,70.2836,13.3842,16.3323
small_markets,2046.8,70.3879,13.3417,16.2704
small_markets,2046.9,70.4920,13.2996,16.2085
small_markets,2047.0,70.5957,13.2577,16.1466
small_markets,2047.1,70.6992,13.2162,16.0847
small_markets,2047.2,70.8023,13.1749,16.0228
small_markets,2047.3,70.9052,13.1340,15.9609
small_markets,2047.4,71.0077,13.0933,15.8990
small_markets,2047.5,71.1100,13.0529,15.8371
small_markets,2047.6,71.2119,13.0128,15.7753
small_markets,2047.7,71.3136,12.9729,15.7135
small_markets,2047.8,71.4150,12.9333,15.6517
small_markets,2047.9,71.5161,12.8940,15.5899
small_markets,2048.0,71.6169,12.8549,15.5282
small_markets,2048.1,71.7173,12.8161,15.4665
small_markets,2048.2,71.8175,12.7776,15.4049
small_markets,2048.3,71.9174,12.7393,15.3433
small_markets,2048.4,72.0170,12.7012,15.2817
small_markets,2048.5,72.1164,12.6634,15.2202
small_markets,2048.6,72.2154,12.6258,15.1588
small_markets,2048.7,72.3141,12.5885,15.0974
small_markets,2048.8,72.4125,12.5514,15.0361
small_markets,2048.9,72.5106,12.5145,14.9749
small_markets,2049.0,72.6085,12.4778,14.9137
small_markets,2049.1,72.7060,12.4414,14.8526
small_markets,2049.2,72.8033,12.4052,14.7915
small_markets,2049.3,72.9002,12.3692,14.7306
small_markets,2049.4,72.9969,12.3334,14.6697
small_markets,2049.5,73.0933,12.2978,14.6089
small_markets,2049.6,73.1893,12.2625,14.5482
small_markets,2049.7,73.2851,12.2273,14.4876
small_markets,2049.8,73.3806,12.1923,14.4271
small_markets,2049.9,73.4758,12.1576,14.3666
small_markets,2050.0,73.5707,12.1230,14.3063
medium_markets,2015.0,0.4769,99.1819,0.3412
medium_markets,2015.1,0.5031,99.1387,0.3582
medium_markets,2015.2,0.5303,99.0939,0.3758
medium_markets,2015.3,0.5586,99.0472,0.3942
medium_markets,2015.4,0.5881,98.9987,0.4133
medium_markets,2015.5,0.6186,98.9483,0.4331
medium_markets,2015.6,0.6504,98.8959,0.4537
medium_markets,2015.7,0.6833,98.8416,0.4750
medium_markets,2015.8,0.7175,98.7853,0.4972
medium_markets,2015.9,0.7530,98.7269,0.5202
medium_markets,2016.0,0.7897,98.6663,0.5440
medium_markets,2016.1,0.8277,98.6037,0.5686
medium_markets,2016.2,0.8671,98.5388,0.5941
medium_markets,2016.3,0.9079,98.4717,0.6205
medium_markets,2016.4,0.9500,98.4023,0.6477
medium_markets,2016.5,0.9936,98.3306,0.6759
medium_markets,2016.6,1.0386,98.2565,0.7049
medium_markets,2016.7,1.0852,98.1800,0.7349
medium_markets,2016.8,1.1332,98.1010,0.7658
medium_markets,2016.9,1.1828,98.0196,0.7976
medium_markets,2017.0,1.2340,97.9357,0.8303
medium_markets,2017.1,1.2869,97.8482,0.8650
medium_markets,2017.2,1.3414,97.7566,0.9021
medium_markets,2017.3,1.3977,97.6608,0.9416
medium_markets,2017.4,1.4558,97.5609,0.9833
medium_markets,2017.5,1.5158,97.4569,1.0274
medium_markets,2017.6,1.5778,97.3487,1.0735
medium_markets,2017.7,1.6418,97.2364,1.1219
medium_markets,2017.8,1.7079,97.1200,1.1723
medium_markets,2017.9,1.7761,96.9993,1.2248
medium_markets,2018.0,1.8466,96.8744,1.2793
medium_markets,2018.1,1.9344,96.7400,1.3357
medium_markets,2018.2,2.0105,96.6043,1.3941
medium_markets,2018.3,2.0887,96.4647,1.4544
medium_markets,2018.4,2.1692,96.3210,1.5166
medium_markets,2018.5,2.2521,96.1731,1.5806
medium_markets,2018.6,2.3376,96.0210,1.6463
medium_markets,2018.7,2.4258,95.8645,1.7138
medium_markets,2018.8,2.5167,95.7036,1.7830
medium_markets,2018.9,2.6104,95.5383,1.8539
medium_markets,2019.0,2.7071,95.3685,1.9263
medium_markets,2019.1,2.8067,95.1942,2.0003
medium_markets,2019.2,2.9094,95.0153,2.0760
medium_markets,2019.3,3.0153,94.8318,2.1536
medium_markets,2019.4,3.1245,94.6437,2.2326
medium_markets,2019.5,3.2370,94.4510,2.3129
medium_markets,2019.6,3.3529,94.2535,2.3946
medium_markets,2019.7,3.4724,94.0513,2.4774
medium_markets,2019.8,3.5954,93.8444,2.5614
medium_markets,2019.9,3.7222,93.6326,2.6465
medium_markets,2020.0,3.8528,93.4160,2.7326
medium_markets,2020.1,3.9872,93.1946,2.8197
medium_markets,2020.2,4.1257,92.9682,2.9077
medium_markets,2020.3,4.2683,92.7369,2.9966
medium_markets,2020.4,4.4151,92.5007,3.0862
medium_markets,2020.5,4.5662,92.2594,3.1765
medium_markets,2020.6,4.7218,92.0131,3.2675
medium_markets,2020.7,4.8818,91.7616,3.3590
medium_markets,2020.8,5.0466,91.5051,3.4510
medium_markets,2020.9,5.2161,91.2434,3.5435
medium_markets,2021.0,5.3905,90.9764,3.6363
medium_markets,2021.1,5.5699,90.7043,3.7294
medium_markets,2021.2,5.7545,90.4268,3.8226
medium_markets,2021.3,5.9444,90.1439,3.9160
medium_markets,2021.4,6.1396,89.8557,4.0094
medium_markets,2021.5,6.3405,89.5620,4.1027
medium_markets,2021.6,6.5470,89.2628,4.1958
medium_markets,2021.7,6.7593,88.9581,4.2888
medium_markets,2021.8,6.9776,88.6477,4.3814
medium_markets,2021.9,7.2021,88.3316,4.4736
medium_markets,2022.0,7.4328,88.0097,4.5654
medium_markets,2022.1,7.6700,87.6820,4.6566
medium_markets,2022.2,7.9139,87.3483,4.7472
medium_markets,2022.3,8.1645,87.0086,4.8371
medium_markets,2022.4,8.4221,86.6628,4.9262
medium_markets,2022.5,8.6869,86.3108,5.0144
medium_markets,2022.6,8.9590,85.9524,5.1017
medium_markets,2022.7,9.2387,85.5876,5.1879
medium_markets,2022.8,9.5262,85.2162,5.2730
medium_markets,2022.9,9.8217,84.8381,5.3568
medium_markets,2023.0,10.1253,84.4532,5.4394
medium_markets,2023.1,10.4374,84.0612,5.5206
medium_markets,2023.2,10.7582,83.6620,5.6004
medium_markets,2023.3,11.0880,83.2554,5.6787
medium_markets,2023.4,11.4269,82.8412,5.7554
medium_markets,2023.5,11.7754,82.4192,5.8305
medium_markets,2023.6,12.1336,81.9892,5.9039
medium_markets,2023.7,12.5018,81.5509,5.9754
medium_markets,2023.8,12.8805,81.1041,6.0452
medium_markets,2023.9,13.2698,80.6484,6.1130
medium_markets,2024.0,13.6702,80.1835,6.1789
medium_markets,2024.1,14.0820,79.7092,6.2427
medium_markets,2024.2,14.5056,79.2252,6.3045
medium_markets,2024.3,14.9413,78.7309,6.3642
medium_markets,2024.4,15.3896,78.2261,6.4217
medium_markets,2024.5,15.8507,77.7104,6.4770
medium_markets,2024.6,16.3252,77.1834,6.5300
medium_markets,2024.7,16.8135,76.6446,6.5807
medium_markets,2024.8,17.3159,76.0936,6.6290
medium_markets,2024.9,17.8329,75.5300,6.6750
medium_markets,2025.0,18.3649,74.9533,6.7185
medium_markets,2025.1,18.9123,74.3632,6.7596
medium_markets,2025.2,19.4755,73.7591,6.7981
medium_markets,2025.3,20.0549,73.1408,6.8342
medium_markets,2025.4,20.6507,72.5078,6.8676
medium_markets,2025.5,21.2634,71.8598,6.8987
medium_markets,2025.6,21.8930,71.1966,6.9273
medium_markets,2025.7,22.5399,70.5180,6.9534
medium_markets,2025.8,23.2040,69.8238,6.9767
medium_markets,2025.9,23.8854,69.1142,7.0030
medium_markets,2026.0,24.5840,68.3891,7.0301
medium_markets,2026.1,25.2996,67.6490,7.0636
medium_markets,2026.2,26.0317,66.8943,7.0988
medium_markets,2026.3,26.7798,66.1256,7.1313
medium_markets,2026.4,27.5434,65.3438,7.1611
medium_markets,2026.5,28.3213,64.5499,7.1879
medium_markets,2026.6,29.1127,63.7452,7.2114
medium_markets,2026.7,29.9161,62.9314,7.2313
medium_markets,2026.8,30.7302,62.1102,7.2473
medium_markets,2026.9,31.5532,61.2836,7.2591
medium_markets,2027.0,32.3832,60.4539,7.2662
medium_markets,2027.1,33.2183,59.6234,7.2683
medium_markets,2027.2,34.0563,58.7949,7.2650
medium_markets,2027.3,34.8948,57.9708,7.2559
medium_markets,2027.4,35.7315,57.1541,7.2406
medium_markets,2027.5,36.5641,56.3472,7.2188
medium_markets,2027.6,37.3904,55.5528,7.1903
medium_markets,2027.7,38.2081,54.7732,7.1549
medium_markets,2027.8,39.0153,54.0103,7.1534
medium_markets,2027.9,39.8104,53.2659,7.1506
medium_markets,2028.0,40.5920,52.5410,7.1438
medium_markets,2028.1,41.3590,51.8365,7.1332
medium_markets,2028.2,42.1109,51.1525,7.1194
medium_markets,2028.3,42.8476,50.4886,7.1029
medium_markets,2028.4,43.5692,49.8441,7.0842
medium_markets,2028.5,44.2765,49.2176,7.0639
medium_markets,2028.6,44.9705,48.6077,7.0427
medium_markets,2028.7,45.6524,48.0125,7.0210
medium_markets,2028.8,46.3237,47.4302,6.9994
medium_markets,2028.9,46.9860,46.8586,6.9781
medium_markets,2029.0,47.6410,46.2962,6.9574
medium_markets,2029.1,48.2901,45.7411,6.9375
medium_markets,2029.2,48.9347,45.1920,6.9182
medium_markets,2029.3,49.5761,44.6477,6.8995
medium_markets,2029.4,50.2153,44.1073,6.8812
medium_markets,2029.5,50.8530,43.5702,6.8631
medium_markets,2029.6,51.4897,43.0361,6.8452
medium_markets,2029.7,52.1258,42.5046,6.8271
medium_markets,2029.8,52.7613,41.9756,6.8088
medium_markets,2029.9,53.3964,41.4491,6.7902
medium_markets,2030.0,54.0308,40.9252,6.7712
medium_markets,2030.1,54.6645,40.4039,6.7650
medium_markets,2030.2,55.2971,39.8853,6.7595
medium_markets,2030.3,55.9284,39.3695,6.7532
medium_markets,2030.4,56.5580,38.8566,6.7461
medium_markets,2030.5,57.1858,38.3468,6.7382
medium_markets,2030.6,57.8113,37.8401,6.7351
medium_markets,2030.7,58.4342,37.3366,6.7313
medium_markets,2030.8,59.0542,36.8365,6.7265
medium_markets,2030.9,59.6710,36.3398,6.7206
medium_markets,2031.0,60.2843,35.8467,6.7137
medium_markets,2031.1,60.8936,35.3572,6.7059
medium_markets,2031.2,61.4987,34.8713,6.6970
medium_markets,2031.3,62.0993,34.3893,6.6871
medium_markets,2031.4,62.6950,33.9112,6.6763
medium_markets,2031.5,63.2856,33.4370,6.6645
medium_markets,2031.6,63.8706,32.9668,6.6519
medium_markets,2031.7,64.4499,32.5008,6.6383
medium_markets,2031.8,65.0231,32.0389,6.6238
medium_markets,2031.9,65.5899,31.5813,6.6085
medium_markets,2032.0,66.1501,31.1279,6.5923
medium_markets,2032.1,66.7033,30.6789,6.5753
medium_markets,2032.2,67.2494,30.2344,6.5574
medium_markets,2032.3,67.7881,29.7943,6.5388
medium_markets,2032.4,68.3191,29.3587,6.5194
medium_markets,2032.5,68.8423,28.9277,6.4993
medium_markets,2032.6,69.3574,28.5013,6.4784
medium_markets,2032.7,69.8643,28.0796,6.4568
medium_markets,2032.8,70.3627,27.6625,6.4345
medium_markets,2032.9,70.8525,27.2502,6.4115
medium_markets,2033.0,71.3337,26.8427,6.3879
medium_markets,2033.1,71.8059,26.4399,6.3636
medium_markets,2033.2,72.2693,26.0420,6.3387
medium_markets,2033.3,72.7235,25.6489,6.3132
medium_markets,2033.4,73.1687,25.2608,6.2871
medium_markets,2033.5,73.6047,24.8775,6.2604
medium_markets,2033.6,74.0314,24.4992,6.2332
medium_markets,2033.7,74.4490,24.1258,6.2054
medium_markets,2033.8,74.8573,23.7574,6.1770
medium_markets,2033.9,75.2564,23.3940,6.1482
medium_markets,2034.0,75.6463,23.0357,6.1188
medium_markets,2034.1,76.0272,22.6823,6.0889
medium_markets,2034.2,76.3989,22.3340,6.0584
medium_markets,2034.3,76.7617,21.9907,6.0275
medium_markets,2034.4,77.1156,21.6525,5.9961
medium_markets,2034.5,77.4608,21.3193,5.9642
medium_markets,2034.6,77.7974,20.9912,5.9318
medium_markets,2034.7,78.1255,20.6681,5.8990
medium_markets,2034.8,78.4452,20.3501,5.8656
medium_markets,2034.9,78.7568,20.0372,5.8317
medium_markets,2035.0,79.0605,19.7293,5.7974
medium_markets,2035.1,79.3563,19.4265,5.7625
medium_markets,2035.2,79.6446,19.1286,5.7271
medium_markets,2035.3,79.9255,18.8358,5.6913
medium_markets,2035.4,80.1992,18.5480,5.6549
medium_markets,2035.5,80.4660,18.2652,5.6180
medium_markets,2035.6,80.7260,17.9872,5.5805
medium_markets,2035.7,80.9795,17.7143,5.5426
medium_markets,2035.8,81.2267,17.4461,5.5040
medium_markets,2035.9,81.4679,17.1829,5.4649
medium_markets,2036.0,81.7032,16.9244,5.4253
medium_markets,2036.1,81.9329,16.6707,5.3851
medium_markets,2036.2,82.1573,16.4218,5.3443
medium_markets,2036.3,82.3764,16.1775,5.3030
medium_markets,2036.4,82.5906,15.9379,5.2610
medium_markets,2036.5,82.8001,15.7028,5.2185
medium_markets,2036.6,83.0050,15.4722,5.1754
medium_markets,2036.7,83.2056,15.2461,5.1318
medium_markets,2036.8,83.4020,15.0244,5.0875
medium_markets,2036.9,83.5944,14.8070,5.0427
medium_markets,2037.0,83.7831,14.5939,4.9974
medium_markets,2037.1,83.9682,14.3850,4.9515
medium_markets,2037.2,84.1497,14.1802,4.9050
medium_markets,2037.3,84.3280,13.9794,4.8581
medium_markets,2037.4,84.5032,13.7827,4.8106
medium_markets,2037.5,84.6753,13.5898,4.7627
medium_markets,2037.6,84.8445,13.4007,4.7143
medium_markets,2037.7,85.0110,13.2154,4.6655
medium_markets,2037.8,85.1748,13.0337,4.6169
medium_markets,2037.9,85.3360,12.8557,4.5682
medium_markets,2038.0,85.4948,12.6811,4.5190
medium_markets,2038.1,85.6512,12.5099,4.4694
medium_markets,2038.2,85.8053,12.3421,4.4194
medium_markets,2038.3,85.9573,12.1776,4.3690
medium_markets,2038.4,86.1070,12.0162,4.3184
medium_markets,2038.5,86.2547,11.8579,4.2675
medium_markets,2038.6,86.4004,11.7027,4.2165
medium_markets,2038.7,86.5441,11.5504,4.1655
medium_markets,2038.8,86.6859,11.4010,4.1143
medium_markets,2038.9,86.8258,11.2544,4.0632
medium_markets,2039.0,86.9639,11.1105,4.0122
medium_markets,2039.1,87.1001,10.9692,3.9613
medium_markets,2039.2,87.2346,10.8306,3.9106
medium_markets,2039.3,87.3673,10.6944,3.8602
medium_markets,2039.4,87.4983,10.5607,3.8100
medium_markets,2039.5,87.6275,10.4295,3.7602
medium_markets,2039.6,87.7551,10.3005,3.7108
medium_markets,2039.7,87.8810,10.1738,3.6618
medium_markets,2039.8,88.0052,10.0493,3.6132
medium_markets,2039.9,88.1278,9.9270,3.5652
medium_markets,2040.0,88.2488,9.8068,3.5178
medium_markets,2040.1,88.3681,9.6886,3.4709
medium_markets,2040.2,88.4858,9.5724,3.4247
medium_markets,2040.3,88.6019,9.4582,3.3791
medium_markets,2040.4,88.7164,9.3459,3.3342
medium_markets,2040.5,88.8293,9.2355,3.2900
medium_markets,2040.6,88.9407,9.1269,3.2465
medium_markets,2040.7,89.0504,9.0201,3.2038
medium_markets,2040.8,89.1586,8.9151,3.1618
medium_markets,2040.9,89.2653,8.8117,3.1206
medium_markets,2041.0,89.3704,8.7100,3.0803
medium_markets,2041.1,89.4740,8.6100,3.0407
medium_markets,2041.2,89.5761,8.5116,3.0020
medium_markets,2041.3,89.6767,8.4148,2.9641
medium_markets,2041.4,89.7757,8.3195,2.9270
medium_markets,2041.5,89.8733,8.2258,2.8908
medium_markets,2041.6,89.9695,8.1336,2.8553
medium_markets,2041.7,90.0641,8.0428,2.8208
medium_markets,2041.8,90.1574,7.9535,2.7870
medium_markets,2041.9,90.2491,7.8656,2.7541
medium_markets,2042.0,90.3395,7.7791,2.7221
medium_markets,2042.1,90.4285,7.6940,2.6908
medium_markets,2042.2,90.5161,7.6102,2.6603
medium_markets,2042.3,90.6024,7.5277,2.6307
medium_markets,2042.4,90.6873,7.4466,2.6019
medium_markets,2042.5,90.7709,7.3667,2.5738
medium_markets,2042.6,90.8532,7.2881,2.5465
medium_markets,2042.7,90.9342,7.2108,2.5199
medium_markets,2042.8,91.0139,7.1346,2.4941
medium_markets,2042.9,91.0924,7.0597,2.4691
medium_markets,2043.0,91.1696,6.9859,2.4447
medium_markets,2043.1,91.2457,6.9133,2.4211
medium_markets,2043.2,91.3205,6.8419,2.3981
medium_markets,2043.3,91.3942,6.7716,2.3758
medium_markets,2043.4,91.4668,6.7023,2.3542
medium_markets,2043.5,91.5383,6.6342,2.3332
medium_markets,2043.6,91.6086,6.5671,2.3128
medium_markets,2043.7,91.6779,6.5011,2.2930
medium_markets,2043.8,91.7461,6.4360,2.2738
medium_markets,2043.9,91.8133,6.3720,2.2552
medium_markets,2044.0,91.8795,6.3090,2.2374
medium_markets,2044.1,91.9447,6.2470,2.2209
medium_markets,2044.2,92.0089,6.1859,2.2050
medium_markets,2044.3,92.0722,6.1257,2.1895
medium_markets,2044.4,92.1345,6.0665,2.1745
medium_markets,2044.5,92.1960,6.0081,2.1600
medium_markets,2044.6,92.2566,5.9507,2.1459
medium_markets,2044.7,92.3163,5.8941,2.1323
medium_markets,2044.8,92.3751,5.8383,2.1191
medium_markets,2044.9,92.4332,5.7834,2.1063
medium_markets,2045.0,92.4904,5.7293,2.0938
medium_markets,2045.1,92.5469,5.6760,2.0818
medium_markets,2045.2,92.6026,5.6235,2.0700
medium_markets,2045.3,92.6576,5.5718,2.0587
medium_markets,2045.4,92.7118,5.5208,2.0476
medium_markets,2045.5,92.7654,5.4705,2.0369
medium_markets,2045.6,92.8182,5.4209,2.0265
medium_markets,2045.7,92.8704,5.3721,2.0163
medium_markets,2045.8,92.9219,5.3239,2.0064
medium_markets,2045.9,92.9727,5.2765,1.9968
medium_markets,2046.0,93.0230,5.2296,1.9875
medium_markets,2046.1,93.0726,5.1835,1.9784
medium_markets,2046.2,93.1216,5.1379,1.9695
medium_markets,2046.3,93.1701,5.0930,1.9608
medium_markets,2046.4,93.2179,5.0487,1.9524
medium_markets,2046.5,93.2653,5.0050,1.9441
medium_markets,2046.6,93.3120,4.9618,1.9360
medium_markets,2046.7,93.3583,4.9193,1.9281
medium_markets,2046.8,93.4040,4.8773,1.9204
medium_markets,2046.9,93.4493,4.8358,1.9129
medium_markets,2047.0,93.4940,4.7948,1.9055
medium_markets,2047.1,93.5382,4.7544,1.8983
medium_markets,2047.2,93.5820,4.7145,1.8912
medium_markets,2047.3,93.6253,4.6751,1.8842
medium_markets,2047.4,93.6682,4.6362,1.8774
medium_markets,2047.5,93.7106,4.5977,1.8707
medium_markets,2047.6,93.7526,4.5597,1.8641
medium_markets,2047.7,93.7941,4.5222,1.8577
medium_markets,2047.8,93.8353,4.4851,1.8513
medium_markets,2047.9,93.8760,4.4485,1.8450
medium_markets,2048.0,93.9163,4.4123,1.8389
medium_markets,2048.1,93.9563,4.3765,1.8328
medium_markets,2048.2,93.9958,4.3411,1.8268
medium_markets,2048.3,94.0350,4.3061,1.8210
medium_markets,2048.4,94.0738,4.2715,1.8151
medium_markets,2048.5,94.1122,4.2373,1.8094
medium_markets,2048.6,94.1503,4.2035,1.8038
medium_markets,2048.7,94.1880,4.1700,1.7982
medium_markets,2048.8,94.2253,4.1369,1.7926
medium_markets,2048.9,94.2624,4.1042,1.7872
medium_markets,2049.0,94.2990,4.0718,1.7818
medium_markets,2049.1,94.3354,4.0397,1.7765
medium_markets,2049.2,94.3714,4.0080,1.7712
medium_markets,2049.3,94.4071,3.9766,1.7659
medium_markets,2049.4,94.4425,3.9456,1.7608
medium_markets,2049.5,94.4776,3.9148,1.7556
medium_markets,2049.6,94.5124,3.8844,1.7505
medium_markets,2049.7,94.5468,3.8543,1.7455
medium_markets,2049.8,94.5810,3.8245,1.7405
medium_markets,2049.9,94.6149,3.7949,1.7355
medium_markets,2050.0,94.6484,3.7657,1.7306
big_markets,2015.0,0.3235,99.6590,0.1042
big_markets,2015.1,0.3472,99.6328,0.1106
big_markets,2015.2,0.3723,99.6048,0.1173
big_markets,2015.3,0.3988,99.5752,0.1243
big_markets,2015.4,0.4268,99.5437,0.1315
big_markets,2015.5,0.4562,99.5102,0.1391
big_markets,2015.6,0.4872,99.4748,0.1470
big_markets,2015.7,0.5199,99.4373,0.1552
big_markets,2015.8,0.5542,99.3977,0.1637
big_markets,2015.9,0.5902,99.3558,0.1726
big_markets,2016.0,0.6280,99.3117,0.1817
big_markets,2016.1,0.6677,99.2649,0.1912
big_markets,2016.2,0.7094,99.2153,0.2013
big_markets,2016.3,0.7532,99.1628,0.2118
big_markets,2016.4,0.7991,99.1073,0.2229
big_markets,2016.5,0.8472,99.0486,0.2346
big_markets,2016.6,0.8974,98.9866,0.2468
big_markets,2016.7,0.9499,98.9213,0.2596
big_markets,2016.8,1.0047,98.8525,0.2730
big_markets,2016.9,1.0619,98.7802,0.2870
big_markets,2017.0,1.1216,98.7041,0.3016
big_markets,2017.1,1.1837,98.6243,0.3169
big_markets,2017.2,1.2483,98.5405,0.3327
big_markets,2017.3,1.3155,98.4527,0.3491
big_markets,2017.4,1.3854,98.3607,0.3661
big_markets,2017.5,1.4580,98.2644,0.3838
big_markets,2017.6,1.5333,98.1637,0.4021
big_markets,2017.7,1.6115,98.0585,0.4210
big_markets,2017.8,1.6926,97.9486,0.4406
big_markets,2017.9,1.7766,97.8339,0.4608
big_markets,2018.0,1.8637,97.7142,0.4816
big_markets,2018.1,1.9538,97.5895,0.5031
big_markets,2018.2,2.0470,97.4595,0.5252
big_markets,2018.3,2.1434,97.3242,0.5480
big_markets,2018.4,2.2431,97.1834,0.5736
big_markets,2018.5,2.3461,97.0369,0.6171
big_markets,2018.6,2.4524,96.8846,0.6630
big_markets,2018.7,2.5622,96.7264,0.7114
big_markets,2018.8,2.6755,96.5621,0.7625
big_markets,2018.9,2.7923,96.3915,0.8162
big_markets,2019.0,2.9128,96.2145,0.8727
big_markets,2019.1,3.0369,96.0310,0.9321
big_markets,2019.2,3.1648,95.8408,0.9944
big_markets,2019.3,3.2965,95.6437,1.0598
big_markets,2019.4,3.4320,95.4395,1.1284
big_markets,2019.5,3.5715,95.2282,1.2002
big_markets,2019.6,3.7150,95.0096,1.2754
big_markets,2019.7,3.8625,94.7835,1.3540
big_markets,2019.8,4.0141,94.5497,1.4362
big_markets,2019.9,4.1698,94.3082,1.5220
big_markets,2020.0,4.3298,94.0586,1.6115
big_markets,2020.1,4.4941,93.8010,1.7049
big_markets,2020.2,4.6627,93.5351,1.8022
big_markets,2020.3,4.8357,93.2608,1.9035
big_markets,2020.4,5.0131,92.9780,2.0089
big_markets,2020.5,5.1951,92.6865,2.1185
big_markets,2020.6,5.3815,92.3861,2.2324
big_markets,2020.7,5.5726,92.0767,2.3506
big_markets,2020.8,5.7684,91.7583,2.4733
big_markets,2020.9,5.9689,91.4306,2.6005
big_markets,2021.0,6.1741,91.0935,2.7323
big_markets,2021.1,6.3842,90.7470,2.8688
big_markets,2021.2,6.5991,90.3909,3.0100
big_markets,2021.3,6.8189,90.0251,3.1560
big_markets,2021.4,7.0436,89.6495,3.3068
big_markets,2021.5,7.2734,89.2641,3.4626
big_markets,2021.6,7.5082,88.8686,3.6232
big_markets,2021.7,7.7480,88.4631,3.7888
big_markets,2021.8,7.9930,88.0476,3.9595
big_markets,2021.9,8.2431,87.6218,4.1351
big_markets,2022.0,8.4984,87.1859,4.3157
big_markets,2022.1,8.7589,86.7397,4.5014
big_markets,2022.2,9.0246,86.2832,4.6921
big_markets,2022.3,9.2957,85.8165,4.8878
big_markets,2022.4,9.5720,85.3395,5.0885
big_markets,2022.5,9.8536,84.8522,5.2941
big_markets,2022.6,10.1406,84.3548,5.5046
big_markets,2022.7,10.4330,83.8471,5.7199
big_markets,2022.8,10.7307,83.3293,5.9400
big_markets,2022.9,11.0338,82.8014,6.1647
big_markets,2023.0,11.3424,82.2636,6.3940
big_markets,2023.1,11.6563,81.7159,6.6278
big_markets,2023.2,11.9757,81.1585,6.8658
big_markets,2023.3,12.3005,80.5914,7.1081
big_markets,2023.4,12.6308,80.0149,7.3543
big_markets,2023.5,12.9664,79.4292,7.6044
big_markets,2023.6,13.3075,78.8343,7.8582
big_markets,2023.7,13.6540,78.2306,8.1154
big_markets,2023.8,14.0059,77.6183,8.3758
big_markets,2023.9,14.3632,76.9976,8.6393
big_markets,2024.0,14.7258,76.3687,8.9055
big_markets,2024.1,15.0938,75.7320,9.1742
big_markets,2024.2,15.4671,75.0878,9.4451
big_markets,2024.3,15.8457,74.4363,9.7179
big_markets,2024.4,16.2296,73.7780,9.9924
big_markets,2024.5,16.6187,73.1132,10.2681
big_markets,2024.6,17.0129,72.4423,10.5447
big_markets,2024.7,17.4124,71.7656,10.8220
big_markets,2024.8,17.8169,71.0837,11.0994
big_markets,2024.9,18.2265,70.3968,11.3767
big_markets,2025.0,18.6410,69.7055,11.6535
big_markets,2025.1,19.0605,69.0102,11.9293
big_markets,2025.2,19.4849,68.3114,12.2037
big_markets,2025.3,19.9141,67.6096,12.4763
big_markets,2025.4,20.3480,66.9053,12.7467
big_markets,2025.5,20.7866,66.1990,13.0144
big_markets,2025.6,21.2298,65.4911,13.2791
big_markets,2025.7,21.6775,64.7824,13.5401
big_markets,2025.8,22.1297,64.0732,13.7972
big_markets,2025.9,22.5861,63.3641,14.0498
big_markets,2026.0,23.0469,62.6557,14.2975
big_markets,2026.1,23.5118,61.9485,14.5398
big_markets,2026.2,23.9807,61.2430,14.7763
big_markets,2026.3,24.4536,60.5399,15.0065
big_markets,2026.4,24.9303,59.8396,15.2300
big_markets,2026.5,25.4108,59.1428,15.4464
big_markets,2026.6,25.8949,58.4498,15.6552
big_markets,2026.7,26.3826,57.7613,15.8561
big_markets,2026.8,26.8736,57.0778,16.0486
big_markets,2026.9,27.3679,56.3998,16.2324
big_markets,2027.0,27.8653,55.7277,16.4070
big_markets,2027.1,28.3657,55.0620,16.5723
big_markets,2027.2,28.8690,54.4033,16.7277
big_markets,2027.3,29.3750,53.7519,16.8731
big_markets,2027.4,29.8837,53.1082,17.0081
big_markets,2027.5,30.3948,52.4726,17.1326
big_markets,2027.6,30.9082,51.8456,17.2462
big_markets,2027.7,31.4238,51.2274,17.3487
big_markets,2027.8,31.9415,50.6184,17.4401
big_markets,2027.9,32.4610,50.0188,17.5202
big_markets,2028.0,32.9822,49.4290,17.5888
big_markets,2028.1,33.5050,48.8491,17.6459
big_markets,2028.2,34.0292,48.2793,17.6915
big_markets,2028.3,34.5547,47.7199,17.7254
big_markets,2028.4,35.0812,47.1709,17.7478
big_markets,2028.5,35.6087,46.6325,17.7588
big_markets,2028.6,36.1370,46.1048,17.7583
big_markets,2028.7,36.6658,45.5877,17.7465
big_markets,2028.8,37.1952,45.0813,17.7235
big_markets,2028.9,37.7248,44.5856,17.6896
big_markets,2029.0,38.2545,44.1006,17.6449
big_markets,2029.1,38.7842,43.6261,17.5897
big_markets,2029.2,39.3137,43.1621,17.5243
big_markets,2029.3,39.8428,42.7084,17.4488
big_markets,2029.4,40.3714,42.2649,17.3638
big_markets,2029.5,40.8993,41.8314,17.2694
big_markets,2029.6,41.4263,41.4077,17.1660
big_markets,2029.7,41.9524,40.9936,17.0540
big_markets,2029.8,42.4773,40.5888,16.9339
big_markets,2029.9,43.0008,40.1932,16.8059
big_markets,2030.0,43.5229,39.8065,16.6706
big_markets,2030.1,44.0434,39.4282,16.5284
big_markets,2030.2,44.5620,39.0583,16.3796
big_markets,2030.3,45.0788,38.6964,16.2248
big_markets,2030.4,45.5935,38.3422,16.0644
big_markets,2030.5,46.1059,37.9953,15.8987
big_markets,2030.6,46.6161,37.6556,15.7284
big_markets,2030.7,47.1237,37.3226,15.5537
big_markets,2030.8,47.6287,36.9961,15.3752
big_markets,2030.9,48.1310,36.6758,15.1932
big_markets,2031.0,48.6304,36.3613,15.0083
big_markets,2031.1,49.1268,36.0525,14.8207
big_markets,2031.2,49.6201,35.7490,14.6309
big_markets,2031.3,50.1101,35.4506,14.4393
big_markets,2031.4,50.5969,35.1569,14.2462
big_markets,2031.5,51.0802,34.8679,14.0520
big_markets,2031.6,51.5599,34.5831,13.8570
big_markets,2031.7,52.0361,34.3024,13.6615
big_markets,2031.8,52.5085,34.0257,13.4659
big_markets,2031.9,52.9771,33.7526,13.2704
big_markets,2032.0,53.4418,33.4830,13.0752
big_markets,2032.1,53.9025,33.2168,12.8807
big_markets,2032.2,54.3592,32.9538,12.6870
big_markets,2032.3,54.8118,32.6939,12.4944
big_markets,2032.4,55.2602,32.4369,12.3030
big_markets,2032.5,55.7043,32.1827,12.1130
big_markets,2032.6,56.1442,31.9312,11.9245
big_markets,2032.7,56.5798,31.6824,11.7378
big_markets,2032.8,57.0110,31.4361,11.5529
big_markets,2032.9,57.4378,31.1923,11.3699
big_markets,2033.0,57.8602,30.9509,11.1890
big_markets,2033.1,58.2780,30.7118,11.0101
big_markets,2033.2,58.6914,30.4751,10.8335
big_markets,2033.3,59.1003,30.2407,10.6590
big_markets,2033.4,59.5046,30.0085,10.4869
big_markets,2033.5,59.9044,29.7786,10.3170
big_markets,2033.6,60.2996,29.5509,10.1496
big_markets,2033.7,60.6902,29.3253,9.9845
big_markets,2033.8,61.0763,29.1019,9.8218
big_markets,2033.9,61.4579,28.8806,9.6615
big_markets,2034.0,61.8349,28.6615,9.5036
big_markets,2034.1,62.2074,28.4445,9.3481
big_markets,2034.2,62.5753,28.2296,9.1951
big_markets,2034.3,62.9387,28.0168,9.0445
big_markets,2034.4,63.2977,27.8061,8.8962
big_markets,2034.5,63.6522,27.5974,8.7504
big_markets,2034.6,64.0023,27.3907,8.6070
big_markets,2034.7,64.3479,27.1860,8.4660
big_markets,2034.8,64.6892,26.9834,8.3274
big_markets,2034.9,65.0261,26.7827,8.1912
big_markets,2035.0,65.3587,26.5839,8.0573
big_markets,2035.1,65.6871,26.3870,7.9259
big_markets,2035.2,66.0112,26.1920,7.7967
big_markets,2035.3,66.3311,25.9989,7.6700
big_markets,2035.4,66.6469,25.8075,7.5456
big_markets,2035.5,66.9586,25.6179,7.4235
big_markets,2035.6,67.2662,25.4300,7.3038
big_markets,2035.7,67.5698,25.2438,7.1864
big_markets,2035.8,67.8695,25.0592,7.0714
big_markets,2035.9,68.1652,24.8762,6.9586
big_markets,2036.0,68.4570,24.6947,6.8482
big_markets,2036.1,68.7451,24.5148,6.7402
big_markets,2036.2,69.0294,24.3362,6.6344
big_markets,2036.3,69.3099,24.1592,6.5309
big_markets,2036.4,69.5869,23.9834,6.4297
big_markets,2036.5,69.8602,23.8090,6.3308
big_markets,2036.6,70.1299,23.6359,6.2342
big_markets,2036.7,70.3962,23.4640,6.1397
big_markets,2036.8,70.6591,23.2934,6.0476
big_markets,2036.9,70.9185,23.1239,5.9576
big_markets,2037.0,71.1747,22.9555,5.8699
big_markets,2037.1,71.4275,22.7882,5.7842
big_markets,2037.2,71.6772,22.6220,5.7008
big_markets,2037.3,71.9237,22.4568,5.6194
big_markets,2037.4,72.1672,22.2927,5.5402
big_markets,2037.5,72.4076,22.1295,5.4629
big_markets,2037.6,72.6450,21.9673,5.3877
big_markets,2037.7,72.8796,21.8060,5.3145
big_markets,2037.8,73.1112,21.6456,5.2431
big_markets,2037.9,73.3401,21.4862,5.1737
big_markets,2038.0,73.5663,21.3276,5.1061
big_markets,2038.1,73.7898,21.1699,5.0403
big_markets,2038.2,74.0106,21.0131,4.9763
big_markets,2038.3,74.2290,20.8571,4.9140
big_markets,2038.4,74.4448,20.7020,4.8533
big_markets,2038.5,74.6582,20.5477,4.7942
big_markets,2038.6,74.8692,20.3942,4.7366
big_markets,2038.7,75.0779,20.2416,4.6805
big_markets,2038.8,75.2843,20.0898,4.6259
big_markets,2038.9,75.4885,19.9388,4.5727
big_markets,2039.0,75.6906,19.7886,4.5207
big_markets,2039.1,75.8906,19.6393,4.4701
big_markets,2039.2,76.0886,19.4908,4.4206
big_markets,2039.3,76.2846,19.3431,4.3724
big_markets,2039.4,76.4786,19.1962,4.3252
big_markets,2039.5,76.6708,19.0501,4.2791
big_markets,2039.6,76.8612,18.9048,4.2340
big_markets,2039.7,77.0498,18.7604,4.1899
big_markets,2039.8,77.2366,18.6167,4.1466
big_markets,2039.9,77.4218,18.4739,4.1042
big_markets,2040.0,77.6054,18.3320,4.0627
big_markets,2040.1,77.7874,18.1908,4.0218
big_markets,2040.2,77.9678,18.0504,3.9817
big_markets,2040.3,78.1468,17.9109,3.9423
big_markets,2040.4,78.3242,17.7722,3.9035
big_markets,2040.5,78.5003,17.6344,3.8653
big_markets,2040.6,78.6750,17.4973,3.8277
big_markets,2040.7,78.8483,17.3611,3.7906
big_markets,2040.8,79.0203,17.2258,3.7539
big_markets,2040.9,79.1910,17.0912,3.7178
big_markets,2041.0,79.3605,16.9575,3.6820
big_markets,2041.1,79.5288,16.8246,3.6466
big_markets,2041.2,79.6958,16.6925,3.6116
big_markets,2041.3,79.8617,16.5613,3.5770
big_markets,2041.4,80.0264,16.4309,3.5427
big_markets,2041.5,80.1900,16.3014,3.5086
big_markets,2041.6,80.3525,16.1727,3.4749
big_markets,2041.7,80.5138,16.0448,3.4414
big_markets,2041.8,80.6741,15.9177,3.4082
big_markets,2041.9,80.8334,15.7915,3.3751
big_markets,2042.0,80.9915,15.6661,3.3423
big_markets,2042.1,81.1487,15.5416,3.3098
big_markets,2042.2,81.3048,15.4178,3.2774
big_markets,2042.3,81.4599,15.2949,3.2452
big_markets,2042.4,81.6140,15.1729,3.2131
big_markets,2042.5,81.7671,15.0517,3.1813
big_markets,2042.6,81.9192,14.9313,3.1496
big_markets,2042.7,82.0702,14.8117,3.1181
big_markets,2042.8,82.2204,14.6930,3.0867
big_markets,2042.9,82.3695,14.5751,3.0555
big_markets,2043.0,82.5176,14.4580,3.0244
big_markets,2043.1,82.6648,14.3417,2.9935
big_markets,2043.2,82.8109,14.2263,2.9628
big_markets,2043.3,82.9561,14.1117,2.9322
big_markets,2043.4,83.1003,13.9979,2.9017
big_markets,2043.5,83.2436,13.8850,2.8714
big_markets,2043.6,83.3858,13.7728,2.8413
big_markets,2043.7,83.5271,13.6615,2.8113
big_markets,2043.8,83.6674,13.5510,2.7815
big_markets,2043.9,83.8067,13.4414,2.7519
big_markets,2044.0,83.9451,13.3325,2.7224
big_markets,2044.1,84.0824,13.2245,2.6931
big_markets,2044.2,84.2187,13.1172,2.6640
big_markets,2044.3,84.3541,13.0108,2.6351
big_markets,2044.4,84.4885,12.9052,2.6063
big_markets,2044.5,84.6218,12.8004,2.5777
big_markets,2044.6,84.7542,12.6964,2.5523
big_markets,2044.7,84.8856,12.5933,2.5315
big_markets,2044.8,85.0160,12.4909,2.5109
big_markets,2044.9,85.1453,12.3893,2.4904
big_markets,2045.0,85.2737,12.2885,2.4700
big_markets,2045.1,85.4010,12.1886,2.4497
big_markets,2045.2,85.5274,12.0894,2.4296
big_markets,2045.3,85.6527,11.9910,2.4096
big_markets,2045.4,85.7770,11.8934,2.3898
big_markets,2045.5,85.9003,11.7966,2.3701
big_markets,2045.6,86.0226,11.7006,2.3506
big_markets,2045.7,86.1439,11.6054,2.3312
big_markets,2045.8,86.2641,11.5110,2.3119
big_markets,2045.9,86.3833,11.4173,2.2928
big_markets,2046.0,86.5016,11.3244,2.2739
big_markets,2046.1,86.6187,11.2323,2.2551
big_markets,2046.2,86.7349,11.1410,2.2365
big_markets,2046.3,86.8501,11.0505,2.2180
big_markets,2046.4,86.9642,10.9607,2.1997
big_markets,2046.5,87.0773,10.8717,2.1815
big_markets,2046.6,87.1894,10.7835,2.1635
big_markets,2046.7,87.3004,10.6961,2.1457
big_markets,2046.8,87.4105,10.6094,2.1280
big_markets,2046.9,87.5195,10.5234,2.1105
big_markets,2047.0,87.6275,10.4383,2.0931
big_markets,2047.1,87.7345,10.3538,2.0759
big_markets,2047.2,87.8404,10.2702,2.0589
big_markets,2047.3,87.9454,10.1873,2.0420
big_markets,2047.4,88.0493,10.1051,2.0253
big_markets,2047.5,88.1522,10.0237,2.0088
big_markets,2047.6,88.2541,9.9430,1.9924
big_markets,2047.7,88.3550,9.8631,1.9762
big_markets,2047.8,88.4549,9.7839,1.9602
big_markets,2047.9,88.5538,9.7055,1.9443
big_markets,2048.0,88.6517,9.6278,1.9286
big_markets,2048.1,88.7486,9.5508,1.9131
big_markets,2048.2,88.8445,9.4745,1.8977
big_markets,2048.3,88.9394,9.3990,1.8825
big_markets,2048.4,89.0332,9.3242,1.8674
big_markets,2048.5,89.1261,9.2501,1.8525
big_markets,2048.6,89.2181,9.1768,1.8378
big_markets,2048.7,89.3090,9.1041,1.8233
big_markets,2048.8,89.3989,9.0322,1.8089
big_markets,2048.9,89.4879,8.9610,1.7946
big_markets,2049.0,89.5759,8.8905,1.7805
big_markets,2049.1,89.6630,8.8207,1.7666
big_markets,2049.2,89.7490,8.7516,1.7529
big_markets,2049.3,89.8341,8.6832,1.7393
big_markets,2049.4,89.9183,8.6154,1.7258
big_markets,2049.5,90.0015,8.5484,1.7126
big_markets,2049.6,90.0837,8.4821,1.6994
big_markets,2049.7,90.1650,8.4165,1.6865
big_markets,2049.8,90.2454,8.3515,1.6736
big_markets,2049.9,90.3248,8.2872,1.6610
big_markets,2050.0,90.4033,8.2236,1.6485
