group,year,bev_share,ice_share,phev_share
world,2015.0,0.3466,99.5963,0.1310
world,2015.1,0.3704,99.5683,0.1383
world,2015.2,0.3954,99.5386,0.1459
world,2015.3,0.4218,99.5073,0.1538
world,2015.4,0.4495,99.4741,0.1620
world,2015.5,0.4786,99.4392,0.1706
world,2015.6,0.5091,99.4023,0.1795
world,2015.7,0.5411,99.3635,0.1887
world,2015.8,0.5746,99.3226,0.1983
world,2015.9,0.6097,99.2797,0.2082
world,2016.0,0.6464,99.2345,0.2184
world,2016.1,0.6849,99.1176,0.2984
world,2016.2,0.7252,99.0701,0.3068
world,2016.3,0.7673,99.0189,0.3168
world,2016.4,0.8114,98.9646,0.3276
world,2016.5,0.8574,98.9073,0.3390
world,2016.6,0.9054,98.8471,0.3510
world,2016.7,0.9554,98.7839,0.3635
world,2016.8,1.0075,98.7177,0.3764
world,2016.9,1.0617,98.6484,0.3897
world,2017.0,1.1181,98.5759,0.4034
world,2017.1,1.1768,98.4993,0.4182
world,2017.2,1.2378,98.4195,0.4334
world,2017.3,1.3011,98.3360,0.4491
world,2017.4,1.3668,98.2489,0.4653
world,2017.5,1.4349,98.1581,0.4820
world,2017.6,1.5055,98.0634,0.4991
world,2017.7,1.5786,97.9648,0.5168
world,2017.8,1.6543,97.8621,0.5349
world,2017.9,1.7326,97.7553,0.5535
world,2018.0,1.8136,97.6442,0.5726
world,2018.1,1.8985,97.5284,0.5922
world,2018.2,1.9852,97.4083,0.6122
world,2018.3,2.0747,97.2836,0.6430
world,2018.4,2.1670,97.1543,0.6800
world,2018.5,2.2623,97.0201,0.7188
world,2018.6,2.3605,96.8810,0.7597
world,2018.7,2.4618,96.7368,0.8025
world,2018.8,2.5662,96.5875,0.8473
world,2018.9,2.6738,96.4329,0.8943
world,2019.0,2.7846,96.2728,0.9435
world,2019.1,2.8986,96.1073,0.9950
world,2019.2,3.0159,95.9361,1.0488
world,2019.3,3.1366,95.7591,1.1050
world,2019.4,3.2608,95.5762,1.1637
world,2019.5,3.3884,95.3873,1.2249
world,2019.6,3.5196,95.1922,1.2888
world,2019.7,3.6543,94.9909,1.3554
world,2019.8,3.7927,94.7832,1.4247
world,2019.9,3.9347,94.5689,1.4969
world,2020.0,4.0805,94.3480,1.5720
world,2020.1,4.2301,94.1204,1.6500
world,2020.2,4.3835,93.8859,1.7310
world,2020.3,4.5409,93.6443,1.8152
world,2020.4,4.7022,93.3957,1.9025
world,2020.5,4.8675,93.1398,1.9930
world,2020.6,5.0368,92.8766,2.0869
world,2020.7,5.2103,92.6060,2.1840
world,2020.8,5.3879,92.3278,2.2846
world,2020.9,5.5697,92.0419,2.3886
world,2021.0,5.7558,91.7483,2.4961
world,2021.1,5.9462,91.4468,2.6072
world,2021.2,6.1410,91.1373,2.7219
world,2021.3,6.3402,90.8198,2.8403
world,2021.4,6.5438,90.4942,2.9623
world,2021.5,6.7519,90.1604,3.0880
world,2021.6,6.9646,89.8183,3.2175
world,2021.7,7.1819,89.4678,3.3507
world,2021.8,7.4039,89.1089,3.4876
world,2021.9,7.6305,88.7416,3.6283
world,2022.0,7.8619,88.3657,3.7728
world,2022.1,8.0981,87.9813,3.9211
world,2022.2,8.3392,87.5884,4.0731
world,2022.3,8.5851,87.1867,4.2289
world,2022.4,8.8359,86.7765,4.3883
world,2022.5,9.0917,86.3576,4.5515
world,2022.6,9.3526,85.9301,4.7182
world,2022.7,9.6185,85.4939,4.8886
world,2022.8,9.8895,85.0491,5.0624
world,2022.9,10.1657,84.5958,5.2397
world,2023.0,10.4470,84.1338,5.4204
world,2023.1,10.7336,83.6634,5.6044
world,2023.2,11.0255,83.1845,5.7915
world,2023.3,11.3227,82.6973,5.9817
world,2023.4,11.6253,82.2017,6.1748
world,2023.5,11.9333,81.6979,6.3707
world,2023.6,12.2467,81.1861,6.5693
world,2023.7,12.5656,80.6662,6.7704
world,2023.8,12.8901,80.1384,6.9738
world,2023.9,13.2201,79.6029,7.1794
world,2024.0,13.5558,79.0598,7.3870
world,2024.1,13.8971,78.5092,7.5964
world,2024.2,14.2442,77.9513,7.8074
world,2024.3,14.5970,77.3863,8.0197
world,2024.4,14.9557,76.8144,8.2331
world,2024.5,15.3202,76.2358,8.4474
world,2024.6,15.6906,75.6505,8.6624
world,2024.7,16.0669,75.0590,8.8776
world,2024.8,16.4493,74.4614,9.0930
world,2024.9,16.8377,73.8578,9.3082
world,2025.0,17.2322,73.2487,9.5229
world,2025.1,17.6328,72.6341,9.7367
world,2025.2,18.0396,72.0144,9.9495
world,2025.3,18.4527,71.3898,10.1609
world,2025.4,18.8719,70.7607,10.3705
world,2025.5,19.2974,70.1272,10.5781
world,2025.6,19.7292,69.4898,10.7833
world,2025.7,20.1672,68.8486,10.9858
world,2025.8,20.6115,68.2042,11.1853
world,2025.9,21.0620,67.5569,11.3814
world,2026.0,21.5187,66.9069,11.5746
world,2026.1,21.9814,66.2549,11.7650
world,2026.2,22.4500,65.6012,11.9513
world,2026.3,22.9245,64.9462,12.1330
world,2026.4,23.4045,64.2907,12.3097
world,2026.5,23.8899,63.6351,12.4810
world,2026.6,24.3804,62.9800,12.6466
world,2026.7,24.8756,62.3262,12.8062
world,2026.8,25.3752,61.6744,12.9594
world,2026.9,25.8787,61.0253,13.1058
world,2027.0,26.3857,60.3797,13.2451
world,2027.1,26.8957,59.7385,13.3770
world,2027.2,27.4081,59.1025,13.5025
world,2027.3,27.9224,58.4724,13.6208
world,2027.4,28.4382,57.8492,13.7308
world,2027.5,28.9548,57.2334,13.8324
world,2027.6,29.4718,56.6259,13.9254
world,2027.7,29.9888,56.0271,14.0140
world,2027.8,30.5055,55.4375,14.0940
world,2027.9,31.0215,54.8573,14.1651
world,2028.0,31.5368,54.2868,14.2275
world,2028.1,32.0513,53.7260,14.2811
world,2028.2,32.5650,53.1749,14.3260
world,2028.3,33.0780,52.6333,14.3621
world,2028.4,33.5904,52.1010,14.3896
world,2028.5,34.1024,51.5778,14.4084
world,2028.6,34.6142,51.0635,14.4186
world,2028.7,35.1259,50.5578,14.4203
world,2028.8,35.6377,50.0607,14.4135
world,2028.9,36.1497,49.5720,14.3982
world,2029.0,36.6618,49.0915,14.3744
world,2029.1,37.1741,48.6193,14.3424
world,2029.2,37.6866,48.1551,14.3022
world,2029.3,38.1991,47.6990,14.2539
world,2029.4,38.7117,47.2509,14.1977
world,2029.5,39.2241,46.8107,14.1338
world,2029.6,39.7364,46.3782,14.0625
world,2029.7,40.2483,45.9533,13.9838
world,2029.8,40.7599,45.5360,13.8982
world,2029.9,41.2709,45.1259,13.8058
world,2030.0,41.7814,44.7231,13.7069
world,2030.1,42.2911,44.3272,13.6019
world,2030.2,42.8001,43.9381,13.4909
world,2030.3,43.3081,43.5557,13.3754
world,2030.4,43.8152,43.1796,13.2549
world,2030.5,44.3211,42.8097,13.1296
world,2030.6,44.8258,42.4457,13.0009
world,2030.7,45.3293,42.0875,12.8682
world,2030.8,45.8313,41.7348,12.7313
world,2030.9,46.3318,41.3874,12.5906
world,2031.0,46.8306,41.0451,12.4464
world,2031.1,47.3278,40.7077,12.2990
world,2031.2,47.8231,40.3750,12.1487
world,2031.3,48.3164,40.0467,11.9958
world,2031.4,48.8076,39.7227,11.8406
world,2031.5,49.2966,39.4028,11.6832
world,2031.6,49.7833,39.0869,11.5241
world,2031.7,50.2676,38.7747,11.3634
world,2031.8,50.7494,38.4661,11.2014
world,2031.9,51.2284,38.1609,11.0383
world,2032.0,51.7047,37.8591,10.8744
world,2032.1,52.1782,37.5604,10.7098
world,2032.2,52.6486,37.2648,10.5449
world,2032.3,53.1159,36.9722,10.3796
world,2032.4,53.5800,36.6824,10.2144
world,2032.5,54.0408,36.3954,10.0492
world,2032.6,54.4981,36.1110,9.8843
world,2032.7,54.9520,35.8293,9.7199
world,2032.8,55.4023,35.5501,9.5561
world,2032.9,55.8488,35.2733,9.3930
world,2033.0,56.2916,34.9990,9.2308
world,2033.1,56.7306,34.7271,9.0695
world,2033.2,57.1656,34.4574,8.9093
world,2033.3,57.5966,34.1901,8.7504
world,2033.4,58.0235,33.9250,8.5928
world,2033.5,58.4464,33.6621,8.4365
world,2033.6,58.8650,33.4013,8.2818
world,2033.7,59.2794,33.1428,8.1286
world,2033.8,59.6896,32.8863,7.9771
world,2033.9,60.0954,32.6319,7.8274
world,2034.0,60.4969,32.3797,7.6795
world,2034.1,60.8939,32.1294,7.5334
world,2034.2,61.2866,31.8812,7.3894
world,2034.3,61.6748,31.6349,7.2473
world,2034.4,62.0585,31.3906,7.1074
world,2034.5,62.4378,31.1483,6.9696
world,2034.6,62.8126,30.9078,6.8340
world,2034.7,63.1829,30.6693,6.7007
world,2034.8,63.5486,30.4326,6.5697
world,2034.9,63.9099,30.1977,6.4410
world,2035.0,64.2667,29.9646,6.3148
world,2035.1,64.6190,29.7332,6.1910
world,2035.2,64.9669,29.5036,6.0697
world,2035.3,65.3102,29.2757,5.9509
world,2035.4,65.6492,29.0495,5.8347
world,2035.5,65.9837,28.8249,5.7211
world,2035.6,66.3138,28.6019,5.6101
world,2035.7,66.6396,28.3805,5.5017
world,2035.8,66.9610,28.1607,5.3960
world,2035.9,67.2781,27.9424,5.2929
world,2036.0,67.5909,27.7256,5.1925
world,2036.1,67.8995,27.5104,5.0947
world,2036.2,68.2039,27.2966,4.9996
world,2036.3,68.5041,27.0842,4.9071
world,2036.4,68.8003,26.8733,4.8173
world,2036.5,69.0923,26.6638,4.7301
world,2036.6,69.3804,26.4557,4.6454
world,2036.7,69.6645,26.2491,4.5634
world,2036.8,69.9447,26.0438,4.4838
world,2036.9,70.2210,25.8400,4.4067
world,2037.0,70.4935,25.6375,4.3320
world,2037.1,70.7622,25.4364,4.2598
world,2037.2,71.0273,25.2368,4.1898
world,2037.3,71.2887,25.0385,4.1221
world,2037.4,71.5466,24.8416,4.0567
world,2037.5,71.8009,24.6462,3.9934
world,2037.6,72.0518,24.4521,3.9321
world,2037.7,72.2993,24.2595,3.8729
world,2037.8,72.5435,24.0684,3.8157
world,2037.9,72.7844,23.8786,3.7603
world,2038.0,73.0221,23.6904,3.7067
world,2038.1,73.2567,23.5036,3.6549
world,2038.2,73.4881,23.3183,3.6047
world,2038.3,73.7166,23.1345,3.5561
world,2038.4,73.9422,22.9522,3.5091
world,2038.5,74.1648,22.7714,3.4634
world,2038.6,74.3846,22.5921,3.4192
world,2038.7,74.6017,22.4144,3.3762
world,2038.8,74.8160,22.2383,3.3345
world,2038.9,75.0277,22.0637,3.2939
world,2039.0,75.2368,21.8906,3.2545
world,2039.1,75.4434,21.7192,3.2160
world,2039.2,75.6474,21.5493,3.1786
world,2039.3,75.8491,21.3810,3.1420
world,2039.4,76.0484,21.2143,3.1063
world,2039.5,76.2453,21.0492,3.0714
world,2039.6,76.4400,20.8858,3.0372
world,2039.7,76.6325,20.7239,3.0038
world,2039.8,76.8227,20.5636,2.9710
world,2039.9,77.0109,20.4049,2.9387
world,2040.0,77.1969,20.2479,2.9071
world,2040.1,77.3809,20.0924,2.8760
world,2040.2,77.5629,19.9385,2.8453
world,2040.3,77.7428,19.7863,2.8151
world,2040.4,77.9209,19.6356,2.7853
world,2040.5,78.0970,19.4865,2.7559
world,2040.6,78.2713,19.3389,2.7269
world,2040.7,78.4438,19.1930,2.6982
world,2040.8,78.6144,19.0486,2.6699
world,2040.9,78.7832,18.9057,2.6418
world,2041.0,78.9504,18.7644,2.6140
world,2041.1,79.1158,18.6246,2.5865
world,2041.2,79.2795,18.4862,2.5592
world,2041.3,79.4415,18.3494,2.5321
world,2041.4,79.6019,18.2141,2.5052
world,2041.5,79.7607,18.0802,2.4786
world,2041.6,79.9180,17.9478,2.4521
world,2041.7,80.0736,17.8167,2.4259
world,2041.8,80.2278,17.6871,2.3998
world,2041.9,80.3804,17.5589,2.3739
world,2042.0,80.5315,17.4321,2.3482
world,2042.1,80.6812,17.3066,2.3226
world,2042.2,80.8295,17.1824,2.2972
world,2042.3,80.9763,17.0595,2.2720
world,2042.4,81.1217,16.9379,2.2469
world,2042.5,81.2658,16.8176,2.2220
world,2042.6,81.4085,16.6985,2.1972
world,2042.7,81.5499,16.5807,2.1726
world,2042.8,81.6900,16.4640,2.1481
world,2042.9,81.8288,16.3485,2.1238
world,2043.0,81.9664,16.2342,2.0996
world,2043.1,82.1027,16.1210,2.0756
world,2043.2,82.2378,16.0089,2.0517
world,2043.3,82.3716,15.8979,2.0280
world,2043.4,82.5044,15.7879,2.0045
world,2043.5,82.6359,15.6790,1.9811
world,2043.6,82.7663,15.5712,1.9578
world,2043.7,82.8956,15.4643,1.9348
world,2043.8,83.0238,15.3584,1.9118
world,2043.9,83.1509,15.2534,1.8891
world,2044.0,83.2769,15.1494,1.8665
world,2044.1,83.4019,15.0463,1.8441
world,2044.2,83.5259,14.9441,1.8218
world,2044.3,83.6488,14.8427,1.7998
world,2044.4,83.7707,14.7423,1.7778
world,2044.5,83.8917,14.6426,1.7561
world,2044.6,84.0117,14.5438,1.7345
world,2044.7,84.1308,14.4458,1.7131
world,2044.8,84.2489,14.3485,1.6919
world,2044.9,84.3660,14.2521,1.6753
world,2045.0,84.4823,14.1564,1.6608
world,2045.1,84.5977,14.0614,1.6464
world,2045.2,84.7122,13.9671,1.6322
world,2045.3,84.8258,13.8736,1.6182
world,2045.4,84.9386,13.7807,1.6043
world,2045.5,85.0505,13.6886,1.5906
world,2045.6,85.1616,13.5971,1.5770
world,2045.7,85.2718,13.5062,1.5636
world,2045.8,85.3812,13.4160,1.5504
world,2045.9,85.4898,13.3265,1.5373
world,2046.0,85.5976,13.2375,1.5244
world,2046.1,85.7047,13.1492,1.5116
world,2046.2,85.8109,13.0615,1.4990
world,2046.3,85.9163,12.9744,1.4865
world,2046.4,86.0210,12.8879,1.4742
world,2046.5,86.1249,12.8019,1.4621
world,2046.6,86.2281,12.7165,1.4501
world,2046.7,86.3305,12.6317,1.4383
world,2046.8,86.4321,12.5475,1.4266
world,2046.9,86.5330,12.4638,1.4151
world,2047.0,86.6332,12.3806,1.4037
world,2047.1,86.7326,12.2980,1.3925
world,2047.2,86.8313,12.2160,1.3814
world,2047.3,86.9293,12.1344,1.3705
world,2047.4,87.0266,12.0534,1.3597
world,2047.5,87.1232,11.9729,1.3491
world,2047.6,87.2190,11.8929,1.3386
world,2047.7,87.3141,11.8135,1.3283
world,2047.8,87.4085,11.7345,1.3181
world,2047.9,87.5023,11.6561,1.3081
world,2048.0,87.5953,11.5781,1.2982
world,2048.1,87.6876,11.5007,1.2885
world,2048.2,87.7793,11.4237,1.2789
world,2048.3,87.8702,11.3473,1.2694
world,2048.4,87.9604,11.2713,1.2601
world,2048.5,88.0500,11.1959,1.2509
world,2048.6,88.1389,11.1209,1.2418
world,2048.7,88.2271,11.0464,1.2329
world,2048.8,88.3146,10.9724,1.2241
world,2048.9,88.4015,10.8989,1.2155
world,2049.0,88.4876,10.8258,1.2070
world,2049.1,88.5731,10.7533,1.1986
world,2049.2,88.6580,10.6812,1.1903
world,2049.3,88.7421,10.6096,1.1822
world,2049.4,88.8256,10.5384,1.1743
world,2049.5,88.9085,10.4678,1.1665
world,2049.6,88.9906,10.3976,1.1588
world,2049.7,89.0721,10.3278,1.1512
world,2049.8,89.1530,10.2586,1.1438
world,2049.9,89.2332,10.1898,1.1365
world,2050.0,89.3127,10.1215,1.1293
western_europe,2015.0,0.3648,99.2908,0.3444
western_europe,2015.1,0.3960,99.2324,0.3716
western_europe,2015.2,0.4292,99.1703,0.4004
western_europe,2015.3,0.4648,99.1044,0.4308
western_europe,2015.4,0.5025,99.0346,0.4628
western_europe,2015.5,0.5427,98.9609,0.4964
western_europe,2015.6,0.5853,98.8830,0.5317
western_europe,2015.7,0.6303,98.8011,0.5686
western_europe,2015.8,0.6779,98.7149,0.6072
western_europe,2015.9,0.7281,98.6244,0.6474
western_europe,2016.0,0.7810,98.5297,0.6894
western_europe,2016.1,0.8366,98.4305,0.7330
western_europe,2016.2,0.8949,98.3268,0.7783
western_europe,2016.3,0.9561,98.2186,0.8253
western_europe,2016.4,1.0202,98.1058,0.8741
western_europe,2016.5,1.0872,97.9883,0.9245
western_europe,2016.6,1.1572,97.8661,0.9767
western_europe,2016.7,1.2302,97.7392,1.0306
western_europe,2016.8,1.3063,97.6074,1.0863
western_europe,2016.9,1.3856,97.4708,1.1436
western_europe,2017.0,1.4680,97.3293,1.2027
western_europe,2017.1,1.5537,97.1818,1.2646
western_europe,2017.2,1.6426,97.0276,1.3297
western_europe,2017.3,1.7351,96.8671,1.3979
western_europe,2017.4,1.8309,96.7001,1.4689
western_europe,2017.5,1.9304,96.5269,1.5428
western_europe,2017.6,2.0334,96.3473,1.6193
western_europe,2017.7,2.1402,96.1613,1.6985
western_europe,2017.8,2.2507,95.9691,1.7802
western_europe,2017.9,2.3650,95.7705,1.8645
western_europe,2018.0,2.4832,95.5657,1.9511
western_europe,2018.1,2.6053,95.3545,2.0402
western_europe,2018.2,2.7314,95.1370,2.1316
western_europe,2018.3,2.8616,94.9132,2.2252
western_europe,2018.4,2.9959,94.6830,2.3211
western_europe,2018.5,3.1343,94.4466,2.4191
western_europe,2018.6,3.2769,94.2039,2.5192
western_europe,2018.7,3.4238,93.9548,2.6214
western_europe,2018.8,3.5750,93.6995,2.7256
western_europe,2018.9,3.7305,93.4378,2.8317
western_europe,2019.0,3.8904,93.1699,2.9396
western_europe,2019.1,4.0548,92.8957,3.0495
western_europe,2019.2,4.2237,92.6153,3.1610
western_europe,2019.3,4.3970,92.3287,3.2743
western_europe,2019.4,4.5749,92.0358,3.3893
western_europe,2019.5,4.7575,91.7367,3.5058
western_europe,2019.6,4.9446,91.4314,3.6239
western_europe,2019.7,5.1364,91.1200,3.7435
western_europe,2019.8,5.3330,90.8025,3.8645
western_europe,2019.9,5.5342,90.4789,3.9869
western_europe,2020.0,5.7402,90.1492,4.1106
western_europe,2020.1,5.9510,89.8134,4.2356
western_europe,2020.2,6.1666,89.4717,4.3617
western_europe,2020.3,6.3870,89.1239,4.4890
western_europe,2020.4,6.6123,88.7703,4.6174
western_europe,2020.5,6.8425,88.4107,4.7468
western_europe,2020.6,7.0776,88.0453,4.8771
western_europe,2020.7,7.3176,87.6741,5.0083
western_europe,2020.8,7.5625,87.2972,5.1404
western_europe,2020.9,7.8123,86.9145,5.2732
western_europe,2021.0,8.0671,86.5261,5.4068
western_europe,2021.1,8.3269,86.1321,5.5410
western_europe,2021.2,8.5916,85.7326,5.6757
western_europe,2021.3,8.8614,85.3276,5.8111
western_europe,2021.4,9.1360,84.9171,5.9468
western_europe,2021.5,9.4157,84.5013,6.0830
western_europe,2021.6,9.7004,84.0801,6.2195
western_europe,2021.7,9.9900,83.6536,6.3564
western_europe,2021.8,10.2846,83.2220,6.4934
western_europe,2021.9,10.5842,82.7852,6.6306
western_europe,2022.0,10.8887,82.3434,6.7679
western_europe,2022.1,11.1982,81.8966,6.9052
western_europe,2022.2,11.5126,81.4449,7.0425
western_europe,2022.3,11.8320,80.9883,7.1797
western_europe,2022.4,12.1562,80.5270,7.3168
western_europe,2022.5,12.4854,80.0609,7.4537
western_europe,2022.6,12.8194,79.5903,7.5903
western_europe,2022.7,13.1582,79.1152,7.7266
western_europe,2022.8,13.5019,78.6356,7.8625
western_europe,2022.9,13.8504,78.1516,7.9980
western_europe,2023.0,14.2036,77.6634,8.1330
western_europe,2023.1,14.5616,77.1710,8.2674
western_europe,2023.2,14.9243,76.6745,8.4012
western_europe,2023.3,15.2916,76.1741,8.5344
western_europe,2023.4,15.6636,75.6697,8.6668
western_europe,2023.5,16.0401,75.1615,8.7984
western_europe,2023.6,16.4212,74.6495,8.9293
western_europe,2023.7,16.8068,74.1340,9.0592
western_europe,2023.8,17.1969,73.6149,9.1882
western_europe,2023.9,17.5914,73.0924,9.3162
western_europe,2024.0,17.9902,72.5666,9.4432
western_europe,2024.1,18.3934,72.0375,9.5691
western_europe,2024.2,18.8008,71.5053,9.6938
western_europe,2024.3,19.2125,70.9701,9.8174
western_europe,2024.4,19.6283,70.4320,9.9397
western_europe,2024.5,20.0482,69.8911,10.0608
western_europe,2024.6,20.4721,69.3475,10.1805
western_europe,2024.7,20.9000,68.8012,10.2988
western_europe,2024.8,21.3318,68.2525,10.4157
western_europe,2024.9,21.7674,67.7014,10.5311
western_europe,2025.0,22.2068,67.1481,10.6451
western_europe,2025.1,22.6500,66.5925,10.7575
western_europe,2025.2,23.0968,66.0350,10.8683
western_europe,2025.3,23.5471,65.4755,10.9774
western_europe,2025.4,24.0009,64.9141,11.0849
western_europe,2025.5,24.4582,64.3511,11.1907
western_europe,2025.6,24.9188,63.7864,11.2948
western_europe,2025.7,25.3827,63.2203,11.3971
western_europe,2025.8,25.8497,62.6527,11.4975
western_europe,2025.9,26.3199,62.0840,11.5961
western_europe,2026.0,26.7931,61.5140,11.6929
western_europe,2026.1,27.2693,60.9430,11.7877
western_europe,2026.2,27.7483,60.3711,11.8806
western_europe,2026.3,28.2301,59.7984,11.9715
western_europe,2026.4,28.7145,59.2250,12.0604
western_europe,2026.5,29.2016,58.6510,12.1473
western_europe,2026.6,29.6913,58.0765,12.2322
western_europe,2026.7,30.1833,57.5017,12.3150
western_europe,2026.8,30.6777,56.9266,12.3956
western_europe,2026.9,31.1744,56.3514,12.4742
western_europe,2027.0,31.6732,55.7762,12.5506
western_europe,2027.1,32.1741,55.2010,12.6248
western_europe,2027.2,32.6770,54.6261,12.6969
western_europe,2027.3,33.1818,54.0514,12.7667
western_europe,2027.4,33.6884,53.4772,12.8344
western_europe,2027.5,34.1967,52.9035,12.8998
western_europe,2027.6,34.7067,52.3304,12.9629
western_europe,2027.7,35.2181,51.7581,13.0238
western_europe,2027.8,35.7310,51.1866,13.0824
western_europe,2027.9,36.2453,50.6160,13.1387
western_europe,2028.0,36.7607,50.0465,13.1927
western_europe,2028.1,37.2774,49.4782,13.2444
western_europe,2028.2,37.7951,48.9111,13.2938
western_europe,2028.3,38.3138,48.3454,13.3408
western_europe,2028.4,38.8333,47.7812,13.3855
western_europe,2028.5,39.3537,47.2185,13.4279
western_europe,2028.6,39.8747,46.6575,13.4679
western_europe,2028.7,40.3963,46.0982,13.5055
western_europe,2028.8,40.9185,45.5407,13.5408
western_europe,2028.9,41.4410,44.9853,13.5737
western_europe,2029.0,41.9639,44.4318,13.6043
western_europe,2029.1,42.4871,43.8805,13.6325
western_europe,2029.2,43.0104,43.3313,13.6583
western_europe,2029.3,43.5337,42.7845,13.6818
western_europe,2029.4,44.0570,42.2401,13.7029
western_europe,2029.5,44.5802,41.6981,13.7216
western_europe,2029.6,45.1032,41.1587,13.7380
western_europe,2029.7,45.6260,40.6220,13.7521
western_europe,2029.8,46.1483,40.0879,13.7638
western_europe,2029.9,46.6702,39.5566,13.7731
western_europe,2030.0,47.1916,39.0282,13.7802
western_europe,2030.1,47.7123,38.5028,13.7849
western_europe,2030.2,48.2324,37.9804,13.7872
western_europe,2030.3,48.7516,37.4610,13.7873
western_europe,2030.4,49.2701,36.9448,13.7851
western_europe,2030.5,49.7875,36.4319,13.7823
western_europe,2030.6,50.3040,35.9222,13.7867
western_europe,2030.7,50.8193,35.4159,13.7885
western_europe,2030.8,51.3335,34.9130,13.7877
western_europe,2030.9,51.8465,34.4135,13.7844
western_europe,2031.0,52.3581,33.9176,13.7785
western_europe,2031.1,52.8684,33.4253,13.7701
western_europe,2031.2,53.3772,32.9367,13.7592
western_europe,2031.3,53.8845,32.4517,13.7458
western_europe,2031.4,54.3902,31.9705,13.7299
western_europe,2031.5,54.8942,31.4930,13.7114
western_europe,2031.6,55.3966,31.0194,13.6906
western_europe,2031.7,55.8971,30.5497,13.6673
western_europe,2031.8,56.3958,30.0839,13.6415
western_europe,2031.9,56.8926,29.6221,13.6134
western_europe,2032.0,57.3874,29.1643,13.5829
western_europe,2032.1,57.8802,28.7106,13.5501
western_europe,2032.2,58.3709,28.2609,13.5149
western_europe,2032.3,58.8594,27.8153,13.4774
western_europe,2032.4,59.3458,27.3739,13.4376
western_europe,2032.5,59.8299,26.9366,13.3956
western_europe,2032.6,60.3117,26.5036,13.3514
western_europe,2032.7,60.7912,26.0747,13.3050
western_europe,2032.8,61.2682,25.6502,13.2565
western_europe,2032.9,61.7429,25.2299,13.2058
western_europe,2033.0,62.2150,24.8138,13.1530
western_europe,2033.1,62.6845,24.4021,13.0982
western_europe,2033.2,63.1515,23.9948,13.0413
western_europe,2033.3,63.6159,23.5917,12.9825
western_europe,2033.4,64.0775,23.1930,12.9217
western_europe,2033.5,64.5365,22.7987,12.8589
western_europe,2033.6,64.9927,22.4088,12.7943
western_europe,2033.7,65.4461,22.0232,12.7279
western_europe,2033.8,65.8967,21.6420,12.6597
western_europe,2033.9,66.3444,21.2653,12.5896
western_europe,2034.0,66.7892,20.8929,12.5179
western_europe,2034.1,67.2310,20.5249,12.4445
western_europe,2034.2,67.6699,20.1613,12.3694
western_europe,2034.3,68.1058,19.8022,12.2927
western_europe,2034.4,68.5387,19.4474,12.2145
western_europe,2034.5,68.9685,19.0970,12.1347
western_europe,2034.6,69.3952,18.7510,12.0535
western_europe,2034.7,69.8188,18.4094,11.9708
western_europe,2034.8,70.2393,18.0721,11.8867
western_europe,2034.9,70.6566,17.7393,11.8013
western_europe,2035.0,71.0706,17.4107,11.7145
western_europe,2035.1,71.4815,17.0865,11.6265
western_europe,2035.2,71.8892,16.7667,11.5372
western_europe,2035.3,72.2935,16.4511,11.4468
western_europe,2035.4,72.6946,16.1398,11.3552
western_europe,2035.5,73.0924,15.8329,11.2626
western_europe,2035.6,73.4869,15.5301,11.1689
western_europe,2035.7,73.8781,15.2317,11.0741
western_europe,2035.8,74.2658,14.9374,10.9785
western_europe,2035.9,74.6503,14.6473,10.8819
western_europe,2036.0,75.0313,14.3615,10.7844
western_europe,2036.1,75.4090,14.0797,10.6860
western_europe,2036.2,75.7832,13.8021,10.5869
western_europe,2036.3,76.1541,13.5286,10.4871
western_europe,2036.4,76.5215,13.2592,10.3865
western_europe,2036.5,76.8854,12.9939,10.2852
western_europe,2036.6,77.2459,12.7325,10.1834
western_europe,2036.7,77.6030,12.4752,10.0809
western_europe,2036.8,77.9566,12.2219,9.9779
western_europe,2036.9,78.3067,11.9725,9.8745
western_europe,2037.0,78.6533,11.7270,9.7705
western_europe,2037.1,78.9964,11.4853,9.6662
western_europe,2037.2,79.3361,11.2476,9.5614
western_europe,2037.3,79.6723,11.0136,9.4564
western_europe,2037.4,80.0049,10.7834,9.3510
western_europe,2037.5,80.3341,10.5570,9.2454
western_europe,2037.6,80.6598,10.3343,9.1395
western_europe,2037.7,80.9820,10.1153,9.0335
western_europe,2037.8,81.3006,9.9000,8.9273
western_europe,2037.9,81.6158,9.6883,8.8210
western_europe,2038.0,81.9275,9.4801,8.7147
western_europe,2038.1,82.2357,9.2755,8.6083
western_europe,2038.2,82.5404,9.0744,8.5019
western_europe,2038.3,82.8416,8.8768,8.3955
western_europe,2038.4,83.1393,8.6826,8.2892
western_europe,2038.5,83.4336,8.4918,8.1830
western_europe,2038.6,83.7243,8.3044,8.0770
western_europe,2038.7,84.0116,8.1203,7.9711
western_europe,2038.8,84.2955,7.9396,7.8655
western_europe,2038.9,84.5759,7.7620,7.7600
western_europe,2039.0,84.8528,7.5877,7.6549
western_europe,2039.1,85.1263,7.4166,7.5500
western_europe,2039.2,85.3964,7.2486,7.4454
western_europe,2039.3,85.6631,7.0837,7.3412
western_europe,2039.4,85.9264,6.9219,7.2373
western_europe,2039.5,86.1862,6.7631,7.1339
western_europe,2039.6,86.4427,6.6073,7.0309
western_europe,2039.7,86.6959,6.4545,6.9283
western_europe,2039.8,86.9456,6.3045,6.8262
western_europe,2039.9,87.1921,6.1575,6.7246
western_europe,2040.0,87.4352,6.0132,6.6236
western_europe,2040.1,87.6750,5.8718,6.5231
western_europe,2040.2,87.9115,5.7332,6.4232
western_europe,2040.3,88.1447,5.5972,6.3239
western_europe,2040.4,88.3747,5.4640,6.2252
western_europe,2040.5,88.6014,5.3334,6.1271
western_europe,2040.6,88.8249,5.2054,6.0297
western_europe,2040.7,89.0452,5.0800,5.9330
western_europe,2040.8,89.2623,4.9572,5.8369
western_europe,2040.9,89.4762,4.8368,5.7416
western_europe,2041.0,89.6869,4.7189,5.6471
western_europe,2041.1,89.8946,4.6034,5.5532
western_europe,2041.2,90.0991,4.4903,5.4602
western_europe,2041.3,90.3005,4.3796,5.3679
western_europe,2041.4,90.4989,4.2711,5.2764
western_europe,2041.5,90.6942,4.1650,5.1857
western_europe,2041.6,90.8865,4.0611,5.0958
western_europe,2041.7,91.0758,3.9594,5.0068
western_europe,2041.8,91.2621,3.8599,4.9186
western_europe,2041.9,91.4454,3.7625,4.8313
western_europe,2042.0,91.6259,3.6672,4.7448
western_europe,2042.1,91.8034,3.5740,4.6593
western_europe,2042.2,91.9780,3.4828,4.5746
western_europe,2042.3,92.1498,3.3937,4.4908
western_europe,2042.4,92.3187,3.3064,4.4079
western_europe,2042.5,92.4848,3.2212,4.3259
western_europe,2042.6,92.6482,3.1378,4.2448
western_europe,2042.7,92.8087,3.0563,4.1647
western_europe,2042.8,92.9666,2.9766,4.0855
western_europe,2042.9,93.1217,2.8987,4.0072
western_europe,2043.0,93.2742,2.8226,3.9299
western_europe,2043.1,93.4240,2.7482,3.8535
western_europe,2043.2,93.5712,2.6755,3.7781
western_europe,2043.3,93.7158,2.6045,3.7036
western_europe,2043.4,93.8578,2.5352,3.6300
western_europe,2043.5,93.9973,2.4674,3.5575
western_europe,2043.6,94.1343,2.4013,3.4859
western_europe,2043.7,94.2688,2.3367,3.4152
western_europe,2043.8,94.4008,2.2736,3.3455
western_europe,2043.9,94.5304,2.2120,3.2768
western_europe,2044.0,94.6576,2.1519,3.2090
western_europe,2044.1,94.7824,2.0932,3.1422
western_europe,2044.2,94.9049,2.0359,3.0763
western_europe,2044.3,95.0250,1.9800,3.0115
western_europe,2044.4,95.1429,1.9255,2.9475
western_europe,2044.5,95.2585,1.8723,2.8845
western_europe,2044.6,95.3719,1.8203,2.8225
western_europe,2044.7,95.4830,1.7697,2.7614
western_europe,2044.8,95.5920,1.7203,2.7013
western_europe,2044.9,95.6989,1.6721,2.6421
western_europe,2045.0,95.8036,1.6252,2.5838
western_europe,2045.1,95.9063,1.5794,2.5265
western_europe,2045.2,96.0068,1.5347,2.4701
western_europe,2045.3,96.1054,1.4912,2.4146
western_europe,2045.4,96.2019,1.4487,2.3601
western_europe,2045.5,96.2965,1.4074,2.3065
western_europe,2045.6,96.3891,1.3671,2.2537
western_europe,2045.7,96.4799,1.3278,2.2019
western_europe,2045.8,96.5687,1.2896,2.1510
western_europe,2045.9,96.6556,1.2523,2.1009
western_europe,2046.0,96.7408,1.2160,2.0518
western_europe,2046.1,96.8241,1.1806,2.0035
western_europe,2046.2,96.9056,1.1462,1.9561
western_europe,2046.3,96.9854,1.1126,1.9095
western_europe,2046.4,97.0635,1.0800,1.8638
western_europe,2046.5,97.1398,1.0482,1.8189
western_europe,2046.6,97.2145,1.0172,1.7749
western_europe,2046.7,97.2876,0.9871,1.7317
western_europe,2046.8,97.3590,0.9578,1.6893
western_europe,2046.9,97.4289,0.9292,1.6478
western_europe,2047.0,97.4972,0.9015,1.6070
western_europe,2047.1,97.5640,0.8744,1.5670
western_europe,2047.2,97.6292,0.8482,1.5278
western_europe,2047.3,97.6930,0.8226,1.4894
western_europe,2047.4,97.7553,0.7977,1.4518
western_europe,2047.5,97.8161,0.7735,1.4149
western_europe,2047.6,97.8756,0.7500,1.3788
western_europe,2047.7,97.9337,0.7271,1.3434
western_europe,2047.8,97.9904,0.7049,1.3088
western_europe,2047.9,98.0458,0.6832,1.2748
western_europe,2048.0,98.0999,0.6622,1.2416
western_europe,2048.1,98.1527,0.6418,1.2091
western_europe,2048.2,98.2042,0.6219,1.1773
western_europe,2048.3,98.2545,0.6026,1.1461
western_europe,2048.4,98.3036,0.5839,1.1157
western_europe,2048.5,98.3515,0.5657,1.0859
western_europe,2048.6,98.3982,0.5480,1.0567
western_europe,2048.7,98.4438,0.5308,1.0282
western_europe,2048.8,98.4882,0.5141,1.0003
western_europe,2048.9,98.5316,0.4979,0.9731
western_europe,2049.0,98.5738,0.4821,0.9464
western_europe,2049.1,98.6151,0.4668,0.9204
western_europe,2049.2,98.6552,0.4520,0.8950
western_europe,2049.3,98.6944,0.4376,0.8702
western_europe,2049.4,98.7326,0.4236,0.8459
western_europe,2049.5,98.7698,0.4100,0.8222
western_europe,2049.6,98.8060,0.3968,0.7990
western_europe,2049.7,98.8413,0.3840,0.7765
western_europe,2049.8,98.8757,0.3716,0.7544
western_europe,2049.9,98.9092,0.3596,0.7329
western_europe,2050.0,98.9418,0.3479,0.7119
northern_europe,2015.0,2.6218,94.9350,2.4432
northern_europe,2015.1,2.7463,94.7080,2.5457
northern_europe,2015.2,2.8754,94.4729,2.6517
northern_europe,2015.3,3.0092,94.2295,2.7613
northern_europe,2015.4,3.1479,93.9777,2.8744
northern_europe,2015.5,3.2915,93.7172,2.9912
northern_europe,2015.6,3.4403,93.4479,3.1118
northern_europe,2015.7,3.5942,93.1696,3.2362
northern_europe,2015.8,3.7535,92.8821,3.3645
northern_europe,2015.9,3.9182,92.5851,3.4967
northern_europe,2016.0,4.0886,92.2786,3.6328
northern_europe,2016.1,4.2647,91.9623,3.7730
northern_europe,2016.2,4.4466,91.6361,3.9172
northern_europe,2016.3,4.6346,91.2999,4.0655
northern_europe,2016.4,4.8287,90.9533,4.2180
northern_europe,2016.5,5.0291,90.5964,4.3745
northern_europe,2016.6,5.2359,90.2289,4.5352
northern_europe,2016.7,5.4492,89.8507,4.7001
northern_europe,2016.8,5.6693,89.4616,4.8691
northern_europe,2016.9,5.8962,89.0615,5.0423
northern_europe,2017.0,6.1301,88.6504,5.2196
northern_europe,2017.1,6.3824,88.1684,5.4493
northern_europe,2017.2,6.6428,87.6919,5.6654
northern_europe,2017.3,6.9108,87.2091,5.8801
northern_europe,2017.4,7.1865,86.7179,6.0955
northern_europe,2017.5,7.4701,86.2174,6.3125
northern_europe,2017.6,7.7615,85.7070,6.5315
northern_europe,2017.7,8.0610,85.1862,6.7527
northern_europe,2017.8,8.3687,84.6549,6.9764
northern_europe,2017.9,8.6847,84.1128,7.2025
northern_europe,2018.0,9.0091,83.5597,7.4312
northern_europe,2018.1,9.3421,82.9955,7.6624
northern_europe,2018.2,9.6838,82.4201,7.8960
northern_europe,2018.3,10.0345,81.8335,8.1320
northern_europe,2018.4,10.3942,81.2355,8.3703
northern_europe,2018.5,10.7630,80.6262,8.6108
northern_europe,2018.6,11.1412,80.0054,8.8534
northern_europe,2018.7,11.5288,79.3733,9.0979
northern_europe,2018.8,11.9261,78.7298,9.3441
northern_europe,2018.9,12.3332,78.0750,9.5919
northern_europe,2019.0,12.7501,77.4088,9.8410
northern_europe,2019.1,13.1772,76.7314,10.0914
northern_europe,2019.2,13.6145,76.0429,10.3426
northern_europe,2019.3,14.0621,75.3433,10.5946
northern_europe,2019.4,14.5202,74.6327,10.8471
northern_europe,2019.5,14.9890,73.9112,11.0997
northern_europe,2019.6,15.4686,73.1791,11.3523
northern_europe,2019.7,15.9592,72.4363,11.6046
northern_europe,2019.8,16.4608,71.6831,11.8562
northern_europe,2019.9,16.9736,70.9196,12.1068
northern_europe,2020.0,17.4978,70.1460,12.3562
northern_europe,2020.1,18.0335,69.3625,12.6040
northern_europe,2020.2,18.5808,68.5694,12.8498
northern_europe,2020.3,19.1398,67.7667,13.0934
northern_europe,2020.4,19.7107,66.9549,13.3344
northern_europe,2020.5,20.2936,66.1340,13.5724
northern_europe,2020.6,20.8885,65.3044,13.8070
northern_europe,2020.7,21.4957,64.4664,14.0380
northern_europe,2020.8,22.1151,63.6201,14.2648
northern_europe,2020.9,22.7469,62.7660,14.4872
northern_europe,2021.0,23.3911,61.9042,14.7047
northern_europe,2021.1,24.0479,61.0352,14.9169
northern_europe,2021.2,24.7173,60.1592,15.1235
northern_europe,2021.3,25.3993,59.2766,15.3242
northern_europe,2021.4,26.0940,58.3877,15.5184
northern_europe,2021.5,26.8014,57.4929,15.7058
northern_europe,2021.6,27.5215,56.5925,15.8860
northern_europe,2021.7,28.2543,55.6870,16.0587
northern_europe,2021.8,28.9998,54.7767,16.2236
northern_europe,2021.9,29.7580,53.8619,16.3801
northern_europe,2022.0,30.5287,52.9432,16.5280
northern_europe,2022.1,31.3120,52.0209,16.6671
northern_europe,2022.2,32.1078,51.0955,16.7968
northern_europe,2022.3,32.9158,50.1673,16.9170
northern_europe,2022.4,33.7360,49.2368,17.0273
northern_europe,2022.5,34.5681,48.3044,17.1274
northern_europe,2022.6,35.4121,47.3707,17.2172
northern_europe,2022.7,36.2676,46.4360,17.2964
northern_europe,2022.8,37.1344,45.5009,17.3648
northern_europe,2022.9,38.0121,44.5657,17.4221
northern_europe,2023.0,38.9006,43.6310,17.4683
northern_europe,2023.1,39.7994,42.6973,17.5033
northern_europe,2023.2,40.7082,41.7650,17.5269
northern_europe,2023.3,41.6264,40.8346,17.5390
northern_europe,2023.4,42.5537,39.9066,17.5397
northern_europe,2023.5,43.4895,38.9815,17.5290
northern_europe,2023.6,44.4334,38.0598,17.5068
northern_europe,2023.7,45.3846,37.1420,17.4733
northern_europe,2023.8,46.3427,36.2286,17.4286
northern_europe,2023.9,47.3070,35.3201,17.3729
northern_europe,2024.0,48.2768,34.4170,17.3062
northern_europe,2024.1,49.2513,33.5198,17.2289
northern_europe,2024.2,50.2299,32.6289,17.1412
northern_europe,2024.3,51.2117,31.7450,17.0433
northern_europe,2024.4,52.1959,30.8683,16.9357
northern_europe,2024.5,53.1818,29.9996,16.8187
northern_europe,2024.6,54.1683,29.1391,16.6926
northern_europe,2024.7,55.1546,28.2875,16.5579
northern_europe,2024.8,56.1399,27.4451,16.4150
northern_europe,2024.9,57.1232,26.6124,16.2645
northern_europe,2025.0,58.1035,25.7898,16.1067
northern_europe,2025.1,59.0799,24.9779,15.9422
northern_europe,2025.2,60.0514,24.1770,15.7716
northern_europe,2025.3,61.0172,23.3875,15.5953
northern_europe,2025.4,61.9762,22.6099,15.4139
northern_europe,2025.5,62.9276,21.8444,15.2280
northern_europe,2025.6,63.8703,21.0916,15.0381
northern_europe,2025.7,64.8037,20.3517,14.8446
northern_europe,2025.8,65.7266,19.6251,14.6483
northern_europe,2025.9,66.6384,18.9121,14.4495
northern_europe,2026.0,67.5383,18.2130,14.2488
northern_europe,2026.1,68.4254,17.5280,14.1374
northern_europe,2026.2,69.2991,16.8576,14.0474
northern_europe,2026.3,70.1586,16.2018,13.9510
northern_europe,2026.4,71.0035,15.5609,13.8481
northern_europe,2026.5,71.8332,14.9351,13.7388
northern_europe,2026.6,72.6471,14.3246,13.6231
northern_europe,2026.7,73.4449,13.7296,13.5011
northern_europe,2026.8,74.2262,13.1501,13.3727
northern_europe,2026.9,74.9906,12.5862,13.2380
northern_europe,2027.0,75.7381,12.0381,13.0972
northern_europe,2027.1,76.4683,11.5058,12.9504
northern_europe,2027.2,77.1813,10.9893,12.7975
northern_europe,2027.3,77.8769,10.4887,12.6388
northern_europe,2027.4,78.5553,10.0038,12.4745
northern_europe,2027.5,79.2164,9.5347,12.3045
northern_europe,2027.6,79.8606,9.0813,12.1292
northern_europe,2027.7,80.4878,8.6435,11.9487
northern_europe,2027.8,81.0984,8.2213,11.7631
northern_europe,2027.9,81.6928,7.8143,11.5728
northern_europe,2028.0,82.2711,7.4226,11.3779
northern_europe,2028.1,82.8337,7.0459,11.1786
northern_europe,2028.2,83.3811,6.6840,10.9753
northern_europe,2028.3,83.9136,6.3367,10.7681
northern_europe,2028.4,84.4317,6.0038,10.5574
northern_europe,2028.5,84.9357,5.6850,10.3433
northern_europe,2028.6,85.4261,5.3800,10.1263
northern_europe,2028.7,85.9034,5.0886,9.9065
northern_europe,2028.8,86.3680,4.8105,9.6844
northern_europe,2028.9,86.8202,4.5452,9.4602
northern_europe,2029.0,87.2605,4.2926,9.2341
northern_europe,2029.1,87.6894,4.0523,9.0066
northern_europe,2029.2,88.1070,3.8239,8.7780
northern_europe,2029.3,88.5139,3.6070,8.5485
northern_europe,2029.4,88.9103,3.4014,8.3186
northern_europe,2029.5,89.2966,3.2066,8.0884
northern_europe,2029.6,89.6730,3.0223,7.8584
northern_europe,2029.7,90.0398,2.8482,7.6289
northern_europe,2029.8,90.3972,2.6837,7.4001
northern_europe,2029.9,90.7454,2.5286,7.1724
northern_europe,2030.0,91.0847,2.3825,6.9460
northern_europe,2030.1,91.4151,2.2450,6.7214
northern_europe,2030.2,91.7370,2.1158,6.4986
northern_europe,2030.3,92.0503,1.9944,6.2781
northern_europe,2030.4,92.3552,1.8806,6.0601
northern_europe,2030.5,92.6518,1.7738,5.8448
northern_europe,2030.6,92.9402,1.6740,5.6325
northern_europe,2030.7,93.2205,1.5805,5.4235
northern_europe,2030.8,93.4928,1.4932,5.2178
northern_europe,2030.9,93.7571,1.4117,5.0158
northern_europe,2031.0,94.0136,1.3357,4.8177
northern_europe,2031.1,94.2622,1.2649,4.6235
northern_europe,2031.2,94.5031,1.1990,4.4335
northern_europe,2031.3,94.7364,1.1376,4.2479
northern_europe,2031.4,94.9620,1.0806,4.0667
northern_europe,2031.5,95.1801,1.0276,3.8900
northern_europe,2031.6,95.3909,0.9784,3.7181
northern_europe,2031.7,95.5942,0.9328,3.5508
northern_europe,2031.8,95.7903,0.8905,3.3885
northern_europe,2031.9,95.9792,0.8513,3.2310
northern_europe,2032.0,96.1611,0.8150,3.0785
northern_europe,2032.1,96.3360,0.7813,2.9309
northern_europe,2032.2,96.5041,0.7502,2.7883
northern_europe,2032.3,96.6655,0.7213,2.6507
northern_europe,2032.4,96.8203,0.6946,2.5181
northern_europe,2032.5,96.9686,0.6699,2.3905
northern_europe,2032.6,97.1106,0.6470,2.2678
northern_europe,2032.7,97.2464,0.6259,2.1500
northern_europe,2032.8,97.3761,0.6062,2.0370
northern_europe,2032.9,97.5000,0.5881,1.9288
northern_europe,2033.0,97.6181,0.5712,1.8253
northern_europe,2033.1,97.7307,0.5556,1.7265
northern_europe,2033.2,97.8378,0.5410,1.6322
northern_europe,2033.3,97.9397,0.5276,1.5423
northern_europe,2033.4,98.0365,0.5150,1.4567
northern_europe,2033.5,98.1283,0.5033,1.3754
northern_europe,2033.6,98.2154,0.4924,1.2982
northern_europe,2033.7,98.2979,0.4822,1.2250
northern_europe,2033.8,98.3760,0.4727,1.1557
northern_europe,2033.9,98.4498,0.4638,1.0902
northern_europe,2034.0,98.5195,0.4555,1.0283
northern_europe,2034.1,98.5853,0.4476,0.9699
northern_europe,2034.2,98.6473,0.4402,0.9148
northern_europe,2034.3,98.7057,0.4333,0.8630
northern_europe,2034.4,98.7606,0.4267,0.8143
northern_europe,2034.5,98.8123,0.4205,0.7686
northern_europe,2034.6,98.8608,0.4146,0.7258
northern_europe,2034.7,98.9064,0.4090,0.6856
northern_europe,2034.8,98.9491,0.4037,0.6481
northern_europe,2034.9,98.9891,0.3986,0.6130
northern_europe,2035.0,99.0266,0.3937,0.5803
northern_europe,2035.1,99.0617,0.3891,0.5497
northern_europe,2035.2,99.0944,0.3846,0.5213
northern_europe,2035.3,99.1251,0.3804,0.4949
northern_europe,2035.4,99.1537,0.3762,0.4704
northern_europe,2035.5,99.1804,0.3723,0.4476
northern_europe,2035.6,99.2053,0.3684,0.4265
northern_europe,2035.7,99.2285,0.3647,0.4069
northern_europe,2035.8,99.2502,0.3611,0.3888
northern_europe,2035.9,99.2704,0.3576,0.3721
northern_europe,2036.0,99.2892,0.3543,0.3566
northern_europe,2036.1,99.3068,0.3510,0.3423
northern_europe,2036.2,99.3231,0.3478,0.3292
northern_europe,2036.3,99.3384,0.3446,0.3171
northern_europe,2036.4,99.3526,0.3416,0.3059
northern_europe,2036.5,99.3658,0.3386,0.2956
northern_europe,2036.6,99.3782,0.3357,0.2861
northern_europe,2036.7,99.3898,0.3328,0.2774
northern_europe,2036.8,99.4006,0.3300,0.2694
northern_europe,2036.9,99.4107,0.3273,0.2620
northern_europe,2037.0,99.4202,0.3246,0.2552
northern_europe,2037.1,99.4291,0.3219,0.2490
northern_europe,2037.2,99.4375,0.3193,0.2432
northern_europe,2037.3,99.4454,0.3167,0.2379
northern_europe,2037.4,99.4528,0.3142,0.2330
northern_europe,2037.5,99.4598,0.3117,0.2284
northern_europe,2037.6,99.4665,0.3093,0.2243
northern_europe,2037.7,99.4728,0.3068,0.2204
northern_europe,2037.8,99.4788,0.3045,0.2168
northern_europe,2037.9,99.4845,0.3021,0.2134
northern_europe,2038.0,99.4899,0.2998,0.2103
northern_europe,2038.1,99.4951,0.2975,0.2074
northern_europe,2038.2,99.5001,0.2952,0.2046
northern_europe,2038.3,99.5050,0.2930,0.2021
northern_europe,2038.4,99.5096,0.2907,0.1997
northern_europe,2038.5,99.5141,0.2885,0.1974
northern_europe,2038.6,99.5184,0.2864,0.1952
northern_europe,2038.7,99.5226,0.2842,0.1932
northern_europe,2038.8,99.5267,0.2821,0.1912
northern_europe,2038.9,99.5307,0.2800,0.1893
northern_europe,2039.0,99.5346,0.2779,0.1875
northern_europe,2039.1,99.5384,0.2758,0.1858
northern_europe,2039.2,99.5421,0.2738,0.1841
northern_europe,2039.3,99.5457,0.2718,0.1825
northern_europe,2039.4,99.5493,0.2697,0.1809
northern_europe,2039.5,99.5528,0.2678,0.1794
northern_europe,2039.6,99.5563,0.2658,0.1779
northern_europe,2039.7,99.5597,0.2638,0.1765
northern_europe,2039.8,99.5631,0.2619,0.1750
northern_europe,2039.9,99.5664,0.2600,0.1737
northern_europe,2040.0,99.5697,0.2581,0.1723
northern_europe,2040.1,99.5729,0.2562,0.1709
northern_europe,2040.2,99.5761,0.2543,0.1696
northern_europe,2040.3,99.5793,0.2525,0.1683
northern_europe,2040.4,99.5824,0.2506,0.1670
northern_europe,2040.5,99.5855,0.2488,0.1657
northern_europe,2040.6,99.5886,0.2470,0.1644
northern_europe,2040.7,99.5916,0.2452,0.1632
northern_europe,2040.8,99.5946,0.2434,0.1619
northern_europe,2040.9,99.5976,0.2417,0.1607
northern_europe,2041.0,99.6006,0.2399,0.1595
northern_europe,2041.1,99.6036,0.2382,0.1583
northern_europe,2041.2,99.6065,0.2364,0.1571
northern_europe,2041.3,99.6094,0.2347,0.1559
northern_europe,2041.4,99.6122,0.2330,0.1547
northern_europe,2041.5,99.6151,0.2314,0.1535
northern_europe,2041.6,99.6179,0.2297,0.1524
northern_europe,2041.7,99.6207,0.2280,0.1512
northern_europe,2041.8,99.6235,0.2264,0.1500
northern_europe,2041.9,99.6263,0.2248,0.1489
northern_europe,2042.0,99.6291,0.2232,0.1478
northern_europe,2042.1,99.6318,0.2216,0.1466
northern_europe,2042.2,99.6345,0.2200,0.1455
northern_europe,2042.3,99.6372,0.2184,0.1444
northern_europe,2042.4,99.6399,0.2169,0.1433
northern_europe,2042.5,99.6425,0.2153,0.1422
northern_europe,2042.6,99.6451,0.2138,0.1411
northern_europe,2042.7,99.6478,0.2122,0.1400
northern_europe,2042.8,99.6504,0.2107,0.1389
northern_europe,2042.9,99.6529,0.2092,0.1378
northern_europe,2043.0,99.6555,0.2077,0.1368
northern_europe,2043.1,99.6580,0.2063,0.1357
northern_europe,2043.2,99.6605,0.2048,0.1347
northern_europe,2043.3,99.6630,0.2033,0.1336
northern_europe,2043.4,99.6655,0.2019,0.1326
northern_europe,2043.5,99.6680,0.2005,0.1315
northern_europe,2043.6,99.6704,0.1991,0.1305
northern_europe,2043.7,99.6729,0.1976,0.1295
northern_europe,2043.8,99.6753,0.1962,0.1285
northern_europe,2043.9,99.6777,0.1949,0.1275
northern_europe,2044.0,99.6801,0.1935,0.1264
northern_europe,2044.1,99.6824,0.1921,0.1255
northern_europe,2044.2,99.6848,0.1908,0.1245
northern_europe,2044.3,99.6871,0.1894,0.1235
northern_europe,2044.4,99.6894,0.1881,0.1225
northern_europe,2044.5,99.6917,0.1868,0.1215
northern_europe,2044.6,99.6940,0.1855,0.1206
northern_europe,2044.7,99.6962,0.1842,0.1196
northern_europe,2044.8,99.6985,0.1829,0.1186
northern_europe,2044.9,99.7007,0.1816,0.1177
northern_europe,2045.0,99.7029,0.1803,0.1168
northern_europe,2045.1,99.7051,0.1790,0.1158
northern_europe,2045.2,99.7073,0.1778,0.1149
northern_europe,2045.3,99.7095,0.1765,0.1140
northern_europe,2045.4,99.7116,0.1753,0.1131
northern_europe,2045.5,99.7138,0.1741,0.1121
northern_europe,2045.6,99.7159,0.1729,0.1112
northern_europe,2045.7,99.7180,0.1717,0.1103
northern_europe,2045.8,99.7201,0.1705,0.1094
northern_europe,2045.9,99.7222,0.1693,0.1086
northern_europe,2046.0,99.7242,0.1681,0.1077
northern_europe,2046.1,99.7263,0.1669,0.1068
northern_europe,2046.2,99.7283,0.1658,0.1059
northern_europe,2046.3,99.7303,0.1646,0.1051
northern_europe,2046.4,99.7323,0.1635,0.1042
northern_europe,2046.5,99.7343,0.1624,0.1034
northern_europe,2046.6,99.7362,0.1612,0.1025
northern_europe,2046.7,99.7382,0.1601,0.1017
northern_europe,2046.8,99.7401,0.1590,0.1008
northern_europe,2046.9,99.7421,0.1579,0.1000
northern_europe,2047.0,99.7440,0.1568,0.0992
northern_europe,2047.1,99.7459,0.1557,0.0984
northern_europe,2047.2,99.7478,0.1547,0.0976
northern_europe,2047.3,99.7496,0.1536,0.0968
northern_europe,2047.4,99.7515,0.1525,0.0960
northern_europe,2047.5,99.7534,0.1515,0.0952
northern_europe,2047.6,99.7552,0.1504,0.0944
northern_europe,2047.7,99.7570,0.1494,0.0936
northern_europe,2047.8,99.7588,0.1484,0.0928
northern_europe,2047.9,99.7606,0.1474,0.0920
northern_europe,2048.0,99.7624,0.1464,0.0913
northern_europe,2048.1,99.7641,0.1453,0.0905
northern_europe,2048.2,99.7659,0.1444,0.0897
northern_europe,2048.3,99.7676,0.1434,0.0890
northern_europe,2048.4,99.7694,0.1424,0.0882
northern_europe,2048.5,99.7711,0.1414,0.0875
northern_europe,2048.6,99.7728,0.1404,0.0868
northern_europe,2048.7,99.7745,0.1395,0.0860
northern_europe,2048.8,99.7762,0.1385,0.0853
northern_europe,2048.9,99.7778,0.1376,0.0846
northern_europe,2049.0,99.7795,0.1366,0.0839
northern_europe,2049.1,99.7811,0.1357,0.0832
northern_europe,2049.2,99.7828,0.1348,0.0825
northern_europe,2049.3,99.7844,0.1339,0.0818
northern_europe,2049.4,99.7860,0.1330,0.0811
northern_europe,2049.5,99.7876,0.1321,0.0804
northern_europe,2049.6,99.7892,0.1312,0.0797
northern_europe,2049.7,99.7907,0.1303,0.0790
northern_europe,2049.8,99.7923,0.1294,0.0783
northern_europe,2049.9,99.7938,0.1285,0.0777
northern_europe,2050.0,99.7954,0.1276,0.0770
southern_europe,2015.0,0.0447,99.8902,0.0651
southern_europe,2015.1,0.0510,99.8751,0.0740
southern_europe,2015.2,0.0579,99.8584,0.0837
southern_europe,2015.3,0.0655,99.8401,0.0944
southern_europe,2015.4,0.0738,99.8202,0.1059
southern_europe,2015.5,0.0829,99.7986,0.1185
southern_europe,2015.6,0.0928,99.7753,0.1320
southern_europe,2015.7,0.1034,99.7501,0.1465
southern_europe,2015.8,0.1149,99.7231,0.1620
southern_europe,2015.9,0.1272,99.6942,0.1785
southern_europe,2016.0,0.1404,99.6634,0.1962
southern_europe,2016.1,0.1545,99.6306,0.2149
southern_europe,2016.2,0.1695,99.5958,0.2347
southern_europe,2016.3,0.1855,99.5589,0.2556
southern_europe,2016.4,0.2024,99.5199,0.2777
southern_europe,2016.5,0.2203,99.4787,0.3010
southern_europe,2016.6,0.2392,99.4354,0.3254
southern_europe,2016.7,0.2592,99.3897,0.3511
southern_europe,2016.8,0.2802,99.3418,0.3779
southern_europe,2016.9,0.3023,99.2916,0.4061
southern_europe,2017.0,0.3255,99.2390,0.4355
southern_europe,2017.1,0.3499,99.1840,0.4661
southern_europe,2017.2,0.3753,99.1265,0.4981
southern_europe,2017.3,0.4020,99.0666,0.5314
southern_europe,2017.4,0.4299,99.0041,0.5661
southern_europe,2017.5,0.4590,98.9390,0.6021
southern_europe,2017.6,0.4893,98.8713,0.6394
southern_europe,2017.7,0.5209,98.8009,0.6782
southern_europe,2017.8,0.5538,98.7279,0.7183
southern_europe,2017.9,0.5880,98.6521,0.7599
southern_europe,2018.0,0.6235,98.5736,0.8029
southern_europe,2018.1,0.6604,98.4922,0.8474
southern_europe,2018.2,0.6987,98.4080,0.8933
southern_europe,2018.3,0.7384,98.3209,0.9407
southern_europe,2018.4,0.7795,98.2309,0.9896
southern_europe,2018.5,0.8220,98.1380,1.0400
southern_europe,2018.6,0.8660,98.0421,1.0919
southern_europe,2018.7,0.9115,97.9431,1.1454
southern_europe,2018.8,0.9585,97.8411,1.2004
southern_europe,2018.9,1.0071,97.7360,1.2569
southern_europe,2019.0,1.0572,97.6277,1.3150
southern_europe,2019.1,1.1089,97.5163,1.3748
southern_europe,2019.2,1.1622,97.4017,1.4361
southern_europe,2019.3,1.2172,97.2838,1.4991
southern_europe,2019.4,1.2738,97.1626,1.5636
southern_europe,2019.5,1.3320,97.0381,1.6299
southern_europe,2019.6,1.3920,96.9102,1.6977
southern_europe,2019.7,1.4537,96.7790,1.7672
southern_europe,2019.8,1.5172,96.6444,1.8384
southern_europe,2019.9,1.5824,96.5063,1.9112
southern_europe,2020.0,1.6495,96.3648,1.9857
southern_europe,2020.1,1.7183,96.2198,2.0619
southern_europe,2020.2,1.7889,96.0713,2.1397
southern_europe,2020.3,1.8615,95.9193,2.2193
southern_europe,2020.4,1.9358,95.7637,2.3005
southern_europe,2020.5,2.0121,95.6046,2.3833
southern_europe,2020.6,2.0903,95.4418,2.4679
southern_europe,2020.7,2.1704,95.2754,2.5542
southern_europe,2020.8,2.2525,95.1055,2.6421
southern_europe,2020.9,2.3365,94.9318,2.7317
southern_europe,2021.0,2.4225,94.7545,2.8230
southern_europe,2021.1,2.5105,94.5735,2.9160
southern_europe,2021.2,2.6006,94.3888,3.0106
southern_europe,2021.3,2.6926,94.2004,3.1070
southern_europe,2021.4,2.7868,94.0083,3.2049
southern_europe,2021.5,2.8830,93.8124,3.3046
southern_europe,2021.6,2.9813,93.6128,3.4059
southern_europe,2021.7,3.0817,93.4094,3.5089
southern_europe,2021.8,3.1843,93.2022,3.6135
southern_europe,2021.9,3.2890,92.9913,3.7198
southern_europe,2022.0,3.3958,92.7765,3.8276
southern_europe,2022.1,3.5049,92.5580,3.9371
southern_europe,2022.2,3.6161,92.3357,4.0482
southern_europe,2022.3,3.7295,92.1096,4.1609
southern_europe,2022.4,3.8451,91.8797,4.2752
southern_europe,2022.5,3.9630,91.6460,4.3911
southern_europe,2022.6,4.0831,91.4084,4.5085
southern_europe,2022.7,4.2055,91.1671,4.6274
southern_europe,2022.8,4.3301,90.9220,4.7479
southern_europe,2022.9,4.4571,90.6731,4.8698
southern_europe,2023.0,4.5863,90.4204,4.9933
southern_europe,2023.1,4.7178,90.1639,5.1182
southern_europe,2023.2,4.8517,89.9037,5.2446
southern_europe,2023.3,4.9879,89.6397,5.3724
southern_europe,2023.4,5.1264,89.3719,5.5017
southern_europe,2023.5,5.2673,89.1004,5.6323
southern_europe,2023.6,5.4106,88.8252,5.7643
southern_europe,2023.7,5.5562,88.5462,5.8976
southern_europe,2023.8,5.7042,88.2636,6.0322
southern_europe,2023.9,5.8546,87.9772,6.1682
southern_europe,2024.0,6.0074,87.6873,6.3054
southern_europe,2024.1,6.1625,87.3936,6.4438
southern_europe,2024.2,6.3201,87.0964,6.5835
southern_europe,2024.3,6.4801,86.7955,6.7243
southern_europe,2024.4,6.6426,86.4911,6.8663
southern_europe,2024.5,6.8074,86.1832,7.0094
southern_europe,2024.6,6.9747,85.8717,7.1536
southern_europe,2024.7,7.1444,85.5567,7.2989
southern_europe,2024.8,7.3165,85.2383,7.4452
southern_europe,2024.9,7.4911,84.9165,7.5924
southern_europe,2025.0,7.6681,84.5912,7.7407
southern_europe,2025.1,7.8475,84.2626,7.8898
southern_europe,2025.2,8.0294,83.9307,8.0399
southern_europe,2025.3,8.2138,83.5955,8.1908
southern_europe,2025.4,8.4005,83.2570,8.3425
southern_europe,2025.5,8.5897,82.9153,8.4950
southern_europe,2025.6,8.7814,82.5704,8.6482
southern_europe,2025.7,8.9754,82.2225,8.8021
southern_europe,2025.8,9.1719,81.8714,8.9567
southern_europe,2025.9,9.3709,81.5173,9.1119
southern_europe,2026.0,9.5722,81.1602,9.2676
southern_europe,2026.1,9.7760,80.8001,9.4239
southern_europe,2026.2,9.9822,80.4371,9.5807
southern_europe,2026.3,10.1907,80.0713,9.7379
southern_europe,2026.4,10.4017,79.7027,9.8956
southern_europe,2026.5,10.6151,79.3313,10.0536
southern_europe,2026.6,10.8308,78.9573,10.2119
southern_europe,2026.7,11.0489,78.5806,10.3705
southern_europe,2026.8,11.2694,78.2013,10.5293
southern_europe,2026.9,11.4922,77.8195,10.6883
southern_europe,2027.0,11.7174,77.4352,10.8474
southern_europe,2027.1,11.9449,77.0484,11.0067
southern_europe,2027.2,12.1747,76.6594,11.1659
southern_europe,2027.3,12.4068,76.2680,11.3252
southern_europe,2027.4,12.6412,75.8744,11.4844
southern_europe,2027.5,12.8778,75.4786,11.6436
southern_europe,2027.6,13.1167,75.0807,11.8026
southern_europe,2027.7,13.3579,74.6808,11.9614
southern_europe,2027.8,13.6012,74.2788,12.1199
southern_europe,2027.9,13.8468,73.8750,12.2782
southern_europe,2028.0,14.0946,73.4693,12.4362
southern_europe,2028.1,14.3445,73.0618,12.5938
southern_europe,2028.2,14.5965,72.6525,12.7509
southern_europe,2028.3,14.8507,72.2416,12.9076
southern_europe,2028.4,15.1070,71.8292,13.0638
southern_europe,2028.5,15.3654,71.4152,13.2194
southern_europe,2028.6,15.6259,70.9997,13.3744
southern_europe,2028.7,15.8883,70.5829,13.5288
southern_europe,2028.8,16.1528,70.1647,13.6825
southern_europe,2028.9,16.4193,69.7453,13.8354
southern_europe,2029.0,16.6878,69.3247,13.9875
southern_europe,2029.1,16.9582,68.9030,14.1388
southern_europe,2029.2,17.2305,68.4803,14.2893
southern_europe,2029.3,17.5047,68.0566,14.4388
southern_europe,2029.4,17.7807,67.6319,14.5873
southern_europe,2029.5,18.0586,67.2065,14.7349
southern_europe,2029.6,18.3383,66.7803,14.8814
southern_europe,2029.7,18.6198,66.3534,15.0268
southern_europe,2029.8,18.9030,65.9259,15.1711
southern_europe,2029.9,19.1879,65.4978,15.3143
southern_europe,2030.0,19.4745,65.0693,15.4562
southern_europe,2030.1,19.7628,64.6403,15.5969
southern_europe,2030.2,20.0527,64.2110,15.7363
southern_europe,2030.3,20.3442,63.7814,15.8743
southern_europe,2030.4,20.6373,63.3516,16.0111
southern_europe,2030.5,20.9319,62.9217,16.1464
southern_europe,2030.6,21.2280,62.4917,16.2803
southern_europe,2030.7,21.5256,62.0617,16.4128
southern_europe,2030.8,21.8246,61.6317,16.5437
southern_europe,2030.9,22.1250,61.2019,16.6731
southern_europe,2031.0,22.4268,60.7722,16.8010
southern_europe,2031.1,22.7299,60.3428,16.9273
southern_europe,2031.2,23.0343,59.9138,17.0520
southern_europe,2031.3,23.3399,59.4851,17.1750
southern_europe,2031.4,23.6468,59.0568,17.2963
southern_europe,2031.5,23.9549,58.6291,17.4160
southern_europe,2031.6,24.2642,58.2019,17.5339
southern_europe,2031.7,24.5745,57.7754,17.6501
southern_europe,2031.8,24.8860,57.3495,17.7645
southern_europe,2031.9,25.1985,56.9244,17.8771
southern_europe,2032.0,25.5121,56.5000,17.9879
southern_europe,2032.1,25.8266,56.0766,18.0969
southern_europe,2032.2,26.1421,55.6540,18.2039
southern_europe,2032.3,26.4585,55.2324,18.3091
southern_europe,2032.4,26.7757,54.8118,18.4125
southern_europe,2032.5,27.0938,54.3923,18.5138
southern_europe,2032.6,27.4128,53.9739,18.6133
southern_europe,2032.7,27.7324,53.5567,18.7108
southern_europe,2032.8,28.0529,53.1408,18.8064
southern_europe,2032.9,28.3740,52.7260,18.9000
southern_europe,2033.0,28.6958,52.3127,18.9916
southern_europe,2033.1,29.0182,51.9006,19.0812
southern_europe,2033.2,29.3412,51.4900,19.1687
southern_europe,2033.3,29.6648,51.0809,19.2543
southern_europe,2033.4,29.9889,50.6732,19.3378
southern_europe,2033.5,30.3135,50.2671,19.4193
southern_europe,2033.6,30.6386,49.8626,19.4988
southern_europe,2033.7,30.9641,49.4597,19.5762
southern_europe,2033.8,31.2900,49.0584,19.6515
southern_europe,2033.9,31.6163,48.6589,19.7248
southern_europe,2034.0,31.9429,48.2611,19.7961
southern_europe,2034.1,32.2697,47.8651,19.8652
southern_europe,2034.2,32.5969,47.4708,19.9323
southern_europe,2034.3,32.9243,47.0784,19.9973
southern_europe,2034.4,33.2519,46.6879,20.0602
southern_europe,2034.5,33.5796,46.2993,20.1211
southern_europe,2034.6,33.9075,45.9126,20.1799
southern_europe,2034.7,34.2355,45.5279,20.2366
southern_europe,2034.8,34.5636,45.1452,20.2912
southern_europe,2034.9,34.8917,44.7645,20.3438
southern_europe,2035.0,35.2199,44.3858,20.3943
southern_europe,2035.1,35.5480,44.0092,20.4427
southern_europe,2035.2,35.8761,43.6347,20.4891
southern_europe,2035.3,36.2042,43.2623,20.5335
southern_europe,2035.4,36.5322,42.8921,20.5757
southern_europe,2035.5,36.8600,42.5240,20.6160
southern_europe,2035.6,37.1877,42.1581,20.6542
southern_europe,2035.7,37.5152,41.7944,20.6903
southern_europe,2035.8,37.8426,41.4329,20.7245
southern_europe,2035.9,38.1697,41.0737,20.7566
southern_europe,2036.0,38.4966,40.7167,20.7867
southern_europe,2036.1,38.8232,40.3620,20.8149
southern_europe,2036.2,39.1495,40.0095,20.8410
southern_europe,2036.3,39.4755,39.6594,20.8652
southern_europe,2036.4,39.8011,39.3116,20.8873
southern_europe,2036.5,40.1264,38.9660,20.9076
southern_europe,2036.6,40.4513,38.6229,20.9258
southern_europe,2036.7,40.7758,38.2820,20.9422
southern_europe,2036.8,41.0999,37.9436,20.9566
southern_europe,2036.9,41.4235,37.6074,20.9691
southern_europe,2037.0,41.7466,37.2737,20.9797
southern_europe,2037.1,42.0693,36.9423,20.9884
southern_europe,2037.2,42.3915,36.6133,20.9952
southern_europe,2037.3,42.7131,36.2867,21.0002
southern_europe,2037.4,43.0342,35.9625,21.0033
southern_europe,2037.5,43.3547,35.6407,21.0046
southern_europe,2037.6,43.6746,35.3214,21.0040
southern_europe,2037.7,43.9939,35.0044,21.0017
southern_europe,2037.8,44.3127,34.6898,20.9975
southern_europe,2037.9,44.6307,34.3776,20.9916
southern_europe,2038.0,44.9481,34.0679,20.9840
southern_europe,2038.1,45.2649,33.7606,20.9745
southern_europe,2038.2,45.5810,33.4556,20.9634
southern_europe,2038.3,45.8963,33.1531,20.9505
southern_europe,2038.4,46.2110,32.8530,20.9360
southern_europe,2038.5,46.5249,32.5554,20.9198
southern_europe,2038.6,46.8380,32.2601,20.9019
southern_europe,2038.7,47.1504,31.9672,20.8824
southern_europe,2038.8,47.4621,31.6767,20.8612
southern_europe,2038.9,47.7729,31.3887,20.8385
southern_europe,2039.0,48.0829,31.1030,20.8141
southern_europe,2039.1,48.3921,30.8197,20.7882
southern_europe,2039.2,48.7005,30.5388,20.7608
southern_europe,2039.3,49.0080,30.2602,20.7318
southern_europe,2039.4,49.3146,29.9841,20.7013
southern_europe,2039.5,49.6204,29.7102,20.6693
southern_europe,2039.6,49.9253,29.4388,20.6359
southern_europe,2039.7,50.2293,29.1697,20.6010
southern_europe,2039.8,50.5324,28.9029,20.5647
southern_europe,2039.9,50.8346,28.6384,20.5270
southern_europe,2040.0,51.1358,28.3763,20.4879
southern_europe,2040.1,51.4361,28.1165,20.4475
southern_europe,2040.2,51.7354,27.8589,20.4057
southern_europe,2040.3,52.0337,27.6037,20.3626
southern_europe,2040.4,52.3311,27.3507,20.3182
southern_europe,2040.5,52.6274,27.1000,20.2726
southern_europe,2040.6,52.9228,26.8516,20.2257
southern_europe,2040.7,53.2171,26.6053,20.1776
southern_europe,2040.8,53.5104,26.3613,20.1283
southern_europe,2040.9,53.8027,26.1196,20.0778
southern_europe,2041.0,54.0939,25.8800,20.0262
southern_europe,2041.1,54.3840,25.6426,19.9734
southern_europe,2041.2,54.6731,25.4074,19.9196
southern_europe,2041.3,54.9611,25.1743,19.8646
southern_europe,2041.4,55.2480,24.9434,19.8087
southern_europe,2041.5,55.5337,24.7146,19.7517
southern_europe,2041.6,55.8184,24.4879,19.6937
southern_europe,2041.7,56.1020,24.2633,19.6347
southern_europe,2041.8,56.3844,24.0408,19.5748
southern_europe,2041.9,56.6656,23.8204,19.5140
southern_europe,2042.0,56.9458,23.6020,19.4523
southern_europe,2042.1,57.2247,23.3856,19.3897
southern_europe,2042.2,57.5025,23.1713,19.3262
southern_europe,2042.3,57.7791,22.9589,19.2620
southern_europe,2042.4,58.0545,22.7486,19.1970
southern_europe,2042.5,58.3287,22.5402,19.1311
southern_europe,2042.6,58.6017,22.3337,19.0646
southern_europe,2042.7,58.8734,22.1292,18.9973
southern_europe,2042.8,59.1440,21.9266,18.9294
southern_europe,2042.9,59.4133,21.7259,18.8608
southern_europe,2043.0,59.6814,21.5271,18.7916
southern_europe,2043.1,59.9482,21.3301,18.7217
southern_europe,2043.2,60.2138,21.1350,18.6513
southern_europe,2043.3,60.4781,20.9417,18.5803
southern_europe,2043.4,60.7411,20.7502,18.5088
southern_europe,2043.5,61.0028,20.5605,18.4367
southern_europe,2043.6,61.2633,20.3725,18.3642
southern_europe,2043.7,61.5224,20.1863,18.2913
southern_europe,2043.8,61.7803,20.0019,18.2179
southern_europe,2043.9,62.0368,19.8191,18.1440
southern_europe,2044.0,62.2920,19.6381,18.0699
southern_europe,2044.1,62.5459,19.4587,17.9953
southern_europe,2044.2,62.7985,19.2810,17.9204
southern_europe,2044.3,63.0498,19.1050,17.8453
southern_europe,2044.4,63.2997,18.9306,17.7698
southern_europe,2044.5,63.5482,18.7577,17.6940
southern_europe,2044.6,63.7955,18.5865,17.6181
southern_europe,2044.7,64.0413,18.4168,17.5419
southern_europe,2044.8,64.2858,18.2487,17.4655
southern_europe,2044.9,64.5290,18.0821,17.3889
southern_europe,2045.0,64.7707,17.9171,17.3122
southern_europe,2045.1,65.0112,17.7535,17.2353
southern_europe,2045.2,65.2502,17.5914,17.1584
southern_europe,2045.3,65.4879,17.4308,17.0813
southern_europe,2045.4,65.7241,17.2717,17.0042
southern_europe,2045.5,65.9590,17.1139,16.9270
southern_europe,2045.6,66.1926,16.9576,16.8498
southern_europe,2045.7,66.4247,16.8027,16.7726
southern_europe,2045.8,66.6554,16.6492,16.6954
southern_europe,2045.9,66.8848,16.4970,16.6182
southern_europe,2046.0,67.1127,16.3462,16.5411
southern_europe,2046.1,67.3393,16.1967,16.4640
southern_europe,2046.2,67.5645,16.0485,16.3870
southern_europe,2046.3,67.7883,15.9016,16.3101
southern_europe,2046.4,68.0106,15.7561,16.2333
southern_europe,2046.5,68.2316,15.6117,16.1566
southern_europe,2046.6,68.4512,15.4687,16.0801
southern_europe,2046.7,68.6694,15.3269,16.0037
southern_europe,2046.8,68.8862,15.1863,15.9275
southern_europe,2046.9,69.1016,15.0469,15.8515
southern_europe,2047.0,69.3157,14.9087,15.7756
southern_europe,2047.1,69.5283,14.7717,15.7000
southern_europe,2047.2,69.7395,14.6359,15.6246
southern_europe,2047.3,69.9494,14.5012,15.5494
southern_europe,2047.4,70.1579,14.3677,15.4745
southern_europe,2047.5,70.3650,14.2353,15.3998
southern_europe,2047.6,70.5707,14.1040,15.3253
southern_europe,2047.7,70.7750,13.9738,15.2512
southern_europe,2047.8,70.9780,13.8447,15.1773
southern_europe,2047.9,71.1796,13.7167,15.1038
southern_europe,2048.0,71.3798,13.5897,15.0305
southern_europe,2048.1,71.5787,13.4638,14.9575
southern_europe,2048.2,71.7762,13.3389,14.8849
southern_europe,2048.3,71.9723,13.2151,14.8126
southern_europe,2048.4,72.1671,13.0923,14.7406
southern_europe,2048.5,72.3606,12.9705,14.6689
southern_europe,2048.6,72.5527,12.8497,14.5976
southern_europe,2048.7,72.7435,12.7298,14.5267
southern_europe,2048.8,72.9329,12.6110,14.4561
southern_europe,2048.9,73.1211,12.4931,14.3858
southern_europe,2049.0,73.3079,12.3762,14.3160
southern_europe,2049.1,73.4934,12.2602,14.2465
southern_europe,2049.2,73.6776,12.1451,14.1773
southern_europe,2049.3,73.8604,12.0310,14.1086
southern_europe,2049.4,74.0420,11.9177,14.0402
southern_europe,2049.5,74.2224,11.8054,13.9722
southern_europe,2049.6,74.4014,11.6940,13.9046
southern_europe,2049.7,74.5791,11.5835,13.8374
southern_europe,2049.8,74.7556,11.4738,13.7706
southern_europe,2049.9,74.9308,11.3650,13.7041
southern_europe,2050.0,75.1048,11.2571,13.6381
eastern_europe,2015.0,0.0519,99.9221,0.0272
eastern_europe,2015.1,0.0559,99.9159,0.0296
eastern_europe,2015.2,0.0601,99.9094,0.0322
eastern_europe,2015.3,0.0646,99.9024,0.0349
eastern_europe,2015.4,0.0694,99.8950,0.0378
eastern_europe,2015.5,0.0744,99.8871,0.0409
eastern_europe,2015.6,0.0797,99.8788,0.0442
eastern_europe,2015.7,0.0853,99.8700,0.0477
eastern_europe,2015.8,0.0913,99.8606,0.0514
eastern_europe,2015.9,0.0975,99.8508,0.0553
eastern_europe,2016.0,0.1041,99.8404,0.0595
eastern_europe,2016.1,0.1110,99.8294,0.0639
eastern_europe,2016.2,0.1183,99.8178,0.0685
eastern_europe,2016.3,0.1261,99.8057,0.0734
eastern_europe,2016.4,0.1342,99.7929,0.0785
eastern_europe,2016.5,0.1428,99.7794,0.0839
eastern_europe,2016.6,0.1518,99.7653,0.0896
eastern_europe,2016.7,0.1613,99.7504,0.0956
eastern_europe,2016.8,0.1713,99.7348,0.1019
eastern_europe,2016.9,0.1818,99.7184,0.1085
eastern_europe,2017.0,0.1927,99.7013,0.1154
eastern_europe,2017.1,0.2045,99.6828,0.1228
eastern_europe,2017.2,0.2172,99.6630,0.1308
eastern_europe,2017.3,0.2307,99.6419,0.1393
eastern_europe,2017.4,0.2450,99.6196,0.1482
eastern_europe,2017.5,0.2600,99.5961,0.1577
eastern_europe,2017.6,0.2758,99.5712,0.1677
eastern_europe,2017.7,0.2923,99.5451,0.1783
eastern_europe,2017.8,0.3097,99.5176,0.1893
eastern_europe,2017.9,0.3278,99.4888,0.2009
eastern_europe,2018.0,0.3468,99.4585,0.2131
eastern_europe,2018.1,0.4228,99.4137,0.2258
eastern_europe,2018.2,0.4502,99.3724,0.2391
eastern_europe,2018.3,0.4760,99.3308,0.2530
eastern_europe,2018.4,0.5017,99.2883,0.2675
eastern_europe,2018.5,0.5276,99.2447,0.2826
eastern_europe,2018.6,0.5540,99.1999,0.2983
eastern_europe,2018.7,0.5810,99.1536,0.3147
eastern_europe,2018.8,0.6088,99.1059,0.3318
eastern_europe,2018.9,0.6374,99.0566,0.3495
eastern_europe,2019.0,0.6669,99.0056,0.3679
eastern_europe,2019.1,0.6974,98.9529,0.3870
eastern_europe,2019.2,0.7287,98.8985,0.4069
eastern_europe,2019.3,0.7611,98.8422,0.4275
eastern_europe,2019.4,0.7946,98.7839,0.4488
eastern_europe,2019.5,0.8291,98.7238,0.4709
eastern_europe,2019.6,0.8648,98.6615,0.4960
eastern_europe,2019.7,0.9016,98.5972,0.5227
eastern_europe,2019.8,0.9396,98.5307,0.5503
eastern_europe,2019.9,0.9788,98.4620,0.5786
eastern_europe,2020.0,1.0194,98.3909,0.6080
eastern_europe,2020.1,1.0612,98.3175,0.6385
eastern_europe,2020.2,1.1044,98.2417,0.6698
eastern_europe,2020.3,1.1490,98.1634,0.7021
eastern_europe,2020.4,1.1951,98.0825,0.7353
eastern_europe,2020.5,1.2426,97.9990,0.7695
eastern_europe,2020.6,1.2916,97.9127,0.8046
eastern_europe,2020.7,1.3422,97.8237,0.8408
eastern_europe,2020.8,1.3945,97.7318,0.8790
eastern_europe,2020.9,1.4484,97.6370,0.9186
eastern_europe,2021.0,1.5040,97.5391,0.9592
eastern_europe,2021.1,1.5614,97.4382,1.0010
eastern_europe,2021.2,1.6206,97.3341,1.0454
eastern_europe,2021.3,1.6817,97.2267,1.0917
eastern_europe,2021.4,1.7447,97.1160,1.1394
eastern_europe,2021.5,1.8097,97.0019,1.1885
eastern_europe,2021.6,1.8767,96.8842,1.2391
eastern_europe,2021.7,1.9458,96.7630,1.2912
eastern_europe,2021.8,2.0172,96.6381,1.3448
eastern_europe,2021.9,2.0907,96.5094,1.3999
eastern_europe,2022.0,2.1665,96.3769,1.4566
eastern_europe,2022.1,2.2447,96.2404,1.5148
eastern_europe,2022.2,2.3254,96.0999,1.5747
eastern_europe,2022.3,2.4085,95.9552,1.6362
eastern_europe,2022.4,2.4943,95.8063,1.6994
eastern_europe,2022.5,2.5826,95.6531,1.7642
eastern_europe,2022.6,2.6738,95.4955,1.8308
eastern_europe,2022.7,2.7677,95.3333,1.8990
eastern_europe,2022.8,2.8645,95.1665,1.9690
eastern_europe,2022.9,2.9643,94.9950,2.0407
eastern_europe,2023.0,3.0671,94.8187,2.1142
eastern_europe,2023.1,3.1731,94.6374,2.1895
eastern_europe,2023.2,3.2823,94.4512,2.2665
eastern_europe,2023.3,3.3949,94.2597,2.3454
eastern_europe,2023.4,3.5109,94.0631,2.4260
eastern_europe,2023.5,3.6303,93.8611,2.5085
eastern_europe,2023.6,3.7534,93.6537,2.5928
eastern_europe,2023.7,3.8803,93.4408,2.6790
eastern_europe,2023.8,4.0109,93.2222,2.7669
eastern_europe,2023.9,4.1454,92.9978,2.8568
eastern_europe,2024.0,4.2840,92.7676,2.9484
eastern_europe,2024.1,4.4266,92.5315,3.0419
eastern_europe,2024.2,4.5736,92.2892,3.1372
eastern_europe,2024.3,4.7248,92.0409,3.2343
eastern_europe,2024.4,4.8806,91.7862,3.3332
eastern_europe,2024.5,5.0409,91.5252,3.4340
eastern_europe,2024.6,5.2058,91.2577,3.5365
eastern_europe,2024.7,5.3756,90.9836,3.6407
eastern_europe,2024.8,5.5504,90.7029,3.7467
eastern_europe,2024.9,5.7301,90.4154,3.8545
eastern_europe,2025.0,5.9151,90.1211,3.9639
eastern_europe,2025.1,6.1053,89.8198,4.0749
eastern_europe,2025.2,6.3010,89.5114,4.1876
eastern_europe,2025.3,6.5021,89.1959,4.3019
eastern_europe,2025.4,6.7090,88.8733,4.4177
eastern_europe,2025.5,6.9217,88.5433,4.5351
eastern_europe,2025.6,7.1402,88.2059,4.6538
eastern_europe,2025.7,7.3649,87.8611,4.7740
eastern_europe,2025.8,7.5957,87.5088,4.8956
eastern_europe,2025.9,7.8328,87.1488,5.0184
eastern_europe,2026.0,8.0763,86.7812,5.1424
eastern_europe,2026.1,8.3264,86.4059,5.2676
eastern_europe,2026.2,8.5832,86.0228,5.3939
eastern_europe,2026.3,8.8469,85.6319,5.5213
eastern_europe,2026.4,9.1174,85.2331,5.6495
eastern_europe,2026.5,9.3950,84.8263,5.7786
eastern_europe,2026.6,9.6799,84.4116,5.9085
eastern_europe,2026.7,9.9720,83.9890,6.0391
eastern_europe,2026.8,10.2715,83.5583,6.1702
eastern_europe,2026.9,10.5786,83.1196,6.3018
eastern_europe,2027.0,10.8933,82.6729,6.4338
eastern_europe,2027.1,11.2158,82.2181,6.5661
eastern_europe,2027.2,11.5462,81.7553,6.6985
eastern_europe,2027.3,11.8845,81.2845,6.8310
eastern_europe,2027.4,12.2309,80.8057,6.9635
eastern_europe,2027.5,12.5854,80.3189,7.0957
eastern_europe,2027.6,12.9482,79.8242,7.2276
eastern_europe,2027.7,13.3194,79.3216,7.3591
eastern_europe,2027.8,13.6989,78.8111,7.4900
eastern_europe,2027.9,14.0869,78.2930,7.6202
eastern_europe,2028.0,14.4834,77.7671,7.7495
eastern_europe,2028.1,14.8885,77.2336,7.8786
eastern_europe,2028.2,15.3022,76.6926,8.0069
eastern_europe,2028.3,15.7246,76.1443,8.1339
eastern_europe,2028.4,16.1557,75.5886,8.2596
eastern_europe,2028.5,16.5955,75.0258,8.3837
eastern_europe,2028.6,17.0440,74.4560,8.5062
eastern_europe,2028.7,17.5013,73.8793,8.6268
eastern_europe,2028.8,17.9673,73.2959,8.7454
eastern_europe,2028.9,18.4419,72.7060,8.8619
eastern_europe,2029.0,18.9252,72.1097,8.9761
eastern_europe,2029.1,19.4172,71.5072,9.0879
eastern_europe,2029.2,19.9176,70.8988,9.1972
eastern_europe,2029.3,20.4265,70.2847,9.3037
eastern_europe,2029.4,20.9438,69.6651,9.4074
eastern_europe,2029.5,21.4694,69.0402,9.5080
eastern_europe,2029.6,22.0032,68.4103,9.6056
eastern_europe,2029.7,22.5449,67.7757,9.6999
eastern_europe,2029.8,23.0946,67.1365,9.7908
eastern_europe,2029.9,23.6520,66.4932,9.8782
eastern_europe,2030.0,24.2169,65.8460,9.9620
eastern_europe,2030.1,24.7892,65.1952,10.0421
eastern_europe,2030.2,25.3686,64.5411,10.1183
eastern_europe,2030.3,25.9549,63.8840,10.1906
eastern_europe,2030.4,26.5478,63.2244,10.2589
eastern_europe,2030.5,27.1472,62.5624,10.3231
eastern_europe,2030.6,27.7527,61.8985,10.3831
eastern_europe,2030.7,28.3641,61.2330,10.4389
eastern_europe,2030.8,28.9809,60.5663,10.4904
eastern_europe,2030.9,29.6030,59.8988,10.5376
eastern_europe,2031.0,30.2299,59.2308,10.5804
eastern_europe,2031.1,30.8613,58.5627,10.6189
eastern_europe,2031.2,31.4968,57.8949,10.6530
eastern_europe,2031.3,32.1361,57.2277,10.6827
eastern_europe,2031.4,32.7787,56.5616,10.7080
eastern_europe,2031.5,33.4242,55.8970,10.7290
eastern_europe,2031.6,34.0722,55.2342,10.7456
eastern_europe,2031.7,34.7222,54.5736,10.7580
eastern_europe,2031.8,35.3739,53.9156,10.7663
eastern_europe,2031.9,36.0267,53.2607,10.7704
eastern_europe,2032.0,36.6801,52.6091,10.7704
eastern_europe,2032.1,37.3338,51.9613,10.7666
eastern_europe,2032.2,37.9871,51.3177,10.7589
eastern_europe,2032.3,38.6397,50.6785,10.7475
eastern_europe,2032.4,39.2910,50.0442,10.7325
eastern_europe,2032.5,39.9405,49.4151,10.7142
eastern_europe,2032.6,40.5878,48.7916,10.6925
eastern_europe,2032.7,41.2322,48.1739,10.6678
eastern_europe,2032.8,41.8735,47.5625,10.6401
eastern_europe,2032.9,42.5110,46.9576,10.6097
eastern_europe,2033.0,43.1442,46.3595,10.5767
eastern_europe,2033.1,43.7727,45.7685,10.5414
eastern_europe,2033.2,44.3961,45.1849,10.5039
eastern_europe,2033.3,45.0138,44.6089,10.4644
eastern_europe,2033.4,45.6254,44.0407,10.4232
eastern_europe,2033.5,46.2305,43.4806,10.3805
eastern_europe,2033.6,46.8286,42.9288,10.3364
eastern_europe,2033.7,47.4195,42.3855,10.2912
eastern_europe,2033.8,48.0026,41.8508,10.2452
eastern_europe,2033.9,48.5776,41.3248,10.1984
eastern_europe,2034.0,49.1442,40.8078,10.1512
eastern_europe,2034.1,49.7021,40.2997,10.1037
eastern_europe,2034.2,50.2510,39.8008,10.0562
eastern_europe,2034.3,50.7906,39.3110,10.0088
eastern_europe,2034.4,51.3207,38.8305,9.9617
eastern_europe,2034.5,51.8410,38.3592,9.9150
eastern_europe,2034.6,52.3514,37.8972,9.8691
eastern_europe,2034.7,52.8518,37.4445,9.8240
eastern_europe,2034.8,53.3420,37.0009,9.7798
eastern_europe,2034.9,53.8218,36.5666,9.7368
eastern_europe,2035.0,54.2914,36.1414,9.6949
eastern_europe,2035.1,54.7505,35.7253,9.6545
eastern_europe,2035.2,55.1992,35.3182,9.6154
eastern_europe,2035.3,55.6376,34.9198,9.5779
eastern_europe,2035.4,56.0657,34.5303,9.5420
eastern_europe,2035.5,56.4835,34.1493,9.5078
eastern_europe,2035.6,56.8912,33.7768,9.4752
eastern_europe,2035.7,57.2889,33.4125,9.4444
eastern_europe,2035.8,57.6767,33.0564,9.4153
eastern_europe,2035.9,58.0549,32.7082,9.3879
eastern_europe,2036.0,58.4237,32.3677,9.3623
eastern_europe,2036.1,58.7832,32.0347,9.3384
eastern_europe,2036.2,59.1338,31.7091,9.3161
eastern_europe,2036.3,59.4756,31.3906,9.2955
eastern_europe,2036.4,59.8090,31.0790,9.2764
eastern_europe,2036.5,60.1342,30.7740,9.2588
eastern_europe,2036.6,60.4515,30.4756,9.2426
eastern_europe,2036.7,60.7613,30.1833,9.2278
eastern_europe,2036.8,61.0638,29.8970,9.2142
eastern_europe,2036.9,61.3595,29.6166,9.2018
eastern_europe,2037.0,61.6485,29.3417,9.1904
eastern_europe,2037.1,61.9313,29.0721,9.1799
eastern_europe,2037.2,62.2081,28.8076,9.1703
eastern_europe,2037.3,62.4793,28.5481,9.1614
eastern_europe,2037.4,62.7452,28.2932,9.1531
eastern_europe,2037.5,63.0061,28.0428,9.1453
eastern_europe,2037.6,63.2624,27.7968,9.1378
eastern_europe,2037.7,63.5142,27.5548,9.1307
eastern_europe,2037.8,63.7620,27.3168,9.1237
eastern_europe,2037.9,64.0060,27.0824,9.1168
eastern_europe,2038.0,64.2464,26.8517,9.1099
eastern_europe,2038.1,64.4835,26.6244,9.1029
eastern_europe,2038.2,64.7176,26.4003,9.0956
eastern_europe,2038.3,64.9488,26.1794,9.0881
eastern_europe,2038.4,65.1775,25.9614,9.0802
eastern_europe,2038.5,65.4037,25.7463,9.0718
eastern_europe,2038.6,65.6277,25.5339,9.0629
eastern_europe,2038.7,65.8497,25.3241,9.0535
eastern_europe,2038.8,66.0698,25.1168,9.0434
eastern_europe,2038.9,66.2882,24.9119,9.0327
eastern_europe,2039.0,66.5050,24.7093,9.0212
eastern_europe,2039.1,66.7203,24.5090,9.0090
eastern_europe,2039.2,66.9342,24.3108,8.9963
eastern_europe,2039.3,67.1468,24.1147,8.9831
eastern_europe,2039.4,67.3582,23.9206,8.9689
eastern_europe,2039.5,67.5685,23.7285,8.9537
eastern_europe,2039.6,67.7778,23.5383,8.9376
eastern_europe,2039.7,67.9860,23.3500,8.9205
eastern_europe,2039.8,68.1933,23.1635,8.9024
eastern_europe,2039.9,68.3996,22.9788,8.8834
eastern_europe,2040.0,68.6051,22.7958,8.8635
eastern_europe,2040.1,68.8097,22.6146,8.8428
eastern_europe,2040.2,69.0134,22.4350,8.8211
eastern_europe,2040.3,69.2163,22.2571,8.7986
eastern_europe,2040.4,69.4183,22.0809,8.7752
eastern_europe,2040.5,69.6195,21.9064,8.7510
eastern_europe,2040.6,69.8199,21.7334,8.7261
eastern_europe,2040.7,70.0195,21.5621,8.7003
eastern_europe,2040.8,70.2182,21.3923,8.6738
eastern_europe,2040.9,70.4160,21.2242,8.6465
eastern_europe,2041.0,70.6130,21.0576,8.6186
eastern_europe,2041.1,70.8092,20.8926,8.5899
eastern_europe,2041.2,71.0044,20.7291,8.5605
eastern_europe,2041.3,71.1987,20.5673,8.5305
eastern_europe,2041.4,71.3921,20.4069,8.4998
eastern_europe,2041.5,71.5846,20.2481,8.4685
eastern_europe,2041.6,71.7761,20.0909,8.4366
eastern_europe,2041.7,71.9667,19.9352,8.4041
eastern_europe,2041.8,72.1563,19.7810,8.3711
eastern_europe,2041.9,72.3448,19.6284,8.3375
eastern_europe,2042.0,72.5324,19.4773,8.3034
eastern_europe,2042.1,72.7189,19.3277,8.2688
eastern_europe,2042.2,72.9043,19.1796,8.2338
eastern_europe,2042.3,73.0887,19.0331,8.1982
eastern_europe,2042.4,73.2720,18.8880,8.1623
eastern_europe,2042.5,73.4542,18.7445,8.1259
eastern_europe,2042.6,73.6352,18.6024,8.0891
eastern_europe,2042.7,73.8152,18.4618,8.0520
eastern_europe,2042.8,73.9939,18.3227,8.0145
eastern_europe,2042.9,74.1716,18.1851,7.9766
eastern_europe,2043.0,74.3480,18.0490,7.9385
eastern_europe,2043.1,74.5233,17.9143,7.9000
eastern_europe,2043.2,74.6973,17.7810,7.8613
eastern_europe,2043.3,74.8701,17.6492,7.8223
eastern_europe,2043.4,75.0418,17.5189,7.7831
eastern_europe,2043.5,75.2121,17.3899,7.7436
eastern_europe,2043.6,75.3813,17.2624,7.7040
eastern_europe,2043.7,75.5492,17.1363,7.6642
eastern_europe,2043.8,75.7158,17.0115,7.6242
eastern_europe,2043.9,75.8811,16.8882,7.5841
eastern_europe,2044.0,76.0452,16.7662,7.5438
eastern_europe,2044.1,76.2080,16.6456,7.5035
eastern_europe,2044.2,76.3695,16.5264,7.4630
eastern_europe,2044.3,76.5297,16.4085,7.4225
eastern_europe,2044.4,76.6885,16.2919,7.3819
eastern_europe,2044.5,76.8461,16.1766,7.3413
eastern_europe,2044.6,77.0024,16.0626,7.3007
eastern_europe,2044.7,77.1574,15.9500,7.2601
eastern_europe,2044.8,77.3110,15.8386,7.2194
eastern_europe,2044.9,77.4633,15.7284,7.1788
eastern_europe,2045.0,77.6143,15.6195,7.1383
eastern_europe,2045.1,77.7640,15.5119,7.0977
eastern_europe,2045.2,77.9123,15.4054,7.0573
eastern_europe,2045.3,78.0594,15.3002,7.0169
eastern_europe,2045.4,78.2051,15.1962,6.9767
eastern_europe,2045.5,78.3495,15.0933,6.9365
eastern_europe,2045.6,78.4925,14.9917,6.8964
eastern_europe,2045.7,78.6343,14.8911,6.8565
eastern_europe,2045.8,78.7747,14.7917,6.8168
eastern_europe,2045.9,78.9138,14.6935,6.7772
eastern_europe,2046.0,79.0516,14.5963,6.7377
eastern_europe,2046.1,79.1881,14.5003,6.6984
eastern_europe,2046.2,79.3233,14.4053,6.6593
eastern_europe,2046.3,79.4572,14.3114,6.6204
eastern_europe,2046.4,79.5898,14.2185,6.5818
eastern_europe,2046.5,79.7211,14.1267,6.5433
eastern_europe,2046.6,79.8511,14.0358,6.5050
eastern_europe,2046.7,79.9799,13.9460,6.4670
eastern_europe,2046.8,80.1074,13.8572,6.4292
eastern_europe,2046.9,80.2336,13.7694,6.3917
eastern_europe,2047.0,80.3586,13.6825,6.3544
eastern_europe,2047.1,80.4823,13.5966,6.3173
eastern_europe,2047.2,80.6048,13.5116,6.2805
eastern_europe,2047.3,80.7261,13.4276,6.2440
eastern_europe,2047.4,80.8462,13.3444,6.2078
eastern_europe,2047.5,80.9650,13.2622,6.1718
eastern_europe,2047.6,81.0827,13.1808,6.1361
eastern_europe,2047.7,81.1991,13.1003,6.1007
eastern_europe,2047.8,81.3144,13.0207,6.0656
eastern_europe,2047.9,81.4285,12.9419,6.0308
eastern_europe,2048.0,81.5414,12.8639,5.9962
eastern_europe,2048.1,81.6532,12.7867,5.9620
eastern_europe,2048.2,81.7639,12.7104,5.9281
eastern_europe,2048.3,81.8734,12.6348,5.8944
eastern_europe,2048.4,81.9818,12.5600,5.8611
eastern_europe,2048.5,82.0891,12.4860,5.8280
eastern_europe,2048.6,82.1953,12.4128,5.7953
eastern_europe,2048.7,82.3004,12.3402,5.7628
eastern_europe,2048.8,82.4045,12.2684,5.7307
eastern_europe,2048.9,82.5075,12.1974,5.6989
eastern_europe,2049.0,82.6094,12.1270,5.6673
eastern_europe,2049.1,82.7103,12.0574,5.6361
eastern_europe,2049.2,82.8102,11.9884,5.6051
eastern_europe,2049.3,82.9090,11.9201,5.5745
eastern_europe,2049.4,83.0069,11.8525,5.5441
eastern_europe,2049.5,83.1038,11.7855,5.5141
eastern_europe,2049.6,83.1996,11.7192,5.4843
eastern_europe,2049.7,83.2946,11.6535,5.4548
eastern_europe,2049.8,83.3885,11.5885,5.4256
eastern_europe,2049.9,83.4816,11.5240,5.3967
eastern_europe,2050.0,83.5737,11.4602,5.3681
eu,2015.0,0.2897,99.4071,0.3034
eu,2015.1,0.3129,99.3607,0.3266
eu,2015.2,0.3376,99.3115,0.3510
eu,2015.3,0.3639,99.2596,0.3768
eu,2015.4,0.3916,99.2048,0.4039
eu,2015.5,0.4209,99.1470,0.4324
eu,2015.6,0.4518,99.0863,0.4622
eu,2015.7,0.4844,99.0225,0.4934
eu,2015.8,0.5187,98.9557,0.5261
eu,2015.9,0.5547,98.8857,0.5601
eu,2016.0,0.5925,98.8125,0.5956
eu,2016.1,0.6321,98.7360,0.6325
eu,2016.2,0.6736,98.6562,0.6709
eu,2016.3,0.7169,98.5730,0.7107
eu,2016.4,0.7622,98.4865,0.7521
eu,2016.5,0.8095,98.3964,0.7949
eu,2016.6,0.8587,98.3029,0.8393
eu,2016.7,0.9101,98.2057,0.8852
eu,2016.8,0.9635,98.1050,0.9326
eu,2016.9,1.0190,98.0005,0.9816
eu,2017.0,1.0767,97.8924,1.0321
eu,2017.1,1.1367,97.7797,1.0850
eu,2017.2,1.1990,97.6619,1.1406
eu,2017.3,1.2637,97.5392,1.1988
eu,2017.4,1.3308,97.4116,1.2594
eu,2017.5,1.4004,97.2791,1.3224
eu,2017.6,1.4725,97.1417,1.3878
eu,2017.7,1.5473,96.9994,1.4554
eu,2017.8,1.6247,96.8523,1.5253
eu,2017.9,1.7048,96.7002,1.5974
eu,2018.0,1.7877,96.5431,1.6717
eu,2018.1,1.8811,96.3793,1.7481
eu,2018.2,1.9706,96.2113,1.8265
eu,2018.3,2.0627,96.0383,1.9071
eu,2018.4,2.1577,95.8605,1.9896
eu,2018.5,2.2556,95.6777,2.0741
eu,2018.6,2.3566,95.4899,2.1606
eu,2018.7,2.4606,95.2971,2.2490
eu,2018.8,2.5679,95.0992,2.3392
eu,2018.9,2.6783,94.8963,2.4312
eu,2019.0,2.7921,94.6883,2.5251
eu,2019.1,2.9092,94.4752,2.6207
eu,2019.2,3.0297,94.2570,2.7179
eu,2019.3,3.1537,94.0336,2.8169
eu,2019.4,3.2811,93.8051,2.9174
eu,2019.5,3.4122,93.5715,3.0196
eu,2019.6,3.5468,93.3327,3.1235
eu,2019.7,3.6851,93.0888,3.2290
eu,2019.8,3.8271,92.8398,3.3359
eu,2019.9,3.9728,92.5856,3.4442
eu,2020.0,4.1224,92.3262,3.5539
eu,2020.1,4.2758,92.0617,3.6648
eu,2020.2,4.4332,91.7921,3.7769
eu,2020.3,4.5944,91.5173,3.8902
eu,2020.4,4.7597,91.2374,4.0046
eu,2020.5,4.9290,90.9525,4.1200
eu,2020.6,5.1024,90.6624,4.2364
eu,2020.7,5.2799,90.3673,4.3537
eu,2020.8,5.4616,90.0671,4.4720
eu,2020.9,5.6475,89.7619,4.5911
eu,2021.0,5.8376,89.4517,4.7110
eu,2021.1,6.0321,89.1365,4.8315
eu,2021.2,6.2308,88.8164,4.9528
eu,2021.3,6.4339,88.4913,5.0748
eu,2021.4,6.6413,88.1613,5.1973
eu,2021.5,6.8532,87.8265,5.3202
eu,2021.6,7.0696,87.4869,5.4435
eu,2021.7,7.2904,87.1425,5.5671
eu,2021.8,7.5156,86.7934,5.6910
eu,2021.9,7.7454,86.4395,5.8150
eu,2022.0,7.9798,86.0810,5.9392
eu,2022.1,8.2187,85.7180,6.0634
eu,2022.2,8.4621,85.3503,6.1876
eu,2022.3,8.7101,84.9782,6.3117
eu,2022.4,8.9627,84.6016,6.4356
eu,2022.5,9.2199,84.2207,6.5594
eu,2022.6,9.4817,83.8354,6.6829
eu,2022.7,9.7481,83.4458,6.8061
eu,2022.8,10.0191,83.0521,6.9289
eu,2022.9,10.2946,82.6542,7.0512
eu,2023.0,10.5747,82.2522,7.1731
eu,2023.1,10.8593,81.8463,7.2944
eu,2023.2,11.1485,81.4364,7.4151
eu,2023.3,11.4421,81.0226,7.5352
eu,2023.4,11.7403,80.6051,7.6546
eu,2023.5,12.0428,80.1839,7.7733
eu,2023.6,12.3498,79.7590,7.8912
eu,2023.7,12.6611,79.3306,8.0083
eu,2023.8,12.9768,78.8987,8.1246
eu,2023.9,13.2967,78.4634,8.2399
eu,2024.0,13.6208,78.0248,8.3544
eu,2024.1,13.9491,77.5830,8.4680
eu,2024.2,14.2814,77.1380,8.5806
eu,2024.3,14.6178,76.6900,8.6922
eu,2024.4,14.9581,76.2390,8.8029
eu,2024.5,15.3024,75.7851,8.9125
eu,2024.6,15.6504,75.3285,9.0211
eu,2024.7,16.0022,74.8691,9.1287
eu,2024.8,16.3576,74.4071,9.2353
eu,2024.9,16.7166,73.9426,9.3408
eu,2025.0,17.0790,73.4757,9.4453
eu,2025.1,17.4449,73.0064,9.5488
eu,2025.2,17.8140,72.5348,9.6512
eu,2025.3,18.1863,72.0611,9.7526
eu,2025.4,18.5618,71.5853,9.8530
eu,2025.5,18.9403,71.1074,9.9523
eu,2025.6,19.3217,70.6277,10.0506
eu,2025.7,19.7059,70.1462,10.1479
eu,2025.8,20.0929,69.6629,10.2442
eu,2025.9,20.4825,69.1780,10.3395
eu,2026.0,20.8747,68.6916,10.4337
eu,2026.1,21.2693,68.2037,10.5331
eu,2026.2,21.6664,67.7143,10.6330
eu,2026.3,22.0657,67.2237,10.7315
eu,2026.4,22.4673,66.7319,10.8286
eu,2026.5,22.8710,66.2389,10.9242
eu,2026.6,23.2768,65.7449,11.0184
eu,2026.7,23.6845,65.2499,11.1110
eu,2026.8,24.0942,64.7540,11.2022
eu,2026.9,24.5058,64.2573,11.2918
eu,2027.0,24.9191,63.7598,11.3798
eu,2027.1,25.3342,63.2617,11.4663
eu,2027.2,25.7510,62.7630,11.5512
eu,2027.3,26.1694,62.2637,11.6344
eu,2027.4,26.5894,61.7641,11.7160
eu,2027.5,27.0110,61.2640,11.7959
eu,2027.6,27.4341,60.7637,11.8742
eu,2027.7,27.8587,60.2631,11.9508
eu,2027.8,28.2847,59.7624,12.0257
eu,2027.9,28.7121,59.2616,12.0989
eu,2028.0,29.1408,58.7608,12.1704
eu,2028.1,29.5710,58.2600,12.2403
eu,2028.2,30.0024,57.7594,12.3084
eu,2028.3,30.4351,57.2589,12.3749
eu,2028.4,30.8691,56.7587,12.4395
eu,2028.5,31.3043,56.2587,12.5024
eu,2028.6,31.7408,55.7592,12.5636
eu,2028.7,32.1783,55.2601,12.6230
eu,2028.8,32.6171,54.7615,12.6806
eu,2028.9,33.0569,54.2635,12.7364
eu,2029.0,33.4978,53.7662,12.7905
eu,2029.1,33.9398,53.2695,12.8427
eu,2029.2,34.3827,52.7737,12.8932
eu,2029.3,34.8266,52.2786,12.9419
eu,2029.4,35.2714,51.7845,12.9888
eu,2029.5,35.7170,51.2913,13.0339
eu,2029.6,36.1635,50.7992,13.0772
eu,2029.7,36.6107,50.3082,13.1187
eu,2029.8,37.0586,49.8183,13.1584
eu,2029.9,37.5072,49.3297,13.1963
eu,2030.0,37.9563,48.8424,13.2325
eu,2030.1,38.4059,48.3565,13.2668
eu,2030.2,38.8560,47.8720,13.2994
eu,2030.3,39.3065,47.3890,13.3302
eu,2030.4,39.7572,46.9077,13.3592
eu,2030.5,40.2081,46.4280,13.3877
eu,2030.6,40.6592,45.9500,13.4215
eu,2030.7,41.1104,45.4738,13.4532
eu,2030.8,41.5615,44.9996,13.4830
eu,2030.9,42.0125,44.5272,13.5107
eu,2031.0,42.4634,44.0569,13.5365
eu,2031.1,42.9139,43.5887,13.5604
eu,2031.2,43.3641,43.1227,13.5823
eu,2031.3,43.8138,42.6589,13.6022
eu,2031.4,44.2629,42.1975,13.6202
eu,2031.5,44.7115,41.7384,13.6363
eu,2031.6,45.1592,41.2818,13.6504
eu,2031.7,45.6062,40.8277,13.6627
eu,2031.8,46.0522,40.3763,13.6731
eu,2031.9,46.4972,39.9276,13.6817
eu,2032.0,46.9411,39.4816,13.6884
eu,2032.1,47.3837,39.0384,13.6932
eu,2032.2,47.8251,38.5981,13.6963
eu,2032.3,48.2651,38.1609,13.6976
eu,2032.4,48.7036,37.7266,13.6972
eu,2032.5,49.1405,37.2954,13.6951
eu,2032.6,49.5757,36.8674,13.6912
eu,2032.7,50.0092,36.4426,13.6857
eu,2032.8,50.4408,36.0211,13.6786
eu,2032.9,50.8705,35.6030,13.6699
eu,2033.0,51.2981,35.1882,13.6596
eu,2033.1,51.7237,34.7769,13.6478
eu,2033.2,52.1470,34.3690,13.6344
eu,2033.3,52.5681,33.9647,13.6197
eu,2033.4,52.9869,33.5641,13.6034
eu,2033.5,53.4032,33.1670,13.5858
eu,2033.6,53.8170,32.7736,13.5668
eu,2033.7,54.2283,32.3839,13.5465
eu,2033.8,54.6370,31.9980,13.5250
eu,2033.9,55.0429,31.6158,13.5021
eu,2034.0,55.4461,31.2374,13.4781
eu,2034.1,55.8466,30.8628,13.4529
eu,2034.2,56.2441,30.4921,13.4265
eu,2034.3,56.6388,30.1252,13.3990
eu,2034.4,57.0305,29.7622,13.3705
eu,2034.5,57.4193,29.4031,13.3409
eu,2034.6,57.8050,29.0479,13.3104
eu,2034.7,58.1877,28.6965,13.2788
eu,2034.8,58.5673,28.3491,13.2463
eu,2034.9,58.9439,28.0055,13.2129
eu,2035.0,59.3173,27.6658,13.1786
eu,2035.1,59.6876,27.3300,13.1435
eu,2035.2,60.0548,26.9980,13.1075
eu,2035.3,60.4189,26.6699,13.0707
eu,2035.4,60.7798,26.3456,13.0332
eu,2035.5,61.1376,26.0251,12.9948
eu,2035.6,61.4923,25.7084,12.9558
eu,2035.7,61.8438,25.3955,12.9160
eu,2035.8,62.1923,25.0863,12.8754
eu,2035.9,62.5377,24.7808,12.8342
eu,2036.0,62.8800,24.4790,12.7923
eu,2036.1,63.2194,24.1809,12.7498
eu,2036.2,63.5557,23.8863,12.7066
eu,2036.3,63.8890,23.5954,12.6627
eu,2036.4,64.2194,23.3079,12.6182
eu,2036.5,64.5469,23.0240,12.5730
eu,2036.6,64.8715,22.7436,12.5272
eu,2036.7,65.1933,22.4666,12.4808
eu,2036.8,65.5122,22.1929,12.4338
eu,2036.9,65.8284,21.9227,12.3862
eu,2037.0,66.1419,21.6557,12.3380
eu,2037.1,66.4527,21.3920,12.2891
eu,2037.2,66.7609,21.1316,12.2397
eu,2037.3,67.0665,20.8744,12.1896
eu,2037.4,67.3695,20.6203,12.1390
eu,2037.5,67.6699,20.3693,12.0877
eu,2037.6,67.9679,20.1214,12.0359
eu,2037.7,68.2635,19.8765,11.9835
eu,2037.8,68.5566,19.6347,11.9305
eu,2037.9,68.8473,19.3958,11.8769
eu,2038.0,69.1357,19.1598,11.8228
eu,2038.1,69.4218,18.9268,11.7681
eu,2038.2,69.7055,18.6966,11.7128
eu,2038.3,69.9871,18.4692,11.6570
eu,2038.4,70.2664,18.2446,11.6007
eu,2038.5,70.5434,18.0228,11.5438
eu,2038.6,70.8183,17.8037,11.4864
eu,2038.7,71.0911,17.5873,11.4285
eu,2038.8,71.3617,17.3736,11.3701
eu,2038.9,71.6301,17.1625,11.3111
eu,2039.0,71.8965,16.9540,11.2518
eu,2039.1,72.1608,16.7481,11.1919
eu,2039.2,72.4230,16.5448,11.1316
eu,2039.3,72.6831,16.3440,11.0710
eu,2039.4,72.9412,16.1457,11.0099
eu,2039.5,73.1972,15.9499,10.9483
eu,2039.6,73.4512,15.7565,10.8864
eu,2039.7,73.7031,15.5656,10.8241
eu,2039.8,73.9531,15.3770,10.7614
eu,2039.9,74.2010,15.1909,10.6983
eu,2040.0,74.4469,15.0071,10.6350
eu,2040.1,74.6908,14.8256,10.5713
eu,2040.2,74.9327,14.6465,10.5073
eu,2040.3,75.1727,14.4697,10.4431
eu,2040.4,75.4106,14.2951,10.3786
eu,2040.5,75.6465,14.1228,10.3139
eu,2040.6,75.8804,13.9527,10.2490
eu,2040.7,76.1124,13.7849,10.1838
eu,2040.8,76.3424,13.6192,10.1186
eu,2040.9,76.5704,13.4557,10.0531
eu,2041.0,76.7964,13.2943,9.9875
eu,2041.1,77.0204,13.1351,9.9218
eu,2041.2,77.2425,12.9780,9.8560
eu,2041.3,77.4626,12.8229,9.7901
eu,2041.4,77.6807,12.6700,9.7241
eu,2041.5,77.8968,12.5190,9.6581
eu,2041.6,78.1110,12.3701,9.5921
eu,2041.7,78.3233,12.2232,9.5260
eu,2041.8,78.5335,12.0783,9.4599
eu,2041.9,78.7419,11.9354,9.3939
eu,2042.0,78.9483,11.7943,9.3279
eu,2042.1,79.1527,11.6552,9.2619
eu,2042.2,79.3552,11.5181,9.1960
eu,2042.3,79.5557,11.3827,9.1302
eu,2042.4,79.7544,11.2493,9.0644
eu,2042.5,79.9511,11.1177,8.9988
eu,2042.6,80.1459,10.9878,8.9333
eu,2042.7,80.3387,10.8598,8.8680
eu,2042.8,80.5297,10.7336,8.8028
eu,2042.9,80.7188,10.6091,8.7378
eu,2043.0,80.9059,10.4864,8.6729
eu,2043.1,81.0912,10.3653,8.6083
eu,2043.2,81.2746,10.2460,8.5438
eu,2043.3,81.4561,10.1283,8.4796
eu,2043.4,81.6358,10.0123,8.4156
eu,2043.5,81.8136,9.8979,8.3519
eu,2043.6,81.9895,9.7851,8.2884
eu,2043.7,82.1637,9.6738,8.2252
eu,2043.8,82.3359,9.5642,8.1623
eu,2043.9,82.5064,9.4561,8.0996
eu,2044.0,82.6750,9.3495,8.0373
eu,2044.1,82.8419,9.2444,7.9753
eu,2044.2,83.0069,9.1408,7.9136
eu,2044.3,83.1702,9.0387,7.8523
eu,2044.4,83.3317,8.9379,7.7913
eu,2044.5,83.4914,8.8387,7.7306
eu,2044.6,83.6494,8.7408,7.6703
eu,2044.7,83.8056,8.6443,7.6104
eu,2044.8,83.9601,8.5491,7.5509
eu,2044.9,84.1129,8.4553,7.4918
eu,2045.0,84.2639,8.3628,7.4330
eu,2045.1,84.4133,8.2716,7.3747
eu,2045.2,84.5610,8.1817,7.3168
eu,2045.3,84.7070,8.0931,7.2593
eu,2045.4,84.8514,8.0057,7.2022
eu,2045.5,84.9941,7.9195,7.1456
eu,2045.6,85.1351,7.8345,7.0894
eu,2045.7,85.2746,7.7507,7.0336
eu,2045.8,85.4124,7.6681,6.9783
eu,2045.9,85.5487,7.5866,6.9234
eu,2046.0,85.6833,7.5062,6.8691
eu,2046.1,85.8164,7.4270,6.8151
eu,2046.2,85.9479,7.3489,6.7617
eu,2046.3,86.0779,7.2718,6.7087
eu,2046.4,86.2064,7.1958,6.6561
eu,2046.5,86.3333,7.1208,6.6041
eu,2046.6,86.4587,7.0468,6.5526
eu,2046.7,86.5827,6.9739,6.5015
eu,2046.8,86.7052,6.9019,6.4509
eu,2046.9,86.8262,6.8310,6.4008
eu,2047.0,86.9457,6.7609,6.3512
eu,2047.1,87.0639,6.6919,6.3021
eu,2047.2,87.1806,6.6237,6.2534
eu,2047.3,87.2959,6.5565,6.2053
eu,2047.4,87.4098,6.4901,6.1577
eu,2047.5,87.5224,6.4246,6.1105
eu,2047.6,87.6336,6.3600,6.0639
eu,2047.7,87.7434,6.2963,6.0177
eu,2047.8,87.8520,6.2334,5.9720
eu,2047.9,87.9592,6.1713,5.9269
eu,2048.0,88.0651,6.1100,5.8822
eu,2048.1,88.1697,6.0495,5.8380
eu,2048.2,88.2731,5.9897,5.7943
eu,2048.3,88.3752,5.9308,5.7511
eu,2048.4,88.4760,5.8726,5.7084
eu,2048.5,88.5757,5.8151,5.6661
eu,2048.6,88.6741,5.7584,5.6244
eu,2048.7,88.7713,5.7024,5.5831
eu,2048.8,88.8674,5.6470,5.5423
eu,2048.9,88.9623,5.5924,5.5020
eu,2049.0,89.0560,5.5385,5.4621
eu,2049.1,89.1486,5.4852,5.4228
eu,2049.2,89.2400,5.4326,5.3838
eu,2049.3,89.3304,5.3806,5.3454
eu,2049.4,89.4197,5.3292,5.3074
eu,2049.5,89.5078,5.2785,5.2699
eu,2049.6,89.5950,5.2284,5.2328
eu,2049.7,89.6810,5.1789,5.1961
eu,2049.8,89.7661,5.1299,5.1599
eu,2049.9,89.8501,5.0816,5.1242
eu,2050.0,89.9331,5.0338,5.0888
g7,2015.0,0.2869,99.4646,0.2485
g7,2015.1,0.3060,99.4313,0.2627
g7,2015.2,0.3261,99.3964,0.2775
g7,2015.3,0.3472,99.3598,0.2930
g7,2015.4,0.3694,99.3216,0.3090
g7,2015.5,0.3927,99.2816,0.3257
g7,2015.6,0.4172,99.2399,0.3429
g7,2015.7,0.4428,99.1964,0.3608
g7,2015.8,0.4695,99.1512,0.3793
g7,2015.9,0.4975,99.1041,0.3984
g7,2016.0,0.5267,99.0552,0.4182
g7,2016.1,0.5571,99.0044,0.4385
g7,2016.2,0.5888,98.9517,0.4595
g7,2016.3,0.6218,98.8971,0.4811
g7,2016.4,0.6560,98.8406,0.5034
g7,2016.5,0.6917,98.7821,0.5262
g7,2016.6,0.7287,98.7217,0.5497
g7,2016.7,0.7670,98.6592,0.5738
g7,2016.8,0.8068,98.5948,0.5985
g7,2016.9,0.8480,98.5283,0.6238
g7,2017.0,0.8906,98.4597,0.6497
g7,2017.1,0.9347,98.3891,0.6762
g7,2017.2,0.9802,98.3164,0.7034
g7,2017.3,1.0273,98.2416,0.7311
g7,2017.4,1.0758,98.1647,0.7594
g7,2017.5,1.1260,98.0857,0.7884
g7,2017.6,1.1776,98.0045,0.8179
g7,2017.7,1.2309,97.9211,0.8480
g7,2017.8,1.2857,97.8356,0.8787
g7,2017.9,1.3422,97.7479,0.9100
g7,2018.0,1.4002,97.6579,0.9418
g7,2018.1,1.4600,97.5658,0.9742
g7,2018.2,1.5213,97.4715,1.0072
g7,2018.3,1.5844,97.3749,1.0407
g7,2018.4,1.6491,97.2761,1.0748
g7,2018.5,1.7156,97.1750,1.1094
g7,2018.6,1.7838,97.0716,1.1446
g7,2018.7,1.8537,96.9660,1.1802
g7,2018.8,1.9254,96.8581,1.2165
g7,2018.9,1.9989,96.7480,1.2532
g7,2019.0,2.0741,96.6355,1.2904
g7,2019.1,2.1511,96.5207,1.3281
g7,2019.2,2.2300,96.4037,1.3663
g7,2019.3,2.3107,96.2843,1.4050
g7,2019.4,2.3932,96.1626,1.4442
g7,2019.5,2.4775,96.0386,1.4838
g7,2019.6,2.5638,95.9123,1.5239
g7,2019.7,2.6519,95.7837,1.5645
g7,2019.8,2.7419,95.6527,1.6054
g7,2019.9,2.8338,95.5194,1.6469
g7,2020.0,2.9276,95.3838,1.6887
g7,2020.1,3.0233,95.2458,1.7309
g7,2020.2,3.1209,95.1055,1.7735
g7,2020.3,3.2205,94.9629,1.8165
g7,2020.4,3.3221,94.8180,1.8599
g7,2020.5,3.4256,94.6708,1.9037
g7,2020.6,3.5311,94.5212,1.9478
g7,2020.7,3.6385,94.3693,1.9922
g7,2020.8,3.7480,94.2151,2.0370
g7,2020.9,3.8594,94.0585,2.0820
g7,2021.0,3.9728,93.8997,2.1274
g7,2021.1,4.0883,93.7386,2.1731
g7,2021.2,4.2058,93.5752,2.2191
g7,2021.3,4.3253,93.4094,2.2653
g7,2021.4,4.4468,93.2414,2.3118
g7,2021.5,4.5703,93.0711,2.3585
g7,2021.6,4.6959,92.8986,2.4055
g7,2021.7,4.8236,92.7238,2.4527
g7,2021.8,4.9533,92.5467,2.5000
g7,2021.9,5.0850,92.3674,2.5476
g7,2022.0,5.2188,92.1859,2.5953
g7,2022.1,5.3547,92.0021,2.6432
g7,2022.2,5.4926,91.8161,2.6913
g7,2022.3,5.6326,91.6279,2.7395
g7,2022.4,5.7747,91.4376,2.7877
g7,2022.5,5.9188,91.2450,2.8362
g7,2022.6,6.0650,91.0503,2.8846
g7,2022.7,6.2133,90.8535,2.9332
g7,2022.8,6.3637,90.6545,2.9818
g7,2022.9,6.5161,90.4533,3.0305
g7,2023.0,6.6707,90.2501,3.0792
g7,2023.1,6.8273,90.0448,3.1279
g7,2023.2,6.9859,89.8374,3.1767
g7,2023.3,7.1467,89.6279,3.2254
g7,2023.4,7.3095,89.4164,3.2741
g7,2023.5,7.4744,89.2029,3.3227
g7,2023.6,7.6414,88.9873,3.3713
g7,2023.7,7.8104,88.7698,3.4198
g7,2023.8,7.9815,88.5503,3.4682
g7,2023.9,8.1547,88.3288,3.5165
g7,2024.0,8.3299,88.1054,3.5647
g7,2024.1,8.5072,87.8800,3.6128
g7,2024.2,8.6865,87.6528,3.6607
g7,2024.3,8.8679,87.4237,3.7084
g7,2024.4,9.0513,87.1927,3.7560
g7,2024.5,9.2367,86.9599,3.8034
g7,2024.6,9.4242,86.7253,3.8506
g7,2024.7,9.6137,86.4888,3.8975
g7,2024.8,9.8052,86.2506,3.9442
g7,2024.9,9.9987,86.0107,3.9906
g7,2025.0,10.1942,85.7690,4.0368
g7,2025.1,10.3917,85.5256,4.0827
g7,2025.2,10.5912,85.2805,4.1283
g7,2025.3,10.7926,85.0338,4.1736
g7,2025.4,10.9960,84.7854,4.2185
g7,2025.5,11.2014,84.5355,4.2631
g7,2025.6,11.4087,84.2839,4.3074
g7,2025.7,11.6180,84.0307,4.3513
g7,2025.8,11.8292,83.7761,4.3948
g7,2025.9,12.0423,83.5199,4.4379
g7,2026.0,12.2573,83.2622,4.4805
g7,2026.1,12.4742,83.0030,4.5228
g7,2026.2,12.6930,82.7424,4.5646
g7,2026.3,12.9136,82.4804,4.6060
g7,2026.4,13.1361,82.2170,4.6469
g7,2026.5,13.3605,81.9522,4.6873
g7,2026.6,13.5867,81.6861,4.7272
g7,2026.7,13.8147,81.4187,4.7666
g7,2026.8,14.0445,81.1500,4.8055
g7,2026.9,14.2760,80.8801,4.8439
g7,2027.0,14.5094,80.6089,4.8817
g7,2027.1,14.7445,80.3365,4.9190
g7,2027.2,14.9814,80.0629,4.9557
g7,2027.3,15.2200,79.7881,4.9918
g7,2027.4,15.4603,79.5123,5.0274
g7,2027.5,15.7023,79.2353,5.0623
g7,2027.6,15.9460,78.9573,5.0967
g7,2027.7,16.1914,78.6782,5.1304
g7,2027.8,16.4384,78.3981,5.1635
g7,2027.9,16.6871,78.1170,5.1959
g7,2028.0,16.9373,77.8350,5.2277
g7,2028.1,17.1892,77.5520,5.2588
g7,2028.2,17.4426,77.2681,5.2893
g7,2028.3,17.6976,76.9833,5.3191
g7,2028.4,17.9541,76.6977,5.3482
g7,2028.5,18.2122,76.4112,5.3766
g7,2028.6,18.4718,76.1239,5.4043
g7,2028.7,18.7328,75.8358,5.4313
g7,2028.8,18.9954,75.5470,5.4576
g7,2028.9,19.2593,75.2575,5.4832
g7,2029.0,19.5247,74.9673,5.5080
g7,2029.1,19.7915,74.6764,5.5321
g7,2029.2,20.0597,74.3849,5.5554
g7,2029.3,20.3293,74.0927,5.5780
g7,2029.4,20.6002,73.7999,5.5998
g7,2029.5,20.8725,73.5066,5.6209
g7,2029.6,21.1460,73.2128,5.6412
g7,2029.7,21.4208,72.9184,5.6608
g7,2029.8,21.6969,72.6235,5.6795
g7,2029.9,21.9743,72.3282,5.6975
g7,2030.0,22.2528,72.0325,5.7147
g7,2030.1,22.5326,71.7363,5.7311
g7,2030.2,22.8135,71.4397,5.7468
g7,2030.3,23.0956,71.1428,5.7616
g7,2030.4,23.3788,70.8455,5.7756
g7,2030.5,23.6632,70.5479,5.7889
g7,2030.6,23.9486,70.2501,5.8013
g7,2030.7,24.2351,69.9519,5.8130
g7,2030.8,24.5226,69.6535,5.8238
g7,2030.9,24.8112,69.3549,5.8339
g7,2031.0,25.1007,69.0561,5.8431
g7,2031.1,25.3913,68.7572,5.8516
g7,2031.2,25.6828,68.4580,5.8592
g7,2031.3,25.9752,68.1588,5.8660
g7,2031.4,26.2685,67.8594,5.8721
g7,2031.5,26.5627,67.5600,5.8773
g7,2031.6,26.8578,67.2605,5.8817
g7,2031.7,27.1537,66.9609,5.8854
g7,2031.8,27.4504,66.6613,5.8882
g7,2031.9,27.7479,66.3618,5.8903
g7,2032.0,28.0462,66.0622,5.8916
g7,2032.1,28.3453,65.7627,5.8920
g7,2032.2,28.6450,65.4633,5.8917
g7,2032.3,28.9455,65.1639,5.8907
g7,2032.4,29.2466,64.8646,5.8888
g7,2032.5,29.5483,64.5655,5.8862
g7,2032.6,29.8508,64.2665,5.8828
g7,2032.7,30.1538,63.9676,5.8786
g7,2032.8,30.4574,63.6690,5.8737
g7,2032.9,30.7615,63.3705,5.8680
g7,2033.0,31.0662,63.0722,5.8616
g7,2033.1,31.3714,62.7742,5.8544
g7,2033.2,31.6771,62.4764,5.8465
g7,2033.3,31.9832,62.1789,5.8379
g7,2033.4,32.2898,61.8816,5.8286
g7,2033.5,32.5968,61.5847,5.8185
g7,2033.6,32.9042,61.2881,5.8077
g7,2033.7,33.2120,60.9918,5.7962
g7,2033.8,33.5201,60.6958,5.7841
g7,2033.9,33.8286,60.4002,5.7712
g7,2034.0,34.1373,60.1050,5.7577
g7,2034.1,34.4464,59.8102,5.7435
g7,2034.2,34.7557,59.5158,5.7286
g7,2034.3,35.0652,59.2217,5.7130
g7,2034.4,35.3750,58.9282,5.6969
g7,2034.5,35.6849,58.6350,5.6800
g7,2034.6,35.9950,58.3424,5.6626
g7,2034.7,36.3053,58.0502,5.6445
g7,2034.8,36.6157,57.7585,5.6258
g7,2034.9,36.9262,57.4673,5.6066
g7,2035.0,37.2367,57.1766,5.5867
g7,2035.1,37.5474,56.8864,5.5662
g7,2035.2,37.8580,56.5968,5.5452
g7,2035.3,38.1687,56.3077,5.5236
g7,2035.4,38.4794,56.0191,5.5015
g7,2035.5,38.7901,55.7311,5.4788
g7,2035.6,39.1007,55.4437,5.4556
g7,2035.7,39.4113,55.1569,5.4318
g7,2035.8,39.7217,54.8707,5.4076
g7,2035.9,40.0321,54.5851,5.3828
g7,2036.0,40.3423,54.3001,5.3576
g7,2036.1,40.6524,54.0158,5.3318
g7,2036.2,40.9623,53.7321,5.3056
g7,2036.3,41.2720,53.4490,5.2790
g7,2036.4,41.5816,53.1666,5.2519
g7,2036.5,41.8908,52.8848,5.2243
g7,2036.6,42.1999,52.6037,5.1964
g7,2036.7,42.5087,52.3233,5.1680
g7,2036.8,42.8172,52.0436,5.1392
g7,2036.9,43.1254,51.7646,5.1100
g7,2037.0,43.4332,51.4863,5.0805
g7,2037.1,43.7407,51.2087,5.0506
g7,2037.2,44.0479,50.9318,5.0203
g7,2037.3,44.3547,50.6556,4.9897
g7,2037.4,44.6611,50.3802,4.9587
g7,2037.5,44.9671,50.1055,4.9274
g7,2037.6,45.2726,49.8316,4.8958
g7,2037.7,45.5777,49.5584,4.8639
g7,2037.8,45.8824,49.2859,4.8317
g7,2037.9,46.1865,49.0143,4.7992
g7,2038.0,46.4902,48.7434,4.7664
g7,2038.1,46.7933,48.4732,4.7334
g7,2038.2,47.0959,48.2039,4.7002
g7,2038.3,47.3980,47.9353,4.6667
g7,2038.4,47.6995,47.6675,4.6330
g7,2038.5,48.0004,47.4006,4.5990
g7,2038.6,48.3007,47.1344,4.5649
g7,2038.7,48.6004,46.8690,4.5305
g7,2038.8,48.8995,46.6045,4.4960
g7,2038.9,49.1980,46.3407,4.4613
g7,2039.0,49.4957,46.0778,4.4265
g7,2039.1,49.7928,45.8157,4.3915
g7,2039.2,50.0893,45.5544,4.3563
g7,2039.3,50.3850,45.2940,4.3210
g7,2039.4,50.6800,45.0344,4.2856
g7,2039.5,50.9743,44.7756,4.2501
g7,2039.6,51.2678,44.5177,4.2145
g7,2039.7,51.5606,44.2606,4.1788
g7,2039.8,51.8526,44.0044,4.1430
g7,2039.9,52.1438,43.7490,4.1072
g7,2040.0,52.4343,43.4945,4.0712
g7,2040.1,52.7239,43.2409,4.0352
g7,2040.2,53.0127,42.9881,3.9992
g7,2040.3,53.3007,42.7362,3.9632
g7,2040.4,53.5878,42.4851,3.9271
g7,2040.5,53.8740,42.2350,3.8910
g7,2040.6,54.1594,41.9857,3.8549
g7,2040.7,54.4440,41.7373,3.8187
g7,2040.8,54.7276,41.4898,3.7826
g7,2040.9,55.0103,41.2432,3.7466
g7,2041.0,55.2921,40.9974,3.7105
g7,2041.1,55.5730,40.7526,3.6745
g7,2041.2,55.8529,40.5086,3.6385
g7,2041.3,56.1319,40.2656,3.6025
g7,2041.4,56.4099,40.0234,3.5666
g7,2041.5,56.6870,39.7822,3.5308
g7,2041.6,56.9631,39.5418,3.4951
g7,2041.7,57.2382,39.3024,3.4594
g7,2041.8,57.5123,39.0639,3.4238
g7,2041.9,57.7854,38.8263,3.3883
g7,2042.0,58.0575,38.5896,3.3529
g7,2042.1,58.3285,38.3538,3.3177
g7,2042.2,58.5985,38.1190,3.2825
g7,2042.3,58.8675,37.8851,3.2474
g7,2042.4,59.1354,37.6521,3.2125
g7,2042.5,59.4023,37.4200,3.1777
g7,2042.6,59.6681,37.1889,3.1431
g7,2042.7,59.9328,36.9587,3.1085
g7,2042.8,60.1964,36.7294,3.0742
g7,2042.9,60.4590,36.5011,3.0400
g7,2043.0,60.7204,36.2737,3.0059
g7,2043.1,60.9807,36.0472,2.9720
g7,2043.2,61.2400,35.8217,2.9383
g7,2043.3,61.4980,35.5972,2.9048
g7,2043.4,61.7550,35.3736,2.8714
g7,2043.5,62.0108,35.1509,2.8383
g7,2043.6,62.2655,34.9292,2.8053
g7,2043.7,62.5190,34.7085,2.7725
g7,2043.8,62.7714,34.4887,2.7399
g7,2043.9,63.0226,34.2699,2.7075
g7,2044.0,63.2727,34.0520,2.6754
g7,2044.1,63.5215,33.8351,2.6434
g7,2044.2,63.7692,33.6191,2.6116
g7,2044.3,64.0157,33.4042,2.5801
g7,2044.4,64.2610,33.1902,2.5488
g7,2044.5,64.5051,32.9772,2.5177
g7,2044.6,64.7480,32.7651,2.4869
g7,2044.7,64.9897,32.5540,2.4563
g7,2044.8,65.2302,32.3439,2.4259
g7,2044.9,65.4694,32.1348,2.4070
g7,2045.0,65.7075,31.9267,2.3933
g7,2045.1,65.9443,31.7195,2.3798
g7,2045.2,66.1799,31.5134,2.3665
g7,2045.3,66.4142,31.3082,2.3534
g7,2045.4,66.6473,31.1040,2.3405
g7,2045.5,66.8791,30.9008,2.3277
g7,2045.6,67.1097,30.6986,2.3151
g7,2045.7,67.3391,30.4974,2.3027
g7,2045.8,67.5672,30.2972,2.2905
g7,2045.9,67.7940,30.0980,2.2784
g7,2046.0,68.0196,29.8997,2.2665
g7,2046.1,68.2439,29.7025,2.2548
g7,2046.2,68.4669,29.5063,2.2433
g7,2046.3,68.6886,29.3111,2.2319
g7,2046.4,68.9091,29.1169,2.2207
g7,2046.5,69.1283,28.9237,2.2096
g7,2046.6,69.3462,28.7316,2.1987
g7,2046.7,69.5628,28.5404,2.1880
g7,2046.8,69.7782,28.3502,2.1774
g7,2046.9,69.9922,28.1611,2.1670
g7,2047.0,70.2050,27.9730,2.1568
g7,2047.1,70.4164,27.7859,2.1467
g7,2047.2,70.6266,27.5998,2.1368
g7,2047.3,70.8354,27.4147,2.1270
g7,2047.4,71.0430,27.2307,2.1173
g7,2047.5,71.2492,27.0477,2.1079
g7,2047.6,71.4542,26.8657,2.0985
g7,2047.7,71.6578,26.6847,2.0893
g7,2047.8,71.8602,26.5048,2.0803
g7,2047.9,72.0612,26.3259,2.0713
g7,2048.0,72.2609,26.1480,2.0626
g7,2048.1,72.4593,25.9711,2.0539
g7,2048.2,72.6564,25.7953,2.0454
g7,2048.3,72.8522,25.6205,2.0371
g7,2048.4,73.0466,25.4468,2.0288
g7,2048.5,73.2398,25.2740,2.0207
g7,2048.6,73.4316,25.1024,2.0127
g7,2048.7,73.6221,24.9317,2.0048
g7,2048.8,73.8113,24.7621,1.9971
g7,2048.9,73.9992,24.5935,1.9895
g7,2049.0,74.1858,24.4260,1.9820
g7,2049.1,74.3710,24.2595,1.9746
g7,2049.2,74.5550,24.0940,1.9673
g7,2049.3,74.7376,23.9296,1.9602
g7,2049.4,74.9189,23.7662,1.9533
g7,2049.5,75.0989,23.6039,1.9466
g7,2049.6,75.2776,23.4426,1.9399
g7,2049.7,75.4549,23.2823,1.9333
g7,2049.8,75.6309,23.1231,1.9269
g7,2049.9,75.8057,22.9650,1.9205
g7,2050.0,75.9791,22.8078,1.9142
north_america,2015.0,0.2941,99.5152,0.1908
north_america,2015.1,0.3121,99.4880,0.1999
north_america,2015.2,0.3309,99.4599,0.2092
north_america,2015.3,0.3505,99.4309,0.2187
north_america,2015.4,0.3708,99.4008,0.2284
north_america,2015.5,0.3918,99.3698,0.2384
north_america,2015.6,0.4137,99.3378,0.2485
north_america,2015.7,0.4363,99.3048,0.2589
north_america,2015.8,0.4598,99.2707,0.2695
north_america,2015.9,0.4841,99.2356,0.2803
north_america,2016.0,0.5092,99.1995,0.2914
north_america,2016.1,0.5352,99.1622,0.3026
north_america,2016.2,0.5620,99.1239,0.3141
north_america,2016.3,0.5897,99.0845,0.3257
north_america,2016.4,0.6184,99.0440,0.3376
north_america,2016.5,0.6479,99.0024,0.3496
north_america,2016.6,0.6784,98.9597,0.3619
north_america,2016.7,0.7098,98.9158,0.3744
north_america,2016.8,0.7421,98.8708,0.3871
north_america,2016.9,0.7755,98.8246,0.3999
north_america,2017.0,0.8098,98.7772,0.4130
north_america,2017.1,0.8451,98.7287,0.4262
north_america,2017.2,0.8814,98.6789,0.4397
north_america,2017.3,0.9187,98.6280,0.4533
north_america,2017.4,0.9571,98.5758,0.4671
north_america,2017.5,0.9965,98.5224,0.4811
north_america,2017.6,1.0370,98.4677,0.4953
north_america,2017.7,1.0785,98.4118,0.5097
north_america,2017.8,1.1212,98.3546,0.5242
north_america,2017.9,1.1649,98.2961,0.5390
north_america,2018.0,1.2098,98.2364,0.5538
north_america,2018.1,1.2558,98.1753,0.5689
north_america,2018.2,1.3029,98.1130,0.5841
north_america,2018.3,1.3512,98.0493,0.5995
north_america,2018.4,1.4006,97.9843,0.6151
north_america,2018.5,1.4513,97.9180,0.6308
north_america,2018.6,1.5031,97.8503,0.6466
north_america,2018.7,1.5562,97.7812,0.6626
north_america,2018.8,1.6104,97.7108,0.6788
north_america,2018.9,1.6659,97.6390,0.6951
north_america,2019.0,1.7227,97.5658,0.7115
north_america,2019.1,1.7807,97.4913,0.7281
north_america,2019.2,1.8399,97.4153,0.7448
north_america,2019.3,1.9005,97.3379,0.7616
north_america,2019.4,1.9623,97.2590,0.7786
north_america,2019.5,2.0255,97.1788,0.7957
north_america,2019.6,2.0900,97.0971,0.8129
north_america,2019.7,2.1558,97.0140,0.8303
north_america,2019.8,2.2229,96.9293,0.8477
north_america,2019.9,2.2915,96.8433,0.8653
north_america,2020.0,2.3613,96.7557,0.8829
north_america,2020.1,2.4326,96.6667,0.9007
north_america,2020.2,2.5053,96.5762,0.9186
north_america,2020.3,2.5793,96.4842,0.9365
north_america,2020.4,2.6548,96.3907,0.9546
north_america,2020.5,2.7317,96.2956,0.9727
north_america,2020.6,2.8100,96.1991,0.9909
north_america,2020.7,2.8898,96.1010,1.0092
north_america,2020.8,2.9710,96.0014,1.0276
north_america,2020.9,3.0538,95.9002,1.0460
north_america,2021.0,3.1380,95.7975,1.0645
north_america,2021.1,3.2236,95.6933,1.0831
north_america,2021.2,3.3108,95.5874,1.1017
north_america,2021.3,3.3995,95.4801,1.1204
north_america,2021.4,3.4898,95.3711,1.1391
north_america,2021.5,3.5815,95.2606,1.1579
north_america,2021.6,3.6748,95.1484,1.1767
north_america,2021.7,3.7697,95.0347,1.1956
north_america,2021.8,3.8661,94.9194,1.2145
north_america,2021.9,3.9641,94.8025,1.2334
north_america,2022.0,4.0637,94.6840,1.2523
north_america,2022.1,4.1649,94.5638,1.2713
north_america,2022.2,4.2676,94.4421,1.2903
north_america,2022.3,4.3720,94.3187,1.3093
north_america,2022.4,4.4780,94.1937,1.3282
north_america,2022.5,4.5857,94.0671,1.3472
north_america,2022.6,4.6949,93.9389,1.3662
north_america,2022.7,4.8059,93.8090,1.3852
north_america,2022.8,4.9184,93.6774,1.4042
north_america,2022.9,5.0327,93.5442,1.4231
north_america,2023.0,5.1486,93.4094,1.4420
north_america,2023.1,5.2662,93.2729,1.4609
north_america,2023.2,5.3854,93.1348,1.4798
north_america,2023.3,5.5064,92.9950,1.4986
north_america,2023.4,5.6291,92.8535,1.5174
north_america,2023.5,5.7535,92.7104,1.5362
north_america,2023.6,5.8796,92.5656,1.5549
north_america,2023.7,6.0074,92.4191,1.5735
north_america,2023.8,6.1369,92.2710,1.5921
north_america,2023.9,6.2682,92.1212,1.6106
north_america,2024.0,6.4013,91.9697,1.6290
north_america,2024.1,6.5361,91.8165,1.6474
north_america,2024.2,6.6726,91.6617,1.6657
north_america,2024.3,6.8109,91.5052,1.6839
north_america,2024.4,6.9510,91.3470,1.7020
north_america,2024.5,7.0928,91.1871,1.7201
north_america,2024.6,7.2365,91.0255,1.7380
north_america,2024.7,7.3819,90.8623,1.7558
north_america,2024.8,7.5291,90.6973,1.7736
north_america,2024.9,7.6781,90.5307,1.7912
north_america,2025.0,7.8289,90.3624,1.8087
north_america,2025.1,7.9815,90.1924,1.8260
north_america,2025.2,8.1359,90.0208,1.8433
north_america,2025.3,8.2922,89.8474,1.8604
north_america,2025.4,8.4502,89.6724,1.8774
north_america,2025.5,8.6101,89.4957,1.8942
north_america,2025.6,8.7718,89.3173,1.9109
north_america,2025.7,8.9353,89.1372,1.9275
north_america,2025.8,9.1007,88.9555,1.9439
north_america,2025.9,9.2678,88.7720,1.9601
north_america,2026.0,9.4369,88.5870,1.9762
north_america,2026.1,9.6077,88.4002,1.9921
north_america,2026.2,9.7804,88.2117,2.0078
north_america,2026.3,9.9550,88.0216,2.0234
north_america,2026.4,10.1314,87.8299,2.0388
north_america,2026.5,10.3096,87.6364,2.0539
north_america,2026.6,10.4897,87.4413,2.0689
north_america,2026.7,10.6717,87.2446,2.0837
north_america,2026.8,10.8554,87.0462,2.0984
north_america,2026.9,11.0411,86.8462,2.1128
north_america,2027.0,11.2286,86.6445,2.1270
north_america,2027.1,11.4179,86.4411,2.1409
north_america,2027.2,11.6091,86.2362,2.1547
north_america,2027.3,11.8022,86.0296,2.1683
north_america,2027.4,11.9971,85.8213,2.1816
north_america,2027.5,12.1938,85.6115,2.1947
north_america,2027.6,12.3924,85.4000,2.2075
north_america,2027.7,12.5929,85.1869,2.2202
north_america,2027.8,12.7952,84.9722,2.2326
north_america,2027.9,12.9994,84.7559,2.2447
north_america,2028.0,13.2054,84.5380,2.2566
north_america,2028.1,13.4132,84.3186,2.2682
north_america,2028.2,13.6229,84.0975,2.2796
north_america,2028.3,13.8344,83.8748,2.2908
north_america,2028.4,14.0478,83.6506,2.3016
north_america,2028.5,14.2630,83.4248,2.3122
north_america,2028.6,14.4800,83.1975,2.3225
north_america,2028.7,14.6988,82.9686,2.3326
north_america,2028.8,14.9195,82.7381,2.3424
north_america,2028.9,15.1420,82.5062,2.3518
north_america,2029.0,15.3663,82.2727,2.3610
north_america,2029.1,15.5924,82.0376,2.3700
north_america,2029.2,15.8203,81.8011,2.3786
north_america,2029.3,16.0501,81.5630,2.3869
north_america,2029.4,16.2816,81.3235,2.3949
north_america,2029.5,16.5149,81.0824,2.4027
north_america,2029.6,16.7500,80.8399,2.4101
north_america,2029.7,16.9869,80.5959,2.4172
north_america,2029.8,17.2255,80.3504,2.4240
north_america,2029.9,17.4659,80.1035,2.4305
north_america,2030.0,17.7081,79.8552,2.4367
north_america,2030.1,17.9520,79.6054,2.4426
north_america,2030.2,18.1977,79.3542,2.4481
north_america,2030.3,18.4451,79.1015,2.4533
north_america,2030.4,18.6943,78.8475,2.4582
north_america,2030.5,18.9452,78.5921,2.4628
north_america,2030.6,19.1977,78.3352,2.4670
north_america,2030.7,19.4520,78.0771,2.4709
north_america,2030.8,19.7080,77.8175,2.4745
north_america,2030.9,19.9657,77.5566,2.4777
north_america,2031.0,20.2251,77.2943,2.4806
north_america,2031.1,20.4861,77.0308,2.4831
north_america,2031.2,20.7488,76.7659,2.4853
north_america,2031.3,21.0132,76.4997,2.4872
north_america,2031.4,21.2791,76.2322,2.4887
north_america,2031.5,21.5468,75.9634,2.4898
north_america,2031.6,21.8160,75.6933,2.4907
north_america,2031.7,22.0869,75.4220,2.4911
north_america,2031.8,22.3593,75.1495,2.4912
north_america,2031.9,22.6334,74.8757,2.4910
north_america,2032.0,22.9090,74.6007,2.4904
north_america,2032.1,23.1862,74.3244,2.4894
north_america,2032.2,23.4649,74.0470,2.4881
north_america,2032.3,23.7452,73.7684,2.4864
north_america,2032.4,24.0270,73.4887,2.4843
north_america,2032.5,24.3103,73.2078,2.4819
north_america,2032.6,24.5951,72.9257,2.4792
north_america,2032.7,24.8814,72.6425,2.4760
north_america,2032.8,25.1692,72.3582,2.4726
north_america,2032.9,25.4585,72.0728,2.4687
north_america,2033.0,25.7492,71.7863,2.4645
north_america,2033.1,26.0413,71.4988,2.4599
north_america,2033.2,26.3349,71.2102,2.4550
north_america,2033.3,26.6298,70.9205,2.4496
north_america,2033.4,26.9262,70.6298,2.4440
north_america,2033.5,27.2239,70.3382,2.4379
north_america,2033.6,27.5230,70.0455,2.4315
north_america,2033.7,27.8234,69.7518,2.4248
north_america,2033.8,28.1252,69.4572,2.4176
north_america,2033.9,28.4282,69.1616,2.4101
north_america,2034.0,28.7326,68.8651,2.4023
north_america,2034.1,29.0383,68.5677,2.3941
north_america,2034.2,29.3452,68.2693,2.3855
north_america,2034.3,29.6533,67.9701,2.3765
north_america,2034.4,29.9627,67.6700,2.3673
north_america,2034.5,30.2733,67.3691,2.3576
north_america,2034.6,30.5851,67.0673,2.3476
north_america,2034.7,30.8981,66.7647,2.3372
north_america,2034.8,31.2123,66.4613,2.3265
north_america,2034.9,31.5275,66.1571,2.3154
north_america,2035.0,31.8440,65.8521,2.3040
north_america,2035.1,32.1615,65.5463,2.2922
north_america,2035.2,32.4801,65.2399,2.2800
north_america,2035.3,32.7997,64.9327,2.2676
north_america,2035.4,33.1205,64.6248,2.2547
north_america,2035.5,33.4422,64.3162,2.2416
north_america,2035.6,33.7650,64.0070,2.2281
north_america,2035.7,34.0887,63.6971,2.2142
north_america,2035.8,34.4135,63.3865,2.2000
north_america,2035.9,34.7392,63.0754,2.1855
north_america,2036.0,35.0658,62.7636,2.1706
north_america,2036.1,35.3933,62.4513,2.1554
north_america,2036.2,35.7217,62.1384,2.1399
north_america,2036.3,36.0510,61.8249,2.1241
north_america,2036.4,36.3812,61.5109,2.1079
north_america,2036.5,36.7121,61.1964,2.0914
north_america,2036.6,37.0439,60.8814,2.0746
north_america,2036.7,37.3765,60.5660,2.0575
north_america,2036.8,37.7099,60.2501,2.0401
north_america,2036.9,38.0439,59.9337,2.0223
north_america,2037.0,38.3788,59.6169,2.0043
north_america,2037.1,38.7143,59.2998,1.9860
north_america,2037.2,39.0505,58.9822,1.9673
north_america,2037.3,39.3874,58.6643,1.9484
north_america,2037.4,39.7249,58.3460,1.9291
north_america,2037.5,40.0630,58.0274,1.9096
north_america,2037.6,40.4017,57.7085,1.8898
north_america,2037.7,40.7410,57.3893,1.8698
north_america,2037.8,41.0808,57.0698,1.8494
north_america,2037.9,41.4212,56.7501,1.8288
north_america,2038.0,41.7621,56.4301,1.8079
north_america,2038.1,42.1034,56.1099,1.7867
north_america,2038.2,42.4452,55.7895,1.7653
north_america,2038.3,42.7875,55.4689,1.7436
north_america,2038.4,43.1301,55.1482,1.7217
north_america,2038.5,43.4732,54.8273,1.6995
north_america,2038.6,43.8166,54.5064,1.6771
north_america,2038.7,44.1604,54.1853,1.6544
north_america,2038.8,44.5044,53.8641,1.6315
north_america,2038.9,44.8488,53.5428,1.6084
north_america,2039.0,45.1935,53.2215,1.5850
north_america,2039.1,45.5384,52.9002,1.5614
north_america,2039.2,45.8835,52.5788,1.5376
north_america,2039.3,46.2289,52.2575,1.5136
north_america,2039.4,46.5744,51.9362,1.4894
north_america,2039.5,46.9201,51.6149,1.4650
north_america,2039.6,47.2659,51.2937,1.4404
north_america,2039.7,47.6118,50.9726,1.4156
north_america,2039.8,47.9578,50.6515,1.3906
north_america,2039.9,48.3039,50.3306,1.3655
north_america,2040.0,48.6500,50.0099,1.3401
north_america,2040.1,48.9962,49.6892,1.3146
north_america,2040.2,49.3423,49.3688,1.2889
north_america,2040.3,49.6884,49.0486,1.2631
north_america,2040.4,50.0344,48.7285,1.2371
north_america,2040.5,50.3804,48.4087,1.2109
north_america,2040.6,50.7262,48.0891,1.1846
north_america,2040.7,51.0720,47.7698,1.1582
north_america,2040.8,51.4176,47.4508,1.1316
north_america,2040.9,51.7630,47.1321,1.1049
north_america,2041.0,52.1082,46.8137,1.0781
north_america,2041.1,52.4532,46.4956,1.0512
north_america,2041.2,52.7979,46.1779,1.0241
north_america,2041.3,53.1424,45.8606,0.9970
north_america,2041.4,53.4866,45.5437,0.9697
north_america,2041.5,53.8305,45.2271,0.9424
north_america,2041.6,54.1740,44.9110,0.9149
north_america,2041.7,54.5172,44.5954,0.8874
north_america,2041.8,54.8600,44.2802,0.8598
north_america,2041.9,55.2024,43.9654,0.8322
north_america,2042.0,55.5444,43.6512,0.8044
north_america,2042.1,55.8859,43.3375,0.7766
north_america,2042.2,56.2269,43.0243,0.7488
north_america,2042.3,56.5674,42.7117,0.7209
north_america,2042.4,56.9074,42.3996,0.6929
north_america,2042.5,57.2469,42.0881,0.6650
north_america,2042.6,57.5858,41.7772,0.6369
north_america,2042.7,57.9241,41.4670,0.6089
north_america,2042.8,58.2619,41.1573,0.5808
north_america,2042.9,58.5989,40.8483,0.5528
north_america,2043.0,58.9353,40.5400,0.5247
north_america,2043.1,59.2711,40.2323,0.4966
north_america,2043.2,59.6061,39.9254,0.4685
north_america,2043.3,59.9405,39.6191,0.4404
north_america,2043.4,60.2740,39.3136,0.4124
north_america,2043.5,60.6069,39.0088,0.3843
north_america,2043.6,60.9389,38.7048,0.3563
north_america,2043.7,61.2701,38.4015,0.3283
north_america,2043.8,61.6005,38.0991,0.3004
north_america,2043.9,61.9301,37.7974,0.2725
north_america,2044.0,62.2587,37.4966,0.2446
north_america,2044.1,62.5865,37.1966,0.2168
north_america,2044.2,62.9134,36.8975,0.1891
north_america,2044.3,63.2394,36.5992,0.1614
north_america,2044.4,63.5644,36.3018,0.1338
north_america,2044.5,63.8884,36.0053,0.1063
north_america,2044.6,64.2115,35.7097,0.0788
north_america,2044.7,64.5335,35.4150,0.0515
north_america,2044.8,64.8545,35.1213,0.0242
north_america,2044.9,65.1745,34.8285,0.0154
north_america,2045.0,65.4934,34.5367,0.0150
north_america,2045.1,65.8112,34.2458,0.0146
north_america,2045.2,66.1279,33.9559,0.0143
north_america,2045.3,66.4435,33.6671,0.0139
north_america,2045.4,66.7579,33.3793,0.0135
north_america,2045.5,67.0712,33.0924,0.0131
north_america,2045.6,67.3833,32.8067,0.0127
north_america,2045.7,67.6942,32.5220,0.0123
north_america,2045.8,68.0039,32.2383,0.0120
north_america,2045.9,68.3124,31.9558,0.0116
north_america,2046.0,68.6196,31.6743,0.0112
north_america,2046.1,68.9256,31.3939,0.0108
north_america,2046.2,69.2303,31.1147,0.0104
north_america,2046.3,69.5337,30.8365,0.0101
north_america,2046.4,69.8358,30.5595,0.0097
north_america,2046.5,70.1365,30.2837,0.0093
north_america,2046.6,70.4360,30.0090,0.0090
north_america,2046.7,70.7340,29.7355,0.0086
north_america,2046.8,71.0307,29.4632,0.0082
north_america,2046.9,71.3260,29.1921,0.0079
north_america,2047.0,71.6199,28.9221,0.0075
north_america,2047.1,71.9124,28.6534,0.0072
north_america,2047.2,72.2034,28.3859,0.0068
north_america,2047.3,72.4931,28.1197,0.0065
north_america,2047.4,72.7812,27.8547,0.0061
north_america,2047.5,73.0679,27.5909,0.0058
north_america,2047.6,73.3531,27.3284,0.0054
north_america,2047.7,73.6368,27.0672,0.0051
north_america,2047.8,73.9190,26.8072,0.0047
north_america,2047.9,74.1997,26.5486,0.0044
north_america,2048.0,74.4788,26.2912,0.0041
north_america,2048.1,74.7564,26.0351,0.0037
north_america,2048.2,75.0324,25.7804,0.0034
north_america,2048.3,75.3069,25.5270,0.0031
north_america,2048.4,75.5798,25.2749,0.0027
north_america,2048.5,75.8511,25.0241,0.0024
north_america,2048.6,76.1208,24.7747,0.0021
north_america,2048.7,76.3889,24.5266,0.0018
north_america,2048.8,76.6553,24.2799,0.0015
north_america,2048.9,76.9202,24.0346,0.0011
north_america,2049.0,77.1834,23.7906,0.0008
north_america,2049.1,77.4449,23.5480,0.0005
north_america,2049.2,77.7048,23.3068,0.0002
north_america,2049.3,77.9630,23.0670,0.0000
north_america,2049.4,78.2196,22.8286,0.0000
north_america,2049.5,78.4744,22.5916,0.0000
north_america,2049.6,78.7276,22.3560,0.0000
north_america,2049.7,78.9791,22.1218,0.0000
north_america,2049.8,79.2289,21.8890,0.0000
north_america,2049.9,79.4770,21.6577,0.0000
north_america,2050.0,79.7233,21.4278,0.0000
south_america,2015.0,0.0002,99.9997,0.0001
south_america,2015.1,0.0003,99.9996,0.0001
south_america,2015.2,0.0003,99.9995,0.0002
south_america,2015.3,0.0004,99.9994,0.0002
south_america,2015.4,0.0004,99.9993,0.0002
south_america,2015.5,0.0005,99.9992,0.0003
south_america,2015.6,0.0006,99.9991,0.0003
south_america,2015.7,0.0007,99.9989,0.0004
south_america,2015.8,0.0008,99.9987,0.0005
south_america,2015.9,0.0010,99.9985,0.0006
south_america,2016.0,0.0011,99.9982,0.0007
south_america,2016.1,0.0013,99.9979,0.0008
south_america,2016.2,0.0015,99.9976,0.0009
south_america,2016.3,0.0017,99.9972,0.0011
south_america,2016.4,0.0020,99.9968,0.0013
south_america,2016.5,0.0023,99.9963,0.0015
south_america,2016.6,0.0026,99.9957,0.0017
south_america,2016.7,0.0030,99.9951,0.0020
south_america,2016.8,0.0034,99.9944,0.0023
south_america,2016.9,0.0039,99.9936,0.0026
south_america,2017.0,0.0044,99.9927,0.0030
south_america,2017.1,0.0050,99.9917,0.0034
south_america,2017.2,0.0056,99.9906,0.0039
south_america,2017.3,0.0064,99.9893,0.0044
south_america,2017.4,0.0072,99.9880,0.0050
south_america,2017.5,0.0080,99.9864,0.0057
south_america,2017.6,0.0090,99.9847,0.0064
south_america,2017.7,0.0101,99.9828,0.0073
south_america,2017.8,0.0113,99.9807,0.0082
south_america,2017.9,0.0126,99.9784,0.0092
south_america,2018.0,0.0141,99.9759,0.0103
south_america,2018.1,0.0156,99.9731,0.0116
south_america,2018.2,0.0174,99.9700,0.0130
south_america,2018.3,0.0193,99.9666,0.0145
south_america,2018.4,0.0213,99.9629,0.0161
south_america,2018.5,0.0236,99.9588,0.0180
south_america,2018.6,0.0261,99.9544,0.0200
south_america,2018.7,0.0287,99.9495,0.0222
south_america,2018.8,0.0317,99.9442,0.0246
south_america,2018.9,0.0348,99.9385,0.0273
south_america,2019.0,0.0383,99.9322,0.0302
south_america,2019.1,0.0420,99.9253,0.0333
south_america,2019.2,0.0460,99.9178,0.0368
south_america,2019.3,0.0504,99.9098,0.0405
south_america,2019.4,0.0551,99.9010,0.0446
south_america,2019.5,0.0602,99.8915,0.0490
south_america,2019.6,0.0657,99.8812,0.0538
south_america,2019.7,0.0717,99.8701,0.0590
south_america,2019.8,0.0780,99.8581,0.0646
south_america,2019.9,0.0849,99.8451,0.0707
south_america,2020.0,0.0923,99.8311,0.0773
south_america,2020.1,0.1002,99.8160,0.0845
south_america,2020.2,0.1087,99.7998,0.0922
south_america,2020.3,0.1178,99.7824,0.1005
south_america,2020.4,0.1276,99.7636,0.1094
south_america,2020.5,0.1382,99.7434,0.1190
south_america,2020.6,0.1495,99.7217,0.1294
south_america,2020.7,0.1616,99.6984,0.1405
south_america,2020.8,0.1746,99.6733,0.1525
south_america,2020.9,0.1886,99.6465,0.1653
south_america,2021.0,0.2036,99.6177,0.1792
south_america,2021.1,0.2196,99.5868,0.1941
south_america,2021.2,0.2369,99.5537,0.2101
south_america,2021.3,0.2553,99.5183,0.2273
south_america,2021.4,0.2751,99.4803,0.2456
south_america,2021.5,0.2963,99.4398,0.2653
south_america,2021.6,0.3189,99.3964,0.2862
south_america,2021.7,0.3431,99.3500,0.3086
south_america,2021.8,0.3690,99.3005,0.3325
south_america,2021.9,0.3966,99.2477,0.3580
south_america,2022.0,0.4260,99.1913,0.3852
south_america,2022.1,0.4574,99.1313,0.4141
south_america,2022.2,0.4909,99.0673,0.4449
south_america,2022.3,0.5265,98.9993,0.4777
south_america,2022.4,0.5643,98.9268,0.5125
south_america,2022.5,0.6046,98.8499,0.5495
south_america,2022.6,0.6473,98.7681,0.5887
south_america,2022.7,0.6926,98.6813,0.6304
south_america,2022.8,0.7407,98.5892,0.6746
south_america,2022.9,0.7916,98.4916,0.7214
south_america,2023.0,0.8455,98.3882,0.7710
south_america,2023.1,0.9026,98.2787,0.8234
south_america,2023.2,0.9628,98.1629,0.8789
south_america,2023.3,1.0265,98.0404,0.9376
south_america,2023.4,1.0937,97.9110,0.9996
south_america,2023.5,1.1645,97.7744,1.0651
south_america,2023.6,1.2392,97.6303,1.1342
south_america,2023.7,1.3178,97.4783,1.2071
south_america,2023.8,1.4006,97.3181,1.2839
south_america,2023.9,1.4876,97.1495,1.3648
south_america,2024.0,1.5790,96.9720,1.4501
south_america,2024.1,1.6750,96.7853,1.5398
south_america,2024.2,1.7758,96.5891,1.6351
south_america,2024.3,1.8814,96.3831,1.7355
south_america,2024.4,1.9921,96.1668,1.8411
south_america,2024.5,2.1081,95.9399,1.9520
south_america,2024.6,2.2294,95.7021,2.0684
south_america,2024.7,2.3564,95.4530,2.1907
south_america,2024.8,2.4890,95.1921,2.3188
south_america,2024.9,2.6276,94.9192,2.4532
south_america,2025.0,2.7723,94.6338,2.5939
south_america,2025.1,2.9233,94.3356,2.7411
south_america,2025.2,3.0807,94.0241,2.8952
south_america,2025.3,3.2448,93.6990,3.0562
south_america,2025.4,3.4157,93.3599,3.2244
south_america,2025.5,3.5936,93.0064,3.4000
south_america,2025.6,3.7787,92.6382,3.5831
south_america,2025.7,3.9712,92.2547,3.7741
south_america,2025.8,4.1712,91.8557,3.9731
south_america,2025.9,4.3790,91.4408,4.1802
south_america,2026.0,4.5948,91.0095,4.3957
south_america,2026.1,4.8187,90.5615,4.6198
south_america,2026.2,5.0510,90.0965,4.8525
south_america,2026.3,5.2918,89.6140,5.0942
south_america,2026.4,5.5413,89.1137,5.3450
south_america,2026.5,5.7998,88.5952,5.6049
south_america,2026.6,6.0675,88.0582,5.8743
south_america,2026.7,6.3445,87.5024,6.1531
south_america,2026.8,6.6311,86.9273,6.4416
south_america,2026.9,6.9275,86.3328,6.7398
south_america,2027.0,7.2338,85.7184,7.0478
south_america,2027.1,7.5503,85.0839,7.3657
south_america,2027.2,7.8773,84.4290,7.6937
south_america,2027.3,8.2149,83.7535,8.0316
south_america,2027.4,8.5633,83.0570,8.3797
south_america,2027.5,8.9228,82.3394,8.7378
south_america,2027.6,9.2936,81.6004,9.1060
south_america,2027.7,9.6760,80.8398,9.4842
south_america,2027.8,10.0700,80.0575,9.8724
south_america,2027.9,10.4761,79.2534,10.2706
south_america,2028.0,10.8943,78.4272,10.6785
south_america,2028.1,11.3250,77.5790,11.0960
south_america,2028.2,11.7683,76.7087,11.5231
south_america,2028.3,12.2245,75.8161,11.9594
south_america,2028.4,12.6938,74.9015,12.4047
south_america,2028.5,13.1764,73.9647,12.8589
south_america,2028.6,13.6726,73.0060,13.3214
south_america,2028.7,14.1825,72.0253,13.7921
south_america,2028.8,14.7065,71.0230,14.2705
south_america,2028.9,15.2447,69.9992,14.7561
south_america,2029.0,15.7973,68.9542,15.2486
south_america,2029.1,16.3645,67.8883,15.7473
south_america,2029.2,16.9465,66.8019,16.2516
south_america,2029.3,17.5435,65.6954,16.7611
south_america,2029.4,18.1557,64.5694,17.2749
south_america,2029.5,18.7833,63.4243,17.7924
south_america,2029.6,19.4264,62.2609,18.3127
south_america,2029.7,20.0852,61.0797,18.8352
south_america,2029.8,20.7597,59.8815,19.3588
south_america,2029.9,21.4502,58.6672,19.8827
south_america,2030.0,22.1566,57.4375,20.4058
south_america,2030.1,22.8792,56.1935,20.9272
south_america,2030.2,23.6180,54.9362,21.4458
south_america,2030.3,24.3730,53.6666,21.9605
south_america,2030.4,25.1442,52.3858,22.4700
south_america,2030.5,25.9316,51.0951,22.9733
south_america,2030.6,26.7353,49.7958,23.4689
south_america,2030.7,27.5551,48.4891,23.9558
south_america,2030.8,28.3911,47.1764,24.4325
south_america,2030.9,29.2430,45.8593,24.8977
south_america,2031.0,30.1108,44.5391,25.3500
south_america,2031.1,30.9944,43.2175,25.7882
south_america,2031.2,31.8934,41.8959,26.2107
south_america,2031.3,32.8077,40.5761,26.6162
south_america,2031.4,33.7370,39.2596,27.0034
south_america,2031.5,34.6811,37.9482,27.3708
south_america,2031.6,35.6395,36.6435,27.7170
south_america,2031.7,36.6120,35.3472,28.0408
south_america,2031.8,37.5981,34.0610,28.3409
south_america,2031.9,38.5974,32.7867,28.6159
south_america,2032.0,39.6094,31.5260,28.8647
south_america,2032.1,40.6336,30.2804,29.0860
south_america,2032.2,41.6694,29.0517,29.2789
south_america,2032.3,42.7163,27.8415,29.4422
south_america,2032.4,43.7736,26.6513,29.5751
south_america,2032.5,44.8407,25.4826,29.6768
south_america,2032.6,45.9168,24.3369,29.7463
south_america,2032.7,47.0012,23.2155,29.7832
south_america,2032.8,48.0932,22.1199,29.7870
south_america,2032.9,49.1919,21.0511,29.7571
south_america,2033.0,50.2965,20.0103,29.6933
south_america,2033.1,51.4061,18.9985,29.5954
south_america,2033.2,52.5199,18.0166,29.4635
south_america,2033.3,53.6368,17.0656,29.2977
south_america,2033.4,54.7559,16.1459,29.0981
south_america,2033.5,55.8763,15.2583,28.8653
south_america,2033.6,56.9970,14.4032,28.5998
south_america,2033.7,58.1168,13.5810,28.3022
south_america,2033.8,59.2349,12.7917,27.9734
south_america,2033.9,60.3500,12.0356,27.6143
south_america,2034.0,61.4613,11.3126,27.2261
south_america,2034.1,62.5675,10.6226,26.8099
south_america,2034.2,63.6676,9.9652,26.3672
south_america,2034.3,64.7606,9.3402,25.8993
south_america,2034.4,65.8453,8.7469,25.4078
south_america,2034.5,66.9207,8.1849,24.8944
south_america,2034.6,67.9857,7.6534,24.3609
south_america,2034.7,69.0393,7.1517,23.8090
south_america,2034.8,70.0804,6.6789,23.2407
south_america,2034.9,71.1081,6.2341,22.6578
south_america,2035.0,72.1213,5.8164,22.0623
south_america,2035.1,73.1192,5.4245,21.4563
south_america,2035.2,74.1007,5.0576,20.8417
south_america,2035.3,75.0650,4.7145,20.2205
south_america,2035.4,76.0112,4.3940,19.5948
south_america,2035.5,76.9386,4.0950,18.9664
south_america,2035.6,77.8464,3.8163,18.3373
south_america,2035.7,78.7339,3.5568,17.7093
south_america,2035.8,79.6004,3.3154,17.0843
south_america,2035.9,80.4453,3.0908,16.4639
south_america,2036.0,81.2682,2.8820,15.8498
south_america,2036.1,82.0684,2.6879,15.2436
south_america,2036.2,82.8457,2.5076,14.6467
south_america,2036.3,83.5997,2.3399,14.0604
south_america,2036.4,84.3300,2.1841,13.4859
south_america,2036.5,85.0364,2.0391,12.9245
south_america,2036.6,85.7189,1.9041,12.3770
south_america,2036.7,86.3773,1.7784,11.8443
south_america,2036.8,87.0116,1.6612,11.3272
south_america,2036.9,87.6218,1.5518,10.8263
south_america,2037.0,88.2081,1.4497,10.3422
south_america,2037.1,88.7706,1.3541,9.8753
south_america,2037.2,89.3096,1.2647,9.4257
south_america,2037.3,89.8253,1.1809,8.9938
south_america,2037.4,90.3181,1.1022,8.5796
south_america,2037.5,90.7885,1.0284,8.1831
south_america,2037.6,91.2368,0.9590,7.8042
south_america,2037.7,91.6636,0.8938,7.4427
south_america,2037.8,92.0694,0.8324,7.0983
south_america,2037.9,92.4548,0.7746,6.7707
south_america,2038.0,92.8204,0.7201,6.4595
south_america,2038.1,93.1669,0.6689,6.1643
south_america,2038.2,93.4949,0.6206,5.8845
south_america,2038.3,93.8052,0.5752,5.6197
south_america,2038.4,94.0984,0.5324,5.3692
south_america,2038.5,94.3754,0.4922,5.1324
south_america,2038.6,94.6368,0.4544,4.9088
south_america,2038.7,94.8834,0.4188,4.6978
south_america,2038.8,95.1159,0.3855,4.4986
south_america,2038.9,95.3351,0.3543,4.3106
south_america,2039.0,95.5417,0.3251,4.1332
south_america,2039.1,95.7364,0.2978,3.9658
south_america,2039.2,95.9200,0.2724,3.8077
south_america,2039.3,96.0931,0.2486,3.6583
south_america,2039.4,96.2564,0.2266,3.5171
south_america,2039.5,96.4105,0.2061,3.3834
south_america,2039.6,96.5561,0.1871,3.2568
south_america,2039.7,96.6938,0.1695,3.1367
south_america,2039.8,96.8242,0.1533,3.0225
south_america,2039.9,96.9477,0.1383,2.9140
south_america,2040.0,97.0649,0.1246,2.8105
south_america,2040.1,97.1763,0.1120,2.7117
south_america,2040.2,97.2824,0.1004,2.6172
south_america,2040.3,97.3835,0.0899,2.5267
south_america,2040.4,97.4800,0.0802,2.4398
south_america,2040.5,97.5723,0.0715,2.3563
south_america,2040.6,97.6607,0.0635,2.2758
south_america,2040.7,97.7455,0.0564,2.1981
south_america,2040.8,97.8271,0.0499,2.1231
south_america,2040.9,97.9056,0.0440,2.0504
south_america,2041.0,97.9812,0.0387,1.9800
south_america,2041.1,98.0543,0.0340,1.9117
south_america,2041.2,98.1249,0.0298,1.8453
south_america,2041.3,98.1932,0.0261,1.7808
south_america,2041.4,98.2593,0.0227,1.7180
south_america,2041.5,98.3235,0.0198,1.6568
south_america,2041.6,98.3857,0.0171,1.5972
south_america,2041.7,98.4461,0.0148,1.5391
south_america,2041.8,98.5048,0.0128,1.4824
south_america,2041.9,98.5618,0.0110,1.4272
south_america,2042.0,98.6173,0.0094,1.3733
south_america,2042.1,98.6711,0.0081,1.3208
south_america,2042.2,98.7235,0.0069,1.2696
south_america,2042.3,98.7745,0.0058,1.2197
south_america,2042.4,98.8240,0.0049,1.1711
south_america,2042.5,98.8721,0.0042,1.1237
south_america,2042.6,98.9189,0.0035,1.0776
south_america,2042.7,98.9643,0.0030,1.0327
south_america,2042.8,99.0084,0.0025,0.9891
south_america,2042.9,99.0512,0.0021,0.9467
south_america,2043.0,99.0927,0.0017,0.9055
south_america,2043.1,99.1330,0.0014,0.8656
south_america,2043.2,99.1720,0.0012,0.8268
south_america,2043.3,99.2098,0.0010,0.7892
south_america,2043.4,99.2463,0.0008,0.7529
south_america,2043.5,99.2817,0.0006,0.7176
south_america,2043.6,99.3159,0.0005,0.6836
south_america,2043.7,99.3489,0.0004,0.6507
south_america,2043.8,99.3808,0.0003,0.6189
south_america,2043.9,99.4115,0.0003,0.5882
south_america,2044.0,99.4411,0.0002,0.5587
south_america,2044.1,99.4696,0.0002,0.5302
south_america,2044.2,99.4970,0.0001,0.5028
south_america,2044.3,99.5234,0.0001,0.4765
south_america,2044.4,99.5488,0.0001,0.4511
south_america,2044.5,99.5731,0.0001,0.4268
south_america,2044.6,99.5964,0.0001,0.4035
south_america,2044.7,99.6188,0.0000,0.3812
south_america,2044.8,99.6402,0.0000,0.3598
south_america,2044.9,99.6607,0.0000,0.3393
south_america,2045.0,99.6802,0.0000,0.3197
south_america,2045.1,99.6989,0.0000,0.3010
south_america,2045.2,99.7168,0.0000,0.2832
south_america,2045.3,99.7338,0.0000,0.2662
south_america,2045.4,99.7500,0.0000,0.2500
south_america,2045.5,99.7654,0.0000,0.2346
south_america,2045.6,99.7801,0.0000,0.2199
south_america,2045.7,99.7940,0.0000,0.2060
south_america,2045.8,99.8072,0.0000,0.1928
south_america,2045.9,99.8198,0.0000,0.1802
south_america,2046.0,99.8316,0.0000,0.1684
south_america,2046.1,99.8429,0.0000,0.1571
south_america,2046.2,99.8535,0.0000,0.1465
south_america,2046.3,99.8635,0.0000,0.1365
south_america,2046.4,99.8730,0.0000,0.1270
south_america,2046.5,99.8819,0.0000,0.1181
south_america,2046.6,99.8903,0.0000,0.1097
south_america,2046.7,99.8982,0.0000,0.1018
south_america,2046.8,99.9056,0.0000,0.0944
south_america,2046.9,99.9126,0.0000,0.0874
south_america,2047.0,99.9191,0.0000,0.0809
south_america,2047.1,99.9253,0.0000,0.0747
south_america,2047.2,99.9310,0.0000,0.0690
south_america,2047.3,99.9364,0.0000,0.0636
south_america,2047.4,99.9414,0.0000,0.0586
south_america,2047.5,99.9460,0.0000,0.0540
south_america,2047.6,99.9504,0.0000,0.0496
south_america,2047.7,99.9544,0.0000,0.0456
south_america,2047.8,99.9582,0.0000,0.0418
south_america,2047.9,99.9617,0.0000,0.0383
south_america,2048.0,99.9649,0.0000,0.0351
south_america,2048.1,99.9679,0.0000,0.0321
south_america,2048.2,99.9707,0.0000,0.0293
south_america,2048.3,99.9733,0.0000,0.0267
south_america,2048.4,99.9757,0.0000,0.0243
south_america,2048.5,99.9778,0.0000,0.0222
south_america,2048.6,99.9799,0.0000,0.0201
south_america,2048.7,99.9817,0.0000,0.0183
south_america,2048.8,99.9834,0.0000,0.0166
south_america,2048.9,99.9850,0.0000,0.0150
south_america,2049.0,99.9864,0.0000,0.0136
south_america,2049.1,99.9877,0.0000,0.0123
south_america,2049.2,99.9889,0.0000,0.0111
south_america,2049.3,99.9900,0.0000,0.0100
south_america,2049.4,99.9910,0.0000,0.0090
south_america,2049.5,99.9919,0.0000,0.0081
south_america,2049.6,99.9927,0.0000,0.0073
south_america,2049.7,99.9935,0.0000,0.0065
south_america,2049.8,99.9942,0.0000,0.0058
south_america,2049.9,99.9948,0.0000,0.0052
south_america,2050.0,99.9953,0.0000,0.0047
americas,2015.0,0.2497,99.5882,0.1620
americas,2015.1,0.2651,99.5652,0.1697
americas,2015.2,0.2811,99.5413,0.1776
americas,2015.3,0.2977,99.5166,0.1857
americas,2015.4,0.3149,99.4911,0.1940
americas,2015.5,0.3328,99.4648,0.2025
americas,2015.6,0.3514,99.4375,0.2111
americas,2015.7,0.3706,99.4095,0.2199
americas,2015.8,0.3905,99.3805,0.2289
americas,2015.9,0.4112,99.3507,0.2381
americas,2016.0,0.4325,99.3199,0.2475
americas,2016.1,0.4546,99.2883,0.2571
americas,2016.2,0.4775,99.2557,0.2668
americas,2016.3,0.5011,99.2222,0.2767
americas,2016.4,0.5254,99.1878,0.2868
americas,2016.5,0.5505,99.1523,0.2971
americas,2016.6,0.5765,99.1160,0.3076
americas,2016.7,0.6032,99.0786,0.3182
americas,2016.8,0.6307,99.0403,0.3290
americas,2016.9,0.6591,99.0009,0.3400
americas,2017.0,0.6883,98.9606,0.3511
americas,2017.1,0.7184,98.9192,0.3625
americas,2017.2,0.7493,98.8768,0.3740
americas,2017.3,0.7811,98.8333,0.3856
americas,2017.4,0.8138,98.7888,0.3974
americas,2017.5,0.8474,98.7432,0.4094
americas,2017.6,0.8819,98.6965,0.4216
americas,2017.7,0.9174,98.6487,0.4339
americas,2017.8,0.9538,98.5999,0.4464
americas,2017.9,0.9911,98.5499,0.4591
americas,2018.0,1.0294,98.4988,0.4719
americas,2018.1,1.0687,98.4465,0.4848
americas,2018.2,1.1090,98.3931,0.4980
americas,2018.3,1.1503,98.3385,0.5113
americas,2018.4,1.1926,98.2827,0.5247
americas,2018.5,1.2359,98.2258,0.5383
americas,2018.6,1.2803,98.1676,0.5521
americas,2018.7,1.3258,98.1083,0.5660
americas,2018.8,1.3723,98.0477,0.5801
americas,2018.9,1.4199,97.9858,0.5943
americas,2019.0,1.4686,97.9228,0.6087
americas,2019.1,1.5184,97.8584,0.6233
americas,2019.2,1.5694,97.7927,0.6380
americas,2019.3,1.6214,97.7258,0.6529
americas,2019.4,1.6747,97.6575,0.6679
americas,2019.5,1.7291,97.5880,0.6831
americas,2019.6,1.7847,97.5170,0.6984
americas,2019.7,1.8414,97.4448,0.7139
americas,2019.8,1.8994,97.3711,0.7296
americas,2019.9,1.9586,97.2961,0.7454
americas,2020.0,2.0191,97.2196,0.7614
americas,2020.1,2.0808,97.1417,0.7776
americas,2020.2,2.1438,97.0624,0.7939
americas,2020.3,2.2080,96.9817,0.8104
americas,2020.4,2.2736,96.8994,0.8271
americas,2020.5,2.3405,96.8157,0.8439
americas,2020.6,2.4087,96.7304,0.8610
americas,2020.7,2.4783,96.6436,0.8782
americas,2020.8,2.5492,96.5552,0.8956
americas,2020.9,2.6216,96.4653,0.9132
americas,2021.0,2.6953,96.3737,0.9310
americas,2021.1,2.7705,96.2805,0.9490
americas,2021.2,2.8472,96.1857,0.9672
americas,2021.3,2.9253,96.0892,0.9857
americas,2021.4,3.0049,95.9909,1.0044
americas,2021.5,3.0860,95.8909,1.0233
americas,2021.6,3.1686,95.7892,1.0424
americas,2021.7,3.2528,95.6856,1.0618
americas,2021.8,3.3386,95.5802,1.0815
americas,2021.9,3.4260,95.4730,1.1014
americas,2022.0,3.5150,95.3638,1.1215
americas,2022.1,3.6057,95.2528,1.1420
americas,2022.2,3.6980,95.1397,1.1628
americas,2022.3,3.7920,95.0247,1.1838
americas,2022.4,3.8877,94.9076,1.2052
americas,2022.5,3.9852,94.7885,1.2269
americas,2022.6,4.0844,94.6673,1.2489
americas,2022.7,4.1854,94.5439,1.2713
americas,2022.8,4.2883,94.4183,1.2941
americas,2022.9,4.3930,94.2905,1.3173
americas,2023.0,4.4995,94.1604,1.3408
americas,2023.1,4.6080,94.0280,1.3648
americas,2023.2,4.7184,93.8932,1.3892
americas,2023.3,4.8307,93.7560,1.4140
americas,2023.4,4.9450,93.6164,1.4393
americas,2023.5,5.0613,93.4742,1.4651
americas,2023.6,5.1796,93.3295,1.4914
americas,2023.7,5.3000,93.1822,1.5182
americas,2023.8,5.4225,93.0323,1.5456
americas,2023.9,5.5471,92.8796,1.5735
americas,2024.0,5.6739,92.7242,1.6020
americas,2024.1,5.8028,92.5660,1.6312
americas,2024.2,5.9340,92.4049,1.6611
americas,2024.3,6.0674,92.2409,1.6917
americas,2024.4,6.2030,92.0740,1.7230
americas,2024.5,6.3410,91.9040,1.7550
americas,2024.6,6.4812,91.7309,1.7878
americas,2024.7,6.6239,91.5547,1.8214
americas,2024.8,6.7689,91.3753,1.8558
americas,2024.9,6.9163,91.1927,1.8910
americas,2025.0,7.0662,91.0067,1.9271
americas,2025.1,7.2186,90.8174,1.9641
americas,2025.2,7.3734,90.6246,2.0019
americas,2025.3,7.5309,90.4284,2.0408
americas,2025.4,7.6908,90.2286,2.0806
americas,2025.5,7.8534,90.0252,2.1213
americas,2025.6,8.0187,89.8182,2.1632
americas,2025.7,8.1865,89.6074,2.2060
americas,2025.8,8.3571,89.3929,2.2499
americas,2025.9,8.5304,89.1746,2.2950
americas,2026.0,8.7065,88.9524,2.3411
americas,2026.1,8.8854,88.7262,2.3884
americas,2026.2,9.0671,88.4960,2.4369
americas,2026.3,9.2516,88.2618,2.4866
americas,2026.4,9.4390,88.0235,2.5374
americas,2026.5,9.6294,87.7811,2.5896
americas,2026.6,9.8227,87.5344,2.6429
americas,2026.7,10.0190,87.2835,2.6975
americas,2026.8,10.2183,87.0283,2.7535
americas,2026.9,10.4206,86.7687,2.8107
americas,2027.0,10.6260,86.5048,2.8692
americas,2027.1,10.8346,86.2364,2.9290
americas,2027.2,11.0462,85.9636,2.9902
americas,2027.3,11.2611,85.6863,3.0527
americas,2027.4,11.4792,85.4044,3.1165
americas,2027.5,11.7005,85.1179,3.1816
americas,2027.6,11.9250,84.8269,3.2481
americas,2027.7,12.1529,84.5312,3.3158
americas,2027.8,12.3842,84.2309,3.3849
americas,2027.9,12.6188,83.9260,3.4553
americas,2028.0,12.8568,83.6163,3.5269
americas,2028.1,13.0982,83.3020,3.5998
americas,2028.2,13.3431,82.9830,3.6739
americas,2028.3,13.5916,82.6593,3.7491
americas,2028.4,13.8435,82.3310,3.8255
americas,2028.5,14.0991,81.9979,3.9030
americas,2028.6,14.3582,81.6603,3.9815
americas,2028.7,14.6210,81.3180,4.0611
americas,2028.8,14.8874,80.9711,4.1415
americas,2028.9,15.1575,80.6197,4.2228
americas,2029.0,15.4313,80.2638,4.3049
americas,2029.1,15.7089,79.9034,4.3877
americas,2029.2,15.9902,79.5387,4.4711
americas,2029.3,16.2753,79.1696,4.5550
americas,2029.4,16.5643,78.7964,4.6393
americas,2029.5,16.8571,78.4190,4.7240
americas,2029.6,17.1537,78.0376,4.8088
americas,2029.7,17.4542,77.6522,4.8936
americas,2029.8,17.7586,77.2630,4.9784
americas,2029.9,18.0669,76.8702,5.0629
americas,2030.0,18.3791,76.4738,5.1471
americas,2030.1,18.6952,76.0741,5.2307
americas,2030.2,19.0153,75.6711,5.3136
americas,2030.3,19.3393,75.2651,5.3957
americas,2030.4,19.6671,74.8562,5.4767
americas,2030.5,19.9990,74.4446,5.5565
americas,2030.6,20.3347,74.0305,5.6348
americas,2030.7,20.6743,73.6142,5.7116
americas,2030.8,21.0177,73.1958,5.7865
americas,2030.9,21.3650,72.7756,5.8594
americas,2031.0,21.7162,72.3537,5.9301
americas,2031.1,22.0711,71.9306,5.9983
americas,2031.2,22.4298,71.5063,6.0639
americas,2031.3,22.7922,71.0812,6.1267
americas,2031.4,23.1582,70.6554,6.1863
americas,2031.5,23.5279,70.2294,6.2427
americas,2031.6,23.9011,69.8033,6.2957
americas,2031.7,24.2778,69.3774,6.3449
americas,2031.8,24.6578,68.9519,6.3902
americas,2031.9,25.0413,68.5272,6.4315
americas,2032.0,25.4280,68.1035,6.4685
americas,2032.1,25.8178,67.6811,6.5011
americas,2032.2,26.2108,67.2602,6.5290
americas,2032.3,26.6067,66.8411,6.5522
americas,2032.4,27.0055,66.4240,6.5706
americas,2032.5,27.4070,66.0092,6.5838
americas,2032.6,27.8112,65.5968,6.5920
americas,2032.7,28.2179,65.1872,6.5949
americas,2032.8,28.6269,64.7806,6.5925
americas,2032.9,29.0383,64.3770,6.5847
americas,2033.0,29.4518,63.9767,6.5715
americas,2033.1,29.8672,63.5799,6.5529
americas,2033.2,30.2845,63.1868,6.5288
americas,2033.3,30.7034,62.7974,6.4992
americas,2033.4,31.1239,62.4118,6.4643
americas,2033.5,31.5457,62.0302,6.4241
americas,2033.6,31.9687,61.6527,6.3786
americas,2033.7,32.3927,61.2793,6.3280
americas,2033.8,32.8176,60.9101,6.2723
americas,2033.9,33.2431,60.5451,6.2118
americas,2034.0,33.6692,60.1842,6.1466
americas,2034.1,34.0956,59.8276,6.0768
americas,2034.2,34.5222,59.4751,6.0027
americas,2034.3,34.9487,59.1267,5.9246
americas,2034.4,35.3750,58.7824,5.8426
americas,2034.5,35.8010,58.4421,5.7569
americas,2034.6,36.2264,58.1056,5.6679
americas,2034.7,36.6511,57.7730,5.5759
americas,2034.8,37.0749,57.4440,5.4811
americas,2034.9,37.4976,57.1186,5.3837
americas,2035.0,37.9192,56.7966,5.2842
americas,2035.1,38.3393,56.4779,5.1828
americas,2035.2,38.7579,56.1623,5.0798
americas,2035.3,39.1748,55.8497,4.9755
americas,2035.4,39.5899,55.5399,4.8702
americas,2035.5,40.0030,55.2328,4.7642
americas,2035.6,40.4140,54.9282,4.6579
americas,2035.7,40.8228,54.6259,4.5514
americas,2035.8,41.2292,54.3257,4.4451
americas,2035.9,41.6332,54.0276,4.3392
americas,2036.0,42.0347,53.7314,4.2339
americas,2036.1,42.4335,53.4369,4.1296
americas,2036.2,42.8296,53.1440,4.0264
americas,2036.3,43.2230,52.8525,3.9245
americas,2036.4,43.6135,52.5624,3.8241
americas,2036.5,44.0011,52.2735,3.7254
americas,2036.6,44.3858,51.9856,3.6286
americas,2036.7,44.7675,51.6988,3.5337
americas,2036.8,45.1462,51.4129,3.4409
americas,2036.9,45.5220,51.1277,3.3503
americas,2037.0,45.8947,50.8433,3.2619
americas,2037.1,46.2645,50.5596,3.1759
americas,2037.2,46.6313,50.2764,3.0923
americas,2037.3,46.9951,49.9938,3.0111
americas,2037.4,47.3561,49.7117,2.9323
americas,2037.5,47.7141,49.4300,2.8559
americas,2037.6,48.0694,49.1487,2.7819
americas,2037.7,48.4218,48.8678,2.7103
americas,2037.8,48.7716,48.5873,2.6411
americas,2037.9,49.1188,48.3070,2.5742
americas,2038.0,49.4634,48.0271,2.5095
americas,2038.1,49.8055,47.7475,2.4470
americas,2038.2,50.1452,47.4682,2.3866
americas,2038.3,50.4827,47.1891,2.3282
americas,2038.4,50.8179,46.9103,2.2718
americas,2038.5,51.1510,46.6317,2.2173
americas,2038.6,51.4820,46.3535,2.1645
americas,2038.7,51.8111,46.0754,2.1134
americas,2038.8,52.1384,45.7977,2.0639
americas,2038.9,52.4639,45.5202,2.0160
americas,2039.0,52.7877,45.2429,1.9694
americas,2039.1,53.1100,44.9659,1.9241
americas,2039.2,53.4307,44.6892,1.8800
americas,2039.3,53.7501,44.4128,1.8371
americas,2039.4,54.0681,44.1366,1.7953
americas,2039.5,54.3849,43.8607,1.7544
americas,2039.6,54.7005,43.5851,1.7144
americas,2039.7,55.0151,43.3097,1.6752
americas,2039.8,55.3286,43.0347,1.6368
americas,2039.9,55.6411,42.7599,1.5990
americas,2040.0,55.9527,42.4855,1.5619
americas,2040.1,56.2634,42.2113,1.5253
americas,2040.2,56.5733,41.9374,1.4893
americas,2040.3,56.8824,41.6639,1.4537
americas,2040.4,57.1908,41.3907,1.4185
americas,2040.5,57.4985,41.1178,1.3837
americas,2040.6,57.8056,40.8452,1.3492
americas,2040.7,58.1119,40.5730,1.3151
americas,2040.8,58.4177,40.3011,1.2812
americas,2040.9,58.7228,40.0296,1.2475
americas,2041.0,59.0274,39.7584,1.2142
americas,2041.1,59.3314,39.4876,1.1810
americas,2041.2,59.6348,39.2172,1.1480
americas,2041.3,59.9376,38.9472,1.1152
americas,2041.4,60.2399,38.6776,1.0826
americas,2041.5,60.5415,38.4083,1.0501
americas,2041.6,60.8427,38.1395,1.0179
americas,2041.7,61.1432,37.8711,0.9857
americas,2041.8,61.4431,37.6031,0.9537
americas,2041.9,61.7425,37.3356,0.9219
americas,2042.0,62.0412,37.0685,0.8902
americas,2042.1,62.3393,36.8019,0.8587
americas,2042.2,62.6368,36.5358,0.8273
americas,2042.3,62.9337,36.2702,0.7961
americas,2042.4,63.2299,36.0051,0.7651
americas,2042.5,63.5254,35.7404,0.7341
americas,2042.6,63.8203,35.4763,0.7034
americas,2042.7,64.1144,35.2128,0.6728
americas,2042.8,64.4078,34.9498,0.6424
americas,2042.9,64.7005,34.6873,0.6122
americas,2043.0,64.9925,34.4254,0.5821
americas,2043.1,65.2836,34.1641,0.5523
americas,2043.2,65.5740,33.9034,0.5226
americas,2043.3,65.8636,33.6433,0.4931
americas,2043.4,66.1524,33.3839,0.4637
americas,2043.5,66.4403,33.1250,0.4346
americas,2043.6,66.7274,32.8669,0.4057
americas,2043.7,67.0137,32.6093,0.3770
americas,2043.8,67.2991,32.3525,0.3484
americas,2043.9,67.5835,32.0963,0.3201
americas,2044.0,67.8671,31.8409,0.2920
americas,2044.1,68.1498,31.5861,0.2641
americas,2044.2,68.4315,31.3321,0.2364
americas,2044.3,68.7123,31.0788,0.2089
americas,2044.4,68.9921,30.8263,0.1817
americas,2044.5,69.2709,30.5745,0.1546
americas,2044.6,69.5487,30.3235,0.1278
americas,2044.7,69.8256,30.0732,0.1012
americas,2044.8,70.1014,29.8238,0.0748
americas,2044.9,70.3762,29.5752,0.0643
americas,2045.0,70.6499,29.3273,0.0610
americas,2045.1,70.9226,29.0804,0.0578
americas,2045.2,71.1942,28.8342,0.0548
americas,2045.3,71.4648,28.5889,0.0519
americas,2045.4,71.7343,28.3445,0.0492
americas,2045.5,72.0026,28.1010,0.0465
americas,2045.6,72.2699,27.8583,0.0440
americas,2045.7,72.5360,27.6165,0.0415
americas,2045.8,72.8010,27.3757,0.0392
americas,2045.9,73.0648,27.1357,0.0370
americas,2046.0,73.3275,26.8967,0.0349
americas,2046.1,73.5890,26.6586,0.0329
americas,2046.2,73.8493,26.4215,0.0310
americas,2046.3,74.1085,26.1853,0.0291
americas,2046.4,74.3664,25.9501,0.0274
americas,2046.5,74.6232,25.7159,0.0257
americas,2046.6,74.8787,25.4826,0.0242
americas,2046.7,75.1330,25.2504,0.0227
americas,2046.8,75.3860,25.0191,0.0212
americas,2046.9,75.6378,24.7889,0.0199
americas,2047.0,75.8884,24.5597,0.0186
americas,2047.1,76.1377,24.3315,0.0174
americas,2047.2,76.3857,24.1044,0.0162
americas,2047.3,76.6324,23.8783,0.0151
americas,2047.4,76.8779,23.6532,0.0140
americas,2047.5,77.1220,23.4292,0.0130
americas,2047.6,77.3649,23.2063,0.0121
americas,2047.7,77.6064,22.9845,0.0112
americas,2047.8,77.8466,22.7638,0.0103
americas,2047.9,78.0854,22.5441,0.0095
americas,2048.0,78.3230,22.3256,0.0087
americas,2048.1,78.5591,22.1081,0.0080
americas,2048.2,78.7940,21.8918,0.0073
americas,2048.3,79.0274,21.6766,0.0066
americas,2048.4,79.2595,21.4625,0.0060
americas,2048.5,79.4902,21.2496,0.0054
americas,2048.6,79.7195,21.0378,0.0048
americas,2048.7,79.9475,20.8272,0.0043
americas,2048.8,80.1740,20.6177,0.0037
americas,2048.9,80.3991,20.4094,0.0032
americas,2049.0,80.6228,20.2022,0.0028
americas,2049.1,80.8451,19.9962,0.0023
americas,2049.2,81.0660,19.7914,0.0019
americas,2049.3,81.2854,19.5877,0.0015
americas,2049.4,81.5035,19.3853,0.0014
americas,2049.5,81.7200,19.1840,0.0012
americas,2049.6,81.9351,18.9839,0.0011
americas,2049.7,82.1488,18.7851,0.0010
americas,2049.8,82.3610,18.5874,0.0009
americas,2049.9,82.5718,18.3910,0.0008
americas,2050.0,82.7810,18.1957,0.0007
asia,2015.0,0.4143,99.7034,0.0338
asia,2015.1,0.4431,99.6798,0.0347
asia,2015.2,0.4735,99.6546,0.0355
asia,2015.3,0.5055,99.6276,0.0364
asia,2015.4,0.5392,99.5988,0.0373
asia,2015.5,0.5746,99.5680,0.0382
asia,2015.6,0.6117,99.5352,0.0391
asia,2015.7,0.6506,99.5003,0.0399
asia,2015.8,0.6915,99.4631,0.0408
asia,2015.9,0.7343,99.4235,0.0417
asia,2016.0,0.7791,99.3814,0.0426
asia,2016.1,0.8262,99.3364,0.0437
asia,2016.2,0.8757,99.2882,0.0449
asia,2016.3,0.9276,99.2368,0.0462
asia,2016.4,0.9820,99.1821,0.0475
asia,2016.5,1.0390,99.1239,0.0489
asia,2016.6,1.0986,99.0623,0.0504
asia,2016.7,1.1609,98.9970,0.0519
asia,2016.8,1.2259,98.9278,0.0534
asia,2016.9,1.2937,98.8548,0.0550
asia,2017.0,1.3644,98.7776,0.0566
asia,2017.1,1.4380,98.6961,0.0582
asia,2017.2,1.5147,98.6103,0.0598
asia,2017.3,1.5944,98.5198,0.0614
asia,2017.4,1.6773,98.4246,0.0630
asia,2017.5,1.7634,98.3245,0.0647
asia,2017.6,1.8528,98.2192,0.0664
asia,2017.7,1.9456,98.1087,0.0681
asia,2017.8,2.0418,97.9926,0.0698
asia,2017.9,2.1415,97.8709,0.0715
asia,2018.0,2.2449,97.7433,0.0732
asia,2018.1,2.3519,97.6097,0.0749
asia,2018.2,2.4626,97.4697,0.0767
asia,2018.3,2.5772,97.3233,0.0995
asia,2018.4,2.6957,97.1702,0.1341
asia,2018.5,2.8182,97.0102,0.1716
asia,2018.6,2.9447,96.8431,0.2122
asia,2018.7,3.0753,96.6687,0.2560
asia,2018.8,3.2102,96.4867,0.3031
asia,2018.9,3.3494,96.2969,0.3537
asia,2019.0,3.4929,96.0992,0.4080
asia,2019.1,3.6409,95.8932,0.4660
asia,2019.2,3.7935,95.6787,0.5279
asia,2019.3,3.9506,95.4556,0.5939
asia,2019.4,4.1124,95.2236,0.6641
asia,2019.5,4.2790,94.9824,0.7386
asia,2019.6,4.4504,94.7319,0.8177
asia,2019.7,4.6268,94.4718,0.9015
asia,2019.8,4.8082,94.2019,0.9901
asia,2019.9,4.9946,93.9219,1.0836
asia,2020.0,5.1862,93.6317,1.1822
asia,2020.1,5.3831,93.3309,1.2861
asia,2020.2,5.5852,93.0195,1.3954
asia,2020.3,5.7928,92.6971,1.5103
asia,2020.4,6.0058,92.3636,1.6308
asia,2020.5,6.2244,92.0188,1.7571
asia,2020.6,6.4486,91.6623,1.8893
asia,2020.7,6.6785,91.2942,2.0276
asia,2020.8,6.9142,90.9140,2.1721
asia,2020.9,7.1557,90.5218,2.3228
asia,2021.0,7.4032,90.1172,2.4799
asia,2021.1,7.6567,89.7001,2.6436
asia,2021.2,7.9162,89.2704,2.8138
asia,2021.3,8.1819,88.8279,2.9906
asia,2021.4,8.4538,88.3724,3.1742
asia,2021.5,8.7321,87.9038,3.3646
asia,2021.6,9.0166,87.4221,3.5619
asia,2021.7,9.3077,86.9269,3.7660
asia,2021.8,9.6052,86.4184,3.9771
asia,2021.9,9.9093,85.8964,4.1951
asia,2022.0,10.2201,85.3607,4.4200
asia,2022.1,10.5376,84.8114,4.6519
asia,2022.2,10.8619,84.2484,4.8906
asia,2022.3,11.1930,83.6717,5.1363
asia,2022.4,11.5311,83.0813,5.3888
asia,2022.5,11.8762,82.4771,5.6480
asia,2022.6,12.2284,81.8592,5.9139
asia,2022.7,12.5877,81.2277,6.1863
asia,2022.8,12.9542,80.5825,6.4652
asia,2022.9,13.3279,79.9238,6.7503
asia,2023.0,13.7091,79.2516,7.0415
asia,2023.1,14.0976,78.5661,7.3387
asia,2023.2,14.4936,77.8675,7.6416
asia,2023.3,14.8972,77.1557,7.9500
asia,2023.4,15.3085,76.4311,8.2637
asia,2023.5,15.7274,75.6938,8.5823
asia,2023.6,16.1542,74.9440,8.9057
asia,2023.7,16.5887,74.1820,9.2334
asia,2023.8,17.0313,73.4080,9.5652
asia,2023.9,17.4819,72.6223,9.9007
asia,2024.0,17.9405,71.8251,10.2396
asia,2024.1,18.4074,71.0168,10.5813
asia,2024.2,18.8826,70.1977,10.9256
asia,2024.3,19.3661,69.3682,11.2720
asia,2024.4,19.8581,68.5285,11.6199
asia,2024.5,20.3587,67.6792,11.9690
asia,2024.6,20.8679,66.8205,12.3188
asia,2024.7,21.3859,65.9528,12.6686
asia,2024.8,21.9128,65.0767,13.0181
asia,2024.9,22.4486,64.1925,13.3665
asia,2025.0,22.9934,63.3007,13.7135
asia,2025.1,23.5474,62.4018,14.0583
asia,2025.2,24.1107,61.4962,14.4005
asia,2025.3,24.6832,60.5844,14.7393
asia,2025.4,25.2652,59.6670,15.0742
asia,2025.5,25.8565,58.7445,15.4046
asia,2025.6,26.4573,57.8176,15.7298
asia,2025.7,27.0676,56.8867,16.0492
asia,2025.8,27.6873,55.9525,16.3622
asia,2025.9,28.3163,55.0158,16.6682
asia,2026.0,28.9547,54.0772,16.9681
asia,2026.1,29.6021,53.1376,17.2603
asia,2026.2,30.2583,52.1978,17.5439
asia,2026.3,30.9231,51.2587,17.8182
asia,2026.4,31.5961,50.3214,18.0825
asia,2026.5,32.2767,49.3870,18.3363
asia,2026.6,32.9645,48.4566,18.5789
asia,2026.7,33.6587,47.5316,18.8096
asia,2026.8,34.3586,46.6134,19.0279
asia,2026.9,35.0634,45.7034,19.2332
asia,2027.0,35.7720,44.8032,19.4247
asia,2027.1,36.4835,43.9144,19.6020
asia,2027.2,37.1969,43.0386,19.7671
asia,2027.3,37.9109,42.1774,19.9184
asia,2027.4,38.6246,41.3322,20.0540
asia,2027.5,39.3369,40.5046,20.1734
asia,2027.6,40.0469,39.6958,20.2767
asia,2027.7,40.7537,38.9068,20.3723
asia,2027.8,41.4566,38.1385,20.4515
asia,2027.9,42.1552,37.3913,20.5141
asia,2028.0,42.8491,36.6657,20.5603
asia,2028.1,43.5383,35.9615,20.5901
asia,2028.2,44.2227,35.2787,20.6036
asia,2028.3,44.9026,34.6168,20.6008
asia,2028.4,45.5783,33.9754,20.5821
asia,2028.5,46.2501,33.3540,20.5474
asia,2028.6,46.9185,32.7520,20.4969
asia,2028.7,47.5838,32.1691,20.4307
asia,2028.8,48.2462,31.6047,20.3489
asia,2028.9,48.9060,31.0585,20.2516
asia,2029.0,49.5634,30.5303,20.1390
asia,2029.1,50.2182,30.0198,20.0113
asia,2029.2,50.8706,29.5268,19.8688
asia,2029.3,51.5203,29.0512,19.7117
asia,2029.4,52.1673,28.5926,19.5404
asia,2029.5,52.8114,28.1509,19.3553
asia,2029.6,53.4524,27.7257,19.1569
asia,2029.7,54.0902,27.3167,18.9456
asia,2029.8,54.7247,26.9237,18.7220
asia,2029.9,55.3556,26.5460,18.4865
asia,2030.0,55.9829,26.1835,18.2399
asia,2030.1,56.6063,25.8355,17.9826
asia,2030.2,57.2258,25.5017,17.7153
asia,2030.3,57.8412,25.1815,17.4386
asia,2030.4,58.4523,24.8745,17.1531
asia,2030.5,59.0592,24.5801,16.8595
asia,2030.6,59.6615,24.2977,16.5590
asia,2030.7,60.2591,24.0268,16.2521
asia,2030.8,60.8520,23.7668,15.9392
asia,2030.9,61.4400,23.5173,15.6208
asia,2031.0,62.0230,23.2776,15.2975
asia,2031.1,62.6007,23.0471,14.9701
asia,2031.2,63.1732,22.8254,14.6392
asia,2031.3,63.7401,22.6118,14.3054
asia,2031.4,64.3015,22.4059,13.9694
asia,2031.5,64.8571,22.2070,13.6317
asia,2031.6,65.4068,22.0148,13.2929
asia,2031.7,65.9504,21.8287,12.9537
asia,2031.8,66.4879,21.6482,12.6146
asia,2031.9,67.0191,21.4729,12.2761
asia,2032.0,67.5438,21.3022,11.9388
asia,2032.1,68.0620,21.1359,11.6030
asia,2032.2,68.5735,20.9735,11.2694
asia,2032.3,69.0782,20.8146,10.9383
asia,2032.4,69.5760,20.6589,10.6102
asia,2032.5,70.0669,20.5060,10.2855
asia,2032.6,70.5506,20.3555,9.9645
asia,2032.7,71.0272,20.2073,9.6475
asia,2032.8,71.4965,20.0611,9.3350
asia,2032.9,71.9586,19.9165,9.0272
asia,2033.0,72.4132,19.7733,8.7243
asia,2033.1,72.8605,19.6314,8.4266
asia,2033.2,73.3003,19.4905,8.1344
asia,2033.3,73.7326,19.3505,7.8477
asia,2033.4,74.1575,19.2111,7.5669
asia,2033.5,74.5748,19.0723,7.2921
asia,2033.6,74.9847,18.9340,7.0233
asia,2033.7,75.3871,18.7960,6.7607
asia,2033.8,75.7820,18.6582,6.5044
asia,2033.9,76.1694,18.5205,6.2544
asia,2034.0,76.5494,18.3829,6.0109
asia,2034.1,76.9221,18.2453,5.7739
asia,2034.2,77.2875,18.1077,5.5433
asia,2034.3,77.6456,17.9700,5.3192
asia,2034.4,77.9965,17.8322,5.1016
asia,2034.5,78.3402,17.6943,4.8904
asia,2034.6,78.6770,17.5563,4.6857
asia,2034.7,79.0067,17.4182,4.4874
asia,2034.8,79.3296,17.2799,4.2954
asia,2034.9,79.6456,17.1415,4.1098
asia,2035.0,79.9550,17.0031,3.9303
asia,2035.1,80.2577,16.8646,3.7570
asia,2035.2,80.5540,16.7260,3.5897
asia,2035.3,80.8438,16.5874,3.4284
asia,2035.4,81.1274,16.4489,3.2729
asia,2035.5,81.4047,16.3104,3.1233
asia,2035.6,81.6760,16.1720,2.9792
asia,2035.7,81.9413,16.0338,2.8408
asia,2035.8,82.2006,15.8958,2.7077
asia,2035.9,82.4543,15.7580,2.5800
asia,2036.0,82.7022,15.6205,2.4574
asia,2036.1,82.9446,15.4834,2.3399
asia,2036.2,83.1816,15.3466,2.2274
asia,2036.3,83.4132,15.2104,2.1197
asia,2036.4,83.6396,15.0746,2.0166
asia,2036.5,83.8608,14.9394,1.9181
asia,2036.6,84.0769,14.8048,1.8241
asia,2036.7,84.2881,14.6709,1.7343
asia,2036.8,84.4945,14.5377,1.6487
asia,2036.9,84.6961,14.4053,1.5671
asia,2037.0,84.8930,14.2737,1.4894
asia,2037.1,85.0853,14.1431,1.4156
asia,2037.2,85.2731,14.0134,1.3453
asia,2037.3,85.4566,13.8847,1.2786
asia,2037.4,85.6357,13.7570,1.2153
asia,2037.5,85.8105,13.6305,1.1552
asia,2037.6,85.9812,13.5052,1.0984
asia,2037.7,86.1478,13.3810,1.0445
asia,2037.8,86.3103,13.2582,0.9935
asia,2037.9,86.4689,13.1366,0.9454
asia,2038.0,86.6237,13.0165,0.8999
asia,2038.1,86.7746,12.8977,0.8570
asia,2038.2,86.9218,12.7804,0.8166
asia,2038.3,87.0653,12.6646,0.7785
asia,2038.4,87.2053,12.5504,0.7427
asia,2038.5,87.3417,12.4377,0.7090
asia,2038.6,87.4746,12.3267,0.6774
asia,2038.7,87.6040,12.2173,0.6477
asia,2038.8,87.7302,12.1096,0.6199
asia,2038.9,87.8530,12.0037,0.5938
asia,2039.0,87.9726,11.8995,0.5695
asia,2039.1,88.0890,11.7971,0.5467
asia,2039.2,88.2022,11.6965,0.5254
asia,2039.3,88.3124,11.5977,0.5056
asia,2039.4,88.4196,11.5008,0.4872
asia,2039.5,88.5238,11.4058,0.4700
asia,2039.6,88.6251,11.3126,0.4540
asia,2039.7,88.7235,11.2214,0.4392
asia,2039.8,88.8191,11.1321,0.4255
asia,2039.9,88.9120,11.0447,0.4128
asia,2040.0,89.0021,10.9593,0.4010
asia,2040.1,89.0896,10.8758,0.3902
asia,2040.2,89.1745,10.7942,0.3802
asia,2040.3,89.2569,10.7146,0.3710
asia,2040.4,89.3367,10.6369,0.3625
asia,2040.5,89.4141,10.5611,0.3547
asia,2040.6,89.4891,10.4873,0.3476
asia,2040.7,89.5617,10.4154,0.3411
asia,2040.8,89.6321,10.3454,0.3352
asia,2040.9,89.7001,10.2773,0.3298
asia,2041.0,89.7660,10.2110,0.3249
asia,2041.1,89.8298,10.1467,0.3205
asia,2041.2,89.8914,10.0841,0.3164
asia,2041.3,89.9510,10.0234,0.3128
asia,2041.4,90.0086,9.9644,0.3096
asia,2041.5,90.0642,9.9072,0.3067
asia,2041.6,90.1179,9.8518,0.3041
asia,2041.7,90.1698,9.7980,0.3018
asia,2041.8,90.2199,9.7459,0.2998
asia,2041.9,90.2683,9.6955,0.2980
asia,2042.0,90.3149,9.6467,0.2965
asia,2042.1,90.3600,9.5994,0.2952
asia,2042.2,90.4034,9.5537,0.2940
asia,2042.3,90.4452,9.5095,0.2931
asia,2042.4,90.4856,9.4667,0.2923
asia,2042.5,90.5246,9.4254,0.2917
asia,2042.6,90.5621,9.3854,0.2912
asia,2042.7,90.5983,9.3468,0.2908
asia,2042.8,90.6332,9.3095,0.2905
asia,2042.9,90.6668,9.2735,0.2904
asia,2043.0,90.6992,9.2387,0.2903
asia,2043.1,90.7305,9.2050,0.2904
asia,2043.2,90.7607,9.1725,0.2905
asia,2043.3,90.7898,9.1411,0.2907
asia,2043.4,90.8178,9.1108,0.2910
asia,2043.5,90.8449,9.0815,0.2913
asia,2043.6,90.8711,9.0531,0.2917
asia,2043.7,90.8963,9.0257,0.2921
asia,2043.8,90.9207,8.9992,0.2925
asia,2043.9,90.9443,8.9736,0.2931
asia,2044.0,90.9672,8.9487,0.2936
asia,2044.1,90.9892,8.9247,0.2942
asia,2044.2,91.0106,8.9014,0.2948
asia,2044.3,91.0313,8.8788,0.2954
asia,2044.4,91.0514,8.8569,0.2961
asia,2044.5,91.0709,8.8357,0.2968
asia,2044.6,91.0899,8.8151,0.2975
asia,2044.7,91.1083,8.7950,0.2982
asia,2044.8,91.1262,8.7755,0.2989
asia,2044.9,91.1436,8.7565,0.2997
asia,2045.0,91.1606,8.7381,0.3004
asia,2045.1,91.1771,8.7200,0.3012
asia,2045.2,91.1933,8.7025,0.3020
asia,2045.3,91.2091,8.6853,0.3028
asia,2045.4,91.2245,8.6685,0.3036
asia,2045.5,91.2397,8.6521,0.3044
asia,2045.6,91.2545,8.6361,0.3052
asia,2045.7,91.2690,8.6204,0.3060
asia,2045.8,91.2833,8.6049,0.3068
asia,2045.9,91.2973,8.5898,0.3076
asia,2046.0,91.3110,8.5749,0.3085
asia,2046.1,91.3246,8.5603,0.3093
asia,2046.2,91.3379,8.5459,0.3101
asia,2046.3,91.3511,8.5318,0.3110
asia,2046.4,91.3641,8.5178,0.3118
asia,2046.5,91.3769,8.5041,0.3126
asia,2046.6,91.3895,8.4905,0.3135
asia,2046.7,91.4020,8.4771,0.3143
asia,2046.8,91.4144,8.4639,0.3152
asia,2046.9,91.4266,8.4508,0.3160
asia,2047.0,91.4387,8.4379,0.3169
asia,2047.1,91.4507,8.4251,0.3177
asia,2047.2,91.4626,8.4124,0.3186
asia,2047.3,91.4744,8.3999,0.3194
asia,2047.4,91.4861,8.3874,0.3203
asia,2047.5,91.4977,8.3751,0.3211
asia,2047.6,91.5092,8.3629,0.3220
asia,2047.7,91.5207,8.3507,0.3228
asia,2047.8,91.5320,8.3387,0.3237
asia,2047.9,91.5433,8.3267,0.3245
asia,2048.0,91.5545,8.3148,0.3254
asia,2048.1,91.5657,8.3030,0.3262
asia,2048.2,91.5767,8.2913,0.3271
asia,2048.3,91.5877,8.2797,0.3279
asia,2048.4,91.5987,8.2681,0.3288
asia,2048.5,91.6096,8.2565,0.3296
asia,2048.6,91.6204,8.2451,0.3305
asia,2048.7,91.6312,8.2337,0.3314
asia,2048.8,91.6419,8.2224,0.3322
asia,2048.9,91.6525,8.2111,0.3331
asia,2049.0,91.6631,8.1999,0.3339
asia,2049.1,91.6737,8.1887,0.3348
asia,2049.2,91.6842,8.1776,0.3356
asia,2049.3,91.6946,8.1665,0.3365
asia,2049.4,91.7050,8.1555,0.3373
asia,2049.5,91.7153,8.1446,0.3382
asia,2049.6,91.7256,8.1337,0.3390
asia,2049.7,91.7359,8.1228,0.3399
asia,2049.8,91.7461,8.1120,0.3407
asia,2049.9,91.7562,8.1013,0.3416
asia,2050.0,91.7663,8.0905,0.3424
small_markets,2015.0,0.0747,99.8267,0.1051
small_markets,2015.1,0.0814,99.8149,0.1115
small_markets,2015.2,0.0886,99.8024,0.1182
small_markets,2015.3,0.0962,99.7893,0.1251
small_markets,2015.4,0.1043,99.7755,0.1323
small_markets,2015.5,0.1128,99.7611,0.1398
small_markets,2015.6,0.1219,99.7460,0.1475
small_markets,2015.7,0.1315,99.7301,0.1556
small_markets,2015.8,0.1416,99.7134,0.1639
small_markets,2015.9,0.1522,99.6960,0.1725
small_markets,2016.0,0.1634,99.6778,0.1814
small_markets,2016.1,0.1753,99.6587,0.1906
small_markets,2016.2,0.1881,99.6388,0.2001
small_markets,2016.3,0.2017,99.6180,0.2099
small_markets,2016.4,0.2162,99.5962,0.2200
small_markets,2016.5,0.2316,99.5735,0.2304
small_markets,2016.6,0.2479,99.5498,0.2411
small_markets,2016.7,0.2652,99.5250,0.2522
small_markets,2016.8,0.2835,99.4991,0.2635
small_markets,2016.9,0.3028,99.4721,0.2752
small_markets,2017.0,0.3231,99.4440,0.2872
small_markets,2017.1,0.3789,99.2420,0.4380
small_markets,2017.2,0.4395,99.0854,0.5390
small_markets,2017.3,0.5028,98.9411,0.6251
small_markets,2017.4,0.5685,98.8036,0.7022
small_markets,2017.5,0.6362,98.6706,0.7729
small_markets,2017.6,0.7058,98.5405,0.8388
small_markets,2017.7,0.7772,98.4124,0.9008
small_markets,2017.8,0.8504,98.2858,0.9596
small_markets,2017.9,0.9252,98.1601,1.0157
small_markets,2018.0,1.0017,98.0350,1.0694
small_markets,2018.1,1.0798,97.9100,1.1210
small_markets,2018.2,1.1596,97.7850,1.1708
small_markets,2018.3,1.2409,97.6597,1.2191
small_markets,2018.4,1.3238,97.5339,1.2659
small_markets,2018.5,1.4084,97.4075,1.3114
small_markets,2018.6,1.4945,97.2802,1.3557
small_markets,2018.7,1.5822,97.1519,1.3989
small_markets,2018.8,1.6715,97.0224,1.4412
small_markets,2018.9,1.7624,96.8917,1.4825
small_markets,2019.0,1.8550,96.7596,1.5231
small_markets,2019.1,1.9492,96.6257,1.5631
small_markets,2019.2,2.0452,96.4897,1.6027
small_markets,2019.3,2.1431,96.3514,1.6420
small_markets,2019.4,2.2429,96.2108,1.6810
small_markets,2019.5,2.3446,96.0678,1.7197
small_markets,2019.6,2.4482,95.9222,1.7580
small_markets,2019.7,2.5538,95.7741,1.7961
small_markets,2019.8,2.6613,95.6233,1.8340
small_markets,2019.9,2.7709,95.4698,1.8716
small_markets,2020.0,2.8824,95.3134,1.9101
small_markets,2020.1,2.9960,95.1541,1.9493
small_markets,2020.2,3.1117,94.9918,1.9885
small_markets,2020.3,3.2296,94.8263,2.0277
small_markets,2020.4,3.3499,94.6576,2.0668
small_markets,2020.5,3.4726,94.4855,2.1060
small_markets,2020.6,3.5980,94.3096,2.1452
small_markets,2020.7,3.7263,94.1300,2.1844
small_markets,2020.8,3.8576,93.9463,2.2292
small_markets,2020.9,3.9921,93.7583,2.2754
small_markets,2021.0,4.1302,93.5658,2.3221
small_markets,2021.1,4.2719,93.3684,2.3693
small_markets,2021.2,4.4175,93.1660,2.4245
small_markets,2021.3,4.5674,92.9582,2.4844
small_markets,2021.4,4.7216,92.7448,2.5458
small_markets,2021.5,4.8806,92.5254,2.6087
small_markets,2021.6,5.0446,92.2996,2.6730
small_markets,2021.7,5.2139,92.0673,2.7390
small_markets,2021.8,5.3887,91.8280,2.8065
small_markets,2021.9,5.5693,91.5813,2.8756
small_markets,2022.0,5.7560,91.3270,2.9463
small_markets,2022.1,5.9492,91.0647,3.0188
small_markets,2022.2,6.1491,90.7939,3.0929
small_markets,2022.3,6.3560,90.5143,3.1687
small_markets,2022.4,6.5702,90.2256,3.2462
small_markets,2022.5,6.7920,89.9273,3.3255
small_markets,2022.6,7.0217,89.6191,3.4066
small_markets,2022.7,7.2596,89.3006,3.4894
small_markets,2022.8,7.5061,88.9714,3.5741
small_markets,2022.9,7.7612,88.6311,3.6606
small_markets,2023.0,8.0255,88.2794,3.7489
small_markets,2023.1,8.2990,87.9159,3.8390
small_markets,2023.2,8.5821,87.5402,3.9311
small_markets,2023.3,8.8750,87.1520,4.0249
small_markets,2023.4,9.1780,86.7510,4.1207
small_markets,2023.5,9.4912,86.3368,4.2183
small_markets,2023.6,9.8150,85.9092,4.3178
small_markets,2023.7,10.1494,85.4679,4.4191
small_markets,2023.8,10.4946,85.0126,4.5224
small_markets,2023.9,10.8508,84.5431,4.6275
small_markets,2024.0,11.2181,84.0592,4.7345
small_markets,2024.1,11.5967,83.5608,4.8434
small_markets,2024.2,11.9865,83.0476,4.9659
small_markets,2024.3,12.3877,82.5196,5.0927
small_markets,2024.4,12.8002,81.9767,5.2230
small_markets,2024.5,13.2242,81.4190,5.3569
small_markets,2024.6,13.6594,80.8463,5.4943
small_markets,2024.7,14.1060,80.2588,5.6352
small_markets,2024.8,14.5637,79.6567,5.7797
small_markets,2024.9,15.0324,79.0399,5.9276
small_markets,2025.0,15.5121,78.4088,6.0791
small_markets,2025.1,16.0024,77.7636,6.2339
small_markets,2025.2,16.5032,77.1047,6.3921
small_markets,2025.3,17.0142,76.4323,6.5535
small_markets,2025.4,17.5350,75.7469,6.7181
small_markets,2025.5,18.0654,75.0490,6.8856
small_markets,2025.6,18.6050,74.3391,7.0560
small_markets,2025.7,19.1532,73.6177,7.2290
small_markets,2025.8,19.7098,72.8856,7.4046
small_markets,2025.9,20.2743,72.1433,7.5824
small_markets,2026.0,20.8460,71.3916,7.7624
small_markets,2026.1,21.4246,70.6313,7.9442
small_markets,2026.2,22.0093,69.8631,8.1276
small_markets,2026.3,22.5997,69.0880,8.3123
small_markets,2026.4,23.1951,68.3067,8.4981
small_markets,2026.5,23.7949,67.5203,8.6848
small_markets,2026.6,24.3984,66.7296,8.8720
small_markets,2026.7,25.0049,65.9357,9.0594
small_markets,2026.8,25.6138,65.1394,9.2468
small_markets,2026.9,26.2243,64.3419,9.4338
small_markets,2027.0,26.8358,63.5440,9.6202
small_markets,2027.1,27.4475,62.7468,9.8057
small_markets,2027.2,28.0588,61.9512,9.9900
small_markets,2027.3,28.6688,61.1583,10.1729
small_markets,2027.4,29.2770,60.3689,10.3541
small_markets,2027.5,29.8826,59.5840,10.5334
small_markets,2027.6,30.4849,58.8045,10.7106
small_markets,2027.7,31.0834,58.0312,10.8854
small_markets,2027.8,31.6773,57.2650,11.0577
small_markets,2027.9,32.2660,56.5066,11.2273
small_markets,2028.0,32.8490,55.7568,11.3942
small_markets,2028.1,33.4257,55.0161,11.5582
small_markets,2028.2,33.9955,54.2852,11.7192
small_markets,2028.3,34.5580,53.5647,11.8773
small_markets,2028.4,35.1127,52.8549,12.0323
small_markets,2028.5,35.6593,52.1564,12.1843
small_markets,2028.6,36.1972,51.4694,12.3334
small_markets,2028.7,36.7262,50.7943,12.4795
small_markets,2028.8,37.2460,50.1311,12.6228
small_markets,2028.9,37.7564,49.4802,12.7634
small_markets,2029.0,38.2571,48.8415,12.9014
small_markets,2029.1,38.7479,48.2151,13.0370
small_markets,2029.2,39.2288,47.6010,13.1702
small_markets,2029.3,39.6997,46.9990,13.3013
small_markets,2029.4,40.1604,46.4091,13.4305
small_markets,2029.5,40.6111,45.8310,13.5579
small_markets,2029.6,41.0518,45.2645,13.6837
small_markets,2029.7,41.4825,44.7094,13.8082
small_markets,2029.8,41.9033,44.1653,13.9314
small_markets,2029.9,42.3143,43.6320,14.0536
small_markets,2030.0,42.7158,43.1092,14.1750
small_markets,2030.1,43.1079,42.5964,14.2957
small_markets,2030.2,43.4908,42.0933,14.4159
small_markets,2030.3,43.8648,41.5995,14.5357
small_markets,2030.4,44.2301,41.1147,14.6552
small_markets,2030.5,44.5870,40.6385,14.7745
small_markets,2030.6,44.9357,40.1706,14.8938
small_markets,2030.7,45.2765,39.7105,15.0130
small_markets,2030.8,45.6097,39.2580,15.1323
small_markets,2030.9,45.9356,38.8128,15.2516
small_markets,2031.0,46.2545,38.3745,15.3710
small_markets,2031.1,46.5667,37.9429,15.4904
small_markets,2031.2,46.8725,37.5176,15.6098
small_markets,2031.3,47.1722,37.0986,15.7293
small_markets,2031.4,47.4659,36.6854,15.8487
small_markets,2031.5,47.7541,36.2780,15.9679
small_markets,2031.6,48.0370,35.8761,16.0869
small_markets,2031.7,48.3147,35.4797,16.2056
small_markets,2031.8,48.5877,35.0885,16.3239
small_markets,2031.9,48.8560,34.7024,16.4416
small_markets,2032.0,49.1199,34.3214,16.5587
small_markets,2032.1,49.3795,33.9454,16.6751
small_markets,2032.2,49.6352,33.5742,16.7906
small_markets,2032.3,49.8870,33.2079,16.9051
small_markets,2032.4,50.1352,32.8464,17.0185
small_markets,2032.5,50.3798,32.4896,17.1306
small_markets,2032.6,50.6210,32.1376,17.2414
small_markets,2032.7,50.8589,31.7903,17.3508
small_markets,2032.8,51.0937,31.4477,17.4586
small_markets,2032.9,51.3255,31.1098,17.5647
small_markets,2033.0,51.5543,30.7767,17.6690
small_markets,2033.1,51.7802,30.4482,17.7715
small_markets,2033.2,52.0034,30.1245,17.8721
small_markets,2033.3,52.2239,29.8055,17.9706
small_markets,2033.4,52.4417,29.4912,18.0670
small_markets,2033.5,52.6570,29.1817,18.1613
small_markets,2033.6,52.8698,28.8769,18.2533
small_markets,2033.7,53.0800,28.5769,18.3431
small_markets,2033.8,53.2879,28.2816,18.4305
small_markets,2033.9,53.4934,27.9911,18.5155
small_markets,2034.0,53.6965,27.7053,18.5981
small_markets,2034.1,53.8974,27.4243,18.6783
small_markets,2034.2,54.0960,27.1480,18.7560
small_markets,2034.3,54.2924,26.8765,18.8311
small_markets,2034.4,54.4866,26.6096,18.9038
small_markets,2034.5,54.6787,26.3475,18.9739
small_markets,2034.6,54.8686,26.0900,19.0414
small_markets,2034.7,55.0565,25.8372,19.1064
small_markets,2034.8,55.2423,25.5890,19.1687
small_markets,2034.9,55.4261,25.3454,19.2285
small_markets,2035.0,55.6079,25.1064,19.2857
small_markets,2035.1,55.7878,24.8719,19.3404
small_markets,2035.2,55.9657,24.6419,19.3924
small_markets,2035.3,56.1418,24.4163,19.4419
small_markets,2035.4,56.3161,24.1951,19.4887
small_markets,2035.5,56.4886,23.9783,19.5331
small_markets,2035.6,56.6593,23.7659,19.5749
small_markets,2035.7,56.8282,23.5576,19.6141
small_markets,2035.8,56.9955,23.3536,19.6509
small_markets,2035.9,57.1611,23.1537,19.6851
small_markets,2036.0,57.3252,22.9579,19.7169
small_markets,2036.1,57.4876,22.7662,19.7462
small_markets,2036.2,57.6485,22.5784,19.7731
small_markets,2036.3,57.8079,22.3945,19.7975
small_markets,2036.4,57.9659,22.2145,19.8196
small_markets,2036.5,58.1224,22.0382,19.8393
small_markets,2036.6,58.2776,21.8657,19.8567
small_markets,2036.7,58.4314,21.6968,19.8718
small_markets,2036.8,58.5840,21.5315,19.8846
small_markets,2036.9,58.7352,21.3697,19.8951
small_markets,2037.0,58.8852,21.2113,19.9034
small_markets,2037.1,59.0341,21.0563,19.9096
small_markets,2037.2,59.1818,20.9046,19.9136
small_markets,2037.3,59.3283,20.7561,19.9155
small_markets,2037.4,59.4738,20.6108,19.9154
small_markets,2037.5,59.6183,20.4686,19.9131
small_markets,2037.6,59.7617,20.3294,19.9089
small_markets,2037.7,59.9042,20.1931,19.9028
small_markets,2037.8,60.0457,20.0597,19.8947
small_markets,2037.9,60.1863,19.9291,19.8847
small_markets,2038.0,60.3260,19.8012,19.8728
small_markets,2038.1,60.4649,19.6760,19.8592
small_markets,2038.2,60.6029,19.5533,19.8438
small_markets,2038.3,60.7401,19.4332,19.8266
small_markets,2038.4,60.8766,19.3156,19.8078
small_markets,2038.5,61.0123,19.2004,19.7873
small_markets,2038.6,61.1474,19.0874,19.7658
small_markets,2038.7,61.2817,18.9768,19.7429
small_markets,2038.8,61.4153,18.8683,19.7184
small_markets,2038.9,61.5483,18.7620,19.6923
small_markets,2039.0,61.6807,18.6577,19.6646
small_markets,2039.1,61.8125,18.5555,19.6355
small_markets,2039.2,61.9437,18.4552,19.6049
small_markets,2039.3,62.0743,18.3568,19.5729
small_markets,2039.4,62.2044,18.2602,19.5396
small_markets,2039.5,62.3340,18.1654,19.5050
small_markets,2039.6,62.4630,18.0724,19.4691
small_markets,2039.7,62.5916,17.9810,19.4320
small_markets,2039.8,62.7196,17.8912,19.3937
small_markets,2039.9,62.8472,17.8030,19.3543
small_markets,2040.0,62.9743,17.7164,19.3138
small_markets,2040.1,63.1010,17.6312,19.2723
small_markets,2040.2,63.2273,17.5474,19.2297
small_markets,2040.3,63.3531,17.4650,19.1862
small_markets,2040.4,63.4785,17.3840,19.1417
small_markets,2040.5,63.6035,17.3042,19.0963
small_markets,2040.6,63.7280,17.2257,19.0501
small_markets,2040.7,63.8522,17.1485,19.0030
small_markets,2040.8,63.9761,17.0724,18.9552
small_markets,2040.9,64.0995,16.9974,18.9065
small_markets,2041.0,64.2226,16.9235,18.8571
small_markets,2041.1,64.3453,16.8507,18.8071
small_markets,2041.2,64.4676,16.7790,18.7563
small_markets,2041.3,64.5896,16.7082,18.7049
small_markets,2041.4,64.7112,16.6385,18.6529
small_markets,2041.5,64.8325,16.5696,18.6003
small_markets,2041.6,64.9535,16.5017,18.5472
small_markets,2041.7,65.0741,16.4346,18.4935
small_markets,2041.8,65.1943,16.3684,18.4393
small_markets,2041.9,65.3142,16.3031,18.3846
small_markets,2042.0,65.4338,16.2385,18.3294
small_markets,2042.1,65.5531,16.1748,18.2738
small_markets,2042.2,65.6720,16.1117,18.2178
small_markets,2042.3,65.7906,16.0495,18.1613
small_markets,2042.4,65.9089,15.9879,18.1045
small_markets,2042.5,66.0268,15.9270,18.0473
small_markets,2042.6,66.1445,15.8668,17.9898
small_markets,2042.7,66.2618,15.8073,17.9320
small_markets,2042.8,66.3787,15.7484,17.8738
small_markets,2042.9,66.4954,15.6901,17.8154
small_markets,2043.0,66.6117,15.6325,17.7566
small_markets,2043.1,66.7277,15.5754,17.6976
small_markets,2043.2,66.8434,15.5189,17.6384
small_markets,2043.3,66.9587,15.4630,17.5789
small_markets,2043.4,67.0738,15.4076,17.5192
small_markets,2043.5,67.1885,15.3527,17.4593
small_markets,2043.6,67.3029,15.2984,17.3992
small_markets,2043.7,67.4169,15.2445,17.3390
small_markets,2043.8,67.5307,15.1912,17.2785
small_markets,2043.9,67.6441,15.1383,17.2179
small_markets,2044.0,67.7572,15.0859,17.1572
small_markets,2044.1,67.8699,15.0340,17.0963
small_markets,2044.2,67.9824,14.9826,17.0353
small_markets,2044.3,68.0945,14.9315,16.9742
small_markets,2044.4,68.2063,14.8810,16.9129
small_markets,2044.5,68.3178,14.8308,16.8516
small_markets,2044.6,68.4289,14.7811,16.7901
small_markets,2044.7,68.5398,14.7317,16.7286
small_markets,2044.8,68.6503,14.6828,16.6670
small_markets,2044.9,68.7605,14.6343,16.6054
small_markets,2045.0,68.8703,14.5861,16.5437
small_markets,2045.1,68.9798,14.5384,16.4819
small_markets,2045.2,69.0890,14.4910,16.4201
small_markets,2045.3,69.1979,14.4439,16.3582
small_markets,2045.4,69.3065,14.3973,16.2963
small_markets,2045.5,69.4147,14.3510,16.2344
small_markets,2045.6,69.5226,14.3050,16.1725
small_markets,2045.7,69.6301,14.2594,16.1105
small_markets,2045.8,69.7374,14.2141,16.0485
small_markets,2045.9,69.8443,14.1691,15.9866
small_markets,2046.0,69.9509,14.1245,15.9246
small_markets,2046.1,70.0572,14.0802,15.8626
small_markets,2046.2,70.1631,14.0362,15.8007
small_markets,2046.3,70.2687,13.9926,15.7387
small_markets,2046.4,70.3740,13.9492,15.6768
small_markets,2046.5,70.4790,13.9061,15.6149
small_markets,2046.6,70.5836,13.8634,15.5531
small_markets,2046.7,70.6879,13.8209,15.4912
small_markets,2046.8,70.7919,13.7787,15.4294
small_markets,2046.9,70.8955,13.7368,15.3677
small_markets,2047.0,70.9989,13.6952,15.3060
small_markets,2047.1,71.1019,13.6538,15.2443
small_markets,2047.2,71.2046,13.6128,15.1827
small_markets,2047.3,71.3069,13.5720,15.1211
small_markets,2047.4,71.4090,13.5314,15.0596
small_markets,2047.5,71.5107,13.4912,14.9982
small_markets,2047.6,71.6120,13.4512,14.9368
small_markets,2047.7,71.7131,13.4114,14.8755
small_markets,2047.8,71.8138,13.3719,14.8142
small_markets,2047.9,71.9143,13.3327,14.7531
small_markets,2048.0,72.0143,13.2937,14.6920
small_markets,2048.1,72.1141,13.2549,14.6310
small_markets,2048.2,72.2136,13.2164,14.5701
small_markets,2048.3,72.3127,13.1781,14.5092
small_markets,2048.4,72.4115,13.1400,14.4485
small_markets,2048.5,72.5100,13.1022,14.3878
small_markets,2048.6,72.6081,13.0646,14.3273
small_markets,2048.7,72.7060,13.0272,14.2668
small_markets,2048.8,72.8035,12.9900,14.2065
small_markets,2048.9,72.9007,12.9531,14.1462
small_markets,2049.0,72.9976,12.9164,14.0860
small_markets,2049.1,73.0942,12.8799,14.0260
small_markets,2049.2,73.1904,12.8436,13.9660
small_markets,2049.3,73.2863,12.8075,13.9062
small_markets,2049.4,73.3819,12.7716,13.8465
small_markets,2049.5,73.4772,12.7359,13.7869
small_markets,2049.6,73.5722,12.7004,13.7274
small_markets,2049.7,73.6669,12.6651,13.6680
small_markets,2049.8,73.7612,12.6300,13.6088
small_markets,2049.9,73.8553,12.5950,13.5497
small_markets,2050.0,73.9490,12.5603,13.4907
medium_markets,2015.0,0.4846,99.1671,0.3483
medium_markets,2015.1,0.5109,99.1238,0.3653
medium_markets,2015.2,0.5383,99.0787,0.3830
medium_markets,2015.3,0.5668,99.0318,0.4013
medium_markets,2015.4,0.5964,98.9832,0.4204
medium_markets,2015.5,0.6272,98.9326,0.4402
medium_markets,2015.6,0.6591,98.8802,0.4607
medium_markets,2015.7,0.6922,98.8258,0.4820
medium_markets,2015.8,0.7265,98.7694,0.5041
medium_markets,2015.9,0.7621,98.7110,0.5269
medium_markets,2016.0,0.7989,98.6505,0.5506
medium_markets,2016.1,0.8371,97.9108,1.2522
medium_markets,2016.2,0.8766,97.8719,1.2515
medium_markets,2016.3,0.9174,97.8198,1.2628
medium_markets,2016.4,0.9597,97.7609,1.2794
medium_markets,2016.5,1.0033,97.6974,1.2993
medium_markets,2016.6,1.0484,97.6300,1.3217
medium_markets,2016.7,1.0950,97.5592,1.3459
medium_markets,2016.8,1.1430,97.4852,1.3717
medium_markets,2016.9,1.1927,97.4083,1.3991
medium_markets,2017.0,1.2438,97.3284,1.4278
medium_markets,2017.1,1.2966,97.2445,1.4589
medium_markets,2017.2,1.3511,97.1559,1.4931
medium_markets,2017.3,1.4073,97.0629,1.5299
medium_markets,2017.4,1.4654,96.9655,1.5691
medium_markets,2017.5,1.5254,96.8639,1.6108
medium_markets,2017.6,1.5873,96.7581,1.6547
medium_markets,2017.7,1.6513,96.6481,1.7008
medium_markets,2017.8,1.7174,96.5339,1.7489
medium_markets,2017.9,1.7855,96.4156,1.7991
medium_markets,2018.0,1.8559,96.2931,1.8512
medium_markets,2018.1,1.9403,96.1637,1.9052
medium_markets,2018.2,2.0167,96.0313,1.9610
medium_markets,2018.3,2.0949,95.8949,2.0186
medium_markets,2018.4,2.1754,95.7545,2.0779
medium_markets,2018.5,2.2582,95.6100,2.1389
medium_markets,2018.6,2.3435,95.4614,2.2016
medium_markets,2018.7,2.4313,95.3087,2.2658
medium_markets,2018.8,2.5218,95.1519,2.3315
medium_markets,2018.9,2.6150,94.9909,2.3987
medium_markets,2019.0,2.7110,94.8257,2.4673
medium_markets,2019.1,2.8098,94.6562,2.5373
medium_markets,2019.2,2.9115,94.4826,2.6087
medium_markets,2019.3,3.0161,94.3047,2.6813
medium_markets,2019.4,3.1239,94.1225,2.7551
medium_markets,2019.5,3.2347,93.9361,2.8301
medium_markets,2019.6,3.3487,93.7453,2.9067
medium_markets,2019.7,3.4660,93.5503,2.9845
medium_markets,2019.8,3.5867,93.3508,3.0634
medium_markets,2019.9,3.7107,93.1470,3.1432
medium_markets,2020.0,3.8383,92.9388,3.2239
medium_markets,2020.1,3.9694,92.7261,3.3055
medium_markets,2020.2,4.1042,92.5090,3.3879
medium_markets,2020.3,4.2428,92.2873,3.4711
medium_markets,2020.4,4.3851,92.0612,3.5549
medium_markets,2020.5,4.5315,91.8305,3.6393
medium_markets,2020.6,4.6818,91.5951,3.7243
medium_markets,2020.7,4.8363,91.3552,3.8099
medium_markets,2020.8,4.9951,91.1105,3.8959
medium_markets,2020.9,5.1582,90.8611,3.9822
medium_markets,2021.0,5.3258,90.6069,4.0690
medium_markets,2021.1,5.4979,90.3478,4.1560
medium_markets,2021.2,5.6748,90.0839,4.2432
medium_markets,2021.3,5.8565,89.8150,4.3306
medium_markets,2021.4,6.0432,89.5410,4.4180
medium_markets,2021.5,6.2351,89.2620,4.5054
medium_markets,2021.6,6.4322,88.9777,4.5928
medium_markets,2021.7,6.6347,88.6882,4.6800
medium_markets,2021.8,6.8428,88.3933,4.7671
medium_markets,2021.9,7.0567,88.0930,4.8538
medium_markets,2022.0,7.2766,87.7871,4.9402
medium_markets,2022.1,7.5025,87.4756,5.0261
medium_markets,2022.2,7.7348,87.1583,5.1115
medium_markets,2022.3,7.9737,86.8351,5.1964
medium_markets,2022.4,8.2192,86.5058,5.2807
medium_markets,2022.5,8.4718,86.1703,5.3643
medium_markets,2022.6,8.7316,85.8285,5.4470
medium_markets,2022.7,8.9988,85.4802,5.5289
medium_markets,2022.8,9.2739,85.1252,5.6097
medium_markets,2022.9,9.5569,84.7633,5.6895
medium_markets,2023.0,9.8482,84.3943,5.7682
medium_markets,2023.1,10.1482,84.0180,5.8456
medium_markets,2023.2,10.4572,83.6341,5.9217
medium_markets,2023.3,10.7755,83.2424,5.9963
medium_markets,2023.4,11.1034,82.8426,6.0695
medium_markets,2023.5,11.4414,82.4344,6.1411
medium_markets,2023.6,11.7899,82.0175,6.2109
medium_markets,2023.7,12.1494,81.5915,6.2790
medium_markets,2023.8,12.5202,81.1561,6.3452
medium_markets,2023.9,12.9029,80.7108,6.4095
medium_markets,2024.0,13.2979,80.2552,6.4716
medium_markets,2024.1,13.7059,79.7889,6.5317
medium_markets,2024.2,14.1273,79.3114,6.5894
medium_markets,2024.3,14.5629,78.8221,6.6448
medium_markets,2024.4,15.0131,78.3205,6.6977
medium_markets,2024.5,15.4788,77.8059,6.7481
medium_markets,2024.6,15.9604,77.2778,6.7959
medium_markets,2024.7,16.4588,76.7355,6.8409
medium_markets,2024.8,16.9747,76.1782,6.8831
medium_markets,2024.9,17.5088,75.6053,6.9223
medium_markets,2025.0,18.0619,75.0159,6.9586
medium_markets,2025.1,18.6347,74.4095,6.9917
medium_markets,2025.2,19.2281,73.7850,7.0217
medium_markets,2025.3,19.8427,73.1420,7.0484
medium_markets,2025.4,20.4792,72.4795,7.0718
medium_markets,2025.5,21.1383,71.7969,7.0917
medium_markets,2025.6,21.8205,71.0936,7.1082
medium_markets,2025.7,22.5265,70.3690,7.1215
medium_markets,2025.8,23.2564,69.6229,7.1314
medium_markets,2025.9,24.0104,68.8549,7.1377
medium_markets,2026.0,24.7887,68.0652,7.1484
medium_markets,2026.1,25.5908,67.2539,7.1676
medium_markets,2026.2,26.4164,66.4217,7.1868
medium_markets,2026.3,27.2645,65.5695,7.2028
medium_markets,2026.4,28.1338,64.6988,7.2155
medium_markets,2026.5,29.0229,63.8112,7.2247
medium_markets,2026.6,29.9297,62.9093,7.2300
medium_markets,2026.7,30.8517,61.9957,7.2311
medium_markets,2026.8,31.7860,61.0738,7.2275
medium_markets,2026.9,32.7292,60.1475,7.2187
medium_markets,2027.0,33.6776,59.2210,7.2042
medium_markets,2027.1,34.6272,58.2988,7.1835
medium_markets,2027.2,35.5738,57.3858,7.1681
medium_markets,2027.3,36.5129,56.4866,7.1535
medium_markets,2027.4,37.4402,55.6058,7.1314
medium_markets,2027.5,38.3518,54.7477,7.1016
medium_markets,2027.6,39.2440,53.9159,7.0660
medium_markets,2027.7,40.1136,53.1130,7.0659
medium_markets,2027.8,40.9584,52.3409,7.0612
medium_markets,2027.9,41.7769,51.6002,7.0525
medium_markets,2028.0,42.5685,50.8906,7.0407
medium_markets,2028.1,43.3337,50.2106,7.0269
medium_markets,2028.2,44.0736,49.5580,7.0119
medium_markets,2028.3,44.7902,48.9299,6.9967
medium_markets,2028.4,45.4859,48.3230,6.9819
medium_markets,2028.5,46.1635,47.7341,6.9679
medium_markets,2028.6,46.8258,47.1602,6.9550
medium_markets,2028.7,47.4753,46.5985,6.9432
medium_markets,2028.8,48.1145,46.0469,6.9323
medium_markets,2028.9,48.7453,45.5039,6.9218
medium_markets,2029.0,49.3691,44.9683,6.9114
medium_markets,2029.1,49.9870,44.4395,6.9008
medium_markets,2029.2,50.5998,43.9170,6.8896
medium_markets,2029.3,51.2080,43.4006,6.8775
medium_markets,2029.4,51.8118,42.8903,6.8646
medium_markets,2029.5,52.4114,42.3859,6.8506
medium_markets,2029.6,53.0070,41.8873,6.8355
medium_markets,2029.7,53.5986,41.3946,6.8194
medium_markets,2029.8,54.1864,40.9075,6.8023
medium_markets,2029.9,54.7705,40.4260,6.7841
medium_markets,2030.0,55.3510,39.9499,6.7650
medium_markets,2030.1,55.9280,39.4791,6.7448
medium_markets,2030.2,56.5017,39.0134,6.7237
medium_markets,2030.3,57.0721,38.5527,6.7122
medium_markets,2030.4,57.6395,38.0966,6.7032
medium_markets,2030.5,58.2037,37.6452,6.6954
medium_markets,2030.6,58.7649,37.1980,6.6976
medium_markets,2030.7,59.3232,36.7551,6.6988
medium_markets,2030.8,59.8784,36.3161,6.6990
medium_markets,2030.9,60.4307,35.8809,6.6983
medium_markets,2031.0,60.9798,35.4494,6.6966
medium_markets,2031.1,61.5258,35.0213,6.6940
medium_markets,2031.2,62.0686,34.5966,6.6904
medium_markets,2031.3,62.6078,34.1750,6.6859
medium_markets,2031.4,63.1435,33.7566,6.6805
medium_markets,2031.5,63.6753,33.3412,6.6743
medium_markets,2031.6,64.2031,32.9287,6.6671
medium_markets,2031.7,64.7267,32.5190,6.6591
medium_markets,2031.8,65.2457,32.1122,6.6503
medium_markets,2031.9,65.7598,31.7082,6.6407
medium_markets,2032.0,66.2690,31.3069,6.6303
medium_markets,2032.1,66.7727,30.9084,6.6191
medium_markets,2032.2,67.2708,30.5127,6.6072
medium_markets,2032.3,67.7630,30.1199,6.5945
medium_markets,2032.4,68.2490,29.7298,6.5812
medium_markets,2032.5,68.7286,29.3427,6.5671
medium_markets,2032.6,69.2015,28.9585,6.5524
medium_markets,2032.7,69.6674,28.5773,6.5370
medium_markets,2032.8,70.1262,28.1992,6.5210
medium_markets,2032.9,70.5777,27.8243,6.5045
medium_markets,2033.0,71.0216,27.4526,6.4873
medium_markets,2033.1,71.4578,27.0842,6.4696
medium_markets,2033.2,71.8862,26.7192,6.4514
medium_markets,2033.3,72.3065,26.3576,6.4326
medium_markets,2033.4,72.7189,25.9996,6.4134
medium_markets,2033.5,73.1230,25.6452,6.3936
medium_markets,2033.6,73.5190,25.2945,6.3735
medium_markets,2033.7,73.9067,24.9475,6.3529
medium_markets,2033.8,74.2863,24.6044,6.3319
medium_markets,2033.9,74.6575,24.2652,6.3105
medium_markets,2034.0,75.0206,23.9300,6.2887
medium_markets,2034.1,75.3756,23.5988,6.2666
medium_markets,2034.2,75.7225,23.2716,6.2441
medium_markets,2034.3,76.0614,22.9486,6.2212
medium_markets,2034.4,76.3924,22.6298,6.1980
medium_markets,2034.5,76.7158,22.3152,6.1745
medium_markets,2034.6,77.0315,22.0049,6.1507
medium_markets,2034.7,77.3398,21.6989,6.1265
medium_markets,2034.8,77.6408,21.3971,6.1020
medium_markets,2034.9,77.9347,21.0998,6.0772
medium_markets,2035.0,78.2216,20.8068,6.0521
medium_markets,2035.1,78.5019,20.5182,6.0267
medium_markets,2035.2,78.7757,20.2340,6.0009
medium_markets,2035.3,79.0431,19.9541,5.9748
medium_markets,2035.4,79.3044,19.6787,5.9483
medium_markets,2035.5,79.5598,19.4077,5.9215
medium_markets,2035.6,79.8095,19.1411,5.8943
medium_markets,2035.7,80.0538,18.8788,5.8667
medium_markets,2035.8,80.2927,18.6210,5.8388
medium_markets,2035.9,80.5266,18.3674,5.8104
medium_markets,2036.0,80.7557,18.1182,5.7816
medium_markets,2036.1,80.9801,17.8733,5.7523
medium_markets,2036.2,81.2000,17.6327,5.7226
medium_markets,2036.3,81.4156,17.3964,5.6924
medium_markets,2036.4,81.6272,17.1642,5.6616
medium_markets,2036.5,81.8348,16.9362,5.6304
medium_markets,2036.6,82.0387,16.7123,5.5986
medium_markets,2036.7,82.2390,16.4926,5.5663
medium_markets,2036.8,82.4358,16.2768,5.5333
medium_markets,2036.9,82.6294,16.0651,5.4998
medium_markets,2037.0,82.8199,15.8573,5.4657
medium_markets,2037.1,83.0073,15.6534,5.4310
medium_markets,2037.2,83.1919,15.4534,5.3957
medium_markets,2037.3,83.3737,15.2572,5.3597
medium_markets,2037.4,83.5528,15.0647,5.3231
medium_markets,2037.5,83.7295,14.8758,5.2858
medium_markets,2037.6,83.9036,14.6906,5.2480
medium_markets,2037.7,84.0754,14.5090,5.2094
medium_markets,2037.8,84.2450,14.3309,5.1703
medium_markets,2037.9,84.4124,14.1562,5.1305
medium_markets,2038.0,84.5776,13.9849,5.0901
medium_markets,2038.1,84.7408,13.8170,5.0490
medium_markets,2038.2,84.9020,13.6523,5.0074
medium_markets,2038.3,85.0613,13.4908,4.9652
medium_markets,2038.4,85.2187,13.3324,4.9225
medium_markets,2038.5,85.3743,13.1771,4.8792
medium_markets,2038.6,85.5281,13.0249,4.8354
medium_markets,2038.7,85.6801,12.8756,4.7912
medium_markets,2038.8,85.8304,12.7292,4.7465
medium_markets,2038.9,85.9791,12.5856,4.7014
medium_markets,2039.0,86.1261,12.4448,4.6559
medium_markets,2039.1,86.2715,12.3067,4.6100
medium_markets,2039.2,86.4152,12.1713,4.5639
medium_markets,2039.3,86.5574,12.0385,4.5176
medium_markets,2039.4,86.6981,11.9082,4.4710
medium_markets,2039.5,86.8371,11.7804,4.4242
medium_markets,2039.6,86.9747,11.6550,4.3772
medium_markets,2039.7,87.1107,11.5320,4.3301
medium_markets,2039.8,87.2452,11.4113,4.2828
medium_markets,2039.9,87.3782,11.2929,4.2356
medium_markets,2040.0,87.5097,11.1766,4.1883
medium_markets,2040.1,87.6397,11.0626,4.1410
medium_markets,2040.2,87.7682,10.9506,4.0939
medium_markets,2040.3,87.8952,10.8407,4.0468
medium_markets,2040.4,88.0207,10.7328,3.9999
medium_markets,2040.5,88.1448,10.6269,3.9532
medium_markets,2040.6,88.2674,10.5229,3.9068
medium_markets,2040.7,88.3885,10.4208,3.8606
medium_markets,2040.8,88.5082,10.3205,3.8147
medium_markets,2040.9,88.6264,10.2219,3.7691
medium_markets,2041.0,88.7432,10.1252,3.7239
medium_markets,2041.1,88.8584,10.0301,3.6791
medium_markets,2041.2,88.9723,9.9367,3.6347
medium_markets,2041.3,89.0847,9.8450,3.5907
medium_markets,2041.4,89.1956,9.7548,3.5472
medium_markets,2041.5,89.3051,9.6662,3.5042
medium_markets,2041.6,89.4132,9.5791,3.4617
medium_markets,2041.7,89.5199,9.4935,3.4197
medium_markets,2041.8,89.6251,9.4094,3.3783
medium_markets,2041.9,89.7289,9.3267,3.3374
medium_markets,2042.0,89.8313,9.2454,3.2971
medium_markets,2042.1,89.9323,9.1655,3.2574
medium_markets,2042.2,90.0319,9.0869,3.2183
medium_markets,2042.3,90.1302,9.0096,3.1797
medium_markets,2042.4,90.2270,8.9336,3.1418
medium_markets,2042.5,90.3225,8.8589,3.1046
medium_markets,2042.6,90.4166,8.7854,3.0679
medium_markets,2042.7,90.5094,8.7131,3.0319
medium_markets,2042.8,90.6009,8.6420,2.9965
medium_markets,2042.9,90.6910,8.5720,2.9618
medium_markets,2043.0,90.7798,8.5032,2.9277
medium_markets,2043.1,90.8674,8.4355,2.8942
medium_markets,2043.2,90.9536,8.3690,2.8614
medium_markets,2043.3,91.0386,8.3034,2.8292
medium_markets,2043.4,91.1223,8.2389,2.7976
medium_markets,2043.5,91.2048,8.1755,2.7667
medium_markets,2043.6,91.2860,8.1131,2.7364
medium_markets,2043.7,91.3660,8.0516,2.7068
medium_markets,2043.8,91.4449,7.9911,2.6777
medium_markets,2043.9,91.5225,7.9316,2.6493
medium_markets,2044.0,91.5990,7.8730,2.6215
medium_markets,2044.1,91.6743,7.8153,2.5943
medium_markets,2044.2,91.7485,7.7585,2.5677
medium_markets,2044.3,91.8216,7.7025,2.5417
medium_markets,2044.4,91.8936,7.6475,2.5163
medium_markets,2044.5,91.9645,7.5932,2.4914
medium_markets,2044.6,92.0343,7.5398,2.4671
medium_markets,2044.7,92.1031,7.4872,2.4434
medium_markets,2044.8,92.1708,7.4353,2.4202
medium_markets,2044.9,92.2376,7.3843,2.3975
medium_markets,2045.0,92.3033,7.3340,2.3754
medium_markets,2045.1,92.3681,7.2844,2.3538
medium_markets,2045.2,92.4319,7.2355,2.3327
medium_markets,2045.3,92.4948,7.1874,2.3120
medium_markets,2045.4,92.5567,7.1399,2.2919
medium_markets,2045.5,92.6177,7.0931,2.2723
medium_markets,2045.6,92.6778,7.0470,2.2531
medium_markets,2045.7,92.7371,7.0015,2.2344
medium_markets,2045.8,92.7955,6.9567,2.2161
medium_markets,2045.9,92.8531,6.9124,2.1983
medium_markets,2046.0,92.9098,6.8688,2.1808
medium_markets,2046.1,92.9658,6.8257,2.1638
medium_markets,2046.2,93.0209,6.7833,2.1472
medium_markets,2046.3,93.0753,6.7413,2.1310
medium_markets,2046.4,93.1289,6.7000,2.1152
medium_markets,2046.5,93.1818,6.6592,2.0997
medium_markets,2046.6,93.2339,6.6189,2.0846
medium_markets,2046.7,93.2854,6.5791,2.0699
medium_markets,2046.8,93.3361,6.5398,2.0555
medium_markets,2046.9,93.3862,6.5010,2.0414
medium_markets,2047.0,93.4356,6.4627,2.0277
medium_markets,2047.1,93.4844,6.4249,2.0143
medium_markets,2047.2,93.5325,6.3875,2.0011
medium_markets,2047.3,93.5800,6.3505,1.9883
medium_markets,2047.4,93.6269,6.3140,1.9757
medium_markets,2047.5,93.6732,6.2780,1.9635
medium_markets,2047.6,93.7189,6.2423,1.9515
medium_markets,2047.7,93.7641,6.2071,1.9397
medium_markets,2047.8,93.8087,6.1723,1.9282
medium_markets,2047.9,93.8527,6.1378,1.9170
medium_markets,2048.0,93.8963,6.1037,1.9060
medium_markets,2048.1,93.9393,6.0701,1.8952
medium_markets,2048.2,93.9817,6.0367,1.8846
medium_markets,2048.3,94.0237,6.0038,1.8743
medium_markets,2048.4,94.0652,5.9712,1.8642
medium_markets,2048.5,94.1063,5.9389,1.8542
medium_markets,2048.6,94.1468,5.9070,1.8445
medium_markets,2048.7,94.1869,5.8754,1.8349
medium_markets,2048.8,94.2266,5.8441,1.8255
medium_markets,2048.9,94.2658,5.8132,1.8164
medium_markets,2049.0,94.3045,5.7825,1.8073
medium_markets,2049.1,94.3429,5.7522,1.7985
medium_markets,2049.2,94.3808,5.7222,1.7898
medium_markets,2049.3,94.4184,5.6924,1.7814
medium_markets,2049.4,94.4555,5.6630,1.7737
medium_markets,2049.5,94.4922,5.6338,1.7662
medium_markets,2049.6,94.5286,5.6049,1.7588
medium_markets,2049.7,94.5646,5.5763,1.7515
medium_markets,2049.8,94.6002,5.5480,1.7443
medium_markets,2049.9,94.6354,5.5199,1.7372
medium_markets,2050.0,94.6703,5.4921,1.7303
big_markets,2015.0,0.3320,99.6445,0.1062
big_markets,2015.1,0.3555,99.6182,0.1124
big_markets,2015.2,0.3804,99.5902,0.1189
big_markets,2015.3,0.4065,99.5605,0.1256
big_markets,2015.4,0.4341,99.5291,0.1326
big_markets,2015.5,0.4631,99.4958,0.1399
big_markets,2015.6,0.4935,99.4607,0.1474
big_markets,2015.7,0.5255,99.4235,0.1553
big_markets,2015.8,0.5590,99.3843,0.1634
big_markets,2015.9,0.5942,99.3430,0.1719
big_markets,2016.0,0.6310,99.2995,0.1806
big_markets,2016.1,0.6696,99.2535,0.1897
big_markets,2016.2,0.7101,99.2049,0.1992
big_markets,2016.3,0.7525,99.1537,0.2090
big_markets,2016.4,0.7969,99.0998,0.2191
big_markets,2016.5,0.8433,99.0431,0.2296
big_markets,2016.6,0.8917,98.9835,0.2404
big_markets,2016.7,0.9423,98.9210,0.2515
big_markets,2016.8,0.9950,98.8555,0.2629
big_markets,2016.9,1.0498,98.7869,0.2746
big_markets,2017.0,1.1069,98.7151,0.2867
big_markets,2017.1,1.1663,98.6399,0.2990
big_markets,2017.2,1.2281,98.5613,0.3117
big_markets,2017.3,1.2922,98.4793,0.3247
big_markets,2017.4,1.3588,98.3936,0.3380
big_markets,2017.5,1.4278,98.3041,0.3516
big_markets,2017.6,1.4994,98.2109,0.3655
big_markets,2017.7,1.5736,98.1137,0.3797
big_markets,2017.8,1.6504,98.0124,0.3942
big_markets,2017.9,1.7299,97.9070,0.4090
big_markets,2018.0,1.8121,97.7972,0.4242
big_markets,2018.1,1.8971,97.6831,0.4397
big_markets,2018.2,1.9850,97.5644,0.4555
big_markets,2018.3,2.0758,97.4410,0.4832
big_markets,2018.4,2.1695,97.3129,0.5176
big_markets,2018.5,2.2663,97.1799,0.5539
big_markets,2018.6,2.3660,97.0418,0.5922
big_markets,2018.7,2.4689,96.8985,0.6325
big_markets,2018.8,2.5750,96.7500,0.6750
big_markets,2018.9,2.6843,96.5960,0.7197
big_markets,2019.0,2.7968,96.4365,0.7667
big_markets,2019.1,2.9127,96.2712,0.8161
big_markets,2019.2,3.0319,96.1001,0.8680
big_markets,2019.3,3.1545,95.9231,0.9224
big_markets,2019.4,3.2806,95.7400,0.9794
big_markets,2019.5,3.4103,95.5506,1.0391
big_markets,2019.6,3.5435,95.3548,1.1017
big_markets,2019.7,3.6804,95.1525,1.1671
big_markets,2019.8,3.8209,94.9436,1.2355
big_markets,2019.9,3.9651,94.7279,1.3069
big_markets,2020.0,4.1132,94.5053,1.3815
big_markets,2020.1,4.2650,94.2757,1.4593
big_markets,2020.2,4.4208,94.0389,1.5403
big_markets,2020.3,4.5804,93.7948,1.6248
big_markets,2020.4,4.7440,93.5433,1.7127
big_markets,2020.5,4.9117,93.2842,1.8041
big_markets,2020.6,5.0834,93.0174,1.8992
big_markets,2020.7,5.2592,92.7429,1.9979
big_markets,2020.8,5.4392,92.4604,2.1004
big_markets,2020.9,5.6233,92.1700,2.2067
big_markets,2021.0,5.8117,91.8714,2.3168
big_markets,2021.1,6.0044,91.5646,2.4309
big_markets,2021.2,6.2014,91.2495,2.5490
big_markets,2021.3,6.4028,90.9260,2.6712
big_markets,2021.4,6.6086,90.5940,2.7974
big_markets,2021.5,6.8188,90.2535,2.9278
big_markets,2021.6,7.0335,89.9042,3.0623
big_markets,2021.7,7.2526,89.5463,3.2010
big_markets,2021.8,7.4764,89.1796,3.3440
big_markets,2021.9,7.7047,88.8041,3.4912
big_markets,2022.0,7.9376,88.4198,3.6426
big_markets,2022.1,8.1751,88.0265,3.7983
big_markets,2022.2,8.4173,87.6244,3.9583
big_markets,2022.3,8.6642,87.2133,4.1225
big_markets,2022.4,8.9158,86.7933,4.2909
big_markets,2022.5,9.1722,86.3644,4.4635
big_markets,2022.6,9.4333,85.9265,4.6402
big_markets,2022.7,9.6991,85.4798,4.8210
big_markets,2022.8,9.9698,85.0243,5.0059
big_markets,2022.9,10.2453,84.5600,5.1948
big_markets,2023.0,10.5255,84.0870,5.3875
big_markets,2023.1,10.8107,83.6053,5.5840
big_markets,2023.2,11.1006,83.1151,5.7842
big_markets,2023.3,11.3954,82.6165,5.9880
big_markets,2023.4,11.6951,82.1096,6.1953
big_markets,2023.5,11.9996,81.5945,6.4059
big_markets,2023.6,12.3090,81.0714,6.6196
big_markets,2023.7,12.6232,80.5405,6.8363
big_markets,2023.8,12.9423,80.0019,7.0559
big_markets,2023.9,13.2662,79.4557,7.2781
big_markets,2024.0,13.5949,78.9024,7.5027
big_markets,2024.1,13.9285,78.3419,7.7296
big_markets,2024.2,14.2669,77.7747,7.9585
big_markets,2024.3,14.6100,77.2009,8.1891
big_markets,2024.4,14.9580,76.6208,8.4212
big_markets,2024.5,15.3107,76.0347,8.6546
big_markets,2024.6,15.6681,75.4429,8.8890
big_markets,2024.7,16.0302,74.8457,9.1241
big_markets,2024.8,16.3969,74.2435,9.3596
big_markets,2024.9,16.7683,73.6365,9.5952
big_markets,2025.0,17.1443,73.0251,9.8305
big_markets,2025.1,17.5249,72.4098,10.0653
big_markets,2025.2,17.9100,71.7908,10.2993
big_markets,2025.3,18.2995,71.1685,10.5320
big_markets,2025.4,18.6935,70.5434,10.7631
big_markets,2025.5,19.0918,69.9158,10.9924
big_markets,2025.6,19.4945,69.2862,11.2193
big_markets,2025.7,19.9014,68.6550,11.4436
big_markets,2025.8,20.3125,68.0226,11.6649
big_markets,2025.9,20.7278,67.3894,11.8828
big_markets,2026.0,21.1472,66.7559,12.0969
big_markets,2026.1,21.5706,66.1225,12.3069
big_markets,2026.2,21.9979,65.4897,12.5124
big_markets,2026.3,22.4291,64.8579,12.7131
big_markets,2026.4,22.8641,64.2275,12.9085
big_markets,2026.5,23.3028,63.5989,13.0983
big_markets,2026.6,23.7452,62.9727,13.2821
big_markets,2026.7,24.1911,62.3492,13.4597
big_markets,2026.8,24.6404,61.7289,13.6307
big_markets,2026.9,25.0932,61.1121,13.7947
big_markets,2027.0,25.5492,60.4993,13.9514
big_markets,2027.1,26.0085,59.8909,14.1006
big_markets,2027.2,26.4708,59.2872,14.2420
big_markets,2027.3,26.9362,58.6887,14.3752
big_markets,2027.4,27.4044,58.0956,14.5000
big_markets,2027.5,27.8754,57.5083,14.6163
big_markets,2027.6,28.3492,56.9271,14.7237
big_markets,2027.7,28.8255,56.3524,14.8222
big_markets,2027.8,29.3043,55.7843,14.9114
big_markets,2027.9,29.7854,55.2233,14.9913
big_markets,2028.0,30.2688,54.6695,15.0617
big_markets,2028.1,30.7544,54.1230,15.1226
big_markets,2028.2,31.2419,53.5843,15.1738
big_markets,2028.3,31.7314,53.0533,15.2153
big_markets,2028.4,32.2226,52.5303,15.2471
big_markets,2028.5,32.7156,52.0153,15.2691
big_markets,2028.6,33.2100,51.5085,15.2814
big_markets,2028.7,33.7059,51.0100,15.2841
big_markets,2028.8,34.2031,50.5198,15.2771
big_markets,2028.9,34.7014,50.0380,15.2606
big_markets,2029.0,35.2008,49.5645,15.2347
big_markets,2029.1,35.7011,49.0993,15.1995
big_markets,2029.2,36.2022,48.6425,15.1553
big_markets,2029.3,36.7040,48.1939,15.1021
big_markets,2029.4,37.2063,47.7535,15.0402
big_markets,2029.5,37.7091,47.3211,14.9698
big_markets,2029.6,38.2121,46.8968,14.8912
big_markets,2029.7,38.7152,46.4802,14.8045
big_markets,2029.8,39.2184,46.0713,14.7102
big_markets,2029.9,39.7215,45.6700,14.6084
big_markets,2030.0,40.2244,45.2760,14.4995
big_markets,2030.1,40.7270,44.8892,14.3838
big_markets,2030.2,41.2290,44.5094,14.2616
big_markets,2030.3,41.7305,44.1363,14.1332
big_markets,2030.4,42.2312,43.7698,13.9990
big_markets,2030.5,42.7311,43.4097,13.8592
big_markets,2030.6,43.2300,43.0557,13.7146
big_markets,2030.7,43.7278,42.7076,13.5654
big_markets,2030.8,44.2244,42.3652,13.4118
big_markets,2030.9,44.7197,42.0283,13.2540
big_markets,2031.0,45.2136,41.6966,13.0925
big_markets,2031.1,45.7059,41.3699,12.9274
big_markets,2031.2,46.1965,41.0481,12.7592
big_markets,2031.3,46.6853,40.7309,12.5882
big_markets,2031.4,47.1723,40.4181,12.4147
big_markets,2031.5,47.6573,40.1095,12.2389
big_markets,2031.6,48.1401,39.8049,12.0612
big_markets,2031.7,48.6208,39.5042,11.8819
big_markets,2031.8,49.0991,39.2072,11.7012
big_markets,2031.9,49.5750,38.9137,11.5194
big_markets,2032.0,50.0484,38.6236,11.3368
big_markets,2032.1,50.5193,38.3366,11.1535
big_markets,2032.2,50.9874,38.0528,10.9698
big_markets,2032.3,51.4528,37.7720,10.7860
big_markets,2032.4,51.9152,37.4939,10.6022
big_markets,2032.5,52.3748,37.2187,10.4186
big_markets,2032.6,52.8312,36.9460,10.2354
big_markets,2032.7,53.2846,36.6759,10.0528
big_markets,2032.8,53.7348,36.4083,9.8709
big_markets,2032.9,54.1817,36.1430,9.6900
big_markets,2033.0,54.6252,35.8801,9.5100
big_markets,2033.1,55.0653,35.6194,9.3313
big_markets,2033.2,55.5020,35.3609,9.1538
big_markets,2033.3,55.9351,35.1046,8.9777
big_markets,2033.4,56.3646,34.8503,8.8032
big_markets,2033.5,56.7904,34.5981,8.6303
big_markets,2033.6,57.2125,34.3478,8.4591
big_markets,2033.7,57.6308,34.0995,8.2898
big_markets,2033.8,58.0453,33.8532,8.1224
big_markets,2033.9,58.4559,33.6087,7.9570
big_markets,2034.0,58.8625,33.3660,7.7937
big_markets,2034.1,59.2652,33.1251,7.6326
big_markets,2034.2,59.6639,32.8861,7.4737
big_markets,2034.3,60.0586,32.6487,7.3171
big_markets,2034.4,60.4491,32.4130,7.1629
big_markets,2034.5,60.8356,32.1790,7.0112
big_markets,2034.6,61.2179,31.9467,6.8620
big_markets,2034.7,61.5960,31.7159,6.7153
big_markets,2034.8,61.9699,31.4866,6.5713
big_markets,2034.9,62.3397,31.2589,6.4300
big_markets,2035.0,62.7052,31.0327,6.2914
big_markets,2035.1,63.0664,30.8079,6.1557
big_markets,2035.2,63.4234,30.5846,6.0227
big_markets,2035.3,63.7762,30.3626,5.8927
big_markets,2035.4,64.1247,30.1420,5.7655
big_markets,2035.5,64.4689,29.9227,5.6413
big_markets,2035.6,64.8089,29.7047,5.5201
big_markets,2035.7,65.1446,29.4879,5.4018
big_markets,2035.8,65.4761,29.2724,5.2866
big_markets,2035.9,65.8034,29.0580,5.1744
big_markets,2036.0,66.1264,28.8449,5.0652
big_markets,2036.1,66.4452,28.6329,4.9591
big_markets,2036.2,66.7599,28.4221,4.8560
big_markets,2036.3,67.0704,28.2123,4.7560
big_markets,2036.4,67.3768,28.0037,4.6589
big_markets,2036.5,67.6791,27.7962,4.5648
big_markets,2036.6,67.9773,27.5898,4.4737
big_markets,2036.7,68.2715,27.3845,4.3856
big_markets,2036.8,68.5617,27.1803,4.3003
big_markets,2036.9,68.8480,26.9771,4.2178
big_markets,2037.0,69.1304,26.7751,4.1382
big_markets,2037.1,69.4090,26.5742,4.0613
big_markets,2037.2,69.6838,26.3743,3.9871
big_markets,2037.3,69.9548,26.1756,3.9155
big_markets,2037.4,70.2221,25.9781,3.8464
big_markets,2037.5,70.4858,25.7816,3.7799
big_markets,2037.6,70.7459,25.5863,3.7158
big_markets,2037.7,71.0025,25.3923,3.6540
big_markets,2037.8,71.2556,25.1994,3.5945
big_markets,2037.9,71.5054,25.0077,3.5371
big_markets,2038.0,71.7518,24.8172,3.4819
big_markets,2038.1,71.9949,24.6280,3.4286
big_markets,2038.2,72.2348,24.4401,3.3773
big_markets,2038.3,72.4716,24.2535,3.3279
big_markets,2038.4,72.7053,24.0682,3.2802
big_markets,2038.5,72.9360,23.8842,3.2342
big_markets,2038.6,73.1637,23.7016,3.1898
big_markets,2038.7,73.3885,23.5204,3.1469
big_markets,2038.8,73.6105,23.3405,3.1054
big_markets,2038.9,73.8297,23.1621,3.0653
big_markets,2039.0,74.0463,22.9851,3.0265
big_markets,2039.1,74.2601,22.8095,2.9889
big_markets,2039.2,74.4714,22.6354,2.9524
big_markets,2039.3,74.6802,22.4628,2.9169
big_markets,2039.4,74.8865,22.2916,2.8825
big_markets,2039.5,75.0903,22.1220,2.8489
big_markets,2039.6,75.2918,21.9538,2.8162
big_markets,2039.7,75.4910,21.7872,2.7844
big_markets,2039.8,75.6879,21.6221,2.7532
big_markets,2039.9,75.8826,21.4586,2.7227
big_markets,2040.0,76.0751,21.2965,2.6929
big_markets,2040.1,76.2655,21.1360,2.6637
big_markets,2040.2,76.4538,20.9771,2.6350
big_markets,2040.3,76.6401,20.8197,2.6067
big_markets,2040.4,76.8244,20.6638,2.5790
big_markets,2040.5,77.0067,20.5095,2.5516
big_markets,2040.6,77.1871,20.3567,2.5247
big_markets,2040.7,77.3656,20.2054,2.4981
big_markets,2040.8,77.5423,20.0557,2.4718
big_markets,2040.9,77.7171,19.9075,2.4458
big_markets,2041.0,77.8902,19.7607,2.4201
big_markets,2041.1,78.0615,19.6155,2.3946
big_markets,2041.2,78.2311,19.4718,2.3694
big_markets,2041.3,78.3990,19.3296,2.3443
big_markets,2041.4,78.5652,19.1888,2.3195
big_markets,2041.5,78.7298,19.0494,2.2948
big_markets,2041.6,78.8928,18.9115,2.2703
big_markets,2041.7,79.0542,18.7751,2.2460
big_markets,2041.8,79.2141,18.6400,2.2218
big_markets,2041.9,79.3724,18.5063,2.1977
big_markets,2042.0,79.5293,18.3740,2.1738
big_markets,2042.1,79.6847,18.2430,2.1500
big_markets,2042.2,79.8386,18.1134,2.1263
big_markets,2042.3,79.9911,17.9850,2.1027
big_markets,2042.4,80.1422,17.8580,2.0792
big_markets,2042.5,80.2920,17.7322,2.0558
big_markets,2042.6,80.4404,17.6077,2.0325
big_markets,2042.7,80.5874,17.4843,2.0093
big_markets,2042.8,80.7332,17.3622,1.9862
big_markets,2042.9,80.8776,17.2413,1.9632
big_markets,2043.0,81.0208,17.1215,1.9404
big_markets,2043.1,81.1628,17.0029,1.9176
big_markets,2043.2,81.3036,16.8853,1.8949
big_markets,2043.3,81.4431,16.7689,1.8723
big_markets,2043.4,81.5815,16.6535,1.8498
big_markets,2043.5,81.7187,16.5392,1.8274
big_markets,2043.6,81.8548,16.4259,1.8052
big_markets,2043.7,81.9898,16.3136,1.7830
big_markets,2043.8,82.1237,16.2023,1.7609
big_markets,2043.9,82.2565,16.0919,1.7390
big_markets,2044.0,82.3883,15.9825,1.7171
big_markets,2044.1,82.5190,15.8740,1.6954
big_markets,2044.2,82.6487,15.7663,1.6738
big_markets,2044.3,82.7774,15.6596,1.6524
big_markets,2044.4,82.9051,15.5537,1.6310
big_markets,2044.5,83.0319,15.4487,1.6098
big_markets,2044.6,83.1576,15.3445,1.5887
big_markets,2044.7,83.2825,15.2410,1.5678
big_markets,2044.8,83.4064,15.1384,1.5469
big_markets,2044.9,83.5294,15.0366,1.5312
big_markets,2045.0,83.6514,14.9354,1.5177
big_markets,2045.1,83.7726,14.8351,1.5044
big_markets,2045.2,83.8930,14.7354,1.4912
big_markets,2045.3,84.0124,14.6365,1.4781
big_markets,2045.4,84.1310,14.5383,1.4651
big_markets,2045.5,84.2488,14.4407,1.4523
big_markets,2045.6,84.3657,14.3438,1.4396
big_markets,2045.7,84.4818,14.2476,1.4270
big_markets,2045.8,84.5970,14.1521,1.4145
big_markets,2045.9,84.7115,14.0571,1.4022
big_markets,2046.0,84.8251,13.9628,1.3900
big_markets,2046.1,84.9380,13.8692,1.3779
big_markets,2046.2,85.0501,13.7761,1.3659
big_markets,2046.3,85.1614,13.6836,1.3541
big_markets,2046.4,85.2719,13.5917,1.3424
big_markets,2046.5,85.3816,13.5004,1.3309
big_markets,2046.6,85.4906,13.4097,1.3194
big_markets,2046.7,85.5988,13.3196,1.3081
big_markets,2046.8,85.7063,13.2300,1.2970
big_markets,2046.9,85.8130,13.1410,1.2859
big_markets,2047.0,85.9190,13.0526,1.2750
big_markets,2047.1,86.0242,12.9647,1.2643
big_markets,2047.2,86.1287,12.8773,1.2537
big_markets,2047.3,86.2324,12.7905,1.2432
big_markets,2047.4,86.3355,12.7042,1.2328
big_markets,2047.5,86.4377,12.6185,1.2226
big_markets,2047.6,86.5393,12.5332,1.2125
big_markets,2047.7,86.6401,12.4486,1.2026
big_markets,2047.8,86.7402,12.3644,1.1927
big_markets,2047.9,86.8396,12.2808,1.1831
big_markets,2048.0,86.9383,12.1976,1.1735
big_markets,2048.1,87.0362,12.1150,1.1641
big_markets,2048.2,87.1334,12.0329,1.1548
big_markets,2048.3,87.2299,11.9513,1.1457
big_markets,2048.4,87.3257,11.8703,1.1366
big_markets,2048.5,87.4208,11.7897,1.1277
big_markets,2048.6,87.5152,11.7097,1.1190
big_markets,2048.7,87.6089,11.6301,1.1104
big_markets,2048.8,87.7018,11.5510,1.1019
big_markets,2048.9,87.7941,11.4725,1.0935
big_markets,2049.0,87.8856,11.3945,1.0852
big_markets,2049.1,87.9765,11.3169,1.0771
big_markets,2049.2,88.0666,11.2399,1.0691
big_markets,2049.3,88.1561,11.1633,1.0613
big_markets,2049.4,88.2448,11.0872,1.0535
big_markets,2049.5,88.3329,11.0117,1.0459
big_markets,2049.6,88.4203,10.9366,1.0384
big_markets,2049.7,88.5069,10.8620,1.0310
big_markets,2049.8,88.5929,10.7880,1.0238
big_markets,2049.9,88.6782,10.7144,1.0166
big_markets,2050.0,88.7628,10.6413,1.0096
