group,year,bev_share,ice_share,phev_share
world,2015.0,0.3419,,
world,2015.1,0.3662,,
world,2015.2,0.3919,,
world,2015.3,0.4190,,
world,2015.4,0.4476,,
world,2015.5,0.4776,,
world,2015.6,0.5093,,
world,2015.7,0.5425,,
world,2015.8,0.5774,,
world,2015.9,0.6140,,
world,2016.0,0.6524,,
world,2016.1,0.6926,,
world,2016.2,0.7347,,
world,2016.3,0.7787,,
world,2016.4,0.8246,,
world,2016.5,0.8726,,
world,2016.6,0.9227,,
world,2016.7,0.9750,,
world,2016.8,1.0294,,
world,2016.9,1.0861,,
world,2017.0,1.1451,,
world,2017.1,1.2066,,
world,2017.2,1.2706,,
world,2017.3,1.3370,,
world,2017.4,1.4061,,
world,2017.5,1.4777,,
world,2017.6,1.5521,,
world,2017.7,1.6292,,
world,2017.8,1.7091,,
world,2017.9,1.7919,,
world,2018.0,1.8776,,
world,2018.1,1.9680,,
world,2018.2,2.0599,,
world,2018.3,2.1550,,
world,2018.4,2.2532,,
world,2018.5,2.3547,,
world,2018.6,2.4596,,
world,2018.7,2.5678,,
world,2018.8,2.6795,,
world,2018.9,2.7947,,
world,2019.0,2.9136,,
world,2019.1,3.0361,,
world,2019.2,3.1624,,
world,2019.3,3.2925,,
world,2019.4,3.4265,,
world,2019.5,3.5644,,
world,2019.6,3.7063,,
world,2019.7,3.8523,,
world,2019.8,4.0025,,
world,2019.9,4.1569,,
world,2020.0,4.3156,,
world,2020.1,4.4787,,
world,2020.2,4.6461,,
world,2020.3,4.8181,,
world,2020.4,4.9946,,
world,2020.5,5.1758,,
world,2020.6,5.3616,,
world,2020.7,5.5522,,
world,2020.8,5.7476,,
world,2020.9,5.9479,,
world,2021.0,6.1531,,
world,2021.1,6.3634,,
world,2021.2,6.5787,,
world,2021.3,6.7992,,
world,2021.4,7.0249,,
world,2021.5,7.2558,,
world,2021.6,7.4921,,
world,2021.7,7.7337,,
world,2021.8,7.9807,,
world,2021.9,8.2333,,
world,2022.0,8.4913,,
world,2022.1,8.7550,,
world,2022.2,9.0243,,
world,2022.3,9.2993,,
world,2022.4,9.5801,,
world,2022.5,9.8666,,
world,2022.6,10.1590,,
world,2022.7,10.4573,,
world,2022.8,10.7615,,
world,2022.9,11.0717,,
world,2023.0,11.3879,,
world,2023.1,11.7101,,
world,2023.2,12.0384,,
world,2023.3,12.3729,,
world,2023.4,12.7135,,
world,2023.5,13.0603,,
world,2023.6,13.4132,,
world,2023.7,13.7725,,
world,2023.8,14.1380,,
world,2023.9,14.5097,,
world,2024.0,14.8878,,
world,2024.1,15.2722,,
world,2024.2,15.6630,,
world,2024.3,16.0601,,
world,2024.4,16.4635,,
world,2024.5,16.8733,,
world,2024.6,17.2895,,
world,2024.7,17.7120,,
world,2024.8,18.1408,,
world,2024.9,18.5760,,
world,2025.0,19.0174,,
world,2025.1,19.4651,,
world,2025.2,19.9191,,
world,2025.3,20.3793,,
world,2025.4,20.8455,,
world,2025.5,21.3179,,
world,2025.6,21.7962,,
world,2025.7,22.2804,,
world,2025.8,22.7704,,
world,2025.9,23.2660,,
world,2026.0,23.7672,,
world,2026.1,24.2737,,
world,2026.2,24.7855,,
world,2026.3,25.3022,,
world,2026.4,25.8237,,
world,2026.5,26.3497,,
world,2026.6,26.8800,,
world,2026.7,27.4144,,
world,2026.8,27.9524,,
world,2026.9,28.4939,,
world,2027.0,29.0384,,
world,2027.1,29.5856,,
world,2027.2,30.1352,,
world,2027.3,30.6869,,
world,2027.4,31.2402,,
world,2027.5,31.7947,,
world,2027.6,32.3503,,
world,2027.7,32.9065,,
world,2027.8,33.4630,,
world,2027.9,34.0195,,
world,2028.0,34.5758,,
world,2028.1,35.1317,,
world,2028.2,35.6870,,
world,2028.3,36.2414,,
world,2028.4,36.7950,,
world,2028.5,37.3475,,
world,2028.6,37.8990,,
world,2028.7,38.4493,,
world,2028.8,38.9985,,
world,2028.9,39.5464,,
world,2029.0,40.0932,,
world,2029.1,40.6386,,
world,2029.2,41.1828,,
world,2029.3,41.7255,,
world,2029.4,42.2669,,
world,2029.5,42.8067,,
world,2029.6,43.3448,,
world,2029.7,43.8812,,
world,2029.8,44.4157,,
world,2029.9,44.9482,,
world,2030.0,45.4785,,
world,2030.1,46.0064,,
world,2030.2,46.5319,,
world,2030.3,47.0547,,
world,2030.4,47.5748,,
world,2030.5,48.0919,,
world,2030.6,48.6059,,
world,2030.7,49.1167,,
world,2030.8,49.6242,,
world,2030.9,50.1283,,
world,2031.0,50.6287,,
world,2031.1,51.1255,,
world,2031.2,51.6185,,
world,2031.3,52.1076,,
world,2031.4,52.5927,,
world,2031.5,53.0737,,
world,2031.6,53.5506,,
world,2031.7,54.0233,,
world,2031.8,54.4917,,
world,2031.9,54.9557,,
world,2032.0,55.4153,,
world,2032.1,55.8705,,
world,2032.2,56.3212,,
world,2032.3,56.7674,,
world,2032.4,57.2091,,
world,2032.5,57.6461,,
world,2032.6,58.0786,,
world,2032.7,58.5065,,
world,2032.8,58.9297,,
world,2032.9,59.3483,,
world,2033.0,59.7624,,
world,2033.1,60.1718,,
world,2033.2,60.5766,,
world,2033.3,60.9768,,
world,2033.4,61.3724,,
world,2033.5,61.7634,,
world,2033.6,62.1499,,
world,2033.7,62.5319,,
world,2033.8,62.9094,,
world,2033.9,63.2824,,
world,2034.0,63.6510,,
world,2034.1,64.0152,,
world,2034.2,64.3750,,
world,2034.3,64.7304,,
world,2034.4,65.0815,,
world,2034.5,65.4284,,
world,2034.6,65.7709,,
world,2034.7,66.1093,,
world,2034.8,66.4435,,
world,2034.9,66.7736,,
world,2035.0,67.0996,,
world,2035.1,67.4215,,
world,2035.2,67.7393,,
world,2035.3,68.0532,,
world,2035.4,68.3632,,
world,2035.5,68.6692,,
world,2035.6,68.9714,,
world,2035.7,69.2698,,
world,2035.8,69.5643,,
world,2035.9,69.8552,,
world,2036.0,70.1423,,
world,2036.1,70.4257,,
world,2036.2,70.7056,,
world,2036.3,70.9819,,
world,2036.4,71.2546,,
world,2036.5,71.5239,,
world,2036.6,71.7897,,
world,2036.7,72.0521,,
world,2036.8,72.3112,,
world,2036.9,72.5669,,
world,2037.0,72.8194,,
world,2037.1,73.0687,,
world,2037.2,73.3149,,
world,2037.3,73.5579,,
world,2037.4,73.7978,,
world,2037.5,74.0348,,
world,2037.6,74.2687,,
world,2037.7,74.4998,,
world,2037.8,74.7280,,
world,2037.9,74.9534,,
world,2038.0,75.1760,,
world,2038.1,75.3959,,
world,2038.2,75.6131,,
world,2038.3,75.8278,,
world,2038.4,76.0398,,
world,2038.5,76.2494,,
world,2038.6,76.4566,,
world,2038.7,76.6613,,
world,2038.8,76.8637,,
world,2038.9,77.0638,,
world,2039.0,77.2616,,
world,2039.1,77.4573,,
world,2039.2,77.6508,,
world,2039.3,77.8422,,
world,2039.4,78.0316,,
world,2039.5,78.2190,,
world,2039.6,78.4044,,
world,2039.7,78.5880,,
world,2039.8,78.7697,,
world,2039.9,78.9496,,
world,2040.0,79.1277,,
world,2040.1,79.3041,,
world,2040.2,79.4788,,
world,2040.3,79.6519,,
world,2040.4,79.8234,,
world,2040.5,79.9933,,
world,2040.6,80.1617,,
world,2040.7,80.3286,,
world,2040.8,80.4940,,
world,2040.9,80.6580,,
world,2041.0,80.8206,,
world,2041.1,80.9818,,
world,2041.2,81.1417,,
world,2041.3,81.3003,,
world,2041.4,81.4576,,
world,2041.5,81.6136,,
world,2041.6,81.7683,,
world,2041.7,81.9218,,
world,2041.8,82.0742,,
world,2041.9,82.2253,,
world,2042.0,82.3752,,
world,2042.1,82.5240,,
world,2042.2,82.6716,,
world,2042.3,82.8181,,
world,2042.4,82.9635,,
world,2042.5,83.1077,,
world,2042.6,83.2508,,
world,2042.7,83.3929,,
world,2042.8,83.5338,,
world,2042.9,83.6737,,
world,2043.0,83.8125,,
world,2043.1,83.9503,,
world,2043.2,84.0869,,
world,2043.3,84.2226,,
world,2043.4,84.3571,,
world,2043.5,84.4906,,
world,2043.6,84.6231,,
world,2043.7,84.7545,,
world,2043.8,84.8849,,
world,2043.9,85.0143,,
world,2044.0,85.1426,,
world,2044.1,85.2699,,
world,2044.2,85.3962,,
world,2044.3,85.5214,,
world,2044.4,85.6457,,
world,2044.5,85.7689,,
world,2044.6,85.8910,,
world,2044.7,86.0122,,
world,2044.8,86.1324,,
world,2044.9,86.2515,,
world,2045.0,86.3696,,
world,2045.1,86.4868,,
world,2045.2,86.6029,,
world,2045.3,86.7180,,
world,2045.4,86.8321,,
world,2045.5,86.9452,,
world,2045.6,87.0573,,
world,2045.7,87.1684,,
world,2045.8,87.2785,,
world,2045.9,87.3876,,
world,2046.0,87.4957,,
world,2046.1,87.6029,,
world,2046.2,87.7090,,
world,2046.3,87.8142,,
world,2046.4,87.9184,,
world,2046.5,88.0216,,
world,2046.6,88.1238,,
world,2046.7,88.2250,,
world,2046.8,88.3253,,
world,2046.9,88.4246,,
world,2047.0,88.5229,,
world,2047.1,88.6203,,
world,2047.2,88.7167,,
world,2047.3,88.8122,,
world,2047.4,88.9066,,
world,2047.5,89.0002,,
world,2047.6,89.0928,,
world,2047.7,89.1844,,
world,2047.8,89.2751,,
world,2047.9,89.3648,,
world,2048.0,89.4536,,
world,2048.1,89.5415,,
world,2048.2,89.6284,,
world,2048.3,89.7144,,
world,2048.4,89.7995,,
world,2048.5,89.8837,,
world,2048.6,89.9669,,
world,2048.7,90.0493,,
world,2048.8,90.1307,,
world,2048.9,90.2112,,
world,2049.0,90.2908,,
world,2049.1,90.3695,,
world,2049.2,90.4474,,
world,2049.3,90.5243,,
world,2049.4,90.6003,,
world,2049.5,90.6755,,
world,2049.6,90.7498,,
world,2049.7,90.8232,,
world,2049.8,90.8958,,
world,2049.9,90.9675,,
world,2050.0,91.0383,,
western_europe,2015.0,0.3737,,
western_europe,2015.1,0.4054,,
western_europe,2015.2,0.4392,,
western_europe,2015.3,0.4753,,
western_europe,2015.4,0.5138,,
western_europe,2015.5,0.5546,,
western_europe,2015.6,0.5978,,
western_europe,2015.7,0.6436,,
western_europe,2015.8,0.6919,,
western_europe,2015.9,0.7428,,
western_europe,2016.0,0.7964,,
western_europe,2016.1,0.8528,,
western_europe,2016.2,0.9119,,
western_europe,2016.3,0.9739,,
western_europe,2016.4,1.0388,,
western_europe,2016.5,1.1066,,
western_europe,2016.6,1.1774,,
western_europe,2016.7,1.2513,,
western_europe,2016.8,1.3283,,
western_europe,2016.9,1.4084,,
western_europe,2017.0,1.4917,,
western_europe,2017.1,1.5783,,
western_europe,2017.2,1.6681,,
western_europe,2017.3,1.7614,,
western_europe,2017.4,1.8581,,
western_europe,2017.5,1.9583,,
western_europe,2017.6,2.0620,,
western_europe,2017.7,2.1694,,
western_europe,2017.8,2.2806,,
western_europe,2017.9,2.3954,,
western_europe,2018.0,2.5141,,
western_europe,2018.1,2.6367,,
western_europe,2018.2,2.7632,,
western_europe,2018.3,2.8937,,
western_europe,2018.4,3.0282,,
western_europe,2018.5,3.1668,,
western_europe,2018.6,3.3096,,
western_europe,2018.7,3.4566,,
western_europe,2018.8,3.6078,,
western_europe,2018.9,3.7633,,
western_europe,2019.0,3.9231,,
western_europe,2019.1,4.0873,,
western_europe,2019.2,4.2560,,
western_europe,2019.3,4.4291,,
western_europe,2019.4,4.6067,,
western_europe,2019.5,4.7889,,
western_europe,2019.6,4.9756,,
western_europe,2019.7,5.1670,,
western_europe,2019.8,5.3631,,
western_europe,2019.9,5.5638,,
western_europe,2020.0,5.7693,,
western_europe,2020.1,5.9795,,
western_europe,2020.2,6.1944,,
western_europe,2020.3,6.4142,,
western_europe,2020.4,6.6389,,
western_europe,2020.5,6.8684,,
western_europe,2020.6,7.1027,,
western_europe,2020.7,7.3420,,
western_europe,2020.8,7.5862,,
western_europe,2020.9,7.8353,,
western_europe,2021.0,8.0894,,
western_europe,2021.1,8.3484,,
western_europe,2021.2,8.6124,,
western_europe,2021.3,8.8814,,
western_europe,2021.4,9.1554,,
western_europe,2021.5,9.4343,,
western_europe,2021.6,9.7183,,
western_europe,2021.7,10.0073,,
western_europe,2021.8,10.3013,,
western_europe,2021.9,10.6002,,
western_europe,2022.0,10.9042,,
western_europe,2022.1,11.2131,,
western_europe,2022.2,11.5270,,
western_europe,2022.3,11.8459,,
western_europe,2022.4,12.1697,,
western_europe,2022.5,12.4985,,
western_europe,2022.6,12.8321,,
western_europe,2022.7,13.1707,,
western_europe,2022.8,13.5141,,
western_europe,2022.9,13.8624,,
western_europe,2023.0,14.2155,,
western_europe,2023.1,14.5734,,
western_europe,2023.2,14.9361,,
western_europe,2023.3,15.3035,,
western_europe,2023.4,15.6755,,
western_europe,2023.5,16.0523,,
western_europe,2023.6,16.4336,,
western_europe,2023.7,16.8196,,
western_europe,2023.8,17.2100,,
western_europe,2023.9,17.6049,,
western_europe,2024.0,18.0043,,
western_europe,2024.1,18.4081,,
western_europe,2024.2,18.8161,,
western_europe,2024.3,19.2285,,
western_europe,2024.4,19.6451,,
western_europe,2024.5,20.0658,,
western_europe,2024.6,20.4906,,
western_europe,2024.7,20.9195,,
western_europe,2024.8,21.3524,,
western_europe,2024.9,21.7891,,
western_europe,2025.0,22.2297,,
western_europe,2025.1,22.6740,,
western_europe,2025.2,23.1221,,
western_europe,2025.3,23.5737,,
western_europe,2025.4,24.0289,,
western_europe,2025.5,24.4876,,
western_europe,2025.6,24.9497,,
western_europe,2025.7,25.4151,,
western_europe,2025.8,25.8837,,
western_europe,2025.9,26.3554,,
western_europe,2026.0,26.8302,,
western_europe,2026.1,27.3080,,
western_europe,2026.2,27.7887,,
western_europe,2026.3,28.2722,,
western_europe,2026.4,28.7584,,
western_europe,2026.5,29.2472,,
western_europe,2026.6,29.7385,,
western_europe,2026.7,30.2323,,
western_europe,2026.8,30.7285,,
western_europe,2026.9,31.2269,,
western_europe,2027.0,31.7274,,
western_europe,2027.1,32.2301,,
western_europe,2027.2,32.7347,,
western_europe,2027.3,33.2412,,
western_europe,2027.4,33.7495,,
western_europe,2027.5,34.2594,,
western_europe,2027.6,34.7710,,
western_europe,2027.7,35.2840,,
western_europe,2027.8,35.7985,,
western_europe,2027.9,36.3142,,
western_europe,2028.0,36.8312,,
western_europe,2028.1,37.3493,,
western_europe,2028.2,37.8684,,
western_europe,2028.3,38.3884,,
western_europe,2028.4,38.9093,,
western_europe,2028.5,39.4309,,
western_europe,2028.6,39.9531,,
western_europe,2028.7,40.4759,,
western_europe,2028.8,40.9991,,
western_europe,2028.9,41.5227,,
western_europe,2029.0,42.0465,,
western_europe,2029.1,42.5706,,
western_europe,2029.2,43.0947,,
western_europe,2029.3,43.6188,,
western_europe,2029.4,44.1428,,
western_europe,2029.5,44.6667,,
western_europe,2029.6,45.1903,,
western_europe,2029.7,45.7135,,
western_europe,2029.8,46.2363,,
western_europe,2029.9,46.7586,,
western_europe,2030.0,47.2803,,
western_europe,2030.1,47.8013,,
western_europe,2030.2,48.3216,,
western_europe,2030.3,48.8410,,
western_europe,2030.4,49.3595,,
western_europe,2030.5,49.8769,,
western_europe,2030.6,50.3934,,
western_europe,2030.7,50.9087,,
western_europe,2030.8,51.4227,,
western_europe,2030.9,51.9355,,
western_europe,2031.0,52.4469,,
western_europe,2031.1,52.9569,,
western_europe,2031.2,53.4654,,
western_europe,2031.3,53.9724,,
western_europe,2031.4,54.4777,,
western_europe,2031.5,54.9814,,
western_europe,2031.6,55.4833,,
western_europe,2031.7,55.9833,,
western_europe,2031.8,56.4815,,
western_europe,2031.9,56.9778,,
western_europe,2032.0,57.4721,,
western_europe,2032.1,57.9644,,
western_europe,2032.2,58.4546,,
western_europe,2032.3,58.9426,,
western_europe,2032.4,59.4284,,
western_europe,2032.5,59.9120,,
western_europe,2032.6,60.3932,,
western_europe,2032.7,60.8722,,
western_europe,2032.8,61.3487,,
western_europe,2032.9,61.8228,,
western_europe,2033.0,62.2944,,
western_europe,2033.1,62.7634,,
western_europe,2033.2,63.2299,,
western_europe,2033.3,63.6938,,
western_europe,2033.4,64.1551,,
western_europe,2033.5,64.6136,,
western_europe,2033.6,65.0694,,
western_europe,2033.7,65.5225,,
western_europe,2033.8,65.9727,,
western_europe,2033.9,66.4201,,
western_europe,2034.0,66.8646,,
western_europe,2034.1,67.3063,,
western_europe,2034.2,67.7449,,
western_europe,2034.3,68.1807,,
western_europe,2034.4,68.6134,,
western_europe,2034.5,69.0431,,
western_europe,2034.6,69.4697,,
western_europe,2034.7,69.8933,,
western_europe,2034.8,70.3137,,
western_europe,2034.9,70.7310,,
western_europe,2035.0,71.1452,,
western_europe,2035.1,71.5562,,
western_europe,2035.2,71.9639,,
western_europe,2035.3,72.3684,,
western_europe,2035.4,72.7697,,
western_europe,2035.5,73.1678,,
western_europe,2035.6,73.5625,,
western_europe,2035.7,73.9539,,
western_europe,2035.8,74.3420,,
western_europe,2035.9,74.7267,,
western_europe,2036.0,75.1081,,
western_europe,2036.1,75.4861,,
western_europe,2036.2,75.8608,,
western_europe,2036.3,76.2320,,
western_europe,2036.4,76.5998,,
western_europe,2036.5,76.9642,,
western_europe,2036.6,77.3251,,
western_europe,2036.7,77.6826,,
western_europe,2036.8,78.0367,,
western_europe,2036.9,78.3872,,
western_europe,2037.0,78.7343,,
western_europe,2037.1,79.0779,,
western_europe,2037.2,79.4180,,
western_europe,2037.3,79.7547,,
western_europe,2037.4,80.0878,,
western_europe,2037.5,80.4174,,
western_europe,2037.6,80.7435,,
western_europe,2037.7,81.0661,,
western_europe,2037.8,81.3852,,
western_europe,2037.9,81.7007,,
western_europe,2038.0,82.0128,,
western_europe,2038.1,82.3213,,
western_europe,2038.2,82.6263,,
western_europe,2038.3,82.9279,,
western_europe,2038.4,83.2259,,
western_europe,2038.5,83.5204,,
western_europe,2038.6,83.8114,,
western_europe,2038.7,84.0989,,
western_europe,2038.8,84.3829,,
western_europe,2038.9,84.6634,,
western_europe,2039.0,84.9404,,
western_europe,2039.1,85.2140,,
western_europe,2039.2,85.4841,,
western_europe,2039.3,85.7508,,
western_europe,2039.4,86.0141,,
western_europe,2039.5,86.2739,,
western_europe,2039.6,86.5302,,
western_europe,2039.7,86.7832,,
western_europe,2039.8,87.0328,,
western_europe,2039.9,87.2790,,
western_europe,2040.0,87.5219,,
western_europe,2040.1,87.7614,,
western_europe,2040.2,87.9975,,
western_europe,2040.3,88.2304,,
western_europe,2040.4,88.4599,,
western_europe,2040.5,88.6862,,
western_europe,2040.6,88.9091,,
western_europe,2040.7,89.1289,,
western_europe,2040.8,89.3454,,
western_europe,2040.9,89.5587,,
western_europe,2041.0,89.7688,,
western_europe,2041.1,89.9757,,
western_europe,2041.2,90.1795,,
western_europe,2041.3,90.3802,,
western_europe,2041.4,90.5778,,
western_europe,2041.5,90.7722,,
western_europe,2041.6,90.9637,,
western_europe,2041.7,91.1521,,
western_europe,2041.8,91.3374,,
western_europe,2041.9,91.5198,,
western_europe,2042.0,91.6993,,
western_europe,2042.1,91.8757,,
western_europe,2042.2,92.0493,,
western_europe,2042.3,92.2200,,
western_europe,2042.4,92.3879,,
western_europe,2042.5,92.5529,,
western_europe,2042.6,92.7151,,
western_europe,2042.7,92.8745,,
western_europe,2042.8,93.0311,,
western_europe,2042.9,93.1851,,
western_europe,2043.0,93.3363,,
western_europe,2043.1,93.4849,,
western_europe,2043.2,93.6308,,
western_europe,2043.3,93.7742,,
western_europe,2043.4,93.9149,,
western_europe,2043.5,94.0531,,
western_europe,2043.6,94.1887,,
western_europe,2043.7,94.3219,,
western_europe,2043.8,94.4526,,
western_europe,2043.9,94.5808,,
western_europe,2044.0,94.7067,,
western_europe,2044.1,94.8302,,
western_europe,2044.2,94.9513,,
western_europe,2044.3,95.0701,,
western_europe,2044.4,95.1866,,
western_europe,2044.5,95.3008,,
western_europe,2044.6,95.4128,,
western_europe,2044.7,95.5226,,
western_europe,2044.8,95.6303,,
western_europe,2044.9,95.7358,,
western_europe,2045.0,95.8392,,
western_europe,2045.1,95.9405,,
western_europe,2045.2,96.0397,,
western_europe,2045.3,96.1369,,
western_europe,2045.4,96.2321,,
western_europe,2045.5,96.3254,,
western_europe,2045.6,96.4167,,
western_europe,2045.7,96.5061,,
western_europe,2045.8,96.5937,,
western_europe,2045.9,96.6793,,
western_europe,2046.0,96.7632,,
western_europe,2046.1,96.8453,,
western_europe,2046.2,96.9256,,
western_europe,2046.3,97.0041,,
western_europe,2046.4,97.0810,,
western_europe,2046.5,97.1562,,
western_europe,2046.6,97.2297,,
western_europe,2046.7,97.3016,,
western_europe,2046.8,97.3719,,
western_europe,2046.9,97.4406,,
western_europe,2047.0,97.5078,,
western_europe,2047.1,97.5735,,
western_europe,2047.2,97.6377,,
western_europe,2047.3,97.7004,,
western_europe,2047.4,97.7616,,
western_europe,2047.5,97.8215,,
western_europe,2047.6,97.8800,,
western_europe,2047.7,97.9371,,
western_europe,2047.8,97.9928,,
western_europe,2047.9,98.0473,,
western_europe,2048.0,98.1005,,
western_europe,2048.1,98.1524,,
western_europe,2048.2,98.2030,,
western_europe,2048.3,98.2525,,
western_europe,2048.4,98.3007,,
western_europe,2048.5,98.3478,,
western_europe,2048.6,98.3938,,
western_europe,2048.7,98.4386,,
western_europe,2048.8,98.4823,,
western_europe,2048.9,98.5249,,
western_europe,2049.0,98.5665,,
western_europe,2049.1,98.6070,,
western_europe,2049.2,98.6465,,
western_europe,2049.3,98.6851,,
western_europe,2049.4,98.7226,,
western_europe,2049.5,98.7592,,
western_europe,2049.6,98.7949,,
western_europe,2049.7,98.8296,,
western_europe,2049.8,98.8635,,
western_europe,2049.9,98.8964,,
western_europe,2050.0,98.9286,,
northern_europe,2015.0,2.3937,,
northern_europe,2015.1,2.5087,,
northern_europe,2015.2,2.6280,,
northern_europe,2015.3,2.7517,,
northern_europe,2015.4,2.8801,,
northern_europe,2015.5,3.0132,,
northern_europe,2015.6,3.1511,,
northern_europe,2015.7,3.2940,,
northern_europe,2015.8,3.4420,,
northern_europe,2015.9,3.5953,,
northern_europe,2016.0,3.7539,,
northern_europe,2016.1,3.9180,,
northern_europe,2016.2,4.0878,,
northern_europe,2016.3,4.2634,,
northern_europe,2016.4,4.4449,,
northern_europe,2016.5,4.6325,,
northern_europe,2016.6,4.8264,,
northern_europe,2016.7,5.0266,,
northern_europe,2016.8,5.2334,,
northern_europe,2016.9,5.4468,,
northern_europe,2017.0,5.6671,,
northern_europe,2017.1,5.9030,,
northern_europe,2017.2,6.1470,,
northern_europe,2017.3,6.3987,,
northern_europe,2017.4,6.6580,,
northern_europe,2017.5,6.9252,,
northern_europe,2017.6,7.2002,,
northern_europe,2017.7,7.4833,,
northern_europe,2017.8,7.7746,,
northern_europe,2017.9,8.0743,,
northern_europe,2018.0,8.3824,,
northern_europe,2018.1,8.6992,,
northern_europe,2018.2,9.0249,,
northern_europe,2018.3,9.3595,,
northern_europe,2018.4,9.7033,,
northern_europe,2018.5,10.0565,,
northern_europe,2018.6,10.4192,,
northern_europe,2018.7,10.7915,,
northern_europe,2018.8,11.1737,,
northern_europe,2018.9,11.5660,,
northern_europe,2019.0,11.9684,,
northern_europe,2019.1,12.3812,,
northern_europe,2019.2,12.8046,,
northern_europe,2019.3,13.2386,,
northern_europe,2019.4,13.6836,,
northern_europe,2019.5,14.1396,,
northern_europe,2019.6,14.6069,,
northern_europe,2019.7,15.0856,,
northern_europe,2019.8,15.5758,,
northern_europe,2019.9,16.0778,,
northern_europe,2020.0,16.5917,,
northern_europe,2020.1,17.1176,,
northern_europe,2020.2,17.6558,,
northern_europe,2020.3,18.2063,,
northern_europe,2020.4,18.7692,,
northern_europe,2020.5,19.3449,,
northern_europe,2020.6,19.9333,,
northern_europe,2020.7,20.5346,,
northern_europe,2020.8,21.1490,,
northern_europe,2020.9,21.7764,,
northern_europe,2021.0,22.4172,,
northern_europe,2021.1,23.0712,,
northern_europe,2021.2,23.7387,,
northern_europe,2021.3,24.4196,,
northern_europe,2021.4,25.1141,,
northern_europe,2021.5,25.8222,,
northern_europe,2021.6,26.5438,,
northern_europe,2021.7,27.2791,,
northern_europe,2021.8,28.0281,,
northern_europe,2021.9,28.7906,,
northern_europe,2022.0,29.5666,,
northern_europe,2022.1,30.3561,,
northern_europe,2022.2,31.1590,,
northern_europe,2022.3,31.9752,,
northern_europe,2022.4,32.8046,,
northern_europe,2022.5,33.6469,,
northern_europe,2022.6,34.5020,,
northern_europe,2022.7,35.3696,,
northern_europe,2022.8,36.2496,,
northern_europe,2022.9,37.1416,,
northern_europe,2023.0,38.0453,,
northern_europe,2023.1,38.9603,,
northern_europe,2023.2,39.8863,,
northern_europe,2023.3,40.8228,,
northern_europe,2023.4,41.7695,,
northern_europe,2023.5,42.7257,,
northern_europe,2023.6,43.6910,,
northern_europe,2023.7,44.6648,,
northern_europe,2023.8,45.6465,,
northern_europe,2023.9,46.6354,,
northern_europe,2024.0,47.6309,,
northern_europe,2024.1,48.6322,,
northern_europe,2024.2,49.6386,,
northern_europe,2024.3,50.6494,,
northern_europe,2024.4,51.6637,,
northern_europe,2024.5,52.6806,,
northern_europe,2024.6,53.6994,,
northern_europe,2024.7,54.7191,,
northern_europe,2024.8,55.7387,,
northern_europe,2024.9,56.7575,,
northern_europe,2025.0,57.7744,,
northern_europe,2025.1,58.7884,,
northern_europe,2025.2,59.7987,,
northern_europe,2025.3,60.8042,,
northern_europe,2025.4,61.8041,,
northern_europe,2025.5,62.7972,,
northern_europe,2025.6,63.7828,,
northern_europe,2025.7,64.7598,,
northern_europe,2025.8,65.7274,,
northern_europe,2025.9,66.6847,,
northern_europe,2026.0,67.6308,,
northern_europe,2026.1,68.5649,,
northern_europe,2026.2,69.4863,,
northern_europe,2026.3,70.3942,,
northern_europe,2026.4,71.2879,,
northern_europe,2026.5,72.1668,,
northern_europe,2026.6,73.0304,,
northern_europe,2026.7,73.8780,,
northern_europe,2026.8,74.7092,,
northern_europe,2026.9,75.5236,,
northern_europe,2027.0,76.3209,,
northern_europe,2027.1,77.1008,,
northern_europe,2027.2,77.8631,,
northern_europe,2027.3,78.6075,,
northern_europe,2027.4,79.3340,,
northern_europe,2027.5,80.0425,,
northern_europe,2027.6,80.7331,,
northern_europe,2027.7,81.4058,,
northern_europe,2027.8,82.0607,,
northern_europe,2027.9,82.6979,,
northern_europe,2028.0,83.3177,,
northern_europe,2028.1,83.9203,,
northern_europe,2028.2,84.5060,,
northern_europe,2028.3,85.0749,,
northern_europe,2028.4,85.6276,,
northern_europe,2028.5,86.1642,,
northern_europe,2028.6,86.6851,,
northern_europe,2028.7,87.1907,,
northern_europe,2028.8,87.6814,,
northern_europe,2028.9,88.1575,,
northern_europe,2029.0,88.6194,,
northern_europe,2029.1,89.0674,,
northern_europe,2029.2,89.5019,,
northern_europe,2029.3,89.9232,,
northern_europe,2029.4,90.3317,,
northern_europe,2029.5,90.7276,,
northern_europe,2029.6,91.1113,,
northern_europe,2029.7,91.4831,,
northern_europe,2029.8,91.8432,,
northern_europe,2029.9,92.1918,,
northern_europe,2030.0,92.5293,,
northern_europe,2030.1,92.8559,,
northern_europe,2030.2,93.1717,,
northern_europe,2030.3,93.4770,,
northern_europe,2030.4,93.7720,,
northern_europe,2030.5,94.0568,,
northern_europe,2030.6,94.3317,,
northern_europe,2030.7,94.5968,,
northern_europe,2030.8,94.8522,,
northern_europe,2030.9,95.0982,,
northern_europe,2031.0,95.3349,,
northern_europe,2031.1,95.5625,,
northern_europe,2031.2,95.7811,,
northern_europe,2031.3,95.9909,,
northern_europe,2031.4,96.1921,,
northern_europe,2031.5,96.3848,,
northern_europe,2031.6,96.5692,,
northern_europe,2031.7,96.7455,,
northern_europe,2031.8,96.9139,,
northern_europe,2031.9,97.0746,,
northern_europe,2032.0,97.2278,,
northern_europe,2032.1,97.3736,,
northern_europe,2032.2,97.5122,,
northern_europe,2032.3,97.6439,,
northern_europe,2032.4,97.7689,,
northern_europe,2032.5,97.8874,,
northern_europe,2032.6,97.9996,,
northern_europe,2032.7,98.1056,,
northern_europe,2032.8,98.2058,,
northern_europe,2032.9,98.3004,,
northern_europe,2033.0,98.3895,,
northern_europe,2033.1,98.4734,,
northern_europe,2033.2,98.5523,,
northern_europe,2033.3,98.6264,,
northern_europe,2033.4,98.6959,,
northern_europe,2033.5,98.7610,,
northern_europe,2033.6,98.8220,,
northern_europe,2033.7,98.8790,,
northern_europe,2033.8,98.9323,,
northern_europe,2033.9,98.9820,,
northern_europe,2034.0,99.0284,,
northern_europe,2034.1,99.0715,,
northern_europe,2034.2,99.1117,,
northern_europe,2034.3,99.1490,,
northern_europe,2034.4,99.1836,,
northern_europe,2034.5,99.2158,,
northern_europe,2034.6,99.2456,,
northern_europe,2034.7,99.2733,,
northern_europe,2034.8,99.2989,,
northern_europe,2034.9,99.3226,,
northern_europe,2035.0,99.3445,,
northern_europe,2035.1,99.3648,,
northern_europe,2035.2,99.3835,,
northern_europe,2035.3,99.4009,,
northern_europe,2035.4,99.4169,,
northern_europe,2035.5,99.4317,,
northern_europe,2035.6,99.4454,,
northern_europe,2035.7,99.4581,,
northern_europe,2035.8,99.4699,,
northern_europe,2035.9,99.4808,,
northern_europe,2036.0,99.4909,,
northern_europe,2036.1,99.5003,,
northern_europe,2036.2,99.5091,,
northern_europe,2036.3,99.5172,,
northern_europe,2036.4,99.5248,,
northern_europe,2036.5,99.5320,,
northern_europe,2036.6,99.5386,,
northern_europe,2036.7,99.5449,,
northern_europe,2036.8,99.5508,,
northern_europe,2036.9,99.5564,,
northern_europe,2037.0,99.5617,,
northern_europe,2037.1,99.5668,,
northern_europe,2037.2,99.5716,,
northern_europe,2037.3,99.5761,,
northern_europe,2037.4,99.5805,,
northern_europe,2037.5,99.5847,,
northern_europe,2037.6,99.5888,,
northern_europe,2037.7,99.5927,,
northern_europe,2037.8,99.5965,,
northern_europe,2037.9,99.6002,,
northern_europe,2038.0,99.6037,,
northern_europe,2038.1,99.6072,,
northern_europe,2038.2,99.6106,,
northern_europe,2038.3,99.6140,,
northern_europe,2038.4,99.6172,,
northern_europe,2038.5,99.6204,,
northern_europe,2038.6,99.6236,,
northern_europe,2038.7,99.6267,,
northern_europe,2038.8,99.6297,,
northern_europe,2038.9,99.6327,,
northern_europe,2039.0,99.6357,,
northern_europe,2039.1,99.6386,,
northern_europe,2039.2,99.6415,,
northern_europe,2039.3,99.6444,,
northern_europe,2039.4,99.6472,,
northern_europe,2039.5,99.6500,,
northern_europe,2039.6,99.6528,,
northern_europe,2039.7,99.6555,,
northern_europe,2039.8,99.6583,,
northern_europe,2039.9,99.6610,,
northern_europe,2040.0,99.6637,,
northern_europe,2040.1,99.6663,,
northern_europe,2040.2,99.6689,,
northern_europe,2040.3,99.6716,,
northern_europe,2040.4,99.6741,,
northern_europe,2040.5,99.6767,,
northern_europe,2040.6,99.6793,,
northern_europe,2040.7,99.6818,,
northern_europe,2040.8,99.6843,,
northern_europe,2040.9,99.6868,,
northern_europe,2041.0,99.6893,,
northern_europe,2041.1,99.6917,,
northern_europe,2041.2,99.6941,,
northern_europe,2041.3,99.6966,,
northern_europe,2041.4,99.6990,,
northern_europe,2041.5,99.7013,,
northern_europe,2041.6,99.7037,,
northern_europe,2041.7,99.7060,,
northern_europe,2041.8,99.7084,,
northern_europe,2041.9,99.7107,,
northern_europe,2042.0,99.7129,,
northern_europe,2042.1,99.7152,,
northern_europe,2042.2,99.7175,,
northern_europe,2042.3,99.7197,,
northern_europe,2042.4,99.7219,,
northern_europe,2042.5,99.7241,,
northern_europe,2042.6,99.7263,,
northern_europe,2042.7,99.7285,,
northern_europe,2042.8,99.7306,,
northern_europe,2042.9,99.7328,,
northern_europe,2043.0,99.7349,,
northern_europe,2043.1,99.7370,,
northern_europe,2043.2,99.7391,,
northern_europe,2043.3,99.7412,,
northern_europe,2043.4,99.7432,,
northern_europe,2043.5,99.7452,,
northern_europe,2043.6,99.7473,,
northern_europe,2043.7,99.7493,,
northern_europe,2043.8,99.7513,,
northern_europe,2043.9,99.7533,,
northern_europe,2044.0,99.7552,,
northern_europe,2044.1,99.7572,,
northern_europe,2044.2,99.7591,,
northern_europe,2044.3,99.7610,,
northern_europe,2044.4,99.7629,,
northern_europe,2044.5,99.7648,,
northern_europe,2044.6,99.7667,,
northern_europe,2044.7,99.7685,,
northern_europe,2044.8,99.7704,,
northern_europe,2044.9,99.7722,,
northern_europe,2045.0,99.7740,,
northern_europe,2045.1,99.7758,,
northern_europe,2045.2,99.7776,,
northern_europe,2045.3,99.7794,,
northern_europe,2045.4,99.7812,,
northern_europe,2045.5,99.7829,,
northern_europe,2045.6,99.7846,,
northern_europe,2045.7,99.7864,,
northern_europe,2045.8,99.7881,,
northern_europe,2045.9,99.7898,,
northern_europe,2046.0,99.7915,,
northern_europe,2046.1,99.7931,,
northern_europe,2046.2,99.7948,,
northern_europe,2046.3,99.7964,,
northern_europe,2046.4,99.7980,,
northern_europe,2046.5,99.7997,,
northern_europe,2046.6,99.8013,,
northern_europe,2046.7,99.8029,,
northern_europe,2046.8,99.8044,,
northern_europe,2046.9,99.8060,,
northern_europe,2047.0,99.8076,,
northern_europe,2047.1,99.8091,,
northern_europe,2047.2,99.8106,,
northern_europe,2047.3,99.8122,,
northern_europe,2047.4,99.8137,,
northern_europe,2047.5,99.8152,,
northern_europe,2047.6,99.8167,,
northern_europe,2047.7,99.8181,,
northern_europe,2047.8,99.8196,,
northern_europe,2047.9,99.8210,,
northern_europe,2048.0,99.8225,,
northern_europe,2048.1,99.8239,,
northern_europe,2048.2,99.8253,,
northern_europe,2048.3,99.8267,,
northern_europe,2048.4,99.8281,,
northern_europe,2048.5,99.8295,,
northern_europe,2048.6,99.8309,,
northern_europe,2048.7,99.8322,,
northern_europe,2048.8,99.8336,,
northern_europe,2048.9,99.8349,,
northern_europe,2049.0,99.8363,,
northern_europe,2049.1,99.8376,,
northern_europe,2049.2,99.8389,,
northern_europe,2049.3,99.8402,,
northern_europe,2049.4,99.8415,,
northern_europe,2049.5,99.8428,,
northern_europe,2049.6,99.8440,,
northern_europe,2049.7,99.8453,,
northern_europe,2049.8,99.8465,,
northern_europe,2049.9,99.8478,,
northern_europe,2050.0,99.8490,,
southern_europe,2015.0,0.0463,,
southern_europe,2015.1,0.0531,,
southern_europe,2015.2,0.0605,,
southern_europe,2015.3,0.0686,,
southern_europe,2015.4,0.0775,,
southern_europe,2015.5,0.0871,,
southern_europe,2015.6,0.0976,,
southern_europe,2015.7,0.1088,,
southern_europe,2015.8,0.1209,,
southern_europe,2015.9,0.1339,,
southern_europe,2016.0,0.1477,,
southern_europe,2016.1,0.1624,,
southern_europe,2016.2,0.1781,,
southern_europe,2016.3,0.1947,,
southern_europe,2016.4,0.2123,,
southern_europe,2016.5,0.2308,,
southern_europe,2016.6,0.2504,,
southern_europe,2016.7,0.2710,,
southern_europe,2016.8,0.2926,,
southern_europe,2016.9,0.3154,,
southern_europe,2017.0,0.3392,,
southern_europe,2017.1,0.3641,,
southern_europe,2017.2,0.3902,,
southern_europe,2017.3,0.4174,,
southern_europe,2017.4,0.4458,,
southern_europe,2017.5,0.4755,,
southern_europe,2017.6,0.5063,,
southern_europe,2017.7,0.5384,,
southern_europe,2017.8,0.5717,,
southern_europe,2017.9,0.6063,,
southern_europe,2018.0,0.6423,,
southern_europe,2018.1,0.6795,,
southern_europe,2018.2,0.7181,,
southern_europe,2018.3,0.7581,,
southern_europe,2018.4,0.7995,,
southern_europe,2018.5,0.8423,,
southern_europe,2018.6,0.8865,,
southern_europe,2018.7,0.9321,,
southern_europe,2018.8,0.9792,,
southern_europe,2018.9,1.0278,,
southern_europe,2019.0,1.0780,,
southern_europe,2019.1,1.1296,,
southern_europe,2019.2,1.1829,,
southern_europe,2019.3,1.2377,,
southern_europe,2019.4,1.2941,,
southern_europe,2019.5,1.3522,,
southern_europe,2019.6,1.4119,,
southern_europe,2019.7,1.4733,,
southern_europe,2019.8,1.5363,,
southern_europe,2019.9,1.6011,,
southern_europe,2020.0,1.6676,,
southern_europe,2020.1,1.7359,,
southern_europe,2020.2,1.8059,,
southern_europe,2020.3,1.8777,,
southern_europe,2020.4,1.9514,,
southern_europe,2020.5,2.0268,,
southern_europe,2020.6,2.1041,,
southern_europe,2020.7,2.1832,,
southern_europe,2020.8,2.2643,,
southern_europe,2020.9,2.3472,,
southern_europe,2021.0,2.4320,,
southern_europe,2021.1,2.5188,,
southern_europe,2021.2,2.6075,,
southern_europe,2021.3,2.6982,,
southern_europe,2021.4,2.7908,,
southern_europe,2021.5,2.8855,,
southern_europe,2021.6,2.9821,,
southern_europe,2021.7,3.0808,,
southern_europe,2021.8,3.1815,,
southern_europe,2021.9,3.2843,,
southern_europe,2022.0,3.3892,,
southern_europe,2022.1,3.4961,,
southern_europe,2022.2,3.6052,,
southern_europe,2022.3,3.7163,,
southern_europe,2022.4,3.8296,,
southern_europe,2022.5,3.9450,,
southern_europe,2022.6,4.0626,,
southern_europe,2022.7,4.1824,,
southern_europe,2022.8,4.3043,,
southern_europe,2022.9,4.4284,,
southern_europe,2023.0,4.5547,,
southern_europe,2023.1,4.6832,,
southern_europe,2023.2,4.8140,,
southern_europe,2023.3,4.9469,,
southern_europe,2023.4,5.0821,,
southern_europe,2023.5,5.2196,,
southern_europe,2023.6,5.3593,,
southern_europe,2023.7,5.5013,,
southern_europe,2023.8,5.6455,,
southern_europe,2023.9,5.7920,,
southern_europe,2024.0,5.9408,,
southern_europe,2024.1,6.0919,,
southern_europe,2024.2,6.2453,,
southern_europe,2024.3,6.4010,,
southern_europe,2024.4,6.5591,,
southern_europe,2024.5,6.7194,,
southern_europe,2024.6,6.8820,,
southern_europe,2024.7,7.0469,,
southern_europe,2024.8,7.2142,,
southern_europe,2024.9,7.3838,,
southern_europe,2025.0,7.5557,,
southern_europe,2025.1,7.7299,,
southern_europe,2025.2,7.9064,,
southern_europe,2025.3,8.0853,,
southern_europe,2025.4,8.2665,,
southern_europe,2025.5,8.4500,,
southern_europe,2025.6,8.6358,,
southern_europe,2025.7,8.8239,,
southern_europe,2025.8,9.0143,,
southern_europe,2025.9,9.2070,,
southern_europe,2026.0,9.4020,,
southern_europe,2026.1,9.5993,,
southern_europe,2026.2,9.7989,,
southern_europe,2026.3,10.0008,,
southern_europe,2026.4,10.2049,,
southern_europe,2026.5,10.4113,,
southern_europe,2026.6,10.6199,,
southern_europe,2026.7,10.8308,,
southern_europe,2026.8,11.0439,,
southern_europe,2026.9,11.2592,,
southern_europe,2027.0,11.4767,,
southern_europe,2027.1,11.6964,,
southern_europe,2027.2,11.9183,,
southern_europe,2027.3,12.1424,,
southern_europe,2027.4,12.3686,,
southern_europe,2027.5,12.5969,,
southern_europe,2027.6,12.8273,,
southern_europe,2027.7,13.0599,,
southern_europe,2027.8,13.2945,,
southern_europe,2027.9,13.5312,,
southern_europe,2028.0,13.7700,,
southern_europe,2028.1,14.0107,,
southern_europe,2028.2,14.2535,,
southern_europe,2028.3,14.4983,,
southern_europe,2028.4,14.7450,,
southern_europe,2028.5,14.9936,,
southern_europe,2028.6,15.2442,,
southern_europe,2028.7,15.4967,,
southern_europe,2028.8,15.7510,,
southern_europe,2028.9,16.0072,,
southern_europe,2029.0,16.2652,,
southern_europe,2029.1,16.5251,,
southern_europe,2029.2,16.7866,,
southern_europe,2029.3,17.0500,,
southern_europe,2029.4,17.3150,,
southern_europe,2029.5,17.5817,,
southern_europe,2029.6,17.8501,,
southern_europe,2029.7,18.1202,,
southern_europe,2029.8,18.3918,,
southern_europe,2029.9,18.6650,,
southern_europe,2030.0,18.9397,,
southern_europe,2030.1,19.2160,,
southern_europe,2030.2,19.4937,,
southern_europe,2030.3,19.7729,,
southern_europe,2030.4,20.0536,,
southern_europe,2030.5,20.3356,,
southern_europe,2030.6,20.6189,,
southern_europe,2030.7,20.9036,,
southern_europe,2030.8,21.1896,,
southern_europe,2030.9,21.4768,,
southern_europe,2031.0,21.7653,,
southern_europe,2031.1,22.0550,,
southern_europe,2031.2,22.3458,,
southern_europe,2031.3,22.6378,,
southern_europe,2031.4,22.9308,,
southern_europe,2031.5,23.2249,,
southern_europe,2031.6,23.5201,,
southern_europe,2031.7,23.8162,,
southern_europe,2031.8,24.1133,,
southern_europe,2031.9,24.4113,,
southern_europe,2032.0,24.7102,,
southern_europe,2032.1,25.0099,,
southern_europe,2032.2,25.3105,,
southern_europe,2032.3,25.6119,,
southern_europe,2032.4,25.9140,,
southern_europe,2032.5,26.2169,,
southern_europe,2032.6,26.5204,,
southern_europe,2032.7,26.8246,,
southern_europe,2032.8,27.1294,,
southern_europe,2032.9,27.4348,,
southern_europe,2033.0,27.7408,,
southern_europe,2033.1,28.0473,,
southern_europe,2033.2,28.3543,,
southern_europe,2033.3,28.6617,,
southern_europe,2033.4,28.9696,,
southern_europe,2033.5,29.2779,,
southern_europe,2033.6,29.5865,,
southern_europe,2033.7,29.8955,,
southern_europe,2033.8,30.2048,,
southern_europe,2033.9,30.5144,,
southern_europe,2034.0,30.8242,,
southern_europe,2034.1,31.1342,,
southern_europe,2034.2,31.4444,,
southern_europe,2034.3,31.7548,,
southern_europe,2034.4,32.0653,,
southern_europe,2034.5,32.3759,,
southern_europe,2034.6,32.6866,,
southern_europe,2034.7,32.9974,,
southern_europe,2034.8,33.3082,,
southern_europe,2034.9,33.6189,,
southern_europe,2035.0,33.9297,,
southern_europe,2035.1,34.2404,,
southern_europe,2035.2,34.5510,,
southern_europe,2035.3,34.8615,,
southern_europe,2035.4,35.1719,,
southern_europe,2035.5,35.4822,,
southern_europe,2035.6,35.7923,,
southern_europe,2035.7,36.1022,,
southern_europe,2035.8,36.4119,,
southern_europe,2035.9,36.7214,,
southern_europe,2036.0,37.0306,,
southern_europe,2036.1,37.3395,,
southern_europe,2036.2,37.6482,,
southern_europe,2036.3,37.9565,,
southern_europe,2036.4,38.2645,,
southern_europe,2036.5,38.5722,,
southern_europe,2036.6,38.8795,,
southern_europe,2036.7,39.1864,,
southern_europe,2036.8,39.4929,,
southern_europe,2036.9,39.7990,,
southern_europe,2037.0,40.1047,,
southern_europe,2037.1,40.4099,,
southern_europe,2037.2,40.7146,,
southern_europe,2037.3,41.0189,,
southern_europe,2037.4,41.3227,,
southern_europe,2037.5,41.6259,,
southern_europe,2037.6,41.9287,,
southern_europe,2037.7,42.2309,,
southern_europe,2037.8,42.5325,,
southern_europe,2037.9,42.8336,,
southern_europe,2038.0,43.1341,,
southern_europe,2038.1,43.4340,,
southern_europe,2038.2,43.7333,,
southern_europe,2038.3,44.0319,,
southern_europe,2038.4,44.3300,,
southern_europe,2038.5,44.6274,,
southern_europe,2038.6,44.9242,,
southern_europe,2038.7,45.2202,,
southern_europe,2038.8,45.5157,,
southern_europe,2038.9,45.8104,,
southern_europe,2039.0,46.1044,,
southern_europe,2039.1,46.3977,,
southern_europe,2039.2,46.6903,,
southern_europe,2039.3,46.9822,,
southern_europe,2039.4,47.2733,,
southern_europe,2039.5,47.5637,,
southern_europe,2039.6,47.8533,,
southern_europe,2039.7,48.1421,,
southern_europe,2039.8,48.4301,,
southern_europe,2039.9,48.7174,,
southern_europe,2040.0,49.0038,,
southern_europe,2040.1,49.2895,,
southern_europe,2040.2,49.5743,,
southern_europe,2040.3,49.8582,,
southern_europe,2040.4,50.1414,,
southern_europe,2040.5,50.4236,,
southern_europe,2040.6,50.7050,,
southern_europe,2040.7,50.9856,,
southern_europe,2040.8,51.2652,,
southern_europe,2040.9,51.5440,,
southern_europe,2041.0,51.8218,,
southern_europe,2041.1,52.0987,,
southern_europe,2041.2,52.3747,,
southern_europe,2041.3,52.6498,,
southern_europe,2041.4,52.9240,,
southern_europe,2041.5,53.1971,,
southern_europe,2041.6,53.4694,,
southern_europe,2041.7,53.7406,,
southern_europe,2041.8,54.0109,,
southern_europe,2041.9,54.2802,,
southern_europe,2042.0,54.5484,,
southern_europe,2042.1,54.8157,,
southern_europe,2042.2,55.0820,,
southern_europe,2042.3,55.3472,,
southern_europe,2042.4,55.6114,,
southern_europe,2042.5,55.8745,,
southern_europe,2042.6,56.1366,,
southern_europe,2042.7,56.3977,,
southern_europe,2042.8,56.6576,,
southern_europe,2042.9,56.9165,,
southern_europe,2043.0,57.1743,,
southern_europe,2043.1,57.4310,,
southern_europe,2043.2,57.6866,,
southern_europe,2043.3,57.9411,,
southern_europe,2043.4,58.1945,,
southern_europe,2043.5,58.4467,,
southern_europe,2043.6,58.6978,,
southern_europe,2043.7,58.9478,,
southern_europe,2043.8,59.1966,,
southern_europe,2043.9,59.4442,,
southern_europe,2044.0,59.6907,,
southern_europe,2044.1,59.9360,,
southern_europe,2044.2,60.1802,,
southern_europe,2044.3,60.4231,,
southern_europe,2044.4,60.6649,,
southern_europe,2044.5,60.9054,,
southern_europe,2044.6,61.1448,,
southern_europe,2044.7,61.3830,,
southern_europe,2044.8,61.6199,,
southern_europe,2044.9,61.8556,,
southern_europe,2045.0,62.0901,,
southern_europe,2045.1,62.3234,,
southern_europe,2045.2,62.5554,,
southern_europe,2045.3,62.7862,,
southern_europe,2045.4,63.0158,,
southern_europe,2045.5,63.2441,,
southern_europe,2045.6,63.4711,,
southern_europe,2045.7,63.6969,,
southern_europe,2045.8,63.9215,,
southern_europe,2045.9,64.1448,,
southern_europe,2046.0,64.3668,,
southern_europe,2046.1,64.5876,,
southern_europe,2046.2,64.8071,,
southern_europe,2046.3,65.0253,,
southern_europe,2046.4,65.2422,,
southern_europe,2046.5,65.4579,,
southern_europe,2046.6,65.6723,,
southern_europe,2046.7,65.8855,,
southern_europe,2046.8,66.0974,,
southern_europe,2046.9,66.3079,,
southern_europe,2047.0,66.5173,,
southern_europe,2047.1,66.7253,,
southern_europe,2047.2,66.9321,,
southern_europe,2047.3,67.1376,,
southern_europe,2047.4,67.3418,,
southern_europe,2047.5,67.5447,,
southern_europe,2047.6,67.7464,,
southern_europe,2047.7,67.9468,,
southern_europe,2047.8,68.1460,,
southern_europe,2047.9,68.3438,,
southern_europe,2048.0,68.5404,,
southern_europe,2048.1,68.7358,,
southern_europe,2048.2,68.9299,,
southern_europe,2048.3,69.1227,,
southern_europe,2048.4,69.3143,,
southern_europe,2048.5,69.5046,,
southern_europe,2048.6,69.6937,,
southern_europe,2048.7,69.8815,,
southern_europe,2048.8,70.0681,,
southern_europe,2048.9,70.2535,,
southern_europe,2049.0,70.4376,,
southern_europe,2049.1,70.6206,,
southern_europe,2049.2,70.8022,,
southern_europe,2049.3,70.9827,,
southern_europe,2049.4,71.1620,,
southern_europe,2049.5,71.3400,,
southern_europe,2049.6,71.5169,,
southern_europe,2049.7,71.6925,,
southern_europe,2049.8,71.8670,,
southern_europe,2049.9,72.0403,,
southern_europe,2050.0,72.2124,,
eastern_europe,2015.0,0.0524,,
eastern_europe,2015.1,0.0568,,
eastern_europe,2015.2,0.0614,,
eastern_europe,2015.3,0.0663,,
eastern_europe,2015.4,0.0716,,
eastern_europe,2015.5,0.0772,,
eastern_europe,2015.6,0.0831,,
eastern_europe,2015.7,0.0894,,
eastern_europe,2015.8,0.0961,,
eastern_europe,2015.9,0.1031,,
eastern_europe,2016.0,0.1105,,
eastern_europe,2016.1,0.1183,,
eastern_europe,2016.2,0.1266,,
eastern_europe,2016.3,0.1354,,
eastern_europe,2016.4,0.1446,,
eastern_europe,2016.5,0.1544,,
eastern_europe,2016.6,0.1647,,
eastern_europe,2016.7,0.1755,,
eastern_europe,2016.8,0.1869,,
eastern_europe,2016.9,0.1988,,
eastern_europe,2017.0,0.2113,,
eastern_europe,2017.1,0.2247,,
eastern_europe,2017.2,0.2392,,
eastern_europe,2017.3,0.2545,,
eastern_europe,2017.4,0.2707,,
eastern_europe,2017.5,0.2878,,
eastern_europe,2017.6,0.3057,,
eastern_europe,2017.7,0.3245,,
eastern_europe,2017.8,0.3442,,
eastern_europe,2017.9,0.3648,,
eastern_europe,2018.0,0.3863,,
eastern_europe,2018.1,0.4801,,
eastern_europe,2018.2,0.5085,,
eastern_europe,2018.3,0.5360,,
eastern_europe,2018.4,0.5635,,
eastern_europe,2018.5,0.5916,,
eastern_europe,2018.6,0.6203,,
eastern_europe,2018.7,0.6499,,
eastern_europe,2018.8,0.6803,,
eastern_europe,2018.9,0.7117,,
eastern_europe,2019.0,0.7440,,
eastern_europe,2019.1,0.7774,,
eastern_europe,2019.2,0.8118,,
eastern_europe,2019.3,0.8473,,
eastern_europe,2019.4,0.8839,,
eastern_europe,2019.5,0.9217,,
eastern_europe,2019.6,0.9606,,
eastern_europe,2019.7,1.0007,,
eastern_europe,2019.8,1.0421,,
eastern_europe,2019.9,1.0847,,
eastern_europe,2020.0,1.1286,,
eastern_europe,2020.1,1.1739,,
eastern_europe,2020.2,1.2204,,
eastern_europe,2020.3,1.2684,,
eastern_europe,2020.4,1.3178,,
eastern_europe,2020.5,1.3685,,
eastern_europe,2020.6,1.4208,,
eastern_europe,2020.7,1.4746,,
eastern_europe,2020.8,1.5298,,
eastern_europe,2020.9,1.5867,,
eastern_europe,2021.0,1.6451,,
eastern_europe,2021.1,1.7052,,
eastern_europe,2021.2,1.7669,,
eastern_europe,2021.3,1.8303,,
eastern_europe,2021.4,1.8954,,
eastern_europe,2021.5,1.9623,,
eastern_europe,2021.6,2.0310,,
eastern_europe,2021.7,2.1015,,
eastern_europe,2021.8,2.1738,,
eastern_europe,2021.9,2.2481,,
eastern_europe,2022.0,2.3243,,
eastern_europe,2022.1,2.4025,,
eastern_europe,2022.2,2.4827,,
eastern_europe,2022.3,2.5649,,
eastern_europe,2022.4,2.6493,,
eastern_europe,2022.5,2.7357,,
eastern_europe,2022.6,2.8243,,
eastern_europe,2022.7,2.9152,,
eastern_europe,2022.8,3.0083,,
eastern_europe,2022.9,3.1036,,
eastern_europe,2023.0,3.2013,,
eastern_europe,2023.1,3.3014,,
eastern_europe,2023.2,3.4039,,
eastern_europe,2023.3,3.5088,,
eastern_europe,2023.4,3.6163,,
eastern_europe,2023.5,3.7263,,
eastern_europe,2023.6,3.8388,,
eastern_europe,2023.7,3.9540,,
eastern_europe,2023.8,4.0719,,
eastern_europe,2023.9,4.1925,,
eastern_europe,2024.0,4.3159,,
eastern_europe,2024.1,4.4421,,
eastern_europe,2024.2,4.5711,,
eastern_europe,2024.3,4.7030,,
eastern_europe,2024.4,4.8379,,
eastern_europe,2024.5,4.9758,,
eastern_europe,2024.6,5.1167,,
eastern_europe,2024.7,5.2607,,
eastern_europe,2024.8,5.4078,,
eastern_europe,2024.9,5.5582,,
eastern_europe,2025.0,5.7117,,
eastern_europe,2025.1,5.8685,,
eastern_europe,2025.2,6.0287,,
eastern_europe,2025.3,6.1922,,
eastern_europe,2025.4,6.3591,,
eastern_europe,2025.5,6.5295,,
eastern_europe,2025.6,6.7035,,
eastern_europe,2025.7,6.8809,,
eastern_europe,2025.8,7.0620,,
eastern_europe,2025.9,7.2467,,
eastern_europe,2026.0,7.4351,,
eastern_europe,2026.1,7.6273,,
eastern_europe,2026.2,7.8233,,
eastern_europe,2026.3,8.0230,,
eastern_europe,2026.4,8.2267,,
eastern_europe,2026.5,8.4343,,
eastern_europe,2026.6,8.6459,,
eastern_europe,2026.7,8.8614,,
eastern_europe,2026.8,9.0811,,
eastern_europe,2026.9,9.3048,,
eastern_europe,2027.0,9.5326,,
eastern_europe,2027.1,9.7647,,
eastern_europe,2027.2,10.0009,,
eastern_europe,2027.3,10.2414,,
eastern_europe,2027.4,10.4863,,
eastern_europe,2027.5,10.7354,,
eastern_europe,2027.6,10.9889,,
eastern_europe,2027.7,11.2468,,
eastern_europe,2027.8,11.5092,,
eastern_europe,2027.9,11.7761,,
eastern_europe,2028.0,12.0474,,
eastern_europe,2028.1,12.3233,,
eastern_europe,2028.2,12.6037,,
eastern_europe,2028.3,12.8888,,
eastern_europe,2028.4,13.1785,,
eastern_europe,2028.5,13.4728,,
eastern_europe,2028.6,13.7717,,
eastern_europe,2028.7,14.0754,,
eastern_europe,2028.8,14.3838,,
eastern_europe,2028.9,14.6969,,
eastern_europe,2029.0,15.0148,,
eastern_europe,2029.1,15.3374,,
eastern_europe,2029.2,15.6648,,
eastern_europe,2029.3,15.9970,,
eastern_europe,2029.4,16.3339,,
eastern_europe,2029.5,16.6757,,
eastern_europe,2029.6,17.0222,,
eastern_europe,2029.7,17.3736,,
eastern_europe,2029.8,17.7298,,
eastern_europe,2029.9,18.0907,,
eastern_europe,2030.0,18.4565,,
eastern_europe,2030.1,18.8270,,
eastern_europe,2030.2,19.2023,,
eastern_europe,2030.3,19.5824,,
eastern_europe,2030.4,19.9672,,
eastern_europe,2030.5,20.3567,,
eastern_europe,2030.6,20.7509,,
eastern_europe,2030.7,21.1498,,
eastern_europe,2030.8,21.5533,,
eastern_europe,2030.9,21.9615,,
eastern_europe,2031.0,22.3742,,
eastern_europe,2031.1,22.7915,,
eastern_europe,2031.2,23.2133,,
eastern_europe,2031.3,23.6395,,
eastern_europe,2031.4,24.0701,,
eastern_europe,2031.5,24.5051,,
eastern_europe,2031.6,24.9444,,
eastern_europe,2031.7,25.3880,,
eastern_europe,2031.8,25.8357,,
eastern_europe,2031.9,26.2875,,
eastern_europe,2032.0,26.7434,,
eastern_europe,2032.1,27.2033,,
eastern_europe,2032.2,27.6671,,
eastern_europe,2032.3,28.1347,,
eastern_europe,2032.4,28.6061,,
eastern_europe,2032.5,29.0811,,
eastern_europe,2032.6,29.5597,,
eastern_europe,2032.7,30.0418,,
eastern_europe,2032.8,30.5272,,
eastern_europe,2032.9,31.0159,,
eastern_europe,2033.0,31.5079,,
eastern_europe,2033.1,32.0029,,
eastern_europe,2033.2,32.5008,,
eastern_europe,2033.3,33.0016,,
eastern_europe,2033.4,33.5052,,
eastern_europe,2033.5,34.0114,,
eastern_europe,2033.6,34.5200,,
eastern_europe,2033.7,35.0310,,
eastern_europe,2033.8,35.5443,,
eastern_europe,2033.9,36.0597,,
eastern_europe,2034.0,36.5771,,
eastern_europe,2034.1,37.0963,,
eastern_europe,2034.2,37.6172,,
eastern_europe,2034.3,38.1396,,
eastern_europe,2034.4,38.6635,,
eastern_europe,2034.5,39.1886,,
eastern_europe,2034.6,39.7148,,
eastern_europe,2034.7,40.2421,,
eastern_europe,2034.8,40.7701,,
eastern_europe,2034.9,41.2987,,
eastern_europe,2035.0,41.8279,,
eastern_europe,2035.1,42.3574,,
eastern_europe,2035.2,42.8871,,
eastern_europe,2035.3,43.4168,,
eastern_europe,2035.4,43.9464,,
eastern_europe,2035.5,44.4756,,
eastern_europe,2035.6,45.0044,,
eastern_europe,2035.7,45.5326,,
eastern_europe,2035.8,46.0599,,
eastern_europe,2035.9,46.5863,,
eastern_europe,2036.0,47.1116,,
eastern_europe,2036.1,47.6356,,
eastern_europe,2036.2,48.1581,,
eastern_europe,2036.3,48.6790,,
eastern_europe,2036.4,49.1981,,
eastern_europe,2036.5,49.7153,,
eastern_europe,2036.6,50.2303,,
eastern_europe,2036.7,50.7431,,
eastern_europe,2036.8,51.2535,,
eastern_europe,2036.9,51.7613,,
eastern_europe,2037.0,52.2664,,
eastern_europe,2037.1,52.7686,,
eastern_europe,2037.2,53.2678,,
eastern_europe,2037.3,53.7638,,
eastern_europe,2037.4,54.2564,,
eastern_europe,2037.5,54.7456,,
eastern_europe,2037.6,55.2312,,
eastern_europe,2037.7,55.7131,,
eastern_europe,2037.8,56.1911,,
eastern_europe,2037.9,56.6652,,
eastern_europe,2038.0,57.1351,,
eastern_europe,2038.1,57.6008,,
eastern_europe,2038.2,58.0621,,
eastern_europe,2038.3,58.5190,,
eastern_europe,2038.4,58.9713,,
eastern_europe,2038.5,59.4190,,
eastern_europe,2038.6,59.8619,,
eastern_europe,2038.7,60.2999,,
eastern_europe,2038.8,60.7331,,
eastern_europe,2038.9,61.1611,,
eastern_europe,2039.0,61.5841,,
eastern_europe,2039.1,62.0020,,
eastern_europe,2039.2,62.4146,,
eastern_europe,2039.3,62.8219,,
eastern_europe,2039.4,63.2238,,
eastern_europe,2039.5,63.6204,,
eastern_europe,2039.6,64.0115,,
eastern_europe,2039.7,64.3971,,
eastern_europe,2039.8,64.7773,,
eastern_europe,2039.9,65.1518,,
eastern_europe,2040.0,65.5208,,
eastern_europe,2040.1,65.8843,,
eastern_europe,2040.2,66.2421,,
eastern_europe,2040.3,66.5943,,
eastern_europe,2040.4,66.9409,,
eastern_europe,2040.5,67.2819,,
eastern_europe,2040.6,67.6173,,
eastern_europe,2040.7,67.9472,,
eastern_europe,2040.8,68.2715,,
eastern_europe,2040.9,68.5902,,
eastern_europe,2041.0,68.9034,,
eastern_europe,2041.1,69.2112,,
eastern_europe,2041.2,69.5135,,
eastern_europe,2041.3,69.8104,,
eastern_europe,2041.4,70.1020,,
eastern_europe,2041.5,70.3883,,
eastern_europe,2041.6,70.6693,,
eastern_europe,2041.7,70.9451,,
eastern_europe,2041.8,71.2157,,
eastern_europe,2041.9,71.4813,,
eastern_europe,2042.0,71.7419,,
eastern_europe,2042.1,71.9976,,
eastern_europe,2042.2,72.2483,,
eastern_europe,2042.3,72.4943,,
eastern_europe,2042.4,72.7356,,
eastern_europe,2042.5,72.9722,,
eastern_europe,2042.6,73.2043,,
eastern_europe,2042.7,73.4319,,
eastern_europe,2042.8,73.6550,,
eastern_europe,2042.9,73.8739,,
eastern_europe,2043.0,74.0886,,
eastern_europe,2043.1,74.2991,,
eastern_europe,2043.2,74.5055,,
eastern_europe,2043.3,74.7080,,
eastern_europe,2043.4,74.9066,,
eastern_europe,2043.5,75.1014,,
eastern_europe,2043.6,75.2925,,
eastern_europe,2043.7,75.4800,,
eastern_europe,2043.8,75.6640,,
eastern_europe,2043.9,75.8445,,
eastern_europe,2044.0,76.0217,,
eastern_europe,2044.1,76.1956,,
eastern_europe,2044.2,76.3664,,
eastern_europe,2044.3,76.5340,,
eastern_europe,2044.4,76.6986,,
eastern_europe,2044.5,76.8603,,
eastern_europe,2044.6,77.0192,,
eastern_europe,2044.7,77.1753,,
eastern_europe,2044.8,77.3287,,
eastern_europe,2044.9,77.4794,,
eastern_europe,2045.0,77.6277,,
eastern_europe,2045.1,77.7735,,
eastern_europe,2045.2,77.9169,,
eastern_europe,2045.3,78.0579,,
eastern_europe,2045.4,78.1967,,
eastern_europe,2045.5,78.3334,,
eastern_europe,2045.6,78.4679,,
eastern_europe,2045.7,78.6004,,
eastern_europe,2045.8,78.7308,,
eastern_europe,2045.9,78.8594,,
eastern_europe,2046.0,78.9860,,
eastern_europe,2046.1,79.1109,,
eastern_europe,2046.2,79.2340,,
eastern_europe,2046.3,79.3553,,
eastern_europe,2046.4,79.4751,,
eastern_europe,2046.5,79.5932,,
eastern_europe,2046.6,79.7097,,
eastern_europe,2046.7,79.8247,,
eastern_europe,2046.8,79.9383,,
eastern_europe,2046.9,80.0504,,
eastern_europe,2047.0,80.1611,,
eastern_europe,2047.1,80.2705,,
eastern_europe,2047.2,80.3786,,
eastern_europe,2047.3,80.4854,,
eastern_europe,2047.4,80.5910,,
eastern_europe,2047.5,80.6954,,
eastern_europe,2047.6,80.7985,,
eastern_europe,2047.7,80.9006,,
eastern_europe,2047.8,81.0015,,
eastern_europe,2047.9,81.1014,,
eastern_europe,2048.0,81.2002,,
eastern_europe,2048.1,81.2980,,
eastern_europe,2048.2,81.3948,,
eastern_europe,2048.3,81.4906,,
eastern_europe,2048.4,81.5854,,
eastern_europe,2048.5,81.6793,,
eastern_europe,2048.6,81.7723,,
eastern_europe,2048.7,81.8644,,
eastern_europe,2048.8,81.9557,,
eastern_europe,2048.9,82.0461,,
eastern_europe,2049.0,82.1356,,
eastern_europe,2049.1,82.2244,,
eastern_europe,2049.2,82.3123,,
eastern_europe,2049.3,82.3995,,
eastern_europe,2049.4,82.4858,,
eastern_europe,2049.5,82.5715,,
eastern_europe,2049.6,82.6564,,
eastern_europe,2049.7,82.7405,,
eastern_europe,2049.8,82.8240,,
eastern_europe,2049.9,82.9067,,
eastern_europe,2050.0,82.9888,,
eu,2015.0,0.2991,,
eu,2015.1,0.3232,,
eu,2015.2,0.3488,,
eu,2015.3,0.3759,,
eu,2015.4,0.4046,,
eu,2015.5,0.4350,,
eu,2015.6,0.4670,,
eu,2015.7,0.5007,,
eu,2015.8,0.5361,,
eu,2015.9,0.5733,,
eu,2016.0,0.6124,,
eu,2016.1,0.6533,,
eu,2016.2,0.6961,,
eu,2016.3,0.7408,,
eu,2016.4,0.7875,,
eu,2016.5,0.8363,,
eu,2016.6,0.8871,,
eu,2016.7,0.9400,,
eu,2016.8,0.9950,,
eu,2016.9,1.0522,,
eu,2017.0,1.1116,,
eu,2017.1,1.1733,,
eu,2017.2,1.2374,,
eu,2017.3,1.3039,,
eu,2017.4,1.3728,,
eu,2017.5,1.4442,,
eu,2017.6,1.5182,,
eu,2017.7,1.5948,,
eu,2017.8,1.6740,,
eu,2017.9,1.7560,,
eu,2018.0,1.8408,,
eu,2018.1,1.9379,,
eu,2018.2,2.0291,,
eu,2018.3,2.1229,,
eu,2018.4,2.2196,,
eu,2018.5,2.3193,,
eu,2018.6,2.4220,,
eu,2018.7,2.5278,,
eu,2018.8,2.6368,,
eu,2018.9,2.7491,,
eu,2019.0,2.8646,,
eu,2019.1,2.9835,,
eu,2019.2,3.1058,,
eu,2019.3,3.2316,,
eu,2019.4,3.3609,,
eu,2019.5,3.4937,,
eu,2019.6,3.6302,,
eu,2019.7,3.7703,,
eu,2019.8,3.9142,,
eu,2019.9,4.0618,,
eu,2020.0,4.2132,,
eu,2020.1,4.3685,,
eu,2020.2,4.5277,,
eu,2020.3,4.6909,,
eu,2020.4,4.8581,,
eu,2020.5,5.0293,,
eu,2020.6,5.2046,,
eu,2020.7,5.3841,,
eu,2020.8,5.5677,,
eu,2020.9,5.7555,,
eu,2021.0,5.9476,,
eu,2021.1,6.1439,,
eu,2021.2,6.3446,,
eu,2021.3,6.5496,,
eu,2021.4,6.7591,,
eu,2021.5,6.9729,,
eu,2021.6,7.1912,,
eu,2021.7,7.4139,,
eu,2021.8,7.6411,,
eu,2021.9,7.8728,,
eu,2022.0,8.1090,,
eu,2022.1,8.3498,,
eu,2022.2,8.5951,,
eu,2022.3,8.8449,,
eu,2022.4,9.0993,,
eu,2022.5,9.3582,,
eu,2022.6,9.6217,,
eu,2022.7,9.8897,,
eu,2022.8,10.1623,,
eu,2022.9,10.4394,,
eu,2023.0,10.7210,,
eu,2023.1,11.0070,,
eu,2023.2,11.2975,,
eu,2023.3,11.5924,,
eu,2023.4,11.8917,,
eu,2023.5,12.1954,,
eu,2023.6,12.5033,,
eu,2023.7,12.8155,,
eu,2023.8,13.1319,,
eu,2023.9,13.4524,,
eu,2024.0,13.7770,,
eu,2024.1,14.1057,,
eu,2024.2,14.4382,,
eu,2024.3,14.7746,,
eu,2024.4,15.1149,,
eu,2024.5,15.4588,,
eu,2024.6,15.8063,,
eu,2024.7,16.1574,,
eu,2024.8,16.5119,,
eu,2024.9,16.8698,,
eu,2025.0,17.2309,,
eu,2025.1,17.5951,,
eu,2025.2,17.9625,,
eu,2025.3,18.3327,,
eu,2025.4,18.7058,,
eu,2025.5,19.0816,,
eu,2025.6,19.4600,,
eu,2025.7,19.8409,,
eu,2025.8,20.2243,,
eu,2025.9,20.6099,,
eu,2026.0,20.9978,,
eu,2026.1,21.3877,,
eu,2026.2,21.7796,,
eu,2026.3,22.1734,,
eu,2026.4,22.5690,,
eu,2026.5,22.9663,,
eu,2026.6,23.3651,,
eu,2026.7,23.7655,,
eu,2026.8,24.1673,,
eu,2026.9,24.5704,,
eu,2027.0,24.9748,,
eu,2027.1,25.3804,,
eu,2027.2,25.7871,,
eu,2027.3,26.1948,,
eu,2027.4,26.6034,,
eu,2027.5,27.0130,,
eu,2027.6,27.4235,,
eu,2027.7,27.8347,,
eu,2027.8,28.2467,,
eu,2027.9,28.6593,,
eu,2028.0,29.0727,,
eu,2028.1,29.4866,,
eu,2028.2,29.9011,,
eu,2028.3,30.3161,,
eu,2028.4,30.7316,,
eu,2028.5,31.1476,,
eu,2028.6,31.5640,,
eu,2028.7,31.9808,,
eu,2028.8,32.3979,,
eu,2028.9,32.8153,,
eu,2029.0,33.2331,,
eu,2029.1,33.6511,,
eu,2029.2,34.0693,,
eu,2029.3,34.4877,,
eu,2029.4,34.9063,,
eu,2029.5,35.3250,,
eu,2029.6,35.7438,,
eu,2029.7,36.1627,,
eu,2029.8,36.5816,,
eu,2029.9,37.0005,,
eu,2030.0,37.4193,,
eu,2030.1,37.8381,,
eu,2030.2,38.2567,,
eu,2030.3,38.6752,,
eu,2030.4,39.0935,,
eu,2030.5,39.5116,,
eu,2030.6,39.9294,,
eu,2030.7,40.3469,,
eu,2030.8,40.7640,,
eu,2030.9,41.1808,,
eu,2031.0,41.5972,,
eu,2031.1,42.0132,,
eu,2031.2,42.4286,,
eu,2031.3,42.8435,,
eu,2031.4,43.2579,,
eu,2031.5,43.6717,,
eu,2031.6,44.0849,,
eu,2031.7,44.4974,,
eu,2031.8,44.9092,,
eu,2031.9,45.3203,,
eu,2032.0,45.7307,,
eu,2032.1,46.1403,,
eu,2032.2,46.5491,,
eu,2032.3,46.9570,,
eu,2032.4,47.3641,,
eu,2032.5,47.7703,,
eu,2032.6,48.1756,,
eu,2032.7,48.5799,,
eu,2032.8,48.9832,,
eu,2032.9,49.3856,,
eu,2033.0,49.7869,,
eu,2033.1,50.1871,,
eu,2033.2,50.5863,,
eu,2033.3,50.9843,,
eu,2033.4,51.3812,,
eu,2033.5,51.7770,,
eu,2033.6,52.1715,,
eu,2033.7,52.5649,,
eu,2033.8,52.9570,,
eu,2033.9,53.3478,,
eu,2034.0,53.7373,,
eu,2034.1,54.1255,,
eu,2034.2,54.5123,,
eu,2034.3,54.8978,,
eu,2034.4,55.2818,,
eu,2034.5,55.6645,,
eu,2034.6,56.0456,,
eu,2034.7,56.4253,,
eu,2034.8,56.8034,,
eu,2034.9,57.1800,,
eu,2035.0,57.5550,,
eu,2035.1,57.9284,,
eu,2035.2,58.3001,,
eu,2035.3,58.6702,,
eu,2035.4,59.0386,,
eu,2035.5,59.4052,,
eu,2035.6,59.7701,,
eu,2035.7,60.1332,,
eu,2035.8,60.4945,,
eu,2035.9,60.8540,,
eu,2036.0,61.2115,,
eu,2036.1,61.5672,,
eu,2036.2,61.9209,,
eu,2036.3,62.2726,,
eu,2036.4,62.6223,,
eu,2036.5,62.9701,,
eu,2036.6,63.3157,,
eu,2036.7,63.6593,,
eu,2036.8,64.0007,,
eu,2036.9,64.3400,,
eu,2037.0,64.6772,,
eu,2037.1,65.0121,,
eu,2037.2,65.3449,,
eu,2037.3,65.6753,,
eu,2037.4,66.0035,,
eu,2037.5,66.3295,,
eu,2037.6,66.6530,,
eu,2037.7,66.9743,,
eu,2037.8,67.2931,,
eu,2037.9,67.6096,,
eu,2038.0,67.9237,,
eu,2038.1,68.2353,,
eu,2038.2,68.5445,,
eu,2038.3,68.8512,,
eu,2038.4,69.1555,,
eu,2038.5,69.4572,,
eu,2038.6,69.7564,,
eu,2038.7,70.0531,,
eu,2038.8,70.3472,,
eu,2038.9,70.6388,,
eu,2039.0,70.9278,,
eu,2039.1,71.2142,,
eu,2039.2,71.4980,,
eu,2039.3,71.7792,,
eu,2039.4,72.0578,,
eu,2039.5,72.3338,,
eu,2039.6,72.6072,,
eu,2039.7,72.8779,,
eu,2039.8,73.1460,,
eu,2039.9,73.4115,,
eu,2040.0,73.6743,,
eu,2040.1,73.9345,,
eu,2040.2,74.1921,,
eu,2040.3,74.4471,,
eu,2040.4,74.6994,,
eu,2040.5,74.9491,,
eu,2040.6,75.1961,,
eu,2040.7,75.4406,,
eu,2040.8,75.6824,,
eu,2040.9,75.9217,,
eu,2041.0,76.1583,,
eu,2041.1,76.3924,,
eu,2041.2,76.6239,,
eu,2041.3,76.8528,,
eu,2041.4,77.0792,,
eu,2041.5,77.3030,,
eu,2041.6,77.5243,,
eu,2041.7,77.7431,,
eu,2041.8,77.9594,,
eu,2041.9,78.1733,,
eu,2042.0,78.3846,,
eu,2042.1,78.5935,,
eu,2042.2,78.8000,,
eu,2042.3,79.0041,,
eu,2042.4,79.2057,,
eu,2042.5,79.4050,,
eu,2042.6,79.6020,,
eu,2042.7,79.7966,,
eu,2042.8,79.9889,,
eu,2042.9,80.1789,,
eu,2043.0,80.3666,,
eu,2043.1,80.5520,,
eu,2043.2,80.7353,,
eu,2043.3,80.9163,,
eu,2043.4,81.0951,,
eu,2043.5,81.2718,,
eu,2043.6,81.4463,,
eu,2043.7,81.6187,,
eu,2043.8,81.7889,,
eu,2043.9,81.9572,,
eu,2044.0,82.1233,,
eu,2044.1,82.2874,,
eu,2044.2,82.4496,,
eu,2044.3,82.6097,,
eu,2044.4,82.7679,,
eu,2044.5,82.9241,,
eu,2044.6,83.0784,,
eu,2044.7,83.2308,,
eu,2044.8,83.3814,,
eu,2044.9,83.5301,,
eu,2045.0,83.6769,,
eu,2045.1,83.8220,,
eu,2045.2,83.9653,,
eu,2045.3,84.1068,,
eu,2045.4,84.2466,,
eu,2045.5,84.3846,,
eu,2045.6,84.5210,,
eu,2045.7,84.6557,,
eu,2045.8,84.7887,,
eu,2045.9,84.9201,,
eu,2046.0,85.0499,,
eu,2046.1,85.1781,,
eu,2046.2,85.3047,,
eu,2046.3,85.4298,,
eu,2046.4,85.5533,,
eu,2046.5,85.6754,,
eu,2046.6,85.7959,,
eu,2046.7,85.9150,,
eu,2046.8,86.0326,,
eu,2046.9,86.1488,,
eu,2047.0,86.2635,,
eu,2047.1,86.3769,,
eu,2047.2,86.4889,,
eu,2047.3,86.5995,,
eu,2047.4,86.7088,,
eu,2047.5,86.8168,,
eu,2047.6,86.9235,,
eu,2047.7,87.0288,,
eu,2047.8,87.1329,,
eu,2047.9,87.2358,,
eu,2048.0,87.3374,,
eu,2048.1,87.4378,,
eu,2048.2,87.5370,,
eu,2048.3,87.6350,,
eu,2048.4,87.7318,,
eu,2048.5,87.8274,,
eu,2048.6,87.9220,,
eu,2048.7,88.0154,,
eu,2048.8,88.1076,,
eu,2048.9,88.1988,,
eu,2049.0,88.2889,,
eu,2049.1,88.3780,,
eu,2049.2,88.4660,,
eu,2049.3,88.5530,,
eu,2049.4,88.6389,,
eu,2049.5,88.7238,,
eu,2049.6,88.8078,,
eu,2049.7,88.8908,,
eu,2049.8,88.9728,,
eu,2049.9,89.0538,,
eu,2050.0,89.1339,,
g7,2015.0,0.2572,,
g7,2015.1,0.2750,,
g7,2015.2,0.2939,,
g7,2015.3,0.3138,,
g7,2015.4,0.3348,,
g7,2015.5,0.3569,,
g7,2015.6,0.3801,,
g7,2015.7,0.4045,,
g7,2015.8,0.4300,,
g7,2015.9,0.4568,,
g7,2016.0,0.4848,,
g7,2016.1,0.5141,,
g7,2016.2,0.5446,,
g7,2016.3,0.5765,,
g7,2016.4,0.6096,,
g7,2016.5,0.6442,,
g7,2016.6,0.6801,,
g7,2016.7,0.7174,,
g7,2016.8,0.7562,,
g7,2016.9,0.7964,,
g7,2017.0,0.8381,,
g7,2017.1,0.8813,,
g7,2017.2,0.9260,,
g7,2017.3,0.9723,,
g7,2017.4,1.0201,,
g7,2017.5,1.0695,,
g7,2017.6,1.1205,,
g7,2017.7,1.1732,,
g7,2017.8,1.2275,,
g7,2017.9,1.2834,,
g7,2018.0,1.3411,,
g7,2018.1,1.4004,,
g7,2018.2,1.4615,,
g7,2018.3,1.5244,,
g7,2018.4,1.5890,,
g7,2018.5,1.6554,,
g7,2018.6,1.7236,,
g7,2018.7,1.7936,,
g7,2018.8,1.8655,,
g7,2018.9,1.9393,,
g7,2019.0,2.0149,,
g7,2019.1,2.0924,,
g7,2019.2,2.1718,,
g7,2019.3,2.2532,,
g7,2019.4,2.3365,,
g7,2019.5,2.4217,,
g7,2019.6,2.5090,,
g7,2019.7,2.5982,,
g7,2019.8,2.6894,,
g7,2019.9,2.7827,,
g7,2020.0,2.8780,,
g7,2020.1,2.9754,,
g7,2020.2,3.0748,,
g7,2020.3,3.1763,,
g7,2020.4,3.2799,,
g7,2020.5,3.3856,,
g7,2020.6,3.4934,,
g7,2020.7,3.6033,,
g7,2020.8,3.7154,,
g7,2020.9,3.8296,,
g7,2021.0,3.9460,,
g7,2021.1,4.0646,,
g7,2021.2,4.1853,,
g7,2021.3,4.3083,,
g7,2021.4,4.4334,,
g7,2021.5,4.5608,,
g7,2021.6,4.6904,,
g7,2021.7,4.8222,,
g7,2021.8,4.9563,,
g7,2021.9,5.0926,,
g7,2022.0,5.2312,,
g7,2022.1,5.3720,,
g7,2022.2,5.5151,,
g7,2022.3,5.6604,,
g7,2022.4,5.8081,,
g7,2022.5,5.9580,,
g7,2022.6,6.1102,,
g7,2022.7,6.2648,,
g7,2022.8,6.4216,,
g7,2022.9,6.5807,,
g7,2023.0,6.7421,,
g7,2023.1,6.9058,,
g7,2023.2,7.0719,,
g7,2023.3,7.2402,,
g7,2023.4,7.4109,,
g7,2023.5,7.5839,,
g7,2023.6,7.7592,,
g7,2023.7,7.9368,,
g7,2023.8,8.1168,,
g7,2023.9,8.2990,,
g7,2024.0,8.4836,,
g7,2024.1,8.6705,,
g7,2024.2,8.8597,,
g7,2024.3,9.0512,,
g7,2024.4,9.2450,,
g7,2024.5,9.4411,,
g7,2024.6,9.6396,,
g7,2024.7,9.8403,,
g7,2024.8,10.0433,,
g7,2024.9,10.2486,,
g7,2025.0,10.4562,,
g7,2025.1,10.6661,,
g7,2025.2,10.8782,,
g7,2025.3,11.0926,,
g7,2025.4,11.3093,,
g7,2025.5,11.5282,,
g7,2025.6,11.7494,,
g7,2025.7,11.9728,,
g7,2025.8,12.1984,,
g7,2025.9,12.4262,,
g7,2026.0,12.6563,,
g7,2026.1,12.8886,,
g7,2026.2,13.1230,,
g7,2026.3,13.3596,,
g7,2026.4,13.5984,,
g7,2026.5,13.8393,,
g7,2026.6,14.0824,,
g7,2026.7,14.3276,,
g7,2026.8,14.5749,,
g7,2026.9,14.8244,,
g7,2027.0,15.0759,,
g7,2027.1,15.3295,,
g7,2027.2,15.5852,,
g7,2027.3,15.8429,,
g7,2027.4,16.1026,,
g7,2027.5,16.3644,,
g7,2027.6,16.6282,,
g7,2027.7,16.8939,,
g7,2027.8,17.1617,,
g7,2027.9,17.4313,,
g7,2028.0,17.7029,,
g7,2028.1,17.9765,,
g7,2028.2,18.2519,,
g7,2028.3,18.5292,,
g7,2028.4,18.8083,,
g7,2028.5,19.0894,,
g7,2028.6,19.3722,,
g7,2028.7,19.6568,,
g7,2028.8,19.9432,,
g7,2028.9,20.2314,,
g7,2029.0,20.5213,,
g7,2029.1,20.8130,,
g7,2029.2,21.1063,,
g7,2029.3,21.4013,,
g7,2029.4,21.6980,,
g7,2029.5,21.9963,,
g7,2029.6,22.2962,,
g7,2029.7,22.5977,,
g7,2029.8,22.9007,,
g7,2029.9,23.2053,,
g7,2030.0,23.5115,,
g7,2030.1,23.8191,,
g7,2030.2,24.1281,,
g7,2030.3,24.4387,,
g7,2030.4,24.7506,,
g7,2030.5,25.0639,,
g7,2030.6,25.3786,,
g7,2030.7,25.6947,,
g7,2030.8,26.0120,,
g7,2030.9,26.3307,,
g7,2031.0,26.6506,,
g7,2031.1,26.9718,,
g7,2031.2,27.2941,,
g7,2031.3,27.6177,,
g7,2031.4,27.9424,,
g7,2031.5,28.2682,,
g7,2031.6,28.5952,,
g7,2031.7,28.9232,,
g7,2031.8,29.2523,,
g7,2031.9,29.5823,,
g7,2032.0,29.9134,,
g7,2032.1,30.2455,,
g7,2032.2,30.5785,,
g7,2032.3,30.9124,,
g7,2032.4,31.2471,,
g7,2032.5,31.5828,,
g7,2032.6,31.9192,,
g7,2032.7,32.2565,,
g7,2032.8,32.5945,,
g7,2032.9,32.9332,,
g7,2033.0,33.2727,,
g7,2033.1,33.6128,,
g7,2033.2,33.9536,,
g7,2033.3,34.2950,,
g7,2033.4,34.6370,,
g7,2033.5,34.9795,,
g7,2033.6,35.3226,,
g7,2033.7,35.6662,,
g7,2033.8,36.0102,,
g7,2033.9,36.3548,,
g7,2034.0,36.6997,,
g7,2034.1,37.0450,,
g7,2034.2,37.3906,,
g7,2034.3,37.7366,,
g7,2034.4,38.0829,,
g7,2034.5,38.4295,,
g7,2034.6,38.7762,,
g7,2034.7,39.1232,,
g7,2034.8,39.4704,,
g7,2034.9,39.8177,,
g7,2035.0,40.1652,,
g7,2035.1,40.5127,,
g7,2035.2,40.8603,,
g7,2035.3,41.2080,,
g7,2035.4,41.5556,,
g7,2035.5,41.9032,,
g7,2035.6,42.2508,,
g7,2035.7,42.5982,,
g7,2035.8,42.9456,,
g7,2035.9,43.2928,,
g7,2036.0,43.6399,,
g7,2036.1,43.9867,,
g7,2036.2,44.3334,,
g7,2036.3,44.6798,,
g7,2036.4,45.0259,,
g7,2036.5,45.3717,,
g7,2036.6,45.7171,,
g7,2036.7,46.0622,,
g7,2036.8,46.4069,,
g7,2036.9,46.7512,,
g7,2037.0,47.0950,,
g7,2037.1,47.4384,,
g7,2037.2,47.7812,,
g7,2037.3,48.1236,,
g7,2037.4,48.4654,,
g7,2037.5,48.8066,,
g7,2037.6,49.1472,,
g7,2037.7,49.4871,,
g7,2037.8,49.8264,,
g7,2037.9,50.1651,,
g7,2038.0,50.5030,,
g7,2038.1,50.8402,,
g7,2038.2,51.1766,,
g7,2038.3,51.5122,,
g7,2038.4,51.8471,,
g7,2038.5,52.1811,,
g7,2038.6,52.5142,,
g7,2038.7,52.8465,,
g7,2038.8,53.1778,,
g7,2038.9,53.5083,,
g7,2039.0,53.8377,,
g7,2039.1,54.1663,,
g7,2039.2,54.4938,,
g7,2039.3,54.8203,,
g7,2039.4,55.1457,,
g7,2039.5,55.4701,,
g7,2039.6,55.7934,,
g7,2039.7,56.1156,,
g7,2039.8,56.4367,,
g7,2039.9,56.7566,,
g7,2040.0,57.0754,,
g7,2040.1,57.3930,,
g7,2040.2,57.7093,,
g7,2040.3,58.0244,,
g7,2040.4,58.3383,,
g7,2040.5,58.6509,,
g7,2040.6,58.9623,,
g7,2040.7,59.2723,,
g7,2040.8,59.5810,,
g7,2040.9,59.8883,,
g7,2041.0,60.1943,,
g7,2041.1,60.4989,,
g7,2041.2,60.8021,,
g7,2041.3,61.1039,,
g7,2041.4,61.4043,,
g7,2041.5,61.7033,,
g7,2041.6,62.0007,,
g7,2041.7,62.2967,,
g7,2041.8,62.5912,,
g7,2041.9,62.8842,,
g7,2042.0,63.1756,,
g7,2042.1,63.4656,,
g7,2042.2,63.7539,,
g7,2042.3,64.0407,,
g7,2042.4,64.3260,,
g7,2042.5,64.6096,,
g7,2042.6,64.8916,,
g7,2042.7,65.1720,,
g7,2042.8,65.4508,,
g7,2042.9,65.7279,,
g7,2043.0,66.0034,,
g7,2043.1,66.2772,,
g7,2043.2,66.5493,,
g7,2043.3,66.8197,,
g7,2043.4,67.0884,,
g7,2043.5,67.3555,,
g7,2043.6,67.6208,,
g7,2043.7,67.8843,,
g7,2043.8,68.1461,,
g7,2043.9,68.4062,,
g7,2044.0,68.6645,,
g7,2044.1,68.9211,,
g7,2044.2,69.1758,,
g7,2044.3,69.4288,,
g7,2044.4,69.6800,,
g7,2044.5,69.9294,,
g7,2044.6,70.1770,,
g7,2044.7,70.4228,,
g7,2044.8,70.6667,,
g7,2044.9,70.9089,,
g7,2045.0,71.1492,,
g7,2045.1,71.3877,,
g7,2045.2,71.6243,,
g7,2045.3,71.8591,,
g7,2045.4,72.0920,,
g7,2045.5,72.3231,,
g7,2045.6,72.5523,,
g7,2045.7,72.7797,,
g7,2045.8,73.0052,,
g7,2045.9,73.2289,,
g7,2046.0,73.4506,,
g7,2046.1,73.6705,,
g7,2046.2,73.8886,,
g7,2046.3,74.1047,,
g7,2046.4,74.3190,,
g7,2046.5,74.5314,,
g7,2046.6,74.7419,,
g7,2046.7,74.9506,,
g7,2046.8,75.1573,,
g7,2046.9,75.3622,,
g7,2047.0,75.5652,,
g7,2047.1,75.7663,,
g7,2047.2,75.9656,,
g7,2047.3,76.1630,,
g7,2047.4,76.3585,,
g7,2047.5,76.5521,,
g7,2047.6,76.7439,,
g7,2047.7,76.9337,,
g7,2047.8,77.1218,,
g7,2047.9,77.3079,,
g7,2048.0,77.4922,,
g7,2048.1,77.6747,,
g7,2048.2,77.8553,,
g7,2048.3,78.0340,,
g7,2048.4,78.2109,,
g7,2048.5,78.3860,,
g7,2048.6,78.5592,,
g7,2048.7,78.7306,,
g7,2048.8,78.9001,,
g7,2048.9,79.0679,,
g7,2049.0,79.2338,,
g7,2049.1,79.3979,,
g7,2049.2,79.5602,,
g7,2049.3,79.7208,,
g7,2049.4,79.8795,,
g7,2049.5,80.0364,,
g7,2049.6,80.1916,,
g7,2049.7,80.3450,,
g7,2049.8,80.4966,,
g7,2049.9,80.6465,,
g7,2050.0,80.7947,,
north_america,2015.0,0.2419,,
north_america,2015.1,0.2579,,
north_america,2015.2,0.2747,,
north_america,2015.3,0.2922,,
north_america,2015.4,0.3105,,
north_america,2015.5,0.3295,,
north_america,2015.6,0.3494,,
north_america,2015.7,0.3700,,
north_america,2015.8,0.3915,,
north_america,2015.9,0.4138,,
north_america,2016.0,0.4370,,
north_america,2016.1,0.4611,,
north_america,2016.2,0.4861,,
north_america,2016.3,0.5120,,
north_america,2016.4,0.5388,,
north_america,2016.5,0.5666,,
north_america,2016.6,0.5954,,
north_america,2016.7,0.6252,,
north_america,2016.8,0.6559,,
north_america,2016.9,0.6877,,
north_america,2017.0,0.7206,,
north_america,2017.1,0.7545,,
north_america,2017.2,0.7895,,
north_america,2017.3,0.8256,,
north_america,2017.4,0.8628,,
north_america,2017.5,0.9012,,
north_america,2017.6,0.9407,,
north_america,2017.7,0.9814,,
north_america,2017.8,1.0233,,
north_america,2017.9,1.0664,,
north_america,2018.0,1.1107,,
north_america,2018.1,1.1563,,
north_america,2018.2,1.2032,,
north_america,2018.3,1.2513,,
north_america,2018.4,1.3008,,
north_america,2018.5,1.3515,,
north_america,2018.6,1.4037,,
north_america,2018.7,1.4571,,
north_america,2018.8,1.5120,,
north_america,2018.9,1.5682,,
north_america,2019.0,1.6259,,
north_america,2019.1,1.6850,,
north_america,2019.2,1.7456,,
north_america,2019.3,1.8076,,
north_america,2019.4,1.8711,,
north_america,2019.5,1.9361,,
north_america,2019.6,2.0026,,
north_america,2019.7,2.0707,,
north_america,2019.8,2.1403,,
north_america,2019.9,2.2115,,
north_america,2020.0,2.2844,,
north_america,2020.1,2.3588,,
north_america,2020.2,2.4348,,
north_america,2020.3,2.5125,,
north_america,2020.4,2.5918,,
north_america,2020.5,2.6729,,
north_america,2020.6,2.7556,,
north_america,2020.7,2.8400,,
north_america,2020.8,2.9262,,
north_america,2020.9,3.0141,,
north_america,2021.0,3.1038,,
north_america,2021.1,3.1953,,
north_america,2021.2,3.2885,,
north_america,2021.3,3.3836,,
north_america,2021.4,3.4805,,
north_america,2021.5,3.5793,,
north_america,2021.6,3.6799,,
north_america,2021.7,3.7824,,
north_america,2021.8,3.8867,,
north_america,2021.9,3.9930,,
north_america,2022.0,4.1012,,
north_america,2022.1,4.2114,,
north_america,2022.2,4.3235,,
north_america,2022.3,4.4375,,
north_america,2022.4,4.5536,,
north_america,2022.5,4.6716,,
north_america,2022.6,4.7916,,
north_america,2022.7,4.9137,,
north_america,2022.8,5.0378,,
north_america,2022.9,5.1640,,
north_america,2023.0,5.2922,,
north_america,2023.1,5.4225,,
north_america,2023.2,5.5549,,
north_america,2023.3,5.6894,,
north_america,2023.4,5.8260,,
north_america,2023.5,5.9647,,
north_america,2023.6,6.1056,,
north_america,2023.7,6.2486,,
north_america,2023.8,6.3938,,
north_america,2023.9,6.5412,,
north_america,2024.0,6.6908,,
north_america,2024.1,6.8425,,
north_america,2024.2,6.9965,,
north_america,2024.3,7.1527,,
north_america,2024.4,7.3111,,
north_america,2024.5,7.4717,,
north_america,2024.6,7.6346,,
north_america,2024.7,7.7997,,
north_america,2024.8,7.9672,,
north_america,2024.9,8.1368,,
north_america,2025.0,8.3088,,
north_america,2025.1,8.4831,,
north_america,2025.2,8.6596,,
north_america,2025.3,8.8385,,
north_america,2025.4,9.0197,,
north_america,2025.5,9.2032,,
north_america,2025.6,9.3890,,
north_america,2025.7,9.5772,,
north_america,2025.8,9.7677,,
north_america,2025.9,9.9605,,
north_america,2026.0,10.1557,,
north_america,2026.1,10.3533,,
north_america,2026.2,10.5532,,
north_america,2026.3,10.7555,,
north_america,2026.4,10.9601,,
north_america,2026.5,11.1672,,
north_america,2026.6,11.3765,,
north_america,2026.7,11.5883,,
north_america,2026.8,11.8025,,
north_america,2026.9,12.0190,,
north_america,2027.0,12.2379,,
north_america,2027.1,12.4593,,
north_america,2027.2,12.6830,,
north_america,2027.3,12.9090,,
north_america,2027.4,13.1375,,
north_america,2027.5,13.3684,,
north_america,2027.6,13.6017,,
north_america,2027.7,13.8373,,
north_america,2027.8,14.0753,,
north_america,2027.9,14.3157,,
north_america,2028.0,14.5585,,
north_america,2028.1,14.8037,,
north_america,2028.2,15.0513,,
north_america,2028.3,15.3012,,
north_america,2028.4,15.5535,,
north_america,2028.5,15.8082,,
north_america,2028.6,16.0652,,
north_america,2028.7,16.3246,,
north_america,2028.8,16.5864,,
north_america,2028.9,16.8504,,
north_america,2029.0,17.1169,,
north_america,2029.1,17.3856,,
north_america,2029.2,17.6567,,
north_america,2029.3,17.9302,,
north_america,2029.4,18.2059,,
north_america,2029.5,18.4839,,
north_america,2029.6,18.7642,,
north_america,2029.7,19.0469,,
north_america,2029.8,19.3317,,
north_america,2029.9,19.6189,,
north_america,2030.0,19.9083,,
north_america,2030.1,20.2000,,
north_america,2030.2,20.4939,,
north_america,2030.3,20.7900,,
north_america,2030.4,21.0883,,
north_america,2030.5,21.3888,,
north_america,2030.6,21.6916,,
north_america,2030.7,21.9964,,
north_america,2030.8,22.3035,,
north_america,2030.9,22.6127,,
north_america,2031.0,22.9240,,
north_america,2031.1,23.2374,,
north_america,2031.2,23.5529,,
north_america,2031.3,23.8705,,
north_america,2031.4,24.1902,,
north_america,2031.5,24.5119,,
north_america,2031.6,24.8357,,
north_america,2031.7,25.1615,,
north_america,2031.8,25.4892,,
north_america,2031.9,25.8190,,
north_america,2032.0,26.1507,,
north_america,2032.1,26.4843,,
north_america,2032.2,26.8198,,
north_america,2032.3,27.1573,,
north_america,2032.4,27.4966,,
north_america,2032.5,27.8378,,
north_america,2032.6,28.1808,,
north_america,2032.7,28.5256,,
north_america,2032.8,28.8722,,
north_america,2032.9,29.2206,,
north_america,2033.0,29.5708,,
north_america,2033.1,29.9226,,
north_america,2033.2,30.2761,,
north_america,2033.3,30.6314,,
north_america,2033.4,30.9882,,
north_america,2033.5,31.3467,,
north_america,2033.6,31.7068,,
north_america,2033.7,32.0684,,
north_america,2033.8,32.4316,,
north_america,2033.9,32.7963,,
north_america,2034.0,33.1625,,
north_america,2034.1,33.5301,,
north_america,2034.2,33.8992,,
north_america,2034.3,34.2697,,
north_america,2034.4,34.6416,,
north_america,2034.5,35.0148,,
north_america,2034.6,35.3893,,
north_america,2034.7,35.7651,,
north_america,2034.8,36.1422,,
north_america,2034.9,36.5205,,
north_america,2035.0,36.9001,,
north_america,2035.1,37.2807,,
north_america,2035.2,37.6625,,
north_america,2035.3,38.0455,,
north_america,2035.4,38.4295,,
north_america,2035.5,38.8145,,
north_america,2035.6,39.2005,,
north_america,2035.7,39.5875,,
north_america,2035.8,39.9755,,
north_america,2035.9,40.3644,,
north_america,2036.0,40.7541,,
north_america,2036.1,41.1447,,
north_america,2036.2,41.5361,,
north_america,2036.3,41.9283,,
north_america,2036.4,42.3212,,
north_america,2036.5,42.7148,,
north_america,2036.6,43.1091,,
north_america,2036.7,43.5041,,
north_america,2036.8,43.8996,,
north_america,2036.9,44.2957,,
north_america,2037.0,44.6923,,
north_america,2037.1,45.0894,,
north_america,2037.2,45.4870,,
north_america,2037.3,45.8850,,
north_america,2037.4,46.2834,,
north_america,2037.5,46.6822,,
north_america,2037.6,47.0813,,
north_america,2037.7,47.4806,,
north_america,2037.8,47.8802,,
north_america,2037.9,48.2800,,
north_america,2038.0,48.6799,,
north_america,2038.1,49.0800,,
north_america,2038.2,49.4802,,
north_america,2038.3,49.8805,,
north_america,2038.4,50.2807,,
north_america,2038.5,50.6810,,
north_america,2038.6,51.0812,,
north_america,2038.7,51.4813,,
north_america,2038.8,51.8812,,
north_america,2038.9,52.2811,,
north_america,2039.0,52.6807,,
north_america,2039.1,53.0800,,
north_america,2039.2,53.4791,,
north_america,2039.3,53.8779,,
north_america,2039.4,54.2763,,
north_america,2039.5,54.6744,,
north_america,2039.6,55.0720,,
north_america,2039.7,55.4692,,
north_america,2039.8,55.8658,,
north_america,2039.9,56.2620,,
north_america,2040.0,56.6575,,
north_america,2040.1,57.0525,,
north_america,2040.2,57.4468,,
north_america,2040.3,57.8404,,
north_america,2040.4,58.2334,,
north_america,2040.5,58.6255,,
north_america,2040.6,59.0169,,
north_america,2040.7,59.4074,,
north_america,2040.8,59.7971,,
north_america,2040.9,60.1859,,
north_america,2041.0,60.5738,,
north_america,2041.1,60.9607,,
north_america,2041.2,61.3466,,
north_america,2041.3,61.7315,,
north_america,2041.4,62.1153,,
north_america,2041.5,62.4981,,
north_america,2041.6,62.8796,,
north_america,2041.7,63.2601,,
north_america,2041.8,63.6393,,
north_america,2041.9,64.0173,,
north_america,2042.0,64.3940,,
north_america,2042.1,64.7694,,
north_america,2042.2,65.1435,,
north_america,2042.3,65.5162,,
north_america,2042.4,65.8875,,
north_america,2042.5,66.2574,,
north_america,2042.6,66.6259,,
north_america,2042.7,66.9929,,
north_america,2042.8,67.3583,,
north_america,2042.9,67.7222,,
north_america,2043.0,68.0846,,
north_america,2043.1,68.4453,,
north_america,2043.2,68.8044,,
north_america,2043.3,69.1619,,
north_america,2043.4,69.5176,,
north_america,2043.5,69.8717,,
north_america,2043.6,70.2240,,
north_america,2043.7,70.5745,,
north_america,2043.8,70.9232,,
north_america,2043.9,71.2702,,
north_america,2044.0,71.6152,,
north_america,2044.1,71.9584,,
north_america,2044.2,72.2998,,
north_america,2044.3,72.6391,,
north_america,2044.4,72.9766,,
north_america,2044.5,73.3121,,
north_america,2044.6,73.6456,,
north_america,2044.7,73.9771,,
north_america,2044.8,74.3066,,
north_america,2044.9,74.6340,,
north_america,2045.0,74.9593,,
north_america,2045.1,75.2826,,
north_america,2045.2,75.6037,,
north_america,2045.3,75.9227,,
north_america,2045.4,76.2396,,
north_america,2045.5,76.5543,,
north_america,2045.6,76.8668,,
north_america,2045.7,77.1771,,
north_america,2045.8,77.4852,,
north_america,2045.9,77.7910,,
north_america,2046.0,78.0946,,
north_america,2046.1,78.3960,,
north_america,2046.2,78.6950,,
north_america,2046.3,78.9918,,
north_america,2046.4,79.2862,,
north_america,2046.5,79.5784,,
north_america,2046.6,79.8682,,
north_america,2046.7,80.1556,,
north_america,2046.8,80.4407,,
north_america,2046.9,80.7235,,
north_america,2047.0,81.0039,,
north_america,2047.1,81.2818,,
north_america,2047.2,81.5574,,
north_america,2047.3,81.8306,,
north_america,2047.4,82.1013,,
north_america,2047.5,82.3697,,
north_america,2047.6,82.6356,,
north_america,2047.7,82.8991,,
north_america,2047.8,83.1601,,
north_america,2047.9,83.4187,,
north_america,2048.0,83.6749,,
north_america,2048.1,83.9286,,
north_america,2048.2,84.1798,,
north_america,2048.3,84.4286,,
north_america,2048.4,84.6749,,
north_america,2048.5,84.9187,,
north_america,2048.6,85.1601,,
north_america,2048.7,85.3990,,
north_america,2048.8,85.6354,,
north_america,2048.9,85.8693,,
north_america,2049.0,86.1008,,
north_america,2049.1,86.3298,,
north_america,2049.2,86.5564,,
north_america,2049.3,86.7804,,
north_america,2049.4,87.0020,,
north_america,2049.5,87.2212,,
north_america,2049.6,87.4378,,
north_america,2049.7,87.6521,,
north_america,2049.8,87.8638,,
north_america,2049.9,88.0731,,
north_america,2050.0,88.2800,,
south_america,2015.0,0.0004,,
south_america,2015.1,0.0004,,
south_america,2015.2,0.0005,,
south_america,2015.3,0.0006,,
south_america,2015.4,0.0007,,
south_america,2015.5,0.0008,,
south_america,2015.6,0.0009,,
south_america,2015.7,0.0011,,
south_america,2015.8,0.0013,,
south_america,2015.9,0.0015,,
south_america,2016.0,0.0017,,
south_america,2016.1,0.0020,,
south_america,2016.2,0.0022,,
south_america,2016.3,0.0026,,
south_america,2016.4,0.0029,,
south_america,2016.5,0.0033,,
south_america,2016.6,0.0038,,
south_america,2016.7,0.0043,,
south_america,2016.8,0.0048,,
south_america,2016.9,0.0055,,
south_america,2017.0,0.0061,,
south_america,2017.1,0.0069,,
south_america,2017.2,0.0077,,
south_america,2017.3,0.0087,,
south_america,2017.4,0.0097,,
south_america,2017.5,0.0108,,
south_america,2017.6,0.0120,,
south_america,2017.7,0.0134,,
south_america,2017.8,0.0149,,
south_america,2017.9,0.0165,,
south_america,2018.0,0.0182,,
south_america,2018.1,0.0202,,
south_america,2018.2,0.0223,,
south_america,2018.3,0.0245,,
south_america,2018.4,0.0270,,
south_america,2018.5,0.0297,,
south_america,2018.6,0.0326,,
south_america,2018.7,0.0358,,
south_america,2018.8,0.0392,,
south_america,2018.9,0.0429,,
south_america,2019.0,0.0469,,
south_america,2019.1,0.0511,,
south_america,2019.2,0.0558,,
south_america,2019.3,0.0608,,
south_america,2019.4,0.0661,,
south_america,2019.5,0.0719,,
south_america,2019.6,0.0780,,
south_america,2019.7,0.0847,,
south_america,2019.8,0.0918,,
south_america,2019.9,0.0994,,
south_america,2020.0,0.1075,,
south_america,2020.1,0.1162,,
south_america,2020.2,0.1255,,
south_america,2020.3,0.1355,,
south_america,2020.4,0.1461,,
south_america,2020.5,0.1575,,
south_america,2020.6,0.1697,,
south_america,2020.7,0.1828,,
south_america,2020.8,0.1967,,
south_america,2020.9,0.2116,,
south_america,2021.0,0.2276,,
south_america,2021.1,0.2446,,
south_america,2021.2,0.2628,,
south_america,2021.3,0.2822,,
south_america,2021.4,0.3029,,
south_america,2021.5,0.3250,,
south_america,2021.6,0.3485,,
south_america,2021.7,0.3736,,
south_america,2021.8,0.4002,,
south_america,2021.9,0.4285,,
south_america,2022.0,0.4586,,
south_america,2022.1,0.4905,,
south_america,2022.2,0.5244,,
south_america,2022.3,0.5603,,
south_america,2022.4,0.5983,,
south_america,2022.5,0.6385,,
south_america,2022.6,0.6811,,
south_america,2022.7,0.7260,,
south_america,2022.8,0.7735,,
south_america,2022.9,0.8236,,
south_america,2023.0,0.8764,,
south_america,2023.1,0.9320,,
south_america,2023.2,0.9906,,
south_america,2023.3,1.0522,,
south_america,2023.4,1.1170,,
south_america,2023.5,1.1851,,
south_america,2023.6,1.2566,,
south_america,2023.7,1.3316,,
south_america,2023.8,1.4102,,
south_america,2023.9,1.4926,,
south_america,2024.0,1.5789,,
south_america,2024.1,1.6693,,
south_america,2024.2,1.7637,,
south_america,2024.3,1.8625,,
south_america,2024.4,1.9657,,
south_america,2024.5,2.0734,,
south_america,2024.6,2.1858,,
south_america,2024.7,2.3030,,
south_america,2024.8,2.4252,,
south_america,2024.9,2.5525,,
south_america,2025.0,2.6850,,
south_america,2025.1,2.8229,,
south_america,2025.2,2.9663,,
south_america,2025.3,3.1155,,
south_america,2025.4,3.2704,,
south_america,2025.5,3.4314,,
south_america,2025.6,3.5984,,
south_america,2025.7,3.7718,,
south_america,2025.8,3.9515,,
south_america,2025.9,4.1379,,
south_america,2026.0,4.3310,,
south_america,2026.1,4.5310,,
south_america,2026.2,4.7381,,
south_america,2026.3,4.9525,,
south_america,2026.4,5.1742,,
south_america,2026.5,5.4034,,
south_america,2026.6,5.6404,,
south_america,2026.7,5.8853,,
south_america,2026.8,6.1382,,
south_america,2026.9,6.3994,,
south_america,2027.0,6.6689,,
south_america,2027.1,6.9471,,
south_america,2027.2,7.2339,,
south_america,2027.3,7.5297,,
south_america,2027.4,7.8346,,
south_america,2027.5,8.1488,,
south_america,2027.6,8.4724,,
south_america,2027.7,8.8057,,
south_america,2027.8,9.1487,,
south_america,2027.9,9.5018,,
south_america,2028.0,9.8651,,
south_america,2028.1,10.2387,,
south_america,2028.2,10.6228,,
south_america,2028.3,11.0177,,
south_america,2028.4,11.4235,,
south_america,2028.5,11.8403,,
south_america,2028.6,12.2685,,
south_america,2028.7,12.7081,,
south_america,2028.8,13.1593,,
south_america,2028.9,13.6223,,
south_america,2029.0,14.0973,,
south_america,2029.1,14.5844,,
south_america,2029.2,15.0838,,
south_america,2029.3,15.5957,,
south_america,2029.4,16.1202,,
south_america,2029.5,16.6575,,
south_america,2029.6,17.2077,,
south_america,2029.7,17.7709,,
south_america,2029.8,18.3474,,
south_america,2029.9,18.9371,,
south_america,2030.0,19.5403,,
south_america,2030.1,20.1570,,
south_america,2030.2,20.7874,,
south_america,2030.3,21.4314,,
south_america,2030.4,22.0892,,
south_america,2030.5,22.7609,,
south_america,2030.6,23.4465,,
south_america,2030.7,24.1459,,
south_america,2030.8,24.8594,,
south_america,2030.9,25.5867,,
south_america,2031.0,26.3280,,
south_america,2031.1,27.0831,,
south_america,2031.2,27.8521,,
south_america,2031.3,28.6349,,
south_america,2031.4,29.4313,,
south_america,2031.5,30.2413,,
south_america,2031.6,31.0647,,
south_america,2031.7,31.9013,,
south_america,2031.8,32.7511,,
south_america,2031.9,33.6138,,
south_america,2032.0,34.4891,,
south_america,2032.1,35.3768,,
south_america,2032.2,36.2767,,
south_america,2032.3,37.1884,,
south_america,2032.4,38.1117,,
south_america,2032.5,39.0461,,
south_america,2032.6,39.9913,,
south_america,2032.7,40.9469,,
south_america,2032.8,41.9124,,
south_america,2032.9,42.8875,,
south_america,2033.0,43.8716,,
south_america,2033.1,44.8642,,
south_america,2033.2,45.8648,,
south_america,2033.3,46.8729,,
south_america,2033.4,47.8878,,
south_america,2033.5,48.9089,,
south_america,2033.6,49.9357,,
south_america,2033.7,50.9674,,
south_america,2033.8,52.0034,,
south_america,2033.9,53.0431,,
south_america,2034.0,54.0856,,
south_america,2034.1,55.1303,,
south_america,2034.2,56.1764,,
south_america,2034.3,57.2232,,
south_america,2034.4,58.2698,,
south_america,2034.5,59.3155,,
south_america,2034.6,60.3595,,
south_america,2034.7,61.4010,,
south_america,2034.8,62.4391,,
south_america,2034.9,63.4730,,
south_america,2035.0,64.5020,,
south_america,2035.1,65.5251,,
south_america,2035.2,66.5416,,
south_america,2035.3,67.5507,,
south_america,2035.4,68.5514,,
south_america,2035.5,69.5430,,
south_america,2035.6,70.5248,,
south_america,2035.7,71.4959,,
south_america,2035.8,72.4555,,
south_america,2035.9,73.4029,,
south_america,2036.0,74.3373,,
south_america,2036.1,75.2582,,
south_america,2036.2,76.1646,,
south_america,2036.3,77.0561,,
south_america,2036.4,77.9319,,
south_america,2036.5,78.7915,,
south_america,2036.6,79.6343,,
south_america,2036.7,80.4597,,
south_america,2036.8,81.2673,,
south_america,2036.9,82.0565,,
south_america,2037.0,82.8271,,
south_america,2037.1,83.5785,,
south_america,2037.2,84.3104,,
south_america,2037.3,85.0226,,
south_america,2037.4,85.7148,,
south_america,2037.5,86.3868,,
south_america,2037.6,87.0384,,
south_america,2037.7,87.6695,,
south_america,2037.8,88.2801,,
south_america,2037.9,88.8700,,
south_america,2038.0,89.4393,,
south_america,2038.1,89.9881,,
south_america,2038.2,90.5165,,
south_america,2038.3,91.0246,,
south_america,2038.4,91.5126,,
south_america,2038.5,91.9806,,
south_america,2038.6,92.4291,,
south_america,2038.7,92.8582,,
south_america,2038.8,93.2684,,
south_america,2038.9,93.6598,,
south_america,2039.0,94.0331,,
south_america,2039.1,94.3885,,
south_america,2039.2,94.7265,,
south_america,2039.3,95.0476,,
south_america,2039.4,95.3522,,
south_america,2039.5,95.6409,,
south_america,2039.6,95.9142,,
south_america,2039.7,96.1726,,
south_america,2039.8,96.4167,,
south_america,2039.9,96.6470,,
south_america,2040.0,96.8640,,
south_america,2040.1,97.0683,,
south_america,2040.2,97.2605,,
south_america,2040.3,97.4411,,
south_america,2040.4,97.6106,,
south_america,2040.5,97.7696,,
south_america,2040.6,97.9186,,
south_america,2040.7,98.0582,,
south_america,2040.8,98.1889,,
south_america,2040.9,98.3110,,
south_america,2041.0,98.4252,,
south_america,2041.1,98.5319,,
south_america,2041.2,98.6316,,
south_america,2041.3,98.7246,,
south_america,2041.4,98.8114,,
south_america,2041.5,98.8923,,
south_america,2041.6,98.9679,,
south_america,2041.7,99.0383,,
south_america,2041.8,99.1040,,
south_america,2041.9,99.1652,,
south_america,2042.0,99.2224,,
south_america,2042.1,99.2756,,
south_america,2042.2,99.3253,,
south_america,2042.3,99.3717,,
south_america,2042.4,99.4150,,
south_america,2042.5,99.4553,,
south_america,2042.6,99.4931,,
south_america,2042.7,99.5283,,
south_america,2042.8,99.5611,,
south_america,2042.9,99.5919,,
south_america,2043.0,99.6206,,
south_america,2043.1,99.6474,,
south_america,2043.2,99.6725,,
south_america,2043.3,99.6959,,
south_america,2043.4,99.7179,,
south_america,2043.5,99.7384,,
south_america,2043.6,99.7575,,
south_america,2043.7,99.7754,,
south_america,2043.8,99.7922,,
south_america,2043.9,99.8078,,
south_america,2044.0,99.8224,,
south_america,2044.1,99.8360,,
south_america,2044.2,99.8488,,
south_america,2044.3,99.8606,,
south_america,2044.4,99.8717,,
south_america,2044.5,99.8820,,
south_america,2044.6,99.8916,,
south_america,2044.7,99.9005,,
south_america,2044.8,99.9088,,
south_america,2044.9,99.9165,,
south_america,2045.0,99.9236,,
south_america,2045.1,99.9302,,
south_america,2045.2,99.9363,,
south_america,2045.3,99.9420,,
south_america,2045.4,99.9472,,
south_america,2045.5,99.9520,,
south_america,2045.6,99.9564,,
south_america,2045.7,99.9605,,
south_america,2045.8,99.9643,,
south_america,2045.9,99.9677,,
south_america,2046.0,99.9708,,
south_america,2046.1,99.9737,,
south_america,2046.2,99.9764,,
south_america,2046.3,99.9788,,
south_america,2046.4,99.9809,,
south_america,2046.5,99.9829,,
south_america,2046.6,99.9847,,
south_america,2046.7,99.9864,,
south_america,2046.8,99.9878,,
south_america,2046.9,99.9892,,
south_america,2047.0,99.9904,,
south_america,2047.1,99.9915,,
south_america,2047.2,99.9924,,
south_america,2047.3,99.9933,,
south_america,2047.4,99.9941,,
south_america,2047.5,99.9948,,
south_america,2047.6,99.9954,,
south_america,2047.7,99.9960,,
south_america,2047.8,99.9965,,
south_america,2047.9,99.9969,,
south_america,2048.0,99.9973,,
south_america,2048.1,99.9977,,
south_america,2048.2,99.9980,,
south_america,2048.3,99.9982,,
south_america,2048.4,99.9985,,
south_america,2048.5,99.9987,,
south_america,2048.6,99.9988,,
south_america,2048.7,99.9990,,
south_america,2048.8,99.9991,,
south_america,2048.9,99.9993,,
south_america,2049.0,99.9994,,
south_america,2049.1,99.9995,,
south_america,2049.2,99.9995,,
south_america,2049.3,99.9996,,
south_america,2049.4,99.9997,,
south_america,2049.5,99.9997,,
south_america,2049.6,99.9998,,
south_america,2049.7,99.9998,,
south_america,2049.8,99.9998,,
south_america,2049.9,99.9999,,
south_america,2050.0,99.9999,,
americas,2015.0,0.2061,,
americas,2015.1,0.2198,,
americas,2015.2,0.2341,,
americas,2015.3,0.2491,,
americas,2015.4,0.2646,,
americas,2015.5,0.2809,,
americas,2015.6,0.2978,,
americas,2015.7,0.3154,,
americas,2015.8,0.3338,,
americas,2015.9,0.3528,,
americas,2016.0,0.3726,,
americas,2016.1,0.3932,,
americas,2016.2,0.4145,,
americas,2016.3,0.4366,,
americas,2016.4,0.4595,,
americas,2016.5,0.4833,,
americas,2016.6,0.5078,,
americas,2016.7,0.5333,,
americas,2016.8,0.5596,,
americas,2016.9,0.5867,,
americas,2017.0,0.6148,,
americas,2017.1,0.6438,,
americas,2017.2,0.6738,,
americas,2017.3,0.7047,,
americas,2017.4,0.7365,,
americas,2017.5,0.7694,,
americas,2017.6,0.8032,,
americas,2017.7,0.8381,,
americas,2017.8,0.8740,,
americas,2017.9,0.9110,,
americas,2018.0,0.9490,,
americas,2018.1,0.9882,,
americas,2018.2,1.0284,,
americas,2018.3,1.0697,,
americas,2018.4,1.1122,,
americas,2018.5,1.1559,,
americas,2018.6,1.2007,,
americas,2018.7,1.2468,,
americas,2018.8,1.2940,,
americas,2018.9,1.3425,,
americas,2019.0,1.3922,,
americas,2019.1,1.4432,,
americas,2019.2,1.4955,,
americas,2019.3,1.5490,,
americas,2019.4,1.6039,,
americas,2019.5,1.6602,,
americas,2019.6,1.7178,,
americas,2019.7,1.7768,,
americas,2019.8,1.8371,,
americas,2019.9,1.8989,,
americas,2020.0,1.9622,,
americas,2020.1,2.0269,,
americas,2020.2,2.0930,,
americas,2020.3,2.1607,,
americas,2020.4,2.2299,,
americas,2020.5,2.3006,,
americas,2020.6,2.3729,,
americas,2020.7,2.4468,,
americas,2020.8,2.5222,,
americas,2020.9,2.5994,,
americas,2021.0,2.6781,,
americas,2021.1,2.7586,,
americas,2021.2,2.8407,,
americas,2021.3,2.9246,,
americas,2021.4,3.0102,,
americas,2021.5,3.0976,,
americas,2021.6,3.1868,,
americas,2021.7,3.2778,,
americas,2021.8,3.3707,,
americas,2021.9,3.4654,,
americas,2022.0,3.5621,,
americas,2022.1,3.6607,,
americas,2022.2,3.7612,,
americas,2022.3,3.8637,,
americas,2022.4,3.9682,,
americas,2022.5,4.0747,,
americas,2022.6,4.1832,,
americas,2022.7,4.2939,,
americas,2022.8,4.4067,,
americas,2022.9,4.5216,,
americas,2023.0,4.6386,,
americas,2023.1,4.7579,,
americas,2023.2,4.8793,,
americas,2023.3,5.0031,,
americas,2023.4,5.1290,,
americas,2023.5,5.2573,,
americas,2023.6,5.3879,,
americas,2023.7,5.5209,,
americas,2023.8,5.6562,,
americas,2023.9,5.7940,,
americas,2024.0,5.9342,,
americas,2024.1,6.0768,,
americas,2024.2,6.2220,,
americas,2024.3,6.3697,,
americas,2024.4,6.5199,,
americas,2024.5,6.6727,,
americas,2024.6,6.8281,,
americas,2024.7,6.9862,,
americas,2024.8,7.1469,,
americas,2024.9,7.3103,,
americas,2025.0,7.4764,,
americas,2025.1,7.6453,,
americas,2025.2,7.8170,,
americas,2025.3,7.9915,,
americas,2025.4,8.1688,,
americas,2025.5,8.3489,,
americas,2025.6,8.5320,,
americas,2025.7,8.7179,,
americas,2025.8,8.9069,,
americas,2025.9,9.0987,,
americas,2026.0,9.2936,,
americas,2026.1,9.4916,,
americas,2026.2,9.6925,,
americas,2026.3,9.8966,,
americas,2026.4,10.1038,,
americas,2026.5,10.3141,,
americas,2026.6,10.5276,,
americas,2026.7,10.7442,,
americas,2026.8,10.9641,,
americas,2026.9,11.1873,,
americas,2027.0,11.4137,,
americas,2027.1,11.6434,,
americas,2027.2,11.8765,,
americas,2027.3,12.1129,,
americas,2027.4,12.3527,,
americas,2027.5,12.5959,,
americas,2027.6,12.8425,,
americas,2027.7,13.0926,,
americas,2027.8,13.3462,,
americas,2027.9,13.6032,,
americas,2028.0,13.8639,,
americas,2028.1,14.1281,,
americas,2028.2,14.3958,,
americas,2028.3,14.6672,,
americas,2028.4,14.9422,,
americas,2028.5,15.2209,,
americas,2028.6,15.5033,,
americas,2028.7,15.7893,,
americas,2028.8,16.0791,,
americas,2028.9,16.3727,,
americas,2029.0,16.6700,,
americas,2029.1,16.9710,,
americas,2029.2,17.2759,,
americas,2029.3,17.5846,,
americas,2029.4,17.8972,,
americas,2029.5,18.2136,,
americas,2029.6,18.5339,,
americas,2029.7,18.8580,,
americas,2029.8,19.1860,,
americas,2029.9,19.5180,,
americas,2030.0,19.8538,,
americas,2030.1,20.1936,,
americas,2030.2,20.5373,,
americas,2030.3,20.8849,,
americas,2030.4,21.2365,,
americas,2030.5,21.5919,,
americas,2030.6,21.9513,,
americas,2030.7,22.3146,,
americas,2030.8,22.6818,,
americas,2030.9,23.0528,,
americas,2031.0,23.4278,,
americas,2031.1,23.8066,,
americas,2031.2,24.1892,,
americas,2031.3,24.5757,,
americas,2031.4,24.9659,,
americas,2031.5,25.3599,,
americas,2031.6,25.7576,,
americas,2031.7,26.1590,,
americas,2031.8,26.5640,,
americas,2031.9,26.9726,,
americas,2032.0,27.3848,,
americas,2032.1,27.8004,,
americas,2032.2,28.2195,,
americas,2032.3,28.6420,,
americas,2032.4,29.0677,,
americas,2032.5,29.4967,,
americas,2032.6,29.9288,,
americas,2032.7,30.3641,,
americas,2032.8,30.8023,,
americas,2032.9,31.2434,,
americas,2033.0,31.6874,,
americas,2033.1,32.1341,,
americas,2033.2,32.5834,,
americas,2033.3,33.0352,,
americas,2033.4,33.4895,,
americas,2033.5,33.9460,,
americas,2033.6,34.4048,,
americas,2033.7,34.8656,,
americas,2033.8,35.3284,,
americas,2033.9,35.7929,,
americas,2034.0,36.2592,,
americas,2034.1,36.7271,,
americas,2034.2,37.1964,,
americas,2034.3,37.6670,,
americas,2034.4,38.1387,,
americas,2034.5,38.6115,,
americas,2034.6,39.0851,,
americas,2034.7,39.5594,,
americas,2034.8,40.0343,,
americas,2034.9,40.5097,,
americas,2035.0,40.9853,,
americas,2035.1,41.4611,,
americas,2035.2,41.9368,,
americas,2035.3,42.4124,,
americas,2035.4,42.8877,,
americas,2035.5,43.3625,,
americas,2035.6,43.8367,,
americas,2035.7,44.3102,,
americas,2035.8,44.7828,,
americas,2035.9,45.2543,,
americas,2036.0,45.7247,,
americas,2036.1,46.1937,,
americas,2036.2,46.6614,,
americas,2036.3,47.1274,,
americas,2036.4,47.5918,,
americas,2036.5,48.0544,,
americas,2036.6,48.5151,,
americas,2036.7,48.9737,,
americas,2036.8,49.4303,,
americas,2036.9,49.8845,,
americas,2037.0,50.3365,,
americas,2037.1,50.7861,,
americas,2037.2,51.2332,,
americas,2037.3,51.6777,,
americas,2037.4,52.1195,,
americas,2037.5,52.5587,,
americas,2037.6,52.9952,,
americas,2037.7,53.4288,,
americas,2037.8,53.8596,,
americas,2037.9,54.2876,,
americas,2038.0,54.7126,,
americas,2038.1,55.1347,,
americas,2038.2,55.5538,,
americas,2038.3,55.9701,,
americas,2038.4,56.3833,,
americas,2038.5,56.7936,,
americas,2038.6,57.2009,,
americas,2038.7,57.6053,,
americas,2038.8,58.0068,,
americas,2038.9,58.4054,,
americas,2039.0,58.8011,,
americas,2039.1,59.1940,,
americas,2039.2,59.5840,,
americas,2039.3,59.9713,,
americas,2039.4,60.3558,,
americas,2039.5,60.7377,,
americas,2039.6,61.1169,,
americas,2039.7,61.4936,,
americas,2039.8,61.8676,,
americas,2039.9,62.2392,,
americas,2040.0,62.6084,,
americas,2040.1,62.9751,,
americas,2040.2,63.3395,,
americas,2040.3,63.7016,,
americas,2040.4,64.0614,,
americas,2040.5,64.4191,,
americas,2040.6,64.7746,,
americas,2040.7,65.1280,,
americas,2040.8,65.4794,,
americas,2040.9,65.8287,,
americas,2041.0,66.1761,,
americas,2041.1,66.5215,,
americas,2041.2,66.8651,,
americas,2041.3,67.2067,,
americas,2041.4,67.5466,,
americas,2041.5,67.8847,,
americas,2041.6,68.2209,,
americas,2041.7,68.5555,,
americas,2041.8,68.8883,,
americas,2041.9,69.2194,,
americas,2042.0,69.5488,,
americas,2042.1,69.8765,,
americas,2042.2,70.2026,,
americas,2042.3,70.5270,,
americas,2042.4,70.8498,,
americas,2042.5,71.1710,,
americas,2042.6,71.4905,,
americas,2042.7,71.8083,,
americas,2042.8,72.1246,,
americas,2042.9,72.4392,,
americas,2043.0,72.7521,,
americas,2043.1,73.0634,,
americas,2043.2,73.3731,,
americas,2043.3,73.6811,,
americas,2043.4,73.9875,,
americas,2043.5,74.2921,,
americas,2043.6,74.5951,,
americas,2043.7,74.8964,,
americas,2043.8,75.1960,,
americas,2043.9,75.4939,,
americas,2044.0,75.7901,,
americas,2044.1,76.0845,,
americas,2044.2,76.3772,,
americas,2044.3,76.6681,,
americas,2044.4,76.9573,,
americas,2044.5,77.2446,,
americas,2044.6,77.5302,,
americas,2044.7,77.8139,,
americas,2044.8,78.0959,,
americas,2044.9,78.3759,,
americas,2045.0,78.6542,,
americas,2045.1,78.9306,,
americas,2045.2,79.2051,,
americas,2045.3,79.4777,,
americas,2045.4,79.7485,,
americas,2045.5,80.0173,,
americas,2045.6,80.2842,,
americas,2045.7,80.5492,,
americas,2045.8,80.8122,,
americas,2045.9,81.0733,,
americas,2046.0,81.3324,,
americas,2046.1,81.5896,,
americas,2046.2,81.8448,,
americas,2046.3,82.0980,,
americas,2046.4,82.3492,,
americas,2046.5,82.5984,,
americas,2046.6,82.8456,,
americas,2046.7,83.0907,,
americas,2046.8,83.3338,,
americas,2046.9,83.5749,,
americas,2047.0,83.8140,,
americas,2047.1,84.0510,,
americas,2047.2,84.2859,,
americas,2047.3,84.5188,,
americas,2047.4,84.7496,,
americas,2047.5,84.9783,,
americas,2047.6,85.2050,,
americas,2047.7,85.4295,,
americas,2047.8,85.6520,,
americas,2047.9,85.8724,,
americas,2048.0,86.0907,,
americas,2048.1,86.3069,,
americas,2048.2,86.5210,,
americas,2048.3,86.7330,,
americas,2048.4,86.9429,,
americas,2048.5,87.1506,,
americas,2048.6,87.3563,,
americas,2048.7,87.5599,,
americas,2048.8,87.7613,,
americas,2048.9,87.9607,,
americas,2049.0,88.1579,,
americas,2049.1,88.3530,,
americas,2049.2,88.5460,,
americas,2049.3,88.7370,,
americas,2049.4,88.9258,,
americas,2049.5,89.1125,,
americas,2049.6,89.2971,,
americas,2049.7,89.4796,,
americas,2049.8,89.6600,,
americas,2049.9,89.8384,,
americas,2050.0,90.0146,,
asia,2015.0,0.4455,,
asia,2015.1,0.4774,,
asia,2015.2,0.5111,,
asia,2015.3,0.5467,,
asia,2015.4,0.5842,,
asia,2015.5,0.6237,,
asia,2015.6,0.6652,,
asia,2015.7,0.7090,,
asia,2015.8,0.7549,,
asia,2015.9,0.8032,,
asia,2016.0,0.8539,,
asia,2016.1,0.9070,,
asia,2016.2,0.9627,,
asia,2016.3,1.0211,,
asia,2016.4,1.0822,,
asia,2016.5,1.1461,,
asia,2016.6,1.2129,,
asia,2016.7,1.2827,,
asia,2016.8,1.3556,,
asia,2016.9,1.4317,,
asia,2017.0,1.5110,,
asia,2017.1,1.5938,,
asia,2017.2,1.6800,,
asia,2017.3,1.7697,,
asia,2017.4,1.8632,,
asia,2017.5,1.9604,,
asia,2017.6,2.0614,,
asia,2017.7,2.1664,,
asia,2017.8,2.2755,,
asia,2017.9,2.3888,,
asia,2018.0,2.5063,,
asia,2018.1,2.6283,,
asia,2018.2,2.7547,,
asia,2018.3,2.8857,,
asia,2018.4,3.0214,,
asia,2018.5,3.1619,,
asia,2018.6,3.3074,,
asia,2018.7,3.4579,,
asia,2018.8,3.6135,,
asia,2018.9,3.7744,,
asia,2019.0,3.9406,,
asia,2019.1,4.1124,,
asia,2019.2,4.2897,,
asia,2019.3,4.4727,,
asia,2019.4,4.6615,,
asia,2019.5,4.8563,,
asia,2019.6,5.0571,,
asia,2019.7,5.2641,,
asia,2019.8,5.4773,,
asia,2019.9,5.6969,,
asia,2020.0,5.9230,,
asia,2020.1,6.1557,,
asia,2020.2,6.3951,,
asia,2020.3,6.6413,,
asia,2020.4,6.8944,,
asia,2020.5,7.1546,,
asia,2020.6,7.4220,,
asia,2020.7,7.6965,,
asia,2020.8,7.9785,,
asia,2020.9,8.2679,,
asia,2021.0,8.5648,,
asia,2021.1,8.8694,,
asia,2021.2,9.1818,,
asia,2021.3,9.5021,,
asia,2021.4,9.8303,,
asia,2021.5,10.1666,,
asia,2021.6,10.5110,,
asia,2021.7,10.8636,,
asia,2021.8,11.2246,,
asia,2021.9,11.5940,,
asia,2022.0,11.9719,,
asia,2022.1,12.3584,,
asia,2022.2,12.7536,,
asia,2022.3,13.1575,,
asia,2022.4,13.5702,,
asia,2022.5,13.9919,,
asia,2022.6,14.4225,,
asia,2022.7,14.8621,,
asia,2022.8,15.3109,,
asia,2022.9,15.7688,,
asia,2023.0,16.2360,,
asia,2023.1,16.7124,,
asia,2023.2,17.1983,,
asia,2023.3,17.6935,,
asia,2023.4,18.1982,,
asia,2023.5,18.7124,,
asia,2023.6,19.2361,,
asia,2023.7,19.7695,,
asia,2023.8,20.3125,,
asia,2023.9,20.8651,,
asia,2024.0,21.4275,,
asia,2024.1,21.9996,,
asia,2024.2,22.5814,,
asia,2024.3,23.1730,,
asia,2024.4,23.7744,,
asia,2024.5,24.3855,,
asia,2024.6,25.0064,,
asia,2024.7,25.6371,,
asia,2024.8,26.2776,,
asia,2024.9,26.9277,,
asia,2025.0,27.5875,,
asia,2025.1,28.2569,,
asia,2025.2,28.9359,,
asia,2025.3,29.6243,,
asia,2025.4,30.3220,,
asia,2025.5,31.0289,,
asia,2025.6,31.7449,,
asia,2025.7,32.4697,,
asia,2025.8,33.2031,,
asia,2025.9,33.9449,,
asia,2026.0,34.6949,,
asia,2026.1,35.4526,,
asia,2026.2,36.2177,,
asia,2026.3,36.9898,,
asia,2026.4,37.7685,,
asia,2026.5,38.5532,,
asia,2026.6,39.3435,,
asia,2026.7,40.1387,,
asia,2026.8,40.9383,,
asia,2026.9,41.7415,,
asia,2027.0,42.5477,,
asia,2027.1,43.3561,,
asia,2027.2,44.1660,,
asia,2027.3,44.9767,,
asia,2027.4,45.7874,,
asia,2027.5,46.5973,,
asia,2027.6,47.4059,,
asia,2027.7,48.2122,,
asia,2027.8,49.0158,,
asia,2027.9,49.8161,,
asia,2028.0,50.6125,,
asia,2028.1,51.4046,,
asia,2028.2,52.1920,,
asia,2028.3,52.9746,,
asia,2028.4,53.7519,,
asia,2028.5,54.5239,,
asia,2028.6,55.2906,,
asia,2028.7,56.0518,,
asia,2028.8,56.8075,,
asia,2028.9,57.5578,,
asia,2029.0,58.3027,,
asia,2029.1,59.0421,,
asia,2029.2,59.7760,,
asia,2029.3,60.5044,,
asia,2029.4,61.2272,,
asia,2029.5,61.9442,,
asia,2029.6,62.6554,,
asia,2029.7,63.3605,,
asia,2029.8,64.0592,,
asia,2029.9,64.7515,,
asia,2030.0,65.4370,,
asia,2030.1,66.1154,,
asia,2030.2,66.7865,,
asia,2030.3,67.4501,,
asia,2030.4,68.1059,,
asia,2030.5,68.7536,,
asia,2030.6,69.3930,,
asia,2030.7,70.0238,,
asia,2030.8,70.6459,,
asia,2030.9,71.2590,,
asia,2031.0,71.8630,,
asia,2031.1,72.4576,,
asia,2031.2,73.0426,,
asia,2031.3,73.6180,,
asia,2031.4,74.1835,,
asia,2031.5,74.7390,,
asia,2031.6,75.2843,,
asia,2031.7,75.8195,,
asia,2031.8,76.3442,,
asia,2031.9,76.8586,,
asia,2032.0,77.3624,,
asia,2032.1,77.8556,,
asia,2032.2,78.3381,,
asia,2032.3,78.8100,,
asia,2032.4,79.2712,,
asia,2032.5,79.7216,,
asia,2032.6,80.1613,,
asia,2032.7,80.5902,,
asia,2032.8,81.0084,,
asia,2032.9,81.4159,,
asia,2033.0,81.8127,,
asia,2033.1,82.1989,,
asia,2033.2,82.5745,,
asia,2033.3,82.9396,,
asia,2033.4,83.2943,,
asia,2033.5,83.6387,,
asia,2033.6,83.9728,,
asia,2033.7,84.2967,,
asia,2033.8,84.6107,,
asia,2033.9,84.9147,,
asia,2034.0,85.2089,,
asia,2034.1,85.4934,,
asia,2034.2,85.7684,,
asia,2034.3,86.0341,,
asia,2034.4,86.2905,,
asia,2034.5,86.5378,,
asia,2034.6,86.7763,,
asia,2034.7,87.0059,,
asia,2034.8,87.2270,,
asia,2034.9,87.4397,,
asia,2035.0,87.6442,,
asia,2035.1,87.8406,,
asia,2035.2,88.0291,,
asia,2035.3,88.2100,,
asia,2035.4,88.3833,,
asia,2035.5,88.5494,,
asia,2035.6,88.7083,,
asia,2035.7,88.8604,,
asia,2035.8,89.0057,,
asia,2035.9,89.1444,,
asia,2036.0,89.2768,,
asia,2036.1,89.4031,,
asia,2036.2,89.5234,,
asia,2036.3,89.6379,,
asia,2036.4,89.7469,,
asia,2036.5,89.8505,,
asia,2036.6,89.9488,,
asia,2036.7,90.0422,,
asia,2036.8,90.1307,,
asia,2036.9,90.2146,,
asia,2037.0,90.2940,,
asia,2037.1,90.3691,,
asia,2037.2,90.4401,,
asia,2037.3,90.5072,,
asia,2037.4,90.5704,,
asia,2037.5,90.6301,,
asia,2037.6,90.6862,,
asia,2037.7,90.7391,,
asia,2037.8,90.7888,,
asia,2037.9,90.8355,,
asia,2038.0,90.8794,,
asia,2038.1,90.9205,,
asia,2038.2,90.9590,,
asia,2038.3,90.9951,,
asia,2038.4,91.0289,,
asia,2038.5,91.0604,,
asia,2038.6,91.0899,,
asia,2038.7,91.1174,,
asia,2038.8,91.1430,,
asia,2038.9,91.1669,,
asia,2039.0,91.1891,,
asia,2039.1,91.2098,,
asia,2039.2,91.2290,,
asia,2039.3,91.2468,,
asia,2039.4,91.2634,,
asia,2039.5,91.2787,,
asia,2039.6,91.2929,,
asia,2039.7,91.3061,,
asia,2039.8,91.3182,,
asia,2039.9,91.3295,,
asia,2040.0,91.3399,,
asia,2040.1,91.3495,,
asia,2040.2,91.3584,,
asia,2040.3,91.3665,,
asia,2040.4,91.3741,,
asia,2040.5,91.3810,,
asia,2040.6,91.3875,,
asia,2040.7,91.3934,,
asia,2040.8,91.3988,,
asia,2040.9,91.4039,,
asia,2041.0,91.4085,,
asia,2041.1,91.4128,,
asia,2041.2,91.4168,,
asia,2041.3,91.4204,,
asia,2041.4,91.4238,,
asia,2041.5,91.4269,,
asia,2041.6,91.4298,,
asia,2041.7,91.4325,,
asia,2041.8,91.4350,,
asia,2041.9,91.4374,,
asia,2042.0,91.4396,,
asia,2042.1,91.4416,,
asia,2042.2,91.4435,,
asia,2042.3,91.4453,,
asia,2042.4,91.4470,,
asia,2042.5,91.4486,,
asia,2042.6,91.4501,,
asia,2042.7,91.4515,,
asia,2042.8,91.4529,,
asia,2042.9,91.4542,,
asia,2043.0,91.4555,,
asia,2043.1,91.4567,,
asia,2043.2,91.4579,,
asia,2043.3,91.4590,,
asia,2043.4,91.4601,,
asia,2043.5,91.4612,,
asia,2043.6,91.4622,,
asia,2043.7,91.4632,,
asia,2043.8,91.4642,,
asia,2043.9,91.4652,,
asia,2044.0,91.4662,,
asia,2044.1,91.4671,,
asia,2044.2,91.4681,,
asia,2044.3,91.4690,,
asia,2044.4,91.4699,,
asia,2044.5,91.4708,,
asia,2044.6,91.4718,,
asia,2044.7,91.4727,,
asia,2044.8,91.4736,,
asia,2044.9,91.4744,,
asia,2045.0,91.4753,,
asia,2045.1,91.4762,,
asia,2045.2,91.4771,,
asia,2045.3,91.4780,,
asia,2045.4,91.4789,,
asia,2045.5,91.4797,,
asia,2045.6,91.4806,,
asia,2045.7,91.4815,,
asia,2045.8,91.4823,,
asia,2045.9,91.4832,,
asia,2046.0,91.4841,,
asia,2046.1,91.4850,,
asia,2046.2,91.4858,,
asia,2046.3,91.4867,,
asia,2046.4,91.4876,,
asia,2046.5,91.4884,,
asia,2046.6,91.4893,,
asia,2046.7,91.4902,,
asia,2046.8,91.4910,,
asia,2046.9,91.4919,,
asia,2047.0,91.4927,,
asia,2047.1,91.4936,,
asia,2047.2,91.4945,,
asia,2047.3,91.4953,,
asia,2047.4,91.4962,,
asia,2047.5,91.4971,,
asia,2047.6,91.4979,,
asia,2047.7,91.4988,,
asia,2047.8,91.4997,,
asia,2047.9,91.5005,,
asia,2048.0,91.5014,,
asia,2048.1,91.5022,,
asia,2048.2,91.5031,,
asia,2048.3,91.5040,,
asia,2048.4,91.5048,,
asia,2048.5,91.5057,,
asia,2048.6,91.5066,,
asia,2048.7,91.5074,,
asia,2048.8,91.5083,,
asia,2048.9,91.5091,,
asia,2049.0,91.5100,,
asia,2049.1,91.5109,,
asia,2049.2,91.5117,,
asia,2049.3,91.5126,,
asia,2049.4,91.5134,,
asia,2049.5,91.5143,,
asia,2049.6,91.5152,,
asia,2049.7,91.5160,,
asia,2049.8,91.5169,,
asia,2049.9,91.5177,,
asia,2050.0,91.5186,,
small_markets,2015.0,0.0621,,
small_markets,2015.1,0.0677,,
small_markets,2015.2,0.0737,,
small_markets,2015.3,0.0800,,
small_markets,2015.4,0.0868,,
small_markets,2015.5,0.0939,,
small_markets,2015.6,0.1015,,
small_markets,2015.7,0.1096,,
small_markets,2015.8,0.1180,,
small_markets,2015.9,0.1270,,
small_markets,2016.0,0.1364,,
small_markets,2016.1,0.1464,,
small_markets,2016.2,0.1572,,
small_markets,2016.3,0.1689,,
small_markets,2016.4,0.1813,,
small_markets,2016.5,0.1945,,
small_markets,2016.6,0.2086,,
small_markets,2016.7,0.2235,,
small_markets,2016.8,0.2394,,
small_markets,2016.9,0.2561,,
small_markets,2017.0,0.2738,,
small_markets,2017.1,0.3151,,
small_markets,2017.2,0.3609,,
small_markets,2017.3,0.4095,,
small_markets,2017.4,0.4603,,
small_markets,2017.5,0.5131,,
small_markets,2017.6,0.5679,,
small_markets,2017.7,0.6244,,
small_markets,2017.8,0.6828,,
small_markets,2017.9,0.7429,,
small_markets,2018.0,0.8048,,
small_markets,2018.1,0.8685,,
small_markets,2018.2,0.9339,,
small_markets,2018.3,1.0012,,
small_markets,2018.4,1.0703,,
small_markets,2018.5,1.1412,,
small_markets,2018.6,1.2141,,
small_markets,2018.7,1.2890,,
small_markets,2018.8,1.3659,,
small_markets,2018.9,1.4449,,
small_markets,2019.0,1.5260,,
small_markets,2019.1,1.6095,,
small_markets,2019.2,1.6955,,
small_markets,2019.3,1.7841,,
small_markets,2019.4,1.8753,,
small_markets,2019.5,1.9694,,
small_markets,2019.6,2.0664,,
small_markets,2019.7,2.1664,,
small_markets,2019.8,2.2696,,
small_markets,2019.9,2.3760,,
small_markets,2020.0,2.4858,,
small_markets,2020.1,2.5991,,
small_markets,2020.2,2.7161,,
small_markets,2020.3,2.8370,,
small_markets,2020.4,2.9622,,
small_markets,2020.5,3.0919,,
small_markets,2020.6,3.2264,,
small_markets,2020.7,3.3660,,
small_markets,2020.8,3.5110,,
small_markets,2020.9,3.6617,,
small_markets,2021.0,3.8185,,
small_markets,2021.1,3.9818,,
small_markets,2021.2,4.1518,,
small_markets,2021.3,4.3289,,
small_markets,2021.4,4.5135,,
small_markets,2021.5,4.7060,,
small_markets,2021.6,4.9068,,
small_markets,2021.7,5.1162,,
small_markets,2021.8,5.3346,,
small_markets,2021.9,5.5623,,
small_markets,2022.0,5.7999,,
small_markets,2022.1,6.0476,,
small_markets,2022.2,6.3059,,
small_markets,2022.3,6.5751,,
small_markets,2022.4,6.8555,,
small_markets,2022.5,7.1477,,
small_markets,2022.6,7.4518,,
small_markets,2022.7,7.7683,,
small_markets,2022.8,8.0976,,
small_markets,2022.9,8.4398,,
small_markets,2023.0,8.7954,,
small_markets,2023.1,9.1647,,
small_markets,2023.2,9.5478,,
small_markets,2023.3,9.9451,,
small_markets,2023.4,10.3568,,
small_markets,2023.5,10.7831,,
small_markets,2023.6,11.2241,,
small_markets,2023.7,11.6800,,
small_markets,2023.8,12.1510,,
small_markets,2023.9,12.6370,,
small_markets,2024.0,13.1382,,
small_markets,2024.1,13.6544,,
small_markets,2024.2,14.1858,,
small_markets,2024.3,14.7322,,
small_markets,2024.4,15.2934,,
small_markets,2024.5,15.8694,,
small_markets,2024.6,16.4598,,
small_markets,2024.7,17.0644,,
small_markets,2024.8,17.6829,,
small_markets,2024.9,18.3149,,
small_markets,2025.0,18.9599,,
small_markets,2025.1,19.6175,,
small_markets,2025.2,20.2872,,
small_markets,2025.3,20.9683,,
small_markets,2025.4,21.6603,,
small_markets,2025.5,22.3624,,
small_markets,2025.6,23.0739,,
small_markets,2025.7,23.7940,,
small_markets,2025.8,24.5220,,
small_markets,2025.9,25.2568,,
small_markets,2026.0,25.9977,,
small_markets,2026.1,26.7437,,
small_markets,2026.2,27.4937,,
small_markets,2026.3,28.2469,,
small_markets,2026.4,29.0022,,
small_markets,2026.5,29.7586,,
small_markets,2026.6,30.5150,,
small_markets,2026.7,31.2703,,
small_markets,2026.8,32.0236,,
small_markets,2026.9,32.7738,,
small_markets,2027.0,33.5198,,
small_markets,2027.1,34.2607,,
small_markets,2027.2,34.9954,,
small_markets,2027.3,35.7231,,
small_markets,2027.4,36.4428,,
small_markets,2027.5,37.1536,,
small_markets,2027.6,37.8547,,
small_markets,2027.7,38.5454,,
small_markets,2027.8,39.2249,,
small_markets,2027.9,39.8926,,
small_markets,2028.0,40.5479,,
small_markets,2028.1,41.1904,,
small_markets,2028.2,41.8194,,
small_markets,2028.3,42.4348,,
small_markets,2028.4,43.0361,,
small_markets,2028.5,43.6231,,
small_markets,2028.6,44.1956,,
small_markets,2028.7,44.7537,,
small_markets,2028.8,45.2971,,
small_markets,2028.9,45.8261,,
small_markets,2029.0,46.3405,,
small_markets,2029.1,46.8407,,
small_markets,2029.2,47.3267,,
small_markets,2029.3,47.7988,,
small_markets,2029.4,48.2573,,
small_markets,2029.5,48.7025,,
small_markets,2029.6,49.1348,,
small_markets,2029.7,49.5545,,
small_markets,2029.8,49.9620,,
small_markets,2029.9,50.3578,,
small_markets,2030.0,50.7421,,
small_markets,2030.1,51.1156,,
small_markets,2030.2,51.4785,,
small_markets,2030.3,51.8313,,
small_markets,2030.4,52.1744,,
small_markets,2030.5,52.5083,,
small_markets,2030.6,52.8334,,
small_markets,2030.7,53.1499,,
small_markets,2030.8,53.4584,,
small_markets,2030.9,53.7591,,
small_markets,2031.0,54.0524,,
small_markets,2031.1,54.3387,,
small_markets,2031.2,54.6182,,
small_markets,2031.3,54.8913,,
small_markets,2031.4,55.1583,,
small_markets,2031.5,55.4193,,
small_markets,2031.6,55.6748,,
small_markets,2031.7,55.9248,,
small_markets,2031.8,56.1697,,
small_markets,2031.9,56.4096,,
small_markets,2032.0,56.6447,,
small_markets,2032.1,56.8754,,
small_markets,2032.2,57.1016,,
small_markets,2032.3,57.3237,,
small_markets,2032.4,57.5417,,
small_markets,2032.5,57.7558,,
small_markets,2032.6,57.9662,,
small_markets,2032.7,58.1730,,
small_markets,2032.8,58.3764,,
small_markets,2032.9,58.5764,,
small_markets,2033.0,58.7732,,
small_markets,2033.1,58.9669,,
small_markets,2033.2,59.1575,,
small_markets,2033.3,59.3453,,
small_markets,2033.4,59.5303,,
small_markets,2033.5,59.7125,,
small_markets,2033.6,59.8921,,
small_markets,2033.7,60.0692,,
small_markets,2033.8,60.2438,,
small_markets,2033.9,60.4160,,
small_markets,2034.0,60.5858,,
small_markets,2034.1,60.7534,,
small_markets,2034.2,60.9188,,
small_markets,2034.3,61.0820,,
small_markets,2034.4,61.2432,,
small_markets,2034.5,61.4024,,
small_markets,2034.6,61.5595,,
small_markets,2034.7,61.7148,,
small_markets,2034.8,61.8681,,
small_markets,2034.9,62.0197,,
small_markets,2035.0,62.1694,,
small_markets,2035.1,62.3174,,
small_markets,2035.2,62.4638,,
small_markets,2035.3,62.6085,,
small_markets,2035.4,62.7516,,
small_markets,2035.5,62.8931,,
small_markets,2035.6,63.0331,,
small_markets,2035.7,63.1717,,
small_markets,2035.8,63.3088,,
small_markets,2035.9,63.4445,,
small_markets,2036.0,63.5789,,
small_markets,2036.1,63.7119,,
small_markets,2036.2,63.8437,,
small_markets,2036.3,63.9742,,
small_markets,2036.4,64.1035,,
small_markets,2036.5,64.2316,,
small_markets,2036.6,64.3586,,
small_markets,2036.7,64.4846,,
small_markets,2036.8,64.6094,,
small_markets,2036.9,64.7333,,
small_markets,2037.0,64.8561,,
small_markets,2037.1,64.9780,,
small_markets,2037.2,65.0990,,
small_markets,2037.3,65.2190,,
small_markets,2037.4,65.3382,,
small_markets,2037.5,65.4566,,
small_markets,2037.6,65.5742,,
small_markets,2037.7,65.6910,,
small_markets,2037.8,65.8071,,
small_markets,2037.9,65.9225,,
small_markets,2038.0,66.0372,,
small_markets,2038.1,66.1512,,
small_markets,2038.2,66.2646,,
small_markets,2038.3,66.3773,,
small_markets,2038.4,66.4895,,
small_markets,2038.5,66.6011,,
small_markets,2038.6,66.7122,,
small_markets,2038.7,66.8227,,
small_markets,2038.8,66.9328,,
small_markets,2038.9,67.0423,,
small_markets,2039.0,67.1514,,
small_markets,2039.1,67.2601,,
small_markets,2039.2,67.3683,,
small_markets,2039.3,67.4761,,
small_markets,2039.4,67.5834,,
small_markets,2039.5,67.6904,,
small_markets,2039.6,67.7970,,
small_markets,2039.7,67.9033,,
small_markets,2039.8,68.0092,,
small_markets,2039.9,68.1147,,
small_markets,2040.0,68.2200,,
small_markets,2040.1,68.3248,,
small_markets,2040.2,68.4294,,
small_markets,2040.3,68.5337,,
small_markets,2040.4,68.6377,,
small_markets,2040.5,68.7413,,
small_markets,2040.6,68.8447,,
small_markets,2040.7,68.9478,,
small_markets,2040.8,69.0507,,
small_markets,2040.9,69.1532,,
small_markets,2041.0,69.2555,,
small_markets,2041.1,69.3575,,
small_markets,2041.2,69.4593,,
small_markets,2041.3,69.5608,,
small_markets,2041.4,69.6621,,
small_markets,2041.5,69.7631,,
small_markets,2041.6,69.8639,,
small_markets,2041.7,69.9644,,
small_markets,2041.8,70.0647,,
small_markets,2041.9,70.1647,,
small_markets,2042.0,70.2645,,
small_markets,2042.1,70.3641,,
small_markets,2042.2,70.4634,,
small_markets,2042.3,70.5625,,
small_markets,2042.4,70.6613,,
small_markets,2042.5,70.7599,,
small_markets,2042.6,70.8583,,
small_markets,2042.7,70.9564,,
small_markets,2042.8,71.0543,,
small_markets,2042.9,71.1520,,
small_markets,2043.0,71.2494,,
small_markets,2043.1,71.3466,,
small_markets,2043.2,71.4435,,
small_markets,2043.3,71.5403,,
small_markets,2043.4,71.6367,,
small_markets,2043.5,71.7330,,
small_markets,2043.6,71.8290,,
small_markets,2043.7,71.9248,,
small_markets,2043.8,72.0203,,
small_markets,2043.9,72.1156,,
small_markets,2044.0,72.2106,,
small_markets,2044.1,72.3054,,
small_markets,2044.2,72.4000,,
small_markets,2044.3,72.4943,,
small_markets,2044.4,72.5884,,
small_markets,2044.5,72.6823,,
small_markets,2044.6,72.7759,,
small_markets,2044.7,72.8693,,
small_markets,2044.8,72.9624,,
small_markets,2044.9,73.0553,,
small_markets,2045.0,73.1479,,
small_markets,2045.1,73.2403,,
small_markets,2045.2,73.3324,,
small_markets,2045.3,73.4243,,
small_markets,2045.4,73.5160,,
small_markets,2045.5,73.6074,,
small_markets,2045.6,73.6986,,
small_markets,2045.7,73.7895,,
small_markets,2045.8,73.8802,,
small_markets,2045.9,73.9706,,
small_markets,2046.0,74.0608,,
small_markets,2046.1,74.1508,,
small_markets,2046.2,74.2404,,
small_markets,2046.3,74.3299,,
small_markets,2046.4,74.4191,,
small_markets,2046.5,74.5080,,
small_markets,2046.6,74.5967,,
small_markets,2046.7,74.6852,,
small_markets,2046.8,74.7734,,
small_markets,2046.9,74.8614,,
small_markets,2047.0,74.9491,,
small_markets,2047.1,75.0365,,
small_markets,2047.2,75.1238,,
small_markets,2047.3,75.2107,,
small_markets,2047.4,75.2974,,
small_markets,2047.5,75.3839,,
small_markets,2047.6,75.4701,,
small_markets,2047.7,75.5561,,
small_markets,2047.8,75.6418,,
small_markets,2047.9,75.7273,,
small_markets,2048.0,75.8126,,
small_markets,2048.1,75.8975,,
small_markets,2048.2,75.9823,,
small_markets,2048.3,76.0668,,
small_markets,2048.4,76.1510,,
small_markets,2048.5,76.2350,,
small_markets,2048.6,76.3188,,
small_markets,2048.7,76.4023,,
small_markets,2048.8,76.4855,,
small_markets,2048.9,76.5685,,
small_markets,2049.0,76.6513,,
small_markets,2049.1,76.7338,,
small_markets,2049.2,76.8161,,
small_markets,2049.3,76.8981,,
small_markets,2049.4,76.9799,,
small_markets,2049.5,77.0614,,
small_markets,2049.6,77.1427,,
small_markets,2049.7,77.2237,,
small_markets,2049.8,77.3045,,
small_markets,2049.9,77.3851,,
small_markets,2050.0,77.4654,,
medium_markets,2015.0,0.5048,,
medium_markets,2015.1,0.5327,,
medium_markets,2015.2,0.5617,,
medium_markets,2015.3,0.5918,,
medium_markets,2015.4,0.6231,,
medium_markets,2015.5,0.6557,,
medium_markets,2015.6,0.6895,,
medium_markets,2015.7,0.7246,,
medium_markets,2015.8,0.7610,,
medium_markets,2015.9,0.7987,,
medium_markets,2016.0,0.8378,,
medium_markets,2016.1,0.8782,,
medium_markets,2016.2,0.9201,,
medium_markets,2016.3,0.9635,,
medium_markets,2016.4,1.0083,,
medium_markets,2016.5,1.0547,,
medium_markets,2016.6,1.1026,,
medium_markets,2016.7,1.1521,,
medium_markets,2016.8,1.2032,,
medium_markets,2016.9,1.2560,,
medium_markets,2017.0,1.3104,,
medium_markets,2017.1,1.3665,,
medium_markets,2017.2,1.4245,,
medium_markets,2017.3,1.4843,,
medium_markets,2017.4,1.5461,,
medium_markets,2017.5,1.6098,,
medium_markets,2017.6,1.6756,,
medium_markets,2017.7,1.7435,,
medium_markets,2017.8,1.8136,,
medium_markets,2017.9,1.8860,,
medium_markets,2018.0,1.9606,,
medium_markets,2018.1,2.0533,,
medium_markets,2018.2,2.1339,,
medium_markets,2018.3,2.2167,,
medium_markets,2018.4,2.3018,,
medium_markets,2018.5,2.3895,,
medium_markets,2018.6,2.4798,,
medium_markets,2018.7,2.5730,,
medium_markets,2018.8,2.6689,,
medium_markets,2018.9,2.7678,,
medium_markets,2019.0,2.8698,,
medium_markets,2019.1,2.9748,,
medium_markets,2019.2,3.0831,,
medium_markets,2019.3,3.1946,,
medium_markets,2019.4,3.3095,,
medium_markets,2019.5,3.4278,,
medium_markets,2019.6,3.5497,,
medium_markets,2019.7,3.6752,,
medium_markets,2019.8,3.8044,,
medium_markets,2019.9,3.9375,,
medium_markets,2020.0,4.0745,,
medium_markets,2020.1,4.2155,,
medium_markets,2020.2,4.3606,,
medium_markets,2020.3,4.5099,,
medium_markets,2020.4,4.6636,,
medium_markets,2020.5,4.8216,,
medium_markets,2020.6,4.9843,,
medium_markets,2020.7,5.1515,,
medium_markets,2020.8,5.3236,,
medium_markets,2020.9,5.5005,,
medium_markets,2021.0,5.6824,,
medium_markets,2021.1,5.8695,,
medium_markets,2021.2,6.0618,,
medium_markets,2021.3,6.2595,,
medium_markets,2021.4,6.4628,,
medium_markets,2021.5,6.6717,,
medium_markets,2021.6,6.8864,,
medium_markets,2021.7,7.1070,,
medium_markets,2021.8,7.3337,,
medium_markets,2021.9,7.5667,,
medium_markets,2022.0,7.8061,,
medium_markets,2022.1,8.0521,,
medium_markets,2022.2,8.3049,,
medium_markets,2022.3,8.5645,,
medium_markets,2022.4,8.8313,,
medium_markets,2022.5,9.1054,,
medium_markets,2022.6,9.3870,,
medium_markets,2022.7,9.6762,,
medium_markets,2022.8,9.9734,,
medium_markets,2022.9,10.2787,,
medium_markets,2023.0,10.5924,,
medium_markets,2023.1,10.9147,,
medium_markets,2023.2,11.2458,,
medium_markets,2023.3,11.5860,,
medium_markets,2023.4,11.9356,,
medium_markets,2023.5,12.2948,,
medium_markets,2023.6,12.6640,,
medium_markets,2023.7,13.0433,,
medium_markets,2023.8,13.4332,,
medium_markets,2023.9,13.8339,,
medium_markets,2024.0,14.2457,,
medium_markets,2024.1,14.6690,,
medium_markets,2024.2,15.1041,,
medium_markets,2024.3,15.5513,,
medium_markets,2024.4,16.0111,,
medium_markets,2024.5,16.4836,,
medium_markets,2024.6,16.9692,,
medium_markets,2024.7,17.4684,,
medium_markets,2024.8,17.9813,,
medium_markets,2024.9,18.5083,,
medium_markets,2025.0,19.0496,,
medium_markets,2025.1,19.6056,,
medium_markets,2025.2,20.1764,,
medium_markets,2025.3,20.7622,,
medium_markets,2025.4,21.3631,,
medium_markets,2025.5,21.9792,,
medium_markets,2025.6,22.6104,,
medium_markets,2025.7,23.2567,,
medium_markets,2025.8,23.9177,,
medium_markets,2025.9,24.5933,,
medium_markets,2026.0,25.2830,,
medium_markets,2026.1,25.9863,,
medium_markets,2026.2,26.7023,,
medium_markets,2026.3,27.4303,,
medium_markets,2026.4,28.1693,,
medium_markets,2026.5,28.9180,,
medium_markets,2026.6,29.6753,,
medium_markets,2026.7,30.4395,,
medium_markets,2026.8,31.2090,,
medium_markets,2026.9,31.9821,,
medium_markets,2027.0,32.7568,,
medium_markets,2027.1,33.5313,,
medium_markets,2027.2,34.3034,,
medium_markets,2027.3,35.0712,,
medium_markets,2027.4,35.8325,,
medium_markets,2027.5,36.5855,,
medium_markets,2027.6,37.3282,,
medium_markets,2027.7,38.0591,,
medium_markets,2027.8,38.7766,,
medium_markets,2027.9,39.4797,,
medium_markets,2028.0,40.1673,,
medium_markets,2028.1,40.8390,,
medium_markets,2028.2,41.4945,,
medium_markets,2028.3,42.1339,,
medium_markets,2028.4,42.7577,,
medium_markets,2028.5,43.3665,,
medium_markets,2028.6,43.9614,,
medium_markets,2028.7,44.5434,,
medium_markets,2028.8,45.1140,,
medium_markets,2028.9,45.6744,,
medium_markets,2029.0,46.2261,,
medium_markets,2029.1,46.7703,,
medium_markets,2029.2,47.3082,,
medium_markets,2029.3,47.8410,,
medium_markets,2029.4,48.3694,,
medium_markets,2029.5,48.8944,,
medium_markets,2029.6,49.4163,,
medium_markets,2029.7,49.9356,,
medium_markets,2029.8,50.4526,,
medium_markets,2029.9,50.9674,,
medium_markets,2030.0,51.4801,,
medium_markets,2030.1,51.9907,,
medium_markets,2030.2,52.4991,,
medium_markets,2030.3,53.0053,,
medium_markets,2030.4,53.5091,,
medium_markets,2030.5,54.0106,,
medium_markets,2030.6,54.5095,,
medium_markets,2030.7,55.0058,,
medium_markets,2030.8,55.4994,,
medium_markets,2030.9,55.9902,,
medium_markets,2031.0,56.4782,,
medium_markets,2031.1,56.9633,,
medium_markets,2031.2,57.4454,,
medium_markets,2031.3,57.9244,,
medium_markets,2031.4,58.4004,,
medium_markets,2031.5,58.8734,,
medium_markets,2031.6,59.3431,,
medium_markets,2031.7,59.8098,,
medium_markets,2031.8,60.2733,,
medium_markets,2031.9,60.7336,,
medium_markets,2032.0,61.1908,,
medium_markets,2032.1,61.6448,,
medium_markets,2032.2,62.0956,,
medium_markets,2032.3,62.5433,,
medium_markets,2032.4,62.9879,,
medium_markets,2032.5,63.4293,,
medium_markets,2032.6,63.8677,,
medium_markets,2032.7,64.3030,,
medium_markets,2032.8,64.7352,,
medium_markets,2032.9,65.1644,,
medium_markets,2033.0,65.5906,,
medium_markets,2033.1,66.0138,,
medium_markets,2033.2,66.4340,,
medium_markets,2033.3,66.8513,,
medium_markets,2033.4,67.2656,,
medium_markets,2033.5,67.6770,,
medium_markets,2033.6,68.0854,,
medium_markets,2033.7,68.4909,,
medium_markets,2033.8,68.8935,,
medium_markets,2033.9,69.2932,,
medium_markets,2034.0,69.6899,,
medium_markets,2034.1,70.0837,,
medium_markets,2034.2,70.4746,,
medium_markets,2034.3,70.8624,,
medium_markets,2034.4,71.2473,,
medium_markets,2034.5,71.6291,,
medium_markets,2034.6,72.0079,,
medium_markets,2034.7,72.3836,,
medium_markets,2034.8,72.7563,,
medium_markets,2034.9,73.1257,,
medium_markets,2035.0,73.4920,,
medium_markets,2035.1,73.8550,,
medium_markets,2035.2,74.2148,,
medium_markets,2035.3,74.5712,,
medium_markets,2035.4,74.9243,,
medium_markets,2035.5,75.2739,,
medium_markets,2035.6,75.6202,,
medium_markets,2035.7,75.9629,,
medium_markets,2035.8,76.3020,,
medium_markets,2035.9,76.6376,,
medium_markets,2036.0,76.9695,,
medium_markets,2036.1,77.2977,,
medium_markets,2036.2,77.6223,,
medium_markets,2036.3,77.9430,,
medium_markets,2036.4,78.2599,,
medium_markets,2036.5,78.5730,,
medium_markets,2036.6,78.8822,,
medium_markets,2036.7,79.1875,,
medium_markets,2036.8,79.4888,,
medium_markets,2036.9,79.7862,,
medium_markets,2037.0,80.0795,,
medium_markets,2037.1,80.3689,,
medium_markets,2037.2,80.6542,,
medium_markets,2037.3,80.9354,,
medium_markets,2037.4,81.2126,,
medium_markets,2037.5,81.4857,,
medium_markets,2037.6,81.7547,,
medium_markets,2037.7,82.0196,,
medium_markets,2037.8,82.2804,,
medium_markets,2037.9,82.5372,,
medium_markets,2038.0,82.7898,,
medium_markets,2038.1,83.0384,,
medium_markets,2038.2,83.2829,,
medium_markets,2038.3,83.5233,,
medium_markets,2038.4,83.7597,,
medium_markets,2038.5,83.9921,,
medium_markets,2038.6,84.2205,,
medium_markets,2038.7,84.4449,,
medium_markets,2038.8,84.6653,,
medium_markets,2038.9,84.8819,,
medium_markets,2039.0,85.0945,,
medium_markets,2039.1,85.3032,,
medium_markets,2039.2,85.5082,,
medium_markets,2039.3,85.7093,,
medium_markets,2039.4,85.9067,,
medium_markets,2039.5,86.1003,,
medium_markets,2039.6,86.2903,,
medium_markets,2039.7,86.4766,,
medium_markets,2039.8,86.6593,,
medium_markets,2039.9,86.8385,,
medium_markets,2040.0,87.0142,,
medium_markets,2040.1,87.1864,,
medium_markets,2040.2,87.3551,,
medium_markets,2040.3,87.5205,,
medium_markets,2040.4,87.6826,,
medium_markets,2040.5,87.8414,,
medium_markets,2040.6,87.9969,,
medium_markets,2040.7,88.1493,,
medium_markets,2040.8,88.2985,,
medium_markets,2040.9,88.4447,,
medium_markets,2041.0,88.5878,,
medium_markets,2041.1,88.7280,,
medium_markets,2041.2,88.8652,,
medium_markets,2041.3,88.9995,,
medium_markets,2041.4,89.1310,,
medium_markets,2041.5,89.2598,,
medium_markets,2041.6,89.3858,,
medium_markets,2041.7,89.5092,,
medium_markets,2041.8,89.6299,,
medium_markets,2041.9,89.7481,,
medium_markets,2042.0,89.8637,,
medium_markets,2042.1,89.9769,,
medium_markets,2042.2,90.0877,,
medium_markets,2042.3,90.1961,,
medium_markets,2042.4,90.3022,,
medium_markets,2042.5,90.4061,,
medium_markets,2042.6,90.5077,,
medium_markets,2042.7,90.6072,,
medium_markets,2042.8,90.7046,,
medium_markets,2042.9,90.8000,,
medium_markets,2043.0,90.8933,,
medium_markets,2043.1,90.9847,,
medium_markets,2043.2,91.0742,,
medium_markets,2043.3,91.1618,,
medium_markets,2043.4,91.2476,,
medium_markets,2043.5,91.3317,,
medium_markets,2043.6,91.4140,,
medium_markets,2043.7,91.4947,,
medium_markets,2043.8,91.5737,,
medium_markets,2043.9,91.6512,,
medium_markets,2044.0,91.7271,,
medium_markets,2044.1,91.8016,,
medium_markets,2044.2,91.8746,,
medium_markets,2044.3,91.9462,,
medium_markets,2044.4,92.0165,,
medium_markets,2044.5,92.0854,,
medium_markets,2044.6,92.1531,,
medium_markets,2044.7,92.2195,,
medium_markets,2044.8,92.2847,,
medium_markets,2044.9,92.3487,,
medium_markets,2045.0,92.4116,,
medium_markets,2045.1,92.4735,,
medium_markets,2045.2,92.5342,,
medium_markets,2045.3,92.5940,,
medium_markets,2045.4,92.6527,,
medium_markets,2045.5,92.7105,,
medium_markets,2045.6,92.7673,,
medium_markets,2045.7,92.8233,,
medium_markets,2045.8,92.8784,,
medium_markets,2045.9,92.9326,,
medium_markets,2046.0,92.9860,,
medium_markets,2046.1,93.0386,,
medium_markets,2046.2,93.0905,,
medium_markets,2046.3,93.1416,,
medium_markets,2046.4,93.1920,,
medium_markets,2046.5,93.2417,,
medium_markets,2046.6,93.2907,,
medium_markets,2046.7,93.3390,,
medium_markets,2046.8,93.3868,,
medium_markets,2046.9,93.4339,,
medium_markets,2047.0,93.4804,,
medium_markets,2047.1,93.5263,,
medium_markets,2047.2,93.5716,,
medium_markets,2047.3,93.6164,,
medium_markets,2047.4,93.6607,,
medium_markets,2047.5,93.7044,,
medium_markets,2047.6,93.7477,,
medium_markets,2047.7,93.7904,,
medium_markets,2047.8,93.8327,,
medium_markets,2047.9,93.8745,,
medium_markets,2048.0,93.9158,,
medium_markets,2048.1,93.9567,,
medium_markets,2048.2,93.9971,,
medium_markets,2048.3,94.0371,,
medium_markets,2048.4,94.0767,,
medium_markets,2048.5,94.1159,,
medium_markets,2048.6,94.1547,,
medium_markets,2048.7,94.1931,,
medium_markets,2048.8,94.2312,,
medium_markets,2048.9,94.2688,,
medium_markets,2049.0,94.3061,,
medium_markets,2049.1,94.3430,,
medium_markets,2049.2,94.3796,,
medium_markets,2049.3,94.4158,,
medium_markets,2049.4,94.4517,,
medium_markets,2049.5,94.4872,,
medium_markets,2049.6,94.5224,,
medium_markets,2049.7,94.5573,,
medium_markets,2049.8,94.5918,,
medium_markets,2049.9,94.6261,,
medium_markets,2050.0,94.6600,,
big_markets,2015.0,0.3244,,
big_markets,2015.1,0.3485,,
big_markets,2015.2,0.3739,,
big_markets,2015.3,0.4007,,
big_markets,2015.4,0.4291,,
big_markets,2015.5,0.4590,,
big_markets,2015.6,0.4905,,
big_markets,2015.7,0.5236,,
big_markets,2015.8,0.5585,,
big_markets,2015.9,0.5951,,
big_markets,2016.0,0.6335,,
big_markets,2016.1,0.6739,,
big_markets,2016.2,0.7161,,
big_markets,2016.3,0.7604,,
big_markets,2016.4,0.8066,,
big_markets,2016.5,0.8550,,
big_markets,2016.6,0.9055,,
big_markets,2016.7,0.9583,,
big_markets,2016.8,1.0133,,
big_markets,2016.9,1.0707,,
big_markets,2017.0,1.1305,,
big_markets,2017.1,1.1927,,
big_markets,2017.2,1.2574,,
big_markets,2017.3,1.3248,,
big_markets,2017.4,1.3947,,
big_markets,2017.5,1.4674,,
big_markets,2017.6,1.5428,,
big_markets,2017.7,1.6211,,
big_markets,2017.8,1.7023,,
big_markets,2017.9,1.7864,,
big_markets,2018.0,1.8736,,
big_markets,2018.1,1.9638,,
big_markets,2018.2,2.0572,,
big_markets,2018.3,2.1538,,
big_markets,2018.4,2.2537,,
big_markets,2018.5,2.3570,,
big_markets,2018.6,2.4637,,
big_markets,2018.7,2.5738,,
big_markets,2018.8,2.6875,,
big_markets,2018.9,2.8049,,
big_markets,2019.0,2.9259,,
big_markets,2019.1,3.0507,,
big_markets,2019.2,3.1792,,
big_markets,2019.3,3.3117,,
big_markets,2019.4,3.4481,,
big_markets,2019.5,3.5885,,
big_markets,2019.6,3.7330,,
big_markets,2019.7,3.8817,,
big_markets,2019.8,4.0345,,
big_markets,2019.9,4.1917,,
big_markets,2020.0,4.3531,,
big_markets,2020.1,4.5190,,
big_markets,2020.2,4.6893,,
big_markets,2020.3,4.8642,,
big_markets,2020.4,5.0436,,
big_markets,2020.5,5.2277,,
big_markets,2020.6,5.4165,,
big_markets,2020.7,5.6101,,
big_markets,2020.8,5.8085,,
big_markets,2020.9,6.0118,,
big_markets,2021.0,6.2200,,
big_markets,2021.1,6.4332,,
big_markets,2021.2,6.6514,,
big_markets,2021.3,6.8748,,
big_markets,2021.4,7.1032,,
big_markets,2021.5,7.3369,,
big_markets,2021.6,7.5759,,
big_markets,2021.7,7.8201,,
big_markets,2021.8,8.0696,,
big_markets,2021.9,8.3246,,
big_markets,2022.0,8.5849,,
big_markets,2022.1,8.8507,,
big_markets,2022.2,9.1220,,
big_markets,2022.3,9.3989,,
big_markets,2022.4,9.6812,,
big_markets,2022.5,9.9692,,
big_markets,2022.6,10.2628,,
big_markets,2022.7,10.5620,,
big_markets,2022.8,10.8669,,
big_markets,2022.9,11.1775,,
big_markets,2023.0,11.4938,,
big_markets,2023.1,11.8158,,
big_markets,2023.2,12.1435,,
big_markets,2023.3,12.4769,,
big_markets,2023.4,12.8161,,
big_markets,2023.5,13.1610,,
big_markets,2023.6,13.5117,,
big_markets,2023.7,13.8681,,
big_markets,2023.8,14.2302,,
big_markets,2023.9,14.5980,,
big_markets,2024.0,14.9715,,
big_markets,2024.1,15.3507,,
big_markets,2024.2,15.7356,,
big_markets,2024.3,16.1261,,
big_markets,2024.4,16.5222,,
big_markets,2024.5,16.9238,,
big_markets,2024.6,17.3310,,
big_markets,2024.7,17.7436,,
big_markets,2024.8,18.1617,,
big_markets,2024.9,18.5852,,
big_markets,2025.0,19.0140,,
big_markets,2025.1,19.4480,,
big_markets,2025.2,19.8873,,
big_markets,2025.3,20.3317,,
big_markets,2025.4,20.7812,,
big_markets,2025.5,21.2356,,
big_markets,2025.6,21.6949,,
big_markets,2025.7,22.1591,,
big_markets,2025.8,22.6280,,
big_markets,2025.9,23.1015,,
big_markets,2026.0,23.5795,,
big_markets,2026.1,24.0619,,
big_markets,2026.2,24.5487,,
big_markets,2026.3,25.0396,,
big_markets,2026.4,25.5347,,
big_markets,2026.5,26.0336,,
big_markets,2026.6,26.5364,,
big_markets,2026.7,27.0429,,
big_markets,2026.8,27.5530,,
big_markets,2026.9,28.0664,,
big_markets,2027.0,28.5831,,
big_markets,2027.1,29.1030,,
big_markets,2027.2,29.6258,,
big_markets,2027.3,30.1514,,
big_markets,2027.4,30.6796,,
big_markets,2027.5,31.2104,,
big_markets,2027.6,31.7434,,
big_markets,2027.7,32.2786,,
big_markets,2027.8,32.8157,,
big_markets,2027.9,33.3547,,
big_markets,2028.0,33.8952,,
big_markets,2028.1,34.4372,,
big_markets,2028.2,34.9804,,
big_markets,2028.3,35.5247,,
big_markets,2028.4,36.0699,,
big_markets,2028.5,36.6157,,
big_markets,2028.6,37.1620,,
big_markets,2028.7,37.7086,,
big_markets,2028.8,38.2553,,
big_markets,2028.9,38.8019,,
big_markets,2029.0,39.3482,,
big_markets,2029.1,39.8941,,
big_markets,2029.2,40.4392,,
big_markets,2029.3,40.9836,,
big_markets,2029.4,41.5268,,
big_markets,2029.5,42.0688,,
big_markets,2029.6,42.6094,,
big_markets,2029.7,43.1484,,
big_markets,2029.8,43.6856,,
big_markets,2029.9,44.2208,,
big_markets,2030.0,44.7539,,
big_markets,2030.1,45.2847,,
big_markets,2030.2,45.8130,,
big_markets,2030.3,46.3386,,
big_markets,2030.4,46.8614,,
big_markets,2030.5,47.3813,,
big_markets,2030.6,47.8981,,
big_markets,2030.7,48.4116,,
big_markets,2030.8,48.9218,,
big_markets,2030.9,49.4284,,
big_markets,2031.0,49.9314,,
big_markets,2031.1,50.4306,,
big_markets,2031.2,50.9260,,
big_markets,2031.3,51.4174,,
big_markets,2031.4,51.9047,,
big_markets,2031.5,52.3878,,
big_markets,2031.6,52.8667,,
big_markets,2031.7,53.3412,,
big_markets,2031.8,53.8113,,
big_markets,2031.9,54.2769,,
big_markets,2032.0,54.7380,,
big_markets,2032.1,55.1945,,
big_markets,2032.2,55.6464,,
big_markets,2032.3,56.0936,,
big_markets,2032.4,56.5360,,
big_markets,2032.5,56.9737,,
big_markets,2032.6,57.4067,,
big_markets,2032.7,57.8348,,
big_markets,2032.8,58.2582,,
big_markets,2032.9,58.6767,,
big_markets,2033.0,59.0904,,
big_markets,2033.1,59.4993,,
big_markets,2033.2,59.9035,,
big_markets,2033.3,60.3028,,
big_markets,2033.4,60.6973,,
big_markets,2033.5,61.0871,,
big_markets,2033.6,61.4721,,
big_markets,2033.7,61.8525,,
big_markets,2033.8,62.2281,,
big_markets,2033.9,62.5991,,
big_markets,2034.0,62.9654,,
big_markets,2034.1,63.3271,,
big_markets,2034.2,63.6843,,
big_markets,2034.3,64.0370,,
big_markets,2034.4,64.3852,,
big_markets,2034.5,64.7289,,
big_markets,2034.6,65.0683,,
big_markets,2034.7,65.4033,,
big_markets,2034.8,65.7339,,
big_markets,2034.9,66.0604,,
big_markets,2035.0,66.3826,,
big_markets,2035.1,66.7006,,
big_markets,2035.2,67.0145,,
big_markets,2035.3,67.3243,,
big_markets,2035.4,67.6301,,
big_markets,2035.5,67.9320,,
big_markets,2035.6,68.2299,,
big_markets,2035.7,68.5239,,
big_markets,2035.8,68.8141,,
big_markets,2035.9,69.1005,,
big_markets,2036.0,69.3833,,
big_markets,2036.1,69.6623,,
big_markets,2036.2,69.9377,,
big_markets,2036.3,70.2096,,
big_markets,2036.4,70.4780,,
big_markets,2036.5,70.7429,,
big_markets,2036.6,71.0044,,
big_markets,2036.7,71.2625,,
big_markets,2036.8,71.5174,,
big_markets,2036.9,71.7690,,
big_markets,2037.0,72.0174,,
big_markets,2037.1,72.2627,,
big_markets,2037.2,72.5049,,
big_markets,2037.3,72.7442,,
big_markets,2037.4,72.9804,,
big_markets,2037.5,73.2138,,
big_markets,2037.6,73.4443,,
big_markets,2037.7,73.6720,,
big_markets,2037.8,73.8970,,
big_markets,2037.9,74.1193,,
big_markets,2038.0,74.3390,,
big_markets,2038.1,74.5561,,
big_markets,2038.2,74.7707,,
big_markets,2038.3,74.9829,,
big_markets,2038.4,75.1926,,
big_markets,2038.5,75.4001,,
big_markets,2038.6,75.6052,,
big_markets,2038.7,75.8082,,
big_markets,2038.8,76.0089,,
big_markets,2038.9,76.2076,,
big_markets,2039.0,76.4042,,
big_markets,2039.1,76.5988,,
big_markets,2039.2,76.7914,,
big_markets,2039.3,76.9822,,
big_markets,2039.4,77.1710,,
big_markets,2039.5,77.3581,,
big_markets,2039.6,77.5435,,
big_markets,2039.7,77.7271,,
big_markets,2039.8,77.9091,,
big_markets,2039.9,78.0894,,
big_markets,2040.0,78.2682,,
big_markets,2040.1,78.4455,,
big_markets,2040.2,78.6212,,
big_markets,2040.3,78.7956,,
big_markets,2040.4,78.9685,,
big_markets,2040.5,79.1400,,
big_markets,2040.6,79.3103,,
big_markets,2040.7,79.4792,,
big_markets,2040.8,79.6468,,
big_markets,2040.9,79.8132,,
big_markets,2041.0,79.9784,,
big_markets,2041.1,80.1424,,
big_markets,2041.2,80.3052,,
big_markets,2041.3,80.4669,,
big_markets,2041.4,80.6274,,
big_markets,2041.5,80.7869,,
big_markets,2041.6,80.9453,,
big_markets,2041.7,81.1026,,
big_markets,2041.8,81.2588,,
big_markets,2041.9,81.4140,,
big_markets,2042.0,81.5682,,
big_markets,2042.1,81.7214,,
big_markets,2042.2,81.8735,,
big_markets,2042.3,82.0247,,
big_markets,2042.4,82.1748,,
big_markets,2042.5,82.3240,,
big_markets,2042.6,82.4722,,
big_markets,2042.7,82.6194,,
big_markets,2042.8,82.7657,,
big_markets,2042.9,82.9109,,
big_markets,2043.0,83.0552,,
big_markets,2043.1,83.1986,,
big_markets,2043.2,83.3409,,
big_markets,2043.3,83.4823,,
big_markets,2043.4,83.6227,,
big_markets,2043.5,83.7622,,
big_markets,2043.6,83.9007,,
big_markets,2043.7,84.0382,,
big_markets,2043.8,84.1747,,
big_markets,2043.9,84.3103,,
big_markets,2044.0,84.4449,,
big_markets,2044.1,84.5785,,
big_markets,2044.2,84.7111,,
big_markets,2044.3,84.8427,,
big_markets,2044.4,84.9734,,
big_markets,2044.5,85.1031,,
big_markets,2044.6,85.2317,,
big_markets,2044.7,85.3594,,
big_markets,2044.8,85.4861,,
big_markets,2044.9,85.6118,,
big_markets,2045.0,85.7364,,
big_markets,2045.1,85.8601,,
big_markets,2045.2,85.9828,,
big_markets,2045.3,86.1044,,
big_markets,2045.4,86.2251,,
big_markets,2045.5,86.3447,,
big_markets,2045.6,86.4634,,
big_markets,2045.7,86.5810,,
big_markets,2045.8,86.6976,,
big_markets,2045.9,86.8132,,
big_markets,2046.0,86.9277,,
big_markets,2046.1,87.0413,,
big_markets,2046.2,87.1538,,
big_markets,2046.3,87.2654,,
big_markets,2046.4,87.3759,,
big_markets,2046.5,87.4854,,
big_markets,2046.6,87.5938,,
big_markets,2046.7,87.7013,,
big_markets,2046.8,87.8077,,
big_markets,2046.9,87.9132,,
big_markets,2047.0,88.0176,,
big_markets,2047.1,88.1210,,
big_markets,2047.2,88.2233,,
big_markets,2047.3,88.3247,,
big_markets,2047.4,88.4251,,
big_markets,2047.5,88.5244,,
big_markets,2047.6,88.6228,,
big_markets,2047.7,88.7201,,
big_markets,2047.8,88.8165,,
big_markets,2047.9,88.9118,,
big_markets,2048.0,89.0061,,
big_markets,2048.1,89.0995,,
big_markets,2048.2,89.1918,,
big_markets,2048.3,89.2832,,
big_markets,2048.4,89.3736,,
big_markets,2048.5,89.4630,,
big_markets,2048.6,89.5514,,
big_markets,2048.7,89.6388,,
big_markets,2048.8,89.7252,,
big_markets,2048.9,89.8107,,
big_markets,2049.0,89.8952,,
big_markets,2049.1,89.9788,,
big_markets,2049.2,90.0614,,
big_markets,2049.3,90.1430,,
big_markets,2049.4,90.2237,,
big_markets,2049.5,90.3035,,
big_markets,2049.6,90.3822,,
big_markets,2049.7,90.4601,,
big_markets,2049.8,90.5370,,
big_markets,2049.9,90.6130,,
big_markets,2050.0,90.6881,,
country_germany,2015.0,0.5659,,
country_germany,2015.1,0.6082,,
country_germany,2015.2,0.6525,,
country_germany,2015.3,0.6989,,
country_germany,2015.4,0.7474,,
country_germany,2015.5,0.7980,,
country_germany,2015.6,0.8508,,
country_germany,2015.7,0.9059,,
country_germany,2015.8,0.9632,,
country_germany,2015.9,1.0228,,
country_germany,2016.0,1.0848,,
country_germany,2016.1,1.1492,,
country_germany,2016.2,1.2161,,
country_germany,2016.3,1.2854,,
country_germany,2016.4,1.3572,,
country_germany,2016.5,1.4316,,
country_germany,2016.6,1.5086,,
country_germany,2016.7,1.5882,,
country_germany,2016.8,1.6705,,
country_germany,2016.9,1.7555,,
country_germany,2017.0,1.8432,,
country_germany,2017.1,1.9337,,
country_germany,2017.2,2.0271,,
country_germany,2017.3,2.1233,,
country_germany,2017.4,2.2224,,
country_germany,2017.5,2.3244,,
country_germany,2017.6,2.4294,,
country_germany,2017.7,2.5373,,
country_germany,2017.8,2.6483,,
country_germany,2017.9,2.7624,,
country_germany,2018.0,2.8796,,
country_germany,2018.1,2.9998,,
country_germany,2018.2,3.1233,,
country_germany,2018.3,3.2499,,
country_germany,2018.4,3.3798,,
country_germany,2018.5,3.5128,,
country_germany,2018.6,3.6492,,
country_germany,2018.7,3.7889,,
country_germany,2018.8,3.9319,,
country_germany,2018.9,4.0782,,
country_germany,2019.0,4.2280,,
country_germany,2019.1,4.3812,,
country_germany,2019.2,4.5377,,
country_germany,2019.3,4.6978,,
country_germany,2019.4,4.8613,,
country_germany,2019.5,5.0284,,
country_germany,2019.6,5.1990,,
country_germany,2019.7,5.3731,,
country_germany,2019.8,5.5508,,
country_germany,2019.9,5.7321,,
country_germany,2020.0,5.9170,,
country_germany,2020.1,6.1055,,
country_germany,2020.2,6.2977,,
country_germany,2020.3,6.4935,,
country_germany,2020.4,6.6931,,
country_germany,2020.5,6.8963,,
country_germany,2020.6,7.1032,,
country_germany,2020.7,7.3139,,
country_germany,2020.8,7.5283,,
country_germany,2020.9,7.7464,,
country_germany,2021.0,7.9683,,
country_germany,2021.1,8.1940,,
country_germany,2021.2,8.4235,,
country_germany,2021.3,8.6567,,
country_germany,2021.4,8.8938,,
country_germany,2021.5,9.1346,,
country_germany,2021.6,9.3793,,
country_germany,2021.7,9.6278,,
country_germany,2021.8,9.8801,,
country_germany,2021.9,10.1362,,
country_germany,2022.0,10.3961,,
country_germany,2022.1,10.6599,,
country_germany,2022.2,10.9275,,
country_germany,2022.3,11.1989,,
country_germany,2022.4,11.4741,,
country_germany,2022.5,11.7532,,
country_germany,2022.6,12.0361,,
country_germany,2022.7,12.3227,,
country_germany,2022.8,12.6132,,
country_germany,2022.9,12.9075,,
country_germany,2023.0,13.2056,,
country_germany,2023.1,13.5075,,
country_germany,2023.2,13.8131,,
country_germany,2023.3,14.1225,,
country_germany,2023.4,14.4357,,
country_germany,2023.5,14.7526,,
country_germany,2023.6,15.0732,,
country_germany,2023.7,15.3976,,
country_germany,2023.8,15.7256,,
country_germany,2023.9,16.0573,,
country_germany,2024.0,16.3927,,
country_germany,2024.1,16.7317,,
country_germany,2024.2,17.0743,,
country_germany,2024.3,17.4206,,
country_germany,2024.4,17.7704,,
country_germany,2024.5,18.1238,,
country_germany,2024.6,18.4807,,
country_germany,2024.7,18.8411,,
country_germany,2024.8,19.2050,,
country_germany,2024.9,19.5723,,
country_germany,2025.0,19.9431,,
country_germany,2025.1,20.3173,,
country_germany,2025.2,20.6948,,
country_germany,2025.3,21.0757,,
country_germany,2025.4,21.4599,,
country_germany,2025.5,21.8473,,
country_germany,2025.6,22.2380,,
country_germany,2025.7,22.6319,,
country_germany,2025.8,23.0290,,
country_germany,2025.9,23.4292,,
country_germany,2026.0,23.8324,,
country_germany,2026.1,24.2388,,
country_germany,2026.2,24.6481,,
country_germany,2026.3,25.0604,,
country_germany,2026.4,25.4757,,
country_germany,2026.5,25.8938,,
country_germany,2026.6,26.3148,,
country_germany,2026.7,26.7386,,
country_germany,2026.8,27.1651,,
country_germany,2026.9,27.5944,,
country_germany,2027.0,28.0263,,
country_germany,2027.1,28.4608,,
country_germany,2027.2,28.8979,,
country_germany,2027.3,29.3375,,
country_germany,2027.4,29.7796,,
country_germany,2027.5,30.2240,,
country_germany,2027.6,30.6709,,
country_germany,2027.7,31.1200,,
country_germany,2027.8,31.5714,,
country_germany,2027.9,32.0250,,
country_germany,2028.0,32.4808,,
country_germany,2028.1,32.9386,,
country_germany,2028.2,33.3985,,
country_germany,2028.3,33.8604,,
country_germany,2028.4,34.3242,,
country_germany,2028.5,34.7898,,
country_germany,2028.6,35.2573,,
country_germany,2028.7,35.7265,,
country_germany,2028.8,36.1973,,
country_germany,2028.9,36.6698,,
country_germany,2029.0,37.1439,,
country_germany,2029.1,37.6194,,
country_germany,2029.2,38.0964,,
country_germany,2029.3,38.5748,,
country_germany,2029.4,39.0545,,
country_germany,2029.5,39.5354,,
country_germany,2029.6,40.0175,,
country_germany,2029.7,40.5008,,
country_germany,2029.8,40.9851,,
country_germany,2029.9,41.4703,,
country_germany,2030.0,41.9566,,
country_germany,2030.1,42.4436,,
country_germany,2030.2,42.9315,,
country_germany,2030.3,43.4201,,
country_germany,2030.4,43.9093,,
country_germany,2030.5,44.3991,,
country_germany,2030.6,44.8895,,
country_germany,2030.7,45.3803,,
country_germany,2030.8,45.8716,,
country_germany,2030.9,46.3631,,
country_germany,2031.0,46.8549,,
country_germany,2031.1,47.3469,,
country_germany,2031.2,47.8390,,
country_germany,2031.3,48.3312,,
country_germany,2031.4,48.8233,,
country_germany,2031.5,49.3154,,
country_germany,2031.6,49.8073,,
country_germany,2031.7,50.2990,,
country_germany,2031.8,50.7905,,
country_germany,2031.9,51.2815,,
country_germany,2032.0,51.7722,,
country_germany,2032.1,52.2624,,
country_germany,2032.2,52.7520,,
country_germany,2032.3,53.2410,,
country_germany,2032.4,53.7294,,
country_germany,2032.5,54.2169,,
country_germany,2032.6,54.7037,,
country_germany,2032.7,55.1896,,
country_germany,2032.8,55.6745,,
country_germany,2032.9,56.1585,,
country_germany,2033.0,56.6413,,
country_germany,2033.1,57.1230,,
country_germany,2033.2,57.6036,,
country_germany,2033.3,58.0828,,
country_germany,2033.4,58.5608,,
country_germany,2033.5,59.0373,,
country_germany,2033.6,59.5124,,
country_germany,2033.7,59.9860,,
country_germany,2033.8,60.4580,,
country_germany,2033.9,60.9284,,
country_germany,2034.0,61.3971,,
country_germany,2034.1,61.8640,,
country_germany,2034.2,62.3292,,
country_germany,2034.3,62.7925,,
country_germany,2034.4,63.2538,,
country_germany,2034.5,63.7132,,
country_germany,2034.6,64.1706,,
country_germany,2034.7,64.6258,,
country_germany,2034.8,65.0790,,
country_germany,2034.9,65.5299,,
country_germany,2035.0,65.9787,,
country_germany,2035.1,66.4251,,
country_germany,2035.2,66.8692,,
country_germany,2035.3,67.3108,,
country_germany,2035.4,67.7501,,
country_germany,2035.5,68.1868,,
country_germany,2035.6,68.6211,,
country_germany,2035.7,69.0527,,
country_germany,2035.8,69.4817,,
country_germany,2035.9,69.9081,,
country_germany,2036.0,70.3317,,
country_germany,2036.1,70.7526,,
country_germany,2036.2,71.1707,,
country_germany,2036.3,71.5860,,
country_germany,2036.4,71.9984,,
country_germany,2036.5,72.4079,,
country_germany,2036.6,72.8144,,
country_germany,2036.7,73.2179,,
country_germany,2036.8,73.6185,,
country_germany,2036.9,74.0160,,
country_germany,2037.0,74.4103,,
country_germany,2037.1,74.8016,,
country_germany,2037.2,75.1897,,
country_germany,2037.3,75.5747,,
country_germany,2037.4,75.9564,,
country_germany,2037.5,76.3350,,
country_germany,2037.6,76.7102,,
country_germany,2037.7,77.0822,,
country_germany,2037.8,77.4508,,
country_germany,2037.9,77.8162,,
country_germany,2038.0,78.1781,,
country_germany,2038.1,78.5367,,
country_germany,2038.2,78.8919,,
country_germany,2038.3,79.2437,,
country_germany,2038.4,79.5921,,
country_germany,2038.5,79.9370,,
country_germany,2038.6,80.2784,,
country_germany,2038.7,80.6164,,
country_germany,2038.8,80.9509,,
country_germany,2038.9,81.2818,,
country_germany,2039.0,81.6093,,
country_germany,2039.1,81.9332,,
country_germany,2039.2,82.2536,,
country_germany,2039.3,82.5705,,
country_germany,2039.4,82.8838,,
country_germany,2039.5,83.1936,,
country_germany,2039.6,83.4997,,
country_germany,2039.7,83.8024,,
country_germany,2039.8,84.1014,,
country_germany,2039.9,84.3969,,
country_germany,2040.0,84.6889,,
country_germany,2040.1,84.9772,,
country_germany,2040.2,85.2620,,
country_germany,2040.3,85.5432,,
country_germany,2040.4,85.8209,,
country_germany,2040.5,86.0950,,
country_germany,2040.6,86.3656,,
country_germany,2040.7,86.6326,,
country_germany,2040.8,86.8960,,
country_germany,2040.9,87.1560,,
country_germany,2041.0,87.4124,,
country_germany,2041.1,87.6653,,
country_germany,2041.2,87.9147,,
country_germany,2041.3,88.1605,,
country_germany,2041.4,88.4030,,
country_germany,2041.5,88.6419,,
country_germany,2041.6,88.8774,,
country_germany,2041.7,89.1095,,
country_germany,2041.8,89.3381,,
country_germany,2041.9,89.5633,,
country_germany,2042.0,89.7851,,
country_germany,2042.1,90.0036,,
country_germany,2042.2,90.2187,,
country_germany,2042.3,90.4304,,
country_germany,2042.4,90.6389,,
country_germany,2042.5,90.8440,,
country_germany,2042.6,91.0459,,
country_germany,2042.7,91.2445,,
country_germany,2042.8,91.4399,,
country_germany,2042.9,91.6320,,
country_germany,2043.0,91.8210,,
country_germany,2043.1,92.0068,,
country_germany,2043.2,92.1895,,
country_germany,2043.3,92.3690,,
country_germany,2043.4,92.5455,,
country_germany,2043.5,92.7189,,
country_germany,2043.6,92.8893,,
country_germany,2043.7,93.0566,,
country_germany,2043.8,93.2210,,
country_germany,2043.9,93.3824,,
country_germany,2044.0,93.5409,,
country_germany,2044.1,93.6965,,
country_germany,2044.2,93.8492,,
country_germany,2044.3,93.9991,,
country_germany,2044.4,94.1462,,
country_germany,2044.5,94.2904,,
country_germany,2044.6,94.4320,,
country_germany,2044.7,94.5708,,
country_germany,2044.8,94.7069,,
country_germany,2044.9,94.8403,,
country_germany,2045.0,94.9711,,
country_germany,2045.1,95.0993,,
country_germany,2045.2,95.2250,,
country_germany,2045.3,95.3481,,
country_germany,2045.4,95.4687,,
country_germany,2045.5,95.5868,,
country_germany,2045.6,95.7025,,
country_germany,2045.7,95.8157,,
country_germany,2045.8,95.9266,,
country_germany,2045.9,96.0352,,
country_germany,2046.0,96.1414,,
country_germany,2046.1,96.2454,,
country_germany,2046.2,96.3471,,
country_germany,2046.3,96.4465,,
country_germany,2046.4,96.5438,,
country_germany,2046.5,96.6390,,
country_germany,2046.6,96.7320,,
country_germany,2046.7,96.8229,,
country_germany,2046.8,96.9118,,
country_germany,2046.9,96.9986,,
country_germany,2047.0,97.0835,,
country_germany,2047.1,97.1663,,
country_germany,2047.2,97.2473,,
country_germany,2047.3,97.3263,,
country_germany,2047.4,97.4035,,
country_germany,2047.5,97.4789,,
country_germany,2047.6,97.5524,,
country_germany,2047.7,97.6242,,
country_germany,2047.8,97.6942,,
country_germany,2047.9,97.7626,,
country_germany,2048.0,97.8292,,
country_germany,2048.1,97.8942,,
country_germany,2048.2,97.9575,,
country_germany,2048.3,98.0193,,
country_germany,2048.4,98.0795,,
country_germany,2048.5,98.1382,,
country_germany,2048.6,98.1954,,
country_germany,2048.7,98.2511,,
country_germany,2048.8,98.3053,,
country_germany,2048.9,98.3581,,
country_germany,2049.0,98.4096,,
country_germany,2049.1,98.4597,,
country_germany,2049.2,98.5084,,
country_germany,2049.3,98.5558,,
country_germany,2049.4,98.6020,,
country_germany,2049.5,98.6469,,
country_germany,2049.6,98.6906,,
country_germany,2049.7,98.7331,,
country_germany,2049.8,98.7743,,
country_germany,2049.9,98.8145,,
country_germany,2050.0,98.8535,,
country_china,2015.0,0.4849,,
country_china,2015.1,0.5217,,
country_china,2015.2,0.5607,,
country_china,2015.3,0.6019,,
country_china,2015.4,0.6454,,
country_china,2015.5,0.6913,,
country_china,2015.6,0.7396,,
country_china,2015.7,0.7905,,
country_china,2015.8,0.8441,,
country_china,2015.9,0.9004,,
country_china,2016.0,0.9596,,
country_china,2016.1,1.0217,,
country_china,2016.2,1.0869,,
country_china,2016.3,1.1552,,
country_china,2016.4,1.2267,,
country_china,2016.5,1.3017,,
country_china,2016.6,1.3800,,
country_china,2016.7,1.4620,,
country_china,2016.8,1.5476,,
country_china,2016.9,1.6370,,
country_china,2017.0,1.7303,,
country_china,2017.1,1.8276,,
country_china,2017.2,1.9290,,
country_china,2017.3,2.0346,,
country_china,2017.4,2.1447,,
country_china,2017.5,2.2591,,
country_china,2017.6,2.3782,,
country_china,2017.7,2.5020,,
country_china,2017.8,2.6306,,
country_china,2017.9,2.7642,,
country_china,2018.0,2.9029,,
country_china,2018.1,3.0467,,
country_china,2018.2,3.1959,,
country_china,2018.3,3.3505,,
country_china,2018.4,3.5107,,
country_china,2018.5,3.6766,,
country_china,2018.6,3.8483,,
country_china,2018.7,4.0260,,
country_china,2018.8,4.2098,,
country_china,2018.9,4.3997,,
country_china,2019.0,4.5960,,
country_china,2019.1,4.7987,,
country_china,2019.2,5.0080,,
country_china,2019.3,5.2240,,
country_china,2019.4,5.4468,,
country_china,2019.5,5.6766,,
country_china,2019.6,5.9134,,
country_china,2019.7,6.1575,,
country_china,2019.8,6.4089,,
country_china,2019.9,6.6677,,
country_china,2020.0,6.9340,,
country_china,2020.1,7.2081,,
country_china,2020.2,7.4899,,
country_china,2020.3,7.7797,,
country_china,2020.4,8.0774,,
country_china,2020.5,8.3833,,
country_china,2020.6,8.6974,,
country_china,2020.7,9.0199,,
country_china,2020.8,9.3507,,
country_china,2020.9,9.6902,,
country_china,2021.0,10.0383,,
country_china,2021.1,10.3951,,
country_china,2021.2,10.7607,,
country_china,2021.3,11.1352,,
country_china,2021.4,11.5188,,
country_china,2021.5,11.9114,,
country_china,2021.6,12.3132,,
country_china,2021.7,12.7242,,
country_china,2021.8,13.1444,,
country_china,2021.9,13.5741,,
country_china,2022.0,14.0131,,
country_china,2022.1,14.4616,,
country_china,2022.2,14.9197,,
country_china,2022.3,15.3872,,
country_china,2022.4,15.8644,,
country_china,2022.5,16.3512,,
country_china,2022.6,16.8477,,
country_china,2022.7,17.3538,,
country_china,2022.8,17.8696,,
country_china,2022.9,18.3951,,
country_china,2023.0,18.9303,,
country_china,2023.1,19.4752,,
country_china,2023.2,20.0298,,
country_china,2023.3,20.5940,,
country_china,2023.4,21.1678,,
country_china,2023.5,21.7512,,
country_china,2023.6,22.3442,,
country_china,2023.7,22.9467,,
country_china,2023.8,23.5586,,
country_china,2023.9,24.1799,,
country_china,2024.0,24.8105,,
country_china,2024.1,25.4503,,
country_china,2024.2,26.0992,,
country_china,2024.3,26.7572,,
country_china,2024.4,27.4240,,
country_china,2024.5,28.0997,,
country_china,2024.6,28.7841,,
country_china,2024.7,29.4770,,
country_china,2024.8,30.1783,,
country_china,2024.9,30.8878,,
country_china,2025.0,31.6055,,
country_china,2025.1,32.3310,,
country_china,2025.2,33.0643,,
country_china,2025.3,33.8051,,
country_china,2025.4,34.5533,,
country_china,2025.5,35.3087,,
country_china,2025.6,36.0710,,
country_china,2025.7,36.8400,,
country_china,2025.8,37.6155,,
country_china,2025.9,38.3972,,
country_china,2026.0,39.1849,,
country_china,2026.1,39.9784,,
country_china,2026.2,40.7773,,
country_china,2026.3,41.5814,,
country_china,2026.4,42.3905,,
country_china,2026.5,43.2041,,
country_china,2026.6,44.0222,,
country_china,2026.7,44.8442,,
country_china,2026.8,45.6700,,
country_china,2026.9,46.4991,,
country_china,2027.0,47.3314,,
country_china,2027.1,48.1664,,
country_china,2027.2,49.0038,,
country_china,2027.3,49.8434,,
country_china,2027.4,50.6846,,
country_china,2027.5,51.5272,,
country_china,2027.6,52.3709,,
country_china,2027.7,53.2152,,
country_china,2027.8,54.0598,,
country_china,2027.9,54.9044,,
country_china,2028.0,55.7486,,
country_china,2028.1,56.5919,,
country_china,2028.2,57.4341,,
country_china,2028.3,58.2747,,
country_china,2028.4,59.1135,,
country_china,2028.5,59.9499,,
country_china,2028.6,60.7837,,
country_china,2028.7,61.6144,,
country_china,2028.8,62.4417,,
country_china,2028.9,63.2653,,
country_china,2029.0,64.0847,,
country_china,2029.1,64.8995,,
country_china,2029.2,65.7095,,
country_china,2029.3,66.5142,,
country_china,2029.4,67.3133,,
country_china,2029.5,68.1065,,
country_china,2029.6,68.8934,,
country_china,2029.7,69.6736,,
country_china,2029.8,70.4469,,
country_china,2029.9,71.2128,,
country_china,2030.0,71.9712,,
country_china,2030.1,72.7216,,
country_china,2030.2,73.4638,,
country_china,2030.3,74.1974,,
country_china,2030.4,74.9222,,
country_china,2030.5,75.6379,,
country_china,2030.6,76.3443,,
country_china,2030.7,77.0410,,
country_china,2030.8,77.7279,,
country_china,2030.9,78.4047,,
country_china,2031.0,79.0711,,
country_china,2031.1,79.7270,,
country_china,2031.2,80.3722,,
country_china,2031.3,81.0064,,
country_china,2031.4,81.6295,,
country_china,2031.5,82.2414,,
country_china,2031.6,82.8419,,
country_china,2031.7,83.4308,,
country_china,2031.8,84.0080,,
country_china,2031.9,84.5735,,
country_china,2032.0,85.1271,,
country_china,2032.1,85.6687,,
country_china,2032.2,86.1983,,
country_china,2032.3,86.7158,,
country_china,2032.4,87.2211,,
country_china,2032.5,87.7143,,
country_china,2032.6,88.1954,,
country_china,2032.7,88.6642,,
country_china,2032.8,89.1209,,
country_china,2032.9,89.5655,,
country_china,2033.0,89.9979,,
country_china,2033.1,90.4183,,
country_china,2033.2,90.8267,,
country_china,2033.3,91.2231,,
country_china,2033.4,91.6078,,
country_china,2033.5,91.9806,,
country_china,2033.6,92.3419,,
country_china,2033.7,92.6916,,
country_china,2033.8,93.0299,,
country_china,2033.9,93.3570,,
country_china,2034.0,93.6729,,
country_china,2034.1,93.9779,,
country_china,2034.2,94.2721,,
country_china,2034.3,94.5557,,
country_china,2034.4,94.8289,,
country_china,2034.5,95.0918,,
country_china,2034.6,95.3446,,
country_china,2034.7,95.5876,,
country_china,2034.8,95.8209,,
country_china,2034.9,96.0447,,
country_china,2035.0,96.2594,,
country_china,2035.1,96.4650,,
country_china,2035.2,96.6618,,
country_china,2035.3,96.8500,,
country_china,2035.4,97.0299,,
country_china,2035.5,97.2017,,
country_china,2035.6,97.3656,,
country_china,2035.7,97.5219,,
country_china,2035.8,97.6707,,
country_china,2035.9,97.8124,,
country_china,2036.0,97.9471,,
country_china,2036.1,98.0751,,
country_china,2036.2,98.1966,,
country_china,2036.3,98.3118,,
country_china,2036.4,98.4210,,
country_china,2036.5,98.5243,,
country_china,2036.6,98.6221,,
country_china,2036.7,98.7145,,
country_china,2036.8,98.8018,,
country_china,2036.9,98.8841,,
country_china,2037.0,98.9616,,
country_china,2037.1,99.0347,,
country_china,2037.2,99.1034,,
country_china,2037.3,99.1680,,
country_china,2037.4,99.2286,,
country_china,2037.5,99.2855,,
country_china,2037.6,99.3388,,
country_china,2037.7,99.3887,,
country_china,2037.8,99.4353,,
country_china,2037.9,99.4789,,
country_china,2038.0,99.5196,,
country_china,2038.1,99.5576,,
country_china,2038.2,99.5929,,
country_china,2038.3,99.6258,,
country_china,2038.4,99.6564,,
country_china,2038.5,99.6848,,
country_china,2038.6,99.7111,,
country_china,2038.7,99.7355,,
country_china,2038.8,99.7581,,
country_china,2038.9,99.7790,,
country_china,2039.0,99.7983,,
country_china,2039.1,99.8161,,
country_china,2039.2,99.8326,,
country_china,2039.3,99.8477,,
country_china,2039.4,99.8616,,
country_china,2039.5,99.8743,,
country_china,2039.6,99.8861,,
country_china,2039.7,99.8968,,
country_china,2039.8,99.9066,,
country_china,2039.9,99.9156,,
country_china,2040.0,99.9238,,
country_china,2040.1,99.9313,,
country_china,2040.2,99.9381,,
country_china,2040.3,99.9444,,
country_china,2040.4,99.9500,,
country_china,2040.5,99.9551,,
country_china,2040.6,99.9598,,
country_china,2040.7,99.9640,,
country_china,2040.8,99.9678,,
country_china,2040.9,99.9712,,
country_china,2041.0,99.9743,,
country_china,2041.1,99.9771,,
country_china,2041.2,99.9797,,
country_china,2041.3,99.9819,,
country_china,2041.4,99.9839,,
country_china,2041.5,99.9858,,
country_china,2041.6,99.9874,,
country_china,2041.7,99.9889,,
country_china,2041.8,99.9902,,
country_china,2041.9,99.9913,,
country_china,2042.0,99.9924,,
country_china,2042.1,99.9933,,
country_china,2042.2,99.9941,,
country_china,2042.3,99.9948,,
country_china,2042.4,99.9955,,
country_china,2042.5,99.9960,,
country_china,2042.6,99.9965,,
country_china,2042.7,99.9970,,
country_china,2042.8,99.9974,,
country_china,2042.9,99.9977,,
country_china,2043.0,99.9980,,
country_china,2043.1,99.9983,,
country_china,2043.2,99.9985,,
country_china,2043.3,99.9987,,
country_china,2043.4,99.9989,,
country_china,2043.5,99.9990,,
country_china,2043.6,99.9992,,
country_china,2043.7,99.9993,,
country_china,2043.8,99.9994,,
country_china,2043.9,99.9995,,
country_china,2044.0,99.9996,,
country_china,2044.1,99.9996,,
country_china,2044.2,99.9997,,
country_china,2044.3,99.9997,,
country_china,2044.4,99.9998,,
country_china,2044.5,99.9998,,
country_china,2044.6,99.9998,,
country_china,2044.7,99.9999,,
country_china,2044.8,99.9999,,
country_china,2044.9,99.9999,,
country_china,2045.0,99.9999,,
country_china,2045.1,99.9999,,
country_china,2045.2,99.9999,,
country_china,2045.3,99.9999,,
country_china,2045.4,100.0000,,
country_china,2045.5,100.0000,,
country_china,2045.6,100.0000,,
country_china,2045.7,100.0000,,
country_china,2045.8,100.0000,,
country_china,2045.9,100.0000,,
country_china,2046.0,100.0000,,
country_china,2046.1,100.0000,,
country_china,2046.2,100.0000,,
country_china,2046.3,100.0000,,
country_china,2046.4,100.0000,,
country_china,2046.5,100.0000,,
country_china,2046.6,100.0000,,
country_china,2046.7,100.0000,,
country_china,2046.8,100.0000,,
country_china,2046.9,100.0000,,
country_china,2047.0,100.0000,,
country_china,2047.1,100.0000,,
country_china,2047.2,100.0000,,
country_china,2047.3,100.0000,,
country_china,2047.4,100.0000,,
country_china,2047.5,100.0000,,
country_china,2047.6,100.0000,,
country_china,2047.7,100.0000,,
country_china,2047.8,100.0000,,
country_china,2047.9,100.0000,,
country_china,2048.0,100.0000,,
country_china,2048.1,100.0000,,
country_china,2048.2,100.0000,,
country_china,2048.3,100.0000,,
country_china,2048.4,100.0000,,
country_china,2048.5,100.0000,,
country_china,2048.6,100.0000,,
country_china,2048.7,100.0000,,
country_china,2048.8,100.0000,,
country_china,2048.9,100.0000,,
country_china,2049.0,100.0000,,
country_china,2049.1,100.0000,,
country_china,2049.2,100.0000,,
country_china,2049.3,100.0000,,
country_china,2049.4,100.0000,,
country_china,2049.5,100.0000,,
country_china,2049.6,100.0000,,
country_china,2049.7,100.0000,,
country_china,2049.8,100.0000,,
country_china,2049.9,100.0000,,
country_china,2050.0,100.0000,,
country_norway,2015.0,9.2545,,
country_norway,2015.1,9.6715,,
country_norway,2015.2,10.1023,,
country_norway,2015.3,10.5470,,
country_norway,2015.4,11.0059,,
country_norway,2015.5,11.4793,,
country_norway,2015.6,11.9672,,
country_norway,2015.7,12.4699,,
country_norway,2015.8,12.9877,,
country_norway,2015.9,13.5206,,
country_norway,2016.0,14.0688,,
country_norway,2016.1,14.6326,,
country_norway,2016.2,15.2119,,
country_norway,2016.3,15.8071,,
country_norway,2016.4,16.4181,,
country_norway,2016.5,17.0451,,
country_norway,2016.6,17.6882,,
country_norway,2016.7,18.3474,,
country_norway,2016.8,19.0228,,
country_norway,2016.9,19.7144,,
country_norway,2017.0,20.4223,,
country_norway,2017.1,21.1465,,
country_norway,2017.2,21.8868,,
country_norway,2017.3,22.6434,,
country_norway,2017.4,23.4161,,
country_norway,2017.5,24.2048,,
country_norway,2017.6,25.0095,,
country_norway,2017.7,25.8300,,
country_norway,2017.8,26.6662,,
country_norway,2017.9,27.5178,,
country_norway,2018.0,28.3847,,
country_norway,2018.1,29.2667,,
country_norway,2018.2,30.1635,,
country_norway,2018.3,31.0748,,
country_norway,2018.4,32.0004,,
country_norway,2018.5,32.9398,,
country_norway,2018.6,33.8928,,
country_norway,2018.7,34.8589,,
country_norway,2018.8,35.8378,,
country_norway,2018.9,36.8289,,
country_norway,2019.0,37.8319,,
country_norway,2019.1,38.8462,,
country_norway,2019.2,39.8714,,
country_norway,2019.3,40.9068,,
country_norway,2019.4,41.9519,,
country_norway,2019.5,43.0062,,
country_norway,2019.6,44.0689,,
country_norway,2019.7,45.1394,,
country_norway,2019.8,46.2171,,
country_norway,2019.9,47.3012,,
country_norway,2020.0,48.3911,,
country_norway,2020.1,49.4860,,
country_norway,2020.2,50.5852,,
country_norway,2020.3,51.6878,,
country_norway,2020.4,52.7931,,
country_norway,2020.5,53.9003,,
country_norway,2020.6,55.0085,,
country_norway,2020.7,56.1169,,
country_norway,2020.8,57.2247,,
country_norway,2020.9,58.3309,,
country_norway,2021.0,59.4348,,
country_norway,2021.1,60.5355,,
country_norway,2021.2,61.6320,,
country_norway,2021.3,62.7236,,
country_norway,2021.4,63.8093,,
country_norway,2021.5,64.8882,,
country_norway,2021.6,65.9595,,
country_norway,2021.7,67.0224,,
country_norway,2021.8,68.0759,,
country_norway,2021.9,69.1193,,
country_norway,2022.0,70.1516,,
country_norway,2022.1,71.1722,,
country_norway,2022.2,72.1802,,
country_norway,2022.3,73.1748,,
country_norway,2022.4,74.1552,,
country_norway,2022.5,75.1208,,
country_norway,2022.6,76.0709,,
country_norway,2022.7,77.0048,,
country_norway,2022.8,77.9218,,
country_norway,2022.9,78.8213,,
country_norway,2023.0,79.7028,,
country_norway,2023.1,80.5658,,
country_norway,2023.2,81.4096,,
country_norway,2023.3,82.2340,,
country_norway,2023.4,83.0384,,
country_norway,2023.5,83.8225,,
country_norway,2023.6,84.5859,,
country_norway,2023.7,85.3283,,
country_norway,2023.8,86.0496,,
country_norway,2023.9,86.7495,,
country_norway,2024.0,87.4278,,
country_norway,2024.1,88.0844,,
country_norway,2024.2,88.7193,,
country_norway,2024.3,89.3324,,
country_norway,2024.4,89.9237,,
country_norway,2024.5,90.4933,,
country_norway,2024.6,91.0413,,
country_norway,2024.7,91.5678,,
country_norway,2024.8,92.0730,,
country_norway,2024.9,92.5572,,
country_norway,2025.0,93.0206,,
country_norway,2025.1,93.4634,,
country_norway,2025.2,93.8861,,
country_norway,2025.3,94.2889,,
country_norway,2025.4,94.6723,,
country_norway,2025.5,95.0367,,
country_norway,2025.6,95.3824,,
country_norway,2025.7,95.7101,,
country_norway,2025.8,96.0201,,
country_norway,2025.9,96.3130,,
country_norway,2026.0,96.5893,,
country_norway,2026.1,96.8496,,
country_norway,2026.2,97.0943,,
country_norway,2026.3,97.3241,,
country_norway,2026.4,97.5394,,
country_norway,2026.5,97.7410,,
country_norway,2026.6,97.9293,,
country_norway,2026.7,98.1050,,
country_norway,2026.8,98.2686,,
country_norway,2026.9,98.4207,,
country_norway,2027.0,98.5618,,
country_norway,2027.1,98.6925,,
country_norway,2027.2,98.8133,,
country_norway,2027.3,98.9249,,
country_norway,2027.4,99.0277,,
country_norway,2027.5,99.1222,,
country_norway,2027.6,99.2090,,
country_norway,2027.7,99.2885,,
country_norway,2027.8,99.3612,,
country_norway,2027.9,99.4276,,
country_norway,2028.0,99.4880,,
country_norway,2028.1,99.5429,,
country_norway,2028.2,99.5928,,
country_norway,2028.3,99.6379,,
country_norway,2028.4,99.6787,,
country_norway,2028.5,99.7154,,
country_norway,2028.6,99.7485,,
country_norway,2028.7,99.7782,,
country_norway,2028.8,99.8048,,
country_norway,2028.9,99.8286,,
country_norway,2029.0,99.8498,,
country_norway,2029.1,99.8687,,
country_norway,2029.2,99.8854,,
country_norway,2029.3,99.9003,,
country_norway,2029.4,99.9134,,
country_norway,2029.5,99.9249,,
country_norway,2029.6,99.9351,,
country_norway,2029.7,99.9440,,
country_norway,2029.8,99.9519,,
country_norway,2029.9,99.9587,,
country_norway,2030.0,99.9646,,
country_norway,2030.1,99.9698,,
country_norway,2030.2,99.9743,,
country_norway,2030.3,99.9781,,
country_norway,2030.4,99.9815,,
country_norway,2030.5,99.9843,,
country_norway,2030.6,99.9868,,
country_norway,2030.7,99.9889,,
country_norway,2030.8,99.9907,,
country_norway,2030.9,99.9922,,
country_norway,2031.0,99.9935,,
country_norway,2031.1,99.9946,,
country_norway,2031.2,99.9955,,
country_norway,2031.3,99.9963,,
country_norway,2031.4,99.9969,,
country_norway,2031.5,99.9975,,
country_norway,2031.6,99.9979,,
country_norway,2031.7,99.9983,,
country_norway,2031.8,99.9986,,
country_norway,2031.9,99.9989,,
country_norway,2032.0,99.9991,,
country_norway,2032.1,99.9993,,
country_norway,2032.2,99.9994,,
country_norway,2032.3,99.9995,,
country_norway,2032.4,99.9996,,
country_norway,2032.5,99.9997,,
country_norway,2032.6,99.9998,,
country_norway,2032.7,99.9998,,
country_norway,2032.8,99.9999,,
country_norway,2032.9,99.9999,,
country_norway,2033.0,99.9999,,
country_norway,2033.1,99.9999,,
country_norway,2033.2,99.9999,,
country_norway,2033.3,100.0000,,
country_norway,2033.4,100.0000,,
country_norway,2033.5,100.0000,,
country_norway,2033.6,100.0000,,
country_norway,2033.7,100.0000,,
country_norway,2033.8,100.0000,,
country_norway,2033.9,100.0000,,
country_norway,2034.0,100.0000,,
country_norway,2034.1,100.0000,,
country_norway,2034.2,100.0000,,
country_norway,2034.3,100.0000,,
country_norway,2034.4,100.0000,,
country_norway,2034.5,100.0000,,
country_norway,2034.6,100.0000,,
country_norway,2034.7,100.0000,,
country_norway,2034.8,100.0000,,
country_norway,2034.9,100.0000,,
country_norway,2035.0,100.0000,,
country_norway,2035.1,100.0000,,
country_norway,2035.2,100.0000,,
country_norway,2035.3,100.0000,,
country_norway,2035.4,100.0000,,
country_norway,2035.5,100.0000,,
country_norway,2035.6,100.0000,,
country_norway,2035.7,100.0000,,
country_norway,2035.8,100.0000,,
country_norway,2035.9,100.0000,,
country_norway,2036.0,100.0000,,
country_norway,2036.1,100.0000,,
country_norway,2036.2,100.0000,,
country_norway,2036.3,100.0000,,
country_norway,2036.4,100.0000,,
country_norway,2036.5,100.0000,,
country_norway,2036.6,100.0000,,
country_norway,2036.7,100.0000,,
country_norway,2036.8,100.0000,,
country_norway,2036.9,100.0000,,
country_norway,2037.0,100.0000,,
country_norway,2037.1,100.0000,,
country_norway,2037.2,100.0000,,
country_norway,2037.3,100.0000,,
country_norway,2037.4,100.0000,,
country_norway,2037.5,100.0000,,
country_norway,2037.6,100.0000,,
country_norway,2037.7,100.0000,,
country_norway,2037.8,100.0000,,
country_norway,2037.9,100.0000,,
country_norway,2038.0,100.0000,,
country_norway,2038.1,100.0000,,
country_norway,2038.2,100.0000,,
country_norway,2038.3,100.0000,,
country_norway,2038.4,100.0000,,
country_norway,2038.5,100.0000,,
country_norway,2038.6,100.0000,,
country_norway,2038.7,100.0000,,
country_norway,2038.8,100.0000,,
country_norway,2038.9,100.0000,,
country_norway,2039.0,100.0000,,
country_norway,2039.1,100.0000,,
country_norway,2039.2,100.0000,,
country_norway,2039.3,100.0000,,
country_norway,2039.4,100.0000,,
country_norway,2039.5,100.0000,,
country_norway,2039.6,100.0000,,
country_norway,2039.7,100.0000,,
country_norway,2039.8,100.0000,,
country_norway,2039.9,100.0000,,
country_norway,2040.0,100.0000,,
country_norway,2040.1,100.0000,,
country_norway,2040.2,100.0000,,
country_norway,2040.3,100.0000,,
country_norway,2040.4,100.0000,,
country_norway,2040.5,100.0000,,
country_norway,2040.6,100.0000,,
country_norway,2040.7,100.0000,,
country_norway,2040.8,100.0000,,
country_norway,2040.9,100.0000,,
country_norway,2041.0,100.0000,,
country_norway,2041.1,100.0000,,
country_norway,2041.2,100.0000,,
country_norway,2041.3,100.0000,,
country_norway,2041.4,100.0000,,
country_norway,2041.5,100.0000,,
country_norway,2041.6,100.0000,,
country_norway,2041.7,100.0000,,
country_norway,2041.8,100.0000,,
country_norway,2041.9,100.0000,,
country_norway,2042.0,100.0000,,
country_norway,2042.1,100.0000,,
country_norway,2042.2,100.0000,,
country_norway,2042.3,100.0000,,
country_norway,2042.4,100.0000,,
country_norway,2042.5,100.0000,,
country_norway,2042.6,100.0000,,
country_norway,2042.7,100.0000,,
country_norway,2042.8,100.0000,,
country_norway,2042.9,100.0000,,
country_norway,2043.0,100.0000,,
country_norway,2043.1,100.0000,,
country_norway,2043.2,100.0000,,
country_norway,2043.3,100.0000,,
country_norway,2043.4,100.0000,,
country_norway,2043.5,100.0000,,
country_norway,2043.6,100.0000,,
country_norway,2043.7,100.0000,,
country_norway,2043.8,100.0000,,
country_norway,2043.9,100.0000,,
country_norway,2044.0,100.0000,,
country_norway,2044.1,100.0000,,
country_norway,2044.2,100.0000,,
country_norway,2044.3,100.0000,,
country_norway,2044.4,100.0000,,
country_norway,2044.5,100.0000,,
country_norway,2044.6,100.0000,,
country_norway,2044.7,100.0000,,
country_norway,2044.8,100.0000,,
country_norway,2044.9,100.0000,,
country_norway,2045.0,100.0000,,
country_norway,2045.1,100.0000,,
country_norway,2045.2,100.0000,,
country_norway,2045.3,100.0000,,
country_norway,2045.4,100.0000,,
country_norway,2045.5,100.0000,,
country_norway,2045.6,100.0000,,
country_norway,2045.7,100.0000,,
country_norway,2045.8,100.0000,,
country_norway,2045.9,100.0000,,
country_norway,2046.0,100.0000,,
country_norway,2046.1,100.0000,,
country_norway,2046.2,100.0000,,
country_norway,2046.3,100.0000,,
country_norway,2046.4,100.0000,,
country_norway,2046.5,100.0000,,
country_norway,2046.6,100.0000,,
country_norway,2046.7,100.0000,,
country_norway,2046.8,100.0000,,
country_norway,2046.9,100.0000,,
country_norway,2047.0,100.0000,,
country_norway,2047.1,100.0000,,
country_norway,2047.2,100.0000,,
country_norway,2047.3,100.0000,,
country_norway,2047.4,100.0000,,
country_norway,2047.5,100.0000,,
country_norway,2047.6,100.0000,,
country_norway,2047.7,100.0000,,
country_norway,2047.8,100.0000,,
country_norway,2047.9,100.0000,,
country_norway,2048.0,100.0000,,
country_norway,2048.1,100.0000,,
country_norway,2048.2,100.0000,,
country_norway,2048.3,100.0000,,
country_norway,2048.4,100.0000,,
country_norway,2048.5,100.0000,,
country_norway,2048.6,100.0000,,
country_norway,2048.7,100.0000,,
country_norway,2048.8,100.0000,,
country_norway,2048.9,100.0000,,
country_norway,2049.0,100.0000,,
country_norway,2049.1,100.0000,,
country_norway,2049.2,100.0000,,
country_norway,2049.3,100.0000,,
country_norway,2049.4,100.0000,,
country_norway,2049.5,100.0000,,
country_norway,2049.6,100.0000,,
country_norway,2049.7,100.0000,,
country_norway,2049.8,100.0000,,
country_norway,2049.9,100.0000,,
country_norway,2050.0,100.0000,,
country_usa,2015.0,0.2321,,
country_usa,2015.1,0.2477,,
country_usa,2015.2,0.2640,,
country_usa,2015.3,0.2810,,
country_usa,2015.4,0.2987,,
country_usa,2015.5,0.3172,,
country_usa,2015.6,0.3365,,
country_usa,2015.7,0.3566,,
country_usa,2015.8,0.3776,,
country_usa,2015.9,0.3993,,
country_usa,2016.0,0.4219,,
country_usa,2016.1,0.4454,,
country_usa,2016.2,0.4698,,
country_usa,2016.3,0.4950,,
country_usa,2016.4,0.5212,,
country_usa,2016.5,0.5484,,
country_usa,2016.6,0.5765,,
country_usa,2016.7,0.6056,,
country_usa,2016.8,0.6356,,
country_usa,2016.9,0.6667,,
country_usa,2017.0,0.6989,,
country_usa,2017.1,0.7321,,
country_usa,2017.2,0.7663,,
country_usa,2017.3,0.8017,,
country_usa,2017.4,0.8382,,
country_usa,2017.5,0.8758,,
country_usa,2017.6,0.9145,,
country_usa,2017.7,0.9544,,
country_usa,2017.8,0.9955,,
country_usa,2017.9,1.0378,,
country_usa,2018.0,1.0813,,
country_usa,2018.1,1.1261,,
country_usa,2018.2,1.1721,,
country_usa,2018.3,1.2194,,
country_usa,2018.4,1.2680,,
country_usa,2018.5,1.3179,,
country_usa,2018.6,1.3691,,
country_usa,2018.7,1.4217,,
country_usa,2018.8,1.4756,,
country_usa,2018.9,1.5310,,
country_usa,2019.0,1.5877,,
country_usa,2019.1,1.6459,,
country_usa,2019.2,1.7055,,
country_usa,2019.3,1.7666,,
country_usa,2019.4,1.8291,,
country_usa,2019.5,1.8932,,
country_usa,2019.6,1.9587,,
country_usa,2019.7,2.0258,,
country_usa,2019.8,2.0945,,
country_usa,2019.9,2.1647,,
country_usa,2020.0,2.2365,,
country_usa,2020.1,2.3099,,
country_usa,2020.2,2.3849,,
country_usa,2020.3,2.4615,,
country_usa,2020.4,2.5399,,
country_usa,2020.5,2.6198,,
country_usa,2020.6,2.7015,,
country_usa,2020.7,2.7849,,
country_usa,2020.8,2.8700,,
country_usa,2020.9,2.9569,,
country_usa,2021.0,3.0455,,
country_usa,2021.1,3.1359,,
country_usa,2021.2,3.2280,,
country_usa,2021.3,3.3220,,
country_usa,2021.4,3.4178,,
country_usa,2021.5,3.5155,,
country_usa,2021.6,3.6150,,
country_usa,2021.7,3.7164,,
country_usa,2021.8,3.8196,,
country_usa,2021.9,3.9248,,
country_usa,2022.0,4.0319,,
country_usa,2022.1,4.1409,,
country_usa,2022.2,4.2519,,
country_usa,2022.3,4.3648,,
country_usa,2022.4,4.4797,,
country_usa,2022.5,4.5966,,
country_usa,2022.6,4.7155,,
country_usa,2022.7,4.8365,,
country_usa,2022.8,4.9594,,
country_usa,2022.9,5.0845,,
country_usa,2023.0,5.2115,,
country_usa,2023.1,5.3407,,
country_usa,2023.2,5.4719,,
country_usa,2023.3,5.6053,,
country_usa,2023.4,5.7408,,
country_usa,2023.5,5.8784,,
country_usa,2023.6,6.0181,,
country_usa,2023.7,6.1600,,
country_usa,2023.8,6.3041,,
country_usa,2023.9,6.4503,,
country_usa,2024.0,6.5987,,
country_usa,2024.1,6.7493,,
country_usa,2024.2,6.9022,,
country_usa,2024.3,7.0572,,
country_usa,2024.4,7.2145,,
country_usa,2024.5,7.3740,,
country_usa,2024.6,7.5358,,
country_usa,2024.7,7.6998,,
country_usa,2024.8,7.8661,,
country_usa,2024.9,8.0347,,
country_usa,2025.0,8.2055,,
country_usa,2025.1,8.3787,,
country_usa,2025.2,8.5542,,
country_usa,2025.3,8.7319,,
country_usa,2025.4,8.9120,,
country_usa,2025.5,9.0945,,
country_usa,2025.6,9.2792,,
country_usa,2025.7,9.4663,,
country_usa,2025.8,9.6558,,
country_usa,2025.9,9.8476,,
country_usa,2026.0,10.0417,,
country_usa,2026.1,10.2382,,
country_usa,2026.2,10.4371,,
country_usa,2026.3,10.6384,,
country_usa,2026.4,10.8420,,
country_usa,2026.5,11.0480,,
country_usa,2026.6,11.2564,,
country_usa,2026.7,11.4672,,
country_usa,2026.8,11.6804,,
country_usa,2026.9,11.8959,,
country_usa,2027.0,12.1139,,
country_usa,2027.1,12.3342,,
country_usa,2027.2,12.5570,,
country_usa,2027.3,12.7822,,
country_usa,2027.4,13.0097,,
country_usa,2027.5,13.2397,,
country_usa,2027.6,13.4720,,
country_usa,2027.7,13.7068,,
country_usa,2027.8,13.9439,,
country_usa,2027.9,14.1835,,
country_usa,2028.0,14.4254,,
country_usa,2028.1,14.6697,,
country_usa,2028.2,14.9165,,
country_usa,2028.3,15.1656,,
country_usa,2028.4,15.4171,,
country_usa,2028.5,15.6710,,
country_usa,2028.6,15.9272,,
country_usa,2028.7,16.1858,,
country_usa,2028.8,16.4468,,
country_usa,2028.9,16.7102,,
country_usa,2029.0,16.9759,,
country_usa,2029.1,17.2440,,
country_usa,2029.2,17.5144,,
country_usa,2029.3,17.7871,,
country_usa,2029.4,18.0622,,
country_usa,2029.5,18.3395,,
country_usa,2029.6,18.6192,,
country_usa,2029.7,18.9012,,
country_usa,2029.8,19.1855,,
country_usa,2029.9,19.4721,,
country_usa,2030.0,19.7609,,
country_usa,2030.1,20.0520,,
country_usa,2030.2,20.3454,,
country_usa,2030.3,20.6410,,
country_usa,2030.4,20.9388,,
country_usa,2030.5,21.2388,,
country_usa,2030.6,21.5411,,
country_usa,2030.7,21.8455,,
country_usa,2030.8,22.1521,,
country_usa,2030.9,22.4609,,
country_usa,2031.0,22.7718,,
country_usa,2031.1,23.0848,,
country_usa,2031.2,23.4000,,
country_usa,2031.3,23.7172,,
country_usa,2031.4,24.0366,,
country_usa,2031.5,24.3580,,
country_usa,2031.6,24.6815,,
country_usa,2031.7,25.0069,,
country_usa,2031.8,25.3344,,
country_usa,2031.9,25.6639,,
country_usa,2032.0,25.9954,,
country_usa,2032.1,26.3288,,
country_usa,2032.2,26.6642,,
country_usa,2032.3,27.0015,,
country_usa,2032.4,27.3407,,
country_usa,2032.5,27.6817,,
country_usa,2032.6,28.0246,,
country_usa,2032.7,28.3694,,
country_usa,2032.8,28.7159,,
country_usa,2032.9,29.0642,,
country_usa,2033.0,29.4143,,
country_usa,2033.1,29.7662,,
country_usa,2033.2,30.1197,,
country_usa,2033.3,30.4749,,
country_usa,2033.4,30.8318,,
country_usa,2033.5,31.1904,,
country_usa,2033.6,31.5505,,
country_usa,2033.7,31.9123,,
country_usa,2033.8,32.2756,,
country_usa,2033.9,32.6404,,
country_usa,2034.0,33.0068,,
country_usa,2034.1,33.3746,,
country_usa,2034.2,33.7439,,
country_usa,2034.3,34.1146,,
country_usa,2034.4,34.4867,,
country_usa,2034.5,34.8602,,
country_usa,2034.6,35.2350,,
country_usa,2034.7,35.6111,,
country_usa,2034.8,35.9885,,
country_usa,2034.9,36.3671,,
country_usa,2035.0,36.7470,,
country_usa,2035.1,37.1280,,
country_usa,2035.2,37.5102,,
country_usa,2035.3,37.8935,,
country_usa,2035.4,38.2779,,
country_usa,2035.5,38.6634,,
country_usa,2035.6,39.0499,,
country_usa,2035.7,39.4374,,
country_usa,2035.8,39.8258,,
country_usa,2035.9,40.2152,,
country_usa,2036.0,40.6055,,
country_usa,2036.1,40.9966,,
country_usa,2036.2,41.3886,,
country_usa,2036.3,41.7813,,
country_usa,2036.4,42.1748,,
country_usa,2036.5,42.5690,,
country_usa,2036.6,42.9640,,
country_usa,2036.7,43.3595,,
country_usa,2036.8,43.7557,,
country_usa,2036.9,44.1525,,
country_usa,2037.0,44.5498,,
country_usa,2037.1,44.9477,,
country_usa,2037.2,45.3460,,
country_usa,2037.3,45.7447,,
country_usa,2037.4,46.1439,,
country_usa,2037.5,46.5434,,
country_usa,2037.6,46.9432,,
country_usa,2037.7,47.3434,,
country_usa,2037.8,47.7438,,
country_usa,2037.9,48.1444,,
country_usa,2038.0,48.5452,,
country_usa,2038.1,48.9461,,
country_usa,2038.2,49.3472,,
country_usa,2038.3,49.7483,,
country_usa,2038.4,50.1494,,
country_usa,2038.5,50.5506,,
country_usa,2038.6,50.9517,,
country_usa,2038.7,51.3527,,
country_usa,2038.8,51.7536,,
country_usa,2038.9,52.1544,,
country_usa,2039.0,52.5550,,
country_usa,2039.1,52.9553,,
country_usa,2039.2,53.3554,,
country_usa,2039.3,53.7552,,
country_usa,2039.4,54.1546,,
country_usa,2039.5,54.5537,,
country_usa,2039.6,54.9523,,
country_usa,2039.7,55.3505,,
country_usa,2039.8,55.7482,,
country_usa,2039.9,56.1454,,
country_usa,2040.0,56.5420,,
country_usa,2040.1,56.9381,,
country_usa,2040.2,57.3335,,
country_usa,2040.3,57.7282,,
country_usa,2040.4,58.1222,,
country_usa,2040.5,58.5155,,
country_usa,2040.6,58.9079,,
country_usa,2040.7,59.2996,,
country_usa,2040.8,59.6904,,
country_usa,2040.9,60.0804,,
country_usa,2041.0,60.4694,,
country_usa,2041.1,60.8574,,
country_usa,2041.2,61.2445,,
country_usa,2041.3,61.6305,,
country_usa,2041.4,62.0155,,
country_usa,2041.5,62.3994,,
country_usa,2041.6,62.7821,,
country_usa,2041.7,63.1637,,
country_usa,2041.8,63.5441,,
country_usa,2041.9,63.9232,,
country_usa,2042.0,64.3011,,
country_usa,2042.1,64.6777,,
country_usa,2042.2,65.0530,,
country_usa,2042.3,65.4269,,
country_usa,2042.4,65.7994,,
country_usa,2042.5,66.1705,,
country_usa,2042.6,66.5402,,
country_usa,2042.7,66.9083,,
country_usa,2042.8,67.2750,,
country_usa,2042.9,67.6401,,
country_usa,2043.0,68.0036,,
country_usa,2043.1,68.3655,,
country_usa,2043.2,68.7258,,
country_usa,2043.3,69.0845,,
country_usa,2043.4,69.4414,,
country_usa,2043.5,69.7967,,
country_usa,2043.6,70.1501,,
country_usa,2043.7,70.5019,,
country_usa,2043.8,70.8518,,
country_usa,2043.9,71.1999,,
country_usa,2044.0,71.5462,,
country_usa,2044.1,71.8905,,
country_usa,2044.2,72.2330,,
country_usa,2044.3,72.5736,,
country_usa,2044.4,72.9122,,
country_usa,2044.5,73.2489,,
country_usa,2044.6,73.5835,,
country_usa,2044.7,73.9162,,
country_usa,2044.8,74.2468,,
country_usa,2044.9,74.5753,,
country_usa,2045.0,74.9018,,
country_usa,2045.1,75.2262,,
country_usa,2045.2,75.5485,,
country_usa,2045.3,75.8686,,
country_usa,2045.4,76.1866,,
country_usa,2045.5,76.5024,,
country_usa,2045.6,76.8160,,
country_usa,2045.7,77.1274,,
country_usa,2045.8,77.4366,,
country_usa,2045.9,77.7435,,
country_usa,2046.0,78.0482,,
country_usa,2046.1,78.3506,,
country_usa,2046.2,78.6508,,
country_usa,2046.3,78.9486,,
country_usa,2046.4,79.2441,,
country_usa,2046.5,79.5373,,
country_usa,2046.6,79.8281,,
country_usa,2046.7,80.1166,,
country_usa,2046.8,80.4027,,
country_usa,2046.9,80.6864,,
country_usa,2047.0,80.9678,,
country_usa,2047.1,81.2468,,
country_usa,2047.2,81.5233,,
country_usa,2047.3,81.7975,,
country_usa,2047.4,82.0692,,
country_usa,2047.5,82.3385,,
country_usa,2047.6,82.6053,,
country_usa,2047.7,82.8698,,
country_usa,2047.8,83.1317,,
country_usa,2047.9,83.3912,,
country_usa,2048.0,83.6483,,
country_usa,2048.1,83.9029,,
country_usa,2048.2,84.1550,,
country_usa,2048.3,84.4046,,
country_usa,2048.4,84.6518,,
country_usa,2048.5,84.8965,,
country_usa,2048.6,85.1387,,
country_usa,2048.7,85.3784,,
country_usa,2048.8,85.6156,,
country_usa,2048.9,85.8504,,
country_usa,2049.0,86.0827,,
country_usa,2049.1,86.3125,,
country_usa,2049.2,86.5398,,
country_usa,2049.3,86.7646,,
country_usa,2049.4,86.9869,,
country_usa,2049.5,87.2068,,
country_usa,2049.6,87.4242,,
country_usa,2049.7,87.6392,,
country_usa,2049.8,87.8516,,
country_usa,2049.9,88.0616,,
country_usa,2050.0,88.2692,,
country_japan,2015.0,0.4283,,
country_japan,2015.1,0.4388,,
country_japan,2015.2,0.4493,,
country_japan,2015.3,0.4598,,
country_japan,2015.4,0.4703,,
country_japan,2015.5,0.4808,,
country_japan,2015.6,0.4912,,
country_japan,2015.7,0.5017,,
country_japan,2015.8,0.5122,,
country_japan,2015.9,0.5226,,
country_japan,2016.0,0.5331,,
country_japan,2016.1,0.5435,,
country_japan,2016.2,0.5540,,
country_japan,2016.3,0.5644,,
country_japan,2016.4,0.5748,,
country_japan,2016.5,0.5853,,
country_japan,2016.6,0.5957,,
country_japan,2016.7,0.6061,,
country_japan,2016.8,0.6165,,
country_japan,2016.9,0.6269,,
country_japan,2017.0,0.6373,,
country_japan,2017.1,0.6477,,
country_japan,2017.2,0.6581,,
country_japan,2017.3,0.6685,,
country_japan,2017.4,0.6789,,
country_japan,2017.5,0.6893,,
country_japan,2017.6,0.6997,,
country_japan,2017.7,0.7101,,
country_japan,2017.8,0.7205,,
country_japan,2017.9,0.7308,,
country_japan,2018.0,0.7412,,
country_japan,2018.1,0.7516,,
country_japan,2018.2,0.7619,,
country_japan,2018.3,0.7723,,
country_japan,2018.4,0.7826,,
country_japan,2018.5,0.7930,,
country_japan,2018.6,0.8033,,
country_japan,2018.7,0.8137,,
country_japan,2018.8,0.8240,,
country_japan,2018.9,0.8344,,
country_japan,2019.0,0.8447,,
country_japan,2019.1,0.8550,,
country_japan,2019.2,0.8654,,
country_japan,2019.3,0.8757,,
country_japan,2019.4,0.8860,,
country_japan,2019.5,0.8963,,
country_japan,2019.6,0.9066,,
country_japan,2019.7,0.9170,,
country_japan,2019.8,0.9273,,
country_japan,2019.9,0.9376,,
country_japan,2020.0,0.9479,,
country_japan,2020.1,0.9582,,
country_japan,2020.2,0.9685,,
country_japan,2020.3,0.9788,,
country_japan,2020.4,0.9891,,
country_japan,2020.5,0.9993,,
country_japan,2020.6,1.0096,,
country_japan,2020.7,1.0199,,
country_japan,2020.8,1.0302,,
country_japan,2020.9,1.0405,,
country_japan,2021.0,1.0507,,
country_japan,2021.1,1.0610,,
country_japan,2021.2,1.0713,,
country_japan,2021.3,1.0815,,
country_japan,2021.4,1.0918,,
country_japan,2021.5,1.1021,,
country_japan,2021.6,1.1123,,
country_japan,2021.7,1.1226,,
country_japan,2021.8,1.1328,,
country_japan,2021.9,1.1431,,
country_japan,2022.0,1.1533,,
country_japan,2022.1,1.1636,,
country_japan,2022.2,1.1738,,
country_japan,2022.3,1.1840,,
country_japan,2022.4,1.1943,,
country_japan,2022.5,1.2045,,
country_japan,2022.6,1.2147,,
country_japan,2022.7,1.2250,,
country_japan,2022.8,1.2352,,
country_japan,2022.9,1.2454,,
country_japan,2023.0,1.2556,,
country_japan,2023.1,1.2659,,
country_japan,2023.2,1.2761,,
country_japan,2023.3,1.2863,,
country_japan,2023.4,1.2965,,
country_japan,2023.5,1.3067,,
country_japan,2023.6,1.3169,,
country_japan,2023.7,1.3271,,
country_japan,2023.8,1.3373,,
country_japan,2023.9,1.3475,,
country_japan,2024.0,1.3577,,
country_japan,2024.1,1.3679,,
country_japan,2024.2,1.3781,,
country_japan,2024.3,1.3883,,
country_japan,2024.4,1.3985,,
country_japan,2024.5,1.4086,,
country_japan,2024.6,1.4188,,
country_japan,2024.7,1.4290,,
country_japan,2024.8,1.4392,,
country_japan,2024.9,1.4493,,
country_japan,2025.0,1.4595,,
country_japan,2025.1,1.4697,,
country_japan,2025.2,1.4799,,
country_japan,2025.3,1.4900,,
country_japan,2025.4,1.5002,,
country_japan,2025.5,1.5103,,
country_japan,2025.6,1.5205,,
country_japan,2025.7,1.5307,,
country_japan,2025.8,1.5408,,
country_japan,2025.9,1.5510,,
country_japan,2026.0,1.5611,,
country_japan,2026.1,1.5713,,
country_japan,2026.2,1.5814,,
country_japan,2026.3,1.5915,,
country_japan,2026.4,1.6017,,
country_japan,2026.5,1.6118,,
country_japan,2026.6,1.6220,,
country_japan,2026.7,1.6321,,
country_japan,2026.8,1.6422,,
country_japan,2026.9,1.6524,,
country_japan,2027.0,1.6625,,
country_japan,2027.1,1.6726,,
country_japan,2027.2,1.6827,,
country_japan,2027.3,1.6929,,
country_japan,2027.4,1.7030,,
country_japan,2027.5,1.7131,,
country_japan,2027.6,1.7232,,
country_japan,2027.7,1.7333,,
country_japan,2027.8,1.7434,,
country_japan,2027.9,1.7535,,
country_japan,2028.0,1.7636,,
country_japan,2028.1,1.7737,,
country_japan,2028.2,1.7838,,
country_japan,2028.3,1.7939,,
country_japan,2028.4,1.8040,,
country_japan,2028.5,1.8141,,
country_japan,2028.6,1.8242,,
country_japan,2028.7,1.8343,,
country_japan,2028.8,1.8444,,
country_japan,2028.9,1.8545,,
country_japan,2029.0,1.8646,,
country_japan,2029.1,1.8747,,
country_japan,2029.2,1.8848,,
country_japan,2029.3,1.8948,,
country_japan,2029.4,1.9049,,
country_japan,2029.5,1.9150,,
country_japan,2029.6,1.9251,,
country_japan,2029.7,1.9351,,
country_japan,2029.8,1.9452,,
country_japan,2029.9,1.9553,,
country_japan,2030.0,1.9653,,
country_japan,2030.1,1.9754,,
country_japan,2030.2,1.9855,,
country_japan,2030.3,1.9955,,
country_japan,2030.4,2.0056,,
country_japan,2030.5,2.0156,,
country_japan,2030.6,2.0257,,
country_japan,2030.7,2.0358,,
country_japan,2030.8,2.0458,,
country_japan,2030.9,2.0559,,
country_japan,2031.0,2.0659,,
country_japan,2031.1,2.0759,,
country_japan,2031.2,2.0860,,
country_japan,2031.3,2.0960,,
country_japan,2031.4,2.1061,,
country_japan,2031.5,2.1161,,
country_japan,2031.6,2.1261,,
country_japan,2031.7,2.1362,,
country_japan,2031.8,2.1462,,
country_japan,2031.9,2.1562,,
country_japan,2032.0,2.1663,,
country_japan,2032.1,2.1763,,
country_japan,2032.2,2.1863,,
country_japan,2032.3,2.1963,,
country_japan,2032.4,2.2064,,
country_japan,2032.5,2.2164,,
country_japan,2032.6,2.2264,,
country_japan,2032.7,2.2364,,
country_japan,2032.8,2.2464,,
country_japan,2032.9,2.2564,,
country_japan,2033.0,2.2664,,
country_japan,2033.1,2.2765,,
country_japan,2033.2,2.2865,,
country_japan,2033.3,2.2965,,
country_japan,2033.4,2.3065,,
country_japan,2033.5,2.3165,,
country_japan,2033.6,2.3265,,
country_japan,2033.7,2.3365,,
country_japan,2033.8,2.3465,,
country_japan,2033.9,2.3565,,
country_japan,2034.0,2.3664,,
country_japan,2034.1,2.3764,,
country_japan,2034.2,2.3864,,
country_japan,2034.3,2.3964,,
country_japan,2034.4,2.4064,,
country_japan,2034.5,2.4164,,
country_japan,2034.6,2.4264,,
country_japan,2034.7,2.4363,,
country_japan,2034.8,2.4463,,
country_japan,2034.9,2.4563,,
country_japan,2035.0,2.4663,,
country_japan,2035.1,2.4762,,
country_japan,2035.2,2.4862,,
country_japan,2035.3,2.4962,,
country_japan,2035.4,2.5062,,
country_japan,2035.5,2.5161,,
country_japan,2035.6,2.5261,,
country_japan,2035.7,2.5360,,
country_japan,2035.8,2.5460,,
country_japan,2035.9,2.5560,,
country_japan,2036.0,2.5659,,
country_japan,2036.1,2.5759,,
country_japan,2036.2,2.5858,,
country_japan,2036.3,2.5958,,
country_japan,2036.4,2.6057,,
country_japan,2036.5,2.6157,,
country_japan,2036.6,2.6256,,
country_japan,2036.7,2.6356,,
country_japan,2036.8,2.6455,,
country_japan,2036.9,2.6555,,
country_japan,2037.0,2.6654,,
country_japan,2037.1,2.6753,,
country_japan,2037.2,2.6853,,
country_japan,2037.3,2.6952,,
country_japan,2037.4,2.7051,,
country_japan,2037.5,2.7151,,
country_japan,2037.6,2.7250,,
country_japan,2037.7,2.7349,,
country_japan,2037.8,2.7449,,
country_japan,2037.9,2.7548,,
country_japan,2038.0,2.7647,,
country_japan,2038.1,2.7746,,
country_japan,2038.2,2.7846,,
country_japan,2038.3,2.7945,,
country_japan,2038.4,2.8044,,
country_japan,2038.5,2.8143,,
country_japan,2038.6,2.8242,,
country_japan,2038.7,2.8341,,
country_japan,2038.8,2.8440,,
country_japan,2038.9,2.8540,,
country_japan,2039.0,2.8639,,
country_japan,2039.1,2.8738,,
country_japan,2039.2,2.8837,,
country_japan,2039.3,2.8936,,
country_japan,2039.4,2.9035,,
country_japan,2039.5,2.9134,,
country_japan,2039.6,2.9233,,
country_japan,2039.7,2.9332,,
country_japan,2039.8,2.9431,,
country_japan,2039.9,2.9530,,
country_japan,2040.0,2.9629,,
country_japan,2040.1,2.9727,,
country_japan,2040.2,2.9826,,
country_japan,2040.3,2.9925,,
country_japan,2040.4,3.0024,,
country_japan,2040.5,3.0123,,
country_japan,2040.6,3.0222,,
country_japan,2040.7,3.0320,,
country_japan,2040.8,3.0419,,
country_japan,2040.9,3.0518,,
country_japan,2041.0,3.0617,,
country_japan,2041.1,3.0716,,
country_japan,2041.2,3.0814,,
country_japan,2041.3,3.0913,,
country_japan,2041.4,3.1012,,
country_japan,2041.5,3.1110,,
country_japan,2041.6,3.1209,,
country_japan,2041.7,3.1308,,
country_japan,2041.8,3.1406,,
country_japan,2041.9,3.1505,,
country_japan,2042.0,3.1603,,
country_japan,2042.1,3.1702,,
country_japan,2042.2,3.1801,,
country_japan,2042.3,3.1899,,
country_japan,2042.4,3.1998,,
country_japan,2042.5,3.2096,,
country_japan,2042.6,3.2195,,
country_japan,2042.7,3.2293,,
country_japan,2042.8,3.2392,,
country_japan,2042.9,3.2490,,
country_japan,2043.0,3.2589,,
country_japan,2043.1,3.2687,,
country_japan,2043.2,3.2785,,
country_japan,2043.3,3.2884,,
country_japan,2043.4,3.2982,,
country_japan,2043.5,3.3081,,
country_japan,2043.6,3.3179,,
country_japan,2043.7,3.3277,,
country_japan,2043.8,3.3376,,
country_japan,2043.9,3.3474,,
country_japan,2044.0,3.3572,,
country_japan,2044.1,3.3671,,
country_japan,2044.2,3.3769,,
country_japan,2044.3,3.3867,,
country_japan,2044.4,3.3965,,
country_japan,2044.5,3.4063,,
country_japan,2044.6,3.4162,,
country_japan,2044.7,3.4260,,
country_japan,2044.8,3.4358,,
country_japan,2044.9,3.4456,,
country_japan,2045.0,3.4554,,
country_japan,2045.1,3.4652,,
country_japan,2045.2,3.4751,,
country_japan,2045.3,3.4849,,
country_japan,2045.4,3.4947,,
country_japan,2045.5,3.5045,,
country_japan,2045.6,3.5143,,
country_japan,2045.7,3.5241,,
country_japan,2045.8,3.5339,,
country_japan,2045.9,3.5437,,
country_japan,2046.0,3.5535,,
country_japan,2046.1,3.5633,,
country_japan,2046.2,3.5731,,
country_japan,2046.3,3.5829,,
country_japan,2046.4,3.5927,,
country_japan,2046.5,3.6025,,
country_japan,2046.6,3.6123,,
country_japan,2046.7,3.6220,,
country_japan,2046.8,3.6318,,
country_japan,2046.9,3.6416,,
country_japan,2047.0,3.6514,,
country_japan,2047.1,3.6612,,
country_japan,2047.2,3.6710,,
country_japan,2047.3,3.6808,,
country_japan,2047.4,3.6905,,
country_japan,2047.5,3.7003,,
country_japan,2047.6,3.7101,,
country_japan,2047.7,3.7199,,
country_japan,2047.8,3.7296,,
country_japan,2047.9,3.7394,,
country_japan,2048.0,3.7492,,
country_japan,2048.1,3.7589,,
country_japan,2048.2,3.7687,,
country_japan,2048.3,3.7785,,
country_japan,2048.4,3.7882,,
country_japan,2048.5,3.7980,,
country_japan,2048.6,3.8078,,
country_japan,2048.7,3.8175,,
country_japan,2048.8,3.8273,,
country_japan,2048.9,3.8370,,
country_japan,2049.0,3.8468,,
country_japan,2049.1,3.8566,,
country_japan,2049.2,3.8663,,
country_japan,2049.3,3.8761,,
country_japan,2049.4,3.8858,,
country_japan,2049.5,3.8956,,
country_japan,2049.6,3.9053,,
country_japan,2049.7,3.9150,,
country_japan,2049.8,3.9248,,
country_japan,2049.9,3.9345,,
country_japan,2050.0,3.9443,,
country_france,2015.0,0.0779,,
country_france,2015.1,0.0975,,
country_france,2015.2,0.1197,,
country_france,2015.3,0.1445,,
country_france,2015.4,0.1721,,
country_france,2015.5,0.2025,,
country_france,2015.6,0.2358,,
country_france,2015.7,0.2720,,
country_france,2015.8,0.3112,,
country_france,2015.9,0.3535,,
country_france,2016.0,0.3989,,
country_france,2016.1,0.4474,,
country_france,2016.2,0.4992,,
country_france,2016.3,0.5542,,
country_france,2016.4,0.6126,,
country_france,2016.5,0.6743,,
country_france,2016.6,0.7394,,
country_france,2016.7,0.8080,,
country_france,2016.8,0.8800,,
country_france,2016.9,0.9556,,
country_france,2017.0,1.0348,,
country_france,2017.1,1.1175,,
country_france,2017.2,1.2039,,
country_france,2017.3,1.2940,,
country_france,2017.4,1.3877,,
country_france,2017.5,1.4852,,
country_france,2017.6,1.5865,,
country_france,2017.7,1.6915,,
country_france,2017.8,1.8003,,
country_france,2017.9,1.9130,,
country_france,2018.0,2.0295,,
country_france,2018.1,2.1500,,
country_france,2018.2,2.2743,,
country_france,2018.3,2.4025,,
country_france,2018.4,2.5347,,
country_france,2018.5,2.6709,,
country_france,2018.6,2.8110,,
country_france,2018.7,2.9551,,
country_france,2018.8,3.1032,,
country_france,2018.9,3.2553,,
country_france,2019.0,3.4115,,
country_france,2019.1,3.5717,,
country_france,2019.2,3.7360,,
country_france,2019.3,3.9043,,
country_france,2019.4,4.0767,,
country_france,2019.5,4.2531,,
country_france,2019.6,4.4337,,
country_france,2019.7,4.6183,,
country_france,2019.8,4.8070,,
country_france,2019.9,4.9998,,
country_france,2020.0,5.1966,,
country_france,2020.1,5.3976,,
country_france,2020.2,5.6027,,
country_france,2020.3,5.8118,,
country_france,2020.4,6.0250,,
country_france,2020.5,6.2423,,
country_france,2020.6,6.4637,,
country_france,2020.7,6.6891,,
country_france,2020.8,6.9186,,
country_france,2020.9,7.1522,,
country_france,2021.0,7.3898,,
country_france,2021.1,7.6314,,
country_france,2021.2,7.8770,,
country_france,2021.3,8.1267,,
country_france,2021.4,8.3803,,
country_france,2021.5,8.6380,,
country_france,2021.6,8.8995,,
country_france,2021.7,9.1651,,
country_france,2021.8,9.4346,,
country_france,2021.9,9.7080,,
country_france,2022.0,9.9853,,
country_france,2022.1,10.2664,,
country_france,2022.2,10.5515,,
country_france,2022.3,10.8403,,
country_france,2022.4,11.1330,,
country_france,2022.5,11.4295,,
country_france,2022.6,11.7297,,
country_france,2022.7,12.0337,,
country_france,2022.8,12.3414,,
country_france,2022.9,12.6528,,
country_france,2023.0,12.9678,,
country_france,2023.1,13.2865,,
country_france,2023.2,13.6087,,
country_france,2023.3,13.9346,,
country_france,2023.4,14.2640,,
country_france,2023.5,14.5968,,
country_france,2023.6,14.9332,,
country_france,2023.7,15.2730,,
country_france,2023.8,15.6162,,
country_france,2023.9,15.9628,,
country_france,2024.0,16.3128,,
country_france,2024.1,16.6660,,
country_france,2024.2,17.0225,,
country_france,2024.3,17.3822,,
country_france,2024.4,17.7451,,
country_france,2024.5,18.1112,,
country_france,2024.6,18.4803,,
country_france,2024.7,18.8526,,
country_france,2024.8,19.2278,,
country_france,2024.9,19.6060,,
country_france,2025.0,19.9872,,
country_france,2025.1,20.3713,,
country_france,2025.2,20.7582,,
country_france,2025.3,21.1480,,
country_france,2025.4,21.5405,,
country_france,2025.5,21.9357,,
country_france,2025.6,22.3336,,
country_france,2025.7,22.7341,,
country_france,2025.8,23.1372,,
country_france,2025.9,23.5429,,
country_france,2026.0,23.9510,,
country_france,2026.1,24.3615,,
country_france,2026.2,24.7745,,
country_france,2026.3,25.1897,,
country_france,2026.4,25.6073,,
country_france,2026.5,26.0270,,
country_france,2026.6,26.4490,,
country_france,2026.7,26.8731,,
country_france,2026.8,27.2993,,
country_france,2026.9,27.7274,,
country_france,2027.0,28.1576,,
country_france,2027.1,28.5897,,
country_france,2027.2,29.0237,,
country_france,2027.3,29.4594,,
country_france,2027.4,29.8969,,
country_france,2027.5,30.3362,,
country_france,2027.6,30.7771,,
country_france,2027.7,31.2195,,
country_france,2027.8,31.6635,,
country_france,2027.9,32.1090,,
country_france,2028.0,32.5560,,
country_france,2028.1,33.0043,,
country_france,2028.2,33.4539,,
country_france,2028.3,33.9048,,
country_france,2028.4,34.3569,,
country_france,2028.5,34.8101,,
country_france,2028.6,35.2645,,
country_france,2028.7,35.7199,,
country_france,2028.8,36.1762,,
country_france,2028.9,36.6335,,
country_france,2029.0,37.0917,,
country_france,2029.1,37.5506,,
country_france,2029.2,38.0104,,
country_france,2029.3,38.4708,,
country_france,2029.4,38.9318,,
country_france,2029.5,39.3935,,
country_france,2029.6,39.8557,,
country_france,2029.7,40.3183,,
country_france,2029.8,40.7814,,
country_france,2029.9,41.2448,,
country_france,2030.0,41.7086,,
country_france,2030.1,42.1726,,
country_france,2030.2,42.6367,,
country_france,2030.3,43.1011,,
country_france,2030.4,43.5654,,
country_france,2030.5,44.0299,,
country_france,2030.6,44.4943,,
country_france,2030.7,44.9586,,
country_france,2030.8,45.4228,,
country_france,2030.9,45.8867,,
country_france,2031.0,46.3505,,
country_france,2031.1,46.8139,,
country_france,2031.2,47.2770,,
country_france,2031.3,47.7397,,
country_france,2031.4,48.2019,,
country_france,2031.5,48.6636,,
country_france,2031.6,49.1248,,
country_france,2031.7,49.5853,,
country_france,2031.8,50.0452,,
country_france,2031.9,50.5043,,
country_france,2032.0,50.9627,,
country_france,2032.1,51.4202,,
country_france,2032.2,51.8769,,
country_france,2032.3,52.3327,,
country_france,2032.4,52.7875,,
country_france,2032.5,53.2413,,
country_france,2032.6,53.6940,,
country_france,2032.7,54.1456,,
country_france,2032.8,54.5961,,
country_france,2032.9,55.0453,,
country_france,2033.0,55.4933,,
country_france,2033.1,55.9400,,
country_france,2033.2,56.3854,,
country_france,2033.3,56.8293,,
country_france,2033.4,57.2719,,
country_france,2033.5,57.7129,,
country_france,2033.6,58.1525,,
country_france,2033.7,58.5905,,
country_france,2033.8,59.0269,,
country_france,2033.9,59.4616,,
country_france,2034.0,59.8947,,
country_france,2034.1,60.3261,,
country_france,2034.2,60.7557,,
country_france,2034.3,61.1835,,
country_france,2034.4,61.6094,,
country_france,2034.5,62.0335,,
country_france,2034.6,62.4557,,
country_france,2034.7,62.8759,,
country_france,2034.8,63.2941,,
country_france,2034.9,63.7104,,
country_france,2035.0,64.1245,,
country_france,2035.1,64.5366,,
country_france,2035.2,64.9466,,
country_france,2035.3,65.3544,,
country_france,2035.4,65.7601,,
country_france,2035.5,66.1635,,
country_france,2035.6,66.5647,,
country_france,2035.7,66.9637,,
country_france,2035.8,67.3603,,
country_france,2035.9,67.7546,,
country_france,2036.0,68.1465,,
country_france,2036.1,68.5361,,
country_france,2036.2,68.9233,,
country_france,2036.3,69.3080,,
country_france,2036.4,69.6903,,
country_france,2036.5,70.0701,,
country_france,2036.6,70.4474,,
country_france,2036.7,70.8222,,
country_france,2036.8,71.1944,,
country_france,2036.9,71.5641,,
country_france,2037.0,71.9312,,
country_france,2037.1,72.2956,,
country_france,2037.2,72.6575,,
country_france,2037.3,73.0167,,
country_france,2037.4,73.3733,,
country_france,2037.5,73.7271,,
country_france,2037.6,74.0783,,
country_france,2037.7,74.4268,,
country_france,2037.8,74.7726,,
country_france,2037.9,75.1156,,
country_france,2038.0,75.4558,,
country_france,2038.1,75.7934,,
country_france,2038.2,76.1281,,
country_france,2038.3,76.4601,,
country_france,2038.4,76.7892,,
country_france,2038.5,77.1156,,
country_france,2038.6,77.4391,,
country_france,2038.7,77.7599,,
country_france,2038.8,78.0778,,
country_france,2038.9,78.3929,,
country_france,2039.0,78.7051,,
country_france,2039.1,79.0145,,
country_france,2039.2,79.3210,,
country_france,2039.3,79.6247,,
country_france,2039.4,79.9255,,
country_france,2039.5,80.2234,,
country_france,2039.6,80.5185,,
country_france,2039.7,80.8107,,
country_france,2039.8,81.1001,,
country_france,2039.9,81.3866,,
country_france,2040.0,81.6702,,
country_france,2040.1,81.9509,,
country_france,2040.2,82.2288,,
country_france,2040.3,82.5038,,
country_france,2040.4,82.7760,,
country_france,2040.5,83.0452,,
country_france,2040.6,83.3117,,
country_france,2040.7,83.5752,,
country_france,2040.8,83.8360,,
country_france,2040.9,84.0938,,
country_france,2041.0,84.3489,,
country_france,2041.1,84.6011,,
country_france,2041.2,84.8505,,
country_france,2041.3,85.0970,,
country_france,2041.4,85.3408,,
country_france,2041.5,85.5817,,
country_france,2041.6,85.8199,,
country_france,2041.7,86.0552,,
country_france,2041.8,86.2878,,
country_france,2041.9,86.5176,,
country_france,2042.0,86.7447,,
country_france,2042.1,86.9690,,
country_france,2042.2,87.1906,,
country_france,2042.3,87.4094,,
country_france,2042.4,87.6256,,
country_france,2042.5,87.8390,,
country_france,2042.6,88.0497,,
country_france,2042.7,88.2578,,
country_france,2042.8,88.4632,,
country_france,2042.9,88.6660,,
country_france,2043.0,88.8661,,
country_france,2043.1,89.0636,,
country_france,2043.2,89.2586,,
country_france,2043.3,89.4509,,
country_france,2043.4,89.6406,,
country_france,2043.5,89.8278,,
country_france,2043.6,90.0125,,
country_france,2043.7,90.1946,,
country_france,2043.8,90.3742,,
country_france,2043.9,90.5513,,
country_france,2044.0,90.7260,,
country_france,2044.1,90.8982,,
country_france,2044.2,91.0679,,
country_france,2044.3,91.2353,,
country_france,2044.4,91.4002,,
country_france,2044.5,91.5627,,
country_france,2044.6,91.7229,,
country_france,2044.7,91.8807,,
country_france,2044.8,92.0362,,
country_france,2044.9,92.1894,,
country_france,2045.0,92.3403,,
country_france,2045.1,92.4890,,
country_france,2045.2,92.6353,,
country_france,2045.3,92.7795,,
country_france,2045.4,92.9214,,
country_france,2045.5,93.0611,,
country_france,2045.6,93.1987,,
country_france,2045.7,93.3341,,
country_france,2045.8,93.4674,,
country_france,2045.9,93.5986,,
country_france,2046.0,93.7277,,
country_france,2046.1,93.8547,,
country_france,2046.2,93.9796,,
country_france,2046.3,94.1026,,
country_france,2046.4,94.2235,,
country_france,2046.5,94.3424,,
country_france,2046.6,94.4594,,
country_france,2046.7,94.5744,,
country_france,2046.8,94.6875,,
country_france,2046.9,94.7987,,
country_france,2047.0,94.9081,,
country_france,2047.1,95.0155,,
country_france,2047.2,95.1211,,
country_france,2047.3,95.2249,,
country_france,2047.4,95.3269,,
country_france,2047.5,95.4272,,
country_france,2047.6,95.5256,,
country_france,2047.7,95.6224,,
country_france,2047.8,95.7174,,
country_france,2047.9,95.8107,,
country_france,2048.0,95.9024,,
country_france,2048.1,95.9924,,
country_france,2048.2,96.0808,,
country_france,2048.3,96.1676,,
country_france,2048.4,96.2527,,
country_france,2048.5,96.3364,,
country_france,2048.6,96.4184,,
country_france,2048.7,96.4990,,
country_france,2048.8,96.5780,,
country_france,2048.9,96.6556,,
country_france,2049.0,96.7316,,
country_france,2049.1,96.8063,,
country_france,2049.2,96.8795,,
country_france,2049.3,96.9513,,
country_france,2049.4,97.0217,,
country_france,2049.5,97.0908,,
country_france,2049.6,97.1585,,
country_france,2049.7,97.2249,,
country_france,2049.8,97.2900,,
country_france,2049.9,97.3538,,
country_france,2050.0,97.4163,,
