group,year,bev_share,ice_share,phev_share
world,2015.0,0.3796,99.5578,0.1436
world,2015.1,0.4056,99.5271,0.1516
world,2015.2,0.4331,99.4947,0.1599
world,2015.3,0.4619,99.4603,0.1686
world,2015.4,0.4922,99.4241,0.1777
world,2015.5,0.5240,99.3858,0.1870
world,2015.6,0.5574,99.3455,0.1968
world,2015.7,0.5924,99.3030,0.2069
world,2015.8,0.6291,99.2583,0.2174
world,2015.9,0.6675,99.2112,0.2283
world,2016.0,0.7077,99.1618,0.2395
world,2016.1,0.7496,99.1099,0.2511
world,2016.2,0.7935,99.0555,0.2631
world,2016.3,0.8392,98.9984,0.2755
world,2016.4,0.8869,98.9385,0.2882
world,2016.5,0.9366,98.8759,0.3014
world,2016.6,0.9883,98.8103,0.3149
world,2016.7,1.0422,98.7417,0.3288
world,2016.8,1.0982,98.6700,0.3432
world,2016.9,1.1565,98.5950,0.3579
world,2017.0,1.2170,98.5168,0.3730
world,2017.1,1.2799,98.4343,0.3892
world,2017.2,1.3453,98.3483,0.4058
world,2017.3,1.4131,98.2585,0.4229
world,2017.4,1.4834,98.1649,0.4405
world,2017.5,1.5562,98.0673,0.4587
world,2017.6,1.6317,97.9656,0.4773
world,2017.7,1.7098,97.8597,0.4965
world,2017.8,1.7907,97.7494,0.5162
world,2017.9,1.8743,97.6347,0.5363
world,2018.0,1.9608,97.5155,0.5570
world,2018.1,2.0514,97.3913,0.5783
world,2018.2,2.1439,97.2624,0.6000
world,2018.3,2.2393,97.1286,0.6335
world,2018.4,2.3378,96.9897,0.6738
world,2018.5,2.4394,96.8457,0.7162
world,2018.6,2.5441,96.6964,0.7607
world,2018.7,2.6521,96.5417,0.8073
world,2018.8,2.7634,96.3815,0.8563
world,2018.9,2.8780,96.2155,0.9076
world,2019.0,2.9960,96.0437,0.9612
world,2019.1,3.1175,95.8660,1.0174
world,2019.2,3.2426,95.6822,1.0761
world,2019.3,3.3712,95.4921,1.1375
world,2019.4,3.5034,95.2957,1.2016
world,2019.5,3.6394,95.0928,1.2685
world,2019.6,3.7791,94.8832,1.3383
world,2019.7,3.9226,94.6669,1.4111
world,2019.8,4.0700,94.4437,1.4869
world,2019.9,4.2213,94.2135,1.5658
world,2020.0,4.3766,93.9761,1.6478
world,2020.1,4.5359,93.7314,1.7332
world,2020.2,4.6993,93.4793,1.8218
world,2020.3,4.8669,93.2197,1.9139
world,2020.4,5.0386,92.9523,2.0095
world,2020.5,5.2147,92.6772,2.1085
world,2020.6,5.3950,92.3942,2.2112
world,2020.7,5.5797,92.1031,2.3176
world,2020.8,5.7688,91.8038,2.4277
world,2020.9,5.9624,91.4963,2.5416
world,2021.0,6.1605,91.1804,2.6594
world,2021.1,6.3632,90.8560,2.7810
world,2021.2,6.5706,90.5230,2.9067
world,2021.3,6.7826,90.1813,3.0363
world,2021.4,6.9994,89.8309,3.1700
world,2021.5,7.2209,89.4717,3.3078
world,2021.6,7.4473,89.1035,3.4496
world,2021.7,7.6785,88.7263,3.5956
world,2021.8,7.9147,88.3400,3.7457
world,2021.9,8.1559,87.9446,3.9000
world,2022.0,8.4021,87.5400,4.0584
world,2022.1,8.6534,87.1263,4.2210
world,2022.2,8.9098,86.7032,4.3876
world,2022.3,9.1714,86.2709,4.5584
world,2022.4,9.4382,85.8293,4.7333
world,2022.5,9.7102,85.3784,4.9122
world,2022.6,9.9876,84.9183,5.0951
world,2022.7,10.2703,84.4488,5.2820
world,2022.8,10.5584,83.9701,5.4727
world,2022.9,10.8519,83.4821,5.6672
world,2023.0,11.1509,82.9850,5.8655
world,2023.1,11.4555,82.4788,6.0673
world,2023.2,11.7656,81.9635,6.2726
world,2023.3,12.0813,81.4392,6.4814
world,2023.4,12.4026,80.9060,6.6933
world,2023.5,12.7296,80.3641,6.9083
world,2023.6,13.0624,79.8135,7.1263
world,2023.7,13.4009,79.2543,7.3471
world,2023.8,13.7453,78.6868,7.5704
world,2023.9,14.0955,78.1110,7.7962
world,2024.0,14.4516,77.5271,8.0241
world,2024.1,14.8137,76.9353,8.2540
world,2024.2,15.1817,76.3358,8.4857
world,2024.3,15.5558,75.7287,8.7189
world,2024.4,15.9359,75.1143,8.9533
world,2024.5,16.3222,74.4928,9.1887
world,2024.6,16.7146,73.8644,9.4249
world,2024.7,17.1132,73.2293,9.6614
world,2024.8,17.5181,72.5878,9.8981
world,2024.9,17.9293,71.9402,10.1345
world,2025.0,18.3469,71.2867,10.3705
world,2025.1,18.7708,70.6277,10.6056
world,2025.2,19.2011,69.9633,10.8395
world,2025.3,19.6379,69.2939,11.0719
world,2025.4,20.0812,68.6198,11.3025
world,2025.5,20.5309,67.9413,11.5308
world,2025.6,20.9871,67.2588,11.7566
world,2025.7,21.4499,66.5727,11.9793
world,2025.8,21.9190,65.8833,12.1988
world,2025.9,22.3946,65.1910,12.4146
world,2026.0,22.8765,64.4963,12.6272
world,2026.1,23.3646,63.7996,12.8368
world,2026.2,23.8588,63.1016,13.0419
world,2026.3,24.3590,62.4026,13.2420
world,2026.4,24.8648,61.7033,13.4367
world,2026.5,25.3760,61.0044,13.6254
world,2026.6,25.8924,60.3065,13.8080
world,2026.7,26.4135,59.6104,13.9839
world,2026.8,26.9389,58.9169,14.1529
world,2026.9,27.4681,58.2269,14.3144
world,2027.0,28.0007,57.5411,14.4683
world,2027.1,28.5360,56.8606,14.6140
world,2027.2,29.0735,56.1863,14.7527
world,2027.3,29.6126,55.5190,14.8836
world,2027.4,30.1527,54.8596,15.0054
world,2027.5,30.6932,54.2090,15.1180
world,2027.6,31.2337,53.5678,15.2213
world,2027.7,31.7736,52.9367,15.3197
world,2027.8,32.3125,52.3162,15.4086
world,2027.9,32.8503,51.7066,15.4880
world,2028.0,33.3867,51.1081,15.5578
world,2028.1,33.9216,50.5208,15.6180
world,2028.2,34.4550,49.9446,15.6686
world,2028.3,34.9871,49.3794,15.7096
world,2028.4,35.5180,48.8250,15.7412
world,2028.5,36.0478,48.2811,15.7634
world,2028.6,36.5768,47.7475,15.7762
world,2028.7,37.1051,47.2239,15.7796
world,2028.8,37.6329,46.7103,15.7737
world,2028.9,38.1603,46.2065,15.7586
world,2029.0,38.6872,45.7123,15.7343
world,2029.1,39.2137,45.2277,15.7009
world,2029.2,39.7398,44.7526,15.6585
world,2029.3,40.2653,44.2869,15.6073
world,2029.4,40.7902,43.8306,15.5475
world,2029.5,41.3143,43.3835,15.4793
world,2029.6,41.8376,42.9455,15.4029
world,2029.7,42.3599,42.5165,15.3186
world,2029.8,42.8812,42.0963,15.2266
world,2029.9,43.4012,41.6848,15.1273
world,2030.0,43.9200,41.2818,15.0209
world,2030.1,44.4373,40.8871,14.9077
world,2030.2,44.9531,40.5005,14.7881
world,2030.3,45.4673,40.1217,14.6623
world,2030.4,45.9797,39.7505,14.5307
world,2030.5,46.4903,39.3868,14.3939
world,2030.6,46.9989,39.0302,14.2531
world,2030.7,47.5054,38.6805,14.1075
world,2030.8,48.0098,38.3375,13.9574
world,2030.9,48.5118,38.0010,13.8032
world,2031.0,49.0114,37.6707,13.6451
world,2031.1,49.5085,37.3463,13.4835
world,2031.2,50.0029,37.0277,13.3187
world,2031.3,50.4945,36.7147,13.1510
world,2031.4,50.9832,36.4070,12.9808
world,2031.5,51.4689,36.1043,12.8083
world,2031.6,51.9514,35.8066,12.6338
world,2031.7,52.4307,35.5137,12.4576
world,2031.8,52.9065,35.2252,12.2799
world,2031.9,53.3789,34.9412,12.1011
world,2032.0,53.8476,34.6614,11.9214
world,2032.1,54.3125,34.3856,11.7409
world,2032.2,54.7736,34.1139,11.5600
world,2032.3,55.2306,33.8459,11.3789
world,2032.4,55.6836,33.5816,11.1976
world,2032.5,56.1324,33.3209,11.0166
world,2032.6,56.5769,33.0637,10.8358
world,2032.7,57.0170,32.8099,10.6555
world,2032.8,57.4527,32.5594,10.4759
world,2032.9,57.8837,32.3121,10.2970
world,2033.0,58.3101,32.0680,10.1191
world,2033.1,58.7318,31.8270,9.9423
world,2033.2,59.1486,31.5891,9.7667
world,2033.3,59.5607,31.3541,9.5924
world,2033.4,59.9677,31.1220,9.4195
world,2033.5,60.3698,30.8928,9.2482
world,2033.6,60.7669,30.6664,9.0786
world,2033.7,61.1589,30.4428,8.9106
world,2033.8,61.5458,30.2220,8.7445
world,2033.9,61.9276,30.0038,8.5803
world,2034.0,62.3042,29.7882,8.4181
world,2034.1,62.6757,29.5753,8.2580
world,2034.2,63.0419,29.3649,8.1000
world,2034.3,63.4029,29.1570,7.9443
world,2034.4,63.7588,28.9515,7.7908
world,2034.5,64.1094,28.7485,7.6397
world,2034.6,64.4548,28.5478,7.4911
world,2034.7,64.7951,28.3494,7.3449
world,2034.8,65.1302,28.1533,7.2012
world,2034.9,65.4602,27.9593,7.0602
world,2035.0,65.7850,27.7675,6.9217
world,2035.1,66.1048,27.5778,6.7860
world,2035.2,66.4196,27.3901,6.6530
world,2035.3,66.7293,27.2044,6.5228
world,2035.4,67.0341,27.0205,6.3953
world,2035.5,67.3340,26.8386,6.2708
world,2035.6,67.6290,26.6584,6.1490
world,2035.7,67.9192,26.4800,6.0302
world,2035.8,68.2047,26.3033,5.9143
world,2035.9,68.4856,26.1282,5.8012
world,2036.0,68.7618,25.9547,5.6911
world,2036.1,69.0335,25.7827,5.5839
world,2036.2,69.3007,25.6122,5.4797
world,2036.3,69.5635,25.4431,5.3783
world,2036.4,69.8220,25.2755,5.2798
world,2036.5,70.0763,25.1091,5.1842
world,2036.6,70.3265,24.9441,5.0914
world,2036.7,70.5725,24.7804,5.0014
world,2036.8,70.8146,24.6179,4.9141
world,2036.9,71.0528,24.4566,4.8296
world,2037.0,71.2872,24.2965,4.7477
world,2037.1,71.5179,24.1375,4.6685
world,2037.2,71.7450,23.9796,4.5918
world,2037.3,71.9686,23.8228,4.5176
world,2037.4,72.1887,23.6671,4.4458
world,2037.5,72.4055,23.5125,4.3764
world,2037.6,72.6191,23.3588,4.3093
world,2037.7,72.8295,23.2062,4.2444
world,2037.8,73.0368,23.0546,4.1817
world,2037.9,73.2413,22.9040,4.1210
world,2038.0,73.4428,22.7544,4.0622
world,2038.1,73.6416,22.6057,4.0054
world,2038.2,73.8377,22.4579,3.9504
world,2038.3,74.0312,22.3112,3.8972
world,2038.4,74.2223,22.1653,3.8456
world,2038.5,74.4110,22.0204,3.7956
world,2038.6,74.5973,21.8763,3.7471
world,2038.7,74.7814,21.7332,3.7000
world,2038.8,74.9634,21.5910,3.6542
world,2038.9,75.1433,21.4497,3.6098
world,2039.0,75.3213,21.3093,3.5665
world,2039.1,75.4973,21.1698,3.5244
world,2039.2,75.6715,21.0311,3.4834
world,2039.3,75.8440,20.8933,3.4433
world,2039.4,76.0147,20.7564,3.4042
world,2039.5,76.1839,20.6203,3.3660
world,2039.6,76.3515,20.4850,3.3285
world,2039.7,76.5176,20.3507,3.2919
world,2039.8,76.6822,20.2171,3.2559
world,2039.9,76.8455,20.0844,3.2206
world,2040.0,77.0074,19.9525,3.1859
world,2040.1,77.1681,19.8215,3.1518
world,2040.2,77.3275,19.6912,3.1183
world,2040.3,77.4857,19.5618,3.0852
world,2040.4,77.6427,19.4331,3.0526
world,2040.5,77.7987,19.3053,3.0204
world,2040.6,77.9535,19.1783,2.9886
world,2040.7,78.1073,19.0520,2.9572
world,2040.8,78.2600,18.9265,2.9261
world,2040.9,78.4118,18.8019,2.8953
world,2041.0,78.5626,18.6779,2.8649
world,2041.1,78.7124,18.5548,2.8347
world,2041.2,78.8613,18.4324,2.8048
world,2041.3,79.0093,18.3107,2.7752
world,2041.4,79.1564,18.1898,2.7458
world,2041.5,79.3026,18.0697,2.7166
world,2041.6,79.4479,17.9503,2.6876
world,2041.7,79.5924,17.8316,2.6589
world,2041.8,79.7361,17.7137,2.6303
world,2041.9,79.8789,17.5965,2.6019
world,2042.0,80.0209,17.4800,2.5738
world,2042.1,80.1621,17.3642,2.5458
world,2042.2,80.3025,17.2491,2.5179
world,2042.3,80.4420,17.1348,2.4903
world,2042.4,80.5808,17.0211,2.4628
world,2042.5,80.7188,16.9082,2.4355
world,2042.6,80.8560,16.7959,2.4084
world,2042.7,80.9924,16.6843,2.3814
world,2042.8,81.1281,16.5734,2.3546
world,2042.9,81.2630,16.4632,2.3280
world,2043.0,81.3971,16.3537,2.3015
world,2043.1,81.5304,16.2448,2.2752
world,2043.2,81.6629,16.1366,2.2490
world,2043.3,81.7947,16.0291,2.2231
world,2043.4,81.9257,15.9222,2.1973
world,2043.5,82.0560,15.8160,2.1716
world,2043.6,82.1855,15.7104,2.1462
world,2043.7,82.3142,15.6055,2.1209
world,2043.8,82.4422,15.5012,2.0958
world,2043.9,82.5694,15.3976,2.0709
world,2044.0,82.6958,15.2946,2.0461
world,2044.1,82.8215,15.1922,2.0216
world,2044.2,82.9464,15.0904,1.9972
world,2044.3,83.0706,14.9893,1.9730
world,2044.4,83.1940,14.8888,1.9490
world,2044.5,83.3166,14.7889,1.9252
world,2044.6,83.4385,14.6897,1.9015
world,2044.7,83.5596,14.5910,1.8781
world,2044.8,83.6800,14.4929,1.8548
world,2044.9,83.7996,14.3955,1.8366
world,2045.0,83.9184,14.2986,1.8207
world,2045.1,84.0365,14.2023,1.8050
world,2045.2,84.1538,14.1067,1.7894
world,2045.3,84.2704,14.0116,1.7740
world,2045.4,84.3862,13.9171,1.7588
world,2045.5,84.5013,13.8232,1.7438
world,2045.6,84.6156,13.7298,1.7290
world,2045.7,84.7291,13.6371,1.7143
world,2045.8,84.8419,13.5449,1.6997
world,2045.9,84.9540,13.4533,1.6854
world,2046.0,85.0653,13.3622,1.6712
world,2046.1,85.1758,13.2717,1.6572
world,2046.2,85.2856,13.1818,1.6434
world,2046.3,85.3946,13.0924,1.6298
world,2046.4,85.5029,13.0036,1.6163
world,2046.5,85.6105,12.9154,1.6030
world,2046.6,85.7173,12.8277,1.5898
world,2046.7,85.8233,12.7405,1.5769
world,2046.8,85.9287,12.6539,1.5641
world,2046.9,86.0332,12.5678,1.5514
world,2047.0,86.1371,12.4823,1.5389
world,2047.1,86.2401,12.3973,1.5266
world,2047.2,86.3425,12.3128,1.5145
world,2047.3,86.4441,12.2289,1.5025
world,2047.4,86.5450,12.1455,1.4907
world,2047.5,86.6451,12.0626,1.4791
world,2047.6,86.7445,11.9803,1.4676
world,2047.7,86.8432,11.8985,1.4563
world,2047.8,86.9411,11.8172,1.4451
world,2047.9,87.0383,11.7364,1.4341
world,2048.0,87.1348,11.6562,1.4233
world,2048.1,87.2306,11.5764,1.4126
world,2048.2,87.3256,11.4972,1.4021
world,2048.3,87.4199,11.4185,1.3917
world,2048.4,87.5135,11.3403,1.3815
world,2048.5,87.6064,11.2626,1.3714
world,2048.6,87.6986,11.1855,1.3615
world,2048.7,87.7900,11.1088,1.3517
world,2048.8,87.8807,11.0327,1.3421
world,2048.9,87.9707,10.9570,1.3326
world,2049.0,88.0601,10.8819,1.3233
world,2049.1,88.1487,10.8072,1.3141
world,2049.2,88.2365,10.7331,1.3050
world,2049.3,88.3237,10.6594,1.2962
world,2049.4,88.4102,10.5862,1.2875
world,2049.5,88.4960,10.5136,1.2789
world,2049.6,88.5811,10.4414,1.2705
world,2049.7,88.6655,10.3698,1.2622
world,2049.8,88.7492,10.2986,1.2540
world,2049.9,88.8322,10.2279,1.2460
world,2050.0,88.9145,10.1577,1.2381
western_europe,2015.0,0.3648,99.2908,0.3444
western_europe,2015.1,0.3960,99.2324,0.3716
western_europe,2015.2,0.4292,99.1703,0.4004
western_europe,2015.3,0.4648,99.1044,0.4308
western_europe,2015.4,0.5025,99.0346,0.4628
western_europe,2015.5,0.5427,98.9609,0.4964
western_europe,2015.6,0.5853,98.8830,0.5317
western_europe,2015.7,0.6303,98.8011,0.5686
western_europe,2015.8,0.6779,98.7149,0.6072
western_europe,2015.9,0.7281,98.6244,0.6474
western_europe,2016.0,0.7810,98.5297,0.6894
western_europe,2016.1,0.8366,98.4305,0.7330
western_europe,2016.2,0.8949,98.3268,0.7783
western_europe,2016.3,0.9561,98.2186,0.8253
western_europe,2016.4,1.0202,98.1058,0.8741
western_europe,2016.5,1.0872,97.9883,0.9245
western_europe,2016.6,1.1572,97.8661,0.9767
western_europe,2016.7,1.2302,97.7392,1.0306
western_europe,2016.8,1.3063,97.6074,1.0863
western_europe,2016.9,1.3856,97.4708,1.1436
western_europe,2017.0,1.4680,97.3293,1.2027
western_europe,2017.1,1.5537,97.1818,1.2646
western_europe,2017.2,1.6426,97.0276,1.3297
western_europe,2017.3,1.7351,96.8671,1.3979
western_europe,2017.4,1.8309,96.7001,1.4689
western_europe,2017.5,1.9304,96.5269,1.5428
western_europe,2017.6,2.0334,96.3473,1.6193
western_europe,2017.7,2.1402,96.1613,1.6985
western_europe,2017.8,2.2507,95.9691,1.7802
western_europe,2017.9,2.3650,95.7705,1.8645
western_europe,2018.0,2.4832,95.5657,1.9511
western_europe,2018.1,2.6053,95.3545,2.0402
western_europe,2018.2,2.7314,95.1370,2.1316
western_europe,2018.3,2.8616,94.9132,2.2252
western_europe,2018.4,2.9959,94.6830,2.3211
western_europe,2018.5,3.1343,94.4466,2.4191
western_europe,2018.6,3.2769,94.2039,2.5192
western_europe,2018.7,3.4238,93.9548,2.6214
western_europe,2018.8,3.5750,93.6995,2.7256
western_europe,2018.9,3.7305,93.4378,2.8317
western_europe,2019.0,3.8904,93.1699,2.9396
western_europe,2019.1,4.0548,92.8957,3.0495
western_europe,2019.2,4.2237,92.6153,3.1610
western_europe,2019.3,4.3970,92.3287,3.2743
western_europe,2019.4,4.5749,92.0358,3.3893
western_europe,2019.5,4.7575,91.7367,3.5058
western_europe,2019.6,4.9446,91.4314,3.6239
western_europe,2019.7,5.1364,91.1200,3.7435
western_europe,2019.8,5.3330,90.8025,3.8645
western_europe,2019.9,5.5342,90.4789,3.9869
western_europe,2020.0,5.7402,90.1492,4.1106
western_europe,2020.1,5.9510,89.8134,4.2356
western_europe,2020.2,6.1666,89.4717,4.3617
western_europe,2020.3,6.3870,89.1239,4.4890
western_europe,2020.4,6.6123,88.7703,4.6174
western_europe,2020.5,6.8425,88.4107,4.7468
western_europe,2020.6,7.0776,88.0453,4.8771
western_europe,2020.7,7.3176,87.6741,5.0083
western_europe,2020.8,7.5625,87.2972,5.1404
western_europe,2020.9,7.8123,86.9145,5.2732
western_europe,2021.0,8.0671,86.5261,5.4068
western_europe,2021.1,8.3269,86.1321,5.5410
western_europe,2021.2,8.5916,85.7326,5.6757
western_europe,2021.3,8.8614,85.3276,5.8111
western_europe,2021.4,9.1360,84.9171,5.9468
western_europe,2021.5,9.4157,84.5013,6.0830
western_europe,2021.6,9.7004,84.0801,6.2195
western_europe,2021.7,9.9900,83.6536,6.3564
western_europe,2021.8,10.2846,83.2220,6.4934
western_europe,2021.9,10.5842,82.7852,6.6306
western_europe,2022.0,10.8887,82.3434,6.7679
western_europe,2022.1,11.1982,81.8966,6.9052
western_europe,2022.2,11.5126,81.4449,7.0425
western_europe,2022.3,11.8320,80.9883,7.1797
western_europe,2022.4,12.1562,80.5270,7.3168
western_europe,2022.5,12.4854,80.0609,7.4537
western_europe,2022.6,12.8194,79.5903,7.5903
western_europe,2022.7,13.1582,79.1152,7.7266
western_europe,2022.8,13.5019,78.6356,7.8625
western_europe,2022.9,13.8504,78.1516,7.9980
western_europe,2023.0,14.2036,77.6634,8.1330
western_europe,2023.1,14.5616,77.1710,8.2674
western_europe,2023.2,14.9243,76.6745,8.4012
western_europe,2023.3,15.2916,76.1741,8.5344
western_europe,2023.4,15.6636,75.6697,8.6668
western_europe,2023.5,16.0401,75.1615,8.7984
western_europe,2023.6,16.4212,74.6495,8.9293
western_europe,2023.7,16.8068,74.1340,9.0592
western_europe,2023.8,17.1969,73.6149,9.1882
western_europe,2023.9,17.5914,73.0924,9.3162
western_europe,2024.0,17.9902,72.5666,9.4432
western_europe,2024.1,18.3934,72.0375,9.5691
western_europe,2024.2,18.8008,71.5053,9.6938
western_europe,2024.3,19.2125,70.9701,9.8174
western_europe,2024.4,19.6283,70.4320,9.9397
western_europe,2024.5,20.0482,69.8911,10.0608
western_europe,2024.6,20.4721,69.3475,10.1805
western_europe,2024.7,20.9000,68.8012,10.2988
western_europe,2024.8,21.3318,68.2525,10.4157
western_europe,2024.9,21.7674,67.7014,10.5311
western_europe,2025.0,22.2068,67.1481,10.6451
western_europe,2025.1,22.6500,66.5925,10.7575
western_europe,2025.2,23.0968,66.0350,10.8683
western_europe,2025.3,23.5471,65.4755,10.9774
western_europe,2025.4,24.0009,64.9141,11.0849
western_europe,2025.5,24.4582,64.3511,11.1907
western_europe,2025.6,24.9188,63.7864,11.2948
western_europe,2025.7,25.3827,63.2203,11.3971
western_europe,2025.8,25.8497,62.6527,11.4975
western_europe,2025.9,26.3199,62.0840,11.5961
western_europe,2026.0,26.7931,61.5140,11.6929
western_europe,2026.1,27.2693,60.9430,11.7877
western_europe,2026.2,27.7483,60.3711,11.8806
western_europe,2026.3,28.2301,59.7984,11.9715
western_europe,2026.4,28.7145,59.2250,12.0604
western_europe,2026.5,29.2016,58.6510,12.1473
western_europe,2026.6,29.6913,58.0765,12.2322
western_europe,2026.7,30.1833,57.5017,12.3150
western_europe,2026.8,30.6777,56.9266,12.3956
western_europe,2026.9,31.1744,56.3514,12.4742
western_europe,2027.0,31.6732,55.7762,12.5506
western_europe,2027.1,32.1741,55.2010,12.6248
western_europe,2027.2,32.6770,54.6261,12.6969
western_europe,2027.3,33.1818,54.0514,12.7667
western_europe,2027.4,33.6884,53.4772,12.8344
western_europe,2027.5,34.1967,52.9035,12.8998
western_europe,2027.6,34.7067,52.3304,12.9629
western_europe,2027.7,35.2181,51.7581,13.0238
western_europe,2027.8,35.7310,51.1866,13.0824
western_europe,2027.9,36.2453,50.6160,13.1387
western_europe,2028.0,36.7607,50.0465,13.1927
western_europe,2028.1,37.2774,49.4782,13.2444
western_europe,2028.2,37.7951,48.9111,13.2938
western_europe,2028.3,38.3138,48.3454,13.3408
western_europe,2028.4,38.8333,47.7812,13.3855
western_europe,2028.5,39.3537,47.2185,13.4279
western_europe,2028.6,39.8747,46.6575,13.4679
western_europe,2028.7,40.3963,46.0982,13.5055
western_europe,2028.8,40.9185,45.5407,13.5408
western_europe,2028.9,41.4410,44.9853,13.5737
western_europe,2029.0,41.9639,44.4318,13.6043
western_europe,2029.1,42.4871,43.8805,13.6325
western_europe,2029.2,43.0104,43.3313,13.6583
western_europe,2029.3,43.5337,42.7845,13.6818
western_europe,2029.4,44.0570,42.2401,13.7029
western_europe,2029.5,44.5802,41.6981,13.7216
western_europe,2029.6,45.1032,41.1587,13.7380
western_europe,2029.7,45.6260,40.6220,13.7521
western_europe,2029.8,46.1483,40.0879,13.7638
western_europe,2029.9,46.6702,39.5566,13.7731
western_europe,2030.0,47.1916,39.0282,13.7802
western_europe,2030.1,47.7123,38.5028,13.7849
western_europe,2030.2,48.2324,37.9804,13.7872
western_europe,2030.3,48.7516,37.4610,13.7873
western_europe,2030.4,49.2701,36.9448,13.7851
western_europe,2030.5,49.7875,36.4319,13.7823
western_europe,2030.6,50.3040,35.9222,13.7867
western_europe,2030.7,50.8193,35.4159,13.7885
western_europe,2030.8,51.3335,34.9130,13.7877
western_europe,2030.9,51.8465,34.4135,13.7844
western_europe,2031.0,52.3581,33.9176,13.7785
western_europe,2031.1,52.8684,33.4253,13.7701
western_europe,2031.2,53.3772,32.9367,13.7592
western_europe,2031.3,53.8845,32.4517,13.7458
western_europe,2031.4,54.3902,31.9705,13.7299
western_europe,2031.5,54.8942,31.4930,13.7114
western_europe,2031.6,55.3966,31.0194,13.6906
western_europe,2031.7,55.8971,30.5497,13.6673
western_europe,2031.8,56.3958,30.0839,13.6415
western_europe,2031.9,56.8926,29.6221,13.6134
western_europe,2032.0,57.3874,29.1643,13.5829
western_europe,2032.1,57.8802,28.7106,13.5501
western_europe,2032.2,58.3709,28.2609,13.5149
western_europe,2032.3,58.8594,27.8153,13.4774
western_europe,2032.4,59.3458,27.3739,13.4376
western_europe,2032.5,59.8299,26.9366,13.3956
western_europe,2032.6,60.3117,26.5036,13.3514
western_europe,2032.7,60.7912,26.0747,13.3050
western_europe,2032.8,61.2682,25.6502,13.2565
western_europe,2032.9,61.7429,25.2299,13.2058
western_europe,2033.0,62.2150,24.8138,13.1530
western_europe,2033.1,62.6845,24.4021,13.0982
western_europe,2033.2,63.1515,23.9948,13.0413
western_europe,2033.3,63.6159,23.5917,12.9825
western_europe,2033.4,64.0775,23.1930,12.9217
western_europe,2033.5,64.5365,22.7987,12.8589
western_europe,2033.6,64.9927,22.4088,12.7943
western_europe,2033.7,65.4461,22.0232,12.7279
western_europe,2033.8,65.8967,21.6420,12.6597
western_europe,2033.9,66.3444,21.2653,12.5896
western_europe,2034.0,66.7892,20.8929,12.5179
western_europe,2034.1,67.2310,20.5249,12.4445
western_europe,2034.2,67.6699,20.1613,12.3694
western_europe,2034.3,68.1058,19.8022,12.2927
western_europe,2034.4,68.5387,19.4474,12.2145
western_europe,2034.5,68.9685,19.0970,12.1347
western_europe,2034.6,69.3952,18.7510,12.0535
western_europe,2034.7,69.8188,18.4094,11.9708
western_europe,2034.8,70.2393,18.0721,11.8867
western_europe,2034.9,70.6566,17.7393,11.8013
western_europe,2035.0,71.0706,17.4107,11.7145
western_europe,2035.1,71.4815,17.0865,11.6265
western_europe,2035.2,71.8892,16.7667,11.5372
western_europe,2035.3,72.2935,16.4511,11.4468
western_europe,2035.4,72.6946,16.1398,11.3552
western_europe,2035.5,73.0924,15.8329,11.2626
western_europe,2035.6,73.4869,15.5301,11.1689
western_europe,2035.7,73.8781,15.2317,11.0741
western_europe,2035.8,74.2658,14.9374,10.9785
western_europe,2035.9,74.6503,14.6473,10.8819
western_europe,2036.0,75.0313,14.3615,10.7844
western_europe,2036.1,75.4090,14.0797,10.6860
western_europe,2036.2,75.7832,13.8021,10.5869
western_europe,2036.3,76.1541,13.5286,10.4871
western_europe,2036.4,76.5215,13.2592,10.3865
western_europe,2036.5,76.8854,12.9939,10.2852
western_europe,2036.6,77.2459,12.7325,10.1834
western_europe,2036.7,77.6030,12.4752,10.0809
western_europe,2036.8,77.9566,12.2219,9.9779
western_europe,2036.9,78.3067,11.9725,9.8745
western_europe,2037.0,78.6533,11.7270,9.7705
western_europe,2037.1,78.9964,11.4853,9.6662
western_europe,2037.2,79.3361,11.2476,9.5614
western_europe,2037.3,79.6723,11.0136,9.4564
western_europe,2037.4,80.0049,10.7834,9.3510
western_europe,2037.5,80.3341,10.5570,9.2454
western_europe,2037.6,80.6598,10.3343,9.1395
western_europe,2037.7,80.9820,10.1153,9.0335
western_europe,2037.8,81.3006,9.9000,8.9273
western_europe,2037.9,81.6158,9.6883,8.8210
western_europe,2038.0,81.9275,9.4801,8.7147
western_europe,2038.1,82.2357,9.2755,8.6083
western_europe,2038.2,82.5404,9.0744,8.5019
western_europe,2038.3,82.8416,8.8768,8.3955
western_europe,2038.4,83.1393,8.6826,8.2892
western_europe,2038.5,83.4336,8.4918,8.1830
western_europe,2038.6,83.7243,8.3044,8.0770
western_europe,2038.7,84.0116,8.1203,7.9711
western_europe,2038.8,84.2955,7.9396,7.8655
western_europe,2038.9,84.5759,7.7620,7.7600
western_europe,2039.0,84.8528,7.5877,7.6549
western_europe,2039.1,85.1263,7.4166,7.5500
western_europe,2039.2,85.3964,7.2486,7.4454
western_europe,2039.3,85.6631,7.0837,7.3412
western_europe,2039.4,85.9264,6.9219,7.2373
western_europe,2039.5,86.1862,6.7631,7.1339
western_europe,2039.6,86.4427,6.6073,7.0309
western_europe,2039.7,86.6959,6.4545,6.9283
western_europe,2039.8,86.9456,6.3045,6.8262
western_europe,2039.9,87.1921,6.1575,6.7246
western_europe,2040.0,87.4352,6.0132,6.6236
western_europe,2040.1,87.6750,5.8718,6.5231
western_europe,2040.2,87.9115,5.7332,6.4232
western_europe,2040.3,88.1447,5.5972,6.3239
western_europe,2040.4,88.3747,5.4640,6.2252
western_europe,2040.5,88.6014,5.3334,6.1271
western_europe,2040.6,88.8249,5.2054,6.0297
western_europe,2040.7,89.0452,5.0800,5.9330
western_europe,2040.8,89.2623,4.9572,5.8369
western_europe,2040.9,89.4762,4.8368,5.7416
western_europe,2041.0,89.6869,4.7189,5.6471
western_europe,2041.1,89.8946,4.6034,5.5532
western_europe,2041.2,90.0991,4.4903,5.4602
western_europe,2041.3,90.3005,4.3796,5.3679
western_europe,2041.4,90.4989,4.2711,5.2764
western_europe,2041.5,90.6942,4.1650,5.1857
western_europe,2041.6,90.8865,4.0611,5.0958
western_europe,2041.7,91.0758,3.9594,5.0068
western_europe,2041.8,91.2621,3.8599,4.9186
western_europe,2041.9,91.4454,3.7625,4.8313
western_europe,2042.0,91.6259,3.6672,4.7448
western_europe,2042.1,91.8034,3.5740,4.6593
western_europe,2042.2,91.9780,3.4828,4.5746
western_europe,2042.3,92.1498,3.3937,4.4908
western_europe,2042.4,92.3187,3.3064,4.4079
western_europe,2042.5,92.4848,3.2212,4.3259
western_europe,2042.6,92.6482,3.1378,4.2448
western_europe,2042.7,92.8087,3.0563,4.1647
western_europe,2042.8,92.9666,2.9766,4.0855
western_europe,2042.9,93.1217,2.8987,4.0072
western_europe,2043.0,93.2742,2.8226,3.9299
western_europe,2043.1,93.4240,2.7482,3.8535
western_europe,2043.2,93.5712,2.6755,3.7781
western_europe,2043.3,93.7158,2.6045,3.7036
western_europe,2043.4,93.8578,2.5352,3.6300
western_europe,2043.5,93.9973,2.4674,3.5575
western_europe,2043.6,94.1343,2.4013,3.4859
western_europe,2043.7,94.2688,2.3367,3.4152
western_europe,2043.8,94.4008,2.2736,3.3455
western_europe,2043.9,94.5304,2.2120,3.2768
western_europe,2044.0,94.6576,2.1519,3.2090
western_europe,2044.1,94.7824,2.0932,3.1422
western_europe,2044.2,94.9049,2.0359,3.0763
western_europe,2044.3,95.0250,1.9800,3.0115
western_europe,2044.4,95.1429,1.9255,2.9475
western_europe,2044.5,95.2585,1.8723,2.8845
western_europe,2044.6,95.3719,1.8203,2.8225
western_europe,2044.7,95.4830,1.7697,2.7614
western_europe,2044.8,95.5920,1.7203,2.7013
western_europe,2044.9,95.6989,1.6721,2.6421
western_europe,2045.0,95.8036,1.6252,2.5838
western_europe,2045.1,95.9063,1.5794,2.5265
western_europe,2045.2,96.0068,1.5347,2.4701
western_europe,2045.3,96.1054,1.4912,2.4146
western_europe,2045.4,96.2019,1.4487,2.3601
western_europe,2045.5,96.2965,1.4074,2.3065
western_europe,2045.6,96.3891,1.3671,2.2537
western_europe,2045.7,96.4799,1.3278,2.2019
western_europe,2045.8,96.5687,1.2896,2.1510
western_europe,2045.9,96.6556,1.2523,2.1009
western_europe,2046.0,96.7408,1.2160,2.0518
western_europe,2046.1,96.8241,1.1806,2.0035
western_europe,2046.2,96.9056,1.1462,1.9561
western_europe,2046.3,96.9854,1.1126,1.9095
western_europe,2046.4,97.0635,1.0800,1.8638
western_europe,2046.5,97.1398,1.0482,1.8189
western_europe,2046.6,97.2145,1.0172,1.7749
western_europe,2046.7,97.2876,0.9871,1.7317
western_europe,2046.8,97.3590,0.9578,1.6893
western_europe,2046.9,97.4289,0.9292,1.6478
western_europe,2047.0,97.4972,0.9015,1.6070
western_europe,2047.1,97.5640,0.8744,1.5670
western_europe,2047.2,97.6292,0.8482,1.5278
western_europe,2047.3,97.6930,0.8226,1.4894
western_europe,2047.4,97.7553,0.7977,1.4518
western_europe,2047.5,97.8161,0.7735,1.4149
western_europe,2047.6,97.8756,0.7500,1.3788
western_europe,2047.7,97.9337,0.7271,1.3434
western_europe,2047.8,97.9904,0.7049,1.3088
western_europe,2047.9,98.0458,0.6832,1.2748
western_europe,2048.0,98.0999,0.6622,1.2416
western_europe,2048.1,98.1527,0.6418,1.2091
western_europe,2048.2,98.2042,0.6219,1.1773
western_europe,2048.3,98.2545,0.6026,1.1461
western_europe,2048.4,98.3036,0.5839,1.1157
western_europe,2048.5,98.3515,0.5657,1.0859
western_europe,2048.6,98.3982,0.5480,1.0567
western_europe,2048.7,98.4438,0.5308,1.0282
western_europe,2048.8,98.4882,0.5141,1.0003
western_europe,2048.9,98.5316,0.4979,0.9731
western_europe,2049.0,98.5738,0.4821,0.9464
western_europe,2049.1,98.6151,0.4668,0.9204
western_europe,2049.2,98.6552,0.4520,0.8950
western_europe,2049.3,98.6944,0.4376,0.8702
western_europe,2049.4,98.7326,0.4236,0.8459
western_europe,2049.5,98.7698,0.4100,0.8222
western_europe,2049.6,98.8060,0.3968,0.7990
western_europe,2049.7,98.8413,0.3840,0.7765
western_europe,2049.8,98.8757,0.3716,0.7544
western_europe,2049.9,98.9092,0.3596,0.7329
western_europe,2050.0,98.9418,0.3479,0.7119
northern_europe,2015.0,2.6218,94.9350,2.4432
northern_europe,2015.1,2.7463,94.7080,2.5457
northern_europe,2015.2,2.8754,94.4729,2.6517
northern_europe,2015.3,3.0092,94.2295,2.7613
northern_europe,2015.4,3.1479,93.9777,2.8744
northern_europe,2015.5,3.2915,93.7172,2.9912
northern_europe,2015.6,3.4403,93.4479,3.1118
northern_europe,2015.7,3.5942,93.1696,3.2362
northern_europe,2015.8,3.7535,92.8821,3.3645
northern_europe,2015.9,3.9182,92.5851,3.4967
northern_europe,2016.0,4.0886,92.2786,3.6328
northern_europe,2016.1,4.2647,91.9623,3.7730
northern_europe,2016.2,4.4466,91.6361,3.9172
northern_europe,2016.3,4.6346,91.2999,4.0655
northern_europe,2016.4,4.8287,90.9533,4.2180
northern_europe,2016.5,5.0291,90.5964,4.3745
northern_europe,2016.6,5.2359,90.2289,4.5352
northern_europe,2016.7,5.4492,89.8507,4.7001
northern_europe,2016.8,5.6693,89.4616,4.8691
northern_europe,2016.9,5.8962,89.0615,5.0423
northern_europe,2017.0,6.1301,88.6504,5.2196
northern_europe,2017.1,6.3824,88.1684,5.4493
northern_europe,2017.2,6.6428,87.6919,5.6654
northern_europe,2017.3,6.9108,87.2091,5.8801
northern_europe,2017.4,7.1865,86.7179,6.0955
northern_europe,2017.5,7.4701,86.2174,6.3125
northern_europe,2017.6,7.7615,85.7070,6.5315
northern_europe,2017.7,8.0610,85.1862,6.7527
northern_europe,2017.8,8.3687,84.6549,6.9764
northern_europe,2017.9,8.6847,84.1128,7.2025
northern_europe,2018.0,9.0091,83.5597,7.4312
northern_europe,2018.1,9.3421,82.9955,7.6624
northern_europe,2018.2,9.6838,82.4201,7.8960
northern_europe,2018.3,10.0345,81.8335,8.1320
northern_europe,2018.4,10.3942,81.2355,8.3703
northern_europe,2018.5,10.7630,80.6262,8.6108
northern_europe,2018.6,11.1412,80.0054,8.8534
northern_europe,2018.7,11.5288,79.3733,9.0979
northern_europe,2018.8,11.9261,78.7298,9.3441
northern_europe,2018.9,12.3332,78.0750,9.5919
northern_europe,2019.0,12.7501,77.4088,9.8410
northern_europe,2019.1,13.1772,76.7314,10.0914
northern_europe,2019.2,13.6145,76.0429,10.3426
northern_europe,2019.3,14.0621,75.3433,10.5946
northern_europe,2019.4,14.5202,74.6327,10.8471
northern_europe,2019.5,14.9890,73.9112,11.0997
northern_europe,2019.6,15.4686,73.1791,11.3523
northern_europe,2019.7,15.9592,72.4363,11.6046
northern_europe,2019.8,16.4608,71.6831,11.8562
northern_europe,2019.9,16.9736,70.9196,12.1068
northern_europe,2020.0,17.4978,70.1460,12.3562
northern_europe,2020.1,18.0335,69.3625,12.6040
northern_europe,2020.2,18.5808,68.5694,12.8498
northern_europe,2020.3,19.1398,67.7667,13.0934
northern_europe,2020.4,19.7107,66.9549,13.3344
northern_europe,2020.5,20.2936,66.1340,13.5724
northern_europe,2020.6,20.8885,65.3044,13.8070
northern_europe,2020.7,21.4957,64.4664,14.0380
northern_europe,2020.8,22.1151,63.6201,14.2648
northern_europe,2020.9,22.7469,62.7660,14.4872
northern_europe,2021.0,23.3911,61.9042,14.7047
northern_europe,2021.1,24.0479,61.0352,14.9169
northern_europe,2021.2,24.7173,60.1592,15.1235
northern_europe,2021.3,25.3993,59.2766,15.3242
northern_europe,2021.4,26.0940,58.3877,15.5184
northern_europe,2021.5,26.8014,57.4929,15.7058
northern_europe,2021.6,27.5215,56.5925,15.8860
northern_europe,2021.7,28.2543,55.6870,16.0587
northern_europe,2021.8,28.9998,54.7767,16.2236
northern_europe,2021.9,29.7580,53.8619,16.3801
northern_europe,2022.0,30.5287,52.9432,16.5280
northern_europe,2022.1,31.3120,52.0209,16.6671
northern_europe,2022.2,32.1078,51.0955,16.7968
northern_europe,2022.3,32.9158,50.1673,16.9170
northern_europe,2022.4,33.7360,49.2368,17.0273
northern_europe,2022.5,34.5681,48.3044,17.1274
northern_europe,2022.6,35.4121,47.3707,17.2172
northern_europe,2022.7,36.2676,46.4360,17.2964
northern_europe,2022.8,37.1344,45.5009,17.3648
northern_europe,2022.9,38.0121,44.5657,17.4221
northern_europe,2023.0,38.9006,43.6310,17.4683
northern_europe,2023.1,39.7994,42.6973,17.5033
northern_europe,2023.2,40.7082,41.7650,17.5269
northern_europe,2023.3,41.6264,40.8346,17.5390
northern_europe,2023.4,42.5537,39.9066,17.5397
northern_europe,2023.5,43.4895,38.9815,17.5290
northern_europe,2023.6,44.4334,38.0598,17.5068
northern_europe,2023.7,45.3846,37.1420,17.4733
northern_europe,2023.8,46.3427,36.2286,17.4286
northern_europe,2023.9,47.3070,35.3201,17.3729
northern_europe,2024.0,48.2768,34.4170,17.3062
northern_europe,2024.1,49.2513,33.5198,17.2289
northern_europe,2024.2,50.2299,32.6289,17.1412
northern_europe,2024.3,51.2117,31.7450,17.0433
northern_europe,2024.4,52.1959,30.8683,16.9357
northern_europe,2024.5,53.1818,29.9996,16.8187
northern_europe,2024.6,54.1683,29.1391,16.6926
northern_europe,2024.7,55.1546,28.2875,16.5579
northern_europe,2024.8,56.1399,27.4451,16.4150
northern_europe,2024.9,57.1232,26.6124,16.2645
northern_europe,2025.0,58.1035,25.7898,16.1067
northern_europe,2025.1,59.0799,24.9779,15.9422
northern_europe,2025.2,60.0514,24.1770,15.7716
northern_europe,2025.3,61.0172,23.3875,15.5953
northern_europe,2025.4,61.9762,22.6099,15.4139
northern_europe,2025.5,62.9276,21.8444,15.2280
northern_europe,2025.6,63.8703,21.0916,15.0381
northern_europe,2025.7,64.8037,20.3517,14.8446
northern_europe,2025.8,65.7266,19.6251,14.6483
northern_europe,2025.9,66.6384,18.9121,14.4495
northern_europe,2026.0,67.5383,18.2130,14.2488
northern_europe,2026.1,68.4254,17.5280,14.1374
northern_europe,2026.2,69.2991,16.8576,14.0474
northern_europe,2026.3,70.1586,16.2018,13.9510
northern_europe,2026.4,71.0035,15.5609,13.8481
northern_europe,2026.5,71.8332,14.9351,13.7388
northern_europe,2026.6,72.6471,14.3246,13.6231
northern_europe,2026.7,73.4449,13.7296,13.5011
northern_europe,2026.8,74.2262,13.1501,13.3727
northern_europe,2026.9,74.9906,12.5862,13.2380
northern_europe,2027.0,75.7381,12.0381,13.0972
northern_europe,2027.1,76.4683,11.5058,12.9504
northern_europe,2027.2,77.1813,10.9893,12.7975
northern_europe,2027.3,77.8769,10.4887,12.6388
northern_europe,2027.4,78.5553,10.0038,12.4745
northern_europe,2027.5,79.2164,9.5347,12.3045
northern_europe,2027.6,79.8606,9.0813,12.1292
northern_europe,2027.7,80.4878,8.6435,11.9487
northern_europe,2027.8,81.0984,8.2213,11.7631
northern_europe,2027.9,81.6928,7.8143,11.5728
northern_europe,2028.0,82.2711,7.4226,11.3779
northern_europe,2028.1,82.8337,7.0459,11.1786
northern_europe,2028.2,83.3811,6.6840,10.9753
northern_europe,2028.3,83.9136,6.3367,10.7681
northern_europe,2028.4,84.4317,6.0038,10.5574
northern_europe,2028.5,84.9357,5.6850,10.3433
northern_europe,2028.6,85.4261,5.3800,10.1263
northern_europe,2028.7,85.9034,5.0886,9.9065
northern_europe,2028.8,86.3680,4.8105,9.6844
northern_europe,2028.9,86.8202,4.5452,9.4602
northern_europe,2029.0,87.2605,4.2926,9.2341
northern_europe,2029.1,87.6894,4.0523,9.0066
northern_europe,2029.2,88.1070,3.8239,8.7780
northern_europe,2029.3,88.5139,3.6070,8.5485
northern_europe,2029.4,88.9103,3.4014,8.3186
northern_europe,2029.5,89.2966,3.2066,8.0884
northern_europe,2029.6,89.6730,3.0223,7.8584
northern_europe,2029.7,90.0398,2.8482,7.6289
northern_europe,2029.8,90.3972,2.6837,7.4001
northern_europe,2029.9,90.7454,2.5286,7.1724
northern_europe,2030.0,91.0847,2.3825,6.9460
northern_europe,2030.1,91.4151,2.2450,6.7214
northern_europe,2030.2,91.7370,2.1158,6.4986
northern_europe,2030.3,92.0503,1.9944,6.2781
northern_europe,2030.4,92.3552,1.8806,6.0601
northern_europe,2030.5,92.6518,1.7738,5.8448
northern_europe,2030.6,92.9402,1.6740,5.6325
northern_europe,2030.7,93.2205,1.5805,5.4235
northern_europe,2030.8,93.4928,1.4932,5.2178
northern_europe,2030.9,93.7571,1.4117,5.0158
northern_europe,2031.0,94.0136,1.3357,4.8177
northern_europe,2031.1,94.2622,1.2649,4.6235
northern_europe,2031.2,94.5031,1.1990,4.4335
northern_europe,2031.3,94.7364,1.1376,4.2479
northern_europe,2031.4,94.9620,1.0806,4.0667
northern_europe,2031.5,95.1801,1.0276,3.8900
northern_europe,2031.6,95.3909,0.9784,3.7181
northern_europe,2031.7,95.5942,0.9328,3.5508
northern_europe,2031.8,95.7903,0.8905,3.3885
northern_europe,2031.9,95.9792,0.8513,3.2310
northern_europe,2032.0,96.1611,0.8150,3.0785
northern_europe,2032.1,96.3360,0.7813,2.9309
northern_europe,2032.2,96.5041,0.7502,2.7883
northern_europe,2032.3,96.6655,0.7213,2.6507
northern_europe,2032.4,96.8203,0.6946,2.5181
northern_europe,2032.5,96.9686,0.6699,2.3905
northern_europe,2032.6,97.1106,0.6470,2.2678
northern_europe,2032.7,97.2464,0.6259,2.1500
northern_europe,2032.8,97.3761,0.6062,2.0370
northern_europe,2032.9,97.5000,0.5881,1.9288
northern_europe,2033.0,97.6181,0.5712,1.8253
northern_europe,2033.1,97.7307,0.5556,1.7265
northern_europe,2033.2,97.8378,0.5410,1.6322
northern_europe,2033.3,97.9397,0.5276,1.5423
northern_europe,2033.4,98.0365,0.5150,1.4567
northern_europe,2033.5,98.1283,0.5033,1.3754
northern_europe,2033.6,98.2154,0.4924,1.2982
northern_europe,2033.7,98.2979,0.4822,1.2250
northern_europe,2033.8,98.3760,0.4727,1.1557
northern_europe,2033.9,98.4498,0.4638,1.0902
northern_europe,2034.0,98.5195,0.4555,1.0283
northern_europe,2034.1,98.5853,0.4476,0.9699
northern_europe,2034.2,98.6473,0.4402,0.9148
northern_europe,2034.3,98.7057,0.4333,0.8630
northern_europe,2034.4,98.7606,0.4267,0.8143
northern_europe,2034.5,98.8123,0.4205,0.7686
northern_europe,2034.6,98.8608,0.4146,0.7258
northern_europe,2034.7,98.9064,0.4090,0.6856
northern_europe,2034.8,98.9491,0.4037,0.6481
northern_europe,2034.9,98.9891,0.3986,0.6130
northern_europe,2035.0,99.0266,0.3937,0.5803
northern_europe,2035.1,99.0617,0.3891,0.5497
northern_europe,2035.2,99.0944,0.3846,0.5213
northern_europe,2035.3,99.1251,0.3804,0.4949
northern_europe,2035.4,99.1537,0.3762,0.4704
northern_europe,2035.5,99.1804,0.3723,0.4476
northern_europe,2035.6,99.2053,0.3684,0.4265
northern_europe,2035.7,99.2285,0.3647,0.4069
northern_europe,2035.8,99.2502,0.3611,0.3888
northern_europe,2035.9,99.2704,0.3576,0.3721
northern_europe,2036.0,99.2892,0.3543,0.3566
northern_europe,2036.1,99.3068,0.3510,0.3423
northern_europe,2036.2,99.3231,0.3478,0.3292
northern_europe,2036.3,99.3384,0.3446,0.3171
northern_europe,2036.4,99.3526,0.3416,0.3059
northern_europe,2036.5,99.3658,0.3386,0.2956
northern_europe,2036.6,99.3782,0.3357,0.2861
northern_europe,2036.7,99.3898,0.3328,0.2774
northern_europe,2036.8,99.4006,0.3300,0.2694
northern_europe,2036.9,99.4107,0.3273,0.2620
northern_europe,2037.0,99.4202,0.3246,0.2552
northern_europe,2037.1,99.4291,0.3219,0.2490
northern_europe,2037.2,99.4375,0.3193,0.2432
northern_europe,2037.3,99.4454,0.3167,0.2379
northern_europe,2037.4,99.4528,0.3142,0.2330
northern_europe,2037.5,99.4598,0.3117,0.2284
northern_europe,2037.6,99.4665,0.3093,0.2243
northern_europe,2037.7,99.4728,0.3068,0.2204
northern_europe,2037.8,99.4788,0.3045,0.2168
northern_europe,2037.9,99.4845,0.3021,0.2134
northern_europe,2038.0,99.4899,0.2998,0.2103
northern_europe,2038.1,99.4951,0.2975,0.2074
northern_europe,2038.2,99.5001,0.2952,0.2046
northern_europe,2038.3,99.5050,0.2930,0.2021
northern_europe,2038.4,99.5096,0.2907,0.1997
northern_europe,2038.5,99.5141,0.2885,0.1974
northern_europe,2038.6,99.5184,0.2864,0.1952
northern_europe,2038.7,99.5226,0.2842,0.1932
northern_europe,2038.8,99.5267,0.2821,0.1912
northern_europe,2038.9,99.5307,0.2800,0.1893
northern_europe,2039.0,99.5346,0.2779,0.1875
northern_europe,2039.1,99.5384,0.2758,0.1858
northern_europe,2039.2,99.5421,0.2738,0.1841
northern_europe,2039.3,99.5457,0.2718,0.1825
northern_europe,2039.4,99.5493,0.2697,0.1809
northern_europe,2039.5,99.5528,0.2678,0.1794
northern_europe,2039.6,99.5563,0.2658,0.1779
northern_europe,2039.7,99.5597,0.2638,0.1765
northern_europe,2039.8,99.5631,0.2619,0.1750
northern_europe,2039.9,99.5664,0.2600,0.1737
northern_europe,2040.0,99.5697,0.2581,0.1723
northern_europe,2040.1,99.5729,0.2562,0.1709
northern_europe,2040.2,99.5761,0.2543,0.1696
northern_europe,2040.3,99.5793,0.2525,0.1683
northern_europe,2040.4,99.5824,0.2506,0.1670
northern_europe,2040.5,99.5855,0.2488,0.1657
northern_europe,2040.6,99.5886,0.2470,0.1644
northern_europe,2040.7,99.5916,0.2452,0.1632
northern_europe,2040.8,99.5946,0.2434,0.1619
northern_europe,2040.9,99.5976,0.2417,0.1607
northern_europe,2041.0,99.6006,0.2399,0.1595
northern_europe,2041.1,99.6036,0.2382,0.1583
northern_europe,2041.2,99.6065,0.2364,0.1571
northern_europe,2041.3,99.6094,0.2347,0.1559
northern_europe,2041.4,99.6122,0.2330,0.1547
northern_europe,2041.5,99.6151,0.2314,0.1535
northern_europe,2041.6,99.6179,0.2297,0.1524
northern_europe,2041.7,99.6207,0.2280,0.1512
northern_europe,2041.8,99.6235,0.2264,0.1500
northern_europe,2041.9,99.6263,0.2248,0.1489
northern_europe,2042.0,99.6291,0.2232,0.1478
northern_europe,2042.1,99.6318,0.2216,0.1466
northern_europe,2042.2,99.6345,0.2200,0.1455
northern_europe,2042.3,99.6372,0.2184,0.1444
northern_europe,2042.4,99.6399,0.2169,0.1433
northern_europe,2042.5,99.6425,0.2153,0.1422
northern_europe,2042.6,99.6451,0.2138,0.1411
northern_europe,2042.7,99.6478,0.2122,0.1400
northern_europe,2042.8,99.6504,0.2107,0.1389
northern_europe,2042.9,99.6529,0.2092,0.1378
northern_europe,2043.0,99.6555,0.2077,0.1368
northern_europe,2043.1,99.6580,0.2063,0.1357
northern_europe,2043.2,99.6605,0.2048,0.1347
northern_europe,2043.3,99.6630,0.2033,0.1336
northern_europe,2043.4,99.6655,0.2019,0.1326
northern_europe,2043.5,99.6680,0.2005,0.1315
northern_europe,2043.6,99.6704,0.1991,0.1305
northern_europe,2043.7,99.6729,0.1976,0.1295
northern_europe,2043.8,99.6753,0.1962,0.1285
northern_europe,2043.9,99.6777,0.1949,0.1275
northern_europe,2044.0,99.6801,0.1935,0.1264
northern_europe,2044.1,99.6824,0.1921,0.1255
northern_europe,2044.2,99.6848,0.1908,0.1245
northern_europe,2044.3,99.6871,0.1894,0.1235
northern_europe,2044.4,99.6894,0.1881,0.1225
northern_europe,2044.5,99.6917,0.1868,0.1215
northern_europe,2044.6,99.6940,0.1855,0.1206
northern_europe,2044.7,99.6962,0.1842,0.1196
northern_europe,2044.8,99.6985,0.1829,0.1186
northern_europe,2044.9,99.7007,0.1816,0.1177
northern_europe,2045.0,99.7029,0.1803,0.1168
northern_europe,2045.1,99.7051,0.1790,0.1158
northern_europe,2045.2,99.7073,0.1778,0.1149
northern_europe,2045.3,99.7095,0.1765,0.1140
northern_europe,2045.4,99.7116,0.1753,0.1131
northern_europe,2045.5,99.7138,0.1741,0.1121
northern_europe,2045.6,99.7159,0.1729,0.1112
northern_europe,2045.7,99.7180,0.1717,0.1103
northern_europe,2045.8,99.7201,0.1705,0.1094
northern_europe,2045.9,99.7222,0.1693,0.1086
northern_europe,2046.0,99.7242,0.1681,0.1077
northern_europe,2046.1,99.7263,0.1669,0.1068
northern_europe,2046.2,99.7283,0.1658,0.1059
northern_europe,2046.3,99.7303,0.1646,0.1051
northern_europe,2046.4,99.7323,0.1635,0.1042
northern_europe,2046.5,99.7343,0.1624,0.1034
northern_europe,2046.6,99.7362,0.1612,0.1025
northern_europe,2046.7,99.7382,0.1601,0.1017
northern_europe,2046.8,99.7401,0.1590,0.1008
northern_europe,2046.9,99.7421,0.1579,0.1000
northern_europe,2047.0,99.7440,0.1568,0.0992
northern_europe,2047.1,99.7459,0.1557,0.0984
northern_europe,2047.2,99.7478,0.1547,0.0976
northern_europe,2047.3,99.7496,0.1536,0.0968
northern_europe,2047.4,99.7515,0.1525,0.0960
northern_europe,2047.5,99.7534,0.1515,0.0952
northern_europe,2047.6,99.7552,0.1504,0.0944
northern_europe,2047.7,99.7570,0.1494,0.0936
northern_europe,2047.8,99.7588,0.1484,0.0928
northern_europe,2047.9,99.7606,0.1474,0.0920
northern_europe,2048.0,99.7624,0.1464,0.0913
northern_europe,2048.1,99.7641,0.1453,0.0905
northern_europe,2048.2,99.7659,0.1444,0.0897
northern_europe,2048.3,99.7676,0.1434,0.0890
northern_europe,2048.4,99.7694,0.1424,0.0882
northern_europe,2048.5,99.7711,0.1414,0.0875
northern_europe,2048.6,99.7728,0.1404,0.0868
northern_europe,2048.7,99.7745,0.1395,0.0860
northern_europe,2048.8,99.7762,0.1385,0.0853
northern_europe,2048.9,99.7778,0.1376,0.0846
northern_europe,2049.0,99.7795,0.1366,0.0839
northern_europe,2049.1,99.7811,0.1357,0.0832
northern_europe,2049.2,99.7828,0.1348,0.0825
northern_europe,2049.3,99.7844,0.1339,0.0818
northern_europe,2049.4,99.7860,0.1330,0.0811
northern_europe,2049.5,99.7876,0.1321,0.0804
northern_europe,2049.6,99.7892,0.1312,0.0797
northern_europe,2049.7,99.7907,0.1303,0.0790
northern_europe,2049.8,99.7923,0.1294,0.0783
northern_europe,2049.9,99.7938,0.1285,0.0777
northern_europe,2050.0,99.7954,0.1276,0.0770
southern_europe,2015.0,0.0447,99.8902,0.0651
southern_europe,2015.1,0.0510,99.8751,0.0740
southern_europe,2015.2,0.0579,99.8584,0.0837
southern_europe,2015.3,0.0655,99.8401,0.0944
southern_europe,2015.4,0.0738,99.8202,0.1059
southern_europe,2015.5,0.0829,99.7986,0.1185
southern_europe,2015.6,0.0928,99.7753,0.1320
southern_europe,2015.7,0.1034,99.7501,0.1465
southern_europe,2015.8,0.1149,99.7231,0.1620
southern_europe,2015.9,0.1272,99.6942,0.1785
southern_europe,2016.0,0.1404,99.6634,0.1962
southern_europe,2016.1,0.1545,99.6306,0.2149
southern_europe,2016.2,0.1695,99.5958,0.2347
southern_europe,2016.3,0.1855,99.5589,0.2556
southern_europe,2016.4,0.2024,99.5199,0.2777
southern_europe,2016.5,0.2203,99.4787,0.3010
southern_europe,2016.6,0.2392,99.4354,0.3254
southern_europe,2016.7,0.2592,99.3897,0.3511
southern_europe,2016.8,0.2802,99.3418,0.3779
southern_europe,2016.9,0.3023,99.2916,0.4061
southern_europe,2017.0,0.3255,99.2390,0.4355
southern_europe,2017.1,0.3499,99.1840,0.4661
southern_europe,2017.2,0.3753,99.1265,0.4981
southern_europe,2017.3,0.4020,99.0666,0.5314
southern_europe,2017.4,0.4299,99.0041,0.5661
southern_europe,2017.5,0.4590,98.9390,0.6021
southern_europe,2017.6,0.4893,98.8713,0.6394
southern_europe,2017.7,0.5209,98.8009,0.6782
southern_europe,2017.8,0.5538,98.7279,0.7183
southern_europe,2017.9,0.5880,98.6521,0.7599
southern_europe,2018.0,0.6235,98.5736,0.8029
southern_europe,2018.1,0.6604,98.4922,0.8474
southern_europe,2018.2,0.6987,98.4080,0.8933
southern_europe,2018.3,0.7384,98.3209,0.9407
southern_europe,2018.4,0.7795,98.2309,0.9896
southern_europe,2018.5,0.8220,98.1380,1.0400
southern_europe,2018.6,0.8660,98.0421,1.0919
southern_europe,2018.7,0.9115,97.9431,1.1454
southern_europe,2018.8,0.9585,97.8411,1.2004
southern_europe,2018.9,1.0071,97.7360,1.2569
southern_europe,2019.0,1.0572,97.6277,1.3150
southern_europe,2019.1,1.1089,97.5163,1.3748
southern_europe,2019.2,1.1622,97.4017,1.4361
southern_europe,2019.3,1.2172,97.2838,1.4991
southern_europe,2019.4,1.2738,97.1626,1.5636
southern_europe,2019.5,1.3320,97.0381,1.6299
southern_europe,2019.6,1.3920,96.9102,1.6977
southern_europe,2019.7,1.4537,96.7790,1.7672
southern_europe,2019.8,1.5172,96.6444,1.8384
southern_europe,2019.9,1.5824,96.5063,1.9112
southern_europe,2020.0,1.6495,96.3648,1.9857
southern_europe,2020.1,1.7183,96.2198,2.0619
southern_europe,2020.2,1.7889,96.0713,2.1397
southern_europe,2020.3,1.8615,95.9193,2.2193
southern_europe,2020.4,1.9358,95.7637,2.3005
southern_europe,2020.5,2.0121,95.6046,2.3833
southern_europe,2020.6,2.0903,95.4418,2.4679
southern_europe,2020.7,2.1704,95.2754,2.5542
southern_europe,2020.8,2.2525,95.1055,2.6421
southern_europe,2020.9,2.3365,94.9318,2.7317
southern_europe,2021.0,2.4225,94.7545,2.8230
southern_europe,2021.1,2.5105,94.5735,2.9160
southern_europe,2021.2,2.6006,94.3888,3.0106
southern_europe,2021.3,2.6926,94.2004,3.1070
southern_europe,2021.4,2.7868,94.0083,3.2049
southern_europe,2021.5,2.8830,93.8124,3.3046
southern_europe,2021.6,2.9813,93.6128,3.4059
southern_europe,2021.7,3.0817,93.4094,3.5089
southern_europe,2021.8,3.1843,93.2022,3.6135
southern_europe,2021.9,3.2890,92.9913,3.7198
southern_europe,2022.0,3.3958,92.7765,3.8276
southern_europe,2022.1,3.5049,92.5580,3.9371
southern_europe,2022.2,3.6161,92.3357,4.0482
southern_europe,2022.3,3.7295,92.1096,4.1609
southern_europe,2022.4,3.8451,91.8797,4.2752
southern_europe,2022.5,3.9630,91.6460,4.3911
southern_europe,2022.6,4.0831,91.4084,4.5085
southern_europe,2022.7,4.2055,91.1671,4.6274
southern_europe,2022.8,4.3301,90.9220,4.7479
southern_europe,2022.9,4.4571,90.6731,4.8698
southern_europe,2023.0,4.5863,90.4204,4.9933
southern_europe,2023.1,4.7178,90.1639,5.1182
southern_europe,2023.2,4.8517,89.9037,5.2446
southern_europe,2023.3,4.9879,89.6397,5.3724
southern_europe,2023.4,5.1264,89.3719,5.5017
southern_europe,2023.5,5.2673,89.1004,5.6323
southern_europe,2023.6,5.4106,88.8252,5.7643
southern_europe,2023.7,5.5562,88.5462,5.8976
southern_europe,2023.8,5.7042,88.2636,6.0322
southern_europe,2023.9,5.8546,87.9772,6.1682
southern_europe,2024.0,6.0074,87.6873,6.3054
southern_europe,2024.1,6.1625,87.3936,6.4438
southern_europe,2024.2,6.3201,87.0964,6.5835
southern_europe,2024.3,6.4801,86.7955,6.7243
southern_europe,2024.4,6.6426,86.4911,6.8663
southern_europe,2024.5,6.8074,86.1832,7.0094
southern_europe,2024.6,6.9747,85.8717,7.1536
southern_europe,2024.7,7.1444,85.5567,7.2989
southern_europe,2024.8,7.3165,85.2383,7.4452
southern_europe,2024.9,7.4911,84.9165,7.5924
southern_europe,2025.0,7.6681,84.5912,7.7407
southern_europe,2025.1,7.8475,84.2626,7.8898
southern_europe,2025.2,8.0294,83.9307,8.0399
southern_europe,2025.3,8.2138,83.5955,8.1908
southern_europe,2025.4,8.4005,83.2570,8.3425
southern_europe,2025.5,8.5897,82.9153,8.4950
southern_europe,2025.6,8.7814,82.5704,8.6482
southern_europe,2025.7,8.9754,82.2225,8.8021
southern_europe,2025.8,9.1719,81.8714,8.9567
southern_europe,2025.9,9.3709,81.5173,9.1119
southern_europe,2026.0,9.5722,81.1602,9.2676
southern_europe,2026.1,9.7760,80.8001,9.4239
southern_europe,2026.2,9.9822,80.4371,9.5807
southern_europe,2026.3,10.1907,80.0713,9.7379
southern_europe,2026.4,10.4017,79.7027,9.8956
southern_europe,2026.5,10.6151,79.3313,10.0536
southern_europe,2026.6,10.8308,78.9573,10.2119
southern_europe,2026.7,11.0489,78.5806,10.3705
southern_europe,2026.8,11.2694,78.2013,10.5293
southern_europe,2026.9,11.4922,77.8195,10.6883
southern_europe,2027.0,11.7174,77.4352,10.8474
southern_europe,2027.1,11.9449,77.0484,11.0067
southern_europe,2027.2,12.1747,76.6594,11.1659
southern_europe,2027.3,12.4068,76.2680,11.3252
southern_europe,2027.4,12.6412,75.8744,11.4844
southern_europe,2027.5,12.8778,75.4786,11.6436
southern_europe,2027.6,13.1167,75.0807,11.8026
southern_europe,2027.7,13.3579,74.6808,11.9614
southern_europe,2027.8,13.6012,74.2788,12.1199
southern_europe,2027.9,13.8468,73.8750,12.2782
southern_europe,2028.0,14.0946,73.4693,12.4362
southern_europe,2028.1,14.3445,73.0618,12.5938
southern_europe,2028.2,14.5965,72.6525,12.7509
southern_europe,2028.3,14.8507,72.2416,12.9076
southern_europe,2028.4,15.1070,71.8292,13.0638
southern_europe,2028.5,15.3654,71.4152,13.2194
southern_europe,2028.6,15.6259,70.9997,13.3744
southern_europe,2028.7,15.8883,70.5829,13.5288
southern_europe,2028.8,16.1528,70.1647,13.6825
southern_europe,2028.9,16.4193,69.7453,13.8354
southern_europe,2029.0,16.6878,69.3247,13.9875
southern_europe,2029.1,16.9582,68.9030,14.1388
southern_europe,2029.2,17.2305,68.4803,14.2893
southern_europe,2029.3,17.5047,68.0566,14.4388
southern_europe,2029.4,17.7807,67.6319,14.5873
southern_europe,2029.5,18.0586,67.2065,14.7349
southern_europe,2029.6,18.3383,66.7803,14.8814
southern_europe,2029.7,18.6198,66.3534,15.0268
southern_europe,2029.8,18.9030,65.9259,15.1711
southern_europe,2029.9,19.1879,65.4978,15.3143
southern_europe,2030.0,19.4745,65.0693,15.4562
southern_europe,2030.1,19.7628,64.6403,15.5969
southern_europe,2030.2,20.0527,64.2110,15.7363
southern_europe,2030.3,20.3442,63.7814,15.8743
southern_europe,2030.4,20.6373,63.3516,16.0111
southern_europe,2030.5,20.9319,62.9217,16.1464
southern_europe,2030.6,21.2280,62.4917,16.2803
southern_europe,2030.7,21.5256,62.0617,16.4128
southern_europe,2030.8,21.8246,61.6317,16.5437
southern_europe,2030.9,22.1250,61.2019,16.6731
southern_europe,2031.0,22.4268,60.7722,16.8010
southern_europe,2031.1,22.7299,60.3428,16.9273
southern_europe,2031.2,23.0343,59.9138,17.0520
southern_europe,2031.3,23.3399,59.4851,17.1750
southern_europe,2031.4,23.6468,59.0568,17.2963
southern_europe,2031.5,23.9549,58.6291,17.4160
southern_europe,2031.6,24.2642,58.2019,17.5339
southern_europe,2031.7,24.5745,57.7754,17.6501
southern_europe,2031.8,24.8860,57.3495,17.7645
southern_europe,2031.9,25.1985,56.9244,17.8771
southern_europe,2032.0,25.5121,56.5000,17.9879
southern_europe,2032.1,25.8266,56.0766,18.0969
southern_europe,2032.2,26.1421,55.6540,18.2039
southern_europe,2032.3,26.4585,55.2324,18.3091
southern_europe,2032.4,26.7757,54.8118,18.4125
southern_europe,2032.5,27.0938,54.3923,18.5138
southern_europe,2032.6,27.4128,53.9739,18.6133
southern_europe,2032.7,27.7324,53.5567,18.7108
southern_europe,2032.8,28.0529,53.1408,18.8064
southern_europe,2032.9,28.3740,52.7260,18.9000
southern_europe,2033.0,28.6958,52.3127,18.9916
southern_europe,2033.1,29.0182,51.9006,19.0812
southern_europe,2033.2,29.3412,51.4900,19.1687
southern_europe,2033.3,29.6648,51.0809,19.2543
southern_europe,2033.4,29.9889,50.6732,19.3378
southern_europe,2033.5,30.3135,50.2671,19.4193
southern_europe,2033.6,30.6386,49.8626,19.4988
southern_europe,2033.7,30.9641,49.4597,19.5762
southern_europe,2033.8,31.2900,49.0584,19.6515
southern_europe,2033.9,31.6163,48.6589,19.7248
southern_europe,2034.0,31.9429,48.2611,19.7961
southern_europe,2034.1,32.2697,47.8651,19.8652
southern_europe,2034.2,32.5969,47.4708,19.9323
southern_europe,2034.3,32.9243,47.0784,19.9973
southern_europe,2034.4,33.2519,46.6879,20.0602
southern_europe,2034.5,33.5796,46.2993,20.1211
southern_europe,2034.6,33.9075,45.9126,20.1799
southern_europe,2034.7,34.2355,45.5279,20.2366
southern_europe,2034.8,34.5636,45.1452,20.2912
southern_europe,2034.9,34.8917,44.7645,20.3438
southern_europe,2035.0,35.2199,44.3858,20.3943
southern_europe,2035.1,35.5480,44.0092,20.4427
southern_europe,2035.2,35.8761,43.6347,20.4891
southern_europe,2035.3,36.2042,43.2623,20.5335
southern_europe,2035.4,36.5322,42.8921,20.5757
southern_europe,2035.5,36.8600,42.5240,20.6160
southern_europe,2035.6,37.1877,42.1581,20.6542
southern_europe,2035.7,37.5152,41.7944,20.6903
southern_europe,2035.8,37.8426,41.4329,20.7245
southern_europe,2035.9,38.1697,41.0737,20.7566
southern_europe,2036.0,38.4966,40.7167,20.7867
southern_europe,2036.1,38.8232,40.3620,20.8149
southern_europe,2036.2,39.1495,40.0095,20.8410
southern_europe,2036.3,39.4755,39.6594,20.8652
southern_europe,2036.4,39.8011,39.3116,20.8873
southern_europe,2036.5,40.1264,38.9660,20.9076
southern_europe,2036.6,40.4513,38.6229,20.9258
southern_europe,2036.7,40.7758,38.2820,20.9422
southern_europe,2036.8,41.0999,37.9436,20.9566
southern_europe,2036.9,41.4235,37.6074,20.9691
southern_europe,2037.0,41.7466,37.2737,20.9797
southern_europe,2037.1,42.0693,36.9423,20.9884
southern_europe,2037.2,42.3915,36.6133,20.9952
southern_europe,2037.3,42.7131,36.2867,21.0002
southern_europe,2037.4,43.0342,35.9625,21.0033
southern_europe,2037.5,43.3547,35.6407,21.0046
southern_europe,2037.6,43.6746,35.3214,21.0040
southern_europe,2037.7,43.9939,35.0044,21.0017
southern_europe,2037.8,44.3127,34.6898,20.9975
southern_europe,2037.9,44.6307,34.3776,20.9916
southern_europe,2038.0,44.9481,34.0679,20.9840
southern_europe,2038.1,45.2649,33.7606,20.9745
southern_europe,2038.2,45.5810,33.4556,20.9634
southern_europe,2038.3,45.8963,33.1531,20.9505
southern_europe,2038.4,46.2110,32.8530,20.9360
southern_europe,2038.5,46.5249,32.5554,20.9198
southern_europe,2038.6,46.8380,32.2601,20.9019
southern_europe,2038.7,47.1504,31.9672,20.8824
southern_europe,2038.8,47.4621,31.6767,20.8612
southern_europe,2038.9,47.7729,31.3887,20.8385
southern_europe,2039.0,48.0829,31.1030,20.8141
southern_europe,2039.1,48.3921,30.8197,20.7882
southern_europe,2039.2,48.7005,30.5388,20.7608
southern_europe,2039.3,49.0080,30.2602,20.7318
southern_europe,2039.4,49.3146,29.9841,20.7013
southern_europe,2039.5,49.6204,29.7102,20.6693
southern_europe,2039.6,49.9253,29.4388,20.6359
southern_europe,2039.7,50.2293,29.1697,20.6010
southern_europe,2039.8,50.5324,28.9029,20.5647
southern_europe,2039.9,50.8346,28.6384,20.5270
southern_europe,2040.0,51.1358,28.3763,20.4879
southern_europe,2040.1,51.4361,28.1165,20.4475
southern_europe,2040.2,51.7354,27.8589,20.4057
southern_europe,2040.3,52.0337,27.6037,20.3626
southern_europe,2040.4,52.3311,27.3507,20.3182
southern_europe,2040.5,52.6274,27.1000,20.2726
southern_europe,2040.6,52.9228,26.8516,20.2257
southern_europe,2040.7,53.2171,26.6053,20.1776
southern_europe,2040.8,53.5104,26.3613,20.1283
southern_europe,2040.9,53.8027,26.1196,20.0778
southern_europe,2041.0,54.0939,25.8800,20.0262
southern_europe,2041.1,54.3840,25.6426,19.9734
southern_europe,2041.2,54.6731,25.4074,19.9196
southern_europe,2041.3,54.9611,25.1743,19.8646
southern_europe,2041.4,55.2480,24.9434,19.8087
southern_europe,2041.5,55.5337,24.7146,19.7517
southern_europe,2041.6,55.8184,24.4879,19.6937
southern_europe,2041.7,56.1020,24.2633,19.6347
southern_europe,2041.8,56.3844,24.0408,19.5748
southern_europe,2041.9,56.6656,23.8204,19.5140
southern_europe,2042.0,56.9458,23.6020,19.4523
southern_europe,2042.1,57.2247,23.3856,19.3897
southern_europe,2042.2,57.5025,23.1713,19.3262
southern_europe,2042.3,57.7791,22.9589,19.2620
southern_europe,2042.4,58.0545,22.7486,19.1970
southern_europe,2042.5,58.3287,22.5402,19.1311
southern_europe,2042.6,58.6017,22.3337,19.0646
southern_europe,2042.7,58.8734,22.1292,18.9973
southern_europe,2042.8,59.1440,21.9266,18.9294
southern_europe,2042.9,59.4133,21.7259,18.8608
southern_europe,2043.0,59.6814,21.5271,18.7916
southern_europe,2043.1,59.9482,21.3301,18.7217
southern_europe,2043.2,60.2138,21.1350,18.6513
southern_europe,2043.3,60.4781,20.9417,18.5803
southern_europe,2043.4,60.7411,20.7502,18.5088
southern_europe,2043.5,61.0028,20.5605,18.4367
southern_europe,2043.6,61.2633,20.3725,18.3642
southern_europe,2043.7,61.5224,20.1863,18.2913
southern_europe,2043.8,61.7803,20.0019,18.2179
southern_europe,2043.9,62.0368,19.8191,18.1440
southern_europe,2044.0,62.2920,19.6381,18.0699
southern_europe,2044.1,62.5459,19.4587,17.9953
southern_europe,2044.2,62.7985,19.2810,17.9204
southern_europe,2044.3,63.0498,19.1050,17.8453
southern_europe,2044.4,63.2997,18.9306,17.7698
southern_europe,2044.5,63.5482,18.7577,17.6940
southern_europe,2044.6,63.7955,18.5865,17.6181
southern_europe,2044.7,64.0413,18.4168,17.5419
southern_europe,2044.8,64.2858,18.2487,17.4655
southern_europe,2044.9,64.5290,18.0821,17.3889
southern_europe,2045.0,64.7707,17.9171,17.3122
southern_europe,2045.1,65.0112,17.7535,17.2353
southern_europe,2045.2,65.2502,17.5914,17.1584
southern_europe,2045.3,65.4879,17.4308,17.0813
southern_europe,2045.4,65.7241,17.2717,17.0042
southern_europe,2045.5,65.9590,17.1139,16.9270
southern_europe,2045.6,66.1926,16.9576,16.8498
southern_europe,2045.7,66.4247,16.8027,16.7726
southern_europe,2045.8,66.6554,16.6492,16.6954
southern_europe,2045.9,66.8848,16.4970,16.6182
southern_europe,2046.0,67.1127,16.3462,16.5411
southern_europe,2046.1,67.3393,16.1967,16.4640
southern_europe,2046.2,67.5645,16.0485,16.3870
southern_europe,2046.3,67.7883,15.9016,16.3101
southern_europe,2046.4,68.0106,15.7561,16.2333
southern_europe,2046.5,68.2316,15.6117,16.1566
southern_europe,2046.6,68.4512,15.4687,16.0801
southern_europe,2046.7,68.6694,15.3269,16.0037
southern_europe,2046.8,68.8862,15.1863,15.9275
southern_europe,2046.9,69.1016,15.0469,15.8515
southern_europe,2047.0,69.3157,14.9087,15.7756
southern_europe,2047.1,69.5283,14.7717,15.7000
southern_europe,2047.2,69.7395,14.6359,15.6246
southern_europe,2047.3,69.9494,14.5012,15.5494
southern_europe,2047.4,70.1579,14.3677,15.4745
southern_europe,2047.5,70.3650,14.2353,15.3998
southern_europe,2047.6,70.5707,14.1040,15.3253
southern_europe,2047.7,70.7750,13.9738,15.2512
southern_europe,2047.8,70.9780,13.8447,15.1773
southern_europe,2047.9,71.1796,13.7167,15.1038
southern_europe,2048.0,71.3798,13.5897,15.0305
southern_europe,2048.1,71.5787,13.4638,14.9575
southern_europe,2048.2,71.7762,13.3389,14.8849
southern_europe,2048.3,71.9723,13.2151,14.8126
southern_europe,2048.4,72.1671,13.0923,14.7406
southern_europe,2048.5,72.3606,12.9705,14.6689
southern_europe,2048.6,72.5527,12.8497,14.5976
southern_europe,2048.7,72.7435,12.7298,14.5267
southern_europe,2048.8,72.9329,12.6110,14.4561
southern_europe,2048.9,73.1211,12.4931,14.3858
southern_europe,2049.0,73.3079,12.3762,14.3160
southern_europe,2049.1,73.4934,12.2602,14.2465
southern_europe,2049.2,73.6776,12.1451,14.1773
southern_europe,2049.3,73.8604,12.0310,14.1086
southern_europe,2049.4,74.0420,11.9177,14.0402
southern_europe,2049.5,74.2224,11.8054,13.9722
southern_europe,2049.6,74.4014,11.6940,13.9046
southern_europe,2049.7,74.5791,11.5835,13.8374
southern_europe,2049.8,74.7556,11.4738,13.7706
southern_europe,2049.9,74.9308,11.3650,13.7041
southern_europe,2050.0,75.1048,11.2571,13.6381
eastern_europe,2015.0,0.0519,99.9221,0.0272
eastern_europe,2015.1,0.0559,99.9159,0.0296
eastern_europe,2015.2,0.0601,99.9094,0.0322
eastern_europe,2015.3,0.0646,99.9024,0.0349
eastern_europe,2015.4,0.0694,99.8950,0.0378
eastern_europe,2015.5,0.0744,99.8871,0.0409
eastern_europe,2015.6,0.0797,99.8788,0.0442
eastern_europe,2015.7,0.0853,99.8700,0.0477
eastern_europe,2015.8,0.0913,99.8606,0.0514
eastern_europe,2015.9,0.0975,99.8508,0.0553
eastern_europe,2016.0,0.1041,99.8404,0.0595
eastern_europe,2016.1,0.1110,99.8294,0.0639
eastern_europe,2016.2,0.1183,99.8178,0.0685
eastern_europe,2016.3,0.1261,99.8057,0.0734
eastern_europe,2016.4,0.1342,99.7929,0.0785
eastern_europe,2016.5,0.1428,99.7794,0.0839
eastern_europe,2016.6,0.1518,99.7653,0.0896
eastern_europe,2016.7,0.1613,99.7504,0.0956
eastern_europe,2016.8,0.1713,99.7348,0.1019
eastern_europe,2016.9,0.1818,99.7184,0.1085
eastern_europe,2017.0,0.1927,99.7013,0.1154
eastern_europe,2017.1,0.2045,99.6828,0.1228
eastern_europe,2017.2,0.2172,99.6630,0.1308
eastern_europe,2017.3,0.2307,99.6419,0.1393
eastern_europe,2017.4,0.2450,99.6196,0.1482
eastern_europe,2017.5,0.2600,99.5961,0.1577
eastern_europe,2017.6,0.2758,99.5712,0.1677
eastern_europe,2017.7,0.2923,99.5451,0.1783
eastern_europe,2017.8,0.3097,99.5176,0.1893
eastern_europe,2017.9,0.3278,99.4888,0.2009
eastern_europe,2018.0,0.3468,99.4585,0.2131
eastern_europe,2018.1,0.4228,99.4137,0.2258
eastern_europe,2018.2,0.4502,99.3724,0.2391
eastern_europe,2018.3,0.4760,99.3308,0.2530
eastern_europe,2018.4,0.5017,99.2883,0.2675
eastern_europe,2018.5,0.5276,99.2447,0.2826
eastern_europe,2018.6,0.5540,99.1999,0.2983
eastern_europe,2018.7,0.5810,99.1536,0.3147
eastern_europe,2018.8,0.6088,99.1059,0.3318
eastern_europe,2018.9,0.6374,99.0566,0.3495
eastern_europe,2019.0,0.6669,99.0056,0.3679
eastern_europe,2019.1,0.6974,98.9529,0.3870
eastern_europe,2019.2,0.7287,98.8985,0.4069
eastern_europe,2019.3,0.7611,98.8422,0.4275
eastern_europe,2019.4,0.7946,98.7839,0.4488
eastern_europe,2019.5,0.8291,98.7238,0.4709
eastern_europe,2019.6,0.8648,98.6615,0.4960
eastern_europe,2019.7,0.9016,98.5972,0.5227
eastern_europe,2019.8,0.9396,98.5307,0.5503
eastern_europe,2019.9,0.9788,98.4620,0.5786
eastern_europe,2020.0,1.0194,98.3909,0.6080
eastern_europe,2020.1,1.0612,98.3175,0.6385
eastern_europe,2020.2,1.1044,98.2417,0.6698
eastern_europe,2020.3,1.1490,98.1634,0.7021
eastern_europe,2020.4,1.1951,98.0825,0.7353
eastern_europe,2020.5,1.2426,97.9990,0.7695
eastern_europe,2020.6,1.2916,97.9127,0.8046
eastern_europe,2020.7,1.3422,97.8237,0.8408
eastern_europe,2020.8,1.3945,97.7318,0.8790
eastern_europe,2020.9,1.4484,97.6370,0.9186
eastern_europe,2021.0,1.5040,97.5391,0.9592
eastern_europe,2021.1,1.5614,97.4382,1.0010
eastern_europe,2021.2,1.6206,97.3341,1.0454
eastern_europe,2021.3,1.6817,97.2267,1.0917
eastern_europe,2021.4,1.7447,97.1160,1.1394
eastern_europe,2021.5,1.8097,97.0019,1.1885
eastern_europe,2021.6,1.8767,96.8842,1.2391
eastern_europe,2021.7,1.9458,96.7630,1.2912
eastern_europe,2021.8,2.0172,96.6381,1.3448
eastern_europe,2021.9,2.0907,96.5094,1.3999
eastern_europe,2022.0,2.1665,96.3769,1.4566
eastern_europe,2022.1,2.2447,96.2404,1.5148
eastern_europe,2022.2,2.3254,96.0999,1.5747
eastern_europe,2022.3,2.4085,95.9552,1.6362
eastern_europe,2022.4,2.4943,95.8063,1.6994
eastern_europe,2022.5,2.5826,95.6531,1.7642
eastern_europe,2022.6,2.6738,95.4955,1.8308
eastern_europe,2022.7,2.7677,95.3333,1.8990
eastern_europe,2022.8,2.8645,95.1665,1.9690
eastern_europe,2022.9,2.9643,94.9950,2.0407
eastern_europe,2023.0,3.0671,94.8187,2.1142
eastern_europe,2023.1,3.1731,94.6374,2.1895
eastern_europe,2023.2,3.2823,94.4512,2.2665
eastern_europe,2023.3,3.3949,94.2597,2.3454
eastern_europe,2023.4,3.5109,94.0631,2.4260
eastern_europe,2023.5,3.6303,93.8611,2.5085
eastern_europe,2023.6,3.7534,93.6537,2.5928
eastern_europe,2023.7,3.8803,93.4408,2.6790
eastern_europe,2023.8,4.0109,93.2222,2.7669
eastern_europe,2023.9,4.1454,92.9978,2.8568
eastern_europe,2024.0,4.2840,92.7676,2.9484
eastern_europe,2024.1,4.4266,92.5315,3.0419
eastern_europe,2024.2,4.5736,92.2892,3.1372
eastern_europe,2024.3,4.7248,92.0409,3.2343
eastern_europe,2024.4,4.8806,91.7862,3.3332
eastern_europe,2024.5,5.0409,91.5252,3.4340
eastern_europe,2024.6,5.2058,91.2577,3.5365
eastern_europe,2024.7,5.3756,90.9836,3.6407
eastern_europe,2024.8,5.5504,90.7029,3.7467
eastern_europe,2024.9,5.7301,90.4154,3.8545
eastern_europe,2025.0,5.9151,90.1211,3.9639
eastern_europe,2025.1,6.1053,89.8198,4.0749
eastern_europe,2025.2,6.3010,89.5114,4.1876
eastern_europe,2025.3,6.5021,89.1959,4.3019
eastern_europe,2025.4,6.7090,88.8733,4.4177
eastern_europe,2025.5,6.9217,88.5433,4.5351
eastern_europe,2025.6,7.1402,88.2059,4.6538
eastern_europe,2025.7,7.3649,87.8611,4.7740
eastern_europe,2025.8,7.5957,87.5088,4.8956
eastern_europe,2025.9,7.8328,87.1488,5.0184
eastern_europe,2026.0,8.0763,86.7812,5.1424
eastern_europe,2026.1,8.3264,86.4059,5.2676
eastern_europe,2026.2,8.5832,86.0228,5.3939
eastern_europe,2026.3,8.8469,85.6319,5.5213
eastern_europe,2026.4,9.1174,85.2331,5.6495
eastern_europe,2026.5,9.3950,84.8263,5.7786
eastern_europe,2026.6,9.6799,84.4116,5.9085
eastern_europe,2026.7,9.9720,83.9890,6.0391
eastern_europe,2026.8,10.2715,83.5583,6.1702
eastern_europe,2026.9,10.5786,83.1196,6.3018
eastern_europe,2027.0,10.8933,82.6729,6.4338
eastern_europe,2027.1,11.2158,82.2181,6.5661
eastern_europe,2027.2,11.5462,81.7553,6.6985
eastern_europe,2027.3,11.8845,81.2845,6.8310
eastern_europe,2027.4,12.2309,80.8057,6.9635
eastern_europe,2027.5,12.5854,80.3189,7.0957
eastern_europe,2027.6,12.9482,79.8242,7.2276
eastern_europe,2027.7,13.3194,79.3216,7.3591
eastern_europe,2027.8,13.6989,78.8111,7.4900
eastern_europe,2027.9,14.0869,78.2930,7.6202
eastern_europe,2028.0,14.4834,77.7671,7.7495
eastern_europe,2028.1,14.8885,77.2336,7.8786
eastern_europe,2028.2,15.3022,76.6926,8.0069
eastern_europe,2028.3,15.7246,76.1443,8.1339
eastern_europe,2028.4,16.1557,75.5886,8.2596
eastern_europe,2028.5,16.5955,75.0258,8.3837
eastern_europe,2028.6,17.0440,74.4560,8.5062
eastern_europe,2028.7,17.5013,73.8793,8.6268
eastern_europe,2028.8,17.9673,73.2959,8.7454
eastern_europe,2028.9,18.4419,72.7060,8.8619
eastern_europe,2029.0,18.9252,72.1097,8.9761
eastern_europe,2029.1,19.4172,71.5072,9.0879
eastern_europe,2029.2,19.9176,70.8988,9.1972
eastern_europe,2029.3,20.4265,70.2847,9.3037
eastern_europe,2029.4,20.9438,69.6651,9.4074
eastern_europe,2029.5,21.4694,69.0402,9.5080
eastern_europe,2029.6,22.0032,68.4103,9.6056
eastern_europe,2029.7,22.5449,67.7757,9.6999
eastern_europe,2029.8,23.0946,67.1365,9.7908
eastern_europe,2029.9,23.6520,66.4932,9.8782
eastern_europe,2030.0,24.2169,65.8460,9.9620
eastern_europe,2030.1,24.7892,65.1952,10.0421
eastern_europe,2030.2,25.3686,64.5411,10.1183
eastern_europe,2030.3,25.9549,63.8840,10.1906
eastern_europe,2030.4,26.5478,63.2244,10.2589
eastern_europe,2030.5,27.1472,62.5624,10.3231
eastern_europe,2030.6,27.7527,61.8985,10.3831
eastern_europe,2030.7,28.3641,61.2330,10.4389
eastern_europe,2030.8,28.9809,60.5663,10.4904
eastern_europe,2030.9,29.6030,59.8988,10.5376
eastern_europe,2031.0,30.2299,59.2308,10.5804
eastern_europe,2031.1,30.8613,58.5627,10.6189
eastern_europe,2031.2,31.4968,57.8949,10.6530
eastern_europe,2031.3,32.1361,57.2277,10.6827
eastern_europe,2031.4,32.7787,56.5616,10.7080
eastern_europe,2031.5,33.4242,55.8970,10.7290
eastern_europe,2031.6,34.0722,55.2342,10.7456
eastern_europe,2031.7,34.7222,54.5736,10.7580
eastern_europe,2031.8,35.3739,53.9156,10.7663
eastern_europe,2031.9,36.0267,53.2607,10.7704
eastern_europe,2032.0,36.6801,52.6091,10.7704
eastern_europe,2032.1,37.3338,51.9613,10.7666
eastern_europe,2032.2,37.9871,51.3177,10.7589
eastern_europe,2032.3,38.6397,50.6785,10.7475
eastern_europe,2032.4,39.2910,50.0442,10.7325
eastern_europe,2032.5,39.9405,49.4151,10.7142
eastern_europe,2032.6,40.5878,48.7916,10.6925
eastern_europe,2032.7,41.2322,48.1739,10.6678
eastern_europe,2032.8,41.8735,47.5625,10.6401
eastern_europe,2032.9,42.5110,46.9576,10.6097
eastern_europe,2033.0,43.1442,46.3595,10.5767
eastern_europe,2033.1,43.7727,45.7685,10.5414
eastern_europe,2033.2,44.3961,45.1849,10.5039
eastern_europe,2033.3,45.0138,44.6089,10.4644
eastern_europe,2033.4,45.6254,44.0407,10.4232
eastern_europe,2033.5,46.2305,43.4806,10.3805
eastern_europe,2033.6,46.8286,42.9288,10.3364
eastern_europe,2033.7,47.4195,42.3855,10.2912
eastern_europe,2033.8,48.0026,41.8508,10.2452
eastern_europe,2033.9,48.5776,41.3248,10.1984
eastern_europe,2034.0,49.1442,40.8078,10.1512
eastern_europe,2034.1,49.7021,40.2997,10.1037
eastern_europe,2034.2,50.2510,39.8008,10.0562
eastern_europe,2034.3,50.7906,39.3110,10.0088
eastern_europe,2034.4,51.3207,38.8305,9.9617
eastern_europe,2034.5,51.8410,38.3592,9.9150
eastern_europe,2034.6,52.3514,37.8972,9.8691
eastern_europe,2034.7,52.8518,37.4445,9.8240
eastern_europe,2034.8,53.3420,37.0009,9.7798
eastern_europe,2034.9,53.8218,36.5666,9.7368
eastern_europe,2035.0,54.2914,36.1414,9.6949
eastern_europe,2035.1,54.7505,35.7253,9.6545
eastern_europe,2035.2,55.1992,35.3182,9.6154
eastern_europe,2035.3,55.6376,34.9198,9.5779
eastern_europe,2035.4,56.0657,34.5303,9.5420
eastern_europe,2035.5,56.4835,34.1493,9.5078
eastern_europe,2035.6,56.8912,33.7768,9.4752
eastern_europe,2035.7,57.2889,33.4125,9.4444
eastern_europe,2035.8,57.6767,33.0564,9.4153
eastern_europe,2035.9,58.0549,32.7082,9.3879
eastern_europe,2036.0,58.4237,32.3677,9.3623
eastern_europe,2036.1,58.7832,32.0347,9.3384
eastern_europe,2036.2,59.1338,31.7091,9.3161
eastern_europe,2036.3,59.4756,31.3906,9.2955
eastern_europe,2036.4,59.8090,31.0790,9.2764
eastern_europe,2036.5,60.1342,30.7740,9.2588
eastern_europe,2036.6,60.4515,30.4756,9.2426
eastern_europe,2036.7,60.7613,30.1833,9.2278
eastern_europe,2036.8,61.0638,29.8970,9.2142
eastern_europe,2036.9,61.3595,29.6166,9.2018
eastern_europe,2037.0,61.6485,29.3417,9.1904
eastern_europe,2037.1,61.9313,29.0721,9.1799
eastern_europe,2037.2,62.2081,28.8076,9.1703
eastern_europe,2037.3,62.4793,28.5481,9.1614
eastern_europe,2037.4,62.7452,28.2932,9.1531
eastern_europe,2037.5,63.0061,28.0428,9.1453
eastern_europe,2037.6,63.2624,27.7968,9.1378
eastern_europe,2037.7,63.5142,27.5548,9.1307
eastern_europe,2037.8,63.7620,27.3168,9.1237
eastern_europe,2037.9,64.0060,27.0824,9.1168
eastern_europe,2038.0,64.2464,26.8517,9.1099
eastern_europe,2038.1,64.4835,26.6244,9.1029
eastern_europe,2038.2,64.7176,26.4003,9.0956
eastern_europe,2038.3,64.9488,26.1794,9.0881
eastern_europe,2038.4,65.1775,25.9614,9.0802
eastern_europe,2038.5,65.4037,25.7463,9.0718
eastern_europe,2038.6,65.6277,25.5339,9.0629
eastern_europe,2038.7,65.8497,25.3241,9.0535
eastern_europe,2038.8,66.0698,25.1168,9.0434
eastern_europe,2038.9,66.2882,24.9119,9.0327
eastern_europe,2039.0,66.5050,24.7093,9.0212
eastern_europe,2039.1,66.7203,24.5090,9.0090
eastern_europe,2039.2,66.9342,24.3108,8.9963
eastern_europe,2039.3,67.1468,24.1147,8.9831
eastern_europe,2039.4,67.3582,23.9206,8.9689
eastern_europe,2039.5,67.5685,23.7285,8.9537
eastern_europe,2039.6,67.7778,23.5383,8.9376
eastern_europe,2039.7,67.9860,23.3500,8.9205
eastern_europe,2039.8,68.1933,23.1635,8.9024
eastern_europe,2039.9,68.3996,22.9788,8.8834
eastern_europe,2040.0,68.6051,22.7958,8.8635
eastern_europe,2040.1,68.8097,22.6146,8.8428
eastern_europe,2040.2,69.0134,22.4350,8.8211
eastern_europe,2040.3,69.2163,22.2571,8.7986
eastern_europe,2040.4,69.4183,22.0809,8.7752
eastern_europe,2040.5,69.6195,21.9064,8.7510
eastern_europe,2040.6,69.8199,21.7334,8.7261
eastern_europe,2040.7,70.0195,21.5621,8.7003
eastern_europe,2040.8,70.2182,21.3923,8.6738
eastern_europe,2040.9,70.4160,21.2242,8.6465
eastern_europe,2041.0,70.6130,21.0576,8.6186
eastern_europe,2041.1,70.8092,20.8926,8.5899
eastern_europe,2041.2,71.0044,20.7291,8.5605
eastern_europe,2041.3,71.1987,20.5673,8.5305
eastern_europe,2041.4,71.3921,20.4069,8.4998
eastern_europe,2041.5,71.5846,20.2481,8.4685
eastern_europe,2041.6,71.7761,20.0909,8.4366
eastern_europe,2041.7,71.9667,19.9352,8.4041
eastern_europe,2041.8,72.1563,19.7810,8.3711
eastern_europe,2041.9,72.3448,19.6284,8.3375
eastern_europe,2042.0,72.5324,19.4773,8.3034
eastern_europe,2042.1,72.7189,19.3277,8.2688
eastern_europe,2042.2,72.9043,19.1796,8.2338
eastern_europe,2042.3,73.0887,19.0331,8.1982
eastern_europe,2042.4,73.2720,18.8880,8.1623
eastern_europe,2042.5,73.4542,18.7445,8.1259
eastern_europe,2042.6,73.6352,18.6024,8.0891
eastern_europe,2042.7,73.8152,18.4618,8.0520
eastern_europe,2042.8,73.9939,18.3227,8.0145
eastern_europe,2042.9,74.1716,18.1851,7.9766
eastern_europe,2043.0,74.3480,18.0490,7.9385
eastern_europe,2043.1,74.5233,17.9143,7.9000
eastern_europe,2043.2,74.6973,17.7810,7.8613
eastern_europe,2043.3,74.8701,17.6492,7.8223
eastern_europe,2043.4,75.0418,17.5189,7.7831
eastern_europe,2043.5,75.2121,17.3899,7.7436
eastern_europe,2043.6,75.3813,17.2624,7.7040
eastern_europe,2043.7,75.5492,17.1363,7.6642
eastern_europe,2043.8,75.7158,17.0115,7.6242
eastern_europe,2043.9,75.8811,16.8882,7.5841
eastern_europe,2044.0,76.0452,16.7662,7.5438
eastern_europe,2044.1,76.2080,16.6456,7.5035
eastern_europe,2044.2,76.3695,16.5264,7.4630
eastern_europe,2044.3,76.5297,16.4085,7.4225
eastern_europe,2044.4,76.6885,16.2919,7.3819
eastern_europe,2044.5,76.8461,16.1766,7.3413
eastern_europe,2044.6,77.0024,16.0626,7.3007
eastern_europe,2044.7,77.1574,15.9500,7.2601
eastern_europe,2044.8,77.3110,15.8386,7.2194
eastern_europe,2044.9,77.4633,15.7284,7.1788
eastern_europe,2045.0,77.6143,15.6195,7.1383
eastern_europe,2045.1,77.7640,15.5119,7.0977
eastern_europe,2045.2,77.9123,15.4054,7.0573
eastern_europe,2045.3,78.0594,15.3002,7.0169
eastern_europe,2045.4,78.2051,15.1962,6.9767
eastern_europe,2045.5,78.3495,15.0933,6.9365
eastern_europe,2045.6,78.4925,14.9917,6.8964
eastern_europe,2045.7,78.6343,14.8911,6.8565
eastern_europe,2045.8,78.7747,14.7917,6.8168
eastern_europe,2045.9,78.9138,14.6935,6.7772
eastern_europe,2046.0,79.0516,14.5963,6.7377
eastern_europe,2046.1,79.1881,14.5003,6.6984
eastern_europe,2046.2,79.3233,14.4053,6.6593
eastern_europe,2046.3,79.4572,14.3114,6.6204
eastern_europe,2046.4,79.5898,14.2185,6.5818
eastern_europe,2046.5,79.7211,14.1267,6.5433
eastern_europe,2046.6,79.8511,14.0358,6.5050
eastern_europe,2046.7,79.9799,13.9460,6.4670
eastern_europe,2046.8,80.1074,13.8572,6.4292
eastern_europe,2046.9,80.2336,13.7694,6.3917
eastern_europe,2047.0,80.3586,13.6825,6.3544
eastern_europe,2047.1,80.4823,13.5966,6.3173
eastern_europe,2047.2,80.6048,13.5116,6.2805
eastern_europe,2047.3,80.7261,13.4276,6.2440
eastern_europe,2047.4,80.8462,13.3444,6.2078
eastern_europe,2047.5,80.9650,13.2622,6.1718
eastern_europe,2047.6,81.0827,13.1808,6.1361
eastern_europe,2047.7,81.1991,13.1003,6.1007
eastern_europe,2047.8,81.3144,13.0207,6.0656
eastern_europe,2047.9,81.4285,12.9419,6.0308
eastern_europe,2048.0,81.5414,12.8639,5.9962
eastern_europe,2048.1,81.6532,12.7867,5.9620
eastern_europe,2048.2,81.7639,12.7104,5.9281
eastern_europe,2048.3,81.8734,12.6348,5.8944
eastern_europe,2048.4,81.9818,12.5600,5.8611
eastern_europe,2048.5,82.0891,12.4860,5.8280
eastern_europe,2048.6,82.1953,12.4128,5.7953
eastern_europe,2048.7,82.3004,12.3402,5.7628
eastern_europe,2048.8,82.4045,12.2684,5.7307
eastern_europe,2048.9,82.5075,12.1974,5.6989
eastern_europe,2049.0,82.6094,12.1270,5.6673
eastern_europe,2049.1,82.7103,12.0574,5.6361
eastern_europe,2049.2,82.8102,11.9884,5.6051
eastern_europe,2049.3,82.9090,11.9201,5.5745
eastern_europe,2049.4,83.0069,11.8525,5.5441
eastern_europe,2049.5,83.1038,11.7855,5.5141
eastern_europe,2049.6,83.1996,11.7192,5.4843
eastern_europe,2049.7,83.2946,11.6535,5.4548
eastern_europe,2049.8,83.3885,11.5885,5.4256
eastern_europe,2049.9,83.4816,11.5240,5.3967
eastern_europe,2050.0,83.5737,11.4602,5.3681
eu,2015.0,0.2897,99.4071,0.3034
eu,2015.1,0.3129,99.3607,0.3266
eu,2015.2,0.3376,99.3115,0.3510
eu,2015.3,0.3639,99.2596,0.3768
eu,2015.4,0.3916,99.2048,0.4039
eu,2015.5,0.4209,99.1470,0.4324
eu,2015.6,0.4518,99.0863,0.4622
eu,2015.7,0.4844,99.0225,0.4934
eu,2015.8,0.5187,98.9557,0.5261
eu,2015.9,0.5547,98.8857,0.5601
eu,2016.0,0.5925,98.8125,0.5956
eu,2016.1,0.6321,98.7360,0.6325
eu,2016.2,0.6736,98.6562,0.6709
eu,2016.3,0.7169,98.5730,0.7107
eu,2016.4,0.7622,98.4865,0.7521
eu,2016.5,0.8095,98.3964,0.7949
eu,2016.6,0.8587,98.3029,0.8393
eu,2016.7,0.9101,98.2057,0.8852
eu,2016.8,0.9635,98.1050,0.9326
eu,2016.9,1.0190,98.0005,0.9816
eu,2017.0,1.0767,97.8924,1.0321
eu,2017.1,1.1367,97.7797,1.0850
eu,2017.2,1.1990,97.6619,1.1406
eu,2017.3,1.2637,97.5392,1.1988
eu,2017.4,1.3308,97.4116,1.2594
eu,2017.5,1.4004,97.2791,1.3224
eu,2017.6,1.4725,97.1417,1.3878
eu,2017.7,1.5473,96.9994,1.4554
eu,2017.8,1.6247,96.8523,1.5253
eu,2017.9,1.7048,96.7002,1.5974
eu,2018.0,1.7877,96.5431,1.6717
eu,2018.1,1.8811,96.3793,1.7481
eu,2018.2,1.9706,96.2113,1.8265
eu,2018.3,2.0627,96.0383,1.9071
eu,2018.4,2.1577,95.8605,1.9896
eu,2018.5,2.2556,95.6777,2.0741
eu,2018.6,2.3566,95.4899,2.1606
eu,2018.7,2.4606,95.2971,2.2490
eu,2018.8,2.5679,95.0992,2.3392
eu,2018.9,2.6783,94.8963,2.4312
eu,2019.0,2.7921,94.6883,2.5251
eu,2019.1,2.9092,94.4752,2.6207
eu,2019.2,3.0297,94.2570,2.7179
eu,2019.3,3.1537,94.0336,2.8169
eu,2019.4,3.2811,93.8051,2.9174
eu,2019.5,3.4122,93.5715,3.0196
eu,2019.6,3.5468,93.3327,3.1235
eu,2019.7,3.6851,93.0888,3.2290
eu,2019.8,3.8271,92.8398,3.3359
eu,2019.9,3.9728,92.5856,3.4442
eu,2020.0,4.1224,92.3262,3.5539
eu,2020.1,4.2758,92.0617,3.6648
eu,2020.2,4.4332,91.7921,3.7769
eu,2020.3,4.5944,91.5173,3.8902
eu,2020.4,4.7597,91.2374,4.0046
eu,2020.5,4.9290,90.9525,4.1200
eu,2020.6,5.1024,90.6624,4.2364
eu,2020.7,5.2799,90.3673,4.3537
eu,2020.8,5.4616,90.0671,4.4720
eu,2020.9,5.6475,89.7619,4.5911
eu,2021.0,5.8376,89.4517,4.7110
eu,2021.1,6.0321,89.1365,4.8315
eu,2021.2,6.2308,88.8164,4.9528
eu,2021.3,6.4339,88.4913,5.0748
eu,2021.4,6.6413,88.1613,5.1973
eu,2021.5,6.8532,87.8265,5.3202
eu,2021.6,7.0696,87.4869,5.4435
eu,2021.7,7.2904,87.1425,5.5671
eu,2021.8,7.5156,86.7934,5.6910
eu,2021.9,7.7454,86.4395,5.8150
eu,2022.0,7.9798,86.0810,5.9392
eu,2022.1,8.2187,85.7180,6.0634
eu,2022.2,8.4621,85.3503,6.1876
eu,2022.3,8.7101,84.9782,6.3117
eu,2022.4,8.9627,84.6016,6.4356
eu,2022.5,9.2199,84.2207,6.5594
eu,2022.6,9.4817,83.8354,6.6829
eu,2022.7,9.7481,83.4458,6.8061
eu,2022.8,10.0191,83.0521,6.9289
eu,2022.9,10.2946,82.6542,7.0512
eu,2023.0,10.5747,82.2522,7.1731
eu,2023.1,10.8593,81.8463,7.2944
eu,2023.2,11.1485,81.4364,7.4151
eu,2023.3,11.4421,81.0226,7.5352
eu,2023.4,11.7403,80.6051,7.6546
eu,2023.5,12.0428,80.1839,7.7733
eu,2023.6,12.3498,79.7590,7.8912
eu,2023.7,12.6611,79.3306,8.0083
eu,2023.8,12.9768,78.8987,8.1246
eu,2023.9,13.2967,78.4634,8.2399
eu,2024.0,13.6208,78.0248,8.3544
eu,2024.1,13.9491,77.5830,8.4680
eu,2024.2,14.2814,77.1380,8.5806
eu,2024.3,14.6178,76.6900,8.6922
eu,2024.4,14.9581,76.2390,8.8029
eu,2024.5,15.3024,75.7851,8.9125
eu,2024.6,15.6504,75.3285,9.0211
eu,2024.7,16.0022,74.8691,9.1287
eu,2024.8,16.3576,74.4071,9.2353
eu,2024.9,16.7166,73.9426,9.3408
eu,2025.0,17.0790,73.4757,9.4453
eu,2025.1,17.4449,73.0064,9.5488
eu,2025.2,17.8140,72.5348,9.6512
eu,2025.3,18.1863,72.0611,9.7526
eu,2025.4,18.5618,71.5853,9.8530
eu,2025.5,18.9403,71.1074,9.9523
eu,2025.6,19.3217,70.6277,10.0506
eu,2025.7,19.7059,70.1462,10.1479
eu,2025.8,20.0929,69.6629,10.2442
eu,2025.9,20.4825,69.1780,10.3395
eu,2026.0,20.8747,68.6916,10.4337
eu,2026.1,21.2693,68.2037,10.5331
eu,2026.2,21.6664,67.7143,10.6330
eu,2026.3,22.0657,67.2237,10.7315
eu,2026.4,22.4673,66.7319,10.8286
eu,2026.5,22.8710,66.2389,10.9242
eu,2026.6,23.2768,65.7449,11.0184
eu,2026.7,23.6845,65.2499,11.1110
eu,2026.8,24.0942,64.7540,11.2022
eu,2026.9,24.5058,64.2573,11.2918
eu,2027.0,24.9191,63.7598,11.3798
eu,2027.1,25.3342,63.2617,11.4663
eu,2027.2,25.7510,62.7630,11.5512
eu,2027.3,26.1694,62.2637,11.6344
eu,2027.4,26.5894,61.7641,11.7160
eu,2027.5,27.0110,61.2640,11.7959
eu,2027.6,27.4341,60.7637,11.8742
eu,2027.7,27.8587,60.2631,11.9508
eu,2027.8,28.2847,59.7624,12.0257
eu,2027.9,28.7121,59.2616,12.0989
eu,2028.0,29.1408,58.7608,12.1704
eu,2028.1,29.5710,58.2600,12.2403
eu,2028.2,30.0024,57.7594,12.3084
eu,2028.3,30.4351,57.2589,12.3749
eu,2028.4,30.8691,56.7587,12.4395
eu,2028.5,31.3043,56.2587,12.5024
eu,2028.6,31.7408,55.7592,12.5636
eu,2028.7,32.1783,55.2601,12.6230
eu,2028.8,32.6171,54.7615,12.6806
eu,2028.9,33.0569,54.2635,12.7364
eu,2029.0,33.4978,53.7662,12.7905
eu,2029.1,33.9398,53.2695,12.8427
eu,2029.2,34.3827,52.7737,12.8932
eu,2029.3,34.8266,52.2786,12.9419
eu,2029.4,35.2714,51.7845,12.9888
eu,2029.5,35.7170,51.2913,13.0339
eu,2029.6,36.1635,50.7992,13.0772
eu,2029.7,36.6107,50.3082,13.1187
eu,2029.8,37.0586,49.8183,13.1584
eu,2029.9,37.5072,49.3297,13.1963
eu,2030.0,37.9563,48.8424,13.2325
eu,2030.1,38.4059,48.3565,13.2668
eu,2030.2,38.8560,47.8720,13.2994
eu,2030.3,39.3065,47.3890,13.3302
eu,2030.4,39.7572,46.9077,13.3592
eu,2030.5,40.2081,46.4280,13.3877
eu,2030.6,40.6592,45.9500,13.4215
eu,2030.7,41.1104,45.4738,13.4532
eu,2030.8,41.5615,44.9996,13.4830
eu,2030.9,42.0125,44.5272,13.5107
eu,2031.0,42.4634,44.0569,13.5365
eu,2031.1,42.9139,43.5887,13.5604
eu,2031.2,43.3641,43.1227,13.5823
eu,2031.3,43.8138,42.6589,13.6022
eu,2031.4,44.2629,42.1975,13.6202
eu,2031.5,44.7115,41.7384,13.6363
eu,2031.6,45.1592,41.2818,13.6504
eu,2031.7,45.6062,40.8277,13.6627
eu,2031.8,46.0522,40.3763,13.6731
eu,2031.9,46.4972,39.9276,13.6817
eu,2032.0,46.9411,39.4816,13.6884
eu,2032.1,47.3837,39.0384,13.6932
eu,2032.2,47.8251,38.5981,13.6963
eu,2032.3,48.2651,38.1609,13.6976
eu,2032.4,48.7036,37.7266,13.6972
eu,2032.5,49.1405,37.2954,13.6951
eu,2032.6,49.5757,36.8674,13.6912
eu,2032.7,50.0092,36.4426,13.6857
eu,2032.8,50.4408,36.0211,13.6786
eu,2032.9,50.8705,35.6030,13.6699
eu,2033.0,51.2981,35.1882,13.6596
eu,2033.1,51.7237,34.7769,13.6478
eu,2033.2,52.1470,34.3690,13.6344
eu,2033.3,52.5681,33.9647,13.6197
eu,2033.4,52.9869,33.5641,13.6034
eu,2033.5,53.4032,33.1670,13.5858
eu,2033.6,53.8170,32.7736,13.5668
eu,2033.7,54.2283,32.3839,13.5465
eu,2033.8,54.6370,31.9980,13.5250
eu,2033.9,55.0429,31.6158,13.5021
eu,2034.0,55.4461,31.2374,13.4781
eu,2034.1,55.8466,30.8628,13.4529
eu,2034.2,56.2441,30.4921,13.4265
eu,2034.3,56.6388,30.1252,13.3990
eu,2034.4,57.0305,29.7622,13.3705
eu,2034.5,57.4193,29.4031,13.3409
eu,2034.6,57.8050,29.0479,13.3104
eu,2034.7,58.1877,28.6965,13.2788
eu,2034.8,58.5673,28.3491,13.2463
eu,2034.9,58.9439,28.0055,13.2129
eu,2035.0,59.3173,27.6658,13.1786
eu,2035.1,59.6876,27.3300,13.1435
eu,2035.2,60.0548,26.9980,13.1075
eu,2035.3,60.4189,26.6699,13.0707
eu,2035.4,60.7798,26.3456,13.0332
eu,2035.5,61.1376,26.0251,12.9948
eu,2035.6,61.4923,25.7084,12.9558
eu,2035.7,61.8438,25.3955,12.9160
eu,2035.8,62.1923,25.0863,12.8754
eu,2035.9,62.5377,24.7808,12.8342
eu,2036.0,62.8800,24.4790,12.7923
eu,2036.1,63.2194,24.1809,12.7498
eu,2036.2,63.5557,23.8863,12.7066
eu,2036.3,63.8890,23.5954,12.6627
eu,2036.4,64.2194,23.3079,12.6182
eu,2036.5,64.5469,23.0240,12.5730
eu,2036.6,64.8715,22.7436,12.5272
eu,2036.7,65.1933,22.4666,12.4808
eu,2036.8,65.5122,22.1929,12.4338
eu,2036.9,65.8284,21.9227,12.3862
eu,2037.0,66.1419,21.6557,12.3380
eu,2037.1,66.4527,21.3920,12.2891
eu,2037.2,66.7609,21.1316,12.2397
eu,2037.3,67.0665,20.8744,12.1896
eu,2037.4,67.3695,20.6203,12.1390
eu,2037.5,67.6699,20.3693,12.0877
eu,2037.6,67.9679,20.1214,12.0359
eu,2037.7,68.2635,19.8765,11.9835
eu,2037.8,68.5566,19.6347,11.9305
eu,2037.9,68.8473,19.3958,11.8769
eu,2038.0,69.1357,19.1598,11.8228
eu,2038.1,69.4218,18.9268,11.7681
eu,2038.2,69.7055,18.6966,11.7128
eu,2038.3,69.9871,18.4692,11.6570
eu,2038.4,70.2664,18.2446,11.6007
eu,2038.5,70.5434,18.0228,11.5438
eu,2038.6,70.8183,17.8037,11.4864
eu,2038.7,71.0911,17.5873,11.4285
eu,2038.8,71.3617,17.3736,11.3701
eu,2038.9,71.6301,17.1625,11.3111
eu,2039.0,71.8965,16.9540,11.2518
eu,2039.1,72.1608,16.7481,11.1919
eu,2039.2,72.4230,16.5448,11.1316
eu,2039.3,72.6831,16.3440,11.0710
eu,2039.4,72.9412,16.1457,11.0099
eu,2039.5,73.1972,15.9499,10.9483
eu,2039.6,73.4512,15.7565,10.8864
eu,2039.7,73.7031,15.5656,10.8241
eu,2039.8,73.9531,15.3770,10.7614
eu,2039.9,74.2010,15.1909,10.6983
eu,2040.0,74.4469,15.0071,10.6350
eu,2040.1,74.6908,14.8256,10.5713
eu,2040.2,74.9327,14.6465,10.5073
eu,2040.3,75.1727,14.4697,10.4431
eu,2040.4,75.4106,14.2951,10.3786
eu,2040.5,75.6465,14.1228,10.3139
eu,2040.6,75.8804,13.9527,10.2490
eu,2040.7,76.1124,13.7849,10.1838
eu,2040.8,76.3424,13.6192,10.1186
eu,2040.9,76.5704,13.4557,10.0531
eu,2041.0,76.7964,13.2943,9.9875
eu,2041.1,77.0204,13.1351,9.9218
eu,2041.2,77.2425,12.9780,9.8560
eu,2041.3,77.4626,12.8229,9.7901
eu,2041.4,77.6807,12.6700,9.7241
eu,2041.5,77.8968,12.5190,9.6581
eu,2041.6,78.1110,12.3701,9.5921
eu,2041.7,78.3233,12.2232,9.5260
eu,2041.8,78.5335,12.0783,9.4599
eu,2041.9,78.7419,11.9354,9.3939
eu,2042.0,78.9483,11.7943,9.3279
eu,2042.1,79.1527,11.6552,9.2619
eu,2042.2,79.3552,11.5181,9.1960
eu,2042.3,79.5557,11.3827,9.1302
eu,2042.4,79.7544,11.2493,9.0644
eu,2042.5,79.9511,11.1177,8.9988
eu,2042.6,80.1459,10.9878,8.9333
eu,2042.7,80.3387,10.8598,8.8680
eu,2042.8,80.5297,10.7336,8.8028
eu,2042.9,80.7188,10.6091,8.7378
eu,2043.0,80.9059,10.4864,8.6729
eu,2043.1,81.0912,10.3653,8.6083
eu,2043.2,81.2746,10.2460,8.5438
eu,2043.3,81.4561,10.1283,8.4796
eu,2043.4,81.6358,10.0123,8.4156
eu,2043.5,81.8136,9.8979,8.3519
eu,2043.6,81.9895,9.7851,8.2884
eu,2043.7,82.1637,9.6738,8.2252
eu,2043.8,82.3359,9.5642,8.1623
eu,2043.9,82.5064,9.4561,8.0996
eu,2044.0,82.6750,9.3495,8.0373
eu,2044.1,82.8419,9.2444,7.9753
eu,2044.2,83.0069,9.1408,7.9136
eu,2044.3,83.1702,9.0387,7.8523
eu,2044.4,83.3317,8.9379,7.7913
eu,2044.5,83.4914,8.8387,7.7306
eu,2044.6,83.6494,8.7408,7.6703
eu,2044.7,83.8056,8.6443,7.6104
eu,2044.8,83.9601,8.5491,7.5509
eu,2044.9,84.1129,8.4553,7.4918
eu,2045.0,84.2639,8.3628,7.4330
eu,2045.1,84.4133,8.2716,7.3747
eu,2045.2,84.5610,8.1817,7.3168
eu,2045.3,84.7070,8.0931,7.2593
eu,2045.4,84.8514,8.0057,7.2022
eu,2045.5,84.9941,7.9195,7.1456
eu,2045.6,85.1351,7.8345,7.0894
eu,2045.7,85.2746,7.7507,7.0336
eu,2045.8,85.4124,7.6681,6.9783
eu,2045.9,85.5487,7.5866,6.9234
eu,2046.0,85.6833,7.5062,6.8691
eu,2046.1,85.8164,7.4270,6.8151
eu,2046.2,85.9479,7.3489,6.7617
eu,2046.3,86.0779,7.2718,6.7087
eu,2046.4,86.2064,7.1958,6.6561
eu,2046.5,86.3333,7.1208,6.6041
eu,2046.6,86.4587,7.0468,6.5526
eu,2046.7,86.5827,6.9739,6.5015
eu,2046.8,86.7052,6.9019,6.4509
eu,2046.9,86.8262,6.8310,6.4008
eu,2047.0,86.9457,6.7609,6.3512
eu,2047.1,87.0639,6.6919,6.3021
eu,2047.2,87.1806,6.6237,6.2534
eu,2047.3,87.2959,6.5565,6.2053
eu,2047.4,87.4098,6.4901,6.1577
eu,2047.5,87.5224,6.4246,6.1105
eu,2047.6,87.6336,6.3600,6.0639
eu,2047.7,87.7434,6.2963,6.0177
eu,2047.8,87.8520,6.2334,5.9720
eu,2047.9,87.9592,6.1713,5.9269
eu,2048.0,88.0651,6.1100,5.8822
eu,2048.1,88.1697,6.0495,5.8380
eu,2048.2,88.2731,5.9897,5.7943
eu,2048.3,88.3752,5.9308,5.7511
eu,2048.4,88.4760,5.8726,5.7084
eu,2048.5,88.5757,5.8151,5.6661
eu,2048.6,88.6741,5.7584,5.6244
eu,2048.7,88.7713,5.7024,5.5831
eu,2048.8,88.8674,5.6470,5.5423
eu,2048.9,88.9623,5.5924,5.5020
eu,2049.0,89.0560,5.5385,5.4621
eu,2049.1,89.1486,5.4852,5.4228
eu,2049.2,89.2400,5.4326,5.3838
eu,2049.3,89.3304,5.3806,5.3454
eu,2049.4,89.4197,5.3292,5.3074
eu,2049.5,89.5078,5.2785,5.2699
eu,2049.6,89.5950,5.2284,5.2328
eu,2049.7,89.6810,5.1789,5.1961
eu,2049.8,89.7661,5.1299,5.1599
eu,2049.9,89.8501,5.0816,5.1242
eu,2050.0,89.9331,5.0338,5.0888
g7,2015.0,0.2869,99.4646,0.2485
g7,2015.1,0.3060,99.4313,0.2627
g7,2015.2,0.3261,99.3964,0.2775
g7,2015.3,0.3472,99.3598,0.2930
g7,2015.4,0.3694,99.3216,0.3090
g7,2015.5,0.3927,99.2816,0.3257
g7,2015.6,0.4172,99.2399,0.3429
g7,2015.7,0.4428,99.1964,0.3608
g7,2015.8,0.4695,99.1512,0.3793
g7,2015.9,0.4975,99.1041,0.3984
g7,2016.0,0.5267,99.0552,0.4182
g7,2016.1,0.5571,99.0044,0.4385
g7,2016.2,0.5888,98.9517,0.4595
g7,2016.3,0.6218,98.8971,0.4811
g7,2016.4,0.6560,98.8406,0.5034
g7,2016.5,0.6917,98.7821,0.5262
g7,2016.6,0.7287,98.7217,0.5497
g7,2016.7,0.7670,98.6592,0.5738
g7,2016.8,0.8068,98.5948,0.5985
g7,2016.9,0.8480,98.5283,0.6238
g7,2017.0,0.8906,98.4597,0.6497
g7,2017.1,0.9347,98.3891,0.6762
g7,2017.2,0.9802,98.3164,0.7034
g7,2017.3,1.0273,98.2416,0.7311
g7,2017.4,1.0758,98.1647,0.7594
g7,2017.5,1.1260,98.0857,0.7884
g7,2017.6,1.1776,98.0045,0.8179
g7,2017.7,1.2309,97.9211,0.8480
g7,2017.8,1.2857,97.8356,0.8787
g7,2017.9,1.3422,97.7479,0.9100
g7,2018.0,1.4002,97.6579,0.9418
g7,2018.1,1.4600,97.5658,0.9742
g7,2018.2,1.5213,97.4715,1.0072
g7,2018.3,1.5844,97.3749,1.0407
g7,2018.4,1.6491,97.2761,1.0748
g7,2018.5,1.7156,97.1750,1.1094
g7,2018.6,1.7838,97.0716,1.1446
g7,2018.7,1.8537,96.9660,1.1802
g7,2018.8,1.9254,96.8581,1.2165
g7,2018.9,1.9989,96.7480,1.2532
g7,2019.0,2.0741,96.6355,1.2904
g7,2019.1,2.1511,96.5207,1.3281
g7,2019.2,2.2300,96.4037,1.3663
g7,2019.3,2.3107,96.2843,1.4050
g7,2019.4,2.3932,96.1626,1.4442
g7,2019.5,2.4775,96.0386,1.4838
g7,2019.6,2.5638,95.9123,1.5239
g7,2019.7,2.6519,95.7837,1.5645
g7,2019.8,2.7419,95.6527,1.6054
g7,2019.9,2.8338,95.5194,1.6469
g7,2020.0,2.9276,95.3838,1.6887
g7,2020.1,3.0233,95.2458,1.7309
g7,2020.2,3.1209,95.1055,1.7735
g7,2020.3,3.2205,94.9629,1.8165
g7,2020.4,3.3221,94.8180,1.8599
g7,2020.5,3.4256,94.6708,1.9037
g7,2020.6,3.5311,94.5212,1.9478
g7,2020.7,3.6385,94.3693,1.9922
g7,2020.8,3.7480,94.2151,2.0370
g7,2020.9,3.8594,94.0585,2.0820
g7,2021.0,3.9728,93.8997,2.1274
g7,2021.1,4.0883,93.7386,2.1731
g7,2021.2,4.2058,93.5752,2.2191
g7,2021.3,4.3253,93.4094,2.2653
g7,2021.4,4.4468,93.2414,2.3118
g7,2021.5,4.5703,93.0711,2.3585
g7,2021.6,4.6959,92.8986,2.4055
g7,2021.7,4.8236,92.7238,2.4527
g7,2021.8,4.9533,92.5467,2.5000
g7,2021.9,5.0850,92.3674,2.5476
g7,2022.0,5.2188,92.1859,2.5953
g7,2022.1,5.3547,92.0021,2.6432
g7,2022.2,5.4926,91.8161,2.6913
g7,2022.3,5.6326,91.6279,2.7395
g7,2022.4,5.7747,91.4376,2.7877
g7,2022.5,5.9188,91.2450,2.8362
g7,2022.6,6.0650,91.0503,2.8846
g7,2022.7,6.2133,90.8535,2.9332
g7,2022.8,6.3637,90.6545,2.9818
g7,2022.9,6.5161,90.4533,3.0305
g7,2023.0,6.6707,90.2501,3.0792
g7,2023.1,6.8273,90.0448,3.1279
g7,2023.2,6.9859,89.8374,3.1767
g7,2023.3,7.1467,89.6279,3.2254
g7,2023.4,7.3095,89.4164,3.2741
g7,2023.5,7.4744,89.2029,3.3227
g7,2023.6,7.6414,88.9873,3.3713
g7,2023.7,7.8104,88.7698,3.4198
g7,2023.8,7.9815,88.5503,3.4682
g7,2023.9,8.1547,88.3288,3.5165
g7,2024.0,8.3299,88.1054,3.5647
g7,2024.1,8.5072,87.8800,3.6128
g7,2024.2,8.6865,87.6528,3.6607
g7,2024.3,8.8679,87.4237,3.7084
g7,2024.4,9.0513,87.1927,3.7560
g7,2024.5,9.2367,86.9599,3.8034
g7,2024.6,9.4242,86.7253,3.8506
g7,2024.7,9.6137,86.4888,3.8975
g7,2024.8,9.8052,86.2506,3.9442
g7,2024.9,9.9987,86.0107,3.9906
g7,2025.0,10.1942,85.7690,4.0368
g7,2025.1,10.3917,85.5256,4.0827
g7,2025.2,10.5912,85.2805,4.1283
g7,2025.3,10.7926,85.0338,4.1736
g7,2025.4,10.9960,84.7854,4.2185
g7,2025.5,11.2014,84.5355,4.2631
g7,2025.6,11.4087,84.2839,4.3074
g7,2025.7,11.6180,84.0307,4.3513
g7,2025.8,11.8292,83.7761,4.3948
g7,2025.9,12.0423,83.5199,4.4379
g7,2026.0,12.2573,83.2622,4.4805
g7,2026.1,12.4742,83.0030,4.5228
g7,2026.2,12.6930,82.7424,4.5646
g7,2026.3,12.9136,82.4804,4.6060
g7,2026.4,13.1361,82.2170,4.6469
g7,2026.5,13.3605,81.9522,4.6873
g7,2026.6,13.5867,81.6861,4.7272
g7,2026.7,13.8147,81.4187,4.7666
g7,2026.8,14.0445,81.1500,4.8055
g7,2026.9,14.2760,80.8801,4.8439
g7,2027.0,14.5094,80.6089,4.8817
g7,2027.1,14.7445,80.3365,4.9190
g7,2027.2,14.9814,80.0629,4.9557
g7,2027.3,15.2200,79.7881,4.9918
g7,2027.4,15.4603,79.5123,5.0274
g7,2027.5,15.7023,79.2353,5.0623
g7,2027.6,15.9460,78.9573,5.0967
g7,2027.7,16.1914,78.6782,5.1304
g7,2027.8,16.4384,78.3981,5.1635
g7,2027.9,16.6871,78.1170,5.1959
g7,2028.0,16.9373,77.8350,5.2277
g7,2028.1,17.1892,77.5520,5.2588
g7,2028.2,17.4426,77.2681,5.2893
g7,2028.3,17.6976,76.9833,5.3191
g7,2028.4,17.9541,76.6977,5.3482
g7,2028.5,18.2122,76.4112,5.3766
g7,2028.6,18.4718,76.1239,5.4043
g7,2028.7,18.7328,75.8358,5.4313
g7,2028.8,18.9954,75.5470,5.4576
g7,2028.9,19.2593,75.2575,5.4832
g7,2029.0,19.5247,74.9673,5.5080
g7,2029.1,19.7915,74.6764,5.5321
g7,2029.2,20.0597,74.3849,5.5554
g7,2029.3,20.3293,74.0927,5.5780
g7,2029.4,20.6002,73.7999,5.5998
g7,2029.5,20.8725,73.5066,5.6209
g7,2029.6,21.1460,73.2128,5.6412
g7,2029.7,21.4208,72.9184,5.6608
g7,2029.8,21.6969,72.6235,5.6795
g7,2029.9,21.9743,72.3282,5.6975
g7,2030.0,22.2528,72.0325,5.7147
g7,2030.1,22.5326,71.7363,5.7311
g7,2030.2,22.8135,71.4397,5.7468
g7,2030.3,23.0956,71.1428,5.7616
g7,2030.4,23.3788,70.8455,5.7756
g7,2030.5,23.6632,70.5479,5.7889
g7,2030.6,23.9486,70.2501,5.8013
g7,2030.7,24.2351,69.9519,5.8130
g7,2030.8,24.5226,69.6535,5.8238
g7,2030.9,24.8112,69.3549,5.8339
g7,2031.0,25.1007,69.0561,5.8431
g7,2031.1,25.3913,68.7572,5.8516
g7,2031.2,25.6828,68.4580,5.8592
g7,2031.3,25.9752,68.1588,5.8660
g7,2031.4,26.2685,67.8594,5.8721
g7,2031.5,26.5627,67.5600,5.8773
g7,2031.6,26.8578,67.2605,5.8817
g7,2031.7,27.1537,66.9609,5.8854
g7,2031.8,27.4504,66.6613,5.8882
g7,2031.9,27.7479,66.3618,5.8903
g7,2032.0,28.0462,66.0622,5.8916
g7,2032.1,28.3453,65.7627,5.8920
g7,2032.2,28.6450,65.4633,5.8917
g7,2032.3,28.9455,65.1639,5.8907
g7,2032.4,29.2466,64.8646,5.8888
g7,2032.5,29.5483,64.5655,5.8862
g7,2032.6,29.8508,64.2665,5.8828
g7,2032.7,30.1538,63.9676,5.8786
g7,2032.8,30.4574,63.6690,5.8737
g7,2032.9,30.7615,63.3705,5.8680
g7,2033.0,31.0662,63.0722,5.8616
g7,2033.1,31.3714,62.7742,5.8544
g7,2033.2,31.6771,62.4764,5.8465
g7,2033.3,31.9832,62.1789,5.8379
g7,2033.4,32.2898,61.8816,5.8286
g7,2033.5,32.5968,61.5847,5.8185
g7,2033.6,32.9042,61.2881,5.8077
g7,2033.7,33.2120,60.9918,5.7962
g7,2033.8,33.5201,60.6958,5.7841
g7,2033.9,33.8286,60.4002,5.7712
g7,2034.0,34.1373,60.1050,5.7577
g7,2034.1,34.4464,59.8102,5.7435
g7,2034.2,34.7557,59.5158,5.7286
g7,2034.3,35.0652,59.2217,5.7130
g7,2034.4,35.3750,58.9282,5.6969
g7,2034.5,35.6849,58.6350,5.6800
g7,2034.6,35.9950,58.3424,5.6626
g7,2034.7,36.3053,58.0502,5.6445
g7,2034.8,36.6157,57.7585,5.6258
g7,2034.9,36.9262,57.4673,5.6066
g7,2035.0,37.2367,57.1766,5.5867
g7,2035.1,37.5474,56.8864,5.5662
g7,2035.2,37.8580,56.5968,5.5452
g7,2035.3,38.1687,56.3077,5.5236
g7,2035.4,38.4794,56.0191,5.5015
g7,2035.5,38.7901,55.7311,5.4788
g7,2035.6,39.1007,55.4437,5.4556
g7,2035.7,39.4113,55.1569,5.4318
g7,2035.8,39.7217,54.8707,5.4076
g7,2035.9,40.0321,54.5851,5.3828
g7,2036.0,40.3423,54.3001,5.3576
g7,2036.1,40.6524,54.0158,5.3318
g7,2036.2,40.9623,53.7321,5.3056
g7,2036.3,41.2720,53.4490,5.2790
g7,2036.4,41.5816,53.1666,5.2519
g7,2036.5,41.8908,52.8848,5.2243
g7,2036.6,42.1999,52.6037,5.1964
g7,2036.7,42.5087,52.3233,5.1680
g7,2036.8,42.8172,52.0436,5.1392
g7,2036.9,43.1254,51.7646,5.1100
g7,2037.0,43.4332,51.4863,5.0805
g7,2037.1,43.7407,51.2087,5.0506
g7,2037.2,44.0479,50.9318,5.0203
g7,2037.3,44.3547,50.6556,4.9897
g7,2037.4,44.6611,50.3802,4.9587
g7,2037.5,44.9671,50.1055,4.9274
g7,2037.6,45.2726,49.8316,4.8958
g7,2037.7,45.5777,49.5584,4.8639
g7,2037.8,45.8824,49.2859,4.8317
g7,2037.9,46.1865,49.0143,4.7992
g7,2038.0,46.4902,48.7434,4.7664
g7,2038.1,46.7933,48.4732,4.7334
g7,2038.2,47.0959,48.2039,4.7002
g7,2038.3,47.3980,47.9353,4.6667
g7,2038.4,47.6995,47.6675,4.6330
g7,2038.5,48.0004,47.4006,4.5990
g7,2038.6,48.3007,47.1344,4.5649
g7,2038.7,48.6004,46.8690,4.5305
g7,2038.8,48.8995,46.6045,4.4960
g7,2038.9,49.1980,46.3407,4.4613
g7,2039.0,49.4957,46.0778,4.4265
g7,2039.1,49.7928,45.8157,4.3915
g7,2039.2,50.0893,45.5544,4.3563
g7,2039.3,50.3850,45.2940,4.3210
g7,2039.4,50.6800,45.0344,4.2856
g7,2039.5,50.9743,44.7756,4.2501
g7,2039.6,51.2678,44.5177,4.2145
g7,2039.7,51.5606,44.2606,4.1788
g7,2039.8,51.8526,44.0044,4.1430
g7,2039.9,52.1438,43.7490,4.1072
g7,2040.0,52.4343,43.4945,4.0712
g7,2040.1,52.7239,43.2409,4.0352
g7,2040.2,53.0127,42.9881,3.9992
g7,2040.3,53.3007,42.7362,3.9632
g7,2040.4,53.5878,42.4851,3.9271
g7,2040.5,53.8740,42.2350,3.8910
g7,2040.6,54.1594,41.9857,3.8549
g7,2040.7,54.4440,41.7373,3.8187
g7,2040.8,54.7276,41.4898,3.7826
g7,2040.9,55.0103,41.2432,3.7466
g7,2041.0,55.2921,40.9974,3.7105
g7,2041.1,55.5730,40.7526,3.6745
g7,2041.2,55.8529,40.5086,3.6385
g7,2041.3,56.1319,40.2656,3.6025
g7,2041.4,56.4099,40.0234,3.5666
g7,2041.5,56.6870,39.7822,3.5308
g7,2041.6,56.9631,39.5418,3.4951
g7,2041.7,57.2382,39.3024,3.4594
g7,2041.8,57.5123,39.0639,3.4238
g7,2041.9,57.7854,38.8263,3.3883
g7,2042.0,58.0575,38.5896,3.3529
g7,2042.1,58.3285,38.3538,3.3177
g7,2042.2,58.5985,38.1190,3.2825
g7,2042.3,58.8675,37.8851,3.2474
g7,2042.4,59.1354,37.6521,3.2125
g7,2042.5,59.4023,37.4200,3.1777
g7,2042.6,59.6681,37.1889,3.1431
g7,2042.7,59.9328,36.9587,3.1085
g7,2042.8,60.1964,36.7294,3.0742
g7,2042.9,60.4590,36.5011,3.0400
g7,2043.0,60.7204,36.2737,3.0059
g7,2043.1,60.9807,36.0472,2.9720
g7,2043.2,61.2400,35.8217,2.9383
g7,2043.3,61.4980,35.5972,2.9048
g7,2043.4,61.7550,35.3736,2.8714
g7,2043.5,62.0108,35.1509,2.8383
g7,2043.6,62.2655,34.9292,2.8053
g7,2043.7,62.5190,34.7085,2.7725
g7,2043.8,62.7714,34.4887,2.7399
g7,2043.9,63.0226,34.2699,2.7075
g7,2044.0,63.2727,34.0520,2.6754
g7,2044.1,63.5215,33.8351,2.6434
g7,2044.2,63.7692,33.6191,2.6116
g7,2044.3,64.0157,33.4042,2.5801
g7,2044.4,64.2610,33.1902,2.5488
g7,2044.5,64.5051,32.9772,2.5177
g7,2044.6,64.7480,32.7651,2.4869
g7,2044.7,64.9897,32.5540,2.4563
g7,2044.8,65.2302,32.3439,2.4259
g7,2044.9,65.4694,32.1348,2.4070
g7,2045.0,65.7075,31.9267,2.3933
g7,2045.1,65.9443,31.7195,2.3798
g7,2045.2,66.1799,31.5134,2.3665
g7,2045.3,66.4142,31.3082,2.3534
g7,2045.4,66.6473,31.1040,2.3405
g7,2045.5,66.8791,30.9008,2.3277
g7,2045.6,67.1097,30.6986,2.3151
g7,2045.7,67.3391,30.4974,2.3027
g7,2045.8,67.5672,30.2972,2.2905
g7,2045.9,67.7940,30.0980,2.2784
g7,2046.0,68.0196,29.8997,2.2665
g7,2046.1,68.2439,29.7025,2.2548
g7,2046.2,68.4669,29.5063,2.2433
g7,2046.3,68.6886,29.3111,2.2319
g7,2046.4,68.9091,29.1169,2.2207
g7,2046.5,69.1283,28.9237,2.2096
g7,2046.6,69.3462,28.7316,2.1987
g7,2046.7,69.5628,28.5404,2.1880
g7,2046.8,69.7782,28.3502,2.1774
g7,2046.9,69.9922,28.1611,2.1670
g7,2047.0,70.2050,27.9730,2.1568
g7,2047.1,70.4164,27.7859,2.1467
g7,2047.2,70.6266,27.5998,2.1368
g7,2047.3,70.8354,27.4147,2.1270
g7,2047.4,71.0430,27.2307,2.1173
g7,2047.5,71.2492,27.0477,2.1079
g7,2047.6,71.4542,26.8657,2.0985
g7,2047.7,71.6578,26.6847,2.0893
g7,2047.8,71.8602,26.5048,2.0803
g7,2047.9,72.0612,26.3259,2.0713
g7,2048.0,72.2609,26.1480,2.0626
g7,2048.1,72.4593,25.9711,2.0539
g7,2048.2,72.6564,25.7953,2.0454
g7,2048.3,72.8522,25.6205,2.0371
g7,2048.4,73.0466,25.4468,2.0288
g7,2048.5,73.2398,25.2740,2.0207
g7,2048.6,73.4316,25.1024,2.0127
g7,2048.7,73.6221,24.9317,2.0048
g7,2048.8,73.8113,24.7621,1.9971
g7,2048.9,73.9992,24.5935,1.9895
g7,2049.0,74.1858,24.4260,1.9820
g7,2049.1,74.3710,24.2595,1.9746
g7,2049.2,74.5550,24.0940,1.9673
g7,2049.3,74.7376,23.9296,1.9602
g7,2049.4,74.9189,23.7662,1.9533
g7,2049.5,75.0989,23.6039,1.9466
g7,2049.6,75.2776,23.4426,1.9399
g7,2049.7,75.4549,23.2823,1.9333
g7,2049.8,75.6309,23.1231,1.9269
g7,2049.9,75.8057,22.9650,1.9205
g7,2050.0,75.9791,22.8078,1.9142
north_america,2015.0,0.2941,99.5152,0.1908
north_america,2015.1,0.3121,99.4880,0.1999
north_america,2015.2,0.3309,99.4599,0.2092
north_america,2015.3,0.3505,99.4309,0.2187
north_america,2015.4,0.3708,99.4008,0.2284
north_america,2015.5,0.3918,99.3698,0.2384
north_america,2015.6,0.4137,99.3378,0.2485
north_america,2015.7,0.4363,99.3048,0.2589
north_america,2015.8,0.4598,99.2707,0.2695
north_america,2015.9,0.4841,99.2356,0.2803
north_america,2016.0,0.5092,99.1995,0.2914
north_america,2016.1,0.5352,99.1622,0.3026
north_america,2016.2,0.5620,99.1239,0.3141
north_america,2016.3,0.5897,99.0845,0.3257
north_america,2016.4,0.6184,99.0440,0.3376
north_america,2016.5,0.6479,99.0024,0.3496
north_america,2016.6,0.6784,98.9597,0.3619
north_america,2016.7,0.7098,98.9158,0.3744
north_america,2016.8,0.7421,98.8708,0.3871
north_america,2016.9,0.7755,98.8246,0.3999
north_america,2017.0,0.8098,98.7772,0.4130
north_america,2017.1,0.8451,98.7287,0.4262
north_america,2017.2,0.8814,98.6789,0.4397
north_america,2017.3,0.9187,98.6280,0.4533
north_america,2017.4,0.9571,98.5758,0.4671
north_america,2017.5,0.9965,98.5224,0.4811
north_america,2017.6,1.0370,98.4677,0.4953
north_america,2017.7,1.0785,98.4118,0.5097
north_america,2017.8,1.1212,98.3546,0.5242
north_america,2017.9,1.1649,98.2961,0.5390
north_america,2018.0,1.2098,98.2364,0.5538
north_america,2018.1,1.2558,98.1753,0.5689
north_america,2018.2,1.3029,98.1130,0.5841
north_america,2018.3,1.3512,98.0493,0.5995
north_america,2018.4,1.4006,97.9843,0.6151
north_america,2018.5,1.4513,97.9180,0.6308
north_america,2018.6,1.5031,97.8503,0.6466
north_america,2018.7,1.5562,97.7812,0.6626
north_america,2018.8,1.6104,97.7108,0.6788
north_america,2018.9,1.6659,97.6390,0.6951
north_america,2019.0,1.7227,97.5658,0.7115
north_america,2019.1,1.7807,97.4913,0.7281
north_america,2019.2,1.8399,97.4153,0.7448
north_america,2019.3,1.9005,97.3379,0.7616
north_america,2019.4,1.9623,97.2590,0.7786
north_america,2019.5,2.0255,97.1788,0.7957
north_america,2019.6,2.0900,97.0971,0.8129
north_america,2019.7,2.1558,97.0140,0.8303
north_america,2019.8,2.2229,96.9293,0.8477
north_america,2019.9,2.2915,96.8433,0.8653
north_america,2020.0,2.3613,96.7557,0.8829
north_america,2020.1,2.4326,96.6667,0.9007
north_america,2020.2,2.5053,96.5762,0.9186
north_america,2020.3,2.5793,96.4842,0.9365
north_america,2020.4,2.6548,96.3907,0.9546
north_america,2020.5,2.7317,96.2956,0.9727
north_america,2020.6,2.8100,96.1991,0.9909
north_america,2020.7,2.8898,96.1010,1.0092
north_america,2020.8,2.9710,96.0014,1.0276
north_america,2020.9,3.0538,95.9002,1.0460
north_america,2021.0,3.1380,95.7975,1.0645
north_america,2021.1,3.2236,95.6933,1.0831
north_america,2021.2,3.3108,95.5874,1.1017
north_america,2021.3,3.3995,95.4801,1.1204
north_america,2021.4,3.4898,95.3711,1.1391
north_america,2021.5,3.5815,95.2606,1.1579
north_america,2021.6,3.6748,95.1484,1.1767
north_america,2021.7,3.7697,95.0347,1.1956
north_america,2021.8,3.8661,94.9194,1.2145
north_america,2021.9,3.9641,94.8025,1.2334
north_america,2022.0,4.0637,94.6840,1.2523
north_america,2022.1,4.1649,94.5638,1.2713
north_america,2022.2,4.2676,94.4421,1.2903
north_america,2022.3,4.3720,94.3187,1.3093
north_america,2022.4,4.4780,94.1937,1.3282
north_america,2022.5,4.5857,94.0671,1.3472
north_america,2022.6,4.6949,93.9389,1.3662
north_america,2022.7,4.8059,93.8090,1.3852
north_america,2022.8,4.9184,93.6774,1.4042
north_america,2022.9,5.0327,93.5442,1.4231
north_america,2023.0,5.1486,93.4094,1.4420
north_america,2023.1,5.2662,93.2729,1.4609
north_america,2023.2,5.3854,93.1348,1.4798
north_america,2023.3,5.5064,92.9950,1.4986
north_america,2023.4,5.6291,92.8535,1.5174
north_america,2023.5,5.7535,92.7104,1.5362
north_america,2023.6,5.8796,92.5656,1.5549
north_america,2023.7,6.0074,92.4191,1.5735
north_america,2023.8,6.1369,92.2710,1.5921
north_america,2023.9,6.2682,92.1212,1.6106
north_america,2024.0,6.4013,91.9697,1.6290
north_america,2024.1,6.5361,91.8165,1.6474
north_america,2024.2,6.6726,91.6617,1.6657
north_america,2024.3,6.8109,91.5052,1.6839
north_america,2024.4,6.9510,91.3470,1.7020
north_america,2024.5,7.0928,91.1871,1.7201
north_america,2024.6,7.2365,91.0255,1.7380
north_america,2024.7,7.3819,90.8623,1.7558
north_america,2024.8,7.5291,90.6973,1.7736
north_america,2024.9,7.6781,90.5307,1.7912
north_america,2025.0,7.8289,90.3624,1.8087
north_america,2025.1,7.9815,90.1924,1.8260
north_america,2025.2,8.1359,90.0208,1.8433
north_america,2025.3,8.2922,89.8474,1.8604
north_america,2025.4,8.4502,89.6724,1.8774
north_america,2025.5,8.6101,89.4957,1.8942
north_america,2025.6,8.7718,89.3173,1.9109
north_america,2025.7,8.9353,89.1372,1.9275
north_america,2025.8,9.1007,88.9555,1.9439
north_america,2025.9,9.2678,88.7720,1.9601
north_america,2026.0,9.4369,88.5870,1.9762
north_america,2026.1,9.6077,88.4002,1.9921
north_america,2026.2,9.7804,88.2117,2.0078
north_america,2026.3,9.9550,88.0216,2.0234
north_america,2026.4,10.1314,87.8299,2.0388
north_america,2026.5,10.3096,87.6364,2.0539
north_america,2026.6,10.4897,87.4413,2.0689
north_america,2026.7,10.6717,87.2446,2.0837
north_america,2026.8,10.8554,87.0462,2.0984
north_america,2026.9,11.0411,86.8462,2.1128
north_america,2027.0,11.2286,86.6445,2.1270
north_america,2027.1,11.4179,86.4411,2.1409
north_america,2027.2,11.6091,86.2362,2.1547
north_america,2027.3,11.8022,86.0296,2.1683
north_america,2027.4,11.9971,85.8213,2.1816
north_america,2027.5,12.1938,85.6115,2.1947
north_america,2027.6,12.3924,85.4000,2.2075
north_america,2027.7,12.5929,85.1869,2.2202
north_america,2027.8,12.7952,84.9722,2.2326
north_america,2027.9,12.9994,84.7559,2.2447
north_america,2028.0,13.2054,84.5380,2.2566
north_america,2028.1,13.4132,84.3186,2.2682
north_america,2028.2,13.6229,84.0975,2.2796
north_america,2028.3,13.8344,83.8748,2.2908
north_america,2028.4,14.0478,83.6506,2.3016
north_america,2028.5,14.2630,83.4248,2.3122
north_america,2028.6,14.4800,83.1975,2.3225
north_america,2028.7,14.6988,82.9686,2.3326
north_america,2028.8,14.9195,82.7381,2.3424
north_america,2028.9,15.1420,82.5062,2.3518
north_america,2029.0,15.3663,82.2727,2.3610
north_america,2029.1,15.5924,82.0376,2.3700
north_america,2029.2,15.8203,81.8011,2.3786
north_america,2029.3,16.0501,81.5630,2.3869
north_america,2029.4,16.2816,81.3235,2.3949
north_america,2029.5,16.5149,81.0824,2.4027
north_america,2029.6,16.7500,80.8399,2.4101
north_america,2029.7,16.9869,80.5959,2.4172
north_america,2029.8,17.2255,80.3504,2.4240
north_america,2029.9,17.4659,80.1035,2.4305
north_america,2030.0,17.7081,79.8552,2.4367
north_america,2030.1,17.9520,79.6054,2.4426
north_america,2030.2,18.1977,79.3542,2.4481
north_america,2030.3,18.4451,79.1015,2.4533
north_america,2030.4,18.6943,78.8475,2.4582
north_america,2030.5,18.9452,78.5921,2.4628
north_america,2030.6,19.1977,78.3352,2.4670
north_america,2030.7,19.4520,78.0771,2.4709
north_america,2030.8,19.7080,77.8175,2.4745
north_america,2030.9,19.9657,77.5566,2.4777
north_america,2031.0,20.2251,77.2943,2.4806
north_america,2031.1,20.4861,77.0308,2.4831
north_america,2031.2,20.7488,76.7659,2.4853
north_america,2031.3,21.0132,76.4997,2.4872
north_america,2031.4,21.2791,76.2322,2.4887
north_america,2031.5,21.5468,75.9634,2.4898
north_america,2031.6,21.8160,75.6933,2.4907
north_america,2031.7,22.0869,75.4220,2.4911
north_america,2031.8,22.3593,75.1495,2.4912
north_america,2031.9,22.6334,74.8757,2.4910
north_america,2032.0,22.9090,74.6007,2.4904
north_america,2032.1,23.1862,74.3244,2.4894
north_america,2032.2,23.4649,74.0470,2.4881
north_america,2032.3,23.7452,73.7684,2.4864
north_america,2032.4,24.0270,73.4887,2.4843
north_america,2032.5,24.3103,73.2078,2.4819
north_america,2032.6,24.5951,72.9257,2.4792
north_america,2032.7,24.8814,72.6425,2.4760
north_america,2032.8,25.1692,72.3582,2.4726
north_america,2032.9,25.4585,72.0728,2.4687
north_america,2033.0,25.7492,71.7863,2.4645
north_america,2033.1,26.0413,71.4988,2.4599
north_america,2033.2,26.3349,71.2102,2.4550
north_america,2033.3,26.6298,70.9205,2.4496
north_america,2033.4,26.9262,70.6298,2.4440
north_america,2033.5,27.2239,70.3382,2.4379
north_america,2033.6,27.5230,70.0455,2.4315
north_america,2033.7,27.8234,69.7518,2.4248
north_america,2033.8,28.1252,69.4572,2.4176
north_america,2033.9,28.4282,69.1616,2.4101
north_america,2034.0,28.7326,68.8651,2.4023
north_america,2034.1,29.0383,68.5677,2.3941
north_america,2034.2,29.3452,68.2693,2.3855
north_america,2034.3,29.6533,67.9701,2.3765
north_america,2034.4,29.9627,67.6700,2.3673
north_america,2034.5,30.2733,67.3691,2.3576
north_america,2034.6,30.5851,67.0673,2.3476
north_america,2034.7,30.8981,66.7647,2.3372
north_america,2034.8,31.2123,66.4613,2.3265
north_america,2034.9,31.5275,66.1571,2.3154
north_america,2035.0,31.8440,65.8521,2.3040
north_america,2035.1,32.1615,65.5463,2.2922
north_america,2035.2,32.4801,65.2399,2.2800
north_america,2035.3,32.7997,64.9327,2.2676
north_america,2035.4,33.1205,64.6248,2.2547
north_america,2035.5,33.4422,64.3162,2.2416
north_america,2035.6,33.7650,64.0070,2.2281
north_america,2035.7,34.0887,63.6971,2.2142
north_america,2035.8,34.4135,63.3865,2.2000
north_america,2035.9,34.7392,63.0754,2.1855
north_america,2036.0,35.0658,62.7636,2.1706
north_america,2036.1,35.3933,62.4513,2.1554
north_america,2036.2,35.7217,62.1384,2.1399
north_america,2036.3,36.0510,61.8249,2.1241
north_america,2036.4,36.3812,61.5109,2.1079
north_america,2036.5,36.7121,61.1964,2.0914
north_america,2036.6,37.0439,60.8814,2.0746
north_america,2036.7,37.3765,60.5660,2.0575
north_america,2036.8,37.7099,60.2501,2.0401
north_america,2036.9,38.0439,59.9337,2.0223
north_america,2037.0,38.3788,59.6169,2.0043
north_america,2037.1,38.7143,59.2998,1.9860
north_america,2037.2,39.0505,58.9822,1.9673
north_america,2037.3,39.3874,58.6643,1.9484
north_america,2037.4,39.7249,58.3460,1.9291
north_america,2037.5,40.0630,58.0274,1.9096
north_america,2037.6,40.4017,57.7085,1.8898
north_america,2037.7,40.7410,57.3893,1.8698
north_america,2037.8,41.0808,57.0698,1.8494
north_america,2037.9,41.4212,56.7501,1.8288
north_america,2038.0,41.7621,56.4301,1.8079
north_america,2038.1,42.1034,56.1099,1.7867
north_america,2038.2,42.4452,55.7895,1.7653
north_america,2038.3,42.7875,55.4689,1.7436
north_america,2038.4,43.1301,55.1482,1.7217
north_america,2038.5,43.4732,54.8273,1.6995
north_america,2038.6,43.8166,54.5064,1.6771
north_america,2038.7,44.1604,54.1853,1.6544
north_america,2038.8,44.5044,53.8641,1.6315
north_america,2038.9,44.8488,53.5428,1.6084
north_america,2039.0,45.1935,53.2215,1.5850
north_america,2039.1,45.5384,52.9002,1.5614
north_america,2039.2,45.8835,52.5788,1.5376
north_america,2039.3,46.2289,52.2575,1.5136
north_america,2039.4,46.5744,51.9362,1.4894
north_america,2039.5,46.9201,51.6149,1.4650
north_america,2039.6,47.2659,51.2937,1.4404
north_america,2039.7,47.6118,50.9726,1.4156
north_america,2039.8,47.9578,50.6515,1.3906
north_america,2039.9,48.3039,50.3306,1.3655
north_america,2040.0,48.6500,50.0099,1.3401
north_america,2040.1,48.9962,49.6892,1.3146
north_america,2040.2,49.3423,49.3688,1.2889
north_america,2040.3,49.6884,49.0486,1.2631
north_america,2040.4,50.0344,48.7285,1.2371
north_america,2040.5,50.3804,48.4087,1.2109
north_america,2040.6,50.7262,48.0891,1.1846
north_america,2040.7,51.0720,47.7698,1.1582
north_america,2040.8,51.4176,47.4508,1.1316
north_america,2040.9,51.7630,47.1321,1.1049
north_america,2041.0,52.1082,46.8137,1.0781
north_america,2041.1,52.4532,46.4956,1.0512
north_america,2041.2,52.7979,46.1779,1.0241
north_america,2041.3,53.1424,45.8606,0.9970
north_america,2041.4,53.4866,45.5437,0.9697
north_america,2041.5,53.8305,45.2271,0.9424
north_america,2041.6,54.1740,44.9110,0.9149
north_america,2041.7,54.5172,44.5954,0.8874
north_america,2041.8,54.8600,44.2802,0.8598
north_america,2041.9,55.2024,43.9654,0.8322
north_america,2042.0,55.5444,43.6512,0.8044
north_america,2042.1,55.8859,43.3375,0.7766
north_america,2042.2,56.2269,43.0243,0.7488
north_america,2042.3,56.5674,42.7117,0.7209
north_america,2042.4,56.9074,42.3996,0.6929
north_america,2042.5,57.2469,42.0881,0.6650
north_america,2042.6,57.5858,41.7772,0.6369
north_america,2042.7,57.9241,41.4670,0.6089
north_america,2042.8,58.2619,41.1573,0.5808
north_america,2042.9,58.5989,40.8483,0.5528
north_america,2043.0,58.9353,40.5400,0.5247
north_america,2043.1,59.2711,40.2323,0.4966
north_america,2043.2,59.6061,39.9254,0.4685
north_america,2043.3,59.9405,39.6191,0.4404
north_america,2043.4,60.2740,39.3136,0.4124
north_america,2043.5,60.6069,39.0088,0.3843
north_america,2043.6,60.9389,38.7048,0.3563
north_america,2043.7,61.2701,38.4015,0.3283
north_america,2043.8,61.6005,38.0991,0.3004
north_america,2043.9,61.9301,37.7974,0.2725
north_america,2044.0,62.2587,37.4966,0.2446
north_america,2044.1,62.5865,37.1966,0.2168
north_america,2044.2,62.9134,36.8975,0.1891
north_america,2044.3,63.2394,36.5992,0.1614
north_america,2044.4,63.5644,36.3018,0.1338
north_america,2044.5,63.8884,36.0053,0.1063
north_america,2044.6,64.2115,35.7097,0.0788
north_america,2044.7,64.5335,35.4150,0.0515
north_america,2044.8,64.8545,35.1213,0.0242
north_america,2044.9,65.1745,34.8285,0.0154
north_america,2045.0,65.4934,34.5367,0.0150
north_america,2045.1,65.8112,34.2458,0.0146
north_america,2045.2,66.1279,33.9559,0.0143
north_america,2045.3,66.4435,33.6671,0.0139
north_america,2045.4,66.7579,33.3793,0.0135
north_america,2045.5,67.0712,33.0924,0.0131
north_america,2045.6,67.3833,32.8067,0.0127
north_america,2045.7,67.6942,32.5220,0.0123
north_america,2045.8,68.0039,32.2383,0.0120
north_america,2045.9,68.3124,31.9558,0.0116
north_america,2046.0,68.6196,31.6743,0.0112
north_america,2046.1,68.9256,31.3939,0.0108
north_america,2046.2,69.2303,31.1147,0.0104
north_america,2046.3,69.5337,30.8365,0.0101
north_america,2046.4,69.8358,30.5595,0.0097
north_america,2046.5,70.1365,30.2837,0.0093
north_america,2046.6,70.4360,30.0090,0.0090
north_america,2046.7,70.7340,29.7355,0.0086
north_america,2046.8,71.0307,29.4632,0.0082
north_america,2046.9,71.3260,29.1921,0.0079
north_america,2047.0,71.6199,28.9221,0.0075
north_america,2047.1,71.9124,28.6534,0.0072
north_america,2047.2,72.2034,28.3859,0.0068
north_america,2047.3,72.4931,28.1197,0.0065
north_america,2047.4,72.7812,27.8547,0.0061
north_america,2047.5,73.0679,27.5909,0.0058
north_america,2047.6,73.3531,27.3284,0.0054
north_america,2047.7,73.6368,27.0672,0.0051
north_america,2047.8,73.9190,26.8072,0.0047
north_america,2047.9,74.1997,26.5486,0.0044
north_america,2048.0,74.4788,26.2912,0.0041
north_america,2048.1,74.7564,26.0351,0.0037
north_america,2048.2,75.0324,25.7804,0.0034
north_america,2048.3,75.3069,25.5270,0.0031
north_america,2048.4,75.5798,25.2749,0.0027
north_america,2048.5,75.8511,25.0241,0.0024
north_america,2048.6,76.1208,24.7747,0.0021
north_america,2048.7,76.3889,24.5266,0.0018
north_america,2048.8,76.6553,24.2799,0.0015
north_america,2048.9,76.9202,24.0346,0.0011
north_america,2049.0,77.1834,23.7906,0.0008
north_america,2049.1,77.4449,23.5480,0.0005
north_america,2049.2,77.7048,23.3068,0.0002
north_america,2049.3,77.9630,23.0670,0.0000
north_america,2049.4,78.2196,22.8286,0.0000
north_america,2049.5,78.4744,22.5916,0.0000
north_america,2049.6,78.7276,22.3560,0.0000
north_america,2049.7,78.9791,22.1218,0.0000
north_america,2049.8,79.2289,21.8890,0.0000
north_america,2049.9,79.4770,21.6577,0.0000
north_america,2050.0,79.7233,21.4278,0.0000
south_america,2015.0,0.0002,99.9997,0.0001
south_america,2015.1,0.0003,99.9996,0.0001
south_america,2015.2,0.0003,99.9995,0.0002
south_america,2015.3,0.0004,99.9994,0.0002
south_america,2015.4,0.0004,99.9993,0.0002
south_america,2015.5,0.0005,99.9992,0.0003
south_america,2015.6,0.0006,99.9991,0.0003
south_america,2015.7,0.0007,99.9989,0.0004
south_america,2015.8,0.0008,99.9987,0.0005
south_america,2015.9,0.0010,99.9985,0.0006
south_america,2016.0,0.0011,99.9982,0.0007
south_america,2016.1,0.0013,99.9979,0.0008
south_america,2016.2,0.0015,99.9976,0.0009
south_america,2016.3,0.0017,99.9972,0.0011
south_america,2016.4,0.0020,99.9968,0.0013
south_america,2016.5,0.0023,99.9963,0.0015
south_america,2016.6,0.0026,99.9957,0.0017
south_america,2016.7,0.0030,99.9951,0.0020
south_america,2016.8,0.0034,99.9944,0.0023
south_america,2016.9,0.0039,99.9936,0.0026
south_america,2017.0,0.0044,99.9927,0.0030
south_america,2017.1,0.0050,99.9917,0.0034
south_america,2017.2,0.0056,99.9906,0.0039
south_america,2017.3,0.0064,99.9893,0.0044
south_america,2017.4,0.0072,99.9880,0.0050
south_america,2017.5,0.0080,99.9864,0.0057
south_america,2017.6,0.0090,99.9847,0.0064
south_america,2017.7,0.0101,99.9828,0.0073
south_america,2017.8,0.0113,99.9807,0.0082
south_america,2017.9,0.0126,99.9784,0.0092
south_america,2018.0,0.0141,99.9759,0.0103
south_america,2018.1,0.0156,99.9731,0.0116
south_america,2018.2,0.0174,99.9700,0.0130
south_america,2018.3,0.0193,99.9666,0.0145
south_america,2018.4,0.0213,99.9629,0.0161
south_america,2018.5,0.0236,99.9588,0.0180
south_america,2018.6,0.0261,99.9544,0.0200
south_america,2018.7,0.0287,99.9495,0.0222
south_america,2018.8,0.0317,99.9442,0.0246
south_america,2018.9,0.0348,99.9385,0.0273
south_america,2019.0,0.0383,99.9322,0.0302
south_america,2019.1,0.0420,99.9253,0.0333
south_america,2019.2,0.0460,99.9178,0.0368
south_america,2019.3,0.0504,99.9098,0.0405
south_america,2019.4,0.0551,99.9010,0.0446
south_america,2019.5,0.0602,99.8915,0.0490
south_america,2019.6,0.0657,99.8812,0.0538
south_america,2019.7,0.0717,99.8701,0.0590
south_america,2019.8,0.0780,99.8581,0.0646
south_america,2019.9,0.0849,99.8451,0.0707
south_america,2020.0,0.0923,99.8311,0.0773
south_america,2020.1,0.1002,99.8160,0.0845
south_america,2020.2,0.1087,99.7998,0.0922
south_america,2020.3,0.1178,99.7824,0.1005
south_america,2020.4,0.1276,99.7636,0.1094
south_america,2020.5,0.1382,99.7434,0.1190
south_america,2020.6,0.1495,99.7217,0.1294
south_america,2020.7,0.1616,99.6984,0.1405
south_america,2020.8,0.1746,99.6733,0.1525
south_america,2020.9,0.1886,99.6465,0.1653
south_america,2021.0,0.2036,99.6177,0.1792
south_america,2021.1,0.2196,99.5868,0.1941
south_america,2021.2,0.2369,99.5537,0.2101
south_america,2021.3,0.2553,99.5183,0.2273
south_america,2021.4,0.2751,99.4803,0.2456
south_america,2021.5,0.2963,99.4398,0.2653
south_america,2021.6,0.3189,99.3964,0.2862
south_america,2021.7,0.3431,99.3500,0.3086
south_america,2021.8,0.3690,99.3005,0.3325
south_america,2021.9,0.3966,99.2477,0.3580
south_america,2022.0,0.4260,99.1913,0.3852
south_america,2022.1,0.4574,99.1313,0.4141
south_america,2022.2,0.4909,99.0673,0.4449
south_america,2022.3,0.5265,98.9993,0.4777
south_america,2022.4,0.5643,98.9268,0.5125
south_america,2022.5,0.6046,98.8499,0.5495
south_america,2022.6,0.6473,98.7681,0.5887
south_america,2022.7,0.6926,98.6813,0.6304
south_america,2022.8,0.7407,98.5892,0.6746
south_america,2022.9,0.7916,98.4916,0.7214
south_america,2023.0,0.8455,98.3882,0.7710
south_america,2023.1,0.9026,98.2787,0.8234
south_america,2023.2,0.9628,98.1629,0.8789
south_america,2023.3,1.0265,98.0404,0.9376
south_america,2023.4,1.0937,97.9110,0.9996
south_america,2023.5,1.1645,97.7744,1.0651
south_america,2023.6,1.2392,97.6303,1.1342
south_america,2023.7,1.3178,97.4783,1.2071
south_america,2023.8,1.4006,97.3181,1.2839
south_america,2023.9,1.4876,97.1495,1.3648
south_america,2024.0,1.5790,96.9720,1.4501
south_america,2024.1,1.6750,96.7853,1.5398
south_america,2024.2,1.7758,96.5891,1.6351
south_america,2024.3,1.8814,96.3831,1.7355
south_america,2024.4,1.9921,96.1668,1.8411
south_america,2024.5,2.1081,95.9399,1.9520
south_america,2024.6,2.2294,95.7021,2.0684
south_america,2024.7,2.3564,95.4530,2.1907
south_america,2024.8,2.4890,95.1921,2.3188
south_america,2024.9,2.6276,94.9192,2.4532
south_america,2025.0,2.7723,94.6338,2.5939
south_america,2025.1,2.9233,94.3356,2.7411
south_america,2025.2,3.0807,94.0241,2.8952
south_america,2025.3,3.2448,93.6990,3.0562
south_america,2025.4,3.4157,93.3599,3.2244
south_america,2025.5,3.5936,93.0064,3.4000
south_america,2025.6,3.7787,92.6382,3.5831
south_america,2025.7,3.9712,92.2547,3.7741
south_america,2025.8,4.1712,91.8557,3.9731
south_america,2025.9,4.3790,91.4408,4.1802
south_america,2026.0,4.5948,91.0095,4.3957
south_america,2026.1,4.8187,90.5615,4.6198
south_america,2026.2,5.0510,90.0965,4.8525
south_america,2026.3,5.2918,89.6140,5.0942
south_america,2026.4,5.5413,89.1137,5.3450
south_america,2026.5,5.7998,88.5952,5.6049
south_america,2026.6,6.0675,88.0582,5.8743
south_america,2026.7,6.3445,87.5024,6.1531
south_america,2026.8,6.6311,86.9273,6.4416
south_america,2026.9,6.9275,86.3328,6.7398
south_america,2027.0,7.2338,85.7184,7.0478
south_america,2027.1,7.5503,85.0839,7.3657
south_america,2027.2,7.8773,84.4290,7.6937
south_america,2027.3,8.2149,83.7535,8.0316
south_america,2027.4,8.5633,83.0570,8.3797
south_america,2027.5,8.9228,82.3394,8.7378
south_america,2027.6,9.2936,81.6004,9.1060
south_america,2027.7,9.6760,80.8398,9.4842
south_america,2027.8,10.0700,80.0575,9.8724
south_america,2027.9,10.4761,79.2534,10.2706
south_america,2028.0,10.8943,78.4272,10.6785
south_america,2028.1,11.3250,77.5790,11.0960
south_america,2028.2,11.7683,76.7087,11.5231
south_america,2028.3,12.2245,75.8161,11.9594
south_america,2028.4,12.6938,74.9015,12.4047
south_america,2028.5,13.1764,73.9647,12.8589
south_america,2028.6,13.6726,73.0060,13.3214
south_america,2028.7,14.1825,72.0253,13.7921
south_america,2028.8,14.7065,71.0230,14.2705
south_america,2028.9,15.2447,69.9992,14.7561
south_america,2029.0,15.7973,68.9542,15.2486
south_america,2029.1,16.3645,67.8883,15.7473
south_america,2029.2,16.9465,66.8019,16.2516
south_america,2029.3,17.5435,65.6954,16.7611
south_america,2029.4,18.1557,64.5694,17.2749
south_america,2029.5,18.7833,63.4243,17.7924
south_america,2029.6,19.4264,62.2609,18.3127
south_america,2029.7,20.0852,61.0797,18.8352
south_america,2029.8,20.7597,59.8815,19.3588
south_america,2029.9,21.4502,58.6672,19.8827
south_america,2030.0,22.1566,57.4375,20.4058
south_america,2030.1,22.8792,56.1935,20.9272
south_america,2030.2,23.6180,54.9362,21.4458
south_america,2030.3,24.3730,53.6666,21.9605
south_america,2030.4,25.1442,52.3858,22.4700
south_america,2030.5,25.9316,51.0951,22.9733
south_america,2030.6,26.7353,49.7958,23.4689
south_america,2030.7,27.5551,48.4891,23.9558
south_america,2030.8,28.3911,47.1764,24.4325
south_america,2030.9,29.2430,45.8593,24.8977
south_america,2031.0,30.1108,44.5391,25.3500
south_america,2031.1,30.9944,43.2175,25.7882
south_america,2031.2,31.8934,41.8959,26.2107
south_america,2031.3,32.8077,40.5761,26.6162
south_america,2031.4,33.7370,39.2596,27.0034
south_america,2031.5,34.6811,37.9482,27.3708
south_america,2031.6,35.6395,36.6435,27.7170
south_america,2031.7,36.6120,35.3472,28.0408
south_america,2031.8,37.5981,34.0610,28.3409
south_america,2031.9,38.5974,32.7867,28.6159
south_america,2032.0,39.6094,31.5260,28.8647
south_america,2032.1,40.6336,30.2804,29.0860
south_america,2032.2,41.6694,29.0517,29.2789
south_america,2032.3,42.7163,27.8415,29.4422
south_america,2032.4,43.7736,26.6513,29.5751
south_america,2032.5,44.8407,25.4826,29.6768
south_america,2032.6,45.9168,24.3369,29.7463
south_america,2032.7,47.0012,23.2155,29.7832
south_america,2032.8,48.0932,22.1199,29.7870
south_america,2032.9,49.1919,21.0511,29.7571
south_america,2033.0,50.2965,20.0103,29.6933
south_america,2033.1,51.4061,18.9985,29.5954
south_america,2033.2,52.5199,18.0166,29.4635
south_america,2033.3,53.6368,17.0656,29.2977
south_america,2033.4,54.7559,16.1459,29.0981
south_america,2033.5,55.8763,15.2583,28.8653
south_america,2033.6,56.9970,14.4032,28.5998
south_america,2033.7,58.1168,13.5810,28.3022
south_america,2033.8,59.2349,12.7917,27.9734
south_america,2033.9,60.3500,12.0356,27.6143
south_america,2034.0,61.4613,11.3126,27.2261
south_america,2034.1,62.5675,10.6226,26.8099
south_america,2034.2,63.6676,9.9652,26.3672
south_america,2034.3,64.7606,9.3402,25.8993
south_america,2034.4,65.8453,8.7469,25.4078
south_america,2034.5,66.9207,8.1849,24.8944
south_america,2034.6,67.9857,7.6534,24.3609
south_america,2034.7,69.0393,7.1517,23.8090
south_america,2034.8,70.0804,6.6789,23.2407
south_america,2034.9,71.1081,6.2341,22.6578
south_america,2035.0,72.1213,5.8164,22.0623
south_america,2035.1,73.1192,5.4245,21.4563
south_america,2035.2,74.1007,5.0576,20.8417
south_america,2035.3,75.0650,4.7145,20.2205
south_america,2035.4,76.0112,4.3940,19.5948
south_america,2035.5,76.9386,4.0950,18.9664
south_america,2035.6,77.8464,3.8163,18.3373
south_america,2035.7,78.7339,3.5568,17.7093
south_america,2035.8,79.6004,3.3154,17.0843
south_america,2035.9,80.4453,3.0908,16.4639
south_america,2036.0,81.2682,2.8820,15.8498
south_america,2036.1,82.0684,2.6879,15.2436
south_america,2036.2,82.8457,2.5076,14.6467
south_america,2036.3,83.5997,2.3399,14.0604
south_america,2036.4,84.3300,2.1841,13.4859
south_america,2036.5,85.0364,2.0391,12.9245
south_america,2036.6,85.7189,1.9041,12.3770
south_america,2036.7,86.3773,1.7784,11.8443
south_america,2036.8,87.0116,1.6612,11.3272
south_america,2036.9,87.6218,1.5518,10.8263
south_america,2037.0,88.2081,1.4497,10.3422
south_america,2037.1,88.7706,1.3541,9.8753
south_america,2037.2,89.3096,1.2647,9.4257
south_america,2037.3,89.8253,1.1809,8.9938
south_america,2037.4,90.3181,1.1022,8.5796
south_america,2037.5,90.7885,1.0284,8.1831
south_america,2037.6,91.2368,0.9590,7.8042
south_america,2037.7,91.6636,0.8938,7.4427
south_america,2037.8,92.0694,0.8324,7.0983
south_america,2037.9,92.4548,0.7746,6.7707
south_america,2038.0,92.8204,0.7201,6.4595
south_america,2038.1,93.1669,0.6689,6.1643
south_america,2038.2,93.4949,0.6206,5.8845
south_america,2038.3,93.8052,0.5752,5.6197
south_america,2038.4,94.0984,0.5324,5.3692
south_america,2038.5,94.3754,0.4922,5.1324
south_america,2038.6,94.6368,0.4544,4.9088
south_america,2038.7,94.8834,0.4188,4.6978
south_america,2038.8,95.1159,0.3855,4.4986
south_america,2038.9,95.3351,0.3543,4.3106
south_america,2039.0,95.5417,0.3251,4.1332
south_america,2039.1,95.7364,0.2978,3.9658
south_america,2039.2,95.9200,0.2724,3.8077
south_america,2039.3,96.0931,0.2486,3.6583
south_america,2039.4,96.2564,0.2266,3.5171
south_america,2039.5,96.4105,0.2061,3.3834
south_america,2039.6,96.5561,0.1871,3.2568
south_america,2039.7,96.6938,0.1695,3.1367
south_america,2039.8,96.8242,0.1533,3.0225
south_america,2039.9,96.9477,0.1383,2.9140
south_america,2040.0,97.0649,0.1246,2.8105
south_america,2040.1,97.1763,0.1120,2.7117
south_america,2040.2,97.2824,0.1004,2.6172
south_america,2040.3,97.3835,0.0899,2.5267
south_america,2040.4,97.4800,0.0802,2.4398
south_america,2040.5,97.5723,0.0715,2.3563
south_america,2040.6,97.6607,0.0635,2.2758
south_america,2040.7,97.7455,0.0564,2.1981
south_america,2040.8,97.8271,0.0499,2.1231
south_america,2040.9,97.9056,0.0440,2.0504
south_america,2041.0,97.9812,0.0387,1.9800
south_america,2041.1,98.0543,0.0340,1.9117
south_america,2041.2,98.1249,0.0298,1.8453
south_america,2041.3,98.1932,0.0261,1.7808
south_america,2041.4,98.2593,0.0227,1.7180
south_america,2041.5,98.3235,0.0198,1.6568
south_america,2041.6,98.3857,0.0171,1.5972
south_america,2041.7,98.4461,0.0148,1.5391
south_america,2041.8,98.5048,0.0128,1.4824
south_america,2041.9,98.5618,0.0110,1.4272
south_america,2042.0,98.6173,0.0094,1.3733
south_america,2042.1,98.6711,0.0081,1.3208
south_america,2042.2,98.7235,0.0069,1.2696
south_america,2042.3,98.7745,0.0058,1.2197
south_america,2042.4,98.8240,0.0049,1.1711
south_america,2042.5,98.8721,0.0042,1.1237
south_america,2042.6,98.9189,0.0035,1.0776
south_america,2042.7,98.9643,0.0030,1.0327
south_america,2042.8,99.0084,0.0025,0.9891
south_america,2042.9,99.0512,0.0021,0.9467
south_america,2043.0,99.0927,0.0017,0.9055
south_america,2043.1,99.1330,0.0014,0.8656
south_america,2043.2,99.1720,0.0012,0.8268
south_america,2043.3,99.2098,0.0010,0.7892
south_america,2043.4,99.2463,0.0008,0.7529
south_america,2043.5,99.2817,0.0006,0.7176
south_america,2043.6,99.3159,0.0005,0.6836
south_america,2043.7,99.3489,0.0004,0.6507
south_america,2043.8,99.3808,0.0003,0.6189
south_america,2043.9,99.4115,0.0003,0.5882
south_america,2044.0,99.4411,0.0002,0.5587
south_america,2044.1,99.4696,0.0002,0.5302
south_america,2044.2,99.4970,0.0001,0.5028
south_america,2044.3,99.5234,0.0001,0.4765
south_america,2044.4,99.5488,0.0001,0.4511
south_america,2044.5,99.5731,0.0001,0.4268
south_america,2044.6,99.5964,0.0001,0.4035
south_america,2044.7,99.6188,0.0000,0.3812
south_america,2044.8,99.6402,0.0000,0.3598
south_america,2044.9,99.6607,0.0000,0.3393
south_america,2045.0,99.6802,0.0000,0.3197
south_america,2045.1,99.6989,0.0000,0.3010
south_america,2045.2,99.7168,0.0000,0.2832
south_america,2045.3,99.7338,0.0000,0.2662
south_america,2045.4,99.7500,0.0000,0.2500
south_america,2045.5,99.7654,0.0000,0.2346
south_america,2045.6,99.7801,0.0000,0.2199
south_america,2045.7,99.7940,0.0000,0.2060
south_america,2045.8,99.8072,0.0000,0.1928
south_america,2045.9,99.8198,0.0000,0.1802
south_america,2046.0,99.8316,0.0000,0.1684
south_america,2046.1,99.8429,0.0000,0.1571
south_america,2046.2,99.8535,0.0000,0.1465
south_america,2046.3,99.8635,0.0000,0.1365
south_america,2046.4,99.8730,0.0000,0.1270
south_america,2046.5,99.8819,0.0000,0.1181
south_america,2046.6,99.8903,0.0000,0.1097
south_america,2046.7,99.8982,0.0000,0.1018
south_america,2046.8,99.9056,0.0000,0.0944
south_america,2046.9,99.9126,0.0000,0.0874
south_america,2047.0,99.9191,0.0000,0.0809
south_america,2047.1,99.9253,0.0000,0.0747
south_america,2047.2,99.9310,0.0000,0.0690
south_america,2047.3,99.9364,0.0000,0.0636
south_america,2047.4,99.9414,0.0000,0.0586
south_america,2047.5,99.9460,0.0000,0.0540
south_america,2047.6,99.9504,0.0000,0.0496
south_america,2047.7,99.9544,0.0000,0.0456
south_america,2047.8,99.9582,0.0000,0.0418
south_america,2047.9,99.9617,0.0000,0.0383
south_america,2048.0,99.9649,0.0000,0.0351
south_america,2048.1,99.9679,0.0000,0.0321
south_america,2048.2,99.9707,0.0000,0.0293
south_america,2048.3,99.9733,0.0000,0.0267
south_america,2048.4,99.9757,0.0000,0.0243
south_america,2048.5,99.9778,0.0000,0.0222
south_america,2048.6,99.9799,0.0000,0.0201
south_america,2048.7,99.9817,0.0000,0.0183
south_america,2048.8,99.9834,0.0000,0.0166
south_america,2048.9,99.9850,0.0000,0.0150
south_america,2049.0,99.9864,0.0000,0.0136
south_america,2049.1,99.9877,0.0000,0.0123
south_america,2049.2,99.9889,0.0000,0.0111
south_america,2049.3,99.9900,0.0000,0.0100
south_america,2049.4,99.9910,0.0000,0.0090
south_america,2049.5,99.9919,0.0000,0.0081
south_america,2049.6,99.9927,0.0000,0.0073
south_america,2049.7,99.9935,0.0000,0.0065
south_america,2049.8,99.9942,0.0000,0.0058
south_america,2049.9,99.9948,0.0000,0.0052
south_america,2050.0,99.9953,0.0000,0.0047
americas,2015.0,0.2497,99.5882,0.1620
americas,2015.1,0.2651,99.5652,0.1697
americas,2015.2,0.2811,99.5413,0.1776
americas,2015.3,0.2977,99.5166,0.1857
americas,2015.4,0.3149,99.4911,0.1940
americas,2015.5,0.3328,99.4648,0.2025
americas,2015.6,0.3514,99.4375,0.2111
americas,2015.7,0.3706,99.4095,0.2199
americas,2015.8,0.3905,99.3805,0.2289
americas,2015.9,0.4112,99.3507,0.2381
americas,2016.0,0.4325,99.3199,0.2475
americas,2016.1,0.4546,99.2883,0.2571
americas,2016.2,0.4775,99.2557,0.2668
americas,2016.3,0.5011,99.2222,0.2767
americas,2016.4,0.5254,99.1878,0.2868
americas,2016.5,0.5505,99.1523,0.2971
americas,2016.6,0.5765,99.1160,0.3076
americas,2016.7,0.6032,99.0786,0.3182
americas,2016.8,0.6307,99.0403,0.3290
americas,2016.9,0.6591,99.0009,0.3400
americas,2017.0,0.6883,98.9606,0.3511
americas,2017.1,0.7184,98.9192,0.3625
americas,2017.2,0.7493,98.8768,0.3740
americas,2017.3,0.7811,98.8333,0.3856
americas,2017.4,0.8138,98.7888,0.3974
americas,2017.5,0.8474,98.7432,0.4094
americas,2017.6,0.8819,98.6965,0.4216
americas,2017.7,0.9174,98.6487,0.4339
americas,2017.8,0.9538,98.5999,0.4464
americas,2017.9,0.9911,98.5499,0.4591
americas,2018.0,1.0294,98.4988,0.4719
americas,2018.1,1.0687,98.4465,0.4848
americas,2018.2,1.1090,98.3931,0.4980
americas,2018.3,1.1503,98.3385,0.5113
americas,2018.4,1.1926,98.2827,0.5247
americas,2018.5,1.2359,98.2258,0.5383
americas,2018.6,1.2803,98.1676,0.5521
americas,2018.7,1.3258,98.1083,0.5660
americas,2018.8,1.3723,98.0477,0.5801
americas,2018.9,1.4199,97.9858,0.5943
americas,2019.0,1.4686,97.9228,0.6087
americas,2019.1,1.5184,97.8584,0.6233
americas,2019.2,1.5694,97.7927,0.6380
americas,2019.3,1.6214,97.7258,0.6529
americas,2019.4,1.6747,97.6575,0.6679
americas,2019.5,1.7291,97.5880,0.6831
americas,2019.6,1.7847,97.5170,0.6984
americas,2019.7,1.8414,97.4448,0.7139
americas,2019.8,1.8994,97.3711,0.7296
americas,2019.9,1.9586,97.2961,0.7454
americas,2020.0,2.0191,97.2196,0.7614
americas,2020.1,2.0808,97.1417,0.7776
americas,2020.2,2.1438,97.0624,0.7939
americas,2020.3,2.2080,96.9817,0.8104
americas,2020.4,2.2736,96.8994,0.8271
americas,2020.5,2.3405,96.8157,0.8439
americas,2020.6,2.4087,96.7304,0.8610
americas,2020.7,2.4783,96.6436,0.8782
americas,2020.8,2.5492,96.5552,0.8956
americas,2020.9,2.6216,96.4653,0.9132
americas,2021.0,2.6953,96.3737,0.9310
americas,2021.1,2.7705,96.2805,0.9490
americas,2021.2,2.8472,96.1857,0.9672
americas,2021.3,2.9253,96.0892,0.9857
americas,2021.4,3.0049,95.9909,1.0044
americas,2021.5,3.0860,95.8909,1.0233
americas,2021.6,3.1686,95.7892,1.0424
americas,2021.7,3.2528,95.6856,1.0618
americas,2021.8,3.3386,95.5802,1.0815
americas,2021.9,3.4260,95.4730,1.1014
americas,2022.0,3.5150,95.3638,1.1215
americas,2022.1,3.6057,95.2528,1.1420
americas,2022.2,3.6980,95.1397,1.1628
americas,2022.3,3.7920,95.0247,1.1838
americas,2022.4,3.8877,94.9076,1.2052
americas,2022.5,3.9852,94.7885,1.2269
americas,2022.6,4.0844,94.6673,1.2489
americas,2022.7,4.1854,94.5439,1.2713
americas,2022.8,4.2883,94.4183,1.2941
americas,2022.9,4.3930,94.2905,1.3173
americas,2023.0,4.4995,94.1604,1.3408
americas,2023.1,4.6080,94.0280,1.3648
americas,2023.2,4.7184,93.8932,1.3892
americas,2023.3,4.8307,93.7560,1.4140
americas,2023.4,4.9450,93.6164,1.4393
americas,2023.5,5.0613,93.4742,1.4651
americas,2023.6,5.1796,93.3295,1.4914
americas,2023.7,5.3000,93.1822,1.5182
americas,2023.8,5.4225,93.0323,1.5456
americas,2023.9,5.5471,92.8796,1.5735
americas,2024.0,5.6739,92.7242,1.6020
americas,2024.1,5.8028,92.5660,1.6312
americas,2024.2,5.9340,92.4049,1.6611
americas,2024.3,6.0674,92.2409,1.6917
americas,2024.4,6.2030,92.0740,1.7230
americas,2024.5,6.3410,91.9040,1.7550
americas,2024.6,6.4812,91.7309,1.7878
americas,2024.7,6.6239,91.5547,1.8214
americas,2024.8,6.7689,91.3753,1.8558
americas,2024.9,6.9163,91.1927,1.8910
americas,2025.0,7.0662,91.0067,1.9271
americas,2025.1,7.2186,90.8174,1.9641
americas,2025.2,7.3734,90.6246,2.0019
americas,2025.3,7.5309,90.4284,2.0408
americas,2025.4,7.6908,90.2286,2.0806
americas,2025.5,7.8534,90.0252,2.1213
americas,2025.6,8.0187,89.8182,2.1632
americas,2025.7,8.1865,89.6074,2.2060
americas,2025.8,8.3571,89.3929,2.2499
americas,2025.9,8.5304,89.1746,2.2950
americas,2026.0,8.7065,88.9524,2.3411
americas,2026.1,8.8854,88.7262,2.3884
americas,2026.2,9.0671,88.4960,2.4369
americas,2026.3,9.2516,88.2618,2.4866
americas,2026.4,9.4390,88.0235,2.5374
americas,2026.5,9.6294,87.7811,2.5896
americas,2026.6,9.8227,87.5344,2.6429
americas,2026.7,10.0190,87.2835,2.6975
americas,2026.8,10.2183,87.0283,2.7535
americas,2026.9,10.4206,86.7687,2.8107
americas,2027.0,10.6260,86.5048,2.8692
americas,2027.1,10.8346,86.2364,2.9290
americas,2027.2,11.0462,85.9636,2.9902
americas,2027.3,11.2611,85.6863,3.0527
americas,2027.4,11.4792,85.4044,3.1165
americas,2027.5,11.7005,85.1179,3.1816
americas,2027.6,11.9250,84.8269,3.2481
americas,2027.7,12.1529,84.5312,3.3158
americas,2027.8,12.3842,84.2309,3.3849
americas,2027.9,12.6188,83.9260,3.4553
americas,2028.0,12.8568,83.6163,3.5269
americas,2028.1,13.0982,83.3020,3.5998
americas,2028.2,13.3431,82.9830,3.6739
americas,2028.3,13.5916,82.6593,3.7491
americas,2028.4,13.8435,82.3310,3.8255
americas,2028.5,14.0991,81.9979,3.9030
americas,2028.6,14.3582,81.6603,3.9815
americas,2028.7,14.6210,81.3180,4.0611
americas,2028.8,14.8874,80.9711,4.1415
americas,2028.9,15.1575,80.6197,4.2228
americas,2029.0,15.4313,80.2638,4.3049
americas,2029.1,15.7089,79.9034,4.3877
americas,2029.2,15.9902,79.5387,4.4711
americas,2029.3,16.2753,79.1696,4.5550
americas,2029.4,16.5643,78.7964,4.6393
americas,2029.5,16.8571,78.4190,4.7240
americas,2029.6,17.1537,78.0376,4.8088
americas,2029.7,17.4542,77.6522,4.8936
americas,2029.8,17.7586,77.2630,4.9784
americas,2029.9,18.0669,76.8702,5.0629
americas,2030.0,18.3791,76.4738,5.1471
americas,2030.1,18.6952,76.0741,5.2307
americas,2030.2,19.0153,75.6711,5.3136
americas,2030.3,19.3393,75.2651,5.3957
americas,2030.4,19.6671,74.8562,5.4767
americas,2030.5,19.9990,74.4446,5.5565
americas,2030.6,20.3347,74.0305,5.6348
americas,2030.7,20.6743,73.6142,5.7116
americas,2030.8,21.0177,73.1958,5.7865
americas,2030.9,21.3650,72.7756,5.8594
americas,2031.0,21.7162,72.3537,5.9301
americas,2031.1,22.0711,71.9306,5.9983
americas,2031.2,22.4298,71.5063,6.0639
americas,2031.3,22.7922,71.0812,6.1267
americas,2031.4,23.1582,70.6554,6.1863
americas,2031.5,23.5279,70.2294,6.2427
americas,2031.6,23.9011,69.8033,6.2957
americas,2031.7,24.2778,69.3774,6.3449
americas,2031.8,24.6578,68.9519,6.3902
americas,2031.9,25.0413,68.5272,6.4315
americas,2032.0,25.4280,68.1035,6.4685
americas,2032.1,25.8178,67.6811,6.5011
americas,2032.2,26.2108,67.2602,6.5290
americas,2032.3,26.6067,66.8411,6.5522
americas,2032.4,27.0055,66.4240,6.5706
americas,2032.5,27.4070,66.0092,6.5838
americas,2032.6,27.8112,65.5968,6.5920
americas,2032.7,28.2179,65.1872,6.5949
americas,2032.8,28.6269,64.7806,6.5925
americas,2032.9,29.0383,64.3770,6.5847
americas,2033.0,29.4518,63.9767,6.5715
americas,2033.1,29.8672,63.5799,6.5529
americas,2033.2,30.2845,63.1868,6.5288
americas,2033.3,30.7034,62.7974,6.4992
americas,2033.4,31.1239,62.4118,6.4643
americas,2033.5,31.5457,62.0302,6.4241
americas,2033.6,31.9687,61.6527,6.3786
americas,2033.7,32.3927,61.2793,6.3280
americas,2033.8,32.8176,60.9101,6.2723
americas,2033.9,33.2431,60.5451,6.2118
americas,2034.0,33.6692,60.1842,6.1466
americas,2034.1,34.0956,59.8276,6.0768
americas,2034.2,34.5222,59.4751,6.0027
americas,2034.3,34.9487,59.1267,5.9246
americas,2034.4,35.3750,58.7824,5.8426
americas,2034.5,35.8010,58.4421,5.7569
americas,2034.6,36.2264,58.1056,5.6679
americas,2034.7,36.6511,57.7730,5.5759
americas,2034.8,37.0749,57.4440,5.4811
americas,2034.9,37.4976,57.1186,5.3837
americas,2035.0,37.9192,56.7966,5.2842
americas,2035.1,38.3393,56.4779,5.1828
americas,2035.2,38.7579,56.1623,5.0798
americas,2035.3,39.1748,55.8497,4.9755
americas,2035.4,39.5899,55.5399,4.8702
americas,2035.5,40.0030,55.2328,4.7642
americas,2035.6,40.4140,54.9282,4.6579
americas,2035.7,40.8228,54.6259,4.5514
americas,2035.8,41.2292,54.3257,4.4451
americas,2035.9,41.6332,54.0276,4.3392
americas,2036.0,42.0347,53.7314,4.2339
americas,2036.1,42.4335,53.4369,4.1296
americas,2036.2,42.8296,53.1440,4.0264
americas,2036.3,43.2230,52.8525,3.9245
americas,2036.4,43.6135,52.5624,3.8241
americas,2036.5,44.0011,52.2735,3.7254
americas,2036.6,44.3858,51.9856,3.6286
americas,2036.7,44.7675,51.6988,3.5337
americas,2036.8,45.1462,51.4129,3.4409
americas,2036.9,45.5220,51.1277,3.3503
americas,2037.0,45.8947,50.8433,3.2619
americas,2037.1,46.2645,50.5596,3.1759
americas,2037.2,46.6313,50.2764,3.0923
americas,2037.3,46.9951,49.9938,3.0111
americas,2037.4,47.3561,49.7117,2.9323
americas,2037.5,47.7141,49.4300,2.8559
americas,2037.6,48.0694,49.1487,2.7819
americas,2037.7,48.4218,48.8678,2.7103
americas,2037.8,48.7716,48.5873,2.6411
americas,2037.9,49.1188,48.3070,2.5742
americas,2038.0,49.4634,48.0271,2.5095
americas,2038.1,49.8055,47.7475,2.4470
americas,2038.2,50.1452,47.4682,2.3866
americas,2038.3,50.4827,47.1891,2.3282
americas,2038.4,50.8179,46.9103,2.2718
americas,2038.5,51.1510,46.6317,2.2173
americas,2038.6,51.4820,46.3535,2.1645
americas,2038.7,51.8111,46.0754,2.1134
americas,2038.8,52.1384,45.7977,2.0639
americas,2038.9,52.4639,45.5202,2.0160
americas,2039.0,52.7877,45.2429,1.9694
americas,2039.1,53.1100,44.9659,1.9241
americas,2039.2,53.4307,44.6892,1.8800
americas,2039.3,53.7501,44.4128,1.8371
americas,2039.4,54.0681,44.1366,1.7953
americas,2039.5,54.3849,43.8607,1.7544
americas,2039.6,54.7005,43.5851,1.7144
americas,2039.7,55.0151,43.3097,1.6752
americas,2039.8,55.3286,43.0347,1.6368
americas,2039.9,55.6411,42.7599,1.5990
americas,2040.0,55.9527,42.4855,1.5619
americas,2040.1,56.2634,42.2113,1.5253
americas,2040.2,56.5733,41.9374,1.4893
americas,2040.3,56.8824,41.6639,1.4537
americas,2040.4,57.1908,41.3907,1.4185
americas,2040.5,57.4985,41.1178,1.3837
americas,2040.6,57.8056,40.8452,1.3492
americas,2040.7,58.1119,40.5730,1.3151
americas,2040.8,58.4177,40.3011,1.2812
americas,2040.9,58.7228,40.0296,1.2475
americas,2041.0,59.0274,39.7584,1.2142
americas,2041.1,59.3314,39.4876,1.1810
americas,2041.2,59.6348,39.2172,1.1480
americas,2041.3,59.9376,38.9472,1.1152
americas,2041.4,60.2399,38.6776,1.0826
americas,2041.5,60.5415,38.4083,1.0501
americas,2041.6,60.8427,38.1395,1.0179
americas,2041.7,61.1432,37.8711,0.9857
americas,2041.8,61.4431,37.6031,0.9537
americas,2041.9,61.7425,37.3356,0.9219
americas,2042.0,62.0412,37.0685,0.8902
americas,2042.1,62.3393,36.8019,0.8587
americas,2042.2,62.6368,36.5358,0.8273
americas,2042.3,62.9337,36.2702,0.7961
americas,2042.4,63.2299,36.0051,0.7651
americas,2042.5,63.5254,35.7404,0.7341
americas,2042.6,63.8203,35.4763,0.7034
americas,2042.7,64.1144,35.2128,0.6728
americas,2042.8,64.4078,34.9498,0.6424
americas,2042.9,64.7005,34.6873,0.6122
americas,2043.0,64.9925,34.4254,0.5821
americas,2043.1,65.2836,34.1641,0.5523
americas,2043.2,65.5740,33.9034,0.5226
americas,2043.3,65.8636,33.6433,0.4931
americas,2043.4,66.1524,33.3839,0.4637
americas,2043.5,66.4403,33.1250,0.4346
americas,2043.6,66.7274,32.8669,0.4057
americas,2043.7,67.0137,32.6093,0.3770
americas,2043.8,67.2991,32.3525,0.3484
americas,2043.9,67.5835,32.0963,0.3201
americas,2044.0,67.8671,31.8409,0.2920
americas,2044.1,68.1498,31.5861,0.2641
americas,2044.2,68.4315,31.3321,0.2364
americas,2044.3,68.7123,31.0788,0.2089
americas,2044.4,68.9921,30.8263,0.1817
americas,2044.5,69.2709,30.5745,0.1546
americas,2044.6,69.5487,30.3235,0.1278
americas,2044.7,69.8256,30.0732,0.1012
americas,2044.8,70.1014,29.8238,0.0748
americas,2044.9,70.3762,29.5752,0.0643
americas,2045.0,70.6499,29.3273,0.0610
americas,2045.1,70.9226,29.0804,0.0578
americas,2045.2,71.1942,28.8342,0.0548
americas,2045.3,71.4648,28.5889,0.0519
americas,2045.4,71.7343,28.3445,0.0492
americas,2045.5,72.0026,28.1010,0.0465
americas,2045.6,72.2699,27.8583,0.0440
americas,2045.7,72.5360,27.6165,0.0415
americas,2045.8,72.8010,27.3757,0.0392
americas,2045.9,73.0648,27.1357,0.0370
americas,2046.0,73.3275,26.8967,0.0349
americas,2046.1,73.5890,26.6586,0.0329
americas,2046.2,73.8493,26.4215,0.0310
americas,2046.3,74.1085,26.1853,0.0291
americas,2046.4,74.3664,25.9501,0.0274
americas,2046.5,74.6232,25.7159,0.0257
americas,2046.6,74.8787,25.4826,0.0242
americas,2046.7,75.1330,25.2504,0.0227
americas,2046.8,75.3860,25.0191,0.0212
americas,2046.9,75.6378,24.7889,0.0199
americas,2047.0,75.8884,24.5597,0.0186
americas,2047.1,76.1377,24.3315,0.0174
americas,2047.2,76.3857,24.1044,0.0162
americas,2047.3,76.6324,23.8783,0.0151
americas,2047.4,76.8779,23.6532,0.0140
americas,2047.5,77.1220,23.4292,0.0130
americas,2047.6,77.3649,23.2063,0.0121
americas,2047.7,77.6064,22.9845,0.0112
americas,2047.8,77.8466,22.7638,0.0103
americas,2047.9,78.0854,22.5441,0.0095
americas,2048.0,78.3230,22.3256,0.0087
americas,2048.1,78.5591,22.1081,0.0080
americas,2048.2,78.7940,21.8918,0.0073
americas,2048.3,79.0274,21.6766,0.0066
americas,2048.4,79.2595,21.4625,0.0060
americas,2048.5,79.4902,21.2496,0.0054
americas,2048.6,79.7195,21.0378,0.0048
americas,2048.7,79.9475,20.8272,0.0043
americas,2048.8,80.1740,20.6177,0.0037
americas,2048.9,80.3991,20.4094,0.0032
americas,2049.0,80.6228,20.2022,0.0028
americas,2049.1,80.8451,19.9962,0.0023
americas,2049.2,81.0660,19.7914,0.0019
americas,2049.3,81.2854,19.5877,0.0015
americas,2049.4,81.5035,19.3853,0.0014
americas,2049.5,81.7200,19.1840,0.0012
americas,2049.6,81.9351,18.9839,0.0011
americas,2049.7,82.1488,18.7851,0.0010
americas,2049.8,82.3610,18.5874,0.0009
americas,2049.9,82.5718,18.3910,0.0008
americas,2050.0,82.7810,18.1957,0.0007
asia,2015.0,0.5000,99.6423,0.0408
asia,2015.1,0.5348,99.6138,0.0419
asia,2015.2,0.5715,99.5834,0.0430
asia,2015.3,0.6100,99.5509,0.0440
asia,2015.4,0.6506,99.5162,0.0451
asia,2015.5,0.6932,99.4792,0.0462
asia,2015.6,0.7379,99.4397,0.0472
asia,2015.7,0.7849,99.3976,0.0483
asia,2015.8,0.8341,99.3528,0.0494
asia,2015.9,0.8856,99.3052,0.0504
asia,2016.0,0.9396,99.2545,0.0515
asia,2016.1,0.9961,99.2007,0.0526
asia,2016.2,1.0551,99.1436,0.0537
asia,2016.3,1.1168,99.0830,0.0547
asia,2016.4,1.1813,99.0188,0.0558
asia,2016.5,1.2485,98.9509,0.0569
asia,2016.6,1.3186,98.8789,0.0579
asia,2016.7,1.3917,98.8029,0.0590
asia,2016.8,1.4679,98.7225,0.0601
asia,2016.9,1.5472,98.6376,0.0612
asia,2017.0,1.6298,98.5481,0.0622
asia,2017.1,1.7156,98.4536,0.0633
asia,2017.2,1.8049,98.3541,0.0644
asia,2017.3,1.8976,98.2492,0.0655
asia,2017.4,1.9940,98.1389,0.0666
asia,2017.5,2.0940,98.0229,0.0676
asia,2017.6,2.1977,97.9009,0.0687
asia,2017.7,2.3053,97.7727,0.0699
asia,2017.8,2.4168,97.6382,0.0710
asia,2017.9,2.5323,97.4970,0.0721
asia,2018.0,2.6520,97.3489,0.0733
asia,2018.1,2.7759,97.1938,0.0745
asia,2018.2,2.9040,97.0313,0.0757
asia,2018.3,3.0366,96.8612,0.1023
asia,2018.4,3.1736,96.6832,0.1432
asia,2018.5,3.3152,96.4972,0.1876
asia,2018.6,3.4615,96.3027,0.2358
asia,2018.7,3.6125,96.0997,0.2878
asia,2018.8,3.7684,95.8877,0.3439
asia,2018.9,3.9293,95.6665,0.4042
asia,2019.0,4.0952,95.4360,0.4689
asia,2019.1,4.2662,95.1957,0.5382
asia,2019.2,4.4425,94.9454,0.6122
asia,2019.3,4.6240,94.6849,0.6911
asia,2019.4,4.8110,94.4139,0.7752
asia,2019.5,5.0035,94.1321,0.8645
asia,2019.6,5.2017,93.8391,0.9593
asia,2019.7,5.4055,93.5349,1.0598
asia,2019.8,5.6150,93.2190,1.1661
asia,2019.9,5.8305,92.8912,1.2784
asia,2020.0,6.0520,92.5513,1.3970
asia,2020.1,6.2794,92.1989,1.5218
asia,2020.2,6.5131,91.8338,1.6533
asia,2020.3,6.7530,91.4558,1.7914
asia,2020.4,6.9992,91.0646,1.9364
asia,2020.5,7.2519,90.6599,2.0885
asia,2020.6,7.5110,90.2416,2.2477
asia,2020.7,7.7768,89.8093,2.4143
asia,2020.8,8.0492,89.3628,2.5883
asia,2020.9,8.3284,88.9019,2.7700
asia,2021.0,8.6145,88.4265,2.9594
asia,2021.1,8.9075,87.9362,3.1567
asia,2021.2,9.2076,87.4310,3.3619
asia,2021.3,9.5147,86.9106,3.5753
asia,2021.4,9.8290,86.3748,3.7968
asia,2021.5,10.1507,85.8235,4.0265
asia,2021.6,10.4796,85.2565,4.2645
asia,2021.7,10.8160,84.6738,4.5109
asia,2021.8,11.1600,84.0752,4.7657
asia,2021.9,11.5115,83.4605,5.0289
asia,2022.0,11.8707,82.8298,5.3005
asia,2022.1,12.2376,82.1830,5.5805
asia,2022.2,12.6124,81.5199,5.8688
asia,2022.3,12.9951,80.8407,6.1655
asia,2022.4,13.3857,80.1452,6.4705
asia,2022.5,13.7845,79.4335,6.7837
asia,2022.6,14.1913,78.7056,7.1049
asia,2022.7,14.6064,77.9615,7.4341
asia,2022.8,15.0297,77.2014,7.7711
asia,2022.9,15.4614,76.4254,8.1156
asia,2023.0,15.9016,75.6335,8.4676
asia,2023.1,16.3502,74.8260,8.8268
asia,2023.2,16.8074,74.0029,9.1929
asia,2023.3,17.2734,73.1645,9.5657
asia,2023.4,17.7480,72.3110,9.9449
asia,2023.5,18.2315,71.4427,10.3301
asia,2023.6,18.7239,70.5597,10.7211
asia,2023.7,19.2253,69.6624,11.1173
asia,2023.8,19.7357,68.7512,11.5185
asia,2023.9,20.2554,67.8263,11.9242
asia,2024.0,20.7842,66.8881,12.3340
asia,2024.1,21.3225,65.9369,12.7473
asia,2024.2,21.8702,64.9733,13.1637
asia,2024.3,22.4274,63.9976,13.5826
asia,2024.4,22.9942,63.0103,14.0035
asia,2024.5,23.5709,62.0117,14.4257
asia,2024.6,24.1573,61.0025,14.8488
asia,2024.7,24.7538,59.9831,15.2720
asia,2024.8,25.3603,58.9541,15.6948
asia,2024.9,25.9769,57.9160,16.1164
asia,2025.0,26.6039,56.8692,16.5361
asia,2025.1,27.2412,55.8146,16.9534
asia,2025.2,27.8889,54.7525,17.3674
asia,2025.3,28.5473,53.6837,17.7774
asia,2025.4,29.2162,52.6088,18.1827
asia,2025.5,29.8958,51.5285,18.5826
asia,2025.6,30.5860,50.4434,18.9762
asia,2025.7,31.2870,49.3544,19.3628
asia,2025.8,31.9985,48.2622,19.7417
asia,2025.9,32.7206,47.1676,20.1121
asia,2026.0,33.4531,46.0717,20.4753
asia,2026.1,34.1957,44.9752,20.8291
asia,2026.2,34.9482,43.8794,21.1724
asia,2026.3,35.7101,42.7853,21.5046
asia,2026.4,36.4811,41.6942,21.8248
asia,2026.5,37.2604,40.6074,22.1322
asia,2026.6,38.0474,39.5264,22.4261
asia,2026.7,38.8414,38.4529,22.7058
asia,2026.8,39.6412,37.3884,22.9704
asia,2026.9,40.4460,36.3349,23.2192
asia,2027.0,41.2544,35.2941,23.4515
asia,2027.1,42.0654,34.2681,23.6665
asia,2027.2,42.8776,33.2587,23.8668
asia,2027.3,43.6896,32.2680,24.0505
asia,2027.4,44.5001,31.2978,24.2152
asia,2027.5,45.3079,30.3498,24.3604
asia,2027.6,46.1119,29.4256,24.4861
asia,2027.7,46.9109,28.5264,24.6024
asia,2027.8,47.7041,27.6533,24.6989
asia,2027.9,48.4910,26.8069,24.7755
asia,2028.0,49.2711,25.9876,24.8322
asia,2028.1,50.0442,25.1954,24.8691
asia,2028.2,50.8105,24.4301,24.8863
asia,2028.3,51.5701,23.6914,24.8839
asia,2028.4,52.3234,22.9786,24.8621
asia,2028.5,53.0709,22.2912,24.8210
asia,2028.6,53.8130,21.6285,24.7609
asia,2028.7,54.5500,20.9900,24.6818
asia,2028.8,55.2824,20.3752,24.5839
asia,2028.9,56.0104,19.7837,24.4673
asia,2029.0,56.7340,19.2151,24.3322
asia,2029.1,57.4534,18.6693,24.1788
asia,2029.2,58.1684,18.1460,24.0075
asia,2029.3,58.8789,17.6450,23.8186
asia,2029.4,59.5848,17.1659,23.6125
asia,2029.5,60.2858,16.7085,23.3898
asia,2029.6,60.9817,16.2724,23.1509
asia,2029.7,61.6724,15.8573,22.8966
asia,2029.8,62.3576,15.4628,22.6273
asia,2029.9,63.0372,15.0884,22.3438
asia,2030.0,63.7109,14.7336,22.0467
asia,2030.1,64.3786,14.3978,21.7368
asia,2030.2,65.0401,14.0806,21.4147
asia,2030.3,65.6952,13.7812,21.0813
asia,2030.4,66.3438,13.4992,20.7373
asia,2030.5,66.9857,13.2338,20.3835
asia,2030.6,67.6207,12.9845,20.0207
asia,2030.7,68.2486,12.7504,19.6497
asia,2030.8,68.8693,12.5311,19.2712
asia,2030.9,69.4826,12.3258,18.8862
asia,2031.0,70.0883,12.1338,18.4953
asia,2031.1,70.6863,11.9545,18.0994
asia,2031.2,71.2764,11.7871,17.6992
asia,2031.3,71.8584,11.6311,17.2956
asia,2031.4,72.4322,11.4858,16.8892
asia,2031.5,72.9975,11.3505,16.4808
asia,2031.6,73.5543,11.2246,16.0712
asia,2031.7,74.1023,11.1076,15.6610
asia,2031.8,74.6415,10.9987,15.2509
asia,2031.9,75.1715,10.8976,14.8416
asia,2032.0,75.6924,10.8035,14.4336
asia,2032.1,76.2039,10.7161,14.0276
asia,2032.2,76.7060,10.6348,13.6242
asia,2032.3,77.1984,10.5591,13.2238
asia,2032.4,77.6812,10.4886,12.8270
asia,2032.5,78.1541,10.4228,12.4343
asia,2032.6,78.6171,10.3614,12.0461
asia,2032.7,79.0702,10.3040,11.6628
asia,2032.8,79.5132,10.2502,11.2849
asia,2032.9,79.9461,10.1997,10.9126
asia,2033.0,80.3688,10.1522,10.5463
asia,2033.1,80.7813,10.1074,10.1864
asia,2033.2,81.1836,10.0651,9.8329
asia,2033.3,81.5758,10.0249,9.4863
asia,2033.4,81.9577,9.9868,9.1467
asia,2033.5,82.3294,9.9504,8.8143
asia,2033.6,82.6910,9.9156,8.4893
asia,2033.7,83.0425,9.8823,8.1717
asia,2033.8,83.3839,9.8502,7.8617
asia,2033.9,83.7154,9.8193,7.5595
asia,2034.0,84.0370,9.7893,7.2650
asia,2034.1,84.3487,9.7603,6.9783
asia,2034.2,84.6508,9.7321,6.6994
asia,2034.3,84.9433,9.7046,6.4284
asia,2034.4,85.2263,9.6778,6.1653
asia,2034.5,85.4999,9.6515,5.9099
asia,2034.6,85.7644,9.6258,5.6623
asia,2034.7,86.0198,9.6005,5.4225
asia,2034.8,86.2664,9.5756,5.1904
asia,2034.9,86.5042,9.5512,4.9658
asia,2035.0,86.7334,9.5270,4.7488
asia,2035.1,86.9542,9.5032,4.5392
asia,2035.2,87.1669,9.4797,4.3369
asia,2035.3,87.3714,9.4565,4.1418
asia,2035.4,87.5682,9.4335,3.9538
asia,2035.5,87.7572,9.4108,3.7728
asia,2035.6,87.9388,9.3884,3.5986
asia,2035.7,88.1131,9.3661,3.4311
asia,2035.8,88.2803,9.3441,3.2702
asia,2035.9,88.4406,9.3223,3.1158
asia,2036.0,88.5941,9.3008,2.9675
asia,2036.1,88.7412,9.2794,2.8255
asia,2036.2,88.8819,9.2583,2.6894
asia,2036.3,89.0165,9.2374,2.5591
asia,2036.4,89.1451,9.2167,2.4345
asia,2036.5,89.2680,9.1962,2.3154
asia,2036.6,89.3853,9.1759,2.2016
asia,2036.7,89.4972,9.1559,2.0931
asia,2036.8,89.6039,9.1361,1.9896
asia,2036.9,89.7056,9.1165,1.8909
asia,2037.0,89.8024,9.0971,1.7970
asia,2037.1,89.8945,9.0779,1.7077
asia,2037.2,89.9822,9.0590,1.6227
asia,2037.3,90.0654,9.0403,1.5421
asia,2037.4,90.1445,9.0219,1.4655
asia,2037.5,90.2196,9.0037,1.3929
asia,2037.6,90.2908,8.9857,1.3242
asia,2037.7,90.3583,8.9679,1.2591
asia,2037.8,90.4222,8.9504,1.1975
asia,2037.9,90.4827,8.9331,1.1393
asia,2038.0,90.5400,8.9161,1.0843
asia,2038.1,90.5941,8.8993,1.0325
asia,2038.2,90.6452,8.8828,0.9836
asia,2038.3,90.6934,8.8665,0.9376
asia,2038.4,90.7389,8.8505,0.8943
asia,2038.5,90.7818,8.8347,0.8536
asia,2038.6,90.8223,8.8191,0.8154
asia,2038.7,90.8603,8.8038,0.7796
asia,2038.8,90.8961,8.7887,0.7460
asia,2038.9,90.9297,8.7739,0.7145
asia,2039.0,90.9613,8.7593,0.6851
asia,2039.1,90.9910,8.7450,0.6576
asia,2039.2,91.0189,8.7309,0.6320
asia,2039.3,91.0449,8.7171,0.6081
asia,2039.4,91.0694,8.7035,0.5858
asia,2039.5,91.0923,8.6901,0.5651
asia,2039.6,91.1137,8.6770,0.5459
asia,2039.7,91.1337,8.6641,0.5280
asia,2039.8,91.1525,8.6515,0.5115
asia,2039.9,91.1700,8.6391,0.4961
asia,2040.0,91.1863,8.6269,0.4820
asia,2040.1,91.2015,8.6150,0.4689
asia,2040.2,91.2157,8.6033,0.4569
asia,2040.3,91.2290,8.5918,0.4458
asia,2040.4,91.2413,8.5806,0.4357
asia,2040.5,91.2528,8.5696,0.4264
asia,2040.6,91.2635,8.5588,0.4178
asia,2040.7,91.2735,8.5482,0.4100
asia,2040.8,91.2828,8.5378,0.4029
asia,2040.9,91.2914,8.5277,0.3965
asia,2041.0,91.2995,8.5178,0.3906
asia,2041.1,91.3070,8.5080,0.3853
asia,2041.2,91.3139,8.4985,0.3805
asia,2041.3,91.3204,8.4892,0.3762
asia,2041.4,91.3264,8.4801,0.3724
asia,2041.5,91.3321,8.4712,0.3689
asia,2041.6,91.3373,8.4625,0.3659
asia,2041.7,91.3422,8.4539,0.3632
asia,2041.8,91.3467,8.4456,0.3608
asia,2041.9,91.3510,8.4375,0.3587
asia,2042.0,91.3550,8.4295,0.3569
asia,2042.1,91.3587,8.4217,0.3554
asia,2042.2,91.3622,8.4141,0.3541
asia,2042.3,91.3654,8.4066,0.3530
asia,2042.4,91.3685,8.3994,0.3521
asia,2042.5,91.3714,8.3922,0.3514
asia,2042.6,91.3741,8.3853,0.3509
asia,2042.7,91.3767,8.3785,0.3505
asia,2042.8,91.3791,8.3719,0.3502
asia,2042.9,91.3814,8.3654,0.3501
asia,2043.0,91.3836,8.3590,0.3501
asia,2043.1,91.3857,8.3528,0.3502
asia,2043.2,91.3877,8.3468,0.3504
asia,2043.3,91.3896,8.3409,0.3507
asia,2043.4,91.3914,8.3351,0.3510
asia,2043.5,91.3931,8.3295,0.3515
asia,2043.6,91.3948,8.3239,0.3520
asia,2043.7,91.3964,8.3185,0.3525
asia,2043.8,91.3980,8.3133,0.3531
asia,2043.9,91.3995,8.3081,0.3538
asia,2044.0,91.4010,8.3031,0.3545
asia,2044.1,91.4024,8.2981,0.3552
asia,2044.2,91.4038,8.2933,0.3560
asia,2044.3,91.4052,8.2886,0.3568
asia,2044.4,91.4066,8.2840,0.3576
asia,2044.5,91.4079,8.2795,0.3584
asia,2044.6,91.4092,8.2751,0.3593
asia,2044.7,91.4105,8.2707,0.3602
asia,2044.8,91.4118,8.2665,0.3611
asia,2044.9,91.4130,8.2623,0.3621
asia,2045.0,91.4142,8.2583,0.3630
asia,2045.1,91.4155,8.2543,0.3639
asia,2045.2,91.4167,8.2504,0.3649
asia,2045.3,91.4179,8.2466,0.3659
asia,2045.4,91.4191,8.2428,0.3669
asia,2045.5,91.4203,8.2391,0.3678
asia,2045.6,91.4214,8.2355,0.3688
asia,2045.7,91.4226,8.2319,0.3698
asia,2045.8,91.4238,8.2285,0.3708
asia,2045.9,91.4250,8.2250,0.3719
asia,2046.0,91.4261,8.2217,0.3729
asia,2046.1,91.4273,8.2184,0.3739
asia,2046.2,91.4284,8.2151,0.3749
asia,2046.3,91.4296,8.2119,0.3759
asia,2046.4,91.4307,8.2087,0.3769
asia,2046.5,91.4319,8.2056,0.3780
asia,2046.6,91.4330,8.2026,0.3790
asia,2046.7,91.4342,8.1996,0.3800
asia,2046.8,91.4353,8.1966,0.3811
asia,2046.9,91.4365,8.1937,0.3821
asia,2047.0,91.4376,8.1908,0.3831
asia,2047.1,91.4387,8.1879,0.3841
asia,2047.2,91.4399,8.1851,0.3852
asia,2047.3,91.4410,8.1823,0.3862
asia,2047.4,91.4422,8.1796,0.3872
asia,2047.5,91.4433,8.1769,0.3883
asia,2047.6,91.4444,8.1742,0.3893
asia,2047.7,91.4456,8.1715,0.3903
asia,2047.8,91.4467,8.1689,0.3914
asia,2047.9,91.4479,8.1663,0.3924
asia,2048.0,91.4490,8.1637,0.3934
asia,2048.1,91.4501,8.1611,0.3945
asia,2048.2,91.4513,8.1586,0.3955
asia,2048.3,91.4524,8.1561,0.3965
asia,2048.4,91.4536,8.1536,0.3976
asia,2048.5,91.4547,8.1511,0.3986
asia,2048.6,91.4558,8.1486,0.3996
asia,2048.7,91.4570,8.1462,0.4006
asia,2048.8,91.4581,8.1438,0.4017
asia,2048.9,91.4593,8.1414,0.4027
asia,2049.0,91.4604,8.1390,0.4037
asia,2049.1,91.4615,8.1366,0.4048
asia,2049.2,91.4627,8.1342,0.4058
asia,2049.3,91.4638,8.1319,0.4068
asia,2049.4,91.4650,8.1295,0.4079
asia,2049.5,91.4661,8.1272,0.4089
asia,2049.6,91.4672,8.1249,0.4099
asia,2049.7,91.4684,8.1226,0.4109
asia,2049.8,91.4695,8.1203,0.4120
asia,2049.9,91.4707,8.1180,0.4130
asia,2050.0,91.4718,8.1157,0.4140
small_markets,2015.0,0.0747,99.8267,0.1051
small_markets,2015.1,0.0814,99.8149,0.1115
small_markets,2015.2,0.0886,99.8024,0.1182
small_markets,2015.3,0.0962,99.7893,0.1251
small_markets,2015.4,0.1043,99.7755,0.1323
small_markets,2015.5,0.1128,99.7611,0.1398
small_markets,2015.6,0.1219,99.7460,0.1475
small_markets,2015.7,0.1315,99.7301,0.1556
small_markets,2015.8,0.1416,99.7134,0.1639
small_markets,2015.9,0.1522,99.6960,0.1725
small_markets,2016.0,0.1634,99.6778,0.1814
small_markets,2016.1,0.1753,99.6587,0.1906
small_markets,2016.2,0.1881,99.6388,0.2001
small_markets,2016.3,0.2017,99.6180,0.2099
small_markets,2016.4,0.2162,99.5962,0.2200
small_markets,2016.5,0.2316,99.5735,0.2304
small_markets,2016.6,0.2479,99.5498,0.2411
small_markets,2016.7,0.2652,99.5250,0.2522
small_markets,2016.8,0.2835,99.4991,0.2635
small_markets,2016.9,0.3028,99.4721,0.2752
small_markets,2017.0,0.3231,99.4440,0.2872
small_markets,2017.1,0.3789,99.2420,0.4380
small_markets,2017.2,0.4395,99.0854,0.5390
small_markets,2017.3,0.5028,98.9411,0.6251
small_markets,2017.4,0.5685,98.8036,0.7022
small_markets,2017.5,0.6362,98.6706,0.7729
small_markets,2017.6,0.7058,98.5405,0.8388
small_markets,2017.7,0.7772,98.4124,0.9008
small_markets,2017.8,0.8504,98.2858,0.9596
small_markets,2017.9,0.9252,98.1601,1.0157
small_markets,2018.0,1.0017,98.0350,1.0694
small_markets,2018.1,1.0798,97.9100,1.1210
small_markets,2018.2,1.1596,97.7850,1.1708
small_markets,2018.3,1.2409,97.6597,1.2191
small_markets,2018.4,1.3238,97.5339,1.2659
small_markets,2018.5,1.4084,97.4075,1.3114
small_markets,2018.6,1.4945,97.2802,1.3557
small_markets,2018.7,1.5822,97.1519,1.3989
small_markets,2018.8,1.6715,97.0224,1.4412
small_markets,2018.9,1.7624,96.8917,1.4825
small_markets,2019.0,1.8550,96.7596,1.5231
small_markets,2019.1,1.9492,96.6257,1.5631
small_markets,2019.2,2.0452,96.4897,1.6027
small_markets,2019.3,2.1431,96.3514,1.6420
small_markets,2019.4,2.2429,96.2108,1.6810
small_markets,2019.5,2.3446,96.0678,1.7197
small_markets,2019.6,2.4482,95.9222,1.7580
small_markets,2019.7,2.5538,95.7741,1.7961
small_markets,2019.8,2.6613,95.6233,1.8340
small_markets,2019.9,2.7709,95.4698,1.8716
small_markets,2020.0,2.8824,95.3134,1.9101
small_markets,2020.1,2.9960,95.1541,1.9493
small_markets,2020.2,3.1117,94.9918,1.9885
small_markets,2020.3,3.2296,94.8263,2.0277
small_markets,2020.4,3.3499,94.6576,2.0668
small_markets,2020.5,3.4726,94.4855,2.1060
small_markets,2020.6,3.5980,94.3096,2.1452
small_markets,2020.7,3.7263,94.1300,2.1844
small_markets,2020.8,3.8576,93.9463,2.2292
small_markets,2020.9,3.9921,93.7583,2.2754
small_markets,2021.0,4.1302,93.5658,2.3221
small_markets,2021.1,4.2719,93.3684,2.3693
small_markets,2021.2,4.4175,93.1660,2.4245
small_markets,2021.3,4.5674,92.9582,2.4844
small_markets,2021.4,4.7216,92.7448,2.5458
small_markets,2021.5,4.8806,92.5254,2.6087
small_markets,2021.6,5.0446,92.2996,2.6730
small_markets,2021.7,5.2139,92.0673,2.7390
small_markets,2021.8,5.3887,91.8280,2.8065
small_markets,2021.9,5.5693,91.5813,2.8756
small_markets,2022.0,5.7560,91.3270,2.9463
small_markets,2022.1,5.9492,91.0647,3.0188
small_markets,2022.2,6.1491,90.7939,3.0929
small_markets,2022.3,6.3560,90.5143,3.1687
small_markets,2022.4,6.5702,90.2256,3.2462
small_markets,2022.5,6.7920,89.9273,3.3255
small_markets,2022.6,7.0217,89.6191,3.4066
small_markets,2022.7,7.2596,89.3006,3.4894
small_markets,2022.8,7.5061,88.9714,3.5741
small_markets,2022.9,7.7612,88.6311,3.6606
small_markets,2023.0,8.0255,88.2794,3.7489
small_markets,2023.1,8.2990,87.9159,3.8390
small_markets,2023.2,8.5821,87.5402,3.9311
small_markets,2023.3,8.8750,87.1520,4.0249
small_markets,2023.4,9.1780,86.7510,4.1207
small_markets,2023.5,9.4912,86.3368,4.2183
small_markets,2023.6,9.8150,85.9092,4.3178
small_markets,2023.7,10.1494,85.4679,4.4191
small_markets,2023.8,10.4946,85.0126,4.5224
small_markets,2023.9,10.8508,84.5431,4.6275
small_markets,2024.0,11.2181,84.0592,4.7345
small_markets,2024.1,11.5967,83.5608,4.8434
small_markets,2024.2,11.9865,83.0476,4.9659
small_markets,2024.3,12.3877,82.5196,5.0927
small_markets,2024.4,12.8002,81.9767,5.2230
small_markets,2024.5,13.2242,81.4190,5.3569
small_markets,2024.6,13.6594,80.8463,5.4943
small_markets,2024.7,14.1060,80.2588,5.6352
small_markets,2024.8,14.5637,79.6567,5.7797
small_markets,2024.9,15.0324,79.0399,5.9276
small_markets,2025.0,15.5121,78.4088,6.0791
small_markets,2025.1,16.0024,77.7636,6.2339
small_markets,2025.2,16.5032,77.1047,6.3921
small_markets,2025.3,17.0142,76.4323,6.5535
small_markets,2025.4,17.5350,75.7469,6.7181
small_markets,2025.5,18.0654,75.0490,6.8856
small_markets,2025.6,18.6050,74.3391,7.0560
small_markets,2025.7,19.1532,73.6177,7.2290
small_markets,2025.8,19.7098,72.8856,7.4046
small_markets,2025.9,20.2743,72.1433,7.5824
small_markets,2026.0,20.8460,71.3916,7.7624
small_markets,2026.1,21.4246,70.6313,7.9442
small_markets,2026.2,22.0093,69.8631,8.1276
small_markets,2026.3,22.5997,69.0880,8.3123
small_markets,2026.4,23.1951,68.3067,8.4981
small_markets,2026.5,23.7949,67.5203,8.6848
small_markets,2026.6,24.3984,66.7296,8.8720
small_markets,2026.7,25.0049,65.9357,9.0594
small_markets,2026.8,25.6138,65.1394,9.2468
small_markets,2026.9,26.2243,64.3419,9.4338
small_markets,2027.0,26.8358,63.5440,9.6202
small_markets,2027.1,27.4475,62.7468,9.8057
small_markets,2027.2,28.0588,61.9512,9.9900
small_markets,2027.3,28.6688,61.1583,10.1729
small_markets,2027.4,29.2770,60.3689,10.3541
small_markets,2027.5,29.8826,59.5840,10.5334
small_markets,2027.6,30.4849,58.8045,10.7106
small_markets,2027.7,31.0834,58.0312,10.8854
small_markets,2027.8,31.6773,57.2650,11.0577
small_markets,2027.9,32.2660,56.5066,11.2273
small_markets,2028.0,32.8490,55.7568,11.3942
small_markets,2028.1,33.4257,55.0161,11.5582
small_markets,2028.2,33.9955,54.2852,11.7192
small_markets,2028.3,34.5580,53.5647,11.8773
small_markets,2028.4,35.1127,52.8549,12.0323
small_markets,2028.5,35.6593,52.1564,12.1843
small_markets,2028.6,36.1972,51.4694,12.3334
small_markets,2028.7,36.7262,50.7943,12.4795
small_markets,2028.8,37.2460,50.1311,12.6228
small_markets,2028.9,37.7564,49.4802,12.7634
small_markets,2029.0,38.2571,48.8415,12.9014
small_markets,2029.1,38.7479,48.2151,13.0370
small_markets,2029.2,39.2288,47.6010,13.1702
small_markets,2029.3,39.6997,46.9990,13.3013
small_markets,2029.4,40.1604,46.4091,13.4305
small_markets,2029.5,40.6111,45.8310,13.5579
small_markets,2029.6,41.0518,45.2645,13.6837
small_markets,2029.7,41.4825,44.7094,13.8082
small_markets,2029.8,41.9033,44.1653,13.9314
small_markets,2029.9,42.3143,43.6320,14.0536
small_markets,2030.0,42.7158,43.1092,14.1750
small_markets,2030.1,43.1079,42.5964,14.2957
small_markets,2030.2,43.4908,42.0933,14.4159
small_markets,2030.3,43.8648,41.5995,14.5357
small_markets,2030.4,44.2301,41.1147,14.6552
small_markets,2030.5,44.5870,40.6385,14.7745
small_markets,2030.6,44.9357,40.1706,14.8938
small_markets,2030.7,45.2765,39.7105,15.0130
small_markets,2030.8,45.6097,39.2580,15.1323
small_markets,2030.9,45.9356,38.8128,15.2516
small_markets,2031.0,46.2545,38.3745,15.3710
small_markets,2031.1,46.5667,37.9429,15.4904
small_markets,2031.2,46.8725,37.5176,15.6098
small_markets,2031.3,47.1722,37.0986,15.7293
small_markets,2031.4,47.4659,36.6854,15.8487
small_markets,2031.5,47.7541,36.2780,15.9679
small_markets,2031.6,48.0370,35.8761,16.0869
small_markets,2031.7,48.3147,35.4797,16.2056
small_markets,2031.8,48.5877,35.0885,16.3239
small_markets,2031.9,48.8560,34.7024,16.4416
small_markets,2032.0,49.1199,34.3214,16.5587
small_markets,2032.1,49.3795,33.9454,16.6751
small_markets,2032.2,49.6352,33.5742,16.7906
small_markets,2032.3,49.8870,33.2079,16.9051
small_markets,2032.4,50.1352,32.8464,17.0185
small_markets,2032.5,50.3798,32.4896,17.1306
small_markets,2032.6,50.6210,32.1376,17.2414
small_markets,2032.7,50.8589,31.7903,17.3508
small_markets,2032.8,51.0937,31.4477,17.4586
small_markets,2032.9,51.3255,31.1098,17.5647
small_markets,2033.0,51.5543,30.7767,17.6690
small_markets,2033.1,51.7802,30.4482,17.7715
small_markets,2033.2,52.0034,30.1245,17.8721
small_markets,2033.3,52.2239,29.8055,17.9706
small_markets,2033.4,52.4417,29.4912,18.0670
small_markets,2033.5,52.6570,29.1817,18.1613
small_markets,2033.6,52.8698,28.8769,18.2533
small_markets,2033.7,53.0800,28.5769,18.3431
small_markets,2033.8,53.2879,28.2816,18.4305
small_markets,2033.9,53.4934,27.9911,18.5155
small_markets,2034.0,53.6965,27.7053,18.5981
small_markets,2034.1,53.8974,27.4243,18.6783
small_markets,2034.2,54.0960,27.1480,18.7560
small_markets,2034.3,54.2924,26.8765,18.8311
small_markets,2034.4,54.4866,26.6096,18.9038
small_markets,2034.5,54.6787,26.3475,18.9739
small_markets,2034.6,54.8686,26.0900,19.0414
small_markets,2034.7,55.0565,25.8372,19.1064
small_markets,2034.8,55.2423,25.5890,19.1687
small_markets,2034.9,55.4261,25.3454,19.2285
small_markets,2035.0,55.6079,25.1064,19.2857
small_markets,2035.1,55.7878,24.8719,19.3404
small_markets,2035.2,55.9657,24.6419,19.3924
small_markets,2035.3,56.1418,24.4163,19.4419
small_markets,2035.4,56.3161,24.1951,19.4887
small_markets,2035.5,56.4886,23.9783,19.5331
small_markets,2035.6,56.6593,23.7659,19.5749
small_markets,2035.7,56.8282,23.5576,19.6141
small_markets,2035.8,56.9955,23.3536,19.6509
small_markets,2035.9,57.1611,23.1537,19.6851
small_markets,2036.0,57.3252,22.9579,19.7169
small_markets,2036.1,57.4876,22.7662,19.7462
small_markets,2036.2,57.6485,22.5784,19.7731
small_markets,2036.3,57.8079,22.3945,19.7975
small_markets,2036.4,57.9659,22.2145,19.8196
small_markets,2036.5,58.1224,22.0382,19.8393
small_markets,2036.6,58.2776,21.8657,19.8567
small_markets,2036.7,58.4314,21.6968,19.8718
small_markets,2036.8,58.5840,21.5315,19.8846
small_markets,2036.9,58.7352,21.3697,19.8951
small_markets,2037.0,58.8852,21.2113,19.9034
small_markets,2037.1,59.0341,21.0563,19.9096
small_markets,2037.2,59.1818,20.9046,19.9136
small_markets,2037.3,59.3283,20.7561,19.9155
small_markets,2037.4,59.4738,20.6108,19.9154
small_markets,2037.5,59.6183,20.4686,19.9131
small_markets,2037.6,59.7617,20.3294,19.9089
small_markets,2037.7,59.9042,20.1931,19.9028
small_markets,2037.8,60.0457,20.0597,19.8947
small_markets,2037.9,60.1863,19.9291,19.8847
small_markets,2038.0,60.3260,19.8012,19.8728
small_markets,2038.1,60.4649,19.6760,19.8592
small_markets,2038.2,60.6029,19.5533,19.8438
small_markets,2038.3,60.7401,19.4332,19.8266
small_markets,2038.4,60.8766,19.3156,19.8078
small_markets,2038.5,61.0123,19.2004,19.7873
small_markets,2038.6,61.1474,19.0874,19.7658
small_markets,2038.7,61.2817,18.9768,19.7429
small_markets,2038.8,61.4153,18.8683,19.7184
small_markets,2038.9,61.5483,18.7620,19.6923
small_markets,2039.0,61.6807,18.6577,19.6646
small_markets,2039.1,61.8125,18.5555,19.6355
small_markets,2039.2,61.9437,18.4552,19.6049
small_markets,2039.3,62.0743,18.3568,19.5729
small_markets,2039.4,62.2044,18.2602,19.5396
small_markets,2039.5,62.3340,18.1654,19.5050
small_markets,2039.6,62.4630,18.0724,19.4691
small_markets,2039.7,62.5916,17.9810,19.4320
small_markets,2039.8,62.7196,17.8912,19.3937
small_markets,2039.9,62.8472,17.8030,19.3543
small_markets,2040.0,62.9743,17.7164,19.3138
small_markets,2040.1,63.1010,17.6312,19.2723
small_markets,2040.2,63.2273,17.5474,19.2297
small_markets,2040.3,63.3531,17.4650,19.1862
small_markets,2040.4,63.4785,17.3840,19.1417
small_markets,2040.5,63.6035,17.3042,19.0963
small_markets,2040.6,63.7280,17.2257,19.0501
small_markets,2040.7,63.8522,17.1485,19.0030
small_markets,2040.8,63.9761,17.0724,18.9552
small_markets,2040.9,64.0995,16.9974,18.9065
small_markets,2041.0,64.2226,16.9235,18.8571
small_markets,2041.1,64.3453,16.8507,18.8071
small_markets,2041.2,64.4676,16.7790,18.7563
small_markets,2041.3,64.5896,16.7082,18.7049
small_markets,2041.4,64.7112,16.6385,18.6529
small_markets,2041.5,64.8325,16.5696,18.6003
small_markets,2041.6,64.9535,16.5017,18.5472
small_markets,2041.7,65.0741,16.4346,18.4935
small_markets,2041.8,65.1943,16.3684,18.4393
small_markets,2041.9,65.3142,16.3031,18.3846
small_markets,2042.0,65.4338,16.2385,18.3294
small_markets,2042.1,65.5531,16.1748,18.2738
small_markets,2042.2,65.6720,16.1117,18.2178
small_markets,2042.3,65.7906,16.0495,18.1613
small_markets,2042.4,65.9089,15.9879,18.1045
small_markets,2042.5,66.0268,15.9270,18.0473
small_markets,2042.6,66.1445,15.8668,17.9898
small_markets,2042.7,66.2618,15.8073,17.9320
small_markets,2042.8,66.3787,15.7484,17.8738
small_markets,2042.9,66.4954,15.6901,17.8154
small_markets,2043.0,66.6117,15.6325,17.7566
small_markets,2043.1,66.7277,15.5754,17.6976
small_markets,2043.2,66.8434,15.5189,17.6384
small_markets,2043.3,66.9587,15.4630,17.5789
small_markets,2043.4,67.0738,15.4076,17.5192
small_markets,2043.5,67.1885,15.3527,17.4593
small_markets,2043.6,67.3029,15.2984,17.3992
small_markets,2043.7,67.4169,15.2445,17.3390
small_markets,2043.8,67.5307,15.1912,17.2785
small_markets,2043.9,67.6441,15.1383,17.2179
small_markets,2044.0,67.7572,15.0859,17.1572
small_markets,2044.1,67.8699,15.0340,17.0963
small_markets,2044.2,67.9824,14.9826,17.0353
small_markets,2044.3,68.0945,14.9315,16.9742
small_markets,2044.4,68.2063,14.8810,16.9129
small_markets,2044.5,68.3178,14.8308,16.8516
small_markets,2044.6,68.4289,14.7811,16.7901
small_markets,2044.7,68.5398,14.7317,16.7286
small_markets,2044.8,68.6503,14.6828,16.6670
small_markets,2044.9,68.7605,14.6343,16.6054
small_markets,2045.0,68.8703,14.5861,16.5437
small_markets,2045.1,68.9798,14.5384,16.4819
small_markets,2045.2,69.0890,14.4910,16.4201
small_markets,2045.3,69.1979,14.4439,16.3582
small_markets,2045.4,69.3065,14.3973,16.2963
small_markets,2045.5,69.4147,14.3510,16.2344
small_markets,2045.6,69.5226,14.3050,16.1725
small_markets,2045.7,69.6301,14.2594,16.1105
small_markets,2045.8,69.7374,14.2141,16.0485
small_markets,2045.9,69.8443,14.1691,15.9866
small_markets,2046.0,69.9509,14.1245,15.9246
small_markets,2046.1,70.0572,14.0802,15.8626
small_markets,2046.2,70.1631,14.0362,15.8007
small_markets,2046.3,70.2687,13.9926,15.7387
small_markets,2046.4,70.3740,13.9492,15.6768
small_markets,2046.5,70.4790,13.9061,15.6149
small_markets,2046.6,70.5836,13.8634,15.5531
small_markets,2046.7,70.6879,13.8209,15.4912
small_markets,2046.8,70.7919,13.7787,15.4294
small_markets,2046.9,70.8955,13.7368,15.3677
small_markets,2047.0,70.9989,13.6952,15.3060
small_markets,2047.1,71.1019,13.6538,15.2443
small_markets,2047.2,71.2046,13.6128,15.1827
small_markets,2047.3,71.3069,13.5720,15.1211
small_markets,2047.4,71.4090,13.5314,15.0596
small_markets,2047.5,71.5107,13.4912,14.9982
small_markets,2047.6,71.6120,13.4512,14.9368
small_markets,2047.7,71.7131,13.4114,14.8755
small_markets,2047.8,71.8138,13.3719,14.8142
small_markets,2047.9,71.9143,13.3327,14.7531
small_markets,2048.0,72.0143,13.2937,14.6920
small_markets,2048.1,72.1141,13.2549,14.6310
small_markets,2048.2,72.2136,13.2164,14.5701
small_markets,2048.3,72.3127,13.1781,14.5092
small_markets,2048.4,72.4115,13.1400,14.4485
small_markets,2048.5,72.5100,13.1022,14.3878
small_markets,2048.6,72.6081,13.0646,14.3273
small_markets,2048.7,72.7060,13.0272,14.2668
small_markets,2048.8,72.8035,12.9900,14.2065
small_markets,2048.9,72.9007,12.9531,14.1462
small_markets,2049.0,72.9976,12.9164,14.0860
small_markets,2049.1,73.0942,12.8799,14.0260
small_markets,2049.2,73.1904,12.8436,13.9660
small_markets,2049.3,73.2863,12.8075,13.9062
small_markets,2049.4,73.3819,12.7716,13.8465
small_markets,2049.5,73.4772,12.7359,13.7869
small_markets,2049.6,73.5722,12.7004,13.7274
small_markets,2049.7,73.6669,12.6651,13.6680
small_markets,2049.8,73.7612,12.6300,13.6088
small_markets,2049.9,73.8553,12.5950,13.5497
small_markets,2050.0,73.9490,12.5603,13.4907
medium_markets,2015.0,0.5017,99.1377,0.3606
medium_markets,2015.1,0.5290,99.0928,0.3782
medium_markets,2015.2,0.5573,99.0462,0.3965
medium_markets,2015.3,0.5868,98.9976,0.4155
medium_markets,2015.4,0.6175,98.9473,0.4353
medium_markets,2015.5,0.6493,98.8949,0.4558
medium_markets,2015.6,0.6824,98.8406,0.4770
medium_markets,2015.7,0.7166,98.7843,0.4990
medium_markets,2015.8,0.7522,98.7259,0.5219
medium_markets,2015.9,0.7890,98.6654,0.5456
medium_markets,2016.0,0.8272,98.6028,0.5700
medium_markets,2016.1,0.8667,98.5380,0.5954
medium_markets,2016.2,0.9075,98.4709,0.6216
medium_markets,2016.3,0.9498,98.4015,0.6486
medium_markets,2016.4,0.9936,98.3299,0.6766
medium_markets,2016.5,1.0387,98.2558,0.7054
medium_markets,2016.6,1.0854,98.1794,0.7352
medium_markets,2016.7,1.1336,98.1005,0.7658
medium_markets,2016.8,1.1834,98.0192,0.7974
medium_markets,2016.9,1.2348,97.9353,0.8300
medium_markets,2017.0,1.2878,97.8489,0.8634
medium_markets,2017.1,1.3424,97.7586,0.8990
medium_markets,2017.2,1.3988,97.6638,0.9374
medium_markets,2017.3,1.4570,97.5647,0.9784
medium_markets,2017.4,1.5172,97.4613,1.0216
medium_markets,2017.5,1.5792,97.3537,1.0672
medium_markets,2017.6,1.6434,97.2419,1.1149
medium_markets,2017.7,1.7096,97.1259,1.1647
medium_markets,2017.8,1.7779,97.0057,1.2165
medium_markets,2017.9,1.8485,96.8813,1.2703
medium_markets,2018.0,1.9214,96.7527,1.3261
medium_markets,2018.1,2.0086,96.6171,1.3837
medium_markets,2018.2,2.0877,96.4784,1.4431
medium_markets,2018.3,2.1687,96.3357,1.5043
medium_markets,2018.4,2.2519,96.1889,1.5673
medium_markets,2018.5,2.3376,96.0379,1.6319
medium_markets,2018.6,2.4259,95.8828,1.6981
medium_markets,2018.7,2.5167,95.7234,1.7659
medium_markets,2018.8,2.6103,95.5598,1.8353
medium_markets,2018.9,2.7067,95.3919,1.9061
medium_markets,2019.0,2.8060,95.2197,1.9784
medium_markets,2019.1,2.9081,95.0432,2.0521
medium_markets,2019.2,3.0133,94.8624,2.1271
medium_markets,2019.3,3.1215,94.6772,2.2035
medium_markets,2019.4,3.2329,94.4876,2.2811
medium_markets,2019.5,3.3475,94.2936,2.3599
medium_markets,2019.6,3.4654,94.0952,2.4403
medium_markets,2019.7,3.5866,93.8923,2.5220
medium_markets,2019.8,3.7112,93.6850,2.6047
medium_markets,2019.9,3.8394,93.4731,2.6885
medium_markets,2020.0,3.9712,93.2567,2.7731
medium_markets,2020.1,4.1066,93.0358,2.8587
medium_markets,2020.2,4.2458,92.8102,2.9451
medium_markets,2020.3,4.3889,92.5801,3.0323
medium_markets,2020.4,4.5359,92.3452,3.1201
medium_markets,2020.5,4.6869,92.1057,3.2087
medium_markets,2020.6,4.8421,91.8615,3.2978
medium_markets,2020.7,5.0015,91.6124,3.3875
medium_markets,2020.8,5.1653,91.3586,3.4776
medium_markets,2020.9,5.3335,91.0998,3.5682
medium_markets,2021.0,5.5063,90.8362,3.6592
medium_markets,2021.1,5.6838,90.5675,3.7505
medium_markets,2021.2,5.8661,90.2939,3.8420
medium_markets,2021.3,6.0534,90.0151,3.9337
medium_markets,2021.4,6.2458,89.7311,4.0255
medium_markets,2021.5,6.4433,89.4419,4.1173
medium_markets,2021.6,6.6463,89.1474,4.2091
medium_markets,2021.7,6.8548,88.8475,4.3007
medium_markets,2021.8,7.0690,88.5421,4.3922
medium_markets,2021.9,7.2891,88.2311,4.4834
medium_markets,2022.0,7.5153,87.9144,4.5743
medium_markets,2022.1,7.7476,87.5919,4.6648
medium_markets,2022.2,7.9865,87.2635,4.7548
medium_markets,2022.3,8.2319,86.9291,4.8443
medium_markets,2022.4,8.4843,86.5884,4.9332
medium_markets,2022.5,8.7437,86.2414,5.0215
medium_markets,2022.6,9.0105,85.8879,5.1089
medium_markets,2022.7,9.2849,85.5278,5.1955
medium_markets,2022.8,9.5671,85.1608,5.2811
medium_markets,2022.9,9.8575,84.7868,5.3657
medium_markets,2023.0,10.1564,84.4055,5.4491
medium_markets,2023.1,10.4640,84.0168,5.5314
medium_markets,2023.2,10.7807,83.6203,5.6124
medium_markets,2023.3,11.1069,83.2158,5.6919
medium_markets,2023.4,11.4429,82.8031,5.7700
medium_markets,2023.5,11.7891,82.3818,5.8466
medium_markets,2023.6,12.1460,81.9515,5.9215
medium_markets,2023.7,12.5139,81.5121,5.9946
medium_markets,2023.8,12.8934,81.0629,6.0659
medium_markets,2023.9,13.2849,80.6037,6.1353
medium_markets,2024.0,13.6890,80.1340,6.2026
medium_markets,2024.1,14.1062,79.6534,6.2678
medium_markets,2024.2,14.5371,79.1612,6.3308
medium_markets,2024.3,14.9823,78.6571,6.3915
medium_markets,2024.4,15.4424,78.1403,6.4498
medium_markets,2024.5,15.9181,77.6103,6.5056
medium_markets,2024.6,16.4101,77.0665,6.5587
medium_markets,2024.7,16.9191,76.5081,6.6092
medium_markets,2024.8,17.4459,75.9344,6.6569
medium_markets,2024.9,17.9912,75.3448,6.7018
medium_markets,2025.0,18.5557,74.7383,6.7436
medium_markets,2025.1,19.1404,74.1143,6.7825
medium_markets,2025.2,19.7458,73.4720,6.8182
medium_markets,2025.3,20.3729,72.8105,6.8507
medium_markets,2025.4,21.0223,72.1292,6.8800
medium_markets,2025.5,21.6946,71.4273,6.9059
medium_markets,2025.6,22.3905,70.7041,6.9284
medium_markets,2025.7,23.1105,69.9593,6.9474
medium_markets,2025.8,23.8548,69.1923,6.9629
medium_markets,2025.9,24.6237,68.4030,6.9749
medium_markets,2026.0,25.4171,67.5913,6.9916
medium_markets,2026.1,26.2348,66.7577,7.0172
medium_markets,2026.2,27.0762,65.9026,7.0429
medium_markets,2026.3,27.9405,65.0271,7.0655
medium_markets,2026.4,28.8263,64.1327,7.0849
medium_markets,2026.5,29.7320,63.2212,7.1009
medium_markets,2026.6,30.6555,62.2950,7.1129
medium_markets,2026.7,31.5941,61.3570,7.1208
medium_markets,2026.8,32.5450,60.4108,7.1240
medium_markets,2026.9,33.5046,59.4603,7.1219
medium_markets,2027.0,34.4690,58.5098,7.1142
medium_markets,2027.1,35.4341,57.5642,7.1003
medium_markets,2027.2,36.3954,56.6282,7.0919
medium_markets,2027.3,37.3485,55.7069,7.0847
medium_markets,2027.4,38.2888,54.8050,7.0699
medium_markets,2027.5,39.2123,53.9268,7.0473
medium_markets,2027.6,40.1150,53.0761,7.0189
medium_markets,2027.7,40.9939,52.2557,7.0274
medium_markets,2027.8,41.8465,51.4674,7.0313
medium_markets,2027.9,42.6713,50.7120,7.0314
medium_markets,2028.0,43.4677,49.9890,7.0284
medium_markets,2028.1,44.2362,49.2969,7.0236
medium_markets,2028.2,44.9780,48.6335,7.0178
medium_markets,2028.3,45.6951,47.9957,7.0119
medium_markets,2028.4,46.3901,47.3801,7.0066
medium_markets,2028.5,47.0657,46.7835,7.0024
medium_markets,2028.6,47.7250,46.2025,6.9996
medium_markets,2028.7,48.3707,45.6344,6.9981
medium_markets,2028.8,49.0051,45.0771,6.9977
medium_markets,2028.9,49.6304,44.5288,6.9980
medium_markets,2029.0,50.2480,43.9885,6.9987
medium_markets,2029.1,50.8591,43.4554,6.9992
medium_markets,2029.2,51.4645,42.9290,6.9994
medium_markets,2029.3,52.0647,42.4091,6.9990
medium_markets,2029.4,52.6600,41.8956,6.9979
medium_markets,2029.5,53.2506,41.3884,6.9958
medium_markets,2029.6,53.8367,40.8874,6.9930
medium_markets,2029.7,54.4184,40.3925,6.9892
medium_markets,2029.8,54.9960,39.9037,6.9846
medium_markets,2029.9,55.5694,39.4207,6.9791
medium_markets,2030.0,56.1389,38.9433,6.9728
medium_markets,2030.1,56.7047,38.4715,6.9658
medium_markets,2030.2,57.2668,38.0050,6.9579
medium_markets,2030.3,57.8255,37.5437,6.9493
medium_markets,2030.4,58.3808,37.0872,6.9400
medium_markets,2030.5,58.9328,36.6355,6.9319
medium_markets,2030.6,59.4817,36.1882,6.9342
medium_markets,2030.7,60.0275,35.7452,6.9354
medium_markets,2030.8,60.5703,35.3062,6.9357
medium_markets,2030.9,61.1100,34.8711,6.9349
medium_markets,2031.0,61.6465,34.4396,6.9332
medium_markets,2031.1,62.1799,34.0117,6.9304
medium_markets,2031.2,62.7100,33.5870,6.9267
medium_markets,2031.3,63.2368,33.1655,6.9221
medium_markets,2031.4,63.7599,32.7470,6.9165
medium_markets,2031.5,64.2793,32.3314,6.9100
medium_markets,2031.6,64.7948,31.9187,6.9026
medium_markets,2031.7,65.3061,31.5087,6.8944
medium_markets,2031.8,65.8129,31.1013,6.8853
medium_markets,2031.9,66.3151,30.6966,6.8753
medium_markets,2032.0,66.8123,30.2945,6.8645
medium_markets,2032.1,67.3043,29.8950,6.8529
medium_markets,2032.2,67.7908,29.4981,6.8406
medium_markets,2032.3,68.2715,29.1037,6.8275
medium_markets,2032.4,68.7461,28.7120,6.8136
medium_markets,2032.5,69.2144,28.3230,6.7991
medium_markets,2032.6,69.6762,27.9367,6.7838
medium_markets,2032.7,70.1311,27.5532,6.7679
medium_markets,2032.8,70.5791,27.1725,6.7514
medium_markets,2032.9,71.0197,26.7947,6.7342
medium_markets,2033.0,71.4529,26.4198,6.7165
medium_markets,2033.1,71.8786,26.0481,6.6981
medium_markets,2033.2,72.2964,25.6794,6.6792
medium_markets,2033.3,72.7063,25.3140,6.6598
medium_markets,2033.4,73.1083,24.9519,6.6399
medium_markets,2033.5,73.5021,24.5931,6.6195
medium_markets,2033.6,73.8878,24.2378,6.5986
medium_markets,2033.7,74.2653,23.8860,6.5773
medium_markets,2033.8,74.6346,23.5379,6.5556
medium_markets,2033.9,74.9957,23.1934,6.5334
medium_markets,2034.0,75.3486,22.8526,6.5109
medium_markets,2034.1,75.6933,22.5157,6.4879
medium_markets,2034.2,76.0300,22.1827,6.4646
medium_markets,2034.3,76.3586,21.8536,6.4410
medium_markets,2034.4,76.6794,21.5286,6.4170
medium_markets,2034.5,76.9924,21.2076,6.3926
medium_markets,2034.6,77.2978,20.8907,6.3679
medium_markets,2034.7,77.5957,20.5779,6.3429
medium_markets,2034.8,77.8863,20.2694,6.3176
medium_markets,2034.9,78.1697,19.9651,6.2919
medium_markets,2035.0,78.4462,19.6650,6.2659
medium_markets,2035.1,78.7159,19.3692,6.2395
medium_markets,2035.2,78.9790,19.0778,6.2129
medium_markets,2035.3,79.2358,18.7906,6.1858
medium_markets,2035.4,79.4865,18.5078,6.1584
medium_markets,2035.5,79.7312,18.2294,6.1307
medium_markets,2035.6,79.9701,17.9553,6.1025
medium_markets,2035.7,80.2036,17.6856,6.0740
medium_markets,2035.8,80.4318,17.4202,6.0450
medium_markets,2035.9,80.6549,17.1592,6.0156
medium_markets,2036.0,80.8732,16.9025,5.9858
medium_markets,2036.1,81.0868,16.6501,5.9555
medium_markets,2036.2,81.2959,16.4021,5.9247
medium_markets,2036.3,81.5008,16.1583,5.8934
medium_markets,2036.4,81.7017,15.9187,5.8616
medium_markets,2036.5,81.8986,15.6834,5.8293
medium_markets,2036.6,82.0919,15.4522,5.7964
medium_markets,2036.7,82.2816,15.2252,5.7629
medium_markets,2036.8,82.4680,15.0023,5.7288
medium_markets,2036.9,82.6512,14.7835,5.6941
medium_markets,2037.0,82.8314,14.5687,5.6588
medium_markets,2037.1,83.0086,14.3579,5.6229
medium_markets,2037.2,83.1831,14.1511,5.5863
medium_markets,2037.3,83.3549,13.9481,5.5490
medium_markets,2037.4,83.5242,13.7489,5.5111
medium_markets,2037.5,83.6911,13.5535,5.4726
medium_markets,2037.6,83.8557,13.3619,5.4333
medium_markets,2037.7,84.0181,13.1739,5.3934
medium_markets,2037.8,84.1783,12.9895,5.3529
medium_markets,2037.9,84.3366,12.8086,5.3117
medium_markets,2038.0,84.4929,12.6313,5.2699
medium_markets,2038.1,84.6473,12.4573,5.2274
medium_markets,2038.2,84.8000,12.2868,5.1843
medium_markets,2038.3,84.9509,12.1195,5.1406
medium_markets,2038.4,85.1001,11.9555,5.0964
medium_markets,2038.5,85.2476,11.7946,5.0516
medium_markets,2038.6,85.3936,11.6369,5.0063
medium_markets,2038.7,85.5381,11.4822,4.9604
medium_markets,2038.8,85.6810,11.3306,4.9142
medium_markets,2038.9,85.8225,11.1818,4.8674
medium_markets,2039.0,85.9625,11.0359,4.8203
medium_markets,2039.1,86.1011,10.8929,4.7729
medium_markets,2039.2,86.2384,10.7525,4.7251
medium_markets,2039.3,86.3742,10.6149,4.6772
medium_markets,2039.4,86.5087,10.4799,4.6289
medium_markets,2039.5,86.6419,10.3475,4.5805
medium_markets,2039.6,86.7738,10.2175,4.5318
medium_markets,2039.7,86.9043,10.0900,4.4830
medium_markets,2039.8,87.0336,9.9650,4.4341
medium_markets,2039.9,87.1616,9.8422,4.3852
medium_markets,2040.0,87.2883,9.7218,4.3362
medium_markets,2040.1,87.4137,9.6035,4.2873
medium_markets,2040.2,87.5378,9.4875,4.2385
medium_markets,2040.3,87.6607,9.3736,4.1898
medium_markets,2040.4,87.7822,9.2618,4.1412
medium_markets,2040.5,87.9026,9.1520,4.0929
medium_markets,2040.6,88.0216,9.0442,4.0448
medium_markets,2040.7,88.1394,8.9383,3.9969
medium_markets,2040.8,88.2559,8.8343,3.9494
medium_markets,2040.9,88.3712,8.7322,3.9022
medium_markets,2041.0,88.4852,8.6319,3.8554
medium_markets,2041.1,88.5979,8.5334,3.8090
medium_markets,2041.2,88.7093,8.4366,3.7631
medium_markets,2041.3,88.8195,8.3414,3.7176
medium_markets,2041.4,88.9284,8.2480,3.6725
medium_markets,2041.5,89.0361,8.1561,3.6280
medium_markets,2041.6,89.1425,8.0658,3.5840
medium_markets,2041.7,89.2476,7.9771,3.5405
medium_markets,2041.8,89.3514,7.8899,3.4976
medium_markets,2041.9,89.4540,7.8041,3.4553
medium_markets,2042.0,89.5554,7.7199,3.4136
medium_markets,2042.1,89.6555,7.6370,3.3724
medium_markets,2042.2,89.7543,7.5555,3.3319
medium_markets,2042.3,89.8519,7.4754,3.2921
medium_markets,2042.4,89.9482,7.3966,3.2528
medium_markets,2042.5,90.0433,7.3191,3.2142
medium_markets,2042.6,90.1372,7.2429,3.1763
medium_markets,2042.7,90.2298,7.1680,3.1390
medium_markets,2042.8,90.3212,7.0942,3.1024
medium_markets,2042.9,90.4114,7.0217,3.0664
medium_markets,2043.0,90.5004,6.9504,3.0311
medium_markets,2043.1,90.5882,6.8802,2.9964
medium_markets,2043.2,90.6748,6.8111,2.9624
medium_markets,2043.3,90.7603,6.7431,2.9291
medium_markets,2043.4,90.8445,6.6763,2.8965
medium_markets,2043.5,90.9276,6.6105,2.8645
medium_markets,2043.6,91.0096,6.5457,2.8331
medium_markets,2043.7,91.0904,6.4820,2.8024
medium_markets,2043.8,91.1701,6.4193,2.7723
medium_markets,2043.9,91.2486,6.3575,2.7429
medium_markets,2044.0,91.3261,6.2967,2.7141
medium_markets,2044.1,91.4024,6.2369,2.6860
medium_markets,2044.2,91.4777,6.1780,2.6584
medium_markets,2044.3,91.5520,6.1200,2.6315
medium_markets,2044.4,91.6251,6.0628,2.6051
medium_markets,2044.5,91.6972,6.0066,2.5794
medium_markets,2044.6,91.7683,5.9511,2.5543
medium_markets,2044.7,91.8384,5.8966,2.5297
medium_markets,2044.8,91.9075,5.8428,2.5057
medium_markets,2044.9,91.9756,5.7898,2.4822
medium_markets,2045.0,92.0428,5.7376,2.4593
medium_markets,2045.1,92.1090,5.6862,2.4369
medium_markets,2045.2,92.1742,5.6355,2.4151
medium_markets,2045.3,92.2385,5.5856,2.3937
medium_markets,2045.4,92.3020,5.5363,2.3729
medium_markets,2045.5,92.3645,5.4878,2.3525
medium_markets,2045.6,92.4261,5.4399,2.3327
medium_markets,2045.7,92.4869,5.3927,2.3133
medium_markets,2045.8,92.5469,5.3462,2.2944
medium_markets,2045.9,92.6060,5.3003,2.2759
medium_markets,2046.0,92.6643,5.2550,2.2579
medium_markets,2046.1,92.7218,5.2103,2.2403
medium_markets,2046.2,92.7785,5.1662,2.2231
medium_markets,2046.3,92.8344,5.1228,2.2063
medium_markets,2046.4,92.8896,5.0798,2.1899
medium_markets,2046.5,92.9440,5.0375,2.1739
medium_markets,2046.6,92.9978,4.9957,2.1583
medium_markets,2046.7,93.0508,4.9544,2.1430
medium_markets,2046.8,93.1031,4.9136,2.1281
medium_markets,2046.9,93.1547,4.8733,2.1135
medium_markets,2047.0,93.2057,4.8336,2.0993
medium_markets,2047.1,93.2560,4.7943,2.0854
medium_markets,2047.2,93.3056,4.7555,2.0718
medium_markets,2047.3,93.3547,4.7172,2.0585
medium_markets,2047.4,93.4031,4.6793,2.0455
medium_markets,2047.5,93.4509,4.6419,2.0328
medium_markets,2047.6,93.4981,4.6048,2.0204
medium_markets,2047.7,93.5448,4.5683,2.0082
medium_markets,2047.8,93.5908,4.5321,1.9964
medium_markets,2047.9,93.6363,4.4964,1.9847
medium_markets,2048.0,93.6813,4.4610,1.9733
medium_markets,2048.1,93.7258,4.4260,1.9621
medium_markets,2048.2,93.7697,4.3914,1.9512
medium_markets,2048.3,93.8131,4.3572,1.9405
medium_markets,2048.4,93.8560,4.3234,1.9300
medium_markets,2048.5,93.8985,4.2899,1.9197
medium_markets,2048.6,93.9404,4.2567,1.9096
medium_markets,2048.7,93.9819,4.2239,1.8997
medium_markets,2048.8,94.0229,4.1915,1.8900
medium_markets,2048.9,94.0635,4.1593,1.8805
medium_markets,2049.0,94.1036,4.1275,1.8712
medium_markets,2049.1,94.1433,4.0960,1.8620
medium_markets,2049.2,94.1825,4.0649,1.8530
medium_markets,2049.3,94.2213,4.0340,1.8444
medium_markets,2049.4,94.2598,4.0034,1.8364
medium_markets,2049.5,94.2978,3.9731,1.8286
medium_markets,2049.6,94.3354,3.9431,1.8209
medium_markets,2049.7,94.3727,3.9134,1.8133
medium_markets,2049.8,94.4095,3.8840,1.8059
medium_markets,2049.9,94.4460,3.8548,1.7986
medium_markets,2050.0,94.4821,3.8259,1.7914
big_markets,2015.0,0.3661,99.6079,0.1173
big_markets,2015.1,0.3921,99.5789,0.1241
big_markets,2015.2,0.4194,99.5480,0.1313
big_markets,2015.3,0.4483,99.5153,0.1387
big_markets,2015.4,0.4787,99.4807,0.1464
big_markets,2015.5,0.5106,99.4440,0.1545
big_markets,2015.6,0.5442,99.4053,0.1628
big_markets,2015.7,0.5794,99.3643,0.1715
big_markets,2015.8,0.6163,99.3212,0.1805
big_markets,2015.9,0.6550,99.2756,0.1898
big_markets,2016.0,0.6956,99.2277,0.1994
big_markets,2016.1,0.7380,99.1772,0.2094
big_markets,2016.2,0.7823,99.1242,0.2196
big_markets,2016.3,0.8286,99.0684,0.2302
big_markets,2016.4,0.8769,99.0098,0.2411
big_markets,2016.5,0.9273,98.9484,0.2524
big_markets,2016.6,0.9798,98.8839,0.2639
big_markets,2016.7,1.0346,98.8164,0.2758
big_markets,2016.8,1.0915,98.7456,0.2881
big_markets,2016.9,1.1508,98.6716,0.3006
big_markets,2017.0,1.2124,98.5941,0.3135
big_markets,2017.1,1.2764,98.5131,0.3267
big_markets,2017.2,1.3429,98.4285,0.3403
big_markets,2017.3,1.4119,98.3401,0.3542
big_markets,2017.4,1.4834,98.2479,0.3684
big_markets,2017.5,1.5576,98.1517,0.3829
big_markets,2017.6,1.6345,98.0513,0.3978
big_markets,2017.7,1.7141,97.9467,0.4131
big_markets,2017.8,1.7965,97.8378,0.4286
big_markets,2017.9,1.8818,97.7243,0.4446
big_markets,2018.0,1.9699,97.6062,0.4608
big_markets,2018.1,2.0611,97.4834,0.4775
big_markets,2018.2,2.1553,97.3557,0.4945
big_markets,2018.3,2.2525,97.2229,0.5246
big_markets,2018.4,2.3529,97.0850,0.5621
big_markets,2018.5,2.4565,96.9418,0.6017
big_markets,2018.6,2.5633,96.7931,0.6435
big_markets,2018.7,2.6735,96.6389,0.6876
big_markets,2018.8,2.7870,96.4788,0.7341
big_markets,2018.9,2.9040,96.3130,0.7830
big_markets,2019.0,3.0244,96.1411,0.8345
big_markets,2019.1,3.1484,95.9630,0.8886
big_markets,2019.2,3.2760,95.7786,0.9454
big_markets,2019.3,3.4072,95.5877,1.0051
big_markets,2019.4,3.5422,95.3902,1.0676
big_markets,2019.5,3.6809,95.1859,1.1332
big_markets,2019.6,3.8234,94.9747,1.2019
big_markets,2019.7,3.9698,94.7565,1.2737
big_markets,2019.8,4.1202,94.5310,1.3488
big_markets,2019.9,4.2745,94.2982,1.4273
big_markets,2020.0,4.4328,94.0579,1.5093
big_markets,2020.1,4.5953,93.8099,1.5948
big_markets,2020.2,4.7619,93.5541,1.6840
big_markets,2020.3,4.9327,93.2905,1.7769
big_markets,2020.4,5.1077,93.0187,1.8736
big_markets,2020.5,5.2870,92.7388,1.9742
big_markets,2020.6,5.4707,92.4505,2.0789
big_markets,2020.7,5.6587,92.1537,2.1876
big_markets,2020.8,5.8512,91.8484,2.3004
big_markets,2020.9,6.0481,91.5344,2.4175
big_markets,2021.0,6.2496,91.2115,2.5388
big_markets,2021.1,6.4557,90.8798,2.6646
big_markets,2021.2,6.6664,90.5389,2.7947
big_markets,2021.3,6.8817,90.1890,2.9293
big_markets,2021.4,7.1017,89.8299,3.0684
big_markets,2021.5,7.3265,89.4614,3.2121
big_markets,2021.6,7.5560,89.0836,3.3605
big_markets,2021.7,7.7903,88.6963,3.5134
big_markets,2021.8,8.0294,88.2995,3.6711
big_markets,2021.9,8.2735,87.8931,3.8334
big_markets,2022.0,8.5224,87.4771,4.0005
big_markets,2022.1,8.7763,87.0515,4.1722
big_markets,2022.2,9.0351,86.6162,4.3487
big_markets,2022.3,9.2989,86.1713,4.5298
big_markets,2022.4,9.5677,85.7167,4.7157
big_markets,2022.5,9.8415,85.2524,4.9061
big_markets,2022.6,10.1203,84.7785,5.1011
big_markets,2022.7,10.4043,84.2950,5.3007
big_markets,2022.8,10.6933,83.8020,5.5048
big_markets,2022.9,10.9874,83.2994,5.7132
big_markets,2023.0,11.2866,82.7875,5.9259
big_markets,2023.1,11.5909,82.2663,6.1429
big_markets,2023.2,11.9003,81.7358,6.3639
big_markets,2023.3,12.2148,81.1963,6.5889
big_markets,2023.4,12.5344,80.6479,6.8177
big_markets,2023.5,12.8592,80.0906,7.0502
big_markets,2023.6,13.1890,79.5248,7.2862
big_markets,2023.7,13.5240,78.9505,7.5255
big_markets,2023.8,13.8641,78.3680,7.7680
big_markets,2023.9,14.2092,77.7775,8.0133
big_markets,2024.0,14.5594,77.1792,8.2614
big_markets,2024.1,14.9146,76.5734,8.5120
big_markets,2024.2,15.2749,75.9604,8.7647
big_markets,2024.3,15.6402,75.3404,9.0195
big_markets,2024.4,16.0104,74.7137,9.2759
big_markets,2024.5,16.3856,74.0807,9.5337
big_markets,2024.6,16.7656,73.4417,9.7926
big_markets,2024.7,17.1506,72.7971,10.0523
big_markets,2024.8,17.5404,72.1472,10.3125
big_markets,2024.9,17.9349,71.4923,10.5727
big_markets,2025.0,18.3342,70.8330,10.8327
big_markets,2025.1,18.7382,70.1696,11.0922
big_markets,2025.2,19.1469,69.5025,11.3507
big_markets,2025.3,19.5601,68.8321,11.6078
big_markets,2025.4,19.9778,68.1589,11.8632
big_markets,2025.5,20.4000,67.4834,12.1165
big_markets,2025.6,20.8266,66.8060,12.3673
big_markets,2025.7,21.2576,66.1272,12.6152
big_markets,2025.8,21.6928,65.4475,12.8598
big_markets,2025.9,22.1321,64.7673,13.1006
big_markets,2026.0,22.5756,64.0871,13.3373
big_markets,2026.1,23.0231,63.4075,13.5694
big_markets,2026.2,23.4745,62.7289,13.7966
big_markets,2026.3,23.9298,62.0518,14.0184
big_markets,2026.4,24.3888,61.3767,14.2345
big_markets,2026.5,24.8515,60.7042,14.4444
big_markets,2026.6,25.3177,60.0346,14.6477
big_markets,2026.7,25.7874,59.3684,14.8441
big_markets,2026.8,26.2605,58.7063,15.0332
big_markets,2026.9,26.7369,58.0485,15.2146
big_markets,2027.0,27.2163,57.3956,15.3881
big_markets,2027.1,27.6989,56.7480,15.5531
big_markets,2027.2,28.1843,56.1061,15.7096
big_markets,2027.3,28.6725,55.4704,15.8570
big_markets,2027.4,29.1635,54.8413,15.9953
big_markets,2027.5,29.6570,54.2190,16.1240
big_markets,2027.6,30.1529,53.6041,16.2431
big_markets,2027.7,30.6511,52.9967,16.3521
big_markets,2027.8,31.1516,52.3974,16.4511
big_markets,2027.9,31.6541,51.8062,16.5397
big_markets,2028.0,32.1585,51.2236,16.6179
big_markets,2028.1,32.6647,50.6498,16.6856
big_markets,2028.2,33.1725,50.0849,16.7426
big_markets,2028.3,33.6819,49.5293,16.7888
big_markets,2028.4,34.1926,48.9830,16.8244
big_markets,2028.5,34.7046,48.4463,16.8492
big_markets,2028.6,35.2176,47.9191,16.8632
big_markets,2028.7,35.7316,47.4018,16.8666
big_markets,2028.8,36.2464,46.8942,16.8594
big_markets,2028.9,36.7619,46.3964,16.8417
big_markets,2029.0,37.2779,45.9085,16.8136
big_markets,2029.1,37.7942,45.4305,16.7753
big_markets,2029.2,38.3108,44.9623,16.7269
big_markets,2029.3,38.8275,44.5038,16.6687
big_markets,2029.4,39.3440,44.0551,16.6009
big_markets,2029.5,39.8604,43.6159,16.5237
big_markets,2029.6,40.3764,43.1862,16.4374
big_markets,2029.7,40.8919,42.7658,16.3423
big_markets,2029.8,41.4067,42.3546,16.2387
big_markets,2029.9,41.9207,41.9524,16.1269
big_markets,2030.0,42.4338,41.5590,16.0072
big_markets,2030.1,42.9458,41.1742,15.8800
big_markets,2030.2,43.4566,40.7978,15.7456
big_markets,2030.3,43.9659,40.4297,15.6044
big_markets,2030.4,44.4738,40.0694,15.4568
big_markets,2030.5,44.9800,39.7169,15.3031
big_markets,2030.6,45.4844,39.3719,15.1437
big_markets,2030.7,45.9869,39.0341,14.9789
big_markets,2030.8,46.4873,38.7034,14.8093
big_markets,2030.9,46.9856,38.3794,14.6350
big_markets,2031.0,47.4815,38.0619,14.4566
big_markets,2031.1,47.9750,37.7507,14.2743
big_markets,2031.2,48.4659,37.4455,14.0886
big_markets,2031.3,48.9541,37.1462,13.8997
big_markets,2031.4,49.4395,36.8525,13.7080
big_markets,2031.5,49.9220,36.5641,13.5139
big_markets,2031.6,50.4014,36.2809,13.3177
big_markets,2031.7,50.8776,36.0027,13.1197
big_markets,2031.8,51.3506,35.7293,12.9201
big_markets,2031.9,51.8202,35.4604,12.7193
big_markets,2032.0,52.2864,35.1960,12.5176
big_markets,2032.1,52.7489,34.9358,12.3152
big_markets,2032.2,53.2078,34.6798,12.1124
big_markets,2032.3,53.6630,34.4277,11.9094
big_markets,2032.4,54.1143,34.1794,11.7064
big_markets,2032.5,54.5616,33.9348,11.5036
big_markets,2032.6,55.0049,33.6938,11.3013
big_markets,2032.7,55.4441,33.4562,11.0996
big_markets,2032.8,55.8792,33.2221,10.8988
big_markets,2032.9,56.3099,32.9911,10.6989
big_markets,2033.0,56.7364,32.7634,10.5002
big_markets,2033.1,57.1585,32.5388,10.3028
big_markets,2033.2,57.5761,32.3171,10.1068
big_markets,2033.3,57.9893,32.0984,9.9123
big_markets,2033.4,58.3978,31.8826,9.7196
big_markets,2033.5,58.8018,31.6696,9.5286
big_markets,2033.6,59.2011,31.4593,9.3396
big_markets,2033.7,59.5957,31.2517,9.1526
big_markets,2033.8,59.9856,31.0467,8.9677
big_markets,2033.9,60.3707,30.8443,8.7850
big_markets,2034.0,60.7510,30.6444,8.6047
big_markets,2034.1,61.1264,30.4469,8.4267
big_markets,2034.2,61.4970,30.2517,8.2512
big_markets,2034.3,61.8628,30.0589,8.0783
big_markets,2034.4,62.2236,29.8683,7.9080
big_markets,2034.5,62.5796,29.6800,7.7405
big_markets,2034.6,62.9306,29.4937,7.5757
big_markets,2034.7,63.2768,29.3095,7.4137
big_markets,2034.8,63.6180,29.1273,7.2547
big_markets,2034.9,63.9543,28.9471,7.0986
big_markets,2035.0,64.2857,28.7687,6.9456
big_markets,2035.1,64.6122,28.5921,6.7956
big_markets,2035.2,64.9339,28.4173,6.6488
big_markets,2035.3,65.2507,28.2441,6.5052
big_markets,2035.4,65.5627,28.0726,6.3647
big_markets,2035.5,65.8699,27.9025,6.2276
big_markets,2035.6,66.1723,27.7340,6.0937
big_markets,2035.7,66.4700,27.5669,5.9631
big_markets,2035.8,66.7631,27.4011,5.8359
big_markets,2035.9,67.0515,27.2366,5.7120
big_markets,2036.0,67.3353,27.0733,5.5914
big_markets,2036.1,67.6145,26.9113,5.4742
big_markets,2036.2,67.8893,26.7503,5.3604
big_markets,2036.3,68.1597,26.5904,5.2499
big_markets,2036.4,68.4257,26.4316,5.1427
big_markets,2036.5,68.6875,26.2738,5.0388
big_markets,2036.6,68.9450,26.1169,4.9382
big_markets,2036.7,69.1983,25.9609,4.8408
big_markets,2036.8,69.4476,25.8057,4.7466
big_markets,2036.9,69.6930,25.6515,4.6556
big_markets,2037.0,69.9344,25.4980,4.5676
big_markets,2037.1,70.1720,25.3453,4.4827
big_markets,2037.2,70.4058,25.1934,4.4008
big_markets,2037.3,70.6361,25.0422,4.3217
big_markets,2037.4,70.8627,24.8918,4.2455
big_markets,2037.5,71.0860,24.7420,4.1720
big_markets,2037.6,71.3058,24.5930,4.1012
big_markets,2037.7,71.5224,24.4446,4.0330
big_markets,2037.8,71.7358,24.2969,3.9673
big_markets,2037.9,71.9461,24.1499,3.9039
big_markets,2038.0,72.1535,24.0036,3.8429
big_markets,2038.1,72.3580,23.8578,3.7842
big_markets,2038.2,72.5597,23.7128,3.7276
big_markets,2038.3,72.7587,23.5684,3.6730
big_markets,2038.4,72.9551,23.4246,3.6203
big_markets,2038.5,73.1490,23.2815,3.5695
big_markets,2038.6,73.3405,23.1390,3.5205
big_markets,2038.7,73.5297,22.9972,3.4732
big_markets,2038.8,73.7166,22.8560,3.4274
big_markets,2038.9,73.9015,22.7154,3.3832
big_markets,2039.0,74.0842,22.5755,3.3403
big_markets,2039.1,74.2650,22.4362,3.2988
big_markets,2039.2,74.4440,22.2975,3.2585
big_markets,2039.3,74.6211,22.1596,3.2194
big_markets,2039.4,74.7965,22.0222,3.1813
big_markets,2039.5,74.9702,21.8855,3.1443
big_markets,2039.6,75.1423,21.7494,3.1083
big_markets,2039.7,75.3129,21.6140,3.0731
big_markets,2039.8,75.4821,21.4792,3.0387
big_markets,2039.9,75.6498,21.3451,3.0051
big_markets,2040.0,75.8162,21.2116,2.9722
big_markets,2040.1,75.9813,21.0788,2.9399
big_markets,2040.2,76.1451,20.9466,2.9083
big_markets,2040.3,76.3078,20.8150,2.8772
big_markets,2040.4,76.4693,20.6841,2.8465
big_markets,2040.5,76.6297,20.5539,2.8164
big_markets,2040.6,76.7891,20.4243,2.7866
big_markets,2040.7,76.9474,20.2953,2.7573
big_markets,2040.8,77.1047,20.1670,2.7283
big_markets,2040.9,77.2611,20.0393,2.6996
big_markets,2041.0,77.4165,19.9123,2.6713
big_markets,2041.1,77.5709,19.7859,2.6432
big_markets,2041.2,77.7245,19.6601,2.6153
big_markets,2041.3,77.8772,19.5350,2.5877
big_markets,2041.4,78.0291,19.4105,2.5603
big_markets,2041.5,78.1801,19.2867,2.5331
big_markets,2041.6,78.3304,19.1635,2.5061
big_markets,2041.7,78.4798,19.0410,2.4793
big_markets,2041.8,78.6284,18.9190,2.4526
big_markets,2041.9,78.7762,18.7977,2.4260
big_markets,2042.0,78.9233,18.6771,2.3996
big_markets,2042.1,79.0696,18.5571,2.3734
big_markets,2042.2,79.2151,18.4376,2.3472
big_markets,2042.3,79.3599,18.3189,2.3212
big_markets,2042.4,79.5040,18.2007,2.2953
big_markets,2042.5,79.6473,18.0832,2.2695
big_markets,2042.6,79.7899,17.9663,2.2438
big_markets,2042.7,79.9318,17.8500,2.2182
big_markets,2042.8,80.0729,17.7343,2.1928
big_markets,2042.9,80.2133,17.6193,2.1674
big_markets,2043.0,80.3530,17.5049,2.1422
big_markets,2043.1,80.4919,17.3910,2.1170
big_markets,2043.2,80.6302,17.2778,2.0920
big_markets,2043.3,80.7677,17.1652,2.0671
big_markets,2043.4,80.9045,17.0532,2.0423
big_markets,2043.5,81.0406,16.9418,2.0176
big_markets,2043.6,81.1759,16.8311,1.9930
big_markets,2043.7,81.3106,16.7209,1.9685
big_markets,2043.8,81.4445,16.6113,1.9442
big_markets,2043.9,81.5777,16.5023,1.9200
big_markets,2044.0,81.7102,16.3939,1.8959
big_markets,2044.1,81.8420,16.2861,1.8719
big_markets,2044.2,81.9730,16.1789,1.8481
big_markets,2044.3,82.1033,16.0723,1.8244
big_markets,2044.4,82.2329,15.9663,1.8009
big_markets,2044.5,82.3617,15.8608,1.7774
big_markets,2044.6,82.4899,15.7560,1.7542
big_markets,2044.7,82.6172,15.6517,1.7310
big_markets,2044.8,82.7439,15.5480,1.7081
big_markets,2044.9,82.8698,15.4449,1.6906
big_markets,2045.0,82.9950,15.3424,1.6758
big_markets,2045.1,83.1195,15.2404,1.6611
big_markets,2045.2,83.2432,15.1390,1.6465
big_markets,2045.3,83.3662,15.0382,1.6321
big_markets,2045.4,83.4885,14.9380,1.6178
big_markets,2045.5,83.6100,14.8383,1.6036
big_markets,2045.6,83.7307,14.7392,1.5896
big_markets,2045.7,83.8507,14.6407,1.5757
big_markets,2045.8,83.9700,14.5427,1.5619
big_markets,2045.9,84.0885,14.4453,1.5483
big_markets,2046.0,84.2063,14.3484,1.5348
big_markets,2046.1,84.3234,14.2522,1.5215
big_markets,2046.2,84.4397,14.1564,1.5083
big_markets,2046.3,84.5552,14.0612,1.4952
big_markets,2046.4,84.6700,13.9666,1.4823
big_markets,2046.5,84.7840,13.8726,1.4696
big_markets,2046.6,84.8973,13.7790,1.4570
big_markets,2046.7,85.0099,13.6861,1.4445
big_markets,2046.8,85.1217,13.5937,1.4322
big_markets,2046.9,85.2327,13.5018,1.4200
big_markets,2047.0,85.3430,13.4105,1.4080
big_markets,2047.1,85.4525,13.3197,1.3961
big_markets,2047.2,85.5613,13.2295,1.3843
big_markets,2047.3,85.6693,13.1398,1.3728
big_markets,2047.4,85.7766,13.0506,1.3613
big_markets,2047.5,85.8831,12.9620,1.3500
big_markets,2047.6,85.9889,12.8740,1.3389
big_markets,2047.7,86.0939,12.7864,1.3279
big_markets,2047.8,86.1981,12.6994,1.3171
big_markets,2047.9,86.3016,12.6130,1.3064
big_markets,2048.0,86.4044,12.5271,1.2958
big_markets,2048.1,86.5064,12.4417,1.2854
big_markets,2048.2,86.6077,12.3568,1.2752
big_markets,2048.3,86.7082,12.2725,1.2651
big_markets,2048.4,86.8079,12.1887,1.2551
big_markets,2048.5,86.9069,12.1055,1.2453
big_markets,2048.6,87.0052,12.0228,1.2356
big_markets,2048.7,87.1027,11.9406,1.2261
big_markets,2048.8,87.1995,11.8589,1.2167
big_markets,2048.9,87.2955,11.7777,1.2075
big_markets,2049.0,87.3908,11.6971,1.1984
big_markets,2049.1,87.4853,11.6170,1.1894
big_markets,2049.2,87.5791,11.5375,1.1806
big_markets,2049.3,87.6721,11.4584,1.1719
big_markets,2049.4,87.7645,11.3799,1.1634
big_markets,2049.5,87.8560,11.3019,1.1549
big_markets,2049.6,87.9469,11.2244,1.1467
big_markets,2049.7,88.0370,11.1475,1.1385
big_markets,2049.8,88.1263,11.0710,1.1305
big_markets,2049.9,88.2150,10.9951,1.1226
big_markets,2050.0,88.3029,10.9197,1.1148
country_germany,2015.0,0.5806,98.6830,0.7364
country_germany,2015.1,0.6236,98.5946,0.7819
country_germany,2015.2,0.6685,98.5026,0.8288
country_germany,2015.3,0.7156,98.4071,0.8773
country_germany,2015.4,0.7647,98.3079,0.9273
country_germany,2015.5,0.8160,98.2051,0.9789
country_germany,2015.6,0.8695,98.0985,1.0320
country_germany,2015.7,0.9252,97.9881,1.0867
country_germany,2015.8,0.9832,97.8740,1.1428
country_germany,2015.9,1.0435,97.7560,1.2006
country_germany,2016.0,1.1061,97.6340,1.2599
country_germany,2016.1,1.1711,97.5082,1.3207
country_germany,2016.2,1.2385,97.3784,1.3831
country_germany,2016.3,1.3084,97.2446,1.4470
country_germany,2016.4,1.3808,97.1068,1.5124
country_germany,2016.5,1.4557,96.9649,1.5794
country_germany,2016.6,1.5332,96.8189,1.6479
country_germany,2016.7,1.6133,96.6687,1.7179
country_germany,2016.8,1.6961,96.5144,1.7895
country_germany,2016.9,1.7815,96.3559,1.8625
country_germany,2017.0,1.8697,96.1932,1.9371
country_germany,2017.1,1.9606,96.0262,2.0132
country_germany,2017.2,2.0543,95.8550,2.0907
country_germany,2017.3,2.1508,95.6795,2.1697
country_germany,2017.4,2.2502,95.4996,2.2502
country_germany,2017.5,2.3525,95.3154,2.3321
country_germany,2017.6,2.4577,95.1268,2.4155
country_germany,2017.7,2.5658,94.9339,2.5003
country_germany,2017.8,2.6769,94.7365,2.5865
country_germany,2017.9,2.7911,94.5347,2.6742
country_germany,2018.0,2.9083,94.3285,2.7632
country_germany,2018.1,3.0286,94.1179,2.8536
country_germany,2018.2,3.1519,93.9028,2.9453
country_germany,2018.3,3.2785,93.6832,3.0384
country_germany,2018.4,3.4081,93.4591,3.1328
country_germany,2018.5,3.5410,93.2305,3.2285
country_germany,2018.6,3.6771,92.9974,3.3255
country_germany,2018.7,3.8165,92.7598,3.4237
country_germany,2018.8,3.9591,92.5177,3.5232
country_germany,2018.9,4.1050,92.2711,3.6239
country_germany,2019.0,4.2542,92.0199,3.7259
country_germany,2019.1,4.4068,91.7642,3.8290
country_germany,2019.2,4.5628,91.5040,3.9332
country_germany,2019.3,4.7221,91.2393,4.0386
country_germany,2019.4,4.8849,90.9700,4.1451
country_germany,2019.5,5.0511,90.6962,4.2527
country_germany,2019.6,5.2208,90.4179,4.3613
country_germany,2019.7,5.3939,90.1351,4.4710
country_germany,2019.8,5.5705,89.8478,4.5817
country_germany,2019.9,5.7507,89.5560,4.6933
country_germany,2020.0,5.9343,89.2597,4.8059
country_germany,2020.1,6.1216,88.9590,4.9194
country_germany,2020.2,6.3124,88.6538,5.0339
country_germany,2020.3,6.5068,88.3441,5.1491
country_germany,2020.4,6.7047,88.0300,5.2652
country_germany,2020.5,6.9063,87.7115,5.3822
country_germany,2020.6,7.1115,87.3886,5.4998
country_germany,2020.7,7.3204,87.0614,5.6183
country_germany,2020.8,7.5329,86.7297,5.7374
country_germany,2020.9,7.7490,86.3938,5.8572
country_germany,2021.0,7.9689,86.0535,5.9776
country_germany,2021.1,8.1924,85.7090,6.0987
country_germany,2021.2,8.4196,85.3602,6.2203
country_germany,2021.3,8.6504,85.0071,6.3424
country_germany,2021.4,8.8850,84.6499,6.4651
country_germany,2021.5,9.1233,84.2885,6.5882
country_germany,2021.6,9.3653,83.9229,6.7118
country_germany,2021.7,9.6110,83.5532,6.8357
country_germany,2021.8,9.8605,83.1795,6.9600
country_germany,2021.9,10.1136,82.8017,7.0846
country_germany,2022.0,10.3705,82.4199,7.2095
country_germany,2022.1,10.6311,82.0342,7.3347
country_germany,2022.2,10.8955,81.6445,7.4600
country_germany,2022.3,11.1635,81.2509,7.5856
country_germany,2022.4,11.4353,80.8535,7.7112
country_germany,2022.5,11.7108,80.4523,7.8369
country_germany,2022.6,11.9900,80.0473,7.9627
country_germany,2022.7,12.2729,79.6386,8.0885
country_germany,2022.8,12.5595,79.2263,8.2143
country_germany,2022.9,12.8498,78.8103,8.3400
country_germany,2023.0,13.1437,78.3907,8.4655
country_germany,2023.1,13.4414,77.9676,8.5910
country_germany,2023.2,13.7427,77.5410,8.7162
country_germany,2023.3,14.0477,77.1111,8.8412
country_germany,2023.4,14.3564,76.6777,8.9659
country_germany,2023.5,14.6686,76.2410,9.0904
country_germany,2023.6,14.9845,75.8011,9.2144
country_germany,2023.7,15.3040,75.3579,9.3381
country_germany,2023.8,15.6271,74.9116,9.4613
country_germany,2023.9,15.9537,74.4622,9.5840
country_germany,2024.0,16.2839,74.0098,9.7063
country_germany,2024.1,16.6177,73.5544,9.8279
country_germany,2024.2,16.9549,73.0961,9.9490
country_germany,2024.3,17.2957,72.6349,10.0694
country_germany,2024.4,17.6399,72.1710,10.1891
country_germany,2024.5,17.9876,71.7043,10.3081
country_germany,2024.6,18.3387,71.2350,10.4264
country_germany,2024.7,18.6932,70.7630,10.5438
country_germany,2024.8,19.0511,70.2885,10.6604
country_germany,2024.9,19.4123,69.8116,10.7761
country_germany,2025.0,19.7769,69.3323,10.8908
country_germany,2025.1,20.1448,68.8506,11.0046
country_germany,2025.2,20.5159,68.3667,11.1174
country_germany,2025.3,20.8903,67.8806,11.2291
country_germany,2025.4,21.2679,67.3923,11.3398
country_germany,2025.5,21.6487,66.9020,11.4493
country_germany,2025.6,22.0326,66.4098,11.5576
country_germany,2025.7,22.4197,65.9156,11.6648
country_germany,2025.8,22.8098,65.4196,11.7707
country_germany,2025.9,23.2029,64.9218,11.8753
country_germany,2026.0,23.5991,64.4223,11.9786
country_germany,2026.1,23.9982,63.9212,12.0806
country_germany,2026.2,24.4003,63.4186,12.1811
country_germany,2026.3,24.8052,62.9145,12.2803
country_germany,2026.4,25.2130,62.4090,12.3780
country_germany,2026.5,25.6236,61.9022,12.4742
country_germany,2026.6,26.0370,61.3942,12.5688
country_germany,2026.7,26.4531,60.8850,12.6619
country_germany,2026.8,26.8719,60.3747,12.7534
country_germany,2026.9,27.2933,59.8634,12.8433
country_germany,2027.0,27.7173,59.3512,12.9315
country_germany,2027.1,28.1439,58.8381,13.0180
country_germany,2027.2,28.5730,58.3242,13.1028
country_germany,2027.3,29.0045,57.8097,13.1858
country_germany,2027.4,29.4384,57.2945,13.2671
country_germany,2027.5,29.8747,56.7788,13.3465
country_germany,2027.6,30.3133,56.2626,13.4241
country_germany,2027.7,30.7542,55.7460,13.4999
country_germany,2027.8,31.1973,55.2291,13.5737
country_germany,2027.9,31.6425,54.7119,13.6456
country_germany,2028.0,32.0898,54.1946,13.7156
country_germany,2028.1,32.5392,53.6772,13.7836
country_germany,2028.2,32.9906,53.1599,13.8496
country_germany,2028.3,33.4439,52.6426,13.9135
country_germany,2028.4,33.8991,52.1254,13.9755
country_germany,2028.5,34.3562,51.6085,14.0353
country_germany,2028.6,34.8150,51.0919,14.0931
country_germany,2028.7,35.2756,50.5756,14.1488
country_germany,2028.8,35.7378,50.0598,14.2024
country_germany,2028.9,36.2016,49.5446,14.2538
country_germany,2029.0,36.6670,49.0299,14.3031
country_germany,2029.1,37.1338,48.5160,14.3502
country_germany,2029.2,37.6021,48.0028,14.3951
country_germany,2029.3,38.0718,47.4904,14.4378
country_germany,2029.4,38.5428,46.9789,14.4783
country_germany,2029.5,39.0150,46.4685,14.5166
country_germany,2029.6,39.4884,45.9590,14.5526
country_germany,2029.7,39.9630,45.4507,14.5863
country_germany,2029.8,40.4386,44.9436,14.6178
country_germany,2029.9,40.9152,44.4377,14.6471
country_germany,2030.0,41.3928,43.9332,14.6740
country_germany,2030.1,41.8712,43.4301,14.6987
country_germany,2030.2,42.3505,42.9285,14.7210
country_germany,2030.3,42.8305,42.4284,14.7411
country_germany,2030.4,43.3112,41.9299,14.7589
country_germany,2030.5,43.7926,41.4331,14.7744
country_germany,2030.6,44.2745,40.9380,14.7875
country_germany,2030.7,44.7569,40.4447,14.7983
country_germany,2030.8,45.2398,39.9533,14.8069
country_germany,2030.9,45.7230,39.4639,14.8131
country_germany,2031.0,46.2066,38.9764,14.8170
country_germany,2031.1,46.6904,38.4910,14.8186
country_germany,2031.2,47.1744,38.0077,14.8179
country_germany,2031.3,47.6584,37.5266,14.8149
country_germany,2031.4,48.1426,37.0478,14.8096
country_germany,2031.5,48.6267,36.5712,14.8021
country_germany,2031.6,49.1108,36.0970,14.7922
country_germany,2031.7,49.5947,35.6252,14.7801
country_germany,2031.8,50.0785,35.1559,14.7657
country_germany,2031.9,50.5619,34.6891,14.7490
country_germany,2032.0,51.0450,34.2248,14.7301
country_germany,2032.1,51.5278,33.7632,14.7090
country_germany,2032.2,52.0100,33.3043,14.6857
country_germany,2032.3,52.4918,32.8481,14.6601
country_germany,2032.4,52.9730,32.3947,14.6324
country_germany,2032.5,53.4535,31.9441,14.6024
country_germany,2032.6,53.9333,31.4963,14.5703
country_germany,2032.7,54.4124,31.0515,14.5361
country_germany,2032.8,54.8906,30.6097,14.4998
country_germany,2032.9,55.3679,30.1708,14.4613
country_germany,2033.0,55.8442,29.7350,14.4208
country_germany,2033.1,56.3196,29.3023,14.3781
country_germany,2033.2,56.7938,28.8727,14.3335
country_germany,2033.3,57.2670,28.4463,14.2868
country_germany,2033.4,57.7389,28.0230,14.2381
country_germany,2033.5,58.2096,27.6031,14.1874
country_germany,2033.6,58.6789,27.1863,14.1347
country_germany,2033.7,59.1469,26.7729,14.0802
country_germany,2033.8,59.6134,26.3629,14.0237
country_germany,2033.9,60.0785,25.9562,13.9653
country_germany,2034.0,60.5420,25.5529,13.9051
country_germany,2034.1,61.0039,25.1530,13.8431
country_germany,2034.2,61.4642,24.7566,13.7792
country_germany,2034.3,61.9227,24.3637,13.7136
country_germany,2034.4,62.3794,23.9743,13.6462
country_germany,2034.5,62.8344,23.5885,13.5771
country_germany,2034.6,63.2875,23.2062,13.5064
country_germany,2034.7,63.7386,22.8274,13.4340
country_germany,2034.8,64.1878,22.4523,13.3599
country_germany,2034.9,64.6349,22.0808,13.2843
country_germany,2035.0,65.0799,21.7129,13.2071
country_germany,2035.1,65.5229,21.3487,13.1284
country_germany,2035.2,65.9636,20.9882,13.0482
country_germany,2035.3,66.4021,20.6313,12.9665
country_germany,2035.4,66.8384,20.2782,12.8834
country_germany,2035.5,67.2723,19.9287,12.7989
country_germany,2035.6,67.7039,19.5830,12.7131
country_germany,2035.7,68.1330,19.2410,12.6259
country_germany,2035.8,68.5597,18.9028,12.5375
country_germany,2035.9,68.9839,18.5683,12.4478
country_germany,2036.0,69.4056,18.2376,12.3569
country_germany,2036.1,69.8247,17.9106,12.2648
country_germany,2036.2,70.2411,17.5874,12.1715
country_germany,2036.3,70.6549,17.2679,12.0772
country_germany,2036.4,71.0660,16.9522,11.9818
country_germany,2036.5,71.4744,16.6403,11.8853
country_germany,2036.6,71.8800,16.3322,11.7879
country_germany,2036.7,72.2827,16.0278,11.6895
country_germany,2036.8,72.6827,15.7272,11.5901
country_germany,2036.9,73.0797,15.4304,11.4899
country_germany,2037.0,73.4739,15.1373,11.3888
country_germany,2037.1,73.8651,14.8480,11.2869
country_germany,2037.2,74.2533,14.5624,11.1843
country_germany,2037.3,74.6385,14.2806,11.0809
country_germany,2037.4,75.0207,14.0025,10.9768
country_germany,2037.5,75.3999,13.7281,10.8720
country_germany,2037.6,75.7759,13.4574,10.7667
country_germany,2037.7,76.1488,13.1905,10.6607
country_germany,2037.8,76.5186,12.9272,10.5542
country_germany,2037.9,76.8853,12.6676,10.4471
country_germany,2038.0,77.2487,12.4117,10.3396
country_germany,2038.1,77.6089,12.1594,10.2316
country_germany,2038.2,77.9659,11.9108,10.1233
country_germany,2038.3,78.3197,11.6658,10.0145
country_germany,2038.4,78.6702,11.4243,9.9055
country_germany,2038.5,79.0174,11.1865,9.7961
country_germany,2038.6,79.3613,10.9522,9.6865
country_germany,2038.7,79.7019,10.7215,9.5766
country_germany,2038.8,80.0391,10.4943,9.4666
country_germany,2038.9,80.3730,10.2706,9.3564
country_germany,2039.0,80.7036,10.0504,9.2460
country_germany,2039.1,81.0307,9.8337,9.1356
country_germany,2039.2,81.3545,9.6204,9.0251
country_germany,2039.3,81.6749,9.4105,8.9146
country_germany,2039.4,81.9919,9.2040,8.8041
country_germany,2039.5,82.3055,9.0008,8.6937
country_germany,2039.6,82.6156,8.8010,8.5833
country_germany,2039.7,82.9224,8.6046,8.4730
country_germany,2039.8,83.2257,8.4114,8.3629
country_germany,2039.9,83.5256,8.2215,8.2529
country_germany,2040.0,83.8220,8.0348,8.1432
country_germany,2040.1,84.1150,7.8513,8.0336
country_germany,2040.2,84.4046,7.6711,7.9244
country_germany,2040.3,84.6907,7.4939,7.8154
country_germany,2040.4,84.9734,7.3199,7.7067
country_germany,2040.5,85.2526,7.1490,7.5983
country_germany,2040.6,85.5285,6.9812,7.4904
country_germany,2040.7,85.8008,6.8164,7.3828
country_germany,2040.8,86.0698,6.6546,7.2756
country_germany,2040.9,86.3353,6.4957,7.1689
country_germany,2041.0,86.5974,6.3399,7.0627
country_germany,2041.1,86.8561,6.1869,6.9570
country_germany,2041.2,87.1115,6.0368,6.8518
country_germany,2041.3,87.3634,5.8896,6.7471
country_germany,2041.4,87.6119,5.7451,6.6430
country_germany,2041.5,87.8570,5.6035,6.5395
country_germany,2041.6,88.0988,5.4646,6.4366
country_germany,2041.7,88.3373,5.3284,6.3343
country_germany,2041.8,88.5723,5.1950,6.2327
country_germany,2041.9,88.8041,5.0641,6.1318
country_germany,2042.0,89.0326,4.9359,6.0315
country_germany,2042.1,89.2577,4.8103,5.9320
country_germany,2042.2,89.4796,4.6872,5.8332
country_germany,2042.3,89.6982,4.5667,5.7351
country_germany,2042.4,89.9135,4.4486,5.6378
country_germany,2042.5,90.1256,4.3330,5.5413
country_germany,2042.6,90.3345,4.2199,5.4456
country_germany,2042.7,90.5402,4.1091,5.3507
country_germany,2042.8,90.7427,4.0006,5.2567
country_germany,2042.9,90.9421,3.8945,5.1634
country_germany,2043.0,91.1383,3.7907,5.0710
country_germany,2043.1,91.3314,3.6891,4.9795
country_germany,2043.2,91.5214,3.5897,4.8889
country_germany,2043.3,91.7083,3.4926,4.7991
country_germany,2043.4,91.8922,3.3975,4.7103
country_germany,2043.5,92.0730,3.3046,4.6224
country_germany,2043.6,92.2508,3.2138,4.5354
country_germany,2043.7,92.4257,3.1251,4.4493
country_germany,2043.8,92.5975,3.0383,4.3641
country_germany,2043.9,92.7665,2.9536,4.2799
country_germany,2044.0,92.9325,2.8708,4.1967
country_germany,2044.1,93.0957,2.7899,4.1144
country_germany,2044.2,93.2560,2.7109,4.0331
country_germany,2044.3,93.4134,2.6338,3.9528
country_germany,2044.4,93.5681,2.5585,3.8734
country_germany,2044.5,93.7199,2.4850,3.7950
country_germany,2044.6,93.8691,2.4133,3.7177
country_germany,2044.7,94.0154,2.3433,3.6413
country_germany,2044.8,94.1591,2.2750,3.5659
country_germany,2044.9,94.3002,2.2084,3.4915
country_germany,2045.0,94.4386,2.1434,3.4181
country_germany,2045.1,94.5743,2.0800,3.3457
country_germany,2045.2,94.7075,2.0182,3.2743
country_germany,2045.3,94.8382,1.9580,3.2039
country_germany,2045.4,94.9663,1.8992,3.1345
country_germany,2045.5,95.0919,1.8420,3.0661
country_germany,2045.6,95.2150,1.7862,2.9987
country_germany,2045.7,95.3357,1.7319,2.9324
country_germany,2045.8,95.4540,1.6790,2.8670
country_germany,2045.9,95.5700,1.6274,2.8026
country_germany,2046.0,95.6835,1.5772,2.7392
country_germany,2046.1,95.7948,1.5283,2.6769
country_germany,2046.2,95.9038,1.4808,2.6155
country_germany,2046.3,96.0105,1.4344,2.5551
country_germany,2046.4,96.1150,1.3894,2.4957
country_germany,2046.5,96.2173,1.3455,2.4372
country_germany,2046.6,96.3174,1.3028,2.3798
country_germany,2046.7,96.4154,1.2613,2.3233
country_germany,2046.8,96.5113,1.2210,2.2678
country_germany,2046.9,96.6051,1.1817,2.2132
country_germany,2047.0,96.6969,1.1436,2.1596
country_germany,2047.1,96.7866,1.1065,2.1069
country_germany,2047.2,96.8744,1.0704,2.0552
country_germany,2047.3,96.9602,1.0354,2.0044
country_germany,2047.4,97.0441,1.0013,1.9546
country_germany,2047.5,97.1261,0.9683,1.9057
country_germany,2047.6,97.2062,0.9361,1.8576
country_germany,2047.7,97.2845,0.9049,1.8105
country_germany,2047.8,97.3610,0.8747,1.7643
country_germany,2047.9,97.4357,0.8453,1.7190
country_germany,2048.0,97.5087,0.8167,1.6746
country_germany,2048.1,97.5800,0.7890,1.6310
country_germany,2048.2,97.6495,0.7622,1.5883
country_germany,2048.3,97.7174,0.7361,1.5465
country_germany,2048.4,97.7837,0.7108,1.5055
country_germany,2048.5,97.8484,0.6863,1.4654
country_germany,2048.6,97.9115,0.6625,1.4260
country_germany,2048.7,97.9730,0.6394,1.3875
country_germany,2048.8,98.0331,0.6171,1.3498
country_germany,2048.9,98.0916,0.5954,1.3130
country_germany,2049.0,98.1487,0.5744,1.2769
country_germany,2049.1,98.2044,0.5541,1.2415
country_germany,2049.2,98.2586,0.5344,1.2070
country_germany,2049.3,98.3115,0.5153,1.1732
country_germany,2049.4,98.3630,0.4968,1.1402
country_germany,2049.5,98.4132,0.4789,1.1079
country_germany,2049.6,98.4621,0.4616,1.0763
country_germany,2049.7,98.5097,0.4448,1.0455
country_germany,2049.8,98.5561,0.4286,1.0153
country_germany,2049.9,98.6012,0.4129,0.9859
country_germany,2050.0,98.6451,0.3977,0.9571
country_china,2015.0,0.5581,99.6619,0.0000
country_china,2015.1,0.5988,99.6302,0.0000
country_china,2015.2,0.6417,99.5961,0.0000
country_china,2015.3,0.6868,99.5595,0.0000
country_china,2015.4,0.7344,99.5202,0.0000
country_china,2015.5,0.7844,99.4782,0.0000
country_china,2015.6,0.8370,99.4332,0.0000
country_china,2015.7,0.8922,99.3851,0.0000
country_china,2015.8,0.9502,99.3337,0.0000
country_china,2015.9,1.0109,99.2789,0.0000
country_china,2016.0,1.0746,99.2205,0.0000
country_china,2016.1,1.1412,99.1584,0.0000
country_china,2016.2,1.2110,99.0922,0.0000
country_china,2016.3,1.2839,99.0219,0.0000
country_china,2016.4,1.3602,98.9473,0.0000
country_china,2016.5,1.4397,98.8681,0.0000
country_china,2016.6,1.5228,98.7842,0.0000
country_china,2016.7,1.6095,98.6953,0.0000
country_china,2016.8,1.6998,98.6012,0.0000
country_china,2016.9,1.7939,98.5017,0.0000
country_china,2017.0,1.8918,98.3966,0.0000
country_china,2017.1,1.9938,98.2856,0.0000
country_china,2017.2,2.0998,98.1685,0.0000
country_china,2017.3,2.2100,98.0451,0.0000
country_china,2017.4,2.3245,97.9151,0.0000
country_china,2017.5,2.4434,97.7782,0.0000
country_china,2017.6,2.5669,97.6341,0.0000
country_china,2017.7,2.6949,97.4827,0.0000
country_china,2017.8,2.8276,97.3237,0.0000
country_china,2017.9,2.9652,97.1567,0.0000
country_china,2018.0,3.1077,96.9814,0.0000
country_china,2018.1,3.2553,96.7977,0.0000
country_china,2018.2,3.4080,96.6052,0.0000
country_china,2018.3,3.5660,96.4035,0.0305
country_china,2018.4,3.7294,96.1925,0.0781
country_china,2018.5,3.8982,95.9718,0.1300
country_china,2018.6,4.0726,95.7411,0.1862
country_china,2018.7,4.2528,95.5001,0.2471
country_china,2018.8,4.4387,95.2485,0.3128
country_china,2018.9,4.6306,94.9859,0.3834
country_china,2019.0,4.8285,94.7121,0.4593
country_china,2019.1,5.0326,94.4268,0.5406
country_china,2019.2,5.2429,94.1295,0.6276
country_china,2019.3,5.4596,93.8200,0.7204
country_china,2019.4,5.6827,93.4981,0.8193
country_china,2019.5,5.9124,93.1632,0.9244
country_china,2019.6,6.1487,92.8152,1.0360
country_china,2019.7,6.3919,92.4538,1.1543
country_china,2019.8,6.6419,92.0785,1.2796
country_china,2019.9,6.8989,91.6892,1.4119
country_china,2020.0,7.1630,91.2854,1.5516
country_china,2020.1,7.4342,90.8669,1.6988
country_china,2020.2,7.7127,90.4335,1.8538
country_china,2020.3,7.9986,89.9847,2.0167
country_china,2020.4,8.2920,89.5203,2.1877
country_china,2020.5,8.5929,89.0400,2.3671
country_china,2020.6,8.9014,88.5436,2.5549
country_china,2020.7,9.2177,88.0308,2.7515
country_china,2020.8,9.5418,87.5014,2.9569
country_china,2020.9,9.8737,86.9550,3.1712
country_china,2021.0,10.2137,86.3915,3.3948
country_china,2021.1,10.5617,85.8107,3.6276
country_china,2021.2,10.9178,85.2123,3.8699
country_china,2021.3,11.2821,84.5962,4.1217
country_china,2021.4,11.6546,83.9622,4.3832
country_china,2021.5,12.0355,83.3101,4.6544
country_china,2021.6,12.4247,82.6399,4.9354
country_china,2021.7,12.8224,81.9513,5.2263
country_china,2021.8,13.2286,81.2443,5.5271
country_china,2021.9,13.6433,80.5188,5.8379
country_china,2022.0,14.0665,79.7748,6.1587
country_china,2022.1,14.4984,79.0122,6.4894
country_china,2022.2,14.9390,78.2310,6.8300
country_china,2022.3,15.3882,77.4313,7.1805
country_china,2022.4,15.8461,76.6131,7.5408
country_china,2022.5,16.3128,75.7764,7.9108
country_china,2022.6,16.7882,74.9215,8.2904
country_china,2022.7,17.2723,74.0483,8.6794
country_china,2022.8,17.7653,73.1571,9.0777
country_china,2022.9,18.2670,72.2480,9.4850
country_china,2023.0,18.7774,71.3214,9.9012
country_china,2023.1,19.2966,70.3774,10.3260
country_china,2023.2,19.8246,69.4163,10.7591
country_china,2023.3,20.3612,68.4385,11.2003
country_china,2023.4,20.9065,67.4444,11.6491
country_china,2023.5,21.4605,66.4343,12.1052
country_china,2023.6,22.0231,65.4087,12.5682
country_china,2023.7,22.5943,64.3681,13.0377
country_china,2023.8,23.1739,63.3129,13.5132
country_china,2023.9,23.7620,62.2437,13.9942
country_china,2024.0,24.3585,61.1612,14.4803
country_china,2024.1,24.9633,60.0658,14.9709
country_china,2024.2,25.5764,58.9583,15.4653
country_china,2024.3,26.1976,57.8394,15.9631
country_china,2024.4,26.8268,56.7097,16.4635
country_china,2024.5,27.4640,55.5701,16.9659
country_china,2024.6,28.1090,54.4214,17.4696
country_china,2024.7,28.7618,53.2643,17.9739
country_china,2024.8,29.4222,52.0997,18.4781
country_china,2024.9,30.0900,50.9286,18.9814
country_china,2025.0,30.7652,49.7518,19.4830
country_china,2025.1,31.4476,48.5702,19.9821
country_china,2025.2,32.1371,47.3850,20.4779
country_china,2025.3,32.8334,46.1970,20.9696
country_china,2025.4,33.5365,45.0072,21.4562
country_china,2025.5,34.2462,43.8168,21.9370
country_china,2025.6,34.9622,42.6268,22.4110
country_china,2025.7,35.6845,41.4381,22.8774
country_china,2025.8,36.4127,40.2520,23.3353
country_china,2025.9,37.1468,39.0695,23.7838
country_china,2026.0,37.8864,37.8917,24.2219
country_china,2026.1,38.6315,36.7197,24.6489
country_china,2026.2,39.3817,35.5546,25.0638
country_china,2026.3,40.1369,34.3974,25.4657
country_china,2026.4,40.8968,33.2494,25.8538
country_china,2026.5,41.6611,32.1116,26.2273
country_china,2026.6,42.4297,30.9850,26.5852
country_china,2026.7,43.2023,29.8707,26.9269
country_china,2026.8,43.9787,28.7698,27.2515
country_china,2026.9,44.7585,27.6832,27.5583
country_china,2027.0,45.5415,26.6120,27.8466
country_china,2027.1,46.3274,25.5570,28.1156
country_china,2027.2,47.1160,24.5193,28.3647
country_china,2027.3,47.9070,23.4996,28.5933
country_china,2027.4,48.7001,22.4990,28.8009
country_china,2027.5,49.4950,21.5181,28.9869
country_china,2027.6,50.2914,20.5577,29.1509
country_china,2027.7,51.0890,19.6186,29.2924
country_china,2027.8,51.8876,18.7014,29.4111
country_china,2027.9,52.6867,17.8067,29.5066
country_china,2028.0,53.4862,16.9351,29.5787
country_china,2028.1,54.2856,16.0871,29.6273
country_china,2028.2,55.0848,15.2631,29.6520
country_china,2028.3,55.8834,14.4636,29.6530
country_china,2028.4,56.6810,13.6889,29.6302
country_china,2028.5,57.4774,12.9391,29.5835
country_china,2028.6,58.2722,12.2146,29.5132
country_china,2028.7,59.0651,11.5155,29.4194
country_china,2028.8,59.8559,10.8418,29.3023
country_china,2028.9,60.6441,10.1937,29.1622
country_china,2029.0,61.4296,9.5709,28.9995
country_china,2029.1,62.2119,8.9736,28.8146
country_china,2029.2,62.9907,8.4014,28.6078
country_china,2029.3,63.7659,7.8543,28.3799
country_china,2029.4,64.5369,7.3318,28.1313
country_china,2029.5,65.3036,6.8338,27.8626
country_china,2029.6,66.0657,6.3598,27.5745
country_china,2029.7,66.8228,5.9094,27.2678
country_china,2029.8,67.5746,5.4822,26.9431
country_china,2029.9,68.3209,5.0777,26.6014
country_china,2030.0,69.0614,4.6953,26.2433
country_china,2030.1,69.7957,4.3345,25.8698
country_china,2030.2,70.5237,3.9946,25.4817
country_china,2030.3,71.2451,3.6750,25.0799
country_china,2030.4,71.9595,3.3751,24.6654
country_china,2030.5,72.6667,3.0941,24.2392
country_china,2030.6,73.3666,2.8314,23.8021
country_china,2030.7,74.0587,2.5862,23.3551
country_china,2030.8,74.7430,2.3578,22.8992
country_china,2030.9,75.4192,2.1456,22.4353
country_china,2031.0,76.0870,1.9486,21.9644
country_china,2031.1,76.7462,1.7663,21.4875
country_china,2031.2,77.3967,1.5979,21.0054
country_china,2031.3,78.0382,1.4426,20.5192
country_china,2031.4,78.6706,1.2997,20.0297
country_china,2031.5,79.2936,1.1686,19.5378
country_china,2031.6,79.9072,1.0484,19.0444
country_china,2031.7,80.5111,0.9386,18.5503
country_china,2031.8,81.1053,0.8385,18.0563
country_china,2031.9,81.6895,0.7473,17.5632
country_china,2032.0,82.2636,0.6646,17.0718
country_china,2032.1,82.8276,0.5897,16.5827
country_china,2032.2,83.3813,0.5221,16.0967
country_china,2032.3,83.9246,0.4611,15.6144
country_china,2032.4,84.4574,0.4062,15.1363
country_china,2032.5,84.9797,0.3570,14.6632
country_china,2032.6,85.4914,0.3130,14.1955
country_china,2032.7,85.9925,0.2738,13.7338
country_china,2032.8,86.4828,0.2388,13.2784
country_china,2032.9,86.9624,0.2078,12.8298
country_china,2033.0,87.4312,0.1804,12.3885
country_china,2033.1,87.8892,0.1561,11.9547
country_china,2033.2,88.3365,0.1348,11.5287
country_china,2033.3,88.7730,0.1160,11.1110
country_china,2033.4,89.1987,0.0996,10.7017
country_china,2033.5,89.6137,0.0853,10.3010
country_china,2033.6,90.0180,0.0728,9.9092
country_china,2033.7,90.4116,0.0620,9.5264
country_china,2033.8,90.7947,0.0526,9.1527
country_china,2033.9,91.1672,0.0445,8.7882
country_china,2034.0,91.5293,0.0376,8.4331
country_china,2034.1,91.8810,0.0316,8.0874
country_china,2034.2,92.2224,0.0265,7.7510
country_china,2034.3,92.5537,0.0222,7.4241
country_china,2034.4,92.8749,0.0185,7.1067
country_china,2034.5,93.1861,0.0153,6.7986
country_china,2034.6,93.4874,0.0127,6.4999
country_china,2034.7,93.7791,0.0105,6.2104
country_china,2034.8,94.0612,0.0086,5.9302
country_china,2034.9,94.3338,0.0071,5.6591
country_china,2035.0,94.5971,0.0058,5.3971
country_china,2035.1,94.8513,0.0047,5.1440
country_china,2035.2,95.0965,0.0038,4.8996
country_china,2035.3,95.3329,0.0031,4.6640
country_china,2035.4,95.5607,0.0025,4.4368
country_china,2035.5,95.7799,0.0020,4.2181
country_china,2035.6,95.9909,0.0016,4.0075
country_china,2035.7,96.1937,0.0013,3.8050
country_china,2035.8,96.3886,0.0010,3.6104
country_china,2035.9,96.5757,0.0008,3.4235
country_china,2036.0,96.7552,0.0006,3.2442
country_china,2036.1,96.9273,0.0005,3.0722
country_china,2036.2,97.0922,0.0004,2.9074
country_china,2036.3,97.2501,0.0003,2.7496
country_china,2036.4,97.4012,0.0002,2.5986
country_china,2036.5,97.5456,0.0002,2.4542
country_china,2036.6,97.6836,0.0001,2.3163
country_china,2036.7,97.8153,0.0001,2.1846
country_china,2036.8,97.9410,0.0001,2.0589
country_china,2036.9,98.0608,0.0001,1.9391
country_china,2037.0,98.1749,0.0000,1.8250
country_china,2037.1,98.2836,0.0000,1.7164
country_china,2037.2,98.3869,0.0000,1.6131
country_china,2037.3,98.4851,0.0000,1.5149
country_china,2037.4,98.5783,0.0000,1.4216
country_china,2037.5,98.6668,0.0000,1.3332
country_china,2037.6,98.7508,0.0000,1.2492
country_china,2037.7,98.8303,0.0000,1.1697
country_china,2037.8,98.9055,0.0000,1.0945
country_china,2037.9,98.9767,0.0000,1.0233
country_china,2038.0,99.0440,0.0000,0.9560
country_china,2038.1,99.1076,0.0000,0.8924
country_china,2038.2,99.1676,0.0000,0.8324
country_china,2038.3,99.2241,0.0000,0.7759
country_china,2038.4,99.2774,0.0000,0.7226
country_china,2038.5,99.3276,0.0000,0.6724
country_china,2038.6,99.3748,0.0000,0.6252
country_china,2038.7,99.4191,0.0000,0.5809
country_china,2038.8,99.4607,0.0000,0.5393
country_china,2038.9,99.4998,0.0000,0.5002
country_china,2039.0,99.5364,0.0000,0.4636
country_china,2039.1,99.5707,0.0000,0.4293
country_china,2039.2,99.6028,0.0000,0.3972
country_china,2039.3,99.6328,0.0000,0.3672
country_china,2039.4,99.6608,0.0000,0.3392
country_china,2039.5,99.6870,0.0000,0.3130
country_china,2039.6,99.7114,0.0000,0.2886
country_china,2039.7,99.7341,0.0000,0.2659
country_china,2039.8,99.7552,0.0000,0.2448
country_china,2039.9,99.7749,0.0000,0.2251
country_china,2040.0,99.7931,0.0000,0.2069
country_china,2040.1,99.8101,0.0000,0.1899
country_china,2040.2,99.8258,0.0000,0.1742
country_china,2040.3,99.8404,0.0000,0.1596
country_china,2040.4,99.8539,0.0000,0.1461
country_china,2040.5,99.8663,0.0000,0.1337
country_china,2040.6,99.8779,0.0000,0.1221
country_china,2040.7,99.8885,0.0000,0.1115
country_china,2040.8,99.8983,0.0000,0.1017
country_china,2040.9,99.9073,0.0000,0.0927
country_china,2041.0,99.9156,0.0000,0.0844
country_china,2041.1,99.9233,0.0000,0.0767
country_china,2041.2,99.9303,0.0000,0.0697
country_china,2041.3,99.9367,0.0000,0.0633
country_china,2041.4,99.9426,0.0000,0.0574
country_china,2041.5,99.9480,0.0000,0.0520
country_china,2041.6,99.9529,0.0000,0.0471
country_china,2041.7,99.9574,0.0000,0.0426
country_china,2041.8,99.9616,0.0000,0.0384
country_china,2041.9,99.9653,0.0000,0.0347
country_china,2042.0,99.9687,0.0000,0.0313
country_china,2042.1,99.9719,0.0000,0.0281
country_china,2042.2,99.9747,0.0000,0.0253
country_china,2042.3,99.9772,0.0000,0.0228
country_china,2042.4,99.9796,0.0000,0.0204
country_china,2042.5,99.9817,0.0000,0.0183
country_china,2042.6,99.9836,0.0000,0.0164
country_china,2042.7,99.9853,0.0000,0.0147
country_china,2042.8,99.9869,0.0000,0.0131
country_china,2042.9,99.9883,0.0000,0.0117
country_china,2043.0,99.9896,0.0000,0.0104
country_china,2043.1,99.9907,0.0000,0.0093
country_china,2043.2,99.9917,0.0000,0.0083
country_china,2043.3,99.9926,0.0000,0.0074
country_china,2043.4,99.9935,0.0000,0.0065
country_china,2043.5,99.9942,0.0000,0.0058
country_china,2043.6,99.9949,0.0000,0.0051
country_china,2043.7,99.9955,0.0000,0.0045
country_china,2043.8,99.9960,0.0000,0.0040
country_china,2043.9,99.9965,0.0000,0.0035
country_china,2044.0,99.9969,0.0000,0.0031
country_china,2044.1,99.9972,0.0000,0.0028
country_china,2044.2,99.9976,0.0000,0.0024
country_china,2044.3,99.9979,0.0000,0.0021
country_china,2044.4,99.9981,0.0000,0.0019
country_china,2044.5,99.9984,0.0000,0.0016
country_china,2044.6,99.9986,0.0000,0.0014
country_china,2044.7,99.9987,0.0000,0.0013
country_china,2044.8,99.9989,0.0000,0.0011
country_china,2044.9,99.9990,0.0000,0.0010
country_china,2045.0,99.9992,0.0000,0.0008
country_china,2045.1,99.9993,0.0000,0.0007
country_china,2045.2,99.9994,0.0000,0.0006
country_china,2045.3,99.9995,0.0000,0.0005
country_china,2045.4,99.9995,0.0000,0.0005
country_china,2045.5,99.9996,0.0000,0.0004
country_china,2045.6,99.9996,0.0000,0.0004
country_china,2045.7,99.9997,0.0000,0.0003
country_china,2045.8,99.9997,0.0000,0.0003
country_china,2045.9,99.9998,0.0000,0.0002
country_china,2046.0,99.9998,0.0000,0.0002
country_china,2046.1,99.9998,0.0000,0.0002
country_china,2046.2,99.9999,0.0000,0.0001
country_china,2046.3,99.9999,0.0000,0.0001
country_china,2046.4,99.9999,0.0000,0.0001
country_china,2046.5,99.9999,0.0000,0.0001
country_china,2046.6,99.9999,0.0000,0.0001
country_china,2046.7,99.9999,0.0000,0.0001
country_china,2046.8,99.9999,0.0000,0.0001
country_china,2046.9,100.0000,0.0000,0.0000
country_china,2047.0,100.0000,0.0000,0.0000
country_china,2047.1,100.0000,0.0000,0.0000
country_china,2047.2,100.0000,0.0000,0.0000
country_china,2047.3,100.0000,0.0000,0.0000
country_china,2047.4,100.0000,0.0000,0.0000
country_china,2047.5,100.0000,0.0000,0.0000
country_china,2047.6,100.0000,0.0000,0.0000
country_china,2047.7,100.0000,0.0000,0.0000
country_china,2047.8,100.0000,0.0000,0.0000
country_china,2047.9,100.0000,0.0000,0.0000
country_china,2048.0,100.0000,0.0000,0.0000
country_china,2048.1,100.0000,0.0000,0.0000
country_china,2048.2,100.0000,0.0000,0.0000
country_china,2048.3,100.0000,0.0000,0.0000
country_china,2048.4,100.0000,0.0000,0.0000
country_china,2048.5,100.0000,0.0000,0.0000
country_china,2048.6,100.0000,0.0000,0.0000
country_china,2048.7,100.0000,0.0000,0.0000
country_china,2048.8,100.0000,0.0000,0.0000
country_china,2048.9,100.0000,0.0000,0.0000
country_china,2049.0,100.0000,0.0000,0.0000
country_china,2049.1,100.0000,0.0000,0.0000
country_china,2049.2,100.0000,0.0000,0.0000
country_china,2049.3,100.0000,0.0000,0.0000
country_china,2049.4,100.0000,0.0000,0.0000
country_china,2049.5,100.0000,0.0000,0.0000
country_china,2049.6,100.0000,0.0000,0.0000
country_china,2049.7,100.0000,0.0000,0.0000
country_china,2049.8,100.0000,0.0000,0.0000
country_china,2049.9,100.0000,0.0000,0.0000
country_china,2050.0,100.0000,0.0000,0.0000
country_norway,2015.0,9.1715,83.4408,7.3877
country_norway,2015.1,9.5872,82.7781,7.6347
country_norway,2015.2,10.0166,82.0981,7.8853
country_norway,2015.3,10.4601,81.4007,8.1392
country_norway,2015.4,10.9178,80.6860,8.3962
country_norway,2015.5,11.3901,79.9539,8.6561
country_norway,2015.6,11.8770,79.2043,8.9186
country_norway,2015.7,12.3788,78.4375,9.1837
country_norway,2015.8,12.8958,77.6534,9.4509
country_norway,2015.9,13.4280,76.8521,9.7200
country_norway,2016.0,13.9756,76.0337,9.9907
country_norway,2016.1,14.5388,75.1984,10.2628
country_norway,2016.2,15.1178,74.3463,10.5359
country_norway,2016.3,15.7127,73.4776,10.8096
country_norway,2016.4,16.3236,72.5926,11.0838
country_norway,2016.5,16.9506,71.6915,11.3579
country_norway,2016.6,17.5939,70.7745,11.6316
country_norway,2016.7,18.2534,69.8420,11.9046
country_norway,2016.8,18.9292,68.8943,12.1764
country_norway,2016.9,19.6215,67.9318,12.4467
country_norway,2017.0,20.3301,66.9548,12.7151
country_norway,2017.1,21.0552,65.9638,12.9810
country_norway,2017.2,21.7967,64.9592,13.2441
country_norway,2017.3,22.5545,63.9416,13.5039
country_norway,2017.4,23.3287,62.9114,13.7599
country_norway,2017.5,24.1190,61.8692,14.0118
country_norway,2017.6,24.9255,60.8155,14.2590
country_norway,2017.7,25.7480,59.7509,14.5011
country_norway,2017.8,26.5863,58.6761,14.7376
country_norway,2017.9,27.4403,57.5918,14.9679
country_norway,2018.0,28.3098,56.4985,15.1917
country_norway,2018.1,29.1945,55.3971,15.4084
country_norway,2018.2,30.0942,54.2883,15.6175
country_norway,2018.3,31.0086,53.1727,15.8187
country_norway,2018.4,31.9375,52.0513,16.0113
country_norway,2018.5,32.8804,50.9247,16.1949
country_norway,2018.6,33.8370,49.7939,16.3691
country_norway,2018.7,34.8070,48.6597,16.5333
country_norway,2018.8,35.7899,47.5229,16.6873
country_norway,2018.9,36.7852,46.3844,16.8304
country_norway,2019.0,37.7926,45.2451,16.9623
country_norway,2019.1,38.8114,44.1060,17.0826
country_norway,2019.2,39.8413,42.9678,17.1909
country_norway,2019.3,40.8815,41.8316,17.2868
country_norway,2019.4,41.9317,40.6983,17.3700
country_norway,2019.5,42.9910,39.5688,17.4402
country_norway,2019.6,44.0590,38.4440,17.4970
country_norway,2019.7,45.1349,37.3250,17.5401
country_norway,2019.8,46.2181,36.2125,17.5694
country_norway,2019.9,47.3078,35.1076,17.5846
country_norway,2020.0,48.4034,34.0112,17.5854
country_norway,2020.1,49.5041,32.9241,17.5719
country_norway,2020.2,50.6090,31.8473,17.5437
country_norway,2020.3,51.7175,30.7816,17.5008
country_norway,2020.4,52.8288,29.7280,17.4432
country_norway,2020.5,53.9419,28.6873,17.3709
country_norway,2020.6,55.0560,27.6602,17.2838
country_norway,2020.7,56.1704,26.6476,17.1820
country_norway,2020.8,57.2841,25.6503,17.0656
country_norway,2020.9,58.3963,24.6690,16.9347
country_norway,2021.0,59.5061,23.7044,16.7895
country_norway,2021.1,60.6126,22.7571,16.6303
country_norway,2021.2,61.7149,21.8280,16.4572
country_norway,2021.3,62.8121,20.9174,16.2705
country_norway,2021.4,63.9033,20.0261,16.0706
country_norway,2021.5,64.9877,19.1545,15.8578
country_norway,2021.6,66.0643,18.3032,15.6326
country_norway,2021.7,67.1323,17.4725,15.3953
country_norway,2021.8,68.1908,16.6628,15.1464
country_norway,2021.9,69.2389,15.8746,14.8865
country_norway,2022.0,70.2759,15.1081,14.6160
country_norway,2022.1,71.3009,14.3636,14.3355
country_norway,2022.2,72.3130,13.6413,14.0457
country_norway,2022.3,73.3115,12.9414,13.7471
country_norway,2022.4,74.2957,12.2639,13.4404
country_norway,2022.5,75.2648,11.6090,13.1262
country_norway,2022.6,76.2180,10.9767,12.8053
country_norway,2022.7,77.1548,10.3670,12.4782
country_norway,2022.8,78.0745,9.7797,12.1458
country_norway,2022.9,78.9763,9.2149,11.8088
country_norway,2023.0,79.8599,8.6723,11.4678
country_norway,2023.1,80.7246,8.1517,11.1237
country_norway,2023.2,81.5700,7.6530,10.7771
country_norway,2023.3,82.3955,7.1758,10.4288
country_norway,2023.4,83.2007,6.7198,10.0795
country_norway,2023.5,83.9854,6.2847,9.7299
country_norway,2023.6,84.7490,5.8702,9.3808
country_norway,2023.7,85.4915,5.4757,9.0328
country_norway,2023.8,86.2124,5.1009,8.6867
country_norway,2023.9,86.9116,4.7453,8.3431
country_norway,2024.0,87.5890,4.4084,8.0026
country_norway,2024.1,88.2444,4.0897,7.6659
country_norway,2024.2,88.8778,3.7886,7.3336
country_norway,2024.3,89.4891,3.5047,7.0062
country_norway,2024.4,90.0785,3.2373,6.6842
country_norway,2024.5,90.6458,2.9859,6.3682
country_norway,2024.6,91.1914,2.7499,6.0587
country_norway,2024.7,91.7152,2.5288,5.7560
country_norway,2024.8,92.2176,2.3218,5.4607
country_norway,2024.9,92.6986,2.1284,5.1729
country_norway,2025.0,93.1588,1.9481,4.8931
country_norway,2025.1,93.5982,1.7802,4.6216
country_norway,2025.2,94.0173,1.6242,4.3586
country_norway,2025.3,94.4164,1.4793,4.1043
country_norway,2025.4,94.7960,1.3452,3.8588
country_norway,2025.5,95.1564,1.2212,3.6224
country_norway,2025.6,95.4982,1.1067,3.3952
country_norway,2025.7,95.8218,1.0012,3.1771
country_norway,2025.8,96.1277,0.9041,2.9682
country_norway,2025.9,96.4164,0.8151,2.7685
country_norway,2026.0,96.6885,0.7335,2.5780
country_norway,2026.1,96.9446,0.6588,2.3966
country_norway,2026.2,97.1851,0.5907,2.2242
country_norway,2026.3,97.4108,0.5286,2.0606
country_norway,2026.4,97.6220,0.4722,1.9058
country_norway,2026.5,97.8195,0.4209,1.7595
country_norway,2026.6,98.0038,0.3745,1.6216
country_norway,2026.7,98.1756,0.3326,1.4918
country_norway,2026.8,98.3353,0.2948,1.3699
country_norway,2026.9,98.4836,0.2607,1.2557
country_norway,2027.0,98.6210,0.2302,1.1488
country_norway,2027.1,98.7481,0.2027,1.0491
country_norway,2027.2,98.8655,0.1782,0.9562
country_norway,2027.3,98.9738,0.1563,0.8699
country_norway,2027.4,99.0733,0.1369,0.7898
country_norway,2027.5,99.1648,0.1195,0.7157
country_norway,2027.6,99.2486,0.1042,0.6473
country_norway,2027.7,99.3252,0.0906,0.5842
country_norway,2027.8,99.3952,0.0786,0.5262
country_norway,2027.9,99.4590,0.0681,0.4730
country_norway,2028.0,99.5170,0.0588,0.4243
country_norway,2028.1,99.5696,0.0507,0.3798
country_norway,2028.2,99.6172,0.0435,0.3392
country_norway,2028.3,99.6603,0.0374,0.3023
country_norway,2028.4,99.6992,0.0320,0.2689
country_norway,2028.5,99.7341,0.0273,0.2386
country_norway,2028.6,99.7655,0.0232,0.2113
country_norway,2028.7,99.7936,0.0197,0.1866
country_norway,2028.8,99.8188,0.0167,0.1645
country_norway,2028.9,99.8412,0.0141,0.1447
country_norway,2029.0,99.8612,0.0119,0.1269
country_norway,2029.1,99.8789,0.0100,0.1111
country_norway,2029.2,99.8946,0.0084,0.0970
country_norway,2029.3,99.9085,0.0070,0.0845
country_norway,2029.4,99.9207,0.0059,0.0734
country_norway,2029.5,99.9315,0.0049,0.0637
country_norway,2029.6,99.9409,0.0040,0.0550
country_norway,2029.7,99.9492,0.0033,0.0475
country_norway,2029.8,99.9564,0.0028,0.0409
country_norway,2029.9,99.9627,0.0023,0.0351
country_norway,2030.0,99.9681,0.0019,0.0300
country_norway,2030.1,99.9729,0.0015,0.0256
country_norway,2030.2,99.9769,0.0012,0.0218
country_norway,2030.3,99.9805,0.0010,0.0185
country_norway,2030.4,99.9835,0.0008,0.0157
country_norway,2030.5,99.9861,0.0007,0.0132
country_norway,2030.6,99.9883,0.0005,0.0112
country_norway,2030.7,99.9902,0.0004,0.0094
country_norway,2030.8,99.9918,0.0003,0.0078
country_norway,2030.9,99.9932,0.0003,0.0066
country_norway,2031.0,99.9943,0.0002,0.0055
country_norway,2031.1,99.9953,0.0002,0.0045
country_norway,2031.2,99.9961,0.0001,0.0037
country_norway,2031.3,99.9968,0.0001,0.0031
country_norway,2031.4,99.9974,0.0001,0.0025
country_norway,2031.5,99.9978,0.0001,0.0021
country_norway,2031.6,99.9982,0.0001,0.0017
country_norway,2031.7,99.9986,0.0000,0.0014
country_norway,2031.8,99.9988,0.0000,0.0011
country_norway,2031.9,99.9991,0.0000,0.0009
country_norway,2032.0,99.9992,0.0000,0.0007
country_norway,2032.1,99.9994,0.0000,0.0006
country_norway,2032.2,99.9995,0.0000,0.0005
country_norway,2032.3,99.9996,0.0000,0.0004
country_norway,2032.4,99.9997,0.0000,0.0003
country_norway,2032.5,99.9998,0.0000,0.0002
country_norway,2032.6,99.9998,0.0000,0.0002
country_norway,2032.7,99.9998,0.0000,0.0002
country_norway,2032.8,99.9999,0.0000,0.0001
country_norway,2032.9,99.9999,0.0000,0.0001
country_norway,2033.0,99.9999,0.0000,0.0001
country_norway,2033.1,99.9999,0.0000,0.0001
country_norway,2033.2,100.0000,0.0000,0.0000
country_norway,2033.3,100.0000,0.0000,0.0000
country_norway,2033.4,100.0000,0.0000,0.0000
country_norway,2033.5,100.0000,0.0000,0.0000
country_norway,2033.6,100.0000,0.0000,0.0000
country_norway,2033.7,100.0000,0.0000,0.0000
country_norway,2033.8,100.0000,0.0000,0.0000
country_norway,2033.9,100.0000,0.0000,0.0000
country_norway,2034.0,100.0000,0.0000,0.0000
country_norway,2034.1,100.0000,0.0000,0.0000
country_norway,2034.2,100.0000,0.0000,0.0000
country_norway,2034.3,100.0000,0.0000,0.0000
country_norway,2034.4,100.0000,0.0000,0.0000
country_norway,2034.5,100.0000,0.0000,0.0000
country_norway,2034.6,100.0000,0.0000,0.0000
country_norway,2034.7,100.0000,0.0000,0.0000
country_norway,2034.8,100.0000,0.0000,0.0000
country_norway,2034.9,100.0000,0.0000,0.0000
country_norway,2035.0,100.0000,0.0000,0.0000
country_norway,2035.1,100.0000,0.0000,0.0000
country_norway,2035.2,100.0000,0.0000,0.0000
country_norway,2035.3,100.0000,0.0000,0.0000
country_norway,2035.4,100.0000,0.0000,0.0000
country_norway,2035.5,100.0000,0.0000,0.0000
country_norway,2035.6,100.0000,0.0000,0.0000
country_norway,2035.7,100.0000,0.0000,0.0000
country_norway,2035.8,100.0000,0.0000,0.0000
country_norway,2035.9,100.0000,0.0000,0.0000
country_norway,2036.0,100.0000,0.0000,0.0000
country_norway,2036.1,100.0000,0.0000,0.0000
country_norway,2036.2,100.0000,0.0000,0.0000
country_norway,2036.3,100.0000,0.0000,0.0000
country_norway,2036.4,100.0000,0.0000,0.0000
country_norway,2036.5,100.0000,0.0000,0.0000
country_norway,2036.6,100.0000,0.0000,0.0000
country_norway,2036.7,100.0000,0.0000,0.0000
country_norway,2036.8,100.0000,0.0000,0.0000
country_norway,2036.9,100.0000,0.0000,0.0000
country_norway,2037.0,100.0000,0.0000,0.0000
country_norway,2037.1,100.0000,0.0000,0.0000
country_norway,2037.2,100.0000,0.0000,0.0000
country_norway,2037.3,100.0000,0.0000,0.0000
country_norway,2037.4,100.0000,0.0000,0.0000
country_norway,2037.5,100.0000,0.0000,0.0000
country_norway,2037.6,100.0000,0.0000,0.0000
country_norway,2037.7,100.0000,0.0000,0.0000
country_norway,2037.8,100.0000,0.0000,0.0000
country_norway,2037.9,100.0000,0.0000,0.0000
country_norway,2038.0,100.0000,0.0000,0.0000
country_norway,2038.1,100.0000,0.0000,0.0000
country_norway,2038.2,100.0000,0.0000,0.0000
country_norway,2038.3,100.0000,0.0000,0.0000
country_norway,2038.4,100.0000,0.0000,0.0000
country_norway,2038.5,100.0000,0.0000,0.0000
country_norway,2038.6,100.0000,0.0000,0.0000
country_norway,2038.7,100.0000,0.0000,0.0000
country_norway,2038.8,100.0000,0.0000,0.0000
country_norway,2038.9,100.0000,0.0000,0.0000
country_norway,2039.0,100.0000,0.0000,0.0000
country_norway,2039.1,100.0000,0.0000,0.0000
country_norway,2039.2,100.0000,0.0000,0.0000
country_norway,2039.3,100.0000,0.0000,0.0000
country_norway,2039.4,100.0000,0.0000,0.0000
country_norway,2039.5,100.0000,0.0000,0.0000
country_norway,2039.6,100.0000,0.0000,0.0000
country_norway,2039.7,100.0000,0.0000,0.0000
country_norway,2039.8,100.0000,0.0000,0.0000
country_norway,2039.9,100.0000,0.0000,0.0000
country_norway,2040.0,100.0000,0.0000,0.0000
country_norway,2040.1,100.0000,0.0000,0.0000
country_norway,2040.2,100.0000,0.0000,0.0000
country_norway,2040.3,100.0000,0.0000,0.0000
country_norway,2040.4,100.0000,0.0000,0.0000
country_norway,2040.5,100.0000,0.0000,0.0000
country_norway,2040.6,100.0000,0.0000,0.0000
country_norway,2040.7,100.0000,0.0000,0.0000
country_norway,2040.8,100.0000,0.0000,0.0000
country_norway,2040.9,100.0000,0.0000,0.0000
country_norway,2041.0,100.0000,0.0000,0.0000
country_norway,2041.1,100.0000,0.0000,0.0000
country_norway,2041.2,100.0000,0.0000,0.0000
country_norway,2041.3,100.0000,0.0000,0.0000
country_norway,2041.4,100.0000,0.0000,0.0000
country_norway,2041.5,100.0000,0.0000,0.0000
country_norway,2041.6,100.0000,0.0000,0.0000
country_norway,2041.7,100.0000,0.0000,0.0000
country_norway,2041.8,100.0000,0.0000,0.0000
country_norway,2041.9,100.0000,0.0000,0.0000
country_norway,2042.0,100.0000,0.0000,0.0000
country_norway,2042.1,100.0000,0.0000,0.0000
country_norway,2042.2,100.0000,0.0000,0.0000
country_norway,2042.3,100.0000,0.0000,0.0000
country_norway,2042.4,100.0000,0.0000,0.0000
country_norway,2042.5,100.0000,0.0000,0.0000
country_norway,2042.6,100.0000,0.0000,0.0000
country_norway,2042.7,100.0000,0.0000,0.0000
country_norway,2042.8,100.0000,0.0000,0.0000
country_norway,2042.9,100.0000,0.0000,0.0000
country_norway,2043.0,100.0000,0.0000,0.0000
country_norway,2043.1,100.0000,0.0000,0.0000
country_norway,2043.2,100.0000,0.0000,0.0000
country_norway,2043.3,100.0000,0.0000,0.0000
country_norway,2043.4,100.0000,0.0000,0.0000
country_norway,2043.5,100.0000,0.0000,0.0000
country_norway,2043.6,100.0000,0.0000,0.0000
country_norway,2043.7,100.0000,0.0000,0.0000
country_norway,2043.8,100.0000,0.0000,0.0000
country_norway,2043.9,100.0000,0.0000,0.0000
country_norway,2044.0,100.0000,0.0000,0.0000
country_norway,2044.1,100.0000,0.0000,0.0000
country_norway,2044.2,100.0000,0.0000,0.0000
country_norway,2044.3,100.0000,0.0000,0.0000
country_norway,2044.4,100.0000,0.0000,0.0000
country_norway,2044.5,100.0000,0.0000,0.0000
country_norway,2044.6,100.0000,0.0000,0.0000
country_norway,2044.7,100.0000,0.0000,0.0000
country_norway,2044.8,100.0000,0.0000,0.0000
country_norway,2044.9,100.0000,0.0000,0.0000
country_norway,2045.0,100.0000,0.0000,0.0000
country_norway,2045.1,100.0000,0.0000,0.0000
country_norway,2045.2,100.0000,0.0000,0.0000
country_norway,2045.3,100.0000,0.0000,0.0000
country_norway,2045.4,100.0000,0.0000,0.0000
country_norway,2045.5,100.0000,0.0000,0.0000
country_norway,2045.6,100.0000,0.0000,0.0000
country_norway,2045.7,100.0000,0.0000,0.0000
country_norway,2045.8,100.0000,0.0000,0.0000
country_norway,2045.9,100.0000,0.0000,0.0000
country_norway,2046.0,100.0000,0.0000,0.0000
country_norway,2046.1,100.0000,0.0000,0.0000
country_norway,2046.2,100.0000,0.0000,0.0000
country_norway,2046.3,100.0000,0.0000,0.0000
country_norway,2046.4,100.0000,0.0000,0.0000
country_norway,2046.5,100.0000,0.0000,0.0000
country_norway,2046.6,100.0000,0.0000,0.0000
country_norway,2046.7,100.0000,0.0000,0.0000
country_norway,2046.8,100.0000,0.0000,0.0000
country_norway,2046.9,100.0000,0.0000,0.0000
country_norway,2047.0,100.0000,0.0000,0.0000
country_norway,2047.1,100.0000,0.0000,0.0000
country_norway,2047.2,100.0000,0.0000,0.0000
country_norway,2047.3,100.0000,0.0000,0.0000
country_norway,2047.4,100.0000,0.0000,0.0000
country_norway,2047.5,100.0000,0.0000,0.0000
country_norway,2047.6,100.0000,0.0000,0.0000
country_norway,2047.7,100.0000,0.0000,0.0000
country_norway,2047.8,100.0000,0.0000,0.0000
country_norway,2047.9,100.0000,0.0000,0.0000
country_norway,2048.0,100.0000,0.0000,0.0000
country_norway,2048.1,100.0000,0.0000,0.0000
country_norway,2048.2,100.0000,0.0000,0.0000
country_norway,2048.3,100.0000,0.0000,0.0000
country_norway,2048.4,100.0000,0.0000,0.0000
country_norway,2048.5,100.0000,0.0000,0.0000
country_norway,2048.6,100.0000,0.0000,0.0000
country_norway,2048.7,100.0000,0.0000,0.0000
country_norway,2048.8,100.0000,0.0000,0.0000
country_norway,2048.9,100.0000,0.0000,0.0000
country_norway,2049.0,100.0000,0.0000,0.0000
country_norway,2049.1,100.0000,0.0000,0.0000
country_norway,2049.2,100.0000,0.0000,0.0000
country_norway,2049.3,100.0000,0.0000,0.0000
country_norway,2049.4,100.0000,0.0000,0.0000
country_norway,2049.5,100.0000,0.0000,0.0000
country_norway,2049.6,100.0000,0.0000,0.0000
country_norway,2049.7,100.0000,0.0000,0.0000
country_norway,2049.8,100.0000,0.0000,0.0000
country_norway,2049.9,100.0000,0.0000,0.0000
country_norway,2050.0,100.0000,0.0000,0.0000
country_usa,2015.0,0.2844,99.5314,0.1842
country_usa,2015.1,0.3021,99.5049,0.1930
country_usa,2015.2,0.3204,99.4774,0.2021
country_usa,2015.3,0.3395,99.4490,0.2114
country_usa,2015.4,0.3594,99.4197,0.2210
country_usa,2015.5,0.3800,99.3893,0.2307
country_usa,2015.6,0.4013,99.3580,0.2407
country_usa,2015.7,0.4235,99.3257,0.2508
country_usa,2015.8,0.4465,99.2923,0.2612
country_usa,2015.9,0.4703,99.2579,0.2718
country_usa,2016.0,0.4949,99.2225,0.2826
country_usa,2016.1,0.5203,99.1860,0.2936
country_usa,2016.2,0.5467,99.1485,0.3049
country_usa,2016.3,0.5739,99.1098,0.3163
country_usa,2016.4,0.6020,99.0701,0.3280
country_usa,2016.5,0.6309,99.0293,0.3398
country_usa,2016.6,0.6608,98.9873,0.3519
country_usa,2016.7,0.6917,98.9442,0.3641
country_usa,2016.8,0.7235,98.9000,0.3766
country_usa,2016.9,0.7562,98.8546,0.3892
country_usa,2017.0,0.7899,98.8080,0.4021
country_usa,2017.1,0.8246,98.7603,0.4151
country_usa,2017.2,0.8603,98.7113,0.4283
country_usa,2017.3,0.8970,98.6612,0.4418
country_usa,2017.4,0.9348,98.6098,0.4554
country_usa,2017.5,0.9736,98.5573,0.4692
country_usa,2017.6,1.0134,98.5035,0.4831
country_usa,2017.7,1.0543,98.4484,0.4973
country_usa,2017.8,1.0963,98.3921,0.5116
country_usa,2017.9,1.1394,98.3345,0.5261
country_usa,2018.0,1.1836,98.2756,0.5408
country_usa,2018.1,1.2289,98.2154,0.5557
country_usa,2018.2,1.2754,98.1540,0.5707
country_usa,2018.3,1.3230,98.0912,0.5859
country_usa,2018.4,1.3717,98.0271,0.6012
country_usa,2018.5,1.4217,97.9616,0.6167
country_usa,2018.6,1.4728,97.8948,0.6324
country_usa,2018.7,1.5252,97.8267,0.6482
country_usa,2018.8,1.5787,97.7572,0.6641
country_usa,2018.9,1.6335,97.6863,0.6802
country_usa,2019.0,1.6895,97.6140,0.6965
country_usa,2019.1,1.7468,97.5404,0.7128
country_usa,2019.2,1.8053,97.4653,0.7294
country_usa,2019.3,1.8651,97.3889,0.7460
country_usa,2019.4,1.9262,97.3110,0.7628
country_usa,2019.5,1.9886,97.2316,0.7797
country_usa,2019.6,2.0524,97.1509,0.7967
country_usa,2019.7,2.1174,97.0687,0.8139
country_usa,2019.8,2.1838,96.9850,0.8312
country_usa,2019.9,2.2516,96.8999,0.8485
country_usa,2020.0,2.3207,96.8133,0.8660
country_usa,2020.1,2.3911,96.7252,0.8836
country_usa,2020.2,2.4630,96.6357,0.9013
country_usa,2020.3,2.5363,96.5446,0.9191
country_usa,2020.4,2.6110,96.4520,0.9370
country_usa,2020.5,2.6871,96.3580,0.9550
country_usa,2020.6,2.7646,96.2624,0.9730
country_usa,2020.7,2.8436,96.1652,0.9912
country_usa,2020.8,2.9241,96.0666,1.0094
country_usa,2020.9,3.0060,95.9664,1.0277
country_usa,2021.0,3.0894,95.8646,1.0460
country_usa,2021.1,3.1742,95.7613,1.0644
country_usa,2021.2,3.2606,95.6565,1.0829
country_usa,2021.3,3.3485,95.5500,1.1014
country_usa,2021.4,3.4379,95.4420,1.1200
country_usa,2021.5,3.5289,95.3324,1.1387
country_usa,2021.6,3.6214,95.2213,1.1574
country_usa,2021.7,3.7154,95.1085,1.1761
country_usa,2021.8,3.8110,94.9941,1.1948
country_usa,2021.9,3.9082,94.8782,1.2136
country_usa,2022.0,4.0069,94.7606,1.2324
country_usa,2022.1,4.1073,94.6414,1.2513
country_usa,2022.2,4.2093,94.5206,1.2701
country_usa,2022.3,4.3128,94.3982,1.2890
country_usa,2022.4,4.4180,94.2741,1.3079
country_usa,2022.5,4.5248,94.1485,1.3267
country_usa,2022.6,4.6333,94.0211,1.3456
country_usa,2022.7,4.7433,93.8922,1.3645
country_usa,2022.8,4.8551,93.7616,1.3833
country_usa,2022.9,4.9685,93.6293,1.4022
country_usa,2023.0,5.0836,93.4954,1.4210
country_usa,2023.1,5.2004,93.3598,1.4398
country_usa,2023.2,5.3188,93.2226,1.4586
country_usa,2023.3,5.4390,93.0837,1.4773
country_usa,2023.4,5.5608,92.9431,1.4960
country_usa,2023.5,5.6844,92.8009,1.5147
country_usa,2023.6,5.8097,92.6570,1.5333
country_usa,2023.7,5.9367,92.5115,1.5519
country_usa,2023.8,6.0654,92.3642,1.5704
country_usa,2023.9,6.1959,92.2153,1.5888
country_usa,2024.0,6.3282,92.0647,1.6072
country_usa,2024.1,6.4621,91.9124,1.6255
country_usa,2024.2,6.5979,91.7584,1.6437
country_usa,2024.3,6.7354,91.6028,1.6619
country_usa,2024.4,6.8747,91.4454,1.6799
country_usa,2024.5,7.0157,91.2864,1.6979
country_usa,2024.6,7.1586,91.1256,1.7158
country_usa,2024.7,7.3032,90.9632,1.7335
country_usa,2024.8,7.4496,90.7991,1.7512
country_usa,2024.9,7.5979,90.6333,1.7688
country_usa,2025.0,7.7479,90.4659,1.7862
country_usa,2025.1,7.8997,90.2967,1.8036
country_usa,2025.2,8.0534,90.1258,1.8208
country_usa,2025.3,8.2089,89.9533,1.8378
country_usa,2025.4,8.3662,89.7790,1.8548
country_usa,2025.5,8.5253,89.6031,1.8716
country_usa,2025.6,8.6862,89.4255,1.8883
country_usa,2025.7,8.8490,89.2462,1.9048
country_usa,2025.8,9.0136,89.0652,1.9212
country_usa,2025.9,9.1801,88.8825,1.9374
country_usa,2026.0,9.3484,88.6982,1.9534
country_usa,2026.1,9.5185,88.5121,1.9693
country_usa,2026.2,9.6905,88.3244,1.9850
country_usa,2026.3,9.8644,88.1350,2.0006
country_usa,2026.4,10.0401,87.9440,2.0160
country_usa,2026.5,10.2176,87.7512,2.0311
country_usa,2026.6,10.3970,87.5568,2.0461
country_usa,2026.7,10.5783,87.3608,2.0609
country_usa,2026.8,10.7614,87.1630,2.0756
country_usa,2026.9,10.9464,86.9637,2.0900
country_usa,2027.0,11.1332,86.7626,2.1042
country_usa,2027.1,11.3219,86.5599,2.1182
country_usa,2027.2,11.5125,86.3556,2.1319
country_usa,2027.3,11.7049,86.1496,2.1455
country_usa,2027.4,11.8992,85.9420,2.1588
country_usa,2027.5,12.0953,85.7328,2.1719
country_usa,2027.6,12.2933,85.5219,2.1848
country_usa,2027.7,12.4932,85.3094,2.1975
country_usa,2027.8,12.6949,85.0953,2.2099
country_usa,2027.9,12.8984,84.8795,2.2220
country_usa,2028.0,13.1038,84.6622,2.2340
country_usa,2028.1,13.3111,84.4432,2.2456
country_usa,2028.2,13.5202,84.2227,2.2570
country_usa,2028.3,13.7312,84.0006,2.2682
country_usa,2028.4,13.9440,83.7769,2.2791
country_usa,2028.5,14.1587,83.5516,2.2897
country_usa,2028.6,14.3752,83.3247,2.3001
country_usa,2028.7,14.5935,83.0963,2.3102
country_usa,2028.8,14.8137,82.8663,2.3200
country_usa,2028.9,15.0357,82.6348,2.3295
country_usa,2029.0,15.2595,82.4017,2.3388
country_usa,2029.1,15.4851,82.1671,2.3477
country_usa,2029.2,15.7126,81.9310,2.3564
country_usa,2029.3,15.9419,81.6934,2.3648
country_usa,2029.4,16.1729,81.4542,2.3728
country_usa,2029.5,16.4058,81.2136,2.3806
country_usa,2029.6,16.6405,80.9714,2.3881
country_usa,2029.7,16.8770,80.7278,2.3953
country_usa,2029.8,17.1152,80.4827,2.4021
country_usa,2029.9,17.3552,80.2361,2.4087
country_usa,2030.0,17.5970,79.9881,2.4149
country_usa,2030.1,17.8406,79.7386,2.4208
country_usa,2030.2,18.0859,79.4877,2.4264
country_usa,2030.3,18.3330,79.2353,2.4317
country_usa,2030.4,18.5818,78.9816,2.4367
country_usa,2030.5,18.8323,78.7264,2.4413
country_usa,2030.6,19.0846,78.4698,2.4456
country_usa,2030.7,19.3386,78.2119,2.4495
country_usa,2030.8,19.5943,77.9525,2.4532
country_usa,2030.9,19.8517,77.6919,2.4565
country_usa,2031.0,20.1108,77.4298,2.4594
country_usa,2031.1,20.3716,77.1664,2.4620
country_usa,2031.2,20.6340,76.9017,2.4643
country_usa,2031.3,20.8981,76.6357,2.4662
country_usa,2031.4,21.1639,76.3683,2.4678
country_usa,2031.5,21.4313,76.0997,2.4690
country_usa,2031.6,21.7004,75.8298,2.4699
country_usa,2031.7,21.9710,75.5586,2.4704
country_usa,2031.8,22.2433,75.2861,2.4706
country_usa,2031.9,22.5172,75.0124,2.4704
country_usa,2032.0,22.7927,74.7375,2.4699
country_usa,2032.1,23.0697,74.4613,2.4690
country_usa,2032.2,23.3483,74.1840,2.4677
country_usa,2032.3,23.6285,73.9054,2.4661
country_usa,2032.4,23.9102,73.6257,2.4641
country_usa,2032.5,24.1934,73.3448,2.4618
country_usa,2032.6,24.4782,73.0627,2.4591
country_usa,2032.7,24.7644,72.7795,2.4561
country_usa,2032.8,25.0522,72.4952,2.4526
country_usa,2032.9,25.3414,72.2097,2.4489
country_usa,2033.0,25.6321,71.9232,2.4447
country_usa,2033.1,25.9242,71.6356,2.4402
country_usa,2033.2,26.2177,71.3469,2.4353
country_usa,2033.3,26.5127,71.0572,2.4301
country_usa,2033.4,26.8091,70.7664,2.4245
country_usa,2033.5,27.1068,70.4746,2.4185
country_usa,2033.6,27.4060,70.1818,2.4122
country_usa,2033.7,27.7065,69.8880,2.4055
country_usa,2033.8,28.0083,69.5932,2.3985
country_usa,2033.9,28.3115,69.2975,2.3910
country_usa,2034.0,28.6159,69.0008,2.3832
country_usa,2034.1,28.9217,68.7032,2.3751
country_usa,2034.2,29.2288,68.4047,2.3666
country_usa,2034.3,29.5371,68.1052,2.3577
country_usa,2034.4,29.8466,67.8049,2.3485
country_usa,2034.5,30.1574,67.5037,2.3389
country_usa,2034.6,30.4693,67.2017,2.3289
country_usa,2034.7,30.7825,66.8988,2.3186
country_usa,2034.8,31.0969,66.5952,2.3080
country_usa,2034.9,31.4124,66.2907,2.2970
country_usa,2035.0,31.7290,65.9854,2.2856
country_usa,2035.1,32.0467,65.6794,2.2739
country_usa,2035.2,32.3656,65.3726,2.2618
country_usa,2035.3,32.6855,65.0651,2.2494
country_usa,2035.4,33.0065,64.7568,2.2366
country_usa,2035.5,33.3286,64.4479,2.2235
country_usa,2035.6,33.6516,64.1383,2.2101
country_usa,2035.7,33.9757,63.8280,2.1963
country_usa,2035.8,34.3008,63.5171,2.1822
country_usa,2035.9,34.6268,63.2055,2.1677
country_usa,2036.0,34.9537,62.8934,2.1529
country_usa,2036.1,35.2816,62.5806,2.1378
country_usa,2036.2,35.6104,62.2673,2.1223
country_usa,2036.3,35.9401,61.9534,2.1065
country_usa,2036.4,36.2706,61.6390,2.0904
country_usa,2036.5,36.6020,61.3240,2.0740
country_usa,2036.6,36.9342,61.0085,2.0572
country_usa,2036.7,37.2672,60.6926,2.0402
country_usa,2036.8,37.6010,60.3762,2.0228
country_usa,2036.9,37.9356,60.0593,2.0051
country_usa,2037.0,38.2708,59.7420,1.9871
country_usa,2037.1,38.6068,59.4243,1.9688
country_usa,2037.2,38.9435,59.1063,1.9502
country_usa,2037.3,39.2809,58.7878,1.9313
country_usa,2037.4,39.6189,58.4690,1.9122
country_usa,2037.5,39.9575,58.1498,1.8927
country_usa,2037.6,40.2968,57.8303,1.8729
country_usa,2037.7,40.6366,57.5105,1.8529
country_usa,2037.8,40.9770,57.1904,1.8326
country_usa,2037.9,41.3179,56.8701,1.8120
country_usa,2038.0,41.6593,56.5495,1.7911
country_usa,2038.1,42.0013,56.2287,1.7700
country_usa,2038.2,42.3436,55.9077,1.7486
country_usa,2038.3,42.6865,55.5865,1.7270
country_usa,2038.4,43.0298,55.2652,1.7051
country_usa,2038.5,43.3734,54.9436,1.6829
country_usa,2038.6,43.7175,54.6220,1.6606
country_usa,2038.7,44.0619,54.3002,1.6379
country_usa,2038.8,44.4066,53.9783,1.6151
country_usa,2038.9,44.7516,53.6564,1.5920
country_usa,2039.0,45.0969,53.3344,1.5686
country_usa,2039.1,45.4425,53.0124,1.5451
country_usa,2039.2,45.7883,52.6903,1.5213
country_usa,2039.3,46.1344,52.3683,1.4974
country_usa,2039.4,46.4806,52.0462,1.4732
country_usa,2039.5,46.8270,51.7242,1.4488
country_usa,2039.6,47.1735,51.4023,1.4242
country_usa,2039.7,47.5201,51.0804,1.3994
country_usa,2039.8,47.8669,50.7586,1.3745
country_usa,2039.9,48.2137,50.4370,1.3493
country_usa,2040.0,48.5606,50.1154,1.3240
country_usa,2040.1,48.9074,49.7941,1.2985
country_usa,2040.2,49.2543,49.4728,1.2728
country_usa,2040.3,49.6012,49.1518,1.2470
country_usa,2040.4,49.9480,48.8310,1.2210
country_usa,2040.5,50.2947,48.5104,1.1949
country_usa,2040.6,50.6414,48.1900,1.1686
country_usa,2040.7,50.9879,47.8699,1.1422
country_usa,2040.8,51.3343,47.5501,1.1157
country_usa,2040.9,51.6805,47.2305,1.0890
country_usa,2041.0,52.0265,46.9113,1.0622
country_usa,2041.1,52.3723,46.5924,1.0353
country_usa,2041.2,52.7179,46.2739,1.0082
country_usa,2041.3,53.0632,45.9557,0.9811
country_usa,2041.4,53.4082,45.6380,0.9538
country_usa,2041.5,53.7529,45.3206,0.9265
country_usa,2041.6,54.0973,45.0036,0.8991
country_usa,2041.7,54.4413,44.6871,0.8716
country_usa,2041.8,54.7850,44.3711,0.8440
country_usa,2041.9,55.1282,44.0555,0.8163
country_usa,2042.0,55.4710,43.7404,0.7886
country_usa,2042.1,55.8134,43.4258,0.7608
country_usa,2042.2,56.1553,43.1117,0.7330
country_usa,2042.3,56.4967,42.7982,0.7051
country_usa,2042.4,56.8376,42.4853,0.6771
country_usa,2042.5,57.1779,42.1729,0.6492
country_usa,2042.6,57.5177,41.8611,0.6212
country_usa,2042.7,57.8569,41.5500,0.5931
country_usa,2042.8,58.1955,41.2394,0.5651
country_usa,2042.9,58.5335,40.9295,0.5370
country_usa,2043.0,58.8708,40.6203,0.5089
country_usa,2043.1,59.2074,40.3118,0.4808
country_usa,2043.2,59.5433,40.0039,0.4528
country_usa,2043.3,59.8786,39.6967,0.4247
country_usa,2043.4,60.2130,39.3903,0.3966
country_usa,2043.5,60.5468,39.0846,0.3686
country_usa,2043.6,60.8797,38.7797,0.3406
country_usa,2043.7,61.2118,38.4756,0.3126
country_usa,2043.8,61.5431,38.1722,0.2847
country_usa,2043.9,61.8736,37.8696,0.2568
country_usa,2044.0,62.2032,37.5679,0.2289
country_usa,2044.1,62.5319,37.2670,0.2011
country_usa,2044.2,62.8597,36.9669,0.1734
country_usa,2044.3,63.1865,36.6678,0.1457
country_usa,2044.4,63.5125,36.3694,0.1181
country_usa,2044.5,63.8374,36.0720,0.0906
country_usa,2044.6,64.1614,35.7755,0.0631
country_usa,2044.7,64.4843,35.4799,0.0358
country_usa,2044.8,64.8062,35.1853,0.0085
country_usa,2044.9,65.1271,34.8916,0.0000
country_usa,2045.0,65.4469,34.5988,0.0000
country_usa,2045.1,65.7656,34.3071,0.0000
country_usa,2045.2,66.0832,34.0163,0.0000
country_usa,2045.3,66.3997,33.7265,0.0000
country_usa,2045.4,66.7150,33.4378,0.0000
country_usa,2045.5,67.0292,33.1501,0.0000
country_usa,2045.6,67.3422,32.8634,0.0000
country_usa,2045.7,67.6540,32.5778,0.0000
country_usa,2045.8,67.9646,32.2932,0.0000
country_usa,2045.9,68.2740,32.0098,0.0000
country_usa,2046.0,68.5821,31.7274,0.0000
country_usa,2046.1,68.8890,31.4461,0.0000
country_usa,2046.2,69.1946,31.1660,0.0000
country_usa,2046.3,69.4988,30.8870,0.0000
country_usa,2046.4,69.8018,30.6091,0.0000
country_usa,2046.5,70.1035,30.3324,0.0000
country_usa,2046.6,70.4037,30.0568,0.0000
country_usa,2046.7,70.7027,29.7824,0.0000
country_usa,2046.8,71.0002,29.5092,0.0000
country_usa,2046.9,71.2964,29.2372,0.0000
country_usa,2047.0,71.5911,28.9664,0.0000
country_usa,2047.1,71.8845,28.6968,0.0000
country_usa,2047.2,72.1764,28.4284,0.0000
country_usa,2047.3,72.4668,28.1613,0.0000
country_usa,2047.4,72.7558,27.8954,0.0000
country_usa,2047.5,73.0434,27.6308,0.0000
country_usa,2047.6,73.3294,27.3675,0.0000
country_usa,2047.7,73.6139,27.1054,0.0000
country_usa,2047.8,73.8969,26.8446,0.0000
country_usa,2047.9,74.1784,26.5851,0.0000
country_usa,2048.0,74.4584,26.3269,0.0000
country_usa,2048.1,74.7368,26.0700,0.0000
country_usa,2048.2,75.0136,25.8144,0.0000
country_usa,2048.3,75.2889,25.5602,0.0000
country_usa,2048.4,75.5626,25.3072,0.0000
country_usa,2048.5,75.8347,25.0557,0.0000
country_usa,2048.6,76.1051,24.8054,0.0000
country_usa,2048.7,76.3740,24.5566,0.0000
country_usa,2048.8,76.6412,24.3090,0.0000
country_usa,2048.9,76.9068,24.0629,0.0000
country_usa,2049.0,77.1708,23.8181,0.0000
country_usa,2049.1,77.4331,23.5748,0.0000
country_usa,2049.2,77.6937,23.3328,0.0000
country_usa,2049.3,77.9527,23.0922,0.0000
country_usa,2049.4,78.2100,22.8530,0.0000
country_usa,2049.5,78.4656,22.6152,0.0000
country_usa,2049.6,78.7195,22.3789,0.0000
country_usa,2049.7,78.9717,22.1439,0.0000
country_usa,2049.8,79.2222,21.9104,0.0000
country_usa,2049.9,79.4710,21.6783,0.0000
country_usa,2050.0,79.7180,21.4476,0.0000
country_japan,2015.0,0.3965,99.1469,0.4566
country_japan,2015.1,0.4073,99.1242,0.4685
country_japan,2015.2,0.4182,99.1015,0.4804
country_japan,2015.3,0.4290,99.0787,0.4923
country_japan,2015.4,0.4399,99.0559,0.5042
country_japan,2015.5,0.4508,99.0331,0.5161
country_japan,2015.6,0.4617,99.0102,0.5280
country_japan,2015.7,0.4727,98.9874,0.5400
country_japan,2015.8,0.4836,98.9644,0.5519
country_japan,2015.9,0.4946,98.9415,0.5639
country_japan,2016.0,0.5056,98.9185,0.5758
country_japan,2016.1,0.5167,98.8956,0.5878
country_japan,2016.2,0.5277,98.8725,0.5997
country_japan,2016.3,0.5388,98.8495,0.6117
country_japan,2016.4,0.5498,98.8264,0.6237
country_japan,2016.5,0.5609,98.8034,0.6357
country_japan,2016.6,0.5721,98.7803,0.6477
country_japan,2016.7,0.5832,98.7571,0.6597
country_japan,2016.8,0.5943,98.7340,0.6717
country_japan,2016.9,0.6055,98.7108,0.6837
country_japan,2017.0,0.6167,98.6876,0.6957
country_japan,2017.1,0.6279,98.6644,0.7077
country_japan,2017.2,0.6391,98.6411,0.7198
country_japan,2017.3,0.6503,98.6179,0.7318
country_japan,2017.4,0.6616,98.5946,0.7438
country_japan,2017.5,0.6728,98.5713,0.7559
country_japan,2017.6,0.6841,98.5480,0.7679
country_japan,2017.7,0.6954,98.5247,0.7800
country_japan,2017.8,0.7067,98.5013,0.7920
country_japan,2017.9,0.7180,98.4779,0.8041
country_japan,2018.0,0.7293,98.4545,0.8161
country_japan,2018.1,0.7407,98.4311,0.8282
country_japan,2018.2,0.7520,98.4077,0.8403
country_japan,2018.3,0.7634,98.3843,0.8523
country_japan,2018.4,0.7748,98.3608,0.8644
country_japan,2018.5,0.7862,98.3373,0.8765
country_japan,2018.6,0.7976,98.3139,0.8885
country_japan,2018.7,0.8090,98.2904,0.9006
country_japan,2018.8,0.8204,98.2668,0.9127
country_japan,2018.9,0.8319,98.2433,0.9248
country_japan,2019.0,0.8433,98.2198,0.9369
country_japan,2019.1,0.8548,98.1962,0.9490
country_japan,2019.2,0.8663,98.1726,0.9611
country_japan,2019.3,0.8778,98.1490,0.9732
country_japan,2019.4,0.8893,98.1254,0.9853
country_japan,2019.5,0.9008,98.1018,0.9974
country_japan,2019.6,0.9123,98.0782,1.0095
country_japan,2019.7,0.9239,98.0545,1.0216
country_japan,2019.8,0.9354,98.0309,1.0337
country_japan,2019.9,0.9470,98.0072,1.0458
country_japan,2020.0,0.9586,97.9835,1.0579
country_japan,2020.1,0.9701,97.9599,1.0700
country_japan,2020.2,0.9817,97.9361,1.0821
country_japan,2020.3,0.9933,97.9124,1.0942
country_japan,2020.4,1.0049,97.8887,1.1064
country_japan,2020.5,1.0166,97.8650,1.1185
country_japan,2020.6,1.0282,97.8412,1.1306
country_japan,2020.7,1.0398,97.8175,1.1427
country_japan,2020.8,1.0515,97.7937,1.1548
country_japan,2020.9,1.0631,97.7699,1.1670
country_japan,2021.0,1.0748,97.7461,1.1791
country_japan,2021.1,1.0865,97.7223,1.1912
country_japan,2021.2,1.0982,97.6985,1.2033
country_japan,2021.3,1.1099,97.6747,1.2155
country_japan,2021.4,1.1216,97.6508,1.2276
country_japan,2021.5,1.1333,97.6270,1.2397
country_japan,2021.6,1.1450,97.6031,1.2519
country_japan,2021.7,1.1567,97.5793,1.2640
country_japan,2021.8,1.1685,97.5554,1.2761
country_japan,2021.9,1.1802,97.5315,1.2883
country_japan,2022.0,1.1920,97.5076,1.3004
country_japan,2022.1,1.2038,97.4837,1.3125
country_japan,2022.2,1.2155,97.4598,1.3247
country_japan,2022.3,1.2273,97.4359,1.3368
country_japan,2022.4,1.2391,97.4120,1.3489
country_japan,2022.5,1.2509,97.3880,1.3611
country_japan,2022.6,1.2627,97.3641,1.3732
country_japan,2022.7,1.2745,97.3401,1.3853
country_japan,2022.8,1.2864,97.3162,1.3975
country_japan,2022.9,1.2982,97.2922,1.4096
country_japan,2023.0,1.3100,97.2682,1.4217
country_japan,2023.1,1.3219,97.2443,1.4339
country_japan,2023.2,1.3337,97.2203,1.4460
country_japan,2023.3,1.3456,97.1963,1.4581
country_japan,2023.4,1.3575,97.1723,1.4703
country_japan,2023.5,1.3693,97.1483,1.4824
country_japan,2023.6,1.3812,97.1242,1.4945
country_japan,2023.7,1.3931,97.1002,1.5067
country_japan,2023.8,1.4050,97.0762,1.5188
country_japan,2023.9,1.4169,97.0521,1.5309
country_japan,2024.0,1.4288,97.0281,1.5431
country_japan,2024.1,1.4408,97.0040,1.5552
country_japan,2024.2,1.4527,96.9800,1.5673
country_japan,2024.3,1.4646,96.9559,1.5795
country_japan,2024.4,1.4766,96.9318,1.5916
country_japan,2024.5,1.4885,96.9078,1.6037
country_japan,2024.6,1.5005,96.8837,1.6159
country_japan,2024.7,1.5124,96.8596,1.6280
country_japan,2024.8,1.5244,96.8355,1.6401
country_japan,2024.9,1.5364,96.8114,1.6523
country_japan,2025.0,1.5483,96.7873,1.6644
country_japan,2025.1,1.5603,96.7632,1.6765
country_japan,2025.2,1.5723,96.7390,1.6886
country_japan,2025.3,1.5843,96.7149,1.7008
country_japan,2025.4,1.5963,96.6908,1.7129
country_japan,2025.5,1.6083,96.6667,1.7250
country_japan,2025.6,1.6204,96.6425,1.7371
country_japan,2025.7,1.6324,96.6184,1.7493
country_japan,2025.8,1.6444,96.5942,1.7614
country_japan,2025.9,1.6564,96.5701,1.7735
country_japan,2026.0,1.6685,96.5459,1.7856
country_japan,2026.1,1.6805,96.5217,1.7977
country_japan,2026.2,1.6926,96.4976,1.8099
country_japan,2026.3,1.7046,96.4734,1.8220
country_japan,2026.4,1.7167,96.4492,1.8341
country_japan,2026.5,1.7288,96.4250,1.8462
country_japan,2026.6,1.7409,96.4008,1.8583
country_japan,2026.7,1.7529,96.3766,1.8704
country_japan,2026.8,1.7650,96.3524,1.8825
country_japan,2026.9,1.7771,96.3282,1.8947
country_japan,2027.0,1.7892,96.3040,1.9068
country_japan,2027.1,1.8013,96.2798,1.9189
country_japan,2027.2,1.8134,96.2556,1.9310
country_japan,2027.3,1.8256,96.2314,1.9431
country_japan,2027.4,1.8377,96.2071,1.9552
country_japan,2027.5,1.8498,96.1829,1.9673
country_japan,2027.6,1.8619,96.1587,1.9794
country_japan,2027.7,1.8741,96.1345,1.9915
country_japan,2027.8,1.8862,96.1102,2.0036
country_japan,2027.9,1.8984,96.0860,2.0157
country_japan,2028.0,1.9105,96.0617,2.0278
country_japan,2028.1,1.9227,96.0375,2.0399
country_japan,2028.2,1.9348,96.0132,2.0520
country_japan,2028.3,1.9470,95.9890,2.0640
country_japan,2028.4,1.9592,95.9647,2.0761
country_japan,2028.5,1.9713,95.9404,2.0882
country_japan,2028.6,1.9835,95.9162,2.1003
country_japan,2028.7,1.9957,95.8919,2.1124
country_japan,2028.8,2.0079,95.8676,2.1245
country_japan,2028.9,2.0201,95.8433,2.1366
country_japan,2029.0,2.0323,95.8191,2.1486
country_japan,2029.1,2.0445,95.7948,2.1607
country_japan,2029.2,2.0567,95.7705,2.1728
country_japan,2029.3,2.0689,95.7462,2.1849
country_japan,2029.4,2.0812,95.7219,2.1969
country_japan,2029.5,2.0934,95.6976,2.2090
country_japan,2029.6,2.1056,95.6733,2.2211
country_japan,2029.7,2.1178,95.6490,2.2331
country_japan,2029.8,2.1301,95.6247,2.2452
country_japan,2029.9,2.1423,95.6004,2.2573
country_japan,2030.0,2.1546,95.5761,2.2693
country_japan,2030.1,2.1668,95.5518,2.2814
country_japan,2030.2,2.1791,95.5275,2.2934
country_japan,2030.3,2.1913,95.5032,2.3055
country_japan,2030.4,2.2036,95.4788,2.3176
country_japan,2030.5,2.2159,95.4545,2.3296
country_japan,2030.6,2.2281,95.4302,2.3417
country_japan,2030.7,2.2404,95.4059,2.3537
country_japan,2030.8,2.2527,95.3816,2.3657
country_japan,2030.9,2.2650,95.3572,2.3778
country_japan,2031.0,2.2773,95.3329,2.3898
country_japan,2031.1,2.2896,95.3086,2.4019
country_japan,2031.2,2.3019,95.2842,2.4139
country_japan,2031.3,2.3142,95.2599,2.4259
country_japan,2031.4,2.3265,95.2355,2.4380
country_japan,2031.5,2.3388,95.2112,2.4500
country_japan,2031.6,2.3511,95.1869,2.4620
country_japan,2031.7,2.3634,95.1625,2.4741
country_japan,2031.8,2.3757,95.1382,2.4861
country_japan,2031.9,2.3881,95.1138,2.4981
country_japan,2032.0,2.4004,95.0895,2.5101
country_japan,2032.1,2.4127,95.0651,2.5222
country_japan,2032.2,2.4251,95.0408,2.5342
country_japan,2032.3,2.4374,95.0164,2.5462
country_japan,2032.4,2.4497,94.9921,2.5582
country_japan,2032.5,2.4621,94.9677,2.5702
country_japan,2032.6,2.4744,94.9433,2.5822
country_japan,2032.7,2.4868,94.9190,2.5942
country_japan,2032.8,2.4992,94.8946,2.6062
country_japan,2032.9,2.5115,94.8703,2.6182
country_japan,2033.0,2.5239,94.8459,2.6302
country_japan,2033.1,2.5363,94.8215,2.6422
country_japan,2033.2,2.5486,94.7972,2.6542
country_japan,2033.3,2.5610,94.7728,2.6662
country_japan,2033.4,2.5734,94.7484,2.6782
country_japan,2033.5,2.5858,94.7241,2.6902
country_japan,2033.6,2.5982,94.6997,2.7022
country_japan,2033.7,2.6106,94.6753,2.7141
country_japan,2033.8,2.6230,94.6509,2.7261
country_japan,2033.9,2.6354,94.6266,2.7381
country_japan,2034.0,2.6478,94.6022,2.7501
country_japan,2034.1,2.6602,94.5778,2.7620
country_japan,2034.2,2.6726,94.5534,2.7740
country_japan,2034.3,2.6850,94.5290,2.7860
country_japan,2034.4,2.6974,94.5047,2.7979
country_japan,2034.5,2.7098,94.4803,2.8099
country_japan,2034.6,2.7222,94.4559,2.8219
country_japan,2034.7,2.7347,94.4315,2.8338
country_japan,2034.8,2.7471,94.4071,2.8458
country_japan,2034.9,2.7595,94.3828,2.8577
country_japan,2035.0,2.7720,94.3584,2.8697
country_japan,2035.1,2.7844,94.3340,2.8816
country_japan,2035.2,2.7968,94.3096,2.8936
country_japan,2035.3,2.8093,94.2852,2.9055
country_japan,2035.4,2.8217,94.2608,2.9174
country_japan,2035.5,2.8342,94.2364,2.9294
country_japan,2035.6,2.8466,94.2121,2.9413
country_japan,2035.7,2.8591,94.1877,2.9532
country_japan,2035.8,2.8715,94.1633,2.9652
country_japan,2035.9,2.8840,94.1389,2.9771
country_japan,2036.0,2.8965,94.1145,2.9890
country_japan,2036.1,2.9089,94.0901,3.0009
country_japan,2036.2,2.9214,94.0657,3.0129
country_japan,2036.3,2.9339,94.0413,3.0248
country_japan,2036.4,2.9464,94.0170,3.0367
country_japan,2036.5,2.9588,93.9926,3.0486
country_japan,2036.6,2.9713,93.9682,3.0605
country_japan,2036.7,2.9838,93.9438,3.0724
country_japan,2036.8,2.9963,93.9194,3.0843
country_japan,2036.9,3.0088,93.8950,3.0962
country_japan,2037.0,3.0213,93.8706,3.1081
country_japan,2037.1,3.0338,93.8462,3.1200
country_japan,2037.2,3.0463,93.8218,3.1319
country_japan,2037.3,3.0588,93.7974,3.1438
country_japan,2037.4,3.0713,93.7730,3.1557
country_japan,2037.5,3.0838,93.7487,3.1675
country_japan,2037.6,3.0963,93.7243,3.1794
country_japan,2037.7,3.1088,93.6999,3.1913
country_japan,2037.8,3.1214,93.6755,3.2032
country_japan,2037.9,3.1339,93.6511,3.2150
country_japan,2038.0,3.1464,93.6267,3.2269
country_japan,2038.1,3.1589,93.6023,3.2388
country_japan,2038.2,3.1714,93.5779,3.2506
country_japan,2038.3,3.1840,93.5535,3.2625
country_japan,2038.4,3.1965,93.5292,3.2743
country_japan,2038.5,3.2090,93.5048,3.2862
country_japan,2038.6,3.2216,93.4804,3.2980
country_japan,2038.7,3.2341,93.4560,3.3099
country_japan,2038.8,3.2467,93.4316,3.3217
country_japan,2038.9,3.2592,93.4072,3.3336
country_japan,2039.0,3.2718,93.3828,3.3454
country_japan,2039.1,3.2843,93.3584,3.3573
country_japan,2039.2,3.2969,93.3341,3.3691
country_japan,2039.3,3.3094,93.3097,3.3809
country_japan,2039.4,3.3220,93.2853,3.3927
country_japan,2039.5,3.3345,93.2609,3.4046
country_japan,2039.6,3.3471,93.2365,3.4164
country_japan,2039.7,3.3597,93.2121,3.4282
country_japan,2039.8,3.3722,93.1878,3.4400
country_japan,2039.9,3.3848,93.1634,3.4518
country_japan,2040.0,3.3974,93.1390,3.4636
country_japan,2040.1,3.4099,93.1146,3.4754
country_japan,2040.2,3.4225,93.0902,3.4872
country_japan,2040.3,3.4351,93.0658,3.4990
country_japan,2040.4,3.4477,93.0415,3.5108
country_japan,2040.5,3.4603,93.0171,3.5226
country_japan,2040.6,3.4729,92.9927,3.5344
country_japan,2040.7,3.4854,92.9683,3.5462
country_japan,2040.8,3.4980,92.9440,3.5580
country_japan,2040.9,3.5106,92.9196,3.5698
country_japan,2041.0,3.5232,92.8952,3.5816
country_japan,2041.1,3.5358,92.8708,3.5933
country_japan,2041.2,3.5484,92.8465,3.6051
country_japan,2041.3,3.5610,92.8221,3.6169
country_japan,2041.4,3.5736,92.7977,3.6286
country_japan,2041.5,3.5862,92.7734,3.6404
country_japan,2041.6,3.5988,92.7490,3.6522
country_japan,2041.7,3.6114,92.7246,3.6639
country_japan,2041.8,3.6241,92.7003,3.6757
country_japan,2041.9,3.6367,92.6759,3.6874
country_japan,2042.0,3.6493,92.6515,3.6992
country_japan,2042.1,3.6619,92.6272,3.7109
country_japan,2042.2,3.6745,92.6028,3.7227
country_japan,2042.3,3.6872,92.5784,3.7344
country_japan,2042.4,3.6998,92.5541,3.7461
country_japan,2042.5,3.7124,92.5297,3.7579
country_japan,2042.6,3.7250,92.5054,3.7696
country_japan,2042.7,3.7377,92.4810,3.7813
country_japan,2042.8,3.7503,92.4567,3.7930
country_japan,2042.9,3.7629,92.4323,3.8048
country_japan,2043.0,3.7756,92.4080,3.8165
country_japan,2043.1,3.7882,92.3836,3.8282
country_japan,2043.2,3.8009,92.3593,3.8399
country_japan,2043.3,3.8135,92.3349,3.8516
country_japan,2043.4,3.8261,92.3106,3.8633
country_japan,2043.5,3.8388,92.2862,3.8750
country_japan,2043.6,3.8514,92.2619,3.8867
country_japan,2043.7,3.8641,92.2375,3.8984
country_japan,2043.8,3.8767,92.2132,3.9101
country_japan,2043.9,3.8894,92.1888,3.9218
country_japan,2044.0,3.9021,92.1645,3.9334
country_japan,2044.1,3.9147,92.1402,3.9451
country_japan,2044.2,3.9274,92.1158,3.9568
country_japan,2044.3,3.9400,92.0915,3.9685
country_japan,2044.4,3.9527,92.0672,3.9801
country_japan,2044.5,3.9654,92.0428,3.9918
country_japan,2044.6,3.9780,92.0185,4.0035
country_japan,2044.7,3.9907,91.9942,4.0151
country_japan,2044.8,4.0034,91.9698,4.0268
country_japan,2044.9,4.0160,91.9455,4.0384
country_japan,2045.0,4.0287,91.9212,4.0501
country_japan,2045.1,4.0414,91.8969,4.0617
country_japan,2045.2,4.0541,91.8725,4.0734
country_japan,2045.3,4.0668,91.8482,4.0850
country_japan,2045.4,4.0794,91.8239,4.0967
country_japan,2045.5,4.0921,91.7996,4.1083
country_japan,2045.6,4.1048,91.7753,4.1199
country_japan,2045.7,4.1175,91.7510,4.1316
country_japan,2045.8,4.1302,91.7266,4.1432
country_japan,2045.9,4.1429,91.7023,4.1548
country_japan,2046.0,4.1556,91.6780,4.1664
country_japan,2046.1,4.1683,91.6537,4.1780
country_japan,2046.2,4.1809,91.6294,4.1896
country_japan,2046.3,4.1936,91.6051,4.2012
country_japan,2046.4,4.2063,91.5808,4.2128
country_japan,2046.5,4.2190,91.5565,4.2244
country_japan,2046.6,4.2317,91.5322,4.2360
country_japan,2046.7,4.2444,91.5079,4.2476
country_japan,2046.8,4.2571,91.4836,4.2592
country_japan,2046.9,4.2699,91.4593,4.2708
country_japan,2047.0,4.2826,91.4350,4.2824
country_japan,2047.1,4.2953,91.4108,4.2940
country_japan,2047.2,4.3080,91.3865,4.3056
country_japan,2047.3,4.3207,91.3622,4.3171
country_japan,2047.4,4.3334,91.3379,4.3287
country_japan,2047.5,4.3461,91.3136,4.3403
country_japan,2047.6,4.3588,91.2893,4.3518
country_japan,2047.7,4.3716,91.2651,4.3634
country_japan,2047.8,4.3843,91.2408,4.3749
country_japan,2047.9,4.3970,91.2165,4.3865
country_japan,2048.0,4.4097,91.1922,4.3980
country_japan,2048.1,4.4225,91.1680,4.4096
country_japan,2048.2,4.4352,91.1437,4.4211
country_japan,2048.3,4.4479,91.1194,4.4327
country_japan,2048.4,4.4606,91.0952,4.4442
country_japan,2048.5,4.4734,91.0709,4.4557
country_japan,2048.6,4.4861,91.0467,4.4672
country_japan,2048.7,4.4988,91.0224,4.4788
country_japan,2048.8,4.5116,90.9981,4.4903
country_japan,2048.9,4.5243,90.9739,4.5018
country_japan,2049.0,4.5370,90.9496,4.5133
country_japan,2049.1,4.5498,90.9254,4.5248
country_japan,2049.2,4.5625,90.9011,4.5363
country_japan,2049.3,4.5753,90.8769,4.5478
country_japan,2049.4,4.5880,90.8527,4.5593
country_japan,2049.5,4.6007,90.8284,4.5708
country_japan,2049.6,4.6135,90.8042,4.5823
country_japan,2049.7,4.6262,90.7799,4.5938
country_japan,2049.8,4.6390,90.7557,4.6053
country_japan,2049.9,4.6517,90.7315,4.6168
country_japan,2050.0,4.6645,90.7073,4.6283
country_france,2015.0,0.0724,99.8205,0.1071
country_france,2015.1,0.0910,99.7788,0.1302
country_france,2015.2,0.1120,99.7324,0.1556
country_france,2015.3,0.1357,99.6811,0.1832
country_france,2015.4,0.1620,99.6249,0.2131
country_france,2015.5,0.1911,99.5638,0.2451
country_france,2015.6,0.2230,99.4976,0.2794
country_france,2015.7,0.2578,99.4264,0.3158
country_france,2015.8,0.2955,99.3501,0.3544
country_france,2015.9,0.3363,99.2685,0.3951
country_france,2016.0,0.3802,99.1818,0.4380
country_france,2016.1,0.4272,99.0898,0.4830
country_france,2016.2,0.4774,98.9926,0.5300
country_france,2016.3,0.5309,98.8900,0.5791
country_france,2016.4,0.5877,98.7821,0.6303
country_france,2016.5,0.6478,98.6688,0.6834
country_france,2016.6,0.7114,98.5500,0.7385
country_france,2016.7,0.7784,98.4259,0.7956
country_france,2016.8,0.8490,98.2964,0.8547
country_france,2016.9,0.9230,98.1613,0.9156
country_france,2017.0,1.0007,98.0208,0.9785
country_france,2017.1,1.0820,97.8748,1.0432
country_france,2017.2,1.1670,97.7234,1.1097
country_france,2017.3,1.2557,97.5664,1.1780
country_france,2017.4,1.3481,97.4039,1.2481
country_france,2017.5,1.4443,97.2358,1.3199
country_france,2017.6,1.5443,97.0623,1.3934
country_france,2017.7,1.6481,96.8832,1.4687
country_france,2017.8,1.7558,96.6986,1.5455
country_france,2017.9,1.8675,96.5085,1.6240
country_france,2018.0,1.9830,96.3129,1.7041
country_france,2018.1,2.1025,96.1117,1.7857
country_france,2018.2,2.2260,95.9051,1.8689
country_france,2018.3,2.3535,95.6930,1.9535
country_france,2018.4,2.4851,95.4754,2.0396
country_france,2018.5,2.6206,95.2523,2.1270
country_france,2018.6,2.7603,95.0238,2.2159
country_france,2018.7,2.9040,94.7898,2.3061
country_france,2018.8,3.0519,94.5505,2.3977
country_france,2018.9,3.2038,94.3057,2.4905
country_france,2019.0,3.3599,94.0556,2.5845
country_france,2019.1,3.5202,93.8001,2.6797
country_france,2019.2,3.6846,93.5392,2.7761
country_france,2019.3,3.8532,93.2731,2.8737
country_france,2019.4,4.0260,93.0017,2.9723
country_france,2019.5,4.2030,92.7250,3.0719
country_france,2019.6,4.3842,92.4432,3.1726
country_france,2019.7,4.5696,92.1561,3.2743
country_france,2019.8,4.7593,91.8639,3.3768
country_france,2019.9,4.9531,91.5666,3.4803
country_france,2020.0,5.1512,91.2642,3.5846
country_france,2020.1,5.3535,90.9567,3.6898
country_france,2020.2,5.5601,90.6443,3.7957
country_france,2020.3,5.7708,90.3268,3.9023
country_france,2020.4,5.9858,90.0045,4.0097
country_france,2020.5,6.2051,89.6773,4.1177
country_france,2020.6,6.4285,89.3452,4.2263
country_france,2020.7,6.6562,89.0083,4.3354
country_france,2020.8,6.8881,88.6667,4.4451
country_france,2020.9,7.1243,88.3204,4.5553
country_france,2021.0,7.3646,87.9694,4.6660
country_france,2021.1,7.6091,87.6139,4.7770
country_france,2021.2,7.8578,87.2537,4.8885
country_france,2021.3,8.1107,86.8891,5.0002
country_france,2021.4,8.3677,86.5201,5.1122
country_france,2021.5,8.6289,86.1466,5.2245
country_france,2021.6,8.8942,85.7688,5.3370
country_france,2021.7,9.1637,85.3867,5.4496
country_france,2021.8,9.4372,85.0004,5.5623
country_france,2021.9,9.7149,84.6100,5.6752
country_france,2022.0,9.9966,84.2154,5.7880
country_france,2022.1,10.2824,83.8168,5.9009
country_france,2022.2,10.5722,83.4142,6.0137
country_france,2022.3,10.8660,83.0076,6.1264
country_france,2022.4,11.1638,82.5972,6.2390
country_france,2022.5,11.4655,82.1830,6.3514
country_france,2022.6,11.7712,81.7651,6.4637
country_france,2022.7,12.0809,81.3435,6.5756
country_france,2022.8,12.3944,80.9183,6.6873
country_france,2022.9,12.7117,80.4896,6.7987
country_france,2023.0,13.0330,80.0574,6.9097
country_france,2023.1,13.3580,79.6218,7.0202
country_france,2023.2,13.6868,79.1829,7.1304
country_france,2023.3,14.0193,78.7407,7.2400
country_france,2023.4,14.3555,78.2953,7.3492
country_france,2023.5,14.6955,77.8468,7.4577
country_france,2023.6,15.0391,77.3952,7.5657
country_france,2023.7,15.3863,76.9407,7.6731
country_france,2023.8,15.7370,76.4832,7.7797
country_france,2023.9,16.0913,76.0230,7.8857
country_france,2024.0,16.4492,75.5599,7.9909
country_france,2024.1,16.8105,75.0942,8.0953
country_france,2024.2,17.1752,74.6259,8.1990
country_france,2024.3,17.5433,74.1550,8.3017
country_france,2024.4,17.9147,73.6817,8.4036
country_france,2024.5,18.2895,73.2059,8.5046
country_france,2024.6,18.6675,72.7279,8.6046
country_france,2024.7,19.0488,72.2476,8.7036
country_france,2024.8,19.4332,71.7652,8.8016
country_france,2024.9,19.8207,71.2807,8.8986
country_france,2025.0,20.2114,70.7942,8.9944
country_france,2025.1,20.6051,70.3057,9.0892
country_france,2025.2,21.0018,69.8154,9.1828
country_france,2025.3,21.4014,69.3233,9.2752
country_france,2025.4,21.8040,68.8295,9.3665
country_france,2025.5,22.2094,68.3341,9.4565
country_france,2025.6,22.6176,67.8372,9.5452
country_france,2025.7,23.0286,67.3388,9.6327
country_france,2025.8,23.4422,66.8390,9.7188
country_france,2025.9,23.8586,66.3378,9.8036
country_france,2026.0,24.2775,65.8355,9.8870
country_france,2026.1,24.6990,65.3320,9.9691
country_france,2026.2,25.1230,64.8274,10.0497
country_france,2026.3,25.5494,64.3218,10.1288
country_france,2026.4,25.9782,63.8152,10.2065
country_france,2026.5,26.4094,63.3079,10.2828
country_france,2026.6,26.8428,62.7997,10.3575
country_france,2026.7,27.2785,62.2909,10.4306
country_france,2026.8,27.7163,61.7814,10.5023
country_france,2026.9,28.1563,61.2714,10.5723
country_france,2027.0,28.5983,60.7609,10.6408
country_france,2027.1,29.0423,60.2500,10.7076
country_france,2027.2,29.4883,59.7388,10.7729
country_france,2027.3,29.9362,59.2274,10.8365
country_france,2027.4,30.3859,58.7158,10.8984
country_france,2027.5,30.8373,58.2041,10.9586
country_france,2027.6,31.2905,57.6923,11.0172
country_france,2027.7,31.7453,57.1806,11.0740
country_france,2027.8,32.2018,56.6691,11.1292
country_france,2027.9,32.6597,56.1577,11.1826
country_france,2028.0,33.1192,55.6466,11.2342
country_france,2028.1,33.5800,55.1358,11.2841
country_france,2028.2,34.0423,54.6255,11.3322
country_france,2028.3,34.5058,54.1156,11.3786
country_france,2028.4,34.9705,53.6063,11.4232
country_france,2028.5,35.4365,53.0976,11.4660
country_france,2028.6,35.9035,52.5895,11.5069
country_france,2028.7,36.3716,52.0822,11.5461
country_france,2028.8,36.8407,51.5758,11.5835
country_france,2028.9,37.3108,51.0702,11.6190
country_france,2029.0,37.7817,50.5656,11.6527
country_france,2029.1,38.2534,50.0620,11.6846
country_france,2029.2,38.7259,49.5594,11.7147
country_france,2029.3,39.1990,49.0581,11.7429
country_france,2029.4,39.6728,48.5579,11.7693
country_france,2029.5,40.1472,48.0590,11.7939
country_france,2029.6,40.6220,47.5614,11.8166
country_france,2029.7,41.0973,47.0652,11.8375
country_france,2029.8,41.5730,46.5705,11.8565
country_france,2029.9,42.0490,46.0773,11.8737
country_france,2030.0,42.5253,45.5856,11.8891
country_france,2030.1,43.0018,45.0956,11.9026
country_france,2030.2,43.4784,44.6072,11.9144
country_france,2030.3,43.9551,44.1206,11.9243
country_france,2030.4,44.4319,43.6358,11.9323
country_france,2030.5,44.9086,43.1528,11.9386
country_france,2030.6,45.3852,42.6717,11.9431
country_france,2030.7,45.8616,42.1926,11.9458
country_france,2030.8,46.3379,41.7155,11.9467
country_france,2030.9,46.8138,41.2404,11.9458
country_france,2031.0,47.2895,40.7674,11.9431
country_france,2031.1,47.7647,40.2966,11.9387
country_france,2031.2,48.2395,39.8280,11.9325
country_france,2031.3,48.7138,39.3616,11.9246
country_france,2031.4,49.1876,38.8975,11.9149
country_france,2031.5,49.6607,38.4358,11.9035
country_france,2031.6,50.1331,37.9764,11.8905
country_france,2031.7,50.6048,37.5195,11.8757
country_france,2031.8,51.0758,37.0650,11.8592
country_france,2031.9,51.5459,36.6130,11.8411
country_france,2032.0,52.0151,36.1636,11.8214
country_france,2032.1,52.4833,35.7167,11.8000
country_france,2032.2,52.9506,35.2725,11.7769
country_france,2032.3,53.4168,34.8309,11.7523
country_france,2032.4,53.8819,34.3920,11.7261
country_france,2032.5,54.3458,33.9559,11.6983
country_france,2032.6,54.8086,33.5225,11.6690
country_france,2032.7,55.2700,33.0919,11.6381
country_france,2032.8,55.7302,32.6641,11.6057
country_france,2032.9,56.1890,32.2392,11.5718
country_france,2033.0,56.6464,31.8172,11.5364
country_france,2033.1,57.1023,31.3981,11.4996
country_france,2033.2,57.5567,30.9819,11.4613
country_france,2033.3,58.0096,30.5687,11.4216
country_france,2033.4,58.4609,30.1586,11.3806
country_france,2033.5,58.9105,29.7514,11.3381
country_france,2033.6,59.3584,29.3473,11.2943
country_france,2033.7,59.8046,28.9463,11.2491
country_france,2033.8,60.2490,28.5483,11.2026
country_france,2033.9,60.6916,28.1535,11.1549
country_france,2034.0,61.1323,27.7618,11.1059
country_france,2034.1,61.5712,27.3733,11.0556
country_france,2034.2,62.0080,26.9879,11.0041
country_france,2034.3,62.4429,26.6057,10.9514
country_france,2034.4,62.8757,26.2268,10.8975
country_france,2034.5,63.3065,25.8510,10.8425
country_france,2034.6,63.7352,25.4785,10.7863
country_france,2034.7,64.1617,25.1093,10.7291
country_france,2034.8,64.5860,24.7433,10.6707
country_france,2034.9,65.0081,24.3805,10.6113
country_france,2035.0,65.4280,24.0211,10.5509
country_france,2035.1,65.8455,23.6650,10.4895
country_france,2035.2,66.2608,23.3122,10.4271
country_france,2035.3,66.6736,22.9626,10.3637
country_france,2035.4,67.0841,22.6164,10.2994
country_france,2035.5,67.4922,22.2736,10.2342
country_france,2035.6,67.8978,21.9340,10.1681
country_france,2035.7,68.3010,21.5978,10.1012
country_france,2035.8,68.7016,21.2650,10.0334
country_france,2035.9,69.0997,20.9355,9.9649
country_france,2036.0,69.4952,20.6093,9.8955
country_france,2036.1,69.8881,20.2865,9.8254
country_france,2036.2,70.2784,19.9670,9.7546
country_france,2036.3,70.6660,19.6509,9.6830
country_france,2036.4,71.0510,19.3382,9.6108
country_france,2036.5,71.4333,19.0288,9.5380
country_france,2036.6,71.8128,18.7227,9.4645
country_france,2036.7,72.1897,18.4200,9.3904
country_france,2036.8,72.5637,18.1206,9.3157
country_france,2036.9,72.9350,17.8245,9.2405
country_france,2037.0,73.3035,17.5318,9.1647
country_france,2037.1,73.6691,17.2424,9.0885
country_france,2037.2,74.0319,16.9563,9.0118
country_france,2037.3,74.3919,16.6735,8.9346
country_france,2037.4,74.7490,16.3940,8.8570
country_france,2037.5,75.1032,16.1178,8.7790
country_france,2037.6,75.4545,15.8449,8.7006
country_france,2037.7,75.8028,15.5753,8.6219
country_france,2037.8,76.1483,15.3089,8.5428
country_france,2037.9,76.4908,15.0458,8.4634
country_france,2038.0,76.8303,14.7859,8.3838
country_france,2038.1,77.1669,14.5293,8.3038
country_france,2038.2,77.5005,14.2758,8.2237
country_france,2038.3,77.8311,14.0256,8.1433
country_france,2038.4,78.1587,13.7785,8.0628
country_france,2038.5,78.4833,13.5347,7.9820
country_france,2038.6,78.8049,13.2939,7.9012
country_france,2038.7,79.1235,13.0564,7.8202
country_france,2038.8,79.4390,12.8219,7.7391
country_france,2038.9,79.7515,12.5906,7.6579
country_france,2039.0,80.0610,12.3623,7.5767
country_france,2039.1,80.3674,12.1371,7.4954
country_france,2039.2,80.6708,11.9150,7.4141
country_france,2039.3,80.9712,11.6959,7.3329
country_france,2039.4,81.2685,11.4799,7.2516
country_france,2039.5,81.5628,11.2668,7.1704
country_france,2039.6,81.8540,11.0568,7.0893
country_france,2039.7,82.1422,10.8497,7.0082
country_france,2039.8,82.4273,10.6455,6.9272
country_france,2039.9,82.7094,10.4442,6.8464
country_france,2040.0,82.9884,10.2459,6.7657
country_france,2040.1,83.2644,10.0504,6.6852
country_france,2040.2,83.5374,9.8578,6.6048
country_france,2040.3,83.8073,9.6681,6.5246
country_france,2040.4,84.0742,9.4811,6.4447
country_france,2040.5,84.3381,9.2970,6.3649
country_france,2040.6,84.5990,9.1156,6.2855
country_france,2040.7,84.8568,8.9369,6.2062
country_france,2040.8,85.1117,8.7610,6.1273
country_france,2040.9,85.3636,8.5878,6.0486
country_france,2041.0,85.6125,8.4173,5.9703
country_france,2041.1,85.8584,8.2494,5.8923
country_france,2041.2,86.1013,8.0841,5.8146
country_france,2041.3,86.3413,7.9215,5.7372
country_france,2041.4,86.5783,7.7614,5.6603
country_france,2041.5,86.8124,7.6039,5.5837
country_france,2041.6,87.0436,7.4489,5.5075
country_france,2041.7,87.2719,7.2965,5.4317
country_france,2041.8,87.4973,7.1465,5.3563
country_france,2041.9,87.7197,6.9989,5.2813
country_france,2042.0,87.9393,6.8538,5.2068
country_france,2042.1,88.1561,6.7112,5.1328
country_france,2042.2,88.3700,6.5708,5.0592
country_france,2042.3,88.5811,6.4329,4.9860
country_france,2042.4,88.7893,6.2973,4.9134
country_france,2042.5,88.9948,6.1640,4.8413
country_france,2042.6,89.1974,6.0329,4.7696
country_france,2042.7,89.3973,5.9042,4.6985
country_france,2042.8,89.5945,5.7776,4.6279
country_france,2042.9,89.7889,5.6533,4.5578
country_france,2043.0,89.9806,5.5311,4.4883
country_france,2043.1,90.1696,5.4111,4.4193
country_france,2043.2,90.3559,5.2932,4.3509
country_france,2043.3,90.5395,5.1774,4.2830
country_france,2043.4,90.7205,5.0637,4.2157
country_france,2043.5,90.8989,4.9521,4.1490
country_france,2043.6,91.0747,4.8424,4.0829
country_france,2043.7,91.2479,4.7348,4.0174
country_france,2043.8,91.4185,4.6291,3.9524
country_france,2043.9,91.5865,4.5254,3.8881
country_france,2044.0,91.7520,4.4236,3.8243
country_france,2044.1,91.9151,4.3237,3.7612
country_france,2044.2,92.0756,4.2257,3.6987
country_france,2044.3,92.2337,4.1295,3.6368
country_france,2044.4,92.3893,4.0352,3.5755
country_france,2044.5,92.5425,3.9426,3.5149
country_france,2044.6,92.6933,3.8519,3.4548
country_france,2044.7,92.8417,3.7628,3.3955
country_france,2044.8,92.9878,3.6755,3.3367
country_france,2044.9,93.1315,3.5899,3.2786
country_france,2045.0,93.2729,3.5060,3.2211
country_france,2045.1,93.4120,3.4237,3.1643
country_france,2045.2,93.5488,3.3430,3.1081
country_france,2045.3,93.6834,3.2640,3.0526
country_france,2045.4,93.8158,3.1865,2.9977
country_france,2045.5,93.9459,3.1106,2.9435
country_france,2045.6,94.0739,3.0362,2.8899
country_france,2045.7,94.1998,2.9633,2.8370
country_france,2045.8,94.3234,2.8919,2.7847
country_france,2045.9,94.4450,2.8219,2.7330
country_france,2046.0,94.5645,2.7534,2.6820
country_france,2046.1,94.6819,2.6864,2.6317
country_france,2046.2,94.7973,2.6207,2.5820
country_france,2046.3,94.9107,2.5564,2.5330
country_france,2046.4,95.0221,2.4934,2.4846
country_france,2046.5,95.1314,2.4317,2.4368
country_france,2046.6,95.2389,2.3714,2.3897
country_france,2046.7,95.3444,2.3123,2.3432
country_france,2046.8,95.4480,2.2546,2.2974
country_france,2046.9,95.5498,2.1980,2.2522
country_france,2047.0,95.6497,2.1427,2.2077
country_france,2047.1,95.7477,2.0886,2.1637
country_france,2047.2,95.8439,2.0356,2.1204
country_france,2047.3,95.9384,1.9838,2.0778
country_france,2047.4,96.0311,1.9332,2.0357
country_france,2047.5,96.1220,1.8836,1.9943
country_france,2047.6,96.2113,1.8352,1.9535
country_france,2047.7,96.2988,1.7878,1.9133
country_france,2047.8,96.3847,1.7416,1.8738
country_france,2047.9,96.4689,1.6963,1.8348
country_france,2048.0,96.5515,1.6521,1.7965
country_france,2048.1,96.6325,1.6088,1.7587
country_france,2048.2,96.7119,1.5666,1.7215
country_france,2048.3,96.7897,1.5253,1.6850
country_france,2048.4,96.8660,1.4850,1.6490
country_france,2048.5,96.9408,1.4456,1.6136
country_france,2048.6,97.0141,1.4071,1.5788
country_france,2048.7,97.0859,1.3696,1.5445
country_france,2048.8,97.1563,1.3329,1.5108
country_france,2048.9,97.2253,1.2970,1.4777
country_france,2049.0,97.2928,1.2620,1.4452
country_france,2049.1,97.3590,1.2279,1.4132
country_france,2049.2,97.4238,1.1945,1.3817
country_france,2049.3,97.4872,1.1620,1.3508
country_france,2049.4,97.5494,1.1302,1.3205
country_france,2049.5,97.6102,1.0992,1.2906
country_france,2049.6,97.6698,1.0689,1.2613
country_france,2049.7,97.7281,1.0394,1.2326
country_france,2049.8,97.7851,1.0106,1.2043
country_france,2049.9,97.8409,0.9825,1.1765
country_france,2050.0,97.8956,0.9551,1.1493
