group,year,bev_share,ice_share,phev_share
world,2015.0,0.3947,99.5176,0.1564
world,2015.1,0.4212,99.4853,0.1648
world,2015.2,0.4490,99.4512,0.1735
world,2015.3,0.4782,99.4153,0.1826
world,2015.4,0.5089,99.3775,0.1920
world,2015.5,0.5411,99.3377,0.2018
world,2015.6,0.5748,99.2958,0.2120
world,2015.7,0.6101,99.2518,0.2225
world,2015.8,0.6470,99.2055,0.2334
world,2015.9,0.6857,99.1570,0.2446
world,2016.0,0.7260,99.1062,0.2563
world,2016.1,0.7681,99.0529,0.2683
world,2016.2,0.8120,98.9970,0.2806
world,2016.3,0.8577,98.9386,0.2934
world,2016.4,0.9054,98.8775,0.3066
world,2016.5,0.9550,98.8136,0.3201
world,2016.6,1.0066,98.7469,0.3340
world,2016.7,1.0603,98.6773,0.3483
world,2016.8,1.1160,98.6046,0.3630
world,2016.9,1.1739,98.5288,0.3781
world,2017.0,1.2340,98.4498,0.3936
world,2017.1,1.2965,98.3666,0.4102
world,2017.2,1.3613,98.2798,0.4273
world,2017.3,1.4285,98.1894,0.4449
world,2017.4,1.4982,98.0952,0.4631
world,2017.5,1.5703,97.9971,0.4818
world,2017.6,1.6449,97.8951,0.5009
world,2017.7,1.7221,97.7890,0.5206
world,2017.8,1.8019,97.6788,0.5408
world,2017.9,1.8845,97.5643,0.5614
world,2018.0,1.9698,97.4454,0.5866
world,2018.1,2.0584,97.3221,0.6219
world,2018.2,2.1495,97.1941,0.6590
world,2018.3,2.2435,97.0615,0.6978
world,2018.4,2.3404,96.9241,0.7384
world,2018.5,2.4403,96.7817,0.7809
world,2018.6,2.5432,96.6343,0.8253
world,2018.7,2.6493,96.4818,0.8717
world,2018.8,2.7585,96.3241,0.9202
world,2018.9,2.8709,96.1610,0.9708
world,2019.0,2.9867,95.9924,1.0236
world,2019.1,3.1057,95.8182,1.0787
world,2019.2,3.2282,95.6384,1.1360
world,2019.3,3.3541,95.4526,1.1957
world,2019.4,3.4835,95.2610,1.2578
world,2019.5,3.6164,95.0633,1.3224
world,2019.6,3.7530,94.8594,1.3895
world,2019.7,3.8932,94.6492,1.4593
world,2019.8,4.0371,94.4326,1.5317
world,2019.9,4.1848,94.2095,1.6069
world,2020.0,4.3363,93.9798,1.6848
world,2020.1,4.4916,93.7433,1.7657
world,2020.2,4.6509,93.5000,1.8497
world,2020.3,4.8142,93.2496,1.9366
world,2020.4,4.9815,92.9923,2.0266
world,2020.5,5.1529,92.7277,2.1197
world,2020.6,5.3284,92.4559,2.2160
world,2020.7,5.5081,92.1767,2.3155
world,2020.8,5.6920,91.8900,2.4183
world,2020.9,5.8802,91.5958,2.5243
world,2021.0,6.0728,91.2939,2.6337
world,2021.1,6.2697,90.9843,2.7464
world,2021.2,6.4711,90.6669,2.8625
world,2021.3,6.6769,90.3415,2.9821
world,2021.4,6.8873,90.0082,3.1051
world,2021.5,7.1022,89.6669,3.2315
world,2021.6,7.3217,89.3174,3.3614
world,2021.7,7.5459,88.9599,3.4949
world,2021.8,7.7749,88.5941,3.6318
world,2021.9,8.0085,88.2200,3.7722
world,2022.0,8.2470,87.8377,3.9161
world,2022.1,8.4903,87.4471,4.0634
world,2022.2,8.7384,87.0481,4.2143
world,2022.3,8.9915,86.6408,4.3685
world,2022.4,9.2496,86.2251,4.5262
world,2022.5,9.5126,85.8011,4.6872
world,2022.6,9.7806,85.3687,4.8516
world,2022.7,10.0537,84.9280,5.0192
world,2022.8,10.3320,84.4790,5.1900
world,2022.9,10.6153,84.0217,5.3639
world,2023.0,10.9038,83.5563,5.5409
world,2023.1,11.1975,83.0826,5.7208
world,2023.2,11.4964,82.6009,5.9036
world,2023.3,11.8005,82.1111,6.0891
world,2023.4,12.1100,81.6134,6.2773
world,2023.5,12.4247,81.1079,6.4680
world,2023.6,12.7447,80.5946,6.6612
world,2023.7,13.0701,80.0737,6.8566
world,2023.8,13.4009,79.5453,7.0542
world,2023.9,13.7370,79.0096,7.2538
world,2024.0,14.0786,78.4667,7.4552
world,2024.1,14.4255,77.9167,7.6581
world,2024.2,14.7779,77.3598,7.8625
world,2024.3,15.1358,76.7963,8.0682
world,2024.4,15.4991,76.2262,8.2749
world,2024.5,15.8678,75.6498,8.4824
world,2024.6,16.2421,75.0674,8.6906
world,2024.7,16.6218,74.4790,8.8992
world,2024.8,17.0070,73.8850,9.1080
world,2024.9,17.3977,73.2856,9.3167
world,2025.0,17.7938,72.6810,9.5251
world,2025.1,18.1955,72.0716,9.7330
world,2025.2,18.6026,71.4574,9.9400
world,2025.3,19.0151,70.8390,10.1459
world,2025.4,19.4331,70.2164,10.3505
world,2025.5,19.8566,69.5900,10.5534
world,2025.6,20.2854,68.9602,10.7544
world,2025.7,20.7196,68.3271,10.9532
world,2025.8,21.1592,67.6912,11.1496
world,2025.9,21.6040,67.0528,11.3432
world,2026.0,22.0541,66.4122,11.5337
world,2026.1,22.5094,65.7697,11.7209
world,2026.2,22.9698,65.1257,11.9059
world,2026.3,23.4352,64.4806,12.0868
world,2026.4,23.9056,63.8347,12.2635
world,2026.5,24.3809,63.1885,12.4357
world,2026.6,24.8609,62.5422,12.6029
world,2026.7,25.3455,61.8964,12.7651
world,2026.8,25.8345,61.2515,12.9219
world,2026.9,26.3279,60.6078,13.0730
world,2027.0,26.8255,59.9658,13.2182
world,2027.1,27.3269,59.3260,13.3572
world,2027.2,27.8321,58.6887,13.4898
world,2027.3,28.3408,58.0546,13.6157
world,2027.4,28.8527,57.4241,13.7347
world,2027.5,29.3676,56.7975,13.8466
world,2027.6,29.8852,56.1755,13.9513
world,2027.7,30.4052,55.5585,14.0484
world,2027.8,30.9274,54.9469,14.1380
world,2027.9,31.4513,54.3412,14.2197
world,2028.0,31.9767,53.7419,14.2935
world,2028.1,32.5034,53.1493,14.3594
world,2028.2,33.0309,52.5638,14.4172
world,2028.3,33.5590,51.9858,14.4669
world,2028.4,34.0874,51.4156,14.5084
world,2028.5,34.6159,50.8535,14.5419
world,2028.6,35.1442,50.2995,14.5672
world,2028.7,35.6721,49.7541,14.5847
world,2028.8,36.1994,49.2171,14.5951
world,2028.9,36.7260,48.6887,14.5977
world,2029.0,37.2518,48.1689,14.5924
world,2029.1,37.7767,47.6577,14.5794
world,2029.2,38.3006,47.1549,14.5589
world,2029.3,38.8235,46.6606,14.5309
world,2029.4,39.3454,46.1745,14.4957
world,2029.5,39.8663,45.6965,14.4533
world,2029.6,40.3861,45.2265,14.4039
world,2029.7,40.9049,44.7643,14.3477
world,2029.8,41.4227,44.3097,14.2848
world,2029.9,41.9394,43.8627,14.2154
world,2030.0,42.4550,43.4230,14.1396
world,2030.1,42.9695,42.9907,14.0577
world,2030.2,43.4827,42.5655,13.9697
world,2030.3,43.9947,42.1474,13.8758
world,2030.4,44.5053,41.7363,13.7763
world,2030.5,45.0144,41.3321,13.6713
world,2030.6,45.5219,40.9347,13.5611
world,2030.7,46.0276,40.5442,13.4469
world,2030.8,46.5314,40.1604,13.3281
world,2030.9,47.0331,39.7832,13.2047
world,2031.0,47.5325,39.4126,13.0768
world,2031.1,48.0296,39.0486,12.9447
world,2031.2,48.5241,38.6910,12.8086
world,2031.3,49.0159,38.3399,12.6688
world,2031.4,49.5048,37.9951,12.5255
world,2031.5,49.9906,37.6565,12.3788
world,2031.6,50.4732,37.3242,12.2292
world,2031.7,50.9523,36.9981,12.0767
world,2031.8,51.4280,36.6780,11.9216
world,2031.9,51.8999,36.3640,11.7643
world,2032.0,52.3679,36.0559,11.6048
world,2032.1,52.8318,35.7536,11.4435
world,2032.2,53.2915,35.4572,11.2805
world,2032.3,53.7468,35.1665,11.1162
world,2032.4,54.1976,34.8814,10.9508
world,2032.5,54.6437,34.6018,10.7845
world,2032.6,55.0850,34.3278,10.6176
world,2032.7,55.5213,34.0590,10.4502
world,2032.8,55.9524,33.7956,10.2827
world,2032.9,56.3783,33.5373,10.1153
world,2033.0,56.7987,33.2841,9.9482
world,2033.1,57.2137,33.0358,9.7817
world,2033.2,57.6230,32.7924,9.6159
world,2033.3,58.0266,32.5537,9.4512
world,2033.4,58.4244,32.3195,9.2877
world,2033.5,58.8162,32.0899,9.1257
world,2033.6,59.2020,31.8646,8.9653
world,2033.7,59.5817,31.6434,8.8069
world,2033.8,59.9552,31.4264,8.6504
world,2033.9,60.3226,31.2133,8.4962
world,2034.0,60.6837,31.0040,8.3445
world,2034.1,61.0386,30.7984,8.1953
world,2034.2,61.3872,30.5964,8.0488
world,2034.3,61.7295,30.3977,7.9052
world,2034.4,62.0656,30.2023,7.7646
world,2034.5,62.3954,30.0101,7.6270
world,2034.6,62.7190,29.8209,7.4926
world,2034.7,63.0365,29.6346,7.3615
world,2034.8,63.3479,29.4510,7.2337
world,2034.9,63.6532,29.2702,7.1092
world,2035.0,63.9526,29.0918,6.9881
world,2035.1,64.2461,28.9159,6.8705
world,2035.2,64.5339,28.7424,6.7562
world,2035.3,64.8161,28.5711,6.6453
world,2035.4,65.0927,28.4019,6.5378
world,2035.5,65.3639,28.2347,6.4337
world,2035.6,65.6299,28.0695,6.3328
world,2035.7,65.8907,27.9062,6.2352
world,2035.8,66.1466,27.7447,6.1407
world,2035.9,66.3976,27.5849,6.0493
world,2036.0,66.6440,27.4268,5.9610
world,2036.1,66.8858,27.2703,5.8755
world,2036.2,67.1233,27.1153,5.7929
world,2036.3,67.3565,26.9618,5.7130
world,2036.4,67.5857,26.8097,5.6357
world,2036.5,67.8109,26.6590,5.5609
world,2036.6,68.0324,26.5097,5.4886
world,2036.7,68.2503,26.3616,5.4185
world,2036.8,68.4647,26.2148,5.3507
world,2036.9,68.6758,26.0692,5.2850
world,2037.0,68.8836,25.9249,5.2213
world,2037.1,69.0884,25.7816,5.1594
world,2037.2,69.2903,25.6395,5.0994
world,2037.3,69.4893,25.4985,5.0412
world,2037.4,69.6856,25.3586,4.9845
world,2037.5,69.8793,25.2198,4.9294
world,2037.6,70.0705,25.0819,4.8757
world,2037.7,70.2593,24.9451,4.8235
world,2037.8,70.4458,24.8092,4.7725
world,2037.9,70.6301,24.6744,4.7228
world,2038.0,70.8123,24.5404,4.6743
world,2038.1,70.9924,24.4074,4.6269
world,2038.2,71.1705,24.2753,4.5805
world,2038.3,71.3468,24.1441,4.5352
world,2038.4,71.5212,24.0138,4.4908
world,2038.5,71.6938,23.8843,4.4474
world,2038.6,71.8648,23.7557,4.4047
world,2038.7,72.0340,23.6279,4.3630
world,2038.8,72.2017,23.5009,4.3219
world,2038.9,72.3679,23.3748,4.2817
world,2039.0,72.5325,23.2494,4.2421
world,2039.1,72.6957,23.1248,4.2032
world,2039.2,72.8575,23.0010,4.1649
world,2039.3,73.0180,22.8779,4.1272
world,2039.4,73.1771,22.7556,4.0901
world,2039.5,73.3349,22.6340,4.0536
world,2039.6,73.4915,22.5132,4.0175
world,2039.7,73.6469,22.3930,3.9820
world,2039.8,73.8012,22.2736,3.9469
world,2039.9,73.9543,22.1548,3.9123
world,2040.0,74.1063,22.0368,3.8781
world,2040.1,74.2572,21.9194,3.8443
world,2040.2,74.4070,21.8026,3.8109
world,2040.3,74.5559,21.6866,3.7779
world,2040.4,74.7037,21.5712,3.7452
world,2040.5,74.8506,21.4564,3.7128
world,2040.6,74.9965,21.3422,3.6808
world,2040.7,75.1415,21.2287,3.6491
world,2040.8,75.2856,21.1158,3.6177
world,2040.9,75.4287,21.0035,3.5866
world,2041.0,75.5711,20.8917,3.5557
world,2041.1,75.7125,20.7806,3.5251
world,2041.2,75.8531,20.6701,3.4948
world,2041.3,75.9929,20.5602,3.4647
world,2041.4,76.1319,20.4508,3.4349
world,2041.5,76.2701,20.3420,3.4053
world,2041.6,76.4075,20.2337,3.3759
world,2041.7,76.5442,20.1260,3.3468
world,2041.8,76.6800,20.0189,3.3178
world,2041.9,76.8152,19.9123,3.2891
world,2042.0,76.9496,19.8062,3.2606
world,2042.1,77.0832,19.7007,3.2323
world,2042.2,77.2161,19.5956,3.2042
world,2042.3,77.3484,19.4911,3.1763
world,2042.4,77.4799,19.3872,3.1486
world,2042.5,77.6107,19.2837,3.1211
world,2042.6,77.7408,19.1807,3.0937
world,2042.7,77.8702,19.0783,3.0666
world,2042.8,77.9989,18.9763,3.0397
world,2042.9,78.1270,18.8748,3.0129
world,2043.0,78.2544,18.7738,2.9864
world,2043.1,78.3811,18.6733,2.9600
world,2043.2,78.5072,18.5733,2.9339
world,2043.3,78.6326,18.4737,2.9079
world,2043.4,78.7573,18.3747,2.8821
world,2043.5,78.8814,18.2760,2.8565
world,2043.6,79.0048,18.1779,2.8310
world,2043.7,79.1276,18.0802,2.8058
world,2043.8,79.2498,17.9830,2.7808
world,2043.9,79.3713,17.8862,2.7559
world,2044.0,79.4922,17.7898,2.7312
world,2044.1,79.6125,17.6940,2.7067
world,2044.2,79.7321,17.5985,2.6824
world,2044.3,79.8511,17.5035,2.6583
world,2044.4,79.9695,17.4089,2.6344
world,2044.5,80.0872,17.3148,2.6107
world,2044.6,80.2044,17.2211,2.5871
world,2044.7,80.3209,17.1278,2.5638
world,2044.8,80.4369,17.0350,2.5406
world,2044.9,80.5522,16.9426,2.5176
world,2045.0,80.6669,16.8506,2.4948
world,2045.1,80.7810,16.7590,2.4722
world,2045.2,80.8945,16.6679,2.4498
world,2045.3,81.0074,16.5771,2.4276
world,2045.4,81.1197,16.4868,2.4055
world,2045.5,81.2314,16.3968,2.3836
world,2045.6,81.3426,16.3073,2.3619
world,2045.7,81.4531,16.2182,2.3404
world,2045.8,81.5631,16.1295,2.3191
world,2045.9,81.6725,16.0412,2.2980
world,2046.0,81.7813,15.9533,2.2770
world,2046.1,81.8895,15.8658,2.2562
world,2046.2,81.9972,15.7787,2.2356
world,2046.3,82.1042,15.6920,2.2152
world,2046.4,82.2108,15.6056,2.1950
world,2046.5,82.3167,15.5197,2.1749
world,2046.6,82.4221,15.4342,2.1550
world,2046.7,82.5269,15.3490,2.1353
world,2046.8,82.6312,15.2642,2.1157
world,2046.9,82.7349,15.1798,2.0963
world,2047.0,82.8381,15.0958,2.0771
world,2047.1,82.9407,15.0122,2.0581
world,2047.2,83.0428,14.9290,2.0392
world,2047.3,83.1443,14.8461,2.0205
world,2047.4,83.2453,14.7636,2.0020
world,2047.5,83.3458,14.6815,1.9836
world,2047.6,83.4457,14.5998,1.9654
world,2047.7,83.5451,14.5184,1.9473
world,2047.8,83.6439,14.4374,1.9294
world,2047.9,83.7423,14.3568,1.9117
world,2048.0,83.8401,14.2766,1.8941
world,2048.1,83.9374,14.1967,1.8766
world,2048.2,84.0341,14.1172,1.8594
world,2048.3,84.1304,14.0380,1.8422
world,2048.4,84.2261,13.9593,1.8252
world,2048.5,84.3213,13.8808,1.8084
world,2048.6,84.4160,13.8028,1.7917
world,2048.7,84.5102,13.7251,1.7752
world,2048.8,84.6039,13.6478,1.7588
world,2048.9,84.6971,13.5708,1.7425
world,2049.0,84.7898,13.4942,1.7264
world,2049.1,84.8820,13.4180,1.7104
world,2049.2,84.9737,13.3421,1.6946
world,2049.3,85.0649,13.2666,1.6789
world,2049.4,85.1556,13.1914,1.6633
world,2049.5,85.2458,13.1166,1.6479
world,2049.6,85.3355,13.0422,1.6326
world,2049.7,85.4247,12.9681,1.6174
world,2049.8,85.5135,12.8943,1.6024
world,2049.9,85.6018,12.8209,1.5875
world,2050.0,85.6896,12.7479,1.5727
western_europe,2015.0,0.3736,99.2767,0.3497
western_europe,2015.1,0.4054,99.2172,0.3774
western_europe,2015.2,0.4394,99.1538,0.4068
western_europe,2015.3,0.4756,99.0867,0.4377
western_europe,2015.4,0.5142,99.0155,0.4703
western_europe,2015.5,0.5552,98.9404,0.5044
western_europe,2015.6,0.5986,98.8612,0.5403
western_europe,2015.7,0.6445,98.7778,0.5777
western_europe,2015.8,0.6930,98.6902,0.6169
western_europe,2015.9,0.7441,98.5983,0.6577
western_europe,2016.0,0.7978,98.5020,0.7002
western_europe,2016.1,0.8543,98.4013,0.7443
western_europe,2016.2,0.9136,98.2962,0.7902
western_europe,2016.3,0.9758,98.1865,0.8377
western_europe,2016.4,1.0408,98.0723,0.8870
western_europe,2016.5,1.1087,97.9534,0.9379
western_europe,2016.6,1.1796,97.8298,0.9906
western_europe,2016.7,1.2536,97.7015,1.0449
western_europe,2016.8,1.3306,97.5684,1.1010
western_europe,2016.9,1.4107,97.4305,1.1588
western_europe,2017.0,1.4940,97.2877,1.2183
western_europe,2017.1,1.5806,97.1385,1.2809
western_europe,2017.2,1.6704,96.9824,1.3472
western_europe,2017.3,1.7636,96.8198,1.4166
western_europe,2017.4,1.8604,96.6507,1.4889
western_europe,2017.5,1.9607,96.4754,1.5640
western_europe,2017.6,2.0646,96.2937,1.6417
western_europe,2017.7,2.1721,96.1058,1.7221
western_europe,2017.8,2.2835,95.9116,1.8049
western_europe,2017.9,2.3986,95.7113,1.8901
western_europe,2018.0,2.5176,95.5048,1.9776
western_europe,2018.1,2.6404,95.2921,2.0674
western_europe,2018.2,2.7672,95.0733,2.1594
western_europe,2018.3,2.8981,94.8484,2.2536
western_europe,2018.4,3.0330,94.6173,2.3498
western_europe,2018.5,3.1719,94.3801,2.4480
western_europe,2018.6,3.3151,94.1368,2.5482
western_europe,2018.7,3.4624,93.8874,2.6502
western_europe,2018.8,3.6139,93.6319,2.7541
western_europe,2018.9,3.7697,93.3704,2.8599
western_europe,2019.0,3.9298,93.1029,2.9673
western_europe,2019.1,4.0942,92.8293,3.0764
western_europe,2019.2,4.2631,92.5498,3.1872
western_europe,2019.3,4.4363,92.2642,3.2995
western_europe,2019.4,4.6140,91.9728,3.4133
western_europe,2019.5,4.7961,91.6753,3.5286
western_europe,2019.6,4.9827,91.3720,3.6453
western_europe,2019.7,5.1739,91.0628,3.7633
western_europe,2019.8,5.3696,90.7477,3.8827
western_europe,2019.9,5.5699,90.4269,4.0033
western_europe,2020.0,5.7748,90.1002,4.1250
western_europe,2020.1,5.9843,89.7678,4.2480
western_europe,2020.2,6.1984,89.4296,4.3720
western_europe,2020.3,6.4172,89.0858,4.4970
western_europe,2020.4,6.6407,88.7363,4.6230
western_europe,2020.5,6.8688,88.3813,4.7499
western_europe,2020.6,7.1017,88.0206,4.8777
western_europe,2020.7,7.3393,87.6545,5.0063
western_europe,2020.8,7.5815,87.2829,5.1356
western_europe,2020.9,7.8285,86.9058,5.2656
western_europe,2021.0,8.0803,86.5234,5.3963
western_europe,2021.1,8.3368,86.1356,5.5276
western_europe,2021.2,8.5980,85.7426,5.6594
western_europe,2021.3,8.8639,85.3444,5.7917
western_europe,2021.4,9.1346,84.9410,5.9244
western_europe,2021.5,9.4101,84.5325,6.0574
western_europe,2021.6,9.6902,84.1189,6.1908
western_europe,2021.7,9.9751,83.7004,6.3245
western_europe,2021.8,10.2648,83.2769,6.4583
western_europe,2021.9,10.5591,82.8486,6.5923
western_europe,2022.0,10.8581,82.4155,6.7264
western_europe,2022.1,11.1618,81.9776,6.8606
western_europe,2022.2,11.4702,81.5351,6.9947
western_europe,2022.3,11.7833,81.0880,7.1287
western_europe,2022.4,12.1010,80.6364,7.2627
western_europe,2022.5,12.4233,80.1803,7.3964
western_europe,2022.6,12.7502,79.7199,7.5300
western_europe,2022.7,13.0816,79.2552,7.6632
western_europe,2022.8,13.4177,78.7862,7.7961
western_europe,2022.9,13.7582,78.3131,7.9287
western_europe,2023.0,14.1033,77.8360,8.0607
western_europe,2023.1,14.4528,77.3549,8.1923
western_europe,2023.2,14.8067,76.8699,8.3234
western_europe,2023.3,15.1650,76.3811,8.4539
western_europe,2023.4,15.5277,75.8885,8.5837
western_europe,2023.5,15.8948,75.3924,8.7128
western_europe,2023.6,16.2661,74.8927,8.8412
western_europe,2023.7,16.6417,74.3895,8.9688
western_europe,2023.8,17.0215,73.8829,9.0956
western_europe,2023.9,17.4054,73.3731,9.2215
western_europe,2024.0,17.7935,72.8601,9.3464
western_europe,2024.1,18.1856,72.3440,9.4703
western_europe,2024.2,18.5818,71.8249,9.5933
western_europe,2024.3,18.9820,71.3029,9.7151
western_europe,2024.4,19.3861,70.7781,9.8358
western_europe,2024.5,19.7940,70.2506,9.9554
western_europe,2024.6,20.2058,69.7205,10.0737
western_europe,2024.7,20.6213,69.1878,10.1908
western_europe,2024.8,21.0406,68.6528,10.3066
western_europe,2024.9,21.4635,68.1154,10.4211
western_europe,2025.0,21.8900,67.5758,10.5342
western_europe,2025.1,22.3200,67.0341,10.6458
western_europe,2025.2,22.7535,66.4904,10.7560
western_europe,2025.3,23.1905,65.9448,10.8647
western_europe,2025.4,23.6307,65.3974,10.9719
western_europe,2025.5,24.0742,64.8483,11.0775
western_europe,2025.6,24.5210,64.2975,11.1815
western_europe,2025.7,24.9709,63.7453,11.2838
western_europe,2025.8,25.4239,63.1917,11.3844
western_europe,2025.9,25.8798,62.6368,11.4834
western_europe,2026.0,26.3388,62.0807,11.5805
western_europe,2026.1,26.8005,61.5235,11.6759
western_europe,2026.2,27.2651,60.9654,11.7695
western_europe,2026.3,27.7324,60.4064,11.8612
western_europe,2026.4,28.2023,59.8466,11.9511
western_europe,2026.5,28.6748,59.2862,12.0390
western_europe,2026.6,29.1498,58.7252,12.1250
western_europe,2026.7,29.6272,58.1637,12.2090
western_europe,2026.8,30.1070,57.6019,12.2911
western_europe,2026.9,30.5890,57.0399,12.3711
western_europe,2027.0,31.0732,56.4777,12.4491
western_europe,2027.1,31.5595,55.9154,12.5251
western_europe,2027.2,32.0478,55.3533,12.5989
western_europe,2027.3,32.5381,54.7912,12.6706
western_europe,2027.4,33.0302,54.2295,12.7402
western_europe,2027.5,33.5242,53.6681,12.8077
western_europe,2027.6,34.0198,53.1072,12.8730
western_europe,2027.7,34.5170,52.5469,12.9361
western_europe,2027.8,35.0158,51.9872,12.9970
western_europe,2027.9,35.5161,51.4283,13.0557
western_europe,2028.0,36.0177,50.8702,13.1121
western_europe,2028.1,36.5206,50.3131,13.1663
western_europe,2028.2,37.0247,49.7571,13.2182
western_europe,2028.3,37.5300,49.2022,13.2679
western_europe,2028.4,38.0363,48.6485,13.3152
western_europe,2028.5,38.5435,48.0962,13.3603
western_europe,2028.6,39.0516,47.5453,13.4031
western_europe,2028.7,39.5606,46.9959,13.4435
western_europe,2028.8,40.0702,46.4481,13.4816
western_europe,2028.9,40.5805,45.9021,13.5174
western_europe,2029.0,41.0914,45.3578,13.5509
western_europe,2029.1,41.6027,44.8153,13.5820
western_europe,2029.2,42.1144,44.2749,13.6108
western_europe,2029.3,42.6264,43.7364,13.6372
western_europe,2029.4,43.1386,43.2001,13.6612
western_europe,2029.5,43.6510,42.6660,13.6830
western_europe,2029.6,44.1635,42.1342,13.7023
western_europe,2029.7,44.6760,41.6047,13.7194
western_europe,2029.8,45.1883,41.0776,13.7340
western_europe,2029.9,45.7005,40.5531,13.7464
western_europe,2030.0,46.2125,40.0312,13.7564
western_europe,2030.1,46.7241,39.5119,13.7640
western_europe,2030.2,47.2353,38.9953,13.7694
western_europe,2030.3,47.7461,38.4815,13.7724
western_europe,2030.4,48.2563,37.9706,13.7730
western_europe,2030.5,48.7659,37.4627,13.7714
western_europe,2030.6,49.2748,36.9577,13.7675
western_europe,2030.7,49.7829,36.4558,13.7704
western_europe,2030.8,50.2902,35.9570,13.7726
western_europe,2030.9,50.7966,35.4613,13.7724
western_europe,2031.0,51.3020,34.9689,13.7696
western_europe,2031.1,51.8063,34.4798,13.7643
western_europe,2031.2,52.3095,33.9941,13.7566
western_europe,2031.3,52.8116,33.5117,13.7463
western_europe,2031.4,53.3123,33.0328,13.7336
western_europe,2031.5,53.8118,32.5574,13.7184
western_europe,2031.6,54.3099,32.0856,13.7008
western_europe,2031.7,54.8065,31.6173,13.6808
western_europe,2031.8,55.3015,31.1527,13.6584
western_europe,2031.9,55.7951,30.6918,13.6335
western_europe,2032.0,56.2869,30.2346,13.6064
western_europe,2032.1,56.7771,29.7811,13.5768
western_europe,2032.2,57.2655,29.3314,13.5450
western_europe,2032.3,57.7521,28.8856,13.5108
western_europe,2032.4,58.2368,28.4436,13.4744
western_europe,2032.5,58.7196,28.0056,13.4357
western_europe,2032.6,59.2004,27.5714,13.3948
western_europe,2032.7,59.6792,27.1413,13.3518
western_europe,2032.8,60.1558,26.7151,13.3065
western_europe,2032.9,60.6304,26.2929,13.2591
western_europe,2033.0,61.1027,25.8747,13.2096
western_europe,2033.1,61.5727,25.4607,13.1580
western_europe,2033.2,62.0405,25.0506,13.1044
western_europe,2033.3,62.5059,24.6447,13.0487
western_europe,2033.4,62.9690,24.2429,12.9911
western_europe,2033.5,63.4296,23.8453,12.9315
western_europe,2033.6,63.8877,23.4517,12.8700
western_europe,2033.7,64.3433,23.0623,12.8066
western_europe,2033.8,64.7963,22.6771,12.7414
western_europe,2033.9,65.2467,22.2961,12.6744
western_europe,2034.0,65.6944,21.9193,12.6057
western_europe,2034.1,66.1395,21.5466,12.5351
western_europe,2034.2,66.5818,21.1781,12.4630
western_europe,2034.3,67.0214,20.8139,12.3891
western_europe,2034.4,67.4582,20.4538,12.3136
western_europe,2034.5,67.8921,20.0979,12.2366
western_europe,2034.6,68.3232,19.7463,12.1581
western_europe,2034.7,68.7513,19.3988,12.0780
western_europe,2034.8,69.1765,19.0555,11.9965
western_europe,2034.9,69.5988,18.7165,11.9136
western_europe,2035.0,70.0180,18.3816,11.8293
western_europe,2035.1,70.4342,18.0509,11.7437
western_europe,2035.2,70.8474,17.7243,11.6568
western_europe,2035.3,71.2575,17.4019,11.5687
western_europe,2035.4,71.6644,17.0837,11.4793
western_europe,2035.5,72.0683,16.7696,11.3888
western_europe,2035.6,72.4690,16.4596,11.2972
western_europe,2035.7,72.8665,16.1538,11.2045
western_europe,2035.8,73.2608,15.8520,11.1108
western_europe,2035.9,73.6519,15.5544,11.0161
western_europe,2036.0,74.0397,15.2607,10.9205
western_europe,2036.1,74.4243,14.9712,10.8240
western_europe,2036.2,74.8056,14.6856,10.7265
western_europe,2036.3,75.1836,14.4041,10.6283
western_europe,2036.4,75.5583,14.1266,10.5293
western_europe,2036.5,75.9297,13.8530,10.4296
western_europe,2036.6,76.2977,13.5834,10.3292
western_europe,2036.7,76.6624,13.3177,10.2281
western_europe,2036.8,77.0237,13.0559,10.1264
western_europe,2036.9,77.3816,12.7979,10.0242
western_europe,2037.0,77.7362,12.5438,9.9214
western_europe,2037.1,78.0873,12.2936,9.8181
western_europe,2037.2,78.4351,12.0471,9.7144
western_europe,2037.3,78.7794,11.8044,9.6103
western_europe,2037.4,79.1203,11.5654,9.5058
western_europe,2037.5,79.4577,11.3302,9.4010
western_europe,2037.6,79.7918,11.0986,9.2959
western_europe,2037.7,80.1224,10.8707,9.1905
western_europe,2037.8,80.4495,10.6464,9.0849
western_europe,2037.9,80.7732,10.4258,8.9792
western_europe,2038.0,81.0935,10.2086,8.8733
western_europe,2038.1,81.4103,9.9950,8.7673
western_europe,2038.2,81.7237,9.7849,8.6612
western_europe,2038.3,82.0336,9.5783,8.5551
western_europe,2038.4,82.3401,9.3751,8.4490
western_europe,2038.5,82.6431,9.1753,8.3429
western_europe,2038.6,82.9427,8.9789,8.2370
western_europe,2038.7,83.2388,8.7858,8.1311
western_europe,2038.8,83.5315,8.5961,8.0254
western_europe,2038.9,83.8208,8.4096,7.9199
western_europe,2039.0,84.1066,8.2263,7.8145
western_europe,2039.1,84.3891,8.0462,7.7094
western_europe,2039.2,84.6681,7.8693,7.6045
western_europe,2039.3,84.9437,7.6956,7.4999
western_europe,2039.4,85.2159,7.5249,7.3956
western_europe,2039.5,85.4847,7.3573,7.2917
western_europe,2039.6,85.7502,7.1927,7.1881
western_europe,2039.7,86.0123,7.0311,7.0849
western_europe,2039.8,86.2710,6.8725,6.9821
western_europe,2039.9,86.5264,6.7168,6.8798
western_europe,2040.0,86.7784,6.5639,6.7779
western_europe,2040.1,87.0272,6.4139,6.6766
western_europe,2040.2,87.2726,6.2668,6.5757
western_europe,2040.3,87.5147,6.1224,6.4754
western_europe,2040.4,87.7535,5.9807,6.3757
western_europe,2040.5,87.9891,5.8418,6.2766
western_europe,2040.6,88.2215,5.7055,6.1780
western_europe,2040.7,88.4506,5.5719,6.0801
western_europe,2040.8,88.6764,5.4409,5.9828
western_europe,2040.9,88.8991,5.3124,5.8862
western_europe,2041.0,89.1186,5.1865,5.7903
western_europe,2041.1,89.3350,5.0630,5.6951
western_europe,2041.2,89.5482,4.9421,5.6006
western_europe,2041.3,89.7582,4.8235,5.5069
western_europe,2041.4,89.9652,4.7073,5.4139
western_europe,2041.5,90.1691,4.5935,5.3217
western_europe,2041.6,90.3699,4.4820,5.2302
western_europe,2041.7,90.5677,4.3728,5.1396
western_europe,2041.8,90.7624,4.2659,5.0497
western_europe,2041.9,90.9542,4.1611,4.9607
western_europe,2042.0,91.1429,4.0586,4.8725
western_europe,2042.1,91.3288,3.9582,4.7852
western_europe,2042.2,91.5116,3.8599,4.6987
western_europe,2042.3,91.6916,3.7637,4.6131
western_europe,2042.4,91.8687,3.6695,4.5283
western_europe,2042.5,92.0429,3.5774,4.4445
western_europe,2042.6,92.2143,3.4872,4.3615
western_europe,2042.7,92.3828,3.3990,4.2795
western_europe,2042.8,92.5486,3.3127,4.1983
western_europe,2042.9,92.7116,3.2283,4.1181
western_europe,2043.0,92.8719,3.1457,4.0388
western_europe,2043.1,93.0294,3.0650,3.9604
western_europe,2043.2,93.1843,2.9861,3.8829
western_europe,2043.3,93.3365,2.9089,3.8064
western_europe,2043.4,93.4860,2.8334,3.7309
western_europe,2043.5,93.6330,2.7597,3.6563
western_europe,2043.6,93.7773,2.6876,3.5826
western_europe,2043.7,93.9191,2.6171,3.5099
western_europe,2043.8,94.0584,2.5483,3.4381
western_europe,2043.9,94.1952,2.4810,3.3673
western_europe,2044.0,94.3295,2.4153,3.2974
western_europe,2044.1,94.4613,2.3511,3.2285
western_europe,2044.2,94.5907,2.2885,3.1606
western_europe,2044.3,94.7178,2.2272,3.0936
western_europe,2044.4,94.8424,2.1674,3.0276
western_europe,2044.5,94.9648,2.1091,2.9626
western_europe,2044.6,95.0848,2.0521,2.8985
western_europe,2044.7,95.2025,1.9964,2.8353
western_europe,2044.8,95.3180,1.9421,2.7731
western_europe,2044.9,95.4312,1.8891,2.7119
western_europe,2045.0,95.5423,1.8374,2.6516
western_europe,2045.1,95.6511,1.7870,2.5922
western_europe,2045.2,95.7579,1.7377,2.5338
western_europe,2045.3,95.8625,1.6897,2.4763
western_europe,2045.4,95.9650,1.6428,2.4198
western_europe,2045.5,96.0655,1.5971,2.3641
western_europe,2045.6,96.1639,1.5526,2.3094
western_europe,2045.7,96.2604,1.5091,2.2557
western_europe,2045.8,96.3548,1.4667,2.2028
western_europe,2045.9,96.4473,1.4254,2.1508
western_europe,2046.0,96.5379,1.3852,2.0998
western_europe,2046.1,96.6266,1.3459,2.0496
western_europe,2046.2,96.7134,1.3076,2.0003
western_europe,2046.3,96.7984,1.2704,1.9520
western_europe,2046.4,96.8816,1.2340,1.9044
western_europe,2046.5,96.9630,1.1986,1.8578
western_europe,2046.6,97.0427,1.1642,1.8120
western_europe,2046.7,97.1206,1.1306,1.7671
western_europe,2046.8,97.1968,1.0979,1.7230
western_europe,2046.9,97.2714,1.0660,1.6797
western_europe,2047.0,97.3443,1.0350,1.6373
western_europe,2047.1,97.4156,1.0048,1.5957
western_europe,2047.2,97.4852,0.9753,1.5549
western_europe,2047.3,97.5534,0.9467,1.5149
western_europe,2047.4,97.6199,0.9188,1.4758
western_europe,2047.5,97.6850,0.8917,1.4374
western_europe,2047.6,97.7485,0.8653,1.3997
western_europe,2047.7,97.8106,0.8396,1.3629
western_europe,2047.8,97.8713,0.8146,1.3268
western_europe,2047.9,97.9305,0.7903,1.2915
western_europe,2048.0,97.9884,0.7666,1.2569
western_europe,2048.1,98.0449,0.7436,1.2230
western_europe,2048.2,98.1000,0.7212,1.1899
western_europe,2048.3,98.1538,0.6994,1.1575
western_europe,2048.4,98.2064,0.6783,1.1257
western_europe,2048.5,98.2576,0.6577,1.0947
western_europe,2048.6,98.3077,0.6377,1.0644
western_europe,2048.7,98.3565,0.6182,1.0347
western_europe,2048.8,98.4040,0.5993,1.0057
western_europe,2048.9,98.4505,0.5809,0.9774
western_europe,2049.0,98.4957,0.5630,0.9497
western_europe,2049.1,98.5399,0.5457,0.9226
western_europe,2049.2,98.5829,0.5288,0.8962
western_europe,2049.3,98.6248,0.5124,0.8704
western_europe,2049.4,98.6657,0.4965,0.8452
western_europe,2049.5,98.7055,0.4810,0.8206
western_europe,2049.6,98.7443,0.4660,0.7965
western_europe,2049.7,98.7821,0.4514,0.7731
western_europe,2049.8,98.8190,0.4372,0.7502
western_europe,2049.9,98.8548,0.4235,0.7279
western_europe,2050.0,98.8897,0.4101,0.7061
northern_europe,2015.0,2.6884,94.8113,2.5004
northern_europe,2015.1,2.8152,94.5803,2.6045
northern_europe,2015.2,2.9467,94.3412,2.7121
northern_europe,2015.3,3.0829,94.0939,2.8233
northern_europe,2015.4,3.2240,93.8380,2.9380
northern_europe,2015.5,3.3700,93.5736,3.0564
northern_europe,2015.6,3.5212,93.3003,3.1785
northern_europe,2015.7,3.6777,93.0179,3.3044
northern_europe,2015.8,3.8395,92.7264,3.4341
northern_europe,2015.9,4.0068,92.4255,3.5677
northern_europe,2016.0,4.1797,92.1151,3.7052
northern_europe,2016.1,4.3583,91.7950,3.8467
northern_europe,2016.2,4.5429,91.4650,3.9921
northern_europe,2016.3,4.7334,91.1251,4.1415
northern_europe,2016.4,4.9301,90.7749,4.2950
northern_europe,2016.5,5.1331,90.4145,4.4525
northern_europe,2016.6,5.3424,90.0435,4.6140
northern_europe,2016.7,5.5584,89.6620,4.7796
northern_europe,2016.8,5.7810,89.2698,4.9492
northern_europe,2016.9,6.0104,88.8668,5.1228
northern_europe,2017.0,6.2468,88.4528,5.3004
northern_europe,2017.1,6.5000,87.9740,5.5260
northern_europe,2017.2,6.7614,87.4987,5.7400
northern_europe,2017.3,7.0305,87.0166,5.9529
northern_europe,2017.4,7.3074,86.5261,6.1665
northern_europe,2017.5,7.5921,86.0262,6.3818
northern_europe,2017.6,7.8847,85.5164,6.5989
northern_europe,2017.7,8.1853,84.9965,6.8183
northern_europe,2017.8,8.4940,84.4661,7.0399
northern_europe,2017.9,8.8111,83.9251,7.2638
northern_europe,2018.0,9.1365,83.3734,7.4901
northern_europe,2018.1,9.4704,82.8108,7.7187
northern_europe,2018.2,9.8131,82.2373,7.9496
northern_europe,2018.3,10.1645,81.6529,8.1826
northern_europe,2018.4,10.5249,81.0574,8.4177
northern_europe,2018.5,10.8944,80.4509,8.6548
northern_europe,2018.6,11.2731,79.8333,8.8936
northern_europe,2018.7,11.6611,79.2047,9.1342
northern_europe,2018.8,12.0586,78.5652,9.3762
northern_europe,2018.9,12.4658,77.9147,9.6195
northern_europe,2019.0,12.8828,77.2534,9.8639
northern_europe,2019.1,13.3096,76.5812,10.1091
northern_europe,2019.2,13.7465,75.8984,10.3551
northern_europe,2019.3,14.1936,75.2049,10.6015
northern_europe,2019.4,14.6510,74.5009,10.8481
northern_europe,2019.5,15.1189,73.7866,11.0945
northern_europe,2019.6,15.5973,73.0620,11.3407
northern_europe,2019.7,16.0864,72.3274,11.5862
northern_europe,2019.8,16.5864,71.5829,11.8308
northern_europe,2019.9,17.0973,70.8286,12.0741
northern_europe,2020.0,17.6193,70.0647,12.3160
northern_europe,2020.1,18.1525,69.2916,12.5560
northern_europe,2020.2,18.6970,68.5092,12.7938
northern_europe,2020.3,19.2529,67.7180,13.0291
northern_europe,2020.4,19.8203,66.9181,13.2616
northern_europe,2020.5,20.3994,66.1098,13.4908
northern_europe,2020.6,20.9902,65.2933,13.7166
northern_europe,2020.7,21.5928,64.4688,13.9384
northern_europe,2020.8,22.2073,63.6368,14.1560
northern_europe,2020.9,22.8337,62.7974,14.3689
northern_europe,2021.0,23.4722,61.9509,14.5769
northern_europe,2021.1,24.1228,61.0977,14.7795
northern_europe,2021.2,24.7855,60.2381,14.9764
northern_europe,2021.3,25.4603,59.3724,15.1672
northern_europe,2021.4,26.1474,58.5009,15.3517
northern_europe,2021.5,26.8467,57.6240,15.5293
northern_europe,2021.6,27.5581,56.7421,15.6998
northern_europe,2021.7,28.2818,55.8554,15.8628
northern_europe,2021.8,29.0176,54.9644,16.0180
northern_europe,2021.9,29.7655,54.0694,16.1651
northern_europe,2022.0,30.5255,53.1708,16.3037
northern_europe,2022.1,31.2974,52.2690,16.4336
northern_europe,2022.2,32.0811,51.3644,16.5545
northern_europe,2022.3,32.8766,50.4574,16.6660
northern_europe,2022.4,33.6836,49.5484,16.7680
northern_europe,2022.5,34.5019,48.6378,16.8603
northern_europe,2022.6,35.3315,47.7260,16.9425
northern_europe,2022.7,36.1719,46.8135,17.0145
northern_europe,2022.8,37.0231,45.9007,17.0762
northern_europe,2022.9,37.8846,44.9880,17.1274
northern_europe,2023.0,38.7561,44.0759,17.1680
northern_europe,2023.1,39.6374,43.1648,17.1979
northern_europe,2023.2,40.5279,42.2551,17.2170
northern_europe,2023.3,41.4274,41.3472,17.2254
northern_europe,2023.4,42.3353,40.4417,17.2230
northern_europe,2023.5,43.2511,39.5390,17.2098
northern_europe,2023.6,44.1744,38.6396,17.1860
northern_europe,2023.7,45.1045,37.7438,17.1517
northern_europe,2023.8,46.0409,36.8521,17.1070
northern_europe,2023.9,46.9830,35.9650,17.0520
northern_europe,2024.0,47.9300,35.0830,16.9870
northern_europe,2024.1,48.8813,34.2064,16.9123
northern_europe,2024.2,49.8361,33.3358,16.8280
northern_europe,2024.3,50.7938,32.4716,16.7346
northern_europe,2024.4,51.7535,31.6142,16.6323
northern_europe,2024.5,52.7144,30.7640,16.5216
northern_europe,2024.6,53.6756,29.9216,16.4028
northern_europe,2024.7,54.6364,29.0872,16.2763
northern_europe,2024.8,55.5959,28.2614,16.1427
northern_europe,2024.9,56.5531,27.4446,16.0023
northern_europe,2025.0,57.5072,26.6371,15.8558
northern_europe,2025.1,58.4572,25.8393,15.7035
northern_europe,2025.2,59.4023,25.0518,15.5459
northern_europe,2025.3,60.3416,24.2747,15.3838
northern_europe,2025.4,61.2741,23.5085,15.2174
northern_europe,2025.5,62.1990,22.7535,15.0475
northern_europe,2025.6,63.1154,22.0102,14.8744
northern_europe,2025.7,64.0225,21.2787,14.6988
northern_europe,2025.8,64.9194,20.5595,14.5211
northern_europe,2025.9,65.8053,19.8528,14.3418
northern_europe,2026.0,66.6796,19.1589,14.1615
northern_europe,2026.1,67.5415,18.4781,13.9818
northern_europe,2026.2,68.3902,17.8107,13.9150
northern_europe,2026.3,69.2253,17.1567,13.8428
northern_europe,2026.4,70.0461,16.5166,13.7651
northern_europe,2026.5,70.8521,15.8904,13.6818
northern_europe,2026.6,71.6429,15.2784,13.5931
northern_europe,2026.7,72.4181,14.6807,13.4987
northern_europe,2026.8,73.1773,14.0974,13.3989
northern_europe,2026.9,73.9203,13.5286,13.2935
northern_europe,2027.0,74.6469,12.9745,13.1826
northern_europe,2027.1,75.3570,12.4352,13.0662
northern_europe,2027.2,76.0504,11.9105,12.9444
northern_europe,2027.3,76.7272,11.4007,12.8173
northern_europe,2027.4,77.3874,10.9057,12.6847
northern_europe,2027.5,78.0311,10.4255,12.5470
northern_europe,2027.6,78.6585,9.9601,12.4041
northern_europe,2027.7,79.2698,9.5094,12.2562
northern_europe,2027.8,79.8652,9.0733,12.1033
northern_europe,2027.9,80.4451,8.6517,11.9456
northern_europe,2028.0,81.0097,8.2446,11.7833
northern_europe,2028.1,81.5596,7.8518,11.6165
northern_europe,2028.2,82.0950,7.4731,11.4453
northern_europe,2028.3,82.6163,7.1084,11.2699
northern_europe,2028.4,83.1241,6.7574,11.0905
northern_europe,2028.5,83.6187,6.4201,10.9074
northern_europe,2028.6,84.1006,6.0961,10.7206
northern_europe,2028.7,84.5703,5.7853,10.5305
northern_europe,2028.8,85.0281,5.4873,10.3372
northern_europe,2028.9,85.4746,5.2020,10.1410
northern_europe,2029.0,85.9102,4.9290,9.9421
northern_europe,2029.1,86.3352,4.6681,9.7408
northern_europe,2029.2,86.7501,4.4189,9.5373
northern_europe,2029.3,87.1552,4.1813,9.3318
northern_europe,2029.4,87.5509,3.9548,9.1247
northern_europe,2029.5,87.9375,3.7392,8.9161
northern_europe,2029.6,88.3153,3.5341,8.7064
northern_europe,2029.7,88.6845,3.3392,8.4959
northern_europe,2029.8,89.0455,3.1542,8.2847
northern_europe,2029.9,89.3984,2.9787,8.0731
northern_europe,2030.0,89.7434,2.8125,7.8615
northern_europe,2030.1,90.0808,2.6551,7.6500
northern_europe,2030.2,90.4106,2.5063,7.4390
northern_europe,2030.3,90.7330,2.3657,7.2287
northern_europe,2030.4,91.0481,2.2330,7.0193
northern_europe,2030.5,91.3560,2.1078,6.8111
northern_europe,2030.6,91.6568,1.9899,6.6044
northern_europe,2030.7,91.9505,1.8790,6.3993
northern_europe,2030.8,92.2373,1.7746,6.1961
northern_europe,2030.9,92.5171,1.6765,5.9949
northern_europe,2031.0,92.7901,1.5844,5.7962
northern_europe,2031.1,93.0561,1.4981,5.5999
northern_europe,2031.2,93.3154,1.4171,5.4063
northern_europe,2031.3,93.5679,1.3413,5.2156
northern_europe,2031.4,93.8137,1.2704,5.0280
northern_europe,2031.5,94.0527,1.2040,4.8436
northern_europe,2031.6,94.2851,1.1420,4.6625
northern_europe,2031.7,94.5109,1.0841,4.4850
northern_europe,2031.8,94.7300,1.0301,4.3111
northern_europe,2031.9,94.9426,0.9797,4.1409
northern_europe,2032.0,95.1487,0.9328,3.9746
northern_europe,2032.1,95.3484,0.8890,3.8122
northern_europe,2032.2,95.5417,0.8483,3.6538
northern_europe,2032.3,95.7287,0.8104,3.4996
northern_europe,2032.4,95.9095,0.7751,3.3494
northern_europe,2032.5,96.0841,0.7423,3.2035
northern_europe,2032.6,96.2526,0.7118,3.0618
northern_europe,2032.7,96.4151,0.6834,2.9244
northern_europe,2032.8,96.5717,0.6571,2.7912
northern_europe,2032.9,96.7226,0.6326,2.6623
northern_europe,2033.0,96.8677,0.6098,2.5377
northern_europe,2033.1,97.0072,0.5886,2.4174
northern_europe,2033.2,97.1412,0.5689,2.3013
northern_europe,2033.3,97.2698,0.5506,2.1894
northern_europe,2033.4,97.3932,0.5336,2.0817
northern_europe,2033.5,97.5114,0.5177,1.9782
northern_europe,2033.6,97.6246,0.5030,1.8787
northern_europe,2033.7,97.7329,0.4892,1.7832
northern_europe,2033.8,97.8365,0.4764,1.6917
northern_europe,2033.9,97.9354,0.4644,1.6041
northern_europe,2034.0,98.0298,0.4533,1.5203
northern_europe,2034.1,98.1198,0.4428,1.4402
northern_europe,2034.2,98.2056,0.4331,1.3638
northern_europe,2034.3,98.2873,0.4239,1.2909
northern_europe,2034.4,98.3650,0.4153,1.2214
northern_europe,2034.5,98.4388,0.4073,1.1554
northern_europe,2034.6,98.5090,0.3997,1.0926
northern_europe,2034.7,98.5755,0.3925,1.0330
northern_europe,2034.8,98.6386,0.3858,0.9764
northern_europe,2034.9,98.6984,0.3794,0.9229
northern_europe,2035.0,98.7550,0.3734,0.8722
northern_europe,2035.1,98.8086,0.3677,0.8242
northern_europe,2035.2,98.8592,0.3623,0.7789
northern_europe,2035.3,98.9070,0.3571,0.7362
northern_europe,2035.4,98.9522,0.3522,0.6959
northern_europe,2035.5,98.9947,0.3476,0.6579
northern_europe,2035.6,99.0349,0.3431,0.6222
northern_europe,2035.7,99.0727,0.3388,0.5887
northern_europe,2035.8,99.1082,0.3347,0.5572
northern_europe,2035.9,99.1417,0.3308,0.5276
northern_europe,2036.0,99.1731,0.3270,0.5000
northern_europe,2036.1,99.2027,0.3233,0.4740
northern_europe,2036.2,99.2305,0.3198,0.4498
northern_europe,2036.3,99.2565,0.3164,0.4271
northern_europe,2036.4,99.2809,0.3131,0.4060
northern_europe,2036.5,99.3039,0.3099,0.3862
northern_europe,2036.6,99.3253,0.3068,0.3678
northern_europe,2036.7,99.3455,0.3038,0.3507
northern_europe,2036.8,99.3643,0.3009,0.3348
northern_europe,2036.9,99.3820,0.2981,0.3199
northern_europe,2037.0,99.3986,0.2953,0.3061
northern_europe,2037.1,99.4141,0.2926,0.2933
northern_europe,2037.2,99.4286,0.2900,0.2815
northern_europe,2037.3,99.4422,0.2874,0.2704
northern_europe,2037.4,99.4549,0.2848,0.2602
northern_europe,2037.5,99.4669,0.2824,0.2508
northern_europe,2037.6,99.4781,0.2799,0.2420
northern_europe,2037.7,99.4886,0.2775,0.2338
northern_europe,2037.8,99.4985,0.2752,0.2263
northern_europe,2037.9,99.5078,0.2729,0.2193
northern_europe,2038.0,99.5165,0.2706,0.2129
northern_europe,2038.1,99.5247,0.2684,0.2069
northern_europe,2038.2,99.5325,0.2662,0.2013
northern_europe,2038.3,99.5398,0.2640,0.1962
northern_europe,2038.4,99.5467,0.2619,0.1914
northern_europe,2038.5,99.5532,0.2598,0.1870
northern_europe,2038.6,99.5594,0.2577,0.1829
northern_europe,2038.7,99.5653,0.2557,0.1790
northern_europe,2038.8,99.5709,0.2537,0.1755
northern_europe,2038.9,99.5762,0.2517,0.1721
northern_europe,2039.0,99.5812,0.2497,0.1690
northern_europe,2039.1,99.5861,0.2478,0.1661
northern_europe,2039.2,99.5907,0.2458,0.1634
northern_europe,2039.3,99.5952,0.2439,0.1609
northern_europe,2039.4,99.5995,0.2421,0.1584
northern_europe,2039.5,99.6036,0.2402,0.1562
northern_europe,2039.6,99.6076,0.2384,0.1540
northern_europe,2039.7,99.6115,0.2365,0.1520
northern_europe,2039.8,99.6152,0.2347,0.1501
northern_europe,2039.9,99.6188,0.2329,0.1482
northern_europe,2040.0,99.6224,0.2312,0.1465
northern_europe,2040.1,99.6258,0.2294,0.1448
northern_europe,2040.2,99.6291,0.2277,0.1432
northern_europe,2040.3,99.6324,0.2260,0.1416
northern_europe,2040.4,99.6356,0.2243,0.1401
northern_europe,2040.5,99.6387,0.2226,0.1387
northern_europe,2040.6,99.6418,0.2209,0.1373
northern_europe,2040.7,99.6448,0.2192,0.1359
northern_europe,2040.8,99.6478,0.2176,0.1346
northern_europe,2040.9,99.6507,0.2160,0.1333
northern_europe,2041.0,99.6536,0.2144,0.1321
northern_europe,2041.1,99.6564,0.2128,0.1308
northern_europe,2041.2,99.6592,0.2112,0.1296
northern_europe,2041.3,99.6620,0.2096,0.1284
northern_europe,2041.4,99.6647,0.2080,0.1273
northern_europe,2041.5,99.6674,0.2065,0.1261
northern_europe,2041.6,99.6701,0.2050,0.1250
northern_europe,2041.7,99.6727,0.2034,0.1239
northern_europe,2041.8,99.6753,0.2019,0.1228
northern_europe,2041.9,99.6779,0.2004,0.1217
northern_europe,2042.0,99.6805,0.1990,0.1206
northern_europe,2042.1,99.6830,0.1975,0.1195
northern_europe,2042.2,99.6855,0.1960,0.1185
northern_europe,2042.3,99.6880,0.1946,0.1174
northern_europe,2042.4,99.6905,0.1932,0.1164
northern_europe,2042.5,99.6929,0.1917,0.1154
northern_europe,2042.6,99.6953,0.1903,0.1144
northern_europe,2042.7,99.6977,0.1889,0.1134
northern_europe,2042.8,99.7001,0.1875,0.1124
northern_europe,2042.9,99.7025,0.1862,0.1114
northern_europe,2043.0,99.7048,0.1848,0.1104
northern_europe,2043.1,99.7071,0.1834,0.1094
northern_europe,2043.2,99.7094,0.1821,0.1085
northern_europe,2043.3,99.7117,0.1808,0.1075
northern_europe,2043.4,99.7140,0.1794,0.1065
northern_europe,2043.5,99.7163,0.1781,0.1056
northern_europe,2043.6,99.7185,0.1768,0.1047
northern_europe,2043.7,99.7207,0.1755,0.1037
northern_europe,2043.8,99.7229,0.1743,0.1028
northern_europe,2043.9,99.7251,0.1730,0.1019
northern_europe,2044.0,99.7273,0.1717,0.1010
northern_europe,2044.1,99.7294,0.1705,0.1001
northern_europe,2044.2,99.7316,0.1693,0.0992
northern_europe,2044.3,99.7337,0.1680,0.0983
northern_europe,2044.4,99.7358,0.1668,0.0974
northern_europe,2044.5,99.7379,0.1656,0.0965
northern_europe,2044.6,99.7399,0.1644,0.0957
northern_europe,2044.7,99.7420,0.1632,0.0948
northern_europe,2044.8,99.7440,0.1620,0.0939
northern_europe,2044.9,99.7461,0.1609,0.0931
northern_europe,2045.0,99.7481,0.1597,0.0922
northern_europe,2045.1,99.7501,0.1585,0.0914
northern_europe,2045.2,99.7520,0.1574,0.0906
northern_europe,2045.3,99.7540,0.1563,0.0897
northern_europe,2045.4,99.7559,0.1551,0.0889
northern_europe,2045.5,99.7579,0.1540,0.0881
northern_europe,2045.6,99.7598,0.1529,0.0873
northern_europe,2045.7,99.7617,0.1518,0.0865
northern_europe,2045.8,99.7636,0.1507,0.0857
northern_europe,2045.9,99.7655,0.1496,0.0849
northern_europe,2046.0,99.7673,0.1486,0.0841
northern_europe,2046.1,99.7692,0.1475,0.0833
northern_europe,2046.2,99.7710,0.1464,0.0826
northern_europe,2046.3,99.7728,0.1454,0.0818
northern_europe,2046.4,99.7746,0.1444,0.0810
northern_europe,2046.5,99.7764,0.1433,0.0803
northern_europe,2046.6,99.7782,0.1423,0.0795
northern_europe,2046.7,99.7799,0.1413,0.0788
northern_europe,2046.8,99.7817,0.1403,0.0780
northern_europe,2046.9,99.7834,0.1393,0.0773
northern_europe,2047.0,99.7851,0.1383,0.0766
northern_europe,2047.1,99.7868,0.1373,0.0759
northern_europe,2047.2,99.7885,0.1363,0.0751
northern_europe,2047.3,99.7902,0.1354,0.0744
northern_europe,2047.4,99.7919,0.1344,0.0737
northern_europe,2047.5,99.7935,0.1334,0.0730
northern_europe,2047.6,99.7952,0.1325,0.0723
northern_europe,2047.7,99.7968,0.1315,0.0716
northern_europe,2047.8,99.7984,0.1306,0.0709
northern_europe,2047.9,99.8000,0.1297,0.0703
northern_europe,2048.0,99.8016,0.1288,0.0696
northern_europe,2048.1,99.8032,0.1279,0.0689
northern_europe,2048.2,99.8048,0.1270,0.0683
northern_europe,2048.3,99.8063,0.1261,0.0676
northern_europe,2048.4,99.8079,0.1252,0.0669
northern_europe,2048.5,99.8094,0.1243,0.0663
northern_europe,2048.6,99.8109,0.1234,0.0657
northern_europe,2048.7,99.8124,0.1225,0.0650
northern_europe,2048.8,99.8139,0.1217,0.0644
northern_europe,2048.9,99.8154,0.1208,0.0638
northern_europe,2049.0,99.8169,0.1200,0.0631
northern_europe,2049.1,99.8184,0.1191,0.0625
northern_europe,2049.2,99.8198,0.1183,0.0619
northern_europe,2049.3,99.8212,0.1175,0.0613
northern_europe,2049.4,99.8227,0.1166,0.0607
northern_europe,2049.5,99.8241,0.1158,0.0601
northern_europe,2049.6,99.8255,0.1150,0.0595
northern_europe,2049.7,99.8269,0.1142,0.0589
northern_europe,2049.8,99.8283,0.1134,0.0583
northern_europe,2049.9,99.8297,0.1126,0.0577
northern_europe,2050.0,99.8310,0.1118,0.0572
southern_europe,2015.0,0.0477,99.8895,0.0629
southern_europe,2015.1,0.0538,99.8755,0.0707
southern_europe,2015.2,0.0606,99.8600,0.0794
southern_europe,2015.3,0.0681,99.8430,0.0889
southern_europe,2015.4,0.0763,99.8244,0.0993
southern_europe,2015.5,0.0853,99.8041,0.1105
southern_europe,2015.6,0.0951,99.7821,0.1228
southern_europe,2015.7,0.1057,99.7584,0.1360
southern_europe,2015.8,0.1171,99.7328,0.1502
southern_europe,2015.9,0.1293,99.7053,0.1654
southern_europe,2016.0,0.1425,99.6759,0.1816
southern_europe,2016.1,0.1566,99.6444,0.1990
southern_europe,2016.2,0.1716,99.6110,0.2174
southern_europe,2016.3,0.1876,99.5755,0.2370
southern_europe,2016.4,0.2045,99.5378,0.2577
southern_europe,2016.5,0.2225,99.4979,0.2795
southern_europe,2016.6,0.2415,99.4558,0.3026
southern_europe,2016.7,0.2616,99.4115,0.3269
southern_europe,2016.8,0.2828,99.3648,0.3524
southern_europe,2016.9,0.3051,99.3157,0.3792
southern_europe,2017.0,0.3285,99.2642,0.4073
southern_europe,2017.1,0.3530,99.2103,0.4367
southern_europe,2017.2,0.3788,99.1538,0.4674
southern_europe,2017.3,0.4057,99.0948,0.4995
southern_europe,2017.4,0.4339,99.0332,0.5329
southern_europe,2017.5,0.4633,98.9689,0.5678
southern_europe,2017.6,0.4940,98.9020,0.6040
southern_europe,2017.7,0.5260,98.8324,0.6417
southern_europe,2017.8,0.5592,98.7600,0.6808
southern_europe,2017.9,0.5939,98.6848,0.7214
southern_europe,2018.0,0.6299,98.6067,0.7634
southern_europe,2018.1,0.6672,98.5258,0.8070
southern_europe,2018.2,0.7060,98.4419,0.8521
southern_europe,2018.3,0.7462,98.3551,0.8987
southern_europe,2018.4,0.7878,98.2653,0.9469
southern_europe,2018.5,0.8309,98.1725,0.9967
southern_europe,2018.6,0.8754,98.0766,1.0480
southern_europe,2018.7,0.9215,97.9776,1.1009
southern_europe,2018.8,0.9691,97.8754,1.1555
southern_europe,2018.9,1.0183,97.7701,1.2116
southern_europe,2019.0,1.0690,97.6616,1.2694
southern_europe,2019.1,1.1213,97.5498,1.3289
southern_europe,2019.2,1.1753,97.4347,1.3901
southern_europe,2019.3,1.2308,97.3162,1.4530
southern_europe,2019.4,1.2881,97.1944,1.5176
southern_europe,2019.5,1.3470,97.0691,1.5839
southern_europe,2019.6,1.4077,96.9404,1.6519
southern_europe,2019.7,1.4700,96.8083,1.7216
southern_europe,2019.8,1.5342,96.6727,1.7932
southern_europe,2019.9,1.6000,96.5336,1.8664
southern_europe,2020.0,1.6677,96.3909,1.9414
southern_europe,2020.1,1.7371,96.2446,2.0182
southern_europe,2020.2,1.8084,96.0948,2.0968
southern_europe,2020.3,1.8815,95.9414,2.1771
southern_europe,2020.4,1.9565,95.7843,2.2592
southern_europe,2020.5,2.0333,95.6236,2.3431
southern_europe,2020.6,2.1120,95.4592,2.4287
southern_europe,2020.7,2.1927,95.2911,2.5162
southern_europe,2020.8,2.2752,95.1193,2.6055
southern_europe,2020.9,2.3597,94.9438,2.6965
southern_europe,2021.0,2.4461,94.7645,2.7894
southern_europe,2021.1,2.5345,94.5815,2.8840
southern_europe,2021.2,2.6249,94.3947,2.9804
southern_europe,2021.3,2.7173,94.2041,3.0786
southern_europe,2021.4,2.8117,94.0097,3.1787
southern_europe,2021.5,2.9081,93.8115,3.2805
southern_europe,2021.6,3.0066,93.6094,3.3840
southern_europe,2021.7,3.1071,93.4035,3.4894
southern_europe,2021.8,3.2097,93.1938,3.5965
southern_europe,2021.9,3.3144,92.9802,3.7054
southern_europe,2022.0,3.4212,92.7628,3.8161
southern_europe,2022.1,3.5300,92.5415,3.9285
southern_europe,2022.2,3.6411,92.3163,4.0426
southern_europe,2022.3,3.7542,92.0872,4.1585
southern_europe,2022.4,3.8695,91.8543,4.2761
southern_europe,2022.5,3.9870,91.6175,4.3955
southern_europe,2022.6,4.1066,91.3769,4.5165
southern_europe,2022.7,4.2284,91.1323,4.6392
southern_europe,2022.8,4.3525,90.8839,4.7636
southern_europe,2022.9,4.4787,90.6317,4.8897
southern_europe,2023.0,4.6071,90.3755,5.0174
southern_europe,2023.1,4.7377,90.1155,5.1467
southern_europe,2023.2,4.8706,89.8517,5.2777
southern_europe,2023.3,5.0057,89.5840,5.4102
southern_europe,2023.4,5.1431,89.3126,5.5443
southern_europe,2023.5,5.2827,89.0372,5.6800
southern_europe,2023.6,5.4246,88.7581,5.8172
southern_europe,2023.7,5.5688,88.4752,5.9560
southern_europe,2023.8,5.7152,88.1886,6.0962
southern_europe,2023.9,5.8639,87.8982,6.2379
southern_europe,2024.0,6.0149,87.6040,6.3811
southern_europe,2024.1,6.1682,87.3061,6.5257
southern_europe,2024.2,6.3238,87.0045,6.6717
southern_europe,2024.3,6.4817,86.6993,6.8190
southern_europe,2024.4,6.6419,86.3904,6.9677
southern_europe,2024.5,6.8044,86.0778,7.1178
southern_europe,2024.6,6.9692,85.7617,7.2691
southern_europe,2024.7,7.1364,85.4420,7.4217
southern_europe,2024.8,7.3058,85.1187,7.5755
southern_europe,2024.9,7.4776,84.7919,7.7305
southern_europe,2025.0,7.6517,84.4616,7.8867
southern_europe,2025.1,7.8281,84.1279,8.0440
southern_europe,2025.2,8.0068,83.7907,8.2025
southern_europe,2025.3,8.1879,83.4502,8.3620
southern_europe,2025.4,8.3713,83.1062,8.5225
southern_europe,2025.5,8.5569,82.7590,8.6841
southern_europe,2025.6,8.7449,82.4085,8.8466
southern_europe,2025.7,8.9352,82.0548,9.0100
southern_europe,2025.8,9.1279,81.6978,9.1743
southern_europe,2025.9,9.3228,81.3377,9.3395
southern_europe,2026.0,9.5200,80.9745,9.5055
southern_europe,2026.1,9.7195,80.6082,9.6723
southern_europe,2026.2,9.9213,80.2389,9.8398
southern_europe,2026.3,10.1254,79.8666,10.0080
southern_europe,2026.4,10.3318,79.4913,10.1769
southern_europe,2026.5,10.5404,79.1132,10.3464
southern_europe,2026.6,10.7514,78.7322,10.5164
southern_europe,2026.7,10.9645,78.3485,10.6870
southern_europe,2026.8,11.1799,77.9620,10.8581
southern_europe,2026.9,11.3976,77.5728,11.0296
southern_europe,2027.0,11.6174,77.1810,11.2015
southern_europe,2027.1,11.8395,76.7867,11.3738
southern_europe,2027.2,12.0638,76.3898,11.5464
southern_europe,2027.3,12.2903,75.9904,11.7192
southern_europe,2027.4,12.5190,75.5887,11.8923
southern_europe,2027.5,12.7498,75.1846,12.0656
southern_europe,2027.6,12.9829,74.7782,12.2390
southern_europe,2027.7,13.2180,74.3695,12.4125
southern_europe,2027.8,13.4553,73.9587,12.5860
southern_europe,2027.9,13.6947,73.5458,12.7595
southern_europe,2028.0,13.9362,73.1309,12.9329
southern_europe,2028.1,14.1798,72.7139,13.1063
southern_europe,2028.2,14.4254,72.2951,13.2795
southern_europe,2028.3,14.6731,71.8743,13.4526
southern_europe,2028.4,14.9228,71.4518,13.6253
southern_europe,2028.5,15.1746,71.0276,13.7979
southern_europe,2028.6,15.4283,70.6016,13.9700
southern_europe,2028.7,15.6841,70.1741,14.1418
southern_europe,2028.8,15.9418,69.7450,14.3132
southern_europe,2028.9,16.2014,69.3145,14.4841
southern_europe,2029.0,16.4630,68.8826,14.6545
southern_europe,2029.1,16.7264,68.4493,14.8243
southern_europe,2029.2,16.9917,68.0148,14.9935
southern_europe,2029.3,17.2589,67.5790,15.1621
southern_europe,2029.4,17.5280,67.1421,15.3299
southern_europe,2029.5,17.7988,66.7042,15.4970
southern_europe,2029.6,18.0714,66.2652,15.6634
southern_europe,2029.7,18.3458,65.8254,15.8288
southern_europe,2029.8,18.6219,65.3846,15.9934
southern_europe,2029.9,18.8998,64.9431,16.1571
southern_europe,2030.0,19.1793,64.5008,16.3199
southern_europe,2030.1,19.4605,64.0579,16.4816
southern_europe,2030.2,19.7434,63.6144,16.6422
southern_europe,2030.3,20.0279,63.1703,16.8018
southern_europe,2030.4,20.3139,62.7258,16.9602
southern_europe,2030.5,20.6015,62.2810,17.1175
southern_europe,2030.6,20.8907,61.8358,17.2735
southern_europe,2030.7,21.1814,61.3903,17.4283
southern_europe,2030.8,21.4735,60.9446,17.5818
southern_europe,2030.9,21.7671,60.4989,17.7340
southern_europe,2031.0,22.0622,60.0530,17.8848
southern_europe,2031.1,22.3586,59.6072,18.0342
southern_europe,2031.2,22.6564,59.1615,18.1821
southern_europe,2031.3,22.9556,58.7158,18.3286
southern_europe,2031.4,23.2560,58.2704,18.4735
southern_europe,2031.5,23.5578,57.8253,18.6170
southern_europe,2031.6,23.8608,57.3805,18.7588
southern_europe,2031.7,24.1650,56.9360,18.8990
southern_europe,2031.8,24.4704,56.4921,19.0375
southern_europe,2031.9,24.7770,56.0486,19.1744
southern_europe,2032.0,25.0847,55.6057,19.3096
southern_europe,2032.1,25.3936,55.1634,19.4430
southern_europe,2032.2,25.7035,54.7219,19.5747
southern_europe,2032.3,26.0144,54.2810,19.7046
southern_europe,2032.4,26.3264,53.8410,19.8326
southern_europe,2032.5,26.6393,53.4019,19.9588
southern_europe,2032.6,26.9532,52.9637,20.0831
southern_europe,2032.7,27.2680,52.5264,20.2056
southern_europe,2032.8,27.5838,52.0902,20.3261
southern_europe,2032.9,27.9003,51.6550,20.4446
southern_europe,2033.0,28.2177,51.2210,20.5612
southern_europe,2033.1,28.5360,50.7882,20.6758
southern_europe,2033.2,28.8549,50.3566,20.7884
southern_europe,2033.3,29.1747,49.9263,20.8990
southern_europe,2033.4,29.4951,49.4973,21.0076
southern_europe,2033.5,29.8162,49.0698,21.1140
southern_europe,2033.6,30.1380,48.6436,21.2184
southern_europe,2033.7,30.4604,48.2189,21.3207
southern_europe,2033.8,30.7833,47.7958,21.4209
southern_europe,2033.9,31.1069,47.3742,21.5189
southern_europe,2034.0,31.4309,46.9542,21.6149
southern_europe,2034.1,31.7555,46.5358,21.7086
southern_europe,2034.2,32.0806,46.1192,21.8003
southern_europe,2034.3,32.4060,45.7043,21.8897
southern_europe,2034.4,32.7319,45.2911,21.9770
southern_europe,2034.5,33.0582,44.8798,22.0620
southern_europe,2034.6,33.3848,44.4703,22.1449
southern_europe,2034.7,33.7118,44.0626,22.2256
southern_europe,2034.8,34.0391,43.6569,22.3040
southern_europe,2034.9,34.3666,43.2532,22.3802
southern_europe,2035.0,34.6944,42.8514,22.4542
southern_europe,2035.1,35.0224,42.4516,22.5260
southern_europe,2035.2,35.3506,42.0539,22.5956
southern_europe,2035.3,35.6789,41.6582,22.6629
southern_europe,2035.4,36.0074,41.2646,22.7280
southern_europe,2035.5,36.3360,40.8732,22.7908
southern_europe,2035.6,36.6647,40.4839,22.8514
southern_europe,2035.7,36.9934,40.0968,22.9098
southern_europe,2035.8,37.3222,39.7119,22.9659
southern_europe,2035.9,37.6510,39.3292,23.0198
southern_europe,2036.0,37.9798,38.9488,23.0714
southern_europe,2036.1,38.3085,38.5707,23.1208
southern_europe,2036.2,38.6371,38.1948,23.1680
southern_europe,2036.3,38.9657,37.8213,23.2130
southern_europe,2036.4,39.2942,37.4501,23.2558
southern_europe,2036.5,39.6225,37.0812,23.2963
southern_europe,2036.6,39.9507,36.7147,23.3346
southern_europe,2036.7,40.2787,36.3506,23.3707
southern_europe,2036.8,40.6064,35.9889,23.4047
southern_europe,2036.9,40.9340,35.6296,23.4364
southern_europe,2037.0,41.2613,35.2727,23.4660
southern_europe,2037.1,41.5884,34.9183,23.4933
southern_europe,2037.2,41.9151,34.5663,23.5186
southern_europe,2037.3,42.2416,34.2168,23.5416
southern_europe,2037.4,42.5677,33.8697,23.5626
southern_europe,2037.5,42.8935,33.5252,23.5814
southern_europe,2037.6,43.2189,33.1831,23.5980
southern_europe,2037.7,43.5439,32.8435,23.6126
southern_europe,2037.8,43.8685,32.5064,23.6250
southern_europe,2037.9,44.1927,32.1719,23.6354
southern_europe,2038.0,44.5165,31.8398,23.6437
southern_europe,2038.1,44.8397,31.5103,23.6500
southern_europe,2038.2,45.1625,31.1833,23.6542
southern_europe,2038.3,45.4849,30.8588,23.6563
southern_europe,2038.4,45.8067,30.5369,23.6565
southern_europe,2038.5,46.1279,30.2175,23.6546
southern_europe,2038.6,46.4486,29.9006,23.6508
southern_europe,2038.7,46.7688,29.5862,23.6449
southern_europe,2038.8,47.0884,29.2744,23.6372
southern_europe,2038.9,47.4074,28.9652,23.6275
southern_europe,2039.0,47.7258,28.6584,23.6158
southern_europe,2039.1,48.0435,28.3542,23.6023
southern_europe,2039.2,48.3606,28.0525,23.5868
southern_europe,2039.3,48.6771,27.7534,23.5695
southern_europe,2039.4,48.9929,27.4568,23.5504
southern_europe,2039.5,49.3080,27.1626,23.5294
southern_europe,2039.6,49.6224,26.8710,23.5065
southern_europe,2039.7,49.9361,26.5820,23.4819
southern_europe,2039.8,50.2491,26.2954,23.4555
southern_europe,2039.9,50.5613,26.0113,23.4274
southern_europe,2040.0,50.8728,25.7297,23.3975
southern_europe,2040.1,51.1836,25.4506,23.3659
southern_europe,2040.2,51.4935,25.1739,23.3326
southern_europe,2040.3,51.8027,24.8997,23.2976
southern_europe,2040.4,52.1110,24.6280,23.2609
southern_europe,2040.5,52.4186,24.3588,23.2226
southern_europe,2040.6,52.7253,24.0919,23.1828
southern_europe,2040.7,53.0312,23.8275,23.1413
southern_europe,2040.8,53.3363,23.5656,23.0982
southern_europe,2040.9,53.6404,23.3060,23.0536
southern_europe,2041.0,53.9437,23.0488,23.0074
southern_europe,2041.1,54.2462,22.7940,22.9598
southern_europe,2041.2,54.5477,22.5416,22.9107
southern_europe,2041.3,54.8483,22.2916,22.8601
southern_europe,2041.4,55.1480,22.0439,22.8081
southern_europe,2041.5,55.4468,21.7985,22.7546
southern_europe,2041.6,55.7447,21.5555,22.6998
southern_europe,2041.7,56.0416,21.3148,22.6436
southern_europe,2041.8,56.3375,21.0764,22.5861
southern_europe,2041.9,56.6325,20.8403,22.5272
southern_europe,2042.0,56.9265,20.6064,22.4670
southern_europe,2042.1,57.2196,20.3748,22.4056
southern_europe,2042.2,57.5116,20.1455,22.3429
southern_europe,2042.3,57.8026,19.9184,22.2791
southern_europe,2042.4,58.0926,19.6934,22.2140
southern_europe,2042.5,58.3816,19.4707,22.1477
southern_europe,2042.6,58.6695,19.2502,22.0803
southern_europe,2042.7,58.9564,19.0319,22.0117
southern_europe,2042.8,59.2422,18.8157,21.9421
southern_europe,2042.9,59.5270,18.6016,21.8714
southern_europe,2043.0,59.8107,18.3896,21.7996
southern_europe,2043.1,60.0934,18.1798,21.7268
southern_europe,2043.2,60.3749,17.9721,21.6530
southern_europe,2043.3,60.6554,17.7664,21.5783
southern_europe,2043.4,60.9347,17.5628,21.5025
southern_europe,2043.5,61.2129,17.3612,21.4259
southern_europe,2043.6,61.4901,17.1616,21.3483
southern_europe,2043.7,61.7660,16.9641,21.2699
southern_europe,2043.8,62.0409,16.7685,21.1906
southern_europe,2043.9,62.3146,16.5749,21.1105
southern_europe,2044.0,62.5871,16.3833,21.0296
southern_europe,2044.1,62.8585,16.1936,20.9479
southern_europe,2044.2,63.1288,16.0058,20.8654
southern_europe,2044.3,63.3978,15.8200,20.7822
southern_europe,2044.4,63.6657,15.6360,20.6983
southern_europe,2044.5,63.9324,15.4539,20.6137
southern_europe,2044.6,64.1979,15.2737,20.5285
southern_europe,2044.7,64.4621,15.0953,20.4426
southern_europe,2044.8,64.7252,14.9187,20.3561
southern_europe,2044.9,64.9871,14.7439,20.2690
southern_europe,2045.0,65.2477,14.5709,20.1813
southern_europe,2045.1,65.5071,14.3997,20.0931
southern_europe,2045.2,65.7653,14.2302,20.0044
southern_europe,2045.3,66.0223,14.0625,19.9152
southern_europe,2045.4,66.2780,13.8965,19.8255
southern_europe,2045.5,66.5324,13.7322,19.7353
southern_europe,2045.6,66.7856,13.5696,19.6447
southern_europe,2045.7,67.0376,13.4087,19.5537
southern_europe,2045.8,67.2882,13.2494,19.4623
southern_europe,2045.9,67.5376,13.0918,19.3706
southern_europe,2046.0,67.7858,12.9358,19.2785
southern_europe,2046.1,68.0326,12.7814,19.1860
southern_europe,2046.2,68.2782,12.6285,19.0933
southern_europe,2046.3,68.5225,12.4773,19.0002
southern_europe,2046.4,68.7655,12.3276,18.9069
southern_europe,2046.5,69.0072,12.1795,18.8133
southern_europe,2046.6,69.2476,12.0329,18.7195
southern_europe,2046.7,69.4867,11.8878,18.6255
southern_europe,2046.8,69.7245,11.7442,18.5313
southern_europe,2046.9,69.9609,11.6021,18.4369
southern_europe,2047.0,70.1961,11.4615,18.3424
southern_europe,2047.1,70.4300,11.3223,18.2477
southern_europe,2047.2,70.6625,11.1846,18.1529
southern_europe,2047.3,70.8937,11.0483,18.0580
southern_europe,2047.4,71.1237,10.9134,17.9630
southern_europe,2047.5,71.3522,10.7798,17.8679
southern_europe,2047.6,71.5795,10.6477,17.7728
southern_europe,2047.7,71.8054,10.5170,17.6776
southern_europe,2047.8,72.0300,10.3876,17.5824
southern_europe,2047.9,72.2533,10.2595,17.4871
southern_europe,2048.0,72.4753,10.1328,17.3919
southern_europe,2048.1,72.6959,10.0074,17.2967
southern_europe,2048.2,72.9152,9.8833,17.2015
southern_europe,2048.3,73.1332,9.7605,17.1064
southern_europe,2048.4,73.3498,9.6389,17.0113
southern_europe,2048.5,73.5651,9.5186,16.9162
southern_europe,2048.6,73.7791,9.3996,16.8213
southern_europe,2048.7,73.9917,9.2818,16.7264
southern_europe,2048.8,74.2030,9.1653,16.6317
southern_europe,2048.9,74.4130,9.0499,16.5370
southern_europe,2049.0,74.6217,8.9358,16.4425
southern_europe,2049.1,74.8290,8.8229,16.3481
southern_europe,2049.2,75.0350,8.7111,16.2539
southern_europe,2049.3,75.2397,8.6005,16.1598
southern_europe,2049.4,75.4431,8.4910,16.0659
southern_europe,2049.5,75.6451,8.3828,15.9721
southern_europe,2049.6,75.8458,8.2756,15.8786
southern_europe,2049.7,76.0452,8.1696,15.7852
southern_europe,2049.8,76.2433,8.0646,15.6920
southern_europe,2049.9,76.4401,7.9608,15.5991
southern_europe,2050.0,76.6356,7.8581,15.5063
eastern_europe,2015.0,0.0557,99.9303,0.0155
eastern_europe,2015.1,0.0597,99.9254,0.0166
eastern_europe,2015.2,0.0639,99.9203,0.0178
eastern_europe,2015.3,0.0683,99.9149,0.0191
eastern_europe,2015.4,0.0730,99.9091,0.0204
eastern_europe,2015.5,0.0780,99.9030,0.0218
eastern_europe,2015.6,0.0832,99.8965,0.0234
eastern_europe,2015.7,0.0888,99.8896,0.0250
eastern_europe,2015.8,0.0946,99.8823,0.0267
eastern_europe,2015.9,0.1007,99.8746,0.0286
eastern_europe,2016.0,0.1071,99.8665,0.0305
eastern_europe,2016.1,0.1139,99.8579,0.0327
eastern_europe,2016.2,0.1212,99.8488,0.0349
eastern_europe,2016.3,0.1288,99.8392,0.0373
eastern_europe,2016.4,0.1369,99.8291,0.0398
eastern_europe,2016.5,0.1454,99.8185,0.0425
eastern_europe,2016.6,0.1544,99.8072,0.0454
eastern_europe,2016.7,0.1638,99.7953,0.0484
eastern_europe,2016.8,0.1737,99.7828,0.0517
eastern_europe,2016.9,0.1841,99.7696,0.0551
eastern_europe,2017.0,0.1950,99.7558,0.0587
eastern_europe,2017.1,0.2075,99.7386,0.0642
eastern_europe,2017.2,0.2216,99.7185,0.0709
eastern_europe,2017.3,0.2369,99.6964,0.0785
eastern_europe,2017.4,0.2534,99.6722,0.0870
eastern_europe,2017.5,0.2710,99.6463,0.0961
eastern_europe,2017.6,0.2896,99.6185,0.1059
eastern_europe,2017.7,0.3094,99.5890,0.1164
eastern_europe,2017.8,0.3302,99.5578,0.1275
eastern_europe,2017.9,0.3520,99.5248,0.1392
eastern_europe,2018.0,0.3749,99.4902,0.1515
eastern_europe,2018.1,0.4221,99.4522,0.1644
eastern_europe,2018.2,0.4546,99.4120,0.1780
eastern_europe,2018.3,0.4862,99.3698,0.1921
eastern_europe,2018.4,0.5177,99.3256,0.2069
eastern_europe,2018.5,0.5498,99.2794,0.2223
eastern_europe,2018.6,0.5824,99.2313,0.2383
eastern_europe,2018.7,0.6159,99.1812,0.2549
eastern_europe,2018.8,0.6501,99.1291,0.2722
eastern_europe,2018.9,0.6853,99.0750,0.2902
eastern_europe,2019.0,0.7215,99.0189,0.3088
eastern_europe,2019.1,0.7587,98.9608,0.3282
eastern_europe,2019.2,0.7969,98.9006,0.3482
eastern_europe,2019.3,0.8362,98.8383,0.3689
eastern_europe,2019.4,0.8765,98.7738,0.3904
eastern_europe,2019.5,0.9181,98.7072,0.4126
eastern_europe,2019.6,0.9607,98.6384,0.4355
eastern_europe,2019.7,1.0046,98.5673,0.4593
eastern_europe,2019.8,1.0496,98.4940,0.4842
eastern_europe,2019.9,1.0959,98.4183,0.5101
eastern_europe,2020.0,1.1434,98.3402,0.5375
eastern_europe,2020.1,1.1922,98.2598,0.5659
eastern_europe,2020.2,1.2423,98.1768,0.5952
eastern_europe,2020.3,1.2937,98.0914,0.6255
eastern_europe,2020.4,1.3465,98.0034,0.6568
eastern_europe,2020.5,1.4006,97.9129,0.6891
eastern_europe,2020.6,1.4561,97.8197,0.7242
eastern_europe,2020.7,1.5131,97.7237,0.7632
eastern_europe,2020.8,1.5714,97.6251,0.8035
eastern_europe,2020.9,1.6313,97.5236,0.8451
eastern_europe,2021.0,1.6926,97.4193,0.8880
eastern_europe,2021.1,1.7555,97.3121,0.9324
eastern_europe,2021.2,1.8199,97.2019,0.9782
eastern_europe,2021.3,1.8858,97.0888,1.0254
eastern_europe,2021.4,1.9534,96.9725,1.0741
eastern_europe,2021.5,2.0226,96.8531,1.1243
eastern_europe,2021.6,2.0934,96.7306,1.1760
eastern_europe,2021.7,2.1659,96.6047,1.2294
eastern_europe,2021.8,2.2401,96.4756,1.2843
eastern_europe,2021.9,2.3160,96.3432,1.3409
eastern_europe,2022.0,2.3937,96.2072,1.3991
eastern_europe,2022.1,2.4731,96.0679,1.4590
eastern_europe,2022.2,2.5544,95.9249,1.5207
eastern_europe,2022.3,2.6374,95.7784,1.5842
eastern_europe,2022.4,2.7224,95.6282,1.6494
eastern_europe,2022.5,2.8092,95.4742,1.7165
eastern_europe,2022.6,2.8980,95.3165,1.7855
eastern_europe,2022.7,2.9887,95.1549,1.8564
eastern_europe,2022.8,3.0814,94.9893,1.9293
eastern_europe,2022.9,3.1761,94.8198,2.0041
eastern_europe,2023.0,3.2728,94.6462,2.0810
eastern_europe,2023.1,3.3716,94.4685,2.1599
eastern_europe,2023.2,3.4725,94.2866,2.2409
eastern_europe,2023.3,3.5756,94.1005,2.3240
eastern_europe,2023.4,3.6807,93.9100,2.4093
eastern_europe,2023.5,3.7881,93.7151,2.4968
eastern_europe,2023.6,3.8977,93.5158,2.5865
eastern_europe,2023.7,4.0095,93.3120,2.6785
eastern_europe,2023.8,4.1236,93.1036,2.7727
eastern_europe,2023.9,4.2401,92.8906,2.8693
eastern_europe,2024.0,4.3588,92.6728,2.9683
eastern_europe,2024.1,4.4800,92.4503,3.0697
eastern_europe,2024.2,4.6035,92.2229,3.1735
eastern_europe,2024.3,4.7295,91.9907,3.2798
eastern_europe,2024.4,4.8580,91.7534,3.3886
eastern_europe,2024.5,4.9889,91.5112,3.4999
eastern_europe,2024.6,5.1224,91.2639,3.6138
eastern_europe,2024.7,5.2584,91.0114,3.7302
eastern_europe,2024.8,5.3970,90.7537,3.8493
eastern_europe,2024.9,5.5383,90.4907,3.9710
eastern_europe,2025.0,5.6822,90.2224,4.0954
eastern_europe,2025.1,5.8288,89.9488,4.2224
eastern_europe,2025.2,5.9781,89.6697,4.3522
eastern_europe,2025.3,6.1302,89.3851,4.4847
eastern_europe,2025.4,6.2850,89.0950,4.6200
eastern_europe,2025.5,6.4427,88.7993,4.7580
eastern_europe,2025.6,6.6032,88.4980,4.8988
eastern_europe,2025.7,6.7665,88.1910,5.0425
eastern_europe,2025.8,6.9328,87.8783,5.1889
eastern_europe,2025.9,7.1020,87.5598,5.3382
eastern_europe,2026.0,7.2742,87.2355,5.4904
eastern_europe,2026.1,7.4493,86.9053,5.6453
eastern_europe,2026.2,7.6275,86.5693,5.8032
eastern_europe,2026.3,7.8088,86.2274,5.9639
eastern_europe,2026.4,7.9931,85.8795,6.1274
eastern_europe,2026.5,8.1805,85.5256,6.2939
eastern_europe,2026.6,8.3711,85.1658,6.4631
eastern_europe,2026.7,8.5648,84.8000,6.6352
eastern_europe,2026.8,8.7617,84.4281,6.8102
eastern_europe,2026.9,8.9619,84.0502,6.9880
eastern_europe,2027.0,9.1653,83.6662,7.1685
eastern_europe,2027.1,9.3720,83.2761,7.3519
eastern_europe,2027.2,9.5819,82.8800,7.5380
eastern_europe,2027.3,9.7952,82.4779,7.7269
eastern_europe,2027.4,10.0119,82.0696,7.9185
eastern_europe,2027.5,10.2319,81.6553,8.1128
eastern_europe,2027.6,10.4553,81.2350,8.3097
eastern_europe,2027.7,10.6822,80.8086,8.5092
eastern_europe,2027.8,10.9125,80.3763,8.7112
eastern_europe,2027.9,11.1462,79.9379,8.9158
eastern_europe,2028.0,11.3835,79.4937,9.1229
eastern_europe,2028.1,11.6242,79.0435,9.3323
eastern_europe,2028.2,11.8685,78.5874,9.5443
eastern_europe,2028.3,12.1163,78.1255,9.7593
eastern_europe,2028.4,12.3676,77.6579,9.9766
eastern_europe,2028.5,12.6226,77.1845,10.1960
eastern_europe,2028.6,12.8811,76.7054,10.4175
eastern_europe,2028.7,13.1433,76.2208,10.6411
eastern_europe,2028.8,13.4091,75.7306,10.8665
eastern_europe,2028.9,13.6785,75.2350,11.0938
eastern_europe,2029.0,13.9515,74.7341,11.3228
eastern_europe,2029.1,14.2282,74.2279,11.5535
eastern_europe,2029.2,14.5086,73.7165,11.7857
eastern_europe,2029.3,14.7927,73.2000,12.0193
eastern_europe,2029.4,15.0804,72.6785,12.2542
eastern_europe,2029.5,15.3718,72.1522,12.4903
eastern_europe,2029.6,15.6669,71.6212,12.7274
eastern_europe,2029.7,15.9658,71.0855,12.9655
eastern_europe,2029.8,16.2683,70.5453,13.2045
eastern_europe,2029.9,16.5745,70.0008,13.4441
eastern_europe,2030.0,16.8844,69.4521,13.6842
eastern_europe,2030.1,17.1980,68.8993,13.9247
eastern_europe,2030.2,17.5154,68.3426,14.1655
eastern_europe,2030.3,17.8364,67.7821,14.4063
eastern_europe,2030.4,18.1611,67.2181,14.6471
eastern_europe,2030.5,18.4895,66.6506,14.8876
eastern_europe,2030.6,18.8215,66.0798,15.1277
eastern_europe,2030.7,19.1572,65.5060,15.3673
eastern_europe,2030.8,19.4966,64.9293,15.6061
eastern_europe,2030.9,19.8396,64.3499,15.8441
eastern_europe,2031.0,20.1862,63.7680,16.0809
eastern_europe,2031.1,20.5364,63.1838,16.3164
eastern_europe,2031.2,20.8902,62.5975,16.5505
eastern_europe,2031.3,21.2476,62.0093,16.7829
eastern_europe,2031.4,21.6085,61.4194,17.0135
eastern_europe,2031.5,21.9729,60.8281,17.2421
eastern_europe,2031.6,22.3409,60.2355,17.4684
eastern_europe,2031.7,22.7122,59.6418,17.6924
eastern_europe,2031.8,23.0871,59.0474,17.9137
eastern_europe,2031.9,23.4653,58.4524,18.1322
eastern_europe,2032.0,23.8469,57.8570,18.3477
eastern_europe,2032.1,24.2319,57.2616,18.5600
eastern_europe,2032.2,24.6201,56.6662,18.7688
eastern_europe,2032.3,25.0116,56.0712,18.9741
eastern_europe,2032.4,25.4063,55.4768,19.1756
eastern_europe,2032.5,25.8042,54.8833,19.3731
eastern_europe,2032.6,26.2053,54.2908,19.5664
eastern_europe,2032.7,26.6094,53.6996,19.7553
eastern_europe,2032.8,27.0166,53.1100,19.9397
eastern_europe,2032.9,27.4268,52.5221,20.1193
eastern_europe,2033.0,27.8399,51.9363,20.2939
eastern_europe,2033.1,28.2559,51.3527,20.4635
eastern_europe,2033.2,28.6747,50.7716,20.6277
eastern_europe,2033.3,29.0964,50.1932,20.7865
eastern_europe,2033.4,29.5207,49.6178,20.9396
eastern_europe,2033.5,29.9477,49.0455,21.0869
eastern_europe,2033.6,30.3772,48.4766,21.2283
eastern_europe,2033.7,30.8093,47.9114,21.3635
eastern_europe,2033.8,31.2438,47.3499,21.4925
eastern_europe,2033.9,31.6808,46.7925,21.6151
eastern_europe,2034.0,32.1200,46.2393,21.7311
eastern_europe,2034.1,32.5615,45.6906,21.8405
eastern_europe,2034.2,33.0052,45.1464,21.9431
eastern_europe,2034.3,33.4509,44.6071,22.0388
eastern_europe,2034.4,33.8987,44.0728,22.1276
eastern_europe,2034.5,34.3484,43.5436,22.2092
eastern_europe,2034.6,34.8000,43.0198,22.2837
eastern_europe,2034.7,35.2533,42.5015,22.3509
eastern_europe,2034.8,35.7083,41.9888,22.4108
eastern_europe,2034.9,36.1649,41.4818,22.4634
eastern_europe,2035.0,36.6231,40.9809,22.5085
eastern_europe,2035.1,37.0826,40.4859,22.5462
eastern_europe,2035.2,37.5435,39.9971,22.5764
eastern_europe,2035.3,38.0056,39.5146,22.5991
eastern_europe,2035.4,38.4689,39.0384,22.6143
eastern_europe,2035.5,38.9332,38.5688,22.6220
eastern_europe,2035.6,39.3985,38.1056,22.6222
eastern_europe,2035.7,39.8646,37.6491,22.6149
eastern_europe,2035.8,40.3315,37.1993,22.6002
eastern_europe,2035.9,40.7990,36.7563,22.5781
eastern_europe,2036.0,41.2671,36.3200,22.5487
eastern_europe,2036.1,41.7357,35.8905,22.5120
eastern_europe,2036.2,42.2046,35.4679,22.4681
eastern_europe,2036.3,42.6738,35.0522,22.4171
eastern_europe,2036.4,43.1431,34.6433,22.3591
eastern_europe,2036.5,43.6124,34.2413,22.2942
eastern_europe,2036.6,44.0817,33.8462,22.2224
eastern_europe,2036.7,44.5509,33.4580,22.1440
eastern_europe,2036.8,45.0197,33.0765,22.0590
eastern_europe,2036.9,45.4882,32.7019,21.9676
eastern_europe,2037.0,45.9562,32.3340,21.8700
eastern_europe,2037.1,46.4236,31.9729,21.7662
eastern_europe,2037.2,46.8903,31.6184,21.6565
eastern_europe,2037.3,47.3562,31.2705,21.5411
eastern_europe,2037.4,47.8211,30.9291,21.4200
eastern_europe,2037.5,48.2851,30.5941,21.2935
eastern_europe,2037.6,48.7479,30.2656,21.1617
eastern_europe,2037.7,49.2095,29.9433,21.0250
eastern_europe,2037.8,49.6698,29.6271,20.8833
eastern_europe,2037.9,50.1286,29.3171,20.7371
eastern_europe,2038.0,50.5859,29.0131,20.5864
eastern_europe,2038.1,51.0415,28.7149,20.4314
eastern_europe,2038.2,51.4954,28.4225,20.2725
eastern_europe,2038.3,51.9474,28.1358,20.1097
eastern_europe,2038.4,52.3975,27.8547,19.9434
eastern_europe,2038.5,52.8455,27.5789,19.7736
eastern_europe,2038.6,53.2914,27.3085,19.6008
eastern_europe,2038.7,53.7350,27.0433,19.4249
eastern_europe,2038.8,54.1762,26.7831,19.2464
eastern_europe,2038.9,54.6150,26.5279,19.0654
eastern_europe,2039.0,55.0513,26.2774,18.8820
eastern_europe,2039.1,55.4850,26.0317,18.6966
eastern_europe,2039.2,55.9159,25.7906,18.5094
eastern_europe,2039.3,56.3441,25.5539,18.3204
eastern_europe,2039.4,56.7693,25.3216,18.1301
eastern_europe,2039.5,57.1916,25.0934,17.9385
eastern_europe,2039.6,57.6108,24.8694,17.7458
eastern_europe,2039.7,58.0269,24.6493,17.5524
eastern_europe,2039.8,58.4398,24.4330,17.3583
eastern_europe,2039.9,58.8494,24.2205,17.1637
eastern_europe,2040.0,59.2556,24.0117,16.9688
eastern_europe,2040.1,59.6584,23.8063,16.7739
eastern_europe,2040.2,60.0577,23.6044,16.5790
eastern_europe,2040.3,60.4534,23.4058,16.3844
eastern_europe,2040.4,60.8455,23.2104,16.1902
eastern_europe,2040.5,61.2340,23.0181,15.9966
eastern_europe,2040.6,61.6186,22.8288,15.8037
eastern_europe,2040.7,61.9995,22.6424,15.6116
eastern_europe,2040.8,62.3765,22.4589,15.4206
eastern_europe,2040.9,62.7496,22.2781,15.2307
eastern_europe,2041.0,63.1188,22.1000,15.0421
eastern_europe,2041.1,63.4839,21.9245,14.8549
eastern_europe,2041.2,63.8450,21.7514,14.6693
eastern_europe,2041.3,64.2021,21.5809,14.4852
eastern_europe,2041.4,64.5550,21.4127,14.3029
eastern_europe,2041.5,64.9038,21.2468,14.1223
eastern_europe,2041.6,65.2484,21.0831,13.9438
eastern_europe,2041.7,65.5888,20.9217,13.7672
eastern_europe,2041.8,65.9250,20.7623,13.5927
eastern_europe,2041.9,66.2570,20.6050,13.4203
eastern_europe,2042.0,66.5847,20.4498,13.2502
eastern_europe,2042.1,66.9081,20.2965,13.0824
eastern_europe,2042.2,67.2272,20.1452,12.9169
eastern_europe,2042.3,67.5420,19.9957,12.7539
eastern_europe,2042.4,67.8525,19.8480,12.5933
eastern_europe,2042.5,68.1587,19.7022,12.4351
eastern_europe,2042.6,68.4606,19.5581,12.2796
eastern_europe,2042.7,68.7582,19.4157,12.1265
eastern_europe,2042.8,69.0515,19.2750,11.9761
eastern_europe,2042.9,69.3405,19.1360,11.8283
eastern_europe,2043.0,69.6252,18.9986,11.6832
eastern_europe,2043.1,69.9057,18.8628,11.5407
eastern_europe,2043.2,70.1818,18.7286,11.4009
eastern_europe,2043.3,70.4538,18.5959,11.2637
eastern_europe,2043.4,70.7215,18.4647,11.1292
eastern_europe,2043.5,70.9851,18.3350,10.9975
eastern_europe,2043.6,71.2444,18.2068,10.8684
eastern_europe,2043.7,71.4997,18.0800,10.7419
eastern_europe,2043.8,71.7508,17.9546,10.6182
eastern_europe,2043.9,71.9978,17.8306,10.4971
eastern_europe,2044.0,72.2408,17.7080,10.3787
eastern_europe,2044.1,72.4798,17.5868,10.2629
eastern_europe,2044.2,72.7148,17.4668,10.1497
eastern_europe,2044.3,72.9459,17.3482,10.0391
eastern_europe,2044.4,73.1730,17.2309,9.9311
eastern_europe,2044.5,73.3964,17.1149,9.8256
eastern_europe,2044.6,73.6159,17.0002,9.7227
eastern_europe,2044.7,73.8316,16.8866,9.6222
eastern_europe,2044.8,74.0437,16.7744,9.5242
eastern_europe,2044.9,74.2521,16.6633,9.4287
eastern_europe,2045.0,74.4568,16.5534,9.3355
eastern_europe,2045.1,74.6580,16.4446,9.2447
eastern_europe,2045.2,74.8557,16.3371,9.1563
eastern_europe,2045.3,75.0500,16.2306,9.0701
eastern_europe,2045.4,75.2408,16.1253,8.9862
eastern_europe,2045.5,75.4282,16.0211,8.9045
eastern_europe,2045.6,75.6124,15.9180,8.8251
eastern_europe,2045.7,75.7933,15.8159,8.7477
eastern_europe,2045.8,75.9711,15.7149,8.6725
eastern_europe,2045.9,76.1457,15.6149,8.5993
eastern_europe,2046.0,76.3173,15.5160,8.5281
eastern_europe,2046.1,76.4858,15.4180,8.4589
eastern_europe,2046.2,76.6514,15.3211,8.3917
eastern_europe,2046.3,76.8141,15.2251,8.3263
eastern_europe,2046.4,76.9739,15.1301,8.2628
eastern_europe,2046.5,77.1309,15.0360,8.2012
eastern_europe,2046.6,77.2853,14.9428,8.1413
eastern_europe,2046.7,77.4369,14.8505,8.0831
eastern_europe,2046.8,77.5860,14.7592,8.0266
eastern_europe,2046.9,77.7325,14.6687,7.9717
eastern_europe,2047.0,77.8765,14.5791,7.9185
eastern_europe,2047.1,78.0181,14.4903,7.8668
eastern_europe,2047.2,78.1573,14.4024,7.8166
eastern_europe,2047.3,78.2941,14.3152,7.7679
eastern_europe,2047.4,78.4287,14.2289,7.7207
eastern_europe,2047.5,78.5611,14.1434,7.6748
eastern_europe,2047.6,78.6913,14.0586,7.6303
eastern_europe,2047.7,78.8193,13.9746,7.5871
eastern_europe,2047.8,78.9454,13.8914,7.5452
eastern_europe,2047.9,79.0694,13.8089,7.5046
eastern_europe,2048.0,79.1914,13.7271,7.4651
eastern_europe,2048.1,79.3116,13.6460,7.4268
eastern_europe,2048.2,79.4299,13.5656,7.3897
eastern_europe,2048.3,79.5464,13.4858,7.3536
eastern_europe,2048.4,79.6611,13.4068,7.3186
eastern_europe,2048.5,79.7741,13.3284,7.2847
eastern_europe,2048.6,79.8855,13.2506,7.2517
eastern_europe,2048.7,79.9952,13.1735,7.2197
eastern_europe,2048.8,80.1033,13.0970,7.1886
eastern_europe,2048.9,80.2099,13.0211,7.1584
eastern_europe,2049.0,80.3150,12.9458,7.1290
eastern_europe,2049.1,80.4187,12.8711,7.1005
eastern_europe,2049.2,80.5209,12.7970,7.0729
eastern_europe,2049.3,80.6218,12.7234,7.0459
eastern_europe,2049.4,80.7213,12.6504,7.0198
eastern_europe,2049.5,80.8195,12.5779,6.9943
eastern_europe,2049.6,80.9165,12.5060,6.9696
eastern_europe,2049.7,81.0122,12.4346,6.9455
eastern_europe,2049.8,81.1067,12.3637,6.9221
eastern_europe,2049.9,81.2001,12.2933,6.8993
eastern_europe,2050.0,81.2923,12.2234,6.8771
eu,2015.0,0.2973,99.3946,0.3083
eu,2015.1,0.3205,99.3482,0.3315
eu,2015.2,0.3451,99.2991,0.3561
eu,2015.3,0.3712,99.2472,0.3820
eu,2015.4,0.3988,99.1924,0.4091
eu,2015.5,0.4279,99.1348,0.4377
eu,2015.6,0.4586,99.0743,0.4675
eu,2015.7,0.4910,99.0107,0.4988
eu,2015.8,0.5250,98.9441,0.5314
eu,2015.9,0.5608,98.8743,0.5654
eu,2016.0,0.5983,98.8014,0.6009
eu,2016.1,0.6376,98.7253,0.6377
eu,2016.2,0.6787,98.6459,0.6760
eu,2016.3,0.7218,98.5632,0.7158
eu,2016.4,0.7667,98.4771,0.7570
eu,2016.5,0.8137,98.3875,0.7997
eu,2016.6,0.8626,98.2945,0.8438
eu,2016.7,0.9135,98.1980,0.8895
eu,2016.8,0.9666,98.0979,0.9366
eu,2016.9,1.0217,97.9942,0.9853
eu,2017.0,1.0790,97.8868,1.0355
eu,2017.1,1.1387,97.7742,1.0885
eu,2017.2,1.2007,97.6562,1.1446
eu,2017.3,1.2653,97.5330,1.2033
eu,2017.4,1.3323,97.4048,1.2646
eu,2017.5,1.4019,97.2716,1.3283
eu,2017.6,1.4741,97.1335,1.3943
eu,2017.7,1.5490,96.9905,1.4626
eu,2017.8,1.6266,96.8425,1.5330
eu,2017.9,1.7070,96.6897,1.6056
eu,2018.0,1.7901,96.5319,1.6802
eu,2018.1,1.8793,96.3691,1.7569
eu,2018.2,1.9693,96.2012,1.8356
eu,2018.3,2.0620,96.0284,1.9162
eu,2018.4,2.1576,95.8506,1.9987
eu,2018.5,2.2561,95.6678,2.0831
eu,2018.6,2.3577,95.4801,2.1693
eu,2018.7,2.4624,95.2874,2.2573
eu,2018.8,2.5703,95.0898,2.3470
eu,2018.9,2.6814,94.8871,2.4384
eu,2019.0,2.7958,94.6795,2.5315
eu,2019.1,2.9135,94.4668,2.6261
eu,2019.2,3.0347,94.2492,2.7224
eu,2019.3,3.1593,94.0265,2.8202
eu,2019.4,3.2873,93.7988,2.9195
eu,2019.5,3.4189,93.5661,3.0202
eu,2019.6,3.5541,93.3284,3.1223
eu,2019.7,3.6929,93.0857,3.2257
eu,2019.8,3.8354,92.8379,3.3305
eu,2019.9,3.9815,92.5852,3.4366
eu,2020.0,4.1315,92.3274,3.5440
eu,2020.1,4.2852,92.0647,3.6525
eu,2020.2,4.4428,91.7970,3.7622
eu,2020.3,4.6042,91.5244,3.8729
eu,2020.4,4.7696,91.2467,3.9846
eu,2020.5,4.9389,90.9642,4.0973
eu,2020.6,5.1122,90.6767,4.2111
eu,2020.7,5.2895,90.3843,4.3261
eu,2020.8,5.4709,90.0871,4.4420
eu,2020.9,5.6564,89.7850,4.5586
eu,2021.0,5.8460,89.4780,4.6759
eu,2021.1,6.0398,89.1663,4.7939
eu,2021.2,6.2377,88.8498,4.9125
eu,2021.3,6.4399,88.5285,5.0316
eu,2021.4,6.6463,88.2025,5.1512
eu,2021.5,6.8570,87.8719,5.2712
eu,2021.6,7.0719,87.5366,5.3915
eu,2021.7,7.2911,87.1967,5.5122
eu,2021.8,7.5147,86.8523,5.6331
eu,2021.9,7.7425,86.5033,5.7542
eu,2022.0,7.9747,86.1499,5.8754
eu,2022.1,8.2113,85.7920,5.9967
eu,2022.2,8.4522,85.4298,6.1180
eu,2022.3,8.6975,85.0632,6.2393
eu,2022.4,8.9471,84.6924,6.3605
eu,2022.5,9.2011,84.3174,6.4815
eu,2022.6,9.4594,83.9382,6.6023
eu,2022.7,9.7221,83.5550,6.7229
eu,2022.8,9.9891,83.1677,6.8432
eu,2022.9,10.2604,82.7764,6.9632
eu,2023.0,10.5360,82.3812,7.0828
eu,2023.1,10.8159,81.9822,7.2019
eu,2023.2,11.1000,81.5794,7.3206
eu,2023.3,11.3883,81.1729,7.4387
eu,2023.4,11.6808,80.7628,7.5564
eu,2023.5,11.9774,80.3492,7.6734
eu,2023.6,12.2781,79.9321,7.7898
eu,2023.7,12.5828,79.5115,7.9056
eu,2023.8,12.8916,79.0877,8.0207
eu,2023.9,13.2042,78.6606,8.1352
eu,2024.0,13.5207,78.2304,8.2489
eu,2024.1,13.8410,77.7970,8.3619
eu,2024.2,14.1651,77.3607,8.4742
eu,2024.3,14.4928,76.9214,8.5858
eu,2024.4,14.8241,76.4793,8.6965
eu,2024.5,15.1589,76.0345,8.8066
eu,2024.6,15.4972,75.5870,8.9158
eu,2024.7,15.8388,75.1369,9.0243
eu,2024.8,16.1836,74.6844,9.1320
eu,2024.9,16.5316,74.2294,9.2390
eu,2025.0,16.8827,73.7721,9.3452
eu,2025.1,17.2367,73.3126,9.4507
eu,2025.2,17.5936,72.8509,9.5555
eu,2025.3,17.9534,72.3872,9.6595
eu,2025.4,18.3158,71.9215,9.7628
eu,2025.5,18.6807,71.4539,9.8654
eu,2025.6,19.0482,70.9845,9.9673
eu,2025.7,19.4181,70.5134,10.0686
eu,2025.8,19.7902,70.0406,10.1692
eu,2025.9,20.1645,69.5663,10.2691
eu,2026.0,20.5410,69.0906,10.3684
eu,2026.1,20.9194,68.6135,10.4672
eu,2026.2,21.2998,68.1350,10.5730
eu,2026.3,21.6819,67.6554,10.6778
eu,2026.4,22.0658,67.1746,10.7815
eu,2026.5,22.4514,66.6928,10.8843
eu,2026.6,22.8385,66.2100,10.9860
eu,2026.7,23.2272,65.7262,11.0867
eu,2026.8,23.6172,65.2417,11.1863
eu,2026.9,24.0086,64.7564,11.2848
eu,2027.0,24.4013,64.2704,11.3822
eu,2027.1,24.7953,63.7839,11.4785
eu,2027.2,25.1904,63.2968,11.5737
eu,2027.3,25.5866,62.8092,11.6677
eu,2027.4,25.9839,62.3212,11.7605
eu,2027.5,26.3822,61.8330,11.8523
eu,2027.6,26.7815,61.3444,11.9428
eu,2027.7,27.1817,60.8557,12.0322
eu,2027.8,27.5828,60.3668,12.1203
eu,2027.9,27.9848,59.8779,12.2073
eu,2028.0,28.3876,59.3889,12.2931
eu,2028.1,28.7913,58.9001,12.3777
eu,2028.2,29.1957,58.4113,12.4611
eu,2028.3,29.6009,57.9227,12.5433
eu,2028.4,30.0068,57.4344,12.6244
eu,2028.5,30.4134,56.9463,12.7042
eu,2028.6,30.8208,56.4586,12.7828
eu,2028.7,31.2287,55.9713,12.8602
eu,2028.8,31.6374,55.4844,12.9363
eu,2028.9,32.0466,54.9981,13.0112
eu,2029.0,32.4564,54.5123,13.0848
eu,2029.1,32.8668,54.0272,13.1572
eu,2029.2,33.2778,53.5427,13.2284
eu,2029.3,33.6893,53.0589,13.2983
eu,2029.4,34.1012,52.5759,13.3669
eu,2029.5,34.5137,52.0938,13.4343
eu,2029.6,34.9265,51.6125,13.5004
eu,2029.7,35.3397,51.1321,13.5653
eu,2029.8,35.7534,50.6528,13.6289
eu,2029.9,36.1673,50.1744,13.6912
eu,2030.0,36.5815,49.6972,13.7522
eu,2030.1,36.9960,49.2210,13.8119
eu,2030.2,37.4107,48.7461,13.8704
eu,2030.3,37.8255,48.2723,13.9275
eu,2030.4,38.2405,47.7999,13.9833
eu,2030.5,38.6556,47.3288,14.0379
eu,2030.6,39.0707,46.8590,14.0911
eu,2030.7,39.4859,46.3908,14.1496
eu,2030.8,39.9009,45.9239,14.2081
eu,2030.9,40.3159,45.4587,14.2650
eu,2031.0,40.7308,44.9950,14.3203
eu,2031.1,41.1455,44.5330,14.3741
eu,2031.2,41.5600,44.0726,14.4263
eu,2031.3,41.9742,43.6140,14.4769
eu,2031.4,42.3881,43.1572,14.5259
eu,2031.5,42.8016,42.7022,14.5733
eu,2031.6,43.2148,42.2492,14.6191
eu,2031.7,43.6275,41.7981,14.6631
eu,2031.8,44.0397,41.3490,14.7056
eu,2031.9,44.4514,40.9020,14.7463
eu,2032.0,44.8626,40.4571,14.7853
eu,2032.1,45.2732,40.0143,14.8226
eu,2032.2,45.6831,39.5738,14.8581
eu,2032.3,46.0923,39.1355,14.8919
eu,2032.4,46.5008,38.6996,14.9240
eu,2032.5,46.9086,38.2660,14.9542
eu,2032.6,47.3155,37.8349,14.9826
eu,2032.7,47.7217,37.4063,15.0092
eu,2032.8,48.1269,36.9801,15.0340
eu,2032.9,48.5313,36.5566,15.0569
eu,2033.0,48.9347,36.1357,15.0779
eu,2033.1,49.3372,35.7174,15.0971
eu,2033.2,49.7386,35.3019,15.1143
eu,2033.3,50.1391,34.8891,15.1297
eu,2033.4,50.5384,34.4792,15.1431
eu,2033.5,50.9367,34.0721,15.1545
eu,2033.6,51.3338,33.6680,15.1640
eu,2033.7,51.7298,33.2668,15.1716
eu,2033.8,52.1246,32.8686,15.1772
eu,2033.9,52.5181,32.4734,15.1808
eu,2034.0,52.9105,32.0813,15.1824
eu,2034.1,53.3015,31.6923,15.1820
eu,2034.2,53.6913,31.3064,15.1796
eu,2034.3,54.0797,30.9238,15.1752
eu,2034.4,54.4667,30.5443,15.1687
eu,2034.5,54.8524,30.1681,15.1603
eu,2034.6,55.2367,29.7952,15.1498
eu,2034.7,55.6195,29.4256,15.1374
eu,2034.8,56.0009,29.0594,15.1229
eu,2034.9,56.3807,28.6965,15.1064
eu,2035.0,56.7591,28.3370,15.0879
eu,2035.1,57.1359,27.9809,15.0674
eu,2035.2,57.5112,27.6282,15.0449
eu,2035.3,57.8849,27.2790,15.0204
eu,2035.4,58.2569,26.9332,14.9940
eu,2035.5,58.6274,26.5910,14.9656
eu,2035.6,58.9962,26.2522,14.9352
eu,2035.7,59.3633,25.9169,14.9030
eu,2035.8,59.7287,25.5852,14.8688
eu,2035.9,60.0923,25.2569,14.8327
eu,2036.0,60.4543,24.9322,14.7948
eu,2036.1,60.8144,24.6110,14.7550
eu,2036.2,61.1728,24.2934,14.7135
eu,2036.3,61.5293,23.9793,14.6701
eu,2036.4,61.8840,23.6687,14.6249
eu,2036.5,62.2369,23.3616,14.5780
eu,2036.6,62.5879,23.0581,14.5295
eu,2036.7,62.9369,22.7581,14.4792
eu,2036.8,63.2841,22.4615,14.4273
eu,2036.9,63.6293,22.1685,14.3738
eu,2037.0,63.9726,21.8790,14.3187
eu,2037.1,64.3138,21.5929,14.2621
eu,2037.2,64.6531,21.3103,14.2040
eu,2037.3,64.9904,21.0311,14.1444
eu,2037.4,65.3256,20.7553,14.0834
eu,2037.5,65.6587,20.4830,14.0211
eu,2037.6,65.9898,20.2140,13.9574
eu,2037.7,66.3188,19.9483,13.8924
eu,2037.8,66.6457,19.6860,13.8262
eu,2037.9,66.9704,19.4271,13.7587
eu,2038.0,67.2930,19.1714,13.6901
eu,2038.1,67.6135,18.9189,13.6204
eu,2038.2,67.9318,18.6697,13.5496
eu,2038.3,68.2478,18.4237,13.4778
eu,2038.4,68.5617,18.1809,13.4051
eu,2038.5,68.8733,17.9413,13.3314
eu,2038.6,69.1827,17.7047,13.2568
eu,2038.7,69.4899,17.4713,13.1814
eu,2038.8,69.7948,17.2409,13.1052
eu,2038.9,70.0974,17.0135,13.0283
eu,2039.0,70.3977,16.7891,12.9507
eu,2039.1,70.6957,16.5677,12.8724
eu,2039.2,70.9914,16.3493,12.7934
eu,2039.3,71.2847,16.1337,12.7140
eu,2039.4,71.5758,15.9210,12.6339
eu,2039.5,71.8644,15.7112,12.5535
eu,2039.6,72.1508,15.5041,12.4725
eu,2039.7,72.4347,15.2998,12.3912
eu,2039.8,72.7163,15.0983,12.3095
eu,2039.9,72.9955,14.8995,12.2275
eu,2040.0,73.2723,14.7033,12.1453
eu,2040.1,73.5467,14.5098,12.0628
eu,2040.2,73.8188,14.3189,11.9801
eu,2040.3,74.0884,14.1306,11.8972
eu,2040.4,74.3556,13.9449,11.8142
eu,2040.5,74.6204,13.7616,11.7312
eu,2040.6,74.8828,13.5809,11.6481
eu,2040.7,75.1427,13.4026,11.5649
eu,2040.8,75.4003,13.2267,11.4818
eu,2040.9,75.6554,13.0533,11.3988
eu,2041.0,75.9081,12.8822,11.3158
eu,2041.1,76.1583,12.7134,11.2329
eu,2041.2,76.4062,12.5470,11.1502
eu,2041.3,76.6516,12.3828,11.0676
eu,2041.4,76.8946,12.2209,10.9852
eu,2041.5,77.1352,12.0612,10.9030
eu,2041.6,77.3734,11.9037,10.8211
eu,2041.7,77.6091,11.7484,10.7395
eu,2041.8,77.8425,11.5952,10.6581
eu,2041.9,78.0734,11.4442,10.5770
eu,2042.0,78.3020,11.2952,10.4963
eu,2042.1,78.5281,11.1483,10.4159
eu,2042.2,78.7519,11.0035,10.3359
eu,2042.3,78.9733,10.8606,10.2563
eu,2042.4,79.1924,10.7198,10.1771
eu,2042.5,79.4091,10.5809,10.0983
eu,2042.6,79.6234,10.4440,10.0199
eu,2042.7,79.8354,10.3089,9.9420
eu,2042.8,80.0450,10.1758,9.8645
eu,2042.9,80.2524,10.0445,9.7875
eu,2043.0,80.4574,9.9151,9.7111
eu,2043.1,80.6602,9.7875,9.6351
eu,2043.2,80.8606,9.6617,9.5596
eu,2043.3,81.0588,9.5377,9.4846
eu,2043.4,81.2547,9.4154,9.4102
eu,2043.5,81.4484,9.2948,9.3362
eu,2043.6,81.6399,9.1760,9.2629
eu,2043.7,81.8291,9.0588,9.1901
eu,2043.8,82.0162,8.9434,9.1178
eu,2043.9,82.2010,8.8295,9.0461
eu,2044.0,82.3837,8.7173,8.9750
eu,2044.1,82.5643,8.6067,8.9044
eu,2044.2,82.7427,8.4976,8.8344
eu,2044.3,82.9189,8.3901,8.7650
eu,2044.4,83.0931,8.2842,8.6962
eu,2044.5,83.2652,8.1797,8.6280
eu,2044.6,83.4353,8.0768,8.5604
eu,2044.7,83.6033,7.9753,8.4933
eu,2044.8,83.7692,7.8753,8.4269
eu,2044.9,83.9332,7.7767,8.3610
eu,2045.0,84.0951,7.6795,8.2957
eu,2045.1,84.2551,7.5838,8.2310
eu,2045.2,84.4132,7.4893,8.1670
eu,2045.3,84.5693,7.3963,8.1035
eu,2045.4,84.7235,7.3046,8.0406
eu,2045.5,84.8758,7.2142,7.9783
eu,2045.6,85.0262,7.1251,7.9165
eu,2045.7,85.1748,7.0372,7.8554
eu,2045.8,85.3215,6.9507,7.7949
eu,2045.9,85.4665,6.8653,7.7349
eu,2046.0,85.6096,6.7812,7.6755
eu,2046.1,85.7510,6.6983,7.6167
eu,2046.2,85.8906,6.6166,7.5585
eu,2046.3,86.0285,6.5360,7.5009
eu,2046.4,86.1647,6.4566,7.4438
eu,2046.5,86.2992,6.3783,7.3873
eu,2046.6,86.4320,6.3012,7.3314
eu,2046.7,86.5632,6.2251,7.2760
eu,2046.8,86.6927,6.1501,7.2211
eu,2046.9,86.8207,6.0762,7.1669
eu,2047.0,86.9470,6.0033,7.1131
eu,2047.1,87.0718,5.9314,7.0600
eu,2047.2,87.1951,5.8606,7.0073
eu,2047.3,87.3168,5.7907,6.9552
eu,2047.4,87.4371,5.7219,6.9036
eu,2047.5,87.5558,5.6540,6.8525
eu,2047.6,87.6731,5.5870,6.8020
eu,2047.7,87.7889,5.5210,6.7520
eu,2047.8,87.9033,5.4559,6.7025
eu,2047.9,88.0164,5.3917,6.6534
eu,2048.0,88.1280,5.3284,6.6049
eu,2048.1,88.2382,5.2660,6.5569
eu,2048.2,88.3472,5.2044,6.5094
eu,2048.3,88.4547,5.1437,6.4623
eu,2048.4,88.5610,5.0838,6.4158
eu,2048.5,88.6660,5.0248,6.3697
eu,2048.6,88.7697,4.9665,6.3241
eu,2048.7,88.8722,4.9090,6.2789
eu,2048.8,88.9734,4.8524,6.2342
eu,2048.9,89.0734,4.7964,6.1899
eu,2049.0,89.1723,4.7413,6.1461
eu,2049.1,89.2699,4.6869,6.1028
eu,2049.2,89.3664,4.6332,6.0598
eu,2049.3,89.4617,4.5802,6.0173
eu,2049.4,89.5559,4.5280,5.9752
eu,2049.5,89.6489,4.4764,5.9336
eu,2049.6,89.7409,4.4255,5.8923
eu,2049.7,89.8318,4.3753,5.8515
eu,2049.8,89.9216,4.3258,5.8111
eu,2049.9,90.0104,4.2769,5.7710
eu,2050.0,90.0982,4.2287,5.7314
g7,2015.0,0.3296,99.4041,0.2663
g7,2015.1,0.3506,99.3686,0.2808
g7,2015.2,0.3727,99.3314,0.2959
g7,2015.3,0.3957,99.2926,0.3116
g7,2015.4,0.4199,99.2522,0.3279
g7,2015.5,0.4452,99.2100,0.3448
g7,2015.6,0.4716,99.1661,0.3623
g7,2015.7,0.4991,99.1205,0.3804
g7,2015.8,0.5278,99.0731,0.3991
g7,2015.9,0.5577,99.0239,0.4184
g7,2016.0,0.5888,98.9729,0.4383
g7,2016.1,0.6212,98.9200,0.4588
g7,2016.2,0.6548,98.8653,0.4799
g7,2016.3,0.6897,98.8088,0.5016
g7,2016.4,0.7258,98.7503,0.5239
g7,2016.5,0.7633,98.6899,0.5468
g7,2016.6,0.8021,98.6276,0.5703
g7,2016.7,0.8422,98.5634,0.5944
g7,2016.8,0.8837,98.4972,0.6191
g7,2016.9,0.9266,98.4290,0.6443
g7,2017.0,0.9709,98.3589,0.6702
g7,2017.1,1.0166,98.2867,0.6967
g7,2017.2,1.0637,98.2125,0.7238
g7,2017.3,1.1123,98.1363,0.7514
g7,2017.4,1.1623,98.0581,0.7796
g7,2017.5,1.2138,97.9778,0.8084
g7,2017.6,1.2668,97.8954,0.8378
g7,2017.7,1.3213,97.8110,0.8677
g7,2017.8,1.3773,97.7245,0.8983
g7,2017.9,1.4348,97.6359,0.9293
g7,2018.0,1.4939,97.5451,0.9610
g7,2018.1,1.5545,97.4523,0.9931
g7,2018.2,1.6168,97.3574,1.0259
g7,2018.3,1.6805,97.2603,1.0591
g7,2018.4,1.7459,97.1611,1.0929
g7,2018.5,1.8129,97.0598,1.1273
g7,2018.6,1.8816,96.9563,1.1621
g7,2018.7,1.9518,96.8507,1.1975
g7,2018.8,2.0237,96.7429,1.2334
g7,2018.9,2.0973,96.6329,1.2698
g7,2019.0,2.1725,96.5208,1.3067
g7,2019.1,2.2494,96.4065,1.3441
g7,2019.2,2.3279,96.2901,1.3820
g7,2019.3,2.4082,96.1715,1.4203
g7,2019.4,2.4902,96.0507,1.4591
g7,2019.5,2.5739,95.9278,1.4984
g7,2019.6,2.6593,95.8026,1.5381
g7,2019.7,2.7464,95.6753,1.5783
g7,2019.8,2.8353,95.5459,1.6189
g7,2019.9,2.9259,95.4142,1.6599
g7,2020.0,3.0182,95.2804,1.7013
g7,2020.1,3.1124,95.1445,1.7432
g7,2020.2,3.2083,95.0063,1.7854
g7,2020.3,3.3059,94.8660,1.8280
g7,2020.4,3.4054,94.7236,1.8711
g7,2020.5,3.5066,94.5790,1.9144
g7,2020.6,3.6096,94.4322,1.9582
g7,2020.7,3.7144,94.2833,2.0023
g7,2020.8,3.8210,94.1323,2.0467
g7,2020.9,3.9294,93.9791,2.0914
g7,2021.0,4.0396,93.8238,2.1365
g7,2021.1,4.1517,93.6664,2.1819
g7,2021.2,4.2655,93.5069,2.2276
g7,2021.3,4.3812,93.3453,2.2735
g7,2021.4,4.4987,93.1816,2.3197
g7,2021.5,4.6180,93.0158,2.3662
g7,2021.6,4.7391,92.8479,2.4129
g7,2021.7,4.8621,92.6780,2.4599
g7,2021.8,4.9869,92.5060,2.5071
g7,2021.9,5.1135,92.3320,2.5545
g7,2022.0,5.2420,92.1559,2.6021
g7,2022.1,5.3723,91.9778,2.6499
g7,2022.2,5.5044,91.7977,2.6979
g7,2022.3,5.6384,91.6156,2.7460
g7,2022.4,5.7742,91.4316,2.7943
g7,2022.5,5.9118,91.2455,2.8427
g7,2022.6,6.0513,91.0575,2.8912
g7,2022.7,6.1926,90.8676,2.9399
g7,2022.8,6.3357,90.6757,2.9886
g7,2022.9,6.4806,90.4820,3.0374
g7,2023.0,6.6274,90.2863,3.0863
g7,2023.1,6.7760,90.0888,3.1353
g7,2023.2,6.9264,89.8894,3.1843
g7,2023.3,7.0786,89.6881,3.2333
g7,2023.4,7.2326,89.4850,3.2824
g7,2023.5,7.3884,89.2801,3.3314
g7,2023.6,7.5461,89.0734,3.3805
g7,2023.7,7.7055,88.8650,3.4295
g7,2023.8,7.8667,88.6548,3.4785
g7,2023.9,8.0297,88.4428,3.5275
g7,2024.0,8.1945,88.2291,3.5763
g7,2024.1,8.3611,88.0138,3.6251
g7,2024.2,8.5294,87.7967,3.6739
g7,2024.3,8.6995,87.5780,3.7225
g7,2024.4,8.8714,87.3577,3.7710
g7,2024.5,9.0450,87.1357,3.8193
g7,2024.6,9.2203,86.9121,3.8675
g7,2024.7,9.3974,86.6870,3.9156
g7,2024.8,9.5762,86.4603,3.9635
g7,2024.9,9.7567,86.2321,4.0112
g7,2025.0,9.9390,86.0023,4.0587
g7,2025.1,10.1229,85.7711,4.1060
g7,2025.2,10.3085,85.5384,4.1531
g7,2025.3,10.4958,85.3043,4.1999
g7,2025.4,10.6848,85.0687,4.2465
g7,2025.5,10.8754,84.8318,4.2928
g7,2025.6,11.0677,84.5934,4.3389
g7,2025.7,11.2616,84.3538,4.3846
g7,2025.8,11.4571,84.1128,4.4301
g7,2025.9,11.6543,83.8705,4.4752
g7,2026.0,11.8531,83.6269,4.5201
g7,2026.1,12.0534,83.3820,4.5645
g7,2026.2,12.2554,83.1360,4.6087
g7,2026.3,12.4589,82.8887,4.6524
g7,2026.4,12.6640,82.6402,4.6958
g7,2026.5,12.8706,82.3906,4.7388
g7,2026.6,13.0787,82.1399,4.7814
g7,2026.7,13.2884,81.8880,4.8236
g7,2026.8,13.4995,81.6351,4.8654
g7,2026.9,13.7122,81.3811,4.9067
g7,2027.0,13.9263,81.1261,4.9476
g7,2027.1,14.1419,80.8701,4.9881
g7,2027.2,14.3589,80.6131,5.0280
g7,2027.3,14.5774,80.3551,5.0675
g7,2027.4,14.7973,80.0962,5.1065
g7,2027.5,15.0185,79.8364,5.1451
g7,2027.6,15.2412,79.5757,5.1831
g7,2027.7,15.4652,79.3142,5.2206
g7,2027.8,15.6906,79.0518,5.2575
g7,2027.9,15.9174,78.7887,5.2940
g7,2028.0,16.1454,78.5247,5.3299
g7,2028.1,16.3748,78.2600,5.3652
g7,2028.2,16.6054,77.9946,5.4000
g7,2028.3,16.8373,77.7285,5.4342
g7,2028.4,17.0705,77.4616,5.4678
g7,2028.5,17.3049,77.1942,5.5009
g7,2028.6,17.5405,76.9261,5.5334
g7,2028.7,17.7774,76.6574,5.5652
g7,2028.8,18.0154,76.3881,5.5965
g7,2028.9,18.2546,76.1183,5.6271
g7,2029.0,18.4949,75.8479,5.6571
g7,2029.1,18.7364,75.5771,5.6865
g7,2029.2,18.9790,75.3057,5.7153
g7,2029.3,19.2227,75.0339,5.7434
g7,2029.4,19.4674,74.7617,5.7708
g7,2029.5,19.7133,74.4891,5.7977
g7,2029.6,19.9601,74.2161,5.8238
g7,2029.7,20.2080,73.9427,5.8493
g7,2029.8,20.4569,73.6689,5.8742
g7,2029.9,20.7068,73.3949,5.8983
g7,2030.0,20.9576,73.1206,5.9218
g7,2030.1,21.2094,72.8460,5.9447
g7,2030.2,21.4621,72.5711,5.9668
g7,2030.3,21.7157,72.2961,5.9882
g7,2030.4,21.9702,72.0208,6.0090
g7,2030.5,22.2256,71.7454,6.0291
g7,2030.6,22.4818,71.4698,6.0485
g7,2030.7,22.7388,71.1940,6.0672
g7,2030.8,22.9967,70.9182,6.0851
g7,2030.9,23.2553,70.6422,6.1024
g7,2031.0,23.5148,70.3662,6.1190
g7,2031.1,23.7749,70.0901,6.1349
g7,2031.2,24.0358,69.8140,6.1501
g7,2031.3,24.2975,69.5379,6.1646
g7,2031.4,24.5598,69.2618,6.1784
g7,2031.5,24.8228,68.9858,6.1915
g7,2031.6,25.0864,68.7097,6.2039
g7,2031.7,25.3507,68.4338,6.2156
g7,2031.8,25.6155,68.1579,6.2265
g7,2031.9,25.8810,67.8822,6.2368
g7,2032.0,26.1471,67.6065,6.2464
g7,2032.1,26.4137,67.3310,6.2553
g7,2032.2,26.6808,67.0557,6.2635
g7,2032.3,26.9485,66.7805,6.2710
g7,2032.4,27.2167,66.5056,6.2778
g7,2032.5,27.4853,66.2308,6.2839
g7,2032.6,27.7544,65.9563,6.2893
g7,2032.7,28.0239,65.6820,6.2941
g7,2032.8,28.2939,65.4080,6.2981
g7,2032.9,28.5642,65.1343,6.3015
g7,2033.0,28.8350,64.8608,6.3042
g7,2033.1,29.1060,64.5877,6.3063
g7,2033.2,29.3775,64.3148,6.3077
g7,2033.3,29.6492,64.0424,6.3084
g7,2033.4,29.9213,63.7702,6.3085
g7,2033.5,30.1937,63.4985,6.3079
g7,2033.6,30.4663,63.2271,6.3066
g7,2033.7,30.7391,62.9561,6.3048
g7,2033.8,31.0122,62.6855,6.3022
g7,2033.9,31.2856,62.4153,6.2991
g7,2034.0,31.5591,62.1456,6.2953
g7,2034.1,31.8327,61.8763,6.2909
g7,2034.2,32.1066,61.6075,6.2859
g7,2034.3,32.3806,61.3391,6.2803
g7,2034.4,32.6547,61.0712,6.2741
g7,2034.5,32.9289,60.8039,6.2673
g7,2034.6,33.2032,60.5370,6.2599
g7,2034.7,33.4775,60.2706,6.2519
g7,2034.8,33.7519,60.0047,6.2433
g7,2034.9,34.0264,59.7394,6.2342
g7,2035.0,34.3009,59.4746,6.2245
g7,2035.1,34.5753,59.2104,6.2143
g7,2035.2,34.8498,58.9467,6.2035
g7,2035.3,35.1242,58.6836,6.1922
g7,2035.4,35.3986,58.4211,6.1803
g7,2035.5,35.6729,58.1592,6.1679
g7,2035.6,35.9472,57.8978,6.1550
g7,2035.7,36.2213,57.6371,6.1416
g7,2035.8,36.4954,57.3770,6.1277
g7,2035.9,36.7693,57.1175,6.1133
g7,2036.0,37.0430,56.8586,6.0984
g7,2036.1,37.3167,56.6003,6.0830
g7,2036.2,37.5901,56.3427,6.0672
g7,2036.3,37.8634,56.0858,6.0509
g7,2036.4,38.1364,55.8295,6.0341
g7,2036.5,38.4093,55.5738,6.0169
g7,2036.6,38.6819,55.3188,5.9993
g7,2036.7,38.9542,55.0645,5.9813
g7,2036.8,39.2264,54.8109,5.9628
g7,2036.9,39.4982,54.5579,5.9439
g7,2037.0,39.7698,54.3056,5.9246
g7,2037.1,40.0410,54.0540,5.9049
g7,2037.2,40.3120,53.8031,5.8849
g7,2037.3,40.5826,53.5529,5.8645
g7,2037.4,40.8529,53.3034,5.8437
g7,2037.5,41.1229,53.0546,5.8225
g7,2037.6,41.3924,52.8066,5.8010
g7,2037.7,41.6617,52.5592,5.7791
g7,2037.8,41.9305,52.3125,5.7570
g7,2037.9,42.1989,52.0666,5.7345
g7,2038.0,42.4670,51.8214,5.7116
g7,2038.1,42.7346,51.5769,5.6885
g7,2038.2,43.0017,51.3332,5.6651
g7,2038.3,43.2685,51.0901,5.6414
g7,2038.4,43.5348,50.8478,5.6174
g7,2038.5,43.8006,50.6063,5.5931
g7,2038.6,44.0660,50.3655,5.5686
g7,2038.7,44.3308,50.1254,5.5438
g7,2038.8,44.5952,49.8860,5.5187
g7,2038.9,44.8591,49.6474,5.4935
g7,2039.0,45.1225,49.4096,5.4679
g7,2039.1,45.3853,49.1725,5.4422
g7,2039.2,45.6476,48.9361,5.4163
g7,2039.3,45.9094,48.7005,5.3901
g7,2039.4,46.1706,48.4656,5.3637
g7,2039.5,46.4313,48.2315,5.3372
g7,2039.6,46.6914,47.9982,5.3104
g7,2039.7,46.9510,47.7655,5.2835
g7,2039.8,47.2099,47.5337,5.2564
g7,2039.9,47.4683,47.3026,5.2292
g7,2040.0,47.7261,47.0722,5.2017
g7,2040.1,47.9832,46.8426,5.1742
g7,2040.2,48.2398,46.6137,5.1465
g7,2040.3,48.4957,46.3856,5.1187
g7,2040.4,48.7510,46.1583,5.0907
g7,2040.5,49.0057,45.9317,5.0626
g7,2040.6,49.2597,45.7059,5.0344
g7,2040.7,49.5131,45.4808,5.0061
g7,2040.8,49.7659,45.2564,4.9777
g7,2040.9,50.0180,45.0329,4.9492
g7,2041.0,50.2694,44.8100,4.9206
g7,2041.1,50.5201,44.5880,4.8919
g7,2041.2,50.7702,44.3666,4.8632
g7,2041.3,51.0196,44.1461,4.8344
g7,2041.4,51.2683,43.9262,4.8055
g7,2041.5,51.5163,43.7072,4.7765
g7,2041.6,51.7636,43.4888,4.7475
g7,2041.7,52.0102,43.2713,4.7185
g7,2041.8,52.2562,43.0545,4.6894
g7,2041.9,52.5013,42.8384,4.6603
g7,2042.0,52.7458,42.6231,4.6311
g7,2042.1,52.9896,42.4085,4.6019
g7,2042.2,53.2326,42.1946,4.5727
g7,2042.3,53.4749,41.9816,4.5435
g7,2042.4,53.7165,41.7692,4.5143
g7,2042.5,53.9573,41.5576,4.4850
g7,2042.6,54.1974,41.3468,4.4558
g7,2042.7,54.4368,41.1367,4.4265
g7,2042.8,54.6754,40.9273,4.3973
g7,2042.9,54.9133,40.7187,4.3681
g7,2043.0,55.1504,40.5108,4.3388
g7,2043.1,55.3867,40.3036,4.3096
g7,2043.2,55.6223,40.0972,4.2805
g7,2043.3,55.8571,39.8916,4.2513
g7,2043.4,56.0912,39.6866,4.2222
g7,2043.5,56.3245,39.4824,4.1931
g7,2043.6,56.5570,39.2790,4.1640
g7,2043.7,56.7887,39.0762,4.1350
g7,2043.8,57.0197,38.8742,4.1061
g7,2043.9,57.2499,38.6730,4.0771
g7,2044.0,57.4793,38.4725,4.0482
g7,2044.1,57.7079,38.2727,4.0194
g7,2044.2,57.9358,38.0736,3.9906
g7,2044.3,58.1628,37.8753,3.9619
g7,2044.4,58.3891,37.6777,3.9333
g7,2044.5,58.6145,37.4808,3.9047
g7,2044.6,58.8392,37.2847,3.8761
g7,2044.7,59.0631,37.0892,3.8477
g7,2044.8,59.2862,36.8946,3.8193
g7,2044.9,59.5085,36.7006,3.7909
g7,2045.0,59.7300,36.5074,3.7627
g7,2045.1,59.9506,36.3149,3.7345
g7,2045.2,60.1705,36.1231,3.7064
g7,2045.3,60.3896,35.9320,3.6784
g7,2045.4,60.6079,35.7417,3.6504
g7,2045.5,60.8254,35.5521,3.6226
g7,2045.6,61.0420,35.3632,3.5948
g7,2045.7,61.2579,35.1750,3.5671
g7,2045.8,61.4729,34.9876,3.5395
g7,2045.9,61.6872,34.8009,3.5120
g7,2046.0,61.9006,34.6149,3.4846
g7,2046.1,62.1132,34.4296,3.4572
g7,2046.2,62.3250,34.2450,3.4300
g7,2046.3,62.5360,34.0612,3.4028
g7,2046.4,62.7461,33.8781,3.3758
g7,2046.5,62.9555,33.6957,3.3488
g7,2046.6,63.1640,33.5140,3.3220
g7,2046.7,63.3718,33.3331,3.2952
g7,2046.8,63.5787,33.1528,3.2685
g7,2046.9,63.7847,32.9733,3.2420
g7,2047.0,63.9900,32.7945,3.2155
g7,2047.1,64.1944,32.6164,3.1891
g7,2047.2,64.3981,32.4391,3.1629
g7,2047.3,64.6009,32.2624,3.1367
g7,2047.4,64.8028,32.0865,3.1107
g7,2047.5,65.0040,31.9113,3.0847
g7,2047.6,65.2043,31.7368,3.0589
g7,2047.7,65.4038,31.5631,3.0331
g7,2047.8,65.6025,31.3900,3.0075
g7,2047.9,65.8004,31.2177,2.9819
g7,2048.0,65.9974,31.0461,2.9565
g7,2048.1,66.1936,30.8752,2.9312
g7,2048.2,66.3890,30.7050,2.9060
g7,2048.3,66.5836,30.5356,2.8809
g7,2048.4,66.7773,30.3668,2.8559
g7,2048.5,66.9702,30.1988,2.8310
g7,2048.6,67.1623,30.0315,2.8062
g7,2048.7,67.3535,29.8649,2.7815
g7,2048.8,67.5440,29.6991,2.7570
g7,2048.9,67.7336,29.5339,2.7325
g7,2049.0,67.9223,29.3695,2.7081
g7,2049.1,68.1103,29.2058,2.6839
g7,2049.2,68.2974,29.0428,2.6598
g7,2049.3,68.4837,28.8806,2.6358
g7,2049.4,68.6691,28.7190,2.6119
g7,2049.5,68.8537,28.5582,2.5881
g7,2049.6,69.0375,28.3981,2.5644
g7,2049.7,69.2205,28.2387,2.5408
g7,2049.8,69.4026,28.0801,2.5173
g7,2049.9,69.5839,27.9221,2.4940
g7,2050.0,69.7644,27.7649,2.4707
north_america,2015.0,0.3787,99.4048,0.2165
north_america,2015.1,0.3998,99.3740,0.2262
north_america,2015.2,0.4216,99.3423,0.2360
north_america,2015.3,0.4442,99.3097,0.2461
north_america,2015.4,0.4676,99.2760,0.2564
north_america,2015.5,0.4917,99.2414,0.2669
north_america,2015.6,0.5166,99.2059,0.2776
north_america,2015.7,0.5422,99.1693,0.2885
north_america,2015.8,0.5687,99.1318,0.2996
north_america,2015.9,0.5959,99.0932,0.3109
north_america,2016.0,0.6240,99.0537,0.3224
north_america,2016.1,0.6529,99.0131,0.3341
north_america,2016.2,0.6826,98.9715,0.3460
north_america,2016.3,0.7131,98.9288,0.3581
north_america,2016.4,0.7445,98.8851,0.3704
north_america,2016.5,0.7768,98.8404,0.3828
north_america,2016.6,0.8099,98.7946,0.3955
north_america,2016.7,0.8439,98.7477,0.4084
north_america,2016.8,0.8788,98.6997,0.4214
north_america,2016.9,0.9146,98.6507,0.4347
north_america,2017.0,0.9513,98.6006,0.4481
north_america,2017.1,0.9889,98.5493,0.4617
north_america,2017.2,1.0275,98.4970,0.4755
north_america,2017.3,1.0669,98.4435,0.4895
north_america,2017.4,1.1073,98.3890,0.5037
north_america,2017.5,1.1487,98.3333,0.5180
north_america,2017.6,1.1910,98.2765,0.5325
north_america,2017.7,1.2343,98.2185,0.5472
north_america,2017.8,1.2785,98.1594,0.5621
north_america,2017.9,1.3238,98.0992,0.5771
north_america,2018.0,1.3700,98.0377,0.5923
north_america,2018.1,1.4172,97.9752,0.6076
north_america,2018.2,1.4654,97.9114,0.6231
north_america,2018.3,1.5147,97.8465,0.6388
north_america,2018.4,1.5649,97.7804,0.6547
north_america,2018.5,1.6162,97.7131,0.6706
north_america,2018.6,1.6686,97.6446,0.6868
north_america,2018.7,1.7220,97.5750,0.7031
north_america,2018.8,1.7764,97.5041,0.7195
north_america,2018.9,1.8319,97.4320,0.7361
north_america,2019.0,1.8885,97.3587,0.7529
north_america,2019.1,1.9461,97.2842,0.7697
north_america,2019.2,2.0048,97.2084,0.7867
north_america,2019.3,2.0647,97.1314,0.8039
north_america,2019.4,2.1256,97.0532,0.8212
north_america,2019.5,2.1876,96.9738,0.8386
north_america,2019.6,2.2507,96.8931,0.8562
north_america,2019.7,2.3150,96.8112,0.8738
north_america,2019.8,2.3803,96.7280,0.8916
north_america,2019.9,2.4468,96.6436,0.9096
north_america,2020.0,2.5145,96.5579,0.9276
north_america,2020.1,2.5833,96.4710,0.9458
north_america,2020.2,2.6532,96.3827,0.9640
north_america,2020.3,2.7243,96.2933,0.9824
north_america,2020.4,2.7966,96.2025,1.0009
north_america,2020.5,2.8700,96.1105,1.0195
north_america,2020.6,2.9446,96.0172,1.0382
north_america,2020.7,3.0204,95.9226,1.0570
north_america,2020.8,3.0974,95.8267,1.0759
north_america,2020.9,3.1756,95.7295,1.0949
north_america,2021.0,3.2550,95.6311,1.1140
north_america,2021.1,3.3356,95.5313,1.1331
north_america,2021.2,3.4173,95.4303,1.1524
north_america,2021.3,3.5004,95.3279,1.1717
north_america,2021.4,3.5846,95.2243,1.1911
north_america,2021.5,3.6700,95.1193,1.2106
north_america,2021.6,3.7567,95.0131,1.2302
north_america,2021.7,3.8447,94.9055,1.2498
north_america,2021.8,3.9338,94.7966,1.2695
north_america,2021.9,4.0242,94.6865,1.2893
north_america,2022.0,4.1159,94.5750,1.3091
north_america,2022.1,4.2088,94.4621,1.3290
north_america,2022.2,4.3030,94.3480,1.3490
north_america,2022.3,4.3985,94.2326,1.3690
north_america,2022.4,4.4952,94.1158,1.3890
north_america,2022.5,4.5932,93.9977,1.4091
north_america,2022.6,4.6925,93.8783,1.4292
north_america,2022.7,4.7930,93.7576,1.4494
north_america,2022.8,4.8948,93.6355,1.4696
north_america,2022.9,4.9980,93.5122,1.4899
north_america,2023.0,5.1024,93.3875,1.5101
north_america,2023.1,5.2081,93.2615,1.5304
north_america,2023.2,5.3151,93.1341,1.5507
north_america,2023.3,5.4235,93.0054,1.5711
north_america,2023.4,5.5331,92.8754,1.5915
north_america,2023.5,5.6441,92.7441,1.6118
north_america,2023.6,5.7563,92.6115,1.6322
north_america,2023.7,5.8699,92.4775,1.6526
north_america,2023.8,5.9848,92.3422,1.6730
north_america,2023.9,6.1010,92.2056,1.6934
north_america,2024.0,6.2186,92.0677,1.7138
north_america,2024.1,6.3374,91.9284,1.7342
north_america,2024.2,6.4576,91.7878,1.7546
north_america,2024.3,6.5792,91.6459,1.7749
north_america,2024.4,6.7020,91.5027,1.7953
north_america,2024.5,6.8262,91.3581,1.8156
north_america,2024.6,6.9518,91.2123,1.8359
north_america,2024.7,7.0787,91.0651,1.8562
north_america,2024.8,7.2069,90.9166,1.8765
north_america,2024.9,7.3365,90.7668,1.8967
north_america,2025.0,7.4674,90.6157,1.9169
north_america,2025.1,7.5997,90.4633,1.9371
north_america,2025.2,7.7333,90.3095,1.9572
north_america,2025.3,7.8683,90.1545,1.9772
north_america,2025.4,8.0046,89.9982,1.9972
north_america,2025.5,8.1423,89.8405,2.0172
north_america,2025.6,8.2813,89.6816,2.0371
north_america,2025.7,8.4217,89.5214,2.0570
north_america,2025.8,8.5634,89.3598,2.0768
north_america,2025.9,8.7065,89.1970,2.0965
north_america,2026.0,8.8509,89.0329,2.1161
north_america,2026.1,8.9967,88.8675,2.1357
north_america,2026.2,9.1439,88.7009,2.1552
north_america,2026.3,9.2924,88.5329,2.1747
north_america,2026.4,9.4423,88.3637,2.1940
north_america,2026.5,9.5935,88.1932,2.2133
north_america,2026.6,9.7461,88.0215,2.2325
north_america,2026.7,9.9000,87.8484,2.2516
north_america,2026.8,10.0553,87.6742,2.2706
north_america,2026.9,10.2119,87.4986,2.2894
north_america,2027.0,10.3699,87.3218,2.3082
north_america,2027.1,10.5293,87.1438,2.3269
north_america,2027.2,10.6900,86.9645,2.3455
north_america,2027.3,10.8520,86.7840,2.3640
north_america,2027.4,11.0154,86.6022,2.3824
north_america,2027.5,11.1802,86.4193,2.4006
north_america,2027.6,11.3462,86.2350,2.4187
north_america,2027.7,11.5137,86.0496,2.4367
north_america,2027.8,11.6824,85.8630,2.4546
north_america,2027.9,11.8526,85.6751,2.4723
north_america,2028.0,12.0240,85.4860,2.4900
north_america,2028.1,12.1968,85.2958,2.5074
north_america,2028.2,12.3709,85.1043,2.5248
north_america,2028.3,12.5464,84.9116,2.5420
north_america,2028.4,12.7232,84.7178,2.5590
north_america,2028.5,12.9013,84.5228,2.5759
north_america,2028.6,13.0807,84.3266,2.5927
north_america,2028.7,13.2615,84.1292,2.6093
north_america,2028.8,13.4436,83.9307,2.6258
north_america,2028.9,13.6269,83.7310,2.6420
north_america,2029.0,13.8117,83.5302,2.6582
north_america,2029.1,13.9977,83.3282,2.6741
north_america,2029.2,14.1850,83.1251,2.6899
north_america,2029.3,14.3736,82.9209,2.7056
north_america,2029.4,14.5635,82.7155,2.7210
north_america,2029.5,14.7547,82.5090,2.7363
north_america,2029.6,14.9472,82.3014,2.7514
north_america,2029.7,15.1410,82.0927,2.7663
north_america,2029.8,15.3361,81.8829,2.7810
north_america,2029.9,15.5324,81.6720,2.7956
north_america,2030.0,15.7300,81.4600,2.8099
north_america,2030.1,15.9289,81.2470,2.8241
north_america,2030.2,16.1290,81.0329,2.8381
north_america,2030.3,16.3304,80.8177,2.8519
north_america,2030.4,16.5331,80.6015,2.8654
north_america,2030.5,16.7370,80.3842,2.8788
north_america,2030.6,16.9422,80.1659,2.8920
north_america,2030.7,17.1485,79.9465,2.9049
north_america,2030.8,17.3562,79.7261,2.9177
north_america,2030.9,17.5650,79.5047,2.9302
north_america,2031.0,17.7751,79.2823,2.9426
north_america,2031.1,17.9864,79.0590,2.9547
north_america,2031.2,18.1989,78.8346,2.9666
north_america,2031.3,18.4126,78.6092,2.9782
north_america,2031.4,18.6275,78.3828,2.9897
north_america,2031.5,18.8436,78.1555,3.0009
north_america,2031.6,19.0608,77.9273,3.0119
north_america,2031.7,19.2793,77.6980,3.0227
north_america,2031.8,19.4989,77.4679,3.0332
north_america,2031.9,19.7197,77.2368,3.0435
north_america,2032.0,19.9416,77.0048,3.0536
north_america,2032.1,20.1647,76.7718,3.0634
north_america,2032.2,20.3890,76.5380,3.0730
north_america,2032.3,20.6144,76.3033,3.0824
north_america,2032.4,20.8409,76.0676,3.0915
north_america,2032.5,21.0685,75.8311,3.1004
north_america,2032.6,21.2973,75.5938,3.1090
north_america,2032.7,21.5271,75.3555,3.1173
north_america,2032.8,21.7581,75.1165,3.1255
north_america,2032.9,21.9901,74.8765,3.1333
north_america,2033.0,22.2233,74.6358,3.1409
north_america,2033.1,22.4575,74.3942,3.1483
north_america,2033.2,22.6927,74.1518,3.1554
north_america,2033.3,22.9291,73.9087,3.1623
north_america,2033.4,23.1665,73.6647,3.1689
north_america,2033.5,23.4049,73.4199,3.1752
north_america,2033.6,23.6444,73.1744,3.1813
north_america,2033.7,23.8848,72.9281,3.1871
north_america,2033.8,24.1263,72.6810,3.1926
north_america,2033.9,24.3689,72.4333,3.1979
north_america,2034.0,24.6124,72.1847,3.2029
north_america,2034.1,24.8569,71.9355,3.2076
north_america,2034.2,25.1024,71.6855,3.2121
north_america,2034.3,25.3488,71.4349,3.2163
north_america,2034.4,25.5962,71.1835,3.2202
north_america,2034.5,25.8446,70.9315,3.2239
north_america,2034.6,26.0939,70.6788,3.2273
north_america,2034.7,26.3442,70.4254,3.2304
north_america,2034.8,26.5953,70.1714,3.2332
north_america,2034.9,26.8474,69.9168,3.2358
north_america,2035.0,27.1004,69.6615,3.2381
north_america,2035.1,27.3543,69.4056,3.2401
north_america,2035.2,27.6090,69.1491,3.2418
north_america,2035.3,27.8647,68.8920,3.2433
north_america,2035.4,28.1211,68.6344,3.2445
north_america,2035.5,28.3785,68.3761,3.2454
north_america,2035.6,28.6367,68.1173,3.2460
north_america,2035.7,28.8957,67.8579,3.2464
north_america,2035.8,29.1555,67.5980,3.2464
north_america,2035.9,29.4162,67.3376,3.2462
north_america,2036.0,29.6776,67.0766,3.2457
north_america,2036.1,29.9399,66.8152,3.2449
north_america,2036.2,30.2029,66.5532,3.2439
north_america,2036.3,30.4667,66.2908,3.2425
north_america,2036.4,30.7312,66.0279,3.2409
north_america,2036.5,30.9965,65.7645,3.2390
north_america,2036.6,31.2625,65.5006,3.2369
north_america,2036.7,31.5292,65.2364,3.2344
north_america,2036.8,31.7967,64.9717,3.2317
north_america,2036.9,32.0648,64.7066,3.2286
north_america,2037.0,32.3336,64.4410,3.2253
north_america,2037.1,32.6031,64.1751,3.2218
north_america,2037.2,32.8733,63.9088,3.2179
north_america,2037.3,33.1441,63.6421,3.2138
north_america,2037.4,33.4155,63.3751,3.2093
north_america,2037.5,33.6876,63.1077,3.2047
north_america,2037.6,33.9603,62.8400,3.1997
north_america,2037.7,34.2336,62.5720,3.1944
north_america,2037.8,34.5075,62.3036,3.1889
north_america,2037.9,34.7820,62.0349,3.1831
north_america,2038.0,35.0570,61.7660,3.1770
north_america,2038.1,35.3326,61.4967,3.1707
north_america,2038.2,35.6087,61.2272,3.1641
north_america,2038.3,35.8854,60.9575,3.1572
north_america,2038.4,36.1625,60.6875,3.1500
north_america,2038.5,36.4402,60.4172,3.1426
north_america,2038.6,36.7184,60.1468,3.1348
north_america,2038.7,36.9970,59.8761,3.1269
north_america,2038.8,37.2762,59.6052,3.1186
north_america,2038.9,37.5557,59.3341,3.1101
north_america,2039.0,37.8357,59.0629,3.1013
north_america,2039.1,38.1162,58.7915,3.0923
north_america,2039.2,38.3970,58.5200,3.0830
north_america,2039.3,38.6783,58.2483,3.0734
north_america,2039.4,38.9600,57.9764,3.0636
north_america,2039.5,39.2420,57.7045,3.0535
north_america,2039.6,39.5244,57.4324,3.0432
north_america,2039.7,39.8071,57.1603,3.0326
north_america,2039.8,40.0902,56.8881,3.0217
north_america,2039.9,40.3736,56.6158,3.0106
north_america,2040.0,40.6573,56.3434,2.9993
north_america,2040.1,40.9413,56.0710,2.9877
north_america,2040.2,41.2256,55.7985,2.9758
north_america,2040.3,41.5102,55.5260,2.9637
north_america,2040.4,41.7951,55.2535,2.9514
north_america,2040.5,42.0801,54.9811,2.9388
north_america,2040.6,42.3655,54.7086,2.9260
north_america,2040.7,42.6510,54.4361,2.9129
north_america,2040.8,42.9367,54.1636,2.8996
north_america,2040.9,43.2227,53.8912,2.8861
north_america,2041.0,43.5088,53.6189,2.8723
north_america,2041.1,43.7951,53.3466,2.8583
north_america,2041.2,44.0815,53.0744,2.8441
north_america,2041.3,44.3681,52.8023,2.8297
north_america,2041.4,44.6548,52.5303,2.8150
north_america,2041.5,44.9416,52.2583,2.8001
north_america,2041.6,45.2285,51.9865,2.7850
north_america,2041.7,45.5155,51.7149,2.7696
north_america,2041.8,45.8026,51.4433,2.7541
north_america,2041.9,46.0897,51.1720,2.7383
north_america,2042.0,46.3769,50.9008,2.7224
north_america,2042.1,46.6641,50.6297,2.7062
north_america,2042.2,46.9513,50.3589,2.6898
north_america,2042.3,47.2386,50.0882,2.6732
north_america,2042.4,47.5258,49.8178,2.6564
north_america,2042.5,47.8130,49.5475,2.6394
north_america,2042.6,48.1002,49.2775,2.6222
north_america,2042.7,48.3874,49.0078,2.6049
north_america,2042.8,48.6744,48.7383,2.5873
north_america,2042.9,48.9614,48.4690,2.5696
north_america,2043.0,49.2484,48.2000,2.5516
north_america,2043.1,49.5352,47.9313,2.5335
north_america,2043.2,49.8219,47.6629,2.5152
north_america,2043.3,50.1085,47.3948,2.4967
north_america,2043.4,50.3949,47.1270,2.4781
north_america,2043.5,50.6812,46.8595,2.4593
north_america,2043.6,50.9673,46.5924,2.4403
north_america,2043.7,51.2533,46.3256,2.4211
north_america,2043.8,51.5391,46.0591,2.4018
north_america,2043.9,51.8246,45.7930,2.3823
north_america,2044.0,52.1100,45.5273,2.3627
north_america,2044.1,52.3951,45.2620,2.3429
north_america,2044.2,52.6799,44.9971,2.3230
north_america,2044.3,52.9646,44.7325,2.3029
north_america,2044.4,53.2489,44.4684,2.2827
north_america,2044.5,53.5330,44.2047,2.2623
north_america,2044.6,53.8167,43.9414,2.2418
north_america,2044.7,54.1002,43.6786,2.2212
north_america,2044.8,54.3834,43.4162,2.2004
north_america,2044.9,54.6662,43.1543,2.1795
north_america,2045.0,54.9487,42.8928,2.1585
north_america,2045.1,55.2308,42.6319,2.1374
north_america,2045.2,55.5125,42.3714,2.1161
north_america,2045.3,55.7939,42.1114,2.0947
north_america,2045.4,56.0749,41.8519,2.0732
north_america,2045.5,56.3554,41.5929,2.0516
north_america,2045.6,56.6356,41.3345,2.0299
north_america,2045.7,56.9153,41.0766,2.0081
north_america,2045.8,57.1946,40.8192,1.9862
north_america,2045.9,57.4734,40.5624,1.9642
north_america,2046.0,57.7518,40.3061,1.9421
north_america,2046.1,58.0297,40.0505,1.9199
north_america,2046.2,58.3071,39.7953,1.8976
north_america,2046.3,58.5840,39.5408,1.8752
north_america,2046.4,58.8604,39.2869,1.8528
north_america,2046.5,59.1362,39.0335,1.8303
north_america,2046.6,59.4115,38.7808,1.8077
north_america,2046.7,59.6863,38.5287,1.7850
north_america,2046.8,59.9605,38.2772,1.7623
north_america,2046.9,60.2342,38.0264,1.7395
north_america,2047.0,60.5072,37.7762,1.7166
north_america,2047.1,60.7797,37.5266,1.6937
north_america,2047.2,61.0516,37.2777,1.6707
north_america,2047.3,61.3229,37.0295,1.6477
north_america,2047.4,61.5935,36.7819,1.6246
north_america,2047.5,61.8635,36.5350,1.6015
north_america,2047.6,62.1328,36.2888,1.5784
north_america,2047.7,62.4015,36.0433,1.5552
north_america,2047.8,62.6695,35.7985,1.5319
north_america,2047.9,62.9369,35.5544,1.5087
north_america,2048.0,63.2035,35.3110,1.4854
north_america,2048.1,63.4695,35.0684,1.4621
north_america,2048.2,63.7347,34.8265,1.4388
north_america,2048.3,63.9993,34.5853,1.4154
north_america,2048.4,64.2631,34.3449,1.3921
north_america,2048.5,64.5261,34.1052,1.3687
north_america,2048.6,64.7884,33.8662,1.3453
north_america,2048.7,65.0500,33.6281,1.3219
north_america,2048.8,65.3108,33.3907,1.2985
north_america,2048.9,65.5708,33.1541,1.2752
north_america,2049.0,65.8300,32.9182,1.2518
north_america,2049.1,66.0884,32.6832,1.2284
north_america,2049.2,66.3460,32.4489,1.2050
north_america,2049.3,66.6028,32.2155,1.1817
north_america,2049.4,66.8588,31.9828,1.1584
north_america,2049.5,67.1139,31.7510,1.1351
north_america,2049.6,67.3682,31.5200,1.1118
north_america,2049.7,67.6217,31.2898,1.0885
north_america,2049.8,67.8742,31.0605,1.0653
north_america,2049.9,68.1260,30.8319,1.0421
north_america,2050.0,68.3768,30.6043,1.0189
south_america,2015.0,0.0000,99.9998,0.0001
south_america,2015.1,0.0001,99.9998,0.0002
south_america,2015.2,0.0001,99.9997,0.0002
south_america,2015.3,0.0001,99.9997,0.0002
south_america,2015.4,0.0001,99.9996,0.0003
south_america,2015.5,0.0001,99.9995,0.0003
south_america,2015.6,0.0002,99.9995,0.0004
south_america,2015.7,0.0002,99.9994,0.0005
south_america,2015.8,0.0002,99.9992,0.0005
south_america,2015.9,0.0003,99.9991,0.0006
south_america,2016.0,0.0003,99.9989,0.0008
south_america,2016.1,0.0004,99.9987,0.0009
south_america,2016.2,0.0005,99.9985,0.0010
south_america,2016.3,0.0005,99.9983,0.0012
south_america,2016.4,0.0006,99.9980,0.0014
south_america,2016.5,0.0007,99.9977,0.0016
south_america,2016.6,0.0009,99.9973,0.0019
south_america,2016.7,0.0010,99.9969,0.0022
south_america,2016.8,0.0012,99.9964,0.0025
south_america,2016.9,0.0014,99.9958,0.0028
south_america,2017.0,0.0016,99.9952,0.0032
south_america,2017.1,0.0018,99.9945,0.0037
south_america,2017.2,0.0021,99.9937,0.0042
south_america,2017.3,0.0024,99.9928,0.0048
south_america,2017.4,0.0028,99.9919,0.0054
south_america,2017.5,0.0032,99.9908,0.0061
south_america,2017.6,0.0036,99.9895,0.0069
south_america,2017.7,0.0042,99.9882,0.0078
south_america,2017.8,0.0047,99.9866,0.0088
south_america,2017.9,0.0054,99.9849,0.0099
south_america,2018.0,0.0061,99.9830,0.0111
south_america,2018.1,0.0069,99.9809,0.0124
south_america,2018.2,0.0078,99.9786,0.0138
south_america,2018.3,0.0088,99.9760,0.0155
south_america,2018.4,0.0099,99.9732,0.0172
south_america,2018.5,0.0112,99.9701,0.0192
south_america,2018.6,0.0125,99.9666,0.0213
south_america,2018.7,0.0141,99.9629,0.0236
south_america,2018.8,0.0157,99.9587,0.0262
south_america,2018.9,0.0176,99.9541,0.0289
south_america,2019.0,0.0196,99.9492,0.0320
south_america,2019.1,0.0219,99.9437,0.0353
south_america,2019.2,0.0243,99.9377,0.0389
south_america,2019.3,0.0271,99.9312,0.0428
south_america,2019.4,0.0300,99.9241,0.0471
south_america,2019.5,0.0333,99.9163,0.0517
south_america,2019.6,0.0369,99.9078,0.0567
south_america,2019.7,0.0408,99.8986,0.0622
south_america,2019.8,0.0451,99.8886,0.0681
south_america,2019.9,0.0498,99.8778,0.0744
south_america,2020.0,0.0548,99.8660,0.0813
south_america,2020.1,0.0604,99.8532,0.0887
south_america,2020.2,0.0664,99.8394,0.0967
south_america,2020.3,0.0730,99.8245,0.1053
south_america,2020.4,0.0801,99.8083,0.1146
south_america,2020.5,0.0879,99.7908,0.1246
south_america,2020.6,0.0963,99.7719,0.1353
south_america,2020.7,0.1055,99.7515,0.1468
south_america,2020.8,0.1155,99.7295,0.1592
south_america,2020.9,0.1264,99.7058,0.1725
south_america,2021.0,0.1382,99.6802,0.1867
south_america,2021.1,0.1510,99.6526,0.2019
south_america,2021.2,0.1650,99.6229,0.2181
south_america,2021.3,0.1801,99.5909,0.2355
south_america,2021.4,0.1965,99.5565,0.2541
south_america,2021.5,0.2143,99.5196,0.2739
south_america,2021.6,0.2335,99.4798,0.2950
south_america,2021.7,0.2543,99.4371,0.3176
south_america,2021.8,0.2768,99.3912,0.3416
south_america,2021.9,0.3011,99.3420,0.3671
south_america,2022.0,0.3273,99.2893,0.3943
south_america,2022.1,0.3556,99.2327,0.4232
south_america,2022.2,0.3861,99.1722,0.4539
south_america,2022.3,0.4189,99.1074,0.4865
south_america,2022.4,0.4542,99.0381,0.5212
south_america,2022.5,0.4921,98.9639,0.5579
south_america,2022.6,0.5327,98.8848,0.5967
south_america,2022.7,0.5763,98.8003,0.6379
south_america,2022.8,0.6230,98.7101,0.6815
south_america,2022.9,0.6731,98.6140,0.7277
south_america,2023.0,0.7265,98.5116,0.7764
south_america,2023.1,0.7837,98.4025,0.8280
south_america,2023.2,0.8446,98.2865,0.8824
south_america,2023.3,0.9097,98.1631,0.9398
south_america,2023.4,0.9790,98.0321,1.0003
south_america,2023.5,1.0528,97.8929,1.0645
south_america,2023.6,1.1313,97.7452,1.1336
south_america,2023.7,1.2147,97.5886,1.2065
south_america,2023.8,1.3033,97.4227,1.2834
south_america,2023.9,1.3974,97.2470,1.3645
south_america,2024.0,1.4971,97.0611,1.4500
south_america,2024.1,1.6027,96.8645,1.5400
south_america,2024.2,1.7145,96.6567,1.6348
south_america,2024.3,1.8328,96.4374,1.7345
south_america,2024.4,1.9578,96.2059,1.8394
south_america,2024.5,2.0898,95.9618,1.9496
south_america,2024.6,2.2292,95.7046,2.0662
south_america,2024.7,2.3762,95.4337,2.1901
south_america,2024.8,2.5311,95.1487,2.3202
south_america,2024.9,2.6943,94.8489,2.4568
south_america,2025.0,2.8660,94.5339,2.6001
south_america,2025.1,3.0466,94.2031,2.7503
south_america,2025.2,3.2365,93.8560,2.9076
south_america,2025.3,3.4359,93.4919,3.0722
south_america,2025.4,3.6452,93.1104,3.2444
south_america,2025.5,3.8648,92.7108,3.4244
south_america,2025.6,4.0950,92.2926,3.6123
south_america,2025.7,4.3363,91.8553,3.8084
south_america,2025.8,4.5889,91.3982,4.0129
south_america,2025.9,4.8533,90.9207,4.2260
south_america,2026.0,5.1298,90.4224,4.4477
south_america,2026.1,5.4189,89.9027,4.6784
south_america,2026.2,5.7209,89.3609,4.9181
south_america,2026.3,6.0363,88.7966,5.1671
south_america,2026.4,6.3655,88.2092,5.4253
south_america,2026.5,6.7089,87.5981,5.6931
south_america,2026.6,7.0669,86.9628,5.9704
south_america,2026.7,7.4399,86.3028,6.2573
south_america,2026.8,7.8284,85.6176,6.5540
south_america,2026.9,8.2329,84.9067,6.8604
south_america,2027.0,8.6538,84.1696,7.1766
south_america,2027.1,9.0915,83.4059,7.5026
south_america,2027.2,9.5464,82.6151,7.8384
south_america,2027.3,10.0192,81.7969,8.1839
south_america,2027.4,10.5101,80.9508,8.5390
south_america,2027.5,11.0198,80.0765,8.9037
south_america,2027.6,11.5485,79.1737,9.2778
south_america,2027.7,12.0969,78.2421,9.6610
south_america,2027.8,12.6653,77.2814,10.0533
south_america,2027.9,13.2542,76.2916,10.4542
south_america,2028.0,13.8642,75.2723,10.8636
south_america,2028.1,14.4955,74.2236,11.2810
south_america,2028.2,15.1486,73.1454,11.7060
south_america,2028.3,15.8241,72.0377,12.1382
south_america,2028.4,16.5222,70.9006,12.5771
south_america,2028.5,17.2435,69.7344,13.0221
south_america,2028.6,17.9882,68.5392,13.4726
south_america,2028.7,18.7567,67.3155,13.9278
south_america,2028.8,19.5494,66.0636,14.3870
south_america,2028.9,20.3666,64.7841,14.8493
south_america,2029.0,21.2085,63.4777,15.3138
south_america,2029.1,22.0754,62.1450,15.7796
south_america,2029.2,22.9676,60.7869,16.2455
south_america,2029.3,23.8852,59.4044,16.7105
south_america,2029.4,24.8283,57.9985,17.1732
south_america,2029.5,25.7969,56.5706,17.6325
south_america,2029.6,26.7912,55.1219,18.0869
south_america,2029.7,27.8111,53.6539,18.5350
south_america,2029.8,28.8565,52.1682,18.9753
south_america,2029.9,29.9273,50.6665,19.4062
south_america,2030.0,31.0232,49.1507,19.8261
south_america,2030.1,32.1440,47.6227,20.2333
south_america,2030.2,33.2892,46.0848,20.6260
south_america,2030.3,34.4585,44.5390,21.0025
south_america,2030.4,35.6514,42.9877,21.3609
south_america,2030.5,36.8671,41.4334,21.6995
south_america,2030.6,38.1051,39.8785,22.0165
south_america,2030.7,39.3644,38.3257,22.3099
south_america,2030.8,40.6444,36.7777,22.5780
south_america,2030.9,41.9439,35.2371,22.8190
south_america,2031.0,43.2620,33.7068,23.0312
south_america,2031.1,44.5974,32.1896,23.2130
south_america,2031.2,45.9489,30.6883,23.3629
south_america,2031.3,47.3152,29.2056,23.4793
south_america,2031.4,48.6948,27.7443,23.5609
south_america,2031.5,50.0861,26.3073,23.6066
south_america,2031.6,51.4877,24.8970,23.6153
south_america,2031.7,52.8977,23.5162,23.5862
south_america,2031.8,54.3143,22.1671,23.5185
south_america,2031.9,55.7358,20.8523,23.4119
south_america,2032.0,57.1602,19.5738,23.2660
south_america,2032.1,58.5854,18.3337,23.0809
south_america,2032.2,60.0094,17.1338,22.8567
south_america,2032.3,61.4302,15.9758,22.5940
south_america,2032.4,62.8456,14.8612,22.2933
south_america,2032.5,64.2533,13.7910,21.9556
south_america,2032.6,65.6513,12.7665,21.5823
south_america,2032.7,67.0373,11.7882,21.1745
south_america,2032.8,68.4091,10.8568,20.7341
south_america,2032.9,69.7646,9.9725,20.2630
south_america,2033.0,71.1015,9.1354,19.7631
south_america,2033.1,72.4179,8.3454,19.2368
south_america,2033.2,73.7115,7.6020,18.6865
south_america,2033.3,74.9805,6.9047,18.1149
south_america,2033.4,76.2228,6.2526,17.5246
south_america,2033.5,77.4368,5.6448,16.9184
south_america,2033.6,78.6206,5.0801,16.2993
south_america,2033.7,79.7726,4.5572,15.6701
south_america,2033.8,80.8915,4.0747,15.0339
south_america,2033.9,81.9757,3.6309,14.3934
south_america,2034.0,83.0242,3.2242,13.7516
south_america,2034.1,84.0359,2.8529,13.1112
south_america,2034.2,85.0099,2.5151,12.4750
south_america,2034.3,85.9456,2.2089,11.8455
south_america,2034.4,86.8423,1.9325,11.2252
south_america,2034.5,87.6997,1.6840,10.6164
south_america,2034.6,88.5176,1.4614,10.0211
south_america,2034.7,89.2960,1.2629,9.4411
south_america,2034.8,90.0350,1.0866,8.8783
south_america,2034.9,90.7351,0.9308,8.3341
south_america,2035.0,91.3966,0.7937,7.8097
south_america,2035.1,92.0202,0.6736,7.3062
south_america,2035.2,92.6067,0.5689,6.8244
south_america,2035.3,93.1570,0.4780,6.3649
south_america,2035.4,93.6722,0.3997,5.9281
south_america,2035.5,94.1535,0.3324,5.5141
south_america,2035.6,94.6020,0.2749,5.1230
south_america,2035.7,95.0192,0.2261,4.7546
south_america,2035.8,95.4065,0.1850,4.4086
south_america,2035.9,95.7652,0.1504,4.0844
south_america,2036.0,96.0970,0.1215,3.7815
south_america,2036.1,96.4033,0.0976,3.4991
south_america,2036.2,96.6857,0.0779,3.2364
south_america,2036.3,96.9457,0.0618,2.9925
south_america,2036.4,97.1848,0.0487,2.7665
south_america,2036.5,97.4046,0.0381,2.5573
south_america,2036.6,97.6064,0.0296,2.3640
south_america,2036.7,97.7917,0.0228,2.1855
south_america,2036.8,97.9618,0.0175,2.0208
south_america,2036.9,98.1179,0.0133,1.8689
south_america,2037.0,98.2612,0.0100,1.7288
south_america,2037.1,98.3930,0.0075,1.5995
south_america,2037.2,98.5142,0.0055,1.4803
south_america,2037.3,98.6257,0.0041,1.3702
south_america,2037.4,98.7286,0.0030,1.2684
south_america,2037.5,98.8235,0.0022,1.1743
south_america,2037.6,98.9113,0.0015,1.0872
south_america,2037.7,98.9925,0.0011,1.0064
south_america,2037.8,99.0679,0.0008,0.9314
south_america,2037.9,99.1378,0.0005,0.8616
south_america,2038.0,99.2028,0.0004,0.7968
south_america,2038.1,99.2634,0.0003,0.7364
south_america,2038.2,99.3198,0.0002,0.6800
south_america,2038.3,99.3724,0.0001,0.6275
south_america,2038.4,99.4215,0.0001,0.5784
south_america,2038.5,99.4673,0.0000,0.5326
south_america,2038.6,99.5101,0.0000,0.4899
south_america,2038.7,99.5500,0.0000,0.4499
south_america,2038.8,99.5873,0.0000,0.4127
south_america,2038.9,99.6221,0.0000,0.3779
south_america,2039.0,99.6544,0.0000,0.3455
south_america,2039.1,99.6846,0.0000,0.3154
south_america,2039.2,99.7126,0.0000,0.2874
south_america,2039.3,99.7387,0.0000,0.2613
south_america,2039.4,99.7628,0.0000,0.2372
south_america,2039.5,99.7851,0.0000,0.2149
south_america,2039.6,99.8057,0.0000,0.1943
south_america,2039.7,99.8248,0.0000,0.1752
south_america,2039.8,99.8423,0.0000,0.1577
south_america,2039.9,99.8583,0.0000,0.1417
south_america,2040.0,99.8730,0.0000,0.1270
south_america,2040.1,99.8865,0.0000,0.1135
south_america,2040.2,99.8988,0.0000,0.1012
south_america,2040.3,99.9099,0.0000,0.0901
south_america,2040.4,99.9201,0.0000,0.0799
south_america,2040.5,99.9292,0.0000,0.0708
south_america,2040.6,99.9375,0.0000,0.0625
south_america,2040.7,99.9450,0.0000,0.0550
south_america,2040.8,99.9517,0.0000,0.0483
south_america,2040.9,99.9577,0.0000,0.0423
south_america,2041.0,99.9630,0.0000,0.0370
south_america,2041.1,99.9678,0.0000,0.0322
south_america,2041.2,99.9720,0.0000,0.0280
south_america,2041.3,99.9757,0.0000,0.0243
south_america,2041.4,99.9791,0.0000,0.0209
south_america,2041.5,99.9820,0.0000,0.0180
south_america,2041.6,99.9845,0.0000,0.0155
south_america,2041.7,99.9868,0.0000,0.0132
south_america,2041.8,99.9887,0.0000,0.0113
south_america,2041.9,99.9904,0.0000,0.0096
south_america,2042.0,99.9919,0.0000,0.0081
south_america,2042.1,99.9931,0.0000,0.0069
south_america,2042.2,99.9942,0.0000,0.0058
south_america,2042.3,99.9951,0.0000,0.0049
south_america,2042.4,99.9959,0.0000,0.0041
south_america,2042.5,99.9966,0.0000,0.0034
south_america,2042.6,99.9972,0.0000,0.0028
south_america,2042.7,99.9977,0.0000,0.0023
south_america,2042.8,99.9981,0.0000,0.0019
south_america,2042.9,99.9984,0.0000,0.0016
south_america,2043.0,99.9987,0.0000,0.0013
south_america,2043.1,99.9990,0.0000,0.0010
south_america,2043.2,99.9991,0.0000,0.0009
south_america,2043.3,99.9993,0.0000,0.0007
south_america,2043.4,99.9994,0.0000,0.0006
south_america,2043.5,99.9996,0.0000,0.0004
south_america,2043.6,99.9996,0.0000,0.0004
south_america,2043.7,99.9997,0.0000,0.0003
south_america,2043.8,99.9998,0.0000,0.0002
south_america,2043.9,99.9998,0.0000,0.0002
south_america,2044.0,99.9999,0.0000,0.0001
south_america,2044.1,99.9999,0.0000,0.0001
south_america,2044.2,99.9999,0.0000,0.0001
south_america,2044.3,99.9999,0.0000,0.0001
south_america,2044.4,99.9999,0.0000,0.0001
south_america,2044.5,100.0000,0.0000,0.0000
south_america,2044.6,100.0000,0.0000,0.0000
south_america,2044.7,100.0000,0.0000,0.0000
south_america,2044.8,100.0000,0.0000,0.0000
south_america,2044.9,100.0000,0.0000,0.0000
south_america,2045.0,100.0000,0.0000,0.0000
south_america,2045.1,100.0000,0.0000,0.0000
south_america,2045.2,100.0000,0.0000,0.0000
south_america,2045.3,100.0000,0.0000,0.0000
south_america,2045.4,100.0000,0.0000,0.0000
south_america,2045.5,100.0000,0.0000,0.0000
south_america,2045.6,100.0000,0.0000,0.0000
south_america,2045.7,100.0000,0.0000,0.0000
south_america,2045.8,100.0000,0.0000,0.0000
south_america,2045.9,100.0000,0.0000,0.0000
south_america,2046.0,100.0000,0.0000,0.0000
south_america,2046.1,100.0000,0.0000,0.0000
south_america,2046.2,100.0000,0.0000,0.0000
south_america,2046.3,100.0000,0.0000,0.0000
south_america,2046.4,100.0000,0.0000,0.0000
south_america,2046.5,100.0000,0.0000,0.0000
south_america,2046.6,100.0000,0.0000,0.0000
south_america,2046.7,100.0000,0.0000,0.0000
south_america,2046.8,100.0000,0.0000,0.0000
south_america,2046.9,100.0000,0.0000,0.0000
south_america,2047.0,100.0000,0.0000,0.0000
south_america,2047.1,100.0000,0.0000,0.0000
south_america,2047.2,100.0000,0.0000,0.0000
south_america,2047.3,100.0000,0.0000,0.0000
south_america,2047.4,100.0000,0.0000,0.0000
south_america,2047.5,100.0000,0.0000,0.0000
south_america,2047.6,100.0000,0.0000,0.0000
south_america,2047.7,100.0000,0.0000,0.0000
south_america,2047.8,100.0000,0.0000,0.0000
south_america,2047.9,100.0000,0.0000,0.0000
south_america,2048.0,100.0000,0.0000,0.0000
south_america,2048.1,100.0000,0.0000,0.0000
south_america,2048.2,100.0000,0.0000,0.0000
south_america,2048.3,100.0000,0.0000,0.0000
south_america,2048.4,100.0000,0.0000,0.0000
south_america,2048.5,100.0000,0.0000,0.0000
south_america,2048.6,100.0000,0.0000,0.0000
south_america,2048.7,100.0000,0.0000,0.0000
south_america,2048.8,100.0000,0.0000,0.0000
south_america,2048.9,100.0000,0.0000,0.0000
south_america,2049.0,100.0000,0.0000,0.0000
south_america,2049.1,100.0000,0.0000,0.0000
south_america,2049.2,100.0000,0.0000,0.0000
south_america,2049.3,100.0000,0.0000,0.0000
south_america,2049.4,100.0000,0.0000,0.0000
south_america,2049.5,100.0000,0.0000,0.0000
south_america,2049.6,100.0000,0.0000,0.0000
south_america,2049.7,100.0000,0.0000,0.0000
south_america,2049.8,100.0000,0.0000,0.0000
south_america,2049.9,100.0000,0.0000,0.0000
south_america,2050.0,100.0000,0.0000,0.0000
americas,2015.0,0.3220,99.4939,0.1841
americas,2015.1,0.3399,99.4677,0.1923
americas,2015.2,0.3585,99.4408,0.2007
americas,2015.3,0.3777,99.4130,0.2093
americas,2015.4,0.3976,99.3844,0.2180
americas,2015.5,0.4181,99.3550,0.2270
americas,2015.6,0.4392,99.3247,0.2361
americas,2015.7,0.4611,99.2936,0.2453
americas,2015.8,0.4835,99.2617,0.2548
americas,2015.9,0.5067,99.2289,0.2644
americas,2016.0,0.5306,99.1952,0.2742
americas,2016.1,0.5552,99.1607,0.2842
americas,2016.2,0.5804,99.1252,0.2943
americas,2016.3,0.6064,99.0889,0.3046
americas,2016.4,0.6331,99.0517,0.3151
americas,2016.5,0.6606,99.0136,0.3258
americas,2016.6,0.6888,98.9746,0.3366
americas,2016.7,0.7177,98.9347,0.3476
americas,2016.8,0.7474,98.8939,0.3587
americas,2016.9,0.7779,98.8521,0.3700
americas,2017.0,0.8091,98.8094,0.3815
americas,2017.1,0.8411,98.7657,0.3932
americas,2017.2,0.8739,98.7211,0.4050
americas,2017.3,0.9075,98.6755,0.4169
americas,2017.4,0.9419,98.6290,0.4291
americas,2017.5,0.9772,98.5815,0.4414
americas,2017.6,1.0132,98.5330,0.4538
americas,2017.7,1.0501,98.4835,0.4664
americas,2017.8,1.0878,98.4330,0.4792
americas,2017.9,1.1264,98.3815,0.4922
americas,2018.0,1.1658,98.3290,0.5052
americas,2018.1,1.2060,98.2755,0.5185
americas,2018.2,1.2472,98.2209,0.5319
americas,2018.3,1.2892,98.1654,0.5455
americas,2018.4,1.3321,98.1087,0.5592
americas,2018.5,1.3759,98.0511,0.5731
americas,2018.6,1.4206,97.9923,0.5871
americas,2018.7,1.4662,97.9325,0.6013
americas,2018.8,1.5128,97.8716,0.6157
americas,2018.9,1.5602,97.8096,0.6302
americas,2019.0,1.6086,97.7466,0.6449
americas,2019.1,1.6580,97.6824,0.6598
americas,2019.2,1.7083,97.6171,0.6748
americas,2019.3,1.7596,97.5507,0.6899
americas,2019.4,1.8118,97.4831,0.7053
americas,2019.5,1.8650,97.4144,0.7208
americas,2019.6,1.9192,97.3445,0.7365
americas,2019.7,1.9745,97.2735,0.7523
americas,2019.8,2.0307,97.2013,0.7683
americas,2019.9,2.0879,97.1279,0.7845
americas,2020.0,2.1462,97.0532,0.8009
americas,2020.1,2.2055,96.9774,0.8174
americas,2020.2,2.2659,96.9003,0.8342
americas,2020.3,2.3273,96.8220,0.8511
americas,2020.4,2.3899,96.7424,0.8682
americas,2020.5,2.4535,96.6615,0.8855
americas,2020.6,2.5182,96.5794,0.9030
americas,2020.7,2.5840,96.4959,0.9207
americas,2020.8,2.6509,96.4111,0.9386
americas,2020.9,2.7190,96.3249,0.9568
americas,2021.0,2.7883,96.2374,0.9751
americas,2021.1,2.8587,96.1484,0.9937
americas,2021.2,2.9304,96.0580,1.0125
americas,2021.3,3.0032,95.9662,1.0315
americas,2021.4,3.0773,95.8730,1.0508
americas,2021.5,3.1526,95.7782,1.0704
americas,2021.6,3.2292,95.6819,1.0902
americas,2021.7,3.3071,95.5840,1.1102
americas,2021.8,3.3863,95.4846,1.1306
americas,2021.9,3.4668,95.3835,1.1512
americas,2022.0,3.5486,95.2808,1.1722
americas,2022.1,3.6319,95.1765,1.1934
americas,2022.2,3.7165,95.0703,1.2149
americas,2022.3,3.8026,94.9625,1.2368
americas,2022.4,3.8901,94.8528,1.2591
americas,2022.5,3.9791,94.7413,1.2816
americas,2022.6,4.0696,94.6279,1.3046
americas,2022.7,4.1616,94.5126,1.3279
americas,2022.8,4.2552,94.3954,1.3516
americas,2022.9,4.3504,94.2761,1.3757
americas,2023.0,4.4472,94.1547,1.4003
americas,2023.1,4.5456,94.0312,1.4252
americas,2023.2,4.6458,93.9056,1.4507
americas,2023.3,4.7476,93.7777,1.4766
americas,2023.4,4.8512,93.6475,1.5029
americas,2023.5,4.9566,93.5151,1.5299
americas,2023.6,5.0638,93.3802,1.5575
americas,2023.7,5.1729,93.2428,1.5858
americas,2023.8,5.2838,93.1029,1.6147
americas,2023.9,5.3967,92.9604,1.6442
americas,2024.0,5.5116,92.8153,1.6743
americas,2024.1,5.6285,92.6675,1.7051
americas,2024.2,5.7474,92.5168,1.7366
americas,2024.3,5.8685,92.3633,1.7689
americas,2024.4,5.9917,92.2069,1.8019
americas,2024.5,6.1171,92.0474,1.8357
americas,2024.6,6.2447,91.8849,1.8704
americas,2024.7,6.3746,91.7192,1.9062
americas,2024.8,6.5068,91.5503,1.9429
americas,2024.9,6.6414,91.3780,1.9806
americas,2025.0,6.7784,91.2024,2.0192
americas,2025.1,6.9179,91.0232,2.0588
americas,2025.2,7.0600,90.8405,2.0995
americas,2025.3,7.2046,90.6542,2.1412
americas,2025.4,7.3518,90.4642,2.1840
americas,2025.5,7.5018,90.2703,2.2279
americas,2025.6,7.6545,90.0725,2.2730
americas,2025.7,7.8100,89.8708,2.3192
americas,2025.8,7.9683,89.6650,2.3667
americas,2025.9,8.1295,89.4551,2.4153
americas,2026.0,8.2938,89.2410,2.4653
americas,2026.1,8.4610,89.0225,2.5164
americas,2026.2,8.6314,88.7997,2.5689
americas,2026.3,8.8049,88.5724,2.6227
americas,2026.4,8.9816,88.3406,2.6779
americas,2026.5,9.1616,88.1041,2.7343
americas,2026.6,9.3449,87.8629,2.7922
americas,2026.7,9.5316,87.6170,2.8513
americas,2026.8,9.7219,87.3662,2.9119
americas,2026.9,9.9156,87.1105,2.9739
americas,2027.0,10.1130,86.8499,3.0372
americas,2027.1,10.3140,86.5841,3.1019
americas,2027.2,10.5187,86.3133,3.1680
americas,2027.3,10.7273,86.0373,3.2354
americas,2027.4,10.9398,85.7560,3.3042
americas,2027.5,11.1561,85.4695,3.3743
americas,2027.6,11.3765,85.1777,3.4457
americas,2027.7,11.6010,84.8806,3.5184
americas,2027.8,11.8296,84.5780,3.5924
americas,2027.9,12.0624,84.2701,3.6675
americas,2028.0,12.2995,83.9567,3.7437
americas,2028.1,12.5410,83.6379,3.8211
americas,2028.2,12.7868,83.3137,3.8995
americas,2028.3,13.0372,82.9840,3.9788
americas,2028.4,13.2920,82.6489,4.0591
americas,2028.5,13.5514,82.3085,4.1401
americas,2028.6,13.8155,81.9627,4.2218
americas,2028.7,14.0843,81.6117,4.3040
americas,2028.8,14.3578,81.2554,4.3868
americas,2028.9,14.6361,80.8941,4.4698
americas,2029.0,14.9192,80.5277,4.5531
americas,2029.1,15.2072,80.1564,4.6364
americas,2029.2,15.5000,79.7804,4.7196
americas,2029.3,15.7978,79.3997,4.8025
americas,2029.4,16.1005,79.0146,4.8850
americas,2029.5,16.4081,78.6252,4.9667
americas,2029.6,16.7206,78.2318,5.0476
americas,2029.7,17.0381,77.8345,5.1274
americas,2029.8,17.3605,77.4337,5.2058
americas,2029.9,17.6878,77.0295,5.2827
americas,2030.0,18.0199,76.6223,5.3578
americas,2030.1,18.3568,76.2124,5.4308
americas,2030.2,18.6985,75.8001,5.5015
americas,2030.3,19.0448,75.3856,5.5696
americas,2030.4,19.3957,74.9695,5.6348
americas,2030.5,19.7511,74.5520,5.6969
americas,2030.6,20.1109,74.1336,5.7555
americas,2030.7,20.4750,73.7146,5.8105
americas,2030.8,20.8431,73.2954,5.8614
americas,2030.9,21.2153,72.8765,5.9082
americas,2031.0,21.5913,72.4583,5.9505
americas,2031.1,21.9709,72.0412,5.9880
americas,2031.2,22.3539,71.6256,6.0205
americas,2031.3,22.7402,71.2119,6.0479
americas,2031.4,23.1295,70.8007,6.0698
americas,2031.5,23.5215,70.3922,6.0862
americas,2031.6,23.9161,69.9870,6.0969
americas,2031.7,24.3130,69.5853,6.1017
americas,2031.8,24.7119,69.1876,6.1005
americas,2031.9,25.1124,68.7943,6.0933
americas,2032.0,25.5144,68.4056,6.0800
americas,2032.1,25.9175,68.0218,6.0607
americas,2032.2,26.3214,67.6433,6.0353
americas,2032.3,26.7258,67.2704,6.0039
americas,2032.4,27.1303,66.9031,5.9666
americas,2032.5,27.5346,66.5418,5.9236
americas,2032.6,27.9384,66.1866,5.8750
americas,2032.7,28.3414,65.8375,5.8211
americas,2032.8,28.7432,65.4948,5.7620
americas,2032.9,29.1434,65.1584,5.6982
americas,2033.0,29.5419,64.8283,5.6298
americas,2033.1,29.9381,64.5047,5.5573
americas,2033.2,30.3318,64.1873,5.4809
americas,2033.3,30.7228,63.8761,5.4011
americas,2033.4,31.1106,63.5710,5.3184
americas,2033.5,31.4951,63.2719,5.2330
americas,2033.6,31.8760,62.9786,5.1454
americas,2033.7,32.2530,62.6908,5.0562
americas,2033.8,32.6259,62.4085,4.9656
americas,2033.9,32.9944,62.1314,4.8742
americas,2034.0,33.3584,61.8592,4.7823
americas,2034.1,33.7178,61.5917,4.6905
americas,2034.2,34.0724,61.3286,4.5990
americas,2034.3,34.4220,61.0696,4.5084
americas,2034.4,34.7667,60.8145,4.4188
americas,2034.5,35.1062,60.5630,4.3308
americas,2034.6,35.4407,60.3148,4.2445
americas,2034.7,35.7700,60.0697,4.1603
americas,2034.8,36.0942,59.8273,4.0785
americas,2034.9,36.4134,59.5874,3.9992
americas,2035.0,36.7275,59.3499,3.9226
americas,2035.1,37.0368,59.1143,3.8489
americas,2035.2,37.3412,58.8805,3.7783
americas,2035.3,37.6410,58.6483,3.7107
americas,2035.4,37.9362,58.4175,3.6463
americas,2035.5,38.2271,58.1878,3.5851
americas,2035.6,38.5138,57.9592,3.5271
americas,2035.7,38.7965,57.7313,3.4722
americas,2035.8,39.0754,57.5042,3.4204
americas,2035.9,39.3507,57.2776,3.3717
americas,2036.0,39.6227,57.0514,3.3259
americas,2036.1,39.8915,56.8255,3.2830
americas,2036.2,40.1574,56.5998,3.2428
americas,2036.3,40.4207,56.3742,3.2051
americas,2036.4,40.6814,56.1487,3.1699
americas,2036.5,40.9398,55.9232,3.1370
americas,2036.6,41.1962,55.6976,3.1062
americas,2036.7,41.4508,55.4719,3.0773
americas,2036.8,41.7036,55.2460,3.0504
americas,2036.9,41.9550,55.0200,3.0250
americas,2037.0,42.2050,54.7937,3.0013
americas,2037.1,42.4539,54.5672,2.9789
americas,2037.2,42.7018,54.3405,2.9577
americas,2037.3,42.9487,54.1135,2.9377
americas,2037.4,43.1949,53.8863,2.9187
americas,2037.5,43.4405,53.6589,2.9006
americas,2037.6,43.6855,53.4311,2.8834
americas,2037.7,43.9300,53.2032,2.8668
americas,2037.8,44.1742,52.9749,2.8509
americas,2037.9,44.4180,52.7465,2.8355
americas,2038.0,44.6616,52.5177,2.8206
americas,2038.1,44.9050,52.2888,2.8062
americas,2038.2,45.1482,52.0596,2.7921
americas,2038.3,45.3914,51.8303,2.7784
americas,2038.4,45.6344,51.6007,2.7649
americas,2038.5,45.8773,51.3709,2.7518
americas,2038.6,46.1203,51.1409,2.7388
americas,2038.7,46.3632,50.9108,2.7260
americas,2038.8,46.6061,50.6805,2.7135
americas,2038.9,46.8490,50.4500,2.7010
americas,2039.0,47.0919,50.2194,2.6887
americas,2039.1,47.3349,49.9886,2.6765
americas,2039.2,47.5779,49.7577,2.6644
americas,2039.3,47.8209,49.5267,2.6524
americas,2039.4,48.0640,49.2956,2.6404
americas,2039.5,48.3072,49.0643,2.6285
americas,2039.6,48.5504,48.8330,2.6166
americas,2039.7,48.7936,48.6016,2.6048
americas,2039.8,49.0369,48.3701,2.5929
americas,2039.9,49.2803,48.1386,2.5811
americas,2040.0,49.5238,47.9070,2.5692
americas,2040.1,49.7673,47.6754,2.5573
americas,2040.2,50.0108,47.4437,2.5454
americas,2040.3,50.2545,47.2121,2.5335
americas,2040.4,50.4982,46.9804,2.5214
americas,2040.5,50.7419,46.7487,2.5094
americas,2040.6,50.9858,46.5170,2.4972
americas,2040.7,51.2297,46.2853,2.4850
americas,2040.8,51.4736,46.0537,2.4727
americas,2040.9,51.7177,45.8220,2.4603
americas,2041.0,51.9617,45.5905,2.4478
americas,2041.1,52.2059,45.3590,2.4352
americas,2041.2,52.4500,45.1275,2.4224
americas,2041.3,52.6943,44.8961,2.4096
americas,2041.4,52.9385,44.6648,2.3966
americas,2041.5,53.1828,44.4336,2.3835
americas,2041.6,53.4272,44.2025,2.3703
americas,2041.7,53.6715,43.9715,2.3569
americas,2041.8,53.9159,43.7407,2.3434
americas,2041.9,54.1603,43.5099,2.3298
americas,2042.0,54.4047,43.2793,2.3160
americas,2042.1,54.6491,43.0489,2.3020
americas,2042.2,54.8935,42.8186,2.2879
americas,2042.3,55.1379,42.5885,2.2737
americas,2042.4,55.3822,42.3585,2.2593
americas,2042.5,55.6265,42.1287,2.2447
americas,2042.6,55.8708,41.8992,2.2300
americas,2042.7,56.1150,41.6698,2.2152
americas,2042.8,56.3592,41.4406,2.2002
americas,2042.9,56.6033,41.2117,2.1850
americas,2043.0,56.8473,40.9830,2.1698
americas,2043.1,57.0912,40.7545,2.1543
americas,2043.2,57.3350,40.5263,2.1387
americas,2043.3,57.5787,40.2983,2.1230
americas,2043.4,57.8223,40.0706,2.1071
americas,2043.5,58.0657,39.8432,2.0911
americas,2043.6,58.3090,39.6160,2.0749
americas,2043.7,58.5522,39.3892,2.0587
americas,2043.8,58.7951,39.1626,2.0422
americas,2043.9,59.0379,38.9364,2.0257
americas,2044.0,59.2806,38.7105,2.0090
americas,2044.1,59.5230,38.4849,1.9921
americas,2044.2,59.7652,38.2596,1.9752
americas,2044.3,60.0072,38.0347,1.9581
americas,2044.4,60.2490,37.8101,1.9409
americas,2044.5,60.4905,37.5859,1.9236
americas,2044.6,60.7318,37.3620,1.9062
americas,2044.7,60.9728,37.1385,1.8886
americas,2044.8,61.2136,36.9155,1.8710
americas,2044.9,61.4541,36.6928,1.8532
americas,2045.0,61.6942,36.4704,1.8353
americas,2045.1,61.9341,36.2486,1.8173
americas,2045.2,62.1737,36.0271,1.7993
americas,2045.3,62.4129,35.8060,1.7811
americas,2045.4,62.6518,35.5854,1.7628
americas,2045.5,62.8904,35.3652,1.7444
americas,2045.6,63.1286,35.1454,1.7260
americas,2045.7,63.3664,34.9261,1.7074
americas,2045.8,63.6039,34.7073,1.6888
americas,2045.9,63.8410,34.4890,1.6701
americas,2046.0,64.0777,34.2711,1.6513
americas,2046.1,64.3139,34.0537,1.6324
americas,2046.2,64.5498,33.8367,1.6135
americas,2046.3,64.7852,33.6203,1.5944
americas,2046.4,65.0202,33.4044,1.5754
americas,2046.5,65.2548,33.1890,1.5562
americas,2046.6,65.4889,32.9741,1.5370
americas,2046.7,65.7225,32.7598,1.5177
americas,2046.8,65.9557,32.5459,1.4984
americas,2046.9,66.1884,32.3326,1.4790
americas,2047.0,66.4205,32.1199,1.4596
americas,2047.1,66.6522,31.9077,1.4401
americas,2047.2,66.8834,31.6961,1.4206
americas,2047.3,67.1140,31.4850,1.4010
americas,2047.4,67.3441,31.2745,1.3814
americas,2047.5,67.5737,31.0646,1.3617
americas,2047.6,67.8027,30.8552,1.3420
americas,2047.7,68.0312,30.6465,1.3223
americas,2047.8,68.2591,30.4384,1.3026
americas,2047.9,68.4864,30.2308,1.2828
americas,2048.0,68.7131,30.0239,1.2630
americas,2048.1,68.9393,29.8176,1.2432
americas,2048.2,69.1648,29.6119,1.2233
americas,2048.3,69.3897,29.4068,1.2035
americas,2048.4,69.6140,29.2024,1.1836
americas,2048.5,69.8377,28.9986,1.1638
americas,2048.6,70.0607,28.7954,1.1439
americas,2048.7,70.2831,28.5929,1.1240
americas,2048.8,70.5048,28.3911,1.1041
americas,2048.9,70.7259,28.1899,1.0842
americas,2049.0,70.9463,27.9893,1.0644
americas,2049.1,71.1660,27.7895,1.0445
americas,2049.2,71.3851,27.5903,1.0246
americas,2049.3,71.6034,27.3918,1.0048
americas,2049.4,71.8211,27.1940,0.9849
americas,2049.5,72.0380,26.9969,0.9651
americas,2049.6,72.2542,26.8005,0.9453
americas,2049.7,72.4697,26.6048,0.9255
americas,2049.8,72.6845,26.4097,0.9058
americas,2049.9,72.8985,26.2154,0.8861
americas,2050.0,73.1118,26.0218,0.8664
asia,2015.0,0.4864,99.6307,0.0450
asia,2015.1,0.5208,99.6011,0.0462
asia,2015.2,0.5571,99.5695,0.0473
asia,2015.3,0.5953,99.5357,0.0485
asia,2015.4,0.6354,99.4997,0.0497
asia,2015.5,0.6777,99.4614,0.0508
asia,2015.6,0.7220,99.4205,0.0520
asia,2015.7,0.7685,99.3770,0.0531
asia,2015.8,0.8172,99.3307,0.0543
asia,2015.9,0.8683,99.2816,0.0555
asia,2016.0,0.9218,99.2294,0.0566
asia,2016.1,0.9778,99.1740,0.0578
asia,2016.2,1.0363,99.1153,0.0589
asia,2016.3,1.0975,99.0531,0.0601
asia,2016.4,1.1614,98.9872,0.0612
asia,2016.5,1.2280,98.9176,0.0623
asia,2016.6,1.2976,98.8439,0.0635
asia,2016.7,1.3701,98.7661,0.0646
asia,2016.8,1.4456,98.6840,0.0658
asia,2016.9,1.5243,98.5974,0.0669
asia,2017.0,1.6061,98.5061,0.0680
asia,2017.1,1.6913,98.4099,0.0692
asia,2017.2,1.7798,98.3086,0.0703
asia,2017.3,1.8718,98.2021,0.0714
asia,2017.4,1.9674,98.0900,0.0726
asia,2017.5,2.0666,97.9723,0.0737
asia,2017.6,2.1695,97.8487,0.0748
asia,2017.7,2.2762,97.7189,0.0760
asia,2017.8,2.3868,97.5828,0.0771
asia,2017.9,2.5015,97.4402,0.0782
asia,2018.0,2.6202,97.2908,0.0891
asia,2018.1,2.7431,97.1343,0.1226
asia,2018.2,2.8703,96.9706,0.1592
asia,2018.3,3.0018,96.7994,0.1988
asia,2018.4,3.1379,96.6204,0.2418
asia,2018.5,3.2784,96.4335,0.2882
asia,2018.6,3.4236,96.2383,0.3381
asia,2018.7,3.5736,96.0346,0.3919
asia,2018.8,3.7284,95.8222,0.4495
asia,2018.9,3.8881,95.6009,0.5111
asia,2019.0,4.0528,95.3702,0.5770
asia,2019.1,4.2227,95.1301,0.6473
asia,2019.2,4.3978,94.8801,0.7222
asia,2019.3,4.5782,94.6202,0.8017
asia,2019.4,4.7640,94.3500,0.8862
asia,2019.5,4.9553,94.0692,0.9756
asia,2019.6,5.1522,93.7776,1.0703
asia,2019.7,5.3548,93.4749,1.1704
asia,2019.8,5.5632,93.1609,1.2760
asia,2019.9,5.7775,92.8353,1.3873
asia,2020.0,5.9978,92.4979,1.5045
asia,2020.1,6.2241,92.1484,1.6277
asia,2020.2,6.4566,91.7866,1.7570
asia,2020.3,6.6954,91.4122,1.8927
asia,2020.4,6.9405,91.0249,2.0349
asia,2020.5,7.1920,90.6246,2.1837
asia,2020.6,7.4501,90.2110,2.3392
asia,2020.7,7.7148,89.7839,2.5016
asia,2020.8,7.9862,89.3431,2.6710
asia,2020.9,8.2644,88.8884,2.8475
asia,2021.0,8.5495,88.4195,3.0313
asia,2021.1,8.8416,87.9364,3.2224
asia,2021.2,9.1407,87.4387,3.4210
asia,2021.3,9.4470,86.9264,3.6271
asia,2021.4,9.7605,86.3992,3.8408
asia,2021.5,10.0812,85.8571,4.0621
asia,2021.6,10.4094,85.2999,4.2911
asia,2021.7,10.7450,84.7275,4.5279
asia,2021.8,11.0882,84.1398,4.7725
asia,2021.9,11.4389,83.5367,5.0249
asia,2022.0,11.7974,82.9181,5.2850
asia,2022.1,12.1635,82.2840,5.5530
asia,2022.2,12.5376,81.6343,5.8286
asia,2022.3,12.9194,80.9691,6.1120
asia,2022.4,13.3093,80.2883,6.4030
asia,2022.5,13.7071,79.5919,6.7015
asia,2022.6,14.1131,78.8799,7.0075
asia,2022.7,14.5272,78.1526,7.3208
asia,2022.8,14.9494,77.4098,7.6413
asia,2022.9,15.3799,76.6518,7.9688
asia,2023.0,15.8188,75.8786,8.3031
asia,2023.1,16.2659,75.0905,8.6440
asia,2023.2,16.7215,74.2875,8.9914
asia,2023.3,17.1855,73.4700,9.3448
asia,2023.4,17.6580,72.6380,9.7042
asia,2023.5,18.1391,71.7919,10.0691
asia,2023.6,18.6287,70.9320,10.4393
asia,2023.7,19.1269,70.0585,10.8146
asia,2023.8,19.6338,69.1717,11.1945
asia,2023.9,20.1493,68.2721,11.5786
asia,2024.0,20.6735,67.3600,11.9665
asia,2024.1,21.2065,66.4357,12.3578
asia,2024.2,21.7483,65.4998,12.7520
asia,2024.3,22.2988,64.5526,13.1486
asia,2024.4,22.8581,63.5947,13.5473
asia,2024.5,23.4262,62.6265,13.9473
asia,2024.6,24.0031,61.6485,14.3484
asia,2024.7,24.5889,60.6614,14.7497
asia,2024.8,25.1835,59.6656,15.1509
asia,2024.9,25.7869,58.6618,15.5513
asia,2025.0,26.3991,57.6506,15.9503
asia,2025.1,27.0201,56.6326,16.3472
asia,2025.2,27.6500,55.6085,16.7416
asia,2025.3,28.2885,54.5789,17.1326
asia,2025.4,28.9358,53.5445,17.5197
asia,2025.5,29.5917,52.5061,17.9022
asia,2025.6,30.2563,51.4644,18.2793
asia,2025.7,30.9294,50.4201,18.6505
asia,2025.8,31.6109,49.3740,19.0150
asia,2025.9,32.3008,48.3270,19.3722
asia,2026.0,32.9989,47.2798,19.7213
asia,2026.1,33.7051,46.2332,20.0617
asia,2026.2,34.4193,45.1881,20.3926
asia,2026.3,35.1411,44.1454,20.7134
asia,2026.4,35.8705,43.1060,21.0234
asia,2026.5,36.6072,42.0709,21.3220
asia,2026.6,37.3508,41.0408,21.6083
asia,2026.7,38.1012,40.0169,21.8819
asia,2026.8,38.8579,39.0001,22.1420
asia,2026.9,39.6205,37.9914,22.3880
asia,2027.0,40.3887,36.9919,22.6194
asia,2027.1,41.1618,36.0027,22.8355
asia,2027.2,41.9395,35.0247,23.0358
asia,2027.3,42.7212,34.0591,23.2197
asia,2027.4,43.5062,33.1069,23.3868
asia,2027.5,44.2940,32.1694,23.5366
asia,2027.6,45.0838,31.2476,23.6686
asia,2027.7,45.8750,30.3426,23.7824
asia,2027.8,46.6668,29.4554,23.8778
asia,2027.9,47.4585,28.5870,23.9545
asia,2028.0,48.2493,27.7386,24.0121
asia,2028.1,49.0385,26.9108,24.0506
asia,2028.2,49.8254,26.1047,24.0698
asia,2028.3,50.6093,25.3210,24.0697
asia,2028.4,51.3895,24.5602,24.0503
asia,2028.5,52.1653,23.8230,24.0117
asia,2028.6,52.9363,23.1097,23.9540
asia,2028.7,53.7020,22.4206,23.8781
asia,2028.8,54.4619,21.7558,23.7858
asia,2028.9,55.2157,21.1153,23.6752
asia,2029.0,55.9632,20.4991,23.5467
asia,2029.1,56.7041,19.9068,23.4006
asia,2029.2,57.4384,19.3381,23.2375
asia,2029.3,58.1659,18.7926,23.0578
asia,2029.4,58.8868,18.2698,22.8619
asia,2029.5,59.6010,17.7692,22.6505
asia,2029.6,60.3086,17.2901,22.4240
asia,2029.7,61.0096,16.8319,22.1830
asia,2029.8,61.7041,16.3940,21.9280
asia,2029.9,62.3921,15.9759,21.6596
asia,2030.0,63.0737,15.5769,21.3783
asia,2030.1,63.7488,15.1964,21.0849
asia,2030.2,64.4173,14.8339,20.7798
asia,2030.3,65.0793,14.4888,20.4638
asia,2030.4,65.7345,14.1606,20.1374
asia,2030.5,66.3828,13.8487,19.8014
asia,2030.6,67.0241,13.5527,19.4565
asia,2030.7,67.6581,13.2719,19.1033
asia,2030.8,68.2848,13.0059,18.7427
asia,2030.9,68.9039,12.7540,18.3753
asia,2031.0,69.5151,12.5158,18.0018
asia,2031.1,70.1185,12.2907,17.6232
asia,2031.2,70.7136,12.0782,17.2400
asia,2031.3,71.3004,11.8777,16.8530
asia,2031.4,71.8787,11.6887,16.4629
asia,2031.5,72.4484,11.5106,16.0704
asia,2031.6,73.0092,11.3429,15.6763
asia,2031.7,73.5611,11.1851,15.2812
asia,2031.8,74.1038,11.0367,14.8858
asia,2031.9,74.6374,10.8972,14.4906
asia,2032.0,75.1616,10.7660,14.0964
asia,2032.1,75.6763,10.6428,13.7036
asia,2032.2,76.1816,10.5270,13.3130
asia,2032.3,76.6771,10.4183,12.9249
asia,2032.4,77.1630,10.3162,12.5399
asia,2032.5,77.6391,10.2202,12.1585
asia,2032.6,78.1053,10.1301,11.7812
asia,2032.7,78.5617,10.0455,11.4083
asia,2032.8,79.0081,9.9659,11.0403
asia,2032.9,79.4445,9.8912,10.6775
asia,2033.0,79.8709,9.8209,10.3203
asia,2033.1,80.2874,9.7548,9.9690
asia,2033.2,80.6937,9.6926,9.6238
asia,2033.3,81.0901,9.6341,9.2850
asia,2033.4,81.4765,9.5790,8.9529
asia,2033.5,81.8528,9.5271,8.6276
asia,2033.6,82.2193,9.4782,8.3093
asia,2033.7,82.5758,9.4321,7.9983
asia,2033.8,82.9224,9.3886,7.6945
asia,2033.9,83.2592,9.3476,7.3981
asia,2034.0,83.5862,9.3089,7.1091
asia,2034.1,83.9036,9.2724,6.8278
asia,2034.2,84.2114,9.2379,6.5540
asia,2034.3,84.5097,9.2053,6.2879
asia,2034.4,84.7986,9.1746,6.0293
asia,2034.5,85.0782,9.1456,5.7784
asia,2034.6,85.3486,9.1182,5.5351
asia,2034.7,85.6100,9.0923,5.2993
asia,2034.8,85.8624,9.0679,5.0710
asia,2034.9,86.1061,9.0449,4.8502
asia,2035.0,86.3411,9.0232,4.6368
asia,2035.1,86.5676,9.0027,4.4306
asia,2035.2,86.7858,8.9834,4.2316
asia,2035.3,86.9958,8.9652,4.0397
asia,2035.4,87.1978,8.9480,3.8547
asia,2035.5,87.3919,8.9319,3.6766
asia,2035.6,87.5784,8.9167,3.5053
asia,2035.7,87.7574,8.9024,3.3405
asia,2035.8,87.9291,8.8889,3.1822
asia,2035.9,88.0937,8.8763,3.0302
asia,2036.0,88.2513,8.8644,2.8844
asia,2036.1,88.4022,8.8532,2.7447
asia,2036.2,88.5465,8.8428,2.6108
asia,2036.3,88.6845,8.8329,2.4827
asia,2036.4,88.8163,8.8236,2.3601
asia,2036.5,88.9421,8.8149,2.2430
asia,2036.6,89.0622,8.8067,2.1311
asia,2036.7,89.1766,8.7990,2.0244
asia,2036.8,89.2856,8.7918,1.9226
asia,2036.9,89.3894,8.7849,1.8256
asia,2037.0,89.4882,8.7785,1.7333
asia,2037.1,89.5821,8.7724,1.6455
asia,2037.2,89.6714,8.7666,1.5620
asia,2037.3,89.7561,8.7611,1.4828
asia,2037.4,89.8365,8.7559,1.4075
asia,2037.5,89.9128,8.7510,1.3362
asia,2037.6,89.9851,8.7463,1.2686
asia,2037.7,90.0536,8.7418,1.2046
asia,2037.8,90.1185,8.7374,1.1441
asia,2037.9,90.1799,8.7333,1.0869
asia,2038.0,90.2379,8.7293,1.0328
asia,2038.1,90.2927,8.7254,0.9819
asia,2038.2,90.3445,8.7217,0.9338
asia,2038.3,90.3934,8.7180,0.8886
asia,2038.4,90.4395,8.7144,0.8460
asia,2038.5,90.4830,8.7110,0.8060
asia,2038.6,90.5240,8.7076,0.7684
asia,2038.7,90.5626,8.7042,0.7331
asia,2038.8,90.5990,8.7010,0.7000
asia,2038.9,90.6332,8.6977,0.6691
asia,2039.0,90.6654,8.6945,0.6401
asia,2039.1,90.6956,8.6914,0.6130
asia,2039.2,90.7240,8.6883,0.5877
asia,2039.3,90.7508,8.6852,0.5641
asia,2039.4,90.7758,8.6821,0.5421
asia,2039.5,90.7994,8.6790,0.5216
asia,2039.6,90.8215,8.6760,0.5026
asia,2039.7,90.8422,8.6730,0.4849
asia,2039.8,90.8616,8.6699,0.4685
asia,2039.9,90.8798,8.6669,0.4532
asia,2040.0,90.8969,8.6639,0.4392
asia,2040.1,90.9129,8.6609,0.4261
asia,2040.2,90.9280,8.6579,0.4141
asia,2040.3,90.9420,8.6549,0.4030
asia,2040.4,90.9552,8.6520,0.3928
asia,2040.5,90.9676,8.6490,0.3834
asia,2040.6,90.9792,8.6460,0.3748
asia,2040.7,90.9901,8.6430,0.3669
asia,2040.8,91.0003,8.6400,0.3596
asia,2040.9,91.0099,8.6370,0.3530
asia,2041.0,91.0190,8.6341,0.3470
asia,2041.1,91.0274,8.6311,0.3415
asia,2041.2,91.0354,8.6281,0.3365
asia,2041.3,91.0429,8.6251,0.3320
asia,2041.4,91.0500,8.6221,0.3279
asia,2041.5,91.0567,8.6191,0.3242
asia,2041.6,91.0630,8.6162,0.3208
asia,2041.7,91.0690,8.6132,0.3178
asia,2041.8,91.0746,8.6102,0.3152
asia,2041.9,91.0800,8.6072,0.3128
asia,2042.0,91.0851,8.6042,0.3107
asia,2042.1,91.0900,8.6012,0.3088
asia,2042.2,91.0946,8.5982,0.3071
asia,2042.3,91.0991,8.5953,0.3057
asia,2042.4,91.1033,8.5923,0.3044
asia,2042.5,91.1074,8.5893,0.3034
asia,2042.6,91.1113,8.5863,0.3024
asia,2042.7,91.1150,8.5833,0.3017
asia,2042.8,91.1187,8.5803,0.3010
asia,2042.9,91.1222,8.5773,0.3005
asia,2043.0,91.1256,8.5743,0.3001
asia,2043.1,91.1289,8.5713,0.2998
asia,2043.2,91.1321,8.5683,0.2996
asia,2043.3,91.1353,8.5653,0.2994
asia,2043.4,91.1383,8.5623,0.2993
asia,2043.5,91.1413,8.5593,0.2993
asia,2043.6,91.1443,8.5563,0.2994
asia,2043.7,91.1472,8.5533,0.2995
asia,2043.8,91.1500,8.5503,0.2997
asia,2043.9,91.1528,8.5473,0.2999
asia,2044.0,91.1556,8.5443,0.3001
asia,2044.1,91.1583,8.5413,0.3004
asia,2044.2,91.1610,8.5383,0.3007
asia,2044.3,91.1637,8.5353,0.3010
asia,2044.4,91.1663,8.5323,0.3014
asia,2044.5,91.1689,8.5293,0.3018
asia,2044.6,91.1715,8.5263,0.3022
asia,2044.7,91.1741,8.5233,0.3026
asia,2044.8,91.1767,8.5203,0.3031
asia,2044.9,91.1792,8.5173,0.3035
asia,2045.0,91.1818,8.5142,0.3040
asia,2045.1,91.1843,8.5112,0.3044
asia,2045.2,91.1869,8.5082,0.3049
asia,2045.3,91.1894,8.5052,0.3054
asia,2045.4,91.1919,8.5022,0.3059
asia,2045.5,91.1944,8.4992,0.3064
asia,2045.6,91.1970,8.4962,0.3069
asia,2045.7,91.1995,8.4932,0.3074
asia,2045.8,91.2020,8.4901,0.3079
asia,2045.9,91.2045,8.4871,0.3084
asia,2046.0,91.2070,8.4841,0.3089
asia,2046.1,91.2095,8.4811,0.3094
asia,2046.2,91.2120,8.4781,0.3099
asia,2046.3,91.2145,8.4751,0.3104
asia,2046.4,91.2170,8.4720,0.3110
asia,2046.5,91.2195,8.4690,0.3115
asia,2046.6,91.2220,8.4660,0.3120
asia,2046.7,91.2245,8.4630,0.3125
asia,2046.8,91.2270,8.4600,0.3130
asia,2046.9,91.2295,8.4569,0.3135
asia,2047.0,91.2320,8.4539,0.3141
asia,2047.1,91.2345,8.4509,0.3146
asia,2047.2,91.2371,8.4479,0.3151
asia,2047.3,91.2396,8.4448,0.3156
asia,2047.4,91.2421,8.4418,0.3161
asia,2047.5,91.2446,8.4388,0.3166
asia,2047.6,91.2471,8.4358,0.3171
asia,2047.7,91.2497,8.4327,0.3176
asia,2047.8,91.2522,8.4297,0.3181
asia,2047.9,91.2547,8.4267,0.3186
asia,2048.0,91.2572,8.4237,0.3191
asia,2048.1,91.2598,8.4206,0.3196
asia,2048.2,91.2623,8.4176,0.3201
asia,2048.3,91.2648,8.4146,0.3206
asia,2048.4,91.2674,8.4115,0.3211
asia,2048.5,91.2699,8.4085,0.3216
asia,2048.6,91.2724,8.4055,0.3221
asia,2048.7,91.2750,8.4025,0.3225
asia,2048.8,91.2775,8.3994,0.3230
asia,2048.9,91.2801,8.3964,0.3235
asia,2049.0,91.2826,8.3934,0.3240
asia,2049.1,91.2852,8.3903,0.3245
asia,2049.2,91.2877,8.3873,0.3250
asia,2049.3,91.2903,8.3843,0.3254
asia,2049.4,91.2929,8.3812,0.3259
asia,2049.5,91.2954,8.3782,0.3264
asia,2049.6,91.2980,8.3752,0.3269
asia,2049.7,91.3006,8.3721,0.3273
asia,2049.8,91.3031,8.3691,0.3278
asia,2049.9,91.3057,8.3660,0.3283
asia,2050.0,91.3083,8.3630,0.3287
small_markets,2015.0,0.1558,99.6522,0.2061
small_markets,2015.1,0.1689,99.6300,0.2176
small_markets,2015.2,0.1828,99.6066,0.2295
small_markets,2015.3,0.1974,99.5822,0.2417
small_markets,2015.4,0.2128,99.5566,0.2544
small_markets,2015.5,0.2291,99.5299,0.2675
small_markets,2015.6,0.2461,99.5019,0.2811
small_markets,2015.7,0.2641,99.4726,0.2950
small_markets,2015.8,0.2828,99.4421,0.3094
small_markets,2015.9,0.3025,99.4102,0.3242
small_markets,2016.0,0.3231,99.3770,0.3395
small_markets,2016.1,0.3451,99.3423,0.3552
small_markets,2016.2,0.3688,99.3062,0.3713
small_markets,2016.3,0.3942,99.2686,0.3879
small_markets,2016.4,0.4213,99.2293,0.4049
small_markets,2016.5,0.4499,99.1884,0.4223
small_markets,2016.6,0.4802,99.1457,0.4402
small_markets,2016.7,0.5121,99.1012,0.4585
small_markets,2016.8,0.5457,99.0548,0.4773
small_markets,2016.9,0.5809,99.0065,0.4966
small_markets,2017.0,0.6178,98.9561,0.5162
small_markets,2017.1,0.7022,98.6536,0.7411
small_markets,2017.2,0.7936,98.4168,0.8940
small_markets,2017.3,0.8888,98.1985,1.0246
small_markets,2017.4,0.9870,97.9906,1.1415
small_markets,2017.5,1.0881,97.7896,1.2487
small_markets,2017.6,1.1917,97.5934,1.3484
small_markets,2017.7,1.2977,97.4004,1.4420
small_markets,2017.8,1.4060,97.2098,1.5305
small_markets,2017.9,1.5165,97.0208,1.6146
small_markets,2018.0,1.6292,96.8328,1.6950
small_markets,2018.1,1.7441,96.6452,1.7721
small_markets,2018.2,1.8611,96.4578,1.8462
small_markets,2018.3,1.9802,96.2701,1.9176
small_markets,2018.4,2.1014,96.0819,1.9867
small_markets,2018.5,2.2246,95.8928,2.0536
small_markets,2018.6,2.3500,95.7027,2.1185
small_markets,2018.7,2.4775,95.5112,2.1816
small_markets,2018.8,2.6070,95.3183,2.2430
small_markets,2018.9,2.7387,95.1236,2.3028
small_markets,2019.0,2.8724,94.9271,2.3612
small_markets,2019.1,3.0085,94.7280,2.4186
small_markets,2019.2,3.1471,94.5257,2.4753
small_markets,2019.3,3.2882,94.3202,2.5313
small_markets,2019.4,3.4319,94.1113,2.5867
small_markets,2019.5,3.5782,93.8991,2.6413
small_markets,2019.6,3.7271,93.6833,2.6953
small_markets,2019.7,3.8787,93.4639,2.7491
small_markets,2019.8,4.0329,93.2409,2.8051
small_markets,2019.9,4.1898,93.0140,2.8628
small_markets,2020.0,4.3493,92.7832,2.9261
small_markets,2020.1,4.5116,92.5485,2.9896
small_markets,2020.2,4.6766,92.3097,3.0534
small_markets,2020.3,4.8444,92.0668,3.1176
small_markets,2020.4,5.0149,91.8196,3.1820
small_markets,2020.5,5.1882,91.5682,3.2469
small_markets,2020.6,5.3643,91.3124,3.3233
small_markets,2020.7,5.5432,91.0522,3.4046
small_markets,2020.8,5.7249,90.7875,3.4876
small_markets,2020.9,5.9095,90.5183,3.5722
small_markets,2021.0,6.0970,90.2444,3.6586
small_markets,2021.1,6.2874,89.9659,3.7467
small_markets,2021.2,6.4807,89.6826,3.8367
small_markets,2021.3,6.6769,89.3946,3.9285
small_markets,2021.4,6.8760,89.1018,4.0222
small_markets,2021.5,7.0781,88.8041,4.1178
small_markets,2021.6,7.2831,88.5015,4.2154
small_markets,2021.7,7.4912,88.1939,4.3149
small_markets,2021.8,7.7022,87.8814,4.4164
small_markets,2021.9,7.9162,87.5639,4.5199
small_markets,2022.0,8.1332,87.2413,4.6255
small_markets,2022.1,8.3533,86.9136,4.7331
small_markets,2022.2,8.5764,86.5809,4.8427
small_markets,2022.3,8.8025,86.2430,4.9545
small_markets,2022.4,9.0317,85.9000,5.0683
small_markets,2022.5,9.2639,85.5519,5.1842
small_markets,2022.6,9.4992,85.1986,5.3022
small_markets,2022.7,9.7375,84.8401,5.4224
small_markets,2022.8,9.9790,84.4764,5.5446
small_markets,2022.9,10.2234,84.1075,5.6690
small_markets,2023.0,10.4710,83.7335,5.7955
small_markets,2023.1,10.7216,83.3542,5.9241
small_markets,2023.2,10.9753,82.9698,6.0549
small_markets,2023.3,11.2321,82.5802,6.1878
small_markets,2023.4,11.4919,82.1854,6.3227
small_markets,2023.5,11.7547,81.7855,6.4598
small_markets,2023.6,12.0206,81.3804,6.5990
small_markets,2023.7,12.2896,80.9702,6.7402
small_markets,2023.8,12.5615,80.5549,6.8836
small_markets,2023.9,12.8365,80.1345,7.0289
small_markets,2024.0,13.1145,79.7091,7.1764
small_markets,2024.1,13.3955,79.2787,7.3258
small_markets,2024.2,13.6794,78.8433,7.4773
small_markets,2024.3,13.9663,78.4029,7.6308
small_markets,2024.4,14.2562,77.9576,7.7862
small_markets,2024.5,14.5489,77.5075,7.9436
small_markets,2024.6,14.8445,77.0525,8.1029
small_markets,2024.7,15.1430,76.5928,8.2642
small_markets,2024.8,15.4444,76.1284,8.4273
small_markets,2024.9,15.7485,75.6593,8.5922
small_markets,2025.0,16.0554,75.1856,8.7590
small_markets,2025.1,16.3651,74.7073,8.9276
small_markets,2025.2,16.6775,74.2246,9.0979
small_markets,2025.3,16.9926,73.7374,9.2700
small_markets,2025.4,17.3103,73.2459,9.4438
small_markets,2025.5,17.6306,72.7502,9.6193
small_markets,2025.6,17.9535,72.2502,9.7964
small_markets,2025.7,18.2789,71.7461,9.9751
small_markets,2025.8,18.6067,71.2380,10.1553
small_markets,2025.9,18.9370,70.7259,10.3371
small_markets,2026.0,19.2697,70.2099,10.5204
small_markets,2026.1,19.6047,69.6901,10.7051
small_markets,2026.2,19.9420,69.1667,10.8913
small_markets,2026.3,20.2816,68.6396,11.0788
small_markets,2026.4,20.6233,68.1090,11.2677
small_markets,2026.5,20.9671,67.5751,11.4578
small_markets,2026.6,21.3130,67.0378,11.6493
small_markets,2026.7,21.6608,66.4973,11.8419
small_markets,2026.8,22.0106,65.9537,12.0357
small_markets,2026.9,22.3623,65.4071,12.2306
small_markets,2027.0,22.7158,64.8576,12.4266
small_markets,2027.1,23.0710,64.3054,12.6236
small_markets,2027.2,23.4279,63.7505,12.8216
small_markets,2027.3,23.7864,63.1930,13.0206
small_markets,2027.4,24.1464,62.6331,13.2205
small_markets,2027.5,24.5079,62.0709,13.4212
small_markets,2027.6,24.8707,61.5065,13.6228
small_markets,2027.7,25.2349,60.9400,13.8251
small_markets,2027.8,25.6003,60.3716,14.0281
small_markets,2027.9,25.9668,59.8014,14.2318
small_markets,2028.0,26.3344,59.2295,14.4361
small_markets,2028.1,26.7030,58.6560,14.6410
small_markets,2028.2,27.0725,58.0810,14.8465
small_markets,2028.3,27.4428,57.5048,15.0524
small_markets,2028.4,27.8139,56.9274,15.2588
small_markets,2028.5,28.1856,56.3489,15.4655
small_markets,2028.6,28.5578,55.7695,15.6727
small_markets,2028.7,28.9306,55.1893,15.8801
small_markets,2028.8,29.3037,54.6085,16.0877
small_markets,2028.9,29.6772,54.0272,16.2956
small_markets,2029.0,30.0509,53.4455,16.5036
small_markets,2029.1,30.4247,52.8635,16.7118
small_markets,2029.2,30.7985,52.2815,16.9200
small_markets,2029.3,31.1723,51.6994,17.1283
small_markets,2029.4,31.5460,51.1175,17.3365
small_markets,2029.5,31.9194,50.5360,17.5447
small_markets,2029.6,32.2925,49.9548,17.7527
small_markets,2029.7,32.6652,49.3742,17.9606
small_markets,2029.8,33.0374,48.7943,18.1683
small_markets,2029.9,33.4090,48.2153,18.3757
small_markets,2030.0,33.7799,47.6372,18.5829
small_markets,2030.1,34.1501,47.0602,18.7897
small_markets,2030.2,34.5194,46.4844,18.9962
small_markets,2030.3,34.8878,45.9100,19.2022
small_markets,2030.4,35.2552,45.3371,19.4077
small_markets,2030.5,35.6214,44.7658,19.6128
small_markets,2030.6,35.9865,44.1962,19.8173
small_markets,2030.7,36.3503,43.6286,20.0212
small_markets,2030.8,36.7127,43.0629,20.2245
small_markets,2030.9,37.0736,42.4993,20.4271
small_markets,2031.0,37.4331,41.9380,20.6289
small_markets,2031.1,37.7909,41.3790,20.8301
small_markets,2031.2,38.1471,40.8226,21.0304
small_markets,2031.3,38.5014,40.2687,21.2299
small_markets,2031.4,38.8540,39.7175,21.4285
small_markets,2031.5,39.2047,39.1692,21.6261
small_markets,2031.6,39.5534,38.6238,21.8229
small_markets,2031.7,39.9000,38.0814,22.0186
small_markets,2031.8,40.2446,37.5422,22.2133
small_markets,2031.9,40.5869,37.0062,22.4069
small_markets,2032.0,40.9270,36.4736,22.5994
small_markets,2032.1,41.2649,35.9444,22.7907
small_markets,2032.2,41.6003,35.4188,22.9808
small_markets,2032.3,41.9334,34.8969,23.1697
small_markets,2032.4,42.2640,34.3786,23.3574
small_markets,2032.5,42.5921,33.8642,23.5437
small_markets,2032.6,42.9176,33.3537,23.7287
small_markets,2032.7,43.2405,32.8472,23.9123
small_markets,2032.8,43.5607,32.3448,24.0945
small_markets,2032.9,43.8782,31.8465,24.2753
small_markets,2033.0,44.1930,31.3525,24.4545
small_markets,2033.1,44.5051,30.8627,24.6322
small_markets,2033.2,44.8143,30.3773,24.8084
small_markets,2033.3,45.1206,29.8964,24.9830
small_markets,2033.4,45.4242,29.4199,25.1559
small_markets,2033.5,45.7248,28.9480,25.3272
small_markets,2033.6,46.0225,28.4808,25.4968
small_markets,2033.7,46.3172,28.0181,25.6646
small_markets,2033.8,46.6090,27.5603,25.8307
small_markets,2033.9,46.8979,27.1071,25.9950
small_markets,2034.0,47.1837,26.6588,26.1574
small_markets,2034.1,47.4666,26.2154,26.3180
small_markets,2034.2,47.7465,25.7768,26.4767
small_markets,2034.3,48.0234,25.3432,26.6334
small_markets,2034.4,48.2972,24.9146,26.7882
small_markets,2034.5,48.5681,24.4909,26.9410
small_markets,2034.6,48.8360,24.0723,27.0918
small_markets,2034.7,49.1008,23.6587,27.2405
small_markets,2034.8,49.3627,23.2501,27.3871
small_markets,2034.9,49.6216,22.8467,27.5316
small_markets,2035.0,49.8776,22.4484,27.6740
small_markets,2035.1,50.1306,22.0551,27.8142
small_markets,2035.2,50.3807,21.6671,27.9523
small_markets,2035.3,50.6279,21.2841,28.0880
small_markets,2035.4,50.8722,20.9063,28.2216
small_markets,2035.5,51.1136,20.5336,28.3528
small_markets,2035.6,51.3522,20.1660,28.4818
small_markets,2035.7,51.5879,19.8036,28.6085
small_markets,2035.8,51.8209,19.4463,28.7328
small_markets,2035.9,52.0512,19.0942,28.8547
small_markets,2036.0,52.2787,18.7471,28.9742
small_markets,2036.1,52.5035,18.4051,29.0913
small_markets,2036.2,52.7257,18.0683,29.2060
small_markets,2036.3,52.9453,17.7364,29.3183
small_markets,2036.4,53.1623,17.4097,29.4280
small_markets,2036.5,53.3768,17.0879,29.5353
small_markets,2036.6,53.5887,16.7712,29.6401
small_markets,2036.7,53.7983,16.4594,29.7424
small_markets,2036.8,54.0054,16.1526,29.8421
small_markets,2036.9,54.2101,15.8506,29.9393
small_markets,2037.0,54.4125,15.5536,30.0339
small_markets,2037.1,54.6126,15.2614,30.1259
small_markets,2037.2,54.8105,14.9740,30.2154
small_markets,2037.3,55.0062,14.6914,30.3023
small_markets,2037.4,55.1998,14.4136,30.3866
small_markets,2037.5,55.3913,14.1404,30.4683
small_markets,2037.6,55.5807,13.8719,30.5474
small_markets,2037.7,55.7681,13.6081,30.6238
small_markets,2037.8,55.9536,13.3488,30.6977
small_markets,2037.9,56.1371,13.0940,30.7689
small_markets,2038.0,56.3188,12.8437,30.8375
small_markets,2038.1,56.4986,12.5978,30.9035
small_markets,2038.2,56.6767,12.3564,30.9669
small_markets,2038.3,56.8531,12.1192,31.0277
small_markets,2038.4,57.0278,11.8864,31.0858
small_markets,2038.5,57.2008,11.6578,31.1414
small_markets,2038.6,57.3722,11.4334,31.1972
small_markets,2038.7,57.5421,11.2131,31.2508
small_markets,2038.8,57.7105,10.9969,31.3015
small_markets,2038.9,57.8775,10.7848,31.3493
small_markets,2039.0,58.0430,10.5766,31.3944
small_markets,2039.1,58.2071,10.3724,31.4366
small_markets,2039.2,58.3700,10.1720,31.4760
small_markets,2039.3,58.5315,9.9754,31.5127
small_markets,2039.4,58.6917,9.7826,31.5467
small_markets,2039.5,58.8508,9.5935,31.5780
small_markets,2039.6,59.0086,9.4080,31.6066
small_markets,2039.7,59.1653,9.2262,31.6326
small_markets,2039.8,59.3209,9.0479,31.6561
small_markets,2039.9,59.4754,8.8730,31.6769
small_markets,2040.0,59.6289,8.7016,31.6952
small_markets,2040.1,59.7814,8.5336,31.7111
small_markets,2040.2,59.9329,8.3689,31.7245
small_markets,2040.3,60.0835,8.2074,31.7354
small_markets,2040.4,60.2331,8.0491,31.7440
small_markets,2040.5,60.3818,7.8941,31.7502
small_markets,2040.6,60.5297,7.7421,31.7540
small_markets,2040.7,60.6768,7.5931,31.7556
small_markets,2040.8,60.8231,7.4471,31.7550
small_markets,2040.9,60.9685,7.3041,31.7521
small_markets,2041.0,61.1133,7.1640,31.7470
small_markets,2041.1,61.2572,7.0267,31.7398
small_markets,2041.2,61.4005,6.8922,31.7305
small_markets,2041.3,61.5431,6.7604,31.7191
small_markets,2041.4,61.6850,6.6312,31.7057
small_markets,2041.5,61.8262,6.5047,31.6903
small_markets,2041.6,61.9669,6.3808,31.6729
small_markets,2041.7,62.1069,6.2594,31.6536
small_markets,2041.8,62.2463,6.1405,31.6325
small_markets,2041.9,62.3851,6.0240,31.6094
small_markets,2042.0,62.5234,5.9099,31.5846
small_markets,2042.1,62.6611,5.7982,31.5579
small_markets,2042.2,62.7982,5.6887,31.5296
small_markets,2042.3,62.9348,5.5814,31.4995
small_markets,2042.4,63.0710,5.4764,31.4677
small_markets,2042.5,63.2066,5.3735,31.4343
small_markets,2042.6,63.3417,5.2727,31.3993
small_markets,2042.7,63.4763,5.1740,31.3628
small_markets,2042.8,63.6105,5.0773,31.3247
small_markets,2042.9,63.7442,4.9826,31.2851
small_markets,2043.0,63.8774,4.8898,31.2440
small_markets,2043.1,64.0102,4.7989,31.2015
small_markets,2043.2,64.1426,4.7099,31.1576
small_markets,2043.3,64.2745,4.6227,31.1123
small_markets,2043.4,64.4060,4.5373,31.0657
small_markets,2043.5,64.5370,4.4536,31.0179
small_markets,2043.6,64.6677,4.3716,30.9687
small_markets,2043.7,64.7979,4.2913,30.9183
small_markets,2043.8,64.9278,4.2126,30.8667
small_markets,2043.9,65.0572,4.1355,30.8139
small_markets,2044.0,65.1862,4.0600,30.7599
small_markets,2044.1,65.3149,3.9860,30.7049
small_markets,2044.2,65.4431,3.9136,30.6487
small_markets,2044.3,65.5710,3.8425,30.5915
small_markets,2044.4,65.6985,3.7730,30.5333
small_markets,2044.5,65.8256,3.7048,30.4740
small_markets,2044.6,65.9523,3.6380,30.4138
small_markets,2044.7,66.0787,3.5725,30.3527
small_markets,2044.8,66.2047,3.5083,30.2906
small_markets,2044.9,66.3303,3.4455,30.2276
small_markets,2045.0,66.4555,3.3838,30.1637
small_markets,2045.1,66.5804,3.3234,30.0990
small_markets,2045.2,66.7049,3.2643,30.0335
small_markets,2045.3,66.8291,3.2062,29.9671
small_markets,2045.4,66.9528,3.1494,29.9000
small_markets,2045.5,67.0763,3.0936,29.8322
small_markets,2045.6,67.1993,3.0390,29.7636
small_markets,2045.7,67.3220,2.9854,29.6943
small_markets,2045.8,67.4444,2.9329,29.6243
small_markets,2045.9,67.5664,2.8814,29.5537
small_markets,2046.0,67.6880,2.8310,29.4824
small_markets,2046.1,67.8093,2.7815,29.4105
small_markets,2046.2,67.9302,2.7330,29.3380
small_markets,2046.3,68.0508,2.6854,29.2649
small_markets,2046.4,68.1710,2.6387,29.1912
small_markets,2046.5,68.2909,2.5930,29.1170
small_markets,2046.6,68.4104,2.5481,29.0423
small_markets,2046.7,68.5296,2.5041,28.9671
small_markets,2046.8,68.6484,2.4610,28.8913
small_markets,2046.9,68.7668,2.4186,28.8152
small_markets,2047.0,68.8849,2.3771,28.7385
small_markets,2047.1,69.0027,2.3364,28.6614
small_markets,2047.2,69.1201,2.2964,28.5839
small_markets,2047.3,69.2372,2.2573,28.5060
small_markets,2047.4,69.3539,2.2188,28.4276
small_markets,2047.5,69.4703,2.1811,28.3489
small_markets,2047.6,69.5863,2.1441,28.2699
small_markets,2047.7,69.7020,2.1078,28.1905
small_markets,2047.8,69.8173,2.0722,28.1107
small_markets,2047.9,69.9323,2.0373,28.0307
small_markets,2048.0,70.0470,2.0030,27.9503
small_markets,2048.1,70.1613,1.9693,27.8696
small_markets,2048.2,70.2752,1.9363,27.7886
small_markets,2048.3,70.3888,1.9039,27.7074
small_markets,2048.4,70.5021,1.8721,27.6259
small_markets,2048.5,70.6150,1.8409,27.5442
small_markets,2048.6,70.7276,1.8103,27.4622
small_markets,2048.7,70.8399,1.7802,27.3800
small_markets,2048.8,70.9518,1.7507,27.2976
small_markets,2048.9,71.0633,1.7217,27.2150
small_markets,2049.0,71.1746,1.6933,27.1322
small_markets,2049.1,71.2855,1.6654,27.0492
small_markets,2049.2,71.3960,1.6380,26.9660
small_markets,2049.3,71.5062,1.6111,26.8827
small_markets,2049.4,71.6161,1.5847,26.7992
small_markets,2049.5,71.7256,1.5588,26.7156
small_markets,2049.6,71.8348,1.5334,26.6318
small_markets,2049.7,71.9437,1.5084,26.5479
small_markets,2049.8,72.0523,1.4839,26.4639
small_markets,2049.9,72.1605,1.4598,26.3797
small_markets,2050.0,72.2683,1.4362,26.2955
medium_markets,2015.0,0.4994,99.1517,0.3489
medium_markets,2015.1,0.5263,99.1077,0.3660
medium_markets,2015.2,0.5543,99.0619,0.3838
medium_markets,2015.3,0.5834,99.0144,0.4023
medium_markets,2015.4,0.6136,98.9649,0.4215
medium_markets,2015.5,0.6449,98.9136,0.4415
medium_markets,2015.6,0.6774,98.8604,0.4622
medium_markets,2015.7,0.7112,98.8052,0.4837
medium_markets,2015.8,0.7461,98.7479,0.5060
medium_markets,2015.9,0.7824,98.6886,0.5290
medium_markets,2016.0,0.8199,98.6272,0.5529
medium_markets,2016.1,0.8587,98.5636,0.5777
medium_markets,2016.2,0.8989,98.4979,0.6032
medium_markets,2016.3,0.9404,98.4299,0.6297
medium_markets,2016.4,0.9834,98.3597,0.6570
medium_markets,2016.5,1.0277,98.2871,0.6851
medium_markets,2016.6,1.0736,98.2123,0.7142
medium_markets,2016.7,1.1209,98.1350,0.7441
medium_markets,2016.8,1.1697,98.0554,0.7750
medium_markets,2016.9,1.2200,97.9732,0.8067
medium_markets,2017.0,1.2720,97.8887,0.8394
medium_markets,2017.1,1.3257,97.7992,0.8751
medium_markets,2017.2,1.3815,97.7043,0.9143
medium_markets,2017.3,1.4391,97.6047,0.9562
medium_markets,2017.4,1.4988,97.5005,1.0007
medium_markets,2017.5,1.5605,97.3920,1.0476
medium_markets,2017.6,1.6244,97.2791,1.0966
medium_markets,2017.7,1.6904,97.1620,1.1477
medium_markets,2017.8,1.7587,97.0406,1.2008
medium_markets,2017.9,1.8292,96.9151,1.2558
medium_markets,2018.0,1.9021,96.7855,1.3126
medium_markets,2018.1,1.9825,96.6514,1.3711
medium_markets,2018.2,2.0620,96.5130,1.4313
medium_markets,2018.3,2.1434,96.3705,1.4931
medium_markets,2018.4,2.2272,96.2239,1.5564
medium_markets,2018.5,2.3135,96.0731,1.6212
medium_markets,2018.6,2.4024,95.9182,1.6874
medium_markets,2018.7,2.4940,95.7592,1.7549
medium_markets,2018.8,2.5883,95.5961,1.8237
medium_markets,2018.9,2.6854,95.4288,1.8937
medium_markets,2019.0,2.7855,95.2575,1.9649
medium_markets,2019.1,2.8885,95.0820,2.0372
medium_markets,2019.2,2.9946,94.9024,2.1105
medium_markets,2019.3,3.1038,94.7187,2.1848
medium_markets,2019.4,3.2161,94.5308,2.2601
medium_markets,2019.5,3.3318,94.3388,2.3362
medium_markets,2019.6,3.4507,94.1426,2.4132
medium_markets,2019.7,3.5731,93.9422,2.4909
medium_markets,2019.8,3.6990,93.7375,2.5693
medium_markets,2019.9,3.8285,93.5287,2.6483
medium_markets,2020.0,3.9616,93.3156,2.7279
medium_markets,2020.1,4.0984,93.0983,2.8080
medium_markets,2020.2,4.2391,92.8766,2.8886
medium_markets,2020.3,4.3837,92.6507,2.9696
medium_markets,2020.4,4.5323,92.4204,3.0509
medium_markets,2020.5,4.6850,92.1857,3.1324
medium_markets,2020.6,4.8420,91.9465,3.2143
medium_markets,2020.7,5.0032,91.7029,3.2969
medium_markets,2020.8,5.1689,91.4548,3.3796
medium_markets,2020.9,5.3391,91.2022,3.4623
medium_markets,2021.0,5.5139,90.9449,3.5450
medium_markets,2021.1,5.6935,90.6830,3.6276
medium_markets,2021.2,5.8780,90.4163,3.7101
medium_markets,2021.3,6.0675,90.1449,3.7924
medium_markets,2021.4,6.2621,89.8685,3.8744
medium_markets,2021.5,6.4620,89.5873,3.9561
medium_markets,2021.6,6.6674,89.3010,4.0373
medium_markets,2021.7,6.8782,89.0097,4.1182
medium_markets,2021.8,7.0948,88.7131,4.1985
medium_markets,2021.9,7.3172,88.4113,4.2783
medium_markets,2022.0,7.5456,88.1041,4.3574
medium_markets,2022.1,7.7802,87.7913,4.4358
medium_markets,2022.2,8.0211,87.4730,4.5136
medium_markets,2022.3,8.2684,87.1489,4.5905
medium_markets,2022.4,8.5225,86.8190,4.6667
medium_markets,2022.5,8.7833,86.4830,4.7420
medium_markets,2022.6,9.0512,86.1409,4.8165
medium_markets,2022.7,9.3262,85.7925,4.8899
medium_markets,2022.8,9.6087,85.4377,4.9624
medium_markets,2022.9,9.8987,85.0761,5.0338
medium_markets,2023.0,10.1966,84.7078,5.1041
medium_markets,2023.1,10.5024,84.3324,5.1733
medium_markets,2023.2,10.8164,83.9499,5.2414
medium_markets,2023.3,11.1388,83.5599,5.3082
medium_markets,2023.4,11.4699,83.1623,5.3739
medium_markets,2023.5,11.8098,82.7567,5.4384
medium_markets,2023.6,12.1589,82.3431,5.5025
medium_markets,2023.7,12.5173,81.9211,5.5660
medium_markets,2023.8,12.8853,81.4905,5.6285
medium_markets,2023.9,13.2631,81.0509,5.6900
medium_markets,2024.0,13.6510,80.6021,5.7505
medium_markets,2024.1,14.0493,80.1438,5.8101
medium_markets,2024.2,14.4582,79.6757,5.8688
medium_markets,2024.3,14.8780,79.1975,5.9266
medium_markets,2024.4,15.3090,78.7088,5.9835
medium_markets,2024.5,15.7515,78.2092,6.0398
medium_markets,2024.6,16.2058,77.6985,6.0957
medium_markets,2024.7,16.6721,77.1763,6.1516
medium_markets,2024.8,17.1507,76.6422,6.2071
medium_markets,2024.9,17.6420,76.0958,6.2623
medium_markets,2025.0,18.1462,75.5367,6.3171
medium_markets,2025.1,18.6636,74.9647,6.3717
medium_markets,2025.2,19.1945,74.3793,6.4262
medium_markets,2025.3,19.7391,73.7802,6.4807
medium_markets,2025.4,20.2978,73.1670,6.5352
medium_markets,2025.5,20.8707,72.5394,6.5899
medium_markets,2025.6,21.4582,71.8971,6.6447
medium_markets,2025.7,22.0603,71.2398,6.6999
medium_markets,2025.8,22.6772,70.5674,6.7554
medium_markets,2025.9,23.3091,69.8796,6.8113
medium_markets,2026.0,23.9560,69.1762,6.8677
medium_markets,2026.1,24.6180,68.4573,6.9248
medium_markets,2026.2,25.2950,67.7229,6.9948
medium_markets,2026.3,25.9868,66.9730,7.0647
medium_markets,2026.4,26.6933,66.2079,7.1346
medium_markets,2026.5,27.4142,65.4279,7.2043
medium_markets,2026.6,28.1490,64.6335,7.2737
medium_markets,2026.7,28.8973,63.8252,7.3429
medium_markets,2026.8,29.6584,63.0037,7.4116
medium_markets,2026.9,30.4315,62.1700,7.4797
medium_markets,2027.0,31.2157,61.3250,7.5472
medium_markets,2027.1,32.0100,60.4701,7.6138
medium_markets,2027.2,32.8132,59.6065,7.6793
medium_markets,2027.3,33.6239,58.7359,7.7437
medium_markets,2027.4,34.4406,57.8598,7.8067
medium_markets,2027.5,35.2617,56.9800,7.8681
medium_markets,2027.6,36.0855,56.0986,7.9277
medium_markets,2027.7,36.9102,55.2175,7.9856
medium_markets,2027.8,37.7338,54.3388,8.0414
medium_markets,2027.9,38.5544,53.4645,8.0951
medium_markets,2028.0,39.3701,52.5967,8.1467
medium_markets,2028.1,40.1789,51.7373,8.1963
medium_markets,2028.2,40.9790,50.8881,8.2438
medium_markets,2028.3,41.7685,50.0507,8.2898
medium_markets,2028.4,42.5460,49.2266,8.3341
medium_markets,2028.5,43.3101,48.4169,8.3772
medium_markets,2028.6,44.0596,47.6223,8.4194
medium_markets,2028.7,44.7935,46.8434,8.4637
medium_markets,2028.8,45.5115,46.0802,8.5166
medium_markets,2028.9,46.2131,45.3327,8.5699
medium_markets,2029.0,46.8984,44.6002,8.6239
medium_markets,2029.1,47.5678,43.8821,8.6790
medium_markets,2029.2,48.2218,43.1773,8.7358
medium_markets,2029.3,48.8613,42.4846,8.7945
medium_markets,2029.4,49.4872,41.8028,8.8553
medium_markets,2029.5,50.1008,41.1306,8.9184
medium_markets,2029.6,50.7031,40.4668,8.9838
medium_markets,2029.7,51.2955,39.8102,9.0515
medium_markets,2029.8,51.8791,39.1598,9.1212
medium_markets,2029.9,52.4551,38.5147,9.1927
medium_markets,2030.0,53.0243,37.8744,9.2657
medium_markets,2030.1,53.5878,37.2383,9.3398
medium_markets,2030.2,54.1461,36.6061,9.4144
medium_markets,2030.3,54.6998,35.9778,9.4894
medium_markets,2030.4,55.2494,35.3534,9.5640
medium_markets,2030.5,55.7950,34.7330,9.6381
medium_markets,2030.6,56.3370,34.1169,9.7112
medium_markets,2030.7,56.8753,33.5053,9.7937
medium_markets,2030.8,57.4101,32.8986,9.8765
medium_markets,2030.9,57.9412,32.2971,9.9569
medium_markets,2031.0,58.4687,31.7013,10.0346
medium_markets,2031.1,58.9925,31.1116,10.1093
medium_markets,2031.2,59.5124,30.5283,10.1806
medium_markets,2031.3,60.0286,29.9519,10.2483
medium_markets,2031.4,60.5407,29.3827,10.3121
medium_markets,2031.5,61.0489,28.8212,10.3718
medium_markets,2031.6,61.5529,28.2675,10.4271
medium_markets,2031.7,62.0528,27.7222,10.4777
medium_markets,2031.8,62.5484,27.1855,10.5235
medium_markets,2031.9,63.0397,26.6578,10.5643
medium_markets,2032.0,63.5267,26.1391,10.5999
medium_markets,2032.1,64.0091,25.6299,10.6302
medium_markets,2032.2,64.4871,25.1303,10.6550
medium_markets,2032.3,64.9604,24.6405,10.6744
medium_markets,2032.4,65.4291,24.1605,10.6883
medium_markets,2032.5,65.8930,23.6906,10.6967
medium_markets,2032.6,66.3522,23.2307,10.6996
medium_markets,2032.7,66.8065,22.7809,10.6971
medium_markets,2032.8,67.2559,22.3412,10.6892
medium_markets,2032.9,67.7003,21.9116,10.6761
medium_markets,2033.0,68.1396,21.4920,10.6579
medium_markets,2033.1,68.5739,21.0823,10.6348
medium_markets,2033.2,69.0029,20.6825,10.6070
medium_markets,2033.3,69.4267,20.2923,10.5746
medium_markets,2033.4,69.8453,19.9117,10.5379
medium_markets,2033.5,70.2584,19.5404,10.4971
medium_markets,2033.6,70.6662,19.1784,10.4524
medium_markets,2033.7,71.0685,18.8254,10.4041
medium_markets,2033.8,71.4653,18.4813,10.3523
medium_markets,2033.9,71.8566,18.1458,10.2974
medium_markets,2034.0,72.2423,17.8188,10.2394
medium_markets,2034.1,72.6224,17.5001,10.1787
medium_markets,2034.2,72.9969,17.1895,10.1155
medium_markets,2034.3,73.3657,16.8868,10.0498
medium_markets,2034.4,73.7289,16.5920,9.9820
medium_markets,2034.5,74.0865,16.3047,9.9121
medium_markets,2034.6,74.4383,16.0249,9.8403
medium_markets,2034.7,74.7846,15.7525,9.7667
medium_markets,2034.8,75.1251,15.4871,9.6916
medium_markets,2034.9,75.4601,15.2288,9.6149
medium_markets,2035.0,75.7895,14.9774,9.5368
medium_markets,2035.1,76.1134,14.7326,9.4574
medium_markets,2035.2,76.4318,14.4945,9.3768
medium_markets,2035.3,76.7447,14.2628,9.2951
medium_markets,2035.4,77.0522,14.0375,9.2123
medium_markets,2035.5,77.3544,13.8183,9.1286
medium_markets,2035.6,77.6514,13.6051,9.0439
medium_markets,2035.7,77.9431,13.3979,8.9585
medium_markets,2035.8,78.2298,13.1964,8.8723
medium_markets,2035.9,78.5114,13.0004,8.7854
medium_markets,2036.0,78.7881,12.8100,8.6980
medium_markets,2036.1,79.0598,12.6248,8.6099
medium_markets,2036.2,79.3269,12.4447,8.5214
medium_markets,2036.3,79.5892,12.2697,8.4325
medium_markets,2036.4,79.8469,12.0995,8.3433
medium_markets,2036.5,80.1002,11.9340,8.2537
medium_markets,2036.6,80.3490,11.7730,8.1640
medium_markets,2036.7,80.5935,11.6164,8.0740
medium_markets,2036.8,80.8338,11.4640,7.9840
medium_markets,2036.9,81.0699,11.3157,7.8940
medium_markets,2037.0,81.3020,11.1714,7.8040
medium_markets,2037.1,81.5302,11.0308,7.7141
medium_markets,2037.2,81.7545,10.8939,7.6243
medium_markets,2037.3,81.9750,10.7605,7.5348
medium_markets,2037.4,82.1918,10.6305,7.4455
medium_markets,2037.5,82.4050,10.5037,7.3565
medium_markets,2037.6,82.6147,10.3801,7.2678
medium_markets,2037.7,82.8209,10.2595,7.1796
medium_markets,2037.8,83.0237,10.1417,7.0918
medium_markets,2037.9,83.2232,10.0268,7.0045
medium_markets,2038.0,83.4195,9.9145,6.9178
medium_markets,2038.1,83.6126,9.8048,6.8316
medium_markets,2038.2,83.8026,9.6976,6.7460
medium_markets,2038.3,83.9896,9.5927,6.6611
medium_markets,2038.4,84.1736,9.4902,6.5769
medium_markets,2038.5,84.3546,9.3898,6.4934
medium_markets,2038.6,84.5328,9.2915,6.4106
medium_markets,2038.7,84.7082,9.1953,6.3285
medium_markets,2038.8,84.8809,9.1011,6.2473
medium_markets,2038.9,85.0509,9.0087,6.1669
medium_markets,2039.0,85.2182,8.9182,6.0873
medium_markets,2039.1,85.3829,8.8294,6.0085
medium_markets,2039.2,85.5451,8.7423,5.9306
medium_markets,2039.3,85.7048,8.6568,5.8536
medium_markets,2039.4,85.8621,8.5730,5.7774
medium_markets,2039.5,86.0169,8.4906,5.7022
medium_markets,2039.6,86.1694,8.4097,5.6278
medium_markets,2039.7,86.3196,8.3303,5.5544
medium_markets,2039.8,86.4675,8.2522,5.4819
medium_markets,2039.9,86.6132,8.1755,5.4103
medium_markets,2040.0,86.7567,8.1000,5.3396
medium_markets,2040.1,86.8981,8.0258,5.2699
medium_markets,2040.2,87.0373,7.9528,5.2011
medium_markets,2040.3,87.1744,7.8810,5.1333
medium_markets,2040.4,87.3095,7.8103,5.0664
medium_markets,2040.5,87.4427,7.7407,5.0004
medium_markets,2040.6,87.5738,7.6722,4.9354
medium_markets,2040.7,87.7030,7.6047,4.8714
medium_markets,2040.8,87.8303,7.5382,4.8082
medium_markets,2040.9,87.9557,7.4727,4.7461
medium_markets,2041.0,88.0792,7.4081,4.6848
medium_markets,2041.1,88.2010,7.3444,4.6245
medium_markets,2041.2,88.3209,7.2816,4.5652
medium_markets,2041.3,88.4391,7.2197,4.5068
medium_markets,2041.4,88.5556,7.1587,4.4494
medium_markets,2041.5,88.6703,7.0984,4.3928
medium_markets,2041.6,88.7833,7.0390,4.3373
medium_markets,2041.7,88.8947,6.9803,4.2826
medium_markets,2041.8,89.0044,6.9223,4.2289
medium_markets,2041.9,89.1125,6.8652,4.1762
medium_markets,2042.0,89.2189,6.8087,4.1243
medium_markets,2042.1,89.3238,6.7529,4.0734
medium_markets,2042.2,89.4272,6.6978,4.0235
medium_markets,2042.3,89.5289,6.6434,3.9744
medium_markets,2042.4,89.6292,6.5896,3.9263
medium_markets,2042.5,89.7279,6.5365,3.8791
medium_markets,2042.6,89.8251,6.4839,3.8328
medium_markets,2042.7,89.9209,6.4320,3.7874
medium_markets,2042.8,90.0151,6.3807,3.7429
medium_markets,2042.9,90.1080,6.3300,3.6994
medium_markets,2043.0,90.1994,6.2798,3.6567
medium_markets,2043.1,90.2894,6.2302,3.6149
medium_markets,2043.2,90.3780,6.1812,3.5741
medium_markets,2043.3,90.4652,6.1326,3.5340
medium_markets,2043.4,90.5510,6.0846,3.4949
medium_markets,2043.5,90.6355,6.0372,3.4566
medium_markets,2043.6,90.7187,5.9902,3.4192
medium_markets,2043.7,90.8005,5.9438,3.3827
medium_markets,2043.8,90.8811,5.8978,3.3470
medium_markets,2043.9,90.9603,5.8523,3.3121
medium_markets,2044.0,91.0383,5.8073,3.2780
medium_markets,2044.1,91.1151,5.7627,3.2448
medium_markets,2044.2,91.1906,5.7186,3.2124
medium_markets,2044.3,91.2649,5.6750,3.1807
medium_markets,2044.4,91.3380,5.6318,3.1499
medium_markets,2044.5,91.4099,5.5890,3.1198
medium_markets,2044.6,91.4807,5.5467,3.0905
medium_markets,2044.7,91.5503,5.5048,3.0619
medium_markets,2044.8,91.6188,5.4633,3.0341
medium_markets,2044.9,91.6862,5.4222,3.0070
medium_markets,2045.0,91.7524,5.3816,2.9806
medium_markets,2045.1,91.8177,5.3413,2.9549
medium_markets,2045.2,91.8818,5.3014,2.9299
medium_markets,2045.3,91.9449,5.2619,2.9056
medium_markets,2045.4,92.0070,5.2228,2.8819
medium_markets,2045.5,92.0681,5.1840,2.8589
medium_markets,2045.6,92.1282,5.1456,2.8366
medium_markets,2045.7,92.1874,5.1076,2.8148
medium_markets,2045.8,92.2456,5.0699,2.7937
medium_markets,2045.9,92.3029,5.0326,2.7732
medium_markets,2046.0,92.3592,4.9956,2.7532
medium_markets,2046.1,92.4147,4.9590,2.7338
medium_markets,2046.2,92.4693,4.9227,2.7150
medium_markets,2046.3,92.5230,4.8867,2.6967
medium_markets,2046.4,92.5759,4.8511,2.6790
medium_markets,2046.5,92.6280,4.8158,2.6617
medium_markets,2046.6,92.6793,4.7808,2.6450
medium_markets,2046.7,92.7298,4.7461,2.6288
medium_markets,2046.8,92.7795,4.7117,2.6130
medium_markets,2046.9,92.8285,4.6776,2.5977
medium_markets,2047.0,92.8767,4.6438,2.5829
medium_markets,2047.1,92.9242,4.6103,2.5685
medium_markets,2047.2,92.9710,4.5771,2.5545
medium_markets,2047.3,93.0172,4.5441,2.5409
medium_markets,2047.4,93.0626,4.5115,2.5277
medium_markets,2047.5,93.1074,4.4791,2.5150
medium_markets,2047.6,93.1516,4.4470,2.5026
medium_markets,2047.7,93.1951,4.4152,2.4905
medium_markets,2047.8,93.2381,4.3836,2.4789
medium_markets,2047.9,93.2804,4.3523,2.4675
medium_markets,2048.0,93.3222,4.3212,2.4565
medium_markets,2048.1,93.3634,4.2904,2.4458
medium_markets,2048.2,93.4040,4.2598,2.4354
medium_markets,2048.3,93.4441,4.2295,2.4254
medium_markets,2048.4,93.4837,4.1995,2.4156
medium_markets,2048.5,93.5228,4.1696,2.4061
medium_markets,2048.6,93.5614,4.1400,2.3968
medium_markets,2048.7,93.5995,4.1106,2.3878
medium_markets,2048.8,93.6371,4.0815,2.3791
medium_markets,2048.9,93.6743,4.0526,2.3706
medium_markets,2049.0,93.7110,4.0239,2.3624
medium_markets,2049.1,93.7473,3.9954,2.3543
medium_markets,2049.2,93.7831,3.9671,2.3465
medium_markets,2049.3,93.8185,3.9391,2.3389
medium_markets,2049.4,93.8536,3.9112,2.3314
medium_markets,2049.5,93.8882,3.8836,2.3242
medium_markets,2049.6,93.9225,3.8562,2.3171
medium_markets,2049.7,93.9563,3.8289,2.3103
medium_markets,2049.8,93.9899,3.8019,2.3035
medium_markets,2049.9,94.0230,3.7751,2.2970
medium_markets,2050.0,94.0558,3.7484,2.2906
big_markets,2015.0,0.3827,99.5613,0.1331
big_markets,2015.1,0.4092,99.5304,0.1404
big_markets,2015.2,0.4371,99.4977,0.1480
big_markets,2015.3,0.4664,99.4632,0.1560
big_markets,2015.4,0.4971,99.4267,0.1642
big_markets,2015.5,0.5295,99.3882,0.1728
big_markets,2015.6,0.5634,99.3477,0.1816
big_markets,2015.7,0.5989,99.3049,0.1908
big_markets,2015.8,0.6361,99.2600,0.2003
big_markets,2015.9,0.6751,99.2127,0.2101
big_markets,2016.0,0.7158,99.1631,0.2203
big_markets,2016.1,0.7583,99.1110,0.2307
big_markets,2016.2,0.8027,99.0563,0.2415
big_markets,2016.3,0.8491,98.9990,0.2526
big_markets,2016.4,0.8974,98.9389,0.2641
big_markets,2016.5,0.9477,98.8760,0.2758
big_markets,2016.6,1.0000,98.8102,0.2879
big_markets,2016.7,1.0545,98.7414,0.3003
big_markets,2016.8,1.1112,98.6695,0.3131
big_markets,2016.9,1.1701,98.5944,0.3261
big_markets,2017.0,1.2312,98.5159,0.3395
big_markets,2017.1,1.2947,98.4341,0.3533
big_markets,2017.2,1.3605,98.3488,0.3673
big_markets,2017.3,1.4288,98.2598,0.3817
big_markets,2017.4,1.4995,98.1671,0.3964
big_markets,2017.5,1.5728,98.0706,0.4114
big_markets,2017.6,1.6486,97.9702,0.4268
big_markets,2017.7,1.7271,97.8657,0.4424
big_markets,2017.8,1.8083,97.7570,0.4584
big_markets,2017.9,1.8922,97.6441,0.4748
big_markets,2018.0,1.9789,97.5267,0.4960
big_markets,2018.1,2.0684,97.4048,0.5284
big_markets,2018.2,2.1609,97.2783,0.5625
big_markets,2018.3,2.2563,97.1470,0.5985
big_markets,2018.4,2.3547,97.0108,0.6363
big_markets,2018.5,2.4561,96.8696,0.6760
big_markets,2018.6,2.5607,96.7233,0.7178
big_markets,2018.7,2.6685,96.5717,0.7616
big_markets,2018.8,2.7794,96.4147,0.8076
big_markets,2018.9,2.8937,96.2521,0.8559
big_markets,2019.0,3.0112,96.0840,0.9064
big_markets,2019.1,3.1322,95.9100,0.9594
big_markets,2019.2,3.2566,95.7302,1.0148
big_markets,2019.3,3.3844,95.5443,1.0727
big_markets,2019.4,3.5158,95.3522,1.1333
big_markets,2019.5,3.6508,95.1539,1.1965
big_markets,2019.6,3.7894,94.9491,1.2625
big_markets,2019.7,3.9318,94.7378,1.3313
big_markets,2019.8,4.0778,94.5197,1.4031
big_markets,2019.9,4.2277,94.2949,1.4778
big_markets,2020.0,4.3814,94.0632,1.5556
big_markets,2020.1,4.5390,93.8244,1.6367
big_markets,2020.2,4.7005,93.5784,1.7211
big_markets,2020.3,4.8660,93.3252,1.8088
big_markets,2020.4,5.0355,93.0645,1.9000
big_markets,2020.5,5.2092,92.7963,1.9945
big_markets,2020.6,5.3869,92.5205,2.0926
big_markets,2020.7,5.5688,92.2370,2.1942
big_markets,2020.8,5.7550,91.9456,2.2994
big_markets,2020.9,5.9454,91.6463,2.4083
big_markets,2021.0,6.1401,91.3390,2.5210
big_markets,2021.1,6.3391,91.0235,2.6374
big_markets,2021.2,6.5425,90.6998,2.7577
big_markets,2021.3,6.7503,90.3679,2.8818
big_markets,2021.4,6.9626,90.0276,3.0098
big_markets,2021.5,7.1794,89.6789,3.1417
big_markets,2021.6,7.4007,89.3217,3.2776
big_markets,2021.7,7.6265,88.9560,3.4174
big_markets,2021.8,7.8570,88.5817,3.5613
big_markets,2021.9,8.0921,88.1988,3.7091
big_markets,2022.0,8.3318,87.8073,3.8609
big_markets,2022.1,8.5762,87.4071,4.0167
big_markets,2022.2,8.8253,86.9982,4.1764
big_markets,2022.3,9.0792,86.5807,4.3401
big_markets,2022.4,9.3378,86.1545,4.5077
big_markets,2022.5,9.6012,85.7196,4.6792
big_markets,2022.6,9.8693,85.2762,4.8545
big_markets,2022.7,10.1423,84.8241,5.0336
big_markets,2022.8,10.4201,84.3635,5.2164
big_markets,2022.9,10.7027,83.8945,5.4028
big_markets,2023.0,10.9902,83.4170,5.5928
big_markets,2023.1,11.2826,82.9313,5.7862
big_markets,2023.2,11.5798,82.4373,5.9829
big_markets,2023.3,11.8819,81.9352,6.1829
big_markets,2023.4,12.1888,81.4252,6.3860
big_markets,2023.5,12.5007,80.9073,6.5920
big_markets,2023.6,12.8174,80.3817,6.8009
big_markets,2023.7,13.1389,79.8486,7.0125
big_markets,2023.8,13.4654,79.3081,7.2265
big_markets,2023.9,13.7967,78.7605,7.4428
big_markets,2024.0,14.1328,78.2059,7.6613
big_markets,2024.1,14.4738,77.6445,7.8817
big_markets,2024.2,14.8196,77.0766,8.1038
big_markets,2024.3,15.1701,76.5024,8.3274
big_markets,2024.4,15.5255,75.9222,8.5523
big_markets,2024.5,15.8856,75.3362,8.7782
big_markets,2024.6,16.2504,74.7447,9.0049
big_markets,2024.7,16.6199,74.1481,9.2320
big_markets,2024.8,16.9941,73.5465,9.4594
big_markets,2024.9,17.3729,72.9403,9.6868
big_markets,2025.0,17.7563,72.3299,9.9138
big_markets,2025.1,18.1443,71.7155,10.1402
big_markets,2025.2,18.5367,71.0976,10.3657
big_markets,2025.3,18.9336,70.4764,10.5900
big_markets,2025.4,19.3350,69.8523,10.8127
big_markets,2025.5,19.7407,69.2257,11.0336
big_markets,2025.6,20.1507,68.5970,11.2523
big_markets,2025.7,20.5650,67.9665,11.4685
big_markets,2025.8,20.9835,67.3347,11.6818
big_markets,2025.9,21.4061,66.7018,11.8920
big_markets,2026.0,21.8328,66.0684,12.0988
big_markets,2026.1,22.2635,65.4348,12.3017
big_markets,2026.2,22.6982,64.8014,12.5004
big_markets,2026.3,23.1367,64.1685,12.6947
big_markets,2026.4,23.5790,63.5367,12.8843
big_markets,2026.5,24.0251,62.9062,13.0687
big_markets,2026.6,24.4748,62.2775,13.2477
big_markets,2026.7,24.9280,61.6510,13.4210
big_markets,2026.8,25.3847,61.0270,13.5883
big_markets,2026.9,25.8448,60.4059,13.7493
big_markets,2027.0,26.3082,59.7881,13.9037
big_markets,2027.1,26.7748,59.1740,14.0513
big_markets,2027.2,27.2445,58.5638,14.1917
big_markets,2027.3,27.7172,57.9580,14.3248
big_markets,2027.4,28.1928,57.3568,14.4504
big_markets,2027.5,28.6713,56.7606,14.5681
big_markets,2027.6,29.1524,56.1697,14.6779
big_markets,2027.7,29.6362,55.5843,14.7795
big_markets,2027.8,30.1224,55.0048,14.8728
big_markets,2027.9,30.6111,54.4314,14.9575
big_markets,2028.0,31.1020,53.8643,15.0337
big_markets,2028.1,31.5951,53.3038,15.1011
big_markets,2028.2,32.0902,52.7501,15.1597
big_markets,2028.3,32.5872,52.2033,15.2094
big_markets,2028.4,33.0861,51.6637,15.2502
big_markets,2028.5,33.5866,51.1314,15.2820
big_markets,2028.6,34.0887,50.6066,15.3047
big_markets,2028.7,34.5922,50.0893,15.3185
big_markets,2028.8,35.0970,49.5797,15.3232
big_markets,2028.9,35.6030,49.0779,15.3191
big_markets,2029.0,36.1100,48.5839,15.3061
big_markets,2029.1,36.6179,48.0978,15.2843
big_markets,2029.2,37.1266,47.6196,15.2537
big_markets,2029.3,37.6359,47.1494,15.2147
big_markets,2029.4,38.1457,46.6872,15.1671
big_markets,2029.5,38.6558,46.2329,15.1113
big_markets,2029.6,39.1661,45.7865,15.0474
big_markets,2029.7,39.6764,45.3481,14.9755
big_markets,2029.8,40.1867,44.9175,14.8959
big_markets,2029.9,40.6966,44.4947,14.8087
big_markets,2030.0,41.2062,44.0796,14.7142
big_markets,2030.1,41.7152,43.6722,14.6126
big_markets,2030.2,42.2234,43.2723,14.5042
big_markets,2030.3,42.7308,42.8800,14.3892
big_markets,2030.4,43.2371,42.4951,14.2678
big_markets,2030.5,43.7422,42.1174,14.1404
big_markets,2030.6,44.2459,41.7469,14.0072
big_markets,2030.7,44.7481,41.3835,13.8684
big_markets,2030.8,45.2485,41.0270,13.7244
big_markets,2030.9,45.7471,40.6774,13.5755
big_markets,2031.0,46.2436,40.3345,13.4219
big_markets,2031.1,46.7378,39.9982,13.2640
big_markets,2031.2,47.2296,39.6684,13.1019
big_markets,2031.3,47.7189,39.3450,12.9362
big_markets,2031.4,48.2053,39.0278,12.7669
big_markets,2031.5,48.6889,38.7167,12.5944
big_markets,2031.6,49.1692,38.4117,12.4191
big_markets,2031.7,49.6463,38.1126,12.2411
big_markets,2031.8,50.1199,37.8192,12.0609
big_markets,2031.9,50.5898,37.5315,11.8787
big_markets,2032.0,51.0559,37.2494,11.6947
big_markets,2032.1,51.5180,36.9728,11.5093
big_markets,2032.2,51.9758,36.7015,11.3227
big_markets,2032.3,52.4293,36.4354,11.1353
big_markets,2032.4,52.8783,36.1744,10.9473
big_markets,2032.5,53.3226,35.9185,10.7589
big_markets,2032.6,53.7620,35.6675,10.5705
big_markets,2032.7,54.1964,35.4213,10.3823
big_markets,2032.8,54.6257,35.1797,10.1946
big_markets,2032.9,55.0496,34.9428,10.0076
big_markets,2033.0,55.4681,34.7103,9.8216
big_markets,2033.1,55.8811,34.4821,9.6368
big_markets,2033.2,56.2883,34.2582,9.4535
big_markets,2033.3,56.6897,34.0384,9.2718
big_markets,2033.4,57.0852,33.8227,9.0921
big_markets,2033.5,57.4747,33.6107,8.9145
big_markets,2033.6,57.8581,33.4026,8.7393
big_markets,2033.7,58.2353,33.1980,8.5666
big_markets,2033.8,58.6063,32.9970,8.3967
big_markets,2033.9,58.9710,32.7993,8.2296
big_markets,2034.0,59.3294,32.6049,8.0657
big_markets,2034.1,59.6815,32.4136,7.9049
big_markets,2034.2,60.0272,32.2253,7.7476
big_markets,2034.3,60.3665,32.0398,7.5937
big_markets,2034.4,60.6994,31.8571,7.4435
big_markets,2034.5,61.0261,31.6769,7.2970
big_markets,2034.6,61.3465,31.4993,7.1542
big_markets,2034.7,61.6606,31.3240,7.0154
big_markets,2034.8,61.9686,31.1510,6.8804
big_markets,2034.9,62.2705,30.9801,6.7494
big_markets,2035.0,62.5664,30.8112,6.6224
big_markets,2035.1,62.8564,30.6442,6.4994
big_markets,2035.2,63.1406,30.4790,6.3804
big_markets,2035.3,63.4192,30.3155,6.2653
big_markets,2035.4,63.6921,30.1537,6.1541
big_markets,2035.5,63.9597,29.9934,6.0469
big_markets,2035.6,64.2220,29.8346,5.9434
big_markets,2035.7,64.4792,29.6771,5.8436
big_markets,2035.8,64.7314,29.5210,5.7476
big_markets,2035.9,64.9789,29.3661,5.6550
big_markets,2036.0,65.2216,29.2124,5.5660
big_markets,2036.1,65.4599,29.0599,5.4802
big_markets,2036.2,65.6938,28.9084,5.3978
big_markets,2036.3,65.9236,28.7580,5.3184
big_markets,2036.4,66.1494,28.6086,5.2420
big_markets,2036.5,66.3713,28.4602,5.1685
big_markets,2036.6,66.5895,28.3127,5.0978
big_markets,2036.7,66.8042,28.1662,5.0296
big_markets,2036.8,67.0155,28.0205,4.9640
big_markets,2036.9,67.2235,27.8757,4.9008
big_markets,2037.0,67.4285,27.7317,4.8397
big_markets,2037.1,67.6305,27.5886,4.7809
big_markets,2037.2,67.8296,27.4463,4.7240
big_markets,2037.3,68.0261,27.3048,4.6691
big_markets,2037.4,68.2199,27.1641,4.6160
big_markets,2037.5,68.4113,27.0241,4.5646
big_markets,2037.6,68.6003,26.8850,4.5148
big_markets,2037.7,68.7870,26.7465,4.4665
big_markets,2037.8,68.9716,26.6089,4.4196
big_markets,2037.9,69.1540,26.4719,4.3741
big_markets,2038.0,69.3345,26.3357,4.3298
big_markets,2038.1,69.5130,26.2002,4.2868
big_markets,2038.2,69.6897,26.0654,4.2448
big_markets,2038.3,69.8647,25.9313,4.2040
big_markets,2038.4,70.0379,25.7980,4.1641
big_markets,2038.5,70.2096,25.6653,4.1252
big_markets,2038.6,70.3796,25.5333,4.0871
big_markets,2038.7,70.5481,25.4019,4.0499
big_markets,2038.8,70.7152,25.2713,4.0135
big_markets,2038.9,70.8809,25.1413,3.9778
big_markets,2039.0,71.0452,25.0120,3.9428
big_markets,2039.1,71.2082,24.8833,3.9085
big_markets,2039.2,71.3700,24.7553,3.8748
big_markets,2039.3,71.5305,24.6279,3.8416
big_markets,2039.4,71.6899,24.5011,3.8090
big_markets,2039.5,71.8481,24.3750,3.7769
big_markets,2039.6,72.0052,24.2495,3.7453
big_markets,2039.7,72.1612,24.1246,3.7142
big_markets,2039.8,72.3162,24.0004,3.6834
big_markets,2039.9,72.4702,23.8767,3.6531
big_markets,2040.0,72.6232,23.7537,3.6231
big_markets,2040.1,72.7753,23.6312,3.5935
big_markets,2040.2,72.9264,23.5093,3.5643
big_markets,2040.3,73.0766,23.3881,3.5353
big_markets,2040.4,73.2260,23.2674,3.5066
big_markets,2040.5,73.3745,23.1473,3.4782
big_markets,2040.6,73.5222,23.0277,3.4501
big_markets,2040.7,73.6691,22.9087,3.4222
big_markets,2040.8,73.8152,22.7903,3.3945
big_markets,2040.9,73.9605,22.6725,3.3670
big_markets,2041.0,74.1051,22.5552,3.3398
big_markets,2041.1,74.2489,22.4384,3.3127
big_markets,2041.2,74.3920,22.3222,3.2858
big_markets,2041.3,74.5344,22.2065,3.2591
big_markets,2041.4,74.6761,22.0914,3.2325
big_markets,2041.5,74.8171,21.9768,3.2061
big_markets,2041.6,74.9574,21.8627,3.1799
big_markets,2041.7,75.0971,21.7491,3.1538
big_markets,2041.8,75.2361,21.6361,3.1278
big_markets,2041.9,75.3745,21.5235,3.1019
big_markets,2042.0,75.5122,21.4115,3.0762
big_markets,2042.1,75.6494,21.3000,3.0506
big_markets,2042.2,75.7858,21.1890,3.0252
big_markets,2042.3,75.9217,21.0785,2.9998
big_markets,2042.4,76.0570,20.9684,2.9746
big_markets,2042.5,76.1916,20.8589,2.9495
big_markets,2042.6,76.3257,20.7499,2.9245
big_markets,2042.7,76.4592,20.6413,2.8996
big_markets,2042.8,76.5920,20.5332,2.8748
big_markets,2042.9,76.7243,20.4256,2.8501
big_markets,2043.0,76.8560,20.3185,2.8255
big_markets,2043.1,76.9871,20.2118,2.8011
big_markets,2043.2,77.1177,20.1056,2.7767
big_markets,2043.3,77.2477,19.9998,2.7525
big_markets,2043.4,77.3771,19.8946,2.7283
big_markets,2043.5,77.5059,19.7898,2.7043
big_markets,2043.6,77.6342,19.6854,2.6804
big_markets,2043.7,77.7619,19.5815,2.6566
big_markets,2043.8,77.8891,19.4780,2.6329
big_markets,2043.9,78.0157,19.3750,2.6093
big_markets,2044.0,78.1417,19.2724,2.5859
big_markets,2044.1,78.2672,19.1703,2.5625
big_markets,2044.2,78.3921,19.0686,2.5393
big_markets,2044.3,78.5165,18.9673,2.5162
big_markets,2044.4,78.6403,18.8665,2.4932
big_markets,2044.5,78.7635,18.7661,2.4704
big_markets,2044.6,78.8862,18.6661,2.4476
big_markets,2044.7,79.0084,18.5666,2.4250
big_markets,2044.8,79.1300,18.4675,2.4025
big_markets,2044.9,79.2511,18.3688,2.3801
big_markets,2045.0,79.3716,18.2705,2.3579
big_markets,2045.1,79.4916,18.1727,2.3357
big_markets,2045.2,79.6110,18.0753,2.3138
big_markets,2045.3,79.7299,17.9783,2.2919
big_markets,2045.4,79.8482,17.8817,2.2702
big_markets,2045.5,79.9660,17.7855,2.2485
big_markets,2045.6,80.0832,17.6897,2.2271
big_markets,2045.7,80.1999,17.5943,2.2057
big_markets,2045.8,80.3161,17.4994,2.1845
big_markets,2045.9,80.4317,17.4048,2.1635
big_markets,2046.0,80.5468,17.3107,2.1425
big_markets,2046.1,80.6614,17.2169,2.1217
big_markets,2046.2,80.7754,17.1236,2.1011
big_markets,2046.3,80.8888,17.0306,2.0805
big_markets,2046.4,81.0018,16.9381,2.0601
big_markets,2046.5,81.1142,16.8460,2.0399
big_markets,2046.6,81.2261,16.7542,2.0197
big_markets,2046.7,81.3374,16.6629,1.9998
big_markets,2046.8,81.4482,16.5719,1.9799
big_markets,2046.9,81.5585,16.4813,1.9602
big_markets,2047.0,81.6682,16.3912,1.9406
big_markets,2047.1,81.7774,16.3014,1.9212
big_markets,2047.2,81.8861,16.2120,1.9019
big_markets,2047.3,81.9943,16.1230,1.8827
big_markets,2047.4,82.1019,16.0344,1.8637
big_markets,2047.5,82.2090,15.9461,1.8448
big_markets,2047.6,82.3156,15.8583,1.8261
big_markets,2047.7,82.4217,15.7708,1.8075
big_markets,2047.8,82.5273,15.6838,1.7890
big_markets,2047.9,82.6323,15.5971,1.7706
big_markets,2048.0,82.7368,15.5108,1.7524
big_markets,2048.1,82.8408,15.4249,1.7344
big_markets,2048.2,82.9443,15.3393,1.7164
big_markets,2048.3,83.0472,15.2542,1.6986
big_markets,2048.4,83.1497,15.1694,1.6810
big_markets,2048.5,83.2516,15.0850,1.6634
big_markets,2048.6,83.3530,15.0010,1.6460
big_markets,2048.7,83.4539,14.9173,1.6288
big_markets,2048.8,83.5543,14.8341,1.6116
big_markets,2048.9,83.6542,14.7512,1.5946
big_markets,2049.0,83.7536,14.6687,1.5778
big_markets,2049.1,83.8524,14.5865,1.5610
big_markets,2049.2,83.9508,14.5048,1.5444
big_markets,2049.3,84.0487,14.4234,1.5279
big_markets,2049.4,84.1460,14.3424,1.5116
big_markets,2049.5,84.2429,14.2618,1.4954
big_markets,2049.6,84.3392,14.1815,1.4793
big_markets,2049.7,84.4351,14.1016,1.4633
big_markets,2049.8,84.5304,14.0221,1.4475
big_markets,2049.9,84.6253,13.9430,1.4317
big_markets,2050.0,84.7197,13.8642,1.4161
