group,year,bev_share,ice_share,phev_share
world,2015.0,0.3929,99.4868,0.1758
world,2015.1,0.4190,99.4537,0.1846
world,2015.2,0.4464,99.4189,0.1938
world,2015.3,0.4751,99.3823,0.2033
world,2015.4,0.5053,99.3439,0.2131
world,2015.5,0.5368,99.3035,0.2232
world,2015.6,0.5699,99.2612,0.2337
world,2015.7,0.6044,99.2168,0.2445
world,2015.8,0.6406,99.1703,0.2557
world,2015.9,0.6783,99.1216,0.2672
world,2016.0,0.7177,99.0706,0.2790
world,2016.1,0.7587,99.0173,0.2912
world,2016.2,0.8015,98.9616,0.3038
world,2016.3,0.8461,98.9033,0.3167
world,2016.4,0.8925,98.8425,0.3300
world,2016.5,0.9408,98.7790,0.3437
world,2016.6,0.9911,98.7128,0.3577
world,2016.7,1.0432,98.6437,0.3722
world,2016.8,1.0975,98.5717,0.3869
world,2016.9,1.1537,98.4967,0.4021
world,2017.0,1.2121,98.4186,0.4177
world,2017.1,1.2728,98.3365,0.4344
world,2017.2,1.3358,98.2509,0.4516
world,2017.3,1.4010,98.1617,0.4693
world,2017.4,1.4686,98.0689,0.4876
world,2017.5,1.5386,97.9724,0.5064
world,2017.6,1.6111,97.8720,0.5256
world,2017.7,1.6861,97.7677,0.5483
world,2017.8,1.7636,97.6595,0.5792
world,2017.9,1.8437,97.5471,0.6117
world,2018.0,1.9265,97.4305,0.6457
world,2018.1,2.0126,97.3096,0.6813
world,2018.2,2.1010,97.1842,0.7185
world,2018.3,2.1923,97.0544,0.7574
world,2018.4,2.2865,96.9199,0.7980
world,2018.5,2.3835,96.7807,0.8405
world,2018.6,2.4836,96.6367,0.8848
world,2018.7,2.5867,96.4877,0.9309
world,2018.8,2.6929,96.3338,0.9790
world,2018.9,2.8022,96.1746,1.0291
world,2019.0,2.9148,96.0102,1.0813
world,2019.1,3.0306,95.8404,1.1355
world,2019.2,3.1498,95.6651,1.1920
world,2019.3,3.2723,95.4843,1.2506
world,2019.4,3.3983,95.2977,1.3115
world,2019.5,3.5278,95.1053,1.3748
world,2019.6,3.6608,94.9070,1.4404
world,2019.7,3.7974,94.7026,1.5084
world,2019.8,3.9377,94.4921,1.5790
world,2019.9,4.0817,94.2754,1.6521
world,2020.0,4.2294,94.0522,1.7278
world,2020.1,4.3810,93.8226,1.8061
world,2020.2,4.5364,93.5864,1.8871
world,2020.3,4.6958,93.3436,1.9709
world,2020.4,4.8592,93.0939,2.0575
world,2020.5,5.0266,92.8374,2.1469
world,2020.6,5.1981,92.5738,2.2393
world,2020.7,5.3737,92.3032,2.3345
world,2020.8,5.5535,92.0254,2.4327
world,2020.9,5.7376,91.7404,2.5340
world,2021.0,5.9260,91.4479,2.6383
world,2021.1,6.1187,91.1481,2.7457
world,2021.2,6.3158,90.8407,2.8561
world,2021.3,6.5174,90.5257,2.9697
world,2021.4,6.7235,90.2031,3.0864
world,2021.5,6.9341,89.8727,3.2062
world,2021.6,7.1494,89.5345,3.3292
world,2021.7,7.3692,89.1884,3.4554
world,2021.8,7.5938,88.8344,3.5847
world,2021.9,7.8231,88.4724,3.7172
world,2022.0,8.0573,88.1025,3.8529
world,2022.1,8.2962,87.7245,3.9916
world,2022.2,8.5400,87.3384,4.1335
world,2022.3,8.7888,86.9441,4.2785
world,2022.4,9.0425,86.5418,4.4265
world,2022.5,9.3012,86.1313,4.5776
world,2022.6,9.5650,85.7127,4.7316
world,2022.7,9.8339,85.2860,4.8885
world,2022.8,10.1079,84.8511,5.0484
world,2022.9,10.3870,84.4081,5.2110
world,2023.0,10.6714,83.9570,5.3763
world,2023.1,10.9610,83.4979,5.5443
world,2023.2,11.2559,83.0308,5.7148
world,2023.3,11.5562,82.5557,5.8896
world,2023.4,11.8617,82.0728,6.0669
world,2023.5,12.1727,81.5820,6.2467
world,2023.6,12.4891,81.0835,6.4288
world,2023.7,12.8109,80.5773,6.6132
world,2023.8,13.1382,80.0635,6.7995
world,2023.9,13.4710,79.5423,6.9878
world,2024.0,13.8093,79.0138,7.1778
world,2024.1,14.1532,78.4780,7.3697
world,2024.2,14.5027,77.9352,7.5630
world,2024.3,14.8578,77.3854,7.7577
world,2024.4,15.2185,76.8288,7.9535
world,2024.5,15.5849,76.2656,8.1502
world,2024.6,15.9569,75.6959,8.3477
world,2024.7,16.3347,75.1200,8.5458
world,2024.8,16.7182,74.5379,8.7443
world,2024.9,17.1074,73.9500,8.9428
world,2025.0,17.5023,73.3563,9.1414
world,2025.1,17.9030,72.7572,9.3398
world,2025.2,18.3095,72.1528,9.5377
world,2025.3,18.7218,71.5434,9.7349
world,2025.4,19.1398,70.9292,9.9310
world,2025.5,19.5637,70.3104,10.1259
world,2025.6,19.9933,69.6874,10.3193
world,2025.7,20.4288,69.0603,10.5109
world,2025.8,20.8700,68.4295,10.7005
world,2025.9,21.3171,67.7952,10.8878
world,2026.0,21.7699,67.1577,11.0724
world,2026.1,22.2285,66.5174,11.2542
world,2026.2,22.6928,65.8744,11.4332
world,2026.3,23.1629,65.2292,11.6097
world,2026.4,23.6387,64.5820,11.7823
world,2026.5,24.1201,63.9333,11.9508
world,2026.6,24.6071,63.2832,12.1150
world,2026.7,25.0998,62.6322,12.2744
world,2026.8,25.5979,61.9806,12.4288
world,2026.9,26.1015,61.3288,12.5779
world,2027.0,26.6104,60.6771,12.7213
world,2027.1,27.1246,60.0260,12.8589
world,2027.2,27.6441,59.3758,12.9903
world,2027.3,28.1685,58.7269,13.1153
world,2027.4,28.6979,58.0797,13.2335
world,2027.5,29.2322,57.4347,13.3447
world,2027.6,29.7710,56.7921,13.4486
world,2027.7,30.3144,56.1526,13.5450
world,2027.8,30.8621,55.5164,13.6336
world,2027.9,31.4139,54.8840,13.7142
world,2028.0,31.9696,54.2558,13.7867
world,2028.1,32.5290,53.6324,13.8507
world,2028.2,33.0918,53.0139,13.9062
world,2028.3,33.6578,52.4010,13.9530
world,2028.4,34.2268,51.7939,13.9909
world,2028.5,34.7983,51.1932,14.0198
world,2028.6,35.3723,50.5990,14.0397
world,2028.7,35.9483,50.0119,14.0505
world,2028.8,36.5261,49.4321,14.0521
world,2028.9,37.1053,48.8600,14.0447
world,2029.0,37.6856,48.2958,14.0281
world,2029.1,38.2667,47.7399,14.0026
world,2029.2,38.8482,47.1924,13.9682
world,2029.3,39.4299,46.6535,13.9249
world,2029.4,40.0113,46.1235,13.8731
world,2029.5,40.5922,45.6026,13.8128
world,2029.6,41.1721,45.0907,13.7444
world,2029.7,41.7507,44.5881,13.6679
world,2029.8,42.3276,44.0949,13.5838
world,2029.9,42.9025,43.6112,13.4923
world,2030.0,43.4749,43.1370,13.3938
world,2030.1,44.0445,42.6724,13.2884
world,2030.2,44.6109,42.2174,13.1766
world,2030.3,45.1737,41.7722,13.0589
world,2030.4,45.7324,41.3367,12.9360
world,2030.5,46.2866,40.9110,12.8078
world,2030.6,46.8359,40.4951,12.6745
world,2030.7,47.3799,40.0891,12.5369
world,2030.8,47.9181,39.6930,12.3964
world,2030.9,48.4501,39.3067,12.2521
world,2031.0,48.9756,38.9303,12.1045
world,2031.1,49.4942,38.5637,11.9540
world,2031.2,50.0054,38.2069,11.8009
world,2031.3,50.5091,37.8597,11.6457
world,2031.4,51.0049,37.5221,11.4888
world,2031.5,51.4925,37.1939,11.3305
world,2031.6,51.9719,36.8749,11.1711
world,2031.7,52.4429,36.5650,11.0111
world,2031.8,52.9054,36.2639,10.8507
world,2031.9,53.3593,35.9714,10.6902
world,2032.0,53.8048,35.6872,10.5299
world,2032.1,54.2418,35.4111,10.3699
world,2032.2,54.6706,35.1426,10.2104
world,2032.3,55.0912,34.8815,10.0516
world,2032.4,55.5039,34.6274,9.8937
world,2032.5,55.9089,34.3800,9.7368
world,2032.6,56.3064,34.1390,9.5825
world,2032.7,56.6967,33.9040,9.4299
world,2032.8,57.0801,33.6745,9.2778
world,2032.9,57.4568,33.4504,9.1265
world,2033.0,57.8270,33.2312,8.9762
world,2033.1,58.1912,33.0166,8.8271
world,2033.2,58.5493,32.8064,8.6793
world,2033.3,58.9018,32.6001,8.5331
world,2033.4,59.2487,32.3976,8.3885
world,2033.5,59.5902,32.1986,8.2458
world,2033.6,59.9265,32.0029,8.1050
world,2033.7,60.2577,31.8102,7.9663
world,2033.8,60.5839,31.6203,7.8297
world,2033.9,60.9052,31.4331,7.6955
world,2034.0,61.2217,31.2483,7.5637
world,2034.1,61.5334,31.0660,7.4343
world,2034.2,61.8404,30.8858,7.3074
world,2034.3,62.1427,30.7078,7.1831
world,2034.4,62.4404,30.5318,7.0615
world,2034.5,62.7336,30.3577,6.9425
world,2034.6,63.0221,30.1855,6.8262
world,2034.7,63.3062,30.0150,6.7127
world,2034.8,63.5858,29.8463,6.6019
world,2034.9,63.8610,29.6793,6.4938
world,2035.0,64.1319,29.5139,6.3884
world,2035.1,64.3984,29.3501,6.2858
world,2035.2,64.6606,29.1878,6.1858
world,2035.3,64.9187,29.0271,6.0886
world,2035.4,65.1725,28.8678,5.9939
world,2035.5,65.4223,28.7101,5.9020
world,2035.6,65.6680,28.5537,5.8125
world,2035.7,65.9098,28.3988,5.7257
world,2035.8,66.1477,28.2452,5.6413
world,2035.9,66.3817,28.0930,5.5594
world,2036.0,66.6120,27.9422,5.4799
world,2036.1,66.8386,27.7926,5.4028
world,2036.2,67.0615,27.6444,5.3279
world,2036.3,67.2810,27.4974,5.2553
world,2036.4,67.4970,27.3517,5.1849
world,2036.5,67.7096,27.2072,5.1167
world,2036.6,67.9189,27.0639,5.0505
world,2036.7,68.1250,26.9218,4.9863
world,2036.8,68.3279,26.7809,4.9241
world,2036.9,68.5278,26.6411,4.8638
world,2037.0,68.7247,26.5025,4.8053
world,2037.1,68.9188,26.3649,4.7486
world,2037.2,69.1100,26.2285,4.6936
world,2037.3,69.2985,26.0931,4.6403
world,2037.4,69.4843,25.9587,4.5886
world,2037.5,69.6676,25.8254,4.5384
world,2037.6,69.8483,25.6931,4.4897
world,2037.7,70.0267,25.5618,4.4424
world,2037.8,70.2027,25.4315,4.3965
world,2037.9,70.3764,25.3021,4.3518
world,2038.0,70.5479,25.1736,4.3085
world,2038.1,70.7174,25.0461,4.2663
world,2038.2,70.8847,24.9195,4.2252
world,2038.3,71.0501,24.7938,4.1853
world,2038.4,71.2136,24.6689,4.1464
world,2038.5,71.3752,24.5449,4.1085
world,2038.6,71.5351,24.4218,4.0715
world,2038.7,71.6932,24.2994,4.0354
world,2038.8,71.8497,24.1779,4.0001
world,2038.9,72.0045,24.0572,3.9657
world,2039.0,72.1579,23.9373,3.9320
world,2039.1,72.3097,23.8182,3.8990
world,2039.2,72.4601,23.6998,3.8666
world,2039.3,72.6091,23.5822,3.8350
world,2039.4,72.7568,23.4653,3.8039
world,2039.5,72.9032,23.3491,3.7733
world,2039.6,73.0484,23.2337,3.7433
world,2039.7,73.1923,23.1189,3.7138
world,2039.8,73.3351,23.0049,3.6848
world,2039.9,73.4768,22.8915,3.6561
world,2040.0,73.6174,22.7788,3.6279
world,2040.1,73.7570,22.6668,3.6001
world,2040.2,73.8956,22.5554,3.5726
world,2040.3,74.0331,22.4447,3.5455
world,2040.4,74.1698,22.3346,3.5186
world,2040.5,74.3055,22.2251,3.4921
world,2040.6,74.4404,22.1163,3.4658
world,2040.7,74.5744,22.0080,3.4398
world,2040.8,74.7075,21.9004,3.4140
world,2040.9,74.8399,21.7934,3.3884
world,2041.0,74.9714,21.6869,3.3631
world,2041.1,75.1022,21.5810,3.3379
world,2041.2,75.2323,21.4757,3.3129
world,2041.3,75.3616,21.3709,3.2881
world,2041.4,75.4903,21.2667,3.2634
world,2041.5,75.6182,21.1630,3.2389
world,2041.6,75.7455,21.0599,3.2145
world,2041.7,75.8721,20.9573,3.1902
world,2041.8,75.9981,20.8552,3.1661
world,2041.9,76.1234,20.7536,3.1421
world,2042.0,76.2482,20.6526,3.1182
world,2042.1,76.3723,20.5520,3.0944
world,2042.2,76.4958,20.4520,3.0707
world,2042.3,76.6188,20.3524,3.0471
world,2042.4,76.7411,20.2533,3.0236
world,2042.5,76.8630,20.1547,3.0002
world,2042.6,76.9842,20.0566,2.9769
world,2042.7,77.1049,19.9589,2.9537
world,2042.8,77.2251,19.8617,2.9305
world,2042.9,77.3447,19.7649,2.9075
world,2043.0,77.4638,19.6686,2.8845
world,2043.1,77.5824,19.5728,2.8616
world,2043.2,77.7005,19.4773,2.8388
world,2043.3,77.8180,19.3824,2.8160
world,2043.4,77.9351,19.2878,2.7934
world,2043.5,78.0516,19.1937,2.7708
world,2043.6,78.1677,19.0999,2.7483
world,2043.7,78.2833,19.0066,2.7259
world,2043.8,78.3984,18.9137,2.7035
world,2043.9,78.5130,18.8212,2.6813
world,2044.0,78.6271,18.7292,2.6591
world,2044.1,78.7407,18.6375,2.6370
world,2044.2,78.8539,18.5462,2.6150
world,2044.3,78.9666,18.4553,2.5930
world,2044.4,79.0789,18.3648,2.5712
world,2044.5,79.1906,18.2746,2.5494
world,2044.6,79.3019,18.1849,2.5278
world,2044.7,79.4128,18.0955,2.5062
world,2044.8,79.5232,18.0065,2.4847
world,2044.9,79.6331,17.9178,2.4633
world,2045.0,79.7426,17.8295,2.4420
world,2045.1,79.8517,17.7416,2.4207
world,2045.2,79.9603,17.6540,2.3996
world,2045.3,80.0684,17.5668,2.3786
world,2045.4,80.1761,17.4800,2.3576
world,2045.5,80.2834,17.3935,2.3368
world,2045.6,80.3902,17.3073,2.3161
world,2045.7,80.4966,17.2215,2.2955
world,2045.8,80.6025,17.1360,2.2750
world,2045.9,80.7080,17.0509,2.2546
world,2046.0,80.8131,16.9661,2.2343
world,2046.1,80.9177,16.8817,2.2140
world,2046.2,81.0219,16.7975,2.1940
world,2046.3,81.1257,16.7137,2.1748
world,2046.4,81.2290,16.6303,2.1557
world,2046.5,81.3319,16.5471,2.1367
world,2046.6,81.4344,16.4643,2.1178
world,2046.7,81.5365,16.3818,2.0990
world,2046.8,81.6381,16.2996,2.0803
world,2046.9,81.7393,16.2178,2.0618
world,2047.0,81.8401,16.1362,2.0433
world,2047.1,81.9405,16.0550,2.0250
world,2047.2,82.0404,15.9741,2.0068
world,2047.3,82.1400,15.8935,1.9886
world,2047.4,82.2391,15.8132,1.9706
world,2047.5,82.3378,15.7332,1.9527
world,2047.6,82.4361,15.6536,1.9350
world,2047.7,82.5339,15.5742,1.9173
world,2047.8,82.6314,15.4951,1.8997
world,2047.9,82.7285,15.4164,1.8823
world,2048.0,82.8251,15.3379,1.8649
world,2048.1,82.9213,15.2598,1.8477
world,2048.2,83.0171,15.1819,1.8306
world,2048.3,83.1126,15.1044,1.8136
world,2048.4,83.2076,15.0271,1.7967
world,2048.5,83.3022,14.9502,1.7799
world,2048.6,83.3964,14.8735,1.7632
world,2048.7,83.4902,14.7972,1.7467
world,2048.8,83.5836,14.7211,1.7302
world,2048.9,83.6766,14.6454,1.7139
world,2049.0,83.7692,14.5699,1.6977
world,2049.1,83.8613,14.4947,1.6816
world,2049.2,83.9531,14.4198,1.6656
world,2049.3,84.0445,14.3452,1.6497
world,2049.4,84.1355,14.2709,1.6339
world,2049.5,84.2262,14.1969,1.6182
world,2049.6,84.3164,14.1232,1.6026
world,2049.7,84.4062,14.0498,1.5872
world,2049.8,84.4956,13.9766,1.5764
world,2049.9,84.5847,13.9038,1.5665
world,2050.0,84.6733,13.8312,1.5566
western_europe,2015.0,0.4188,99.1543,0.4269
western_europe,2015.1,0.4521,99.0923,0.4556
western_europe,2015.2,0.4874,99.0269,0.4857
western_europe,2015.3,0.5247,98.9581,0.5172
western_europe,2015.4,0.5642,98.8858,0.5500
western_europe,2015.5,0.6059,98.8099,0.5843
western_europe,2015.6,0.6498,98.7303,0.6199
western_europe,2015.7,0.6961,98.6469,0.6570
western_europe,2015.8,0.7447,98.5598,0.6956
western_europe,2015.9,0.7957,98.4687,0.7356
western_europe,2016.0,0.8492,98.3737,0.7771
western_europe,2016.1,0.9053,98.2746,0.8201
western_europe,2016.2,0.9639,98.1714,0.8647
western_europe,2016.3,1.0252,98.0641,0.9108
western_europe,2016.4,1.0891,97.9525,0.9584
western_europe,2016.5,1.1559,97.8366,1.0076
western_europe,2016.6,1.2254,97.7163,1.0583
western_europe,2016.7,1.2977,97.5916,1.1107
western_europe,2016.8,1.3730,97.4624,1.1646
western_europe,2016.9,1.4511,97.3287,1.2201
western_europe,2017.0,1.5323,97.1904,1.2773
western_europe,2017.1,1.6166,97.0458,1.3377
western_europe,2017.2,1.7040,96.8944,1.4016
western_europe,2017.3,1.7947,96.7366,1.4687
western_europe,2017.4,1.8887,96.5726,1.5387
western_europe,2017.5,1.9862,96.4025,1.6113
western_europe,2017.6,2.0872,96.2263,1.6865
western_europe,2017.7,2.1917,96.0440,1.7643
western_europe,2017.8,2.2999,95.8557,1.8444
western_europe,2017.9,2.4118,95.6614,1.9268
western_europe,2018.0,2.5275,95.4610,2.0116
western_europe,2018.1,2.6470,95.2546,2.0985
western_europe,2018.2,2.7703,95.0421,2.1875
western_europe,2018.3,2.8976,94.8237,2.2787
western_europe,2018.4,3.0290,94.5992,2.3719
western_europe,2018.5,3.1643,94.3686,2.4670
western_europe,2018.6,3.3038,94.1321,2.5641
western_europe,2018.7,3.4475,93.8895,2.6630
western_europe,2018.8,3.5953,93.6409,2.7638
western_europe,2018.9,3.7475,93.3862,2.8663
western_europe,2019.0,3.9039,93.1255,2.9706
western_europe,2019.1,4.0647,92.8588,3.0765
western_europe,2019.2,4.2299,92.5860,3.1841
western_europe,2019.3,4.3995,92.3073,3.2932
western_europe,2019.4,4.5737,92.0225,3.4038
western_europe,2019.5,4.7523,91.7317,3.5160
western_europe,2019.6,4.9356,91.4349,3.6295
western_europe,2019.7,5.1234,91.1322,3.7444
western_europe,2019.8,5.3159,90.8234,3.8607
western_europe,2019.9,5.5131,90.5087,3.9782
western_europe,2020.0,5.7150,90.1881,4.0970
western_europe,2020.1,5.9216,89.8615,4.2169
western_europe,2020.2,6.1330,89.5291,4.3379
western_europe,2020.3,6.3492,89.1907,4.4601
western_europe,2020.4,6.5703,88.8465,4.5832
western_europe,2020.5,6.7962,88.4965,4.7073
western_europe,2020.6,7.0270,88.1406,4.8324
western_europe,2020.7,7.2628,87.7790,4.9583
western_europe,2020.8,7.5034,87.4116,5.0850
western_europe,2020.9,7.7490,87.0385,5.2124
western_europe,2021.0,7.9996,86.6598,5.3406
western_europe,2021.1,8.2552,86.2754,5.4694
western_europe,2021.2,8.5158,85.8853,5.5989
western_europe,2021.3,8.7814,85.4898,5.7288
western_europe,2021.4,9.0520,85.0887,5.8593
western_europe,2021.5,9.3277,84.6821,5.9902
western_europe,2021.6,9.6084,84.2701,6.1215
western_europe,2021.7,9.8942,83.8527,6.2531
western_europe,2021.8,10.1850,83.4300,6.3850
western_europe,2021.9,10.4810,83.0020,6.5171
western_europe,2022.0,10.7819,82.5688,6.6493
western_europe,2022.1,11.0880,82.1304,6.7817
western_europe,2022.2,11.3991,81.6869,6.9141
western_europe,2022.3,11.7152,81.2383,7.0465
western_europe,2022.4,12.0364,80.7848,7.1788
western_europe,2022.5,12.3627,80.3263,7.3110
western_europe,2022.6,12.6939,79.8630,7.4431
western_europe,2022.7,13.0303,79.3948,7.5749
western_europe,2022.8,13.3716,78.9220,7.7064
western_europe,2022.9,13.7179,78.4445,7.8376
western_europe,2023.0,14.0692,77.9624,7.9684
western_europe,2023.1,14.4254,77.4758,8.0988
western_europe,2023.2,14.7866,76.9848,8.2286
western_europe,2023.3,15.1527,76.4895,8.3578
western_europe,2023.4,15.5237,75.9898,8.4865
western_europe,2023.5,15.8995,75.4860,8.6145
western_europe,2023.6,16.2802,74.9781,8.7417
western_europe,2023.7,16.6656,74.4662,8.8682
western_europe,2023.8,17.0559,73.9503,8.9938
western_europe,2023.9,17.4509,73.4306,9.1185
western_europe,2024.0,17.8505,72.9072,9.2423
western_europe,2024.1,18.2549,72.3801,9.3651
western_europe,2024.2,18.6638,71.8494,9.4868
western_europe,2024.3,19.0774,71.3152,9.6074
western_europe,2024.4,19.4954,70.7777,9.7269
western_europe,2024.5,19.9180,70.2369,9.8452
western_europe,2024.6,20.3450,69.6929,9.9622
western_europe,2024.7,20.7763,69.1458,10.0779
western_europe,2024.8,21.2121,68.5957,10.1922
western_europe,2024.9,21.6521,68.0428,10.3051
western_europe,2025.0,22.0963,67.4871,10.4166
western_europe,2025.1,22.5447,66.9287,10.5265
western_europe,2025.2,22.9972,66.3678,10.6349
western_europe,2025.3,23.4538,65.8044,10.7418
western_europe,2025.4,23.9144,65.2387,10.8469
western_europe,2025.5,24.3789,64.6707,10.9504
western_europe,2025.6,24.8473,64.1006,11.0521
western_europe,2025.7,25.3195,63.5285,11.1521
western_europe,2025.8,25.7954,62.9544,11.2502
western_europe,2025.9,26.2749,62.3786,11.3464
western_europe,2026.0,26.7581,61.8011,11.4408
western_europe,2026.1,27.2448,61.2220,11.5332
western_europe,2026.2,27.7349,60.6415,11.6236
western_europe,2026.3,28.2284,60.0596,11.7120
western_europe,2026.4,28.7251,59.4765,11.7983
western_europe,2026.5,29.2251,58.8923,11.8826
western_europe,2026.6,29.7282,58.3071,11.9647
western_europe,2026.7,30.2343,57.7211,12.0446
western_europe,2026.8,30.7435,57.1342,12.1223
western_europe,2026.9,31.2555,56.5468,12.1978
western_europe,2027.0,31.7703,55.9587,12.2710
western_europe,2027.1,32.2878,55.3703,12.3419
western_europe,2027.2,32.8079,54.7816,12.4105
western_europe,2027.3,33.3305,54.1927,12.4767
western_europe,2027.4,33.8556,53.6038,12.5406
western_europe,2027.5,34.3831,53.0149,12.6020
western_europe,2027.6,34.9128,52.4261,12.6611
western_europe,2027.7,35.4447,51.8377,12.7176
western_europe,2027.8,35.9786,51.2497,12.7717
western_europe,2027.9,36.5146,50.6621,12.8233
western_europe,2028.0,37.0524,50.0753,12.8724
western_europe,2028.1,37.5920,49.4891,12.9189
western_europe,2028.2,38.1333,48.9038,12.9629
western_europe,2028.3,38.6762,48.3195,13.0043
western_europe,2028.4,39.2206,47.7363,13.0432
western_europe,2028.5,39.7663,47.1542,13.0794
western_europe,2028.6,40.3134,46.5735,13.1131
western_europe,2028.7,40.8617,45.9942,13.1441
western_europe,2028.8,41.4111,45.4164,13.1725
western_europe,2028.9,41.9615,44.8402,13.1983
western_europe,2029.0,42.5128,44.2658,13.2214
western_europe,2029.1,43.0649,43.6932,13.2419
western_europe,2029.2,43.6176,43.1226,13.2598
western_europe,2029.3,44.1710,42.5540,13.2750
western_europe,2029.4,44.7249,41.9875,13.2876
western_europe,2029.5,45.2791,41.4233,13.2975
western_europe,2029.6,45.8337,40.8615,13.3048
western_europe,2029.7,46.3884,40.3021,13.3095
western_europe,2029.8,46.9432,39.7453,13.3115
western_europe,2029.9,47.4980,39.1910,13.3109
western_europe,2030.0,48.0527,38.6396,13.3077
western_europe,2030.1,48.6072,38.0909,13.3019
western_europe,2030.2,49.1614,37.5451,13.2935
western_europe,2030.3,49.7151,37.0024,13.2825
western_europe,2030.4,50.2684,36.4627,13.2689
western_europe,2030.5,50.8210,35.9262,13.2528
western_europe,2030.6,51.3729,35.3930,13.2342
western_europe,2030.7,51.9239,34.8631,13.2140
western_europe,2030.8,52.4741,34.3366,13.2010
western_europe,2030.9,53.0233,33.8136,13.1852
western_europe,2031.0,53.5713,33.2941,13.1668
western_europe,2031.1,54.1182,32.7783,13.1457
western_europe,2031.2,54.6637,32.2662,13.1219
western_europe,2031.3,55.2079,31.7579,13.0956
western_europe,2031.4,55.7506,31.2534,13.0666
western_europe,2031.5,56.2917,30.7528,13.0350
western_europe,2031.6,56.8311,30.2562,13.0009
western_europe,2031.7,57.3688,29.7637,12.9642
western_europe,2031.8,57.9046,29.2752,12.9250
western_europe,2031.9,58.4384,28.7909,12.8834
western_europe,2032.0,58.9703,28.3108,12.8393
western_europe,2032.1,59.5000,27.8349,12.7929
western_europe,2032.2,60.0275,27.3633,12.7440
western_europe,2032.3,60.5528,26.8961,12.6929
western_europe,2032.4,61.0757,26.4333,12.6394
western_europe,2032.5,61.5961,25.9749,12.5837
western_europe,2032.6,62.1140,25.5211,12.5257
western_europe,2032.7,62.6293,25.0717,12.4656
western_europe,2032.8,63.1419,24.6269,12.4034
western_europe,2032.9,63.6517,24.1867,12.3390
western_europe,2033.0,64.1587,23.7511,12.2726
western_europe,2033.1,64.6628,23.3202,12.2042
western_europe,2033.2,65.1639,22.8939,12.1339
western_europe,2033.3,65.6620,22.4724,12.0616
western_europe,2033.4,66.1569,22.0556,11.9875
western_europe,2033.5,66.6487,21.6436,11.9116
western_europe,2033.6,67.1372,21.2363,11.8338
western_europe,2033.7,67.6223,20.8339,11.7544
western_europe,2033.8,68.1041,20.4362,11.6733
western_europe,2033.9,68.5825,20.0434,11.5906
western_europe,2034.0,69.0574,19.6554,11.5063
western_europe,2034.1,69.5287,19.2723,11.4205
western_europe,2034.2,69.9964,18.8940,11.3332
western_europe,2034.3,70.4604,18.5205,11.2445
western_europe,2034.4,70.9208,18.1520,11.1545
western_europe,2034.5,71.3773,17.7883,11.0632
western_europe,2034.6,71.8301,17.4294,10.9705
western_europe,2034.7,72.2790,17.0755,10.8767
western_europe,2034.8,72.7240,16.7264,10.7818
western_europe,2034.9,73.1650,16.3821,10.6857
western_europe,2035.0,73.6021,16.0427,10.5886
western_europe,2035.1,74.0351,15.7081,10.4905
western_europe,2035.2,74.4641,15.3784,10.3914
western_europe,2035.3,74.8890,15.0535,10.2915
western_europe,2035.4,75.3098,14.7333,10.1907
western_europe,2035.5,75.7264,14.4180,10.0892
western_europe,2035.6,76.1388,14.1075,9.9869
western_europe,2035.7,76.5470,13.8017,9.8839
western_europe,2035.8,76.9510,13.5006,9.7803
western_europe,2035.9,77.3507,13.2042,9.6761
western_europe,2036.0,77.7461,12.9126,9.5714
western_europe,2036.1,78.1372,12.6256,9.4661
western_europe,2036.2,78.5239,12.3432,9.3605
western_europe,2036.3,78.9064,12.0655,9.2545
western_europe,2036.4,79.2845,11.7923,9.1481
western_europe,2036.5,79.6582,11.5237,9.0414
western_europe,2036.6,80.0275,11.2597,8.9345
western_europe,2036.7,80.3924,11.0001,8.8273
western_europe,2036.8,80.7530,10.7450,8.7200
western_europe,2036.9,81.1091,10.4944,8.6126
western_europe,2037.0,81.4608,10.2481,8.5051
western_europe,2037.1,81.8082,10.0062,8.3976
western_europe,2037.2,82.1511,9.7686,8.2901
western_europe,2037.3,82.4896,9.5354,8.1827
western_europe,2037.4,82.8237,9.3063,8.0753
western_europe,2037.5,83.1534,9.0815,7.9681
western_europe,2037.6,83.4786,8.8609,7.8610
western_europe,2037.7,83.7995,8.6444,7.7541
western_europe,2037.8,84.1161,8.4320,7.6475
western_europe,2037.9,84.4282,8.2237,7.5412
western_europe,2038.0,84.7360,8.0194,7.4351
western_europe,2038.1,85.0394,7.8190,7.3294
western_europe,2038.2,85.3386,7.6226,7.2241
western_europe,2038.3,85.6333,7.4301,7.1191
western_europe,2038.4,85.9238,7.2414,7.0147
western_europe,2038.5,86.2100,7.0565,6.9108
western_europe,2038.6,86.4920,6.8754,6.8073
western_europe,2038.7,86.7697,6.6979,6.7044
western_europe,2038.8,87.0432,6.5242,6.6020
western_europe,2038.9,87.3125,6.3540,6.5002
western_europe,2039.0,87.5776,6.1874,6.3990
western_europe,2039.1,87.8385,6.0243,6.2983
western_europe,2039.2,88.0954,5.8648,6.1984
western_europe,2039.3,88.3481,5.7086,6.0990
western_europe,2039.4,88.5968,5.5558,6.0004
western_europe,2039.5,88.8415,5.4064,5.9025
western_europe,2039.6,89.0821,5.2602,5.8053
western_europe,2039.7,89.3188,5.1173,5.7088
western_europe,2039.8,89.5515,4.9775,5.6132
western_europe,2039.9,89.7803,4.8409,5.5182
western_europe,2040.0,90.0053,4.7074,5.4241
western_europe,2040.1,90.2263,4.5770,5.3308
western_europe,2040.2,90.4436,4.4495,5.2383
western_europe,2040.3,90.6571,4.3250,5.1467
western_europe,2040.4,90.8669,4.2034,5.0559
western_europe,2040.5,91.0730,4.0847,4.9660
western_europe,2040.6,91.2754,3.9688,4.8770
western_europe,2040.7,91.4742,3.8556,4.7888
western_europe,2040.8,91.6694,3.7451,4.7016
western_europe,2040.9,91.8610,3.6373,4.6152
western_europe,2041.0,92.0491,3.5322,4.5298
western_europe,2041.1,92.2338,3.4296,4.4453
western_europe,2041.2,92.4150,3.3295,4.3618
western_europe,2041.3,92.5928,3.2319,4.2791
western_europe,2041.4,92.7673,3.1368,4.1975
western_europe,2041.5,92.9385,3.0440,4.1167
western_europe,2041.6,93.1064,2.9536,4.0370
western_europe,2041.7,93.2711,2.8655,3.9582
western_europe,2041.8,93.4325,2.7797,3.8803
western_europe,2041.9,93.5909,2.6960,3.8035
western_europe,2042.0,93.7461,2.6145,3.7276
western_europe,2042.1,93.8982,2.5352,3.6527
western_europe,2042.2,94.0473,2.4579,3.5788
western_europe,2042.3,94.1935,2.3827,3.5058
western_europe,2042.4,94.3367,2.3095,3.4338
western_europe,2042.5,94.4770,2.2382,3.3628
western_europe,2042.6,94.6144,2.1689,3.2928
western_europe,2042.7,94.7490,2.1014,3.2238
western_europe,2042.8,94.8809,2.0357,3.1557
western_europe,2042.9,95.0100,1.9719,3.0887
western_europe,2043.0,95.1364,1.9098,3.0226
western_europe,2043.1,95.2601,1.8494,2.9574
western_europe,2043.2,95.3813,1.7907,2.8933
western_europe,2043.3,95.4998,1.7336,2.8301
western_europe,2043.4,95.6159,1.6782,2.7679
western_europe,2043.5,95.7294,1.6243,2.7066
western_europe,2043.6,95.8405,1.5719,2.6463
western_europe,2043.7,95.9492,1.5210,2.5870
western_europe,2043.8,96.0554,1.4716,2.5286
western_europe,2043.9,96.1594,1.4236,2.4712
western_europe,2044.0,96.2611,1.3770,2.4146
western_europe,2044.1,96.3604,1.3318,2.3591
western_europe,2044.2,96.4576,1.2879,2.3044
western_europe,2044.3,96.5526,1.2452,2.2507
western_europe,2044.4,96.6455,1.2039,2.1979
western_europe,2044.5,96.7362,1.1637,2.1460
western_europe,2044.6,96.8249,1.1248,2.0950
western_europe,2044.7,96.9115,1.0870,2.0449
western_europe,2044.8,96.9961,1.0504,1.9958
western_europe,2044.9,97.0788,1.0148,1.9474
western_europe,2045.0,97.1595,0.9804,1.9000
western_europe,2045.1,97.2384,0.9470,1.8534
western_europe,2045.2,97.3154,0.9146,1.8077
western_europe,2045.3,97.3905,0.8832,1.7629
western_europe,2045.4,97.4639,0.8528,1.7191
western_europe,2045.5,97.5355,0.8234,1.6763
western_europe,2045.6,97.6054,0.7948,1.6343
western_europe,2045.7,97.6736,0.7672,1.5931
western_europe,2045.8,97.7401,0.7404,1.5526
western_europe,2045.9,97.8051,0.7145,1.5130
western_europe,2046.0,97.8684,0.6894,1.4741
western_europe,2046.1,97.9302,0.6651,1.4359
western_europe,2046.2,97.9904,0.6415,1.3986
western_europe,2046.3,98.0491,0.6188,1.3619
western_europe,2046.4,98.1064,0.5967,1.3260
western_europe,2046.5,98.1622,0.5754,1.2908
western_europe,2046.6,98.2166,0.5548,1.2564
western_europe,2046.7,98.2696,0.5348,1.2226
western_europe,2046.8,98.3213,0.5155,1.1896
western_europe,2046.9,98.3716,0.4968,1.1573
western_europe,2047.0,98.4206,0.4788,1.1256
western_europe,2047.1,98.4684,0.4613,1.0946
western_europe,2047.2,98.5149,0.4445,1.0643
western_europe,2047.3,98.5602,0.4282,1.0347
western_europe,2047.4,98.6043,0.4124,1.0057
western_europe,2047.5,98.6472,0.3972,0.9774
western_europe,2047.6,98.6890,0.3825,0.9497
western_europe,2047.7,98.7297,0.3683,0.9227
western_europe,2047.8,98.7692,0.3545,0.8962
western_europe,2047.9,98.8077,0.3413,0.8704
western_europe,2048.0,98.8452,0.3285,0.8451
western_europe,2048.1,98.8816,0.3161,0.8205
western_europe,2048.2,98.9171,0.3042,0.7965
western_europe,2048.3,98.9515,0.2927,0.7730
western_europe,2048.4,98.9850,0.2815,0.7501
western_europe,2048.5,99.0176,0.2708,0.7277
western_europe,2048.6,99.0493,0.2604,0.7059
western_europe,2048.7,99.0800,0.2505,0.6846
western_europe,2048.8,99.1099,0.2408,0.6639
western_europe,2048.9,99.1390,0.2315,0.6437
western_europe,2049.0,99.1672,0.2226,0.6240
western_europe,2049.1,99.1946,0.2139,0.6047
western_europe,2049.2,99.2212,0.2056,0.5860
western_europe,2049.3,99.2471,0.1975,0.5678
western_europe,2049.4,99.2722,0.1898,0.5500
western_europe,2049.5,99.2965,0.1823,0.5327
western_europe,2049.6,99.3202,0.1751,0.5159
western_europe,2049.7,99.3431,0.1682,0.4995
western_europe,2049.8,99.3654,0.1615,0.4836
western_europe,2049.9,99.3870,0.1551,0.4681
western_europe,2050.0,99.4079,0.1489,0.4530
northern_europe,2015.0,2.6982,94.7861,2.5158
northern_europe,2015.1,2.8249,94.5546,2.6205
northern_europe,2015.2,2.9562,94.3151,2.7287
northern_europe,2015.3,3.0923,94.0674,2.8403
northern_europe,2015.4,3.2332,93.8112,2.9556
northern_europe,2015.5,3.3790,93.5464,3.0746
northern_europe,2015.6,3.5299,93.2728,3.1972
northern_europe,2015.7,3.6861,92.9903,3.3236
northern_europe,2015.8,3.8475,92.6986,3.4539
northern_europe,2015.9,4.0144,92.3976,3.5880
northern_europe,2016.0,4.1869,92.0872,3.7259
northern_europe,2016.1,4.3651,91.7671,3.8678
northern_europe,2016.2,4.5491,91.4372,4.0137
northern_europe,2016.3,4.7391,91.0974,4.1635
northern_europe,2016.4,4.9352,90.7475,4.3173
northern_europe,2016.5,5.1375,90.3874,4.4750
northern_europe,2016.6,5.3462,90.0170,4.6368
northern_europe,2016.7,5.5614,89.6360,4.8026
northern_europe,2016.8,5.7832,89.2445,4.9723
northern_europe,2016.9,6.0118,88.8422,5.1460
northern_europe,2017.0,6.2473,88.4292,5.3236
northern_europe,2017.1,6.4983,87.9548,5.5468
northern_europe,2017.2,6.7577,87.4831,5.7592
northern_europe,2017.3,7.0247,87.0045,5.9708
northern_europe,2017.4,7.2995,86.5174,6.1831
northern_europe,2017.5,7.5820,86.0209,6.3971
northern_europe,2017.6,7.8725,85.5146,6.6129
northern_europe,2017.7,8.1709,84.9983,6.8308
northern_europe,2017.8,8.4774,84.4716,7.0510
northern_europe,2017.9,8.7921,83.9344,7.2734
northern_europe,2018.0,9.1152,83.3866,7.4981
northern_europe,2018.1,9.4468,82.8282,7.7251
northern_europe,2018.2,9.7870,82.2589,7.9541
northern_europe,2018.3,10.1359,81.6788,8.1853
northern_europe,2018.4,10.4937,81.0879,8.4184
northern_europe,2018.5,10.8605,80.4862,8.6533
northern_europe,2018.6,11.2364,79.8736,8.8900
northern_europe,2018.7,11.6217,79.2502,9.1281
northern_europe,2018.8,12.0163,78.6160,9.3676
northern_europe,2018.9,12.4206,77.9711,9.6083
northern_europe,2019.0,12.8345,77.3156,9.8500
northern_europe,2019.1,13.2582,76.6494,10.0924
northern_europe,2019.2,13.6919,75.9728,10.3353
northern_europe,2019.3,14.1356,75.2858,10.5785
northern_europe,2019.4,14.5896,74.5886,10.8218
northern_europe,2019.5,15.0540,73.8812,11.0648
northern_europe,2019.6,15.5288,73.1638,11.3074
northern_europe,2019.7,16.0142,72.4366,11.5492
northern_europe,2019.8,16.5103,71.6998,11.7899
northern_europe,2019.9,17.0172,70.9534,12.0293
northern_europe,2020.0,17.5351,70.1978,12.2671
northern_europe,2020.1,18.0641,69.4330,12.5029
northern_europe,2020.2,18.6043,68.6594,12.7363
northern_europe,2020.3,19.1557,67.8771,12.9672
northern_europe,2020.4,19.7185,67.0864,13.1951
northern_europe,2020.5,20.2928,66.2875,13.4197
northern_europe,2020.6,20.8787,65.4806,13.6407
northern_europe,2020.7,21.4762,64.6661,13.8577
northern_europe,2020.8,22.0854,63.8442,14.0704
northern_europe,2020.9,22.7064,63.0152,14.2784
northern_europe,2021.0,23.3393,62.1794,14.4813
northern_europe,2021.1,23.9841,61.3370,14.6789
northern_europe,2021.2,24.6408,60.4884,14.8708
northern_europe,2021.3,25.3095,59.6340,15.0566
northern_europe,2021.4,25.9902,58.7739,15.2359
northern_europe,2021.5,26.6829,57.9086,15.4085
northern_europe,2021.6,27.3876,57.0385,15.5740
northern_europe,2021.7,28.1042,56.1638,15.7320
northern_europe,2021.8,28.8328,55.2849,15.8823
northern_europe,2021.9,29.5732,54.4021,16.0246
northern_europe,2022.0,30.3255,53.5160,16.1586
northern_europe,2022.1,31.0895,52.6267,16.2839
northern_europe,2022.2,31.8650,51.7347,16.4003
northern_europe,2022.3,32.6520,50.8404,16.5076
northern_europe,2022.4,33.4503,49.9442,16.6055
northern_europe,2022.5,34.2597,49.0465,16.6938
northern_europe,2022.6,35.0801,48.1476,16.7723
northern_europe,2022.7,35.9111,47.2480,16.8409
northern_europe,2022.8,36.7525,46.3481,16.8994
northern_europe,2022.9,37.6040,45.4484,16.9476
northern_europe,2023.0,38.4653,44.5491,16.9856
northern_europe,2023.1,39.3361,43.6507,17.0132
northern_europe,2023.2,40.2159,42.7538,17.0303
northern_europe,2023.3,41.1044,41.8586,17.0370
northern_europe,2023.4,42.0011,40.9656,17.0333
northern_europe,2023.5,42.9055,40.0753,17.0192
northern_europe,2023.6,43.8171,39.1880,16.9949
northern_europe,2023.7,44.7353,38.3043,16.9604
northern_europe,2023.8,45.6596,37.4244,16.9159
northern_europe,2023.9,46.5894,36.5490,16.8616
northern_europe,2024.0,47.5240,35.6783,16.7978
northern_europe,2024.1,48.4627,34.8128,16.7245
northern_europe,2024.2,49.4048,33.9529,16.6422
northern_europe,2024.3,50.3496,33.0991,16.5512
northern_europe,2024.4,51.2964,32.2518,16.4518
northern_europe,2024.5,52.2442,31.4114,16.3443
northern_europe,2024.6,53.1925,30.5783,16.2293
northern_europe,2024.7,54.1401,29.7529,16.1070
northern_europe,2024.8,55.0865,28.9355,15.9780
northern_europe,2024.9,56.0306,28.1267,15.8427
northern_europe,2025.0,56.9717,27.3268,15.7016
northern_europe,2025.1,57.9088,26.5361,15.5552
northern_europe,2025.2,58.8410,25.7550,15.4040
northern_europe,2025.3,59.7676,24.9840,15.2485
northern_europe,2025.4,60.6875,24.2232,15.0892
northern_europe,2025.5,61.6001,23.4732,14.9268
northern_europe,2025.6,62.5043,22.7341,14.7616
northern_europe,2025.7,63.3995,22.0064,14.5941
northern_europe,2025.8,64.2847,21.2903,14.4250
northern_europe,2025.9,65.1593,20.5861,14.2546
northern_europe,2026.0,66.0225,19.8940,14.0835
northern_europe,2026.1,66.8736,19.2145,13.9119
northern_europe,2026.2,67.7120,18.5476,13.7751
northern_europe,2026.3,68.5370,17.8936,13.7138
northern_europe,2026.4,69.3481,17.2527,13.6475
northern_europe,2026.5,70.1448,16.6252,13.5763
northern_europe,2026.6,70.9267,16.0111,13.5000
northern_europe,2026.7,71.6934,15.4107,13.4187
northern_europe,2026.8,72.4445,14.8241,13.3324
northern_europe,2026.9,73.1798,14.2514,13.2410
northern_europe,2027.0,73.8991,13.6926,13.1445
northern_europe,2027.1,74.6022,13.1480,13.0429
northern_europe,2027.2,75.2891,12.6175,12.9363
northern_europe,2027.3,75.9598,12.1012,12.8247
northern_europe,2027.4,76.6143,11.5991,12.7082
northern_europe,2027.5,77.2527,11.1113,12.5866
northern_europe,2027.6,77.8751,10.6376,12.4602
northern_europe,2027.7,78.4818,10.1781,12.3290
northern_europe,2027.8,79.0730,9.7327,12.1931
northern_europe,2027.9,79.6490,9.3013,12.0525
northern_europe,2028.0,80.2101,8.8838,11.9074
northern_europe,2028.1,80.7567,8.4802,11.7578
northern_europe,2028.2,81.2892,8.0903,11.6040
northern_europe,2028.3,81.8080,7.7140,11.4459
northern_europe,2028.4,82.3135,7.3510,11.2839
northern_europe,2028.5,82.8062,7.0013,11.1179
northern_europe,2028.6,83.2864,6.6646,10.9483
northern_europe,2028.7,83.7548,6.3408,10.7751
northern_europe,2028.8,84.2116,6.0295,10.5986
northern_europe,2028.9,84.6574,5.7306,10.4189
northern_europe,2029.0,85.0926,5.4439,10.2362
northern_europe,2029.1,85.5176,5.1690,10.0507
northern_europe,2029.2,85.9328,4.9058,9.8627
northern_europe,2029.3,86.3385,4.6540,9.6724
northern_europe,2029.4,86.7352,4.4132,9.4799
northern_europe,2029.5,87.1232,4.1832,9.2856
northern_europe,2029.6,87.5027,3.9637,9.0896
northern_europe,2029.7,87.8741,3.7544,8.8922
northern_europe,2029.8,88.2377,3.5550,8.6935
northern_europe,2029.9,88.5936,3.3652,8.4940
northern_europe,2030.0,88.9420,3.1847,8.2937
northern_europe,2030.1,89.2833,3.0131,8.0929
northern_europe,2030.2,89.6174,2.8503,7.8919
northern_europe,2030.3,89.9446,2.6958,7.6908
northern_europe,2030.4,90.2649,2.5494,7.4900
northern_europe,2030.5,90.5785,2.4108,7.2897
northern_europe,2030.6,90.8855,2.2796,7.0900
northern_europe,2030.7,91.1860,2.1555,6.8912
northern_europe,2030.8,91.4799,2.0383,6.6935
northern_europe,2030.9,91.7674,1.9277,6.4972
northern_europe,2031.0,92.0484,1.8234,6.3024
northern_europe,2031.1,92.3231,1.7250,6.1093
northern_europe,2031.2,92.5915,1.6324,5.9182
northern_europe,2031.3,92.8535,1.5452,5.7291
northern_europe,2031.4,93.1092,1.4633,5.5424
northern_europe,2031.5,93.3586,1.3862,5.3581
northern_europe,2031.6,93.6018,1.3139,5.1764
northern_europe,2031.7,93.8387,1.2460,4.9975
northern_europe,2031.8,94.0695,1.1823,4.8214
northern_europe,2031.9,94.2940,1.1226,4.6485
northern_europe,2032.0,94.5124,1.0667,4.4786
northern_europe,2032.1,94.7247,1.0143,4.3121
northern_europe,2032.2,94.9310,0.9653,4.1489
northern_europe,2032.3,95.1311,0.9195,3.9893
northern_europe,2032.4,95.3254,0.8767,3.8331
northern_europe,2032.5,95.5136,0.8366,3.6806
northern_europe,2032.6,95.6961,0.7992,3.5318
northern_europe,2032.7,95.8727,0.7643,3.3868
northern_europe,2032.8,96.0435,0.7316,3.2456
northern_europe,2032.9,96.2087,0.7012,3.1082
northern_europe,2033.0,96.3683,0.6728,2.9746
northern_europe,2033.1,96.5224,0.6463,2.8450
northern_europe,2033.2,96.6711,0.6215,2.7192
northern_europe,2033.3,96.8144,0.5984,2.5974
northern_europe,2033.4,96.9525,0.5769,2.4795
northern_europe,2033.5,97.0854,0.5568,2.3654
northern_europe,2033.6,97.2133,0.5381,2.2552
northern_europe,2033.7,97.3363,0.5206,2.1488
northern_europe,2033.8,97.4543,0.5042,2.0463
northern_europe,2033.9,97.5677,0.4889,1.9475
northern_europe,2034.0,97.6764,0.4747,1.8524
northern_europe,2034.1,97.7807,0.4613,1.7610
northern_europe,2034.2,97.8805,0.4489,1.6732
northern_europe,2034.3,97.9760,0.4372,1.5889
northern_europe,2034.4,98.0674,0.4262,1.5082
northern_europe,2034.5,98.1547,0.4160,1.4308
northern_europe,2034.6,98.2381,0.4064,1.3568
northern_europe,2034.7,98.3177,0.3973,1.2861
northern_europe,2034.8,98.3936,0.3888,1.2185
northern_europe,2034.9,98.4659,0.3808,1.1540
northern_europe,2035.0,98.5347,0.3733,1.0926
northern_europe,2035.1,98.6002,0.3662,1.0341
northern_europe,2035.2,98.6625,0.3595,0.9784
northern_europe,2035.3,98.7217,0.3532,0.9255
northern_europe,2035.4,98.7778,0.3472,0.8753
northern_europe,2035.5,98.8311,0.3415,0.8277
northern_europe,2035.6,98.8816,0.3361,0.7825
northern_europe,2035.7,98.9295,0.3310,0.7397
northern_europe,2035.8,98.9748,0.3261,0.6993
northern_europe,2035.9,99.0177,0.3214,0.6610
northern_europe,2036.0,99.0582,0.3170,0.6249
northern_europe,2036.1,99.0965,0.3127,0.5908
northern_europe,2036.2,99.1327,0.3087,0.5587
northern_europe,2036.3,99.1668,0.3048,0.5285
northern_europe,2036.4,99.1990,0.3010,0.5000
northern_europe,2036.5,99.2293,0.2974,0.4733
northern_europe,2036.6,99.2579,0.2940,0.4481
northern_europe,2036.7,99.2848,0.2907,0.4246
northern_europe,2036.8,99.3101,0.2874,0.4024
northern_europe,2036.9,99.3340,0.2843,0.3817
northern_europe,2037.0,99.3564,0.2813,0.3623
northern_europe,2037.1,99.3774,0.2784,0.3442
northern_europe,2037.2,99.3972,0.2756,0.3272
northern_europe,2037.3,99.4158,0.2728,0.3114
northern_europe,2037.4,99.4333,0.2701,0.2966
northern_europe,2037.5,99.4497,0.2675,0.2828
northern_europe,2037.6,99.4651,0.2650,0.2699
northern_europe,2037.7,99.4796,0.2625,0.2579
northern_europe,2037.8,99.4931,0.2601,0.2468
northern_europe,2037.9,99.5059,0.2577,0.2364
northern_europe,2038.0,99.5179,0.2554,0.2267
northern_europe,2038.1,99.5291,0.2532,0.2177
northern_europe,2038.2,99.5397,0.2509,0.2094
northern_europe,2038.3,99.5496,0.2488,0.2016
northern_europe,2038.4,99.5590,0.2466,0.1944
northern_europe,2038.5,99.5678,0.2445,0.1878
northern_europe,2038.6,99.5760,0.2425,0.1816
northern_europe,2038.7,99.5839,0.2405,0.1759
northern_europe,2038.8,99.5912,0.2385,0.1705
northern_europe,2038.9,99.5982,0.2365,0.1655
northern_europe,2039.0,99.6048,0.2346,0.1609
northern_europe,2039.1,99.6110,0.2327,0.1566
northern_europe,2039.2,99.6169,0.2308,0.1525
northern_europe,2039.3,99.6225,0.2290,0.1488
northern_europe,2039.4,99.6278,0.2271,0.1453
northern_europe,2039.5,99.6329,0.2253,0.1420
northern_europe,2039.6,99.6377,0.2236,0.1390
northern_europe,2039.7,99.6423,0.2218,0.1361
northern_europe,2039.8,99.6467,0.2201,0.1334
northern_europe,2039.9,99.6509,0.2184,0.1309
northern_europe,2040.0,99.6550,0.2167,0.1285
northern_europe,2040.1,99.6589,0.2150,0.1263
northern_europe,2040.2,99.6627,0.2133,0.1242
northern_europe,2040.3,99.6663,0.2117,0.1222
northern_europe,2040.4,99.6698,0.2101,0.1203
northern_europe,2040.5,99.6732,0.2085,0.1185
northern_europe,2040.6,99.6765,0.2069,0.1168
northern_europe,2040.7,99.6796,0.2053,0.1151
northern_europe,2040.8,99.6828,0.2038,0.1136
northern_europe,2040.9,99.6858,0.2022,0.1121
northern_europe,2041.0,99.6887,0.2007,0.1107
northern_europe,2041.1,99.6916,0.1992,0.1093
northern_europe,2041.2,99.6944,0.1977,0.1079
northern_europe,2041.3,99.6972,0.1962,0.1067
northern_europe,2041.4,99.6999,0.1947,0.1054
northern_europe,2041.5,99.7026,0.1933,0.1042
northern_europe,2041.6,99.7052,0.1918,0.1030
northern_europe,2041.7,99.7078,0.1904,0.1019
northern_europe,2041.8,99.7103,0.1890,0.1008
northern_europe,2041.9,99.7128,0.1876,0.0997
northern_europe,2042.0,99.7153,0.1862,0.0986
northern_europe,2042.1,99.7177,0.1848,0.0976
northern_europe,2042.2,99.7201,0.1834,0.0965
northern_europe,2042.3,99.7225,0.1820,0.0955
northern_europe,2042.4,99.7248,0.1807,0.0945
northern_europe,2042.5,99.7271,0.1794,0.0935
northern_europe,2042.6,99.7294,0.1780,0.0926
northern_europe,2042.7,99.7317,0.1767,0.0916
northern_europe,2042.8,99.7339,0.1754,0.0907
northern_europe,2042.9,99.7361,0.1741,0.0898
northern_europe,2043.0,99.7383,0.1728,0.0888
northern_europe,2043.1,99.7405,0.1716,0.0879
northern_europe,2043.2,99.7427,0.1703,0.0870
northern_europe,2043.3,99.7448,0.1691,0.0862
northern_europe,2043.4,99.7469,0.1678,0.0853
northern_europe,2043.5,99.7490,0.1666,0.0844
northern_europe,2043.6,99.7511,0.1654,0.0835
northern_europe,2043.7,99.7532,0.1642,0.0827
northern_europe,2043.8,99.7552,0.1630,0.0819
northern_europe,2043.9,99.7572,0.1618,0.0810
northern_europe,2044.0,99.7592,0.1606,0.0802
northern_europe,2044.1,99.7612,0.1594,0.0794
northern_europe,2044.2,99.7632,0.1582,0.0785
northern_europe,2044.3,99.7652,0.1571,0.0777
northern_europe,2044.4,99.7671,0.1559,0.0769
northern_europe,2044.5,99.7690,0.1548,0.0761
northern_europe,2044.6,99.7710,0.1537,0.0754
northern_europe,2044.7,99.7729,0.1526,0.0746
northern_europe,2044.8,99.7747,0.1515,0.0738
northern_europe,2044.9,99.7766,0.1504,0.0730
northern_europe,2045.0,99.7785,0.1493,0.0723
northern_europe,2045.1,99.7803,0.1482,0.0715
northern_europe,2045.2,99.7821,0.1471,0.0708
northern_europe,2045.3,99.7839,0.1461,0.0700
northern_europe,2045.4,99.7857,0.1450,0.0693
northern_europe,2045.5,99.7875,0.1439,0.0685
northern_europe,2045.6,99.7893,0.1429,0.0678
northern_europe,2045.7,99.7910,0.1419,0.0671
northern_europe,2045.8,99.7928,0.1409,0.0664
northern_europe,2045.9,99.7945,0.1398,0.0657
northern_europe,2046.0,99.7962,0.1388,0.0650
northern_europe,2046.1,99.7979,0.1378,0.0643
northern_europe,2046.2,99.7996,0.1368,0.0636
northern_europe,2046.3,99.8012,0.1359,0.0629
northern_europe,2046.4,99.8029,0.1349,0.0622
northern_europe,2046.5,99.8045,0.1339,0.0615
northern_europe,2046.6,99.8062,0.1330,0.0609
northern_europe,2046.7,99.8078,0.1320,0.0602
northern_europe,2046.8,99.8094,0.1311,0.0596
northern_europe,2046.9,99.8110,0.1301,0.0589
northern_europe,2047.0,99.8126,0.1292,0.0583
northern_europe,2047.1,99.8141,0.1283,0.0576
northern_europe,2047.2,99.8157,0.1273,0.0570
northern_europe,2047.3,99.8172,0.1264,0.0564
northern_europe,2047.4,99.8187,0.1255,0.0557
northern_europe,2047.5,99.8203,0.1246,0.0551
northern_europe,2047.6,99.8218,0.1238,0.0545
northern_europe,2047.7,99.8232,0.1229,0.0539
northern_europe,2047.8,99.8247,0.1220,0.0533
northern_europe,2047.9,99.8262,0.1211,0.0527
northern_europe,2048.0,99.8276,0.1203,0.0521
northern_europe,2048.1,99.8291,0.1194,0.0515
northern_europe,2048.2,99.8305,0.1186,0.0509
northern_europe,2048.3,99.8319,0.1177,0.0503
northern_europe,2048.4,99.8333,0.1169,0.0498
northern_europe,2048.5,99.8347,0.1161,0.0492
northern_europe,2048.6,99.8361,0.1152,0.0486
northern_europe,2048.7,99.8375,0.1144,0.0481
northern_europe,2048.8,99.8389,0.1136,0.0475
northern_europe,2048.9,99.8402,0.1128,0.0470
northern_europe,2049.0,99.8416,0.1120,0.0464
northern_europe,2049.1,99.8429,0.1112,0.0459
northern_europe,2049.2,99.8442,0.1104,0.0454
northern_europe,2049.3,99.8455,0.1097,0.0448
northern_europe,2049.4,99.8468,0.1089,0.0443
northern_europe,2049.5,99.8481,0.1081,0.0438
northern_europe,2049.6,99.8494,0.1074,0.0433
northern_europe,2049.7,99.8506,0.1066,0.0428
northern_europe,2049.8,99.8519,0.1059,0.0422
northern_europe,2049.9,99.8531,0.1051,0.0417
northern_europe,2050.0,99.8544,0.1044,0.0412
southern_europe,2015.0,0.0461,99.8939,0.0599
southern_europe,2015.1,0.0522,99.8807,0.0670
southern_europe,2015.2,0.0590,99.8661,0.0749
southern_europe,2015.3,0.0664,99.8499,0.0836
southern_europe,2015.4,0.0746,99.8322,0.0931
southern_europe,2015.5,0.0836,99.8129,0.1035
southern_europe,2015.6,0.0934,99.7919,0.1148
southern_europe,2015.7,0.1039,99.7691,0.1270
southern_europe,2015.8,0.1153,99.7445,0.1402
southern_europe,2015.9,0.1276,99.7181,0.1543
southern_europe,2016.0,0.1408,99.6897,0.1695
southern_europe,2016.1,0.1549,99.6594,0.1857
southern_europe,2016.2,0.1699,99.6271,0.2030
southern_europe,2016.3,0.1860,99.5927,0.2214
southern_europe,2016.4,0.2030,99.5562,0.2409
southern_europe,2016.5,0.2210,99.5174,0.2616
southern_europe,2016.6,0.2401,99.4765,0.2834
southern_europe,2016.7,0.2603,99.4332,0.3065
southern_europe,2016.8,0.2815,99.3877,0.3308
southern_europe,2016.9,0.3039,99.3397,0.3564
southern_europe,2017.0,0.3274,99.2893,0.3832
southern_europe,2017.1,0.3521,99.2365,0.4114
southern_europe,2017.2,0.3780,99.1811,0.4409
southern_europe,2017.3,0.4051,99.1231,0.4718
southern_europe,2017.4,0.4334,99.0625,0.5041
southern_europe,2017.5,0.4630,98.9993,0.5378
southern_europe,2017.6,0.4939,98.9333,0.5729
southern_europe,2017.7,0.5260,98.8646,0.6094
southern_europe,2017.8,0.5595,98.7930,0.6474
southern_europe,2017.9,0.5944,98.7187,0.6870
southern_europe,2018.0,0.6306,98.6414,0.7280
southern_europe,2018.1,0.6682,98.5612,0.7706
southern_europe,2018.2,0.7072,98.4780,0.8148
southern_europe,2018.3,0.7477,98.3918,0.8605
southern_europe,2018.4,0.7896,98.3026,0.9078
southern_europe,2018.5,0.8330,98.2103,0.9567
southern_europe,2018.6,0.8779,98.1148,1.0073
southern_europe,2018.7,0.9243,98.0162,1.0596
southern_europe,2018.8,0.9722,97.9143,1.1134
southern_europe,2018.9,1.0217,97.8092,1.1690
southern_europe,2019.0,1.0728,97.7009,1.2263
southern_europe,2019.1,1.1255,97.5891,1.2853
southern_europe,2019.2,1.1799,97.4740,1.3461
southern_europe,2019.3,1.2359,97.3555,1.4087
southern_europe,2019.4,1.2935,97.2334,1.4730
southern_europe,2019.5,1.3529,97.1079,1.5391
southern_europe,2019.6,1.4140,96.9789,1.6071
southern_europe,2019.7,1.4769,96.8463,1.6768
southern_europe,2019.8,1.5415,96.7101,1.7484
southern_europe,2019.9,1.6078,96.5703,1.8218
southern_europe,2020.0,1.6760,96.4269,1.8971
southern_europe,2020.1,1.7460,96.2798,1.9742
southern_europe,2020.2,1.8178,96.1290,2.0532
southern_europe,2020.3,1.8915,95.9745,2.1340
southern_europe,2020.4,1.9670,95.8162,2.2168
southern_europe,2020.5,2.0444,95.6542,2.3014
southern_europe,2020.6,2.1237,95.4884,2.3879
southern_europe,2020.7,2.2050,95.3188,2.4763
southern_europe,2020.8,2.2882,95.1453,2.5666
southern_europe,2020.9,2.3733,94.9680,2.6588
southern_europe,2021.0,2.4604,94.7868,2.7529
southern_europe,2021.1,2.5495,94.6017,2.8489
southern_europe,2021.2,2.6406,94.4127,2.9468
southern_europe,2021.3,2.7337,94.2198,3.0466
southern_europe,2021.4,2.8288,94.0229,3.1483
southern_europe,2021.5,2.9260,93.8221,3.2520
southern_europe,2021.6,3.0252,93.6173,3.3575
southern_europe,2021.7,3.1265,93.4085,3.4650
southern_europe,2021.8,3.2299,93.1958,3.5743
southern_europe,2021.9,3.3354,92.9791,3.6855
southern_europe,2022.0,3.4430,92.7583,3.7987
southern_europe,2022.1,3.5528,92.5336,3.9137
southern_europe,2022.2,3.6646,92.3048,4.0305
southern_europe,2022.3,3.7787,92.0720,4.1493
southern_europe,2022.4,3.8949,91.8352,4.2699
southern_europe,2022.5,4.0133,91.5944,4.3923
southern_europe,2022.6,4.1338,91.3495,4.5166
southern_europe,2022.7,4.2566,91.1006,4.6428
southern_europe,2022.8,4.3816,90.8477,4.7707
southern_europe,2022.9,4.5088,90.5908,4.9004
southern_europe,2023.0,4.6382,90.3299,5.0320
southern_europe,2023.1,4.7698,90.0649,5.1652
southern_europe,2023.2,4.9037,89.7960,5.3003
southern_europe,2023.3,5.0399,89.5230,5.4371
southern_europe,2023.4,5.1783,89.2461,5.5756
southern_europe,2023.5,5.3190,88.9652,5.7158
southern_europe,2023.6,5.4620,88.6803,5.8577
southern_europe,2023.7,5.6073,88.3915,6.0013
southern_europe,2023.8,5.7548,88.0987,6.1465
southern_europe,2023.9,5.9047,87.8020,6.2933
southern_europe,2024.0,6.0568,87.5015,6.4417
southern_europe,2024.1,6.2113,87.1970,6.5917
southern_europe,2024.2,6.3681,86.8887,6.7432
southern_europe,2024.3,6.5271,86.5766,6.8963
southern_europe,2024.4,6.6886,86.2606,7.0508
southern_europe,2024.5,6.8523,85.9409,7.2068
southern_europe,2024.6,7.0183,85.6174,7.3643
southern_europe,2024.7,7.1867,85.2901,7.5231
southern_europe,2024.8,7.3574,84.9592,7.6834
southern_europe,2024.9,7.5305,84.6245,7.8450
southern_europe,2025.0,7.7059,84.2863,8.0079
southern_europe,2025.1,7.8836,83.9444,8.1721
southern_europe,2025.2,8.0636,83.5989,8.3375
southern_europe,2025.3,8.2460,83.2499,8.5041
southern_europe,2025.4,8.4307,82.8974,8.6720
southern_europe,2025.5,8.6177,82.5414,8.8409
southern_europe,2025.6,8.8070,82.1820,9.0110
southern_europe,2025.7,8.9987,81.8191,9.1822
southern_europe,2025.8,9.1927,81.4530,9.3543
southern_europe,2025.9,9.3890,81.0835,9.5275
southern_europe,2026.0,9.5876,80.7108,9.7016
southern_europe,2026.1,9.7885,80.3349,9.8767
southern_europe,2026.2,9.9917,79.9558,10.0526
southern_europe,2026.3,10.1971,79.5735,10.2293
southern_europe,2026.4,10.4049,79.1882,10.4069
southern_europe,2026.5,10.6150,78.7999,10.5851
southern_europe,2026.6,10.8273,78.4086,10.7641
southern_europe,2026.7,11.0418,78.0144,10.9437
southern_europe,2026.8,11.2586,77.6173,11.1240
southern_europe,2026.9,11.4777,77.2175,11.3048
southern_europe,2027.0,11.6990,76.8148,11.4862
southern_europe,2027.1,11.9225,76.4095,11.6680
southern_europe,2027.2,12.1482,76.0015,11.8503
southern_europe,2027.3,12.3761,75.5910,12.0329
southern_europe,2027.4,12.6062,75.1779,12.2159
southern_europe,2027.5,12.8384,74.7624,12.3992
southern_europe,2027.6,13.0728,74.3445,12.5827
southern_europe,2027.7,13.3093,73.9242,12.7665
southern_europe,2027.8,13.5480,73.5016,12.9503
southern_europe,2027.9,13.7888,73.0769,13.1343
southern_europe,2028.0,14.0316,72.6500,13.3184
southern_europe,2028.1,14.2766,72.2210,13.5024
southern_europe,2028.2,14.5236,71.7900,13.6864
southern_europe,2028.3,14.7726,71.3571,13.8703
southern_europe,2028.4,15.0237,70.9223,14.0541
southern_europe,2028.5,15.2767,70.4856,14.2377
southern_europe,2028.6,15.5318,70.0472,14.4210
southern_europe,2028.7,15.7888,69.6072,14.6041
southern_europe,2028.8,16.0477,69.1655,14.7868
southern_europe,2028.9,16.3086,68.7223,14.9691
southern_europe,2029.0,16.5714,68.2776,15.1510
southern_europe,2029.1,16.8361,67.8315,15.3324
southern_europe,2029.2,17.1026,67.3841,15.5133
southern_europe,2029.3,17.3709,66.9355,15.6936
southern_europe,2029.4,17.6411,66.4856,15.8733
southern_europe,2029.5,17.9131,66.0347,16.0523
southern_europe,2029.6,18.1868,65.5827,16.2306
southern_europe,2029.7,18.4623,65.1297,16.4081
southern_europe,2029.8,18.7394,64.6758,16.5848
southern_europe,2029.9,19.0183,64.2211,16.7606
southern_europe,2030.0,19.2988,63.7656,16.9355
southern_europe,2030.1,19.5810,63.3095,17.1095
southern_europe,2030.2,19.8648,62.8527,17.2825
southern_europe,2030.3,20.1502,62.3954,17.4544
southern_europe,2030.4,20.4371,61.9376,17.6253
southern_europe,2030.5,20.7255,61.4795,17.7950
southern_europe,2030.6,21.0155,61.0210,17.9635
southern_europe,2030.7,21.3069,60.5622,18.1309
southern_europe,2030.8,21.5998,60.1032,18.2969
southern_europe,2030.9,21.8941,59.6442,18.4617
southern_europe,2031.0,22.1898,59.1851,18.6251
southern_europe,2031.1,22.4869,58.7260,18.7872
southern_europe,2031.2,22.7853,58.2669,18.9478
southern_europe,2031.3,23.0850,57.8081,19.1070
southern_europe,2031.4,23.3859,57.3494,19.2646
southern_europe,2031.5,23.6881,56.8911,19.4208
southern_europe,2031.6,23.9915,56.4331,19.5754
southern_europe,2031.7,24.2961,55.9756,19.7283
southern_europe,2031.8,24.6019,55.5185,19.8797
southern_europe,2031.9,24.9087,55.0620,20.0293
southern_europe,2032.0,25.2167,54.6061,20.1773
southern_europe,2032.1,25.5257,54.1508,20.3235
southern_europe,2032.2,25.8358,53.6964,20.4679
southern_europe,2032.3,26.1468,53.2427,20.6105
southern_europe,2032.4,26.4588,52.7899,20.7513
southern_europe,2032.5,26.7718,52.3380,20.8903
southern_europe,2032.6,27.0856,51.8871,21.0273
southern_europe,2032.7,27.4003,51.4372,21.1624
southern_europe,2032.8,27.7159,50.9885,21.2956
southern_europe,2032.9,28.0323,50.5409,21.4268
southern_europe,2033.0,28.3495,50.0945,21.5560
southern_europe,2033.1,28.6674,49.6493,21.6832
southern_europe,2033.2,28.9861,49.2055,21.8084
southern_europe,2033.3,29.3054,48.7631,21.9315
southern_europe,2033.4,29.6254,48.3221,22.0525
southern_europe,2033.5,29.9460,47.8826,22.1714
southern_europe,2033.6,30.2673,47.4445,22.2882
southern_europe,2033.7,30.5891,47.0081,22.4028
southern_europe,2033.8,30.9114,46.5733,22.5153
southern_europe,2033.9,31.2343,46.1401,22.6256
southern_europe,2034.0,31.5576,45.7087,22.7337
southern_europe,2034.1,31.8814,45.2790,22.8395
southern_europe,2034.2,32.2056,44.8512,22.9432
southern_europe,2034.3,32.5303,44.4251,23.0446
southern_europe,2034.4,32.8552,44.0010,23.1438
southern_europe,2034.5,33.1806,43.5787,23.2407
southern_europe,2034.6,33.5062,43.1585,23.3353
southern_europe,2034.7,33.8321,42.7402,23.4277
southern_europe,2034.8,34.1583,42.3240,23.5177
southern_europe,2034.9,34.4847,41.9099,23.6054
southern_europe,2035.0,34.8113,41.4978,23.6909
southern_europe,2035.1,35.1381,41.0879,23.7740
southern_europe,2035.2,35.4650,40.6802,23.8548
southern_europe,2035.3,35.7921,40.2747,23.9332
southern_europe,2035.4,36.1192,39.8714,24.0094
southern_europe,2035.5,36.4465,39.4704,24.0831
southern_europe,2035.6,36.7737,39.0717,24.1546
southern_europe,2035.7,37.1010,38.6753,24.2237
southern_europe,2035.8,37.4284,38.2812,24.2904
southern_europe,2035.9,37.7556,37.8896,24.3548
southern_europe,2036.0,38.0829,37.5003,24.4169
southern_europe,2036.1,38.4100,37.1134,24.4766
southern_europe,2036.2,38.7371,36.7290,24.5339
southern_europe,2036.3,39.0640,36.3470,24.5889
southern_europe,2036.4,39.3909,35.9676,24.6416
southern_europe,2036.5,39.7175,35.5906,24.6919
southern_europe,2036.6,40.0440,35.2162,24.7398
southern_europe,2036.7,40.3703,34.8443,24.7855
southern_europe,2036.8,40.6963,34.4749,24.8288
southern_europe,2036.9,41.0221,34.1081,24.8698
southern_europe,2037.0,41.3477,33.7439,24.9084
southern_europe,2037.1,41.6729,33.3823,24.9448
southern_europe,2037.2,41.9979,33.0233,24.9788
southern_europe,2037.3,42.3225,32.6670,25.0105
southern_europe,2037.4,42.6468,32.3132,25.0400
southern_europe,2037.5,42.9708,31.9621,25.0671
southern_europe,2037.6,43.2943,31.6137,25.0920
southern_europe,2037.7,43.6175,31.2679,25.1146
southern_europe,2037.8,43.9403,30.9248,25.1350
southern_europe,2037.9,44.2626,30.5843,25.1531
southern_europe,2038.0,44.5845,30.2465,25.1690
southern_europe,2038.1,44.9059,29.9114,25.1826
southern_europe,2038.2,45.2269,29.5791,25.1941
southern_europe,2038.3,45.5473,29.2493,25.2033
southern_europe,2038.4,45.8673,28.9223,25.2104
southern_europe,2038.5,46.1867,28.5980,25.2153
southern_europe,2038.6,46.5056,28.2764,25.2180
southern_europe,2038.7,46.8240,27.9575,25.2186
southern_europe,2038.8,47.1417,27.6412,25.2170
southern_europe,2038.9,47.4589,27.3277,25.2134
southern_europe,2039.0,47.7755,27.0169,25.2076
southern_europe,2039.1,48.0915,26.7087,25.1998
southern_europe,2039.2,48.4069,26.4033,25.1899
southern_europe,2039.3,48.7216,26.1005,25.1779
southern_europe,2039.4,49.0357,25.8004,25.1639
southern_europe,2039.5,49.3491,25.5030,25.1479
southern_europe,2039.6,49.6618,25.2083,25.1299
southern_europe,2039.7,49.9738,24.9162,25.1099
southern_europe,2039.8,50.2852,24.6268,25.0880
southern_europe,2039.9,50.5958,24.3401,25.0641
southern_europe,2040.0,50.9057,24.0560,25.0383
southern_europe,2040.1,51.2149,23.7745,25.0105
southern_europe,2040.2,51.5233,23.4957,24.9809
southern_europe,2040.3,51.8310,23.2195,24.9495
southern_europe,2040.4,52.1379,22.9459,24.9162
southern_europe,2040.5,52.4440,22.6749,24.8810
southern_europe,2040.6,52.7493,22.4065,24.8441
southern_europe,2040.7,53.0539,22.1407,24.8054
southern_europe,2040.8,53.3576,21.8775,24.7650
southern_europe,2040.9,53.6604,21.6168,24.7228
southern_europe,2041.0,53.9625,21.3587,24.6789
southern_europe,2041.1,54.2637,21.1031,24.6333
southern_europe,2041.2,54.5640,20.8500,24.5860
southern_europe,2041.3,54.8635,20.5994,24.5371
southern_europe,2041.4,55.1621,20.3513,24.4866
southern_europe,2041.5,55.4598,20.1058,24.4345
southern_europe,2041.6,55.7566,19.8626,24.3808
southern_europe,2041.7,56.0525,19.6220,24.3256
southern_europe,2041.8,56.3474,19.3838,24.2688
southern_europe,2041.9,56.6415,19.1480,24.2106
southern_europe,2042.0,56.9346,18.9146,24.1508
southern_europe,2042.1,57.2267,18.6836,24.0897
southern_europe,2042.2,57.5179,18.4550,24.0271
southern_europe,2042.3,57.8082,18.2287,23.9631
southern_europe,2042.4,58.0974,18.0048,23.8977
southern_europe,2042.5,58.3857,17.7833,23.8310
southern_europe,2042.6,58.6730,17.5640,23.7630
southern_europe,2042.7,58.9593,17.3471,23.6937
southern_europe,2042.8,59.2445,17.1324,23.6231
southern_europe,2042.9,59.5288,16.9200,23.5512
southern_europe,2043.0,59.8120,16.7098,23.4782
southern_europe,2043.1,60.0941,16.5019,23.4040
southern_europe,2043.2,60.3752,16.2962,23.3285
southern_europe,2043.3,60.6553,16.0927,23.2520
southern_europe,2043.4,60.9343,15.8914,23.1743
southern_europe,2043.5,61.2122,15.6922,23.0956
southern_europe,2043.6,61.4891,15.4951,23.0158
southern_europe,2043.7,61.7648,15.3002,22.9350
southern_europe,2043.8,62.0395,15.1074,22.8531
southern_europe,2043.9,62.3130,14.9167,22.7703
southern_europe,2044.0,62.5854,14.7281,22.6865
southern_europe,2044.1,62.8567,14.5415,22.6018
southern_europe,2044.2,63.1269,14.3569,22.5162
southern_europe,2044.3,63.3960,14.1744,22.4297
southern_europe,2044.4,63.6638,13.9938,22.3423
southern_europe,2044.5,63.9306,13.8153,22.2542
southern_europe,2044.6,64.1962,13.6387,22.1652
southern_europe,2044.7,64.4606,13.4640,22.0754
southern_europe,2044.8,64.7238,13.2913,21.9849
southern_europe,2044.9,64.9859,13.1204,21.8937
southern_europe,2045.0,65.2467,12.9515,21.8018
southern_europe,2045.1,65.5064,12.7844,21.7092
southern_europe,2045.2,65.7649,12.6192,21.6159
southern_europe,2045.3,66.0221,12.4559,21.5220
southern_europe,2045.4,66.2782,12.2943,21.4275
southern_europe,2045.5,66.5330,12.1345,21.3325
southern_europe,2045.6,66.7866,11.9766,21.2368
southern_europe,2045.7,67.0390,11.8204,21.1407
southern_europe,2045.8,67.2901,11.6659,21.0440
southern_europe,2045.9,67.5400,11.5132,20.9468
southern_europe,2046.0,67.7886,11.3621,20.8492
southern_europe,2046.1,68.0360,11.2128,20.7512
southern_europe,2046.2,68.2822,11.0652,20.6527
southern_europe,2046.3,68.5270,10.9192,20.5538
southern_europe,2046.4,68.7707,10.7748,20.4545
southern_europe,2046.5,69.0130,10.6321,20.3549
southern_europe,2046.6,69.2540,10.4910,20.2549
southern_europe,2046.7,69.4938,10.3515,20.1547
southern_europe,2046.8,69.7323,10.2136,20.0541
southern_europe,2046.9,69.9695,10.0772,19.9532
southern_europe,2047.0,70.2055,9.9424,19.8521
southern_europe,2047.1,70.4401,9.8091,19.7508
southern_europe,2047.2,70.6734,9.6773,19.6492
southern_europe,2047.3,70.9055,9.5470,19.5475
southern_europe,2047.4,71.1362,9.4182,19.4455
southern_europe,2047.5,71.3656,9.2909,19.3434
southern_europe,2047.6,71.5938,9.1650,19.2412
southern_europe,2047.7,71.8206,9.0406,19.1388
southern_europe,2047.8,72.0461,8.9176,19.0363
southern_europe,2047.9,72.2703,8.7960,18.9337
southern_europe,2048.0,72.4932,8.6758,18.8311
southern_europe,2048.1,72.7147,8.5569,18.7283
southern_europe,2048.2,72.9350,8.4395,18.6255
southern_europe,2048.3,73.1539,8.3234,18.5227
southern_europe,2048.4,73.3715,8.2086,18.4199
southern_europe,2048.5,73.5878,8.0951,18.3170
southern_europe,2048.6,73.8028,7.9830,18.2142
southern_europe,2048.7,74.0165,7.8721,18.1114
southern_europe,2048.8,74.2288,7.7625,18.0086
southern_europe,2048.9,74.4399,7.6542,17.9059
southern_europe,2049.0,74.6496,7.5472,17.8032
southern_europe,2049.1,74.8580,7.4414,17.7006
southern_europe,2049.2,75.0650,7.3368,17.5981
southern_europe,2049.3,75.2708,7.2335,17.4957
southern_europe,2049.4,75.4753,7.1314,17.3934
southern_europe,2049.5,75.6784,7.0304,17.2912
southern_europe,2049.6,75.8802,6.9306,17.1891
southern_europe,2049.7,76.0807,6.8320,17.0872
southern_europe,2049.8,76.2799,6.7346,16.9855
southern_europe,2049.9,76.4778,6.6383,16.8838
southern_europe,2050.0,76.6744,6.5432,16.7824
eastern_europe,2015.0,0.0646,99.9272,0.0144
eastern_europe,2015.1,0.0692,99.9221,0.0152
eastern_europe,2015.2,0.0740,99.9168,0.0162
eastern_europe,2015.3,0.0790,99.9111,0.0172
eastern_europe,2015.4,0.0843,99.9051,0.0182
eastern_europe,2015.5,0.0899,99.8987,0.0193
eastern_europe,2015.6,0.0958,99.8920,0.0204
eastern_europe,2015.7,0.1020,99.8848,0.0216
eastern_europe,2015.8,0.1085,99.8773,0.0229
eastern_europe,2015.9,0.1153,99.8693,0.0242
eastern_europe,2016.0,0.1224,99.8609,0.0256
eastern_europe,2016.1,0.1300,99.8519,0.0270
eastern_europe,2016.2,0.1380,99.8425,0.0286
eastern_europe,2016.3,0.1464,99.8326,0.0301
eastern_europe,2016.4,0.1552,99.8221,0.0318
eastern_europe,2016.5,0.1645,99.8111,0.0335
eastern_europe,2016.6,0.1743,99.7994,0.0354
eastern_europe,2016.7,0.1846,99.7871,0.0373
eastern_europe,2016.8,0.1953,99.7742,0.0393
eastern_europe,2016.9,0.2066,99.7606,0.0417
eastern_europe,2017.0,0.2183,99.7462,0.0450
eastern_europe,2017.1,0.2317,99.7289,0.0498
eastern_europe,2017.2,0.2465,99.7088,0.0558
eastern_europe,2017.3,0.2626,99.6866,0.0628
eastern_europe,2017.4,0.2798,99.6625,0.0705
eastern_europe,2017.5,0.2981,99.6365,0.0789
eastern_europe,2017.6,0.3175,99.6088,0.0880
eastern_europe,2017.7,0.3380,99.5793,0.0978
eastern_europe,2017.8,0.3595,99.5480,0.1083
eastern_europe,2017.9,0.3821,99.5150,0.1194
eastern_europe,2018.0,0.4057,99.4802,0.1312
eastern_europe,2018.1,0.4492,99.4429,0.1436
eastern_europe,2018.2,0.4819,99.4032,0.1566
eastern_europe,2018.3,0.5139,99.3615,0.1703
eastern_europe,2018.4,0.5460,99.3177,0.1847
eastern_europe,2018.5,0.5787,99.2719,0.1997
eastern_europe,2018.6,0.6121,99.2241,0.2154
eastern_europe,2018.7,0.6462,99.1742,0.2318
eastern_europe,2018.8,0.6812,99.1223,0.2489
eastern_europe,2018.9,0.7172,99.0683,0.2667
eastern_europe,2019.0,0.7541,99.0122,0.2852
eastern_europe,2019.1,0.7921,98.9540,0.3045
eastern_europe,2019.2,0.8311,98.8937,0.3245
eastern_europe,2019.3,0.8711,98.8311,0.3453
eastern_europe,2019.4,0.9123,98.7664,0.3668
eastern_europe,2019.5,0.9546,98.6994,0.3892
eastern_europe,2019.6,0.9980,98.6301,0.4124
eastern_europe,2019.7,1.0426,98.5585,0.4366
eastern_europe,2019.8,1.0884,98.4846,0.4618
eastern_europe,2019.9,1.1354,98.4082,0.4880
eastern_europe,2020.0,1.1836,98.3294,0.5151
eastern_europe,2020.1,1.2330,98.2482,0.5431
eastern_europe,2020.2,1.2838,98.1644,0.5722
eastern_europe,2020.3,1.3358,98.0781,0.6031
eastern_europe,2020.4,1.3892,97.9892,0.6350
eastern_europe,2020.5,1.4439,97.8976,0.6681
eastern_europe,2020.6,1.4999,97.8033,0.7035
eastern_europe,2020.7,1.5573,97.7063,0.7405
eastern_europe,2020.8,1.6161,97.6065,0.7788
eastern_europe,2020.9,1.6763,97.5038,0.8198
eastern_europe,2021.0,1.7380,97.3983,0.8637
eastern_europe,2021.1,1.8011,97.2899,0.9091
eastern_europe,2021.2,1.8657,97.1784,0.9559
eastern_europe,2021.3,1.9317,97.0639,1.0043
eastern_europe,2021.4,1.9993,96.9464,1.0543
eastern_europe,2021.5,2.0684,96.8257,1.1059
eastern_europe,2021.6,2.1391,96.7018,1.1591
eastern_europe,2021.7,2.2114,96.5747,1.2139
eastern_europe,2021.8,2.2853,96.4443,1.2705
eastern_europe,2021.9,2.3607,96.3105,1.3287
eastern_europe,2022.0,2.4379,96.1734,1.3888
eastern_europe,2022.1,2.5167,96.0327,1.4506
eastern_europe,2022.2,2.5971,95.8886,1.5143
eastern_europe,2022.3,2.6793,95.7409,1.5798
eastern_europe,2022.4,2.7632,95.5896,1.6472
eastern_europe,2022.5,2.8488,95.4346,1.7165
eastern_europe,2022.6,2.9363,95.2759,1.7878
eastern_europe,2022.7,3.0255,95.1134,1.8611
eastern_europe,2022.8,3.1165,94.9471,1.9364
eastern_europe,2022.9,3.2093,94.7768,2.0138
eastern_europe,2023.0,3.3040,94.6027,2.0933
eastern_europe,2023.1,3.4006,94.4245,2.1749
eastern_europe,2023.2,3.4991,94.2422,2.2587
eastern_europe,2023.3,3.5995,94.0558,2.3447
eastern_europe,2023.4,3.7018,93.8653,2.4329
eastern_europe,2023.5,3.8061,93.6705,2.5234
eastern_europe,2023.6,3.9124,93.4714,2.6161
eastern_europe,2023.7,4.0207,93.2680,2.7113
eastern_europe,2023.8,4.1310,93.0602,2.8087
eastern_europe,2023.9,4.2434,92.8480,2.9086
eastern_europe,2024.0,4.3578,92.6312,3.0109
eastern_europe,2024.1,4.4744,92.4099,3.1157
eastern_europe,2024.2,4.5930,92.1840,3.2230
eastern_europe,2024.3,4.7138,91.9534,3.3328
eastern_europe,2024.4,4.8367,91.7182,3.4451
eastern_europe,2024.5,4.9618,91.4781,3.5600
eastern_europe,2024.6,5.0891,91.2333,3.6776
eastern_europe,2024.7,5.2186,90.9836,3.7978
eastern_europe,2024.8,5.3504,90.7290,3.9206
eastern_europe,2024.9,5.4844,90.4694,4.0462
eastern_europe,2025.0,5.6207,90.2049,4.1744
eastern_europe,2025.1,5.7593,89.9353,4.3054
eastern_europe,2025.2,5.9002,89.6606,4.4392
eastern_europe,2025.3,6.0435,89.3808,4.5758
eastern_europe,2025.4,6.1891,89.0958,4.7151
eastern_europe,2025.5,6.3370,88.8057,4.8573
eastern_europe,2025.6,6.4874,88.5102,5.0023
eastern_europe,2025.7,6.6402,88.2095,5.1502
eastern_europe,2025.8,6.7955,87.9035,5.3010
eastern_europe,2025.9,6.9532,87.5922,5.4547
eastern_europe,2026.0,7.1133,87.2755,5.6112
eastern_europe,2026.1,7.2760,86.9533,5.7707
eastern_europe,2026.2,7.4412,86.6258,5.9331
eastern_europe,2026.3,7.6088,86.2928,6.0984
eastern_europe,2026.4,7.7791,85.9543,6.2667
eastern_europe,2026.5,7.9519,85.6103,6.4378
eastern_europe,2026.6,8.1273,85.2608,6.6120
eastern_europe,2026.7,8.3052,84.9058,6.7890
eastern_europe,2026.8,8.4858,84.5452,6.9690
eastern_europe,2026.9,8.6690,84.1791,7.1519
eastern_europe,2027.0,8.8549,83.8074,7.3377
eastern_europe,2027.1,9.0434,83.4302,7.5265
eastern_europe,2027.2,9.2345,83.0474,7.7181
eastern_europe,2027.3,9.4284,82.6590,7.9126
eastern_europe,2027.4,9.6249,82.2651,8.1099
eastern_europe,2027.5,9.8242,81.8656,8.3101
eastern_europe,2027.6,10.0262,81.4606,8.5131
eastern_europe,2027.7,10.2309,81.0501,8.7189
eastern_europe,2027.8,10.4384,80.6341,8.9275
eastern_europe,2027.9,10.6487,80.2125,9.1388
eastern_europe,2028.0,10.8617,79.7856,9.3527
eastern_europe,2028.1,11.0775,79.3531,9.5696
eastern_europe,2028.2,11.2961,78.9153,9.7898
eastern_europe,2028.3,11.5175,78.4721,10.0126
eastern_europe,2028.4,11.7417,78.0236,10.2379
eastern_europe,2028.5,11.9687,77.5698,10.4657
eastern_europe,2028.6,12.1986,77.1108,10.6960
eastern_europe,2028.7,12.4313,76.6466,10.9286
eastern_europe,2028.8,12.6668,76.1772,11.1635
eastern_europe,2028.9,12.9052,75.7028,11.4007
eastern_europe,2029.0,13.1464,75.2234,11.6400
eastern_europe,2029.1,13.3905,74.7390,11.8814
eastern_europe,2029.2,13.6374,74.2497,12.1249
eastern_europe,2029.3,13.8872,73.7557,12.3703
eastern_europe,2029.4,14.1399,73.2570,12.6176
eastern_europe,2029.5,14.3955,72.7536,12.8667
eastern_europe,2029.6,14.6539,72.2457,13.1175
eastern_europe,2029.7,14.9152,71.7333,13.3698
eastern_europe,2029.8,15.1794,71.2166,13.6237
eastern_europe,2029.9,15.4464,70.6956,13.8789
eastern_europe,2030.0,15.7164,70.1705,14.1355
eastern_europe,2030.1,15.9891,69.6413,14.3932
eastern_europe,2030.2,16.2648,69.1083,14.6520
eastern_europe,2030.3,16.5433,68.5714,14.9118
eastern_europe,2030.4,16.8247,68.0309,15.1724
eastern_europe,2030.5,17.1089,67.4868,15.4337
eastern_europe,2030.6,17.3960,66.9393,15.6956
eastern_europe,2030.7,17.6859,66.3885,15.9580
eastern_europe,2030.8,17.9787,65.8346,16.2207
eastern_europe,2030.9,18.2742,65.2777,16.4836
eastern_europe,2031.0,18.5726,64.7179,16.7465
eastern_europe,2031.1,18.8738,64.1555,17.0094
eastern_europe,2031.2,19.1778,63.5905,17.2720
eastern_europe,2031.3,19.4846,63.0231,17.5343
eastern_europe,2031.4,19.7941,62.4534,17.7960
eastern_europe,2031.5,20.1064,61.8818,18.0571
eastern_europe,2031.6,20.4214,61.3082,18.3173
eastern_europe,2031.7,20.7392,60.7329,18.5765
eastern_europe,2031.8,21.0596,60.1561,18.8346
eastern_europe,2031.9,21.3828,59.5779,19.0914
eastern_europe,2032.0,21.7086,58.9985,19.3468
eastern_europe,2032.1,22.0371,58.4181,19.6005
eastern_europe,2032.2,22.3682,57.8369,19.8524
eastern_europe,2032.3,22.7020,57.2551,20.1023
eastern_europe,2032.4,23.0383,56.6728,20.3501
eastern_europe,2032.5,23.3772,56.0903,20.5956
eastern_europe,2032.6,23.7186,55.5077,20.8387
eastern_europe,2032.7,24.0626,54.9252,21.0791
eastern_europe,2032.8,24.4090,54.3431,21.3167
eastern_europe,2032.9,24.7580,53.7615,21.5514
eastern_europe,2033.0,25.1093,53.1806,21.7829
eastern_europe,2033.1,25.4631,52.6006,22.0111
eastern_europe,2033.2,25.8193,52.0217,22.2358
eastern_europe,2033.3,26.1778,51.4442,22.4568
eastern_europe,2033.4,26.5386,50.8681,22.6741
eastern_europe,2033.5,26.9017,50.2938,22.8874
eastern_europe,2033.6,27.2671,49.7213,23.0966
eastern_europe,2033.7,27.6347,49.1510,23.3015
eastern_europe,2033.8,28.0044,48.5829,23.5019
eastern_europe,2033.9,28.3764,48.0173,23.6977
eastern_europe,2034.0,28.7504,47.4543,23.8888
eastern_europe,2034.1,29.1265,46.8942,24.0750
eastern_europe,2034.2,29.5047,46.3371,24.2561
eastern_europe,2034.3,29.8848,45.7832,24.4320
eastern_europe,2034.4,30.2669,45.2328,24.6026
eastern_europe,2034.5,30.6509,44.6858,24.7677
eastern_europe,2034.6,31.0368,44.1427,24.9273
eastern_europe,2034.7,31.4245,43.6034,25.0811
eastern_europe,2034.8,31.8140,43.0682,25.2291
eastern_europe,2034.9,32.2052,42.5372,25.3711
eastern_europe,2035.0,32.5981,42.0106,25.5071
eastern_europe,2035.1,32.9927,41.4886,25.6369
eastern_europe,2035.2,33.3889,40.9712,25.7605
eastern_europe,2035.3,33.7866,40.4587,25.8776
eastern_europe,2035.4,34.1858,39.9511,25.9884
eastern_europe,2035.5,34.5864,39.4486,26.0926
eastern_europe,2035.6,34.9885,38.9514,26.1902
eastern_europe,2035.7,35.3919,38.4594,26.2811
eastern_europe,2035.8,35.7966,37.9730,26.3653
eastern_europe,2035.9,36.2025,37.4921,26.4427
eastern_europe,2036.0,36.6096,37.0168,26.5133
eastern_europe,2036.1,37.0179,36.5473,26.5770
eastern_europe,2036.2,37.4272,36.0836,26.6338
eastern_europe,2036.3,37.8376,35.6259,26.6836
eastern_europe,2036.4,38.2489,35.1742,26.7265
eastern_europe,2036.5,38.6611,34.7285,26.7624
eastern_europe,2036.6,39.0741,34.2890,26.7914
eastern_europe,2036.7,39.4880,33.8557,26.8133
eastern_europe,2036.8,39.9026,33.4286,26.8284
eastern_europe,2036.9,40.3179,33.0078,26.8364
eastern_europe,2037.0,40.7337,32.5933,26.8376
eastern_europe,2037.1,41.1502,32.1851,26.8318
eastern_europe,2037.2,41.5671,31.7833,26.8193
eastern_europe,2037.3,41.9844,31.3879,26.7999
eastern_europe,2037.4,42.4021,30.9989,26.7737
eastern_europe,2037.5,42.8202,30.6163,26.7409
eastern_europe,2037.6,43.2384,30.2401,26.7014
eastern_europe,2037.7,43.6569,29.8702,26.6554
eastern_europe,2037.8,44.0754,29.5068,26.6028
eastern_europe,2037.9,44.4941,29.1496,26.5439
eastern_europe,2038.0,44.9127,28.7988,26.4787
eastern_europe,2038.1,45.3312,28.4543,26.4073
eastern_europe,2038.2,45.7496,28.1160,26.3298
eastern_europe,2038.3,46.1678,27.7839,26.2463
eastern_europe,2038.4,46.5858,27.4579,26.1569
eastern_europe,2038.5,47.0034,27.1380,26.0617
eastern_europe,2038.6,47.4206,26.8242,25.9609
eastern_europe,2038.7,47.8374,26.5163,25.8546
eastern_europe,2038.8,48.2537,26.2144,25.7429
eastern_europe,2038.9,48.6693,25.9183,25.6260
eastern_europe,2039.0,49.0844,25.6279,25.5039
eastern_europe,2039.1,49.4987,25.3432,25.3769
eastern_europe,2039.2,49.9122,25.0641,25.2450
eastern_europe,2039.3,50.3249,24.7905,25.1085
eastern_europe,2039.4,50.7367,24.5224,24.9675
eastern_europe,2039.5,51.1476,24.2595,24.8221
eastern_europe,2039.6,51.5574,24.0019,24.6724
eastern_europe,2039.7,51.9661,23.7495,24.5188
eastern_europe,2039.8,52.3737,23.5020,24.3612
eastern_europe,2039.9,52.7800,23.2596,24.1999
eastern_europe,2040.0,53.1851,23.0220,24.0350
eastern_europe,2040.1,53.5889,22.7891,23.8666
eastern_europe,2040.2,53.9912,22.5609,23.6951
eastern_europe,2040.3,54.3921,22.3372,23.5204
eastern_europe,2040.4,54.7915,22.1179,23.3428
eastern_europe,2040.5,55.1894,21.9030,23.1624
eastern_europe,2040.6,55.5856,21.6924,22.9794
eastern_europe,2040.7,55.9801,21.4858,22.7940
eastern_europe,2040.8,56.3729,21.2833,22.6062
eastern_europe,2040.9,56.7639,21.0847,22.4163
eastern_europe,2041.0,57.1530,20.8900,22.2244
eastern_europe,2041.1,57.5402,20.6990,22.0307
eastern_europe,2041.2,57.9255,20.5116,21.8353
eastern_europe,2041.3,58.3087,20.3277,21.6384
eastern_europe,2041.4,58.6899,20.1473,21.4401
eastern_europe,2041.5,59.0690,19.9702,21.2405
eastern_europe,2041.6,59.4459,19.7963,21.0399
eastern_europe,2041.7,59.8206,19.6257,20.8383
eastern_europe,2041.8,60.1931,19.4580,20.6358
eastern_europe,2041.9,60.5632,19.2934,20.4327
eastern_europe,2042.0,60.9310,19.1317,20.2291
eastern_europe,2042.1,61.2964,18.9727,20.0250
eastern_europe,2042.2,61.6594,18.8165,19.8206
eastern_europe,2042.3,62.0199,18.6630,19.6160
eastern_europe,2042.4,62.3779,18.5120,19.4113
eastern_europe,2042.5,62.7333,18.3635,19.2067
eastern_europe,2042.6,63.0861,18.2174,19.0023
eastern_europe,2042.7,63.4362,18.0736,18.7981
eastern_europe,2042.8,63.7837,17.9322,18.5944
eastern_europe,2042.9,64.1285,17.7929,18.3911
eastern_europe,2043.0,64.4706,17.6558,18.1883
eastern_europe,2043.1,64.8098,17.5208,17.9863
eastern_europe,2043.2,65.1463,17.3878,17.7850
eastern_europe,2043.3,65.4799,17.2568,17.5846
eastern_europe,2043.4,65.8107,17.1276,17.3851
eastern_europe,2043.5,66.1385,17.0004,17.1866
eastern_europe,2043.6,66.4635,16.8749,16.9893
eastern_europe,2043.7,66.7855,16.7511,16.7931
eastern_europe,2043.8,67.1045,16.6291,16.5982
eastern_europe,2043.9,67.4206,16.5087,16.4045
eastern_europe,2044.0,67.7336,16.3899,16.2123
eastern_europe,2044.1,68.0437,16.2726,16.0215
eastern_europe,2044.2,68.3506,16.1569,15.8323
eastern_europe,2044.3,68.6545,16.0426,15.6446
eastern_europe,2044.4,68.9554,15.9298,15.4585
eastern_europe,2044.5,69.2531,15.8184,15.2741
eastern_europe,2044.6,69.5477,15.7083,15.0914
eastern_europe,2044.7,69.8393,15.5996,14.9105
eastern_europe,2044.8,70.1277,15.4921,14.7314
eastern_europe,2044.9,70.4129,15.3859,14.5541
eastern_europe,2045.0,70.6950,15.2809,14.3788
eastern_europe,2045.1,70.9740,15.1771,14.2054
eastern_europe,2045.2,71.2498,15.0744,14.0339
eastern_europe,2045.3,71.5225,14.9729,13.8645
eastern_europe,2045.4,71.7920,14.8725,13.6970
eastern_europe,2045.5,72.0584,14.7732,13.5317
eastern_europe,2045.6,72.3216,14.6749,13.3684
eastern_europe,2045.7,72.5816,14.5776,13.2072
eastern_europe,2045.8,72.8385,14.4813,13.0481
eastern_europe,2045.9,73.0923,14.3860,12.8912
eastern_europe,2046.0,73.3429,14.2917,12.7364
eastern_europe,2046.1,73.5904,14.1983,12.5838
eastern_europe,2046.2,73.8347,14.1058,12.4334
eastern_europe,2046.3,74.0759,14.0142,12.2852
eastern_europe,2046.4,74.3141,13.9234,12.1392
eastern_europe,2046.5,74.5491,13.8335,11.9954
eastern_europe,2046.6,74.7811,13.7444,11.8539
eastern_europe,2046.7,75.0099,13.6562,11.7146
eastern_europe,2046.8,75.2358,13.5687,11.5775
eastern_europe,2046.9,75.4586,13.4820,11.4426
eastern_europe,2047.0,75.6783,13.3960,11.3100
eastern_europe,2047.1,75.8951,13.3108,11.1796
eastern_europe,2047.2,76.1089,13.2263,11.0515
eastern_europe,2047.3,76.3197,13.1425,10.9255
eastern_europe,2047.4,76.5276,13.0594,10.8018
eastern_europe,2047.5,76.7325,12.9770,10.6803
eastern_europe,2047.6,76.9346,12.8952,10.5611
eastern_europe,2047.7,77.1337,12.8141,10.4440
eastern_europe,2047.8,77.3300,12.7336,10.3291
eastern_europe,2047.9,77.5235,12.6538,10.2164
eastern_europe,2048.0,77.7142,12.5745,10.1059
eastern_europe,2048.1,77.9021,12.4959,9.9975
eastern_europe,2048.2,78.0872,12.4178,9.8912
eastern_europe,2048.3,78.2696,12.3403,9.7871
eastern_europe,2048.4,78.4493,12.2633,9.6851
eastern_europe,2048.5,78.6263,12.1869,9.5852
eastern_europe,2048.6,78.8007,12.1111,9.4873
eastern_europe,2048.7,78.9725,12.0358,9.3915
eastern_europe,2048.8,79.1417,11.9609,9.2977
eastern_europe,2048.9,79.3083,11.8866,9.2060
eastern_europe,2049.0,79.4724,11.8128,9.1162
eastern_europe,2049.1,79.6341,11.7395,9.0284
eastern_europe,2049.2,79.7932,11.6666,8.9426
eastern_europe,2049.3,79.9500,11.5943,8.8586
eastern_europe,2049.4,80.1043,11.5224,8.7766
eastern_europe,2049.5,80.2563,11.4509,8.6965
eastern_europe,2049.6,80.4059,11.3799,8.6182
eastern_europe,2049.7,80.5532,11.3094,8.5417
eastern_europe,2049.8,80.6983,11.2392,8.4670
eastern_europe,2049.9,80.8411,11.1695,8.3941
eastern_europe,2050.0,80.9817,11.1002,8.3230
eu,2015.0,0.3340,99.2998,0.3671
eu,2015.1,0.3585,99.2514,0.3910
eu,2015.2,0.3843,99.2006,0.4161
eu,2015.3,0.4114,99.1474,0.4422
eu,2015.4,0.4399,99.0917,0.4695
eu,2015.5,0.4698,99.0334,0.4979
eu,2015.6,0.5012,98.9724,0.5275
eu,2015.7,0.5341,98.9087,0.5583
eu,2015.8,0.5685,98.8423,0.5903
eu,2015.9,0.6045,98.7731,0.6236
eu,2016.0,0.6422,98.7009,0.6581
eu,2016.1,0.6815,98.6258,0.6939
eu,2016.2,0.7225,98.5477,0.7310
eu,2016.3,0.7652,98.4666,0.7695
eu,2016.4,0.8097,98.3823,0.8092
eu,2016.5,0.8561,98.2949,0.8503
eu,2016.6,0.9043,98.2042,0.8928
eu,2016.7,0.9545,98.1102,0.9366
eu,2016.8,1.0066,98.0128,0.9818
eu,2016.9,1.0606,97.9121,1.0285
eu,2017.0,1.1167,97.8079,1.0767
eu,2017.1,1.1751,97.6986,1.1277
eu,2017.2,1.2357,97.5839,1.1818
eu,2017.3,1.2988,97.4643,1.2386
eu,2017.4,1.3642,97.3398,1.2978
eu,2017.5,1.4321,97.2105,1.3593
eu,2017.6,1.5025,97.0764,1.4231
eu,2017.7,1.5755,96.9375,1.4891
eu,2017.8,1.6511,96.7938,1.5572
eu,2017.9,1.7294,96.6454,1.6274
eu,2018.0,1.8105,96.4922,1.6997
eu,2018.1,1.8970,96.3340,1.7739
eu,2018.2,1.9847,96.1710,1.8500
eu,2018.3,2.0750,96.0031,1.9281
eu,2018.4,2.1683,95.8303,2.0081
eu,2018.5,2.2645,95.6526,2.0898
eu,2018.6,2.3637,95.4700,2.1734
eu,2018.7,2.4660,95.2825,2.2587
eu,2018.8,2.5715,95.0900,2.3458
eu,2018.9,2.6802,94.8925,2.4345
eu,2019.0,2.7922,94.6901,2.5249
eu,2019.1,2.9075,94.4826,2.6169
eu,2019.2,3.0262,94.2701,2.7104
eu,2019.3,3.1484,94.0526,2.8055
eu,2019.4,3.2741,93.8300,2.9021
eu,2019.5,3.4033,93.6024,3.0002
eu,2019.6,3.5362,93.3697,3.0997
eu,2019.7,3.6728,93.1319,3.2006
eu,2019.8,3.8130,92.8890,3.3028
eu,2019.9,3.9570,92.6410,3.4063
eu,2020.0,4.1049,92.3879,3.5110
eu,2020.1,4.2566,92.1297,3.6170
eu,2020.2,4.4123,91.8664,3.7241
eu,2020.3,4.5719,91.5980,3.8324
eu,2020.4,4.7355,91.3245,3.9418
eu,2020.5,4.9032,91.0459,4.0522
eu,2020.6,5.0750,90.7622,4.1637
eu,2020.7,5.2509,90.4734,4.2762
eu,2020.8,5.4310,90.1796,4.3896
eu,2020.9,5.6154,89.8807,4.5040
eu,2021.0,5.8040,89.5767,4.6193
eu,2021.1,5.9969,89.2677,4.7354
eu,2021.2,6.1942,88.9537,4.8521
eu,2021.3,6.3958,88.6347,4.9695
eu,2021.4,6.6019,88.3107,5.0874
eu,2021.5,6.8124,87.9818,5.2058
eu,2021.6,7.0273,87.6480,5.3247
eu,2021.7,7.2468,87.3093,5.4439
eu,2021.8,7.4708,86.9657,5.5635
eu,2021.9,7.6993,86.6173,5.6834
eu,2022.0,7.9324,86.2642,5.8035
eu,2022.1,8.1700,85.9063,5.9237
eu,2022.2,8.4123,85.5436,6.0441
eu,2022.3,8.6591,85.1764,6.1645
eu,2022.4,8.9106,84.8045,6.2849
eu,2022.5,9.1666,84.4280,6.4053
eu,2022.6,9.4273,84.0471,6.5256
eu,2022.7,9.6926,83.6617,6.6457
eu,2022.8,9.9625,83.2718,6.7656
eu,2022.9,10.2370,82.8777,6.8853
eu,2023.0,10.5161,82.4792,7.0047
eu,2023.1,10.7997,82.0765,7.1237
eu,2023.2,11.0879,81.6697,7.2424
eu,2023.3,11.3806,81.2587,7.3606
eu,2023.4,11.6778,80.8437,7.4784
eu,2023.5,11.9795,80.4248,7.5957
eu,2023.6,12.2856,80.0019,7.7125
eu,2023.7,12.5960,79.5753,7.8287
eu,2023.8,12.9108,79.1449,7.9443
eu,2023.9,13.2299,78.7108,8.0593
eu,2024.0,13.5531,78.2732,8.1737
eu,2024.1,13.8806,77.8320,8.2874
eu,2024.2,14.2121,77.3874,8.4005
eu,2024.3,14.5477,76.9394,8.5128
eu,2024.4,14.8873,76.4882,8.6245
eu,2024.5,15.2307,76.0338,8.7355
eu,2024.6,15.5780,75.5763,8.8457
eu,2024.7,15.9290,75.1158,8.9552
eu,2024.8,16.2837,74.6523,9.0640
eu,2024.9,16.6419,74.1861,9.1721
eu,2025.0,17.0036,73.7170,9.2794
eu,2025.1,17.3687,73.2453,9.3860
eu,2025.2,17.7370,72.7711,9.4919
eu,2025.3,18.1086,72.2944,9.5970
eu,2025.4,18.4833,71.8152,9.7015
eu,2025.5,18.8610,71.3338,9.8053
eu,2025.6,19.2415,70.8502,9.9083
eu,2025.7,19.6249,70.3644,10.0107
eu,2025.8,20.0110,69.8766,10.1124
eu,2025.9,20.3998,69.3869,10.2134
eu,2026.0,20.7910,68.8953,10.3137
eu,2026.1,21.1847,68.4020,10.4134
eu,2026.2,21.5807,67.9070,10.5147
eu,2026.3,21.9789,67.4104,10.6204
eu,2026.4,22.3793,66.9123,10.7250
eu,2026.5,22.7818,66.4128,10.8286
eu,2026.6,23.1862,65.9120,10.9311
eu,2026.7,23.5925,65.4100,11.0325
eu,2026.8,24.0007,64.9068,11.1327
eu,2026.9,24.4106,64.4026,11.2318
eu,2027.0,24.8222,63.8974,11.3297
eu,2027.1,25.2354,63.3913,11.4264
eu,2027.2,25.6501,62.8844,11.5219
eu,2027.3,26.0664,62.3767,11.6162
eu,2027.4,26.4840,61.8684,11.7093
eu,2027.5,26.9030,61.3596,11.8010
eu,2027.6,27.3234,60.8503,11.8915
eu,2027.7,27.7450,60.3405,11.9807
eu,2027.8,28.1678,59.8304,12.0687
eu,2027.9,28.5918,59.3201,12.1553
eu,2028.0,29.0169,58.8096,12.2406
eu,2028.1,29.4432,58.2989,12.3246
eu,2028.2,29.8704,57.7883,12.4073
eu,2028.3,30.2987,57.2777,12.4887
eu,2028.4,30.7280,56.7671,12.5688
eu,2028.5,31.1583,56.2568,12.6475
eu,2028.6,31.5894,55.7467,12.7248
eu,2028.7,32.0214,55.2370,12.8008
eu,2028.8,32.4542,54.7276,12.8754
eu,2028.9,32.8879,54.2187,12.9486
eu,2029.0,33.3223,53.7103,13.0205
eu,2029.1,33.7574,53.2025,13.0909
eu,2029.2,34.1932,52.6954,13.1600
eu,2029.3,34.6297,52.1890,13.2277
eu,2029.4,35.0667,51.6833,13.2940
eu,2029.5,35.5043,51.1786,13.3589
eu,2029.6,35.9424,50.6747,13.4225
eu,2029.7,36.3809,50.1718,13.4846
eu,2029.8,36.8199,49.6700,13.5454
eu,2029.9,37.2592,49.1692,13.6048
eu,2030.0,37.6988,48.6697,13.6628
eu,2030.1,38.1386,48.1713,13.7194
eu,2030.2,38.5786,47.6743,13.7746
eu,2030.3,39.0188,47.1786,13.8284
eu,2030.4,39.4590,46.6843,13.8809
eu,2030.5,39.8993,46.1915,13.9320
eu,2030.6,40.3395,45.7002,13.9817
eu,2030.7,40.7795,45.2105,14.0307
eu,2030.8,41.2195,44.7225,14.0855
eu,2030.9,41.6591,44.2361,14.1387
eu,2031.0,42.0985,43.7516,14.1904
eu,2031.1,42.5375,43.2689,14.2405
eu,2031.2,42.9761,42.7880,14.2891
eu,2031.3,43.4142,42.3092,14.3361
eu,2031.4,43.8517,41.8323,14.3816
eu,2031.5,44.2886,41.3575,14.4254
eu,2031.6,44.7249,40.8849,14.4678
eu,2031.7,45.1604,40.4144,14.5085
eu,2031.8,45.5951,39.9461,14.5477
eu,2031.9,46.0290,39.4802,14.5853
eu,2032.0,46.4619,39.0166,14.6213
eu,2032.1,46.8938,38.5555,14.6558
eu,2032.2,47.3248,38.0968,14.6887
eu,2032.3,47.7546,37.6406,14.7200
eu,2032.4,48.1833,37.1870,14.7497
eu,2032.5,48.6107,36.7360,14.7778
eu,2032.6,49.0370,36.2878,14.8043
eu,2032.7,49.4619,35.8423,14.8292
eu,2032.8,49.8854,35.3995,14.8525
eu,2032.9,50.3076,34.9596,14.8743
eu,2033.0,50.7282,34.5227,14.8944
eu,2033.1,51.1474,34.0886,14.9129
eu,2033.2,51.5650,33.6576,14.9298
eu,2033.3,51.9810,33.2296,14.9451
eu,2033.4,52.3953,32.8047,14.9588
eu,2033.5,52.8080,32.3829,14.9709
eu,2033.6,53.2189,31.9644,14.9814
eu,2033.7,53.6280,31.5490,14.9902
eu,2033.8,54.0354,31.1369,14.9975
eu,2033.9,54.4408,30.7282,15.0031
eu,2034.0,54.8444,30.3228,15.0071
eu,2034.1,55.2460,29.9208,15.0095
eu,2034.2,55.6456,29.5222,15.0103
eu,2034.3,56.0433,29.1271,15.0094
eu,2034.4,56.4389,28.7355,15.0070
eu,2034.5,56.8324,28.3475,15.0029
eu,2034.6,57.2238,27.9630,14.9972
eu,2034.7,57.6131,27.5821,14.9899
eu,2034.8,58.0002,27.2049,14.9811
eu,2034.9,58.3851,26.8313,14.9706
eu,2035.0,58.7678,26.4614,14.9585
eu,2035.1,59.1482,26.0952,14.9448
eu,2035.2,59.5264,25.7328,14.9296
eu,2035.3,59.9022,25.3741,14.9127
eu,2035.4,60.2758,25.0192,14.8943
eu,2035.5,60.6470,24.6681,14.8743
eu,2035.6,61.0158,24.3208,14.8528
eu,2035.7,61.3822,23.9773,14.8298
eu,2035.8,61.7462,23.6377,14.8052
eu,2035.9,62.1078,23.3020,14.7790
eu,2036.0,62.4670,22.9700,14.7514
eu,2036.1,62.8237,22.6420,14.7222
eu,2036.2,63.1779,22.3178,14.6916
eu,2036.3,63.5297,21.9976,14.6595
eu,2036.4,63.8789,21.6812,14.6259
eu,2036.5,64.2256,21.3686,14.5909
eu,2036.6,64.5698,21.0600,14.5545
eu,2036.7,64.9114,20.7553,14.5166
eu,2036.8,65.2505,20.4544,14.4774
eu,2036.9,65.5871,20.1574,14.4368
eu,2037.0,65.9211,19.8642,14.3948
eu,2037.1,66.2525,19.5750,14.3515
eu,2037.2,66.5813,19.2895,14.3069
eu,2037.3,66.9075,19.0079,14.2609
eu,2037.4,67.2312,18.7301,14.2137
eu,2037.5,67.5522,18.4561,14.1653
eu,2037.6,67.8707,18.1860,14.1156
eu,2037.7,68.1865,17.9195,14.0648
eu,2037.8,68.4998,17.6568,14.0127
eu,2037.9,68.8104,17.3979,13.9595
eu,2038.0,69.1185,17.1426,13.9052
eu,2038.1,69.4239,16.8911,13.8497
eu,2038.2,69.7268,16.6432,13.7932
eu,2038.3,70.0270,16.3989,13.7357
eu,2038.4,70.3246,16.1582,13.6771
eu,2038.5,70.6197,15.9211,13.6176
eu,2038.6,70.9121,15.6876,13.5572
eu,2038.7,71.2019,15.4575,13.4957
eu,2038.8,71.4892,15.2310,13.4334
eu,2038.9,71.7739,15.0078,13.3702
eu,2039.0,72.0560,14.7882,13.3061
eu,2039.1,72.3356,14.5719,13.2413
eu,2039.2,72.6126,14.3589,13.1756
eu,2039.3,72.8870,14.1493,13.1091
eu,2039.4,73.1589,13.9429,13.0420
eu,2039.5,73.4282,13.7398,12.9741
eu,2039.6,73.6951,13.5398,12.9055
eu,2039.7,73.9594,13.3431,12.8363
eu,2039.8,74.2212,13.1494,12.7665
eu,2039.9,74.4805,12.9589,12.6962
eu,2040.0,74.7373,12.7714,12.6252
eu,2040.1,74.9916,12.5869,12.5538
eu,2040.2,75.2435,12.4054,12.4818
eu,2040.3,75.4929,12.2268,12.4094
eu,2040.4,75.7399,12.0511,12.3366
eu,2040.5,75.9845,11.8782,12.2633
eu,2040.6,76.2266,11.7081,12.1897
eu,2040.7,76.4664,11.5409,12.1157
eu,2040.8,76.7037,11.3763,12.0414
eu,2040.9,76.9387,11.2144,11.9669
eu,2041.0,77.1713,11.0552,11.8920
eu,2041.1,77.4015,10.8986,11.8169
eu,2041.2,77.6295,10.7445,11.7416
eu,2041.3,77.8551,10.5929,11.6662
eu,2041.4,78.0784,10.4439,11.5905
eu,2041.5,78.2994,10.2973,11.5148
eu,2041.6,78.5181,10.1531,11.4389
eu,2041.7,78.7346,10.0112,11.3629
eu,2041.8,78.9489,9.8717,11.2869
eu,2041.9,79.1609,9.7345,11.2109
eu,2042.0,79.3707,9.5995,11.1348
eu,2042.1,79.5783,9.4667,11.0587
eu,2042.2,79.7837,9.3361,10.9827
eu,2042.3,79.9870,9.2077,10.9067
eu,2042.4,80.1881,9.0813,10.8308
eu,2042.5,80.3871,8.9570,10.7549
eu,2042.6,80.5840,8.8348,10.6792
eu,2042.7,80.7787,8.7145,10.6036
eu,2042.8,80.9714,8.5962,10.5282
eu,2042.9,81.1621,8.4798,10.4529
eu,2043.0,81.3506,8.3653,10.3778
eu,2043.1,81.5372,8.2527,10.3029
eu,2043.2,81.7217,8.1419,10.2283
eu,2043.3,81.9042,8.0328,10.1538
eu,2043.4,82.0848,7.9256,10.0796
eu,2043.5,82.2634,7.8200,10.0057
eu,2043.6,82.4400,7.7162,9.9320
eu,2043.7,82.6147,7.6140,9.8586
eu,2043.8,82.7875,7.5135,9.7856
eu,2043.9,82.9583,7.4145,9.7128
eu,2044.0,83.1273,7.3172,9.6404
eu,2044.1,83.2945,7.2214,9.5683
eu,2044.2,83.4597,7.1271,9.4966
eu,2044.3,83.6232,7.0343,9.4252
eu,2044.4,83.7848,6.9429,9.3542
eu,2044.5,83.9446,6.8530,9.2836
eu,2044.6,84.1027,6.7645,9.2133
eu,2044.7,84.2590,6.6774,9.1435
eu,2044.8,84.4135,6.5917,9.0741
eu,2044.9,84.5663,6.5073,9.0051
eu,2045.0,84.7174,6.4242,8.9365
eu,2045.1,84.8667,6.3424,8.8684
eu,2045.2,85.0144,6.2618,8.8007
eu,2045.3,85.1604,6.1825,8.7334
eu,2045.4,85.3048,6.1044,8.6667
eu,2045.5,85.4475,6.0275,8.6007
eu,2045.6,85.5886,5.9518,8.5351
eu,2045.7,85.7281,5.8772,8.4699
eu,2045.8,85.8660,5.8038,8.4051
eu,2045.9,86.0024,5.7314,8.3409
eu,2046.0,86.1372,5.6601,8.2771
eu,2046.1,86.2704,5.5899,8.2137
eu,2046.2,86.4021,5.5208,8.1508
eu,2046.3,86.5323,5.4527,8.0884
eu,2046.4,86.6610,5.3856,8.0265
eu,2046.5,86.7883,5.3194,7.9651
eu,2046.6,86.9140,5.2543,7.9042
eu,2046.7,87.0384,5.1901,7.8437
eu,2046.8,87.1613,5.1268,7.7838
eu,2046.9,87.2827,5.0645,7.7243
eu,2047.0,87.4028,5.0030,7.6654
eu,2047.1,87.5215,4.9425,7.6069
eu,2047.2,87.6388,4.8828,7.5490
eu,2047.3,87.7548,4.8239,7.4915
eu,2047.4,87.8694,4.7659,7.4346
eu,2047.5,87.9827,4.7087,7.3781
eu,2047.6,88.0947,4.6524,7.3222
eu,2047.7,88.2054,4.5968,7.2668
eu,2047.8,88.3148,4.5420,7.2119
eu,2047.9,88.4230,4.4879,7.1575
eu,2048.0,88.5299,4.4346,7.1036
eu,2048.1,88.6355,4.3820,7.0502
eu,2048.2,88.7400,4.3302,6.9973
eu,2048.3,88.8432,4.2791,6.9449
eu,2048.4,88.9453,4.2286,6.8930
eu,2048.5,89.0462,4.1789,6.8416
eu,2048.6,89.1459,4.1298,6.7907
eu,2048.7,89.2444,4.0813,6.7402
eu,2048.8,89.3419,4.0336,6.6903
eu,2048.9,89.4382,3.9864,6.6409
eu,2049.0,89.5334,3.9399,6.5919
eu,2049.1,89.6275,3.8940,6.5435
eu,2049.2,89.7205,3.8487,6.4955
eu,2049.3,89.8125,3.8040,6.4479
eu,2049.4,89.9034,3.7599,6.4009
eu,2049.5,89.9933,3.7163,6.3543
eu,2049.6,90.0822,3.6734,6.3082
eu,2049.7,90.1700,3.6309,6.2625
eu,2049.8,90.2569,3.5890,6.2173
eu,2049.9,90.3427,3.5477,6.1726
eu,2050.0,90.4276,3.5069,6.1283
g7,2015.0,0.3489,99.3508,0.3003
g7,2015.1,0.3707,99.3139,0.3154
g7,2015.2,0.3934,99.2756,0.3310
g7,2015.3,0.4172,99.2357,0.3472
g7,2015.4,0.4420,99.1942,0.3638
g7,2015.5,0.4678,99.1512,0.3810
g7,2015.6,0.4947,99.1066,0.3987
g7,2015.7,0.5227,99.0604,0.4169
g7,2015.8,0.5518,99.0126,0.4356
g7,2015.9,0.5821,98.9630,0.4549
g7,2016.0,0.6135,98.9118,0.4747
g7,2016.1,0.6461,98.8589,0.4951
g7,2016.2,0.6799,98.8042,0.5160
g7,2016.3,0.7148,98.7477,0.5374
g7,2016.4,0.7511,98.6895,0.5594
g7,2016.5,0.7885,98.6295,0.5819
g7,2016.6,0.8273,98.5677,0.6050
g7,2016.7,0.8673,98.5040,0.6287
g7,2016.8,0.9087,98.4385,0.6529
g7,2016.9,0.9513,98.3711,0.6776
g7,2017.0,0.9953,98.3018,0.7029
g7,2017.1,1.0407,98.2306,0.7287
g7,2017.2,1.0874,98.1574,0.7551
g7,2017.3,1.1356,98.0824,0.7821
g7,2017.4,1.1851,98.0053,0.8096
g7,2017.5,1.2361,97.9263,0.8376
g7,2017.6,1.2885,97.8453,0.8662
g7,2017.7,1.3423,97.7623,0.8954
g7,2017.8,1.3977,97.6773,0.9250
g7,2017.9,1.4545,97.5902,0.9553
g7,2018.0,1.5128,97.5011,0.9860
g7,2018.1,1.5727,97.4100,1.0173
g7,2018.2,1.6341,97.3168,1.0491
g7,2018.3,1.6970,97.2215,1.0815
g7,2018.4,1.7615,97.1241,1.1143
g7,2018.5,1.8276,97.0247,1.1477
g7,2018.6,1.8953,96.9231,1.1816
g7,2018.7,1.9646,96.8194,1.2161
g7,2018.8,2.0355,96.7136,1.2510
g7,2018.9,2.1080,96.6056,1.2864
g7,2019.0,2.1822,96.4955,1.3223
g7,2019.1,2.2580,96.3833,1.3587
g7,2019.2,2.3355,96.2689,1.3956
g7,2019.3,2.4147,96.1523,1.4330
g7,2019.4,2.4956,96.0336,1.4708
g7,2019.5,2.5782,95.9127,1.5091
g7,2019.6,2.6625,95.7896,1.5478
g7,2019.7,2.7486,95.6644,1.5870
g7,2019.8,2.8364,95.5370,1.6267
g7,2019.9,2.9259,95.4074,1.6667
g7,2020.0,3.0172,95.2756,1.7072
g7,2020.1,3.1103,95.1416,1.7481
g7,2020.2,3.2051,95.0054,1.7894
g7,2020.3,3.3018,94.8671,1.8311
g7,2020.4,3.4002,94.7265,1.8732
g7,2020.5,3.5005,94.5838,1.9157
g7,2020.6,3.6026,94.4389,1.9585
g7,2020.7,3.7065,94.2918,2.0017
g7,2020.8,3.8122,94.1425,2.0453
g7,2020.9,3.9198,93.9910,2.0892
g7,2021.0,4.0292,93.8374,2.1334
g7,2021.1,4.1405,93.6816,2.1779
g7,2021.2,4.2537,93.5236,2.2227
g7,2021.3,4.3687,93.3635,2.2678
g7,2021.4,4.4856,93.2012,2.3133
g7,2021.5,4.6043,93.0367,2.3589
g7,2021.6,4.7250,92.8701,2.4049
g7,2021.7,4.8476,92.7014,2.4510
g7,2021.8,4.9720,92.5306,2.4974
g7,2021.9,5.0984,92.3576,2.5441
g7,2022.0,5.2266,92.1825,2.5909
g7,2022.1,5.3568,92.0053,2.6379
g7,2022.2,5.4888,91.8261,2.6851
g7,2022.3,5.6228,91.6447,2.7325
g7,2022.4,5.7587,91.4613,2.7800
g7,2022.5,5.8965,91.2758,2.8277
g7,2022.6,6.0363,91.0883,2.8755
g7,2022.7,6.1779,90.8987,2.9234
g7,2022.8,6.3215,90.7071,2.9714
g7,2022.9,6.4670,90.5136,3.0195
g7,2023.0,6.6144,90.3180,3.0676
g7,2023.1,6.7637,90.1204,3.1158
g7,2023.2,6.9150,89.9209,3.1641
g7,2023.3,7.0682,89.7195,3.2123
g7,2023.4,7.2233,89.5161,3.2606
g7,2023.5,7.3803,89.3108,3.3089
g7,2023.6,7.5392,89.1037,3.3572
g7,2023.7,7.7000,88.8946,3.4054
g7,2023.8,7.8627,88.6837,3.4536
g7,2023.9,8.0274,88.4709,3.5017
g7,2024.0,8.1939,88.2564,3.5497
g7,2024.1,8.3624,88.0400,3.5976
g7,2024.2,8.5327,87.8218,3.6455
g7,2024.3,8.7049,87.6019,3.6932
g7,2024.4,8.8790,87.3803,3.7407
g7,2024.5,9.0549,87.1569,3.7881
g7,2024.6,9.2327,86.9319,3.8354
g7,2024.7,9.4124,86.7052,3.8824
g7,2024.8,9.5939,86.4768,3.9293
g7,2024.9,9.7773,86.2468,3.9759
g7,2025.0,9.9625,86.0152,4.0223
g7,2025.1,10.1495,85.7820,4.0684
g7,2025.2,10.3384,85.5473,4.1143
g7,2025.3,10.5290,85.3111,4.1599
g7,2025.4,10.7214,85.0733,4.2053
g7,2025.5,10.9157,84.8341,4.2503
g7,2025.6,11.1117,84.5934,4.2950
g7,2025.7,11.3094,84.3512,4.3393
g7,2025.8,11.5089,84.1077,4.3833
g7,2025.9,11.7102,83.8628,4.4270
g7,2026.0,11.9131,83.6166,4.4703
g7,2026.1,12.1178,83.3690,4.5131
g7,2026.2,12.3242,83.1202,4.5556
g7,2026.3,12.5323,82.8701,4.5977
g7,2026.4,12.7420,82.6187,4.6393
g7,2026.5,12.9534,82.3662,4.6804
g7,2026.6,13.1664,82.1124,4.7212
g7,2026.7,13.3811,81.8575,4.7614
g7,2026.8,13.5974,81.6015,4.8011
g7,2026.9,13.8152,81.3444,4.8404
g7,2027.0,14.0346,81.0862,4.8792
g7,2027.1,14.2556,80.8270,4.9174
g7,2027.2,14.4781,80.5668,4.9551
g7,2027.3,14.7022,80.3056,4.9922
g7,2027.4,14.9277,80.0434,5.0288
g7,2027.5,15.1548,79.7804,5.0649
g7,2027.6,15.3833,79.5164,5.1003
g7,2027.7,15.6132,79.2516,5.1352
g7,2027.8,15.8446,78.9860,5.1694
g7,2027.9,16.0774,78.7195,5.2031
g7,2028.0,16.3115,78.4523,5.2361
g7,2028.1,16.5471,78.1844,5.2686
g7,2028.2,16.7839,77.9157,5.3003
g7,2028.3,17.0221,77.6464,5.3315
g7,2028.4,17.2616,77.3764,5.3620
g7,2028.5,17.5024,77.1058,5.3918
g7,2028.6,17.7444,76.8346,5.4209
g7,2028.7,17.9877,76.5629,5.4494
g7,2028.8,18.2321,76.2906,5.4772
g7,2028.9,18.4778,76.0178,5.5044
g7,2029.0,18.7246,75.7446,5.5308
g7,2029.1,18.9726,75.4709,5.5565
g7,2029.2,19.2217,75.1968,5.5815
g7,2029.3,19.4718,74.9224,5.6058
g7,2029.4,19.7230,74.6476,5.6294
g7,2029.5,19.9753,74.3724,5.6523
g7,2029.6,20.2286,74.0970,5.6744
g7,2029.7,20.4829,73.8213,5.6958
g7,2029.8,20.7382,73.5453,5.7165
g7,2029.9,20.9943,73.2692,5.7365
g7,2030.0,21.2515,72.9929,5.7557
g7,2030.1,21.5095,72.7164,5.7741
g7,2030.2,21.7683,72.4398,5.7919
g7,2030.3,22.0280,72.1631,5.8089
g7,2030.4,22.2885,71.8863,5.8251
g7,2030.5,22.5499,71.6095,5.8406
g7,2030.6,22.8119,71.3327,5.8554
g7,2030.7,23.0747,71.0559,5.8694
g7,2030.8,23.3382,70.7791,5.8826
g7,2030.9,23.6024,70.5024,5.8952
g7,2031.0,23.8673,70.2258,5.9069
g7,2031.1,24.1327,69.9493,5.9180
g7,2031.2,24.3988,69.6729,5.9283
g7,2031.3,24.6655,69.3967,5.9378
g7,2031.4,24.9327,69.1206,5.9467
g7,2031.5,25.2004,68.8448,5.9548
g7,2031.6,25.4686,68.5692,5.9621
g7,2031.7,25.7373,68.2939,5.9688
g7,2031.8,26.0065,68.0189,5.9747
g7,2031.9,26.2760,67.7441,5.9799
g7,2032.0,26.5460,67.4697,5.9843
g7,2032.1,26.8163,67.1956,5.9881
g7,2032.2,27.0870,66.9219,5.9912
g7,2032.3,27.3579,66.6485,5.9935
g7,2032.4,27.6292,66.3756,5.9952
g7,2032.5,27.9007,66.1031,5.9962
g7,2032.6,28.1725,65.8310,5.9965
g7,2032.7,28.4444,65.5595,5.9961
g7,2032.8,28.7166,65.2883,5.9951
g7,2032.9,28.9889,65.0177,5.9933
g7,2033.0,29.2614,64.7476,5.9910
g7,2033.1,29.5340,64.4781,5.9879
g7,2033.2,29.8066,64.2091,5.9843
g7,2033.3,30.0794,63.9406,5.9800
g7,2033.4,30.3521,63.6728,5.9751
g7,2033.5,30.6249,63.4055,5.9695
g7,2033.6,30.8977,63.1389,5.9634
g7,2033.7,31.1705,62.8729,5.9566
g7,2033.8,31.4432,62.6075,5.9493
g7,2033.9,31.7158,62.3428,5.9414
g7,2034.0,31.9884,62.0788,5.9329
g7,2034.1,32.2608,61.8154,5.9238
g7,2034.2,32.5331,61.5528,5.9142
g7,2034.3,32.8052,61.2908,5.9040
g7,2034.4,33.0771,61.0296,5.8933
g7,2034.5,33.3489,60.7691,5.8820
g7,2034.6,33.6204,60.5093,5.8703
g7,2034.7,33.8917,60.2503,5.8580
g7,2034.8,34.1627,59.9920,5.8452
g7,2034.9,34.4335,59.7345,5.8320
g7,2035.0,34.7039,59.4778,5.8182
g7,2035.1,34.9741,59.2219,5.8040
g7,2035.2,35.2439,58.9668,5.7893
g7,2035.3,35.5134,58.7124,5.7742
g7,2035.4,35.7824,58.4589,5.7587
g7,2035.5,36.0512,58.2062,5.7427
g7,2035.6,36.3195,57.9543,5.7262
g7,2035.7,36.5874,57.7032,5.7094
g7,2035.8,36.8548,57.4530,5.6922
g7,2035.9,37.1218,57.2036,5.6746
g7,2036.0,37.3884,56.9550,5.6566
g7,2036.1,37.6545,56.7073,5.6382
g7,2036.2,37.9201,56.4605,5.6195
g7,2036.3,38.1852,56.2145,5.6004
g7,2036.4,38.4497,55.9693,5.5810
g7,2036.5,38.7138,55.7250,5.5612
g7,2036.6,38.9773,55.4816,5.5411
g7,2036.7,39.2403,55.2390,5.5207
g7,2036.8,39.5027,54.9973,5.5001
g7,2036.9,39.7645,54.7564,5.4791
g7,2037.0,40.0257,54.5165,5.4578
g7,2037.1,40.2864,54.2774,5.4363
g7,2037.2,40.5464,54.0391,5.4145
g7,2037.3,40.8058,53.8018,5.3924
g7,2037.4,41.0647,53.5653,5.3701
g7,2037.5,41.3228,53.3296,5.3475
g7,2037.6,41.5804,53.0949,5.3247
g7,2037.7,41.8373,52.8610,5.3017
g7,2037.8,42.0935,52.6280,5.2785
g7,2037.9,42.3491,52.3958,5.2551
g7,2038.0,42.6040,52.1645,5.2315
g7,2038.1,42.8583,51.9340,5.2077
g7,2038.2,43.1118,51.7045,5.1837
g7,2038.3,43.3647,51.4757,5.1595
g7,2038.4,43.6169,51.2479,5.1352
g7,2038.5,43.8684,51.0209,5.1107
g7,2038.6,44.1192,50.7947,5.0861
g7,2038.7,44.3693,50.5694,5.0613
g7,2038.8,44.6187,50.3449,5.0364
g7,2038.9,44.8674,50.1213,5.0113
g7,2039.0,45.1154,49.8985,4.9861
g7,2039.1,45.3627,49.6765,4.9609
g7,2039.2,45.6092,49.4553,4.9355
g7,2039.3,45.8550,49.2350,4.9099
g7,2039.4,46.1001,49.0155,4.8843
g7,2039.5,46.3445,48.7968,4.8586
g7,2039.6,46.5882,48.5790,4.8329
g7,2039.7,46.8311,48.3619,4.8070
g7,2039.8,47.0733,48.1457,4.7811
g7,2039.9,47.3148,47.9302,4.7550
g7,2040.0,47.5555,47.7155,4.7290
g7,2040.1,47.7955,47.5017,4.7028
g7,2040.2,48.0348,47.2886,4.6766
g7,2040.3,48.2734,47.0763,4.6504
g7,2040.4,48.5112,46.8647,4.6241
g7,2040.5,48.7483,46.6540,4.5977
g7,2040.6,48.9847,46.4440,4.5714
g7,2040.7,49.2203,46.2348,4.5449
g7,2040.8,49.4552,46.0263,4.5185
g7,2040.9,49.6894,45.8186,4.4920
g7,2041.0,49.9229,45.6116,4.4655
g7,2041.1,50.1557,45.4053,4.4390
g7,2041.2,50.3877,45.1998,4.4125
g7,2041.3,50.6190,44.9951,4.3859
g7,2041.4,50.8496,44.7910,4.3594
g7,2041.5,51.0795,44.5877,4.3328
g7,2041.6,51.3087,44.3851,4.3062
g7,2041.7,51.5371,44.1832,4.2797
g7,2041.8,51.7649,43.9820,4.2531
g7,2041.9,51.9920,43.7815,4.2265
g7,2042.0,52.2183,43.5817,4.2000
g7,2042.1,52.4440,43.3826,4.1734
g7,2042.2,52.6689,43.1842,4.1469
g7,2042.3,52.8932,42.9865,4.1203
g7,2042.4,53.1167,42.7895,4.0938
g7,2042.5,53.3396,42.5931,4.0673
g7,2042.6,53.5618,42.3974,4.0408
g7,2042.7,53.7833,42.2024,4.0144
g7,2042.8,54.0041,42.0080,3.9879
g7,2042.9,54.2243,41.8143,3.9615
g7,2043.0,54.4437,41.6212,3.9351
g7,2043.1,54.6625,41.4288,3.9087
g7,2043.2,54.8806,41.2370,3.8823
g7,2043.3,55.0981,41.0459,3.8560
g7,2043.4,55.3149,40.8554,3.8297
g7,2043.5,55.5310,40.6656,3.8035
g7,2043.6,55.7464,40.4763,3.7772
g7,2043.7,55.9612,40.2878,3.7510
g7,2043.8,56.1754,40.0998,3.7248
g7,2043.9,56.3889,39.9124,3.6987
g7,2044.0,56.6017,39.7257,3.6726
g7,2044.1,56.8139,39.5396,3.6465
g7,2044.2,57.0254,39.3541,3.6205
g7,2044.3,57.2363,39.1692,3.5945
g7,2044.4,57.4466,38.9849,3.5685
g7,2044.5,57.6562,38.8012,3.5426
g7,2044.6,57.8652,38.6181,3.5167
g7,2044.7,58.0736,38.4356,3.4908
g7,2044.8,58.2813,38.2537,3.4650
g7,2044.9,58.4884,38.0724,3.4393
g7,2045.0,58.6949,37.8916,3.4135
g7,2045.1,58.9007,37.7115,3.3878
g7,2045.2,59.1059,37.5319,3.3621
g7,2045.3,59.3105,37.3530,3.3365
g7,2045.4,59.5145,37.1746,3.3110
g7,2045.5,59.7178,36.9968,3.2856
g7,2045.6,59.9206,36.8195,3.2602
g7,2045.7,60.1227,36.6429,3.2348
g7,2045.8,60.3242,36.4668,3.2094
g7,2045.9,60.5251,36.2913,3.1841
g7,2046.0,60.7254,36.1164,3.1588
g7,2046.1,60.9251,35.9420,3.1336
g7,2046.2,61.1241,35.7682,3.1085
g7,2046.3,61.3226,35.5950,3.0851
g7,2046.4,61.5204,35.4223,3.0618
g7,2046.5,61.7177,35.2502,3.0386
g7,2046.6,61.9143,35.0786,3.0153
g7,2046.7,62.1104,34.9077,2.9921
g7,2046.8,62.3058,34.7373,2.9690
g7,2046.9,62.5006,34.5674,2.9459
g7,2047.0,62.6949,34.3981,2.9229
g7,2047.1,62.8885,34.2294,2.8999
g7,2047.2,63.0815,34.0612,2.8769
g7,2047.3,63.2740,33.8936,2.8540
g7,2047.4,63.4658,33.7266,2.8311
g7,2047.5,63.6570,33.5601,2.8083
g7,2047.6,63.8477,33.3941,2.7856
g7,2047.7,64.0377,33.2288,2.7629
g7,2047.8,64.2272,33.0639,2.7402
g7,2047.9,64.4160,32.8997,2.7176
g7,2048.0,64.6043,32.7360,2.6950
g7,2048.1,64.7919,32.5728,2.6725
g7,2048.2,64.9790,32.4102,2.6500
g7,2048.3,65.1654,32.2482,2.6276
g7,2048.4,65.3513,32.0867,2.6052
g7,2048.5,65.5365,31.9258,2.5828
g7,2048.6,65.7212,31.7655,2.5606
g7,2048.7,65.9052,31.6057,2.5383
g7,2048.8,66.0887,31.4464,2.5162
g7,2048.9,66.2716,31.2878,2.4940
g7,2049.0,66.4538,31.1296,2.4719
g7,2049.1,66.6355,30.9721,2.4499
g7,2049.2,66.8165,30.8151,2.4279
g7,2049.3,66.9970,30.6586,2.4060
g7,2049.4,67.1769,30.5028,2.3841
g7,2049.5,67.3561,30.3475,2.3623
g7,2049.6,67.5348,30.1927,2.3405
g7,2049.7,67.7128,30.0385,2.3188
g7,2049.8,67.8903,29.8849,2.3072
g7,2049.9,68.0671,29.7318,2.2973
g7,2050.0,68.2433,29.5793,2.2874
north_america,2015.0,0.4065,99.3624,0.2311
north_america,2015.1,0.4284,99.3306,0.2410
north_america,2015.2,0.4511,99.2978,0.2511
north_america,2015.3,0.4744,99.2642,0.2614
north_america,2015.4,0.4985,99.2296,0.2719
north_america,2015.5,0.5234,99.1941,0.2825
north_america,2015.6,0.5490,99.1576,0.2934
north_america,2015.7,0.5754,99.1201,0.3045
north_america,2015.8,0.6025,99.0818,0.3157
north_america,2015.9,0.6305,99.0424,0.3272
north_america,2016.0,0.6592,99.0020,0.3388
north_america,2016.1,0.6887,98.9607,0.3506
north_america,2016.2,0.7190,98.9184,0.3626
north_america,2016.3,0.7501,98.8751,0.3747
north_america,2016.4,0.7821,98.8308,0.3871
north_america,2016.5,0.8149,98.7855,0.3996
north_america,2016.6,0.8485,98.7392,0.4123
north_america,2016.7,0.8830,98.6919,0.4252
north_america,2016.8,0.9183,98.6435,0.4382
north_america,2016.9,0.9545,98.5941,0.4514
north_america,2017.0,0.9916,98.5437,0.4648
north_america,2017.1,1.0295,98.4922,0.4783
north_america,2017.2,1.0683,98.4397,0.4920
north_america,2017.3,1.1080,98.3861,0.5059
north_america,2017.4,1.1486,98.3315,0.5199
north_america,2017.5,1.1901,98.2758,0.5341
north_america,2017.6,1.2325,98.2191,0.5484
north_america,2017.7,1.2759,98.1612,0.5629
north_america,2017.8,1.3201,98.1023,0.5775
north_america,2017.9,1.3653,98.0423,0.5923
north_america,2018.0,1.4115,97.9813,0.6072
north_america,2018.1,1.4586,97.9191,0.6223
north_america,2018.2,1.5066,97.8559,0.6375
north_america,2018.3,1.5556,97.7915,0.6529
north_america,2018.4,1.6056,97.7261,0.6684
north_america,2018.5,1.6565,97.6595,0.6840
north_america,2018.6,1.7084,97.5918,0.6997
north_america,2018.7,1.7613,97.5230,0.7156
north_america,2018.8,1.8152,97.4531,0.7316
north_america,2018.9,1.8701,97.3821,0.7478
north_america,2019.0,1.9260,97.3099,0.7640
north_america,2019.1,1.9829,97.2367,0.7804
north_america,2019.2,2.0409,97.1622,0.7969
north_america,2019.3,2.0998,97.0867,0.8135
north_america,2019.4,2.1598,97.0100,0.8302
north_america,2019.5,2.2208,96.9321,0.8471
north_america,2019.6,2.2828,96.8532,0.8640
north_america,2019.7,2.3459,96.7730,0.8811
north_america,2019.8,2.4101,96.6917,0.8982
north_america,2019.9,2.4753,96.6093,0.9154
north_america,2020.0,2.5415,96.5257,0.9328
north_america,2020.1,2.6088,96.4410,0.9502
north_america,2020.2,2.6772,96.3550,0.9677
north_america,2020.3,2.7467,96.2679,0.9854
north_america,2020.4,2.8172,96.1797,1.0031
north_america,2020.5,2.8889,96.0903,1.0208
north_america,2020.6,2.9616,95.9997,1.0387
north_america,2020.7,3.0354,95.9079,1.0566
north_america,2020.8,3.1104,95.8150,1.0747
north_america,2020.9,3.1864,95.7209,1.0928
north_america,2021.0,3.2635,95.6256,1.1109
north_america,2021.1,3.3418,95.5291,1.1291
north_america,2021.2,3.4211,95.4314,1.1474
north_america,2021.3,3.5016,95.3326,1.1658
north_america,2021.4,3.5832,95.2326,1.1842
north_america,2021.5,3.6660,95.1314,1.2027
north_america,2021.6,3.7498,95.0290,1.2212
north_america,2021.7,3.8349,94.9254,1.2397
north_america,2021.8,3.9210,94.8206,1.2584
north_america,2021.9,4.0083,94.7147,1.2770
north_america,2022.0,4.0968,94.6075,1.2957
north_america,2022.1,4.1864,94.4991,1.3145
north_america,2022.2,4.2771,94.3896,1.3333
north_america,2022.3,4.3691,94.2789,1.3521
north_america,2022.4,4.4621,94.1670,1.3709
north_america,2022.5,4.5564,94.0538,1.3898
north_america,2022.6,4.6518,93.9395,1.4087
north_america,2022.7,4.7484,93.8240,1.4276
north_america,2022.8,4.8462,93.7073,1.4465
north_america,2022.9,4.9451,93.5894,1.4655
north_america,2023.0,5.0452,93.4704,1.4844
north_america,2023.1,5.1465,93.3501,1.5034
north_america,2023.2,5.2490,93.2286,1.5224
north_america,2023.3,5.3527,93.1059,1.5413
north_america,2023.4,5.4576,92.9821,1.5603
north_america,2023.5,5.5637,92.8570,1.5793
north_america,2023.6,5.6709,92.7308,1.5983
north_america,2023.7,5.7794,92.6034,1.6173
north_america,2023.8,5.8890,92.4747,1.6362
north_america,2023.9,5.9999,92.3449,1.6552
north_america,2024.0,6.1120,92.2139,1.6741
north_america,2024.1,6.2252,92.0818,1.6930
north_america,2024.2,6.3397,91.9484,1.7119
north_america,2024.3,6.4554,91.8138,1.7307
north_america,2024.4,6.5723,91.6781,1.7496
north_america,2024.5,6.6904,91.5412,1.7684
north_america,2024.6,6.8097,91.4031,1.7871
north_america,2024.7,6.9303,91.2638,1.8059
north_america,2024.8,7.0520,91.1234,1.8246
north_america,2024.9,7.1750,90.9818,1.8432
north_america,2025.0,7.2992,90.8390,1.8618
north_america,2025.1,7.4246,90.6950,1.8804
north_america,2025.2,7.5512,90.5499,1.8989
north_america,2025.3,7.6791,90.4036,1.9173
north_america,2025.4,7.8081,90.2562,1.9357
north_america,2025.5,7.9384,90.1075,1.9540
north_america,2025.6,8.0699,89.9578,1.9723
north_america,2025.7,8.2027,89.8068,1.9905
north_america,2025.8,8.3366,89.6547,2.0087
north_america,2025.9,8.4718,89.5015,2.0267
north_america,2026.0,8.6082,89.3471,2.0447
north_america,2026.1,8.7458,89.1916,2.0626
north_america,2026.2,8.8846,89.0349,2.0805
north_america,2026.3,9.0247,88.8771,2.0982
north_america,2026.4,9.1660,88.7182,2.1159
north_america,2026.5,9.3085,88.5581,2.1334
north_america,2026.6,9.4522,88.3969,2.1509
north_america,2026.7,9.5971,88.2345,2.1683
north_america,2026.8,9.7433,88.0711,2.1856
north_america,2026.9,9.8907,87.9065,2.2028
north_america,2027.0,10.0393,87.7408,2.2199
north_america,2027.1,10.1891,87.5740,2.2369
north_america,2027.2,10.3401,87.4061,2.2538
north_america,2027.3,10.4923,87.2371,2.2706
north_america,2027.4,10.6458,87.0670,2.2872
north_america,2027.5,10.8004,86.8958,2.3038
north_america,2027.6,10.9563,86.7235,2.3202
north_america,2027.7,11.1134,86.5501,2.3365
north_america,2027.8,11.2717,86.3756,2.3527
north_america,2027.9,11.4311,86.2001,2.3688
north_america,2028.0,11.5918,86.0235,2.3847
north_america,2028.1,11.7537,85.8458,2.4005
north_america,2028.2,11.9168,85.6670,2.4162
north_america,2028.3,12.0811,85.4872,2.4317
north_america,2028.4,12.2465,85.3063,2.4471
north_america,2028.5,12.4132,85.1244,2.4624
north_america,2028.6,12.5811,84.9415,2.4775
north_america,2028.7,12.7501,84.7575,2.4924
north_america,2028.8,12.9203,84.5724,2.5073
north_america,2028.9,13.0917,84.3864,2.5219
north_america,2029.0,13.2643,84.1993,2.5365
north_america,2029.1,13.4380,84.0111,2.5508
north_america,2029.2,13.6130,83.8220,2.5650
north_america,2029.3,13.7891,83.6319,2.5791
north_america,2029.4,13.9663,83.4407,2.5929
north_america,2029.5,14.1447,83.2486,2.6067
north_america,2029.6,14.3243,83.0555,2.6202
north_america,2029.7,14.5050,82.8614,2.6336
north_america,2029.8,14.6869,82.6663,2.6468
north_america,2029.9,14.8699,82.4702,2.6599
north_america,2030.0,15.0541,82.2732,2.6727
north_america,2030.1,15.2394,82.0752,2.6854
north_america,2030.2,15.4259,81.8762,2.6979
north_america,2030.3,15.6134,81.6763,2.7103
north_america,2030.4,15.8021,81.4754,2.7224
north_america,2030.5,15.9920,81.2737,2.7344
north_america,2030.6,16.1829,81.0709,2.7461
north_america,2030.7,16.3750,80.8673,2.7577
north_america,2030.8,16.5681,80.6627,2.7691
north_america,2030.9,16.7624,80.4573,2.7803
north_america,2031.0,16.9578,80.2509,2.7913
north_america,2031.1,17.1542,80.0436,2.8021
north_america,2031.2,17.3518,79.8355,2.8128
north_america,2031.3,17.5504,79.6264,2.8232
north_america,2031.4,17.7501,79.4165,2.8334
north_america,2031.5,17.9509,79.2057,2.8434
north_america,2031.6,18.1528,78.9940,2.8532
north_america,2031.7,18.3557,78.7815,2.8628
north_america,2031.8,18.5597,78.5682,2.8722
north_america,2031.9,18.7647,78.3540,2.8814
north_america,2032.0,18.9708,78.1389,2.8903
north_america,2032.1,19.1779,77.9230,2.8991
north_america,2032.2,19.3860,77.7064,2.9076
north_america,2032.3,19.5952,77.4889,2.9159
north_america,2032.4,19.8054,77.2706,2.9240
north_america,2032.5,20.0166,77.0515,2.9319
north_america,2032.6,20.2289,76.8316,2.9396
north_america,2032.7,20.4421,76.6109,2.9470
north_america,2032.8,20.6563,76.3894,2.9542
north_america,2032.9,20.8715,76.1672,2.9612
north_america,2033.0,21.0877,75.9443,2.9680
north_america,2033.1,21.3049,75.7205,2.9745
north_america,2033.2,21.5231,75.4961,2.9809
north_america,2033.3,21.7422,75.2709,2.9870
north_america,2033.4,21.9623,75.0449,2.9928
north_america,2033.5,22.1833,74.8183,2.9984
north_america,2033.6,22.4052,74.5909,3.0038
north_america,2033.7,22.6281,74.3629,3.0090
north_america,2033.8,22.8520,74.1341,3.0139
north_america,2033.9,23.0767,73.9047,3.0186
north_america,2034.0,23.3024,73.6746,3.0231
north_america,2034.1,23.5290,73.4438,3.0273
north_america,2034.2,23.7564,73.2123,3.0313
north_america,2034.3,23.9848,72.9802,3.0350
north_america,2034.4,24.2140,72.7475,3.0385
north_america,2034.5,24.4441,72.5141,3.0418
north_america,2034.6,24.6751,72.2801,3.0448
north_america,2034.7,24.9070,72.0455,3.0476
north_america,2034.8,25.1397,71.8102,3.0501
north_america,2034.9,25.3732,71.5744,3.0524
north_america,2035.0,25.6076,71.3380,3.0545
north_america,2035.1,25.8428,71.1009,3.0563
north_america,2035.2,26.0788,70.8633,3.0578
north_america,2035.3,26.3157,70.6252,3.0592
north_america,2035.4,26.5533,70.3865,3.0602
north_america,2035.5,26.7917,70.1472,3.0611
north_america,2035.6,27.0309,69.9074,3.0617
north_america,2035.7,27.2709,69.6671,3.0620
north_america,2035.8,27.5117,69.4262,3.0621
north_america,2035.9,27.7532,69.1849,3.0619
north_america,2036.0,27.9955,68.9430,3.0616
north_america,2036.1,28.2385,68.7006,3.0609
north_america,2036.2,28.4822,68.4578,3.0600
north_america,2036.3,28.7267,68.2144,3.0589
north_america,2036.4,28.9718,67.9707,3.0575
north_america,2036.5,29.2177,67.7264,3.0559
north_america,2036.6,29.4643,67.4817,3.0540
north_america,2036.7,29.7115,67.2366,3.0519
north_america,2036.8,29.9595,66.9910,3.0495
north_america,2036.9,30.2081,66.7450,3.0469
north_america,2037.0,30.4573,66.4986,3.0441
north_america,2037.1,30.7073,66.2518,3.0410
north_america,2037.2,30.9578,66.0046,3.0376
north_america,2037.3,31.2090,65.7570,3.0340
north_america,2037.4,31.4608,65.5090,3.0302
north_america,2037.5,31.7132,65.2607,3.0261
north_america,2037.6,31.9662,65.0120,3.0218
north_america,2037.7,32.2198,64.7630,3.0172
north_america,2037.8,32.4740,64.5136,3.0124
north_america,2037.9,32.7287,64.2639,3.0074
north_america,2038.0,32.9840,64.0139,3.0021
north_america,2038.1,33.2399,63.7636,2.9965
north_america,2038.2,33.4963,63.5129,2.9908
north_america,2038.3,33.7532,63.2620,2.9848
north_america,2038.4,34.0107,63.0108,2.9785
north_america,2038.5,34.2686,62.7594,2.9720
north_america,2038.6,34.5271,62.5076,2.9653
north_america,2038.7,34.7860,62.2556,2.9583
north_america,2038.8,35.0454,62.0034,2.9511
north_america,2038.9,35.3053,61.7509,2.9437
north_america,2039.0,35.5657,61.4983,2.9361
north_america,2039.1,35.8265,61.2454,2.9282
north_america,2039.2,36.0877,60.9922,2.9200
north_america,2039.3,36.3494,60.7389,2.9117
north_america,2039.4,36.6115,60.4854,2.9031
north_america,2039.5,36.8740,60.2318,2.8943
north_america,2039.6,37.1368,59.9779,2.8852
north_america,2039.7,37.4001,59.7239,2.8760
north_america,2039.8,37.6637,59.4698,2.8665
north_america,2039.9,37.9277,59.2155,2.8567
north_america,2040.0,38.1921,58.9611,2.8468
north_america,2040.1,38.4568,58.7066,2.8366
north_america,2040.2,38.7218,58.4519,2.8263
north_america,2040.3,38.9872,58.1972,2.8157
north_america,2040.4,39.2528,57.9423,2.8048
north_america,2040.5,39.5188,57.6874,2.7938
north_america,2040.6,39.7850,57.4324,2.7826
north_america,2040.7,40.0515,57.1774,2.7711
north_america,2040.8,40.3183,56.9223,2.7595
north_america,2040.9,40.5853,56.6671,2.7476
north_america,2041.0,40.8526,56.4119,2.7355
north_america,2041.1,41.1201,56.1567,2.7232
north_america,2041.2,41.3879,55.9014,2.7107
north_america,2041.3,41.6558,55.6462,2.6980
north_america,2041.4,41.9240,55.3909,2.6851
north_america,2041.5,42.1923,55.1357,2.6720
north_america,2041.6,42.4608,54.8805,2.6587
north_america,2041.7,42.7295,54.6253,2.6452
north_america,2041.8,42.9983,54.3701,2.6315
north_america,2041.9,43.2673,54.1150,2.6177
north_america,2042.0,43.5364,53.8600,2.6036
north_america,2042.1,43.8057,53.6050,2.5893
north_america,2042.2,44.0750,53.3501,2.5749
north_america,2042.3,44.3445,53.0953,2.5603
north_america,2042.4,44.6140,52.8405,2.5455
north_america,2042.5,44.8836,52.5859,2.5305
north_america,2042.6,45.1533,52.3314,2.5153
north_america,2042.7,45.4230,52.0770,2.5000
north_america,2042.8,45.6928,51.8227,2.4845
north_america,2042.9,45.9627,51.5686,2.4688
north_america,2043.0,46.2325,51.3146,2.4529
north_america,2043.1,46.5024,51.0607,2.4369
north_america,2043.2,46.7722,50.8071,2.4207
north_america,2043.3,47.0421,50.5536,2.4043
north_america,2043.4,47.3119,50.3002,2.3878
north_america,2043.5,47.5817,50.0471,2.3712
north_america,2043.6,47.8515,49.7942,2.3543
north_america,2043.7,48.1212,49.5415,2.3373
north_america,2043.8,48.3908,49.2890,2.3202
north_america,2043.9,48.6604,49.0367,2.3029
north_america,2044.0,48.9299,48.7846,2.2855
north_america,2044.1,49.1993,48.5328,2.2679
north_america,2044.2,49.4686,48.2813,2.2502
north_america,2044.3,49.7377,48.0300,2.2323
north_america,2044.4,50.0068,47.7789,2.2143
north_america,2044.5,50.2757,47.5282,2.1962
north_america,2044.6,50.5444,47.2777,2.1779
north_america,2044.7,50.8130,47.0275,2.1595
north_america,2044.8,51.0814,46.7776,2.1410
north_america,2044.9,51.3496,46.5281,2.1223
north_america,2045.0,51.6177,46.2788,2.1035
north_america,2045.1,51.8855,46.0299,2.0846
north_america,2045.2,52.1531,45.7813,2.0656
north_america,2045.3,52.4205,45.5330,2.0465
north_america,2045.4,52.6877,45.2851,2.0272
north_america,2045.5,52.9546,45.0375,2.0079
north_america,2045.6,53.2213,44.7904,1.9884
north_america,2045.7,53.4877,44.5435,1.9688
north_america,2045.8,53.7538,44.2971,1.9491
north_america,2045.9,54.0196,44.0510,1.9294
north_america,2046.0,54.2851,43.8054,1.9095
north_america,2046.1,54.5504,43.5601,1.8895
north_america,2046.2,54.8153,43.3153,1.8695
north_america,2046.3,55.0798,43.0709,1.8493
north_america,2046.4,55.3441,42.8269,1.8291
north_america,2046.5,55.6080,42.5833,1.8087
north_america,2046.6,55.8715,42.3402,1.7883
north_america,2046.7,56.1347,42.0975,1.7678
north_america,2046.8,56.3975,41.8553,1.7473
north_america,2046.9,56.6599,41.6135,1.7266
north_america,2047.0,56.9219,41.3722,1.7059
north_america,2047.1,57.1835,41.1314,1.6852
north_america,2047.2,57.4446,40.8910,1.6643
north_america,2047.3,57.7054,40.6512,1.6434
north_america,2047.4,57.9657,40.4118,1.6224
north_america,2047.5,58.2256,40.1730,1.6014
north_america,2047.6,58.4850,39.9347,1.5803
north_america,2047.7,58.7439,39.6969,1.5592
north_america,2047.8,59.0024,39.4596,1.5380
north_america,2047.9,59.2604,39.2228,1.5168
north_america,2048.0,59.5179,38.9866,1.4955
north_america,2048.1,59.7749,38.7509,1.4742
north_america,2048.2,60.0314,38.5158,1.4528
north_america,2048.3,60.2874,38.2812,1.4314
north_america,2048.4,60.5428,38.0472,1.4100
north_america,2048.5,60.7977,37.8138,1.3886
north_america,2048.6,61.0520,37.5809,1.3671
north_america,2048.7,61.3058,37.3486,1.3456
north_america,2048.8,61.5591,37.1169,1.3240
north_america,2048.9,61.8117,36.8858,1.3025
north_america,2049.0,62.0638,36.6553,1.2809
north_america,2049.1,62.3153,36.4254,1.2593
north_america,2049.2,62.5662,36.1962,1.2377
north_america,2049.3,62.8164,35.9675,1.2161
north_america,2049.4,63.0661,35.7395,1.1945
north_america,2049.5,63.3151,35.5120,1.1728
north_america,2049.6,63.5635,35.2853,1.1512
north_america,2049.7,63.8113,35.0591,1.1296
north_america,2049.8,64.0584,34.8336,1.1245
north_america,2049.9,64.3049,34.6088,1.1219
north_america,2050.0,64.5506,34.3846,1.1194
south_america,2015.0,0.0000,100.0000,0.0000
south_america,2015.1,0.0000,100.0000,0.0000
south_america,2015.2,0.0000,100.0000,0.0000
south_america,2015.3,0.0000,100.0000,0.0000
south_america,2015.4,0.0000,99.9999,0.0001
south_america,2015.5,0.0000,99.9999,0.0001
south_america,2015.6,0.0000,99.9999,0.0001
south_america,2015.7,0.0000,99.9999,0.0001
south_america,2015.8,0.0000,99.9999,0.0001
south_america,2015.9,0.0000,99.9998,0.0001
south_america,2016.0,0.0000,99.9998,0.0002
south_america,2016.1,0.0000,99.9998,0.0002
south_america,2016.2,0.0000,99.9997,0.0003
south_america,2016.3,0.0000,99.9997,0.0003
south_america,2016.4,0.0000,99.9996,0.0004
south_america,2016.5,0.0000,99.9995,0.0005
south_america,2016.6,0.0001,99.9994,0.0005
south_america,2016.7,0.0001,99.9993,0.0006
south_america,2016.8,0.0001,99.9992,0.0008
south_america,2016.9,0.0001,99.9990,0.0009
south_america,2017.0,0.0001,99.9988,0.0011
south_america,2017.1,0.0002,99.9986,0.0012
south_america,2017.2,0.0002,99.9984,0.0014
south_america,2017.3,0.0002,99.9981,0.0017
south_america,2017.4,0.0003,99.9978,0.0020
south_america,2017.5,0.0003,99.9974,0.0023
south_america,2017.6,0.0004,99.9970,0.0026
south_america,2017.7,0.0005,99.9965,0.0031
south_america,2017.8,0.0006,99.9960,0.0035
south_america,2017.9,0.0007,99.9954,0.0041
south_america,2018.0,0.0008,99.9947,0.0047
south_america,2018.1,0.0010,99.9938,0.0053
south_america,2018.2,0.0011,99.9929,0.0061
south_america,2018.3,0.0013,99.9919,0.0070
south_america,2018.4,0.0016,99.9907,0.0080
south_america,2018.5,0.0018,99.9894,0.0090
south_america,2018.6,0.0021,99.9879,0.0103
south_america,2018.7,0.0025,99.9862,0.0116
south_america,2018.8,0.0029,99.9844,0.0132
south_america,2018.9,0.0034,99.9823,0.0149
south_america,2019.0,0.0039,99.9799,0.0168
south_america,2019.1,0.0045,99.9773,0.0189
south_america,2019.2,0.0052,99.9743,0.0212
south_america,2019.3,0.0060,99.9711,0.0238
south_america,2019.4,0.0068,99.9674,0.0266
south_america,2019.5,0.0078,99.9633,0.0298
south_america,2019.6,0.0090,99.9588,0.0333
south_america,2019.7,0.0103,99.9538,0.0371
south_america,2019.8,0.0117,99.9483,0.0414
south_america,2019.9,0.0133,99.9421,0.0460
south_america,2020.0,0.0151,99.9353,0.0511
south_america,2020.1,0.0172,99.9279,0.0567
south_america,2020.2,0.0195,99.9196,0.0629
south_america,2020.3,0.0221,99.9105,0.0696
south_america,2020.4,0.0249,99.9004,0.0769
south_america,2020.5,0.0282,99.8894,0.0849
south_america,2020.6,0.0318,99.8773,0.0936
south_america,2020.7,0.0358,99.8640,0.1032
south_america,2020.8,0.0404,99.8493,0.1135
south_america,2020.9,0.0454,99.8333,0.1247
south_america,2021.0,0.0511,99.8158,0.1369
south_america,2021.1,0.0574,99.7966,0.1502
south_america,2021.2,0.0644,99.7756,0.1645
south_america,2021.3,0.0723,99.7526,0.1800
south_america,2021.4,0.0811,99.7275,0.1968
south_america,2021.5,0.0909,99.7001,0.2149
south_america,2021.6,0.1017,99.6702,0.2344
south_america,2021.7,0.1138,99.6376,0.2555
south_america,2021.8,0.1273,99.6021,0.2782
south_america,2021.9,0.1422,99.5634,0.3026
south_america,2022.0,0.1587,99.5214,0.3288
south_america,2022.1,0.1770,99.4756,0.3570
south_america,2022.2,0.1972,99.4259,0.3872
south_america,2022.3,0.2196,99.3719,0.4197
south_america,2022.4,0.2443,99.3133,0.4544
south_america,2022.5,0.2714,99.2497,0.4915
south_america,2022.6,0.3013,99.1809,0.5312
south_america,2022.7,0.3342,99.1063,0.5736
south_america,2022.8,0.3703,99.0256,0.6188
south_america,2022.9,0.4099,98.9383,0.6670
south_america,2023.0,0.4533,98.8441,0.7183
south_america,2023.1,0.5007,98.7423,0.7729
south_america,2023.2,0.5525,98.6325,0.8310
south_america,2023.3,0.6091,98.5142,0.8927
south_america,2023.4,0.6708,98.3867,0.9584
south_america,2023.5,0.7380,98.2495,1.0292
south_america,2023.6,0.8111,98.1019,1.1044
south_america,2023.7,0.8905,97.9434,1.1840
south_america,2023.8,0.9768,97.7732,1.2684
south_america,2023.9,1.0704,97.5905,1.3577
south_america,2024.0,1.1717,97.3948,1.4521
south_america,2024.1,1.2814,97.1852,1.5517
south_america,2024.2,1.4000,96.9608,1.6569
south_america,2024.3,1.5282,96.7210,1.7678
south_america,2024.4,1.6664,96.4648,1.8845
south_america,2024.5,1.8155,96.1913,2.0073
south_america,2024.6,1.9762,95.8997,2.1363
south_america,2024.7,2.1490,95.5890,2.2717
south_america,2024.8,2.3349,95.2583,2.4137
south_america,2024.9,2.5346,94.9065,2.5623
south_america,2025.0,2.7489,94.5328,2.7183
south_america,2025.1,2.9788,94.1361,2.8851
south_america,2025.2,3.2251,93.7154,3.0595
south_america,2025.3,3.4889,93.2696,3.2415
south_america,2025.4,3.7710,92.7977,3.4313
south_america,2025.5,4.0727,92.2986,3.6287
south_america,2025.6,4.3948,91.7714,3.8338
south_america,2025.7,4.7386,91.2148,4.0466
south_america,2025.8,5.1052,90.6280,4.2668
south_america,2025.9,5.4959,90.0097,4.4944
south_america,2026.0,5.9118,89.3590,4.7291
south_america,2026.1,6.3543,88.6749,4.9707
south_america,2026.2,6.8247,87.9564,5.2189
south_america,2026.3,7.3244,87.2024,5.4732
south_america,2026.4,7.8548,86.4120,5.7332
south_america,2026.5,8.4172,85.5843,5.9985
south_america,2026.6,9.0132,84.7183,6.2684
south_america,2026.7,9.6443,83.8133,6.5423
south_america,2026.8,10.3121,82.8684,6.8196
south_america,2026.9,11.0179,81.8828,7.0993
south_america,2027.0,11.7634,80.8559,7.3807
south_america,2027.1,12.5502,79.7870,7.6629
south_america,2027.2,13.3797,78.6755,7.9448
south_america,2027.3,14.2535,77.5211,8.2254
south_america,2027.4,15.1731,76.3232,8.5037
south_america,2027.5,16.1400,75.0816,8.7785
south_america,2027.6,17.1555,73.7961,9.0484
south_america,2027.7,18.2210,72.4667,9.3123
south_america,2027.8,19.3377,71.0935,9.5688
south_america,2027.9,20.5068,69.6766,9.8166
south_america,2028.0,21.7293,68.2165,10.0542
south_america,2028.1,23.0060,66.7139,10.2802
south_america,2028.2,24.3375,65.1694,10.4931
south_america,2028.3,25.7244,63.5840,10.6916
south_america,2028.4,27.1669,61.9590,10.8741
south_america,2028.5,28.6649,60.2958,11.0393
south_america,2028.6,30.2181,58.5962,11.1857
south_america,2028.7,31.8260,56.8620,11.3120
south_america,2028.8,33.4875,55.0956,11.4169
south_america,2028.9,35.2013,53.2995,11.4992
south_america,2029.0,36.9656,51.4765,11.5579
south_america,2029.1,38.7783,49.6297,11.5920
south_america,2029.2,40.6368,47.7625,11.6007
south_america,2029.3,42.5378,45.8787,11.5835
south_america,2029.4,44.4780,43.9821,11.5399
south_america,2029.5,46.4532,42.0769,11.4698
south_america,2029.6,48.4589,40.1677,11.3734
south_america,2029.7,50.4901,38.2590,11.2508
south_america,2029.8,52.5413,36.3558,11.1029
south_america,2029.9,54.6064,34.4630,10.9306
south_america,2030.0,56.6793,32.5857,10.7350
south_america,2030.1,58.7530,30.7292,10.5178
south_america,2030.2,60.8206,28.8986,10.2808
south_america,2030.3,62.8747,27.0991,10.0262
south_america,2030.4,64.9079,25.3359,9.7562
south_america,2030.5,66.9125,23.6139,9.4736
south_america,2030.6,68.8809,21.9380,9.1811
south_america,2030.7,70.8055,20.3128,8.8817
south_america,2030.8,72.6792,18.7424,8.5784
south_america,2030.9,74.4948,17.2309,8.2743
south_america,2031.0,76.2458,15.7819,7.9724
south_america,2031.1,77.9260,14.3984,7.6756
south_america,2031.2,79.5302,13.0831,7.3867
south_america,2031.3,81.0536,11.8381,7.1083
south_america,2031.4,82.4924,10.6650,6.8426
south_america,2031.5,83.8436,9.5650,6.5914
south_america,2031.6,85.1053,8.5384,6.3564
south_america,2031.7,86.2764,7.5851,6.1384
south_america,2031.8,87.3571,6.7046,5.9383
south_america,2031.9,88.3483,5.8957,5.7560
south_america,2032.0,89.2520,5.1566,5.5914
south_america,2032.1,90.0710,4.4852,5.4437
south_america,2032.2,90.8091,3.8790,5.3119
south_america,2032.3,91.4708,3.3349,5.1944
south_america,2032.4,92.0608,2.8496,5.0895
south_america,2032.5,92.5849,2.4197,4.9954
south_america,2032.6,93.0487,2.0413,4.9410
south_america,2032.7,93.4582,1.7106,4.9006
south_america,2032.8,93.8193,1.4236,4.8515
south_america,2032.9,94.1381,1.1763,4.7942
south_america,2033.0,94.4201,0.9649,4.7292
south_america,2033.1,94.6708,0.7856,4.6568
south_america,2033.2,94.8951,0.6346,4.5777
south_america,2033.3,95.0974,0.5086,4.4923
south_america,2033.4,95.2819,0.4043,4.4012
south_america,2033.5,95.4519,0.3187,4.3051
south_america,2033.6,95.6105,0.2491,4.2044
south_america,2033.7,95.7601,0.1929,4.0999
south_america,2033.8,95.9028,0.1481,3.9919
south_america,2033.9,96.0401,0.1126,3.8812
south_america,2034.0,96.1734,0.0848,3.7682
south_america,2034.1,96.3034,0.0633,3.6534
south_america,2034.2,96.4310,0.0467,3.5373
south_america,2034.3,96.5565,0.0342,3.4203
south_america,2034.4,96.6803,0.0247,3.3028
south_america,2034.5,96.8026,0.0177,3.1853
south_america,2034.6,96.9233,0.0125,3.0680
south_america,2034.7,97.0425,0.0088,2.9513
south_america,2034.8,97.1603,0.0061,2.8354
south_america,2034.9,97.2763,0.0041,2.7206
south_america,2035.0,97.3907,0.0028,2.6072
south_america,2035.1,97.5033,0.0019,2.4953
south_america,2035.2,97.6140,0.0012,2.3850
south_america,2035.3,97.7226,0.0008,2.2767
south_america,2035.4,97.8291,0.0005,2.1704
south_america,2035.5,97.9334,0.0003,2.0663
south_america,2035.6,98.0353,0.0002,1.9645
south_america,2035.7,98.1348,0.0001,1.8651
south_america,2035.8,98.2317,0.0001,1.7682
south_america,2035.9,98.3261,0.0000,1.6739
south_america,2036.0,98.4177,0.0000,1.5823
south_america,2036.1,98.5066,0.0000,1.4934
south_america,2036.2,98.5927,0.0000,1.4073
south_america,2036.3,98.6759,0.0000,1.3241
south_america,2036.4,98.7562,0.0000,1.2438
south_america,2036.5,98.8336,0.0000,1.1664
south_america,2036.6,98.9080,0.0000,1.0920
south_america,2036.7,98.9794,0.0000,1.0206
south_america,2036.8,99.0478,0.0000,0.9522
south_america,2036.9,99.1132,0.0000,0.8868
south_america,2037.0,99.1757,0.0000,0.8243
south_america,2037.1,99.2352,0.0000,0.7648
south_america,2037.2,99.2917,0.0000,0.7083
south_america,2037.3,99.3454,0.0000,0.6546
south_america,2037.4,99.3962,0.0000,0.6038
south_america,2037.5,99.4442,0.0000,0.5558
south_america,2037.6,99.4894,0.0000,0.5106
south_america,2037.7,99.5320,0.0000,0.4680
south_america,2037.8,99.5719,0.0000,0.4281
south_america,2037.9,99.6093,0.0000,0.3907
south_america,2038.0,99.6442,0.0000,0.3558
south_america,2038.1,99.6768,0.0000,0.3232
south_america,2038.2,99.7071,0.0000,0.2929
south_america,2038.3,99.7351,0.0000,0.2649
south_america,2038.4,99.7611,0.0000,0.2389
south_america,2038.5,99.7851,0.0000,0.2149
south_america,2038.6,99.8071,0.0000,0.1929
south_america,2038.7,99.8273,0.0000,0.1727
south_america,2038.8,99.8459,0.0000,0.1541
south_america,2038.9,99.8628,0.0000,0.1372
south_america,2039.0,99.8782,0.0000,0.1218
south_america,2039.1,99.8921,0.0000,0.1079
south_america,2039.2,99.9048,0.0000,0.0952
south_america,2039.3,99.9162,0.0000,0.0838
south_america,2039.4,99.9264,0.0000,0.0736
south_america,2039.5,99.9356,0.0000,0.0644
south_america,2039.6,99.9438,0.0000,0.0562
south_america,2039.7,99.9512,0.0000,0.0488
south_america,2039.8,99.9577,0.0000,0.0423
south_america,2039.9,99.9634,0.0000,0.0366
south_america,2040.0,99.9685,0.0000,0.0315
south_america,2040.1,99.9730,0.0000,0.0270
south_america,2040.2,99.9769,0.0000,0.0231
south_america,2040.3,99.9803,0.0000,0.0197
south_america,2040.4,99.9833,0.0000,0.0167
south_america,2040.5,99.9859,0.0000,0.0141
south_america,2040.6,99.9881,0.0000,0.0119
south_america,2040.7,99.9900,0.0000,0.0100
south_america,2040.8,99.9916,0.0000,0.0084
south_america,2040.9,99.9930,0.0000,0.0070
south_america,2041.0,99.9942,0.0000,0.0058
south_america,2041.1,99.9952,0.0000,0.0048
south_america,2041.2,99.9961,0.0000,0.0039
south_america,2041.3,99.9968,0.0000,0.0032
south_america,2041.4,99.9974,0.0000,0.0026
south_america,2041.5,99.9979,0.0000,0.0021
south_america,2041.6,99.9983,0.0000,0.0017
south_america,2041.7,99.9986,0.0000,0.0014
south_america,2041.8,99.9989,0.0000,0.0011
south_america,2041.9,99.9991,0.0000,0.0009
south_america,2042.0,99.9993,0.0000,0.0007
south_america,2042.1,99.9994,0.0000,0.0006
south_america,2042.2,99.9996,0.0000,0.0004
south_america,2042.3,99.9997,0.0000,0.0003
south_america,2042.4,99.9997,0.0000,0.0003
south_america,2042.5,99.9998,0.0000,0.0002
south_america,2042.6,99.9998,0.0000,0.0002
south_america,2042.7,99.9999,0.0000,0.0001
south_america,2042.8,99.9999,0.0000,0.0001
south_america,2042.9,99.9999,0.0000,0.0001
south_america,2043.0,99.9999,0.0000,0.0001
south_america,2043.1,100.0000,0.0000,0.0000
south_america,2043.2,100.0000,0.0000,0.0000
south_america,2043.3,100.0000,0.0000,0.0000
south_america,2043.4,100.0000,0.0000,0.0000
south_america,2043.5,100.0000,0.0000,0.0000
south_america,2043.6,100.0000,0.0000,0.0000
south_america,2043.7,100.0000,0.0000,0.0000
south_america,2043.8,100.0000,0.0000,0.0000
south_america,2043.9,100.0000,0.0000,0.0000
south_america,2044.0,100.0000,0.0000,0.0000
south_america,2044.1,100.0000,0.0000,0.0000
south_america,2044.2,100.0000,0.0000,0.0000
south_america,2044.3,100.0000,0.0000,0.0000
south_america,2044.4,100.0000,0.0000,0.0000
south_america,2044.5,100.0000,0.0000,0.0000
south_america,2044.6,100.0000,0.0000,0.0000
south_america,2044.7,100.0000,0.0000,0.0000
south_america,2044.8,100.0000,0.0000,0.0000
south_america,2044.9,100.0000,0.0000,0.0000
south_america,2045.0,100.0000,0.0000,0.0000
south_america,2045.1,100.0000,0.0000,0.0000
south_america,2045.2,100.0000,0.0000,0.0000
south_america,2045.3,100.0000,0.0000,0.0000
south_america,2045.4,100.0000,0.0000,0.0000
south_america,2045.5,100.0000,0.0000,0.0000
south_america,2045.6,100.0000,0.0000,0.0000
south_america,2045.7,100.0000,0.0000,0.0000
south_america,2045.8,100.0000,0.0000,0.0000
south_america,2045.9,100.0000,0.0000,0.0000
south_america,2046.0,100.0000,0.0000,0.0000
south_america,2046.1,100.0000,0.0000,0.0000
south_america,2046.2,100.0000,0.0000,0.0000
south_america,2046.3,100.0000,0.0000,0.0000
south_america,2046.4,100.0000,0.0000,0.0000
south_america,2046.5,100.0000,0.0000,0.0000
south_america,2046.6,100.0000,0.0000,0.0000
south_america,2046.7,100.0000,0.0000,0.0000
south_america,2046.8,100.0000,0.0000,0.0000
south_america,2046.9,100.0000,0.0000,0.0000
south_america,2047.0,100.0000,0.0000,0.0000
south_america,2047.1,100.0000,0.0000,0.0000
south_america,2047.2,100.0000,0.0000,0.0000
south_america,2047.3,100.0000,0.0000,0.0000
south_america,2047.4,100.0000,0.0000,0.0000
south_america,2047.5,100.0000,0.0000,0.0000
south_america,2047.6,100.0000,0.0000,0.0000
south_america,2047.7,100.0000,0.0000,0.0000
south_america,2047.8,100.0000,0.0000,0.0000
south_america,2047.9,100.0000,0.0000,0.0000
south_america,2048.0,100.0000,0.0000,0.0000
south_america,2048.1,100.0000,0.0000,0.0000
south_america,2048.2,100.0000,0.0000,0.0000
south_america,2048.3,100.0000,0.0000,0.0000
south_america,2048.4,100.0000,0.0000,0.0000
south_america,2048.5,100.0000,0.0000,0.0000
south_america,2048.6,100.0000,0.0000,0.0000
south_america,2048.7,100.0000,0.0000,0.0000
south_america,2048.8,100.0000,0.0000,0.0000
south_america,2048.9,100.0000,0.0000,0.0000
south_america,2049.0,100.0000,0.0000,0.0000
south_america,2049.1,100.0000,0.0000,0.0000
south_america,2049.2,100.0000,0.0000,0.0000
south_america,2049.3,100.0000,0.0000,0.0000
south_america,2049.4,100.0000,0.0000,0.0000
south_america,2049.5,100.0000,0.0000,0.0000
south_america,2049.6,100.0000,0.0000,0.0000
south_america,2049.7,100.0000,0.0000,0.0000
south_america,2049.8,100.0000,0.0000,0.0000
south_america,2049.9,100.0000,0.0000,0.0000
south_america,2050.0,100.0000,0.0000,0.0000
americas,2015.0,0.3435,99.4612,0.1953
americas,2015.1,0.3620,99.4343,0.2037
americas,2015.2,0.3812,99.4066,0.2122
americas,2015.3,0.4009,99.3782,0.2209
americas,2015.4,0.4213,99.3490,0.2298
americas,2015.5,0.4423,99.3189,0.2388
americas,2015.6,0.4639,99.2881,0.2480
americas,2015.7,0.4862,99.2565,0.2573
americas,2015.8,0.5092,99.2240,0.2668
americas,2015.9,0.5328,99.1907,0.2765
americas,2016.0,0.5570,99.1566,0.2863
americas,2016.1,0.5820,99.1217,0.2963
americas,2016.2,0.6076,99.0860,0.3064
americas,2016.3,0.6339,99.0494,0.3167
americas,2016.4,0.6609,99.0119,0.3272
americas,2016.5,0.6886,98.9736,0.3378
americas,2016.6,0.7171,98.9344,0.3485
americas,2016.7,0.7462,98.8944,0.3594
americas,2016.8,0.7760,98.8535,0.3704
americas,2016.9,0.8066,98.8118,0.3816
americas,2017.0,0.8379,98.7691,0.3929
americas,2017.1,0.8700,98.7256,0.4044
americas,2017.2,0.9028,98.6812,0.4160
americas,2017.3,0.9364,98.6359,0.4278
americas,2017.4,0.9707,98.5897,0.4397
americas,2017.5,1.0058,98.5426,0.4517
americas,2017.6,1.0416,98.4945,0.4639
americas,2017.7,1.0783,98.4456,0.4762
americas,2017.8,1.1157,98.3957,0.4886
americas,2017.9,1.1539,98.3449,0.5012
americas,2018.0,1.1929,98.2932,0.5139
americas,2018.1,1.2327,98.2406,0.5267
americas,2018.2,1.2733,98.1870,0.5397
americas,2018.3,1.3148,98.1324,0.5528
americas,2018.4,1.3570,98.0769,0.5660
americas,2018.5,1.4001,98.0205,0.5794
americas,2018.6,1.4441,97.9631,0.5929
americas,2018.7,1.4888,97.9047,0.6066
americas,2018.8,1.5344,97.8453,0.6203
americas,2018.9,1.5809,97.7850,0.6342
americas,2019.0,1.6282,97.7236,0.6483
americas,2019.1,1.6764,97.6613,0.6624
americas,2019.2,1.7255,97.5979,0.6767
americas,2019.3,1.7754,97.5336,0.6912
americas,2019.4,1.8262,97.4682,0.7057
americas,2019.5,1.8779,97.4018,0.7204
americas,2019.6,1.9305,97.3343,0.7353
americas,2019.7,1.9840,97.2659,0.7503
americas,2019.8,2.0385,97.1963,0.7654
americas,2019.9,2.0938,97.1257,0.7807
americas,2020.0,2.1501,97.0540,0.7962
americas,2020.1,2.2073,96.9812,0.8118
americas,2020.2,2.2654,96.9073,0.8275
americas,2020.3,2.3246,96.8323,0.8435
americas,2020.4,2.3846,96.7562,0.8596
americas,2020.5,2.4457,96.6789,0.8758
americas,2020.6,2.5077,96.6005,0.8923
americas,2020.7,2.5707,96.5209,0.9089
americas,2020.8,2.6347,96.4401,0.9257
americas,2020.9,2.6997,96.3580,0.9428
americas,2021.0,2.7658,96.2748,0.9600
americas,2021.1,2.8329,96.1903,0.9775
americas,2021.2,2.9010,96.1045,0.9951
americas,2021.3,2.9703,96.0174,1.0130
americas,2021.4,3.0406,95.9290,1.0312
americas,2021.5,3.1121,95.8392,1.0496
americas,2021.6,3.1846,95.7481,1.0683
americas,2021.7,3.2583,95.6555,1.0873
americas,2021.8,3.3332,95.5614,1.1065
americas,2021.9,3.4093,95.4659,1.1261
americas,2022.0,3.4866,95.3688,1.1459
americas,2022.1,3.5652,95.2702,1.1661
americas,2022.2,3.6450,95.1699,1.1867
americas,2022.3,3.7262,95.0680,1.2076
americas,2022.4,3.8086,94.9643,1.2289
americas,2022.5,3.8925,94.8589,1.2506
americas,2022.6,3.9778,94.7516,1.2727
americas,2022.7,4.0645,94.6424,1.2953
americas,2022.8,4.1527,94.5313,1.3183
americas,2022.9,4.2424,94.4182,1.3417
americas,2023.0,4.3338,94.3029,1.3657
americas,2023.1,4.4267,94.1855,1.3902
americas,2023.2,4.5214,94.0659,1.4152
americas,2023.3,4.6178,93.9439,1.4408
americas,2023.4,4.7159,93.8195,1.4671
americas,2023.5,4.8160,93.6925,1.4941
americas,2023.6,4.9180,93.5630,1.5218
americas,2023.7,5.0219,93.4307,1.5501
americas,2023.8,5.1280,93.2957,1.5792
americas,2023.9,5.2361,93.1577,1.6091
americas,2024.0,5.3465,93.0166,1.6397
americas,2024.1,5.4593,92.8725,1.6711
americas,2024.2,5.5744,92.7250,1.7034
americas,2024.3,5.6920,92.5741,1.7365
americas,2024.4,5.8122,92.4197,1.7705
americas,2024.5,5.9351,92.2617,1.8054
americas,2024.6,6.0608,92.0998,1.8412
americas,2024.7,6.1895,91.9340,1.8780
americas,2024.8,6.3212,91.7640,1.9158
americas,2024.9,6.4560,91.5899,1.9546
americas,2025.0,6.5942,91.4113,1.9945
americas,2025.1,6.7358,91.2282,2.0360
americas,2025.2,6.8810,91.0404,2.0787
americas,2025.3,7.0299,90.8477,2.1225
americas,2025.4,7.1826,90.6499,2.1674
americas,2025.5,7.3395,90.4470,2.2135
americas,2025.6,7.5005,90.2388,2.2607
americas,2025.7,7.6659,90.0250,2.3091
americas,2025.8,7.8359,89.8055,2.3585
americas,2025.9,8.0107,89.5802,2.4091
americas,2026.0,8.1904,89.3490,2.4606
americas,2026.1,8.3753,89.1115,2.5132
americas,2026.2,8.5655,88.8678,2.5667
americas,2026.3,8.7613,88.6176,2.6211
americas,2026.4,8.9628,88.3609,2.6763
americas,2026.5,9.1704,88.0973,2.7323
americas,2026.6,9.3842,87.8269,2.7889
americas,2026.7,9.6044,87.5495,2.8460
americas,2026.8,9.8314,87.2650,2.9036
americas,2026.9,10.0653,86.9732,2.9615
americas,2027.0,10.3064,86.6741,3.0195
americas,2027.1,10.5549,86.3675,3.0776
americas,2027.2,10.8110,86.0534,3.1355
americas,2027.3,11.0751,85.7317,3.1932
americas,2027.4,11.3472,85.4024,3.2504
americas,2027.5,11.6277,85.0653,3.3069
americas,2027.6,11.9168,84.7206,3.3627
americas,2027.7,12.2146,84.3681,3.4173
americas,2027.8,12.5214,84.0079,3.4708
americas,2027.9,12.8373,83.6400,3.5227
americas,2028.0,13.1625,83.2645,3.5730
americas,2028.1,13.4971,82.8815,3.6214
americas,2028.2,13.8412,82.4912,3.6676
americas,2028.3,14.1949,82.0936,3.7115
americas,2028.4,14.5583,81.6890,3.7528
americas,2028.5,14.9312,81.2776,3.7913
americas,2028.6,15.3137,80.8596,3.8267
americas,2028.7,15.7057,80.4354,3.8589
americas,2028.8,16.1069,80.0054,3.8877
americas,2028.9,16.5173,79.5698,3.9128
americas,2029.0,16.9365,79.1293,3.9342
americas,2029.1,17.3642,78.6842,3.9516
americas,2029.2,17.8000,78.2351,3.9650
americas,2029.3,18.2433,77.7825,3.9742
americas,2029.4,18.6937,77.3271,3.9792
americas,2029.5,19.1505,76.8696,3.9799
americas,2029.6,19.6130,76.4106,3.9764
americas,2029.7,20.0805,75.9508,3.9687
americas,2029.8,20.5520,75.4911,3.9570
americas,2029.9,21.0266,75.0321,3.9413
americas,2030.0,21.5034,74.5747,3.9219
americas,2030.1,21.9813,74.1198,3.8989
americas,2030.2,22.4592,73.6680,3.8728
americas,2030.3,22.9360,73.2203,3.8438
americas,2030.4,23.4104,72.7774,3.8122
americas,2030.5,23.8814,72.3400,3.7785
americas,2030.6,24.3478,71.9091,3.7432
americas,2030.7,24.8083,71.4852,3.7066
americas,2030.8,25.2618,71.0690,3.6692
americas,2030.9,25.7073,70.6612,3.6315
americas,2031.0,26.1437,70.2623,3.5941
americas,2031.1,26.5700,69.8727,3.5572
americas,2031.2,26.9855,69.4930,3.5214
americas,2031.3,27.3894,69.1235,3.4871
americas,2031.4,27.7811,68.7643,3.4546
americas,2031.5,28.1601,68.4158,3.4241
americas,2031.6,28.5262,68.0778,3.3960
americas,2031.7,28.8791,67.7506,3.3703
americas,2031.8,29.2189,67.4338,3.3472
americas,2031.9,29.5458,67.1275,3.3267
americas,2032.0,29.8599,66.8312,3.3088
americas,2032.1,30.1619,66.5448,3.2933
americas,2032.2,30.4521,66.2678,3.2801
americas,2032.3,30.7314,65.9997,3.2689
americas,2032.4,31.0005,65.7400,3.2595
americas,2032.5,31.2601,65.4882,3.2516
americas,2032.6,31.5113,65.2438,3.2497
americas,2032.7,31.7550,65.0061,3.2497
americas,2032.8,31.9920,64.7744,3.2482
americas,2032.9,32.2232,64.5484,3.2452
americas,2033.0,32.4496,64.3272,3.2409
americas,2033.1,32.6720,64.1103,3.2352
americas,2033.2,32.8911,63.8973,3.2283
americas,2033.3,33.1076,63.6874,3.2202
americas,2033.4,33.3222,63.4803,3.2110
americas,2033.5,33.5353,63.2755,3.2009
americas,2033.6,33.7475,63.0726,3.1898
americas,2033.7,33.9590,62.8712,3.1780
americas,2033.8,34.1703,62.6709,3.1654
americas,2033.9,34.3815,62.4716,3.1523
americas,2034.0,34.5928,62.2728,3.1385
americas,2034.1,34.8044,62.0744,3.1243
americas,2034.2,35.0164,61.8763,3.1097
americas,2034.3,35.2288,61.6782,3.0947
americas,2034.4,35.4417,61.4800,3.0795
americas,2034.5,35.6551,61.2817,3.0640
americas,2034.6,35.8691,61.0832,3.0484
americas,2034.7,36.0835,60.8843,3.0326
americas,2034.8,36.2983,60.6851,3.0168
americas,2034.9,36.5137,60.4855,3.0010
americas,2035.0,36.7295,60.2855,2.9852
americas,2035.1,36.9457,60.0851,2.9693
americas,2035.2,37.1623,59.8842,2.9536
americas,2035.3,37.3792,59.6829,2.9379
americas,2035.4,37.5966,59.4811,2.9224
americas,2035.5,37.8142,59.2789,2.9069
americas,2035.6,38.0321,59.0762,2.8917
americas,2035.7,38.2504,58.8731,2.8766
americas,2035.8,38.4688,58.6695,2.8616
americas,2035.9,38.6875,58.4656,2.8469
americas,2036.0,38.9065,58.2612,2.8324
americas,2036.1,39.1256,58.0564,2.8180
americas,2036.2,39.3449,57.8511,2.8040
americas,2036.3,39.5644,57.6455,2.7901
americas,2036.4,39.7840,57.4395,2.7765
americas,2036.5,40.0038,57.2331,2.7631
americas,2036.6,40.2237,57.0263,2.7500
americas,2036.7,40.4437,56.8191,2.7372
americas,2036.8,40.6638,56.6116,2.7246
americas,2036.9,40.8840,56.4037,2.7122
americas,2037.0,41.1044,56.1955,2.7001
americas,2037.1,41.3248,55.9869,2.6883
americas,2037.2,41.5453,55.7780,2.6767
americas,2037.3,41.7658,55.5688,2.6654
americas,2037.4,41.9865,55.3592,2.6543
americas,2037.5,42.2072,55.1494,2.6434
americas,2037.6,42.4280,54.9392,2.6327
americas,2037.7,42.6489,54.7288,2.6223
americas,2037.8,42.8699,54.5181,2.6120
americas,2037.9,43.0910,54.3070,2.6020
americas,2038.0,43.3122,54.0958,2.5921
americas,2038.1,43.5334,53.8842,2.5823
americas,2038.2,43.7548,53.6724,2.5728
americas,2038.3,43.9763,53.4604,2.5634
americas,2038.4,44.1978,53.2481,2.5540
americas,2038.5,44.4195,53.0356,2.5449
americas,2038.6,44.6414,52.8229,2.5358
americas,2038.7,44.8633,52.6099,2.5267
americas,2038.8,45.0854,52.3968,2.5178
americas,2038.9,45.3077,52.1834,2.5089
americas,2039.0,45.5301,51.9699,2.5000
americas,2039.1,45.7526,51.7562,2.4912
americas,2039.2,45.9754,51.5423,2.4824
americas,2039.3,46.1982,51.3282,2.4735
americas,2039.4,46.4213,51.1140,2.4647
americas,2039.5,46.6445,50.8996,2.4558
americas,2039.6,46.8680,50.6851,2.4469
americas,2039.7,47.0916,50.4705,2.4379
americas,2039.8,47.3154,50.2557,2.4289
americas,2039.9,47.5394,50.0408,2.4198
americas,2040.0,47.7635,49.8258,2.4106
americas,2040.1,47.9879,49.6108,2.4013
americas,2040.2,48.2125,49.3956,2.3919
americas,2040.3,48.4373,49.1803,2.3825
americas,2040.4,48.6622,48.9649,2.3729
americas,2040.5,48.8874,48.7495,2.3631
americas,2040.6,49.1127,48.5340,2.3533
americas,2040.7,49.3382,48.3185,2.3433
americas,2040.8,49.5639,48.1029,2.3332
americas,2040.9,49.7898,47.8873,2.3230
americas,2041.0,50.0158,47.6716,2.3126
americas,2041.1,50.2421,47.4559,2.3020
americas,2041.2,50.4684,47.2402,2.2913
americas,2041.3,50.6950,47.0245,2.2805
americas,2041.4,50.9217,46.8088,2.2695
americas,2041.5,51.1485,46.5931,2.2584
americas,2041.6,51.3755,46.3775,2.2471
americas,2041.7,51.6026,46.1618,2.2356
americas,2041.8,51.8298,45.9462,2.2240
americas,2041.9,52.0572,45.7306,2.2122
americas,2042.0,52.2846,45.5151,2.2003
americas,2042.1,52.5122,45.2996,2.1882
americas,2042.2,52.7398,45.0842,2.1760
americas,2042.3,52.9675,44.8688,2.1637
americas,2042.4,53.1953,44.6536,2.1511
americas,2042.5,53.4232,44.4384,2.1385
americas,2042.6,53.6511,44.2233,2.1256
americas,2042.7,53.8790,44.0083,2.1127
americas,2042.8,54.1070,43.7934,2.0995
americas,2042.9,54.3350,43.5787,2.0863
americas,2043.0,54.5631,43.3640,2.0729
americas,2043.1,54.7911,43.1495,2.0593
americas,2043.2,55.0192,42.9352,2.0456
americas,2043.3,55.2472,42.7209,2.0318
americas,2043.4,55.4753,42.5069,2.0179
americas,2043.5,55.7033,42.2930,2.0038
americas,2043.6,55.9312,42.0792,1.9896
americas,2043.7,56.1591,41.8657,1.9752
americas,2043.8,56.3870,41.6523,1.9607
americas,2043.9,56.6148,41.4391,1.9461
americas,2044.0,56.8426,41.2261,1.9314
americas,2044.1,57.0702,41.0133,1.9165
americas,2044.2,57.2978,40.8007,1.9015
americas,2044.3,57.5252,40.5883,1.8864
americas,2044.4,57.7526,40.3762,1.8712
americas,2044.5,57.9798,40.1643,1.8559
americas,2044.6,58.2069,39.9526,1.8405
americas,2044.7,58.4339,39.7412,1.8249
americas,2044.8,58.6607,39.5300,1.8092
americas,2044.9,58.8874,39.3191,1.7935
americas,2045.0,59.1139,39.1085,1.7776
americas,2045.1,59.3402,38.8981,1.7616
americas,2045.2,59.5664,38.6881,1.7456
americas,2045.3,59.7924,38.4783,1.7294
americas,2045.4,60.0181,38.2688,1.7131
americas,2045.5,60.2437,38.0596,1.6968
americas,2045.6,60.4690,37.8507,1.6803
americas,2045.7,60.6941,37.6421,1.6638
americas,2045.8,60.9190,37.4338,1.6471
americas,2045.9,61.1437,37.2259,1.6304
americas,2046.0,61.3681,37.0183,1.6136
americas,2046.1,61.5922,36.8111,1.5968
americas,2046.2,61.8161,36.6041,1.5798
americas,2046.3,62.0396,36.3976,1.5628
americas,2046.4,62.2629,36.1914,1.5457
americas,2046.5,62.4859,35.9856,1.5285
americas,2046.6,62.7086,35.7801,1.5112
americas,2046.7,62.9310,35.5750,1.4939
americas,2046.8,63.1531,35.3703,1.4766
americas,2046.9,63.3749,35.1660,1.4591
americas,2047.0,63.5963,34.9621,1.4416
americas,2047.1,63.8173,34.7586,1.4241
americas,2047.2,64.0380,34.5555,1.4064
americas,2047.3,64.2584,34.3528,1.3888
americas,2047.4,64.4784,34.1506,1.3711
americas,2047.5,64.6980,33.9487,1.3533
americas,2047.6,64.9172,33.7473,1.3355
americas,2047.7,65.1360,33.5463,1.3176
americas,2047.8,65.3545,33.3458,1.2997
americas,2047.9,65.5725,33.1457,1.2818
americas,2048.0,65.7901,32.9461,1.2638
americas,2048.1,66.0073,32.7469,1.2458
americas,2048.2,66.2240,32.5483,1.2277
americas,2048.3,66.4403,32.3500,1.2097
americas,2048.4,66.6562,32.1523,1.1916
americas,2048.5,66.8716,31.9550,1.1734
americas,2048.6,67.0865,31.7582,1.1553
americas,2048.7,67.3010,31.5619,1.1371
americas,2048.8,67.5150,31.3661,1.1189
americas,2048.9,67.7285,31.1708,1.1007
americas,2049.0,67.9415,30.9761,1.0824
americas,2049.1,68.1540,30.7818,1.0642
americas,2049.2,68.3660,30.5880,1.0459
americas,2049.3,68.5775,30.3948,1.0277
americas,2049.4,68.7885,30.2021,1.0094
americas,2049.5,68.9990,30.0099,0.9911
americas,2049.6,69.2089,29.8183,0.9728
americas,2049.7,69.4183,29.6272,0.9546
americas,2049.8,69.6271,29.4366,0.9502
americas,2049.9,69.8354,29.2466,0.9481
americas,2050.0,70.0431,29.0572,0.9459
asia,2015.0,0.4549,99.6299,0.0506
asia,2015.1,0.4879,99.5999,0.0520
asia,2015.2,0.5228,99.5679,0.0534
asia,2015.3,0.5596,99.5337,0.0548
asia,2015.4,0.5982,99.4972,0.0563
asia,2015.5,0.6389,99.4584,0.0577
asia,2015.6,0.6817,99.4171,0.0591
asia,2015.7,0.7266,99.3732,0.0605
asia,2015.8,0.7737,99.3264,0.0619
asia,2015.9,0.8231,99.2768,0.0634
asia,2016.0,0.8749,99.2242,0.0648
asia,2016.1,0.9291,99.1684,0.0662
asia,2016.2,0.9858,99.1093,0.0676
asia,2016.3,1.0452,99.0467,0.0689
asia,2016.4,1.1072,98.9804,0.0703
asia,2016.5,1.1720,98.9104,0.0717
asia,2016.6,1.2396,98.8364,0.0731
asia,2016.7,1.3101,98.7583,0.0745
asia,2016.8,1.3836,98.6759,0.0758
asia,2016.9,1.4602,98.5891,0.0772
asia,2017.0,1.5400,98.4976,0.0786
asia,2017.1,1.6231,98.4012,0.0799
asia,2017.2,1.7094,98.2998,0.0813
asia,2017.3,1.7993,98.1932,0.0826
asia,2017.4,1.8926,98.0812,0.0839
asia,2017.5,1.9895,97.9636,0.0852
asia,2017.6,2.0902,97.8401,0.0866
asia,2017.7,2.1946,97.7106,0.0949
asia,2017.8,2.3029,97.5748,0.1223
asia,2017.9,2.4151,97.4326,0.1523
asia,2018.0,2.5315,97.2837,0.1849
asia,2018.1,2.6520,97.1278,0.2203
asia,2018.2,2.7767,96.9648,0.2585
asia,2018.3,2.9058,96.7945,0.2998
asia,2018.4,3.0393,96.6165,0.3443
asia,2018.5,3.1774,96.4306,0.3921
asia,2018.6,3.3200,96.2367,0.4433
asia,2018.7,3.4675,96.0345,0.4982
asia,2018.8,3.6197,95.8236,0.5568
asia,2018.9,3.7769,95.6040,0.6193
asia,2019.0,3.9391,95.3752,0.6859
asia,2019.1,4.1064,95.1371,0.7567
asia,2019.2,4.2789,94.8895,0.8318
asia,2019.3,4.4567,94.6320,0.9115
asia,2019.4,4.6400,94.3645,0.9958
asia,2019.5,4.8287,94.0866,1.0850
asia,2019.6,5.0231,93.7981,1.1791
asia,2019.7,5.2232,93.4988,1.2784
asia,2019.8,5.4291,93.1884,1.3829
asia,2019.9,5.6409,92.8667,1.4928
asia,2020.0,5.8586,92.5334,1.6084
asia,2020.1,6.0825,92.1883,1.7296
asia,2020.2,6.3126,91.8311,1.8568
asia,2020.3,6.5490,91.4617,1.9899
asia,2020.4,6.7918,91.0797,2.1291
asia,2020.5,7.0410,90.6850,2.2747
asia,2020.6,7.2969,90.2773,2.4266
asia,2020.7,7.5594,89.8564,2.5850
asia,2020.8,7.8287,89.4221,2.7500
asia,2020.9,8.1048,88.9743,2.9218
asia,2021.0,8.3879,88.5126,3.1004
asia,2021.1,8.6780,88.0370,3.2860
asia,2021.2,8.9753,87.5473,3.4785
asia,2021.3,9.2797,87.0433,3.6781
asia,2021.4,9.5915,86.5248,3.8849
asia,2021.5,9.9107,85.9917,4.0989
asia,2021.6,10.2373,85.4439,4.3201
asia,2021.7,10.5715,84.8813,4.5486
asia,2021.8,10.9133,84.3038,4.7844
asia,2021.9,11.2628,83.7112,5.0274
asia,2022.0,11.6202,83.1036,5.2778
asia,2022.1,11.9853,82.4808,5.5354
asia,2022.2,12.3585,81.8429,5.8003
asia,2022.3,12.7396,81.1897,6.0724
asia,2022.4,13.1288,80.5214,6.3515
asia,2022.5,13.5261,79.8379,6.6377
asia,2022.6,13.9316,79.1393,6.9308
asia,2022.7,14.3454,78.4256,7.2307
asia,2022.8,14.7676,77.6969,7.5373
asia,2022.9,15.1981,76.9533,7.8504
asia,2023.0,15.6370,76.1949,8.1699
asia,2023.1,16.0844,75.4219,8.4954
asia,2023.2,16.5404,74.6344,8.8269
asia,2023.3,17.0049,73.8327,9.1640
asia,2023.4,17.4780,73.0170,9.5065
asia,2023.5,17.9598,72.1874,9.8542
asia,2023.6,18.4502,71.3443,10.2067
asia,2023.7,18.9494,70.4879,10.5636
asia,2023.8,19.4573,69.6186,10.9247
asia,2023.9,19.9740,68.7368,11.2896
asia,2024.0,20.4995,67.8426,11.6579
asia,2024.1,21.0338,66.9367,12.0296
asia,2024.2,21.5768,66.0193,12.4039
asia,2024.3,22.1287,65.0909,12.7804
asia,2024.4,22.6894,64.1520,13.1586
asia,2024.5,23.2589,63.2031,13.5380
asia,2024.6,23.8372,62.2447,13.9181
asia,2024.7,24.4243,61.2772,14.2985
asia,2024.8,25.0201,60.3014,14.6785
asia,2024.9,25.6247,59.3177,15.0576
asia,2025.0,26.2380,58.3267,15.4353
asia,2025.1,26.8599,57.3292,15.8109
asia,2025.2,27.4905,56.3256,16.1839
asia,2025.3,28.1295,55.3168,16.5537
asia,2025.4,28.7771,54.3033,16.9196
asia,2025.5,29.4330,53.2859,17.2810
asia,2025.6,30.0973,52.2654,17.6373
asia,2025.7,30.7698,51.2423,17.9878
asia,2025.8,31.4504,50.2176,18.3320
asia,2025.9,32.1390,49.1920,18.6690
asia,2026.0,32.8354,48.1662,18.9984
asia,2026.1,33.5396,47.1410,19.3194
asia,2026.2,34.2512,46.1173,19.6315
asia,2026.3,34.9702,45.0960,19.9338
asia,2026.4,35.6963,44.0778,20.2259
asia,2026.5,36.4293,43.0636,20.5071
asia,2026.6,37.1691,42.0543,20.7767
asia,2026.7,37.9152,41.0507,21.0341
asia,2026.8,38.6674,40.0538,21.2788
asia,2026.9,39.4254,39.0644,21.5102
asia,2027.0,40.1888,38.0835,21.7277
asia,2027.1,40.9574,37.1120,21.9306
asia,2027.2,41.7306,36.1507,22.1186
asia,2027.3,42.5082,35.2007,22.2911
asia,2027.4,43.2895,34.2628,22.4477
asia,2027.5,44.0742,33.3380,22.5878
asia,2027.6,44.8617,32.4273,22.7110
asia,2027.7,45.6515,31.5314,22.8171
asia,2027.8,46.4431,30.6514,22.9055
asia,2027.9,47.2358,29.7881,22.9760
asia,2028.0,48.0292,28.9424,23.0284
asia,2028.1,48.8225,28.1151,23.0625
asia,2028.2,49.6151,27.3069,23.0780
asia,2028.3,50.4065,26.5187,23.0748
asia,2028.4,51.1959,25.7512,23.0529
asia,2028.5,51.9828,25.0048,23.0124
asia,2028.6,52.7665,24.2803,22.9532
asia,2028.7,53.5464,23.5781,22.8755
asia,2028.8,54.3220,22.8985,22.7795
asia,2028.9,55.0926,22.2418,22.6655
asia,2029.0,55.8579,21.6084,22.5338
asia,2029.1,56.6172,20.9981,22.3847
asia,2029.2,57.3702,20.4111,22.2187
asia,2029.3,58.1164,19.8472,22.0363
asia,2029.4,58.8556,19.3063,21.8381
asia,2029.5,59.5874,18.7880,21.6246
asia,2029.6,60.3116,18.2920,21.3964
asia,2029.7,61.0281,17.8178,21.1542
asia,2029.8,61.7365,17.3648,20.8986
asia,2029.9,62.4370,16.9327,20.6304
asia,2030.0,63.1293,16.5206,20.3501
asia,2030.1,63.8134,16.1280,20.0586
asia,2030.2,64.4894,15.7543,19.7564
asia,2030.3,65.1571,15.3987,19.4445
asia,2030.4,65.8166,15.0606,19.1245
asia,2030.5,66.4678,14.7394,18.7957
asia,2030.6,67.1108,14.4344,18.4589
asia,2030.7,67.7456,14.1450,18.1147
asia,2030.8,68.3720,13.8706,17.7636
asia,2030.9,68.9900,13.6105,17.4065
asia,2031.0,69.5996,13.3642,17.0439
asia,2031.1,70.2007,13.1312,16.6765
asia,2031.2,70.7931,12.9107,16.3050
asia,2031.3,71.3769,12.7024,15.9300
asia,2031.4,71.9517,12.5055,15.5522
asia,2031.5,72.5177,12.3197,15.1723
asia,2031.6,73.0745,12.1444,14.7908
asia,2031.7,73.6222,11.9791,14.4085
asia,2031.8,74.1606,11.8232,14.0260
asia,2031.9,74.6896,11.6763,13.6438
asia,2032.0,75.2090,11.5379,13.2626
asia,2032.1,75.7188,11.4075,12.8828
asia,2032.2,76.2190,11.2847,12.5052
asia,2032.3,76.7093,11.1691,12.1302
asia,2032.4,77.1898,11.0602,11.7583
asia,2032.5,77.6604,10.9576,11.3899
asia,2032.6,78.1210,10.8609,11.0255
asia,2032.7,78.5716,10.7698,10.6656
asia,2032.8,79.0122,10.6840,10.3104
asia,2032.9,79.4427,10.6030,9.9605
asia,2033.0,79.8631,10.5266,9.6160
asia,2033.1,80.2734,10.4546,9.2773
asia,2033.2,80.6736,10.3865,8.9448
asia,2033.3,81.0638,10.3222,8.6185
asia,2033.4,81.4439,10.2614,8.2988
asia,2033.5,81.8140,10.2039,7.9859
asia,2033.6,82.1740,10.1495,7.6799
asia,2033.7,82.5242,10.0980,7.3810
asia,2033.8,82.8644,10.0491,7.0892
asia,2033.9,83.1948,10.0029,6.8048
asia,2034.0,83.5155,9.9590,6.5277
asia,2034.1,83.8265,9.9174,6.2581
asia,2034.2,84.1279,9.8779,5.9959
asia,2034.3,84.4198,9.8404,5.7413
asia,2034.4,84.7024,9.8048,5.4941
asia,2034.5,84.9757,9.7710,5.2544
asia,2034.6,85.2398,9.7389,5.0222
asia,2034.7,85.4950,9.7084,4.7975
asia,2034.8,85.7412,9.6795,4.5800
asia,2034.9,85.9787,9.6520,4.3699
asia,2035.0,86.2077,9.6259,4.1670
asia,2035.1,86.4282,9.6010,3.9712
asia,2035.2,86.6404,9.5775,3.7825
asia,2035.3,86.8445,9.5551,3.6006
asia,2035.4,87.0407,9.5339,3.4256
asia,2035.5,87.2292,9.5138,3.2572
asia,2035.6,87.4100,9.4947,3.0954
asia,2035.7,87.5835,9.4766,2.9400
asia,2035.8,87.7497,9.4595,2.7909
asia,2035.9,87.9089,9.4433,2.6479
asia,2036.0,88.0613,9.4279,2.5109
asia,2036.1,88.2071,9.4133,2.3797
asia,2036.2,88.3464,9.3995,2.2542
asia,2036.3,88.4794,9.3864,2.1342
asia,2036.4,88.6064,9.3740,2.0196
asia,2036.5,88.7276,9.3622,1.9102
asia,2036.6,88.8431,9.3511,1.8059
asia,2036.7,88.9531,9.3405,1.7064
asia,2036.8,89.0578,9.3305,1.6117
asia,2036.9,89.1575,9.3210,1.5215
asia,2037.0,89.2522,9.3120,1.4358
asia,2037.1,89.3423,9.3034,1.3543
asia,2037.2,89.4278,9.2952,1.2770
asia,2037.3,89.5090,9.2874,1.2036
asia,2037.4,89.5860,9.2800,1.1340
asia,2037.5,89.6591,9.2728,1.0681
asia,2037.6,89.7283,9.2660,1.0057
asia,2037.7,89.7939,9.2595,0.9466
asia,2037.8,89.8560,9.2532,0.8908
asia,2037.9,89.9148,9.2471,0.8381
asia,2038.0,89.9704,9.2412,0.7883
asia,2038.1,90.0231,9.2355,0.7414
asia,2038.2,90.0728,9.2300,0.6972
asia,2038.3,90.1198,9.2247,0.6555
asia,2038.4,90.1642,9.2194,0.6163
asia,2038.5,90.2062,9.2143,0.5794
asia,2038.6,90.2459,9.2093,0.5448
asia,2038.7,90.2833,9.2044,0.5122
asia,2038.8,90.3187,9.1996,0.4817
asia,2038.9,90.3521,9.1949,0.4530
asia,2039.0,90.3836,9.1902,0.4262
asia,2039.1,90.4134,9.1856,0.4010
asia,2039.2,90.4415,9.1810,0.3775
asia,2039.3,90.4680,9.1765,0.3554
asia,2039.4,90.4931,9.1720,0.3348
asia,2039.5,90.5169,9.1676,0.3156
asia,2039.6,90.5393,9.1632,0.2976
asia,2039.7,90.5605,9.1588,0.2808
asia,2039.8,90.5806,9.1544,0.2651
asia,2039.9,90.5996,9.1500,0.2504
asia,2040.0,90.6176,9.1456,0.2368
asia,2040.1,90.6347,9.1413,0.2240
asia,2040.2,90.6509,9.1369,0.2122
asia,2040.3,90.6663,9.1326,0.2011
asia,2040.4,90.6809,9.1283,0.1908
asia,2040.5,90.6949,9.1240,0.1812
asia,2040.6,90.7082,9.1196,0.1722
asia,2040.7,90.7209,9.1153,0.1638
asia,2040.8,90.7330,9.1110,0.1560
asia,2040.9,90.7446,9.1067,0.1487
asia,2041.0,90.7557,9.1023,0.1419
asia,2041.1,90.7664,9.0980,0.1355
asia,2041.2,90.7767,9.0937,0.1296
asia,2041.3,90.7866,9.0894,0.1240
asia,2041.4,90.7962,9.0850,0.1188
asia,2041.5,90.8054,9.0807,0.1139
asia,2041.6,90.8143,9.0764,0.1093
asia,2041.7,90.8230,9.0720,0.1049
asia,2041.8,90.8314,9.0677,0.1009
asia,2041.9,90.8396,9.0634,0.0970
asia,2042.0,90.8476,9.0590,0.0933
asia,2042.1,90.8555,9.0547,0.0899
asia,2042.2,90.8631,9.0503,0.0866
asia,2042.3,90.8706,9.0460,0.0834
asia,2042.4,90.8779,9.0416,0.0804
asia,2042.5,90.8852,9.0373,0.0776
asia,2042.6,90.8923,9.0329,0.0748
asia,2042.7,90.8993,9.0285,0.0722
asia,2042.8,90.9062,9.0242,0.0696
asia,2042.9,90.9131,9.0198,0.0671
asia,2043.0,90.9198,9.0154,0.0647
asia,2043.1,90.9265,9.0111,0.0624
asia,2043.2,90.9332,9.0067,0.0601
asia,2043.3,90.9398,9.0023,0.0579
asia,2043.4,90.9464,8.9979,0.0557
asia,2043.5,90.9529,8.9935,0.0536
asia,2043.6,90.9594,8.9891,0.0515
asia,2043.7,90.9658,8.9848,0.0494
asia,2043.8,90.9723,8.9804,0.0474
asia,2043.9,90.9787,8.9760,0.0453
asia,2044.0,90.9851,8.9716,0.0433
asia,2044.1,90.9915,8.9672,0.0414
asia,2044.2,90.9979,8.9628,0.0394
asia,2044.3,91.0042,8.9584,0.0374
asia,2044.4,91.0106,8.9540,0.0355
asia,2044.5,91.0170,8.9495,0.0335
asia,2044.6,91.0233,8.9451,0.0316
asia,2044.7,91.0297,8.9407,0.0296
asia,2044.8,91.0361,8.9363,0.0277
asia,2044.9,91.0424,8.9319,0.0257
asia,2045.0,91.0488,8.9274,0.0238
asia,2045.1,91.0552,8.9230,0.0218
asia,2045.2,91.0616,8.9186,0.0198
asia,2045.3,91.0680,8.9142,0.0179
asia,2045.4,91.0744,8.9097,0.0159
asia,2045.5,91.0808,8.9053,0.0139
asia,2045.6,91.0872,8.9009,0.0120
asia,2045.7,91.0936,8.8964,0.0100
asia,2045.8,91.1001,8.8920,0.0080
asia,2045.9,91.1065,8.8875,0.0060
asia,2046.0,91.1130,8.8831,0.0040
asia,2046.1,91.1194,8.8786,0.0019
asia,2046.2,91.1259,8.8742,0.0001
asia,2046.3,91.1324,8.8697,0.0001
asia,2046.4,91.1389,8.8653,0.0000
asia,2046.5,91.1454,8.8608,0.0000
asia,2046.6,91.1520,8.8563,0.0000
asia,2046.7,91.1585,8.8519,0.0000
asia,2046.8,91.1651,8.8474,0.0000
asia,2046.9,91.1716,8.8429,0.0000
asia,2047.0,91.1782,8.8385,0.0000
asia,2047.1,91.1848,8.8340,0.0000
asia,2047.2,91.1914,8.8295,0.0000
asia,2047.3,91.1980,8.8251,0.0000
asia,2047.4,91.2047,8.8206,0.0000
asia,2047.5,91.2113,8.8161,0.0000
asia,2047.6,91.2180,8.8116,0.0000
asia,2047.7,91.2246,8.8071,0.0000
asia,2047.8,91.2313,8.8026,0.0000
asia,2047.9,91.2380,8.7982,0.0000
asia,2048.0,91.2447,8.7937,0.0000
asia,2048.1,91.2514,8.7892,0.0000
asia,2048.2,91.2581,8.7847,0.0000
asia,2048.3,91.2649,8.7802,0.0000
asia,2048.4,91.2716,8.7757,0.0000
asia,2048.5,91.2784,8.7712,0.0000
asia,2048.6,91.2852,8.7667,0.0000
asia,2048.7,91.2920,8.7622,0.0000
asia,2048.8,91.2988,8.7577,0.0000
asia,2048.9,91.3056,8.7532,0.0000
asia,2049.0,91.3124,8.7486,0.0000
asia,2049.1,91.3193,8.7441,0.0000
asia,2049.2,91.3261,8.7396,0.0000
asia,2049.3,91.3330,8.7351,0.0000
asia,2049.4,91.3399,8.7306,0.0000
asia,2049.5,91.3467,8.7261,0.0000
asia,2049.6,91.3536,8.7215,0.0000
asia,2049.7,91.3606,8.7170,0.0000
asia,2049.8,91.3675,8.7125,0.0000
asia,2049.9,91.3744,8.7080,0.0000
asia,2050.0,91.3814,8.7034,0.0000
small_markets,2015.0,0.1644,99.6287,0.2196
small_markets,2015.1,0.1778,99.6057,0.2314
small_markets,2015.2,0.1919,99.5816,0.2437
small_markets,2015.3,0.2069,99.5564,0.2564
small_markets,2015.4,0.2226,99.5301,0.2694
small_markets,2015.5,0.2391,99.5027,0.2829
small_markets,2015.6,0.2565,99.4740,0.2968
small_markets,2015.7,0.2748,99.4441,0.3111
small_markets,2015.8,0.2940,99.4130,0.3259
small_markets,2015.9,0.3140,99.3806,0.3410
small_markets,2016.0,0.3350,99.3468,0.3566
small_markets,2016.1,0.3573,99.3116,0.3726
small_markets,2016.2,0.3814,99.2751,0.3890
small_markets,2016.3,0.4072,99.2370,0.4058
small_markets,2016.4,0.4346,99.1973,0.4231
small_markets,2016.5,0.4636,99.1560,0.4408
small_markets,2016.6,0.4943,99.1130,0.4589
small_markets,2016.7,0.5266,99.0682,0.4774
small_markets,2016.8,0.5606,99.0216,0.4964
small_markets,2016.9,0.5963,98.9730,0.5158
small_markets,2017.0,0.6336,98.9225,0.5356
small_markets,2017.1,0.7135,98.6335,0.7520
small_markets,2017.2,0.8009,98.4062,0.8997
small_markets,2017.3,0.8924,98.1962,1.0262
small_markets,2017.4,0.9873,97.9960,1.1395
small_markets,2017.5,1.0851,97.8022,1.2434
small_markets,2017.6,1.1856,97.6126,1.3400
small_markets,2017.7,1.2886,97.4261,1.4307
small_markets,2017.8,1.3941,97.2417,1.5165
small_markets,2017.9,1.5019,97.0586,1.5980
small_markets,2018.0,1.6120,96.8763,1.6759
small_markets,2018.1,1.7244,96.6944,1.7505
small_markets,2018.2,1.8390,96.5125,1.8223
small_markets,2018.3,1.9558,96.3301,1.8914
small_markets,2018.4,2.0748,96.1471,1.9582
small_markets,2018.5,2.1959,95.9632,2.0229
small_markets,2018.6,2.3192,95.7780,2.0856
small_markets,2018.7,2.4447,95.5915,2.1465
small_markets,2018.8,2.5723,95.4034,2.2057
small_markets,2018.9,2.7021,95.2135,2.2634
small_markets,2019.0,2.8340,95.0217,2.3197
small_markets,2019.1,2.9682,94.8273,2.3749
small_markets,2019.2,3.1050,94.6297,2.4296
small_markets,2019.3,3.2444,94.4288,2.4834
small_markets,2019.4,3.3863,94.2246,2.5366
small_markets,2019.5,3.5308,94.0169,2.5892
small_markets,2019.6,3.6780,93.8057,2.6410
small_markets,2019.7,3.8278,93.5909,2.6942
small_markets,2019.8,3.9802,93.3724,2.7482
small_markets,2019.9,4.1354,93.1500,2.8020
small_markets,2020.0,4.2932,92.9238,2.8555
small_markets,2020.1,4.4537,92.6935,2.9088
small_markets,2020.2,4.6170,92.4591,2.9630
small_markets,2020.3,4.7830,92.2206,3.0244
small_markets,2020.4,4.9518,91.9779,3.0862
small_markets,2020.5,5.1233,91.7308,3.1484
small_markets,2020.6,5.2976,91.4794,3.2230
small_markets,2020.7,5.4747,91.2235,3.3018
small_markets,2020.8,5.6547,90.9631,3.3822
small_markets,2020.9,5.8375,90.6981,3.4644
small_markets,2021.0,6.0231,90.4285,3.5484
small_markets,2021.1,6.2117,90.1542,3.6342
small_markets,2021.2,6.4030,89.8751,3.7219
small_markets,2021.3,6.5973,89.5912,3.8114
small_markets,2021.4,6.7945,89.3025,3.9030
small_markets,2021.5,6.9946,89.0089,3.9965
small_markets,2021.6,7.1977,88.7103,4.0920
small_markets,2021.7,7.4037,88.4068,4.1895
small_markets,2021.8,7.6126,88.0982,4.2892
small_markets,2021.9,7.8245,87.7846,4.3909
small_markets,2022.0,8.0394,87.4659,4.4947
small_markets,2022.1,8.2572,87.1421,4.6007
small_markets,2022.2,8.4781,86.8131,4.7088
small_markets,2022.3,8.7019,86.4790,4.8191
small_markets,2022.4,8.9288,86.1397,4.9316
small_markets,2022.5,9.1586,85.7951,5.0463
small_markets,2022.6,9.3914,85.4454,5.1632
small_markets,2022.7,9.6273,85.0904,5.2823
small_markets,2022.8,9.8661,84.7301,5.4037
small_markets,2022.9,10.1080,84.3646,5.5274
small_markets,2023.0,10.3529,83.9939,5.6532
small_markets,2023.1,10.6008,83.6178,5.7814
small_markets,2023.2,10.8517,83.2365,5.9118
small_markets,2023.3,11.1056,82.8500,6.0444
small_markets,2023.4,11.3625,82.4582,6.1793
small_markets,2023.5,11.6224,82.0611,6.3165
small_markets,2023.6,11.8853,81.6588,6.4559
small_markets,2023.7,12.1511,81.2513,6.5975
small_markets,2023.8,12.4199,80.8387,6.7414
small_markets,2023.9,12.6917,80.4208,6.8875
small_markets,2024.0,12.9664,79.9978,7.0358
small_markets,2024.1,13.2440,79.5696,7.1863
small_markets,2024.2,13.5246,79.1364,7.3391
small_markets,2024.3,13.8080,78.6981,7.4939
small_markets,2024.4,14.0943,78.2547,7.6510
small_markets,2024.5,14.3834,77.8064,7.8101
small_markets,2024.6,14.6754,77.3532,7.9714
small_markets,2024.7,14.9702,76.8950,8.1348
small_markets,2024.8,15.2678,76.4320,8.3003
small_markets,2024.9,15.5681,75.9642,8.4678
small_markets,2025.0,15.8711,75.4916,8.6373
small_markets,2025.1,16.1769,75.0143,8.8088
small_markets,2025.2,16.4853,74.5325,8.9823
small_markets,2025.3,16.7963,74.0460,9.1577
small_markets,2025.4,17.1099,73.5550,9.3351
small_markets,2025.5,17.4261,73.0596,9.5143
small_markets,2025.6,17.7448,72.5599,9.6953
small_markets,2025.7,18.0660,72.0558,9.8782
small_markets,2025.8,18.3896,71.5476,10.0628
small_markets,2025.9,18.7156,71.0352,10.2492
small_markets,2026.0,19.0440,70.5187,10.4373
small_markets,2026.1,19.3747,69.9983,10.6270
small_markets,2026.2,19.7077,69.4739,10.8184
small_markets,2026.3,20.0428,68.9458,11.0113
small_markets,2026.4,20.3801,68.4140,11.2058
small_markets,2026.5,20.7196,67.8786,11.4018
small_markets,2026.6,21.0610,67.3397,11.5993
small_markets,2026.7,21.4045,66.7974,11.7981
small_markets,2026.8,21.7499,66.2517,11.9983
small_markets,2026.9,22.0972,65.7029,12.1999
small_markets,2027.0,22.4464,65.1509,12.4027
small_markets,2027.1,22.7972,64.5960,12.6067
small_markets,2027.2,23.1498,64.0382,12.8120
small_markets,2027.3,23.5040,63.4776,13.0183
small_markets,2027.4,23.8598,62.9144,13.2258
small_markets,2027.5,24.2171,62.3487,13.4343
small_markets,2027.6,24.5758,61.7805,13.6437
small_markets,2027.7,24.9358,61.2100,13.8541
small_markets,2027.8,25.2972,60.6374,14.0654
small_markets,2027.9,25.6598,60.0627,14.2775
small_markets,2028.0,26.0235,59.4861,14.4904
small_markets,2028.1,26.3883,58.9077,14.7040
small_markets,2028.2,26.7541,58.3276,14.9183
small_markets,2028.3,27.1208,57.7460,15.1332
small_markets,2028.4,27.4883,57.1630,15.3487
small_markets,2028.5,27.8566,56.5787,15.5647
small_markets,2028.6,28.2256,55.9933,15.7811
small_markets,2028.7,28.5952,55.4068,15.9980
small_markets,2028.8,28.9653,54.8195,16.2152
small_markets,2028.9,29.3359,54.2314,16.4327
small_markets,2029.0,29.7068,53.6428,16.6504
small_markets,2029.1,30.0780,53.0536,16.8683
small_markets,2029.2,30.4494,52.4642,17.0864
small_markets,2029.3,30.8210,51.8745,17.3046
small_markets,2029.4,31.1925,51.2848,17.5227
small_markets,2029.5,31.5640,50.6951,17.7409
small_markets,2029.6,31.9354,50.1057,17.9589
small_markets,2029.7,32.3066,49.5166,18.1768
small_markets,2029.8,32.6774,48.9280,18.3946
small_markets,2029.9,33.0479,48.3401,18.6120
small_markets,2030.0,33.4179,47.7529,18.8292
small_markets,2030.1,33.7874,47.1666,19.0460
small_markets,2030.2,34.1562,46.5814,19.2624
small_markets,2030.3,34.5243,45.9973,19.4784
small_markets,2030.4,34.8916,45.4146,19.6938
small_markets,2030.5,35.2581,44.8333,19.9087
small_markets,2030.6,35.6236,44.2535,20.1229
small_markets,2030.7,35.9880,43.6755,20.3364
small_markets,2030.8,36.3514,43.0993,20.5493
small_markets,2030.9,36.7135,42.5251,20.7613
small_markets,2031.0,37.0744,41.9530,20.9725
small_markets,2031.1,37.4340,41.3831,21.1829
small_markets,2031.2,37.7921,40.8156,21.3923
small_markets,2031.3,38.1488,40.2505,21.6007
small_markets,2031.4,38.5039,39.6880,21.8081
small_markets,2031.5,38.8573,39.1283,22.0144
small_markets,2031.6,39.2091,38.5714,22.2196
small_markets,2031.7,39.5591,38.0174,22.4236
small_markets,2031.8,39.9072,37.4665,22.6263
small_markets,2031.9,40.2535,36.9187,22.8278
small_markets,2032.0,40.5978,36.3743,23.0279
small_markets,2032.1,40.9401,35.8332,23.2267
small_markets,2032.2,41.2803,35.2957,23.4241
small_markets,2032.3,41.6183,34.7617,23.6200
small_markets,2032.4,41.9542,34.2315,23.8143
small_markets,2032.5,42.2878,33.7050,24.0072
small_markets,2032.6,42.6191,33.1825,24.1984
small_markets,2032.7,42.9481,32.6639,24.3880
small_markets,2032.8,43.2747,32.1494,24.5759
small_markets,2032.9,43.5989,31.6391,24.7620
small_markets,2033.0,43.9205,31.1331,24.9464
small_markets,2033.1,44.2397,30.6313,25.1290
small_markets,2033.2,44.5563,30.1340,25.3097
small_markets,2033.3,44.8703,29.6412,25.4885
small_markets,2033.4,45.1817,29.1529,25.6653
small_markets,2033.5,45.4904,28.6693,25.8402
small_markets,2033.6,45.7965,28.1904,26.0131
small_markets,2033.7,46.0998,27.7162,26.1840
small_markets,2033.8,46.4004,27.2469,26.3527
small_markets,2033.9,46.6983,26.7824,26.5193
small_markets,2034.0,46.9933,26.3229,26.6838
small_markets,2034.1,47.2856,25.8684,26.8460
small_markets,2034.2,47.5751,25.4189,27.0061
small_markets,2034.3,47.8617,24.9744,27.1638
small_markets,2034.4,48.1455,24.5351,27.3193
small_markets,2034.5,48.4265,24.1010,27.4725
small_markets,2034.6,48.7047,23.6721,27.6232
small_markets,2034.7,48.9800,23.2484,27.7716
small_markets,2034.8,49.2525,22.8299,27.9176
small_markets,2034.9,49.5221,22.4168,28.0611
small_markets,2035.0,49.7889,22.0089,28.2022
small_markets,2035.1,50.0528,21.6064,28.3407
small_markets,2035.2,50.3140,21.2093,28.4768
small_markets,2035.3,50.5723,20.8175,28.6102
small_markets,2035.4,50.8278,20.4311,28.7411
small_markets,2035.5,51.0805,20.0500,28.8694
small_markets,2035.6,51.3305,19.6744,28.9951
small_markets,2035.7,51.5777,19.3041,29.1182
small_markets,2035.8,51.8222,18.9393,29.2386
small_markets,2035.9,52.0639,18.5798,29.3563
small_markets,2036.0,52.3030,18.2257,29.4713
small_markets,2036.1,52.5394,17.8770,29.5836
small_markets,2036.2,52.7732,17.5337,29.6931
small_markets,2036.3,53.0044,17.1957,29.8000
small_markets,2036.4,53.2330,16.8630,29.9040
small_markets,2036.5,53.4590,16.5356,30.0053
small_markets,2036.6,53.6825,16.2136,30.1039
small_markets,2036.7,53.9036,15.8968,30.1996
small_markets,2036.8,54.1222,15.5853,30.2925
small_markets,2036.9,54.3384,15.2790,30.3827
small_markets,2037.0,54.5522,14.9779,30.4700
small_markets,2037.1,54.7636,14.6819,30.5545
small_markets,2037.2,54.9728,14.3911,30.6362
small_markets,2037.3,55.1796,14.1053,30.7150
small_markets,2037.4,55.3843,13.8246,30.7911
small_markets,2037.5,55.5868,13.5489,30.8643
small_markets,2037.6,55.7871,13.2782,30.9347
small_markets,2037.7,55.9853,13.0124,31.0023
small_markets,2037.8,56.1815,12.7515,31.0670
small_markets,2037.9,56.3756,12.4954,31.1290
small_markets,2038.0,56.5678,12.2441,31.1881
small_markets,2038.1,56.7580,11.9976,31.2445
small_markets,2038.2,56.9463,11.7557,31.2980
small_markets,2038.3,57.1327,11.5185,31.3488
small_markets,2038.4,57.3174,11.2858,31.4008
small_markets,2038.5,57.5002,11.0577,31.4505
small_markets,2038.6,57.6814,10.8341,31.4971
small_markets,2038.7,57.8608,10.6148,31.5406
small_markets,2038.8,58.0386,10.4000,31.5811
small_markets,2038.9,58.2148,10.1894,31.6185
small_markets,2039.0,58.3894,9.9831,31.6530
small_markets,2039.1,58.5625,9.7810,31.6845
small_markets,2039.2,58.7341,9.5830,31.7131
small_markets,2039.3,58.9043,9.3891,31.7389
small_markets,2039.4,59.0730,9.1991,31.7618
small_markets,2039.5,59.2404,9.0132,31.7819
small_markets,2039.6,59.4064,8.8311,31.7992
small_markets,2039.7,59.5712,8.6528,31.8138
small_markets,2039.8,59.7347,8.4783,31.8257
small_markets,2039.9,59.8969,8.3075,31.8349
small_markets,2040.0,60.0580,8.1403,31.8415
small_markets,2040.1,60.2179,7.9767,31.8456
small_markets,2040.2,60.3767,7.8166,31.8471
small_markets,2040.3,60.5344,7.6600,31.8461
small_markets,2040.4,60.6910,7.5068,31.8427
small_markets,2040.5,60.8466,7.3568,31.8368
small_markets,2040.6,61.0012,7.2102,31.8286
small_markets,2040.7,61.1548,7.0667,31.8180
small_markets,2040.8,61.3075,6.9264,31.8052
small_markets,2040.9,61.4593,6.7892,31.7901
small_markets,2041.0,61.6102,6.6550,31.7728
small_markets,2041.1,61.7602,6.5237,31.7534
small_markets,2041.2,61.9093,6.3954,31.7318
small_markets,2041.3,62.0577,6.2699,31.7082
small_markets,2041.4,62.2053,6.1472,31.6825
small_markets,2041.5,62.3521,6.0272,31.6548
small_markets,2041.6,62.4981,5.9098,31.6252
small_markets,2041.7,62.6434,5.7951,31.5937
small_markets,2041.8,62.7881,5.6829,31.5603
small_markets,2041.9,62.9320,5.5733,31.5251
small_markets,2042.0,63.0752,5.4661,31.4881
small_markets,2042.1,63.2178,5.3612,31.4493
small_markets,2042.2,63.3598,5.2587,31.4089
small_markets,2042.3,63.5011,5.1585,31.3667
small_markets,2042.4,63.6419,5.0605,31.3230
small_markets,2042.5,63.7820,4.9647,31.2777
small_markets,2042.6,63.9216,4.8710,31.2308
small_markets,2042.7,64.0606,4.7794,31.1825
small_markets,2042.8,64.1990,4.6899,31.1326
small_markets,2042.9,64.3369,4.6023,31.0814
small_markets,2043.0,64.4743,4.5167,31.0287
small_markets,2043.1,64.6112,4.4329,30.9747
small_markets,2043.2,64.7475,4.3510,30.9194
small_markets,2043.3,64.8834,4.2709,30.8628
small_markets,2043.4,65.0187,4.1925,30.8050
small_markets,2043.5,65.1536,4.1159,30.7460
small_markets,2043.6,65.2880,4.0409,30.6857
small_markets,2043.7,65.4219,3.9676,30.6244
small_markets,2043.8,65.5554,3.8958,30.5619
small_markets,2043.9,65.6885,3.8256,30.4984
small_markets,2044.0,65.8210,3.7570,30.4338
small_markets,2044.1,65.9532,3.6898,30.3682
small_markets,2044.2,66.0849,3.6240,30.3017
small_markets,2044.3,66.2162,3.5596,30.2341
small_markets,2044.4,66.3470,3.4966,30.1657
small_markets,2044.5,66.4775,3.4349,30.0964
small_markets,2044.6,66.6075,3.3746,30.0262
small_markets,2044.7,66.7371,3.3155,29.9552
small_markets,2044.8,66.8663,3.2576,29.8834
small_markets,2044.9,66.9951,3.2009,29.8108
small_markets,2045.0,67.1235,3.1454,29.7375
small_markets,2045.1,67.2515,3.0911,29.6634
small_markets,2045.2,67.3791,3.0378,29.5886
small_markets,2045.3,67.5064,2.9857,29.5132
small_markets,2045.4,67.6332,2.9346,29.4371
small_markets,2045.5,67.7596,2.8845,29.3604
small_markets,2045.6,67.8857,2.8355,29.2831
small_markets,2045.7,68.0113,2.7874,29.2052
small_markets,2045.8,68.1366,2.7403,29.1268
small_markets,2045.9,68.2615,2.6941,29.0478
small_markets,2046.0,68.3861,2.6488,28.9683
small_markets,2046.1,68.5102,2.6044,28.8883
small_markets,2046.2,68.6340,2.5609,28.8078
small_markets,2046.3,68.7574,2.5182,28.7269
small_markets,2046.4,68.8804,2.4764,28.6455
small_markets,2046.5,69.0031,2.4353,28.5638
small_markets,2046.6,69.1254,2.3950,28.4816
small_markets,2046.7,69.2473,2.3555,28.3990
small_markets,2046.8,69.3689,2.3168,28.3161
small_markets,2046.9,69.4900,2.2787,28.2328
small_markets,2047.0,69.6109,2.2414,28.1491
small_markets,2047.1,69.7313,2.2048,28.0652
small_markets,2047.2,69.8514,2.1689,27.9809
small_markets,2047.3,69.9711,2.1336,27.8964
small_markets,2047.4,70.0905,2.0990,27.8116
small_markets,2047.5,70.2095,2.0650,27.7265
small_markets,2047.6,70.3281,2.0316,27.6412
small_markets,2047.7,70.4464,1.9988,27.5556
small_markets,2047.8,70.5643,1.9666,27.4698
small_markets,2047.9,70.6819,1.9350,27.3838
small_markets,2048.0,70.7990,1.9040,27.2976
small_markets,2048.1,70.9159,1.8735,27.2112
small_markets,2048.2,71.0324,1.8435,27.1246
small_markets,2048.3,71.1485,1.8141,27.0379
small_markets,2048.4,71.2642,1.7852,26.9510
small_markets,2048.5,71.3796,1.7568,26.8639
small_markets,2048.6,71.4947,1.7289,26.7768
small_markets,2048.7,71.6094,1.7015,26.6894
small_markets,2048.8,71.7237,1.6745,26.6020
small_markets,2048.9,71.8377,1.6480,26.5145
small_markets,2049.0,71.9514,1.6220,26.4268
small_markets,2049.1,72.0647,1.5964,26.3391
small_markets,2049.2,72.1776,1.5713,26.2513
small_markets,2049.3,72.2902,1.5466,26.1634
small_markets,2049.4,72.4024,1.5223,26.0754
small_markets,2049.5,72.5143,1.4984,25.9874
small_markets,2049.6,72.6258,1.4750,25.8993
small_markets,2049.7,72.7370,1.4519,25.8112
small_markets,2049.8,72.8478,1.4292,25.7231
small_markets,2049.9,72.9583,1.4069,25.6349
small_markets,2050.0,73.0685,1.3850,25.5466
medium_markets,2015.0,0.4988,99.1539,0.3484
medium_markets,2015.1,0.5256,99.1100,0.3655
medium_markets,2015.2,0.5536,99.0644,0.3832
medium_markets,2015.3,0.5826,99.0170,0.4016
medium_markets,2015.4,0.6127,98.9678,0.4207
medium_markets,2015.5,0.6440,98.9166,0.4406
medium_markets,2015.6,0.6764,98.8635,0.4612
medium_markets,2015.7,0.7101,98.8085,0.4826
medium_markets,2015.8,0.7450,98.7515,0.5048
medium_markets,2015.9,0.7811,98.6923,0.5277
medium_markets,2016.0,0.8185,98.6311,0.5515
medium_markets,2016.1,0.8572,98.5678,0.5760
medium_markets,2016.2,0.8973,98.5023,0.6014
medium_markets,2016.3,0.9387,98.4346,0.6276
medium_markets,2016.4,0.9815,98.3646,0.6547
medium_markets,2016.5,1.0257,98.2923,0.6826
medium_markets,2016.6,1.0714,98.2177,0.7114
medium_markets,2016.7,1.1185,98.1408,0.7411
medium_markets,2016.8,1.1672,98.0614,0.7716
medium_markets,2016.9,1.2174,97.9796,0.8030
medium_markets,2017.0,1.2691,97.8953,0.8356
medium_markets,2017.1,1.3227,97.8060,0.8713
medium_markets,2017.2,1.3782,97.7113,0.9105
medium_markets,2017.3,1.4357,97.6118,0.9526
medium_markets,2017.4,1.4952,97.5077,0.9972
medium_markets,2017.5,1.5568,97.3992,1.0441
medium_markets,2017.6,1.6204,97.2865,1.0932
medium_markets,2017.7,1.6863,97.1695,1.1444
medium_markets,2017.8,1.7544,97.0484,1.1975
medium_markets,2017.9,1.8247,96.9231,1.2524
medium_markets,2018.0,1.8974,96.7937,1.3091
medium_markets,2018.1,1.9768,96.6601,1.3675
medium_markets,2018.2,2.0559,96.5222,1.4275
medium_markets,2018.3,2.1372,96.3803,1.4890
medium_markets,2018.4,2.2208,96.2342,1.5521
medium_markets,2018.5,2.3069,96.0841,1.6165
medium_markets,2018.6,2.3957,95.9299,1.6823
medium_markets,2018.7,2.4871,95.7717,1.7493
medium_markets,2018.8,2.5813,95.6093,1.8176
medium_markets,2018.9,2.6783,95.4429,1.8871
medium_markets,2019.0,2.7782,95.2725,1.9577
medium_markets,2019.1,2.8812,95.0979,2.0293
medium_markets,2019.2,2.9871,94.9193,2.1019
medium_markets,2019.3,3.0962,94.7366,2.1755
medium_markets,2019.4,3.2084,94.5497,2.2500
medium_markets,2019.5,3.3240,94.3588,2.3252
medium_markets,2019.6,3.4428,94.1637,2.4013
medium_markets,2019.7,3.5651,93.9645,2.4781
medium_markets,2019.8,3.6909,93.7611,2.5555
medium_markets,2019.9,3.8203,93.5535,2.6335
medium_markets,2020.0,3.9533,93.3416,2.7121
medium_markets,2020.1,4.0901,93.1256,2.7911
medium_markets,2020.2,4.2307,92.9052,2.8706
medium_markets,2020.3,4.3752,92.6806,2.9504
medium_markets,2020.4,4.5238,92.4516,3.0306
medium_markets,2020.5,4.6764,92.2183,3.1110
medium_markets,2020.6,4.8333,91.9805,3.1916
medium_markets,2020.7,4.9944,91.7383,3.2724
medium_markets,2020.8,5.1600,91.4916,3.3532
medium_markets,2020.9,5.3301,91.2403,3.4344
medium_markets,2021.0,5.5049,90.9845,3.5159
medium_markets,2021.1,5.6844,90.7239,3.5973
medium_markets,2021.2,5.8688,90.4587,3.6786
medium_markets,2021.3,6.0581,90.1887,3.7597
medium_markets,2021.4,6.2526,89.9138,3.8405
medium_markets,2021.5,6.4524,89.6339,3.9211
medium_markets,2021.6,6.6575,89.3491,4.0013
medium_markets,2021.7,6.8682,89.0591,4.0811
medium_markets,2021.8,7.0845,88.7639,4.1604
medium_markets,2021.9,7.3066,88.4635,4.2392
medium_markets,2022.0,7.5348,88.1576,4.3175
medium_markets,2022.1,7.7690,87.8462,4.3952
medium_markets,2022.2,8.0095,87.5292,4.4721
medium_markets,2022.3,8.2565,87.2064,4.5484
medium_markets,2022.4,8.5101,86.8777,4.6240
medium_markets,2022.5,8.7704,86.5430,4.6987
medium_markets,2022.6,9.0377,86.2022,4.7726
medium_markets,2022.7,9.3122,85.8549,4.8458
medium_markets,2022.8,9.5939,85.5012,4.9181
medium_markets,2022.9,9.8832,85.1409,4.9895
medium_markets,2023.0,10.1802,84.7736,5.0599
medium_markets,2023.1,10.4850,84.3994,5.1294
medium_markets,2023.2,10.7979,84.0179,5.1978
medium_markets,2023.3,11.1191,83.6290,5.2652
medium_markets,2023.4,11.4488,83.2324,5.3317
medium_markets,2023.5,11.7872,82.8280,5.3976
medium_markets,2023.6,12.1344,82.4155,5.4626
medium_markets,2023.7,12.4907,81.9946,5.5266
medium_markets,2023.8,12.8564,81.5651,5.5896
medium_markets,2023.9,13.2315,81.1269,5.6516
medium_markets,2024.0,13.6164,80.6795,5.7127
medium_markets,2024.1,14.0112,80.2228,5.7745
medium_markets,2024.2,14.4162,79.7564,5.8356
medium_markets,2024.3,14.8315,79.2802,5.8962
medium_markets,2024.4,15.2574,78.7937,5.9562
medium_markets,2024.5,15.6940,78.2968,6.0157
medium_markets,2024.6,16.1416,77.7892,6.0748
medium_markets,2024.7,16.6004,77.2705,6.1336
medium_markets,2024.8,17.0706,76.7405,6.1921
medium_markets,2024.9,17.5524,76.1988,6.2504
medium_markets,2025.0,18.0459,75.6454,6.3088
medium_markets,2025.1,18.5513,75.0798,6.3690
medium_markets,2025.2,19.0687,74.5018,6.4295
medium_markets,2025.3,19.5984,73.9111,6.4904
medium_markets,2025.4,20.1405,73.3076,6.5518
medium_markets,2025.5,20.6951,72.6911,6.6138
medium_markets,2025.6,21.2622,72.0613,6.6765
medium_markets,2025.7,21.8420,71.4182,6.7398
medium_markets,2025.8,22.4346,70.7615,6.8039
medium_markets,2025.9,23.0398,70.0912,6.8689
medium_markets,2026.0,23.6579,69.4074,6.9348
medium_markets,2026.1,24.2886,68.7099,7.0015
medium_markets,2026.2,24.9320,67.9988,7.0730
medium_markets,2026.3,25.5879,67.2743,7.1536
medium_markets,2026.4,26.2562,66.5365,7.2344
medium_markets,2026.5,26.9366,65.7858,7.3155
medium_markets,2026.6,27.6289,65.0223,7.3967
medium_markets,2026.7,28.3327,64.2466,7.4779
medium_markets,2026.8,29.0477,63.4591,7.5589
medium_markets,2026.9,29.7734,62.6603,7.6397
medium_markets,2027.0,30.5093,61.8511,7.7201
medium_markets,2027.1,31.2547,61.0320,7.8000
medium_markets,2027.2,32.0091,60.2040,7.8791
medium_markets,2027.3,32.7715,59.3681,7.9572
medium_markets,2027.4,33.5413,58.5253,8.0342
medium_markets,2027.5,34.3174,57.6766,8.1099
medium_markets,2027.6,35.0989,56.8235,8.1840
medium_markets,2027.7,35.8847,55.9671,8.2563
medium_markets,2027.8,36.6736,55.1089,8.3267
medium_markets,2027.9,37.4644,54.2502,8.3950
medium_markets,2028.0,38.2560,53.3926,8.4609
medium_markets,2028.1,39.0469,52.5375,8.5244
medium_markets,2028.2,39.8359,51.6864,8.5855
medium_markets,2028.3,40.6215,50.8408,8.6440
medium_markets,2028.4,41.4026,50.0020,8.6998
medium_markets,2028.5,42.1777,49.1714,8.7530
medium_markets,2028.6,42.9456,48.3502,8.8037
medium_markets,2028.7,43.7051,47.5395,8.8521
medium_markets,2028.8,44.4550,46.7402,8.8982
medium_markets,2028.9,45.1944,45.9532,8.9425
medium_markets,2029.0,45.9223,45.1790,8.9853
medium_markets,2029.1,46.6381,44.4180,9.0269
medium_markets,2029.2,47.3411,43.6704,9.0679
medium_markets,2029.3,48.0309,42.9362,9.1085
medium_markets,2029.4,48.7074,42.2152,9.1494
medium_markets,2029.5,49.3703,41.5071,9.1909
medium_markets,2029.6,50.0198,40.8113,9.2335
medium_markets,2029.7,50.6562,40.1272,9.2776
medium_markets,2029.8,51.2799,39.4541,9.3235
medium_markets,2029.9,51.8914,38.7914,9.3714
medium_markets,2030.0,52.4914,38.1381,9.4215
medium_markets,2030.1,53.0805,37.4936,9.4737
medium_markets,2030.2,53.6596,36.8573,9.5281
medium_markets,2030.3,54.2294,36.2284,9.5852
medium_markets,2030.4,54.7907,35.6065,9.6485
medium_markets,2030.5,55.3443,34.9911,9.7127
medium_markets,2030.6,55.8908,34.3821,9.7773
medium_markets,2030.7,56.4310,33.7793,9.8431
medium_markets,2030.8,56.9653,33.1825,9.9199
medium_markets,2030.9,57.4943,32.5919,9.9954
medium_markets,2031.0,58.0184,32.0075,10.0689
medium_markets,2031.1,58.5378,31.4295,10.1402
medium_markets,2031.2,59.0529,30.8582,10.2085
medium_markets,2031.3,59.5637,30.2939,10.2737
medium_markets,2031.4,60.0704,29.7367,10.3351
medium_markets,2031.5,60.5731,29.1871,10.3926
medium_markets,2031.6,61.0717,28.6452,10.4458
medium_markets,2031.7,61.5664,28.1114,10.4945
medium_markets,2031.8,62.0569,27.5860,10.5384
medium_markets,2031.9,62.5433,27.0691,10.5773
medium_markets,2032.0,63.0256,26.5611,10.6113
medium_markets,2032.1,63.5036,26.0619,10.6400
medium_markets,2032.2,63.9774,25.5719,10.6636
medium_markets,2032.3,64.4467,25.0911,10.6819
medium_markets,2032.4,64.9116,24.6196,10.6951
medium_markets,2032.5,65.3719,24.1574,10.7030
medium_markets,2032.6,65.8276,23.7046,10.7059
medium_markets,2032.7,66.2786,23.2612,10.7039
medium_markets,2032.8,66.7248,22.8271,10.6970
medium_markets,2032.9,67.1662,22.4022,10.6854
medium_markets,2033.0,67.6026,21.9865,10.6694
medium_markets,2033.1,68.0340,21.5798,10.6491
medium_markets,2033.2,68.4603,21.1820,10.6247
medium_markets,2033.3,68.8814,20.7929,10.5966
medium_markets,2033.4,69.2972,20.4125,10.5649
medium_markets,2033.5,69.7077,20.0405,10.5300
medium_markets,2033.6,70.1127,19.6767,10.4920
medium_markets,2033.7,70.5122,19.3211,10.4512
medium_markets,2033.8,70.9062,18.9733,10.4078
medium_markets,2033.9,71.2946,18.6334,10.3622
medium_markets,2034.0,71.6772,18.3010,10.3145
medium_markets,2034.1,72.0541,17.9760,10.2649
medium_markets,2034.2,72.4252,17.6583,10.2137
medium_markets,2034.3,72.7904,17.3478,10.1610
medium_markets,2034.4,73.1497,17.0443,10.1070
medium_markets,2034.5,73.5031,16.7477,10.0518
medium_markets,2034.6,73.8505,16.4579,9.9957
medium_markets,2034.7,74.1920,16.1747,9.9387
medium_markets,2034.8,74.5275,15.8981,9.8810
medium_markets,2034.9,74.8570,15.6280,9.8227
medium_markets,2035.0,75.1805,15.3642,9.7638
medium_markets,2035.1,75.4980,15.1067,9.7044
medium_markets,2035.2,75.8096,14.8553,9.6447
medium_markets,2035.3,76.1153,14.6100,9.5846
medium_markets,2035.4,76.4151,14.3707,9.5243
medium_markets,2035.5,76.7090,14.1372,9.4638
medium_markets,2035.6,76.9972,13.9095,9.4032
medium_markets,2035.7,77.2797,13.6875,9.3425
medium_markets,2035.8,77.5566,13.4710,9.2817
medium_markets,2035.9,77.8279,13.2599,9.2209
medium_markets,2036.0,78.0937,13.0541,9.1601
medium_markets,2036.1,78.3542,12.8536,9.0993
medium_markets,2036.2,78.6094,12.6581,9.0387
medium_markets,2036.3,78.8594,12.4675,8.9781
medium_markets,2036.4,79.1043,12.2818,8.9177
medium_markets,2036.5,79.3443,12.1007,8.8575
medium_markets,2036.6,79.5794,11.9242,8.7974
medium_markets,2036.7,79.8098,11.7521,8.7375
medium_markets,2036.8,80.0356,11.5844,8.6778
medium_markets,2036.9,80.2569,11.4208,8.6183
medium_markets,2037.0,80.4739,11.2612,8.5590
medium_markets,2037.1,80.6867,11.1056,8.4999
medium_markets,2037.2,80.8953,10.9538,8.4410
medium_markets,2037.3,81.1000,10.8056,8.3824
medium_markets,2037.4,81.3009,10.6610,8.3239
medium_markets,2037.5,81.4981,10.5199,8.2657
medium_markets,2037.6,81.6916,10.3820,8.2076
medium_markets,2037.7,81.8818,10.2474,8.1498
medium_markets,2037.8,82.0685,10.1159,8.0921
medium_markets,2037.9,82.2521,9.9874,8.0345
medium_markets,2038.0,82.4326,9.8618,7.9771
medium_markets,2038.1,82.6101,9.7390,7.9199
medium_markets,2038.2,82.7848,9.6189,7.8627
medium_markets,2038.3,82.9567,9.5014,7.8056
medium_markets,2038.4,83.1259,9.3865,7.7487
medium_markets,2038.5,83.2926,9.2741,7.6917
medium_markets,2038.6,83.4569,9.1640,7.6348
medium_markets,2038.7,83.6188,9.0563,7.5780
medium_markets,2038.8,83.7785,8.9508,7.5211
medium_markets,2038.9,83.9359,8.8474,7.4642
medium_markets,2039.0,84.0913,8.7462,7.4073
medium_markets,2039.1,84.2447,8.6470,7.3504
medium_markets,2039.2,84.3962,8.5498,7.2934
medium_markets,2039.3,84.5458,8.4545,7.2363
medium_markets,2039.4,84.6936,8.3611,7.1791
medium_markets,2039.5,84.8397,8.2695,7.1219
medium_markets,2039.6,84.9841,8.1797,7.0646
medium_markets,2039.7,85.1270,8.0916,7.0072
medium_markets,2039.8,85.2682,8.0052,6.9497
medium_markets,2039.9,85.4080,7.9204,6.8921
medium_markets,2040.0,85.5462,7.8371,6.8343
medium_markets,2040.1,85.6831,7.7555,6.7765
medium_markets,2040.2,85.8185,7.6753,6.7186
medium_markets,2040.3,85.9527,7.5966,6.6606
medium_markets,2040.4,86.0855,7.5193,6.6026
medium_markets,2040.5,86.2170,7.4434,6.5444
medium_markets,2040.6,86.3472,7.3688,6.4862
medium_markets,2040.7,86.4762,7.2956,6.4280
medium_markets,2040.8,86.6041,7.2236,6.3697
medium_markets,2040.9,86.7307,7.1529,6.3114
medium_markets,2041.0,86.8561,7.0834,6.2531
medium_markets,2041.1,86.9804,7.0150,6.1948
medium_markets,2041.2,87.1035,6.9479,6.1365
medium_markets,2041.3,87.2255,6.8818,6.0783
medium_markets,2041.4,87.3464,6.8168,6.0201
medium_markets,2041.5,87.4662,6.7529,5.9621
medium_markets,2041.6,87.5849,6.6900,5.9041
medium_markets,2041.7,87.7025,6.6281,5.8463
medium_markets,2041.8,87.8190,6.5672,5.7886
medium_markets,2041.9,87.9345,6.5072,5.7311
medium_markets,2042.0,88.0489,6.4481,5.6737
medium_markets,2042.1,88.1622,6.3900,5.6166
medium_markets,2042.2,88.2744,6.3327,5.5597
medium_markets,2042.3,88.3857,6.2763,5.5030
medium_markets,2042.4,88.4958,6.2207,5.4466
medium_markets,2042.5,88.6049,6.1659,5.3904
medium_markets,2042.6,88.7130,6.1118,5.3346
medium_markets,2042.7,88.8200,6.0586,5.2791
medium_markets,2042.8,88.9260,6.0060,5.2239
medium_markets,2042.9,89.0310,5.9542,5.1691
medium_markets,2043.0,89.1349,5.9031,5.1146
medium_markets,2043.1,89.2378,5.8527,5.0605
medium_markets,2043.2,89.3397,5.8029,5.0069
medium_markets,2043.3,89.4406,5.7538,4.9536
medium_markets,2043.4,89.5405,5.7053,4.9007
medium_markets,2043.5,89.6393,5.6575,4.8483
medium_markets,2043.6,89.7371,5.6102,4.7964
medium_markets,2043.7,89.8339,5.5635,4.7449
medium_markets,2043.8,89.9297,5.5174,4.6939
medium_markets,2043.9,90.0245,5.4718,4.6433
medium_markets,2044.0,90.1183,5.4268,4.5933
medium_markets,2044.1,90.2111,5.3822,4.5437
medium_markets,2044.2,90.3029,5.3382,4.4947
medium_markets,2044.3,90.3938,5.2948,4.4462
medium_markets,2044.4,90.4836,5.2517,4.3982
medium_markets,2044.5,90.5724,5.2092,4.3508
medium_markets,2044.6,90.6603,5.1672,4.3039
medium_markets,2044.7,90.7472,5.1256,4.2576
medium_markets,2044.8,90.8331,5.0844,4.2118
medium_markets,2044.9,90.9181,5.0437,4.1665
medium_markets,2045.0,91.0021,5.0034,4.1219
medium_markets,2045.1,91.0851,4.9635,4.0778
medium_markets,2045.2,91.1672,4.9240,4.0342
medium_markets,2045.3,91.2483,4.8849,3.9913
medium_markets,2045.4,91.3285,4.8462,3.9489
medium_markets,2045.5,91.4078,4.8079,3.9071
medium_markets,2045.6,91.4861,4.7700,3.8659
medium_markets,2045.7,91.5635,4.7325,3.8253
medium_markets,2045.8,91.6400,4.6953,3.7853
medium_markets,2045.9,91.7155,4.6584,3.7458
medium_markets,2046.0,91.7901,4.6219,3.7069
medium_markets,2046.1,91.8639,4.5858,3.6687
medium_markets,2046.2,91.9367,4.5499,3.6310
medium_markets,2046.3,92.0087,4.5144,3.5939
medium_markets,2046.4,92.0797,4.4792,3.5573
medium_markets,2046.5,92.1499,4.4444,3.5214
medium_markets,2046.6,92.2192,4.4098,3.4861
medium_markets,2046.7,92.2876,4.3756,3.4513
medium_markets,2046.8,92.3552,4.3416,3.4171
medium_markets,2046.9,92.4219,4.3079,3.3835
medium_markets,2047.0,92.4878,4.2746,3.3504
medium_markets,2047.1,92.5528,4.2415,3.3179
medium_markets,2047.2,92.6170,4.2087,3.2860
medium_markets,2047.3,92.6804,4.1761,3.2547
medium_markets,2047.4,92.7430,4.1439,3.2239
medium_markets,2047.5,92.8047,4.1118,3.1937
medium_markets,2047.6,92.8657,4.0801,3.1640
medium_markets,2047.7,92.9259,4.0486,3.1348
medium_markets,2047.8,92.9853,4.0174,3.1062
medium_markets,2047.9,93.0439,3.9864,3.0782
medium_markets,2048.0,93.1017,3.9556,3.0507
medium_markets,2048.1,93.1588,3.9251,3.0237
medium_markets,2048.2,93.2151,3.8949,2.9972
medium_markets,2048.3,93.2707,3.8649,2.9712
medium_markets,2048.4,93.3256,3.8351,2.9458
medium_markets,2048.5,93.3797,3.8055,2.9209
medium_markets,2048.6,93.4331,3.7761,2.8964
medium_markets,2048.7,93.4858,3.7470,2.8725
medium_markets,2048.8,93.5379,3.7181,2.8490
medium_markets,2048.9,93.5892,3.6894,2.8260
medium_markets,2049.0,93.6398,3.6610,2.8035
medium_markets,2049.1,93.6898,3.6327,2.7814
medium_markets,2049.2,93.7391,3.6046,2.7599
medium_markets,2049.3,93.7878,3.5768,2.7387
medium_markets,2049.4,93.8358,3.5492,2.7180
medium_markets,2049.5,93.8832,3.5217,2.6978
medium_markets,2049.6,93.9299,3.4945,2.6780
medium_markets,2049.7,93.9760,3.4674,2.6586
medium_markets,2049.8,94.0216,3.4406,2.6396
medium_markets,2049.9,94.0665,3.4139,2.6210
medium_markets,2050.0,94.1108,3.3874,2.6029
big_markets,2015.0,0.3804,99.5279,0.1541
big_markets,2015.1,0.4064,99.4961,0.1619
big_markets,2015.2,0.4338,99.4626,0.1700
big_markets,2015.3,0.4625,99.4274,0.1784
big_markets,2015.4,0.4927,99.3902,0.1870
big_markets,2015.5,0.5244,99.3512,0.1959
big_markets,2015.6,0.5575,99.3102,0.2051
big_markets,2015.7,0.5922,99.2671,0.2146
big_markets,2015.8,0.6286,99.2218,0.2244
big_markets,2015.9,0.6665,99.1744,0.2345
big_markets,2016.0,0.7062,99.1246,0.2448
big_markets,2016.1,0.7476,99.0725,0.2555
big_markets,2016.2,0.7908,99.0179,0.2664
big_markets,2016.3,0.8358,98.9608,0.2777
big_markets,2016.4,0.8828,98.9011,0.2893
big_markets,2016.5,0.9316,98.8386,0.3012
big_markets,2016.6,0.9825,98.7733,0.3133
big_markets,2016.7,1.0354,98.7052,0.3258
big_markets,2016.8,1.0903,98.6340,0.3387
big_markets,2016.9,1.1474,98.5598,0.3518
big_markets,2017.0,1.2067,98.4824,0.3652
big_markets,2017.1,1.2682,98.4018,0.3790
big_markets,2017.2,1.3320,98.3177,0.3930
big_markets,2017.3,1.3982,98.2302,0.4074
big_markets,2017.4,1.4667,98.1391,0.4221
big_markets,2017.5,1.5377,98.0444,0.4371
big_markets,2017.6,1.6112,97.9458,0.4525
big_markets,2017.7,1.6872,97.8433,0.4714
big_markets,2017.8,1.7658,97.7369,0.4994
big_markets,2017.9,1.8471,97.6263,0.5289
big_markets,2018.0,1.9311,97.5115,0.5599
big_markets,2018.1,2.0179,97.3923,0.5926
big_markets,2018.2,2.1074,97.2687,0.6269
big_markets,2018.3,2.1999,97.1405,0.6629
big_markets,2018.4,2.2953,97.0077,0.7006
big_markets,2018.5,2.3936,96.8700,0.7403
big_markets,2018.6,2.4950,96.7273,0.7818
big_markets,2018.7,2.5995,96.5797,0.8253
big_markets,2018.8,2.7071,96.4268,0.8709
big_markets,2018.9,2.8180,96.2686,0.9185
big_markets,2019.0,2.9321,96.1051,0.9684
big_markets,2019.1,3.0495,95.9360,1.0205
big_markets,2019.2,3.1702,95.7612,1.0749
big_markets,2019.3,3.2944,95.5806,1.1317
big_markets,2019.4,3.4220,95.3941,1.1909
big_markets,2019.5,3.5532,95.2016,1.2527
big_markets,2019.6,3.6879,95.0029,1.3171
big_markets,2019.7,3.8263,94.7979,1.3841
big_markets,2019.8,3.9683,94.5866,1.4538
big_markets,2019.9,4.1141,94.3687,1.5264
big_markets,2020.0,4.2637,94.1441,1.6017
big_markets,2020.1,4.4171,93.9128,1.6801
big_markets,2020.2,4.5743,93.6747,1.7614
big_markets,2020.3,4.7355,93.4295,1.8457
big_markets,2020.4,4.9007,93.1773,1.9332
big_markets,2020.5,5.0700,92.9178,2.0238
big_markets,2020.6,5.2433,92.6510,2.1176
big_markets,2020.7,5.4207,92.3768,2.2147
big_markets,2020.8,5.6023,92.0951,2.3152
big_markets,2020.9,5.7881,91.8057,2.4190
big_markets,2021.0,5.9782,91.5087,2.5262
big_markets,2021.1,6.1726,91.2039,2.6369
big_markets,2021.2,6.3713,90.8911,2.7510
big_markets,2021.3,6.5745,90.5705,2.8687
big_markets,2021.4,6.7820,90.2418,2.9900
big_markets,2021.5,6.9940,89.9050,3.1148
big_markets,2021.6,7.2106,89.5600,3.2432
big_markets,2021.7,7.4316,89.2068,3.3752
big_markets,2021.8,7.6573,88.8453,3.5109
big_markets,2021.9,7.8876,88.4756,3.6502
big_markets,2022.0,8.1225,88.0975,3.7930
big_markets,2022.1,8.3621,87.7110,3.9395
big_markets,2022.2,8.6064,87.3161,4.0896
big_markets,2022.3,8.8554,86.9128,4.2432
big_markets,2022.4,9.1092,86.5011,4.4004
big_markets,2022.5,9.3678,86.0810,4.5611
big_markets,2022.6,9.6313,85.6525,4.7252
big_markets,2022.7,9.8995,85.2156,4.8927
big_markets,2022.8,10.1727,84.7704,5.0636
big_markets,2022.9,10.4507,84.3168,5.2377
big_markets,2023.0,10.7336,83.8551,5.4149
big_markets,2023.1,11.0214,83.3852,5.5953
big_markets,2023.2,11.3142,82.9071,5.7787
big_markets,2023.3,11.6120,82.4210,5.9670
big_markets,2023.4,11.9147,81.9270,6.1583
big_markets,2023.5,12.2224,81.4252,6.3524
big_markets,2023.6,12.5350,80.9157,6.5493
big_markets,2023.7,12.8527,80.3986,6.7487
big_markets,2023.8,13.1754,79.8740,6.9506
big_markets,2023.9,13.5031,79.3422,7.1547
big_markets,2024.0,13.8358,78.8032,7.3610
big_markets,2024.1,14.1735,78.2573,7.5692
big_markets,2024.2,14.5163,77.7046,7.7791
big_markets,2024.3,14.8641,77.1453,7.9906
big_markets,2024.4,15.2169,76.5796,8.2035
big_markets,2024.5,15.5748,76.0078,8.4174
big_markets,2024.6,15.9376,75.4301,8.6323
big_markets,2024.7,16.3055,74.8466,8.8479
big_markets,2024.8,16.6784,74.2577,9.0639
big_markets,2024.9,17.0563,73.6637,9.2800
big_markets,2025.0,17.4393,73.0646,9.4961
big_markets,2025.1,17.8272,72.4610,9.7118
big_markets,2025.2,18.2201,71.8529,9.9270
big_markets,2025.3,18.6180,71.2408,10.1412
big_markets,2025.4,19.0209,70.6249,10.3542
big_markets,2025.5,19.4288,70.0055,10.5657
big_markets,2025.6,19.8416,69.3829,10.7755
big_markets,2025.7,20.2594,68.7575,10.9831
big_markets,2025.8,20.6821,68.1296,11.1883
big_markets,2025.9,21.1098,67.4994,11.3908
big_markets,2026.0,21.5423,66.8674,11.5903
big_markets,2026.1,21.9798,66.2338,11.7864
big_markets,2026.2,22.4222,65.5990,11.9788
big_markets,2026.3,22.8695,64.9633,12.1671
big_markets,2026.4,23.3217,64.3271,12.3512
big_markets,2026.5,23.7787,63.6908,12.5305
big_markets,2026.6,24.2406,63.0545,12.7049
big_markets,2026.7,24.7073,62.4187,12.8740
big_markets,2026.8,25.1788,61.7838,13.0374
big_markets,2026.9,25.6552,61.1500,13.1948
big_markets,2027.0,26.1363,60.5177,13.3460
big_markets,2027.1,26.6221,59.8873,13.4906
big_markets,2027.2,27.1127,59.2590,13.6283
big_markets,2027.3,27.6080,58.6331,13.7589
big_markets,2027.4,28.1080,58.0101,13.8819
big_markets,2027.5,28.6125,57.3902,13.9973
big_markets,2027.6,29.1217,56.7737,14.1046
big_markets,2027.7,29.6354,56.1610,14.2036
big_markets,2027.8,30.1535,55.5523,14.2942
big_markets,2027.9,30.6760,54.9480,14.3760
big_markets,2028.0,31.2029,54.3483,14.4488
big_markets,2028.1,31.7339,53.7536,14.5125
big_markets,2028.2,32.2691,53.1640,14.5668
big_markets,2028.3,32.8083,52.5800,14.6116
big_markets,2028.4,33.3514,52.0018,14.6468
big_markets,2028.5,33.8982,51.4296,14.6721
big_markets,2028.6,34.4486,50.8638,14.6876
big_markets,2028.7,35.0023,50.3046,14.6931
big_markets,2028.8,35.5592,49.7522,14.6886
big_markets,2028.9,36.1190,49.2069,14.6740
big_markets,2029.0,36.6815,48.6690,14.6494
big_markets,2029.1,37.2465,48.1387,14.6148
big_markets,2029.2,37.8135,47.6163,14.5702
big_markets,2029.3,38.3823,47.1020,14.5158
big_markets,2029.4,38.9524,46.5960,14.4516
big_markets,2029.5,39.5237,46.0985,14.3778
big_markets,2029.6,40.0955,45.6098,14.2947
big_markets,2029.7,40.6675,45.1302,14.2024
big_markets,2029.8,41.2391,44.6597,14.1012
big_markets,2029.9,41.8100,44.1985,13.9914
big_markets,2030.0,42.3796,43.7470,13.8734
big_markets,2030.1,42.9474,43.3052,13.7474
big_markets,2030.2,43.5128,42.8732,13.6140
big_markets,2030.3,44.0752,42.4513,13.4735
big_markets,2030.4,44.6342,42.0395,13.3264
big_markets,2030.5,45.1890,41.6379,13.1731
big_markets,2030.6,45.7392,41.2466,13.0142
big_markets,2030.7,46.2842,40.8656,12.8502
big_markets,2030.8,46.8234,40.4951,12.6816
big_markets,2030.9,47.3563,40.1348,12.5089
big_markets,2031.0,47.8825,39.7849,12.3326
big_markets,2031.1,48.4014,39.4453,12.1534
big_markets,2031.2,48.9126,39.1158,11.9716
big_markets,2031.3,49.4158,38.7963,11.7879
big_markets,2031.4,49.9106,38.4868,11.6026
big_markets,2031.5,50.3968,38.1868,11.4164
big_markets,2031.6,50.8741,37.8964,11.2295
big_markets,2031.7,51.3425,37.6151,11.0424
big_markets,2031.8,51.8018,37.3427,10.8555
big_markets,2031.9,52.2520,37.0789,10.6690
big_markets,2032.0,52.6932,36.8234,10.4834
big_markets,2032.1,53.1254,36.5758,10.2988
big_markets,2032.2,53.5488,36.3357,10.1155
big_markets,2032.3,53.9636,36.1028,9.9336
big_markets,2032.4,54.3700,35.8767,9.7533
big_markets,2032.5,54.7683,35.6569,9.5748
big_markets,2032.6,55.1587,35.4431,9.4000
big_markets,2032.7,55.5416,35.2349,9.2275
big_markets,2032.8,55.9173,35.0318,9.0563
big_markets,2032.9,56.2861,34.8335,8.8866
big_markets,2033.0,56.6483,34.6397,8.7186
big_markets,2033.1,57.0042,34.4499,8.5525
big_markets,2033.2,57.3540,34.2639,8.3884
big_markets,2033.3,57.6980,34.0813,8.2264
big_markets,2033.4,58.0364,33.9018,8.0669
big_markets,2033.5,58.3694,33.7252,7.9098
big_markets,2033.6,58.6972,33.5512,7.7552
big_markets,2033.7,59.0200,33.3796,7.6034
big_markets,2033.8,59.3378,33.2103,7.4544
big_markets,2033.9,59.6508,33.0429,7.3082
big_markets,2034.0,59.9591,32.8774,7.1650
big_markets,2034.1,60.2627,32.7136,7.0248
big_markets,2034.2,60.5618,32.5514,6.8877
big_markets,2034.3,60.8563,32.3906,6.7537
big_markets,2034.4,61.1464,32.2313,6.6228
big_markets,2034.5,61.4320,32.0732,6.4951
big_markets,2034.6,61.7133,31.9164,6.3705
big_markets,2034.7,61.9902,31.7608,6.2492
big_markets,2034.8,62.2629,31.6062,6.1310
big_markets,2034.9,62.5314,31.4528,6.0159
big_markets,2035.0,62.7956,31.3003,5.9041
big_markets,2035.1,63.0558,31.1489,5.7953
big_markets,2035.2,63.3119,30.9985,5.6897
big_markets,2035.3,63.5640,30.8489,5.5871
big_markets,2035.4,63.8121,30.7003,5.4876
big_markets,2035.5,64.0564,30.5527,5.3910
big_markets,2035.6,64.2968,30.4058,5.2974
big_markets,2035.7,64.5335,30.2599,5.2066
big_markets,2035.8,64.7664,30.1148,5.1187
big_markets,2035.9,64.9958,29.9706,5.0336
big_markets,2036.0,65.2216,29.8272,4.9512
big_markets,2036.1,65.4440,29.6846,4.8715
big_markets,2036.2,65.6629,29.5428,4.7943
big_markets,2036.3,65.8785,29.4018,4.7197
big_markets,2036.4,66.0908,29.2616,4.6475
big_markets,2036.5,66.3000,29.1222,4.5778
big_markets,2036.6,66.5060,28.9836,4.5104
big_markets,2036.7,66.7090,28.8458,4.4452
big_markets,2036.8,66.9091,28.7087,4.3822
big_markets,2036.9,67.1063,28.5724,4.3214
big_markets,2037.0,67.3006,28.4368,4.2626
big_markets,2037.1,67.4923,28.3020,4.2058
big_markets,2037.2,67.6813,28.1679,4.1509
big_markets,2037.3,67.8677,28.0345,4.0978
big_markets,2037.4,68.0516,27.9019,4.0466
big_markets,2037.5,68.2330,27.7699,3.9970
big_markets,2037.6,68.4121,27.6387,3.9491
big_markets,2037.7,68.5890,27.5082,3.9028
big_markets,2037.8,68.7636,27.3784,3.8580
big_markets,2037.9,68.9360,27.2493,3.8147
big_markets,2038.0,69.1064,27.1208,3.7728
big_markets,2038.1,69.2747,26.9931,3.7322
big_markets,2038.2,69.4411,26.8660,3.6929
big_markets,2038.3,69.6056,26.7395,3.6548
big_markets,2038.4,69.7683,26.6137,3.6179
big_markets,2038.5,69.9293,26.4886,3.5821
big_markets,2038.6,70.0885,26.3641,3.5474
big_markets,2038.7,70.2461,26.2403,3.5136
big_markets,2038.8,70.4021,26.1170,3.4809
big_markets,2038.9,70.5566,25.9944,3.4490
big_markets,2039.0,70.7096,25.8724,3.4180
big_markets,2039.1,70.8612,25.7510,3.3878
big_markets,2039.2,71.0114,25.6302,3.3584
big_markets,2039.3,71.1603,25.5100,3.3297
big_markets,2039.4,71.3079,25.3904,3.3017
big_markets,2039.5,71.4543,25.2714,3.2743
big_markets,2039.6,71.5995,25.1530,3.2476
big_markets,2039.7,71.7435,25.0351,3.2214
big_markets,2039.8,71.8864,24.9178,3.1958
big_markets,2039.9,72.0283,24.8010,3.1707
big_markets,2040.0,72.1692,24.6848,3.1460
big_markets,2040.1,72.3090,24.5691,3.1219
big_markets,2040.2,72.4479,24.4540,3.0981
big_markets,2040.3,72.5858,24.3394,3.0747
big_markets,2040.4,72.7229,24.2254,3.0517
big_markets,2040.5,72.8591,24.1118,3.0290
big_markets,2040.6,72.9945,23.9988,3.0067
big_markets,2040.7,73.1290,23.8863,2.9847
big_markets,2040.8,73.2628,23.7743,2.9629
big_markets,2040.9,73.3958,23.6628,2.9414
big_markets,2041.0,73.5281,23.5518,2.9201
big_markets,2041.1,73.6596,23.4413,2.8990
big_markets,2041.2,73.7905,23.3313,2.8782
big_markets,2041.3,73.9207,23.2218,2.8575
big_markets,2041.4,74.0503,23.1127,2.8370
big_markets,2041.5,74.1792,23.0042,2.8167
big_markets,2041.6,74.3075,22.8960,2.7965
big_markets,2041.7,74.4351,22.7884,2.7765
big_markets,2041.8,74.5622,22.6812,2.7565
big_markets,2041.9,74.6888,22.5745,2.7367
big_markets,2042.0,74.8147,22.4682,2.7171
big_markets,2042.1,74.9402,22.3624,2.6975
big_markets,2042.2,75.0650,22.2570,2.6780
big_markets,2042.3,75.1894,22.1520,2.6586
big_markets,2042.4,75.3132,22.0475,2.6392
big_markets,2042.5,75.4366,21.9435,2.6200
big_markets,2042.6,75.5594,21.8398,2.6008
big_markets,2042.7,75.6818,21.7366,2.5816
big_markets,2042.8,75.8037,21.6338,2.5626
big_markets,2042.9,75.9251,21.5314,2.5435
big_markets,2043.0,76.0460,21.4294,2.5246
big_markets,2043.1,76.1665,21.3279,2.5057
big_markets,2043.2,76.2865,21.2267,2.4868
big_markets,2043.3,76.4061,21.1259,2.4679
big_markets,2043.4,76.5253,21.0256,2.4491
big_markets,2043.5,76.6440,20.9256,2.4304
big_markets,2043.6,76.7623,20.8261,2.4117
big_markets,2043.7,76.8801,20.7269,2.3930
big_markets,2043.8,76.9976,20.6281,2.3743
big_markets,2043.9,77.1146,20.5297,2.3557
big_markets,2044.0,77.2312,20.4317,2.3371
big_markets,2044.1,77.3474,20.3340,2.3186
big_markets,2044.2,77.4632,20.2368,2.3001
big_markets,2044.3,77.5785,20.1399,2.2816
big_markets,2044.4,77.6935,20.0433,2.2631
big_markets,2044.5,77.8081,19.9472,2.2447
big_markets,2044.6,77.9223,19.8514,2.2263
big_markets,2044.7,78.0361,19.7560,2.2080
big_markets,2044.8,78.1495,19.6609,2.1897
big_markets,2044.9,78.2625,19.5662,2.1714
big_markets,2045.0,78.3751,19.4718,2.1531
big_markets,2045.1,78.4873,19.3778,2.1349
big_markets,2045.2,78.5992,19.2841,2.1167
big_markets,2045.3,78.7106,19.1908,2.0986
big_markets,2045.4,78.8217,19.0979,2.0805
big_markets,2045.5,78.9324,19.0052,2.0625
big_markets,2045.6,79.0427,18.9130,2.0445
big_markets,2045.7,79.1526,18.8210,2.0265
big_markets,2045.8,79.2622,18.7294,2.0086
big_markets,2045.9,79.3714,18.6382,1.9907
big_markets,2046.0,79.4802,18.5472,1.9729
big_markets,2046.1,79.5886,18.4566,1.9551
big_markets,2046.2,79.6967,18.3664,1.9374
big_markets,2046.3,79.8043,18.2764,1.9206
big_markets,2046.4,79.9117,18.1868,1.9039
big_markets,2046.5,80.0186,18.0975,1.8872
big_markets,2046.6,80.1252,18.0086,1.8705
big_markets,2046.7,80.2314,17.9199,1.8539
big_markets,2046.8,80.3372,17.8316,1.8374
big_markets,2046.9,80.4426,17.7436,1.8209
big_markets,2047.0,80.5477,17.6559,1.8045
big_markets,2047.1,80.6525,17.5686,1.7881
big_markets,2047.2,80.7568,17.4815,1.7717
big_markets,2047.3,80.8608,17.3948,1.7555
big_markets,2047.4,80.9644,17.3084,1.7392
big_markets,2047.5,81.0677,17.2223,1.7231
big_markets,2047.6,81.1705,17.1365,1.7070
big_markets,2047.7,81.2731,17.0511,1.6909
big_markets,2047.8,81.3752,16.9659,1.6749
big_markets,2047.9,81.4770,16.8810,1.6590
big_markets,2048.0,81.5784,16.7965,1.6431
big_markets,2048.1,81.6795,16.7123,1.6273
big_markets,2048.2,81.7801,16.6284,1.6116
big_markets,2048.3,81.8805,16.5447,1.5959
big_markets,2048.4,81.9804,16.4614,1.5803
big_markets,2048.5,82.0800,16.3784,1.5647
big_markets,2048.6,82.1792,16.2957,1.5492
big_markets,2048.7,82.2781,16.2134,1.5338
big_markets,2048.8,82.3766,16.1313,1.5184
big_markets,2048.9,82.4747,16.0495,1.5031
big_markets,2049.0,82.5725,15.9680,1.4879
big_markets,2049.1,82.6699,15.8868,1.4727
big_markets,2049.2,82.7669,15.8060,1.4576
big_markets,2049.3,82.8636,15.7254,1.4426
big_markets,2049.4,82.9599,15.6451,1.4277
big_markets,2049.5,83.0558,15.5652,1.4128
big_markets,2049.6,83.1514,15.4855,1.3979
big_markets,2049.7,83.2466,15.4062,1.3832
big_markets,2049.8,83.3415,15.3271,1.3737
big_markets,2049.9,83.4359,15.2484,1.3650
big_markets,2050.0,83.5300,15.1699,1.3564
