group,year,bev_share,ice_share,phev_share
world,2015.0,0.3848,99.5140,0.1613
world,2015.1,0.4107,99.4816,0.1699
world,2015.2,0.4379,99.4475,0.1788
world,2015.3,0.4665,99.4115,0.1881
world,2015.4,0.4965,99.3736,0.1978
world,2015.5,0.5280,99.3337,0.2078
world,2015.6,0.5611,99.2918,0.2181
world,2015.7,0.5956,99.2477,0.2289
world,2015.8,0.6318,99.2015,0.2400
world,2015.9,0.6696,99.1530,0.2515
world,2016.0,0.7091,99.1022,0.2634
world,2016.1,0.7504,99.0490,0.2756
world,2016.2,0.7934,98.9933,0.2882
world,2016.3,0.8382,98.9351,0.3013
world,2016.4,0.8850,98.8741,0.3147
world,2016.5,0.9336,98.8105,0.3285
world,2016.6,0.9842,98.7441,0.3426
world,2016.7,1.0368,98.6747,0.3572
world,2016.8,1.0915,98.6024,0.3722
world,2016.9,1.1483,98.5270,0.3875
world,2017.0,1.2073,98.4485,0.4033
world,2017.1,1.2686,98.3658,0.4202
world,2017.2,1.3322,98.2797,0.4376
world,2017.3,1.3982,98.1899,0.4555
world,2017.4,1.4665,98.0964,0.4740
world,2017.5,1.5373,97.9991,0.4930
world,2017.6,1.6106,97.8979,0.5125
world,2017.7,1.6865,97.7928,0.5325
world,2017.8,1.7649,97.6835,0.5546
world,2017.9,1.8460,97.5701,0.5872
world,2018.0,1.9299,97.4525,0.6213
world,2018.1,2.0169,97.3304,0.6571
world,2018.2,2.1065,97.2039,0.6945
world,2018.3,2.1989,97.0728,0.7336
world,2018.4,2.2942,96.9370,0.7745
world,2018.5,2.3925,96.7964,0.8171
world,2018.6,2.4938,96.6509,0.8617
world,2018.7,2.5982,96.5004,0.9082
world,2018.8,2.7057,96.3449,0.9567
world,2018.9,2.8165,96.1841,1.0072
world,2019.0,2.9304,96.0179,1.0597
world,2019.1,3.0477,95.8463,1.1145
world,2019.2,3.1683,95.6692,1.1714
world,2019.3,3.2923,95.4864,1.2306
world,2019.4,3.4198,95.2978,1.2921
world,2019.5,3.5508,95.1033,1.3560
world,2019.6,3.6854,94.9029,1.4223
world,2019.7,3.8236,94.6963,1.4910
world,2019.8,3.9655,94.4835,1.5624
world,2019.9,4.1112,94.2643,1.6363
world,2020.0,4.2606,94.0387,1.7129
world,2020.1,4.4138,93.8066,1.7921
world,2020.2,4.5710,93.5678,1.8742
world,2020.3,4.7320,93.3223,1.9590
world,2020.4,4.8971,93.0698,2.0467
world,2020.5,5.0663,92.8105,2.1374
world,2020.6,5.2395,92.5440,2.2309
world,2020.7,5.4169,92.2704,2.3275
world,2020.8,5.5984,91.9895,2.4271
world,2020.9,5.7843,91.7013,2.5299
world,2021.0,5.9744,91.4056,2.6357
world,2021.1,6.1689,91.1024,2.7447
world,2021.2,6.3678,90.7917,2.8569
world,2021.3,6.5711,90.4732,2.9723
world,2021.4,6.7789,90.1470,3.0909
world,2021.5,6.9913,89.8129,3.2127
world,2021.6,7.2082,89.4709,3.3377
world,2021.7,7.4298,89.1211,3.4660
world,2021.8,7.6561,88.7632,3.5976
world,2021.9,7.8871,88.3972,3.7324
world,2022.0,8.1229,88.0232,3.8704
world,2022.1,8.3634,87.6410,4.0117
world,2022.2,8.6088,87.2506,4.1562
world,2022.3,8.8592,86.8521,4.3039
world,2022.4,9.1144,86.4454,4.4547
world,2022.5,9.3746,86.0304,4.6086
world,2022.6,9.6399,85.6073,4.7657
world,2022.7,9.9102,85.1759,4.9257
world,2022.8,10.1855,84.7363,5.0887
world,2022.9,10.4660,84.2886,5.2546
world,2023.0,10.7517,83.8327,5.4233
world,2023.1,11.0425,83.3687,5.5947
world,2023.2,11.3386,82.8967,5.7688
world,2023.3,11.6399,82.4166,5.9454
world,2023.4,11.9465,81.9286,6.1262
world,2023.5,12.2585,81.4328,6.3101
world,2023.6,12.5757,80.9292,6.4964
world,2023.7,12.8984,80.4178,6.6849
world,2023.8,13.2264,79.8989,6.8757
world,2023.9,13.5599,79.3726,7.0684
world,2024.0,13.8989,78.8388,7.2631
world,2024.1,14.2433,78.2979,7.4596
world,2024.2,14.5932,77.7498,7.6577
world,2024.3,14.9486,77.1948,7.8572
world,2024.4,15.3096,76.6331,8.0579
world,2024.5,15.6761,76.0647,8.2596
world,2024.6,16.0482,75.4899,8.4622
world,2024.7,16.4259,74.9089,8.6654
world,2024.8,16.8092,74.3218,8.8690
world,2024.9,17.1981,73.7289,9.0730
world,2025.0,17.5927,73.1303,9.2770
world,2025.1,17.9929,72.5264,9.4807
world,2025.2,18.3988,71.9172,9.6840
world,2025.3,18.8104,71.3032,9.8865
world,2025.4,19.2276,70.6844,10.0880
world,2025.5,19.6505,70.0612,10.2883
world,2025.6,20.0792,69.4338,10.4871
world,2025.7,20.5135,68.8025,10.6841
world,2025.8,20.9534,68.1676,10.8790
world,2025.9,21.3991,67.5293,11.0716
world,2026.0,21.8505,66.8880,11.2616
world,2026.1,22.3075,66.2439,11.4486
world,2026.2,22.7701,65.5974,11.6330
world,2026.3,23.2384,64.9488,11.8146
world,2026.4,23.7123,64.2984,11.9924
world,2026.5,24.1917,63.6465,12.1660
world,2026.6,24.6767,62.9935,12.3352
world,2026.7,25.1671,62.3397,12.4995
world,2026.8,25.6630,61.6854,12.6588
world,2026.9,26.1642,61.0311,12.8127
world,2027.0,26.6708,60.3771,12.9609
world,2027.1,27.1825,59.7238,13.1032
world,2027.2,27.6993,59.0716,13.2392
world,2027.3,28.2212,58.4209,13.3686
world,2027.4,28.7479,57.7720,13.4912
world,2027.5,29.2794,57.1254,13.6066
world,2027.6,29.8155,56.4815,13.7147
world,2027.7,30.3560,55.8407,13.8152
world,2027.8,30.9008,55.2034,13.9078
world,2027.9,31.4497,54.5701,13.9922
world,2028.0,32.0024,53.9412,14.0684
world,2028.1,32.5588,53.3172,14.1360
world,2028.2,33.1186,52.6983,14.1949
world,2028.3,33.6816,52.0851,14.2450
world,2028.4,34.2475,51.4779,14.2860
world,2028.5,34.8161,50.8772,14.3180
world,2028.6,35.3869,50.2833,14.3407
world,2028.7,35.9599,49.6965,14.3542
world,2028.8,36.5346,49.1172,14.3585
world,2028.9,37.1107,48.5458,14.3534
world,2029.0,37.6879,47.9824,14.3392
world,2029.1,38.2659,47.4274,14.3158
world,2029.2,38.8444,46.8810,14.2833
world,2029.3,39.4230,46.3434,14.2419
world,2029.4,40.0014,45.8148,14.1918
world,2029.5,40.5792,45.2952,14.1331
world,2029.6,41.1561,44.7850,14.0661
world,2029.7,41.7317,44.2840,13.9910
world,2029.8,42.3057,43.7926,13.9080
world,2029.9,42.8777,43.3107,13.8176
world,2030.0,43.4472,42.8384,13.7200
world,2030.1,44.0140,42.3757,13.6156
world,2030.2,44.5776,41.9228,13.5046
world,2030.3,45.1376,41.4796,13.3882
world,2030.4,45.6936,41.0461,13.2659
world,2030.5,46.2452,40.6225,13.1382
world,2030.6,46.7919,40.2087,13.0055
world,2030.7,47.3334,39.8048,12.8683
world,2030.8,47.8692,39.4108,12.7281
world,2030.9,48.3989,39.0265,12.5841
world,2031.0,48.9221,38.6521,12.4368
world,2031.1,49.4385,38.2875,12.2864
world,2031.2,49.9477,37.9326,12.1335
world,2031.3,50.4494,37.5873,11.9784
world,2031.4,50.9433,37.2515,11.8215
world,2031.5,51.4292,36.9250,11.6632
world,2031.6,51.9070,36.6077,11.5038
world,2031.7,52.3764,36.2994,11.3437
world,2031.8,52.8375,35.9998,11.1832
world,2031.9,53.2902,35.7088,11.0225
world,2032.0,53.7346,35.4260,10.8618
world,2032.1,54.1706,35.1511,10.7015
world,2032.2,54.5985,34.8838,10.5416
world,2032.3,55.0184,34.6238,10.3825
world,2032.4,55.4306,34.3708,10.2241
world,2032.5,55.8351,34.1244,10.0666
world,2032.6,56.2324,33.8842,9.9117
world,2032.7,56.6226,33.6499,9.7583
world,2032.8,57.0060,33.4212,9.6054
world,2032.9,57.3829,33.1977,9.4532
world,2033.0,57.7536,32.9791,9.3020
world,2033.1,58.1182,32.7650,9.1519
world,2033.2,58.4771,32.5551,9.0030
world,2033.3,58.8304,32.3492,8.8555
world,2033.4,59.1783,32.1470,8.7097
world,2033.5,59.5211,31.9482,8.5655
world,2033.6,59.8588,31.7525,8.4232
world,2033.7,60.1915,31.5599,8.2829
world,2033.8,60.5194,31.3699,8.1447
world,2033.9,60.8427,31.1826,8.0086
world,2034.0,61.1612,30.9977,7.8748
world,2034.1,61.4752,30.8151,7.7433
world,2034.2,61.7847,30.6347,7.6143
world,2034.3,62.0897,30.4563,7.4877
world,2034.4,62.3902,30.2798,7.3636
world,2034.5,62.6864,30.1052,7.2421
world,2034.6,62.9782,29.9324,7.1231
world,2034.7,63.2657,29.7614,7.0068
world,2034.8,63.5490,29.5919,6.8930
world,2034.9,63.8280,29.4241,6.7818
world,2035.0,64.1029,29.2579,6.6733
world,2035.1,64.3736,29.0932,6.5673
world,2035.2,64.6402,28.9300,6.4639
world,2035.3,64.9029,28.7682,6.3631
world,2035.4,65.1615,28.6078,6.2648
world,2035.5,65.4163,28.4489,6.1690
world,2035.6,65.6672,28.2913,6.0757
world,2035.7,65.9143,28.1350,5.9848
world,2035.8,66.1577,27.9801,5.8963
world,2035.9,66.3974,27.8265,5.8101
world,2036.0,66.6336,27.6741,5.7262
world,2036.1,66.8662,27.5230,5.6446
world,2036.2,67.0954,27.3731,5.5652
world,2036.3,67.3212,27.2244,5.4879
world,2036.4,67.5437,27.0769,5.4128
world,2036.5,67.7630,26.9306,5.3397
world,2036.6,67.9791,26.7854,5.2686
world,2036.7,68.1922,26.6413,5.1995
world,2036.8,68.4022,26.4983,5.1322
world,2036.9,68.6093,26.3564,5.0668
world,2037.0,68.8136,26.2156,5.0032
world,2037.1,69.0151,26.0758,4.9412
world,2037.2,69.2138,25.9371,4.8810
world,2037.3,69.4099,25.7993,4.8224
world,2037.4,69.6035,25.6626,4.7654
world,2037.5,69.7946,25.5268,4.7098
world,2037.6,69.9833,25.3919,4.6558
world,2037.7,70.1696,25.2580,4.6031
world,2037.8,70.3536,25.1250,4.5518
world,2037.9,70.5354,24.9929,4.5018
world,2038.0,70.7151,24.8616,4.4531
world,2038.1,70.8927,24.7313,4.4056
world,2038.2,71.0683,24.6017,4.3593
world,2038.3,71.2419,24.4731,4.3140
world,2038.4,71.4137,24.3452,4.2699
world,2038.5,71.5836,24.2181,4.2267
world,2038.6,71.7517,24.0918,4.1846
world,2038.7,71.9182,23.9663,4.1434
world,2038.8,72.0829,23.8416,4.1031
world,2038.9,72.2461,23.7176,4.0636
world,2039.0,72.4077,23.5944,4.0250
world,2039.1,72.5677,23.4719,3.9871
world,2039.2,72.7264,23.3501,3.9500
world,2039.3,72.8836,23.2290,3.9136
world,2039.4,73.0394,23.1085,3.8779
world,2039.5,73.1939,22.9888,3.8428
world,2039.6,73.3471,22.8698,3.8083
world,2039.7,73.4991,22.7514,3.7744
world,2039.8,73.6499,22.6337,3.7411
world,2039.9,73.7995,22.5166,3.7083
world,2040.0,73.9479,22.4001,3.6760
world,2040.1,74.0953,22.2843,3.6442
world,2040.2,74.2416,22.1691,3.6128
world,2040.3,74.3868,22.0546,3.5818
world,2040.4,74.5310,21.9406,3.5513
world,2040.5,74.6743,21.8272,3.5211
world,2040.6,74.8166,21.7144,3.4914
world,2040.7,74.9579,21.6022,3.4619
world,2040.8,75.0984,21.4906,3.4328
world,2040.9,75.2379,21.3796,3.4041
world,2041.0,75.3766,21.2691,3.3756
world,2041.1,75.5144,21.1592,3.3474
world,2041.2,75.6515,21.0498,3.3195
world,2041.3,75.7877,20.9410,3.2919
world,2041.4,75.9231,20.8327,3.2645
world,2041.5,76.0577,20.7249,3.2374
world,2041.6,76.1916,20.6177,3.2105
world,2041.7,76.3247,20.5110,3.1838
world,2041.8,76.4571,20.4048,3.1573
world,2041.9,76.5888,20.2992,3.1311
world,2042.0,76.7198,20.1940,3.1050
world,2042.1,76.8501,20.0894,3.0792
world,2042.2,76.9796,19.9853,3.0535
world,2042.3,77.1085,19.8816,3.0280
world,2042.4,77.2368,19.7785,3.0027
world,2042.5,77.3644,19.6758,2.9776
world,2042.6,77.4913,19.5736,2.9527
world,2042.7,77.6176,19.4719,2.9279
world,2042.8,77.7432,19.3707,2.9033
world,2042.9,77.8682,19.2700,2.8788
world,2043.0,77.9926,19.1697,2.8545
world,2043.1,78.1164,19.0699,2.8304
world,2043.2,78.2396,18.9705,2.8064
world,2043.3,78.3621,18.8716,2.7826
world,2043.4,78.4841,18.7732,2.7589
world,2043.5,78.6054,18.6752,2.7353
world,2043.6,78.7262,18.5777,2.7120
world,2043.7,78.8464,18.4806,2.6887
world,2043.8,78.9660,18.3839,2.6656
world,2043.9,79.0850,18.2877,2.6427
world,2044.0,79.2035,18.1920,2.6198
world,2044.1,79.3213,18.0966,2.5972
world,2044.2,79.4386,18.0017,2.5746
world,2044.3,79.5554,17.9072,2.5523
world,2044.4,79.6716,17.8131,2.5300
world,2044.5,79.7872,17.7195,2.5079
world,2044.6,79.9023,17.6263,2.4859
world,2044.7,80.0168,17.5335,2.4641
world,2044.8,80.1308,17.4411,2.4424
world,2044.9,80.2442,17.3491,2.4208
world,2045.0,80.3571,17.2575,2.3994
world,2045.1,80.4694,17.1664,2.3781
world,2045.2,80.5812,17.0756,2.3570
world,2045.3,80.6925,16.9853,2.3359
world,2045.4,80.8033,16.8953,2.3151
world,2045.5,80.9135,16.8057,2.2943
world,2045.6,81.0232,16.7166,2.2737
world,2045.7,81.1323,16.6278,2.2532
world,2045.8,81.2410,16.5394,2.2329
world,2045.9,81.3491,16.4514,2.2127
world,2046.0,81.4567,16.3638,2.1926
world,2046.1,81.5638,16.2766,2.1726
world,2046.2,81.6704,16.1898,2.1528
world,2046.3,81.7765,16.1033,2.1331
world,2046.4,81.8820,16.0172,2.1135
world,2046.5,81.9871,15.9315,2.0941
world,2046.6,82.0917,15.8462,2.0748
world,2046.7,82.1957,15.7612,2.0556
world,2046.8,82.2993,15.6767,2.0366
world,2046.9,82.4024,15.5924,2.0177
world,2047.0,82.5049,15.5086,1.9989
world,2047.1,82.6070,15.4251,1.9802
world,2047.2,82.7086,15.3420,1.9617
world,2047.3,82.8097,15.2593,1.9432
world,2047.4,82.9103,15.1769,1.9249
world,2047.5,83.0105,15.0949,1.9068
world,2047.6,83.1101,15.0132,1.8887
world,2047.7,83.2093,14.9319,1.8708
world,2047.8,83.3080,14.8510,1.8530
world,2047.9,83.4062,14.7704,1.8353
world,2048.0,83.5040,14.6902,1.8177
world,2048.1,83.6013,14.6103,1.8003
world,2048.2,83.6981,14.5308,1.7829
world,2048.3,83.7944,14.4516,1.7657
world,2048.4,83.8903,14.3728,1.7486
world,2048.5,83.9858,14.2943,1.7316
world,2048.6,84.0807,14.2162,1.7147
world,2048.7,84.1752,14.1384,1.6979
world,2048.8,84.2693,14.0610,1.6813
world,2048.9,84.3629,13.9839,1.6647
world,2049.0,84.4560,13.9072,1.6483
world,2049.1,84.5487,13.8308,1.6320
world,2049.2,84.6409,13.7547,1.6158
world,2049.3,84.7327,13.6790,1.5996
world,2049.4,84.8240,13.6037,1.5836
world,2049.5,84.9149,13.5286,1.5677
world,2049.6,85.0054,13.4539,1.5519
world,2049.7,85.0954,13.3796,1.5362
world,2049.8,85.1850,13.3056,1.5206
world,2049.9,85.2741,13.2319,1.5051
world,2050.0,85.3628,13.1586,1.4897
western_europe,2015.0,0.3621,99.2871,0.3508
western_europe,2015.1,0.3931,99.2281,0.3788
western_europe,2015.2,0.4263,99.1654,0.4083
western_europe,2015.3,0.4617,99.0988,0.4395
western_europe,2015.4,0.4994,99.0283,0.4723
western_europe,2015.5,0.5395,98.9538,0.5067
western_europe,2015.6,0.5820,98.8752,0.5428
western_europe,2015.7,0.6270,98.7925,0.5806
western_europe,2015.8,0.6745,98.7055,0.6200
western_europe,2015.9,0.7247,98.6142,0.6611
western_europe,2016.0,0.7775,98.5186,0.7038
western_europe,2016.1,0.8331,98.4186,0.7483
western_europe,2016.2,0.8914,98.3141,0.7945
western_europe,2016.3,0.9526,98.2050,0.8423
western_europe,2016.4,1.0167,98.0914,0.8919
western_europe,2016.5,1.0837,97.9731,0.9432
western_europe,2016.6,1.1537,97.8502,0.9962
western_europe,2016.7,1.2267,97.7224,1.0509
western_europe,2016.8,1.3028,97.5899,1.1073
western_europe,2016.9,1.3820,97.4526,1.1654
western_europe,2017.0,1.4644,97.3103,1.2252
western_europe,2017.1,1.5501,97.1615,1.2884
western_europe,2017.2,1.6391,97.0056,1.3553
western_europe,2017.3,1.7315,96.8431,1.4254
western_europe,2017.4,1.8275,96.6741,1.4984
western_europe,2017.5,1.9271,96.4987,1.5742
western_europe,2017.6,2.0303,96.3170,1.6526
western_europe,2017.7,2.1373,96.1291,1.7336
western_europe,2017.8,2.2481,95.9349,1.8171
western_europe,2017.9,2.3627,95.7345,1.9029
western_europe,2018.0,2.4812,95.5278,1.9910
western_europe,2018.1,2.6037,95.3150,2.0813
western_europe,2018.2,2.7302,95.0961,2.1738
western_europe,2018.3,2.8607,94.8710,2.2683
western_europe,2018.4,2.9954,94.6397,2.3649
western_europe,2018.5,3.1342,94.4023,2.4635
western_europe,2018.6,3.2772,94.1588,2.5640
western_europe,2018.7,3.4245,93.9092,2.6663
western_europe,2018.8,3.5761,93.6535,2.7704
western_europe,2018.9,3.7320,93.3917,2.8763
western_europe,2019.0,3.8923,93.1239,2.9838
western_europe,2019.1,4.0570,92.8500,3.0930
western_europe,2019.2,4.2261,92.5701,3.2038
western_europe,2019.3,4.3997,92.2843,3.3160
western_europe,2019.4,4.5778,91.9924,3.4298
western_europe,2019.5,4.7605,91.6946,3.5449
western_europe,2019.6,4.9477,91.3908,3.6614
western_europe,2019.7,5.1396,91.0812,3.7793
western_europe,2019.8,5.3361,90.7656,3.8983
western_europe,2019.9,5.5372,90.4442,4.0186
western_europe,2020.0,5.7430,90.1170,4.1400
western_europe,2020.1,5.9535,89.7840,4.2625
western_europe,2020.2,6.1687,89.4453,4.3860
western_europe,2020.3,6.3887,89.1008,4.5105
western_europe,2020.4,6.6134,88.7507,4.6359
western_europe,2020.5,6.8429,88.3949,4.7622
western_europe,2020.6,7.0771,88.0335,4.8894
western_europe,2020.7,7.3162,87.6666,5.0172
western_europe,2020.8,7.5601,87.2941,5.1458
western_europe,2020.9,7.8088,86.9162,5.2751
western_europe,2021.0,8.0623,86.5328,5.4049
western_europe,2021.1,8.3206,86.1441,5.5353
western_europe,2021.2,8.5837,85.7501,5.6662
western_europe,2021.3,8.8517,85.3508,5.7975
western_europe,2021.4,9.1245,84.9463,5.9292
western_europe,2021.5,9.4022,84.5366,6.0612
western_europe,2021.6,9.6847,84.1218,6.1935
western_europe,2021.7,9.9720,83.7020,6.3260
western_europe,2021.8,10.2641,83.2772,6.4587
western_europe,2021.9,10.5610,82.8475,6.5915
western_europe,2022.0,10.8627,82.4129,6.7243
western_europe,2022.1,11.1692,81.9736,6.8572
western_europe,2022.2,11.4805,81.5295,6.9900
western_europe,2022.3,11.7965,81.0808,7.1227
western_europe,2022.4,12.1173,80.6276,7.2552
western_europe,2022.5,12.4427,80.1698,7.3875
western_europe,2022.6,12.7729,79.7076,7.5195
western_europe,2022.7,13.1078,79.2410,7.6512
western_europe,2022.8,13.4473,78.7701,7.7826
western_europe,2022.9,13.7914,78.2951,7.9135
western_europe,2023.0,14.1401,77.8159,8.0439
western_europe,2023.1,14.4934,77.3327,8.1738
western_europe,2023.2,14.8513,76.8456,8.3032
western_europe,2023.3,15.2136,76.3545,8.4319
western_europe,2023.4,15.5804,75.8597,8.5599
western_europe,2023.5,15.9516,75.3612,8.6871
western_europe,2023.6,16.3273,74.8591,8.8136
western_europe,2023.7,16.7073,74.3534,8.9393
western_europe,2023.8,17.0916,73.8444,9.0640
western_europe,2023.9,17.4802,73.3319,9.1879
western_europe,2024.0,17.8730,72.8163,9.3107
western_europe,2024.1,18.2700,72.2975,9.4325
western_europe,2024.2,18.6712,71.7756,9.5532
western_europe,2024.3,19.0764,71.2507,9.6729
western_europe,2024.4,19.4857,70.7230,9.7913
western_europe,2024.5,19.8990,70.1925,9.9085
western_europe,2024.6,20.3162,69.6594,10.0245
western_europe,2024.7,20.7372,69.1237,10.1391
western_europe,2024.8,21.1621,68.5855,10.2524
western_europe,2024.9,21.5908,68.0449,10.3643
western_europe,2025.0,22.0232,67.5021,10.4748
western_europe,2025.1,22.4592,66.9571,10.5837
western_europe,2025.2,22.8988,66.4100,10.6912
western_europe,2025.3,23.3419,65.8610,10.7971
western_europe,2025.4,23.7885,65.3101,10.9014
western_europe,2025.5,24.2385,64.7575,11.0040
western_europe,2025.6,24.6918,64.2032,11.1050
western_europe,2025.7,25.1484,63.6474,11.2042
western_europe,2025.8,25.6081,63.0901,11.3017
western_europe,2025.9,26.0710,62.5315,11.3974
western_europe,2026.0,26.5369,61.9717,11.4913
western_europe,2026.1,27.0059,61.4108,11.5834
western_europe,2026.2,27.4777,60.8489,11.6735
western_europe,2026.3,27.9523,60.2860,11.7617
western_europe,2026.4,28.4297,59.7224,11.8479
western_europe,2026.5,28.9098,59.1580,11.9322
western_europe,2026.6,29.3925,58.5931,12.0144
western_europe,2026.7,29.8777,58.0277,12.0946
western_europe,2026.8,30.3653,57.4620,12.1727
western_europe,2026.9,30.8554,56.8959,12.2487
western_europe,2027.0,31.3477,56.3297,12.3226
western_europe,2027.1,31.8422,55.7635,12.3943
western_europe,2027.2,32.3389,55.1973,12.4639
western_europe,2027.3,32.8376,54.6312,12.5312
western_europe,2027.4,33.3383,54.0654,12.5963
western_europe,2027.5,33.8408,53.5000,12.6592
western_europe,2027.6,34.3452,52.9350,12.7198
western_europe,2027.7,34.8512,52.3706,12.7781
western_europe,2027.8,35.3589,51.8069,12.8341
western_europe,2027.9,35.8682,51.2440,12.8878
western_europe,2028.0,36.3789,50.6819,12.9392
western_europe,2028.1,36.8910,50.1208,12.9882
western_europe,2028.2,37.4044,49.5607,13.0349
western_europe,2028.3,37.9190,49.0019,13.0791
western_europe,2028.4,38.4347,48.4442,13.1210
western_europe,2028.5,38.9515,47.8880,13.1605
western_europe,2028.6,39.4692,47.3332,13.1976
western_europe,2028.7,39.9878,46.7799,13.2322
western_europe,2028.8,40.5072,46.2283,13.2644
western_europe,2028.9,41.0273,45.6785,13.2942
western_europe,2029.0,41.5480,45.1304,13.3216
western_europe,2029.1,42.0692,44.5843,13.3465
western_europe,2029.2,42.5909,44.0401,13.3690
western_europe,2029.3,43.1129,43.4981,13.3890
western_europe,2029.4,43.6352,42.9582,13.4066
western_europe,2029.5,44.1577,42.4205,13.4218
western_europe,2029.6,44.6803,41.8852,13.4345
western_europe,2029.7,45.2029,41.3524,13.4447
western_europe,2029.8,45.7255,40.8220,13.4525
western_europe,2029.9,46.2479,40.2942,13.4579
western_europe,2030.0,46.7701,39.7690,13.4609
western_europe,2030.1,47.2920,39.2466,13.4614
western_europe,2030.2,47.8135,38.7269,13.4596
western_europe,2030.3,48.3346,38.2102,13.4553
western_europe,2030.4,48.8550,37.6963,13.4486
western_europe,2030.5,49.3749,37.1855,13.4396
western_europe,2030.6,49.8941,36.6778,13.4282
western_europe,2030.7,50.4125,36.1731,13.4154
western_europe,2030.8,50.9300,35.6717,13.4101
western_europe,2030.9,51.4465,35.1736,13.4021
western_europe,2031.0,51.9621,34.6788,13.3916
western_europe,2031.1,52.4766,34.1873,13.3786
western_europe,2031.2,52.9899,33.6993,13.3631
western_europe,2031.3,53.5020,33.2148,13.3451
western_europe,2031.4,54.0128,32.7338,13.3246
western_europe,2031.5,54.5221,32.2564,13.3016
western_europe,2031.6,55.0301,31.7827,13.2762
western_europe,2031.7,55.5365,31.3126,13.2483
western_europe,2031.8,56.0413,30.8463,13.2181
western_europe,2031.9,56.5445,30.3837,13.1854
western_europe,2032.0,57.0459,29.9250,13.1504
western_europe,2032.1,57.5456,29.4701,13.1131
western_europe,2032.2,58.0434,29.0191,13.0735
western_europe,2032.3,58.5392,28.5720,13.0316
western_europe,2032.4,59.0331,28.1289,12.9875
western_europe,2032.5,59.5250,27.6898,12.9412
western_europe,2032.6,60.0147,27.2547,12.8926
western_europe,2032.7,60.5023,26.8237,12.8419
western_europe,2032.8,60.9876,26.3968,12.7891
western_europe,2032.9,61.4706,25.9739,12.7343
western_europe,2033.0,61.9514,25.5552,12.6773
western_europe,2033.1,62.4297,25.1406,12.6184
western_europe,2033.2,62.9056,24.7302,12.5575
western_europe,2033.3,63.3789,24.3240,12.4946
western_europe,2033.4,63.8498,23.9220,12.4298
western_europe,2033.5,64.3180,23.5242,12.3632
western_europe,2033.6,64.7835,23.1307,12.2948
western_europe,2033.7,65.2464,22.7413,12.2246
western_europe,2033.8,65.7065,22.3563,12.1526
western_europe,2033.9,66.1638,21.9755,12.0789
western_europe,2034.0,66.6183,21.5989,12.0036
western_europe,2034.1,67.0699,21.2266,11.9267
western_europe,2034.2,67.5185,20.8586,11.8482
western_europe,2034.3,67.9642,20.4949,11.7682
western_europe,2034.4,68.4069,20.1355,11.6866
western_europe,2034.5,68.8466,19.7803,11.6037
western_europe,2034.6,69.2831,19.4294,11.5193
western_europe,2034.7,69.7166,19.0828,11.4336
western_europe,2034.8,70.1468,18.7405,11.3466
western_europe,2034.9,70.5739,18.4024,11.2584
western_europe,2035.0,70.9978,18.0685,11.1689
western_europe,2035.1,71.4185,17.7389,11.0782
western_europe,2035.2,71.8358,17.4135,10.9865
western_europe,2035.3,72.2498,17.0924,10.8936
western_europe,2035.4,72.6605,16.7755,10.7997
western_europe,2035.5,73.0679,16.4627,10.7048
western_europe,2035.6,73.4718,16.1542,10.6090
western_europe,2035.7,73.8723,15.8498,10.5123
western_europe,2035.8,74.2694,15.5496,10.4147
western_europe,2035.9,74.6631,15.2535,10.3163
western_europe,2036.0,75.0532,14.9615,10.2171
western_europe,2036.1,75.4399,14.6736,10.1173
western_europe,2036.2,75.8230,14.3897,10.0167
western_europe,2036.3,76.2026,14.1100,9.9155
western_europe,2036.4,76.5786,13.8342,9.8137
western_europe,2036.5,76.9511,13.5625,9.7114
western_europe,2036.6,77.3200,13.2948,9.6086
western_europe,2036.7,77.6853,13.0310,9.5053
western_europe,2036.8,78.0471,12.7711,9.4015
western_europe,2036.9,78.4051,12.5152,9.2974
western_europe,2037.0,78.7596,12.2631,9.1930
western_europe,2037.1,79.1105,12.0149,9.0883
western_europe,2037.2,79.4577,11.7706,8.9833
western_europe,2037.3,79.8012,11.5300,8.8780
western_europe,2037.4,80.1411,11.2932,8.7726
western_europe,2037.5,80.4774,11.0601,8.6671
western_europe,2037.6,80.8099,10.8308,8.5614
western_europe,2037.7,81.1389,10.6051,8.4557
western_europe,2037.8,81.4641,10.3831,8.3499
western_europe,2037.9,81.7857,10.1647,8.2442
western_europe,2038.0,82.1037,9.9499,8.1385
western_europe,2038.1,82.4180,9.7386,8.0328
western_europe,2038.2,82.7286,9.5309,7.9273
western_europe,2038.3,83.0356,9.3266,7.8219
western_europe,2038.4,83.3389,9.1258,7.7167
western_europe,2038.5,83.6386,8.9284,7.6118
western_europe,2038.6,83.9346,8.7344,7.5071
western_europe,2038.7,84.2270,8.5438,7.4026
western_europe,2038.8,84.5158,8.3565,7.2985
western_europe,2038.9,84.8009,8.1724,7.1946
western_europe,2039.0,85.0825,7.9916,7.0911
western_europe,2039.1,85.3605,7.8141,6.9880
western_europe,2039.2,85.6348,7.6397,6.8853
western_europe,2039.3,85.9056,7.4684,6.7830
western_europe,2039.4,86.1729,7.3003,6.6811
western_europe,2039.5,86.4366,7.1352,6.5798
western_europe,2039.6,86.6967,6.9731,6.4789
western_europe,2039.7,86.9534,6.8141,6.3786
western_europe,2039.8,87.2065,6.6580,6.2788
western_europe,2039.9,87.4561,6.5049,6.1796
western_europe,2040.0,87.7023,6.3546,6.0810
western_europe,2040.1,87.9450,6.2072,5.9830
western_europe,2040.2,88.1843,6.0626,5.8856
western_europe,2040.3,88.4201,5.9208,5.7889
western_europe,2040.4,88.6526,5.7817,5.6929
western_europe,2040.5,88.8817,5.6454,5.5976
western_europe,2040.6,89.1074,5.5117,5.5030
western_europe,2040.7,89.3297,5.3806,5.4091
western_europe,2040.8,89.5488,5.2522,5.3160
western_europe,2040.9,89.7645,5.1263,5.2236
western_europe,2041.0,89.9770,5.0029,5.1321
western_europe,2041.1,90.1862,4.8821,5.0413
western_europe,2041.2,90.3922,4.7637,4.9513
western_europe,2041.3,90.5949,4.6477,4.8621
western_europe,2041.4,90.7945,4.5341,4.7738
western_europe,2041.5,90.9909,4.4228,4.6863
western_europe,2041.6,91.1842,4.3138,4.5997
western_europe,2041.7,91.3744,4.2072,4.5139
western_europe,2041.8,91.5615,4.1027,4.4291
western_europe,2041.9,91.7455,4.0005,4.3451
western_europe,2042.0,91.9265,3.9005,4.2620
western_europe,2042.1,92.1044,3.8026,4.1798
western_europe,2042.2,92.2794,3.7067,4.0985
western_europe,2042.3,92.4515,3.6130,4.0182
western_europe,2042.4,92.6206,3.5213,3.9388
western_europe,2042.5,92.7868,3.4316,3.8603
western_europe,2042.6,92.9501,3.3439,3.7827
western_europe,2042.7,93.1106,3.2581,3.7062
western_europe,2042.8,93.2682,3.1742,3.6305
western_europe,2042.9,93.4231,3.0921,3.5558
western_europe,2043.0,93.5752,3.0120,3.4821
western_europe,2043.1,93.7246,2.9336,3.4093
western_europe,2043.2,93.8713,2.8570,3.3376
western_europe,2043.3,94.0153,2.7821,3.2667
western_europe,2043.4,94.1566,2.7089,3.1969
western_europe,2043.5,94.2953,2.6375,3.1280
western_europe,2043.6,94.4315,2.5676,3.0601
western_europe,2043.7,94.5651,2.4994,2.9931
western_europe,2043.8,94.6961,2.4328,2.9272
western_europe,2043.9,94.8247,2.3677,2.8622
western_europe,2044.0,94.9508,2.3042,2.7982
western_europe,2044.1,95.0744,2.2422,2.7351
western_europe,2044.2,95.1957,2.1816,2.6730
western_europe,2044.3,95.3145,2.1225,2.6119
western_europe,2044.4,95.4310,2.0648,2.5518
western_europe,2044.5,95.5452,2.0085,2.4926
western_europe,2044.6,95.6571,1.9535,2.4344
western_europe,2044.7,95.7668,1.8999,2.3771
western_europe,2044.8,95.8742,1.8476,2.3208
western_europe,2044.9,95.9794,1.7966,2.2654
western_europe,2045.0,96.0825,1.7468,2.2110
western_europe,2045.1,96.1834,1.6982,2.1575
western_europe,2045.2,96.2822,1.6509,2.1049
western_europe,2045.3,96.3789,1.6047,2.0533
western_europe,2045.4,96.4736,1.5597,2.0026
western_europe,2045.5,96.5663,1.5158,1.9528
western_europe,2045.6,96.6569,1.4730,1.9039
western_europe,2045.7,96.7456,1.4313,1.8559
western_europe,2045.8,96.8324,1.3907,1.8088
western_europe,2045.9,96.9173,1.3511,1.7626
western_europe,2046.0,97.0003,1.3125,1.7173
western_europe,2046.1,97.0815,1.2749,1.6728
western_europe,2046.2,97.1608,1.2383,1.6293
western_europe,2046.3,97.2384,1.2026,1.5865
western_europe,2046.4,97.3142,1.1679,1.5447
western_europe,2046.5,97.3883,1.1341,1.5036
western_europe,2046.6,97.4607,1.1011,1.4634
western_europe,2046.7,97.5314,1.0690,1.4240
western_europe,2046.8,97.6005,1.0378,1.3855
western_europe,2046.9,97.6679,1.0074,1.3477
western_europe,2047.0,97.7338,0.9778,1.3107
western_europe,2047.1,97.7981,0.9490,1.2746
western_europe,2047.2,97.8609,0.9209,1.2392
western_europe,2047.3,97.9222,0.8937,1.2045
western_europe,2047.4,97.9820,0.8671,1.1707
western_europe,2047.5,98.0403,0.8413,1.1375
western_europe,2047.6,98.0973,0.8162,1.1052
western_europe,2047.7,98.1528,0.7917,1.0735
western_europe,2047.8,98.2069,0.7680,1.0426
western_europe,2047.9,98.2597,0.7449,1.0123
western_europe,2048.0,98.3112,0.7224,0.9828
western_europe,2048.1,98.3614,0.7005,0.9540
western_europe,2048.2,98.4104,0.6793,0.9258
western_europe,2048.3,98.4580,0.6586,0.8983
western_europe,2048.4,98.5045,0.6385,0.8715
western_europe,2048.5,98.5498,0.6190,0.8453
western_europe,2048.6,98.5938,0.6001,0.8197
western_europe,2048.7,98.6368,0.5816,0.7948
western_europe,2048.8,98.6786,0.5637,0.7705
western_europe,2048.9,98.7193,0.5463,0.7467
western_europe,2049.0,98.7589,0.5294,0.7236
western_europe,2049.1,98.7975,0.5130,0.7011
western_europe,2049.2,98.8351,0.4970,0.6791
western_europe,2049.3,98.8716,0.4815,0.6578
western_europe,2049.4,98.9071,0.4665,0.6369
western_europe,2049.5,98.9417,0.4519,0.6166
western_europe,2049.6,98.9753,0.4377,0.5969
western_europe,2049.7,99.0080,0.4239,0.5776
western_europe,2049.8,99.0398,0.4106,0.5589
western_europe,2049.9,99.0707,0.3976,0.5407
western_europe,2050.0,99.1007,0.3850,0.5230
northern_europe,2015.0,2.7095,94.7711,2.5194
northern_europe,2015.1,2.8369,94.5389,2.6242
northern_europe,2015.2,2.9690,94.2986,2.7325
northern_europe,2015.3,3.1057,94.0500,2.8443
northern_europe,2015.4,3.2474,93.7929,2.9597
northern_europe,2015.5,3.3940,93.5272,3.0788
northern_europe,2015.6,3.5457,93.2527,3.2016
northern_europe,2015.7,3.7027,92.9691,3.3282
northern_europe,2015.8,3.8650,92.6764,3.4586
northern_europe,2015.9,4.0329,92.3743,3.5928
northern_europe,2016.0,4.2063,92.0628,3.7309
northern_europe,2016.1,4.3855,91.7415,3.8730
northern_europe,2016.2,4.5705,91.4105,4.0190
northern_europe,2016.3,4.7616,91.0694,4.1690
northern_europe,2016.4,4.9588,90.7182,4.3230
northern_europe,2016.5,5.1622,90.3568,4.4810
northern_europe,2016.6,5.3721,89.9850,4.6429
northern_europe,2016.7,5.5885,89.6026,4.8089
northern_europe,2016.8,5.8116,89.2096,4.9788
northern_europe,2016.9,6.0414,88.8058,5.1527
northern_europe,2017.0,6.2783,88.3912,5.3305
northern_europe,2017.1,6.5308,87.9148,5.5544
northern_europe,2017.2,6.7917,87.4410,5.7673
northern_europe,2017.3,7.0603,86.9604,5.9793
northern_europe,2017.4,7.3367,86.4712,6.1921
northern_europe,2017.5,7.6209,85.9726,6.4065
northern_europe,2017.6,7.9131,85.4643,6.6227
northern_europe,2017.7,8.2132,84.9457,6.8410
northern_europe,2017.8,8.5215,84.4169,7.0616
northern_europe,2017.9,8.8381,83.8774,7.2844
northern_europe,2018.0,9.1631,83.3274,7.5095
northern_europe,2018.1,9.4966,82.7666,7.7368
northern_europe,2018.2,9.8387,82.1950,7.9663
northern_europe,2018.3,10.1897,81.6125,8.1978
northern_europe,2018.4,10.5495,81.0192,8.4313
northern_europe,2018.5,10.9184,80.4149,8.6666
northern_europe,2018.6,11.2965,79.7998,8.9037
northern_europe,2018.7,11.6839,79.1738,9.1422
northern_europe,2018.8,12.0808,78.5371,9.3821
northern_europe,2018.9,12.4873,77.8895,9.6232
northern_europe,2019.0,12.9035,77.2313,9.8652
northern_europe,2019.1,13.3295,76.5625,10.1080
northern_europe,2019.2,13.7655,75.8831,10.3513
northern_europe,2019.3,14.2117,75.1934,10.5949
northern_europe,2019.4,14.6681,74.4933,10.8386
northern_europe,2019.5,15.1348,73.7831,11.0821
northern_europe,2019.6,15.6121,73.0629,11.3250
northern_europe,2019.7,16.0999,72.3328,11.5673
northern_europe,2019.8,16.5985,71.5931,11.8084
northern_europe,2019.9,17.1080,70.8438,12.0482
northern_europe,2020.0,17.6284,70.0852,12.2864
northern_europe,2020.1,18.1599,69.3175,12.5226
northern_europe,2020.2,18.7025,68.5409,12.7566
northern_europe,2020.3,19.2565,67.7556,12.9879
northern_europe,2020.4,19.8218,66.9619,13.2163
northern_europe,2020.5,20.3986,66.1600,13.4414
northern_europe,2020.6,20.9869,65.3502,13.6629
northern_europe,2020.7,21.5869,64.5327,13.8804
northern_europe,2020.8,22.1986,63.7078,14.0936
northern_europe,2020.9,22.8221,62.8758,14.3021
northern_europe,2021.0,23.4574,62.0370,14.5057
northern_europe,2021.1,24.1045,61.1916,14.7038
northern_europe,2021.2,24.7636,60.3401,14.8963
northern_europe,2021.3,25.4346,59.4827,15.0827
northern_europe,2021.4,26.1176,58.6197,15.2627
northern_europe,2021.5,26.8125,57.7515,15.4360
northern_europe,2021.6,27.5194,56.8785,15.6022
northern_europe,2021.7,28.2381,56.0009,15.7610
northern_europe,2021.8,28.9688,55.1192,15.9121
northern_europe,2021.9,29.7112,54.2337,16.0551
northern_europe,2022.0,30.4654,53.3447,16.1899
northern_europe,2022.1,31.2312,52.4527,16.3161
northern_europe,2022.2,32.0085,51.5581,16.4334
northern_europe,2022.3,32.7972,50.6611,16.5416
northern_europe,2022.4,33.5972,49.7623,16.6405
northern_europe,2022.5,34.4081,48.8621,16.7298
northern_europe,2022.6,35.2299,47.9607,16.8093
northern_europe,2022.7,36.0623,47.0587,16.8790
northern_europe,2022.8,36.9050,46.1564,16.9386
northern_europe,2022.9,37.7577,45.2543,16.9879
northern_europe,2023.0,38.6202,44.3528,17.0270
northern_europe,2023.1,39.4920,43.4523,17.0558
northern_europe,2023.2,40.3728,42.5532,17.0741
northern_europe,2023.3,41.2621,41.6559,17.0820
northern_europe,2023.4,42.1595,40.7609,17.0795
northern_europe,2023.5,43.0646,39.8687,17.0667
northern_europe,2023.6,43.9768,38.9796,17.0436
northern_europe,2023.7,44.8956,38.0941,17.0104
northern_europe,2023.8,45.8203,37.2126,16.9671
northern_europe,2023.9,46.7505,36.3355,16.9140
northern_europe,2024.0,47.6854,35.4633,16.8514
northern_europe,2024.1,48.6243,34.5964,16.7793
northern_europe,2024.2,49.5667,33.7352,16.6982
northern_europe,2024.3,50.5116,32.8801,16.6082
northern_europe,2024.4,51.4585,32.0317,16.5098
northern_europe,2024.5,52.4065,31.1902,16.4034
northern_europe,2024.6,53.3547,30.3561,16.2892
northern_europe,2024.7,54.3025,29.5298,16.1677
northern_europe,2024.8,55.2489,28.7117,16.0395
northern_europe,2024.9,56.1930,27.9022,15.9048
northern_europe,2025.0,57.1341,27.1017,15.7642
northern_europe,2025.1,58.0713,26.3106,15.6181
northern_europe,2025.2,59.0036,25.5292,15.4672
northern_europe,2025.3,59.9303,24.7579,15.3118
northern_europe,2025.4,60.8504,23.9970,15.1525
northern_europe,2025.5,61.7632,23.2470,14.9899
northern_europe,2025.6,62.6677,22.5080,14.8243
northern_europe,2025.7,63.5632,21.7805,14.6563
northern_europe,2025.8,64.4489,21.0647,14.4864
northern_europe,2025.9,65.3240,20.3610,14.3150
northern_europe,2026.0,66.1878,19.6695,14.1427
northern_europe,2026.1,67.0396,18.9906,13.9698
northern_europe,2026.2,67.8787,18.3245,13.8423
northern_europe,2026.3,68.7046,17.6715,13.7784
northern_europe,2026.4,69.5167,17.0317,13.7094
northern_europe,2026.5,70.3145,16.4053,13.6353
northern_europe,2026.6,71.0975,15.7925,13.5561
northern_europe,2026.7,71.8654,15.1935,13.4716
northern_europe,2026.8,72.6179,14.6084,13.3820
northern_europe,2026.9,73.3546,14.0374,13.2871
northern_europe,2027.0,74.0754,13.4804,13.1870
northern_europe,2027.1,74.7801,12.9377,13.0818
northern_europe,2027.2,75.4687,12.4092,12.9713
northern_europe,2027.3,76.1411,11.8950,12.8558
northern_europe,2027.4,76.7974,11.3952,12.7351
northern_europe,2027.5,77.4376,10.9097,12.6094
northern_europe,2027.6,78.0618,10.4385,12.4787
northern_europe,2027.7,78.6704,9.9815,12.3432
northern_europe,2027.8,79.2634,9.5388,12.2028
northern_europe,2027.9,79.8413,9.1102,12.0577
northern_europe,2028.0,80.4043,8.6957,11.9080
northern_europe,2028.1,80.9527,8.2950,11.7538
northern_europe,2028.2,81.4870,7.9082,11.5952
northern_europe,2028.3,82.0075,7.5350,11.4325
northern_europe,2028.4,82.5147,7.1753,11.2657
northern_europe,2028.5,83.0090,6.8289,11.0950
northern_europe,2028.6,83.4907,6.4956,10.9206
northern_europe,2028.7,83.9605,6.1752,10.7427
northern_europe,2028.8,84.4186,5.8675,10.5615
northern_europe,2028.9,84.8656,5.5722,10.3771
northern_europe,2029.0,85.3019,5.2891,10.1897
northern_europe,2029.1,85.7278,5.0180,9.9997
northern_europe,2029.2,86.1438,4.7585,9.8072
northern_europe,2029.3,86.5502,4.5104,9.6124
northern_europe,2029.4,86.9474,4.2734,9.4156
northern_europe,2029.5,87.3358,4.0472,9.2170
northern_europe,2029.6,87.7155,3.8316,9.0168
northern_europe,2029.7,88.0870,3.6261,8.8154
northern_europe,2029.8,88.4504,3.4306,8.6128
northern_europe,2029.9,88.8061,3.2447,8.4095
northern_europe,2030.0,89.1541,3.0680,8.2055
northern_europe,2030.1,89.4947,2.9003,8.0013
northern_europe,2030.2,89.8281,2.7413,7.7969
northern_europe,2030.3,90.1544,2.5907,7.5927
northern_europe,2030.4,90.4737,2.4480,7.3889
northern_europe,2030.5,90.7862,2.3131,7.1857
northern_europe,2030.6,91.0918,2.1856,6.9834
northern_europe,2030.7,91.3908,2.0652,6.7822
northern_europe,2030.8,91.6831,1.9516,6.5823
northern_europe,2030.9,91.9688,1.8445,6.3839
northern_europe,2031.0,92.2479,1.7437,6.1872
northern_europe,2031.1,92.5206,1.6488,5.9925
northern_europe,2031.2,92.7867,1.5595,5.7999
northern_europe,2031.3,93.0464,1.4756,5.6096
northern_europe,2031.4,93.2997,1.3968,5.4218
northern_europe,2031.5,93.5467,1.3229,5.2366
northern_europe,2031.6,93.7872,1.2536,5.0542
northern_europe,2031.7,94.0214,1.1887,4.8749
northern_europe,2031.8,94.2493,1.1279,4.6986
northern_europe,2031.9,94.4709,1.0710,4.5255
northern_europe,2032.0,94.6863,1.0178,4.3558
northern_europe,2032.1,94.8955,0.9681,4.1896
northern_europe,2032.2,95.0986,0.9216,4.0269
northern_europe,2032.3,95.2955,0.8782,3.8678
northern_europe,2032.4,95.4864,0.8377,3.7125
northern_europe,2032.5,95.6713,0.7999,3.5610
northern_europe,2032.6,95.8503,0.7647,3.4134
northern_europe,2032.7,96.0234,0.7318,3.2696
northern_europe,2032.8,96.1907,0.7012,3.1298
northern_europe,2032.9,96.3523,0.6727,2.9940
northern_europe,2033.0,96.5083,0.6461,2.8621
northern_europe,2033.1,96.6588,0.6213,2.7343
northern_europe,2033.2,96.8038,0.5982,2.6104
northern_europe,2033.3,96.9435,0.5767,2.4906
northern_europe,2033.4,97.0779,0.5567,2.3748
northern_europe,2033.5,97.2071,0.5380,2.2629
northern_europe,2033.6,97.3313,0.5206,2.1550
northern_europe,2033.7,97.4505,0.5044,2.0510
northern_europe,2033.8,97.5650,0.4893,1.9509
northern_europe,2033.9,97.6747,0.4752,1.8546
northern_europe,2034.0,97.7798,0.4620,1.7620
northern_europe,2034.1,97.8804,0.4496,1.6732
northern_europe,2034.2,97.9766,0.4381,1.5880
northern_europe,2034.3,98.0686,0.4273,1.5063
northern_europe,2034.4,98.1565,0.4172,1.4282
northern_europe,2034.5,98.2404,0.4078,1.3535
northern_europe,2034.6,98.3204,0.3989,1.2821
northern_europe,2034.7,98.3966,0.3906,1.2140
northern_europe,2034.8,98.4692,0.3827,1.1491
northern_europe,2034.9,98.5382,0.3754,1.0873
northern_europe,2035.0,98.6039,0.3684,1.0284
northern_europe,2035.1,98.6663,0.3618,0.9725
northern_europe,2035.2,98.7255,0.3556,0.9194
northern_europe,2035.3,98.7817,0.3498,0.8690
northern_europe,2035.4,98.8349,0.3442,0.8212
northern_europe,2035.5,98.8854,0.3389,0.7760
northern_europe,2035.6,98.9331,0.3339,0.7332
northern_europe,2035.7,98.9783,0.3291,0.6928
northern_europe,2035.8,99.0210,0.3245,0.6546
northern_europe,2035.9,99.0614,0.3202,0.6186
northern_europe,2036.0,99.0995,0.3160,0.5846
northern_europe,2036.1,99.1354,0.3120,0.5526
northern_europe,2036.2,99.1693,0.3082,0.5226
northern_europe,2036.3,99.2012,0.3045,0.4943
northern_europe,2036.4,99.2313,0.3010,0.4677
northern_europe,2036.5,99.2596,0.2976,0.4428
northern_europe,2036.6,99.2862,0.2943,0.4195
northern_europe,2036.7,99.3113,0.2911,0.3976
northern_europe,2036.8,99.3348,0.2880,0.3772
northern_europe,2036.9,99.3569,0.2851,0.3580
northern_europe,2037.0,99.3777,0.2822,0.3401
northern_europe,2037.1,99.3972,0.2794,0.3234
northern_europe,2037.2,99.4155,0.2766,0.3079
northern_europe,2037.3,99.4327,0.2740,0.2933
northern_europe,2037.4,99.4488,0.2714,0.2798
northern_europe,2037.5,99.4639,0.2689,0.2672
northern_europe,2037.6,99.4781,0.2664,0.2555
northern_europe,2037.7,99.4914,0.2640,0.2446
northern_europe,2037.8,99.5039,0.2616,0.2344
northern_europe,2037.9,99.5157,0.2593,0.2250
northern_europe,2038.0,99.5267,0.2571,0.2163
northern_europe,2038.1,99.5370,0.2549,0.2081
northern_europe,2038.2,99.5467,0.2527,0.2006
northern_europe,2038.3,99.5559,0.2505,0.1936
northern_europe,2038.4,99.5645,0.2484,0.1871
northern_europe,2038.5,99.5726,0.2464,0.1810
northern_europe,2038.6,99.5802,0.2443,0.1754
northern_europe,2038.7,99.5874,0.2423,0.1702
northern_europe,2038.8,99.5942,0.2404,0.1654
northern_europe,2038.9,99.6007,0.2384,0.1609
northern_europe,2039.0,99.6068,0.2365,0.1567
northern_europe,2039.1,99.6126,0.2346,0.1528
northern_europe,2039.2,99.6180,0.2328,0.1492
northern_europe,2039.3,99.6233,0.2309,0.1459
northern_europe,2039.4,99.6282,0.2291,0.1427
northern_europe,2039.5,99.6330,0.2273,0.1398
northern_europe,2039.6,99.6375,0.2255,0.1370
northern_europe,2039.7,99.6419,0.2238,0.1344
northern_europe,2039.8,99.6460,0.2220,0.1320
northern_europe,2039.9,99.6500,0.2203,0.1297
northern_europe,2040.0,99.6539,0.2186,0.1276
northern_europe,2040.1,99.6576,0.2169,0.1255
northern_europe,2040.2,99.6612,0.2153,0.1236
northern_europe,2040.3,99.6647,0.2136,0.1218
northern_europe,2040.4,99.6680,0.2120,0.1200
northern_europe,2040.5,99.6713,0.2104,0.1184
northern_europe,2040.6,99.6745,0.2088,0.1168
northern_europe,2040.7,99.6776,0.2072,0.1152
northern_europe,2040.8,99.6806,0.2057,0.1138
northern_europe,2040.9,99.6836,0.2041,0.1124
northern_europe,2041.0,99.6865,0.2026,0.1110
northern_europe,2041.1,99.6893,0.2010,0.1097
northern_europe,2041.2,99.6921,0.1995,0.1084
northern_europe,2041.3,99.6948,0.1980,0.1072
northern_europe,2041.4,99.6975,0.1966,0.1060
northern_europe,2041.5,99.7001,0.1951,0.1048
northern_europe,2041.6,99.7027,0.1936,0.1037
northern_europe,2041.7,99.7053,0.1922,0.1026
northern_europe,2041.8,99.7078,0.1908,0.1015
northern_europe,2041.9,99.7103,0.1893,0.1004
northern_europe,2042.0,99.7127,0.1879,0.0993
northern_europe,2042.1,99.7152,0.1865,0.0983
northern_europe,2042.2,99.7176,0.1852,0.0973
northern_europe,2042.3,99.7199,0.1838,0.0963
northern_europe,2042.4,99.7223,0.1824,0.0953
northern_europe,2042.5,99.7246,0.1811,0.0943
northern_europe,2042.6,99.7269,0.1797,0.0934
northern_europe,2042.7,99.7292,0.1784,0.0924
northern_europe,2042.8,99.7314,0.1771,0.0915
northern_europe,2042.9,99.7337,0.1758,0.0906
northern_europe,2043.0,99.7359,0.1745,0.0896
northern_europe,2043.1,99.7381,0.1732,0.0887
northern_europe,2043.2,99.7402,0.1719,0.0878
northern_europe,2043.3,99.7424,0.1707,0.0870
northern_europe,2043.4,99.7445,0.1694,0.0861
northern_europe,2043.5,99.7466,0.1682,0.0852
northern_europe,2043.6,99.7487,0.1669,0.0843
northern_europe,2043.7,99.7508,0.1657,0.0835
northern_europe,2043.8,99.7529,0.1645,0.0826
northern_europe,2043.9,99.7549,0.1633,0.0818
northern_europe,2044.0,99.7569,0.1621,0.0809
northern_europe,2044.1,99.7590,0.1609,0.0801
northern_europe,2044.2,99.7610,0.1598,0.0793
northern_europe,2044.3,99.7629,0.1586,0.0785
northern_europe,2044.4,99.7649,0.1574,0.0777
northern_europe,2044.5,99.7668,0.1563,0.0769
northern_europe,2044.6,99.7688,0.1552,0.0761
northern_europe,2044.7,99.7707,0.1540,0.0753
northern_europe,2044.8,99.7726,0.1529,0.0745
northern_europe,2044.9,99.7745,0.1518,0.0737
northern_europe,2045.0,99.7763,0.1507,0.0730
northern_europe,2045.1,99.7782,0.1496,0.0722
northern_europe,2045.2,99.7800,0.1485,0.0714
northern_europe,2045.3,99.7819,0.1474,0.0707
northern_europe,2045.4,99.7837,0.1464,0.0699
northern_europe,2045.5,99.7855,0.1453,0.0692
northern_europe,2045.6,99.7873,0.1443,0.0685
northern_europe,2045.7,99.7890,0.1432,0.0677
northern_europe,2045.8,99.7908,0.1422,0.0670
northern_europe,2045.9,99.7925,0.1412,0.0663
northern_europe,2046.0,99.7942,0.1402,0.0656
northern_europe,2046.1,99.7960,0.1392,0.0649
northern_europe,2046.2,99.7977,0.1382,0.0642
northern_europe,2046.3,99.7993,0.1372,0.0635
northern_europe,2046.4,99.8010,0.1362,0.0628
northern_europe,2046.5,99.8027,0.1352,0.0621
northern_europe,2046.6,99.8043,0.1342,0.0615
northern_europe,2046.7,99.8059,0.1333,0.0608
northern_europe,2046.8,99.8076,0.1323,0.0601
northern_europe,2046.9,99.8092,0.1314,0.0595
northern_europe,2047.0,99.8108,0.1304,0.0588
northern_europe,2047.1,99.8123,0.1295,0.0582
northern_europe,2047.2,99.8139,0.1286,0.0575
northern_europe,2047.3,99.8155,0.1276,0.0569
northern_europe,2047.4,99.8170,0.1267,0.0563
northern_europe,2047.5,99.8185,0.1258,0.0556
northern_europe,2047.6,99.8201,0.1249,0.0550
northern_europe,2047.7,99.8216,0.1240,0.0544
northern_europe,2047.8,99.8230,0.1232,0.0538
northern_europe,2047.9,99.8245,0.1223,0.0532
northern_europe,2048.0,99.8260,0.1214,0.0526
northern_europe,2048.1,99.8275,0.1206,0.0520
northern_europe,2048.2,99.8289,0.1197,0.0514
northern_europe,2048.3,99.8303,0.1188,0.0508
northern_europe,2048.4,99.8318,0.1180,0.0502
northern_europe,2048.5,99.8332,0.1172,0.0497
northern_europe,2048.6,99.8346,0.1163,0.0491
northern_europe,2048.7,99.8359,0.1155,0.0485
northern_europe,2048.8,99.8373,0.1147,0.0480
northern_europe,2048.9,99.8387,0.1139,0.0474
northern_europe,2049.0,99.8400,0.1131,0.0469
northern_europe,2049.1,99.8414,0.1123,0.0463
northern_europe,2049.2,99.8427,0.1115,0.0458
northern_europe,2049.3,99.8440,0.1107,0.0453
northern_europe,2049.4,99.8454,0.1099,0.0447
northern_europe,2049.5,99.8467,0.1092,0.0442
northern_europe,2049.6,99.8479,0.1084,0.0437
northern_europe,2049.7,99.8492,0.1076,0.0432
northern_europe,2049.8,99.8505,0.1069,0.0426
northern_europe,2049.9,99.8517,0.1061,0.0421
northern_europe,2050.0,99.8530,0.1054,0.0416
southern_europe,2015.0,0.0467,99.8930,0.0602
southern_europe,2015.1,0.0528,99.8798,0.0674
southern_europe,2015.2,0.0596,99.8650,0.0754
southern_europe,2015.3,0.0670,99.8488,0.0842
southern_europe,2015.4,0.0752,99.8310,0.0938
southern_europe,2015.5,0.0841,99.8116,0.1043
southern_europe,2015.6,0.0938,99.7904,0.1157
southern_europe,2015.7,0.1044,99.7676,0.1280
southern_europe,2015.8,0.1158,99.7429,0.1413
southern_europe,2015.9,0.1280,99.7164,0.1556
southern_europe,2016.0,0.1412,99.6879,0.1709
southern_europe,2016.1,0.1552,99.6575,0.1873
southern_europe,2016.2,0.1702,99.6251,0.2047
southern_europe,2016.3,0.1862,99.5906,0.2232
southern_europe,2016.4,0.2032,99.5539,0.2429
southern_europe,2016.5,0.2212,99.5151,0.2637
southern_europe,2016.6,0.2402,99.4741,0.2857
southern_europe,2016.7,0.2604,99.4307,0.3089
southern_europe,2016.8,0.2816,99.3851,0.3333
southern_europe,2016.9,0.3039,99.3370,0.3591
southern_europe,2017.0,0.3274,99.2866,0.3861
southern_europe,2017.1,0.3520,99.2336,0.4144
southern_europe,2017.2,0.3779,99.1781,0.4440
southern_europe,2017.3,0.4049,99.1201,0.4750
southern_europe,2017.4,0.4332,99.0594,0.5074
southern_europe,2017.5,0.4627,98.9961,0.5412
southern_europe,2017.6,0.4935,98.9301,0.5764
southern_europe,2017.7,0.5257,98.8613,0.6131
southern_europe,2017.8,0.5591,98.7897,0.6512
southern_europe,2017.9,0.5939,98.7153,0.6908
southern_europe,2018.0,0.6301,98.6380,0.7319
southern_europe,2018.1,0.6676,98.5578,0.7746
southern_europe,2018.2,0.7066,98.4746,0.8188
southern_europe,2018.3,0.7470,98.3884,0.8646
southern_europe,2018.4,0.7888,98.2992,0.9120
southern_europe,2018.5,0.8322,98.2068,0.9610
southern_europe,2018.6,0.8770,98.1114,1.0116
southern_europe,2018.7,0.9234,98.0128,1.0639
southern_europe,2018.8,0.9713,97.9110,1.1178
southern_europe,2018.9,1.0207,97.8059,1.1734
southern_europe,2019.0,1.0717,97.6976,1.2307
southern_europe,2019.1,1.1244,97.5859,1.2897
southern_europe,2019.2,1.1787,97.4709,1.3505
southern_europe,2019.3,1.2346,97.3524,1.4130
southern_europe,2019.4,1.2922,97.2305,1.4773
southern_europe,2019.5,1.3515,97.1051,1.5434
southern_europe,2019.6,1.4125,96.9762,1.6112
southern_europe,2019.7,1.4753,96.8438,1.6809
southern_europe,2019.8,1.5398,96.7078,1.7524
southern_europe,2019.9,1.6061,96.5681,1.8257
southern_europe,2020.0,1.6742,96.4249,1.9009
southern_europe,2020.1,1.7441,96.2780,1.9779
southern_europe,2020.2,1.8159,96.1274,2.0567
southern_europe,2020.3,1.8894,95.9731,2.1374
southern_europe,2020.4,1.9649,95.8151,2.2200
southern_europe,2020.5,2.0422,95.6533,2.3044
southern_europe,2020.6,2.1215,95.4878,2.3907
southern_europe,2020.7,2.2026,95.3185,2.4789
southern_europe,2020.8,2.2857,95.1453,2.5690
southern_europe,2020.9,2.3707,94.9683,2.6610
southern_europe,2021.0,2.4577,94.7875,2.7548
southern_europe,2021.1,2.5467,94.6027,2.8506
southern_europe,2021.2,2.6376,94.4141,2.9482
southern_europe,2021.3,2.7306,94.2216,3.0478
southern_europe,2021.4,2.8256,94.0251,3.1492
southern_europe,2021.5,2.9227,93.8248,3.2525
southern_europe,2021.6,3.0218,93.6204,3.3577
southern_europe,2021.7,3.1230,93.4122,3.4648
southern_europe,2021.8,3.2262,93.1999,3.5738
southern_europe,2021.9,3.3316,92.9837,3.6847
southern_europe,2022.0,3.4391,92.7635,3.7974
southern_europe,2022.1,3.5487,92.5393,3.9120
southern_europe,2022.2,3.6604,92.3111,4.0285
southern_europe,2022.3,3.7743,92.0789,4.1468
southern_europe,2022.4,3.8903,91.8427,4.2670
southern_europe,2022.5,4.0085,91.6025,4.3890
southern_europe,2022.6,4.1289,91.3583,4.5128
southern_europe,2022.7,4.2515,91.1101,4.6385
southern_europe,2022.8,4.3763,90.8578,4.7659
southern_europe,2022.9,4.5033,90.6016,4.8951
southern_europe,2023.0,4.6325,90.3414,5.0261
southern_europe,2023.1,4.7640,90.0772,5.1589
southern_europe,2023.2,4.8977,89.8090,5.2934
southern_europe,2023.3,5.0336,89.5368,5.4296
southern_europe,2023.4,5.1718,89.2607,5.5675
southern_europe,2023.5,5.3123,88.9806,5.7071
southern_europe,2023.6,5.4550,88.6966,5.8484
southern_europe,2023.7,5.6000,88.4086,5.9914
southern_europe,2023.8,5.7473,88.1167,6.1359
southern_europe,2023.9,5.8969,87.8210,6.2821
southern_europe,2024.0,6.0488,87.5213,6.4299
southern_europe,2024.1,6.2030,87.2178,6.5792
southern_europe,2024.2,6.3595,86.9104,6.7300
southern_europe,2024.3,6.5183,86.5993,6.8824
southern_europe,2024.4,6.6795,86.2843,7.0362
southern_europe,2024.5,6.8429,85.9656,7.1915
southern_europe,2024.6,7.0087,85.6431,7.3483
southern_europe,2024.7,7.1767,85.3169,7.5064
southern_europe,2024.8,7.3471,84.9870,7.6659
southern_europe,2024.9,7.5199,84.6534,7.8267
southern_europe,2025.0,7.6949,84.3162,7.9888
southern_europe,2025.1,7.8723,83.9754,8.1522
southern_europe,2025.2,8.0520,83.6311,8.3169
southern_europe,2025.3,8.2340,83.2832,8.4827
southern_europe,2025.4,8.4184,82.9318,8.6498
southern_europe,2025.5,8.6051,82.5770,8.8179
southern_europe,2025.6,8.7941,82.2188,8.9872
southern_europe,2025.7,8.9854,81.8571,9.1575
southern_europe,2025.8,9.1790,81.4922,9.3288
southern_europe,2025.9,9.3749,81.1239,9.5012
southern_europe,2026.0,9.5731,80.7524,9.6744
southern_europe,2026.1,9.7737,80.3777,9.8486
southern_europe,2026.2,9.9765,79.9999,10.0237
southern_europe,2026.3,10.1816,79.6189,10.1995
southern_europe,2026.4,10.3890,79.2348,10.3762
southern_europe,2026.5,10.5986,78.8478,10.5536
southern_europe,2026.6,10.8106,78.4578,10.7317
southern_europe,2026.7,11.0248,78.0649,10.9104
southern_europe,2026.8,11.2412,77.6691,11.0897
southern_europe,2026.9,11.4599,77.2705,11.2697
southern_europe,2027.0,11.6807,76.8692,11.4501
southern_europe,2027.1,11.9039,76.4651,11.6310
southern_europe,2027.2,12.1292,76.0585,11.8123
southern_europe,2027.3,12.3567,75.6492,11.9941
southern_europe,2027.4,12.5864,75.2375,12.1761
southern_europe,2027.5,12.8183,74.8233,12.3585
southern_europe,2027.6,13.0523,74.4067,12.5411
southern_europe,2027.7,13.2884,73.9877,12.7238
southern_europe,2027.8,13.5267,73.5665,12.9068
southern_europe,2027.9,13.7671,73.1431,13.0898
southern_europe,2028.0,14.0097,72.7175,13.2729
southern_europe,2028.1,14.2542,72.2898,13.4559
southern_europe,2028.2,14.5009,71.8601,13.6390
southern_europe,2028.3,14.7496,71.4285,13.8219
southern_europe,2028.4,15.0003,70.9950,14.0047
southern_europe,2028.5,15.2531,70.5597,14.1873
southern_europe,2028.6,15.5078,70.1226,14.3696
southern_europe,2028.7,15.7645,69.6838,14.5517
southern_europe,2028.8,16.0232,69.2434,14.7334
southern_europe,2028.9,16.2838,68.8015,14.9147
southern_europe,2029.0,16.5463,68.3581,15.0956
southern_europe,2029.1,16.8107,67.9133,15.2760
southern_europe,2029.2,17.0770,67.4671,15.4559
southern_europe,2029.3,17.3451,67.0197,15.6352
southern_europe,2029.4,17.6151,66.5711,15.8138
southern_europe,2029.5,17.8868,66.1214,15.9918
southern_europe,2029.6,18.1604,65.6706,16.1690
southern_europe,2029.7,18.4357,65.2188,16.3455
southern_europe,2029.8,18.7127,64.7661,16.5211
southern_europe,2029.9,18.9915,64.3126,16.6959
southern_europe,2030.0,19.2719,63.8583,16.8698
southern_europe,2030.1,19.5540,63.4033,17.0427
southern_europe,2030.2,19.8377,62.9477,17.2146
southern_europe,2030.3,20.1231,62.4915,17.3854
southern_europe,2030.4,20.4100,62.0349,17.5551
southern_europe,2030.5,20.6985,61.5778,17.7237
southern_europe,2030.6,20.9885,61.1204,17.8912
southern_europe,2030.7,21.2800,60.6627,18.0574
southern_europe,2030.8,21.5730,60.2048,18.2223
southern_europe,2030.9,21.8674,59.7467,18.3859
southern_europe,2031.0,22.1632,59.2886,18.5482
southern_europe,2031.1,22.4604,58.8305,18.7090
southern_europe,2031.2,22.7590,58.3725,18.8685
southern_europe,2031.3,23.0589,57.9146,19.0264
southern_europe,2031.4,23.3602,57.4569,19.1829
southern_europe,2031.5,23.6627,56.9995,19.3378
southern_europe,2031.6,23.9664,56.5425,19.4911
southern_europe,2031.7,24.2714,56.0858,19.6428
southern_europe,2031.8,24.5775,55.6296,19.7929
southern_europe,2031.9,24.8848,55.1740,19.9412
southern_europe,2032.0,25.1932,54.7189,20.0879
southern_europe,2032.1,25.5027,54.2645,20.2327
southern_europe,2032.2,25.8133,53.8109,20.3758
southern_europe,2032.3,26.1249,53.3580,20.5171
southern_europe,2032.4,26.4375,52.9060,20.6565
southern_europe,2032.5,26.7511,52.4548,20.7940
southern_europe,2032.6,27.0657,52.0047,20.9296
southern_europe,2032.7,27.3811,51.5555,21.0633
southern_europe,2032.8,27.6975,51.1075,21.1950
southern_europe,2032.9,28.0146,50.6606,21.3248
southern_europe,2033.0,28.3326,50.2149,21.4525
southern_europe,2033.1,28.6514,49.7704,21.5781
southern_europe,2033.2,28.9710,49.3273,21.7017
southern_europe,2033.3,29.2913,48.8855,21.8233
southern_europe,2033.4,29.6123,48.4451,21.9427
southern_europe,2033.5,29.9340,48.0061,22.0599
southern_europe,2033.6,30.2563,47.5687,22.1750
southern_europe,2033.7,30.5792,47.1328,22.2880
southern_europe,2033.8,30.9027,46.6986,22.3988
southern_europe,2033.9,31.2267,46.2660,22.5073
southern_europe,2034.0,31.5513,45.8351,22.6137
southern_europe,2034.1,31.8763,45.4059,22.7178
southern_europe,2034.2,32.2019,44.9785,22.8196
southern_europe,2034.3,32.5278,44.5530,22.9192
southern_europe,2034.4,32.8542,44.1293,23.0165
southern_europe,2034.5,33.1809,43.7075,23.1115
southern_europe,2034.6,33.5080,43.2877,23.2042
southern_europe,2034.7,33.8355,42.8699,23.2946
southern_europe,2034.8,34.1632,42.4541,23.3827
southern_europe,2034.9,34.4912,42.0404,23.4684
southern_europe,2035.0,34.8194,41.6288,23.5519
southern_europe,2035.1,35.1478,41.2193,23.6329
southern_europe,2035.2,35.4764,40.8119,23.7116
southern_europe,2035.3,35.8052,40.4068,23.7880
southern_europe,2035.4,36.1341,40.0039,23.8620
southern_europe,2035.5,36.4631,39.6032,23.9336
southern_europe,2035.6,36.7922,39.2049,24.0029
southern_europe,2035.7,37.1214,38.8088,24.0698
southern_europe,2035.8,37.4506,38.4151,24.1343
southern_europe,2035.9,37.7798,38.0238,24.1964
southern_europe,2036.0,38.1090,37.6348,24.2562
southern_europe,2036.1,38.4381,37.2483,24.3136
southern_europe,2036.2,38.7672,36.8642,24.3686
southern_europe,2036.3,39.0962,36.4825,24.4213
southern_europe,2036.4,39.4251,36.1034,24.4716
southern_europe,2036.5,39.7538,35.7267,24.5195
southern_europe,2036.6,40.0824,35.3525,24.5651
southern_europe,2036.7,40.4108,34.9809,24.6083
southern_europe,2036.8,40.7390,34.6118,24.6492
southern_europe,2036.9,41.0670,34.2453,24.6877
southern_europe,2037.0,41.3948,33.8814,24.7238
southern_europe,2037.1,41.7223,33.5200,24.7577
southern_europe,2037.2,42.0495,33.1613,24.7892
southern_europe,2037.3,42.3764,32.8052,24.8184
southern_europe,2037.4,42.7030,32.4517,24.8453
southern_europe,2037.5,43.0292,32.1008,24.8699
southern_europe,2037.6,43.3551,31.7526,24.8923
southern_europe,2037.7,43.6806,31.4071,24.9123
southern_europe,2037.8,44.0057,31.0642,24.9301
southern_europe,2037.9,44.3304,30.7240,24.9456
southern_europe,2038.0,44.6547,30.3864,24.9589
southern_europe,2038.1,44.9785,30.0516,24.9700
southern_europe,2038.2,45.3018,29.7194,24.9788
southern_europe,2038.3,45.6247,29.3899,24.9854
southern_europe,2038.4,45.9470,29.0631,24.9899
southern_europe,2038.5,46.2689,28.7390,24.9921
southern_europe,2038.6,46.5902,28.4176,24.9922
southern_europe,2038.7,46.9109,28.0989,24.9902
southern_europe,2038.8,47.2311,27.7829,24.9860
southern_europe,2038.9,47.5507,27.4695,24.9798
southern_europe,2039.0,47.8697,27.1589,24.9714
southern_europe,2039.1,48.1881,26.8509,24.9609
southern_europe,2039.2,48.5059,26.5457,24.9484
southern_europe,2039.3,48.8231,26.2431,24.9339
southern_europe,2039.4,49.1395,25.9432,24.9173
southern_europe,2039.5,49.4554,25.6460,24.8987
southern_europe,2039.6,49.7705,25.3514,24.8781
southern_europe,2039.7,50.0850,25.0595,24.8555
southern_europe,2039.8,50.3987,24.7703,24.8310
southern_europe,2039.9,50.7117,24.4837,24.8046
southern_europe,2040.0,51.0240,24.1998,24.7762
southern_europe,2040.1,51.3356,23.9184,24.7460
southern_europe,2040.2,51.6463,23.6398,24.7139
southern_europe,2040.3,51.9564,23.3637,24.6799
southern_europe,2040.4,52.2656,23.0902,24.6442
southern_europe,2040.5,52.5740,22.8194,24.6066
southern_europe,2040.6,52.8817,22.5511,24.5672
southern_europe,2040.7,53.1885,22.2854,24.5261
southern_europe,2040.8,53.4945,22.0223,24.4832
southern_europe,2040.9,53.7996,21.7617,24.4387
southern_europe,2041.0,54.1039,21.5036,24.3924
southern_europe,2041.1,54.4074,21.2481,24.3445
southern_europe,2041.2,54.7099,20.9951,24.2949
southern_europe,2041.3,55.0116,20.7447,24.2437
southern_europe,2041.4,55.3124,20.4967,24.1909
southern_europe,2041.5,55.6123,20.2511,24.1366
southern_europe,2041.6,55.9112,20.0081,24.0807
southern_europe,2041.7,56.2093,19.7675,24.0233
southern_europe,2041.8,56.5064,19.5293,23.9643
southern_europe,2041.9,56.8025,19.2935,23.9039
southern_europe,2042.0,57.0977,19.0602,23.8421
southern_europe,2042.1,57.3920,18.8292,23.7788
southern_europe,2042.2,57.6852,18.6006,23.7142
southern_europe,2042.3,57.9775,18.3743,23.6482
southern_europe,2042.4,58.2688,18.1504,23.5808
southern_europe,2042.5,58.5590,17.9289,23.5121
southern_europe,2042.6,58.8483,17.7096,23.4421
southern_europe,2042.7,59.1365,17.4926,23.3709
southern_europe,2042.8,59.4237,17.2779,23.2984
southern_europe,2042.9,59.7099,17.0654,23.2247
southern_europe,2043.0,59.9950,16.8552,23.1498
southern_europe,2043.1,60.2790,16.6472,23.0738
southern_europe,2043.2,60.5620,16.4414,22.9966
southern_europe,2043.3,60.8439,16.2378,22.9183
southern_europe,2043.4,61.1247,16.0364,22.8389
southern_europe,2043.5,61.4044,15.8371,22.7585
southern_europe,2043.6,61.6830,15.6399,22.6770
southern_europe,2043.7,61.9605,15.4449,22.5946
southern_europe,2043.8,62.2369,15.2519,22.5111
southern_europe,2043.9,62.5122,15.0611,22.4267
southern_europe,2044.0,62.7863,14.8723,22.3414
southern_europe,2044.1,63.0593,14.6855,22.2552
southern_europe,2044.2,63.3311,14.5008,22.1681
southern_europe,2044.3,63.6018,14.3180,22.0802
southern_europe,2044.4,63.8713,14.1373,21.9914
southern_europe,2044.5,64.1396,13.9585,21.9019
southern_europe,2044.6,64.4068,13.7817,21.8115
southern_europe,2044.7,64.6727,13.6068,21.7204
southern_europe,2044.8,64.9375,13.4338,21.6286
southern_europe,2044.9,65.2011,13.2628,21.5361
southern_europe,2045.0,65.4635,13.0936,21.4430
southern_europe,2045.1,65.7246,12.9262,21.3492
southern_europe,2045.2,65.9845,12.7607,21.2547
southern_europe,2045.3,66.2433,12.5971,21.1597
southern_europe,2045.4,66.5007,12.4352,21.0641
southern_europe,2045.5,66.7570,12.2751,20.9679
southern_europe,2045.6,67.0120,12.1168,20.8712
southern_europe,2045.7,67.2657,11.9603,20.7740
southern_europe,2045.8,67.5182,11.8055,20.6763
southern_europe,2045.9,67.7694,11.6524,20.5782
southern_europe,2046.0,68.0194,11.5010,20.4796
southern_europe,2046.1,68.2681,11.3513,20.3806
southern_europe,2046.2,68.5155,11.2033,20.2812
southern_europe,2046.3,68.7617,11.0569,20.1814
southern_europe,2046.4,69.0065,10.9122,20.0813
southern_europe,2046.5,69.2501,10.7691,19.9809
southern_europe,2046.6,69.4924,10.6275,19.8801
southern_europe,2046.7,69.7333,10.4876,19.7791
southern_europe,2046.8,69.9730,10.3492,19.6777
southern_europe,2046.9,70.2114,10.2124,19.5762
southern_europe,2047.0,70.4485,10.0771,19.4744
southern_europe,2047.1,70.6842,9.9434,19.3724
southern_europe,2047.2,70.9187,9.8111,19.2702
southern_europe,2047.3,71.1518,9.6804,19.1678
southern_europe,2047.4,71.3837,9.5511,19.0653
southern_europe,2047.5,71.6142,9.4232,18.9626
southern_europe,2047.6,71.8433,9.2969,18.8598
southern_europe,2047.7,72.0712,9.1719,18.7569
southern_europe,2047.8,72.2977,9.0484,18.6539
southern_europe,2047.9,72.5229,8.9262,18.5508
southern_europe,2048.0,72.7468,8.8055,18.4477
southern_europe,2048.1,72.9693,8.6861,18.3446
southern_europe,2048.2,73.1906,8.5681,18.2414
southern_europe,2048.3,73.4104,8.4514,18.1382
southern_europe,2048.4,73.6290,8.3360,18.0350
southern_europe,2048.5,73.8462,8.2220,17.9318
southern_europe,2048.6,74.0621,8.1093,17.8287
southern_europe,2048.7,74.2766,7.9978,17.7256
southern_europe,2048.8,74.4898,7.8876,17.6225
southern_europe,2048.9,74.7017,7.7787,17.5196
southern_europe,2049.0,74.9123,7.6711,17.4167
southern_europe,2049.1,75.1215,7.5646,17.3139
southern_europe,2049.2,75.3293,7.4595,17.2112
southern_europe,2049.3,75.5359,7.3555,17.1086
southern_europe,2049.4,75.7411,7.2527,17.0062
southern_europe,2049.5,75.9450,7.1511,16.9039
southern_europe,2049.6,76.1476,7.0507,16.8018
southern_europe,2049.7,76.3488,6.9514,16.6998
southern_europe,2049.8,76.5487,6.8533,16.5980
southern_europe,2049.9,76.7473,6.7564,16.4963
southern_europe,2050.0,76.9446,6.6605,16.3949
eastern_europe,2015.0,0.0584,99.9296,0.0144
eastern_europe,2015.1,0.0625,99.9248,0.0153
eastern_europe,2015.2,0.0669,99.9197,0.0163
eastern_europe,2015.3,0.0714,99.9143,0.0173
eastern_europe,2015.4,0.0762,99.9086,0.0183
eastern_europe,2015.5,0.0813,99.9025,0.0194
eastern_europe,2015.6,0.0866,99.8960,0.0205
eastern_europe,2015.7,0.0923,99.8892,0.0218
eastern_europe,2015.8,0.0982,99.8820,0.0232
eastern_europe,2015.9,0.1044,99.8744,0.0249
eastern_europe,2016.0,0.1109,99.8664,0.0267
eastern_europe,2016.1,0.1179,99.8578,0.0286
eastern_europe,2016.2,0.1252,99.8489,0.0307
eastern_europe,2016.3,0.1329,99.8394,0.0329
eastern_europe,2016.4,0.1411,99.8294,0.0353
eastern_europe,2016.5,0.1497,99.8188,0.0378
eastern_europe,2016.6,0.1588,99.8076,0.0405
eastern_europe,2016.7,0.1683,99.7959,0.0434
eastern_europe,2016.8,0.1783,99.7835,0.0464
eastern_europe,2016.9,0.1888,99.7704,0.0497
eastern_europe,2017.0,0.1998,99.7567,0.0531
eastern_europe,2017.1,0.2123,99.7399,0.0581
eastern_europe,2017.2,0.2263,99.7204,0.0644
eastern_europe,2017.3,0.2416,99.6989,0.0715
eastern_europe,2017.4,0.2581,99.6754,0.0794
eastern_europe,2017.5,0.2756,99.6501,0.0880
eastern_europe,2017.6,0.2942,99.6230,0.0973
eastern_europe,2017.7,0.3138,99.5941,0.1073
eastern_europe,2017.8,0.3345,99.5636,0.1179
eastern_europe,2017.9,0.3562,99.5313,0.1291
eastern_europe,2018.0,0.3790,99.4972,0.1410
eastern_europe,2018.1,0.4218,99.4606,0.1535
eastern_europe,2018.2,0.4537,99.4217,0.1666
eastern_europe,2018.3,0.4849,99.3807,0.1804
eastern_europe,2018.4,0.5163,99.3377,0.1948
eastern_europe,2018.5,0.5481,99.2927,0.2098
eastern_europe,2018.6,0.5807,99.2456,0.2255
eastern_europe,2018.7,0.6141,99.1965,0.2419
eastern_europe,2018.8,0.6484,99.1454,0.2590
eastern_europe,2018.9,0.6836,99.0922,0.2767
eastern_europe,2019.0,0.7198,99.0369,0.2952
eastern_europe,2019.1,0.7570,98.9795,0.3144
eastern_europe,2019.2,0.7953,98.9200,0.3343
eastern_europe,2019.3,0.8347,98.8582,0.3549
eastern_europe,2019.4,0.8752,98.7943,0.3763
eastern_europe,2019.5,0.9168,98.7281,0.3985
eastern_europe,2019.6,0.9597,98.6596,0.4214
eastern_europe,2019.7,1.0037,98.5888,0.4454
eastern_europe,2019.8,1.0490,98.5157,0.4703
eastern_europe,2019.9,1.0955,98.4401,0.4962
eastern_europe,2020.0,1.1432,98.3621,0.5229
eastern_europe,2020.1,1.1923,98.2815,0.5506
eastern_europe,2020.2,1.2427,98.1985,0.5793
eastern_europe,2020.3,1.2945,98.1129,0.6098
eastern_europe,2020.4,1.3476,98.0246,0.6413
eastern_europe,2020.5,1.4021,97.9337,0.6739
eastern_europe,2020.6,1.4580,97.8400,0.7088
eastern_europe,2020.7,1.5153,97.7435,0.7453
eastern_europe,2020.8,1.5741,97.6443,0.7830
eastern_europe,2020.9,1.6344,97.5421,0.8234
eastern_europe,2021.0,1.6963,97.4370,0.8667
eastern_europe,2021.1,1.7596,97.3290,0.9114
eastern_europe,2021.2,1.8245,97.2179,0.9576
eastern_europe,2021.3,1.8910,97.1037,1.0053
eastern_europe,2021.4,1.9591,96.9864,1.0545
eastern_europe,2021.5,2.0288,96.8658,1.1053
eastern_europe,2021.6,2.1002,96.7420,1.1578
eastern_europe,2021.7,2.1733,96.6149,1.2118
eastern_europe,2021.8,2.2481,96.4844,1.2675
eastern_europe,2021.9,2.3246,96.3504,1.3249
eastern_europe,2022.0,2.4029,96.2130,1.3840
eastern_europe,2022.1,2.4830,96.0720,1.4449
eastern_europe,2022.2,2.5649,95.9274,1.5076
eastern_europe,2022.3,2.6487,95.7792,1.5722
eastern_europe,2022.4,2.7343,95.6272,1.6386
eastern_europe,2022.5,2.8218,95.4714,1.7069
eastern_europe,2022.6,2.9112,95.3117,1.7771
eastern_europe,2022.7,3.0026,95.1481,1.8493
eastern_europe,2022.8,3.0959,94.9806,1.9235
eastern_europe,2022.9,3.1913,94.8090,1.9998
eastern_europe,2023.0,3.2886,94.6332,2.0781
eastern_europe,2023.1,3.3881,94.4534,2.1586
eastern_europe,2023.2,3.4896,94.2692,2.2412
eastern_europe,2023.3,3.5932,94.0808,2.3260
eastern_europe,2023.4,3.6990,93.8881,2.4130
eastern_europe,2023.5,3.8069,93.6909,2.5022
eastern_europe,2023.6,3.9171,93.4892,2.5937
eastern_europe,2023.7,4.0294,93.2830,2.6876
eastern_europe,2023.8,4.1440,93.0722,2.7838
eastern_europe,2023.9,4.2609,92.8567,2.8824
eastern_europe,2024.0,4.3801,92.6364,2.9834
eastern_europe,2024.1,4.5016,92.4114,3.0869
eastern_europe,2024.2,4.6255,92.1816,3.1929
eastern_europe,2024.3,4.7518,91.9468,3.3014
eastern_europe,2024.4,4.8805,91.7071,3.4124
eastern_europe,2024.5,5.0116,91.4623,3.5260
eastern_europe,2024.6,5.1453,91.2125,3.6423
eastern_europe,2024.7,5.2814,90.9575,3.7611
eastern_europe,2024.8,5.4200,90.6973,3.8827
eastern_europe,2024.9,5.5612,90.4319,4.0069
eastern_europe,2025.0,5.7050,90.1612,4.1338
eastern_europe,2025.1,5.8514,89.8851,4.2635
eastern_europe,2025.2,6.0004,89.6037,4.3960
eastern_europe,2025.3,6.1521,89.3167,4.5312
eastern_europe,2025.4,6.3065,89.0243,4.6692
eastern_europe,2025.5,6.4636,88.7263,4.8101
eastern_europe,2025.6,6.6234,88.4228,4.9538
eastern_europe,2025.7,6.7860,88.1136,5.1004
eastern_europe,2025.8,6.9514,87.7987,5.2499
eastern_europe,2025.9,7.1196,87.4782,5.4022
eastern_europe,2026.0,7.2907,87.1519,5.5575
eastern_europe,2026.1,7.4646,86.8198,5.7156
eastern_europe,2026.2,7.6415,86.4819,5.8767
eastern_europe,2026.3,7.8212,86.1381,6.0407
eastern_europe,2026.4,8.0039,85.7885,6.2076
eastern_europe,2026.5,8.1896,85.4330,6.3774
eastern_europe,2026.6,8.3782,85.0716,6.5501
eastern_europe,2026.7,8.5699,84.7043,6.7258
eastern_europe,2026.8,8.7646,84.3310,6.9044
eastern_europe,2026.9,8.9624,83.9518,7.0858
eastern_europe,2027.0,9.1632,83.5666,7.2702
eastern_europe,2027.1,9.3672,83.1755,7.4574
eastern_europe,2027.2,9.5742,82.7783,7.6474
eastern_europe,2027.3,9.7844,82.3752,7.8403
eastern_europe,2027.4,9.9978,81.9662,8.0360
eastern_europe,2027.5,10.2144,81.5511,8.2345
eastern_europe,2027.6,10.4341,81.1302,8.4357
eastern_europe,2027.7,10.6571,80.7033,8.6396
eastern_europe,2027.8,10.8833,80.2705,8.8462
eastern_europe,2027.9,11.1128,79.8318,9.0554
eastern_europe,2028.0,11.3455,79.3873,9.2672
eastern_europe,2028.1,11.5815,78.9369,9.4818
eastern_europe,2028.2,11.8208,78.4808,9.6996
eastern_europe,2028.3,12.0634,78.0190,9.9199
eastern_europe,2028.4,12.3094,77.5514,10.1425
eastern_europe,2028.5,12.5586,77.0783,10.3674
eastern_europe,2028.6,12.8113,76.5995,10.5946
eastern_europe,2028.7,13.0673,76.1152,10.8240
eastern_europe,2028.8,13.3266,75.6255,11.0554
eastern_europe,2028.9,13.5894,75.1304,11.2889
eastern_europe,2029.0,13.8555,74.6300,11.5243
eastern_europe,2029.1,14.1250,74.1244,11.7616
eastern_europe,2029.2,14.3979,73.6136,12.0006
eastern_europe,2029.3,14.6743,73.0978,12.2413
eastern_europe,2029.4,14.9540,72.5771,12.4835
eastern_europe,2029.5,15.2372,72.0515,12.7272
eastern_europe,2029.6,15.5237,71.5212,12.9722
eastern_europe,2029.7,15.8137,70.9863,13.2184
eastern_europe,2029.8,16.1071,70.4469,13.4657
eastern_europe,2029.9,16.4040,69.9031,13.7140
eastern_europe,2030.0,16.7042,69.3550,13.9632
eastern_europe,2030.1,17.0079,68.8029,14.2130
eastern_europe,2030.2,17.3150,68.2468,14.4635
eastern_europe,2030.3,17.6255,67.6868,14.7144
eastern_europe,2030.4,17.9394,67.1232,14.9656
eastern_europe,2030.5,18.2567,66.5560,15.2169
eastern_europe,2030.6,18.5773,65.9855,15.4682
eastern_europe,2030.7,18.9014,65.4118,15.7194
eastern_europe,2030.8,19.2288,64.8351,15.9703
eastern_europe,2030.9,19.5595,64.2555,16.2206
eastern_europe,2031.0,19.8936,63.6733,16.4704
eastern_europe,2031.1,20.2311,63.0885,16.7193
eastern_europe,2031.2,20.5718,62.5015,16.9672
eastern_europe,2031.3,20.9158,61.9123,17.2140
eastern_europe,2031.4,21.2631,61.3212,17.4595
eastern_europe,2031.5,21.6137,60.7284,17.7034
eastern_europe,2031.6,21.9675,60.1341,17.9457
eastern_europe,2031.7,22.3244,59.5384,18.1860
eastern_europe,2031.8,22.6846,58.9417,18.4244
eastern_europe,2031.9,23.0479,58.3441,18.6604
eastern_europe,2032.0,23.4144,57.7458,18.8941
eastern_europe,2032.1,23.7840,57.1470,19.1251
eastern_europe,2032.2,24.1566,56.5480,19.3533
eastern_europe,2032.3,24.5323,55.9489,19.5785
eastern_europe,2032.4,24.9110,55.3501,19.8005
eastern_europe,2032.5,25.2926,54.7517,20.0191
eastern_europe,2032.6,25.6772,54.1539,20.2342
eastern_europe,2032.7,26.0647,53.5571,20.4455
eastern_europe,2032.8,26.4551,52.9613,20.6529
eastern_europe,2032.9,26.8483,52.3668,20.8561
eastern_europe,2033.0,27.2442,51.7739,21.0551
eastern_europe,2033.1,27.6430,51.1828,21.2495
eastern_europe,2033.2,28.0444,50.5936,21.4393
eastern_europe,2033.3,28.4484,50.0067,21.6242
eastern_europe,2033.4,28.8550,49.4222,21.8041
eastern_europe,2033.5,29.2642,48.8404,21.9788
eastern_europe,2033.6,29.6759,48.2614,22.1482
eastern_europe,2033.7,30.0901,47.6855,22.3120
eastern_europe,2033.8,30.5066,47.1130,22.4702
eastern_europe,2033.9,30.9255,46.5439,22.6225
eastern_europe,2034.0,31.3467,45.9785,22.7689
eastern_europe,2034.1,31.7701,45.4171,22.9091
eastern_europe,2034.2,32.1956,44.8598,23.0431
eastern_europe,2034.3,32.6233,44.3067,23.1707
eastern_europe,2034.4,33.0530,43.7581,23.2918
eastern_europe,2034.5,33.4847,43.2142,23.4062
eastern_europe,2034.6,33.9183,42.6752,23.5140
eastern_europe,2034.7,34.3538,42.1411,23.6148
eastern_europe,2034.8,34.7910,41.6122,23.7088
eastern_europe,2034.9,35.2300,41.0886,23.7957
eastern_europe,2035.0,35.6706,40.5705,23.8756
eastern_europe,2035.1,36.1128,40.0580,23.9482
eastern_europe,2035.2,36.5564,39.5512,24.0136
eastern_europe,2035.3,37.0015,39.0504,24.0717
eastern_europe,2035.4,37.4480,38.5555,24.1225
eastern_europe,2035.5,37.8958,38.0667,24.1659
eastern_europe,2035.6,38.3447,37.5842,24.2019
eastern_europe,2035.7,38.7948,37.1080,24.2305
eastern_europe,2035.8,39.2459,36.6381,24.2516
eastern_europe,2035.9,39.6980,36.1748,24.2653
eastern_europe,2036.0,40.1509,35.7180,24.2716
eastern_europe,2036.1,40.6047,35.2679,24.2705
eastern_europe,2036.2,41.0592,34.8244,24.2619
eastern_europe,2036.3,41.5143,34.3876,24.2461
eastern_europe,2036.4,41.9700,33.9576,24.2229
eastern_europe,2036.5,42.4261,33.5344,24.1924
eastern_europe,2036.6,42.8826,33.1180,24.1548
eastern_europe,2036.7,43.3395,32.7085,24.1100
eastern_europe,2036.8,43.7965,32.3058,24.0582
eastern_europe,2036.9,44.2536,31.9099,23.9995
eastern_europe,2037.0,44.7108,31.5209,23.9339
eastern_europe,2037.1,45.1680,31.1386,23.8615
eastern_europe,2037.2,45.6249,30.7632,23.7825
eastern_europe,2037.3,46.0817,30.3945,23.6970
eastern_europe,2037.4,46.5381,30.0326,23.6051
eastern_europe,2037.5,46.9941,29.6773,23.5070
eastern_europe,2037.6,47.4497,29.3287,23.4027
eastern_europe,2037.7,47.9046,28.9866,23.2924
eastern_europe,2037.8,48.3588,28.6510,23.1763
eastern_europe,2037.9,48.8123,28.3219,23.0546
eastern_europe,2038.0,49.2649,27.9991,22.9274
eastern_europe,2038.1,49.7166,27.6826,22.7948
eastern_europe,2038.2,50.1672,27.3723,22.6571
eastern_europe,2038.3,50.6167,27.0681,22.5144
eastern_europe,2038.4,51.0649,26.7699,22.3669
eastern_europe,2038.5,51.5119,26.4777,22.2148
eastern_europe,2038.6,51.9575,26.1913,22.0583
eastern_europe,2038.7,52.4016,25.9105,21.8976
eastern_europe,2038.8,52.8441,25.6354,21.7328
eastern_europe,2038.9,53.2849,25.3658,21.5641
eastern_europe,2039.0,53.7240,25.1016,21.3919
eastern_europe,2039.1,54.1613,24.8426,21.2161
eastern_europe,2039.2,54.5967,24.5889,21.0371
eastern_europe,2039.3,55.0301,24.3401,20.8551
eastern_europe,2039.4,55.4614,24.0963,20.6702
eastern_europe,2039.5,55.8906,23.8573,20.4826
eastern_europe,2039.6,56.3175,23.6231,20.2926
eastern_europe,2039.7,56.7421,23.3934,20.1003
eastern_europe,2039.8,57.1643,23.1681,19.9060
eastern_europe,2039.9,57.5840,22.9473,19.7097
eastern_europe,2040.0,58.0012,22.7306,19.5118
eastern_europe,2040.1,58.4157,22.5181,19.3123
eastern_europe,2040.2,58.8276,22.3096,19.1115
eastern_europe,2040.3,59.2367,22.1050,18.9096
eastern_europe,2040.4,59.6429,21.9042,18.7067
eastern_europe,2040.5,60.0463,21.7070,18.5030
eastern_europe,2040.6,60.4467,21.5135,18.2987
eastern_europe,2040.7,60.8441,21.3234,18.0940
eastern_europe,2040.8,61.2383,21.1367,17.8890
eastern_europe,2040.9,61.6294,20.9532,17.6838
eastern_europe,2041.0,62.0173,20.7730,17.4787
eastern_europe,2041.1,62.4019,20.5958,17.2738
eastern_europe,2041.2,62.7832,20.4216,17.0692
eastern_europe,2041.3,63.1611,20.2503,16.8650
eastern_europe,2041.4,63.5356,20.0819,16.6615
eastern_europe,2041.5,63.9066,19.9162,16.4587
eastern_europe,2041.6,64.2741,19.7531,16.2567
eastern_europe,2041.7,64.6379,19.5926,16.0558
eastern_europe,2041.8,64.9982,19.4346,15.8559
eastern_europe,2041.9,65.3548,19.2790,15.6573
eastern_europe,2042.0,65.7077,19.1258,15.4600
eastern_europe,2042.1,66.0569,18.9749,15.2642
eastern_europe,2042.2,66.4023,18.8262,15.0698
eastern_europe,2042.3,66.7439,18.6796,14.8771
eastern_europe,2042.4,67.0817,18.5352,14.6861
eastern_europe,2042.5,67.4156,18.3928,14.4969
eastern_europe,2042.6,67.7456,18.2524,14.3096
eastern_europe,2042.7,68.0718,18.1139,14.1242
eastern_europe,2042.8,68.3939,17.9773,13.9409
eastern_europe,2042.9,68.7122,17.8426,13.7596
eastern_europe,2043.0,69.0265,17.7096,13.5805
eastern_europe,2043.1,69.3368,17.5784,13.4036
eastern_europe,2043.2,69.6431,17.4489,13.2290
eastern_europe,2043.3,69.9455,17.3210,13.0567
eastern_europe,2043.4,70.2438,17.1948,12.8868
eastern_europe,2043.5,70.5381,17.0701,12.7193
eastern_europe,2043.6,70.8284,16.9470,12.5542
eastern_europe,2043.7,71.1147,16.8254,12.3916
eastern_europe,2043.8,71.3970,16.7053,12.2315
eastern_europe,2043.9,71.6753,16.5866,12.0740
eastern_europe,2044.0,71.9496,16.4693,11.9190
eastern_europe,2044.1,72.2199,16.3533,11.7666
eastern_europe,2044.2,72.4862,16.2388,11.6169
eastern_europe,2044.3,72.7486,16.1255,11.4697
eastern_europe,2044.4,73.0070,16.0135,11.3252
eastern_europe,2044.5,73.2615,15.9028,11.1834
eastern_europe,2044.6,73.5121,15.7933,11.0442
eastern_europe,2044.7,73.7587,15.6851,10.9076
eastern_europe,2044.8,74.0015,15.5780,10.7738
eastern_europe,2044.9,74.2405,15.4721,10.6425
eastern_europe,2045.0,74.4756,15.3673,10.5140
eastern_europe,2045.1,74.7070,15.2636,10.3881
eastern_europe,2045.2,74.9345,15.1610,10.2648
eastern_europe,2045.3,75.1584,15.0595,10.1442
eastern_europe,2045.4,75.3785,14.9590,10.0263
eastern_europe,2045.5,75.5950,14.8595,9.9109
eastern_europe,2045.6,75.8078,14.7611,9.7981
eastern_europe,2045.7,76.0171,14.6636,9.6880
eastern_europe,2045.8,76.2228,14.5671,9.5803
eastern_europe,2045.9,76.4249,14.4715,9.4753
eastern_europe,2046.0,76.6236,14.3769,9.3727
eastern_europe,2046.1,76.8189,14.2831,9.2727
eastern_europe,2046.2,77.0108,14.1903,9.1751
eastern_europe,2046.3,77.1993,14.0983,9.0800
eastern_europe,2046.4,77.3846,14.0071,8.9873
eastern_europe,2046.5,77.5666,13.9168,8.8970
eastern_europe,2046.6,77.7453,13.8273,8.8090
eastern_europe,2046.7,77.9209,13.7386,8.7234
eastern_europe,2046.8,78.0935,13.6507,8.6401
eastern_europe,2046.9,78.2629,13.5635,8.5590
eastern_europe,2047.0,78.4293,13.4771,8.4802
eastern_europe,2047.1,78.5928,13.3915,8.4036
eastern_europe,2047.2,78.7534,13.3065,8.3291
eastern_europe,2047.3,78.9111,13.2223,8.2568
eastern_europe,2047.4,79.0660,13.1387,8.1865
eastern_europe,2047.5,79.2181,13.0558,8.1183
eastern_europe,2047.6,79.3675,12.9736,8.0522
eastern_europe,2047.7,79.5143,12.8920,7.9879
eastern_europe,2047.8,79.6585,12.8110,7.9257
eastern_europe,2047.9,79.8001,12.7307,7.8653
eastern_europe,2048.0,79.9392,12.6510,7.8068
eastern_europe,2048.1,80.0759,12.5719,7.7500
eastern_europe,2048.2,80.2102,12.4933,7.6951
eastern_europe,2048.3,80.3422,12.4154,7.6419
eastern_europe,2048.4,80.4718,12.3379,7.5904
eastern_europe,2048.5,80.5993,12.2611,7.5405
eastern_europe,2048.6,80.7245,12.1848,7.4923
eastern_europe,2048.7,80.8476,12.1090,7.4456
eastern_europe,2048.8,80.9687,12.0337,7.4004
eastern_europe,2048.9,81.0877,11.9590,7.3568
eastern_europe,2049.0,81.2047,11.8847,7.3146
eastern_europe,2049.1,81.3197,11.8109,7.2738
eastern_europe,2049.2,81.4329,11.7376,7.2343
eastern_europe,2049.3,81.5443,11.6648,7.1962
eastern_europe,2049.4,81.6538,11.5925,7.1594
eastern_europe,2049.5,81.7616,11.5206,7.1239
eastern_europe,2049.6,81.8677,11.4492,7.0895
eastern_europe,2049.7,81.9722,11.3782,7.0564
eastern_europe,2049.8,82.0750,11.3076,7.0244
eastern_europe,2049.9,82.1763,11.2375,6.9934
eastern_europe,2050.0,82.2760,11.1678,6.9636
eu,2015.0,0.2904,99.4001,0.3099
eu,2015.1,0.3131,99.3541,0.3332
eu,2015.2,0.3372,99.3055,0.3577
eu,2015.3,0.3628,99.2540,0.3836
eu,2015.4,0.3898,99.1998,0.4108
eu,2015.5,0.4184,99.1427,0.4393
eu,2015.6,0.4486,99.0826,0.4692
eu,2015.7,0.4804,99.0196,0.5004
eu,2015.8,0.5139,98.9535,0.5331
eu,2015.9,0.5491,98.8843,0.5671
eu,2016.0,0.5860,98.8119,0.6026
eu,2016.1,0.6248,98.7364,0.6394
eu,2016.2,0.6654,98.6575,0.6777
eu,2016.3,0.7078,98.5754,0.7175
eu,2016.4,0.7522,98.4898,0.7587
eu,2016.5,0.7986,98.4009,0.8014
eu,2016.6,0.8470,98.3084,0.8455
eu,2016.7,0.8974,98.2125,0.8912
eu,2016.8,0.9499,98.1129,0.9383
eu,2016.9,1.0045,98.0098,0.9870
eu,2017.0,1.0613,97.9030,1.0371
eu,2017.1,1.1204,97.7909,1.0902
eu,2017.2,1.1820,97.6732,1.1464
eu,2017.3,1.2461,97.5503,1.2052
eu,2017.4,1.3126,97.4225,1.2667
eu,2017.5,1.3818,97.2896,1.3305
eu,2017.6,1.4536,97.1518,1.3966
eu,2017.7,1.5282,97.0090,1.4649
eu,2017.8,1.6054,96.8614,1.5354
eu,2017.9,1.6855,96.7088,1.6080
eu,2018.0,1.7684,96.5513,1.6827
eu,2018.1,1.8568,96.3888,1.7593
eu,2018.2,1.9465,96.2213,1.8379
eu,2018.3,2.0390,96.0489,1.9184
eu,2018.4,2.1344,95.8715,2.0008
eu,2018.5,2.2328,95.6891,2.0850
eu,2018.6,2.3344,95.5017,2.1710
eu,2018.7,2.4391,95.3094,2.2588
eu,2018.8,2.5470,95.1121,2.3482
eu,2018.9,2.6582,94.9097,2.4393
eu,2019.0,2.7727,94.7024,2.5320
eu,2019.1,2.8906,94.4901,2.6263
eu,2019.2,3.0120,94.2727,2.7221
eu,2019.3,3.1368,94.0504,2.8194
eu,2019.4,3.2651,93.8230,2.9182
eu,2019.5,3.3970,93.5905,3.0184
eu,2019.6,3.5326,93.3531,3.1199
eu,2019.7,3.6718,93.1106,3.2228
eu,2019.8,3.8147,92.8631,3.3270
eu,2019.9,3.9613,92.6106,3.4324
eu,2020.0,4.1118,92.3531,3.5390
eu,2020.1,4.2661,92.0906,3.6467
eu,2020.2,4.4243,91.8230,3.7555
eu,2020.3,4.5863,91.5505,3.8655
eu,2020.4,4.7524,91.2731,3.9764
eu,2020.5,4.9224,90.9906,4.0883
eu,2020.6,5.0965,90.7032,4.2012
eu,2020.7,5.2746,90.4109,4.3151
eu,2020.8,5.4568,90.1137,4.4297
eu,2020.9,5.6431,89.8116,4.5452
eu,2021.0,5.8337,89.5047,4.6617
eu,2021.1,6.0284,89.1929,4.7788
eu,2021.2,6.2273,88.8763,4.8965
eu,2021.3,6.4304,88.5549,5.0147
eu,2021.4,6.6379,88.2287,5.1334
eu,2021.5,6.8496,87.8979,5.2525
eu,2021.6,7.0656,87.5624,5.3720
eu,2021.7,7.2860,87.2222,5.4918
eu,2021.8,7.5107,86.8774,5.6119
eu,2021.9,7.7398,86.5281,5.7321
eu,2022.0,7.9732,86.1742,5.8525
eu,2022.1,8.2111,85.8159,5.9730
eu,2022.2,8.4533,85.4532,6.0935
eu,2022.3,8.6999,85.0861,6.2141
eu,2022.4,8.9509,84.7146,6.3345
eu,2022.5,9.2062,84.3389,6.4548
eu,2022.6,9.4660,83.9590,6.5750
eu,2022.7,9.7301,83.5749,6.6949
eu,2022.8,9.9986,83.1868,6.8146
eu,2022.9,10.2714,82.7946,6.9340
eu,2023.0,10.5486,82.3984,7.0530
eu,2023.1,10.8300,81.9983,7.1717
eu,2023.2,11.1157,81.5944,7.2899
eu,2023.3,11.4057,81.1867,7.4076
eu,2023.4,11.6998,80.7754,7.5248
eu,2023.5,11.9981,80.3604,7.6415
eu,2023.6,12.3006,79.9418,7.7576
eu,2023.7,12.6071,79.5198,7.8731
eu,2023.8,12.9176,79.0943,7.9881
eu,2023.9,13.2321,78.6656,8.1023
eu,2024.0,13.5505,78.2335,8.2159
eu,2024.1,13.8728,77.7983,8.3289
eu,2024.2,14.1988,77.3601,8.4411
eu,2024.3,14.5286,76.9188,8.5526
eu,2024.4,14.8620,76.4746,8.6634
eu,2024.5,15.1989,76.0276,8.7735
eu,2024.6,15.5394,75.5778,8.8829
eu,2024.7,15.8832,75.1253,8.9915
eu,2024.8,16.2303,74.6702,9.0995
eu,2024.9,16.5807,74.2127,9.2066
eu,2025.0,16.9342,73.7527,9.3131
eu,2025.1,17.2907,73.2904,9.4189
eu,2025.2,17.6502,72.8258,9.5239
eu,2025.3,18.0126,72.3591,9.6283
eu,2025.4,18.3777,71.8903,9.7320
eu,2025.5,18.7455,71.4196,9.8350
eu,2025.6,19.1158,70.9469,9.9373
eu,2025.7,19.4886,70.4724,10.0390
eu,2025.8,19.8638,69.9962,10.1400
eu,2025.9,20.2412,69.5184,10.2404
eu,2026.0,20.6209,69.0390,10.3402
eu,2026.1,21.0026,68.5581,10.4393
eu,2026.2,21.3863,68.0758,10.5409
eu,2026.3,21.7720,67.5922,10.6461
eu,2026.4,22.1594,67.1074,10.7503
eu,2026.5,22.5487,66.6215,10.8536
eu,2026.6,22.9395,66.1344,10.9558
eu,2026.7,23.3320,65.6464,11.0570
eu,2026.8,23.7260,65.1575,11.1572
eu,2026.9,24.1214,64.6677,11.2562
eu,2027.0,24.5182,64.1772,11.3542
eu,2027.1,24.9163,63.6860,11.4511
eu,2027.2,25.3157,63.1942,11.5469
eu,2027.3,25.7162,62.7018,11.6415
eu,2027.4,26.1180,62.2090,11.7350
eu,2027.5,26.5208,61.7158,11.8273
eu,2027.6,26.9246,61.2222,11.9185
eu,2027.7,27.3295,60.7285,12.0085
eu,2027.8,27.7353,60.2345,12.0973
eu,2027.9,28.1421,59.7404,12.1849
eu,2028.0,28.5498,59.2462,12.2713
eu,2028.1,28.9583,58.7520,12.3565
eu,2028.2,29.3677,58.2580,12.4406
eu,2028.3,29.7779,57.7640,12.5235
eu,2028.4,30.1889,57.2702,12.6051
eu,2028.5,30.6006,56.7767,12.6855
eu,2028.6,31.0131,56.2835,12.7647
eu,2028.7,31.4262,55.7907,12.8426
eu,2028.8,31.8400,55.2983,12.9193
eu,2028.9,32.2545,54.8064,12.9946
eu,2029.0,32.6696,54.3151,13.0688
eu,2029.1,33.0853,53.8243,13.1416
eu,2029.2,33.5016,53.3342,13.2132
eu,2029.3,33.9184,52.8448,13.2835
eu,2029.4,34.3357,52.3562,13.3526
eu,2029.5,34.7535,51.8684,13.4203
eu,2029.6,35.1718,51.3815,13.4868
eu,2029.7,35.5904,50.8955,13.5519
eu,2029.8,36.0094,50.4104,13.6158
eu,2029.9,36.4288,49.9265,13.6784
eu,2030.0,36.8484,49.4436,13.7397
eu,2030.1,37.2683,48.9618,13.7997
eu,2030.2,37.6884,48.4812,13.8583
eu,2030.3,38.1087,48.0019,13.9157
eu,2030.4,38.5290,47.5239,13.9717
eu,2030.5,38.9495,47.0472,14.0264
eu,2030.6,39.3700,46.5719,14.0798
eu,2030.7,39.7905,46.0981,14.1326
eu,2030.8,40.2109,45.6257,14.1912
eu,2030.9,40.6312,45.1550,14.2482
eu,2031.0,41.0514,44.6858,14.3037
eu,2031.1,41.4713,44.2183,14.3577
eu,2031.2,41.8910,43.7525,14.4102
eu,2031.3,42.3104,43.2885,14.4611
eu,2031.4,42.7295,42.8263,14.5104
eu,2031.5,43.1482,42.3660,14.5581
eu,2031.6,43.5664,41.9076,14.6042
eu,2031.7,43.9841,41.4512,14.6487
eu,2031.8,44.4013,40.9968,14.6916
eu,2031.9,44.8179,40.5444,14.7329
eu,2032.0,45.2339,40.0942,14.7725
eu,2032.1,45.6492,39.6462,14.8105
eu,2032.2,46.0638,39.2005,14.8468
eu,2032.3,46.4776,38.7570,14.8814
eu,2032.4,46.8907,38.3158,14.9143
eu,2032.5,47.3029,37.8771,14.9455
eu,2032.6,47.7142,37.4408,14.9750
eu,2032.7,48.1246,37.0069,15.0028
eu,2032.8,48.5340,36.5756,15.0288
eu,2032.9,48.9425,36.1469,15.0531
eu,2033.0,49.3499,35.7208,15.0756
eu,2033.1,49.7562,35.2975,15.0963
eu,2033.2,50.1614,34.8768,15.1153
eu,2033.3,50.5655,34.4589,15.1324
eu,2033.4,50.9684,34.0438,15.1478
eu,2033.5,51.3700,33.6316,15.1613
eu,2033.6,51.7705,33.2224,15.1730
eu,2033.7,52.1696,32.8160,15.1828
eu,2033.8,52.5674,32.4127,15.1908
eu,2033.9,52.9639,32.0124,15.1970
eu,2034.0,53.3590,31.6151,15.2013
eu,2034.1,53.7527,31.2210,15.2038
eu,2034.2,54.1450,30.8300,15.2043
eu,2034.3,54.5358,30.4422,15.2030
eu,2034.4,54.9251,30.0577,15.1999
eu,2034.5,55.3129,29.6763,15.1948
eu,2034.6,55.6991,29.2983,15.1879
eu,2034.7,56.0838,28.9236,15.1790
eu,2034.8,56.4668,28.5522,15.1684
eu,2034.9,56.8483,28.1842,15.1558
eu,2035.0,57.2280,27.8196,15.1413
eu,2035.1,57.6062,27.4584,15.1250
eu,2035.2,57.9826,27.1006,15.1068
eu,2035.3,58.3573,26.7463,15.0868
eu,2035.4,58.7302,26.3955,15.0649
eu,2035.5,59.1014,26.0482,15.0411
eu,2035.6,59.4708,25.7044,15.0155
eu,2035.7,59.8383,25.3641,14.9881
eu,2035.8,60.2041,25.0274,14.9589
eu,2035.9,60.5680,24.6942,14.9279
eu,2036.0,60.9300,24.3646,14.8952
eu,2036.1,61.2901,24.0385,14.8606
eu,2036.2,61.6483,23.7160,14.8243
eu,2036.3,62.0046,23.3971,14.7863
eu,2036.4,62.3589,23.0817,14.7466
eu,2036.5,62.7113,22.7700,14.7052
eu,2036.6,63.0616,22.4618,14.6621
eu,2036.7,63.4100,22.1572,14.6174
eu,2036.8,63.7563,21.8561,14.5711
eu,2036.9,64.1006,21.5586,14.5232
eu,2037.0,64.4429,21.2647,14.4738
eu,2037.1,64.7830,20.9743,14.4228
eu,2037.2,65.1211,20.6874,14.3703
eu,2037.3,65.4571,20.4041,14.3164
eu,2037.4,65.7910,20.1243,14.2610
eu,2037.5,66.1227,19.8479,14.2042
eu,2037.6,66.4523,19.5751,14.1461
eu,2037.7,66.7797,19.3056,14.0866
eu,2037.8,67.1050,19.0397,14.0258
eu,2037.9,67.4281,18.7771,13.9638
eu,2038.0,67.7489,18.5179,13.9005
eu,2038.1,68.0676,18.2622,13.8361
eu,2038.2,68.3840,18.0097,13.7705
eu,2038.3,68.6982,17.7606,13.7038
eu,2038.4,69.0102,17.5148,13.6361
eu,2038.5,69.3199,17.2722,13.5673
eu,2038.6,69.6273,17.0330,13.4976
eu,2038.7,69.9325,16.7969,13.4269
eu,2038.8,70.2354,16.5640,13.3552
eu,2038.9,70.5360,16.3343,13.2827
eu,2039.0,70.8342,16.1077,13.2094
eu,2039.1,71.1302,15.8842,13.1353
eu,2039.2,71.4239,15.6638,13.0604
eu,2039.3,71.7152,15.4464,12.9848
eu,2039.4,72.0042,15.2320,12.9085
eu,2039.5,72.2908,15.0206,12.8316
eu,2039.6,72.5752,14.8121,12.7541
eu,2039.7,72.8571,14.6066,12.6760
eu,2039.8,73.1367,14.4039,12.5974
eu,2039.9,73.4140,14.2041,12.5184
eu,2040.0,73.6888,14.0071,12.4389
eu,2040.1,73.9614,13.8128,12.3590
eu,2040.2,74.2315,13.6213,12.2787
eu,2040.3,74.4993,13.4326,12.1982
eu,2040.4,74.7647,13.2465,12.1173
eu,2040.5,75.0277,13.0630,12.0362
eu,2040.6,75.2883,12.8822,11.9548
eu,2040.7,75.5466,12.7039,11.8733
eu,2040.8,75.8025,12.5282,11.7916
eu,2040.9,76.0560,12.3550,11.7098
eu,2041.0,76.3071,12.1843,11.6279
eu,2041.1,76.5558,12.0160,11.5460
eu,2041.2,76.8022,11.8502,11.4640
eu,2041.3,77.0462,11.6868,11.3820
eu,2041.4,77.2878,11.5257,11.3001
eu,2041.5,77.5270,11.3669,11.2183
eu,2041.6,77.7639,11.2104,11.1365
eu,2041.7,77.9984,11.0562,11.0549
eu,2041.8,78.2306,10.9043,10.9734
eu,2041.9,78.4604,10.7545,10.8920
eu,2042.0,78.6879,10.6069,10.8109
eu,2042.1,78.9130,10.4615,10.7300
eu,2042.2,79.1358,10.3181,10.6493
eu,2042.3,79.3562,10.1769,10.5689
eu,2042.4,79.5744,10.0378,10.4888
eu,2042.5,79.7902,9.9006,10.4090
eu,2042.6,80.0037,9.7655,10.3295
eu,2042.7,80.2149,9.6323,10.2503
eu,2042.8,80.4238,9.5011,10.1715
eu,2042.9,80.6305,9.3719,10.0931
eu,2043.0,80.8349,9.2445,10.0151
eu,2043.1,81.0370,9.1190,9.9375
eu,2043.2,81.2369,8.9953,9.8603
eu,2043.3,81.4345,8.8735,9.7835
eu,2043.4,81.6299,8.7535,9.7072
eu,2043.5,81.8231,8.6352,9.6314
eu,2043.6,82.0141,8.5187,9.5560
eu,2043.7,82.2029,8.4039,9.4812
eu,2043.8,82.3895,8.2907,9.4068
eu,2043.9,82.5740,8.1793,9.3330
eu,2044.0,82.7563,8.0695,9.2597
eu,2044.1,82.9365,7.9614,9.1869
eu,2044.2,83.1145,7.8548,9.1146
eu,2044.3,83.2905,7.7498,9.0429
eu,2044.4,83.4643,7.6464,8.9717
eu,2044.5,83.6361,7.5445,8.9011
eu,2044.6,83.8059,7.4441,8.8311
eu,2044.7,83.9736,7.3453,8.7617
eu,2044.8,84.1392,7.2478,8.6928
eu,2044.9,84.3029,7.1519,8.6245
eu,2045.0,84.4645,7.0573,8.5568
eu,2045.1,84.6242,6.9642,8.4897
eu,2045.2,84.7819,6.8724,8.4231
eu,2045.3,84.9377,6.7820,8.3572
eu,2045.4,85.0915,6.6929,8.2919
eu,2045.5,85.2435,6.6052,8.2272
eu,2045.6,85.3936,6.5187,8.1630
eu,2045.7,85.5418,6.4335,8.0995
eu,2045.8,85.6881,6.3496,8.0366
eu,2045.9,85.8326,6.2669,7.9743
eu,2046.0,85.9753,6.1855,7.9126
eu,2046.1,86.1163,6.1052,7.8515
eu,2046.2,86.2554,6.0262,7.7910
eu,2046.3,86.3928,5.9483,7.7311
eu,2046.4,86.5284,5.8715,7.6718
eu,2046.5,86.6624,5.7959,7.6131
eu,2046.6,86.7946,5.7213,7.5550
eu,2046.7,86.9252,5.6479,7.4975
eu,2046.8,87.0541,5.5755,7.4406
eu,2046.9,87.1814,5.5042,7.3842
eu,2047.0,87.3071,5.4340,7.3285
eu,2047.1,87.4312,5.3647,7.2733
eu,2047.2,87.5537,5.2965,7.2187
eu,2047.3,87.6746,5.2292,7.1647
eu,2047.4,87.7940,5.1629,7.1113
eu,2047.5,87.9120,5.0976,7.0584
eu,2047.6,88.0284,5.0332,7.0061
eu,2047.7,88.1433,4.9698,6.9543
eu,2047.8,88.2568,4.9072,6.9031
eu,2047.9,88.3688,4.8456,6.8524
eu,2048.0,88.4795,4.7848,6.8023
eu,2048.1,88.5887,4.7249,6.7527
eu,2048.2,88.6966,4.6659,6.7036
eu,2048.3,88.8031,4.6077,6.6551
eu,2048.4,88.9083,4.5503,6.6070
eu,2048.5,89.0122,4.4937,6.5595
eu,2048.6,89.1147,4.4379,6.5125
eu,2048.7,89.2160,4.3829,6.4660
eu,2048.8,89.3161,4.3287,6.4199
eu,2048.9,89.4149,4.2752,6.3744
eu,2049.0,89.5125,4.2225,6.3293
eu,2049.1,89.6088,4.1705,6.2847
eu,2049.2,89.7040,4.1193,6.2406
eu,2049.3,89.7981,4.0687,6.1969
eu,2049.4,89.8909,4.0189,6.1537
eu,2049.5,89.9827,3.9697,6.1109
eu,2049.6,90.0733,3.9212,6.0686
eu,2049.7,90.1629,3.8734,6.0267
eu,2049.8,90.2514,3.8262,5.9852
eu,2049.9,90.3388,3.7797,5.9441
eu,2050.0,90.4252,3.7338,5.9034
g7,2015.0,0.3231,99.4051,0.2718
g7,2015.1,0.3439,99.3696,0.2865
g7,2015.2,0.3658,99.3324,0.3018
g7,2015.3,0.3887,99.2936,0.3177
g7,2015.4,0.4127,99.2532,0.3342
g7,2015.5,0.4378,99.2110,0.3512
g7,2015.6,0.4640,99.1671,0.3689
g7,2015.7,0.4913,99.1215,0.3872
g7,2015.8,0.5199,99.0741,0.4060
g7,2015.9,0.5496,99.0250,0.4255
g7,2016.0,0.5805,98.9740,0.4455
g7,2016.1,0.6127,98.9211,0.4662
g7,2016.2,0.6461,98.8664,0.4874
g7,2016.3,0.6809,98.8099,0.5093
g7,2016.4,0.7169,98.7514,0.5317
g7,2016.5,0.7542,98.6911,0.5548
g7,2016.6,0.7928,98.6288,0.5784
g7,2016.7,0.8328,98.5645,0.6026
g7,2016.8,0.8742,98.4983,0.6275
g7,2016.9,0.9170,98.4302,0.6529
g7,2017.0,0.9611,98.3600,0.6789
g7,2017.1,1.0067,98.2878,0.7055
g7,2017.2,1.0537,98.2136,0.7326
g7,2017.3,1.1022,98.1374,0.7604
g7,2017.4,1.1522,98.0591,0.7887
g7,2017.5,1.2036,97.9788,0.8176
g7,2017.6,1.2565,97.8964,0.8471
g7,2017.7,1.3110,97.8119,0.8771
g7,2017.8,1.3670,97.7253,0.9077
g7,2017.9,1.4245,97.6367,0.9389
g7,2018.0,1.4836,97.5459,0.9706
g7,2018.1,1.5442,97.4530,1.0028
g7,2018.2,1.6065,97.3579,1.0356
g7,2018.3,1.6703,97.2608,1.0689
g7,2018.4,1.7358,97.1615,1.1028
g7,2018.5,1.8029,97.0600,1.1371
g7,2018.6,1.8716,96.9564,1.1720
g7,2018.7,1.9419,96.8506,1.2074
g7,2018.8,2.0140,96.7427,1.2434
g7,2018.9,2.0877,96.6326,1.2798
g7,2019.0,2.1630,96.5203,1.3167
g7,2019.1,2.2401,96.4058,1.3540
g7,2019.2,2.3189,96.2892,1.3919
g7,2019.3,2.3994,96.1704,1.4302
g7,2019.4,2.4816,96.0494,1.4690
g7,2019.5,2.5655,95.9262,1.5082
g7,2019.6,2.6512,95.8009,1.5479
g7,2019.7,2.7386,95.6733,1.5880
g7,2019.8,2.8278,95.5436,1.6286
g7,2019.9,2.9188,95.4117,1.6695
g7,2020.0,3.0115,95.2776,1.7109
g7,2020.1,3.1060,95.1413,1.7526
g7,2020.2,3.2023,95.0029,1.7948
g7,2020.3,3.3004,94.8623,1.8373
g7,2020.4,3.4003,94.7195,1.8802
g7,2020.5,3.5020,94.5745,1.9235
g7,2020.6,3.6055,94.4274,1.9671
g7,2020.7,3.7109,94.2781,2.0110
g7,2020.8,3.8180,94.1267,2.0552
g7,2020.9,3.9270,93.9732,2.0998
g7,2021.0,4.0378,93.8175,2.1447
g7,2021.1,4.1505,93.6596,2.1899
g7,2021.2,4.2650,93.4997,2.2353
g7,2021.3,4.3813,93.3376,2.2811
g7,2021.4,4.4995,93.1735,2.3270
g7,2021.5,4.6195,93.0072,2.3733
g7,2021.6,4.7414,92.8388,2.4197
g7,2021.7,4.8652,92.6684,2.4664
g7,2021.8,4.9907,92.4959,2.5133
g7,2021.9,5.1182,92.3214,2.5604
g7,2022.0,5.2475,92.1448,2.6077
g7,2022.1,5.3787,91.9662,2.6552
g7,2022.2,5.5117,91.7856,2.7028
g7,2022.3,5.6466,91.6029,2.7505
g7,2022.4,5.7833,91.4183,2.7984
g7,2022.5,5.9219,91.2317,2.8464
g7,2022.6,6.0623,91.0431,2.8946
g7,2022.7,6.2046,90.8526,2.9428
g7,2022.8,6.3488,90.6602,2.9911
g7,2022.9,6.4948,90.4658,3.0394
g7,2023.0,6.6426,90.2695,3.0879
g7,2023.1,6.7923,90.0714,3.1363
g7,2023.2,6.9438,89.8714,3.1848
g7,2023.3,7.0972,89.6695,3.2333
g7,2023.4,7.2524,89.4658,3.2818
g7,2023.5,7.4094,89.2603,3.3303
g7,2023.6,7.5683,89.0530,3.3788
g7,2023.7,7.7289,88.8439,3.4272
g7,2023.8,7.8914,88.6330,3.4756
g7,2023.9,8.0557,88.4204,3.5239
g7,2024.0,8.2218,88.2061,3.5721
g7,2024.1,8.3897,87.9901,3.6202
g7,2024.2,8.5594,87.7724,3.6682
g7,2024.3,8.7309,87.5530,3.7161
g7,2024.4,8.9041,87.3320,3.7639
g7,2024.5,9.0791,87.1094,3.8115
g7,2024.6,9.2559,86.8852,3.8589
g7,2024.7,9.4344,86.6595,3.9062
g7,2024.8,9.6146,86.4321,3.9532
g7,2024.9,9.7966,86.2033,4.0001
g7,2025.0,9.9803,85.9729,4.0468
g7,2025.1,10.1657,85.7411,4.0932
g7,2025.2,10.3529,85.5078,4.1394
g7,2025.3,10.5417,85.2730,4.1853
g7,2025.4,10.7322,85.0369,4.2309
g7,2025.5,10.9244,84.7994,4.2763
g7,2025.6,11.1182,84.5605,4.3213
g7,2025.7,11.3137,84.3202,4.3661
g7,2025.8,11.5108,84.0787,4.4105
g7,2025.9,11.7096,83.8358,4.4546
g7,2026.0,11.9099,83.5917,4.4984
g7,2026.1,12.1119,83.3464,4.5417
g7,2026.2,12.3155,83.0998,4.5848
g7,2026.3,12.5206,82.8520,4.6274
g7,2026.4,12.7273,82.6031,4.6696
g7,2026.5,12.9355,82.3530,4.7115
g7,2026.6,13.1453,82.1019,4.7529
g7,2026.7,13.3566,81.8496,4.7938
g7,2026.8,13.5694,81.5963,4.8344
g7,2026.9,13.7836,81.3419,4.8745
g7,2027.0,13.9994,81.0865,4.9141
g7,2027.1,14.2166,80.8302,4.9532
g7,2027.2,14.4353,80.5728,4.9919
g7,2027.3,14.6554,80.3146,5.0300
g7,2027.4,14.8769,80.0554,5.0677
g7,2027.5,15.0998,79.7954,5.1048
g7,2027.6,15.3241,79.5345,5.1415
g7,2027.7,15.5497,79.2727,5.1775
g7,2027.8,15.7767,79.0102,5.2131
g7,2027.9,16.0050,78.7469,5.2481
g7,2028.0,16.2346,78.4829,5.2825
g7,2028.1,16.4656,78.2181,5.3164
g7,2028.2,16.6978,77.9526,5.3496
g7,2028.3,16.9312,77.6864,5.3823
g7,2028.4,17.1659,77.4196,5.4144
g7,2028.5,17.4019,77.1522,5.4459
g7,2028.6,17.6390,76.8842,5.4768
g7,2028.7,17.8773,76.6156,5.5071
g7,2028.8,18.1168,76.3465,5.5367
g7,2028.9,18.3574,76.0768,5.5657
g7,2029.0,18.5992,75.8067,5.5941
g7,2029.1,18.8420,75.5361,5.6219
g7,2029.2,19.0860,75.2650,5.6490
g7,2029.3,19.3310,74.9936,5.6754
g7,2029.4,19.5771,74.7217,5.7012
g7,2029.5,19.8242,74.4495,5.7263
g7,2029.6,20.0724,74.1769,5.7508
g7,2029.7,20.3215,73.9040,5.7745
g7,2029.8,20.5716,73.6308,5.7977
g7,2029.9,20.8226,73.3573,5.8201
g7,2030.0,21.0746,73.0836,5.8418
g7,2030.1,21.3275,72.8096,5.8629
g7,2030.2,21.5813,72.5354,5.8832
g7,2030.3,21.8360,72.2611,5.9029
g7,2030.4,22.0915,71.9866,5.9219
g7,2030.5,22.3478,71.7120,5.9402
g7,2030.6,22.6050,71.4372,5.9578
g7,2030.7,22.8629,71.1624,5.9747
g7,2030.8,23.1217,70.8875,5.9908
g7,2030.9,23.3811,70.6125,6.0063
g7,2031.0,23.6413,70.3376,6.0211
g7,2031.1,23.9022,70.0626,6.0352
g7,2031.2,24.1638,69.7876,6.0486
g7,2031.3,24.4261,69.5127,6.0612
g7,2031.4,24.6890,69.2378,6.0732
g7,2031.5,24.9525,68.9630,6.0844
g7,2031.6,25.2167,68.6883,6.0950
g7,2031.7,25.4814,68.4137,6.1049
g7,2031.8,25.7467,68.1393,6.1140
g7,2031.9,26.0125,67.8650,6.1225
g7,2032.0,26.2789,67.5909,6.1303
g7,2032.1,26.5457,67.3169,6.1373
g7,2032.2,26.8131,67.0432,6.1437
g7,2032.3,27.0809,66.7697,6.1494
g7,2032.4,27.3492,66.4964,6.1544
g7,2032.5,27.6178,66.2234,6.1587
g7,2032.6,27.8869,65.9507,6.1624
g7,2032.7,28.1564,65.6783,6.1653
g7,2032.8,28.4262,65.4062,6.1676
g7,2032.9,28.6963,65.1344,6.1693
g7,2033.0,28.9668,64.8629,6.1702
g7,2033.1,29.2376,64.5918,6.1706
g7,2033.2,29.5087,64.3211,6.1702
g7,2033.3,29.7800,64.0508,6.1692
g7,2033.4,30.0516,63.7808,6.1676
g7,2033.5,30.3234,63.5113,6.1653
g7,2033.6,30.5954,63.2422,6.1624
g7,2033.7,30.8676,62.9735,6.1589
g7,2033.8,31.1400,62.7053,6.1547
g7,2033.9,31.4125,62.4376,6.1499
g7,2034.0,31.6851,62.1703,6.1445
g7,2034.1,31.9579,61.9036,6.1385
g7,2034.2,32.2307,61.6373,6.1320
g7,2034.3,32.5037,61.3715,6.1248
g7,2034.4,32.7767,61.1063,6.1170
g7,2034.5,33.0497,60.8416,6.1087
g7,2034.6,33.3228,60.5775,6.0998
g7,2034.7,33.5958,60.3139,6.0903
g7,2034.8,33.8689,60.0508,6.0803
g7,2034.9,34.1419,59.7884,6.0697
g7,2035.0,34.4149,59.5265,6.0586
g7,2035.1,34.6878,59.2653,6.0470
g7,2035.2,34.9606,59.0046,6.0348
g7,2035.3,35.2333,58.7445,6.0221
g7,2035.4,35.5060,58.4851,6.0089
g7,2035.5,35.7785,58.2263,5.9952
g7,2035.6,36.0508,57.9681,5.9811
g7,2035.7,36.3230,57.7106,5.9664
g7,2035.8,36.5950,57.4537,5.9513
g7,2035.9,36.8669,57.1975,5.9356
g7,2036.0,37.1385,56.9419,5.9196
g7,2036.1,37.4099,56.6870,5.9031
g7,2036.2,37.6811,56.4328,5.8861
g7,2036.3,37.9520,56.1793,5.8687
g7,2036.4,38.2227,55.9264,5.8509
g7,2036.5,38.4931,55.6743,5.8326
g7,2036.6,38.7632,55.4228,5.8140
g7,2036.7,39.0330,55.1721,5.7950
g7,2036.8,39.3025,54.9220,5.7755
g7,2036.9,39.5716,54.6727,5.7557
g7,2037.0,39.8404,54.4240,5.7355
g7,2037.1,40.1089,54.1761,5.7150
g7,2037.2,40.3770,53.9290,5.6941
g7,2037.3,40.6447,53.6825,5.6728
g7,2037.4,40.9120,53.4368,5.6512
g7,2037.5,41.1789,53.1918,5.6293
g7,2037.6,41.4454,52.9475,5.6070
g7,2037.7,41.7115,52.7040,5.5845
g7,2037.8,41.9772,52.4612,5.5616
g7,2037.9,42.2424,52.2192,5.5385
g7,2038.0,42.5071,51.9779,5.5150
g7,2038.1,42.7714,51.7374,5.4913
g7,2038.2,43.0351,51.4976,5.4673
g7,2038.3,43.2985,51.2585,5.4430
g7,2038.4,43.5613,51.0202,5.4185
g7,2038.5,43.8236,50.7827,5.3937
g7,2038.6,44.0853,50.5459,5.3687
g7,2038.7,44.3466,50.3099,5.3435
g7,2038.8,44.6073,50.0746,5.3181
g7,2038.9,44.8675,49.8401,5.2924
g7,2039.0,45.1271,49.6064,5.2665
g7,2039.1,45.3862,49.3734,5.2404
g7,2039.2,45.6447,49.1412,5.2142
g7,2039.3,45.9026,48.9097,5.1877
g7,2039.4,46.1599,48.6790,5.1611
g7,2039.5,46.4167,48.4490,5.1343
g7,2039.6,46.6728,48.2198,5.1073
g7,2039.7,46.9284,47.9914,5.0802
g7,2039.8,47.1833,47.7637,5.0529
g7,2039.9,47.4377,47.5368,5.0255
g7,2040.0,47.6913,47.3107,4.9980
g7,2040.1,47.9444,47.0853,4.9703
g7,2040.2,48.1968,46.8607,4.9425
g7,2040.3,48.4486,46.6368,4.9146
g7,2040.4,48.6998,46.4137,4.8866
g7,2040.5,48.9503,46.1913,4.8584
g7,2040.6,49.2001,45.9697,4.8302
g7,2040.7,49.4492,45.7488,4.8019
g7,2040.8,49.6977,45.5287,4.7735
g7,2040.9,49.9456,45.3094,4.7450
g7,2041.0,50.1927,45.0908,4.7165
g7,2041.1,50.4392,44.8729,4.6879
g7,2041.2,50.6850,44.6559,4.6592
g7,2041.3,50.9300,44.4395,4.6305
g7,2041.4,51.1744,44.2239,4.6017
g7,2041.5,51.4181,44.0090,4.5728
g7,2041.6,51.6611,43.7949,4.5439
g7,2041.7,51.9034,43.5816,4.5150
g7,2041.8,52.1450,43.3689,4.4861
g7,2041.9,52.3859,43.1570,4.4571
g7,2042.0,52.6260,42.9459,4.4281
g7,2042.1,52.8655,42.7355,4.3990
g7,2042.2,53.1042,42.5258,4.3700
g7,2042.3,53.3422,42.3169,4.3410
g7,2042.4,53.5795,42.1086,4.3119
g7,2042.5,53.8160,41.9012,4.2828
g7,2042.6,54.0518,41.6944,4.2538
g7,2042.7,54.2869,41.4884,4.2247
g7,2042.8,54.5213,41.2831,4.1956
g7,2042.9,54.7549,41.0785,4.1666
g7,2043.0,54.9878,40.8747,4.1375
g7,2043.1,55.2199,40.6716,4.1085
g7,2043.2,55.4513,40.4692,4.0795
g7,2043.3,55.6820,40.2675,4.0505
g7,2043.4,55.9119,40.0665,4.0216
g7,2043.5,56.1410,39.8663,3.9927
g7,2043.6,56.3695,39.6668,3.9638
g7,2043.7,56.5971,39.4680,3.9349
g7,2043.8,56.8241,39.2699,3.9061
g7,2043.9,57.0502,39.0725,3.8773
g7,2044.0,57.2757,38.8758,3.8486
g7,2044.1,57.5003,38.6798,3.8198
g7,2044.2,57.7243,38.4846,3.7912
g7,2044.3,57.9474,38.2900,3.7626
g7,2044.4,58.1699,38.0962,3.7340
g7,2044.5,58.3915,37.9030,3.7055
g7,2044.6,58.6124,37.7106,3.6770
g7,2044.7,58.8326,37.5188,3.6486
g7,2044.8,59.0520,37.3278,3.6202
g7,2044.9,59.2706,37.1374,3.5919
g7,2045.0,59.4885,36.9478,3.5637
g7,2045.1,59.7057,36.7589,3.5355
g7,2045.2,59.9220,36.5706,3.5074
g7,2045.3,60.1377,36.3830,3.4793
g7,2045.4,60.3525,36.1962,3.4513
g7,2045.5,60.5666,36.0100,3.4234
g7,2045.6,60.7800,35.8245,3.3955
g7,2045.7,60.9926,35.6398,3.3677
g7,2045.8,61.2044,35.4557,3.3399
g7,2045.9,61.4155,35.2723,3.3122
g7,2046.0,61.6258,35.0895,3.2846
g7,2046.1,61.8354,34.9075,3.2571
g7,2046.2,62.0442,34.7262,3.2296
g7,2046.3,62.2523,34.5455,3.2022
g7,2046.4,62.4596,34.3656,3.1749
g7,2046.5,62.6661,34.1863,3.1476
g7,2046.6,62.8719,34.0077,3.1204
g7,2046.7,63.0769,33.8298,3.0933
g7,2046.8,63.2812,33.6525,3.0663
g7,2046.9,63.4847,33.4760,3.0393
g7,2047.0,63.6875,33.3001,3.0124
g7,2047.1,63.8895,33.1249,2.9856
g7,2047.2,64.0908,32.9504,2.9588
g7,2047.3,64.2913,32.7766,2.9321
g7,2047.4,64.4910,32.6035,2.9055
g7,2047.5,64.6900,32.4310,2.8790
g7,2047.6,64.8882,32.2592,2.8525
g7,2047.7,65.0857,32.0881,2.8262
g7,2047.8,65.2824,31.9177,2.7999
g7,2047.9,65.4784,31.7480,2.7736
g7,2048.0,65.6736,31.5789,2.7475
g7,2048.1,65.8681,31.4105,2.7214
g7,2048.2,66.0618,31.2428,2.6954
g7,2048.3,66.2548,31.0758,2.6695
g7,2048.4,66.4470,30.9094,2.6436
g7,2048.5,66.6384,30.7437,2.6178
g7,2048.6,66.8291,30.5787,2.5921
g7,2048.7,67.0191,30.4144,2.5665
g7,2048.8,67.2083,30.2508,2.5410
g7,2048.9,67.3967,30.0878,2.5155
g7,2049.0,67.5844,29.9255,2.4901
g7,2049.1,67.7713,29.7639,2.4648
g7,2049.2,67.9575,29.6029,2.4395
g7,2049.3,68.1429,29.4427,2.4144
g7,2049.4,68.3276,29.2831,2.3893
g7,2049.5,68.5115,29.1242,2.3643
g7,2049.6,68.6947,28.9659,2.3394
g7,2049.7,68.8771,28.8084,2.3145
g7,2049.8,69.0588,28.6515,2.2897
g7,2049.9,69.2397,28.4953,2.2650
g7,2050.0,69.4199,28.3397,2.2404
north_america,2015.0,0.3881,99.3904,0.2216
north_america,2015.1,0.4095,99.3592,0.2313
north_america,2015.2,0.4316,99.3272,0.2412
north_america,2015.3,0.4545,99.2942,0.2514
north_america,2015.4,0.4781,99.2602,0.2617
north_america,2015.5,0.5025,99.2253,0.2722
north_america,2015.6,0.5276,99.1894,0.2830
north_america,2015.7,0.5535,99.1526,0.2939
north_america,2015.8,0.5802,99.1147,0.3050
north_america,2015.9,0.6077,99.0759,0.3164
north_america,2016.0,0.6360,99.0361,0.3279
north_america,2016.1,0.6651,98.9952,0.3396
north_america,2016.2,0.6951,98.9534,0.3515
north_america,2016.3,0.7259,98.9105,0.3636
north_america,2016.4,0.7575,98.8666,0.3759
north_america,2016.5,0.7899,98.8217,0.3884
north_america,2016.6,0.8232,98.7757,0.4011
north_america,2016.7,0.8574,98.7286,0.4139
north_america,2016.8,0.8925,98.6806,0.4270
north_america,2016.9,0.9284,98.6314,0.4402
north_america,2017.0,0.9653,98.5812,0.4536
north_america,2017.1,1.0030,98.5299,0.4671
north_america,2017.2,1.0417,98.4775,0.4809
north_america,2017.3,1.0812,98.4240,0.4948
north_america,2017.4,1.1217,98.3694,0.5089
north_america,2017.5,1.1631,98.3137,0.5231
north_america,2017.6,1.2055,98.2569,0.5376
north_america,2017.7,1.2488,98.1990,0.5522
north_america,2017.8,1.2931,98.1400,0.5669
north_america,2017.9,1.3383,98.0798,0.5818
north_america,2018.0,1.3846,98.0185,0.5969
north_america,2018.1,1.4317,97.9561,0.6121
north_america,2018.2,1.4799,97.8925,0.6275
north_america,2018.3,1.5291,97.8278,0.6431
north_america,2018.4,1.5793,97.7619,0.6588
north_america,2018.5,1.6305,97.6949,0.6746
north_america,2018.6,1.6827,97.6267,0.6906
north_america,2018.7,1.7359,97.5573,0.7067
north_america,2018.8,1.7902,97.4868,0.7230
north_america,2018.9,1.8455,97.4151,0.7394
north_america,2019.0,1.9018,97.3422,0.7560
north_america,2019.1,1.9592,97.2681,0.7727
north_america,2019.2,2.0177,97.1928,0.7895
north_america,2019.3,2.0772,97.1164,0.8064
north_america,2019.4,2.1378,97.0387,0.8235
north_america,2019.5,2.1995,96.9598,0.8407
north_america,2019.6,2.2623,96.8797,0.8580
north_america,2019.7,2.3261,96.7984,0.8754
north_america,2019.8,2.3911,96.7159,0.8930
north_america,2019.9,2.4571,96.6322,0.9107
north_america,2020.0,2.5243,96.5472,0.9285
north_america,2020.1,2.5926,96.4610,0.9463
north_america,2020.2,2.6620,96.3736,0.9643
north_america,2020.3,2.7326,96.2850,0.9824
north_america,2020.4,2.8042,96.1951,1.0007
north_america,2020.5,2.8770,96.1040,1.0190
north_america,2020.6,2.9510,96.0117,1.0373
north_america,2020.7,3.0261,95.9181,1.0558
north_america,2020.8,3.1024,95.8232,1.0744
north_america,2020.9,3.1798,95.7271,1.0931
north_america,2021.0,3.2584,95.6298,1.1118
north_america,2021.1,3.3381,95.5312,1.1307
north_america,2021.2,3.4191,95.4313,1.1496
north_america,2021.3,3.5012,95.3302,1.1686
north_america,2021.4,3.5845,95.2279,1.1876
north_america,2021.5,3.6690,95.1242,1.2068
north_america,2021.6,3.7547,95.0193,1.2260
north_america,2021.7,3.8416,94.9132,1.2452
north_america,2021.8,3.9297,94.8057,1.2645
north_america,2021.9,4.0190,94.6970,1.2839
north_america,2022.0,4.1096,94.5871,1.3034
north_america,2022.1,4.2013,94.4758,1.3229
north_america,2022.2,4.2943,94.3633,1.3424
north_america,2022.3,4.3885,94.2495,1.3620
north_america,2022.4,4.4839,94.1345,1.3816
north_america,2022.5,4.5805,94.0182,1.4013
north_america,2022.6,4.6784,93.9006,1.4210
north_america,2022.7,4.7776,93.7817,1.4407
north_america,2022.8,4.8780,93.6615,1.4605
north_america,2022.9,4.9796,93.5401,1.4803
north_america,2023.0,5.0825,93.4174,1.5002
north_america,2023.1,5.1866,93.2934,1.5200
north_america,2023.2,5.2920,93.1681,1.5399
north_america,2023.3,5.3987,93.0416,1.5598
north_america,2023.4,5.5066,92.9137,1.5797
north_america,2023.5,5.6158,92.7847,1.5996
north_america,2023.6,5.7262,92.6543,1.6195
north_america,2023.7,5.8380,92.5226,1.6394
north_america,2023.8,5.9510,92.3897,1.6593
north_america,2023.9,6.0653,92.2555,1.6792
north_america,2024.0,6.1808,92.1200,1.6992
north_america,2024.1,6.2977,91.9833,1.7191
north_america,2024.2,6.4158,91.8453,1.7389
north_america,2024.3,6.5352,91.7060,1.7588
north_america,2024.4,6.6559,91.5654,1.7787
north_america,2024.5,6.7779,91.4236,1.7985
north_america,2024.6,6.9012,91.2805,1.8183
north_america,2024.7,7.0258,91.1361,1.8381
north_america,2024.8,7.1517,90.9905,1.8579
north_america,2024.9,7.2788,90.8436,1.8776
north_america,2025.0,7.4073,90.6955,1.8973
north_america,2025.1,7.5371,90.5460,1.9169
north_america,2025.2,7.6681,90.3954,1.9365
north_america,2025.3,7.8005,90.2435,1.9560
north_america,2025.4,7.9342,90.0903,1.9755
north_america,2025.5,8.0691,89.9359,1.9950
north_america,2025.6,8.2054,89.7802,2.0144
north_america,2025.7,8.3430,89.6233,2.0337
north_america,2025.8,8.4819,89.4652,2.0530
north_america,2025.9,8.6221,89.3058,2.0722
north_america,2026.0,8.7636,89.1451,2.0913
north_america,2026.1,8.9064,88.9833,2.1104
north_america,2026.2,9.0505,88.8202,2.1294
north_america,2026.3,9.1959,88.6559,2.1483
north_america,2026.4,9.3426,88.4903,2.1671
north_america,2026.5,9.4906,88.3236,2.1858
north_america,2026.6,9.6399,88.1556,2.2045
north_america,2026.7,9.7905,87.9864,2.2230
north_america,2026.8,9.9425,87.8160,2.2415
north_america,2026.9,10.0957,87.6444,2.2599
north_america,2027.0,10.2502,87.4716,2.2782
north_america,2027.1,10.4060,87.2976,2.2963
north_america,2027.2,10.5632,87.1224,2.3144
north_america,2027.3,10.7216,86.9461,2.3324
north_america,2027.4,10.8813,86.7685,2.3502
north_america,2027.5,11.0423,86.5897,2.3679
north_america,2027.6,11.2046,86.4098,2.3856
north_america,2027.7,11.3682,86.2287,2.4030
north_america,2027.8,11.5331,86.0465,2.4204
north_america,2027.9,11.6993,85.8631,2.4377
north_america,2028.0,11.8668,85.6785,2.4548
north_america,2028.1,12.0355,85.4928,2.4717
north_america,2028.2,12.2055,85.3059,2.4886
north_america,2028.3,12.3768,85.1179,2.5053
north_america,2028.4,12.5494,84.9287,2.5219
north_america,2028.5,12.7233,84.7384,2.5383
north_america,2028.6,12.8984,84.5470,2.5546
north_america,2028.7,13.0748,84.3545,2.5707
north_america,2028.8,13.2525,84.1609,2.5867
north_america,2028.9,13.4314,83.9661,2.6025
north_america,2029.0,13.6116,83.7703,2.6181
north_america,2029.1,13.7930,83.5733,2.6336
north_america,2029.2,13.9757,83.3753,2.6490
north_america,2029.3,14.1597,83.1762,2.6642
north_america,2029.4,14.3448,82.9760,2.6792
north_america,2029.5,14.5313,82.7747,2.6940
north_america,2029.6,14.7189,82.5724,2.7087
north_america,2029.7,14.9079,82.3690,2.7231
north_america,2029.8,15.0980,82.1646,2.7374
north_america,2029.9,15.2894,81.9591,2.7516
north_america,2030.0,15.4819,81.7526,2.7655
north_america,2030.1,15.6757,81.5450,2.7793
north_america,2030.2,15.8708,81.3364,2.7928
north_america,2030.3,16.0670,81.1268,2.8062
north_america,2030.4,16.2644,80.9162,2.8194
north_america,2030.5,16.4630,80.7046,2.8324
north_america,2030.6,16.6628,80.4920,2.8452
north_america,2030.7,16.8639,80.2784,2.8578
north_america,2030.8,17.0661,80.0638,2.8701
north_america,2030.9,17.2694,79.8483,2.8823
north_america,2031.0,17.4740,79.6317,2.8943
north_america,2031.1,17.6797,79.4143,2.9061
north_america,2031.2,17.8866,79.1958,2.9176
north_america,2031.3,18.0946,78.9765,2.9289
north_america,2031.4,18.3038,78.7562,2.9401
north_america,2031.5,18.5141,78.5349,2.9510
north_america,2031.6,18.7256,78.3128,2.9617
north_america,2031.7,18.9382,78.0897,2.9721
north_america,2031.8,19.1519,77.8657,2.9824
north_america,2031.9,19.3668,77.6409,2.9924
north_america,2032.0,19.5827,77.4151,3.0022
north_america,2032.1,19.7998,77.1885,3.0117
north_america,2032.2,20.0180,76.9610,3.0211
north_america,2032.3,20.2372,76.7326,3.0301
north_america,2032.4,20.4576,76.5034,3.0390
north_america,2032.5,20.6790,76.2734,3.0476
north_america,2032.6,20.9015,76.0425,3.0560
north_america,2032.7,21.1251,75.8108,3.0642
north_america,2032.8,21.3497,75.5782,3.0721
north_america,2032.9,21.5754,75.3449,3.0797
north_america,2033.0,21.8021,75.1107,3.0871
north_america,2033.1,22.0299,74.8758,3.0943
north_america,2033.2,22.2587,74.6401,3.1012
north_america,2033.3,22.4885,74.4036,3.1079
north_america,2033.4,22.7193,74.1663,3.1143
north_america,2033.5,22.9512,73.9283,3.1205
north_america,2033.6,23.1840,73.6896,3.1264
north_america,2033.7,23.4178,73.4501,3.1321
north_america,2033.8,23.6526,73.2099,3.1375
north_america,2033.9,23.8884,72.9690,3.1427
north_america,2034.0,24.1251,72.7273,3.1476
north_america,2034.1,24.3628,72.4850,3.1522
north_america,2034.2,24.6014,72.2420,3.1566
north_america,2034.3,24.8410,71.9983,3.1607
north_america,2034.4,25.0815,71.7539,3.1646
north_america,2034.5,25.3230,71.5089,3.1682
north_america,2034.6,25.5653,71.2632,3.1715
north_america,2034.7,25.8086,71.0169,3.1746
north_america,2034.8,26.0527,70.7700,3.1774
north_america,2034.9,26.2977,70.5224,3.1799
north_america,2035.0,26.5436,70.2742,3.1822
north_america,2035.1,26.7904,70.0255,3.1842
north_america,2035.2,27.0380,69.7761,3.1859
north_america,2035.3,27.2865,69.5262,3.1874
north_america,2035.4,27.5358,69.2757,3.1886
north_america,2035.5,27.7859,69.0246,3.1895
north_america,2035.6,28.0369,68.7730,3.1902
north_america,2035.7,28.2886,68.5208,3.1905
north_america,2035.8,28.5412,68.2681,3.1907
north_america,2035.9,28.7945,68.0150,3.1905
north_america,2036.0,29.0487,67.7612,3.1901
north_america,2036.1,29.3036,67.5070,3.1894
north_america,2036.2,29.5592,67.2524,3.1884
north_america,2036.3,29.8156,66.9972,3.1872
north_america,2036.4,30.0728,66.7416,3.1857
north_america,2036.5,30.3306,66.4855,3.1839
north_america,2036.6,30.5892,66.2290,3.1818
north_america,2036.7,30.8485,65.9720,3.1795
north_america,2036.8,31.1085,65.7146,3.1769
north_america,2036.9,31.3691,65.4568,3.1740
north_america,2037.0,31.6305,65.1986,3.1709
north_america,2037.1,31.8925,64.9400,3.1675
north_america,2037.2,32.1551,64.6811,3.1638
north_america,2037.3,32.4184,64.4217,3.1598
north_america,2037.4,32.6824,64.1620,3.1556
north_america,2037.5,32.9469,63.9020,3.1511
north_america,2037.6,33.2121,63.6416,3.1463
north_america,2037.7,33.4778,63.3809,3.1413
north_america,2037.8,33.7441,63.1198,3.1360
north_america,2037.9,34.0111,62.8585,3.1304
north_america,2038.0,34.2785,62.5969,3.1246
north_america,2038.1,34.5466,62.3349,3.1185
north_america,2038.2,34.8151,62.0728,3.1121
north_america,2038.3,35.0842,61.8103,3.1055
north_america,2038.4,35.3538,61.5476,3.0986
north_america,2038.5,35.6239,61.2846,3.0914
north_america,2038.6,35.8945,61.0215,3.0840
north_america,2038.7,36.1656,60.7581,3.0763
north_america,2038.8,36.4372,60.4944,3.0684
north_america,2038.9,36.7092,60.2306,3.0602
north_america,2039.0,36.9817,59.9666,3.0517
north_america,2039.1,37.2546,59.7025,3.0430
north_america,2039.2,37.5279,59.4381,3.0340
north_america,2039.3,37.8016,59.1736,3.0247
north_america,2039.4,38.0758,58.9090,3.0153
north_america,2039.5,38.3503,58.6442,3.0055
north_america,2039.6,38.6252,58.3793,2.9955
north_america,2039.7,38.9004,58.1143,2.9853
north_america,2039.8,39.1760,57.8492,2.9748
north_america,2039.9,39.4520,57.5840,2.9640
north_america,2040.0,39.7283,57.3187,2.9530
north_america,2040.1,40.0049,57.0533,2.9418
north_america,2040.2,40.2817,56.7879,2.9303
north_america,2040.3,40.5589,56.5225,2.9186
north_america,2040.4,40.8364,56.2569,2.9067
north_america,2040.5,41.1141,55.9914,2.8945
north_america,2040.6,41.3921,55.7259,2.8820
north_america,2040.7,41.6703,55.4603,2.8694
north_america,2040.8,41.9488,55.1948,2.8565
north_america,2040.9,42.2274,54.9292,2.8433
north_america,2041.0,42.5063,54.6637,2.8300
north_america,2041.1,42.7854,54.3982,2.8164
north_america,2041.2,43.0646,54.1328,2.8026
north_america,2041.3,43.3440,53.8674,2.7886
north_america,2041.4,43.6236,53.6021,2.7743
north_america,2041.5,43.9033,53.3369,2.7598
north_america,2041.6,44.1831,53.0718,2.7451
north_america,2041.7,44.4630,52.8067,2.7302
north_america,2041.8,44.7431,52.5418,2.7151
north_america,2041.9,45.0233,52.2770,2.6998
north_america,2042.0,45.3035,52.0123,2.6842
north_america,2042.1,45.5838,51.7477,2.6685
north_america,2042.2,45.8641,51.4833,2.6525
north_america,2042.3,46.1445,51.2191,2.6364
north_america,2042.4,46.4250,50.9550,2.6200
north_america,2042.5,46.7054,50.6911,2.6035
north_america,2042.6,46.9859,50.4274,2.5868
north_america,2042.7,47.2663,50.1639,2.5698
north_america,2042.8,47.5467,49.9006,2.5527
north_america,2042.9,47.8271,49.6375,2.5354
north_america,2043.0,48.1075,49.3746,2.5179
north_america,2043.1,48.3878,49.1120,2.5002
north_america,2043.2,48.6680,48.8497,2.4823
north_america,2043.3,48.9481,48.5875,2.4643
north_america,2043.4,49.2282,48.3257,2.4461
north_america,2043.5,49.5082,48.0641,2.4277
north_america,2043.6,49.7880,47.8029,2.4092
north_america,2043.7,50.0677,47.5419,2.3904
north_america,2043.8,50.3473,47.2812,2.3716
north_america,2043.9,50.6267,47.0208,2.3525
north_america,2044.0,50.9059,46.7608,2.3333
north_america,2044.1,51.1850,46.5011,2.3140
north_america,2044.2,51.4639,46.2417,2.2944
north_america,2044.3,51.7425,45.9827,2.2748
north_america,2044.4,52.0210,45.7240,2.2550
north_america,2044.5,52.2992,45.4657,2.2350
north_america,2044.6,52.5772,45.2078,2.2149
north_america,2044.7,52.8550,44.9503,2.1947
north_america,2044.8,53.1325,44.6932,2.1743
north_america,2044.9,53.4097,44.4365,2.1538
north_america,2045.0,53.6866,44.1802,2.1332
north_america,2045.1,53.9633,43.9243,2.1124
north_america,2045.2,54.2396,43.6688,2.0916
north_america,2045.3,54.5156,43.4138,2.0706
north_america,2045.4,54.7913,43.1593,2.0494
north_america,2045.5,55.0666,42.9052,2.0282
north_america,2045.6,55.3416,42.6515,2.0069
north_america,2045.7,55.6162,42.3984,1.9854
north_america,2045.8,55.8905,42.1457,1.9638
north_america,2045.9,56.1643,41.8935,1.9422
north_america,2046.0,56.4378,41.6418,1.9204
north_america,2046.1,56.7108,41.3906,1.8986
north_america,2046.2,56.9835,41.1400,1.8766
north_america,2046.3,57.2556,40.8898,1.8546
north_america,2046.4,57.5274,40.6402,1.8324
north_america,2046.5,57.7987,40.3911,1.8102
north_america,2046.6,58.0695,40.1426,1.7879
north_america,2046.7,58.3399,39.8946,1.7655
north_america,2046.8,58.6097,39.6472,1.7431
north_america,2046.9,58.8791,39.4003,1.7206
north_america,2047.0,59.1479,39.1541,1.6980
north_america,2047.1,59.4163,38.9084,1.6753
north_america,2047.2,59.6841,38.6633,1.6526
north_america,2047.3,59.9513,38.4188,1.6299
north_america,2047.4,60.2180,38.1749,1.6070
north_america,2047.5,60.4842,37.9317,1.5841
north_america,2047.6,60.7498,37.6890,1.5612
north_america,2047.7,61.0148,37.4470,1.5382
north_america,2047.8,61.2792,37.2056,1.5152
north_america,2047.9,61.5430,36.9648,1.4922
north_america,2048.0,61.8062,36.7247,1.4691
north_america,2048.1,62.0688,36.4853,1.4459
north_america,2048.2,62.3307,36.2465,1.4228
north_america,2048.3,62.5920,36.0084,1.3996
north_america,2048.4,62.8527,35.7710,1.3764
north_america,2048.5,63.1127,35.5342,1.3531
north_america,2048.6,63.3720,35.2981,1.3299
north_america,2048.7,63.6306,35.0628,1.3066
north_america,2048.8,63.8886,34.8281,1.2833
north_america,2048.9,64.1458,34.5941,1.2601
north_america,2049.0,64.4024,34.3608,1.2368
north_america,2049.1,64.6582,34.1283,1.2135
north_america,2049.2,64.9133,33.8965,1.1902
north_america,2049.3,65.1677,33.6654,1.1669
north_america,2049.4,65.4214,33.4350,1.1436
north_america,2049.5,65.6742,33.2054,1.1203
north_america,2049.6,65.9264,32.9766,1.0971
north_america,2049.7,66.1777,32.7485,1.0738
north_america,2049.8,66.4283,32.5211,1.0506
north_america,2049.9,66.6781,32.2945,1.0274
north_america,2050.0,66.9271,32.0687,1.0042
south_america,2015.0,0.0000,100.0000,0.0000
south_america,2015.1,0.0000,100.0000,0.0000
south_america,2015.2,0.0000,100.0000,0.0000
south_america,2015.3,0.0000,100.0000,0.0000
south_america,2015.4,0.0000,99.9999,0.0001
south_america,2015.5,0.0000,99.9999,0.0001
south_america,2015.6,0.0000,99.9999,0.0001
south_america,2015.7,0.0000,99.9999,0.0001
south_america,2015.8,0.0000,99.9999,0.0001
south_america,2015.9,0.0000,99.9998,0.0001
south_america,2016.0,0.0000,99.9998,0.0002
south_america,2016.1,0.0000,99.9998,0.0002
south_america,2016.2,0.0000,99.9997,0.0003
south_america,2016.3,0.0000,99.9997,0.0003
south_america,2016.4,0.0000,99.9996,0.0004
south_america,2016.5,0.0000,99.9995,0.0005
south_america,2016.6,0.0001,99.9994,0.0005
south_america,2016.7,0.0001,99.9993,0.0006
south_america,2016.8,0.0001,99.9992,0.0008
south_america,2016.9,0.0001,99.9990,0.0009
south_america,2017.0,0.0001,99.9988,0.0011
south_america,2017.1,0.0002,99.9986,0.0012
south_america,2017.2,0.0002,99.9984,0.0014
south_america,2017.3,0.0002,99.9981,0.0017
south_america,2017.4,0.0003,99.9978,0.0020
south_america,2017.5,0.0004,99.9974,0.0023
south_america,2017.6,0.0004,99.9970,0.0026
south_america,2017.7,0.0005,99.9965,0.0031
south_america,2017.8,0.0006,99.9960,0.0035
south_america,2017.9,0.0007,99.9954,0.0041
south_america,2018.0,0.0009,99.9946,0.0047
south_america,2018.1,0.0010,99.9938,0.0053
south_america,2018.2,0.0012,99.9929,0.0061
south_america,2018.3,0.0014,99.9919,0.0070
south_america,2018.4,0.0016,99.9907,0.0080
south_america,2018.5,0.0019,99.9894,0.0090
south_america,2018.6,0.0022,99.9879,0.0103
south_america,2018.7,0.0026,99.9862,0.0116
south_america,2018.8,0.0030,99.9844,0.0132
south_america,2018.9,0.0035,99.9823,0.0149
south_america,2019.0,0.0040,99.9799,0.0168
south_america,2019.1,0.0046,99.9773,0.0189
south_america,2019.2,0.0053,99.9743,0.0212
south_america,2019.3,0.0061,99.9710,0.0238
south_america,2019.4,0.0070,99.9674,0.0266
south_america,2019.5,0.0081,99.9633,0.0298
south_america,2019.6,0.0092,99.9588,0.0333
south_america,2019.7,0.0105,99.9538,0.0371
south_america,2019.8,0.0120,99.9482,0.0414
south_america,2019.9,0.0136,99.9421,0.0460
south_america,2020.0,0.0155,99.9353,0.0511
south_america,2020.1,0.0176,99.9278,0.0568
south_america,2020.2,0.0199,99.9195,0.0629
south_america,2020.3,0.0225,99.9104,0.0696
south_america,2020.4,0.0254,99.9004,0.0769
south_america,2020.5,0.0287,99.8893,0.0850
south_america,2020.6,0.0324,99.8772,0.0937
south_america,2020.7,0.0365,99.8638,0.1032
south_america,2020.8,0.0412,99.8492,0.1135
south_america,2020.9,0.0464,99.8331,0.1248
south_america,2021.0,0.0522,99.8155,0.1370
south_america,2021.1,0.0587,99.7962,0.1502
south_america,2021.2,0.0659,99.7751,0.1646
south_america,2021.3,0.0741,99.7519,0.1801
south_america,2021.4,0.0832,99.7267,0.1969
south_america,2021.5,0.0933,99.6990,0.2150
south_america,2021.6,0.1045,99.6689,0.2345
south_america,2021.7,0.1171,99.6360,0.2556
south_america,2021.8,0.1310,99.6001,0.2783
south_america,2021.9,0.1464,99.5610,0.3027
south_america,2022.0,0.1635,99.5184,0.3290
south_america,2022.1,0.1824,99.4721,0.3572
south_america,2022.2,0.2033,99.4218,0.3874
south_america,2022.3,0.2263,99.3671,0.4198
south_america,2022.4,0.2517,99.3078,0.4545
south_america,2022.5,0.2796,99.2435,0.4917
south_america,2022.6,0.3103,99.1738,0.5314
south_america,2022.7,0.3440,99.0984,0.5738
south_america,2022.8,0.3808,99.0167,0.6190
south_america,2022.9,0.4212,98.9285,0.6673
south_america,2023.0,0.4653,98.8333,0.7186
south_america,2023.1,0.5135,98.7305,0.7733
south_america,2023.2,0.5660,98.6197,0.8314
south_america,2023.3,0.6232,98.5004,0.8931
south_america,2023.4,0.6855,98.3719,0.9585
south_america,2023.5,0.7531,98.2338,1.0281
south_america,2023.6,0.8266,98.0854,1.1033
south_america,2023.7,0.9064,97.9261,1.1830
south_america,2023.8,0.9927,97.7552,1.2675
south_america,2023.9,1.0863,97.5720,1.3569
south_america,2024.0,1.1874,97.3759,1.4513
south_america,2024.1,1.2968,97.1660,1.5512
south_america,2024.2,1.4148,96.9417,1.6565
south_america,2024.3,1.5422,96.7021,1.7675
south_america,2024.4,1.6794,96.4463,1.8844
south_america,2024.5,1.8272,96.1736,2.0074
south_america,2024.6,1.9863,95.8831,2.1366
south_america,2024.7,2.1573,95.5739,2.2723
south_america,2024.8,2.3410,95.2449,2.4146
south_america,2024.9,2.5382,94.8954,2.5664
south_america,2025.0,2.7498,94.5243,2.7260
south_america,2025.1,2.9765,94.1305,2.8929
south_america,2025.2,3.2194,93.7132,3.0674
south_america,2025.3,3.4794,93.2712,3.2494
south_america,2025.4,3.7575,92.8036,3.4389
south_america,2025.5,4.0547,92.3092,3.6362
south_america,2025.6,4.3721,91.7870,3.8410
south_america,2025.7,4.7108,91.2358,4.0533
south_america,2025.8,5.0721,90.6547,4.2731
south_america,2025.9,5.4572,90.0425,4.5003
south_america,2026.0,5.8673,89.3982,4.7345
south_america,2026.1,6.3038,88.7205,4.9757
south_america,2026.2,6.7679,88.0086,5.2235
south_america,2026.3,7.2612,87.2613,5.4775
south_america,2026.4,7.7851,86.4776,5.7374
south_america,2026.5,8.3409,85.6565,6.0026
south_america,2026.6,8.9303,84.7969,6.2727
south_america,2026.7,9.5548,83.8981,6.5471
south_america,2026.8,10.2160,82.9590,6.8250
south_america,2026.9,10.9153,81.9789,7.1058
south_america,2027.0,11.6545,80.9569,7.3886
south_america,2027.1,12.4350,79.8924,7.6725
south_america,2027.2,13.2586,78.7848,7.9566
south_america,2027.3,14.1267,77.6335,8.2399
south_america,2027.4,15.0408,76.4380,8.5211
south_america,2027.5,16.0025,75.1982,8.7993
south_america,2027.6,17.0133,73.9137,9.0730
south_america,2027.7,18.0743,72.5846,9.3411
south_america,2027.8,19.1870,71.2109,9.6022
south_america,2027.9,20.3523,69.7929,9.8548
south_america,2028.0,21.5714,68.3311,10.0975
south_america,2028.1,22.8451,66.8261,10.3288
south_america,2028.2,24.1740,65.2787,10.5473
south_america,2028.3,25.5586,63.6900,10.7514
south_america,2028.4,26.9991,62.0613,10.9396
south_america,2028.5,28.4954,60.3942,11.1104
south_america,2028.6,30.0472,58.6904,11.2624
south_america,2028.7,31.6538,56.9520,11.3942
south_america,2028.8,33.3142,55.1813,11.5045
south_america,2028.9,35.0270,53.3810,11.5920
south_america,2029.0,36.7905,51.5538,11.6557
south_america,2029.1,38.6022,49.7031,11.6947
south_america,2029.2,40.4597,47.8322,11.7081
south_america,2029.3,42.3598,45.9449,11.6953
south_america,2029.4,44.2988,44.0451,11.6561
south_america,2029.5,46.2727,42.1370,11.5903
south_america,2029.6,48.2768,40.2252,11.4980
south_america,2029.7,50.3061,38.3142,11.3797
south_america,2029.8,52.3551,36.4089,11.2360
south_america,2029.9,54.4177,34.5144,11.0679
south_america,2030.0,56.4877,32.6356,10.8767
south_america,2030.1,58.5582,30.7777,10.6641
south_america,2030.2,60.6221,28.9460,10.4319
south_america,2030.3,62.6721,27.1455,10.1823
south_america,2030.4,64.7008,25.3814,9.9178
south_america,2030.5,66.7004,23.6587,9.6409
south_america,2030.6,68.6634,21.9820,9.3545
south_america,2030.7,70.5823,20.3560,9.0617
south_america,2030.8,72.4497,18.7850,8.7653
south_america,2030.9,74.2587,17.2728,8.4685
south_america,2031.0,76.0026,15.8230,8.1744
south_america,2031.1,77.6755,14.4386,7.8858
south_america,2031.2,79.2720,13.1225,7.6056
south_america,2031.3,80.7873,11.8765,7.3362
south_america,2031.4,82.2177,10.7024,7.0799
south_america,2031.5,83.5602,9.6013,6.8385
south_america,2031.6,84.8130,8.5734,6.6136
south_america,2031.7,85.9750,7.6189,6.4061
south_america,2031.8,87.0463,6.7370,6.2166
south_america,2031.9,88.0280,5.9267,6.0453
south_america,2032.0,88.9220,5.1861,5.8919
south_america,2032.1,89.7313,4.5132,5.7556
south_america,2032.2,90.4595,3.9053,5.6352
south_america,2032.3,91.1112,3.3596,5.5292
south_america,2032.4,91.6913,2.8727,5.4360
south_america,2032.5,92.2054,2.4411,5.3535
south_america,2032.6,92.6593,2.0611,5.3107
south_america,2032.7,93.0589,1.7287,5.2817
south_america,2032.8,93.4103,1.4401,5.2441
south_america,2032.9,93.7194,1.1913,5.1980
south_america,2033.0,93.9920,0.9784,5.1439
south_america,2033.1,94.2334,0.7976,5.0822
south_america,2033.2,94.4487,0.6453,5.0135
south_america,2033.3,94.6422,0.5180,4.9382
south_america,2033.4,94.8182,0.4125,4.8568
south_america,2033.5,94.9801,0.3258,4.7699
south_america,2033.6,95.1309,0.2551,4.6781
south_america,2033.7,95.2730,0.1981,4.5818
south_america,2033.8,95.4087,0.1524,4.4817
south_america,2033.9,95.5395,0.1163,4.3782
south_america,2034.0,95.6666,0.0878,4.2719
south_america,2034.1,95.7911,0.0657,4.1632
south_america,2034.2,95.9136,0.0487,4.0526
south_america,2034.3,96.0347,0.0358,3.9405
south_america,2034.4,96.1546,0.0260,3.8273
south_america,2034.5,96.2735,0.0187,3.7134
south_america,2034.6,96.3915,0.0133,3.5990
south_america,2034.7,96.5087,0.0093,3.4845
south_america,2034.8,96.6251,0.0065,3.3701
south_america,2034.9,96.7405,0.0045,3.2562
south_america,2035.0,96.8549,0.0030,3.1428
south_america,2035.1,96.9682,0.0020,3.0302
south_america,2035.2,97.0803,0.0013,2.9187
south_america,2035.3,97.1910,0.0009,2.8082
south_america,2035.4,97.3004,0.0006,2.6991
south_america,2035.5,97.4082,0.0004,2.5915
south_america,2035.6,97.5144,0.0002,2.4854
south_america,2035.7,97.6189,0.0001,2.3809
south_america,2035.8,97.7216,0.0001,2.2783
south_america,2035.9,97.8223,0.0000,2.1776
south_america,2036.0,97.9211,0.0000,2.0789
south_america,2036.1,98.0177,0.0000,1.9823
south_america,2036.2,98.1121,0.0000,1.8879
south_america,2036.3,98.2043,0.0000,1.7957
south_america,2036.4,98.2942,0.0000,1.7058
south_america,2036.5,98.3817,0.0000,1.6183
south_america,2036.6,98.4667,0.0000,1.5333
south_america,2036.7,98.5493,0.0000,1.4507
south_america,2036.8,98.6293,0.0000,1.3707
south_america,2036.9,98.7067,0.0000,1.2933
south_america,2037.0,98.7815,0.0000,1.2185
south_america,2037.1,98.8537,0.0000,1.1463
south_america,2037.2,98.9232,0.0000,1.0768
south_america,2037.3,98.9900,0.0000,1.0100
south_america,2037.4,99.0542,0.0000,0.9458
south_america,2037.5,99.1157,0.0000,0.8843
south_america,2037.6,99.1746,0.0000,0.8254
south_america,2037.7,99.2308,0.0000,0.7692
south_america,2037.8,99.2844,0.0000,0.7156
south_america,2037.9,99.3354,0.0000,0.6646
south_america,2038.0,99.3838,0.0000,0.6162
south_america,2038.1,99.4298,0.0000,0.5702
south_america,2038.2,99.4733,0.0000,0.5267
south_america,2038.3,99.5143,0.0000,0.4857
south_america,2038.4,99.5530,0.0000,0.4470
south_america,2038.5,99.5895,0.0000,0.4105
south_america,2038.6,99.6237,0.0000,0.3763
south_america,2038.7,99.6557,0.0000,0.3443
south_america,2038.8,99.6857,0.0000,0.3143
south_america,2038.9,99.7136,0.0000,0.2864
south_america,2039.0,99.7396,0.0000,0.2604
south_america,2039.1,99.7638,0.0000,0.2362
south_america,2039.2,99.7862,0.0000,0.2138
south_america,2039.3,99.8069,0.0000,0.1931
south_america,2039.4,99.8260,0.0000,0.1740
south_america,2039.5,99.8436,0.0000,0.1564
south_america,2039.6,99.8597,0.0000,0.1403
south_america,2039.7,99.8745,0.0000,0.1255
south_america,2039.8,99.8880,0.0000,0.1120
south_america,2039.9,99.9003,0.0000,0.0997
south_america,2040.0,99.9114,0.0000,0.0886
south_america,2040.1,99.9216,0.0000,0.0784
south_america,2040.2,99.9307,0.0000,0.0693
south_america,2040.3,99.9389,0.0000,0.0611
south_america,2040.4,99.9464,0.0000,0.0536
south_america,2040.5,99.9530,0.0000,0.0470
south_america,2040.6,99.9589,0.0000,0.0411
south_america,2040.7,99.9642,0.0000,0.0358
south_america,2040.8,99.9689,0.0000,0.0311
south_america,2040.9,99.9731,0.0000,0.0269
south_america,2041.0,99.9768,0.0000,0.0232
south_america,2041.1,99.9800,0.0000,0.0200
south_america,2041.2,99.9828,0.0000,0.0172
south_america,2041.3,99.9853,0.0000,0.0147
south_america,2041.4,99.9875,0.0000,0.0125
south_america,2041.5,99.9894,0.0000,0.0106
south_america,2041.6,99.9910,0.0000,0.0090
south_america,2041.7,99.9924,0.0000,0.0076
south_america,2041.8,99.9936,0.0000,0.0064
south_america,2041.9,99.9946,0.0000,0.0054
south_america,2042.0,99.9955,0.0000,0.0045
south_america,2042.1,99.9963,0.0000,0.0037
south_america,2042.2,99.9969,0.0000,0.0031
south_america,2042.3,99.9975,0.0000,0.0025
south_america,2042.4,99.9979,0.0000,0.0021
south_america,2042.5,99.9983,0.0000,0.0017
south_america,2042.6,99.9986,0.0000,0.0014
south_america,2042.7,99.9989,0.0000,0.0011
south_america,2042.8,99.9991,0.0000,0.0009
south_america,2042.9,99.9993,0.0000,0.0007
south_america,2043.0,99.9994,0.0000,0.0006
south_america,2043.1,99.9995,0.0000,0.0005
south_america,2043.2,99.9996,0.0000,0.0004
south_america,2043.3,99.9997,0.0000,0.0003
south_america,2043.4,99.9998,0.0000,0.0002
south_america,2043.5,99.9998,0.0000,0.0002
south_america,2043.6,99.9999,0.0000,0.0001
south_america,2043.7,99.9999,0.0000,0.0001
south_america,2043.8,99.9999,0.0000,0.0001
south_america,2043.9,99.9999,0.0000,0.0001
south_america,2044.0,99.9999,0.0000,0.0001
south_america,2044.1,100.0000,0.0000,0.0000
south_america,2044.2,100.0000,0.0000,0.0000
south_america,2044.3,100.0000,0.0000,0.0000
south_america,2044.4,100.0000,0.0000,0.0000
south_america,2044.5,100.0000,0.0000,0.0000
south_america,2044.6,100.0000,0.0000,0.0000
south_america,2044.7,100.0000,0.0000,0.0000
south_america,2044.8,100.0000,0.0000,0.0000
south_america,2044.9,100.0000,0.0000,0.0000
south_america,2045.0,100.0000,0.0000,0.0000
south_america,2045.1,100.0000,0.0000,0.0000
south_america,2045.2,100.0000,0.0000,0.0000
south_america,2045.3,100.0000,0.0000,0.0000
south_america,2045.4,100.0000,0.0000,0.0000
south_america,2045.5,100.0000,0.0000,0.0000
south_america,2045.6,100.0000,0.0000,0.0000
south_america,2045.7,100.0000,0.0000,0.0000
south_america,2045.8,100.0000,0.0000,0.0000
south_america,2045.9,100.0000,0.0000,0.0000
south_america,2046.0,100.0000,0.0000,0.0000
south_america,2046.1,100.0000,0.0000,0.0000
south_america,2046.2,100.0000,0.0000,0.0000
south_america,2046.3,100.0000,0.0000,0.0000
south_america,2046.4,100.0000,0.0000,0.0000
south_america,2046.5,100.0000,0.0000,0.0000
south_america,2046.6,100.0000,0.0000,0.0000
south_america,2046.7,100.0000,0.0000,0.0000
south_america,2046.8,100.0000,0.0000,0.0000
south_america,2046.9,100.0000,0.0000,0.0000
south_america,2047.0,100.0000,0.0000,0.0000
south_america,2047.1,100.0000,0.0000,0.0000
south_america,2047.2,100.0000,0.0000,0.0000
south_america,2047.3,100.0000,0.0000,0.0000
south_america,2047.4,100.0000,0.0000,0.0000
south_america,2047.5,100.0000,0.0000,0.0000
south_america,2047.6,100.0000,0.0000,0.0000
south_america,2047.7,100.0000,0.0000,0.0000
south_america,2047.8,100.0000,0.0000,0.0000
south_america,2047.9,100.0000,0.0000,0.0000
south_america,2048.0,100.0000,0.0000,0.0000
south_america,2048.1,100.0000,0.0000,0.0000
south_america,2048.2,100.0000,0.0000,0.0000
south_america,2048.3,100.0000,0.0000,0.0000
south_america,2048.4,100.0000,0.0000,0.0000
south_america,2048.5,100.0000,0.0000,0.0000
south_america,2048.6,100.0000,0.0000,0.0000
south_america,2048.7,100.0000,0.0000,0.0000
south_america,2048.8,100.0000,0.0000,0.0000
south_america,2048.9,100.0000,0.0000,0.0000
south_america,2049.0,100.0000,0.0000,0.0000
south_america,2049.1,100.0000,0.0000,0.0000
south_america,2049.2,100.0000,0.0000,0.0000
south_america,2049.3,100.0000,0.0000,0.0000
south_america,2049.4,100.0000,0.0000,0.0000
south_america,2049.5,100.0000,0.0000,0.0000
south_america,2049.6,100.0000,0.0000,0.0000
south_america,2049.7,100.0000,0.0000,0.0000
south_america,2049.8,100.0000,0.0000,0.0000
south_america,2049.9,100.0000,0.0000,0.0000
south_america,2050.0,100.0000,0.0000,0.0000
americas,2015.0,0.3280,99.4848,0.1872
americas,2015.1,0.3460,99.4585,0.1955
americas,2015.2,0.3647,99.4314,0.2039
americas,2015.3,0.3841,99.4035,0.2124
americas,2015.4,0.4040,99.3748,0.2212
americas,2015.5,0.4246,99.3453,0.2301
americas,2015.6,0.4459,99.3150,0.2391
americas,2015.7,0.4678,99.2838,0.2484
americas,2015.8,0.4903,99.2519,0.2578
americas,2015.9,0.5136,99.2190,0.2674
americas,2016.0,0.5375,99.1854,0.2771
americas,2016.1,0.5621,99.1509,0.2870
americas,2016.2,0.5874,99.1155,0.2971
americas,2016.3,0.6134,99.0792,0.3073
americas,2016.4,0.6401,99.0421,0.3177
americas,2016.5,0.6676,99.0041,0.3283
americas,2016.6,0.6957,98.9653,0.3390
americas,2016.7,0.7246,98.9255,0.3499
americas,2016.8,0.7542,98.8848,0.3609
americas,2016.9,0.7846,98.8433,0.3721
americas,2017.0,0.8158,98.8008,0.3835
americas,2017.1,0.8477,98.7574,0.3950
americas,2017.2,0.8803,98.7131,0.4066
americas,2017.3,0.9138,98.6678,0.4184
americas,2017.4,0.9480,98.6217,0.4304
americas,2017.5,0.9830,98.5745,0.4425
americas,2017.6,1.0188,98.5265,0.4547
americas,2017.7,1.0554,98.4775,0.4671
americas,2017.8,1.0929,98.4275,0.4796
americas,2017.9,1.1311,98.3766,0.4923
americas,2018.0,1.1702,98.3247,0.5052
americas,2018.1,1.2101,98.2718,0.5181
americas,2018.2,1.2509,98.2179,0.5313
americas,2018.3,1.2924,98.1631,0.5445
americas,2018.4,1.3349,98.1072,0.5580
americas,2018.5,1.3782,98.0504,0.5715
americas,2018.6,1.4224,97.9925,0.5852
americas,2018.7,1.4674,97.9336,0.5991
americas,2018.8,1.5133,97.8737,0.6130
americas,2018.9,1.5601,97.8128,0.6272
americas,2019.0,1.6078,97.7508,0.6415
americas,2019.1,1.6564,97.6878,0.6559
americas,2019.2,1.7060,97.6237,0.6705
americas,2019.3,1.7564,97.5586,0.6852
americas,2019.4,1.8077,97.4924,0.7001
americas,2019.5,1.8600,97.4251,0.7151
americas,2019.6,1.9132,97.3567,0.7303
americas,2019.7,1.9674,97.2872,0.7456
americas,2019.8,2.0225,97.2166,0.7611
americas,2019.9,2.0786,97.1449,0.7767
americas,2020.0,2.1357,97.0721,0.7926
americas,2020.1,2.1937,96.9981,0.8085
americas,2020.2,2.2527,96.9229,0.8247
americas,2020.3,2.3127,96.8466,0.8410
americas,2020.4,2.3738,96.7691,0.8576
americas,2020.5,2.4358,96.6904,0.8743
americas,2020.6,2.4989,96.6105,0.8912
americas,2020.7,2.5630,96.5293,0.9083
americas,2020.8,2.6281,96.4469,0.9256
americas,2020.9,2.6944,96.3632,0.9431
americas,2021.0,2.7617,96.2782,0.9608
americas,2021.1,2.8301,96.1919,0.9788
americas,2021.2,2.8996,96.1042,0.9970
americas,2021.3,2.9703,96.0152,1.0154
americas,2021.4,3.0421,95.9248,1.0341
americas,2021.5,3.1151,95.8329,1.0531
americas,2021.6,3.1893,95.7396,1.0724
americas,2021.7,3.2646,95.6448,1.0919
americas,2021.8,3.3412,95.5484,1.1118
americas,2021.9,3.4191,95.4505,1.1319
americas,2022.0,3.4983,95.3510,1.1524
americas,2022.1,3.5787,95.2498,1.1733
americas,2022.2,3.6605,95.1469,1.1945
americas,2022.3,3.7437,95.0423,1.2160
americas,2022.4,3.8283,94.9359,1.2380
americas,2022.5,3.9143,94.8276,1.2604
americas,2022.6,4.0018,94.7174,1.2832
americas,2022.7,4.0908,94.6053,1.3064
americas,2022.8,4.1813,94.4911,1.3302
americas,2022.9,4.2734,94.3748,1.3544
americas,2023.0,4.3672,94.2564,1.3791
americas,2023.1,4.4627,94.1357,1.4043
americas,2023.2,4.5599,94.0126,1.4301
americas,2023.3,4.6589,93.8872,1.4565
americas,2023.4,4.7597,93.7593,1.4834
americas,2023.5,4.8625,93.6288,1.5110
americas,2023.6,4.9672,93.4956,1.5395
americas,2023.7,5.0740,93.3597,1.5687
americas,2023.8,5.1829,93.2209,1.5986
americas,2023.9,5.2939,93.0791,1.6293
americas,2024.0,5.4073,92.9342,1.6608
americas,2024.1,5.5230,92.7861,1.6930
americas,2024.2,5.6411,92.6348,1.7262
americas,2024.3,5.7617,92.4799,1.7602
americas,2024.4,5.8850,92.3215,1.7951
americas,2024.5,6.0110,92.1594,1.8309
americas,2024.6,6.1398,91.9935,1.8676
americas,2024.7,6.2716,91.8236,1.9054
americas,2024.8,6.4064,91.6496,1.9441
americas,2024.9,6.5444,91.4713,1.9843
americas,2025.0,6.6858,91.2886,2.0256
americas,2025.1,6.8306,91.1013,2.0681
americas,2025.2,6.9790,90.9094,2.1117
americas,2025.3,7.1311,90.7125,2.1564
americas,2025.4,7.2871,90.5106,2.2022
americas,2025.5,7.4472,90.3035,2.2492
americas,2025.6,7.6116,90.0911,2.2973
americas,2025.7,7.7803,89.8731,2.3466
americas,2025.8,7.9537,89.6494,2.3969
americas,2025.9,8.1318,89.4199,2.4483
americas,2026.0,8.3149,89.1843,2.5008
americas,2026.1,8.5032,88.9426,2.5542
americas,2026.2,8.6969,88.6945,2.6087
americas,2026.3,8.8962,88.4398,2.6640
americas,2026.4,9.1013,88.1785,2.7202
americas,2026.5,9.3125,87.9104,2.7771
americas,2026.6,9.5300,87.6353,2.8347
americas,2026.7,9.7540,87.3531,2.8929
americas,2026.8,9.9848,87.0636,2.9516
americas,2026.9,10.2227,86.7668,3.0106
americas,2027.0,10.4677,86.4624,3.0698
americas,2027.1,10.7204,86.1505,3.1292
americas,2027.2,10.9807,85.8308,3.1885
americas,2027.3,11.2491,85.5034,3.2475
americas,2027.4,11.5257,85.1682,3.3062
americas,2027.5,11.8107,84.8250,3.3642
americas,2027.6,12.1045,84.4740,3.4215
americas,2027.7,12.4071,84.1151,3.4778
americas,2027.8,12.7188,83.7483,3.5330
americas,2027.9,13.0398,83.3736,3.5867
americas,2028.0,13.3701,82.9911,3.6387
americas,2028.1,13.7100,82.6010,3.6889
americas,2028.2,14.0596,82.2034,3.7370
americas,2028.3,14.4189,81.7984,3.7827
americas,2028.4,14.7879,81.3863,3.8259
americas,2028.5,15.1666,80.9672,3.8662
americas,2028.6,15.5550,80.5415,3.9035
americas,2028.7,15.9529,80.1095,3.9376
americas,2028.8,16.3603,79.6716,3.9681
americas,2028.9,16.7768,79.2281,3.9951
americas,2029.0,17.2023,78.7795,4.0182
americas,2029.1,17.6363,78.3264,4.0373
americas,2029.2,18.0784,77.8692,4.0524
americas,2029.3,18.5282,77.4086,4.0632
americas,2029.4,18.9851,76.9451,4.0698
americas,2029.5,19.4484,76.4794,4.0722
americas,2029.6,19.9175,76.0123,4.0702
americas,2029.7,20.3915,75.5444,4.0642
americas,2029.8,20.8696,75.0764,4.0540
americas,2029.9,21.3508,74.6093,4.0399
americas,2030.0,21.8343,74.1437,4.0220
americas,2030.1,22.3188,73.6805,4.0007
americas,2030.2,22.8033,73.2205,3.9762
americas,2030.3,23.2867,72.7644,3.9489
americas,2030.4,23.7678,72.3132,3.9190
americas,2030.5,24.2454,71.8674,3.8871
americas,2030.6,24.7184,71.4280,3.8536
americas,2030.7,25.1855,70.9956,3.8188
americas,2030.8,25.6457,70.5709,3.7834
americas,2030.9,26.0978,70.1545,3.7477
americas,2031.0,26.5408,69.7469,3.7122
americas,2031.1,26.9738,69.3487,3.6775
americas,2031.2,27.3959,68.9602,3.6438
americas,2031.3,27.8065,68.5818,3.6117
americas,2031.4,28.2049,68.2138,3.5814
americas,2031.5,28.5906,67.8562,3.5532
americas,2031.6,28.9634,67.5092,3.5274
americas,2031.7,29.3230,67.1729,3.5041
americas,2031.8,29.6696,66.8470,3.4834
americas,2031.9,30.0033,66.5314,3.4653
americas,2032.0,30.3243,66.2259,3.4498
americas,2032.1,30.6331,65.9301,3.4368
americas,2032.2,30.9303,65.6437,3.4260
americas,2032.3,31.2165,65.3662,3.4173
americas,2032.4,31.4926,65.0971,3.4103
americas,2032.5,31.7594,64.8358,3.4048
americas,2032.6,32.0177,64.5818,3.4053
americas,2032.7,32.2686,64.3345,3.4077
americas,2032.8,32.5128,64.0933,3.4085
americas,2032.9,32.7514,63.8575,3.4079
americas,2033.0,32.9853,63.6267,3.4058
americas,2033.1,33.2151,63.4001,3.4023
americas,2033.2,33.4418,63.1773,3.3975
americas,2033.3,33.6660,62.9578,3.3914
americas,2033.4,33.8884,62.7409,3.3843
americas,2033.5,34.1094,62.5264,3.3760
americas,2033.6,34.3295,62.3136,3.3668
americas,2033.7,34.5491,62.1024,3.3567
americas,2033.8,34.7685,61.8924,3.3457
americas,2033.9,34.9880,61.6831,3.3341
americas,2034.0,35.2078,61.4745,3.3217
americas,2034.1,35.4280,61.2663,3.3088
americas,2034.2,35.6486,61.0583,3.2954
americas,2034.3,35.8698,60.8504,3.2815
americas,2034.4,36.0917,60.6423,3.2672
americas,2034.5,36.3141,60.4341,3.2526
americas,2034.6,36.5372,60.2257,3.2377
americas,2034.7,36.7609,60.0169,3.2226
americas,2034.8,36.9853,59.8078,3.2072
americas,2034.9,37.2102,59.5983,3.1917
americas,2035.0,37.4357,59.3883,3.1761
americas,2035.1,37.6618,59.1779,3.1603
americas,2035.2,37.8884,58.9671,3.1445
americas,2035.3,38.1156,58.7558,3.1286
americas,2035.4,38.3432,58.5441,3.1127
americas,2035.5,38.5713,58.3318,3.0969
americas,2035.6,38.7998,58.1192,3.0810
americas,2035.7,39.0288,57.9061,3.0651
americas,2035.8,39.2581,57.6925,3.0493
americas,2035.9,39.4878,57.4786,3.0336
americas,2036.0,39.7179,57.2642,3.0179
americas,2036.1,39.9483,57.0493,3.0024
americas,2036.2,40.1789,56.8341,2.9869
americas,2036.3,40.4099,56.6185,2.9716
americas,2036.4,40.6411,56.4024,2.9564
americas,2036.5,40.8726,56.1860,2.9414
americas,2036.6,41.1043,55.9692,2.9264
americas,2036.7,41.3362,55.7521,2.9117
americas,2036.8,41.5683,55.5346,2.8971
americas,2036.9,41.8006,55.3167,2.8827
americas,2037.0,42.0330,55.0985,2.8684
americas,2037.1,42.2656,54.8800,2.8544
americas,2037.2,42.4984,54.6611,2.8405
americas,2037.3,42.7312,54.4420,2.8268
americas,2037.4,42.9642,54.2225,2.8133
americas,2037.5,43.1973,54.0027,2.8000
americas,2037.6,43.4305,53.7827,2.7868
americas,2037.7,43.6638,53.5624,2.7738
americas,2037.8,43.8972,53.3418,2.7611
americas,2037.9,44.1306,53.1209,2.7485
americas,2038.0,44.3642,52.8998,2.7360
americas,2038.1,44.5978,52.6785,2.7237
americas,2038.2,44.8315,52.4569,2.7116
americas,2038.3,45.0653,52.2351,2.6996
americas,2038.4,45.2991,52.0131,2.6878
americas,2038.5,45.5330,51.7909,2.6761
americas,2038.6,45.7670,51.5684,2.6645
americas,2038.7,46.0011,51.3459,2.6531
americas,2038.8,46.2352,51.1231,2.6417
americas,2038.9,46.4694,50.9001,2.6305
americas,2039.0,46.7037,50.6770,2.6193
americas,2039.1,46.9381,50.4538,2.6082
americas,2039.2,47.1725,50.2304,2.5971
americas,2039.3,47.4070,50.0069,2.5861
americas,2039.4,47.6417,49.7832,2.5751
americas,2039.5,47.8764,49.5595,2.5641
americas,2039.6,48.1112,49.3356,2.5532
americas,2039.7,48.3461,49.1116,2.5423
americas,2039.8,48.5811,48.8876,2.5313
americas,2039.9,48.8162,48.6635,2.5203
americas,2040.0,49.0514,48.4393,2.5093
americas,2040.1,49.2867,48.2150,2.4982
americas,2040.2,49.5221,47.9907,2.4871
americas,2040.3,49.7577,47.7664,2.4759
americas,2040.4,49.9933,47.5420,2.4647
americas,2040.5,50.2290,47.3176,2.4534
americas,2040.6,50.4648,47.0932,2.4419
americas,2040.7,50.7008,46.8688,2.4304
americas,2040.8,50.9368,46.6444,2.4188
americas,2040.9,51.1730,46.4200,2.4070
americas,2041.0,51.4092,46.1956,2.3952
americas,2041.1,51.6455,45.9713,2.3832
americas,2041.2,51.8820,45.7469,2.3711
americas,2041.3,52.1185,45.5227,2.3588
americas,2041.4,52.3551,45.2985,2.3465
americas,2041.5,52.5917,45.0743,2.3339
americas,2041.6,52.8285,44.8503,2.3213
americas,2041.7,53.0653,44.6263,2.3085
americas,2041.8,53.3021,44.4024,2.2955
americas,2041.9,53.5390,44.1786,2.2824
americas,2042.0,53.7760,43.9549,2.2691
americas,2042.1,54.0130,43.7313,2.2557
americas,2042.2,54.2500,43.5079,2.2421
americas,2042.3,54.4870,43.2846,2.2284
americas,2042.4,54.7241,43.0614,2.2145
americas,2042.5,54.9612,42.8384,2.2004
americas,2042.6,55.1982,42.6155,2.1863
americas,2042.7,55.4352,42.3929,2.1719
americas,2042.8,55.6723,42.1703,2.1574
americas,2042.9,55.9093,41.9480,2.1427
americas,2043.0,56.1462,41.7259,2.1279
americas,2043.1,56.3831,41.5039,2.1130
americas,2043.2,56.6199,41.2822,2.0979
americas,2043.3,56.8567,41.0607,2.0826
americas,2043.4,57.0934,40.8394,2.0672
americas,2043.5,57.3300,40.6184,2.0517
americas,2043.6,57.5664,40.3976,2.0360
americas,2043.7,57.8028,40.1770,2.0202
americas,2043.8,58.0391,39.9567,2.0042
americas,2043.9,58.2752,39.7367,1.9881
americas,2044.0,58.5112,39.5169,1.9719
americas,2044.1,58.7470,39.2975,1.9555
americas,2044.2,58.9827,39.0783,1.9390
americas,2044.3,59.2182,38.8594,1.9224
americas,2044.4,59.4536,38.6408,1.9057
americas,2044.5,59.6887,38.4225,1.8888
americas,2044.6,59.9236,38.2046,1.8718
americas,2044.7,60.1584,37.9869,1.8547
americas,2044.8,60.3929,37.7696,1.8375
americas,2044.9,60.6271,37.5527,1.8202
americas,2045.0,60.8612,37.3361,1.8027
americas,2045.1,61.0950,37.1198,1.7852
americas,2045.2,61.3285,36.9040,1.7675
americas,2045.3,61.5617,36.6885,1.7498
americas,2045.4,61.7947,36.4733,1.7320
americas,2045.5,62.0274,36.2586,1.7140
americas,2045.6,62.2598,36.0443,1.6960
americas,2045.7,62.4919,35.8303,1.6778
americas,2045.8,62.7236,35.6168,1.6596
americas,2045.9,62.9550,35.4037,1.6413
americas,2046.0,63.1861,35.1910,1.6229
americas,2046.1,63.4169,34.9787,1.6044
americas,2046.2,63.6473,34.7668,1.5859
americas,2046.3,63.8773,34.5554,1.5673
americas,2046.4,64.1069,34.3445,1.5486
americas,2046.5,64.3362,34.1340,1.5298
americas,2046.6,64.5651,33.9240,1.5109
americas,2046.7,64.7935,33.7144,1.4920
americas,2046.8,65.0216,33.5053,1.4731
americas,2046.9,65.2492,33.2967,1.4540
americas,2047.0,65.4764,33.0886,1.4349
americas,2047.1,65.7032,32.8810,1.4158
americas,2047.2,65.9295,32.6739,1.3966
americas,2047.3,66.1554,32.4672,1.3774
americas,2047.4,66.3808,32.2611,1.3581
americas,2047.5,66.6057,32.0556,1.3387
americas,2047.6,66.8301,31.8505,1.3194
americas,2047.7,67.0541,31.6460,1.2999
americas,2047.8,67.2775,31.4420,1.2805
americas,2047.9,67.5005,31.2385,1.2610
americas,2048.0,67.7229,31.0356,1.2415
americas,2048.1,67.9448,30.8333,1.2219
americas,2048.2,68.1662,30.6315,1.2024
americas,2048.3,68.3870,30.4302,1.1828
americas,2048.4,68.6073,30.2296,1.1632
americas,2048.5,68.8270,30.0295,1.1435
americas,2048.6,69.0461,29.8300,1.1239
americas,2048.7,69.2647,29.6311,1.1042
americas,2048.8,69.4827,29.4328,1.0845
americas,2048.9,69.7001,29.2350,1.0649
americas,2049.0,69.9169,29.0379,1.0452
americas,2049.1,70.1331,28.8414,1.0255
americas,2049.2,70.3487,28.6455,1.0058
americas,2049.3,70.5637,28.4502,0.9861
americas,2049.4,70.7780,28.2555,0.9664
americas,2049.5,70.9917,28.0615,0.9468
americas,2049.6,71.2048,27.8681,0.9271
americas,2049.7,71.4172,27.6753,0.9075
americas,2049.8,71.6290,27.4832,0.8878
americas,2049.9,71.8401,27.2917,0.8682
americas,2050.0,72.0505,27.1008,0.8486
asia,2015.0,0.4648,99.6311,0.0492
asia,2015.1,0.4984,99.6012,0.0506
asia,2015.2,0.5338,99.5694,0.0519
asia,2015.3,0.5710,99.5353,0.0533
asia,2015.4,0.6102,99.4990,0.0546
asia,2015.5,0.6515,99.4604,0.0559
asia,2015.6,0.6948,99.4192,0.0573
asia,2015.7,0.7403,99.3754,0.0586
asia,2015.8,0.7880,99.3288,0.0600
asia,2015.9,0.8380,99.2794,0.0613
asia,2016.0,0.8904,99.2269,0.0626
asia,2016.1,0.9453,99.1712,0.0639
asia,2016.2,1.0027,99.1122,0.0653
asia,2016.3,1.0627,99.0498,0.0666
asia,2016.4,1.1254,98.9837,0.0679
asia,2016.5,1.1908,98.9138,0.0692
asia,2016.6,1.2591,98.8399,0.0705
asia,2016.7,1.3304,98.7619,0.0718
asia,2016.8,1.4046,98.6797,0.0731
asia,2016.9,1.4820,98.5929,0.0744
asia,2017.0,1.5625,98.5014,0.0757
asia,2017.1,1.6463,98.4052,0.0769
asia,2017.2,1.7335,98.3038,0.0782
asia,2017.3,1.8241,98.1973,0.0795
asia,2017.4,1.9182,98.0853,0.0807
asia,2017.5,2.0159,97.9676,0.0820
asia,2017.6,2.1174,97.8441,0.0832
asia,2017.7,2.2226,97.7145,0.0845
asia,2017.8,2.3318,97.5787,0.0896
asia,2017.9,2.4449,97.4363,0.1188
asia,2018.0,2.5621,97.2873,0.1507
asia,2018.1,2.6834,97.1313,0.1854
asia,2018.2,2.8090,96.9681,0.2230
asia,2018.3,2.9390,96.7974,0.2637
asia,2018.4,3.0733,96.6192,0.3076
asia,2018.5,3.2123,96.4330,0.3548
asia,2018.6,3.3559,96.2387,0.4056
asia,2018.7,3.5042,96.0360,0.4599
asia,2018.8,3.6573,95.8247,0.5181
asia,2018.9,3.8153,95.6045,0.5803
asia,2019.0,3.9784,95.3752,0.6466
asia,2019.1,4.1466,95.1365,0.7171
asia,2019.2,4.3200,94.8881,0.7921
asia,2019.3,4.4987,94.6299,0.8716
asia,2019.4,4.6829,94.3615,0.9559
asia,2019.5,4.8725,94.0827,1.0451
asia,2019.6,5.0678,93.7932,1.1393
asia,2019.7,5.2687,93.4929,1.2388
asia,2019.8,5.4755,93.1813,1.3436
asia,2019.9,5.6881,92.8584,1.4539
asia,2020.0,5.9067,92.5238,1.5699
asia,2020.1,6.1315,92.1773,1.6917
asia,2020.2,6.3624,91.8186,1.8195
asia,2020.3,6.5995,91.4476,1.9534
asia,2020.4,6.8431,91.0639,2.0936
asia,2020.5,7.0931,90.6674,2.2401
asia,2020.6,7.3497,90.2578,2.3932
asia,2020.7,7.6130,89.8349,2.5529
asia,2020.8,7.8830,89.3986,2.7193
asia,2020.9,8.1598,88.9485,2.8926
asia,2021.0,8.4435,88.4845,3.0729
asia,2021.1,8.7343,88.0065,3.2602
asia,2021.2,9.0321,87.5142,3.4547
asia,2021.3,9.3372,87.0075,3.6564
asia,2021.4,9.6495,86.4862,3.8654
asia,2021.5,9.9692,85.9503,4.0818
asia,2021.6,10.2963,85.3994,4.3056
asia,2021.7,10.6309,84.8337,4.5368
asia,2021.8,10.9731,84.2528,4.7755
asia,2021.9,11.3230,83.6569,5.0216
asia,2022.0,11.6806,83.0457,5.2752
asia,2022.1,12.0461,82.4193,5.5362
asia,2022.2,12.4194,81.7775,5.8047
asia,2022.3,12.8007,81.1205,6.0805
asia,2022.4,13.1900,80.4481,6.3635
asia,2022.5,13.5874,79.7605,6.6538
asia,2022.6,13.9929,79.0575,6.9512
asia,2022.7,14.4067,78.3394,7.2556
asia,2022.8,14.8287,77.6062,7.5668
asia,2022.9,15.2590,76.8580,7.8847
asia,2023.0,15.6977,76.0949,8.2092
asia,2023.1,16.1448,75.3171,8.5399
asia,2023.2,16.6003,74.5247,8.8767
asia,2023.3,17.0644,73.7179,9.2193
asia,2023.4,17.5370,72.8970,9.5675
asia,2023.5,18.0182,72.0622,9.9210
asia,2023.6,18.5079,71.2138,10.2794
asia,2023.7,19.0063,70.3521,10.6425
asia,2023.8,19.5134,69.4773,11.0100
asia,2023.9,20.0291,68.5900,11.3813
asia,2024.0,20.5536,67.6903,11.7561
asia,2024.1,21.0867,66.7787,12.1346
asia,2024.2,21.6286,65.8557,12.5157
asia,2024.3,22.1791,64.9217,12.8992
asia,2024.4,22.7384,63.9771,13.2844
asia,2024.5,23.3065,63.0225,13.6710
asia,2024.6,23.8832,62.0584,14.0584
asia,2024.7,24.4686,61.0853,14.4461
asia,2024.8,25.0626,60.1038,14.8336
asia,2024.9,25.6653,59.1145,15.2202
asia,2025.0,26.2766,58.1180,15.6054
asia,2025.1,26.8964,57.1150,15.9886
asia,2025.2,27.5247,56.1060,16.3692
asia,2025.3,28.1615,55.0918,16.7466
asia,2025.4,28.8067,54.0731,17.1202
asia,2025.5,29.4601,53.0506,17.4892
asia,2025.6,30.1218,52.0251,17.8531
asia,2025.7,30.7916,50.9972,18.2112
asia,2025.8,31.4694,49.9677,18.5629
asia,2025.9,32.1551,48.9375,18.9075
asia,2026.0,32.8485,47.9072,19.2442
asia,2026.1,33.5496,46.8779,19.5726
asia,2026.2,34.2580,45.8502,19.8918
asia,2026.3,34.9738,44.8250,20.2013
asia,2026.4,35.6965,43.8031,20.5003
asia,2026.5,36.4262,42.7855,20.7883
asia,2026.6,37.1624,41.7730,21.0646
asia,2026.7,37.9049,40.7664,21.3286
asia,2026.8,38.6535,39.7668,21.5797
asia,2026.9,39.4079,38.7749,21.8172
asia,2027.0,40.1676,37.7917,22.0406
asia,2027.1,40.9324,36.8182,22.2494
asia,2027.2,41.7019,35.8552,22.4429
asia,2027.3,42.4756,34.9037,22.6207
asia,2027.4,43.2531,33.9646,22.7823
asia,2027.5,44.0340,33.0388,22.9273
asia,2027.6,44.8177,32.1272,23.0551
asia,2027.7,45.6037,31.2309,23.1654
asia,2027.8,46.3915,30.3506,23.2579
asia,2027.9,47.1805,29.4872,23.3323
asia,2028.0,47.9702,28.6416,23.3882
asia,2028.1,48.7599,27.8147,23.4255
asia,2028.2,49.5490,27.0071,23.4439
asia,2028.3,50.3369,26.2197,23.4434
asia,2028.4,51.1230,25.4530,23.4240
asia,2028.5,51.9067,24.7078,23.3855
asia,2028.6,52.6873,23.9845,23.3281
asia,2028.7,53.4643,23.2837,23.2520
asia,2028.8,54.2371,22.6057,23.1573
asia,2028.9,55.0051,21.9507,23.0442
asia,2029.0,55.7679,21.3190,22.9132
asia,2029.1,56.5249,20.7106,22.7645
asia,2029.2,57.2758,20.1256,22.5986
asia,2029.3,58.0201,19.5638,22.4161
asia,2029.4,58.7575,19.0250,22.2175
asia,2029.5,59.4878,18.5089,22.0033
asia,2029.6,60.2107,18.0151,21.7742
asia,2029.7,60.9260,17.5432,21.5308
asia,2029.8,61.6336,17.0926,21.2738
asia,2029.9,62.3333,16.6628,21.0039
asia,2030.0,63.0251,16.2532,20.7218
asia,2030.1,63.7089,15.8630,20.4281
asia,2030.2,64.3846,15.4918,20.1236
asia,2030.3,65.0524,15.1387,19.8105
asia,2030.4,65.7121,14.8032,19.4877
asia,2030.5,66.3638,14.4845,19.1561
asia,2030.6,67.0074,14.1820,18.8161
asia,2030.7,67.6428,13.8951,18.4686
asia,2030.8,68.2701,13.6232,18.1142
asia,2030.9,68.8892,13.3656,17.7535
asia,2031.0,69.5000,13.1217,17.3873
asia,2031.1,70.1024,12.8911,17.0162
asia,2031.2,70.6963,12.6730,16.6408
asia,2031.3,71.2816,12.4670,16.2618
asia,2031.4,71.8582,12.2725,15.8800
asia,2031.5,72.4260,12.0890,15.4959
asia,2031.6,72.9848,11.9159,15.1103
asia,2031.7,73.5346,11.7527,14.7238
asia,2031.8,74.0751,11.5989,14.3369
asia,2031.9,74.6063,11.4541,13.9504
asia,2032.0,75.1282,11.3177,13.5648
asia,2032.1,75.6404,11.1893,13.1807
asia,2032.2,76.1431,11.0683,12.7986
asia,2032.3,76.6361,10.9545,12.4191
asia,2032.4,77.1193,10.8474,12.0427
asia,2032.5,77.5927,10.7465,11.6698
asia,2032.6,78.0561,10.6514,11.3009
asia,2032.7,78.5096,10.5619,10.9365
asia,2032.8,78.9531,10.4776,10.5768
asia,2032.9,79.3867,10.3981,10.2223
asia,2033.0,79.8101,10.3232,9.8734
asia,2033.1,80.2236,10.2525,9.5302
asia,2033.2,80.6269,10.1857,9.1931
asia,2033.3,81.0203,10.1227,8.8624
asia,2033.4,81.4036,10.0631,8.5382
asia,2033.5,81.7769,10.0068,8.2208
asia,2033.6,82.1403,9.9535,7.9103
asia,2033.7,82.4937,9.9031,7.6070
asia,2033.8,82.8372,9.8553,7.3108
asia,2033.9,83.1710,9.8101,7.0220
asia,2034.0,83.4950,9.7672,6.7405
asia,2034.1,83.8094,9.7265,6.4665
asia,2034.2,84.1142,9.6879,6.2001
asia,2034.3,84.4095,9.6513,5.9411
asia,2034.4,84.6954,9.6166,5.6897
asia,2034.5,84.9720,9.5836,5.4458
asia,2034.6,85.2396,9.5523,5.2095
asia,2034.7,85.4980,9.5226,4.9805
asia,2034.8,85.7476,9.4943,4.7590
asia,2034.9,85.9885,9.4675,4.5448
asia,2035.0,86.2207,9.4421,4.3379
asia,2035.1,86.4445,9.4180,4.1382
asia,2035.2,86.6599,9.3951,3.9455
asia,2035.3,86.8673,9.3734,3.7598
asia,2035.4,87.0666,9.3528,3.5810
asia,2035.5,87.2582,9.3332,3.4089
asia,2035.6,87.4421,9.3147,3.2434
asia,2035.7,87.6186,9.2972,3.0844
asia,2035.8,87.7878,9.2806,2.9318
asia,2035.9,87.9500,9.2649,2.7853
asia,2036.0,88.1052,9.2500,2.6449
asia,2036.1,88.2538,9.2359,2.5104
asia,2036.2,88.3959,9.2226,2.3816
asia,2036.3,88.5316,9.2100,2.2585
asia,2036.4,88.6612,9.1981,2.1407
asia,2036.5,88.7849,9.1868,2.0283
asia,2036.6,88.9029,9.1761,1.9210
asia,2036.7,89.0153,9.1660,1.8187
asia,2036.8,89.1224,9.1564,1.7212
asia,2036.9,89.2243,9.1473,1.6284
asia,2037.0,89.3212,9.1387,1.5401
asia,2037.1,89.4134,9.1305,1.4561
asia,2037.2,89.5009,9.1227,1.3763
asia,2037.3,89.5841,9.1153,1.3006
asia,2037.4,89.6630,9.1083,1.2288
asia,2037.5,89.7378,9.1015,1.1607
asia,2037.6,89.8087,9.0951,1.0962
asia,2037.7,89.8759,9.0889,1.0352
asia,2037.8,89.9395,9.0830,0.9775
asia,2037.9,89.9997,9.0773,0.9230
asia,2038.0,90.0567,9.0718,0.8715
asia,2038.1,90.1106,9.0665,0.8229
asia,2038.2,90.1615,9.0613,0.7772
asia,2038.3,90.2096,9.0563,0.7340
asia,2038.4,90.2551,9.0514,0.6935
asia,2038.5,90.2980,9.0467,0.6553
asia,2038.6,90.3385,9.0421,0.6194
asia,2038.7,90.3767,9.0375,0.5857
asia,2038.8,90.4128,9.0331,0.5541
asia,2038.9,90.4468,9.0287,0.5245
asia,2039.0,90.4789,9.0244,0.4967
asia,2039.1,90.5091,9.0201,0.4708
asia,2039.2,90.5377,9.0159,0.4464
asia,2039.3,90.5646,9.0117,0.4237
asia,2039.4,90.5899,9.0076,0.4025
asia,2039.5,90.6138,9.0035,0.3827
asia,2039.6,90.6364,8.9994,0.3642
asia,2039.7,90.6577,8.9954,0.3469
asia,2039.8,90.6778,8.9913,0.3309
asia,2039.9,90.6968,8.9873,0.3159
asia,2040.0,90.7147,8.9833,0.3020
asia,2040.1,90.7316,8.9793,0.2891
asia,2040.2,90.7476,8.9753,0.2771
asia,2040.3,90.7628,8.9714,0.2659
asia,2040.4,90.7771,8.9674,0.2555
asia,2040.5,90.7907,8.9634,0.2459
asia,2040.6,90.8036,8.9594,0.2369
asia,2040.7,90.8159,8.9555,0.2287
asia,2040.8,90.8275,8.9515,0.2210
asia,2040.9,90.8386,8.9475,0.2138
asia,2041.0,90.8492,8.9436,0.2072
asia,2041.1,90.8593,8.9396,0.2011
asia,2041.2,90.8689,8.9357,0.1954
asia,2041.3,90.8782,8.9317,0.1902
asia,2041.4,90.8870,8.9277,0.1853
asia,2041.5,90.8955,8.9238,0.1807
asia,2041.6,90.9037,8.9198,0.1765
asia,2041.7,90.9116,8.9158,0.1726
asia,2041.8,90.9192,8.9118,0.1689
asia,2041.9,90.9266,8.9079,0.1655
asia,2042.0,90.9338,8.9039,0.1624
asia,2042.1,90.9407,8.8999,0.1594
asia,2042.2,90.9474,8.8959,0.1566
asia,2042.3,90.9540,8.8919,0.1541
asia,2042.4,90.9604,8.8879,0.1516
asia,2042.5,90.9667,8.8840,0.1493
asia,2042.6,90.9729,8.8800,0.1472
asia,2042.7,90.9789,8.8760,0.1451
asia,2042.8,90.9848,8.8720,0.1432
asia,2042.9,90.9907,8.8680,0.1414
asia,2043.0,90.9964,8.8640,0.1396
asia,2043.1,91.0021,8.8600,0.1380
asia,2043.2,91.0077,8.8560,0.1364
asia,2043.3,91.0132,8.8520,0.1348
asia,2043.4,91.0187,8.8479,0.1334
asia,2043.5,91.0241,8.8439,0.1319
asia,2043.6,91.0295,8.8399,0.1305
asia,2043.7,91.0349,8.8359,0.1292
asia,2043.8,91.0402,8.8319,0.1279
asia,2043.9,91.0455,8.8279,0.1266
asia,2044.0,91.0508,8.8238,0.1254
asia,2044.1,91.0561,8.8198,0.1241
asia,2044.2,91.0613,8.8158,0.1229
asia,2044.3,91.0665,8.8118,0.1217
asia,2044.4,91.0717,8.8077,0.1205
asia,2044.5,91.0769,8.8037,0.1194
asia,2044.6,91.0821,8.7997,0.1182
asia,2044.7,91.0873,8.7956,0.1170
asia,2044.8,91.0925,8.7916,0.1159
asia,2044.9,91.0977,8.7875,0.1147
asia,2045.0,91.1029,8.7835,0.1136
asia,2045.1,91.1081,8.7795,0.1125
asia,2045.2,91.1133,8.7754,0.1113
asia,2045.3,91.1185,8.7714,0.1102
asia,2045.4,91.1236,8.7673,0.1090
asia,2045.5,91.1288,8.7633,0.1079
asia,2045.6,91.1340,8.7592,0.1067
asia,2045.7,91.1393,8.7552,0.1056
asia,2045.8,91.1445,8.7511,0.1044
asia,2045.9,91.1497,8.7470,0.1033
asia,2046.0,91.1549,8.7430,0.1021
asia,2046.1,91.1601,8.7389,0.1009
asia,2046.2,91.1654,8.7348,0.0998
asia,2046.3,91.1706,8.7308,0.0986
asia,2046.4,91.1759,8.7267,0.0974
asia,2046.5,91.1812,8.7226,0.0962
asia,2046.6,91.1864,8.7186,0.0950
asia,2046.7,91.1917,8.7145,0.0938
asia,2046.8,91.1970,8.7104,0.0926
asia,2046.9,91.2023,8.7063,0.0914
asia,2047.0,91.2076,8.7023,0.0901
asia,2047.1,91.2129,8.6982,0.0889
asia,2047.2,91.2182,8.6941,0.0877
asia,2047.3,91.2236,8.6900,0.0864
asia,2047.4,91.2289,8.6859,0.0852
asia,2047.5,91.2343,8.6818,0.0839
asia,2047.6,91.2396,8.6777,0.0826
asia,2047.7,91.2450,8.6737,0.0814
asia,2047.8,91.2504,8.6696,0.0801
asia,2047.9,91.2557,8.6655,0.0788
asia,2048.0,91.2611,8.6614,0.0775
asia,2048.1,91.2665,8.6573,0.0762
asia,2048.2,91.2720,8.6532,0.0749
asia,2048.3,91.2774,8.6491,0.0735
asia,2048.4,91.2828,8.6450,0.0722
asia,2048.5,91.2883,8.6409,0.0709
asia,2048.6,91.2937,8.6368,0.0695
asia,2048.7,91.2992,8.6327,0.0682
asia,2048.8,91.3046,8.6285,0.0668
asia,2048.9,91.3101,8.6244,0.0655
asia,2049.0,91.3156,8.6203,0.0641
asia,2049.1,91.3211,8.6162,0.0627
asia,2049.2,91.3266,8.6121,0.0613
asia,2049.3,91.3321,8.6080,0.0599
asia,2049.4,91.3376,8.6039,0.0585
asia,2049.5,91.3431,8.5997,0.0571
asia,2049.6,91.3487,8.5956,0.0557
asia,2049.7,91.3542,8.5915,0.0543
asia,2049.8,91.3598,8.5874,0.0529
asia,2049.9,91.3653,8.5833,0.0514
asia,2050.0,91.3709,8.5791,0.0500
small_markets,2015.0,0.1644,99.6287,0.2196
small_markets,2015.1,0.1778,99.6057,0.2314
small_markets,2015.2,0.1919,99.5816,0.2437
small_markets,2015.3,0.2069,99.5564,0.2564
small_markets,2015.4,0.2226,99.5301,0.2694
small_markets,2015.5,0.2391,99.5027,0.2829
small_markets,2015.6,0.2565,99.4740,0.2968
small_markets,2015.7,0.2748,99.4441,0.3111
small_markets,2015.8,0.2940,99.4130,0.3259
small_markets,2015.9,0.3140,99.3806,0.3410
small_markets,2016.0,0.3350,99.3468,0.3566
small_markets,2016.1,0.3573,99.3116,0.3726
small_markets,2016.2,0.3814,99.2751,0.3890
small_markets,2016.3,0.4072,99.2370,0.4058
small_markets,2016.4,0.4346,99.1973,0.4231
small_markets,2016.5,0.4636,99.1560,0.4408
small_markets,2016.6,0.4943,99.1130,0.4589
small_markets,2016.7,0.5266,99.0682,0.4774
small_markets,2016.8,0.5606,99.0216,0.4964
small_markets,2016.9,0.5963,98.9730,0.5158
small_markets,2017.0,0.6336,98.9225,0.5356
small_markets,2017.1,0.7135,98.6335,0.7520
small_markets,2017.2,0.8009,98.4062,0.8997
small_markets,2017.3,0.8924,98.1962,1.0262
small_markets,2017.4,0.9873,97.9960,1.1395
small_markets,2017.5,1.0851,97.8022,1.2434
small_markets,2017.6,1.1856,97.6126,1.3400
small_markets,2017.7,1.2886,97.4261,1.4307
small_markets,2017.8,1.3941,97.2417,1.5165
small_markets,2017.9,1.5019,97.0586,1.5980
small_markets,2018.0,1.6120,96.8763,1.6759
small_markets,2018.1,1.7244,96.6944,1.7505
small_markets,2018.2,1.8390,96.5125,1.8223
small_markets,2018.3,1.9558,96.3301,1.8914
small_markets,2018.4,2.0748,96.1471,1.9582
small_markets,2018.5,2.1959,95.9632,2.0229
small_markets,2018.6,2.3192,95.7780,2.0856
small_markets,2018.7,2.4447,95.5915,2.1465
small_markets,2018.8,2.5723,95.4034,2.2057
small_markets,2018.9,2.7021,95.2135,2.2634
small_markets,2019.0,2.8340,95.0217,2.3197
small_markets,2019.1,2.9682,94.8273,2.3749
small_markets,2019.2,3.1050,94.6297,2.4296
small_markets,2019.3,3.2444,94.4288,2.4834
small_markets,2019.4,3.3863,94.2246,2.5366
small_markets,2019.5,3.5308,94.0169,2.5892
small_markets,2019.6,3.6780,93.8057,2.6410
small_markets,2019.7,3.8278,93.5909,2.6942
small_markets,2019.8,3.9802,93.3724,2.7482
small_markets,2019.9,4.1354,93.1500,2.8020
small_markets,2020.0,4.2932,92.9238,2.8555
small_markets,2020.1,4.4537,92.6935,2.9088
small_markets,2020.2,4.6170,92.4591,2.9630
small_markets,2020.3,4.7830,92.2206,3.0244
small_markets,2020.4,4.9518,91.9779,3.0862
small_markets,2020.5,5.1233,91.7308,3.1484
small_markets,2020.6,5.2976,91.4794,3.2230
small_markets,2020.7,5.4747,91.2235,3.3018
small_markets,2020.8,5.6547,90.9631,3.3822
small_markets,2020.9,5.8375,90.6981,3.4644
small_markets,2021.0,6.0231,90.4285,3.5484
small_markets,2021.1,6.2117,90.1542,3.6342
small_markets,2021.2,6.4030,89.8751,3.7219
small_markets,2021.3,6.5973,89.5912,3.8114
small_markets,2021.4,6.7945,89.3025,3.9030
small_markets,2021.5,6.9946,89.0089,3.9965
small_markets,2021.6,7.1977,88.7103,4.0920
small_markets,2021.7,7.4037,88.4068,4.1895
small_markets,2021.8,7.6126,88.0982,4.2892
small_markets,2021.9,7.8245,87.7846,4.3909
small_markets,2022.0,8.0394,87.4659,4.4947
small_markets,2022.1,8.2572,87.1421,4.6007
small_markets,2022.2,8.4781,86.8131,4.7088
small_markets,2022.3,8.7019,86.4790,4.8191
small_markets,2022.4,8.9288,86.1397,4.9316
small_markets,2022.5,9.1586,85.7951,5.0463
small_markets,2022.6,9.3914,85.4454,5.1632
small_markets,2022.7,9.6273,85.0904,5.2823
small_markets,2022.8,9.8661,84.7301,5.4037
small_markets,2022.9,10.1080,84.3646,5.5274
small_markets,2023.0,10.3529,83.9939,5.6532
small_markets,2023.1,10.6008,83.6178,5.7814
small_markets,2023.2,10.8517,83.2365,5.9118
small_markets,2023.3,11.1056,82.8500,6.0444
small_markets,2023.4,11.3625,82.4582,6.1793
small_markets,2023.5,11.6224,82.0611,6.3165
small_markets,2023.6,11.8853,81.6588,6.4559
small_markets,2023.7,12.1511,81.2513,6.5975
small_markets,2023.8,12.4199,80.8387,6.7414
small_markets,2023.9,12.6917,80.4208,6.8875
small_markets,2024.0,12.9664,79.9978,7.0358
small_markets,2024.1,13.2440,79.5696,7.1863
small_markets,2024.2,13.5246,79.1364,7.3391
small_markets,2024.3,13.8080,78.6981,7.4939
small_markets,2024.4,14.0943,78.2547,7.6510
small_markets,2024.5,14.3834,77.8064,7.8101
small_markets,2024.6,14.6754,77.3532,7.9714
small_markets,2024.7,14.9702,76.8950,8.1348
small_markets,2024.8,15.2678,76.4320,8.3003
small_markets,2024.9,15.5681,75.9642,8.4678
small_markets,2025.0,15.8711,75.4916,8.6373
small_markets,2025.1,16.1769,75.0143,8.8088
small_markets,2025.2,16.4853,74.5325,8.9823
small_markets,2025.3,16.7963,74.0460,9.1577
small_markets,2025.4,17.1099,73.5550,9.3351
small_markets,2025.5,17.4261,73.0596,9.5143
small_markets,2025.6,17.7448,72.5599,9.6953
small_markets,2025.7,18.0660,72.0558,9.8782
small_markets,2025.8,18.3896,71.5476,10.0628
small_markets,2025.9,18.7156,71.0352,10.2492
small_markets,2026.0,19.0440,70.5187,10.4373
small_markets,2026.1,19.3747,69.9983,10.6270
small_markets,2026.2,19.7077,69.4739,10.8184
small_markets,2026.3,20.0428,68.9458,11.0113
small_markets,2026.4,20.3801,68.4140,11.2058
small_markets,2026.5,20.7196,67.8786,11.4018
small_markets,2026.6,21.0610,67.3397,11.5993
small_markets,2026.7,21.4045,66.7974,11.7981
small_markets,2026.8,21.7499,66.2517,11.9983
small_markets,2026.9,22.0972,65.7029,12.1999
small_markets,2027.0,22.4464,65.1509,12.4027
small_markets,2027.1,22.7972,64.5960,12.6067
small_markets,2027.2,23.1498,64.0382,12.8120
small_markets,2027.3,23.5040,63.4776,13.0183
small_markets,2027.4,23.8598,62.9144,13.2258
small_markets,2027.5,24.2171,62.3487,13.4343
small_markets,2027.6,24.5758,61.7805,13.6437
small_markets,2027.7,24.9358,61.2100,13.8541
small_markets,2027.8,25.2972,60.6374,14.0654
small_markets,2027.9,25.6598,60.0627,14.2775
small_markets,2028.0,26.0235,59.4861,14.4904
small_markets,2028.1,26.3883,58.9077,14.7040
small_markets,2028.2,26.7541,58.3276,14.9183
small_markets,2028.3,27.1208,57.7460,15.1332
small_markets,2028.4,27.4883,57.1630,15.3487
small_markets,2028.5,27.8566,56.5787,15.5647
small_markets,2028.6,28.2256,55.9933,15.7811
small_markets,2028.7,28.5952,55.4068,15.9980
small_markets,2028.8,28.9653,54.8195,16.2152
small_markets,2028.9,29.3359,54.2314,16.4327
small_markets,2029.0,29.7068,53.6428,16.6504
small_markets,2029.1,30.0780,53.0536,16.8683
small_markets,2029.2,30.4494,52.4642,17.0864
small_markets,2029.3,30.8210,51.8745,17.3046
small_markets,2029.4,31.1925,51.2848,17.5227
small_markets,2029.5,31.5640,50.6951,17.7409
small_markets,2029.6,31.9354,50.1057,17.9589
small_markets,2029.7,32.3066,49.5166,18.1768
small_markets,2029.8,32.6774,48.9280,18.3946
small_markets,2029.9,33.0479,48.3401,18.6120
small_markets,2030.0,33.4179,47.7529,18.8292
small_markets,2030.1,33.7874,47.1666,19.0460
small_markets,2030.2,34.1562,46.5814,19.2624
small_markets,2030.3,34.5243,45.9973,19.4784
small_markets,2030.4,34.8916,45.4146,19.6938
small_markets,2030.5,35.2581,44.8333,19.9087
small_markets,2030.6,35.6236,44.2535,20.1229
small_markets,2030.7,35.9880,43.6755,20.3364
small_markets,2030.8,36.3514,43.0993,20.5493
small_markets,2030.9,36.7135,42.5251,20.7613
small_markets,2031.0,37.0744,41.9530,20.9725
small_markets,2031.1,37.4340,41.3831,21.1829
small_markets,2031.2,37.7921,40.8156,21.3923
small_markets,2031.3,38.1488,40.2505,21.6007
small_markets,2031.4,38.5039,39.6880,21.8081
small_markets,2031.5,38.8573,39.1283,22.0144
small_markets,2031.6,39.2091,38.5714,22.2196
small_markets,2031.7,39.5591,38.0174,22.4236
small_markets,2031.8,39.9072,37.4665,22.6263
small_markets,2031.9,40.2535,36.9187,22.8278
small_markets,2032.0,40.5978,36.3743,23.0279
small_markets,2032.1,40.9401,35.8332,23.2267
small_markets,2032.2,41.2803,35.2957,23.4241
small_markets,2032.3,41.6183,34.7617,23.6200
small_markets,2032.4,41.9542,34.2315,23.8143
small_markets,2032.5,42.2878,33.7050,24.0072
small_markets,2032.6,42.6191,33.1825,24.1984
small_markets,2032.7,42.9481,32.6639,24.3880
small_markets,2032.8,43.2747,32.1494,24.5759
small_markets,2032.9,43.5989,31.6391,24.7620
small_markets,2033.0,43.9205,31.1331,24.9464
small_markets,2033.1,44.2397,30.6313,25.1290
small_markets,2033.2,44.5563,30.1340,25.3097
small_markets,2033.3,44.8703,29.6412,25.4885
small_markets,2033.4,45.1817,29.1529,25.6653
small_markets,2033.5,45.4904,28.6693,25.8402
small_markets,2033.6,45.7965,28.1904,26.0131
small_markets,2033.7,46.0998,27.7162,26.1840
small_markets,2033.8,46.4004,27.2469,26.3527
small_markets,2033.9,46.6983,26.7824,26.5193
small_markets,2034.0,46.9933,26.3229,26.6838
small_markets,2034.1,47.2856,25.8684,26.8460
small_markets,2034.2,47.5751,25.4189,27.0061
small_markets,2034.3,47.8617,24.9744,27.1638
small_markets,2034.4,48.1455,24.5351,27.3193
small_markets,2034.5,48.4265,24.1010,27.4725
small_markets,2034.6,48.7047,23.6721,27.6232
small_markets,2034.7,48.9800,23.2484,27.7716
small_markets,2034.8,49.2525,22.8299,27.9176
small_markets,2034.9,49.5221,22.4168,28.0611
small_markets,2035.0,49.7889,22.0089,28.2022
small_markets,2035.1,50.0528,21.6064,28.3407
small_markets,2035.2,50.3140,21.2093,28.4768
small_markets,2035.3,50.5723,20.8175,28.6102
small_markets,2035.4,50.8278,20.4311,28.7411
small_markets,2035.5,51.0805,20.0500,28.8694
small_markets,2035.6,51.3305,19.6744,28.9951
small_markets,2035.7,51.5777,19.3041,29.1182
small_markets,2035.8,51.8222,18.9393,29.2386
small_markets,2035.9,52.0639,18.5798,29.3563
small_markets,2036.0,52.3030,18.2257,29.4713
small_markets,2036.1,52.5394,17.8770,29.5836
small_markets,2036.2,52.7732,17.5337,29.6931
small_markets,2036.3,53.0044,17.1957,29.8000
small_markets,2036.4,53.2330,16.8630,29.9040
small_markets,2036.5,53.4590,16.5356,30.0053
small_markets,2036.6,53.6825,16.2136,30.1039
small_markets,2036.7,53.9036,15.8968,30.1996
small_markets,2036.8,54.1222,15.5853,30.2925
small_markets,2036.9,54.3384,15.2790,30.3827
small_markets,2037.0,54.5522,14.9779,30.4700
small_markets,2037.1,54.7636,14.6819,30.5545
small_markets,2037.2,54.9728,14.3911,30.6362
small_markets,2037.3,55.1796,14.1053,30.7150
small_markets,2037.4,55.3843,13.8246,30.7911
small_markets,2037.5,55.5868,13.5489,30.8643
small_markets,2037.6,55.7871,13.2782,30.9347
small_markets,2037.7,55.9853,13.0124,31.0023
small_markets,2037.8,56.1815,12.7515,31.0670
small_markets,2037.9,56.3756,12.4954,31.1290
small_markets,2038.0,56.5678,12.2441,31.1881
small_markets,2038.1,56.7580,11.9976,31.2445
small_markets,2038.2,56.9463,11.7557,31.2980
small_markets,2038.3,57.1327,11.5185,31.3488
small_markets,2038.4,57.3174,11.2858,31.4008
small_markets,2038.5,57.5002,11.0577,31.4505
small_markets,2038.6,57.6814,10.8341,31.4971
small_markets,2038.7,57.8608,10.6148,31.5406
small_markets,2038.8,58.0386,10.4000,31.5811
small_markets,2038.9,58.2148,10.1894,31.6185
small_markets,2039.0,58.3894,9.9831,31.6530
small_markets,2039.1,58.5625,9.7810,31.6845
small_markets,2039.2,58.7341,9.5830,31.7131
small_markets,2039.3,58.9043,9.3891,31.7389
small_markets,2039.4,59.0730,9.1991,31.7618
small_markets,2039.5,59.2404,9.0132,31.7819
small_markets,2039.6,59.4064,8.8311,31.7992
small_markets,2039.7,59.5712,8.6528,31.8138
small_markets,2039.8,59.7347,8.4783,31.8257
small_markets,2039.9,59.8969,8.3075,31.8349
small_markets,2040.0,60.0580,8.1403,31.8415
small_markets,2040.1,60.2179,7.9767,31.8456
small_markets,2040.2,60.3767,7.8166,31.8471
small_markets,2040.3,60.5344,7.6600,31.8461
small_markets,2040.4,60.6910,7.5068,31.8427
small_markets,2040.5,60.8466,7.3568,31.8368
small_markets,2040.6,61.0012,7.2102,31.8286
small_markets,2040.7,61.1548,7.0667,31.8180
small_markets,2040.8,61.3075,6.9264,31.8052
small_markets,2040.9,61.4593,6.7892,31.7901
small_markets,2041.0,61.6102,6.6550,31.7728
small_markets,2041.1,61.7602,6.5237,31.7534
small_markets,2041.2,61.9093,6.3954,31.7318
small_markets,2041.3,62.0577,6.2699,31.7082
small_markets,2041.4,62.2053,6.1472,31.6825
small_markets,2041.5,62.3521,6.0272,31.6548
small_markets,2041.6,62.4981,5.9098,31.6252
small_markets,2041.7,62.6434,5.7951,31.5937
small_markets,2041.8,62.7881,5.6829,31.5603
small_markets,2041.9,62.9320,5.5733,31.5251
small_markets,2042.0,63.0752,5.4661,31.4881
small_markets,2042.1,63.2178,5.3612,31.4493
small_markets,2042.2,63.3598,5.2587,31.4089
small_markets,2042.3,63.5011,5.1585,31.3667
small_markets,2042.4,63.6419,5.0605,31.3230
small_markets,2042.5,63.7820,4.9647,31.2777
small_markets,2042.6,63.9216,4.8710,31.2308
small_markets,2042.7,64.0606,4.7794,31.1825
small_markets,2042.8,64.1990,4.6899,31.1326
small_markets,2042.9,64.3369,4.6023,31.0814
small_markets,2043.0,64.4743,4.5167,31.0287
small_markets,2043.1,64.6112,4.4329,30.9747
small_markets,2043.2,64.7475,4.3510,30.9194
small_markets,2043.3,64.8834,4.2709,30.8628
small_markets,2043.4,65.0187,4.1925,30.8050
small_markets,2043.5,65.1536,4.1159,30.7460
small_markets,2043.6,65.2880,4.0409,30.6857
small_markets,2043.7,65.4219,3.9676,30.6244
small_markets,2043.8,65.5554,3.8958,30.5619
small_markets,2043.9,65.6885,3.8256,30.4984
small_markets,2044.0,65.8210,3.7570,30.4338
small_markets,2044.1,65.9532,3.6898,30.3682
small_markets,2044.2,66.0849,3.6240,30.3017
small_markets,2044.3,66.2162,3.5596,30.2341
small_markets,2044.4,66.3470,3.4966,30.1657
small_markets,2044.5,66.4775,3.4349,30.0964
small_markets,2044.6,66.6075,3.3746,30.0262
small_markets,2044.7,66.7371,3.3155,29.9552
small_markets,2044.8,66.8663,3.2576,29.8834
small_markets,2044.9,66.9951,3.2009,29.8108
small_markets,2045.0,67.1235,3.1454,29.7375
small_markets,2045.1,67.2515,3.0911,29.6634
small_markets,2045.2,67.3791,3.0378,29.5886
small_markets,2045.3,67.5064,2.9857,29.5132
small_markets,2045.4,67.6332,2.9346,29.4371
small_markets,2045.5,67.7596,2.8845,29.3604
small_markets,2045.6,67.8857,2.8355,29.2831
small_markets,2045.7,68.0113,2.7874,29.2052
small_markets,2045.8,68.1366,2.7403,29.1268
small_markets,2045.9,68.2615,2.6941,29.0478
small_markets,2046.0,68.3861,2.6488,28.9683
small_markets,2046.1,68.5102,2.6044,28.8883
small_markets,2046.2,68.6340,2.5609,28.8078
small_markets,2046.3,68.7574,2.5182,28.7269
small_markets,2046.4,68.8804,2.4764,28.6455
small_markets,2046.5,69.0031,2.4353,28.5638
small_markets,2046.6,69.1254,2.3950,28.4816
small_markets,2046.7,69.2473,2.3555,28.3990
small_markets,2046.8,69.3689,2.3168,28.3161
small_markets,2046.9,69.4900,2.2787,28.2328
small_markets,2047.0,69.6109,2.2414,28.1491
small_markets,2047.1,69.7313,2.2048,28.0652
small_markets,2047.2,69.8514,2.1689,27.9809
small_markets,2047.3,69.9711,2.1336,27.8964
small_markets,2047.4,70.0905,2.0990,27.8116
small_markets,2047.5,70.2095,2.0650,27.7265
small_markets,2047.6,70.3281,2.0316,27.6412
small_markets,2047.7,70.4464,1.9988,27.5556
small_markets,2047.8,70.5643,1.9666,27.4698
small_markets,2047.9,70.6819,1.9350,27.3838
small_markets,2048.0,70.7990,1.9040,27.2976
small_markets,2048.1,70.9159,1.8735,27.2112
small_markets,2048.2,71.0324,1.8435,27.1246
small_markets,2048.3,71.1485,1.8141,27.0379
small_markets,2048.4,71.2642,1.7852,26.9510
small_markets,2048.5,71.3796,1.7568,26.8639
small_markets,2048.6,71.4947,1.7289,26.7768
small_markets,2048.7,71.6094,1.7015,26.6894
small_markets,2048.8,71.7237,1.6745,26.6020
small_markets,2048.9,71.8377,1.6480,26.5145
small_markets,2049.0,71.9514,1.6220,26.4268
small_markets,2049.1,72.0647,1.5964,26.3391
small_markets,2049.2,72.1776,1.5713,26.2513
small_markets,2049.3,72.2902,1.5466,26.1634
small_markets,2049.4,72.4024,1.5223,26.0754
small_markets,2049.5,72.5143,1.4984,25.9874
small_markets,2049.6,72.6258,1.4750,25.8993
small_markets,2049.7,72.7370,1.4519,25.8112
small_markets,2049.8,72.8478,1.4292,25.7231
small_markets,2049.9,72.9583,1.4069,25.6349
small_markets,2050.0,73.0685,1.3850,25.5466
medium_markets,2015.0,0.4984,99.1544,0.3475
medium_markets,2015.1,0.5252,99.1106,0.3645
medium_markets,2015.2,0.5531,99.0650,0.3822
medium_markets,2015.3,0.5820,99.0176,0.4006
medium_markets,2015.4,0.6121,98.9684,0.4197
medium_markets,2015.5,0.6434,98.9173,0.4395
medium_markets,2015.6,0.6758,98.8642,0.4601
medium_markets,2015.7,0.7094,98.8092,0.4814
medium_markets,2015.8,0.7442,98.7522,0.5036
medium_markets,2015.9,0.7803,98.6931,0.5266
medium_markets,2016.0,0.8176,98.6320,0.5504
medium_markets,2016.1,0.8563,98.5687,0.5750
medium_markets,2016.2,0.8963,98.5032,0.6005
medium_markets,2016.3,0.9377,98.4356,0.6268
medium_markets,2016.4,0.9804,98.3657,0.6539
medium_markets,2016.5,1.0246,98.2935,0.6820
medium_markets,2016.6,1.0702,98.2189,0.7109
medium_markets,2016.7,1.1173,98.1420,0.7407
medium_markets,2016.8,1.1659,98.0628,0.7714
medium_markets,2016.9,1.2160,97.9811,0.8030
medium_markets,2017.0,1.2677,97.8969,0.8355
medium_markets,2017.1,1.3212,97.8077,0.8712
medium_markets,2017.2,1.3767,97.7130,0.9104
medium_markets,2017.3,1.4341,97.6135,0.9525
medium_markets,2017.4,1.4935,97.5095,0.9971
medium_markets,2017.5,1.5550,97.4011,1.0440
medium_markets,2017.6,1.6186,97.2884,1.0931
medium_markets,2017.7,1.6844,97.1715,1.1443
medium_markets,2017.8,1.7524,97.0504,1.1974
medium_markets,2017.9,1.8227,96.9252,1.2524
medium_markets,2018.0,1.8953,96.7959,1.3091
medium_markets,2018.1,1.9746,96.6623,1.3675
medium_markets,2018.2,2.0537,96.5245,1.4275
medium_markets,2018.3,2.1349,96.3826,1.4890
medium_markets,2018.4,2.2185,96.2366,1.5520
medium_markets,2018.5,2.3046,96.0865,1.6165
medium_markets,2018.6,2.3933,95.9324,1.6822
medium_markets,2018.7,2.4847,95.7741,1.7493
medium_markets,2018.8,2.5789,95.6118,1.8176
medium_markets,2018.9,2.6759,95.4455,1.8871
medium_markets,2019.0,2.7758,95.2750,1.9576
medium_markets,2019.1,2.8787,95.1005,2.0293
medium_markets,2019.2,2.9847,94.9219,2.1019
medium_markets,2019.3,3.0938,94.7392,2.1754
medium_markets,2019.4,3.2060,94.5524,2.2499
medium_markets,2019.5,3.3216,94.3614,2.3251
medium_markets,2019.6,3.4405,94.1663,2.4011
medium_markets,2019.7,3.5629,93.9671,2.4779
medium_markets,2019.8,3.6887,93.7637,2.5553
medium_markets,2019.9,3.8181,93.5561,2.6332
medium_markets,2020.0,3.9512,93.3442,2.7118
medium_markets,2020.1,4.0881,93.1281,2.7908
medium_markets,2020.2,4.2288,92.9078,2.8702
medium_markets,2020.3,4.3735,92.6831,2.9500
medium_markets,2020.4,4.5221,92.4541,3.0301
medium_markets,2020.5,4.6749,92.2207,3.1104
medium_markets,2020.6,4.8319,91.9829,3.1910
medium_markets,2020.7,4.9933,91.7406,3.2716
medium_markets,2020.8,5.1590,91.4938,3.3524
medium_markets,2020.9,5.3294,91.2425,3.4335
medium_markets,2021.0,5.5043,90.9865,3.5148
medium_markets,2021.1,5.6841,90.7259,3.5962
medium_markets,2021.2,5.8688,90.4605,3.6773
medium_markets,2021.3,6.0584,90.1903,3.7583
medium_markets,2021.4,6.2532,89.9153,3.8390
medium_markets,2021.5,6.4533,89.6353,3.9195
medium_markets,2021.6,6.6589,89.3502,3.9995
medium_markets,2021.7,6.8699,89.0600,4.0792
medium_markets,2021.8,7.0867,88.7646,4.1584
medium_markets,2021.9,7.3093,88.4639,4.2370
medium_markets,2022.0,7.5379,88.1578,4.3152
medium_markets,2022.1,7.7726,87.8461,4.3926
medium_markets,2022.2,8.0136,87.5288,4.4695
medium_markets,2022.3,8.2611,87.2057,4.5456
medium_markets,2022.4,8.5152,86.8767,4.6209
medium_markets,2022.5,8.7761,86.5416,4.6955
medium_markets,2022.6,9.0440,86.2003,4.7692
medium_markets,2022.7,9.3190,85.8528,4.8422
medium_markets,2022.8,9.6013,85.4987,4.9143
medium_markets,2022.9,9.8911,85.1379,4.9854
medium_markets,2023.0,10.1886,84.7703,5.0556
medium_markets,2023.1,10.4939,84.3957,5.1248
medium_markets,2023.2,10.8073,84.0138,5.1930
medium_markets,2023.3,11.1290,83.6246,5.2602
medium_markets,2023.4,11.4590,83.2277,5.3263
medium_markets,2023.5,11.7977,82.8230,5.3913
medium_markets,2023.6,12.1452,82.4102,5.4561
medium_markets,2023.7,12.5018,81.9892,5.5198
medium_markets,2023.8,12.8675,81.5597,5.5825
medium_markets,2023.9,13.2427,81.1214,5.6443
medium_markets,2024.0,13.6276,80.6742,5.7051
medium_markets,2024.1,14.0222,80.2176,5.7666
medium_markets,2024.2,14.4269,79.7516,5.8275
medium_markets,2024.3,14.8418,79.2758,5.8878
medium_markets,2024.4,15.2672,78.7900,5.9475
medium_markets,2024.5,15.7032,78.2938,6.0068
medium_markets,2024.6,16.1501,77.7871,6.0656
medium_markets,2024.7,16.6080,77.2695,6.1241
medium_markets,2024.8,17.0771,76.7408,6.1824
medium_markets,2024.9,17.5576,76.2006,6.2418
medium_markets,2025.0,18.0497,75.6488,6.3015
medium_markets,2025.1,18.5536,75.0851,6.3613
medium_markets,2025.2,19.0694,74.5091,6.4215
medium_markets,2025.3,19.5973,73.9208,6.4819
medium_markets,2025.4,20.1374,73.3198,6.5428
medium_markets,2025.5,20.6899,72.7059,6.6043
medium_markets,2025.6,21.2548,72.0789,6.6663
medium_markets,2025.7,21.8322,71.4387,6.7291
medium_markets,2025.8,22.4223,70.7852,6.7926
medium_markets,2025.9,23.0250,70.1181,6.8569
medium_markets,2026.0,23.6404,69.4375,6.9220
medium_markets,2026.1,24.2685,68.7434,6.9881
medium_markets,2026.2,24.9091,68.0357,7.0601
medium_markets,2026.3,25.5623,67.3146,7.1399
medium_markets,2026.4,26.2278,66.5801,7.2201
medium_markets,2026.5,26.9055,65.8325,7.3005
medium_markets,2026.6,27.5952,65.0721,7.3812
medium_markets,2026.7,28.2965,64.2992,7.4619
medium_markets,2026.8,29.0091,63.5143,7.5427
medium_markets,2026.9,29.7325,62.7179,7.6234
medium_markets,2027.0,30.4662,61.9106,7.7039
medium_markets,2027.1,31.2098,61.0932,7.7840
medium_markets,2027.2,31.9624,60.2665,7.8635
medium_markets,2027.3,32.7234,59.4313,7.9422
medium_markets,2027.4,33.4920,58.5888,8.0200
medium_markets,2027.5,34.2672,57.7401,8.0967
medium_markets,2027.6,35.0482,56.8863,8.1720
medium_markets,2027.7,35.8337,56.0288,8.2457
medium_markets,2027.8,36.6227,55.1690,8.3175
medium_markets,2027.9,37.4140,54.3083,8.3874
medium_markets,2028.0,38.2064,53.4481,8.4551
medium_markets,2028.1,38.9985,52.5900,8.5204
medium_markets,2028.2,39.7890,51.7355,8.5834
medium_markets,2028.3,40.5766,50.8861,8.6438
medium_markets,2028.4,41.3600,50.0431,8.7016
medium_markets,2028.5,42.1377,49.2080,8.7567
medium_markets,2028.6,42.9086,48.3821,8.8092
medium_markets,2028.7,43.6713,47.5664,8.8592
medium_markets,2028.8,44.4249,46.7619,8.9071
medium_markets,2028.9,45.1682,45.9695,8.9529
medium_markets,2029.0,45.9003,45.1897,8.9971
medium_markets,2029.1,46.6205,44.4231,9.0400
medium_markets,2029.2,47.3282,43.6697,9.0820
medium_markets,2029.3,48.0229,42.9296,9.1237
medium_markets,2029.4,48.7044,42.2026,9.1654
medium_markets,2029.5,49.3726,41.4885,9.2077
medium_markets,2029.6,50.0276,40.7866,9.2510
medium_markets,2029.7,50.6695,40.0963,9.2957
medium_markets,2029.8,51.2989,39.4170,9.3422
medium_markets,2029.9,51.9163,38.7479,9.3906
medium_markets,2030.0,52.5221,38.0882,9.4411
medium_markets,2030.1,53.1173,37.4373,9.4939
medium_markets,2030.2,53.7024,36.7943,9.5490
medium_markets,2030.3,54.2784,36.1586,9.6116
medium_markets,2030.4,54.8459,35.5299,9.6756
medium_markets,2030.5,55.4058,34.9076,9.7404
medium_markets,2030.6,55.9587,34.2915,9.8058
medium_markets,2030.7,56.5052,33.6815,9.8724
medium_markets,2030.8,57.0460,33.0774,9.9502
medium_markets,2030.9,57.5814,32.4793,10.0266
medium_markets,2031.0,58.1120,31.8874,10.1013
medium_markets,2031.1,58.6380,31.3019,10.1736
medium_markets,2031.2,59.1596,30.7229,10.2431
medium_markets,2031.3,59.6770,30.1508,10.3094
medium_markets,2031.4,60.1903,29.5859,10.3721
medium_markets,2031.5,60.6996,29.0285,10.4307
medium_markets,2031.6,61.2049,28.4789,10.4851
medium_markets,2031.7,61.7062,27.9373,10.5348
medium_markets,2031.8,62.2034,27.4042,10.5797
medium_markets,2031.9,62.6966,26.8797,10.6196
medium_markets,2032.0,63.1856,26.3641,10.6543
medium_markets,2032.1,63.6704,25.8575,10.6837
medium_markets,2032.2,64.1509,25.3602,10.7077
medium_markets,2032.3,64.6270,24.8722,10.7263
medium_markets,2032.4,65.0987,24.3937,10.7395
medium_markets,2032.5,65.5659,23.9248,10.7473
medium_markets,2032.6,66.0285,23.4655,10.7497
medium_markets,2032.7,66.4865,23.0157,10.7468
medium_markets,2032.8,66.9397,22.5756,10.7388
medium_markets,2032.9,67.3882,22.1449,10.7258
medium_markets,2033.0,67.8317,21.7237,10.7080
medium_markets,2033.1,68.2703,21.3118,10.6855
medium_markets,2033.2,68.7039,20.9092,10.6585
medium_markets,2033.3,69.1325,20.5156,10.6273
medium_markets,2033.4,69.5558,20.1310,10.5921
medium_markets,2033.5,69.9740,19.7551,10.5532
medium_markets,2033.6,70.3868,19.3879,10.5107
medium_markets,2033.7,70.7944,19.0290,10.4649
medium_markets,2033.8,71.1965,18.6785,10.4160
medium_markets,2033.9,71.5932,18.3361,10.3643
medium_markets,2034.0,71.9843,18.0016,10.3100
medium_markets,2034.1,72.3699,17.6749,10.2533
medium_markets,2034.2,72.7500,17.3558,10.1944
medium_markets,2034.3,73.1244,17.0442,10.1334
medium_markets,2034.4,73.4931,16.7400,10.0706
medium_markets,2034.5,73.8562,16.4430,10.0060
medium_markets,2034.6,74.2136,16.1530,9.9399
medium_markets,2034.7,74.5653,15.8701,9.8724
medium_markets,2034.8,74.9113,15.5941,9.8035
medium_markets,2034.9,75.2515,15.3248,9.7334
medium_markets,2035.0,75.5861,15.0622,9.6622
medium_markets,2035.1,75.9150,14.8061,9.5899
medium_markets,2035.2,76.2383,14.5564,9.5167
medium_markets,2035.3,76.5559,14.3131,9.4426
medium_markets,2035.4,76.8679,14.0761,9.3678
medium_markets,2035.5,77.1744,13.8452,9.2921
medium_markets,2035.6,77.4754,13.6202,9.2159
medium_markets,2035.7,77.7710,13.4012,9.1390
medium_markets,2035.8,78.0612,13.1880,9.0615
medium_markets,2035.9,78.3461,12.9804,8.9836
medium_markets,2036.0,78.6258,12.7783,8.9052
medium_markets,2036.1,78.9004,12.5817,8.8264
medium_markets,2036.2,79.1698,12.3903,8.7473
medium_markets,2036.3,79.4343,12.2041,8.6679
medium_markets,2036.4,79.6939,12.0228,8.5883
medium_markets,2036.5,79.9487,11.8465,8.5085
medium_markets,2036.6,80.1988,11.6748,8.4286
medium_markets,2036.7,80.4443,11.5077,8.3486
medium_markets,2036.8,80.6853,11.3451,8.2685
medium_markets,2036.9,80.9219,11.1868,8.1885
medium_markets,2037.0,81.1542,11.0327,8.1085
medium_markets,2037.1,81.3823,10.8826,8.0285
medium_markets,2037.2,81.6062,10.7364,7.9487
medium_markets,2037.3,81.8262,10.5939,7.8691
medium_markets,2037.4,82.0423,10.4551,7.7896
medium_markets,2037.5,82.2546,10.3198,7.7104
medium_markets,2037.6,82.4631,10.1879,7.6314
medium_markets,2037.7,82.6681,10.0592,7.5527
medium_markets,2037.8,82.8696,9.9337,7.4743
medium_markets,2037.9,83.0676,9.8112,7.3963
medium_markets,2038.0,83.2624,9.6917,7.3186
medium_markets,2038.1,83.4538,9.5749,7.2413
medium_markets,2038.2,83.6422,9.4609,7.1644
medium_markets,2038.3,83.8275,9.3495,7.0879
medium_markets,2038.4,84.0098,9.2406,7.0118
medium_markets,2038.5,84.1892,9.1341,6.9361
medium_markets,2038.6,84.3659,9.0300,6.8610
medium_markets,2038.7,84.5397,8.9281,6.7862
medium_markets,2038.8,84.7110,8.8284,6.7120
medium_markets,2038.9,84.8796,8.7308,6.6382
medium_markets,2039.0,85.0457,8.6352,6.5649
medium_markets,2039.1,85.2093,8.5416,6.4921
medium_markets,2039.2,85.3706,8.4499,6.4199
medium_markets,2039.3,85.5295,8.3600,6.3481
medium_markets,2039.4,85.6862,8.2719,6.2768
medium_markets,2039.5,85.8406,8.1854,6.2060
medium_markets,2039.6,85.9929,8.1007,6.1358
medium_markets,2039.7,86.1431,8.0175,6.0661
medium_markets,2039.8,86.2913,7.9358,5.9968
medium_markets,2039.9,86.4374,7.8557,5.9282
medium_markets,2040.0,86.5816,7.7770,5.8600
medium_markets,2040.1,86.7238,7.6998,5.7924
medium_markets,2040.2,86.8642,7.6238,5.7253
medium_markets,2040.3,87.0028,7.5493,5.6587
medium_markets,2040.4,87.1395,7.4759,5.5927
medium_markets,2040.5,87.2745,7.4039,5.5273
medium_markets,2040.6,87.4078,7.3330,5.4623
medium_markets,2040.7,87.5393,7.2633,5.3980
medium_markets,2040.8,87.6692,7.1947,5.3342
medium_markets,2040.9,87.7975,7.1273,5.2710
medium_markets,2041.0,87.9241,7.0609,5.2083
medium_markets,2041.1,88.0492,6.9955,5.1463
medium_markets,2041.2,88.1727,6.9312,5.0848
medium_markets,2041.3,88.2946,6.8678,5.0240
medium_markets,2041.4,88.4151,6.8054,4.9637
medium_markets,2041.5,88.5340,6.7439,4.9041
medium_markets,2041.6,88.6514,6.6833,4.8450
medium_markets,2041.7,88.7674,6.6235,4.7867
medium_markets,2041.8,88.8819,6.5647,4.7289
medium_markets,2041.9,88.9950,6.5066,4.6718
medium_markets,2042.0,89.1067,6.4494,4.6154
medium_markets,2042.1,89.2169,6.3929,4.5597
medium_markets,2042.2,89.3257,6.3372,4.5046
medium_markets,2042.3,89.4332,6.2822,4.4502
medium_markets,2042.4,89.5392,6.2280,4.3965
medium_markets,2042.5,89.6439,6.1745,4.3435
medium_markets,2042.6,89.7473,6.1216,4.2912
medium_markets,2042.7,89.8493,6.0694,4.2396
medium_markets,2042.8,89.9499,6.0179,4.1888
medium_markets,2042.9,90.0493,5.9670,4.1386
medium_markets,2043.0,90.1473,5.9168,4.0893
medium_markets,2043.1,90.2440,5.8671,4.0406
medium_markets,2043.2,90.3394,5.8181,3.9927
medium_markets,2043.3,90.4334,5.7696,3.9456
medium_markets,2043.4,90.5263,5.7217,3.8992
medium_markets,2043.5,90.6178,5.6743,3.8536
medium_markets,2043.6,90.7081,5.6275,3.8087
medium_markets,2043.7,90.7971,5.5812,3.7646
medium_markets,2043.8,90.8849,5.5354,3.7212
medium_markets,2043.9,90.9714,5.4902,3.6786
medium_markets,2044.0,91.0567,5.4454,3.6368
medium_markets,2044.1,91.1408,5.4011,3.5958
medium_markets,2044.2,91.2236,5.3573,3.5555
medium_markets,2044.3,91.3053,5.3140,3.5160
medium_markets,2044.4,91.3858,5.2711,3.4772
medium_markets,2044.5,91.4651,5.2287,3.4392
medium_markets,2044.6,91.5433,5.1867,3.4019
medium_markets,2044.7,91.6203,5.1452,3.3654
medium_markets,2044.8,91.6961,5.1040,3.3297
medium_markets,2044.9,91.7708,5.0633,3.2947
medium_markets,2045.0,91.8444,5.0230,3.2604
medium_markets,2045.1,91.9169,4.9831,3.2269
medium_markets,2045.2,91.9883,4.9436,3.1940
medium_markets,2045.3,92.0587,4.9045,3.1620
medium_markets,2045.4,92.1279,4.8657,3.1306
medium_markets,2045.5,92.1961,4.8274,3.0999
medium_markets,2045.6,92.2633,4.7893,3.0700
medium_markets,2045.7,92.3294,4.7517,3.0407
medium_markets,2045.8,92.3945,4.7144,3.0121
medium_markets,2045.9,92.4586,4.6774,2.9842
medium_markets,2046.0,92.5217,4.6408,2.9570
medium_markets,2046.1,92.5838,4.6046,2.9304
medium_markets,2046.2,92.6450,4.5686,2.9045
medium_markets,2046.3,92.7052,4.5330,2.8792
medium_markets,2046.4,92.7645,4.4977,2.8545
medium_markets,2046.5,92.8229,4.4627,2.8305
medium_markets,2046.6,92.8804,4.4280,2.8071
medium_markets,2046.7,92.9370,4.3936,2.7843
medium_markets,2046.8,92.9927,4.3595,2.7621
medium_markets,2046.9,93.0476,4.3257,2.7405
medium_markets,2047.0,93.1016,4.2922,2.7194
medium_markets,2047.1,93.1547,4.2590,2.6989
medium_markets,2047.2,93.2071,4.2261,2.6790
medium_markets,2047.3,93.2587,4.1934,2.6596
medium_markets,2047.4,93.3094,4.1610,2.6407
medium_markets,2047.5,93.3595,4.1288,2.6224
medium_markets,2047.6,93.4087,4.0970,2.6046
medium_markets,2047.7,93.4572,4.0653,2.5872
medium_markets,2047.8,93.5050,4.0340,2.5704
medium_markets,2047.9,93.5521,4.0029,2.5540
medium_markets,2048.0,93.5984,3.9720,2.5381
medium_markets,2048.1,93.6441,3.9414,2.5226
medium_markets,2048.2,93.6891,3.9110,2.5076
medium_markets,2048.3,93.7335,3.8808,2.4930
medium_markets,2048.4,93.7772,3.8509,2.4788
medium_markets,2048.5,93.8203,3.8212,2.4650
medium_markets,2048.6,93.8627,3.7917,2.4517
medium_markets,2048.7,93.9046,3.7625,2.4387
medium_markets,2048.8,93.9459,3.7334,2.4261
medium_markets,2048.9,93.9866,3.7046,2.4138
medium_markets,2049.0,94.0268,3.6760,2.4019
medium_markets,2049.1,94.0664,3.6477,2.3904
medium_markets,2049.2,94.1054,3.6195,2.3791
medium_markets,2049.3,94.1440,3.5915,2.3682
medium_markets,2049.4,94.1820,3.5638,2.3576
medium_markets,2049.5,94.2196,3.5362,2.3473
medium_markets,2049.6,94.2566,3.5088,2.3373
medium_markets,2049.7,94.2932,3.4817,2.3276
medium_markets,2049.8,94.3293,3.4547,2.3181
medium_markets,2049.9,94.3650,3.4279,2.3089
medium_markets,2050.0,94.4002,3.4014,2.3000
big_markets,2015.0,0.3714,99.5580,0.1382
big_markets,2015.1,0.3972,99.5270,0.1457
big_markets,2015.2,0.4244,99.4943,0.1536
big_markets,2015.3,0.4530,99.4596,0.1617
big_markets,2015.4,0.4831,99.4231,0.1702
big_markets,2015.5,0.5147,99.3846,0.1790
big_markets,2015.6,0.5478,99.3440,0.1881
big_markets,2015.7,0.5825,99.3013,0.1975
big_markets,2015.8,0.6189,99.2563,0.2072
big_markets,2015.9,0.6570,99.2091,0.2173
big_markets,2016.0,0.6968,99.1596,0.2277
big_markets,2016.1,0.7384,99.1075,0.2384
big_markets,2016.2,0.7819,99.0530,0.2494
big_markets,2016.3,0.8272,98.9958,0.2608
big_markets,2016.4,0.8745,98.9360,0.2725
big_markets,2016.5,0.9237,98.8733,0.2845
big_markets,2016.6,0.9750,98.8078,0.2969
big_markets,2016.7,1.0284,98.7393,0.3095
big_markets,2016.8,1.0839,98.6678,0.3226
big_markets,2016.9,1.1416,98.5931,0.3359
big_markets,2017.0,1.2015,98.5152,0.3496
big_markets,2017.1,1.2637,98.4340,0.3636
big_markets,2017.2,1.3282,98.3492,0.3779
big_markets,2017.3,1.3952,98.2610,0.3926
big_markets,2017.4,1.4646,98.1691,0.4075
big_markets,2017.5,1.5364,98.0735,0.4229
big_markets,2017.6,1.6109,97.9740,0.4385
big_markets,2017.7,1.6879,97.8705,0.4545
big_markets,2017.8,1.7675,97.7629,0.4725
big_markets,2017.9,1.8499,97.6512,0.5022
big_markets,2018.0,1.9350,97.5352,0.5334
big_markets,2018.1,2.0230,97.4147,0.5662
big_markets,2018.2,2.1138,97.2897,0.6008
big_markets,2018.3,2.2075,97.1601,0.6370
big_markets,2018.4,2.3042,97.0257,0.6751
big_markets,2018.5,2.4039,96.8864,0.7150
big_markets,2018.6,2.5067,96.7421,0.7569
big_markets,2018.7,2.6127,96.5927,0.8008
big_markets,2018.8,2.7218,96.4380,0.8468
big_markets,2018.9,2.8341,96.2780,0.8950
big_markets,2019.0,2.9498,96.1125,0.9453
big_markets,2019.1,3.0688,95.9413,0.9980
big_markets,2019.2,3.1911,95.7644,1.0530
big_markets,2019.3,3.3170,95.5816,1.1104
big_markets,2019.4,3.4463,95.3929,1.1703
big_markets,2019.5,3.5792,95.1980,1.2328
big_markets,2019.6,3.7157,94.9969,1.2980
big_markets,2019.7,3.8558,94.7894,1.3658
big_markets,2019.8,3.9996,94.5755,1.4364
big_markets,2019.9,4.1472,94.3549,1.5099
big_markets,2020.0,4.2986,94.1277,1.5863
big_markets,2020.1,4.4539,93.8935,1.6657
big_markets,2020.2,4.6130,93.6525,1.7481
big_markets,2020.3,4.7761,93.4043,1.8337
big_markets,2020.4,4.9432,93.1490,1.9224
big_markets,2020.5,5.1144,92.8864,2.0144
big_markets,2020.6,5.2896,92.6163,2.1096
big_markets,2020.7,5.4690,92.3388,2.2082
big_markets,2020.8,5.6525,92.0537,2.3102
big_markets,2020.9,5.8403,91.7608,2.4157
big_markets,2021.0,6.0323,91.4602,2.5246
big_markets,2021.1,6.2286,91.1517,2.6371
big_markets,2021.2,6.4292,90.8352,2.7532
big_markets,2021.3,6.6343,90.5106,2.8729
big_markets,2021.4,6.8437,90.1780,2.9962
big_markets,2021.5,7.0577,89.8371,3.1232
big_markets,2021.6,7.2761,89.4880,3.2539
big_markets,2021.7,7.4990,89.1306,3.3883
big_markets,2021.8,7.7265,88.7649,3.5264
big_markets,2021.9,7.9586,88.3907,3.6682
big_markets,2022.0,8.1953,88.0081,3.8138
big_markets,2022.1,8.4366,87.6171,3.9630
big_markets,2022.2,8.6827,87.2176,4.1160
big_markets,2022.3,8.9334,86.8095,4.2726
big_markets,2022.4,9.1889,86.3930,4.4328
big_markets,2022.5,9.4491,85.9680,4.5967
big_markets,2022.6,9.7141,85.5346,4.7641
big_markets,2022.7,9.9839,85.0926,4.9350
big_markets,2022.8,10.2585,84.6423,5.1093
big_markets,2022.9,10.5380,84.1836,5.2870
big_markets,2023.0,10.8223,83.7166,5.4680
big_markets,2023.1,11.1115,83.2413,5.6522
big_markets,2023.2,11.4055,82.7579,5.8394
big_markets,2023.3,11.7045,82.2663,6.0297
big_markets,2023.4,12.0084,81.7668,6.2248
big_markets,2023.5,12.3172,81.2594,6.4234
big_markets,2023.6,12.6309,80.7443,6.6248
big_markets,2023.7,12.9495,80.2215,6.8290
big_markets,2023.8,13.2731,79.6913,7.0356
big_markets,2023.9,13.6016,79.1537,7.2447
big_markets,2024.0,13.9350,78.6090,7.4560
big_markets,2024.1,14.2734,78.0573,7.6693
big_markets,2024.2,14.6168,77.4988,7.8844
big_markets,2024.3,14.9651,76.9337,8.1012
big_markets,2024.4,15.3183,76.3623,8.3195
big_markets,2024.5,15.6765,75.7846,8.5389
big_markets,2024.6,16.0396,75.2011,8.7593
big_markets,2024.7,16.4076,74.6119,8.9805
big_markets,2024.8,16.7806,74.0172,9.2022
big_markets,2024.9,17.1585,73.4174,9.4241
big_markets,2025.0,17.5413,72.8128,9.6460
big_markets,2025.1,17.9290,72.2035,9.8676
big_markets,2025.2,18.3216,71.5899,10.0886
big_markets,2025.3,18.7191,70.9722,10.3087
big_markets,2025.4,19.1215,70.3509,10.5276
big_markets,2025.5,19.5287,69.7262,10.7451
big_markets,2025.6,19.9408,69.0984,10.9608
big_markets,2025.7,20.3578,68.4678,11.1744
big_markets,2025.8,20.7796,67.8348,11.3856
big_markets,2025.9,21.2062,67.1997,11.5940
big_markets,2026.0,21.6377,66.5629,11.7994
big_markets,2026.1,22.0740,65.9247,12.0014
big_markets,2026.2,22.5150,65.2854,12.1996
big_markets,2026.3,22.9609,64.6453,12.3938
big_markets,2026.4,23.4115,64.0049,12.5836
big_markets,2026.5,23.8669,63.3645,12.7686
big_markets,2026.6,24.3270,62.7244,12.9486
big_markets,2026.7,24.7918,62.0850,13.1232
big_markets,2026.8,25.2614,61.4466,13.2920
big_markets,2026.9,25.7357,60.8095,13.4548
big_markets,2027.0,26.2146,60.1741,13.6113
big_markets,2027.1,26.6982,59.5408,13.7610
big_markets,2027.2,27.1864,58.9098,13.9037
big_markets,2027.3,27.6792,58.2816,14.0392
big_markets,2027.4,28.1766,57.6563,14.1670
big_markets,2027.5,28.6785,57.0344,14.2870
big_markets,2027.6,29.1849,56.4162,14.3989
big_markets,2027.7,29.6957,55.8020,14.5023
big_markets,2027.8,30.2109,55.1920,14.5971
big_markets,2027.9,30.7304,54.5866,14.6830
big_markets,2028.0,31.2541,53.9861,14.7598
big_markets,2028.1,31.7820,53.3907,14.8273
big_markets,2028.2,32.3139,52.8008,14.8852
big_markets,2028.3,32.8498,52.2167,14.9335
big_markets,2028.4,33.3894,51.6386,14.9720
big_markets,2028.5,33.9327,51.0667,15.0006
big_markets,2028.6,34.4795,50.5014,15.0191
big_markets,2028.7,35.0296,49.9429,15.0276
big_markets,2028.8,35.5828,49.3914,15.0258
big_markets,2028.9,36.1389,48.8473,15.0138
big_markets,2029.0,36.6976,48.3107,14.9917
big_markets,2029.1,37.2587,47.7819,14.9594
big_markets,2029.2,37.8218,47.2612,14.9170
big_markets,2029.3,38.3867,46.7487,14.8646
big_markets,2029.4,38.9530,46.2447,14.8024
big_markets,2029.5,39.5202,45.7494,14.7304
big_markets,2029.6,40.0881,45.2630,14.6490
big_markets,2029.7,40.6561,44.7857,14.5582
big_markets,2029.8,41.2238,44.3177,14.4585
big_markets,2029.9,41.7907,43.8592,14.3501
big_markets,2030.0,42.3564,43.4103,14.2333
big_markets,2030.1,42.9202,42.9713,14.1085
big_markets,2030.2,43.4817,42.5421,13.9761
big_markets,2030.3,44.0403,42.1231,13.8366
big_markets,2030.4,44.5954,41.7142,13.6904
big_markets,2030.5,45.1465,41.3155,13.5379
big_markets,2030.6,45.6930,40.9272,13.3797
big_markets,2030.7,46.2344,40.5492,13.2164
big_markets,2030.8,46.7701,40.1816,13.0483
big_markets,2030.9,47.2996,39.8243,12.8761
big_markets,2031.0,47.8224,39.4773,12.7003
big_markets,2031.1,48.3380,39.1406,12.5214
big_markets,2031.2,48.8461,38.8139,12.3400
big_markets,2031.3,49.3463,38.4972,12.1565
big_markets,2031.4,49.8382,38.1903,11.9715
big_markets,2031.5,50.3216,37.8930,11.7854
big_markets,2031.6,50.7963,37.6051,11.5986
big_markets,2031.7,51.2622,37.3263,11.4115
big_markets,2031.8,51.7192,37.0563,11.2246
big_markets,2031.9,52.1672,36.7948,11.0381
big_markets,2032.0,52.6063,36.5414,10.8523
big_markets,2032.1,53.0366,36.2959,10.6675
big_markets,2032.2,53.4583,36.0578,10.4840
big_markets,2032.3,53.8715,35.8267,10.3018
big_markets,2032.4,54.2765,35.6023,10.1212
big_markets,2032.5,54.6735,35.3841,9.9423
big_markets,2032.6,55.0629,35.1718,9.7670
big_markets,2032.7,55.4449,34.9650,9.5940
big_markets,2032.8,55.8199,34.7632,9.4223
big_markets,2032.9,56.1881,34.5661,9.2520
big_markets,2033.0,56.5499,34.3732,9.0833
big_markets,2033.1,56.9056,34.1844,8.9165
big_markets,2033.2,57.2554,33.9992,8.7516
big_markets,2033.3,57.5995,33.8172,8.5889
big_markets,2033.4,57.9382,33.6383,8.4284
big_markets,2033.5,58.2718,33.4622,8.2704
big_markets,2033.6,58.6002,33.2885,8.1149
big_markets,2033.7,58.9239,33.1172,7.9620
big_markets,2033.8,59.2427,32.9479,7.8118
big_markets,2033.9,59.5570,32.7805,7.6645
big_markets,2034.0,59.8666,32.6149,7.5200
big_markets,2034.1,60.1718,32.4508,7.3785
big_markets,2034.2,60.4727,32.2883,7.2399
big_markets,2034.3,60.7691,32.1271,7.1044
big_markets,2034.4,61.0613,31.9671,6.9720
big_markets,2034.5,61.3493,31.8084,6.8426
big_markets,2034.6,61.6330,31.6508,6.7164
big_markets,2034.7,61.9127,31.4943,6.5932
big_markets,2034.8,62.1882,31.3387,6.4732
big_markets,2034.9,62.4597,31.1841,6.3562
big_markets,2035.0,62.7272,31.0305,6.2423
big_markets,2035.1,62.9908,30.8777,6.1315
big_markets,2035.2,63.2505,30.7259,6.0237
big_markets,2035.3,63.5063,30.5748,5.9189
big_markets,2035.4,63.7584,30.4246,5.8170
big_markets,2035.5,64.0068,30.2751,5.7181
big_markets,2035.6,64.2515,30.1265,5.6220
big_markets,2035.7,64.4926,29.9786,5.5288
big_markets,2035.8,64.7303,29.8315,5.4383
big_markets,2035.9,64.9644,29.6851,5.3505
big_markets,2036.0,65.1952,29.5394,5.2654
big_markets,2036.1,65.4226,29.3945,5.1829
big_markets,2036.2,65.6468,29.2503,5.1029
big_markets,2036.3,65.8679,29.1068,5.0254
big_markets,2036.4,66.0858,28.9640,4.9502
big_markets,2036.5,66.3006,28.8219,4.8775
big_markets,2036.6,66.5126,28.6805,4.8070
big_markets,2036.7,66.7216,28.5397,4.7387
big_markets,2036.8,66.9278,28.3997,4.6726
big_markets,2036.9,67.1312,28.2603,4.6085
big_markets,2037.0,67.3320,28.1216,4.5464
big_markets,2037.1,67.5302,27.9835,4.4863
big_markets,2037.2,67.7258,27.8461,4.4281
big_markets,2037.3,67.9189,27.7094,4.3717
big_markets,2037.4,68.1097,27.5733,4.3171
big_markets,2037.5,68.2981,27.4378,4.2641
big_markets,2037.6,68.4843,27.3030,4.2127
big_markets,2037.7,68.6683,27.1688,4.1629
big_markets,2037.8,68.8501,27.0352,4.1147
big_markets,2037.9,69.0299,26.9023,4.0678
big_markets,2038.0,69.2077,26.7699,4.0223
big_markets,2038.1,69.3836,26.6382,3.9782
big_markets,2038.2,69.5575,26.5071,3.9353
big_markets,2038.3,69.7297,26.3766,3.8937
big_markets,2038.4,69.9001,26.2467,3.8532
big_markets,2038.5,70.0688,26.1174,3.8138
big_markets,2038.6,70.2359,25.9887,3.7755
big_markets,2038.7,70.4013,25.8605,3.7381
big_markets,2038.8,70.5653,25.7330,3.7018
big_markets,2038.9,70.7277,25.6060,3.6663
big_markets,2039.0,70.8887,25.4795,3.6318
big_markets,2039.1,71.0483,25.3537,3.5980
big_markets,2039.2,71.2065,25.2284,3.5651
big_markets,2039.3,71.3635,25.1037,3.5328
big_markets,2039.4,71.5192,24.9795,3.5013
big_markets,2039.5,71.6737,24.8558,3.4705
big_markets,2039.6,71.8270,24.7327,3.4403
big_markets,2039.7,71.9791,24.6102,3.4107
big_markets,2039.8,72.1302,24.4882,3.3817
big_markets,2039.9,72.2802,24.3667,3.3532
big_markets,2040.0,72.4291,24.2457,3.3252
big_markets,2040.1,72.5771,24.1253,3.2977
big_markets,2040.2,72.7240,24.0054,3.2706
big_markets,2040.3,72.8701,23.8860,3.2439
big_markets,2040.4,73.0152,23.7671,3.2177
big_markets,2040.5,73.1594,23.6488,3.1918
big_markets,2040.6,73.3028,23.5309,3.1663
big_markets,2040.7,73.4453,23.4135,3.1412
big_markets,2040.8,73.5870,23.2967,3.1163
big_markets,2040.9,73.7279,23.1803,3.0918
big_markets,2041.0,73.8680,23.0645,3.0675
big_markets,2041.1,74.0074,22.9491,3.0434
big_markets,2041.2,74.1461,22.8342,3.0197
big_markets,2041.3,74.2840,22.7199,2.9961
big_markets,2041.4,74.4212,22.6060,2.9728
big_markets,2041.5,74.5578,22.4925,2.9497
big_markets,2041.6,74.6937,22.3796,2.9267
big_markets,2041.7,74.8289,22.2671,2.9040
big_markets,2041.8,74.9635,22.1551,2.8814
big_markets,2041.9,75.0974,22.0436,2.8590
big_markets,2042.0,75.2307,21.9326,2.8367
big_markets,2042.1,75.3634,21.8220,2.8146
big_markets,2042.2,75.4955,21.7119,2.7926
big_markets,2042.3,75.6270,21.6022,2.7707
big_markets,2042.4,75.7580,21.4930,2.7490
big_markets,2042.5,75.8883,21.3843,2.7274
big_markets,2042.6,76.0181,21.2760,2.7059
big_markets,2042.7,76.1474,21.1682,2.6845
big_markets,2042.8,76.2761,21.0608,2.6632
big_markets,2042.9,76.4042,20.9538,2.6419
big_markets,2043.0,76.5318,20.8473,2.6208
big_markets,2043.1,76.6589,20.7413,2.5998
big_markets,2043.2,76.7855,20.6357,2.5788
big_markets,2043.3,76.9115,20.5305,2.5580
big_markets,2043.4,77.0370,20.4258,2.5372
big_markets,2043.5,77.1620,20.3215,2.5165
big_markets,2043.6,77.2865,20.2176,2.4959
big_markets,2043.7,77.4105,20.1142,2.4753
big_markets,2043.8,77.5340,20.0112,2.4548
big_markets,2043.9,77.6570,19.9086,2.4344
big_markets,2044.0,77.7795,19.8065,2.4140
big_markets,2044.1,77.9015,19.7048,2.3938
big_markets,2044.2,78.0230,19.6034,2.3736
big_markets,2044.3,78.1440,19.5026,2.3534
big_markets,2044.4,78.2646,19.4021,2.3333
big_markets,2044.5,78.3846,19.3020,2.3133
big_markets,2044.6,78.5042,19.2024,2.2934
big_markets,2044.7,78.6233,19.1032,2.2735
big_markets,2044.8,78.7420,19.0044,2.2537
big_markets,2044.9,78.8601,18.9060,2.2339
big_markets,2045.0,78.9778,18.8080,2.2142
big_markets,2045.1,79.0950,18.7104,2.1946
big_markets,2045.2,79.2118,18.6132,2.1750
big_markets,2045.3,79.3281,18.5164,2.1556
big_markets,2045.4,79.4439,18.4200,2.1361
big_markets,2045.5,79.5592,18.3240,2.1168
big_markets,2045.6,79.6741,18.2284,2.0975
big_markets,2045.7,79.7886,18.1332,2.0782
big_markets,2045.8,79.9025,18.0384,2.0591
big_markets,2045.9,80.0160,17.9440,2.0400
big_markets,2046.0,80.1291,17.8500,2.0209
big_markets,2046.1,80.2417,17.7563,2.0020
big_markets,2046.2,80.3538,17.6631,1.9831
big_markets,2046.3,80.4655,17.5702,1.9643
big_markets,2046.4,80.5767,17.4778,1.9455
big_markets,2046.5,80.6875,17.3857,1.9268
big_markets,2046.6,80.7978,17.2940,1.9082
big_markets,2046.7,80.9077,17.2026,1.8897
big_markets,2046.8,81.0171,17.1117,1.8712
big_markets,2046.9,81.1261,17.0211,1.8528
big_markets,2047.0,81.2346,16.9309,1.8345
big_markets,2047.1,81.3427,16.8411,1.8162
big_markets,2047.2,81.4503,16.7517,1.7980
big_markets,2047.3,81.5574,16.6627,1.7799
big_markets,2047.4,81.6641,16.5740,1.7619
big_markets,2047.5,81.7704,16.4857,1.7439
big_markets,2047.6,81.8762,16.3977,1.7260
big_markets,2047.7,81.9816,16.3101,1.7082
big_markets,2047.8,82.0866,16.2229,1.6905
big_markets,2047.9,82.1910,16.1361,1.6728
big_markets,2048.0,82.2951,16.0497,1.6553
big_markets,2048.1,82.3987,15.9636,1.6378
big_markets,2048.2,82.5018,15.8778,1.6203
big_markets,2048.3,82.6045,15.7925,1.6030
big_markets,2048.4,82.7068,15.7075,1.5857
big_markets,2048.5,82.8086,15.6228,1.5685
big_markets,2048.6,82.9100,15.5386,1.5514
big_markets,2048.7,83.0109,15.4547,1.5344
big_markets,2048.8,83.1114,15.3711,1.5174
big_markets,2048.9,83.2115,15.2879,1.5006
big_markets,2049.0,83.3111,15.2051,1.4838
big_markets,2049.1,83.4103,15.1226,1.4671
big_markets,2049.2,83.5090,15.0405,1.4504
big_markets,2049.3,83.6073,14.9588,1.4339
big_markets,2049.4,83.7052,14.8774,1.4174
big_markets,2049.5,83.8026,14.7964,1.4010
big_markets,2049.6,83.8996,14.7157,1.3847
big_markets,2049.7,83.9961,14.6354,1.3685
big_markets,2049.8,84.0922,14.5554,1.3523
big_markets,2049.9,84.1879,14.4758,1.3363
big_markets,2050.0,84.2831,14.3966,1.3203
