group,year,bev_share,ice_share,phev_share
world,2015.0,0.3834,99.5406,0.1495
world,2015.1,0.4097,99.5089,0.1577
world,2015.2,0.4373,99.4754,0.1662
world,2015.3,0.4664,99.4401,0.1751
world,2015.4,0.4969,99.4028,0.1843
world,2015.5,0.5290,99.3635,0.1939
world,2015.6,0.5626,99.3220,0.2039
world,2015.7,0.5978,99.2785,0.2142
world,2015.8,0.6347,99.2326,0.2249
world,2015.9,0.6734,99.1845,0.2359
world,2016.0,0.7137,99.1339,0.2474
world,2016.1,0.7559,99.0808,0.2592
world,2016.2,0.7999,99.0252,0.2714
world,2016.3,0.8458,98.9669,0.2840
world,2016.4,0.8937,98.9059,0.2969
world,2016.5,0.9435,98.8421,0.3103
world,2016.6,0.9954,98.7753,0.3240
world,2016.7,1.0494,98.7056,0.3382
world,2016.8,1.1055,98.6327,0.3527
world,2016.9,1.1638,98.5566,0.3676
world,2017.0,1.2244,98.4773,0.3830
world,2017.1,1.2874,98.3937,0.3994
world,2017.2,1.3527,98.3065,0.4163
world,2017.3,1.4205,98.2156,0.4337
world,2017.4,1.4908,98.1209,0.4516
world,2017.5,1.5635,98.0222,0.4700
world,2017.6,1.6389,97.9194,0.4890
world,2017.7,1.7169,97.8125,0.5084
world,2017.8,1.7976,97.7013,0.5284
world,2017.9,1.8810,97.5858,0.5489
world,2018.0,1.9672,97.4657,0.5698
world,2018.1,2.0571,97.3410,0.6040
world,2018.2,2.1493,97.2115,0.6414
world,2018.3,2.2443,97.0771,0.6807
world,2018.4,2.3424,96.9379,0.7218
world,2018.5,2.4436,96.7935,0.7650
world,2018.6,2.5478,96.6440,0.8102
world,2018.7,2.6552,96.4891,0.8576
world,2018.8,2.7659,96.3288,0.9071
world,2018.9,2.8799,96.1629,0.9588
world,2019.0,2.9972,95.9914,1.0129
world,2019.1,3.1179,95.8140,1.0694
world,2019.2,3.2421,95.6307,1.1283
world,2019.3,3.3698,95.4413,1.1898
world,2019.4,3.5011,95.2457,1.2541
world,2019.5,3.6360,95.0438,1.3210
world,2019.6,3.7746,94.8355,1.3906
world,2019.7,3.9170,94.6206,1.4631
world,2019.8,4.0631,94.3989,1.5385
world,2019.9,4.2131,94.1705,1.6169
world,2020.0,4.3670,93.9351,1.6984
world,2020.1,4.5249,93.6926,1.7830
world,2020.2,4.6867,93.4429,1.8707
world,2020.3,4.8527,93.1860,1.9617
world,2020.4,5.0227,92.9216,2.0561
world,2020.5,5.1970,92.6496,2.1538
world,2020.6,5.3754,92.3700,2.2549
world,2020.7,5.5582,92.0826,2.3595
world,2020.8,5.7453,91.7873,2.4677
world,2020.9,5.9367,91.4840,2.5795
world,2021.0,6.1326,91.1727,2.6949
world,2021.1,6.3330,90.8532,2.8141
world,2021.2,6.5380,90.5254,2.9370
world,2021.3,6.7475,90.1892,3.0636
world,2021.4,6.9617,89.8445,3.1941
world,2021.5,7.1805,89.4914,3.3284
world,2021.6,7.4041,89.1296,3.4666
world,2021.7,7.6325,88.7592,3.6086
world,2021.8,7.8657,88.3800,3.7546
world,2021.9,8.1038,87.9921,3.9044
world,2022.0,8.3468,87.5953,4.0582
world,2022.1,8.5948,87.1897,4.2159
world,2022.2,8.8478,86.7751,4.3774
world,2022.3,9.1059,86.3517,4.5429
world,2022.4,9.3690,85.9193,4.7121
world,2022.5,9.6373,85.4779,4.8852
world,2022.6,9.9108,85.0276,5.0620
world,2022.7,10.1895,84.5684,5.2426
world,2022.8,10.4735,84.1003,5.4267
world,2022.9,10.7627,83.6233,5.6145
world,2023.0,11.0573,83.1375,5.8057
world,2023.1,11.3573,82.6429,6.0003
world,2023.2,11.6626,82.1395,6.1983
world,2023.3,11.9734,81.6276,6.3994
world,2023.4,12.2897,81.1071,6.6035
world,2023.5,12.6115,80.5782,6.8106
world,2023.6,12.9388,80.0409,7.0205
world,2023.7,13.2716,79.4954,7.2331
world,2023.8,13.6101,78.9419,7.4482
world,2023.9,13.9541,78.3804,7.6656
world,2024.0,14.3038,77.8112,7.8851
world,2024.1,14.6591,77.2344,8.1065
world,2024.2,15.0201,76.6502,8.3297
world,2024.3,15.3868,76.0588,8.5544
world,2024.4,15.7592,75.4604,8.7804
world,2024.5,16.1373,74.8553,9.0074
world,2024.6,16.5211,74.2436,9.2353
world,2024.7,16.9107,73.6257,9.4636
world,2024.8,17.3061,73.0017,9.6923
world,2024.9,17.7072,72.3720,9.9209
world,2025.0,18.1140,71.7368,10.1492
world,2025.1,18.5266,71.0964,10.3769
world,2025.2,18.9450,70.4513,10.6038
world,2025.3,19.3691,69.8015,10.8294
world,2025.4,19.7989,69.1476,11.0535
world,2025.5,20.2345,68.4898,11.2757
world,2025.6,20.6757,67.8285,11.4958
world,2025.7,21.1226,67.1640,11.7134
world,2025.8,21.5751,66.4968,11.9281
world,2025.9,22.0332,65.8272,12.1396
world,2026.0,22.4968,65.1555,12.3476
world,2026.1,22.9659,64.4824,12.5524
world,2026.2,23.4403,63.8080,12.7537
world,2026.3,23.9201,63.1329,12.9503
world,2026.4,24.4050,62.4575,13.1419
world,2026.5,24.8951,61.7823,13.3282
world,2026.6,25.3901,61.1076,13.5089
world,2026.7,25.8899,60.4341,13.6835
world,2026.8,26.3944,59.7622,13.8518
world,2026.9,26.9034,59.0924,14.0135
world,2027.0,27.4167,58.4251,14.1681
world,2027.1,27.9341,57.7610,14.3155
world,2027.2,28.4553,57.1005,14.4553
world,2027.3,28.9802,56.4442,14.5873
world,2027.4,29.5083,55.7926,14.7111
world,2027.5,30.0396,55.1462,14.8265
world,2027.6,30.5735,54.5056,14.9333
world,2027.7,31.1100,53.8714,15.0314
world,2027.8,31.6485,53.2439,15.1220
world,2027.9,32.1888,52.6238,15.2035
world,2028.0,32.7306,52.0116,15.2756
world,2028.1,33.2735,51.4076,15.3430
world,2028.2,33.8172,50.8123,15.4012
world,2028.3,34.3614,50.2261,15.4500
world,2028.4,34.9057,49.6493,15.4893
world,2028.5,35.4500,49.0821,15.5192
world,2028.6,35.9940,48.5249,15.5396
world,2028.7,36.5373,47.9778,15.5506
world,2028.8,37.0800,47.4408,15.5523
world,2028.9,37.6217,46.9141,15.5448
world,2029.0,38.1624,46.3976,15.5282
world,2029.1,38.7020,45.8913,15.5027
world,2029.2,39.2404,45.3951,15.4683
world,2029.3,39.7776,44.9088,15.4254
world,2029.4,40.3135,44.4323,15.3739
world,2029.5,40.8482,43.9654,15.3143
world,2029.6,41.3817,43.5078,15.2466
world,2029.7,41.9139,43.0593,15.1710
world,2029.8,42.4450,42.6198,15.0878
world,2029.9,42.9747,42.1891,14.9972
world,2030.0,43.5033,41.7668,14.8993
world,2030.1,44.0305,41.3528,14.7945
world,2030.2,44.5564,40.9470,14.6830
world,2030.3,45.0809,40.5491,14.5650
world,2030.4,45.6039,40.1589,14.4407
world,2030.5,46.1253,39.7763,14.3105
world,2030.6,46.6450,39.4011,14.1747
world,2030.7,47.1629,39.0331,14.0348
world,2030.8,47.6788,38.6723,13.8898
world,2030.9,48.1926,38.3183,13.7400
world,2031.0,48.7041,37.9710,13.5856
world,2031.1,49.2132,37.6303,13.4270
world,2031.2,49.7198,37.2960,13.2645
world,2031.3,50.2236,36.9680,13.0983
world,2031.4,50.7246,36.6460,12.9289
world,2031.5,51.2225,36.3299,12.7563
world,2031.6,51.7172,36.0197,12.5811
world,2031.7,52.2085,35.7150,12.4034
world,2031.8,52.6963,35.4158,12.2236
world,2031.9,53.1803,35.1220,12.0420
world,2032.0,53.6605,34.8333,11.8588
world,2032.1,54.1367,34.5498,11.6743
world,2032.2,54.6086,34.2711,11.4888
world,2032.3,55.0762,33.9973,11.3025
world,2032.4,55.5392,33.7281,11.1158
world,2032.5,55.9975,33.4636,10.9288
world,2032.6,56.4509,33.2034,10.7419
world,2032.7,56.8993,32.9477,10.5553
world,2032.8,57.3426,32.6961,10.3693
world,2032.9,57.7806,32.4487,10.1839
world,2033.0,58.2131,32.2053,9.9996
world,2033.1,58.6400,31.9658,9.8166
world,2033.2,59.0613,31.7301,9.6349
world,2033.3,59.4767,31.4981,9.4549
world,2033.4,59.8862,31.2697,9.2768
world,2033.5,60.2897,31.0448,9.1007
world,2033.6,60.6871,30.8233,8.9268
world,2033.7,61.0784,30.6050,8.7554
world,2033.8,61.4634,30.3899,8.5865
world,2033.9,61.8421,30.1779,8.4203
world,2034.0,62.2145,29.9689,8.2571
world,2034.1,62.5806,29.7627,8.0968
world,2034.2,62.9404,29.5593,7.9396
world,2034.3,63.2938,29.3586,7.7857
world,2034.4,63.6408,29.1604,7.6351
world,2034.5,63.9816,28.9647,7.4879
world,2034.6,64.3161,28.7713,7.3442
world,2034.7,64.6444,28.5803,7.2040
world,2034.8,64.9665,28.3914,7.0674
world,2034.9,65.2826,28.2046,6.9344
world,2035.0,65.5927,28.0198,6.8051
world,2035.1,65.8969,27.8369,6.6793
world,2035.2,66.1954,27.6559,6.5572
world,2035.3,66.4882,27.4767,6.4386
world,2035.4,66.7755,27.2991,6.3236
world,2035.5,67.0574,27.1233,6.2121
world,2035.6,67.3340,26.9490,6.1040
world,2035.7,67.6055,26.7762,5.9992
world,2035.8,67.8721,26.6049,5.8978
world,2035.9,68.1339,26.4350,5.7996
world,2036.0,68.3910,26.2666,5.7045
world,2036.1,68.6437,26.0994,5.6124
world,2036.2,68.8919,25.9336,5.5232
world,2036.3,69.1361,25.7690,5.4369
world,2036.4,69.3761,25.6057,5.3532
world,2036.5,69.6123,25.4436,5.2721
world,2036.6,69.8448,25.2828,5.1936
world,2036.7,70.0737,25.1230,5.1174
world,2036.8,70.2992,24.9645,5.0434
world,2036.9,70.5214,24.8070,4.9717
world,2037.0,70.7403,24.6507,4.9020
world,2037.1,70.9563,24.4955,4.8343
world,2037.2,71.1693,24.3414,4.7684
world,2037.3,71.3796,24.1883,4.7043
world,2037.4,71.5871,24.0363,4.6419
world,2037.5,71.7920,23.8854,4.5811
world,2037.6,71.9945,23.7354,4.5218
world,2037.7,72.1946,23.5866,4.4639
world,2037.8,72.3923,23.4387,4.4075
world,2037.9,72.5879,23.2918,4.3523
world,2038.0,72.7812,23.1459,4.2984
world,2038.1,72.9726,23.0011,4.2456
world,2038.2,73.1619,22.8571,4.1940
world,2038.3,73.3493,22.7142,4.1435
world,2038.4,73.5348,22.5722,4.0940
world,2038.5,73.7185,22.4312,4.0454
world,2038.6,73.9004,22.2911,3.9978
world,2038.7,74.0806,22.1519,3.9511
world,2038.8,74.2592,22.0136,3.9053
world,2038.9,74.4361,21.8762,3.8603
world,2039.0,74.6115,21.7398,3.8160
world,2039.1,74.7854,21.6042,3.7725
world,2039.2,74.9577,21.4695,3.7298
world,2039.3,75.1286,21.3357,3.6877
world,2039.4,75.2982,21.2028,3.6463
world,2039.5,75.4663,21.0707,3.6055
world,2039.6,75.6331,20.9394,3.5653
world,2039.7,75.7985,20.8090,3.5257
world,2039.8,75.9627,20.6795,3.4867
world,2039.9,76.1257,20.5507,3.4483
world,2040.0,76.2874,20.4228,3.4103
world,2040.1,76.4479,20.2957,3.3728
world,2040.2,76.6072,20.1694,3.3359
world,2040.3,76.7654,20.0438,3.2994
world,2040.4,76.9225,19.9191,3.2633
world,2040.5,77.0784,19.7952,3.2277
world,2040.6,77.2333,19.6720,3.1925
world,2040.7,77.3871,19.5496,3.1577
world,2040.8,77.5398,19.4279,3.1232
world,2040.9,77.6916,19.3070,3.0892
world,2041.0,77.8423,19.1869,3.0555
world,2041.1,77.9920,19.0674,3.0222
world,2041.2,78.1408,18.9488,2.9892
world,2041.3,78.2885,18.8308,2.9565
world,2041.4,78.4354,18.7136,2.9242
world,2041.5,78.5813,18.5970,2.8922
world,2041.6,78.7263,18.4812,2.8604
world,2041.7,78.8703,18.3661,2.8290
world,2041.8,79.0135,18.2517,2.7979
world,2041.9,79.1558,18.1379,2.7670
world,2042.0,79.2972,18.0249,2.7364
world,2042.1,79.4378,17.9125,2.7061
world,2042.2,79.5775,17.8008,2.6760
world,2042.3,79.7163,17.6897,2.6462
world,2042.4,79.8543,17.5793,2.6167
world,2042.5,79.9915,17.4696,2.5874
world,2042.6,80.1279,17.3605,2.5583
world,2042.7,80.2634,17.2520,2.5295
world,2042.8,80.3982,17.1442,2.5009
world,2042.9,80.5321,17.0370,2.4726
world,2043.0,80.6653,16.9305,2.4445
world,2043.1,80.7976,16.8245,2.4166
world,2043.2,80.9292,16.7192,2.3890
world,2043.3,81.0600,16.6145,2.3615
world,2043.4,81.1901,16.5103,2.3343
world,2043.5,81.3193,16.4068,2.3073
world,2043.6,81.4479,16.3039,2.2806
world,2043.7,81.5756,16.2015,2.2540
world,2043.8,81.7026,16.0998,2.2277
world,2043.9,81.8289,15.9986,2.2015
world,2044.0,81.9544,15.8980,2.1756
world,2044.1,82.0792,15.7980,2.1499
world,2044.2,82.2032,15.6985,2.1244
world,2044.3,82.3266,15.5997,2.0991
world,2044.4,82.4492,15.5013,2.0740
world,2044.5,82.5710,15.4035,2.0492
world,2044.6,82.6922,15.3063,2.0245
world,2044.7,82.8126,15.2096,2.0001
world,2044.8,82.9323,15.1135,1.9758
world,2044.9,83.0513,15.0179,1.9518
world,2045.0,83.1696,14.9228,1.9279
world,2045.1,83.2872,14.8283,1.9043
world,2045.2,83.4040,14.7342,1.8815
world,2045.3,83.5202,14.6408,1.8650
world,2045.4,83.6357,14.5478,1.8488
world,2045.5,83.7505,14.4554,1.8327
world,2045.6,83.8645,14.3634,1.8169
world,2045.7,83.9779,14.2720,1.8012
world,2045.8,84.0906,14.1811,1.7857
world,2045.9,84.2026,14.0907,1.7704
world,2046.0,84.3139,14.0008,1.7552
world,2046.1,84.4245,13.9114,1.7402
world,2046.2,84.5344,13.8225,1.7255
world,2046.3,84.6437,13.7341,1.7108
world,2046.4,84.7523,13.6462,1.6964
world,2046.5,84.8601,13.5588,1.6821
world,2046.6,84.9673,13.4719,1.6680
world,2046.7,85.0739,13.3854,1.6541
world,2046.8,85.1797,13.2995,1.6404
world,2046.9,85.2849,13.2140,1.6268
world,2047.0,85.3894,13.1290,1.6134
world,2047.1,85.4932,13.0445,1.6001
world,2047.2,85.5964,12.9604,1.5870
world,2047.3,85.6989,12.8769,1.5741
world,2047.4,85.8007,12.7938,1.5614
world,2047.5,85.9018,12.7112,1.5488
world,2047.6,86.0023,12.6290,1.5364
world,2047.7,86.1021,12.5473,1.5241
world,2047.8,86.2013,12.4661,1.5120
world,2047.9,86.2998,12.3853,1.5000
world,2048.0,86.3976,12.3051,1.4882
world,2048.1,86.4948,12.2252,1.4766
world,2048.2,86.5913,12.1459,1.4651
world,2048.3,86.6871,12.0669,1.4538
world,2048.4,86.7823,11.9885,1.4426
world,2048.5,86.8769,11.9105,1.4316
world,2048.6,86.9708,11.8330,1.4207
world,2048.7,87.0640,11.7559,1.4099
world,2048.8,87.1566,11.6792,1.3993
world,2048.9,87.2486,11.6031,1.3889
world,2049.0,87.3399,11.5273,1.3786
world,2049.1,87.4306,11.4521,1.3684
world,2049.2,87.5206,11.3772,1.3584
world,2049.3,87.6100,11.3028,1.3485
world,2049.4,87.6987,11.2289,1.3388
world,2049.5,87.7868,11.1554,1.3293
world,2049.6,87.8743,11.0824,1.3199
world,2049.7,87.9611,11.0098,1.3106
world,2049.8,88.0473,10.9376,1.3015
world,2049.9,88.1328,10.8659,1.2924
world,2050.0,88.2178,10.7946,1.2835
western_europe,2015.0,0.3739,99.2763,0.3498
western_europe,2015.1,0.4058,99.2168,0.3774
western_europe,2015.2,0.4399,99.1534,0.4066
western_europe,2015.3,0.4763,99.0863,0.4374
western_europe,2015.4,0.5150,99.0151,0.4699
western_europe,2015.5,0.5561,98.9400,0.5039
western_europe,2015.6,0.5997,98.8607,0.5396
western_europe,2015.7,0.6457,98.7773,0.5769
western_europe,2015.8,0.6944,98.6897,0.6159
western_europe,2015.9,0.7456,98.5978,0.6566
western_europe,2016.0,0.7996,98.5015,0.6989
western_europe,2016.1,0.8562,98.4009,0.7429
western_europe,2016.2,0.9157,98.2957,0.7886
western_europe,2016.3,0.9780,98.1860,0.8360
western_europe,2016.4,1.0432,98.0717,0.8851
western_europe,2016.5,1.1113,97.9528,0.9359
western_europe,2016.6,1.1824,97.8292,0.9884
western_europe,2016.7,1.2565,97.7009,1.0426
western_europe,2016.8,1.3337,97.5678,1.0985
western_europe,2016.9,1.4141,97.4299,1.1561
western_europe,2017.0,1.4975,97.2871,1.2154
western_europe,2017.1,1.5842,97.1381,1.2777
western_europe,2017.2,1.6742,96.9824,1.3433
western_europe,2017.3,1.7676,96.8203,1.4121
western_europe,2017.4,1.8644,96.6518,1.4837
western_europe,2017.5,1.9648,96.4770,1.5582
western_europe,2017.6,2.0688,96.2960,1.6352
western_europe,2017.7,2.1764,96.1087,1.7149
western_europe,2017.8,2.2878,95.9151,1.7971
western_europe,2017.9,2.4029,95.7154,1.8818
western_europe,2018.0,2.5218,95.5094,1.9688
western_europe,2018.1,2.6446,95.2972,2.0581
western_europe,2018.2,2.7714,95.0789,2.1497
western_europe,2018.3,2.9021,94.8544,2.2435
western_europe,2018.4,3.0369,94.6237,2.3394
western_europe,2018.5,3.1758,94.3869,2.4374
western_europe,2018.6,3.3188,94.1439,2.5374
western_europe,2018.7,3.4659,93.8947,2.6393
western_europe,2018.8,3.6173,93.6395,2.7432
western_europe,2018.9,3.7729,93.3781,2.8490
western_europe,2019.0,3.9328,93.1107,2.9565
western_europe,2019.1,4.0971,92.8372,3.0658
western_europe,2019.2,4.2657,92.5576,3.1767
western_europe,2019.3,4.4387,92.2720,3.2893
western_europe,2019.4,4.6162,91.9803,3.4035
western_europe,2019.5,4.7981,91.6827,3.5192
western_europe,2019.6,4.9846,91.3791,3.6363
western_europe,2019.7,5.1755,91.0696,3.7549
western_europe,2019.8,5.3710,90.7542,3.8748
western_europe,2019.9,5.5711,90.4329,3.9960
western_europe,2020.0,5.7758,90.1057,4.1185
western_europe,2020.1,5.9851,89.7727,4.2421
western_europe,2020.2,6.1991,89.4340,4.3669
western_europe,2020.3,6.4178,89.0895,4.4928
western_europe,2020.4,6.6411,88.7393,4.6196
western_europe,2020.5,6.8691,88.3834,4.7475
western_europe,2020.6,7.1019,88.0219,4.8762
western_europe,2020.7,7.3393,87.6549,5.0058
western_europe,2020.8,7.5816,87.2823,5.1361
western_europe,2020.9,7.8285,86.9042,5.2672
western_europe,2021.0,8.0802,86.5207,5.3990
western_europe,2021.1,8.3367,86.1319,5.5314
western_europe,2021.2,8.5980,85.7377,5.6643
western_europe,2021.3,8.8640,85.3382,5.7978
western_europe,2021.4,9.1348,84.9336,5.9317
western_europe,2021.5,9.4103,84.5237,6.0660
western_europe,2021.6,9.6906,84.1088,6.2006
western_europe,2021.7,9.9757,83.6889,6.3354
western_europe,2021.8,10.2655,83.2639,6.4705
western_europe,2021.9,10.5601,82.8341,6.6058
western_europe,2022.0,10.8594,82.3994,6.7411
western_europe,2022.1,11.1635,81.9600,6.8765
western_europe,2022.2,11.4722,81.5159,7.0119
western_europe,2022.3,11.7856,81.0671,7.1472
western_europe,2022.4,12.1038,80.6138,7.2824
western_europe,2022.5,12.4265,80.1560,7.4174
western_europe,2022.6,12.7539,79.6939,7.5522
western_europe,2022.7,13.0860,79.2274,7.6867
western_europe,2022.8,13.4226,78.7566,7.8208
western_europe,2022.9,13.7638,78.2817,7.9546
western_europe,2023.0,14.1095,77.8027,8.0879
western_europe,2023.1,14.4597,77.3197,8.2207
western_europe,2023.2,14.8144,76.8328,8.3529
western_europe,2023.3,15.1735,76.3420,8.4845
western_europe,2023.4,15.5370,75.8475,8.6155
western_europe,2023.5,15.9049,75.3494,8.7457
western_europe,2023.6,16.2771,74.8477,8.8752
western_europe,2023.7,16.6537,74.3425,9.0038
western_europe,2023.8,17.0344,73.8339,9.1316
western_europe,2023.9,17.4194,73.3221,9.2585
western_europe,2024.0,17.8085,72.8070,9.3845
western_europe,2024.1,18.2017,72.2889,9.5094
western_europe,2024.2,18.5990,71.7677,9.6332
western_europe,2024.3,19.0003,71.2437,9.7560
western_europe,2024.4,19.4056,70.7168,9.8776
western_europe,2024.5,19.8147,70.1872,9.9980
western_europe,2024.6,20.2278,69.6550,10.1172
western_europe,2024.7,20.6446,69.1203,10.2351
western_europe,2024.8,21.0651,68.5832,10.3517
western_europe,2024.9,21.4893,68.0438,10.4669
western_europe,2025.0,21.9171,67.5022,10.5807
western_europe,2025.1,22.3485,66.9584,10.6931
western_europe,2025.2,22.7834,66.4127,10.8039
western_europe,2025.3,23.2217,65.8650,10.9133
western_europe,2025.4,23.6633,65.3156,11.0211
western_europe,2025.5,24.1083,64.7645,11.1273
western_europe,2025.6,24.5564,64.2118,11.2318
western_europe,2025.7,25.0077,63.6576,11.3347
western_europe,2025.8,25.4621,63.1020,11.4359
western_europe,2025.9,25.9195,62.5451,11.5353
western_europe,2026.0,26.3799,61.9871,11.6330
western_europe,2026.1,26.8430,61.4281,11.7289
western_europe,2026.2,27.3090,60.8680,11.8229
western_europe,2026.3,27.7777,60.3072,11.9151
western_europe,2026.4,28.2490,59.7455,12.0054
western_europe,2026.5,28.7229,59.1833,12.0938
western_europe,2026.6,29.1993,58.6205,12.1802
western_europe,2026.7,29.6780,58.0573,12.2647
western_europe,2026.8,30.1591,57.4937,12.3472
western_europe,2026.9,30.6424,56.9300,12.4276
western_europe,2027.0,31.1279,56.3661,12.5060
western_europe,2027.1,31.6155,55.8022,12.5823
western_europe,2027.2,32.1050,55.2384,12.6566
western_europe,2027.3,32.5965,54.6748,12.7287
western_europe,2027.4,33.0897,54.1115,12.7988
western_europe,2027.5,33.5848,53.5486,12.8666
western_europe,2027.6,34.0815,52.9862,12.9324
western_europe,2027.7,34.5797,52.4244,12.9959
western_europe,2027.8,35.0795,51.8633,13.0572
western_europe,2027.9,35.5807,51.3030,13.1164
western_europe,2028.0,36.0832,50.7435,13.1733
western_europe,2028.1,36.5869,50.1851,13.2280
western_europe,2028.2,37.0918,49.6278,13.2804
western_europe,2028.3,37.5978,49.0716,13.3306
western_europe,2028.4,38.1047,48.5168,13.3785
western_europe,2028.5,38.6126,47.9633,13.4241
western_europe,2028.6,39.1213,47.4112,13.4675
western_europe,2028.7,39.6307,46.8608,13.5085
western_europe,2028.8,40.1408,46.3119,13.5473
western_europe,2028.9,40.6514,45.7648,13.5838
western_europe,2029.0,41.1625,45.2195,13.6179
western_europe,2029.1,41.6741,44.6762,13.6497
western_europe,2029.2,42.1859,44.1348,13.6793
western_europe,2029.3,42.6980,43.5955,13.7065
western_europe,2029.4,43.2103,43.0584,13.7314
western_europe,2029.5,43.7226,42.5234,13.7539
western_europe,2029.6,44.2350,41.9909,13.7742
western_europe,2029.7,44.7472,41.4607,13.7921
western_europe,2029.8,45.2593,40.9330,13.8077
western_europe,2029.9,45.7711,40.4078,13.8211
western_europe,2030.0,46.2827,39.8853,13.8321
western_europe,2030.1,46.7938,39.3654,13.8408
western_europe,2030.2,47.3045,38.8483,13.8472
western_europe,2030.3,47.8146,38.3341,13.8513
western_europe,2030.4,48.3241,37.8227,13.8531
western_europe,2030.5,48.8329,37.3144,13.8527
western_europe,2030.6,49.3410,36.8090,13.8500
western_europe,2030.7,49.8482,36.3068,13.8560
western_europe,2030.8,50.3545,35.8077,13.8595
western_europe,2030.9,50.8598,35.3118,13.8605
western_europe,2031.0,51.3640,34.8192,13.8590
western_europe,2031.1,51.8672,34.3299,13.8549
western_europe,2031.2,52.3691,33.8440,13.8484
western_europe,2031.3,52.8698,33.3615,13.8394
western_europe,2031.4,53.3692,32.8826,13.8279
western_europe,2031.5,53.8672,32.4071,13.8140
western_europe,2031.6,54.3638,31.9353,13.7976
western_europe,2031.7,54.8588,31.4670,13.7788
western_europe,2031.8,55.3523,31.0024,13.7576
western_europe,2031.9,55.8441,30.5416,13.7340
western_europe,2032.0,56.3342,30.0845,13.7080
western_europe,2032.1,56.8226,29.6312,13.6797
western_europe,2032.2,57.3092,29.1817,13.6490
western_europe,2032.3,57.7939,28.7361,13.6161
western_europe,2032.4,58.2767,28.2944,13.5808
western_europe,2032.5,58.7575,27.8566,13.5433
western_europe,2032.6,59.2363,27.4227,13.5036
western_europe,2032.7,59.7130,26.9929,13.4617
western_europe,2032.8,60.1876,26.5670,13.4176
western_europe,2032.9,60.6600,26.1452,13.3713
western_europe,2033.0,61.1302,25.7275,13.3229
western_europe,2033.1,61.5981,25.3138,13.2725
western_europe,2033.2,62.0637,24.9043,13.2200
western_europe,2033.3,62.5269,24.4988,13.1654
western_europe,2033.4,62.9876,24.0975,13.1089
western_europe,2033.5,63.4460,23.7004,13.0504
western_europe,2033.6,63.9018,23.3074,12.9900
western_europe,2033.7,64.3551,22.9186,12.9277
western_europe,2033.8,64.8058,22.5340,12.8635
western_europe,2033.9,65.2539,22.1535,12.7976
western_europe,2034.0,65.6993,21.7773,12.7298
western_europe,2034.1,66.1421,21.4053,12.6603
western_europe,2034.2,66.5821,21.0375,12.5891
western_europe,2034.3,67.0193,20.6739,12.5163
western_europe,2034.4,67.4537,20.3146,12.4418
western_europe,2034.5,67.8853,19.9594,12.3657
western_europe,2034.6,68.3141,19.6085,12.2881
western_europe,2034.7,68.7399,19.2618,12.2089
western_europe,2034.8,69.1628,18.9193,12.1283
western_europe,2034.9,69.5828,18.5810,12.0463
western_europe,2035.0,69.9998,18.2469,11.9629
western_europe,2035.1,70.4138,17.9170,11.8781
western_europe,2035.2,70.8247,17.5912,11.7920
western_europe,2035.3,71.2326,17.2697,11.7047
western_europe,2035.4,71.6374,16.9523,11.6161
western_europe,2035.5,72.0390,16.6391,11.5264
western_europe,2035.6,72.4376,16.3300,11.4356
western_europe,2035.7,72.8330,16.0250,11.3436
western_europe,2035.8,73.2252,15.7241,11.2506
western_europe,2035.9,73.6142,15.4273,11.1566
western_europe,2036.0,74.0001,15.1346,11.0616
western_europe,2036.1,74.3827,14.8460,10.9657
western_europe,2036.2,74.7620,14.5614,10.8689
western_europe,2036.3,75.1381,14.2807,10.7713
western_europe,2036.4,75.5109,14.0041,10.6728
western_europe,2036.5,75.8805,13.7315,10.5736
western_europe,2036.6,76.2467,13.4628,10.4737
western_europe,2036.7,76.6096,13.1981,10.3731
western_europe,2036.8,76.9692,12.9372,10.2719
western_europe,2036.9,77.3255,12.6802,10.1701
western_europe,2037.0,77.6784,12.4271,10.0678
western_europe,2037.1,78.0279,12.1778,9.9649
western_europe,2037.2,78.3741,11.9323,9.8615
western_europe,2037.3,78.7169,11.6906,9.7577
western_europe,2037.4,79.0564,11.4526,9.6536
western_europe,2037.5,79.3924,11.2183,9.5490
western_europe,2037.6,79.7251,10.9877,9.4442
western_europe,2037.7,80.0544,10.7608,9.3391
western_europe,2037.8,80.3802,10.5375,9.2337
western_europe,2037.9,80.7027,10.3178,9.1281
western_europe,2038.0,81.0218,10.1016,9.0224
western_europe,2038.1,81.3374,9.8890,8.9165
western_europe,2038.2,81.6497,9.6799,8.8105
western_europe,2038.3,81.9586,9.4743,8.7045
western_europe,2038.4,82.2640,9.2721,8.5984
western_europe,2038.5,82.5661,9.0733,8.4924
western_europe,2038.6,82.8648,8.8778,8.3864
western_europe,2038.7,83.1600,8.6857,8.2805
western_europe,2038.8,83.4519,8.4969,8.1746
western_europe,2038.9,83.7404,8.3114,8.0689
western_europe,2039.0,84.0255,8.1291,7.9634
western_europe,2039.1,84.3072,7.9500,7.8581
western_europe,2039.2,84.5856,7.7741,7.7530
western_europe,2039.3,84.8606,7.6013,7.6482
western_europe,2039.4,85.1322,7.4315,7.5437
western_europe,2039.5,85.4005,7.2649,7.4395
western_europe,2039.6,85.6655,7.1013,7.3357
western_europe,2039.7,85.9271,6.9406,7.2322
western_europe,2039.8,86.1855,6.7829,7.1291
western_europe,2039.9,86.4405,6.6282,7.0264
western_europe,2040.0,86.6922,6.4763,6.9242
western_europe,2040.1,86.9406,6.3272,6.8225
western_europe,2040.2,87.1858,6.1810,6.7212
western_europe,2040.3,87.4277,6.0375,6.6205
western_europe,2040.4,87.6663,5.8968,6.5203
western_europe,2040.5,87.9018,5.7588,6.4207
western_europe,2040.6,88.1340,5.6234,6.3217
western_europe,2040.7,88.3630,5.4907,6.2232
western_europe,2040.8,88.5888,5.3606,6.1254
western_europe,2040.9,88.8115,5.2330,6.0283
western_europe,2041.0,89.0310,5.1080,5.9318
western_europe,2041.1,89.2474,4.9855,5.8360
western_europe,2041.2,89.4607,4.8654,5.7409
western_europe,2041.3,89.6708,4.7477,5.6465
western_europe,2041.4,89.8779,4.6324,5.5528
western_europe,2041.5,90.0820,4.5195,5.4599
western_europe,2041.6,90.2830,4.4088,5.3677
western_europe,2041.7,90.4810,4.3005,5.2764
western_europe,2041.8,90.6759,4.1944,5.1858
western_europe,2041.9,90.8679,4.0905,5.0960
western_europe,2042.0,91.0570,3.9888,5.0071
western_europe,2042.1,91.2431,3.8892,4.9189
western_europe,2042.2,91.4263,3.7918,4.8316
western_europe,2042.3,91.6066,3.6964,4.7452
western_europe,2042.4,91.7841,3.6031,4.6596
western_europe,2042.5,91.9587,3.5117,4.5749
western_europe,2042.6,92.1304,3.4224,4.4911
western_europe,2042.7,92.2994,3.3350,4.4081
western_europe,2042.8,92.4656,3.2495,4.3261
western_europe,2042.9,92.6291,3.1659,4.2450
western_europe,2043.0,92.7898,3.0841,4.1647
western_europe,2043.1,92.9479,3.0042,4.0854
western_europe,2043.2,93.1033,2.9260,4.0070
western_europe,2043.3,93.2560,2.8496,3.9295
western_europe,2043.4,93.4061,2.7749,3.8530
western_europe,2043.5,93.5536,2.7019,3.7774
western_europe,2043.6,93.6985,2.6306,3.7027
western_europe,2043.7,93.8409,2.5609,3.6290
western_europe,2043.8,93.9807,2.4928,3.5562
western_europe,2043.9,94.1181,2.4263,3.4844
western_europe,2044.0,94.2530,2.3613,3.4135
western_europe,2044.1,94.3855,2.2979,3.3436
western_europe,2044.2,94.5155,2.2359,3.2746
western_europe,2044.3,94.6432,2.1754,3.2066
western_europe,2044.4,94.7685,2.1163,3.1395
western_europe,2044.5,94.8915,2.0587,3.0733
western_europe,2044.6,95.0122,2.0024,3.0082
western_europe,2044.7,95.1306,1.9475,2.9439
western_europe,2044.8,95.2467,1.8939,2.8806
western_europe,2044.9,95.3606,1.8415,2.8183
western_europe,2045.0,95.4724,1.7905,2.7569
western_europe,2045.1,95.5820,1.7407,2.6964
western_europe,2045.2,95.6894,1.6921,2.6369
western_europe,2045.3,95.7947,1.6448,2.5783
western_europe,2045.4,95.8980,1.5986,2.5207
western_europe,2045.5,95.9991,1.5535,2.4639
western_europe,2045.6,96.0983,1.5096,2.4081
western_europe,2045.7,96.1955,1.4668,2.3532
western_europe,2045.8,96.2906,1.4251,2.2992
western_europe,2045.9,96.3839,1.3844,2.2461
western_europe,2046.0,96.4752,1.3447,2.1939
western_europe,2046.1,96.5646,1.3061,2.1426
western_europe,2046.2,96.6522,1.2685,2.0922
western_europe,2046.3,96.7379,1.2318,2.0427
western_europe,2046.4,96.8219,1.1961,1.9941
western_europe,2046.5,96.9040,1.1613,1.9463
western_europe,2046.6,96.9844,1.1274,1.8994
western_europe,2046.7,97.0631,1.0944,1.8533
western_europe,2046.8,97.1400,1.0622,1.8081
western_europe,2046.9,97.2153,1.0310,1.7637
western_europe,2047.0,97.2889,1.0005,1.7202
western_europe,2047.1,97.3610,0.9708,1.6775
western_europe,2047.2,97.4314,0.9420,1.6356
western_europe,2047.3,97.5002,0.9139,1.5945
western_europe,2047.4,97.5675,0.8866,1.5542
western_europe,2047.5,97.6333,0.8600,1.5147
western_europe,2047.6,97.6976,0.8341,1.4760
western_europe,2047.7,97.7604,0.8090,1.4380
western_europe,2047.8,97.8218,0.7845,1.4009
western_europe,2047.9,97.8818,0.7607,1.3644
western_europe,2048.0,97.9403,0.7375,1.3288
western_europe,2048.1,97.9975,0.7150,1.2938
western_europe,2048.2,98.0534,0.6931,1.2596
western_europe,2048.3,98.1079,0.6718,1.2261
western_europe,2048.4,98.1612,0.6512,1.1934
western_europe,2048.5,98.2131,0.6311,1.1613
western_europe,2048.6,98.2638,0.6115,1.1299
western_europe,2048.7,98.3133,0.5925,1.0992
western_europe,2048.8,98.3616,0.5741,1.0692
western_europe,2048.9,98.4087,0.5562,1.0398
western_europe,2049.0,98.4547,0.5387,1.0111
western_europe,2049.1,98.4995,0.5218,0.9830
western_europe,2049.2,98.5432,0.5054,0.9556
western_europe,2049.3,98.5858,0.4895,0.9288
western_europe,2049.4,98.6273,0.4740,0.9026
western_europe,2049.5,98.6678,0.4589,0.8770
western_europe,2049.6,98.7072,0.4443,0.8520
western_europe,2049.7,98.7457,0.4301,0.8276
western_europe,2049.8,98.7831,0.4164,0.8038
western_europe,2049.9,98.8196,0.4030,0.7805
western_europe,2050.0,98.8551,0.3901,0.7578
northern_europe,2015.0,2.6484,94.8850,2.4665
northern_europe,2015.1,2.7739,94.6564,2.5697
northern_europe,2015.2,2.9040,94.4197,2.6763
northern_europe,2015.3,3.0388,94.1747,2.7865
northern_europe,2015.4,3.1784,93.9213,2.9003
northern_europe,2015.5,3.3231,93.6592,3.0177
northern_europe,2015.6,3.4728,93.3883,3.1389
northern_europe,2015.7,3.6278,93.1084,3.2639
northern_europe,2015.8,3.7881,92.8192,3.3927
northern_europe,2015.9,3.9539,92.5207,3.5254
northern_europe,2016.0,4.1253,92.2126,3.6621
northern_europe,2016.1,4.3025,91.8948,3.8027
northern_europe,2016.2,4.4855,91.5671,3.9474
northern_europe,2016.3,4.6745,91.2293,4.0961
northern_europe,2016.4,4.8697,90.8813,4.2489
northern_europe,2016.5,5.0712,90.5230,4.4058
northern_europe,2016.6,5.2791,90.1541,4.5668
northern_europe,2016.7,5.4935,89.7746,4.7319
northern_europe,2016.8,5.7146,89.3843,4.9010
northern_europe,2016.9,5.9426,88.9831,5.0743
northern_europe,2017.0,6.1775,88.5709,5.2516
northern_europe,2017.1,6.4311,88.0877,5.4812
northern_europe,2017.2,6.6926,87.6100,5.6974
northern_europe,2017.3,6.9619,87.1260,5.9121
northern_europe,2017.4,7.2388,86.6337,6.1275
northern_europe,2017.5,7.5235,86.1322,6.3443
northern_europe,2017.6,7.8161,85.6209,6.5630
northern_europe,2017.7,8.1167,85.0994,6.7839
northern_europe,2017.8,8.4255,84.5675,7.0070
northern_europe,2017.9,8.7425,84.0249,7.2326
northern_europe,2018.0,9.0680,83.4715,7.4605
northern_europe,2018.1,9.4020,82.9071,7.6909
northern_europe,2018.2,9.7447,82.3317,7.9235
northern_europe,2018.3,10.0963,81.7453,8.1585
northern_europe,2018.4,10.4568,81.1476,8.3956
northern_europe,2018.5,10.8265,80.5388,8.6347
northern_europe,2018.6,11.2054,79.9188,8.8758
northern_europe,2018.7,11.5938,79.2876,9.1186
northern_europe,2018.8,11.9917,78.6453,9.3630
northern_europe,2018.9,12.3993,77.9918,9.6089
northern_europe,2019.0,12.8168,77.3273,9.8560
northern_europe,2019.1,13.2442,76.6517,10.1041
northern_europe,2019.2,13.6818,75.9652,10.3530
northern_europe,2019.3,14.1296,75.2679,10.6024
northern_europe,2019.4,14.5879,74.5599,10.8522
northern_europe,2019.5,15.0567,73.8413,11.1020
northern_europe,2019.6,15.5363,73.1121,11.3516
northern_europe,2019.7,16.0266,72.3727,11.6007
northern_europe,2019.8,16.5279,71.6231,11.8490
northern_europe,2019.9,17.0403,70.8635,12.0962
northern_europe,2020.0,17.5639,70.0941,12.3421
northern_europe,2020.1,18.0988,69.3150,12.5862
northern_europe,2020.2,18.6452,68.5266,12.8282
northern_europe,2020.3,19.2032,67.7290,13.0678
northern_europe,2020.4,19.7729,66.9224,13.3047
northern_europe,2020.5,20.3543,66.1071,13.5385
northern_europe,2020.6,20.9477,65.2834,13.7689
northern_europe,2020.7,21.5531,64.4515,13.9955
northern_europe,2020.8,22.1705,63.6117,14.2178
northern_europe,2020.9,22.8001,62.7642,14.4356
northern_europe,2021.0,23.4420,61.9095,14.6485
northern_europe,2021.1,24.0961,61.0477,14.8561
northern_europe,2021.2,24.7627,60.1793,15.0580
northern_europe,2021.3,25.4416,59.3045,15.2539
northern_europe,2021.4,26.1329,58.4237,15.4434
northern_europe,2021.5,26.8367,57.5372,15.6260
northern_europe,2021.6,27.5530,56.6455,15.8016
northern_europe,2021.7,28.2816,55.7488,15.9696
northern_europe,2021.8,29.0227,54.8475,16.1297
northern_europe,2021.9,29.7762,53.9421,16.2817
northern_europe,2022.0,30.5420,53.0328,16.4252
northern_europe,2022.1,31.3200,52.1202,16.5598
northern_europe,2022.2,32.1101,51.2047,16.6852
northern_europe,2022.3,32.9122,50.2865,16.8012
northern_europe,2022.4,33.7262,49.3663,16.9075
northern_europe,2022.5,34.5518,48.4443,17.0039
northern_europe,2022.6,35.3889,47.5210,17.0901
northern_europe,2022.7,36.2372,46.5970,17.1658
northern_europe,2022.8,37.0965,45.6725,17.2310
northern_europe,2022.9,37.9664,44.7481,17.2855
northern_europe,2023.0,38.8467,43.8242,17.3291
northern_europe,2023.1,39.7370,42.9013,17.3617
northern_europe,2023.2,40.6369,41.9799,17.3832
northern_europe,2023.3,41.5460,41.0603,17.3936
northern_europe,2023.4,42.4639,40.1432,17.3930
northern_europe,2023.5,43.3899,39.2289,17.3812
northern_europe,2023.6,44.3237,38.3179,17.3584
northern_europe,2023.7,45.2646,37.4107,17.3247
northern_europe,2023.8,46.2121,36.5078,17.2801
northern_europe,2023.9,47.1654,35.6097,17.2249
northern_europe,2024.0,48.1240,34.7168,17.1592
northern_europe,2024.1,49.0871,33.8296,17.0833
northern_europe,2024.2,50.0540,32.9485,16.9974
northern_europe,2024.3,51.0240,32.0741,16.9019
northern_europe,2024.4,51.9961,31.2068,16.7971
northern_europe,2024.5,52.9697,30.3471,16.6832
northern_europe,2024.6,53.9438,29.4954,16.5608
northern_europe,2024.7,54.9176,28.6521,16.4302
northern_europe,2024.8,55.8903,27.8178,16.2920
northern_europe,2024.9,56.8608,26.9928,16.1465
northern_europe,2025.0,57.8282,26.1776,15.9942
northern_europe,2025.1,58.7918,25.3726,15.8357
northern_europe,2025.2,59.7505,24.5781,15.6714
northern_europe,2025.3,60.7033,23.7947,15.5020
northern_europe,2025.4,61.6495,23.0226,15.3278
northern_europe,2025.5,62.5881,22.2623,15.1496
northern_europe,2025.6,63.5182,21.5141,14.9677
northern_europe,2025.7,64.4389,20.7784,14.7827
northern_europe,2025.8,65.3494,20.0554,14.5952
northern_europe,2025.9,66.2489,19.3455,14.4056
northern_europe,2026.0,67.1366,18.6490,14.2144
northern_europe,2026.1,68.0117,17.9662,14.0750
northern_europe,2026.2,68.8737,17.2972,13.9957
northern_europe,2026.3,69.7218,16.6424,13.9105
northern_europe,2026.4,70.5555,16.0020,13.8193
northern_europe,2026.5,71.3742,15.3761,13.7220
northern_europe,2026.6,72.1774,14.7650,13.6187
northern_europe,2026.7,72.9648,14.1687,13.5094
northern_europe,2026.8,73.7361,13.5875,13.3941
northern_europe,2026.9,74.4908,13.0214,13.2729
northern_europe,2027.0,75.2289,12.4706,13.1458
northern_europe,2027.1,75.9501,11.9350,13.0128
northern_europe,2027.2,76.6544,11.4148,12.8741
northern_europe,2027.3,77.3417,10.9099,12.7298
northern_europe,2027.4,78.0121,10.4203,12.5799
northern_europe,2027.5,78.6657,9.9461,12.4246
northern_europe,2027.6,79.3026,9.4871,12.2639
northern_europe,2027.7,79.9230,9.0433,12.0981
northern_europe,2027.8,80.5272,8.6146,11.9273
northern_europe,2027.9,81.1155,8.2009,11.7517
northern_europe,2028.0,81.6881,7.8020,11.5714
northern_europe,2028.1,82.2454,7.4179,11.3867
northern_europe,2028.2,82.7879,7.0482,11.1977
northern_europe,2028.3,83.3159,6.6929,11.0047
northern_europe,2028.4,83.8298,6.3516,10.8079
northern_europe,2028.5,84.3302,6.0243,10.6076
northern_europe,2028.6,84.8173,5.7106,10.4039
northern_europe,2028.7,85.2917,5.4103,10.1972
northern_europe,2028.8,85.7538,5.1230,9.9877
northern_europe,2028.9,86.2040,4.8486,9.7757
northern_europe,2029.0,86.6427,4.5867,9.5615
northern_europe,2029.1,87.0703,4.3370,9.3454
northern_europe,2029.2,87.4872,4.0991,9.1276
northern_europe,2029.3,87.8938,3.8728,8.9084
northern_europe,2029.4,88.2904,3.6578,8.6882
northern_europe,2029.5,88.6773,3.4536,8.4672
northern_europe,2029.6,89.0548,3.2599,8.2457
northern_europe,2029.7,89.4232,3.0764,8.0241
northern_europe,2029.8,89.7827,2.9027,7.8025
northern_europe,2029.9,90.1335,2.7385,7.5814
northern_europe,2030.0,90.4758,2.5834,7.3610
northern_europe,2030.1,90.8097,2.4371,7.1415
northern_europe,2030.2,91.1356,2.2991,6.9233
northern_europe,2030.3,91.4534,2.1692,6.7066
northern_europe,2030.4,91.7633,2.0471,6.4917
northern_europe,2030.5,92.0653,1.9322,6.2789
northern_europe,2030.6,92.3597,1.8244,6.0683
northern_europe,2030.7,92.6464,1.7233,5.8602
northern_europe,2030.8,92.9256,1.6285,5.6549
northern_europe,2030.9,93.1972,1.5398,5.4525
northern_europe,2031.0,93.4614,1.4568,5.2533
northern_europe,2031.1,93.7182,1.3792,5.0575
northern_europe,2031.2,93.9676,1.3068,4.8651
northern_europe,2031.3,94.2098,1.2392,4.6765
northern_europe,2031.4,94.4448,1.1762,4.4917
northern_europe,2031.5,94.6725,1.1175,4.3109
northern_europe,2031.6,94.8932,1.0628,4.1342
northern_europe,2031.7,95.1068,1.0120,3.9617
northern_europe,2031.8,95.3134,0.9647,3.7936
northern_europe,2031.9,95.5131,0.9208,3.6298
northern_europe,2032.0,95.7060,0.8799,3.4706
northern_europe,2032.1,95.8921,0.8420,3.3159
northern_europe,2032.2,96.0716,0.8068,3.1658
northern_europe,2032.3,96.2445,0.7742,3.0203
northern_europe,2032.4,96.4109,0.7439,2.8795
northern_europe,2032.5,96.5710,0.7158,2.7434
northern_europe,2032.6,96.7248,0.6898,2.6119
northern_europe,2032.7,96.8725,0.6656,2.4851
northern_europe,2032.8,97.0142,0.6432,2.3629
northern_europe,2032.9,97.1500,0.6224,2.2453
northern_europe,2033.0,97.2800,0.6031,2.1323
northern_europe,2033.1,97.4044,0.5851,2.0238
northern_europe,2033.2,97.5233,0.5685,1.9198
northern_europe,2033.3,97.6369,0.5530,1.8201
northern_europe,2033.4,97.7453,0.5386,1.7248
northern_europe,2033.5,97.8486,0.5252,1.6337
northern_europe,2033.6,97.9470,0.5127,1.5468
northern_europe,2033.7,98.0406,0.5010,1.4639
northern_europe,2033.8,98.1296,0.4901,1.3850
northern_europe,2033.9,98.2142,0.4799,1.3099
northern_europe,2034.0,98.2944,0.4704,1.2386
northern_europe,2034.1,98.3705,0.4615,1.1709
northern_europe,2034.2,98.4426,0.4531,1.1068
northern_europe,2034.3,98.5109,0.4452,1.0461
northern_europe,2034.4,98.5754,0.4377,0.9887
northern_europe,2034.5,98.6363,0.4307,0.9344
northern_europe,2034.6,98.6939,0.4241,0.8833
northern_europe,2034.7,98.7482,0.4178,0.8351
northern_europe,2034.8,98.7994,0.4119,0.7897
northern_europe,2034.9,98.8475,0.4062,0.7470
northern_europe,2035.0,98.8929,0.4008,0.7069
northern_europe,2035.1,98.9355,0.3957,0.6693
northern_europe,2035.2,98.9756,0.3907,0.6341
northern_europe,2035.3,99.0132,0.3860,0.6011
northern_europe,2035.4,99.0485,0.3815,0.5703
northern_europe,2035.5,99.0816,0.3772,0.5415
northern_europe,2035.6,99.1126,0.3730,0.5146
northern_europe,2035.7,99.1416,0.3690,0.4895
northern_europe,2035.8,99.1688,0.3651,0.4662
northern_europe,2035.9,99.1942,0.3614,0.4445
northern_europe,2036.0,99.2180,0.3578,0.4243
northern_europe,2036.1,99.2403,0.3542,0.4056
northern_europe,2036.2,99.2611,0.3508,0.3882
northern_europe,2036.3,99.2805,0.3475,0.3721
northern_europe,2036.4,99.2987,0.3443,0.3571
northern_europe,2036.5,99.3156,0.3411,0.3433
northern_europe,2036.6,99.3315,0.3380,0.3305
northern_europe,2036.7,99.3463,0.3350,0.3187
northern_europe,2036.8,99.3602,0.3321,0.3077
northern_europe,2036.9,99.3732,0.3292,0.2976
northern_europe,2037.0,99.3853,0.3264,0.2883
northern_europe,2037.1,99.3967,0.3236,0.2797
northern_europe,2037.2,99.4074,0.3209,0.2717
northern_europe,2037.3,99.4174,0.3182,0.2644
northern_europe,2037.4,99.4268,0.3156,0.2576
northern_europe,2037.5,99.4356,0.3130,0.2513
northern_europe,2037.6,99.4440,0.3105,0.2455
northern_europe,2037.7,99.4518,0.3080,0.2402
northern_europe,2037.8,99.4592,0.3056,0.2352
northern_europe,2037.9,99.4663,0.3031,0.2306
northern_europe,2038.0,99.4729,0.3007,0.2263
northern_europe,2038.1,99.4792,0.2984,0.2224
northern_europe,2038.2,99.4852,0.2960,0.2187
northern_europe,2038.3,99.4910,0.2937,0.2153
northern_europe,2038.4,99.4964,0.2915,0.2121
northern_europe,2038.5,99.5017,0.2892,0.2091
northern_europe,2038.6,99.5067,0.2870,0.2063
northern_europe,2038.7,99.5116,0.2848,0.2036
northern_europe,2038.8,99.5162,0.2826,0.2011
northern_europe,2038.9,99.5207,0.2805,0.1988
northern_europe,2039.0,99.5251,0.2784,0.1966
northern_europe,2039.1,99.5293,0.2763,0.1944
northern_europe,2039.2,99.5334,0.2742,0.1924
northern_europe,2039.3,99.5374,0.2721,0.1905
northern_europe,2039.4,99.5413,0.2701,0.1886
northern_europe,2039.5,99.5451,0.2681,0.1869
northern_europe,2039.6,99.5488,0.2661,0.1852
northern_europe,2039.7,99.5524,0.2641,0.1835
northern_europe,2039.8,99.5560,0.2621,0.1819
northern_europe,2039.9,99.5595,0.2602,0.1803
northern_europe,2040.0,99.5629,0.2582,0.1788
northern_europe,2040.1,99.5663,0.2563,0.1773
northern_europe,2040.2,99.5697,0.2544,0.1759
northern_europe,2040.3,99.5730,0.2526,0.1745
northern_europe,2040.4,99.5762,0.2507,0.1731
northern_europe,2040.5,99.5794,0.2489,0.1717
northern_europe,2040.6,99.5826,0.2470,0.1704
northern_europe,2040.7,99.5857,0.2452,0.1691
northern_europe,2040.8,99.5888,0.2434,0.1678
northern_europe,2040.9,99.5919,0.2416,0.1665
northern_europe,2041.0,99.5949,0.2399,0.1652
northern_europe,2041.1,99.5980,0.2381,0.1639
northern_europe,2041.2,99.6009,0.2364,0.1627
northern_europe,2041.3,99.6039,0.2346,0.1615
northern_europe,2041.4,99.6068,0.2329,0.1602
northern_europe,2041.5,99.6097,0.2312,0.1590
northern_europe,2041.6,99.6126,0.2295,0.1578
northern_europe,2041.7,99.6155,0.2279,0.1566
northern_europe,2041.8,99.6183,0.2262,0.1555
northern_europe,2041.9,99.6211,0.2246,0.1543
northern_europe,2042.0,99.6239,0.2229,0.1531
northern_europe,2042.1,99.6267,0.2213,0.1520
northern_europe,2042.2,99.6295,0.2197,0.1508
northern_europe,2042.3,99.6322,0.2181,0.1497
northern_europe,2042.4,99.6349,0.2166,0.1485
northern_europe,2042.5,99.6376,0.2150,0.1474
northern_europe,2042.6,99.6403,0.2134,0.1463
northern_europe,2042.7,99.6429,0.2119,0.1452
northern_europe,2042.8,99.6456,0.2104,0.1441
northern_europe,2042.9,99.6482,0.2089,0.1430
northern_europe,2043.0,99.6508,0.2074,0.1419
northern_europe,2043.1,99.6533,0.2059,0.1408
northern_europe,2043.2,99.6559,0.2044,0.1397
northern_europe,2043.3,99.6584,0.2029,0.1386
northern_europe,2043.4,99.6610,0.2015,0.1376
northern_europe,2043.5,99.6635,0.2000,0.1365
northern_europe,2043.6,99.6659,0.1986,0.1355
northern_europe,2043.7,99.6684,0.1972,0.1344
northern_europe,2043.8,99.6709,0.1958,0.1334
northern_europe,2043.9,99.6733,0.1944,0.1324
northern_europe,2044.0,99.6757,0.1930,0.1313
northern_europe,2044.1,99.6781,0.1916,0.1303
northern_europe,2044.2,99.6805,0.1902,0.1293
northern_europe,2044.3,99.6828,0.1889,0.1283
northern_europe,2044.4,99.6852,0.1875,0.1273
northern_europe,2044.5,99.6875,0.1862,0.1263
northern_europe,2044.6,99.6898,0.1849,0.1253
northern_europe,2044.7,99.6921,0.1836,0.1243
northern_europe,2044.8,99.6944,0.1823,0.1234
northern_europe,2044.9,99.6966,0.1810,0.1224
northern_europe,2045.0,99.6989,0.1797,0.1214
northern_europe,2045.1,99.7011,0.1784,0.1205
northern_europe,2045.2,99.7033,0.1772,0.1195
northern_europe,2045.3,99.7055,0.1759,0.1186
northern_europe,2045.4,99.7077,0.1747,0.1176
northern_europe,2045.5,99.7099,0.1734,0.1167
northern_europe,2045.6,99.7120,0.1722,0.1158
northern_europe,2045.7,99.7142,0.1710,0.1149
northern_europe,2045.8,99.7163,0.1698,0.1139
northern_europe,2045.9,99.7184,0.1686,0.1130
northern_europe,2046.0,99.7205,0.1674,0.1121
northern_europe,2046.1,99.7225,0.1662,0.1112
northern_europe,2046.2,99.7246,0.1651,0.1104
northern_europe,2046.3,99.7266,0.1639,0.1095
northern_europe,2046.4,99.7287,0.1627,0.1086
northern_europe,2046.5,99.7307,0.1616,0.1077
northern_europe,2046.6,99.7327,0.1605,0.1069
northern_europe,2046.7,99.7347,0.1593,0.1060
northern_europe,2046.8,99.7366,0.1582,0.1051
northern_europe,2046.9,99.7386,0.1571,0.1043
northern_europe,2047.0,99.7405,0.1560,0.1034
northern_europe,2047.1,99.7425,0.1549,0.1026
northern_europe,2047.2,99.7444,0.1539,0.1018
northern_europe,2047.3,99.7463,0.1528,0.1010
northern_europe,2047.4,99.7481,0.1517,0.1001
northern_europe,2047.5,99.7500,0.1507,0.0993
northern_europe,2047.6,99.7519,0.1496,0.0985
northern_europe,2047.7,99.7537,0.1486,0.0977
northern_europe,2047.8,99.7556,0.1475,0.0969
northern_europe,2047.9,99.7574,0.1465,0.0961
northern_europe,2048.0,99.7592,0.1455,0.0953
northern_europe,2048.1,99.7610,0.1445,0.0945
northern_europe,2048.2,99.7627,0.1435,0.0938
northern_europe,2048.3,99.7645,0.1425,0.0930
northern_europe,2048.4,99.7663,0.1415,0.0922
northern_europe,2048.5,99.7680,0.1405,0.0915
northern_europe,2048.6,99.7697,0.1396,0.0907
northern_europe,2048.7,99.7714,0.1386,0.0900
northern_europe,2048.8,99.7731,0.1376,0.0892
northern_europe,2048.9,99.7748,0.1367,0.0885
northern_europe,2049.0,99.7765,0.1357,0.0877
northern_europe,2049.1,99.7782,0.1348,0.0870
northern_europe,2049.2,99.7798,0.1339,0.0863
northern_europe,2049.3,99.7815,0.1330,0.0856
northern_europe,2049.4,99.7831,0.1320,0.0849
northern_europe,2049.5,99.7847,0.1311,0.0841
northern_europe,2049.6,99.7863,0.1302,0.0834
northern_europe,2049.7,99.7879,0.1293,0.0827
northern_europe,2049.8,99.7895,0.1284,0.0821
northern_europe,2049.9,99.7911,0.1276,0.0814
northern_europe,2050.0,99.7926,0.1267,0.0807
southern_europe,2015.0,0.0479,99.8883,0.0637
southern_europe,2015.1,0.0541,99.8740,0.0719
southern_europe,2015.2,0.0610,99.8582,0.0808
southern_europe,2015.3,0.0685,99.8408,0.0907
southern_europe,2015.4,0.0768,99.8218,0.1014
southern_europe,2015.5,0.0858,99.8011,0.1130
southern_europe,2015.6,0.0957,99.7787,0.1256
southern_europe,2015.7,0.1063,99.7545,0.1392
southern_europe,2015.8,0.1177,99.7285,0.1538
southern_europe,2015.9,0.1300,99.7006,0.1694
southern_europe,2016.0,0.1432,99.6707,0.1861
southern_europe,2016.1,0.1573,99.6388,0.2038
southern_europe,2016.2,0.1723,99.6049,0.2227
southern_europe,2016.3,0.1883,99.5690,0.2427
southern_europe,2016.4,0.2053,99.5308,0.2638
southern_europe,2016.5,0.2233,99.4905,0.2861
southern_europe,2016.6,0.2423,99.4480,0.3097
southern_europe,2016.7,0.2624,99.4032,0.3344
southern_europe,2016.8,0.2835,99.3561,0.3604
southern_europe,2016.9,0.3058,99.3066,0.3876
southern_europe,2017.0,0.3292,99.2547,0.4161
southern_europe,2017.1,0.3537,99.2003,0.4459
southern_europe,2017.2,0.3794,99.1435,0.4771
southern_europe,2017.3,0.4063,99.0841,0.5096
southern_europe,2017.4,0.4345,99.0221,0.5434
southern_europe,2017.5,0.4638,98.9575,0.5787
southern_europe,2017.6,0.4944,98.8903,0.6153
southern_europe,2017.7,0.5264,98.8203,0.6533
southern_europe,2017.8,0.5596,98.7476,0.6928
southern_europe,2017.9,0.5941,98.6721,0.7338
southern_europe,2018.0,0.6300,98.5938,0.7762
southern_europe,2018.1,0.6673,98.5126,0.8201
southern_europe,2018.2,0.7060,98.4285,0.8655
southern_europe,2018.3,0.7461,98.3415,0.9124
southern_europe,2018.4,0.7876,98.2515,0.9609
southern_europe,2018.5,0.8306,98.1585,1.0109
southern_europe,2018.6,0.8750,98.0625,1.0625
southern_europe,2018.7,0.9210,97.9633,1.1157
southern_europe,2018.8,0.9685,97.8611,1.1704
southern_europe,2018.9,1.0175,97.7557,1.2268
southern_europe,2019.0,1.0681,97.6471,1.2847
southern_europe,2019.1,1.1203,97.5353,1.3443
southern_europe,2019.2,1.1741,97.4202,1.4056
southern_europe,2019.3,1.2296,97.3018,1.4686
southern_europe,2019.4,1.2867,97.1801,1.5332
southern_europe,2019.5,1.3455,97.0549,1.5996
southern_europe,2019.6,1.4060,96.9264,1.6676
southern_europe,2019.7,1.4682,96.7944,1.7374
southern_europe,2019.8,1.5322,96.6590,1.8088
southern_europe,2019.9,1.5979,96.5201,1.8820
southern_europe,2020.0,1.6654,96.3777,1.9569
southern_europe,2020.1,1.7348,96.2317,2.0335
southern_europe,2020.2,1.8059,96.0822,2.1119
southern_europe,2020.3,1.8788,95.9291,2.1920
southern_europe,2020.4,1.9537,95.7725,2.2739
southern_europe,2020.5,2.0304,95.6122,2.3575
southern_europe,2020.6,2.1089,95.4482,2.4428
southern_europe,2020.7,2.1894,95.2806,2.5300
southern_europe,2020.8,2.2718,95.1094,2.6188
southern_europe,2020.9,2.3562,94.9344,2.7094
southern_europe,2021.0,2.4425,94.7557,2.8018
southern_europe,2021.1,2.5307,94.5733,2.8960
southern_europe,2021.2,2.6210,94.3872,2.9918
southern_europe,2021.3,2.7133,94.1973,3.0895
southern_europe,2021.4,2.8076,94.0036,3.1889
southern_europe,2021.5,2.9039,93.8061,3.2900
southern_europe,2021.6,3.0022,93.6049,3.3929
southern_europe,2021.7,3.1027,93.3999,3.4975
southern_europe,2021.8,3.2052,93.1910,3.6038
southern_europe,2021.9,3.3098,92.9784,3.7118
southern_europe,2022.0,3.4165,92.7619,3.8216
southern_europe,2022.1,3.5254,92.5416,3.9331
southern_europe,2022.2,3.6363,92.3174,4.0462
southern_europe,2022.3,3.7494,92.0895,4.1611
southern_europe,2022.4,3.8647,91.8577,4.2776
southern_europe,2022.5,3.9821,91.6220,4.3958
southern_europe,2022.6,4.1018,91.3826,4.5157
southern_europe,2022.7,4.2236,91.1393,4.6372
southern_europe,2022.8,4.3476,90.8921,4.7603
southern_europe,2022.9,4.4738,90.6412,4.8850
southern_europe,2023.0,4.6023,90.3864,5.0113
southern_europe,2023.1,4.7330,90.1278,5.1392
southern_europe,2023.2,4.8659,89.8654,5.2687
southern_europe,2023.3,5.0011,89.5992,5.3997
southern_europe,2023.4,5.1386,89.3292,5.5322
southern_europe,2023.5,5.2783,89.0555,5.6662
southern_europe,2023.6,5.4203,88.7780,5.8017
southern_europe,2023.7,5.5646,88.4967,5.9387
southern_europe,2023.8,5.7111,88.2117,6.0771
southern_europe,2023.9,5.8600,87.9230,6.2170
southern_europe,2024.0,6.0112,87.6306,6.3582
southern_europe,2024.1,6.1647,87.3346,6.5008
southern_europe,2024.2,6.3205,87.0348,6.6447
southern_europe,2024.3,6.4786,86.7314,6.7900
southern_europe,2024.4,6.6390,86.4245,6.9365
southern_europe,2024.5,6.8018,86.1139,7.0843
southern_europe,2024.6,6.9669,85.7998,7.2333
southern_europe,2024.7,7.1343,85.4821,7.3836
southern_europe,2024.8,7.3041,85.1609,7.5350
southern_europe,2024.9,7.4762,84.8363,7.6875
southern_europe,2025.0,7.6506,84.5082,7.8412
southern_europe,2025.1,7.8274,84.1767,7.9959
southern_europe,2025.2,8.0065,83.8418,8.1517
southern_europe,2025.3,8.1880,83.5035,8.3085
southern_europe,2025.4,8.3718,83.1620,8.4662
southern_europe,2025.5,8.5579,82.8171,8.6249
southern_europe,2025.6,8.7464,82.4691,8.7845
southern_europe,2025.7,8.9372,82.1178,8.9450
southern_europe,2025.8,9.1303,81.7634,9.1063
southern_europe,2025.9,9.3258,81.4058,9.2684
southern_europe,2026.0,9.5236,81.0452,9.4312
southern_europe,2026.1,9.7237,80.6816,9.5947
southern_europe,2026.2,9.9261,80.3149,9.7590
southern_europe,2026.3,10.1308,79.9454,9.9238
southern_europe,2026.4,10.3378,79.5729,10.0892
southern_europe,2026.5,10.5471,79.1976,10.2552
southern_europe,2026.6,10.7587,78.8195,10.4217
southern_europe,2026.7,10.9726,78.4387,10.5887
southern_europe,2026.8,11.1887,78.0552,10.7561
southern_europe,2026.9,11.4071,77.6690,10.9238
southern_europe,2027.0,11.6278,77.2803,11.0919
southern_europe,2027.1,11.8507,76.8890,11.2603
southern_europe,2027.2,12.0758,76.4953,11.4289
southern_europe,2027.3,12.3032,76.0991,11.5978
southern_europe,2027.4,12.5327,75.7005,11.7667
southern_europe,2027.5,12.7644,75.2997,11.9358
southern_europe,2027.6,12.9984,74.8966,12.1050
southern_europe,2027.7,13.2345,74.4913,12.2742
southern_europe,2027.8,13.4727,74.0839,12.4434
southern_europe,2027.9,13.7131,73.6745,12.6125
southern_europe,2028.0,13.9556,73.2630,12.7814
southern_europe,2028.1,14.2002,72.8496,12.9502
southern_europe,2028.2,14.4469,72.4343,13.1188
southern_europe,2028.3,14.6957,72.0172,13.2872
southern_europe,2028.4,14.9465,71.5983,13.4552
southern_europe,2028.5,15.1994,71.1777,13.6229
southern_europe,2028.6,15.4543,70.7555,13.7902
southern_europe,2028.7,15.7112,70.3318,13.9570
southern_europe,2028.8,15.9701,69.9065,14.1234
southern_europe,2028.9,16.2309,69.4799,14.2892
southern_europe,2029.0,16.4937,69.0518,14.4545
southern_europe,2029.1,16.7584,68.6225,14.6191
southern_europe,2029.2,17.0250,68.1920,14.7830
southern_europe,2029.3,17.2935,67.7602,14.9463
southern_europe,2029.4,17.5638,67.3274,15.1088
southern_europe,2029.5,17.8360,66.8936,15.2704
southern_europe,2029.6,18.1100,66.4588,15.4312
southern_europe,2029.7,18.3857,66.0231,15.5912
southern_europe,2029.8,18.6632,65.5866,15.7502
southern_europe,2029.9,18.9425,65.1493,15.9082
southern_europe,2030.0,19.2235,64.7114,16.0652
southern_europe,2030.1,19.5061,64.2728,16.2211
southern_europe,2030.2,19.7904,63.8336,16.3759
southern_europe,2030.3,20.0764,63.3940,16.5296
southern_europe,2030.4,20.3640,62.9540,16.6821
southern_europe,2030.5,20.6531,62.5136,16.8333
southern_europe,2030.6,20.9438,62.0729,16.9833
southern_europe,2030.7,21.2360,61.6320,17.1320
southern_europe,2030.8,21.5297,61.1909,17.2794
southern_europe,2030.9,21.8249,60.7498,17.4253
southern_europe,2031.0,22.1215,60.3086,17.5699
southern_europe,2031.1,22.4196,59.8674,17.7130
southern_europe,2031.2,22.7190,59.4264,17.8546
southern_europe,2031.3,23.0198,58.9855,17.9947
southern_europe,2031.4,23.3219,58.5449,18.1332
southern_europe,2031.5,23.6253,58.1046,18.2701
southern_europe,2031.6,23.9300,57.6646,18.4055
southern_europe,2031.7,24.2359,57.2250,18.5391
southern_europe,2031.8,24.5430,56.7859,18.6711
southern_europe,2031.9,24.8513,56.3474,18.8014
southern_europe,2032.0,25.1607,55.9094,18.9299
southern_europe,2032.1,25.4712,55.4721,19.0567
southern_europe,2032.2,25.7829,55.0355,19.1816
southern_europe,2032.3,26.0955,54.5997,19.3047
southern_europe,2032.4,26.4092,54.1647,19.4260
southern_europe,2032.5,26.7239,53.7306,19.5454
southern_europe,2032.6,27.0396,53.2975,19.6630
southern_europe,2032.7,27.3561,52.8653,19.7785
southern_europe,2032.8,27.6736,52.4342,19.8922
southern_europe,2032.9,27.9919,52.0042,20.0039
southern_europe,2033.0,28.3111,51.5753,20.1136
southern_europe,2033.1,28.6311,51.1477,20.2213
southern_europe,2033.2,28.9518,50.7212,20.3270
southern_europe,2033.3,29.2733,50.2961,20.4306
southern_europe,2033.4,29.5955,49.8723,20.5322
southern_europe,2033.5,29.9183,49.4500,20.6317
southern_europe,2033.6,30.2419,49.0290,20.7291
southern_europe,2033.7,30.5660,48.6096,20.8244
southern_europe,2033.8,30.8907,48.1916,20.9176
southern_europe,2033.9,31.2160,47.7753,21.0087
southern_europe,2034.0,31.5418,47.3605,21.0977
southern_europe,2034.1,31.8681,46.9474,21.1845
southern_europe,2034.2,32.1948,46.5360,21.2691
southern_europe,2034.3,32.5220,46.1264,21.3516
southern_europe,2034.4,32.8496,45.7185,21.4319
southern_europe,2034.5,33.1776,45.3124,21.5100
southern_europe,2034.6,33.5059,44.9081,21.5860
southern_europe,2034.7,33.8346,44.5057,21.6597
southern_europe,2034.8,34.1635,44.1052,21.7312
southern_europe,2034.9,34.4927,43.7067,21.8006
southern_europe,2035.0,34.8221,43.3102,21.8677
southern_europe,2035.1,35.1517,42.9156,21.9327
southern_europe,2035.2,35.4815,42.5231,21.9954
southern_europe,2035.3,35.8115,42.1326,22.0559
southern_europe,2035.4,36.1415,41.7443,22.1142
southern_europe,2035.5,36.4717,41.3580,22.1703
southern_europe,2035.6,36.8019,40.9739,22.2242
southern_europe,2035.7,37.1322,40.5919,22.2759
southern_europe,2035.8,37.4625,40.2122,22.3254
southern_europe,2035.9,37.7927,39.8346,22.3726
southern_europe,2036.0,38.1229,39.4593,22.4177
southern_europe,2036.1,38.4531,39.0863,22.4606
southern_europe,2036.2,38.7832,38.7155,22.5013
southern_europe,2036.3,39.1132,38.3470,22.5399
southern_europe,2036.4,39.4430,37.9808,22.5762
southern_europe,2036.5,39.7726,37.6170,22.6104
southern_europe,2036.6,40.1021,37.2555,22.6424
southern_europe,2036.7,40.4314,36.8963,22.6723
southern_europe,2036.8,40.7605,36.5395,22.7000
southern_europe,2036.9,41.0892,36.1852,22.7256
southern_europe,2037.0,41.4178,35.8332,22.7491
southern_europe,2037.1,41.7460,35.4836,22.7704
southern_europe,2037.2,42.0739,35.1364,22.7897
southern_europe,2037.3,42.4015,34.7917,22.8068
southern_europe,2037.4,42.7287,34.4494,22.8219
southern_europe,2037.5,43.0555,34.1096,22.8349
southern_europe,2037.6,43.3819,33.7722,22.8459
southern_europe,2037.7,43.7079,33.4373,22.8548
southern_europe,2037.8,44.0335,33.1049,22.8617
southern_europe,2037.9,44.3586,32.7749,22.8665
southern_europe,2038.0,44.6832,32.4474,22.8694
southern_europe,2038.1,45.0073,32.1225,22.8702
southern_europe,2038.2,45.3309,31.7999,22.8691
southern_europe,2038.3,45.6540,31.4799,22.8661
southern_europe,2038.4,45.9765,31.1624,22.8611
southern_europe,2038.5,46.2985,30.8474,22.8542
southern_europe,2038.6,46.6198,30.5349,22.8453
southern_europe,2038.7,46.9406,30.2248,22.8346
southern_europe,2038.8,47.2607,29.9173,22.8220
southern_europe,2038.9,47.5802,29.6122,22.8075
southern_europe,2039.0,47.8991,29.3097,22.7912
southern_europe,2039.1,48.2173,29.0096,22.7731
southern_europe,2039.2,48.5348,28.7120,22.7532
southern_europe,2039.3,48.8516,28.4169,22.7315
southern_europe,2039.4,49.1677,28.1243,22.7080
southern_europe,2039.5,49.4830,27.8342,22.6828
southern_europe,2039.6,49.7977,27.5465,22.6559
southern_europe,2039.7,50.1115,27.2613,22.6272
southern_europe,2039.8,50.4246,26.9785,22.5969
southern_europe,2039.9,50.7369,26.6982,22.5649
southern_europe,2040.0,51.0484,26.4203,22.5312
southern_europe,2040.1,51.3591,26.1449,22.4960
southern_europe,2040.2,51.6690,25.8719,22.4591
southern_europe,2040.3,51.9780,25.6013,22.4207
southern_europe,2040.4,52.2862,25.3331,22.3806
southern_europe,2040.5,52.5935,25.0674,22.3391
southern_europe,2040.6,52.9000,24.8040,22.2960
southern_europe,2040.7,53.2055,24.5430,22.2515
southern_europe,2040.8,53.5102,24.2843,22.2055
southern_europe,2040.9,53.8139,24.0281,22.1580
southern_europe,2041.0,54.1168,23.7741,22.1091
southern_europe,2041.1,54.4186,23.5226,22.0588
southern_europe,2041.2,54.7196,23.2733,22.0071
southern_europe,2041.3,55.0196,23.0263,21.9541
southern_europe,2041.4,55.3186,22.7817,21.8997
southern_europe,2041.5,55.6166,22.5393,21.8441
southern_europe,2041.6,55.9137,22.2992,21.7871
southern_europe,2041.7,56.2097,22.0614,21.7289
southern_europe,2041.8,56.5047,21.8258,21.6695
southern_europe,2041.9,56.7987,21.5924,21.6088
southern_europe,2042.0,57.0917,21.3613,21.5470
southern_europe,2042.1,57.3837,21.1323,21.4840
southern_europe,2042.2,57.6746,20.9056,21.4199
southern_europe,2042.3,57.9644,20.6810,21.3546
southern_europe,2042.4,58.2531,20.4586,21.2883
southern_europe,2042.5,58.5408,20.2383,21.2209
southern_europe,2042.6,58.8274,20.0202,21.1524
southern_europe,2042.7,59.1129,19.8041,21.0830
southern_europe,2042.8,59.3973,19.5902,21.0125
southern_europe,2042.9,59.6805,19.3784,20.9411
southern_europe,2043.0,59.9627,19.1686,20.8688
southern_europe,2043.1,60.2437,18.9608,20.7955
southern_europe,2043.2,60.5235,18.7551,20.7214
southern_europe,2043.3,60.8022,18.5514,20.6464
southern_europe,2043.4,61.0798,18.3497,20.5705
southern_europe,2043.5,61.3562,18.1500,20.4938
southern_europe,2043.6,61.6314,17.9523,20.4164
southern_europe,2043.7,61.9054,17.7565,20.3382
southern_europe,2043.8,62.1782,17.5626,20.2592
southern_europe,2043.9,62.4498,17.3706,20.1795
southern_europe,2044.0,62.7203,17.1806,20.0991
southern_europe,2044.1,62.9895,16.9924,20.0181
southern_europe,2044.2,63.2575,16.8061,19.9364
southern_europe,2044.3,63.5242,16.6217,19.8541
southern_europe,2044.4,63.7898,16.4390,19.7712
southern_europe,2044.5,64.0541,16.2582,19.6877
southern_europe,2044.6,64.3171,16.0792,19.6037
southern_europe,2044.7,64.5789,15.9020,19.5191
southern_europe,2044.8,64.8394,15.7265,19.4341
southern_europe,2044.9,65.0987,15.5528,19.3485
southern_europe,2045.0,65.3567,15.3808,19.2626
southern_europe,2045.1,65.6134,15.2105,19.1761
southern_europe,2045.2,65.8688,15.0419,19.0893
southern_europe,2045.3,66.1230,14.8750,19.0020
southern_europe,2045.4,66.3758,14.7097,18.9144
southern_europe,2045.5,66.6274,14.5461,18.8265
southern_europe,2045.6,66.8776,14.3841,18.7382
southern_europe,2045.7,67.1266,14.2238,18.6496
southern_europe,2045.8,67.3742,14.0650,18.5608
southern_europe,2045.9,67.6205,13.9078,18.4716
southern_europe,2046.0,67.8655,13.7522,18.3822
southern_europe,2046.1,68.1092,13.5981,18.2926
southern_europe,2046.2,68.3515,13.4456,18.2028
southern_europe,2046.3,68.5926,13.2946,18.1128
southern_europe,2046.4,68.8322,13.1451,18.0227
southern_europe,2046.5,69.0706,12.9970,17.9324
southern_europe,2046.6,69.3076,12.8505,17.8419
southern_europe,2046.7,69.5432,12.7054,17.7514
southern_europe,2046.8,69.7775,12.5617,17.6607
southern_europe,2046.9,70.0105,12.4195,17.5700
southern_europe,2047.0,70.2421,12.2787,17.4792
southern_europe,2047.1,70.4724,12.1392,17.3884
southern_europe,2047.2,70.7013,12.0012,17.2975
southern_europe,2047.3,70.9288,11.8645,17.2066
southern_europe,2047.4,71.1550,11.7292,17.1158
southern_europe,2047.5,71.3799,11.5952,17.0249
southern_europe,2047.6,71.6034,11.4626,16.9341
southern_europe,2047.7,71.8255,11.3312,16.8433
southern_europe,2047.8,72.0462,11.2012,16.7526
southern_europe,2047.9,72.2656,11.0724,16.6620
southern_europe,2048.0,72.4837,10.9449,16.5714
southern_europe,2048.1,72.7004,10.8187,16.4809
southern_europe,2048.2,72.9157,10.6937,16.3906
southern_europe,2048.3,73.1296,10.5700,16.3004
southern_europe,2048.4,73.3423,10.4474,16.2103
southern_europe,2048.5,73.5535,10.3261,16.1204
southern_europe,2048.6,73.7634,10.2060,16.0306
southern_europe,2048.7,73.9719,10.0871,15.9410
southern_europe,2048.8,74.1791,9.9693,15.8516
southern_europe,2048.9,74.3849,9.8527,15.7623
southern_europe,2049.0,74.5894,9.7373,15.6733
southern_europe,2049.1,74.7925,9.6230,15.5845
southern_europe,2049.2,74.9943,9.5098,15.4959
southern_europe,2049.3,75.1948,9.3977,15.4075
southern_europe,2049.4,75.3939,9.2868,15.3194
southern_europe,2049.5,75.5916,9.1769,15.2315
southern_europe,2049.6,75.7880,9.0681,15.1438
southern_europe,2049.7,75.9831,8.9604,15.0564
southern_europe,2049.8,76.1769,8.8538,14.9693
southern_europe,2049.9,76.3693,8.7482,14.8825
southern_europe,2050.0,76.5604,8.6437,14.7959
eastern_europe,2015.0,0.0569,99.9171,0.0273
eastern_europe,2015.1,0.0614,99.9104,0.0297
eastern_europe,2015.2,0.0661,99.9034,0.0323
eastern_europe,2015.3,0.0712,99.8959,0.0350
eastern_europe,2015.4,0.0765,99.8879,0.0379
eastern_europe,2015.5,0.0822,99.8795,0.0410
eastern_europe,2015.6,0.0882,99.8705,0.0442
eastern_europe,2015.7,0.0945,99.8610,0.0476
eastern_europe,2015.8,0.1012,99.8510,0.0513
eastern_europe,2015.9,0.1082,99.8404,0.0551
eastern_europe,2016.0,0.1157,99.8292,0.0592
eastern_europe,2016.1,0.1235,99.8174,0.0634
eastern_europe,2016.2,0.1318,99.8050,0.0679
eastern_europe,2016.3,0.1406,99.7920,0.0727
eastern_europe,2016.4,0.1498,99.7782,0.0777
eastern_europe,2016.5,0.1596,99.7638,0.0829
eastern_europe,2016.6,0.1699,99.7486,0.0884
eastern_europe,2016.7,0.1806,99.7326,0.0942
eastern_europe,2016.8,0.1920,99.7159,0.1002
eastern_europe,2016.9,0.2038,99.6983,0.1066
eastern_europe,2017.0,0.2163,99.6799,0.1132
eastern_europe,2017.1,0.2296,99.6602,0.1203
eastern_europe,2017.2,0.2439,99.6391,0.1280
eastern_europe,2017.3,0.2590,99.6166,0.1362
eastern_europe,2017.4,0.2749,99.5929,0.1448
eastern_europe,2017.5,0.2917,99.5678,0.1540
eastern_europe,2017.6,0.3093,99.5414,0.1636
eastern_europe,2017.7,0.3278,99.5136,0.1737
eastern_europe,2017.8,0.3471,99.4844,0.1844
eastern_europe,2017.9,0.3673,99.4538,0.1955
eastern_europe,2018.0,0.3885,99.4217,0.2072
eastern_europe,2018.1,0.4442,99.3830,0.2194
eastern_europe,2018.2,0.4751,99.3432,0.2322
eastern_europe,2018.3,0.5045,99.3019,0.2455
eastern_europe,2018.4,0.5337,99.2591,0.2594
eastern_europe,2018.5,0.5631,99.2148,0.2739
eastern_europe,2018.6,0.5931,99.1689,0.2889
eastern_europe,2018.7,0.6238,99.1212,0.3046
eastern_europe,2018.8,0.6552,99.0719,0.3209
eastern_europe,2018.9,0.6875,99.0208,0.3378
eastern_europe,2019.0,0.7207,98.9679,0.3554
eastern_europe,2019.1,0.7548,98.9131,0.3737
eastern_europe,2019.2,0.7899,98.8564,0.3926
eastern_europe,2019.3,0.8261,98.7977,0.4123
eastern_europe,2019.4,0.8634,98.7371,0.4326
eastern_europe,2019.5,0.9017,98.6743,0.4537
eastern_europe,2019.6,0.9413,98.6095,0.4756
eastern_europe,2019.7,0.9820,98.5425,0.4982
eastern_europe,2019.8,1.0239,98.4733,0.5217
eastern_europe,2019.9,1.0671,98.4018,0.5459
eastern_europe,2020.0,1.1115,98.3279,0.5730
eastern_europe,2020.1,1.1573,98.2517,0.6021
eastern_europe,2020.2,1.2043,98.1731,0.6321
eastern_europe,2020.3,1.2528,98.0919,0.6630
eastern_europe,2020.4,1.3027,98.0082,0.6953
eastern_europe,2020.5,1.3540,97.9219,0.7292
eastern_europe,2020.6,1.4068,97.8329,0.7642
eastern_europe,2020.7,1.4611,97.7412,0.8003
eastern_europe,2020.8,1.5169,97.6467,0.8375
eastern_europe,2020.9,1.5743,97.5493,0.8763
eastern_europe,2021.0,1.6333,97.4490,0.9176
eastern_europe,2021.1,1.6940,97.3458,0.9603
eastern_europe,2021.2,1.7563,97.2394,1.0043
eastern_europe,2021.3,1.8203,97.1300,1.0497
eastern_europe,2021.4,1.8861,97.0174,1.0965
eastern_europe,2021.5,1.9537,96.9015,1.1448
eastern_europe,2021.6,2.0230,96.7823,1.1947
eastern_europe,2021.7,2.0943,96.6597,1.2460
eastern_europe,2021.8,2.1674,96.5337,1.2989
eastern_europe,2021.9,2.2425,96.4041,1.3534
eastern_europe,2022.0,2.3195,96.2709,1.4095
eastern_europe,2022.1,2.3986,96.1341,1.4673
eastern_europe,2022.2,2.4797,95.9935,1.5268
eastern_europe,2022.3,2.5629,95.8491,1.5880
eastern_europe,2022.4,2.6482,95.7008,1.6509
eastern_europe,2022.5,2.7358,95.5486,1.7157
eastern_europe,2022.6,2.8255,95.3923,1.7822
eastern_europe,2022.7,2.9175,95.2319,1.8506
eastern_europe,2022.8,3.0118,95.0673,1.9209
eastern_europe,2022.9,3.1084,94.8985,1.9931
eastern_europe,2023.0,3.2074,94.7253,2.0673
eastern_europe,2023.1,3.3089,94.5477,2.1434
eastern_europe,2023.2,3.4128,94.3656,2.2216
eastern_europe,2023.3,3.5193,94.1789,2.3017
eastern_europe,2023.4,3.6284,93.9876,2.3840
eastern_europe,2023.5,3.7400,93.7916,2.4684
eastern_europe,2023.6,3.8543,93.5908,2.5548
eastern_europe,2023.7,3.9714,93.3851,2.6435
eastern_europe,2023.8,4.0912,93.1745,2.7343
eastern_europe,2023.9,4.2138,92.9589,2.8274
eastern_europe,2024.0,4.3392,92.7381,2.9227
eastern_europe,2024.1,4.4675,92.5122,3.0202
eastern_europe,2024.2,4.5988,92.2811,3.1201
eastern_europe,2024.3,4.7331,92.0446,3.2223
eastern_europe,2024.4,4.8705,91.8027,3.3268
eastern_europe,2024.5,5.0109,91.5554,3.4337
eastern_europe,2024.6,5.1545,91.3025,3.5429
eastern_europe,2024.7,5.3013,91.0441,3.6546
eastern_europe,2024.8,5.4514,90.7799,3.7687
eastern_europe,2024.9,5.6047,90.5101,3.8852
eastern_europe,2025.0,5.7614,90.2344,4.0042
eastern_europe,2025.1,5.9215,89.9528,4.1257
eastern_europe,2025.2,6.0850,89.6654,4.2496
eastern_europe,2025.3,6.2521,89.3719,4.3761
eastern_europe,2025.4,6.4226,89.0724,4.5050
eastern_europe,2025.5,6.5968,88.7667,4.6364
eastern_europe,2025.6,6.7747,88.4549,4.7704
eastern_europe,2025.7,6.9562,88.1369,4.9069
eastern_europe,2025.8,7.1415,87.8126,5.0459
eastern_europe,2025.9,7.3306,87.4820,5.1874
eastern_europe,2026.0,7.5235,87.1451,5.3314
eastern_europe,2026.1,7.7204,86.8017,5.4779
eastern_europe,2026.2,7.9211,86.4519,5.6269
eastern_europe,2026.3,8.1259,86.0957,5.7784
eastern_europe,2026.4,8.3348,85.7329,5.9324
eastern_europe,2026.5,8.5477,85.3635,6.0888
eastern_europe,2026.6,8.7647,84.9876,6.2476
eastern_europe,2026.7,8.9860,84.6052,6.4089
eastern_europe,2026.8,9.2115,84.2161,6.5725
eastern_europe,2026.9,9.4412,83.8204,6.7384
eastern_europe,2027.0,9.6753,83.4180,6.9067
eastern_europe,2027.1,9.9137,83.0090,7.0772
eastern_europe,2027.2,10.1566,82.5934,7.2500
eastern_europe,2027.3,10.4039,82.1712,7.4250
eastern_europe,2027.4,10.6556,81.7423,7.6021
eastern_europe,2027.5,10.9119,81.3068,7.7812
eastern_europe,2027.6,11.1728,80.8647,7.9624
eastern_europe,2027.7,11.4383,80.4161,8.1456
eastern_europe,2027.8,11.7084,79.9609,8.3307
eastern_europe,2027.9,11.9832,79.4992,8.5176
eastern_europe,2028.0,12.2627,79.0311,8.7062
eastern_europe,2028.1,12.5469,78.5565,8.8967
eastern_europe,2028.2,12.8359,78.0756,9.0897
eastern_europe,2028.3,13.1297,77.5884,9.2841
eastern_europe,2028.4,13.4283,77.0949,9.4801
eastern_europe,2028.5,13.7318,76.5953,9.6773
eastern_europe,2028.6,14.0401,76.0895,9.8758
eastern_europe,2028.7,14.3533,75.5778,10.0755
eastern_europe,2028.8,14.6714,75.0602,10.2761
eastern_europe,2028.9,14.9945,74.5367,10.4777
eastern_europe,2029.0,15.3225,74.0075,10.6801
eastern_europe,2029.1,15.6554,73.4728,10.8831
eastern_europe,2029.2,15.9933,72.9325,11.0867
eastern_europe,2029.3,16.3361,72.3869,11.2908
eastern_europe,2029.4,16.6840,71.8361,11.4950
eastern_europe,2029.5,17.0368,71.2802,11.6994
eastern_europe,2029.6,17.3945,70.7193,11.9038
eastern_europe,2029.7,17.7573,70.1537,12.1081
eastern_europe,2029.8,18.1250,69.5834,12.3120
eastern_europe,2029.9,18.4977,69.0087,12.5155
eastern_europe,2030.0,18.8753,68.4297,12.7183
eastern_europe,2030.1,19.2578,67.8466,12.9203
eastern_europe,2030.2,19.6452,67.2596,13.1213
eastern_europe,2030.3,20.0375,66.6689,13.3212
eastern_europe,2030.4,20.4347,66.0747,13.5198
eastern_europe,2030.5,20.8367,65.4771,13.7169
eastern_europe,2030.6,21.2435,64.8764,13.9123
eastern_europe,2030.7,21.6551,64.2729,14.1058
eastern_europe,2030.8,22.0714,63.6667,14.2973
eastern_europe,2030.9,22.4924,63.0581,14.4866
eastern_europe,2031.0,22.9180,62.4473,14.6735
eastern_europe,2031.1,23.3482,61.8345,14.8577
eastern_europe,2031.2,23.7830,61.2200,15.0391
eastern_europe,2031.3,24.2222,60.6041,15.2176
eastern_europe,2031.4,24.6658,59.9869,15.3928
eastern_europe,2031.5,25.1138,59.3688,15.5647
eastern_europe,2031.6,25.5661,58.7500,15.7330
eastern_europe,2031.7,26.0225,58.1308,15.8976
eastern_europe,2031.8,26.4831,57.5114,16.0582
eastern_europe,2031.9,26.9478,56.8922,16.2146
eastern_europe,2032.0,27.4164,56.2733,16.3668
eastern_europe,2032.1,27.8889,55.6550,16.5144
eastern_europe,2032.2,28.3652,55.0377,16.6574
eastern_europe,2032.3,28.8451,54.4216,16.7955
eastern_europe,2032.4,29.3287,53.8069,16.9286
eastern_europe,2032.5,29.8157,53.1940,17.0564
eastern_europe,2032.6,30.3061,52.5831,17.1789
eastern_europe,2032.7,30.7998,51.9745,17.2959
eastern_europe,2032.8,31.2966,51.3684,17.4072
eastern_europe,2032.9,31.7964,50.7651,17.5127
eastern_europe,2033.0,32.2991,50.1649,17.6123
eastern_europe,2033.1,32.8046,49.5681,17.7057
eastern_europe,2033.2,33.3128,48.9748,17.7930
eastern_europe,2033.3,33.8234,48.3854,17.8739
eastern_europe,2033.4,34.3364,47.8000,17.9483
eastern_europe,2033.5,34.8517,47.2190,18.0163
eastern_europe,2033.6,35.3690,46.6426,18.0776
eastern_europe,2033.7,35.8883,46.0709,18.1322
eastern_europe,2033.8,36.4093,45.5043,18.1800
eastern_europe,2033.9,36.9320,44.9429,18.2209
eastern_europe,2034.0,37.4562,44.3869,18.2550
eastern_europe,2034.1,37.9817,43.8365,18.2822
eastern_europe,2034.2,38.5083,43.2920,18.3024
eastern_europe,2034.3,39.0359,42.7534,18.3156
eastern_europe,2034.4,39.5644,42.2211,18.3218
eastern_europe,2034.5,40.0935,41.6950,18.3211
eastern_europe,2034.6,40.6231,41.1755,18.3134
eastern_europe,2034.7,41.1530,40.6625,18.2988
eastern_europe,2034.8,41.6831,40.1563,18.2773
eastern_europe,2034.9,42.2132,39.6570,18.2490
eastern_europe,2035.0,42.7430,39.1647,18.2139
eastern_europe,2035.1,43.2725,38.6794,18.1721
eastern_europe,2035.2,43.8014,38.2013,18.1237
eastern_europe,2035.3,44.3296,37.7305,18.0688
eastern_europe,2035.4,44.8569,37.2669,18.0075
eastern_europe,2035.5,45.3831,36.8108,17.9400
eastern_europe,2035.6,45.9081,36.3620,17.8663
eastern_europe,2035.7,46.4316,35.9206,17.7866
eastern_europe,2035.8,46.9535,35.4867,17.7011
eastern_europe,2035.9,47.4737,35.0602,17.6100
eastern_europe,2036.0,47.9919,34.6412,17.5133
eastern_europe,2036.1,48.5080,34.2297,17.4113
eastern_europe,2036.2,49.0218,33.8255,17.3042
eastern_europe,2036.3,49.5332,33.4288,17.1922
eastern_europe,2036.4,50.0419,33.0394,17.0754
eastern_europe,2036.5,50.5478,32.6572,16.9542
eastern_europe,2036.6,51.0509,32.2823,16.8287
eastern_europe,2036.7,51.5508,31.9146,16.6991
eastern_europe,2036.8,52.0475,31.5539,16.5657
eastern_europe,2036.9,52.5408,31.2002,16.4287
eastern_europe,2037.0,53.0306,30.8534,16.2884
eastern_europe,2037.1,53.5166,30.5134,16.1449
eastern_europe,2037.2,53.9989,30.1801,15.9986
eastern_europe,2037.3,54.4772,29.8533,15.8496
eastern_europe,2037.4,54.9515,29.5331,15.6983
eastern_europe,2037.5,55.4215,29.2191,15.5449
eastern_europe,2037.6,55.8873,28.9113,15.3896
eastern_europe,2037.7,56.3486,28.6096,15.2326
eastern_europe,2037.8,56.8054,28.3139,15.0742
eastern_europe,2037.9,57.2575,28.0239,14.9147
eastern_europe,2038.0,57.7049,27.7396,14.7543
eastern_europe,2038.1,58.1475,27.4608,14.5932
eastern_europe,2038.2,58.5851,27.1873,14.4316
eastern_europe,2038.3,59.0178,26.9191,14.2699
eastern_europe,2038.4,59.4454,26.6560,14.1081
eastern_europe,2038.5,59.8679,26.3978,13.9465
eastern_europe,2038.6,60.2851,26.1444,13.7853
eastern_europe,2038.7,60.6972,25.8956,13.6247
eastern_europe,2038.8,61.1039,25.6513,13.4649
eastern_europe,2038.9,61.5053,25.4115,13.3060
eastern_europe,2039.0,61.9013,25.1758,13.1484
eastern_europe,2039.1,62.2919,24.9442,12.9920
eastern_europe,2039.2,62.6770,24.7166,12.8371
eastern_europe,2039.3,63.0567,24.4928,12.6838
eastern_europe,2039.4,63.4310,24.2727,12.5323
eastern_europe,2039.5,63.7997,24.0562,12.3827
eastern_europe,2039.6,64.1630,23.8431,12.2351
eastern_europe,2039.7,64.5209,23.6334,12.0896
eastern_europe,2039.8,64.8732,23.4270,11.9463
eastern_europe,2039.9,65.2202,23.2236,11.8053
eastern_europe,2040.0,65.5617,23.0233,11.6667
eastern_europe,2040.1,65.8978,22.8259,11.5306
eastern_europe,2040.2,66.2286,22.6314,11.3969
eastern_europe,2040.3,66.5540,22.4396,11.2659
eastern_europe,2040.4,66.8742,22.2504,11.1374
eastern_europe,2040.5,67.1891,22.0638,11.0117
eastern_europe,2040.6,67.4988,21.8797,10.8886
eastern_europe,2040.7,67.8034,21.6980,10.7682
eastern_europe,2040.8,68.1030,21.5187,10.6505
eastern_europe,2040.9,68.3975,21.3417,10.5355
eastern_europe,2041.0,68.6871,21.1668,10.4232
eastern_europe,2041.1,68.9718,20.9942,10.3136
eastern_europe,2041.2,69.2517,20.8236,10.2068
eastern_europe,2041.3,69.5269,20.6552,10.1025
eastern_europe,2041.4,69.7974,20.4887,10.0009
eastern_europe,2041.5,70.0633,20.3242,9.9019
eastern_europe,2041.6,70.3248,20.1616,9.8054
eastern_europe,2041.7,70.5818,20.0009,9.7115
eastern_europe,2041.8,70.8345,19.8420,9.6200
eastern_europe,2041.9,71.0830,19.6850,9.5309
eastern_europe,2042.0,71.3273,19.5297,9.4442
eastern_europe,2042.1,71.5676,19.3762,9.3598
eastern_europe,2042.2,71.8038,19.2244,9.2776
eastern_europe,2042.3,72.0362,19.0743,9.1977
eastern_europe,2042.4,72.2648,18.9258,9.1198
eastern_europe,2042.5,72.4896,18.7791,9.0440
eastern_europe,2042.6,72.7108,18.6339,8.9701
eastern_europe,2042.7,72.9285,18.4903,8.8982
eastern_europe,2042.8,73.1427,18.3484,8.8281
eastern_europe,2042.9,73.3536,18.2080,8.7598
eastern_europe,2043.0,73.5612,18.0691,8.6933
eastern_europe,2043.1,73.7655,17.9318,8.6283
eastern_europe,2043.2,73.9668,17.7959,8.5650
eastern_europe,2043.3,74.1650,17.6616,8.5032
eastern_europe,2043.4,74.3602,17.5288,8.4428
eastern_europe,2043.5,74.5526,17.3974,8.3838
eastern_europe,2043.6,74.7422,17.2675,8.3261
eastern_europe,2043.7,74.9290,17.1390,8.2697
eastern_europe,2043.8,75.1132,17.0120,8.2146
eastern_europe,2043.9,75.2948,16.8863,8.1605
eastern_europe,2044.0,75.4738,16.7621,8.1076
eastern_europe,2044.1,75.6505,16.6392,8.0557
eastern_europe,2044.2,75.8247,16.5177,8.0047
eastern_europe,2044.3,75.9966,16.3976,7.9548
eastern_europe,2044.4,76.1662,16.2788,7.9057
eastern_europe,2044.5,76.3337,16.1614,7.8575
eastern_europe,2044.6,76.4989,16.0452,7.8100
eastern_europe,2044.7,76.6621,15.9304,7.7634
eastern_europe,2044.8,76.8232,15.8168,7.7175
eastern_europe,2044.9,76.9824,15.7046,7.6722
eastern_europe,2045.0,77.1395,15.5936,7.6277
eastern_europe,2045.1,77.2948,15.4838,7.5837
eastern_europe,2045.2,77.4482,15.3753,7.5404
eastern_europe,2045.3,77.5998,15.2680,7.4976
eastern_europe,2045.4,77.7496,15.1618,7.4553
eastern_europe,2045.5,77.8977,15.0569,7.4136
eastern_europe,2045.6,78.0441,14.9532,7.3724
eastern_europe,2045.7,78.1888,14.8506,7.3316
eastern_europe,2045.8,78.3318,14.7492,7.2913
eastern_europe,2045.9,78.4733,14.6489,7.2515
eastern_europe,2046.0,78.6132,14.5497,7.2121
eastern_europe,2046.1,78.7515,14.4516,7.1730
eastern_europe,2046.2,78.8883,14.3546,7.1344
eastern_europe,2046.3,79.0237,14.2587,7.0962
eastern_europe,2046.4,79.1575,14.1639,7.0583
eastern_europe,2046.5,79.2899,14.0701,7.0208
eastern_europe,2046.6,79.4209,13.9773,6.9836
eastern_europe,2046.7,79.5505,13.8855,6.9468
eastern_europe,2046.8,79.6787,13.7948,6.9104
eastern_europe,2046.9,79.8056,13.7050,6.8743
eastern_europe,2047.0,79.9311,13.6162,6.8385
eastern_europe,2047.1,80.0553,13.5284,6.8030
eastern_europe,2047.2,80.1782,13.4415,6.7678
eastern_europe,2047.3,80.2998,13.3555,6.7330
eastern_europe,2047.4,80.4202,13.2705,6.6985
eastern_europe,2047.5,80.5393,13.1863,6.6643
eastern_europe,2047.6,80.6572,13.1031,6.6304
eastern_europe,2047.7,80.7738,13.0207,6.5968
eastern_europe,2047.8,80.8893,12.9392,6.5635
eastern_europe,2047.9,81.0035,12.8585,6.5305
eastern_europe,2048.0,81.1166,12.7787,6.4978
eastern_europe,2048.1,81.2285,12.6996,6.4654
eastern_europe,2048.2,81.3393,12.6214,6.4334
eastern_europe,2048.3,81.4490,12.5440,6.4016
eastern_europe,2048.4,81.5575,12.4674,6.3701
eastern_europe,2048.5,81.6649,12.3915,6.3389
eastern_europe,2048.6,81.7712,12.3164,6.3080
eastern_europe,2048.7,81.8765,12.2420,6.2774
eastern_europe,2048.8,81.9807,12.1684,6.2472
eastern_europe,2048.9,82.0838,12.0955,6.2172
eastern_europe,2049.0,82.1859,12.0233,6.1874
eastern_europe,2049.1,82.2870,11.9518,6.1580
eastern_europe,2049.2,82.3870,11.8810,6.1289
eastern_europe,2049.3,82.4861,11.8109,6.1001
eastern_europe,2049.4,82.5842,11.7414,6.0715
eastern_europe,2049.5,82.6812,11.6726,6.0432
eastern_europe,2049.6,82.7774,11.6044,6.0152
eastern_europe,2049.7,82.8725,11.5369,5.9875
eastern_europe,2049.8,82.9668,11.4700,5.9601
eastern_europe,2049.9,83.0601,11.4037,5.9330
eastern_europe,2050.0,83.1524,11.3380,5.9061
eu,2015.0,0.2955,99.3969,0.3078
eu,2015.1,0.3187,99.3503,0.3311
eu,2015.2,0.3435,99.3010,0.3557
eu,2015.3,0.3697,99.2489,0.3817
eu,2015.4,0.3974,99.1940,0.4089
eu,2015.5,0.4267,99.1361,0.4375
eu,2015.6,0.4576,99.0752,0.4675
eu,2015.7,0.4902,99.0114,0.4989
eu,2015.8,0.5245,98.9444,0.5316
eu,2015.9,0.5604,98.8743,0.5658
eu,2016.0,0.5982,98.8010,0.6014
eu,2016.1,0.6378,98.7244,0.6384
eu,2016.2,0.6792,98.6446,0.6769
eu,2016.3,0.7225,98.5614,0.7168
eu,2016.4,0.7678,98.4747,0.7583
eu,2016.5,0.8150,98.3847,0.8012
eu,2016.6,0.8642,98.2911,0.8456
eu,2016.7,0.9155,98.1939,0.8916
eu,2016.8,0.9689,98.0932,0.9390
eu,2016.9,1.0244,97.9888,0.9880
eu,2017.0,1.0821,97.8807,1.0386
eu,2017.1,1.1420,97.7678,1.0915
eu,2017.2,1.2043,97.6499,1.1474
eu,2017.3,1.2689,97.5269,1.2058
eu,2017.4,1.3360,97.3990,1.2667
eu,2017.5,1.4056,97.2663,1.3300
eu,2017.6,1.4778,97.1286,1.3955
eu,2017.7,1.5526,96.9861,1.4634
eu,2017.8,1.6301,96.8387,1.5334
eu,2017.9,1.7103,96.6864,1.6056
eu,2018.0,1.7933,96.5292,1.6799
eu,2018.1,1.8837,96.3663,1.7563
eu,2018.2,1.9735,96.1986,1.8347
eu,2018.3,2.0659,96.0260,1.9151
eu,2018.4,2.1612,95.8484,1.9975
eu,2018.5,2.2594,95.6659,2.0818
eu,2018.6,2.3606,95.4784,2.1679
eu,2018.7,2.4650,95.2859,2.2559
eu,2018.8,2.5725,95.0884,2.3457
eu,2018.9,2.6833,94.8858,2.4372
eu,2019.0,2.7973,94.6783,2.5304
eu,2019.1,2.9147,94.4657,2.6253
eu,2019.2,3.0354,94.2480,2.7218
eu,2019.3,3.1596,94.0253,2.8200
eu,2019.4,3.2873,93.7976,2.9196
eu,2019.5,3.4185,93.5647,3.0208
eu,2019.6,3.5534,93.3268,3.1234
eu,2019.7,3.6918,93.0838,3.2274
eu,2019.8,3.8340,92.8358,3.3328
eu,2019.9,3.9799,92.5827,3.4395
eu,2020.0,4.1295,92.3245,3.5477
eu,2020.1,4.2830,92.0613,3.6572
eu,2020.2,4.4403,91.7931,3.7679
eu,2020.3,4.6016,91.5198,3.8797
eu,2020.4,4.7668,91.2415,3.9926
eu,2020.5,4.9359,90.9582,4.1066
eu,2020.6,5.1092,90.6699,4.2215
eu,2020.7,5.2864,90.3766,4.3373
eu,2020.8,5.4678,90.0784,4.4539
eu,2020.9,5.6534,89.7753,4.5714
eu,2021.0,5.8431,89.4672,4.6897
eu,2021.1,6.0370,89.1543,4.8088
eu,2021.2,6.2351,88.8365,4.9284
eu,2021.3,6.4375,88.5139,5.0485
eu,2021.4,6.6442,88.1866,5.1692
eu,2021.5,6.8553,87.8545,5.2903
eu,2021.6,7.0706,87.5176,5.4117
eu,2021.7,7.2904,87.1762,5.5334
eu,2021.8,7.5145,86.8300,5.6554
eu,2021.9,7.7431,86.4793,5.7776
eu,2022.0,7.9760,86.1241,5.8999
eu,2022.1,8.2134,85.7644,6.0222
eu,2022.2,8.4552,85.4002,6.1446
eu,2022.3,8.7015,85.0317,6.2669
eu,2022.4,8.9522,84.6588,6.3891
eu,2022.5,9.2073,84.2816,6.5111
eu,2022.6,9.4669,83.9002,6.6329
eu,2022.7,9.7309,83.5147,6.7544
eu,2022.8,9.9994,83.1251,6.8755
eu,2022.9,10.2722,82.7315,6.9963
eu,2023.0,10.5495,82.3338,7.1167
eu,2023.1,10.8311,81.9324,7.2366
eu,2023.2,11.1170,81.5270,7.3559
eu,2023.3,11.4073,81.1180,7.4747
eu,2023.4,11.7018,80.7052,7.5929
eu,2023.5,12.0006,80.2889,7.7105
eu,2023.6,12.3036,79.8690,7.8274
eu,2023.7,12.6107,79.4457,7.9436
eu,2023.8,12.9219,79.0190,8.0590
eu,2023.9,13.2372,78.5891,8.1737
eu,2024.0,13.5564,78.1559,8.2877
eu,2024.1,13.8796,77.7196,8.4008
eu,2024.2,14.2066,77.2803,8.5131
eu,2024.3,14.5374,76.8380,8.6246
eu,2024.4,14.8719,76.3929,8.7352
eu,2024.5,15.2101,75.9449,8.8450
eu,2024.6,15.5517,75.4943,8.9539
eu,2024.7,15.8969,75.0411,9.0620
eu,2024.8,16.2454,74.5854,9.1693
eu,2024.9,16.5972,74.1272,9.2756
eu,2025.0,16.9522,73.6667,9.3812
eu,2025.1,17.3102,73.2039,9.4859
eu,2025.2,17.6713,72.7390,9.5897
eu,2025.3,18.0353,72.2720,9.6927
eu,2025.4,18.4021,71.8030,9.7949
eu,2025.5,18.7716,71.3321,9.8964
eu,2025.6,19.1437,70.8594,9.9970
eu,2025.7,19.5183,70.3849,10.0968
eu,2025.8,19.8953,69.9088,10.1959
eu,2025.9,20.2746,69.4312,10.2942
eu,2026.0,20.6561,68.9521,10.3918
eu,2026.1,21.0398,68.4716,10.4922
eu,2026.2,21.4255,67.9898,10.5960
eu,2026.3,21.8131,67.5068,10.6986
eu,2026.4,22.2025,67.0226,10.8002
eu,2026.5,22.5938,66.5374,10.9006
eu,2026.6,22.9867,66.0512,10.9998
eu,2026.7,23.3812,65.5641,11.0979
eu,2026.8,23.7773,65.0761,11.1948
eu,2026.9,24.1748,64.5875,11.2904
eu,2027.0,24.5738,64.0981,11.3849
eu,2027.1,24.9740,63.6082,11.4781
eu,2027.2,25.3756,63.1177,11.5701
eu,2027.3,25.7784,62.6267,11.6608
eu,2027.4,26.1823,62.1354,11.7503
eu,2027.5,26.5874,61.6438,11.8384
eu,2027.6,26.9936,61.1518,11.9253
eu,2027.7,27.4008,60.6597,12.0109
eu,2027.8,27.8090,60.1675,12.0952
eu,2027.9,28.2182,59.6753,12.1782
eu,2028.0,28.6284,59.1830,12.2599
eu,2028.1,29.0395,58.6908,12.3403
eu,2028.2,29.4514,58.1987,12.4195
eu,2028.3,29.8642,57.7068,12.4973
eu,2028.4,30.2779,57.2151,12.5739
eu,2028.5,30.6923,56.7238,12.6491
eu,2028.6,31.1076,56.2328,12.7229
eu,2028.7,31.5236,55.7422,12.7954
eu,2028.8,31.9403,55.2521,12.8666
eu,2028.9,32.3578,54.7626,12.9365
eu,2029.0,32.7760,54.2736,13.0049
eu,2029.1,33.1948,53.7852,13.0721
eu,2029.2,33.6142,53.2975,13.1379
eu,2029.3,34.0343,52.8106,13.2023
eu,2029.4,34.4549,52.3245,13.2653
eu,2029.5,34.8761,51.8392,13.3270
eu,2029.6,35.2978,51.3549,13.3874
eu,2029.7,35.7200,50.8715,13.4463
eu,2029.8,36.1426,50.3891,13.5039
eu,2029.9,36.5656,49.9077,13.5601
eu,2030.0,36.9890,49.4275,13.6148
eu,2030.1,37.4128,48.9485,13.6682
eu,2030.2,37.8368,48.4706,13.7202
eu,2030.3,38.2610,47.9941,13.7708
eu,2030.4,38.6854,47.5189,13.8199
eu,2030.5,39.1100,47.0451,13.8677
eu,2030.6,39.5347,46.5727,13.9139
eu,2030.7,39.9595,46.1018,13.9668
eu,2030.8,40.3843,45.6325,14.0181
eu,2030.9,40.8090,45.1647,14.0676
eu,2031.0,41.2337,44.6987,14.1154
eu,2031.1,41.6583,44.2343,14.1616
eu,2031.2,42.0826,43.7718,14.2059
eu,2031.3,42.5068,43.3110,14.2486
eu,2031.4,42.9307,42.8522,14.2895
eu,2031.5,43.3543,42.3953,14.3285
eu,2031.6,43.7775,41.9404,14.3658
eu,2031.7,44.2003,41.4876,14.4013
eu,2031.8,44.6227,41.0369,14.4349
eu,2031.9,45.0445,40.5884,14.4667
eu,2032.0,45.4659,40.1421,14.4966
eu,2032.1,45.8866,39.6981,14.5247
eu,2032.2,46.3067,39.2565,14.5508
eu,2032.3,46.7262,38.8173,14.5750
eu,2032.4,47.1449,38.3805,14.5973
eu,2032.5,47.5629,37.9463,14.6177
eu,2032.6,47.9800,37.5146,14.6360
eu,2032.7,48.3963,37.0856,14.6524
eu,2032.8,48.8118,36.6592,14.6668
eu,2032.9,49.2263,36.2356,14.6793
eu,2033.0,49.6398,35.8148,14.6897
eu,2033.1,50.0523,35.3968,14.6980
eu,2033.2,50.4638,34.9817,14.7044
eu,2033.3,50.8742,34.5696,14.7087
eu,2033.4,51.2835,34.1604,14.7109
eu,2033.5,51.6916,33.7543,14.7111
eu,2033.6,52.0985,33.3513,14.7092
eu,2033.7,52.5042,32.9514,14.7053
eu,2033.8,52.9086,32.5547,14.6993
eu,2033.9,53.3116,32.1612,14.6912
eu,2034.0,53.7134,31.7709,14.6811
eu,2034.1,54.1137,31.3840,14.6689
eu,2034.2,54.5126,31.0003,14.6547
eu,2034.3,54.9100,30.6201,14.6384
eu,2034.4,55.3060,30.2432,14.6201
eu,2034.5,55.7004,29.8697,14.5997
eu,2034.6,56.0932,29.4997,14.5773
eu,2034.7,56.4844,29.1332,14.5529
eu,2034.8,56.8740,28.7702,14.5265
eu,2034.9,57.2619,28.4107,14.4982
eu,2035.0,57.6481,28.0547,14.4679
eu,2035.1,58.0325,27.7023,14.4357
eu,2035.2,58.4151,27.3535,14.4015
eu,2035.3,58.7960,27.0082,14.3655
eu,2035.4,59.1750,26.6666,14.3277
eu,2035.5,59.5521,26.3286,14.2880
eu,2035.6,59.9272,25.9942,14.2465
eu,2035.7,60.3005,25.6634,14.2032
eu,2035.8,60.6717,25.3363,14.1583
eu,2035.9,61.0410,25.0127,14.1116
eu,2036.0,61.4081,24.6928,14.0633
eu,2036.1,61.7733,24.3765,14.0134
eu,2036.2,62.1363,24.0638,13.9619
eu,2036.3,62.4971,23.7548,13.9089
eu,2036.4,62.8558,23.4493,13.8544
eu,2036.5,63.2123,23.1474,13.7985
eu,2036.6,63.5666,22.8490,13.7411
eu,2036.7,63.9186,22.5543,13.6825
eu,2036.8,64.2684,22.2630,13.6225
eu,2036.9,64.6158,21.9753,13.5613
eu,2037.0,64.9609,21.6911,13.4988
eu,2037.1,65.3037,21.4103,13.4353
eu,2037.2,65.6440,21.1330,13.3706
eu,2037.3,65.9820,20.8592,13.3049
eu,2037.4,66.3175,20.5887,13.2381
eu,2037.5,66.6506,20.3217,13.1705
eu,2037.6,66.9812,20.0579,13.1019
eu,2037.7,67.3094,19.7975,13.0325
eu,2037.8,67.6350,19.5404,12.9622
eu,2037.9,67.9581,19.2866,12.8913
eu,2038.0,68.2786,19.0360,12.8196
eu,2038.1,68.5966,18.7886,12.7473
eu,2038.2,68.9121,18.5444,12.6744
eu,2038.3,69.2249,18.3033,12.6010
eu,2038.4,69.5351,18.0653,12.5270
eu,2038.5,69.8428,17.8304,12.4526
eu,2038.6,70.1478,17.5985,12.3778
eu,2038.7,70.4502,17.3696,12.3026
eu,2038.8,70.7499,17.1437,12.2271
eu,2038.9,71.0470,16.9208,12.1513
eu,2039.0,71.3414,16.7007,12.0753
eu,2039.1,71.6332,16.4835,11.9991
eu,2039.2,71.9224,16.2692,11.9227
eu,2039.3,72.2088,16.0577,11.8462
eu,2039.4,72.4926,15.8489,11.7696
eu,2039.5,72.7738,15.6429,11.6930
eu,2039.6,73.0523,15.4396,11.6163
eu,2039.7,73.3281,15.2389,11.5397
eu,2039.8,73.6012,15.0409,11.4631
eu,2039.9,73.8717,14.8455,11.3866
eu,2040.0,74.1396,14.6527,11.3101
eu,2040.1,74.4048,14.4624,11.2338
eu,2040.2,74.6674,14.2747,11.1576
eu,2040.3,74.9273,14.0894,11.0816
eu,2040.4,75.1846,13.9066,11.0058
eu,2040.5,75.4394,13.7263,10.9301
eu,2040.6,75.6915,13.5483,10.8547
eu,2040.7,75.9410,13.3727,10.7796
eu,2040.8,76.1879,13.1995,10.7047
eu,2040.9,76.4323,13.0285,10.6301
eu,2041.0,76.6742,12.8599,10.5557
eu,2041.1,76.9135,12.6935,10.4817
eu,2041.2,77.1502,12.5294,10.4080
eu,2041.3,77.3845,12.3674,10.3346
eu,2041.4,77.6163,12.2077,10.2615
eu,2041.5,77.8456,12.0501,10.1887
eu,2041.6,78.0725,11.8947,10.1163
eu,2041.7,78.2969,11.7413,10.0443
eu,2041.8,78.5189,11.5901,9.9726
eu,2041.9,78.7386,11.4409,9.9013
eu,2042.0,78.9558,11.2937,9.8303
eu,2042.1,79.1707,11.1486,9.7597
eu,2042.2,79.3832,11.0055,9.6895
eu,2042.3,79.5934,10.8643,9.6197
eu,2042.4,79.8013,10.7251,9.5502
eu,2042.5,80.0069,10.5878,9.4812
eu,2042.6,80.2103,10.4523,9.4125
eu,2042.7,80.4115,10.3188,9.3442
eu,2042.8,80.6104,10.1871,9.2762
eu,2042.9,80.8071,10.0573,9.2087
eu,2043.0,81.0016,9.9293,9.1416
eu,2043.1,81.1940,9.8031,9.0748
eu,2043.2,81.3843,9.6786,9.0084
eu,2043.3,81.5724,9.5559,8.9424
eu,2043.4,81.7585,9.4349,8.8768
eu,2043.5,81.9424,9.3156,8.8116
eu,2043.6,82.1244,9.1980,8.7468
eu,2043.7,82.3042,9.0820,8.6823
eu,2043.8,82.4821,8.9677,8.6183
eu,2043.9,82.6580,8.8551,8.5546
eu,2044.0,82.8319,8.7440,8.4913
eu,2044.1,83.0039,8.6345,8.4284
eu,2044.2,83.1740,8.5265,8.3659
eu,2044.3,83.3421,8.4201,8.3038
eu,2044.4,83.5083,8.3153,8.2420
eu,2044.5,83.6727,8.2119,8.1807
eu,2044.6,83.8352,8.1100,8.1197
eu,2044.7,83.9959,8.0095,8.0591
eu,2044.8,84.1548,7.9105,7.9989
eu,2044.9,84.3119,7.8129,7.9391
eu,2045.0,84.4672,7.7167,7.8797
eu,2045.1,84.6208,7.6219,7.8207
eu,2045.2,84.7726,7.5284,7.7621
eu,2045.3,84.9227,7.4363,7.7038
eu,2045.4,85.0710,7.3455,7.6460
eu,2045.5,85.2177,7.2560,7.5886
eu,2045.6,85.3628,7.1678,7.5315
eu,2045.7,85.5061,7.0809,7.4748
eu,2045.8,85.6479,6.9952,7.4186
eu,2045.9,85.7880,6.9107,7.3627
eu,2046.0,85.9265,6.8275,7.3073
eu,2046.1,86.0634,6.7454,7.2522
eu,2046.2,86.1988,6.6645,7.1976
eu,2046.3,86.3326,6.5847,7.1433
eu,2046.4,86.4649,6.5061,7.0895
eu,2046.5,86.5957,6.4287,7.0360
eu,2046.6,86.7249,6.3523,6.9830
eu,2046.7,86.8527,6.2770,6.9304
eu,2046.8,86.9790,6.2028,6.8782
eu,2046.9,87.1038,6.1296,6.8264
eu,2047.0,87.2272,6.0575,6.7750
eu,2047.1,87.3492,5.9863,6.7240
eu,2047.2,87.4697,5.9162,6.6734
eu,2047.3,87.5889,5.8471,6.6232
eu,2047.4,87.7066,5.7789,6.5735
eu,2047.5,87.8230,5.7118,6.5241
eu,2047.6,87.9381,5.6455,6.4752
eu,2047.7,88.0518,5.5802,6.4267
eu,2047.8,88.1642,5.5158,6.3786
eu,2047.9,88.2753,5.4522,6.3309
eu,2048.0,88.3851,5.3896,6.2836
eu,2048.1,88.4937,5.3278,6.2368
eu,2048.2,88.6009,5.2669,6.1903
eu,2048.3,88.7069,5.2068,6.1443
eu,2048.4,88.8117,5.1476,6.0986
eu,2048.5,88.9153,5.0892,6.0534
eu,2048.6,89.0176,5.0315,6.0086
eu,2048.7,89.1188,4.9747,5.9642
eu,2048.8,89.2188,4.9186,5.9202
eu,2048.9,89.3176,4.8633,5.8766
eu,2049.0,89.4152,4.8087,5.8334
eu,2049.1,89.5118,4.7549,5.7906
eu,2049.2,89.6072,4.7018,5.7481
eu,2049.3,89.7015,4.6494,5.7061
eu,2049.4,89.7947,4.5977,5.6645
eu,2049.5,89.8868,4.5467,5.6233
eu,2049.6,89.9779,4.4963,5.5824
eu,2049.7,90.0679,4.4467,5.5420
eu,2049.8,90.1569,4.3977,5.5019
eu,2049.9,90.2448,4.3493,5.4622
eu,2050.0,90.3317,4.3016,5.4229
g7,2015.0,0.2918,99.4498,0.2584
g7,2015.1,0.3114,99.4157,0.2729
g7,2015.2,0.3321,99.3800,0.2879
g7,2015.3,0.3538,99.3426,0.3036
g7,2015.4,0.3767,99.3034,0.3199
g7,2015.5,0.4006,99.2626,0.3368
g7,2015.6,0.4257,99.2200,0.3543
g7,2015.7,0.4520,99.1756,0.3724
g7,2015.8,0.4794,99.1295,0.3911
g7,2015.9,0.5081,99.0815,0.4104
g7,2016.0,0.5380,99.0316,0.4304
g7,2016.1,0.5692,98.9799,0.4510
g7,2016.2,0.6016,98.9262,0.4721
g7,2016.3,0.6353,98.8707,0.4940
g7,2016.4,0.6704,98.8132,0.5164
g7,2016.5,0.7068,98.7538,0.5394
g7,2016.6,0.7446,98.6924,0.5630
g7,2016.7,0.7837,98.6290,0.5873
g7,2016.8,0.8243,98.5636,0.6122
g7,2016.9,0.8662,98.4961,0.6376
g7,2017.0,0.9096,98.4266,0.6637
g7,2017.1,0.9545,98.3551,0.6904
g7,2017.2,1.0009,98.2815,0.7177
g7,2017.3,1.0487,98.2058,0.7455
g7,2017.4,1.0980,98.1280,0.7740
g7,2017.5,1.1489,98.0480,0.8030
g7,2017.6,1.2014,97.9660,0.8327
g7,2017.7,1.2553,97.8818,0.8629
g7,2017.8,1.3109,97.7954,0.8937
g7,2017.9,1.3681,97.7069,0.9250
g7,2018.0,1.4268,97.6162,0.9569
g7,2018.1,1.4872,97.5233,0.9894
g7,2018.2,1.5493,97.4283,1.0225
g7,2018.3,1.6130,97.3310,1.0560
g7,2018.4,1.6783,97.2315,1.0902
g7,2018.5,1.7454,97.1298,1.1248
g7,2018.6,1.8141,97.0259,1.1600
g7,2018.7,1.8846,96.9197,1.1957
g7,2018.8,1.9568,96.8113,1.2319
g7,2018.9,2.0307,96.7006,1.2686
g7,2019.0,2.1064,96.5877,1.3059
g7,2019.1,2.1838,96.4726,1.3436
g7,2019.2,2.2631,96.3552,1.3818
g7,2019.3,2.3441,96.2355,1.4204
g7,2019.4,2.4269,96.1135,1.4596
g7,2019.5,2.5115,95.9893,1.4992
g7,2019.6,2.5979,95.8629,1.5392
g7,2019.7,2.6862,95.7341,1.5797
g7,2019.8,2.7763,95.6031,1.6206
g7,2019.9,2.8682,95.4698,1.6619
g7,2020.0,2.9621,95.3343,1.7037
g7,2020.1,3.0578,95.1964,1.7458
g7,2020.2,3.1553,95.0563,1.7884
g7,2020.3,3.2548,94.9140,1.8313
g7,2020.4,3.3561,94.7693,1.8745
g7,2020.5,3.4594,94.6225,1.9182
g7,2020.6,3.5645,94.4733,1.9622
g7,2020.7,3.6716,94.3219,2.0065
g7,2020.8,3.7806,94.1683,2.0511
g7,2020.9,3.8916,94.0124,2.0961
g7,2021.0,4.0044,93.8542,2.1413
g7,2021.1,4.1192,93.6939,2.1869
g7,2021.2,4.2360,93.5313,2.2327
g7,2021.3,4.3547,93.3665,2.2788
g7,2021.4,4.4754,93.1995,2.3251
g7,2021.5,4.5980,93.0302,2.3717
g7,2021.6,4.7227,92.8588,2.4185
g7,2021.7,4.8492,92.6852,2.4655
g7,2021.8,4.9778,92.5094,2.5128
g7,2021.9,5.1083,92.3315,2.5602
g7,2022.0,5.2408,92.1514,2.6078
g7,2022.1,5.3753,91.9692,2.6555
g7,2022.2,5.5118,91.7848,2.7034
g7,2022.3,5.6503,91.5983,2.7514
g7,2022.4,5.7907,91.4097,2.7996
g7,2022.5,5.9332,91.2190,2.8478
g7,2022.6,6.0776,91.0262,2.8962
g7,2022.7,6.2241,90.8313,2.9446
g7,2022.8,6.3725,90.6344,2.9931
g7,2022.9,6.5229,90.4355,3.0416
g7,2023.0,6.6753,90.2345,3.0902
g7,2023.1,6.8297,90.0315,3.1388
g7,2023.2,6.9860,89.8265,3.1874
g7,2023.3,7.1444,89.6196,3.2360
g7,2023.4,7.3047,89.4106,3.2846
g7,2023.5,7.4670,89.1998,3.3332
g7,2023.6,7.6313,88.9870,3.3817
g7,2023.7,7.7976,88.7723,3.4301
g7,2023.8,7.9658,88.5557,3.4785
g7,2023.9,8.1361,88.3372,3.5267
g7,2024.0,8.3082,88.1169,3.5749
g7,2024.1,8.4823,87.8947,3.6229
g7,2024.2,8.6584,87.6707,3.6708
g7,2024.3,8.8365,87.4450,3.7186
g7,2024.4,9.0164,87.2174,3.7662
g7,2024.5,9.1983,86.9881,3.8136
g7,2024.6,9.3822,86.7570,3.8608
g7,2024.7,9.5679,86.5243,3.9078
g7,2024.8,9.7556,86.2898,3.9546
g7,2024.9,9.9452,86.0537,4.0011
g7,2025.0,10.1367,85.8159,4.0474
g7,2025.1,10.3300,85.5765,4.0934
g7,2025.2,10.5253,85.3355,4.1392
g7,2025.3,10.7224,85.0929,4.1846
g7,2025.4,10.9214,84.8488,4.2298
g7,2025.5,11.1223,84.6031,4.2746
g7,2025.6,11.3250,84.3559,4.3191
g7,2025.7,11.5296,84.1072,4.3632
g7,2025.8,11.7359,83.8571,4.4070
g7,2025.9,11.9441,83.6055,4.4504
g7,2026.0,12.1541,83.3525,4.4934
g7,2026.1,12.3659,83.0981,4.5360
g7,2026.2,12.5795,82.8423,4.5782
g7,2026.3,12.7949,82.5852,4.6200
g7,2026.4,13.0120,82.3267,4.6613
g7,2026.5,13.2308,82.0670,4.7021
g7,2026.6,13.4514,81.8060,4.7426
g7,2026.7,13.6738,81.5438,4.7825
g7,2026.8,13.8978,81.2803,4.8219
g7,2026.9,14.1235,81.0156,4.8609
g7,2027.0,14.3509,80.7498,4.8993
g7,2027.1,14.5800,80.4828,4.9372
g7,2027.2,14.8107,80.2147,4.9745
g7,2027.3,15.0431,79.9456,5.0114
g7,2027.4,15.2771,79.6753,5.0476
g7,2027.5,15.5127,79.4040,5.0833
g7,2027.6,15.7498,79.1317,5.1184
g7,2027.7,15.9886,78.8584,5.1529
g7,2027.8,16.2289,78.5842,5.1869
g7,2027.9,16.4708,78.3090,5.2202
g7,2028.0,16.7142,78.0329,5.2529
g7,2028.1,16.9591,77.7559,5.2850
g7,2028.2,17.2055,77.4781,5.3164
g7,2028.3,17.4534,77.1994,5.3472
g7,2028.4,17.7028,76.9199,5.3773
g7,2028.5,17.9536,76.6397,5.4068
g7,2028.6,18.2058,76.3586,5.4356
g7,2028.7,18.4594,76.0769,5.4637
g7,2028.8,18.7144,75.7944,5.4912
g7,2028.9,18.9708,75.5113,5.5179
g7,2029.0,19.2285,75.2275,5.5440
g7,2029.1,19.4876,74.9431,5.5693
g7,2029.2,19.7480,74.6580,5.5939
g7,2029.3,20.0097,74.3724,5.6179
g7,2029.4,20.2727,74.0863,5.6411
g7,2029.5,20.5369,73.7996,5.6635
g7,2029.6,20.8023,73.5124,5.6852
g7,2029.7,21.0690,73.2247,5.7062
g7,2029.8,21.3369,72.9366,5.7265
g7,2029.9,21.6059,72.6481,5.7460
g7,2030.0,21.8762,72.3591,5.7647
g7,2030.1,22.1475,72.0698,5.7827
g7,2030.2,22.4200,71.7801,5.7999
g7,2030.3,22.6936,71.4900,5.8164
g7,2030.4,22.9682,71.1997,5.8321
g7,2030.5,23.2439,70.9091,5.8470
g7,2030.6,23.5206,70.6182,5.8612
g7,2030.7,23.7984,70.3270,5.8746
g7,2030.8,24.0771,70.0356,5.8872
g7,2030.9,24.3569,69.7441,5.8990
g7,2031.0,24.6375,69.4524,5.9101
g7,2031.1,24.9191,69.1605,5.9204
g7,2031.2,25.2016,68.8684,5.9299
g7,2031.3,25.4850,68.5763,5.9386
g7,2031.4,25.7693,68.2841,5.9466
g7,2031.5,26.0544,67.9918,5.9538
g7,2031.6,26.3403,67.6995,5.9602
g7,2031.7,26.6271,67.4071,5.9658
g7,2031.8,26.9146,67.1148,5.9706
g7,2031.9,27.2028,66.8224,5.9747
g7,2032.0,27.4919,66.5301,5.9780
g7,2032.1,27.7816,66.2379,5.9806
g7,2032.2,28.0720,65.9457,5.9823
g7,2032.3,28.3631,65.6536,5.9833
g7,2032.4,28.6548,65.3616,5.9836
g7,2032.5,28.9471,65.0698,5.9831
g7,2032.6,29.2401,64.7781,5.9818
g7,2032.7,29.5337,64.4866,5.9798
g7,2032.8,29.8278,64.1952,5.9770
g7,2032.9,30.1224,63.9041,5.9735
g7,2033.0,30.4176,63.6132,5.9693
g7,2033.1,30.7133,63.3225,5.9643
g7,2033.2,31.0094,63.0320,5.9586
g7,2033.3,31.3060,62.7419,5.9521
g7,2033.4,31.6030,62.4520,5.9450
g7,2033.5,31.9004,62.1624,5.9371
g7,2033.6,32.1983,61.8732,5.9286
g7,2033.7,32.4965,61.5842,5.9193
g7,2033.8,32.7950,61.2957,5.9093
g7,2033.9,33.0939,61.0075,5.8987
g7,2034.0,33.3930,60.7196,5.8873
g7,2034.1,33.6925,60.4322,5.8753
g7,2034.2,33.9922,60.1451,5.8627
g7,2034.3,34.2922,59.8585,5.8493
g7,2034.4,34.5923,59.5723,5.8354
g7,2034.5,34.8927,59.2866,5.8207
g7,2034.6,35.1933,59.0013,5.8055
g7,2034.7,35.4940,58.7165,5.7896
g7,2034.8,35.7948,58.4321,5.7730
g7,2034.9,36.0958,58.1483,5.7559
g7,2035.0,36.3968,57.8650,5.7382
g7,2035.1,36.6980,57.5822,5.7199
g7,2035.2,36.9992,57.2999,5.7010
g7,2035.3,37.3004,57.0181,5.6815
g7,2035.4,37.6016,56.7370,5.6614
g7,2035.5,37.9029,56.4563,5.6408
g7,2035.6,38.2041,56.1763,5.6196
g7,2035.7,38.5053,55.8968,5.5979
g7,2035.8,38.8064,55.6179,5.5757
g7,2035.9,39.1074,55.3396,5.5529
g7,2036.0,39.4084,55.0620,5.5296
g7,2036.1,39.7092,54.7849,5.5059
g7,2036.2,40.0099,54.5085,5.4816
g7,2036.3,40.3104,54.2327,5.4569
g7,2036.4,40.6108,53.9576,5.4316
g7,2036.5,40.9110,53.6831,5.4059
g7,2036.6,41.2109,53.4093,5.3798
g7,2036.7,41.5107,53.1361,5.3532
g7,2036.8,41.8101,52.8636,5.3262
g7,2036.9,42.1094,52.5918,5.2988
g7,2037.0,42.4083,52.3207,5.2709
g7,2037.1,42.7070,52.0503,5.2427
g7,2037.2,43.0053,51.7806,5.2141
g7,2037.3,43.3033,51.5117,5.1850
g7,2037.4,43.6010,51.2434,5.1557
g7,2037.5,43.8982,50.9758,5.1259
g7,2037.6,44.1952,50.7090,5.0958
g7,2037.7,44.4917,50.4429,5.0654
g7,2037.8,44.7878,50.1776,5.0346
g7,2037.9,45.0835,49.9130,5.0036
g7,2038.0,45.3787,49.6492,4.9722
g7,2038.1,45.6735,49.3861,4.9405
g7,2038.2,45.9678,49.1237,4.9085
g7,2038.3,46.2616,48.8622,4.8763
g7,2038.4,46.5549,48.6014,4.8438
g7,2038.5,46.8476,48.3414,4.8110
g7,2038.6,47.1399,48.0821,4.7780
g7,2038.7,47.4316,47.8237,4.7447
g7,2038.8,47.7227,47.5660,4.7112
g7,2038.9,48.0133,47.3091,4.6776
g7,2039.0,48.3033,47.0531,4.6437
g7,2039.1,48.5927,46.7978,4.6096
g7,2039.2,48.8814,46.5433,4.5753
g7,2039.3,49.1695,46.2896,4.5408
g7,2039.4,49.4570,46.0368,4.5062
g7,2039.5,49.7438,45.7847,4.4714
g7,2039.6,50.0300,45.5335,4.4365
g7,2039.7,50.3155,45.2831,4.4015
g7,2039.8,50.6003,45.0335,4.3663
g7,2039.9,50.8844,44.7847,4.3310
g7,2040.0,51.1677,44.5367,4.2955
g7,2040.1,51.4504,44.2896,4.2600
g7,2040.2,51.7323,44.0433,4.2244
g7,2040.3,52.0134,43.7979,4.1887
g7,2040.4,52.2938,43.5532,4.1530
g7,2040.5,52.5734,43.3095,4.1171
g7,2040.6,52.8522,43.0665,4.0813
g7,2040.7,53.1303,42.8244,4.0453
g7,2040.8,53.4075,42.5832,4.0093
g7,2040.9,53.6839,42.3428,3.9733
g7,2041.0,53.9595,42.1032,3.9373
g7,2041.1,54.2342,41.8645,3.9013
g7,2041.2,54.5081,41.6266,3.8652
g7,2041.3,54.7812,41.3896,3.8292
g7,2041.4,55.0534,41.1535,3.7931
g7,2041.5,55.3247,40.9182,3.7571
g7,2041.6,55.5951,40.6838,3.7211
g7,2041.7,55.8647,40.4502,3.6851
g7,2041.8,56.1333,40.2175,3.6492
g7,2041.9,56.4011,39.9856,3.6133
g7,2042.0,56.6679,39.7547,3.5775
g7,2042.1,56.9338,39.5245,3.5417
g7,2042.2,57.1987,39.2953,3.5060
g7,2042.3,57.4628,39.0669,3.4703
g7,2042.4,57.7258,38.8394,3.4348
g7,2042.5,57.9880,38.6128,3.3993
g7,2042.6,58.2491,38.3870,3.3639
g7,2042.7,58.5093,38.1621,3.3286
g7,2042.8,58.7685,37.9381,3.2934
g7,2042.9,59.0267,37.7149,3.2583
g7,2043.0,59.2840,37.4927,3.2233
g7,2043.1,59.5402,37.2713,3.1885
g7,2043.2,59.7955,37.0508,3.1538
g7,2043.3,60.0497,36.8312,3.1192
g7,2043.4,60.3029,36.6124,3.0847
g7,2043.5,60.5551,36.3946,3.0504
g7,2043.6,60.8062,36.1776,3.0162
g7,2043.7,61.0564,35.9615,2.9822
g7,2043.8,61.3054,35.7463,2.9483
g7,2043.9,61.5535,35.5320,2.9146
g7,2044.0,61.8005,35.3185,2.8810
g7,2044.1,62.0464,35.1060,2.8476
g7,2044.2,62.2913,34.8943,2.8144
g7,2044.3,62.5351,34.6836,2.7814
g7,2044.4,62.7778,34.4737,2.7485
g7,2044.5,63.0195,34.2647,2.7158
g7,2044.6,63.2600,34.0567,2.6833
g7,2044.7,63.4995,33.8495,2.6510
g7,2044.8,63.7379,33.6432,2.6189
g7,2044.9,63.9752,33.4378,2.5870
g7,2045.0,64.2115,33.2333,2.5552
g7,2045.1,64.4466,33.0297,2.5237
g7,2045.2,64.6806,32.8270,2.4937
g7,2045.3,64.9135,32.6252,2.4783
g7,2045.4,65.1453,32.4243,2.4631
g7,2045.5,65.3759,32.2244,2.4481
g7,2045.6,65.6055,32.0253,2.4333
g7,2045.7,65.8339,31.8271,2.4186
g7,2045.8,66.0612,31.6298,2.4040
g7,2045.9,66.2874,31.4335,2.3897
g7,2046.0,66.5124,31.2380,2.3755
g7,2046.1,66.7363,31.0435,2.3614
g7,2046.2,66.9591,30.8499,2.3475
g7,2046.3,67.1807,30.6571,2.3338
g7,2046.4,67.4011,30.4653,2.3203
g7,2046.5,67.6205,30.2744,2.3069
g7,2046.6,67.8387,30.0844,2.2936
g7,2046.7,68.0557,29.8954,2.2805
g7,2046.8,68.2716,29.7072,2.2676
g7,2046.9,68.4863,29.5200,2.2548
g7,2047.0,68.6998,29.3337,2.2421
g7,2047.1,68.9123,29.1483,2.2297
g7,2047.2,69.1235,28.9638,2.2173
g7,2047.3,69.3336,28.7802,2.2051
g7,2047.4,69.5425,28.5976,2.1931
g7,2047.5,69.7502,28.4159,2.1812
g7,2047.6,69.9568,28.2351,2.1695
g7,2047.7,70.1622,28.0552,2.1579
g7,2047.8,70.3664,27.8762,2.1464
g7,2047.9,70.5695,27.6982,2.1351
g7,2048.0,70.7714,27.5211,2.1239
g7,2048.1,70.9721,27.3450,2.1128
g7,2048.2,71.1716,27.1697,2.1019
g7,2048.3,71.3700,26.9954,2.0911
g7,2048.4,71.5672,26.8220,2.0804
g7,2048.5,71.7632,26.6495,2.0699
g7,2048.6,71.9580,26.4780,2.0595
g7,2048.7,72.1517,26.3074,2.0492
g7,2048.8,72.3441,26.1378,2.0390
g7,2048.9,72.5354,25.9690,2.0290
g7,2049.0,72.7255,25.8012,2.0191
g7,2049.1,72.9144,25.6344,2.0093
g7,2049.2,73.1022,25.4684,1.9996
g7,2049.3,73.2887,25.3034,1.9901
g7,2049.4,73.4741,25.1394,1.9808
g7,2049.5,73.6583,24.9762,1.9716
g7,2049.6,73.8413,24.8140,1.9626
g7,2049.7,74.0231,24.6528,1.9536
g7,2049.8,74.2037,24.4925,1.9448
g7,2049.9,74.3832,24.3331,1.9360
g7,2050.0,74.5614,24.1746,1.9273
north_america,2015.0,0.3128,99.4866,0.2006
north_america,2015.1,0.3315,99.4586,0.2099
north_america,2015.2,0.3510,99.4297,0.2193
north_america,2015.3,0.3712,99.3998,0.2290
north_america,2015.4,0.3922,99.3689,0.2389
north_america,2015.5,0.4139,99.3371,0.2490
north_america,2015.6,0.4364,99.3042,0.2593
north_america,2015.7,0.4597,99.2704,0.2698
north_america,2015.8,0.4838,99.2356,0.2806
north_america,2015.9,0.5088,99.1997,0.2915
north_america,2016.0,0.5345,99.1629,0.3026
north_america,2016.1,0.5611,99.1249,0.3139
north_america,2016.2,0.5886,99.0860,0.3254
north_america,2016.3,0.6169,99.0459,0.3372
north_america,2016.4,0.6461,99.0048,0.3491
north_america,2016.5,0.6762,98.9626,0.3612
north_america,2016.6,0.7072,98.9193,0.3735
north_america,2016.7,0.7391,98.8749,0.3859
north_america,2016.8,0.7720,98.8294,0.3986
north_america,2016.9,0.8058,98.7828,0.4114
north_america,2017.0,0.8406,98.7350,0.4245
north_america,2017.1,0.8763,98.6860,0.4377
north_america,2017.2,0.9130,98.6359,0.4510
north_america,2017.3,0.9507,98.5847,0.4646
north_america,2017.4,0.9894,98.5322,0.4783
north_america,2017.5,1.0292,98.4786,0.4922
north_america,2017.6,1.0699,98.4238,0.5063
north_america,2017.7,1.1117,98.3677,0.5205
north_america,2017.8,1.1546,98.3105,0.5349
north_america,2017.9,1.1985,98.2520,0.5494
north_america,2018.0,1.2435,98.1923,0.5641
north_america,2018.1,1.2896,98.1314,0.5790
north_america,2018.2,1.3368,98.0692,0.5940
north_america,2018.3,1.3851,98.0057,0.6092
north_america,2018.4,1.4346,97.9410,0.6245
north_america,2018.5,1.4852,97.8750,0.6399
north_america,2018.6,1.5369,97.8077,0.6555
north_america,2018.7,1.5898,97.7391,0.6712
north_america,2018.8,1.6438,97.6692,0.6870
north_america,2018.9,1.6990,97.5980,0.7030
north_america,2019.0,1.7555,97.5255,0.7191
north_america,2019.1,1.8131,97.4516,0.7353
north_america,2019.2,1.8719,97.3764,0.7516
north_america,2019.3,1.9320,97.2999,0.7681
north_america,2019.4,1.9933,97.2220,0.7847
north_america,2019.5,2.0559,97.1428,0.8013
north_america,2019.6,2.1197,97.0622,0.8181
north_america,2019.7,2.1847,96.9803,0.8350
north_america,2019.8,2.2511,96.8969,0.8520
north_america,2019.9,2.3188,96.8122,0.8690
north_america,2020.0,2.3877,96.7261,0.8862
north_america,2020.1,2.4580,96.6386,0.9034
north_america,2020.2,2.5295,96.5497,0.9208
north_america,2020.3,2.6024,96.4594,0.9382
north_america,2020.4,2.6767,96.3676,0.9557
north_america,2020.5,2.7523,96.2745,0.9732
north_america,2020.6,2.8292,96.1799,0.9909
north_america,2020.7,2.9076,96.0839,1.0086
north_america,2020.8,2.9873,95.9864,1.0263
north_america,2020.9,3.0683,95.8875,1.0441
north_america,2021.0,3.1508,95.7872,1.0620
north_america,2021.1,3.2347,95.6854,1.0799
north_america,2021.2,3.3200,95.5821,1.0979
north_america,2021.3,3.4068,95.4774,1.1159
north_america,2021.4,3.4949,95.3711,1.1339
north_america,2021.5,3.5845,95.2635,1.1520
north_america,2021.6,3.6756,95.1543,1.1701
north_america,2021.7,3.7681,95.0437,1.1882
north_america,2021.8,3.8621,94.9315,1.2064
north_america,2021.9,3.9575,94.8179,1.2245
north_america,2022.0,4.0545,94.7028,1.2427
north_america,2022.1,4.1529,94.5862,1.2609
north_america,2022.2,4.2528,94.4681,1.2791
north_america,2022.3,4.3543,94.3484,1.2973
north_america,2022.4,4.4572,94.2273,1.3155
north_america,2022.5,4.5617,94.1047,1.3337
north_america,2022.6,4.6677,93.9805,1.3518
north_america,2022.7,4.7752,93.8548,1.3700
north_america,2022.8,4.8843,93.7276,1.3881
north_america,2022.9,4.9949,93.5988,1.4062
north_america,2023.0,5.1071,93.4686,1.4243
north_america,2023.1,5.2209,93.3368,1.4423
north_america,2023.2,5.3362,93.2035,1.4603
north_america,2023.3,5.4531,93.0686,1.4783
north_america,2023.4,5.5716,92.9322,1.4962
north_america,2023.5,5.6917,92.7943,1.5141
north_america,2023.6,5.8134,92.6548,1.5319
north_america,2023.7,5.9366,92.5137,1.5496
north_america,2023.8,6.0615,92.3712,1.5673
north_america,2023.9,6.1880,92.2271,1.5849
north_america,2024.0,6.3161,92.0814,1.6025
north_america,2024.1,6.4458,91.9342,1.6199
north_america,2024.2,6.5772,91.7855,1.6373
north_america,2024.3,6.7102,91.6352,1.6546
north_america,2024.4,6.8448,91.4833,1.6718
north_america,2024.5,6.9811,91.3299,1.6890
north_america,2024.6,7.1190,91.1750,1.7060
north_america,2024.7,7.2586,91.0185,1.7229
north_america,2024.8,7.3998,90.8605,1.7397
north_america,2024.9,7.5427,90.7009,1.7564
north_america,2025.0,7.6873,90.5397,1.7730
north_america,2025.1,7.8335,90.3770,1.7895
north_america,2025.2,7.9814,90.2128,1.8058
north_america,2025.3,8.1309,90.0470,1.8220
north_america,2025.4,8.2822,89.8797,1.8381
north_america,2025.5,8.4351,89.7109,1.8541
north_america,2025.6,8.5897,89.5404,1.8699
north_america,2025.7,8.7459,89.3685,1.8856
north_america,2025.8,8.9039,89.1950,1.9011
north_america,2025.9,9.0636,89.0200,1.9164
north_america,2026.0,9.2249,88.8434,1.9316
north_america,2026.1,9.3880,88.6654,1.9467
north_america,2026.2,9.5527,88.4857,1.9616
north_america,2026.3,9.7191,88.3046,1.9763
north_america,2026.4,9.8872,88.1219,1.9908
north_america,2026.5,10.0571,87.9377,2.0052
north_america,2026.6,10.2286,87.7520,2.0194
north_america,2026.7,10.4018,87.5648,2.0334
north_america,2026.8,10.5768,87.3760,2.0472
north_america,2026.9,10.7534,87.1858,2.0608
north_america,2027.0,10.9317,86.9940,2.0743
north_america,2027.1,11.1118,86.8008,2.0875
north_america,2027.2,11.2935,86.6060,2.1005
north_america,2027.3,11.4769,86.4098,2.1133
north_america,2027.4,11.6621,86.2120,2.1259
north_america,2027.5,11.8489,86.0128,2.1383
north_america,2027.6,12.0374,85.8121,2.1505
north_america,2027.7,12.2277,85.6099,2.1624
north_america,2027.8,12.4196,85.4062,2.1742
north_america,2027.9,12.6132,85.2011,2.1857
north_america,2028.0,12.8085,84.9945,2.1969
north_america,2028.1,13.0055,84.7865,2.2080
north_america,2028.2,13.2042,84.5770,2.2187
north_america,2028.3,13.4046,84.3661,2.2293
north_america,2028.4,13.6067,84.1537,2.2396
north_america,2028.5,13.8104,83.9399,2.2496
north_america,2028.6,14.0159,83.7247,2.2594
north_america,2028.7,14.2230,83.5080,2.2690
north_america,2028.8,14.4317,83.2900,2.2783
north_america,2028.9,14.6422,83.0705,2.2873
north_america,2029.0,14.8543,82.8496,2.2961
north_america,2029.1,15.0681,82.6274,2.3046
north_america,2029.2,15.2835,82.4037,2.3128
north_america,2029.3,15.5006,82.1787,2.3208
north_america,2029.4,15.7193,81.9523,2.3284
north_america,2029.5,15.9397,81.7245,2.3358
north_america,2029.6,16.1617,81.4954,2.3429
north_america,2029.7,16.3853,81.2649,2.3498
north_america,2029.8,16.6106,81.0331,2.3563
north_america,2029.9,16.8375,80.7999,2.3626
north_america,2030.0,17.0660,80.5655,2.3686
north_america,2030.1,17.2961,80.3297,2.3742
north_america,2030.2,17.5278,80.0926,2.3796
north_america,2030.3,17.7611,79.8542,2.3847
north_america,2030.4,17.9960,79.6145,2.3895
north_america,2030.5,18.2325,79.3735,2.3940
north_america,2030.6,18.4706,79.1313,2.3981
north_america,2030.7,18.7103,78.8878,2.4020
north_america,2030.8,18.9515,78.6430,2.4055
north_america,2030.9,19.1942,78.3970,2.4088
north_america,2031.0,19.4385,78.1497,2.4117
north_america,2031.1,19.6844,77.9013,2.4143
north_america,2031.2,19.9318,77.6516,2.4167
north_america,2031.3,20.1807,77.4007,2.4186
north_america,2031.4,20.4311,77.1486,2.4203
north_america,2031.5,20.6830,76.8954,2.4217
north_america,2031.6,20.9364,76.6409,2.4227
north_america,2031.7,21.1913,76.3853,2.4234
north_america,2031.8,21.4477,76.1286,2.4238
north_america,2031.9,21.7055,75.8707,2.4238
north_america,2032.0,21.9648,75.6116,2.4235
north_america,2032.1,22.2256,75.3515,2.4229
north_america,2032.2,22.4878,75.0902,2.4220
north_america,2032.3,22.7514,74.8279,2.4207
north_america,2032.4,23.0164,74.5644,2.4191
north_america,2032.5,23.2829,74.2999,2.4172
north_america,2032.6,23.5507,74.0343,2.4150
north_america,2032.7,23.8199,73.7677,2.4124
north_america,2032.8,24.0905,73.5000,2.4094
north_america,2032.9,24.3625,73.2313,2.4062
north_america,2033.0,24.6358,72.9616,2.4026
north_america,2033.1,24.9104,72.6909,2.3987
north_america,2033.2,25.1864,72.4192,2.3944
north_america,2033.3,25.4637,72.1466,2.3898
north_america,2033.4,25.7422,71.8729,2.3849
north_america,2033.5,26.0221,71.5983,2.3796
north_america,2033.6,26.3032,71.3228,2.3740
north_america,2033.7,26.5856,71.0463,2.3680
north_america,2033.8,26.8693,70.7690,2.3618
north_america,2033.9,27.1541,70.4907,2.3551
north_america,2034.0,27.4402,70.2116,2.3482
north_america,2034.1,27.7276,69.9315,2.3409
north_america,2034.2,28.0161,69.6506,2.3333
north_america,2034.3,28.3057,69.3689,2.3254
north_america,2034.4,28.5966,69.0864,2.3171
north_america,2034.5,28.8886,68.8030,2.3085
north_america,2034.6,29.1817,68.5188,2.2995
north_america,2034.7,29.4759,68.2338,2.2902
north_america,2034.8,29.7713,67.9481,2.2806
north_america,2034.9,30.0677,67.6615,2.2707
north_america,2035.0,30.3653,67.3743,2.2605
north_america,2035.1,30.6638,67.0863,2.2499
north_america,2035.2,30.9635,66.7976,2.2390
north_america,2035.3,31.2641,66.5081,2.2277
north_america,2035.4,31.5658,66.2180,2.2162
north_america,2035.5,31.8685,65.9272,2.2043
north_america,2035.6,32.1721,65.6358,2.1921
north_america,2035.7,32.4767,65.3437,2.1796
north_america,2035.8,32.7823,65.0510,2.1668
north_america,2035.9,33.0887,64.7576,2.1536
north_america,2036.0,33.3961,64.4637,2.1402
north_america,2036.1,33.7044,64.1691,2.1264
north_america,2036.2,34.0136,63.8740,2.1124
north_america,2036.3,34.3236,63.5784,2.0980
north_america,2036.4,34.6345,63.2822,2.0833
north_america,2036.5,34.9462,62.9854,2.0683
north_america,2036.6,35.2588,62.6882,2.0531
north_america,2036.7,35.5721,62.3905,2.0375
north_america,2036.8,35.8862,62.0922,2.0216
north_america,2036.9,36.2010,61.7935,2.0054
north_america,2037.0,36.5166,61.4944,1.9890
north_america,2037.1,36.8329,61.1949,1.9723
north_america,2037.2,37.1499,60.8949,1.9552
north_america,2037.3,37.4676,60.5945,1.9379
north_america,2037.4,37.7859,60.2937,1.9204
north_america,2037.5,38.1049,59.9926,1.9025
north_america,2037.6,38.4246,59.6911,1.8844
north_america,2037.7,38.7448,59.3892,1.8660
north_america,2037.8,39.0656,59.0871,1.8473
north_america,2037.9,39.3870,58.7846,1.8284
north_america,2038.0,39.7090,58.4818,1.8092
north_america,2038.1,40.0315,58.1788,1.7898
north_america,2038.2,40.3545,57.8755,1.7701
north_america,2038.3,40.6780,57.5719,1.7501
north_america,2038.4,41.0019,57.2681,1.7299
north_america,2038.5,41.3264,56.9642,1.7095
north_america,2038.6,41.6512,56.6600,1.6888
north_america,2038.7,41.9765,56.3556,1.6679
north_america,2038.8,42.3022,56.0511,1.6468
north_america,2038.9,42.6282,55.7464,1.6254
north_america,2039.0,42.9546,55.4416,1.6038
north_america,2039.1,43.2814,55.1366,1.5820
north_america,2039.2,43.6084,54.8316,1.5599
north_america,2039.3,43.9358,54.5265,1.5377
north_america,2039.4,44.2634,54.2213,1.5152
north_america,2039.5,44.5913,53.9161,1.4926
north_america,2039.6,44.9195,53.6108,1.4697
north_america,2039.7,45.2478,53.3055,1.4467
north_america,2039.8,45.5764,53.0002,1.4234
north_america,2039.9,45.9051,52.6949,1.4000
north_america,2040.0,46.2340,52.3896,1.3764
north_america,2040.1,46.5630,52.0844,1.3526
north_america,2040.2,46.8921,51.7792,1.3286
north_america,2040.3,47.2214,51.4741,1.3045
north_america,2040.4,47.5507,51.1691,1.2802
north_america,2040.5,47.8800,50.8642,1.2557
north_america,2040.6,48.2094,50.5595,1.2311
north_america,2040.7,48.5388,50.2548,1.2063
north_america,2040.8,48.8683,49.9503,1.1814
north_america,2040.9,49.1976,49.6460,1.1563
north_america,2041.0,49.5270,49.3419,1.1311
north_america,2041.1,49.8562,49.0380,1.1058
north_america,2041.2,50.1854,48.7343,1.0803
north_america,2041.3,50.5145,48.4308,1.0547
north_america,2041.4,50.8435,48.1275,1.0290
north_america,2041.5,51.1723,47.8245,1.0032
north_america,2041.6,51.5009,47.5218,0.9773
north_america,2041.7,51.8293,47.2194,0.9512
north_america,2041.8,52.1576,46.9173,0.9251
north_america,2041.9,52.4856,46.6156,0.8988
north_america,2042.0,52.8134,46.3141,0.8725
north_america,2042.1,53.1409,46.0130,0.8461
north_america,2042.2,53.4681,45.7123,0.8196
north_america,2042.3,53.7950,45.4120,0.7931
north_america,2042.4,54.1215,45.1120,0.7664
north_america,2042.5,54.4478,44.8125,0.7397
north_america,2042.6,54.7736,44.5134,0.7130
north_america,2042.7,55.0991,44.2148,0.6861
north_america,2042.8,55.4242,43.9166,0.6593
north_america,2042.9,55.7488,43.6188,0.6324
north_america,2043.0,56.0730,43.3216,0.6054
north_america,2043.1,56.3967,43.0248,0.5784
north_america,2043.2,56.7200,42.7286,0.5514
north_america,2043.3,57.0427,42.4329,0.5244
north_america,2043.4,57.3650,42.1378,0.4973
north_america,2043.5,57.6866,41.8432,0.4702
north_america,2043.6,58.0078,41.5491,0.4431
north_america,2043.7,58.3283,41.2557,0.4160
north_america,2043.8,58.6482,40.9628,0.3889
north_america,2043.9,58.9676,40.6706,0.3618
north_america,2044.0,59.2863,40.3790,0.3348
north_america,2044.1,59.6043,40.0880,0.3077
north_america,2044.2,59.9217,39.7977,0.2806
north_america,2044.3,60.2383,39.5080,0.2536
north_america,2044.4,60.5543,39.2191,0.2266
north_america,2044.5,60.8696,38.9308,0.1997
north_america,2044.6,61.1840,38.6432,0.1727
north_america,2044.7,61.4978,38.3564,0.1459
north_america,2044.8,61.8107,38.0702,0.1190
north_america,2044.9,62.1229,37.7848,0.0923
north_america,2045.0,62.4342,37.5002,0.0655
north_america,2045.1,62.7448,37.2164,0.0389
north_america,2045.2,63.0544,36.9333,0.0144
north_america,2045.3,63.3632,36.6510,0.0140
north_america,2045.4,63.6711,36.3695,0.0136
north_america,2045.5,63.9781,36.0888,0.0132
north_america,2045.6,64.2842,35.8090,0.0129
north_america,2045.7,64.5894,35.5300,0.0125
north_america,2045.8,64.8936,35.2519,0.0121
north_america,2045.9,65.1969,34.9746,0.0117
north_america,2046.0,65.4992,34.6982,0.0113
north_america,2046.1,65.8004,34.4227,0.0109
north_america,2046.2,66.1007,34.1480,0.0106
north_america,2046.3,66.3999,33.8743,0.0102
north_america,2046.4,66.6981,33.6015,0.0098
north_america,2046.5,66.9953,33.3297,0.0094
north_america,2046.6,67.2914,33.0587,0.0091
north_america,2046.7,67.5863,32.7888,0.0087
north_america,2046.8,67.8802,32.5198,0.0083
north_america,2046.9,68.1730,32.2517,0.0080
north_america,2047.0,68.4646,31.9847,0.0076
north_america,2047.1,68.7551,31.7186,0.0072
north_america,2047.2,69.0444,31.4535,0.0069
north_america,2047.3,69.3326,31.1895,0.0065
north_america,2047.4,69.6196,30.9264,0.0062
north_america,2047.5,69.9054,30.6644,0.0058
north_america,2047.6,70.1899,30.4035,0.0055
north_america,2047.7,70.4733,30.1436,0.0051
north_america,2047.8,70.7554,29.8847,0.0048
north_america,2047.9,71.0362,29.6269,0.0044
north_america,2048.0,71.3158,29.3702,0.0041
north_america,2048.1,71.5941,29.1146,0.0038
north_america,2048.2,71.8712,28.8600,0.0034
north_america,2048.3,72.1469,28.6066,0.0031
north_america,2048.4,72.4214,28.3543,0.0028
north_america,2048.5,72.6945,28.1031,0.0024
north_america,2048.6,72.9662,27.8530,0.0021
north_america,2048.7,73.2367,27.6040,0.0018
north_america,2048.8,73.5058,27.3562,0.0015
north_america,2048.9,73.7735,27.1095,0.0011
north_america,2049.0,74.0398,26.8640,0.0008
north_america,2049.1,74.3048,26.6196,0.0005
north_america,2049.2,74.5684,26.3765,0.0002
north_america,2049.3,74.8306,26.1344,0.0000
north_america,2049.4,75.0913,25.8936,0.0000
north_america,2049.5,75.3507,25.6540,0.0000
north_america,2049.6,75.6086,25.4155,0.0000
north_america,2049.7,75.8650,25.1783,0.0000
north_america,2049.8,76.1201,24.9422,0.0000
north_america,2049.9,76.3736,24.7074,0.0000
north_america,2050.0,76.6257,24.4738,0.0000
south_america,2015.0,0.0000,99.9998,0.0001
south_america,2015.1,0.0001,99.9998,0.0002
south_america,2015.2,0.0001,99.9997,0.0002
south_america,2015.3,0.0001,99.9997,0.0002
south_america,2015.4,0.0001,99.9996,0.0003
south_america,2015.5,0.0001,99.9995,0.0003
south_america,2015.6,0.0002,99.9995,0.0004
south_america,2015.7,0.0002,99.9994,0.0005
south_america,2015.8,0.0002,99.9992,0.0005
south_america,2015.9,0.0003,99.9991,0.0006
south_america,2016.0,0.0003,99.9989,0.0008
south_america,2016.1,0.0004,99.9987,0.0009
south_america,2016.2,0.0005,99.9985,0.0010
south_america,2016.3,0.0006,99.9983,0.0012
south_america,2016.4,0.0007,99.9980,0.0014
south_america,2016.5,0.0008,99.9976,0.0016
south_america,2016.6,0.0009,99.9973,0.0019
south_america,2016.7,0.0011,99.9968,0.0022
south_america,2016.8,0.0012,99.9963,0.0025
south_america,2016.9,0.0014,99.9958,0.0028
south_america,2017.0,0.0017,99.9952,0.0032
south_america,2017.1,0.0019,99.9945,0.0037
south_america,2017.2,0.0022,99.9937,0.0042
south_america,2017.3,0.0025,99.9928,0.0048
south_america,2017.4,0.0029,99.9918,0.0054
south_america,2017.5,0.0034,99.9907,0.0061
south_america,2017.6,0.0038,99.9894,0.0069
south_america,2017.7,0.0044,99.9880,0.0078
south_america,2017.8,0.0050,99.9865,0.0088
south_america,2017.9,0.0057,99.9847,0.0099
south_america,2018.0,0.0064,99.9828,0.0111
south_america,2018.1,0.0073,99.9807,0.0124
south_america,2018.2,0.0082,99.9783,0.0139
south_america,2018.3,0.0093,99.9757,0.0155
south_america,2018.4,0.0104,99.9728,0.0172
south_america,2018.5,0.0117,99.9696,0.0192
south_america,2018.6,0.0132,99.9661,0.0213
south_america,2018.7,0.0147,99.9622,0.0237
south_america,2018.8,0.0165,99.9580,0.0262
south_america,2018.9,0.0184,99.9533,0.0290
south_america,2019.0,0.0205,99.9482,0.0320
south_america,2019.1,0.0229,99.9426,0.0354
south_america,2019.2,0.0255,99.9365,0.0390
south_america,2019.3,0.0283,99.9299,0.0429
south_america,2019.4,0.0314,99.9226,0.0472
south_america,2019.5,0.0347,99.9146,0.0518
south_america,2019.6,0.0384,99.9060,0.0568
south_america,2019.7,0.0425,99.8966,0.0623
south_america,2019.8,0.0469,99.8863,0.0682
south_america,2019.9,0.0517,99.8752,0.0745
south_america,2020.0,0.0569,99.8632,0.0814
south_america,2020.1,0.0626,99.8501,0.0889
south_america,2020.2,0.0688,99.8360,0.0969
south_america,2020.3,0.0755,99.8207,0.1055
south_america,2020.4,0.0829,99.8041,0.1148
south_america,2020.5,0.0908,99.7862,0.1248
south_america,2020.6,0.0995,99.7669,0.1356
south_america,2020.7,0.1089,99.7460,0.1471
south_america,2020.8,0.1191,99.7235,0.1595
south_america,2020.9,0.1303,99.6991,0.1727
south_america,2021.0,0.1424,99.6729,0.1870
south_america,2021.1,0.1555,99.6447,0.2022
south_america,2021.2,0.1697,99.6142,0.2185
south_america,2021.3,0.1852,99.5815,0.2359
south_america,2021.4,0.2019,99.5462,0.2545
south_america,2021.5,0.2200,99.5083,0.2743
south_america,2021.6,0.2396,99.4676,0.2955
south_america,2021.7,0.2607,99.4239,0.3181
south_america,2021.8,0.2836,99.3770,0.3421
south_america,2021.9,0.3082,99.3267,0.3677
south_america,2022.0,0.3348,99.2728,0.3953
south_america,2022.1,0.3634,99.2151,0.4247
south_america,2022.2,0.3942,99.1533,0.4560
south_america,2022.3,0.4273,99.0873,0.4893
south_america,2022.4,0.4628,99.0168,0.5246
south_america,2022.5,0.5009,98.9415,0.5622
south_america,2022.6,0.5417,98.8611,0.6020
south_america,2022.7,0.5854,98.7754,0.6442
south_america,2022.8,0.6321,98.6842,0.6889
south_america,2022.9,0.6821,98.5870,0.7363
south_america,2023.0,0.7354,98.4836,0.7865
south_america,2023.1,0.7923,98.3738,0.8396
south_america,2023.2,0.8530,98.2570,0.8956
south_america,2023.3,0.9176,98.1331,0.9549
south_america,2023.4,0.9863,98.0017,1.0175
south_america,2023.5,1.0594,97.8623,1.0835
south_america,2023.6,1.1370,97.7147,1.1531
south_america,2023.7,1.2194,97.5585,1.2265
south_america,2023.8,1.3068,97.3932,1.3038
south_america,2023.9,1.3994,97.2185,1.3852
south_america,2024.0,1.4975,97.0340,1.4708
south_america,2024.1,1.6013,96.8392,1.5608
south_america,2024.2,1.7111,96.6337,1.6554
south_america,2024.3,1.8271,96.4171,1.7558
south_america,2024.4,1.9496,96.1888,1.8615
south_america,2024.5,2.0789,95.9486,1.9725
south_america,2024.6,2.2153,95.6959,2.0889
south_america,2024.7,2.3589,95.4301,2.2109
south_america,2024.8,2.5103,95.1510,2.3388
south_america,2024.9,2.6696,94.8578,2.4726
south_america,2025.0,2.8371,94.5503,2.6126
south_america,2025.1,3.0133,94.2278,2.7589
south_america,2025.2,3.1983,93.8899,2.9118
south_america,2025.3,3.3926,93.5360,3.0714
south_america,2025.4,3.5965,93.1657,3.2378
south_america,2025.5,3.8103,92.7784,3.4112
south_america,2025.6,4.0345,92.3736,3.5919
south_america,2025.7,4.2693,91.9509,3.7798
south_america,2025.8,4.5152,91.5095,3.9753
south_america,2025.9,4.7725,91.0492,4.1783
south_america,2026.0,5.0416,90.5693,4.3891
south_america,2026.1,5.3230,90.0693,4.6077
south_america,2026.2,5.6169,89.5487,4.8343
south_america,2026.3,5.9239,89.0071,5.0689
south_america,2026.4,6.2444,88.4439,5.3117
south_america,2026.5,6.5788,87.8587,5.5626
south_america,2026.6,6.9274,87.2509,5.8217
south_america,2026.7,7.2909,86.6201,6.0890
south_america,2026.8,7.6695,85.9659,6.3646
south_america,2026.9,8.0638,85.2878,6.6484
south_america,2027.0,8.4741,84.5855,6.9404
south_america,2027.1,8.9011,83.8584,7.2405
south_america,2027.2,9.3450,83.1063,7.5487
south_america,2027.3,9.8064,82.3289,7.8647
south_america,2027.4,10.2858,81.5257,8.1885
south_america,2027.5,10.7836,80.6965,8.5199
south_america,2027.6,11.3002,79.8410,8.8587
south_america,2027.7,11.8362,78.9591,9.2047
south_america,2027.8,12.3920,78.0505,9.5574
south_america,2027.9,12.9681,77.1152,9.9168
south_america,2028.0,13.5648,76.1529,10.2823
south_america,2028.1,14.1827,75.1638,10.6536
south_america,2028.2,14.8221,74.1477,11.0302
south_america,2028.3,15.4835,73.1048,11.4117
south_america,2028.4,16.1673,72.0352,11.7975
south_america,2028.5,16.8739,70.9390,12.1871
south_america,2028.6,17.6036,69.8167,12.5798
south_america,2028.7,18.3567,68.6684,12.9749
south_america,2028.8,19.1337,67.4945,13.3717
south_america,2028.9,19.9348,66.2957,13.7695
south_america,2029.0,20.7602,65.0724,14.1674
south_america,2029.1,21.6102,63.8253,14.5646
south_america,2029.2,22.4849,62.5551,14.9600
south_america,2029.3,23.3845,61.2627,15.3528
south_america,2029.4,24.3092,59.9490,15.7418
south_america,2029.5,25.2589,58.6150,16.1261
south_america,2029.6,26.2337,57.2618,16.5045
south_america,2029.7,27.2335,55.8906,16.8759
south_america,2029.8,28.2582,54.5028,17.2390
south_america,2029.9,29.3076,53.0998,17.5926
south_america,2030.0,30.3815,51.6830,17.9355
south_america,2030.1,31.4796,50.2540,18.2664
south_america,2030.2,32.6015,48.8146,18.5839
south_america,2030.3,33.7467,47.3664,18.8868
south_america,2030.4,34.9147,45.9115,19.1738
south_america,2030.5,36.1049,44.4516,19.4435
south_america,2030.6,37.3165,42.9889,19.6946
south_america,2030.7,38.5488,41.5254,19.9258
south_america,2030.8,39.8009,40.0632,20.1359
south_america,2030.9,41.0718,38.6045,20.3237
south_america,2031.0,42.3604,37.1516,20.4880
south_america,2031.1,43.6656,35.7067,20.6277
south_america,2031.2,44.9861,34.2721,20.7418
south_america,2031.3,46.3206,32.8501,20.8293
south_america,2031.4,47.6677,31.4429,20.8894
south_america,2031.5,49.0258,30.0529,20.9212
south_america,2031.6,50.3934,28.6823,20.9243
south_america,2031.7,51.7687,27.3333,20.8980
south_america,2031.8,53.1500,26.0080,20.8420
south_america,2031.9,54.5354,24.7085,20.7561
south_america,2032.0,55.9231,23.4368,20.6401
south_america,2032.1,57.3111,22.1948,20.4941
south_america,2032.2,58.6973,20.9842,20.3185
south_america,2032.3,60.0798,19.8067,20.1135
south_america,2032.4,61.4563,18.6639,19.8798
south_america,2032.5,62.8249,17.5571,19.6181
south_america,2032.6,64.1832,16.4875,19.3293
south_america,2032.7,65.5292,15.4562,19.0146
south_america,2032.8,66.8608,14.4641,18.6751
south_america,2032.9,68.1758,13.5120,18.3123
south_america,2033.0,69.4721,12.6002,17.9277
south_america,2033.1,70.7476,11.7293,17.5230
south_america,2033.2,72.0005,10.8994,17.1002
south_america,2033.3,73.2286,10.1104,16.6610
south_america,2033.4,74.4303,9.3622,16.2075
south_america,2033.5,75.6036,8.6545,15.7419
south_america,2033.6,76.7471,7.9866,15.2663
south_america,2033.7,77.8591,7.3580,14.7829
south_america,2033.8,78.9383,6.7677,14.2940
south_america,2033.9,79.9833,6.2149,13.8018
south_america,2034.0,80.9931,5.6983,13.3085
south_america,2034.1,81.9668,5.2169,12.8164
south_america,2034.2,82.9034,4.7693,12.3274
south_america,2034.3,83.8024,4.3540,11.8436
south_america,2034.4,84.6633,3.9698,11.3669
south_america,2034.5,85.4859,3.6150,10.8991
south_america,2034.6,86.2700,3.2880,10.4420
south_america,2034.7,87.0157,2.9874,9.9968
south_america,2034.8,87.7233,2.7116,9.5651
south_america,2034.9,88.3931,2.4590,9.1479
south_america,2035.0,89.0258,2.2280,8.7463
south_america,2035.1,89.6220,2.0171,8.3609
south_america,2035.2,90.1826,1.8249,7.9925
south_america,2035.3,90.7086,1.6499,7.6415
south_america,2035.4,91.2012,1.4907,7.3081
south_america,2035.5,91.6616,1.3462,6.9923
south_america,2035.6,92.0910,1.2149,6.6940
south_america,2035.7,92.4910,1.0959,6.4131
south_america,2035.8,92.8630,0.9880,6.1491
south_america,2035.9,93.2085,0.8901,5.9014
south_america,2036.0,93.5291,0.8015,5.6695
south_america,2036.1,93.8263,0.7211,5.4526
south_america,2036.2,94.1017,0.6483,5.2499
south_america,2036.3,94.3570,0.5824,5.0606
south_america,2036.4,94.5936,0.5227,4.8837
south_america,2036.5,94.8131,0.4686,4.7183
south_america,2036.6,95.0169,0.4195,4.5635
south_america,2036.7,95.2065,0.3751,4.4184
south_america,2036.8,95.3831,0.3349,4.2819
south_america,2036.9,95.5481,0.2986,4.1533
south_america,2037.0,95.7027,0.2657,4.0316
south_america,2037.1,95.8479,0.2359,3.9161
south_america,2037.2,95.9848,0.2091,3.8061
south_america,2037.3,96.1144,0.1849,3.7007
south_america,2037.4,96.2374,0.1631,3.5995
south_america,2037.5,96.3547,0.1436,3.5017
south_america,2037.6,96.4669,0.1260,3.4071
south_america,2037.7,96.5748,0.1103,3.3150
south_america,2037.8,96.6787,0.0962,3.2251
south_america,2037.9,96.7792,0.0837,3.1371
south_america,2038.0,96.8766,0.0726,3.0508
south_america,2038.1,96.9714,0.0628,2.9658
south_america,2038.2,97.0637,0.0541,2.8822
south_america,2038.3,97.1539,0.0464,2.7996
south_america,2038.4,97.2422,0.0397,2.7181
south_america,2038.5,97.3286,0.0339,2.6375
south_america,2038.6,97.4134,0.0288,2.5579
south_america,2038.7,97.4966,0.0243,2.4791
south_america,2038.8,97.5782,0.0205,2.4013
south_america,2038.9,97.6584,0.0172,2.3244
south_america,2039.0,97.7372,0.0144,2.2485
south_america,2039.1,97.8145,0.0120,2.1735
south_america,2039.2,97.8905,0.0099,2.0996
south_america,2039.3,97.9651,0.0082,2.0268
south_america,2039.4,98.0382,0.0067,1.9551
south_america,2039.5,98.1100,0.0055,1.8845
south_america,2039.6,98.1803,0.0045,1.8152
south_america,2039.7,98.2493,0.0036,1.7471
south_america,2039.8,98.3167,0.0029,1.6804
south_america,2039.9,98.3827,0.0023,1.6149
south_america,2040.0,98.4473,0.0019,1.5509
south_america,2040.1,98.5103,0.0015,1.4882
south_america,2040.2,98.5718,0.0012,1.4270
south_america,2040.3,98.6319,0.0009,1.3672
south_america,2040.4,98.6904,0.0007,1.3089
south_america,2040.5,98.7473,0.0006,1.2521
south_america,2040.6,98.8027,0.0004,1.1968
south_america,2040.7,98.8566,0.0003,1.1431
south_america,2040.8,98.9089,0.0002,1.0908
south_america,2040.9,98.9597,0.0002,1.0401
south_america,2041.0,99.0090,0.0001,0.9909
south_america,2041.1,99.0567,0.0001,0.9432
south_america,2041.2,99.1028,0.0001,0.8971
south_america,2041.3,99.1475,0.0001,0.8525
south_america,2041.4,99.1906,0.0000,0.8094
south_america,2041.5,99.2322,0.0000,0.7678
south_america,2041.6,99.2723,0.0000,0.7276
south_america,2041.7,99.3110,0.0000,0.6890
south_america,2041.8,99.3482,0.0000,0.6518
south_america,2041.9,99.3840,0.0000,0.6160
south_america,2042.0,99.4183,0.0000,0.5817
south_america,2042.1,99.4513,0.0000,0.5487
south_america,2042.2,99.4829,0.0000,0.5171
south_america,2042.3,99.5132,0.0000,0.4868
south_america,2042.4,99.5421,0.0000,0.4579
south_america,2042.5,99.5698,0.0000,0.4302
south_america,2042.6,99.5962,0.0000,0.4038
south_america,2042.7,99.6213,0.0000,0.3787
south_america,2042.8,99.6453,0.0000,0.3547
south_america,2042.9,99.6681,0.0000,0.3319
south_america,2043.0,99.6898,0.0000,0.3102
south_america,2043.1,99.7103,0.0000,0.2897
south_america,2043.2,99.7298,0.0000,0.2702
south_america,2043.3,99.7483,0.0000,0.2517
south_america,2043.4,99.7658,0.0000,0.2342
south_america,2043.5,99.7823,0.0000,0.2177
south_america,2043.6,99.7979,0.0000,0.2021
south_america,2043.7,99.8126,0.0000,0.1874
south_america,2043.8,99.8264,0.0000,0.1736
south_america,2043.9,99.8394,0.0000,0.1606
south_america,2044.0,99.8516,0.0000,0.1484
south_america,2044.1,99.8630,0.0000,0.1370
south_america,2044.2,99.8737,0.0000,0.1263
south_america,2044.3,99.8838,0.0000,0.1162
south_america,2044.4,99.8931,0.0000,0.1069
south_america,2044.5,99.9019,0.0000,0.0981
south_america,2044.6,99.9100,0.0000,0.0900
south_america,2044.7,99.9176,0.0000,0.0824
south_america,2044.8,99.9246,0.0000,0.0754
south_america,2044.9,99.9311,0.0000,0.0689
south_america,2045.0,99.9372,0.0000,0.0628
south_america,2045.1,99.9428,0.0000,0.0572
south_america,2045.2,99.9480,0.0000,0.0520
south_america,2045.3,99.9527,0.0000,0.0473
south_america,2045.4,99.9571,0.0000,0.0429
south_america,2045.5,99.9612,0.0000,0.0388
south_america,2045.6,99.9649,0.0000,0.0351
south_america,2045.7,99.9683,0.0000,0.0317
south_america,2045.8,99.9714,0.0000,0.0286
south_america,2045.9,99.9743,0.0000,0.0257
south_america,2046.0,99.9769,0.0000,0.0231
south_america,2046.1,99.9792,0.0000,0.0208
south_america,2046.2,99.9814,0.0000,0.0186
south_america,2046.3,99.9833,0.0000,0.0167
south_america,2046.4,99.9851,0.0000,0.0149
south_america,2046.5,99.9867,0.0000,0.0133
south_america,2046.6,99.9882,0.0000,0.0118
south_america,2046.7,99.9895,0.0000,0.0105
south_america,2046.8,99.9907,0.0000,0.0093
south_america,2046.9,99.9917,0.0000,0.0083
south_america,2047.0,99.9927,0.0000,0.0073
south_america,2047.1,99.9936,0.0000,0.0064
south_america,2047.2,99.9943,0.0000,0.0057
south_america,2047.3,99.9950,0.0000,0.0050
south_america,2047.4,99.9956,0.0000,0.0044
south_america,2047.5,99.9962,0.0000,0.0038
south_america,2047.6,99.9966,0.0000,0.0034
south_america,2047.7,99.9971,0.0000,0.0029
south_america,2047.8,99.9974,0.0000,0.0026
south_america,2047.9,99.9978,0.0000,0.0022
south_america,2048.0,99.9981,0.0000,0.0019
south_america,2048.1,99.9983,0.0000,0.0017
south_america,2048.2,99.9985,0.0000,0.0015
south_america,2048.3,99.9987,0.0000,0.0013
south_america,2048.4,99.9989,0.0000,0.0011
south_america,2048.5,99.9991,0.0000,0.0009
south_america,2048.6,99.9992,0.0000,0.0008
south_america,2048.7,99.9993,0.0000,0.0007
south_america,2048.8,99.9994,0.0000,0.0006
south_america,2048.9,99.9995,0.0000,0.0005
south_america,2049.0,99.9996,0.0000,0.0004
south_america,2049.1,99.9996,0.0000,0.0004
south_america,2049.2,99.9997,0.0000,0.0003
south_america,2049.3,99.9997,0.0000,0.0003
south_america,2049.4,99.9998,0.0000,0.0002
south_america,2049.5,99.9998,0.0000,0.0002
south_america,2049.6,99.9998,0.0000,0.0002
south_america,2049.7,99.9999,0.0000,0.0001
south_america,2049.8,99.9999,0.0000,0.0001
south_america,2049.9,99.9999,0.0000,0.0001
south_america,2050.0,99.9999,0.0000,0.0001
americas,2015.0,0.2635,99.5675,0.1690
americas,2015.1,0.2793,99.5439,0.1768
americas,2015.2,0.2957,99.5195,0.1848
americas,2015.3,0.3127,99.4943,0.1930
americas,2015.4,0.3304,99.4683,0.2013
americas,2015.5,0.3487,99.4414,0.2098
americas,2015.6,0.3677,99.4138,0.2185
americas,2015.7,0.3873,99.3853,0.2274
americas,2015.8,0.4076,99.3559,0.2364
americas,2015.9,0.4287,99.3257,0.2457
americas,2016.0,0.4504,99.2946,0.2550
americas,2016.1,0.4728,99.2626,0.2646
americas,2016.2,0.4959,99.2297,0.2743
americas,2016.3,0.5198,99.1960,0.2842
americas,2016.4,0.5444,99.1613,0.2943
americas,2016.5,0.5698,99.1257,0.3045
americas,2016.6,0.5959,99.0892,0.3149
americas,2016.7,0.6229,99.0517,0.3255
americas,2016.8,0.6506,99.0133,0.3362
americas,2016.9,0.6791,98.9739,0.3471
americas,2017.0,0.7084,98.9335,0.3581
americas,2017.1,0.7385,98.8922,0.3693
americas,2017.2,0.7695,98.8499,0.3806
americas,2017.3,0.8013,98.8065,0.3922
americas,2017.4,0.8340,98.7622,0.4038
americas,2017.5,0.8676,98.7168,0.4156
americas,2017.6,0.9020,98.6704,0.4276
americas,2017.7,0.9373,98.6230,0.4397
americas,2017.8,0.9735,98.5745,0.4520
americas,2017.9,1.0106,98.5250,0.4644
americas,2018.0,1.0486,98.4744,0.4770
americas,2018.1,1.0876,98.4227,0.4897
americas,2018.2,1.1275,98.3700,0.5026
americas,2018.3,1.1684,98.3161,0.5156
americas,2018.4,1.2102,98.2611,0.5288
americas,2018.5,1.2530,98.2050,0.5421
americas,2018.6,1.2968,98.1477,0.5556
americas,2018.7,1.3416,98.0893,0.5692
americas,2018.8,1.3874,98.0298,0.5829
americas,2018.9,1.4342,97.9691,0.5968
americas,2019.0,1.4821,97.9072,0.6108
americas,2019.1,1.5310,97.8441,0.6250
americas,2019.2,1.5810,97.7798,0.6394
americas,2019.3,1.6321,97.7143,0.6538
americas,2019.4,1.6842,97.6475,0.6685
americas,2019.5,1.7374,97.5795,0.6832
americas,2019.6,1.7918,97.5103,0.6982
americas,2019.7,1.8472,97.4397,0.7132
americas,2019.8,1.9038,97.3679,0.7285
americas,2019.9,1.9616,97.2948,0.7439
americas,2020.0,2.0205,97.2204,0.7594
americas,2020.1,2.0806,97.1446,0.7751
americas,2020.2,2.1418,97.0675,0.7910
americas,2020.3,2.2043,96.9890,0.8070
americas,2020.4,2.2680,96.9091,0.8232
americas,2020.5,2.3330,96.8278,0.8396
americas,2020.6,2.3991,96.7450,0.8561
americas,2020.7,2.4666,96.6609,0.8728
americas,2020.8,2.5354,96.5752,0.8898
americas,2020.9,2.6054,96.4881,0.9068
americas,2021.0,2.6768,96.3994,0.9241
americas,2021.1,2.7496,96.3092,0.9416
americas,2021.2,2.8237,96.2174,0.9593
americas,2021.3,2.8992,96.1240,0.9772
americas,2021.4,2.9761,96.0289,0.9954
americas,2021.5,3.0544,95.9323,1.0137
americas,2021.6,3.1342,95.8339,1.0323
americas,2021.7,3.2155,95.7338,1.0511
americas,2021.8,3.2983,95.6319,1.0702
americas,2021.9,3.3826,95.5283,1.0895
americas,2022.0,3.4684,95.4228,1.1092
americas,2022.1,3.5559,95.3155,1.1292
americas,2022.2,3.6449,95.2063,1.1494
americas,2022.3,3.7356,95.0951,1.1700
americas,2022.4,3.8279,94.9819,1.1909
americas,2022.5,3.9219,94.8667,1.2121
americas,2022.6,4.0176,94.7494,1.2337
americas,2022.7,4.1151,94.6301,1.2556
americas,2022.8,4.2144,94.5085,1.2779
americas,2022.9,4.3154,94.3848,1.3007
americas,2023.0,4.4184,94.2587,1.3238
americas,2023.1,4.5232,94.1304,1.3474
americas,2023.2,4.6299,93.9997,1.3714
americas,2023.3,4.7385,93.8665,1.3958
americas,2023.4,4.8492,93.7309,1.4208
americas,2023.5,4.9618,93.5928,1.4462
americas,2023.6,5.0766,93.4520,1.4722
americas,2023.7,5.1934,93.3086,1.4987
americas,2023.8,5.3124,93.1624,1.5258
americas,2023.9,5.4335,93.0135,1.5535
americas,2024.0,5.5569,92.8617,1.5817
americas,2024.1,5.6826,92.7070,1.6106
americas,2024.2,5.8105,92.5493,1.6402
americas,2024.3,5.9408,92.3886,1.6706
americas,2024.4,6.0736,92.2247,1.7017
americas,2024.5,6.2087,92.0576,1.7336
americas,2024.6,6.3464,91.8873,1.7663
americas,2024.7,6.4866,91.7136,1.7998
americas,2024.8,6.6295,91.5364,1.8341
americas,2024.9,6.7749,91.3558,1.8693
americas,2025.0,6.9231,91.1716,1.9053
americas,2025.1,7.0740,90.9838,1.9422
americas,2025.2,7.2278,90.7922,1.9801
americas,2025.3,7.3844,90.5967,2.0189
americas,2025.4,7.5439,90.3974,2.0587
americas,2025.5,7.7064,90.1942,2.0994
americas,2025.6,7.8720,89.9868,2.1412
americas,2025.7,8.0406,89.7754,2.1840
americas,2025.8,8.2124,89.5597,2.2279
americas,2025.9,8.3875,89.3397,2.2728
americas,2026.0,8.5658,89.1154,2.3188
americas,2026.1,8.7475,88.8865,2.3660
americas,2026.2,8.9326,88.6532,2.4142
americas,2026.3,9.1212,88.4153,2.4636
americas,2026.4,9.3133,88.1726,2.5141
americas,2026.5,9.5091,87.9253,2.5657
americas,2026.6,9.7085,87.6731,2.6185
americas,2026.7,9.9117,87.4159,2.6724
americas,2026.8,10.1187,87.1539,2.7274
americas,2026.9,10.3296,86.8868,2.7836
americas,2027.0,10.5445,86.6145,2.8409
americas,2027.1,10.7634,86.3372,2.8994
americas,2027.2,10.9865,86.0546,2.9589
americas,2027.3,11.2137,85.7668,3.0195
americas,2027.4,11.4452,85.4737,3.0811
americas,2027.5,11.6810,85.1752,3.1438
americas,2027.6,11.9213,84.8713,3.2074
americas,2027.7,12.1660,84.5620,3.2720
americas,2027.8,12.4152,84.2473,3.3374
americas,2027.9,12.6691,83.9271,3.4037
americas,2028.0,12.9277,83.6015,3.4708
americas,2028.1,13.1910,83.2704,3.5386
americas,2028.2,13.4591,82.9338,3.6070
americas,2028.3,13.7322,82.5918,3.6760
americas,2028.4,14.0101,82.2444,3.7455
americas,2028.5,14.2931,81.8916,3.8153
americas,2028.6,14.5811,81.5334,3.8855
americas,2028.7,14.8743,81.1700,3.9558
americas,2028.8,15.1726,80.8013,4.0261
americas,2028.9,15.4761,80.4276,4.0964
americas,2029.0,15.7848,80.0487,4.1665
americas,2029.1,16.0988,79.6650,4.2362
americas,2029.2,16.4181,79.2765,4.3054
americas,2029.3,16.7427,78.8833,4.3740
americas,2029.4,17.0727,78.4856,4.4418
americas,2029.5,17.4080,78.0835,4.5086
americas,2029.6,17.7486,77.6773,4.5742
americas,2029.7,18.0945,77.2671,4.6384
americas,2029.8,18.4457,76.8531,4.7012
americas,2029.9,18.8022,76.4356,4.7621
americas,2030.0,19.1639,76.0149,4.8212
americas,2030.1,19.5308,75.5911,4.8781
americas,2030.2,19.9028,75.1646,4.9327
americas,2030.3,20.2797,74.7356,4.9847
americas,2030.4,20.6617,74.3044,5.0339
americas,2030.5,21.0484,73.8714,5.0802
americas,2030.6,21.4399,73.4369,5.1233
americas,2030.7,21.8359,73.0011,5.1629
americas,2030.8,22.2364,72.5646,5.1991
americas,2030.9,22.6411,72.1275,5.2314
americas,2031.0,23.0500,71.6903,5.2597
americas,2031.1,23.4627,71.2533,5.2840
americas,2031.2,23.8792,70.8170,5.3039
americas,2031.3,24.2991,70.3815,5.3193
americas,2031.4,24.7223,69.9475,5.3302
americas,2031.5,25.1485,69.5151,5.3363
americas,2031.6,25.5775,69.0848,5.3377
americas,2031.7,26.0089,68.6569,5.3341
americas,2031.8,26.4425,68.2318,5.3256
americas,2031.9,26.8780,67.8098,5.3121
americas,2032.0,27.3151,67.3912,5.2936
americas,2032.1,27.7535,66.9764,5.2701
americas,2032.2,28.1928,66.5656,5.2417
americas,2032.3,28.6327,66.1590,5.2083
americas,2032.4,29.0728,65.7570,5.1701
americas,2032.5,29.5129,65.3598,5.1273
americas,2032.6,29.9525,64.9676,5.0799
americas,2032.7,30.3914,64.5805,5.0281
americas,2032.8,30.8292,64.1987,4.9722
americas,2032.9,31.2655,63.8223,4.9123
americas,2033.0,31.6999,63.4514,4.8486
americas,2033.1,32.1323,63.0862,4.7816
americas,2033.2,32.5622,62.7265,4.7113
americas,2033.3,32.9892,62.3725,4.6383
americas,2033.4,33.4133,62.0241,4.5627
americas,2033.5,33.8339,61.6812,4.4849
americas,2033.6,34.2509,61.3439,4.4052
americas,2033.7,34.6640,61.0119,4.3241
americas,2033.8,35.0730,60.6853,4.2417
americas,2033.9,35.4776,60.3638,4.1586
americas,2034.0,35.8777,60.0472,4.0751
americas,2034.1,36.2732,59.7354,3.9914
americas,2034.2,36.6638,59.4283,3.9079
americas,2034.3,37.0495,59.1255,3.8250
americas,2034.4,37.4301,58.8269,3.7429
americas,2034.5,37.8057,58.5323,3.6620
americas,2034.6,38.1762,58.2414,3.5824
americas,2034.7,38.5416,57.9539,3.5045
americas,2034.8,38.9019,57.6697,3.4283
americas,2034.9,39.2572,57.3886,3.3542
americas,2035.0,39.6075,57.1102,3.2823
americas,2035.1,39.9530,56.8343,3.2127
americas,2035.2,40.2937,56.5608,3.1455
americas,2035.3,40.6299,56.2894,3.0807
americas,2035.4,40.9616,56.0199,3.0184
americas,2035.5,41.2891,55.7522,2.9587
americas,2035.6,41.6126,55.4860,2.9014
americas,2035.7,41.9322,55.2212,2.8466
americas,2035.8,42.2483,54.9575,2.7942
americas,2035.9,42.5609,54.6950,2.7441
americas,2036.0,42.8704,54.4334,2.6962
americas,2036.1,43.1769,54.1726,2.6505
americas,2036.2,43.4808,53.9125,2.6067
americas,2036.3,43.7822,53.6531,2.5648
americas,2036.4,44.0814,53.3941,2.5245
americas,2036.5,44.3785,53.1356,2.4859
americas,2036.6,44.6739,52.8775,2.4486
americas,2036.7,44.9677,52.6197,2.4126
americas,2036.8,45.2602,52.3621,2.3777
americas,2036.9,45.5514,52.1047,2.3438
americas,2037.0,45.8416,51.8475,2.3108
americas,2037.1,46.1310,51.5905,2.2785
americas,2037.2,46.4196,51.3335,2.2468
americas,2037.3,46.7077,51.0767,2.2157
americas,2037.4,46.9952,50.8199,2.1849
americas,2037.5,47.2825,50.5631,2.1545
americas,2037.6,47.5694,50.3063,2.1243
americas,2037.7,47.8562,50.0495,2.0943
americas,2037.8,48.1428,49.7928,2.0644
americas,2037.9,48.4294,49.5360,2.0346
americas,2038.0,48.7160,49.2792,2.0048
americas,2038.1,49.0026,49.0223,1.9751
americas,2038.2,49.2893,48.7654,1.9453
americas,2038.3,49.5760,48.5085,1.9155
americas,2038.4,49.8628,48.2515,1.8856
americas,2038.5,50.1498,47.9945,1.8557
americas,2038.6,50.4368,47.7375,1.8257
americas,2038.7,50.7239,47.4803,1.7957
americas,2038.8,51.0112,47.2232,1.7656
americas,2038.9,51.2985,46.9660,1.7355
americas,2039.0,51.5859,46.7088,1.7054
americas,2039.1,51.8733,46.4515,1.6752
americas,2039.2,52.1608,46.1942,1.6450
americas,2039.3,52.4484,45.9369,1.6148
americas,2039.4,52.7359,45.6795,1.5845
americas,2039.5,53.0235,45.4222,1.5543
americas,2039.6,53.3110,45.1649,1.5242
americas,2039.7,53.5984,44.9075,1.4940
americas,2039.8,53.8859,44.6502,1.4639
americas,2039.9,54.1732,44.3929,1.4339
americas,2040.0,54.4604,44.1357,1.4039
americas,2040.1,54.7475,43.8785,1.3740
americas,2040.2,55.0345,43.6214,1.3441
americas,2040.3,55.3213,43.3643,1.3144
americas,2040.4,55.6080,43.1073,1.2847
americas,2040.5,55.8944,42.8504,1.2552
americas,2040.6,56.1806,42.5937,1.2257
americas,2040.7,56.4666,42.3370,1.1964
americas,2040.8,56.7524,42.0805,1.1671
americas,2040.9,57.0379,41.8241,1.1380
americas,2041.0,57.3231,41.5679,1.1090
americas,2041.1,57.6080,41.3118,1.0802
americas,2041.2,57.8926,41.0560,1.0515
americas,2041.3,58.1769,40.8003,1.0229
americas,2041.4,58.4608,40.5448,0.9944
americas,2041.5,58.7443,40.2896,0.9661
americas,2041.6,59.0275,40.0346,0.9379
americas,2041.7,59.3103,39.7798,0.9099
americas,2041.8,59.5927,39.5253,0.8820
americas,2041.9,59.8747,39.2711,0.8543
americas,2042.0,60.1562,39.0171,0.8267
americas,2042.1,60.4373,38.7635,0.7993
americas,2042.2,60.7179,38.5101,0.7720
americas,2042.3,60.9981,38.2571,0.7448
americas,2042.4,61.2778,38.0044,0.7178
americas,2042.5,61.5569,37.7521,0.6910
americas,2042.6,61.8356,37.5001,0.6643
americas,2042.7,62.1138,37.2485,0.6377
americas,2042.8,62.3914,36.9973,0.6113
americas,2042.9,62.6685,36.7465,0.5850
americas,2043.0,62.9450,36.4961,0.5589
americas,2043.1,63.2210,36.2461,0.5329
americas,2043.2,63.4964,35.9965,0.5071
americas,2043.3,63.7712,35.7474,0.4814
americas,2043.4,64.0454,35.4988,0.4558
americas,2043.5,64.3190,35.2506,0.4304
americas,2043.6,64.5920,35.0029,0.4051
americas,2043.7,64.8643,34.7557,0.3800
americas,2043.8,65.1360,34.5090,0.3550
americas,2043.9,65.4071,34.2628,0.3301
americas,2044.0,65.6775,34.0171,0.3054
americas,2044.1,65.9472,33.7720,0.2808
americas,2044.2,66.2163,33.5274,0.2563
americas,2044.3,66.4847,33.2834,0.2320
americas,2044.4,66.7523,33.0399,0.2078
americas,2044.5,67.0193,32.7971,0.1837
americas,2044.6,67.2855,32.5548,0.1597
americas,2044.7,67.5510,32.3131,0.1359
americas,2044.8,67.8158,32.0721,0.1122
americas,2044.9,68.0798,31.8317,0.0886
americas,2045.0,68.3430,31.5919,0.0651
americas,2045.1,68.6055,31.3527,0.0418
americas,2045.2,68.8672,31.1143,0.0203
americas,2045.3,69.1281,30.8765,0.0193
americas,2045.4,69.3882,30.6393,0.0182
americas,2045.5,69.6474,30.4029,0.0173
americas,2045.6,69.9059,30.1671,0.0164
americas,2045.7,70.1635,29.9321,0.0155
americas,2045.8,70.4203,29.6978,0.0147
americas,2045.9,70.6762,29.4642,0.0139
americas,2046.0,70.9313,29.2313,0.0132
americas,2046.1,71.1855,28.9992,0.0125
americas,2046.2,71.4388,28.7679,0.0118
americas,2046.3,71.6912,28.5373,0.0112
americas,2046.4,71.9427,28.3075,0.0106
americas,2046.5,72.1932,28.0784,0.0100
americas,2046.6,72.4429,27.8502,0.0095
americas,2046.7,72.6916,27.6227,0.0090
americas,2046.8,72.9394,27.3961,0.0085
americas,2046.9,73.1862,27.1703,0.0080
americas,2047.0,73.4320,26.9453,0.0076
americas,2047.1,73.6769,26.7212,0.0071
americas,2047.2,73.9207,26.4979,0.0067
americas,2047.3,74.1636,26.2754,0.0063
americas,2047.4,74.4055,26.0538,0.0059
americas,2047.5,74.6463,25.8331,0.0055
americas,2047.6,74.8861,25.6133,0.0051
americas,2047.7,75.1249,25.3943,0.0048
americas,2047.8,75.3626,25.1762,0.0044
americas,2047.9,75.5993,24.9591,0.0041
americas,2048.0,75.8348,24.7428,0.0038
americas,2048.1,76.0694,24.5274,0.0034
americas,2048.2,76.3028,24.3130,0.0031
americas,2048.3,76.5351,24.0995,0.0028
americas,2048.4,76.7663,23.8869,0.0025
americas,2048.5,76.9964,23.6753,0.0022
americas,2048.6,77.2254,23.4646,0.0019
americas,2048.7,77.4533,23.2549,0.0016
americas,2048.8,77.6800,23.0461,0.0013
americas,2048.9,77.9055,22.8383,0.0010
americas,2049.0,78.1299,22.6315,0.0008
americas,2049.1,78.3532,22.4256,0.0005
americas,2049.2,78.5752,22.2207,0.0002
americas,2049.3,78.7961,22.0168,0.0000
americas,2049.4,79.0158,21.8139,0.0000
americas,2049.5,79.2343,21.6121,0.0000
americas,2049.6,79.4515,21.4112,0.0000
americas,2049.7,79.6676,21.2113,0.0000
americas,2049.8,79.8824,21.0125,0.0000
americas,2049.9,80.0961,20.8146,0.0000
americas,2050.0,80.3085,20.6178,0.0000
asia,2015.0,0.4978,99.6269,0.0437
asia,2015.1,0.5328,99.5972,0.0448
asia,2015.2,0.5696,99.5654,0.0459
asia,2015.3,0.6083,99.5314,0.0470
asia,2015.4,0.6490,99.4952,0.0481
asia,2015.5,0.6917,99.4567,0.0492
asia,2015.6,0.7366,99.4155,0.0503
asia,2015.7,0.7837,99.3718,0.0514
asia,2015.8,0.8331,99.3253,0.0525
asia,2015.9,0.8847,99.2759,0.0536
asia,2016.0,0.9388,99.2234,0.0547
asia,2016.1,0.9954,99.1677,0.0559
asia,2016.2,1.0546,99.1087,0.0570
asia,2016.3,1.1164,99.0461,0.0581
asia,2016.4,1.1810,98.9799,0.0592
asia,2016.5,1.2483,98.9099,0.0603
asia,2016.6,1.3185,98.8359,0.0614
asia,2016.7,1.3917,98.7577,0.0625
asia,2016.8,1.4680,98.6751,0.0635
asia,2016.9,1.5474,98.5881,0.0646
asia,2017.0,1.6299,98.4963,0.0657
asia,2017.1,1.7158,98.3996,0.0668
asia,2017.2,1.8051,98.2978,0.0679
asia,2017.3,1.8978,98.1907,0.0690
asia,2017.4,1.9941,98.0781,0.0701
asia,2017.5,2.0941,97.9598,0.0712
asia,2017.6,2.1977,97.8356,0.0723
asia,2017.7,2.3052,97.7052,0.0734
asia,2017.8,2.4166,97.5684,0.0746
asia,2017.9,2.5320,97.4250,0.0757
asia,2018.0,2.6515,97.2749,0.0769
asia,2018.1,2.7752,97.1176,0.1072
asia,2018.2,2.9032,96.9530,0.1438
asia,2018.3,3.0355,96.7810,0.1836
asia,2018.4,3.1722,96.6011,0.2267
asia,2018.5,3.3135,96.4132,0.2734
asia,2018.6,3.4594,96.2170,0.3236
asia,2018.7,3.6101,96.0123,0.3777
asia,2018.8,3.7656,95.7988,0.4357
asia,2018.9,3.9260,95.5762,0.4979
asia,2019.0,4.0914,95.3443,0.5643
asia,2019.1,4.2619,95.1029,0.6352
asia,2019.2,4.4376,94.8517,0.7108
asia,2019.3,4.6186,94.5903,0.7911
asia,2019.4,4.8050,94.3187,0.8764
asia,2019.5,4.9969,94.0364,0.9669
asia,2019.6,5.1943,93.7432,1.0626
asia,2019.7,5.3974,93.4389,1.1639
asia,2019.8,5.6062,93.1232,1.2707
asia,2019.9,5.8209,92.7959,1.3834
asia,2020.0,6.0415,92.4566,1.5021
asia,2020.1,6.2681,92.1052,1.6269
asia,2020.2,6.5009,91.7414,1.7579
asia,2020.3,6.7398,91.3650,1.8955
asia,2020.4,6.9851,90.9756,2.0396
asia,2020.5,7.2367,90.5731,2.1904
asia,2020.6,7.4949,90.1573,2.3481
asia,2020.7,7.7595,89.7279,2.5129
asia,2020.8,8.0309,89.2847,2.6848
asia,2020.9,8.3090,88.8274,2.8639
asia,2021.0,8.5939,88.3560,3.0505
asia,2021.1,8.8857,87.8702,3.2445
asia,2021.2,9.1845,87.3698,3.4461
asia,2021.3,9.4905,86.8547,3.6553
asia,2021.4,9.8035,86.3246,3.8723
asia,2021.5,10.1238,85.7795,4.0971
asia,2021.6,10.4515,85.2192,4.3298
asia,2021.7,10.7865,84.6437,4.5703
asia,2021.8,11.1290,84.0527,4.8188
asia,2021.9,11.4791,83.4462,5.0752
asia,2022.0,11.8368,82.8242,5.3395
asia,2022.1,12.2022,82.1865,5.6118
asia,2022.2,12.5754,81.5332,5.8919
asia,2022.3,12.9565,80.8641,6.1799
asia,2022.4,13.3454,80.1794,6.4757
asia,2022.5,13.7424,79.4791,6.7791
asia,2022.6,14.1474,78.7631,7.0901
asia,2022.7,14.5606,78.0315,7.4085
asia,2022.8,14.9819,77.2844,7.7342
asia,2022.9,15.4115,76.5220,8.0670
asia,2023.0,15.8494,75.7443,8.4068
asia,2023.1,16.2957,74.9515,8.7533
asia,2023.2,16.7504,74.1438,9.1062
asia,2023.3,17.2136,73.3213,9.4654
asia,2023.4,17.6853,72.4843,9.8306
asia,2023.5,18.1656,71.6331,10.2014
asia,2023.6,18.6546,70.7679,10.5775
asia,2023.7,19.1522,69.8890,10.9588
asia,2023.8,19.6586,68.9967,11.3447
asia,2023.9,20.1738,68.0915,11.7348
asia,2024.0,20.6977,67.1736,12.1287
asia,2024.1,21.2306,66.2435,12.5260
asia,2024.2,21.7723,65.3015,12.9262
asia,2024.3,22.3230,64.3483,13.3288
asia,2024.4,22.8826,63.3841,13.7333
asia,2024.5,23.4511,62.4096,14.1392
asia,2024.6,24.0287,61.4253,14.5460
asia,2024.7,24.6153,60.4317,14.9530
asia,2024.8,25.2109,59.4294,15.3597
asia,2024.9,25.8156,58.4190,15.7655
asia,2025.0,26.4292,57.4011,16.1697
asia,2025.1,27.0520,56.3763,16.5717
asia,2025.2,27.6837,55.3454,16.9709
asia,2025.3,28.3244,54.3090,17.3666
asia,2025.4,28.9740,53.2679,17.7581
asia,2025.5,29.6326,52.2227,18.1448
asia,2025.6,30.3000,51.1742,18.5259
asia,2025.7,30.9761,50.1232,18.9007
asia,2025.8,31.6610,49.0705,19.2685
asia,2025.9,32.3544,48.0169,19.6287
asia,2026.0,33.0563,46.9633,19.9804
asia,2026.1,33.7665,45.9104,20.3231
asia,2026.2,34.4848,44.8593,20.6559
asia,2026.3,35.2110,43.8107,20.9783
asia,2026.4,35.9449,42.7657,21.2894
asia,2026.5,36.6863,41.7251,21.5886
asia,2026.6,37.4347,40.6900,21.8753
asia,2026.7,38.1900,39.6613,22.1486
asia,2026.8,38.9517,38.6401,22.4081
asia,2026.9,39.7194,37.6275,22.6531
asia,2027.0,40.4927,36.6244,22.8829
asia,2027.1,41.2710,35.6320,23.0970
asia,2027.2,42.0538,34.6514,23.2948
asia,2027.3,42.8406,33.6837,23.4757
asia,2027.4,43.6306,32.7301,23.6393
asia,2027.5,44.4232,31.7917,23.7851
asia,2027.6,45.2178,30.8696,23.9126
asia,2027.7,46.0136,29.9649,24.0218
asia,2027.8,46.8097,29.0788,24.1157
asia,2027.9,47.6056,28.2123,24.1903
asia,2028.0,48.4003,27.3664,24.2454
asia,2028.1,49.1932,26.5420,24.2916
asia,2028.2,49.9834,25.7400,24.3189
asia,2028.3,50.7702,24.9612,24.3269
asia,2028.4,51.5530,24.2062,24.3155
asia,2028.5,52.3311,23.4756,24.2847
asia,2028.6,53.1040,22.7698,24.2348
asia,2028.7,53.8711,22.0891,24.1660
asia,2028.8,54.6320,21.4336,24.0784
asia,2028.9,55.3864,20.8034,23.9723
asia,2029.0,56.1341,20.1983,23.8482
asia,2029.1,56.8747,19.6182,23.7065
asia,2029.2,57.6082,19.0625,23.5475
asia,2029.3,58.3346,18.5310,23.3717
asia,2029.4,59.0539,18.0232,23.1797
asia,2029.5,59.7661,17.5383,22.9719
asia,2029.6,60.4712,17.0760,22.7488
asia,2029.7,61.1694,16.6354,22.5110
asia,2029.8,61.8607,16.2160,22.2590
asia,2029.9,62.5453,15.8171,21.9934
asia,2030.0,63.2230,15.4381,21.7148
asia,2030.1,63.8941,15.0784,21.4237
asia,2030.2,64.5583,14.7374,21.1208
asia,2030.3,65.2158,14.4144,20.8066
asia,2030.4,65.8664,14.1089,20.4819
asia,2030.5,66.5100,13.8202,20.1474
asia,2030.6,67.1465,13.5478,19.8036
asia,2030.7,67.7758,13.2911,19.4514
asia,2030.8,68.3978,13.0494,19.0915
asia,2030.9,69.0122,12.8221,18.7245
asia,2031.0,69.6189,12.6087,18.3513
asia,2031.1,70.2178,12.4085,17.9726
asia,2031.2,70.8087,12.2209,17.5891
asia,2031.3,71.3915,12.0453,17.2016
asia,2031.4,71.9660,11.8810,16.8107
asia,2031.5,72.5320,11.7275,16.4172
asia,2031.6,73.0895,11.5842,16.0218
asia,2031.7,73.6383,11.4505,15.6252
asia,2031.8,74.1783,11.3257,15.2280
asia,2031.9,74.7093,11.2094,14.8309
asia,2032.0,75.2313,11.1010,14.4344
asia,2032.1,75.7441,11.0000,14.0393
asia,2032.2,76.2476,10.9058,13.6459
asia,2032.3,76.7417,10.8180,13.2550
asia,2032.4,77.2263,10.7361,12.8670
asia,2032.5,77.7013,10.6597,12.4823
asia,2032.6,78.1667,10.5883,12.1015
asia,2032.7,78.6224,10.5215,11.7250
asia,2032.8,79.0683,10.4590,11.3532
asia,2032.9,79.5043,10.4003,10.9865
asia,2033.0,79.9305,10.3452,10.6251
asia,2033.1,80.3468,10.2934,10.2695
asia,2033.2,80.7531,10.2445,9.9199
asia,2033.3,81.1495,10.1983,9.5766
asia,2033.4,81.5359,10.1545,9.2398
asia,2033.5,81.9124,10.1130,8.9098
asia,2033.6,82.2789,10.0734,8.5866
asia,2033.7,82.6356,10.0355,8.2705
asia,2033.8,82.9824,9.9994,7.9617
asia,2033.9,83.3194,9.9646,7.6602
asia,2034.0,83.6467,9.9312,7.3660
asia,2034.1,83.9643,9.8989,7.0794
asia,2034.2,84.2723,9.8677,6.8003
asia,2034.3,84.5708,9.8374,6.5288
asia,2034.4,84.8599,9.8080,6.2649
asia,2034.5,85.1397,9.7793,6.0085
asia,2034.6,85.4104,9.7514,5.7598
asia,2034.7,85.6720,9.7240,5.5186
asia,2034.8,85.9248,9.6972,5.2848
asia,2034.9,86.1688,9.6710,5.0586
asia,2035.0,86.4042,9.6452,4.8397
asia,2035.1,86.6311,9.6199,4.6281
asia,2035.2,86.8498,9.5950,4.4237
asia,2035.3,87.0603,9.5704,4.2264
asia,2035.4,87.2629,9.5462,4.0361
asia,2035.5,87.4577,9.5224,3.8528
asia,2035.6,87.6450,9.4988,3.6762
asia,2035.7,87.8248,9.4756,3.5062
asia,2035.8,87.9974,9.4527,3.3428
asia,2035.9,88.1630,9.4300,3.1858
asia,2036.0,88.3217,9.4077,3.0350
asia,2036.1,88.4738,9.3856,2.8903
asia,2036.2,88.6194,9.3637,2.7516
asia,2036.3,88.7588,9.3422,2.6187
asia,2036.4,88.8920,9.3209,2.4915
asia,2036.5,89.0194,9.2999,2.3698
asia,2036.6,89.1410,9.2791,2.2534
asia,2036.7,89.2571,9.2586,2.1423
asia,2036.8,89.3679,9.2384,2.0362
asia,2036.9,89.4735,9.2185,1.9350
asia,2037.0,89.5741,9.1988,1.8386
asia,2037.1,89.6699,9.1793,1.7468
asia,2037.2,89.7611,9.1602,1.6594
asia,2037.3,89.8479,9.1413,1.5763
asia,2037.4,89.9303,9.1227,1.4974
asia,2037.5,90.0086,9.1044,1.4224
asia,2037.6,90.0830,9.0863,1.3514
asia,2037.7,90.1535,9.0685,1.2840
asia,2037.8,90.2204,9.0510,1.2202
asia,2037.9,90.2838,9.0337,1.1599
asia,2038.0,90.3438,9.0168,1.1028
asia,2038.1,90.4006,9.0001,1.0489
asia,2038.2,90.4544,8.9836,0.9980
asia,2038.3,90.5052,8.9675,0.9501
asia,2038.4,90.5532,8.9516,0.9049
asia,2038.5,90.5985,8.9360,0.8623
asia,2038.6,90.6412,8.9207,0.8223
asia,2038.7,90.6816,8.9056,0.7847
asia,2038.8,90.7196,8.8909,0.7494
asia,2038.9,90.7554,8.8764,0.7163
asia,2039.0,90.7890,8.8621,0.6853
asia,2039.1,90.8208,8.8482,0.6563
asia,2039.2,90.8506,8.8345,0.6291
asia,2039.3,90.8786,8.8210,0.6038
asia,2039.4,90.9049,8.8078,0.5801
asia,2039.5,90.9296,8.7949,0.5581
asia,2039.6,90.9528,8.7823,0.5375
asia,2039.7,90.9746,8.7699,0.5184
asia,2039.8,90.9950,8.7577,0.5007
asia,2039.9,91.0141,8.7458,0.4842
asia,2040.0,91.0320,8.7341,0.4689
asia,2040.1,91.0488,8.7227,0.4548
asia,2040.2,91.0645,8.7116,0.4417
asia,2040.3,91.0793,8.7006,0.4297
asia,2040.4,91.0930,8.6899,0.4185
asia,2040.5,91.1059,8.6795,0.4083
asia,2040.6,91.1180,8.6693,0.3989
asia,2040.7,91.1293,8.6592,0.3902
asia,2040.8,91.1399,8.6495,0.3823
asia,2040.9,91.1498,8.6399,0.3751
asia,2041.0,91.1591,8.6305,0.3684
asia,2041.1,91.1678,8.6214,0.3624
asia,2041.2,91.1759,8.6125,0.3569
asia,2041.3,91.1835,8.6037,0.3519
asia,2041.4,91.1907,8.5952,0.3474
asia,2041.5,91.1974,8.5868,0.3434
asia,2041.6,91.2037,8.5787,0.3397
asia,2041.7,91.2097,8.5707,0.3364
asia,2041.8,91.2153,8.5630,0.3335
asia,2041.9,91.2205,8.5553,0.3309
asia,2042.0,91.2255,8.5479,0.3286
asia,2042.1,91.2302,8.5407,0.3265
asia,2042.2,91.2347,8.5336,0.3247
asia,2042.3,91.2389,8.5266,0.3232
asia,2042.4,91.2429,8.5199,0.3218
asia,2042.5,91.2467,8.5133,0.3207
asia,2042.6,91.2504,8.5068,0.3197
asia,2042.7,91.2538,8.5005,0.3189
asia,2042.8,91.2572,8.4943,0.3182
asia,2042.9,91.2603,8.4883,0.3177
asia,2043.0,91.2634,8.4824,0.3173
asia,2043.1,91.2663,8.4766,0.3170
asia,2043.2,91.2692,8.4710,0.3168
asia,2043.3,91.2719,8.4654,0.3167
asia,2043.4,91.2746,8.4600,0.3167
asia,2043.5,91.2772,8.4547,0.3168
asia,2043.6,91.2797,8.4496,0.3170
asia,2043.7,91.2822,8.4445,0.3172
asia,2043.8,91.2846,8.4395,0.3174
asia,2043.9,91.2869,8.4347,0.3178
asia,2044.0,91.2892,8.4299,0.3181
asia,2044.1,91.2915,8.4253,0.3185
asia,2044.2,91.2937,8.4207,0.3190
asia,2044.3,91.2959,8.4162,0.3195
asia,2044.4,91.2981,8.4118,0.3200
asia,2044.5,91.3002,8.4075,0.3205
asia,2044.6,91.3023,8.4032,0.3211
asia,2044.7,91.3044,8.3990,0.3216
asia,2044.8,91.3065,8.3949,0.3222
asia,2044.9,91.3085,8.3909,0.3228
asia,2045.0,91.3106,8.3870,0.3235
asia,2045.1,91.3126,8.3831,0.3241
asia,2045.2,91.3146,8.3792,0.3248
asia,2045.3,91.3166,8.3755,0.3254
asia,2045.4,91.3186,8.3717,0.3261
asia,2045.5,91.3206,8.3681,0.3268
asia,2045.6,91.3226,8.3645,0.3275
asia,2045.7,91.3246,8.3609,0.3282
asia,2045.8,91.3265,8.3574,0.3289
asia,2045.9,91.3285,8.3539,0.3296
asia,2046.0,91.3305,8.3505,0.3303
asia,2046.1,91.3324,8.3471,0.3310
asia,2046.2,91.3344,8.3438,0.3317
asia,2046.3,91.3364,8.3405,0.3324
asia,2046.4,91.3383,8.3372,0.3331
asia,2046.5,91.3403,8.3339,0.3339
asia,2046.6,91.3422,8.3307,0.3346
asia,2046.7,91.3442,8.3276,0.3353
asia,2046.8,91.3462,8.3244,0.3360
asia,2046.9,91.3481,8.3213,0.3367
asia,2047.0,91.3501,8.3182,0.3375
asia,2047.1,91.3520,8.3151,0.3382
asia,2047.2,91.3540,8.3121,0.3389
asia,2047.3,91.3559,8.3091,0.3396
asia,2047.4,91.3579,8.3061,0.3403
asia,2047.5,91.3599,8.3031,0.3410
asia,2047.6,91.3618,8.3001,0.3418
asia,2047.7,91.3638,8.2972,0.3425
asia,2047.8,91.3657,8.2943,0.3432
asia,2047.9,91.3677,8.2914,0.3439
asia,2048.0,91.3697,8.2885,0.3446
asia,2048.1,91.3716,8.2856,0.3453
asia,2048.2,91.3736,8.2827,0.3461
asia,2048.3,91.3756,8.2799,0.3468
asia,2048.4,91.3775,8.2770,0.3475
asia,2048.5,91.3795,8.2742,0.3482
asia,2048.6,91.3815,8.2714,0.3489
asia,2048.7,91.3834,8.2685,0.3496
asia,2048.8,91.3854,8.2657,0.3503
asia,2048.9,91.3874,8.2629,0.3510
asia,2049.0,91.3894,8.2602,0.3517
asia,2049.1,91.3913,8.2574,0.3524
asia,2049.2,91.3933,8.2546,0.3531
asia,2049.3,91.3953,8.2518,0.3538
asia,2049.4,91.3973,8.2491,0.3545
asia,2049.5,91.3993,8.2463,0.3552
asia,2049.6,91.4013,8.2436,0.3559
asia,2049.7,91.4032,8.2408,0.3566
asia,2049.8,91.4052,8.2381,0.3573
asia,2049.9,91.4072,8.2354,0.3580
asia,2050.0,91.4092,8.2326,0.3587
small_markets,2015.0,0.0888,99.8007,0.1180
small_markets,2015.1,0.0963,99.7877,0.1248
small_markets,2015.2,0.1043,99.7741,0.1318
small_markets,2015.3,0.1128,99.7598,0.1391
small_markets,2015.4,0.1218,99.7449,0.1466
small_markets,2015.5,0.1313,99.7292,0.1544
small_markets,2015.6,0.1413,99.7128,0.1625
small_markets,2015.7,0.1518,99.6957,0.1708
small_markets,2015.8,0.1629,99.6778,0.1794
small_markets,2015.9,0.1745,99.6591,0.1883
small_markets,2016.0,0.1866,99.6396,0.1974
small_markets,2016.1,0.1995,99.6192,0.2069
small_markets,2016.2,0.2134,99.5980,0.2166
small_markets,2016.3,0.2281,99.5758,0.2266
small_markets,2016.4,0.2438,99.5527,0.2368
small_markets,2016.5,0.2604,99.5286,0.2474
small_markets,2016.6,0.2779,99.5035,0.2582
small_markets,2016.7,0.2965,99.4773,0.2693
small_markets,2016.8,0.3160,99.4500,0.2808
small_markets,2016.9,0.3366,99.4216,0.2925
small_markets,2017.0,0.3581,99.3920,0.3045
small_markets,2017.1,0.4154,99.1878,0.4557
small_markets,2017.2,0.4773,99.0289,0.5574
small_markets,2017.3,0.5420,98.8823,0.6442
small_markets,2017.4,0.6090,98.7425,0.7219
small_markets,2017.5,0.6781,98.6071,0.7932
small_markets,2017.6,0.7490,98.4746,0.8596
small_markets,2017.7,0.8217,98.3443,0.9221
small_markets,2017.8,0.8962,98.2153,0.9812
small_markets,2017.9,0.9723,98.0873,1.0376
small_markets,2018.0,1.0501,97.9598,1.0915
small_markets,2018.1,1.1295,97.8326,1.1434
small_markets,2018.2,1.2104,97.7053,1.1933
small_markets,2018.3,1.2930,97.5777,1.2416
small_markets,2018.4,1.3771,97.4497,1.2884
small_markets,2018.5,1.4627,97.3210,1.3339
small_markets,2018.6,1.5499,97.1914,1.3781
small_markets,2018.7,1.6386,97.0610,1.4212
small_markets,2018.8,1.7289,96.9294,1.4632
small_markets,2018.9,1.8207,96.7967,1.5043
small_markets,2019.0,1.9141,96.6626,1.5445
small_markets,2019.1,2.0092,96.5267,1.5842
small_markets,2019.2,2.1060,96.3887,1.6234
small_markets,2019.3,2.2046,96.2485,1.6622
small_markets,2019.4,2.3051,96.1060,1.7006
small_markets,2019.5,2.4074,95.9613,1.7387
small_markets,2019.6,2.5115,95.8141,1.7763
small_markets,2019.7,2.6176,95.6645,1.8137
small_markets,2019.8,2.7255,95.5124,1.8507
small_markets,2019.9,2.8353,95.3576,1.8874
small_markets,2020.0,2.9469,95.2002,1.9254
small_markets,2020.1,3.0606,95.0401,1.9637
small_markets,2020.2,3.1762,94.8771,2.0019
small_markets,2020.3,3.2938,94.7112,2.0401
small_markets,2020.4,3.4137,94.5423,2.0806
small_markets,2020.5,3.5358,94.3702,2.1245
small_markets,2020.6,3.6605,94.1947,2.1688
small_markets,2020.7,3.7878,94.0157,2.2133
small_markets,2020.8,3.9179,93.8329,2.2583
small_markets,2020.9,4.0511,93.6462,2.3065
small_markets,2021.0,4.1875,93.4553,2.3624
small_markets,2021.1,4.3274,93.2600,2.4195
small_markets,2021.2,4.4710,93.0600,2.4779
small_markets,2021.3,4.6186,92.8551,2.5375
small_markets,2021.4,4.7703,92.6449,2.5985
small_markets,2021.5,4.9265,92.4292,2.6608
small_markets,2021.6,5.0874,92.2077,2.7245
small_markets,2021.7,5.2533,91.9800,2.7897
small_markets,2021.8,5.4244,91.7458,2.8562
small_markets,2021.9,5.6011,91.5048,2.9242
small_markets,2022.0,5.7836,91.2566,2.9937
small_markets,2022.1,5.9723,91.0009,3.0646
small_markets,2022.2,6.1674,90.7372,3.1371
small_markets,2022.3,6.3692,90.4653,3.2112
small_markets,2022.4,6.5780,90.1847,3.2867
small_markets,2022.5,6.7942,89.8950,3.3639
small_markets,2022.6,7.0180,89.5960,3.4426
small_markets,2022.7,7.2496,89.2871,3.5229
small_markets,2022.8,7.4895,88.9680,3.6048
small_markets,2022.9,7.7378,88.6383,3.6883
small_markets,2023.0,7.9949,88.2977,3.7734
small_markets,2023.1,8.2610,87.9457,3.8602
small_markets,2023.2,8.5365,87.5820,3.9486
small_markets,2023.3,8.8214,87.2063,4.0386
small_markets,2023.4,9.1161,86.8181,4.1303
small_markets,2023.5,9.4209,86.4172,4.2236
small_markets,2023.6,9.7359,86.0032,4.3186
small_markets,2023.7,10.0612,85.5758,4.4152
small_markets,2023.8,10.3972,85.1348,4.5134
small_markets,2023.9,10.7439,84.6800,4.6133
small_markets,2024.0,11.1015,84.2110,4.7149
small_markets,2024.1,11.4700,83.7278,4.8180
small_markets,2024.2,11.8496,83.2301,4.9228
small_markets,2024.3,12.2404,82.7178,5.0418
small_markets,2024.4,12.6423,82.1909,5.1668
small_markets,2024.5,13.0554,81.6492,5.2953
small_markets,2024.6,13.4797,81.0929,5.4274
small_markets,2024.7,13.9150,80.5220,5.5630
small_markets,2024.8,14.3613,79.9364,5.7022
small_markets,2024.9,14.8185,79.3365,5.8450
small_markets,2025.0,15.2864,78.7224,5.9912
small_markets,2025.1,15.7648,78.0943,6.1409
small_markets,2025.2,16.2535,77.4526,6.2939
small_markets,2025.3,16.7522,76.7976,6.4502
small_markets,2025.4,17.2606,76.1297,6.6096
small_markets,2025.5,17.7784,75.4495,6.7721
small_markets,2025.6,18.3052,74.7574,6.9374
small_markets,2025.7,18.8406,74.0540,7.1054
small_markets,2025.8,19.3841,73.3401,7.2758
small_markets,2025.9,19.9353,72.6162,7.4485
small_markets,2026.0,20.4937,71.8832,7.6231
small_markets,2026.1,21.0587,71.1418,7.7996
small_markets,2026.2,21.6297,70.3928,7.9775
small_markets,2026.3,22.2062,69.6372,8.1566
small_markets,2026.4,22.7875,68.8759,8.3366
small_markets,2026.5,23.3731,68.1098,8.5172
small_markets,2026.6,23.9621,67.3399,8.6980
small_markets,2026.7,24.5540,66.5672,8.8788
small_markets,2026.8,25.1481,65.7927,9.0592
small_markets,2026.9,25.7436,65.0174,9.2390
small_markets,2027.0,26.3399,64.2424,9.4177
small_markets,2027.1,26.9362,63.4687,9.5951
small_markets,2027.2,27.5318,62.6973,9.7709
small_markets,2027.3,28.1261,61.9291,9.9448
small_markets,2027.4,28.7183,61.1652,10.1165
small_markets,2027.5,29.3077,60.4066,10.2858
small_markets,2027.6,29.8937,59.6540,10.4524
small_markets,2027.7,30.4755,58.9083,10.6162
small_markets,2027.8,31.0526,58.1704,10.7769
small_markets,2027.9,31.6244,57.4411,10.9345
small_markets,2028.0,32.1903,56.7209,11.0888
small_markets,2028.1,32.7497,56.0106,11.2397
small_markets,2028.2,33.3021,55.3107,11.3872
small_markets,2028.3,33.8471,54.6216,11.5313
small_markets,2028.4,34.3841,53.9439,11.6720
small_markets,2028.5,34.9128,53.2779,11.8092
small_markets,2028.6,35.4329,52.6238,11.9432
small_markets,2028.7,35.9441,51.9819,12.0741
small_markets,2028.8,36.4459,51.3523,12.2018
small_markets,2028.9,36.9383,50.7349,12.3267
small_markets,2029.0,37.4211,50.1300,12.4489
small_markets,2029.1,37.8941,49.5373,12.5686
small_markets,2029.2,38.3572,48.9568,12.6860
small_markets,2029.3,38.8104,48.3882,12.8014
small_markets,2029.4,39.2536,47.8313,12.9150
small_markets,2029.5,39.6870,47.2860,13.0271
small_markets,2029.6,40.1105,46.7517,13.1378
small_markets,2029.7,40.5242,46.2282,13.2476
small_markets,2029.8,40.9284,45.7152,13.3565
small_markets,2029.9,41.3231,45.2121,13.4648
small_markets,2030.0,41.7086,44.7186,13.5728
small_markets,2030.1,42.0851,44.2343,13.6806
small_markets,2030.2,42.4527,43.7587,13.7885
small_markets,2030.3,42.8119,43.2915,13.8966
small_markets,2030.4,43.1628,42.8321,14.0051
small_markets,2030.5,43.5058,42.3801,14.1141
small_markets,2030.6,43.8411,41.9353,14.2237
small_markets,2030.7,44.1690,41.4971,14.3339
small_markets,2030.8,44.4899,41.0652,14.4449
small_markets,2030.9,44.8040,40.6393,14.5567
small_markets,2031.0,45.1117,40.2190,14.6693
small_markets,2031.1,45.4133,39.8040,14.7827
small_markets,2031.2,45.7091,39.3941,14.8968
small_markets,2031.3,45.9993,38.9891,15.0116
small_markets,2031.4,46.2843,38.5886,15.1271
small_markets,2031.5,46.5643,38.1926,15.2431
small_markets,2031.6,46.8396,37.8008,15.3596
small_markets,2031.7,47.1104,37.4131,15.4765
small_markets,2031.8,47.3770,37.0293,15.5937
small_markets,2031.9,47.6396,36.6494,15.7110
small_markets,2032.0,47.8984,36.2733,15.8283
small_markets,2032.1,48.1536,35.9008,15.9456
small_markets,2032.2,48.4053,35.5321,16.0626
small_markets,2032.3,48.6538,35.1669,16.1793
small_markets,2032.4,48.8992,34.8053,16.2954
small_markets,2032.5,49.1417,34.4473,16.4110
small_markets,2032.6,49.3812,34.0929,16.5258
small_markets,2032.7,49.6181,33.7421,16.6398
small_markets,2032.8,49.8523,33.3948,16.7529
small_markets,2032.9,50.0840,33.0511,16.8649
small_markets,2033.0,50.3132,32.7111,16.9757
small_markets,2033.1,50.5401,32.3747,17.0853
small_markets,2033.2,50.7646,32.0419,17.1935
small_markets,2033.3,50.9868,31.7128,17.3003
small_markets,2033.4,51.2069,31.3875,17.4056
small_markets,2033.5,51.4247,31.0659,17.5093
small_markets,2033.6,51.6405,30.7481,17.6114
small_markets,2033.7,51.8541,30.4341,17.7118
small_markets,2033.8,52.0656,30.1239,17.8105
small_markets,2033.9,52.2751,29.8175,17.9073
small_markets,2034.0,52.4826,29.5150,18.0024
small_markets,2034.1,52.6881,29.2164,18.0955
small_markets,2034.2,52.8916,28.9217,18.1867
small_markets,2034.3,53.0931,28.6309,18.2760
small_markets,2034.4,53.2927,28.3440,18.3633
small_markets,2034.5,53.4903,28.0611,18.4486
small_markets,2034.6,53.6860,27.7821,18.5319
small_markets,2034.7,53.8798,27.5071,18.6131
small_markets,2034.8,54.0717,27.2360,18.6923
small_markets,2034.9,54.2617,26.9689,18.7694
small_markets,2035.0,54.4499,26.7057,18.8444
small_markets,2035.1,54.6363,26.4465,18.9173
small_markets,2035.2,54.8208,26.1911,18.9881
small_markets,2035.3,55.0035,25.9397,19.0567
small_markets,2035.4,55.1845,25.6922,19.1233
small_markets,2035.5,55.3636,25.4486,19.1877
small_markets,2035.6,55.5411,25.2089,19.2500
small_markets,2035.7,55.7168,24.9731,19.3101
small_markets,2035.8,55.8908,24.7410,19.3682
small_markets,2035.9,56.0632,24.5128,19.4240
small_markets,2036.0,56.2339,24.2883,19.4778
small_markets,2036.1,56.4029,24.0676,19.5294
small_markets,2036.2,56.5704,23.8507,19.5789
small_markets,2036.3,56.7363,23.6374,19.6263
small_markets,2036.4,56.9007,23.4278,19.6715
small_markets,2036.5,57.0635,23.2218,19.7147
small_markets,2036.6,57.2249,23.0193,19.7557
small_markets,2036.7,57.3848,22.8205,19.7947
small_markets,2036.8,57.5433,22.6251,19.8316
small_markets,2036.9,57.7004,22.4332,19.8664
small_markets,2037.0,57.8561,22.2448,19.8992
small_markets,2037.1,58.0104,22.0597,19.9299
small_markets,2037.2,58.1635,21.8779,19.9586
small_markets,2037.3,58.3153,21.6994,19.9853
small_markets,2037.4,58.4658,21.5242,20.0100
small_markets,2037.5,58.6151,21.3522,20.0327
small_markets,2037.6,58.7632,21.1833,20.0535
small_markets,2037.7,58.9102,21.0176,20.0723
small_markets,2037.8,59.0560,20.8548,20.0892
small_markets,2037.9,59.2007,20.6951,20.1042
small_markets,2038.0,59.3444,20.5384,20.1173
small_markets,2038.1,59.4870,20.3845,20.1285
small_markets,2038.2,59.6286,20.2335,20.1379
small_markets,2038.3,59.7692,20.0852,20.1455
small_markets,2038.4,59.9089,19.9397,20.1514
small_markets,2038.5,60.0476,19.7970,20.1554
small_markets,2038.6,60.1855,19.6568,20.1577
small_markets,2038.7,60.3225,19.5193,20.1583
small_markets,2038.8,60.4586,19.3842,20.1572
small_markets,2038.9,60.5939,19.2517,20.1544
small_markets,2039.0,60.7284,19.1216,20.1500
small_markets,2039.1,60.8622,18.9939,20.1440
small_markets,2039.2,60.9952,18.8685,20.1363
small_markets,2039.3,61.1274,18.7454,20.1272
small_markets,2039.4,61.2590,18.6245,20.1170
small_markets,2039.5,61.3899,18.5058,20.1058
small_markets,2039.6,61.5201,18.3893,20.0929
small_markets,2039.7,61.6497,18.2748,20.0786
small_markets,2039.8,61.7787,18.1624,20.0627
small_markets,2039.9,61.9071,18.0519,20.0453
small_markets,2040.0,62.0349,17.9434,20.0265
small_markets,2040.1,62.1621,17.8368,20.0063
small_markets,2040.2,62.2888,17.7320,19.9847
small_markets,2040.3,62.4150,17.6290,19.9618
small_markets,2040.4,62.5407,17.5278,19.9376
small_markets,2040.5,62.6658,17.4283,19.9121
small_markets,2040.6,62.7905,17.3304,19.8854
small_markets,2040.7,62.9147,17.2342,19.8575
small_markets,2040.8,63.0385,17.1396,19.8284
small_markets,2040.9,63.1618,17.0465,19.7981
small_markets,2041.0,63.2847,16.9549,19.7668
small_markets,2041.1,63.4071,16.8648,19.7344
small_markets,2041.2,63.5292,16.7761,19.7009
small_markets,2041.3,63.6508,16.6888,19.6665
small_markets,2041.4,63.7721,16.6028,19.6310
small_markets,2041.5,63.8930,16.5182,19.5946
small_markets,2041.6,64.0135,16.4348,19.5573
small_markets,2041.7,64.1337,16.3527,19.5191
small_markets,2041.8,64.2535,16.2718,19.4800
small_markets,2041.9,64.3729,16.1921,19.4401
small_markets,2042.0,64.4920,16.1136,19.3994
small_markets,2042.1,64.6108,16.0361,19.3578
small_markets,2042.2,64.7292,15.9598,19.3156
small_markets,2042.3,64.8474,15.8845,19.2725
small_markets,2042.4,64.9652,15.8102,19.2288
small_markets,2042.5,65.0826,15.7369,19.1844
small_markets,2042.6,65.1998,15.6646,19.1393
small_markets,2042.7,65.3167,15.5933,19.0936
small_markets,2042.8,65.4333,15.5229,19.0473
small_markets,2042.9,65.5495,15.4533,19.0004
small_markets,2043.0,65.6655,15.3847,18.9529
small_markets,2043.1,65.7812,15.3169,18.9048
small_markets,2043.2,65.8965,15.2499,18.8562
small_markets,2043.3,66.0116,15.1838,18.8071
small_markets,2043.4,66.1264,15.1184,18.7575
small_markets,2043.5,66.2410,15.0538,18.7075
small_markets,2043.6,66.3552,14.9900,18.6569
small_markets,2043.7,66.4691,14.9268,18.6060
small_markets,2043.8,66.5828,14.8644,18.5546
small_markets,2043.9,66.6962,14.8027,18.5028
small_markets,2044.0,66.8093,14.7416,18.4506
small_markets,2044.1,66.9221,14.6812,18.3981
small_markets,2044.2,67.0347,14.6215,18.3452
small_markets,2044.3,67.1470,14.5623,18.2920
small_markets,2044.4,67.2590,14.5038,18.2384
small_markets,2044.5,67.3707,14.4459,18.1845
small_markets,2044.6,67.4822,14.3885,18.1303
small_markets,2044.7,67.5933,14.3317,18.0759
small_markets,2044.8,67.7042,14.2755,18.0211
small_markets,2044.9,67.8149,14.2198,17.9661
small_markets,2045.0,67.9252,14.1646,17.9109
small_markets,2045.1,68.0353,14.1099,17.8554
small_markets,2045.2,68.1451,14.0558,17.7997
small_markets,2045.3,68.2546,14.0021,17.7438
small_markets,2045.4,68.3639,13.9489,17.6877
small_markets,2045.5,68.4729,13.8962,17.6314
small_markets,2045.6,68.5816,13.8440,17.5749
small_markets,2045.7,68.6900,13.7922,17.5182
small_markets,2045.8,68.7982,13.7408,17.4614
small_markets,2045.9,68.9060,13.6899,17.4044
small_markets,2046.0,69.0136,13.6394,17.3473
small_markets,2046.1,69.1210,13.5893,17.2900
small_markets,2046.2,69.2280,13.5396,17.2327
small_markets,2046.3,69.3348,13.4903,17.1752
small_markets,2046.4,69.4413,13.4414,17.1175
small_markets,2046.5,69.5475,13.3929,17.0598
small_markets,2046.6,69.6534,13.3447,17.0020
small_markets,2046.7,69.7591,13.2969,16.9441
small_markets,2046.8,69.8645,13.2495,16.8861
small_markets,2046.9,69.9696,13.2024,16.8281
small_markets,2047.0,70.0744,13.1557,16.7700
small_markets,2047.1,70.1790,13.1093,16.7118
small_markets,2047.2,70.2832,13.0633,16.6536
small_markets,2047.3,70.3872,13.0176,16.5953
small_markets,2047.4,70.4909,12.9722,16.5369
small_markets,2047.5,70.5944,12.9271,16.4786
small_markets,2047.6,70.6975,12.8823,16.4202
small_markets,2047.7,70.8004,12.8379,16.3618
small_markets,2047.8,70.9030,12.7937,16.3033
small_markets,2047.9,71.0053,12.7499,16.2449
small_markets,2048.0,71.1073,12.7063,16.1864
small_markets,2048.1,71.2091,12.6630,16.1279
small_markets,2048.2,71.3106,12.6200,16.0695
small_markets,2048.3,71.4118,12.5773,16.0110
small_markets,2048.4,71.5127,12.5348,15.9525
small_markets,2048.5,71.6133,12.4926,15.8941
small_markets,2048.6,71.7137,12.4507,15.8356
small_markets,2048.7,71.8138,12.4090,15.7772
small_markets,2048.8,71.9136,12.3676,15.7188
small_markets,2048.9,72.0131,12.3264,15.6605
small_markets,2049.0,72.1123,12.2855,15.6022
small_markets,2049.1,72.2113,12.2449,15.5439
small_markets,2049.2,72.3100,12.2044,15.4856
small_markets,2049.3,72.4084,12.1642,15.4274
small_markets,2049.4,72.5065,12.1243,15.3692
small_markets,2049.5,72.6043,12.0846,15.3111
small_markets,2049.6,72.7019,12.0451,15.2531
small_markets,2049.7,72.7992,12.0058,15.1951
small_markets,2049.8,72.8962,11.9667,15.1371
small_markets,2049.9,72.9929,11.9279,15.0792
small_markets,2050.0,73.0893,11.8893,15.0214
medium_markets,2015.0,0.5170,99.1198,0.3632
medium_markets,2015.1,0.5449,99.0742,0.3809
medium_markets,2015.2,0.5740,99.0267,0.3993
medium_markets,2015.3,0.6041,98.9774,0.4184
medium_markets,2015.4,0.6354,98.9263,0.4383
medium_markets,2015.5,0.6680,98.8731,0.4589
medium_markets,2015.6,0.7017,98.8180,0.4803
medium_markets,2015.7,0.7367,98.7609,0.5025
medium_markets,2015.8,0.7729,98.7017,0.5254
medium_markets,2015.9,0.8104,98.6404,0.5492
medium_markets,2016.0,0.8493,98.5769,0.5738
medium_markets,2016.1,0.8895,98.5112,0.5993
medium_markets,2016.2,0.9311,98.4433,0.6256
medium_markets,2016.3,0.9741,98.3731,0.6528
medium_markets,2016.4,1.0186,98.3006,0.6809
medium_markets,2016.5,1.0645,98.2257,0.7098
medium_markets,2016.6,1.1119,98.1484,0.7397
medium_markets,2016.7,1.1608,98.0687,0.7705
medium_markets,2016.8,1.2113,97.9866,0.8022
medium_markets,2016.9,1.2634,97.9019,0.8348
medium_markets,2017.0,1.3171,97.8146,0.8683
medium_markets,2017.1,1.3724,97.7233,0.9043
medium_markets,2017.2,1.4296,97.6273,0.9432
medium_markets,2017.3,1.4885,97.5268,0.9847
medium_markets,2017.4,1.5494,97.4220,1.0287
medium_markets,2017.5,1.6123,97.3130,1.0748
medium_markets,2017.6,1.6772,97.1997,1.1232
medium_markets,2017.7,1.7442,97.0823,1.1736
medium_markets,2017.8,1.8134,96.9607,1.2261
medium_markets,2017.9,1.8848,96.8350,1.2804
medium_markets,2018.0,1.9585,96.7051,1.3367
medium_markets,2018.1,2.0418,96.5699,1.3947
medium_markets,2018.2,2.1220,96.4306,1.4545
medium_markets,2018.3,2.2041,96.2872,1.5160
medium_markets,2018.4,2.2885,96.1397,1.5792
medium_markets,2018.5,2.3753,95.9880,1.6440
medium_markets,2018.6,2.4647,95.8321,1.7103
medium_markets,2018.7,2.5567,95.6720,1.7781
medium_markets,2018.8,2.6514,95.5076,1.8474
medium_markets,2018.9,2.7489,95.3391,1.9181
medium_markets,2019.0,2.8492,95.1663,1.9902
medium_markets,2019.1,2.9525,94.9892,2.0636
medium_markets,2019.2,3.0588,94.8078,2.1382
medium_markets,2019.3,3.1681,94.6222,2.2141
medium_markets,2019.4,3.2806,94.4322,2.2911
medium_markets,2019.5,3.3963,94.2378,2.3693
medium_markets,2019.6,3.5153,94.0391,2.4486
medium_markets,2019.7,3.6377,93.8360,2.5288
medium_markets,2019.8,3.7635,93.6284,2.6101
medium_markets,2019.9,3.8929,93.4164,2.6923
medium_markets,2020.0,4.0259,93.1999,2.7757
medium_markets,2020.1,4.1625,92.9789,2.8601
medium_markets,2020.2,4.3030,92.7533,2.9454
medium_markets,2020.3,4.4473,92.5231,3.0313
medium_markets,2020.4,4.5956,92.2883,3.1179
medium_markets,2020.5,4.7479,92.0488,3.2051
medium_markets,2020.6,4.9044,91.8046,3.2929
medium_markets,2020.7,5.0652,91.5557,3.3811
medium_markets,2020.8,5.2304,91.3020,3.4698
medium_markets,2020.9,5.4000,91.0433,3.5588
medium_markets,2021.0,5.5743,90.7798,3.6482
medium_markets,2021.1,5.7532,90.5113,3.7377
medium_markets,2021.2,5.9370,90.2378,3.8275
medium_markets,2021.3,6.1258,89.9592,3.9174
medium_markets,2021.4,6.3196,89.6754,4.0073
medium_markets,2021.5,6.5187,89.3864,4.0972
medium_markets,2021.6,6.7232,89.0920,4.1871
medium_markets,2021.7,6.9332,88.7923,4.2768
medium_markets,2021.8,7.1488,88.4871,4.3663
medium_markets,2021.9,7.3703,88.1763,4.4555
medium_markets,2022.0,7.5977,87.8598,4.5444
medium_markets,2022.1,7.8314,87.5375,4.6331
medium_markets,2022.2,8.0713,87.2094,4.7213
medium_markets,2022.3,8.3177,86.8753,4.8090
medium_markets,2022.4,8.5709,86.5350,4.8962
medium_markets,2022.5,8.8309,86.1885,4.9827
medium_markets,2022.6,9.0980,85.8356,5.0685
medium_markets,2022.7,9.3724,85.4762,5.1536
medium_markets,2022.8,9.6542,85.1101,5.2377
medium_markets,2022.9,9.9438,84.7373,5.3210
medium_markets,2023.0,10.2413,84.3574,5.4033
medium_markets,2023.1,10.5469,83.9703,5.4845
medium_markets,2023.2,10.8610,83.5759,5.5646
medium_markets,2023.3,11.1837,83.1740,5.6435
medium_markets,2023.4,11.5153,82.7644,5.7212
medium_markets,2023.5,11.8560,82.3468,5.7976
medium_markets,2023.6,12.2062,81.9211,5.8727
medium_markets,2023.7,12.5661,81.4869,5.9470
medium_markets,2023.8,12.9359,81.0442,6.0199
medium_markets,2023.9,13.3160,80.5926,6.0914
medium_markets,2024.0,13.7067,80.1319,6.1614
medium_markets,2024.1,14.1082,79.6619,6.2299
medium_markets,2024.2,14.5209,79.1822,6.2970
medium_markets,2024.3,14.9451,78.6925,6.3624
medium_markets,2024.4,15.3810,78.1926,6.4264
medium_markets,2024.5,15.8291,77.6823,6.4887
medium_markets,2024.6,16.2896,77.1611,6.5493
medium_markets,2024.7,16.7629,76.6287,6.6084
medium_markets,2024.8,17.2493,76.0850,6.6657
medium_markets,2024.9,17.7491,75.5295,6.7214
medium_markets,2025.0,18.2626,74.9619,6.7754
medium_markets,2025.1,18.7902,74.3820,6.8277
medium_markets,2025.2,19.3322,73.7895,6.8784
medium_markets,2025.3,19.8888,73.1840,6.9273
medium_markets,2025.4,20.4603,72.5653,6.9744
medium_markets,2025.5,21.0469,71.9332,7.0199
medium_markets,2025.6,21.6490,71.2873,7.0636
medium_markets,2025.7,22.2667,70.6277,7.1056
medium_markets,2025.8,22.9001,69.9540,7.1459
medium_markets,2025.9,23.5494,69.2663,7.1843
medium_markets,2026.0,24.2145,68.5645,7.2210
medium_markets,2026.1,24.8956,67.8486,7.2615
medium_markets,2026.2,25.5924,67.1188,7.3067
medium_markets,2026.3,26.3049,66.3752,7.3493
medium_markets,2026.4,27.0328,65.6183,7.3893
medium_markets,2026.5,27.7757,64.8484,7.4266
medium_markets,2026.6,28.5331,64.0662,7.4609
medium_markets,2026.7,29.3045,63.2722,7.4922
medium_markets,2026.8,30.0891,62.4675,7.5204
medium_markets,2026.9,30.8862,61.6529,7.5452
medium_markets,2027.0,31.6945,60.8297,7.5665
medium_markets,2027.1,32.5131,59.9991,7.5841
medium_markets,2027.2,33.3406,59.1628,7.5978
medium_markets,2027.3,34.1755,58.3223,7.6075
medium_markets,2027.4,35.0163,57.4794,7.6129
medium_markets,2027.5,35.8611,56.6361,7.6139
medium_markets,2027.6,36.7083,55.7945,7.6102
medium_markets,2027.7,37.5557,54.9567,7.6028
medium_markets,2027.8,38.4014,54.1247,7.6054
medium_markets,2027.9,39.2433,53.3009,7.6028
medium_markets,2028.0,40.0793,52.4873,7.5951
medium_markets,2028.1,40.9073,51.6860,7.6254
medium_markets,2028.2,41.7255,50.8989,7.6544
medium_markets,2028.3,42.5319,50.1277,7.6806
medium_markets,2028.4,43.3248,49.3739,7.7042
medium_markets,2028.5,44.1028,48.6386,7.7254
medium_markets,2028.6,44.8646,47.9227,7.7446
medium_markets,2028.7,45.6092,47.2268,7.7621
medium_markets,2028.8,46.3361,46.5509,7.7784
medium_markets,2028.9,47.0449,45.8950,7.7940
medium_markets,2029.0,47.7355,45.2584,7.8093
medium_markets,2029.1,48.4082,44.6404,7.8249
medium_markets,2029.2,49.0637,44.0399,7.8411
medium_markets,2029.3,49.7027,43.4557,7.8584
medium_markets,2029.4,50.3262,42.8863,7.8770
medium_markets,2029.5,50.9355,42.3305,7.8972
medium_markets,2029.6,51.5317,41.7866,7.9192
medium_markets,2029.7,52.1161,41.2535,7.9429
medium_markets,2029.8,52.6900,40.7297,7.9683
medium_markets,2029.9,53.2545,40.2143,7.9953
medium_markets,2030.0,53.8109,39.7062,8.0238
medium_markets,2030.1,54.3599,39.2046,8.0534
medium_markets,2030.2,54.9025,38.7089,8.0840
medium_markets,2030.3,55.4394,38.2186,8.1154
medium_markets,2030.4,55.9710,37.7333,8.1473
medium_markets,2030.5,56.4979,37.2526,8.1795
medium_markets,2030.6,57.0202,36.7763,8.2120
medium_markets,2030.7,57.5384,36.3043,8.2573
medium_markets,2030.8,58.0525,35.8364,8.3023
medium_markets,2030.9,58.5627,35.3724,8.3468
medium_markets,2031.0,59.0690,34.9122,8.3907
medium_markets,2031.1,59.5715,34.4557,8.4340
medium_markets,2031.2,60.0703,34.0029,8.4765
medium_markets,2031.3,60.5653,33.5535,8.5183
medium_markets,2031.4,61.0566,33.1076,8.5592
medium_markets,2031.5,61.5442,32.6650,8.5993
medium_markets,2031.6,62.0279,32.2257,8.6383
medium_markets,2031.7,62.5079,31.7896,8.6764
medium_markets,2031.8,62.9840,31.3566,8.7133
medium_markets,2031.9,63.4561,30.9266,8.7490
medium_markets,2032.0,63.9243,30.4997,8.7835
medium_markets,2032.1,64.3884,30.0757,8.8167
medium_markets,2032.2,64.8484,29.6548,8.8484
medium_markets,2032.3,65.3041,29.2368,8.8787
medium_markets,2032.4,65.7555,28.8217,8.9073
medium_markets,2032.5,66.2023,28.4097,8.9343
medium_markets,2032.6,66.6446,28.0006,8.9595
medium_markets,2032.7,67.0822,27.5946,8.9829
medium_markets,2032.8,67.5151,27.1917,9.0044
medium_markets,2032.9,67.9430,26.7920,9.0238
medium_markets,2033.0,68.3658,26.3954,9.0411
medium_markets,2033.1,68.7836,26.0022,9.0563
medium_markets,2033.2,69.1962,25.6123,9.0691
medium_markets,2033.3,69.6034,25.2259,9.0796
medium_markets,2033.4,70.0053,24.8430,9.0876
medium_markets,2033.5,70.4017,24.4637,9.0932
medium_markets,2033.6,70.7927,24.0882,9.0961
medium_markets,2033.7,71.1781,23.7166,9.0963
medium_markets,2033.8,71.5579,23.3489,9.0937
medium_markets,2033.9,71.9322,22.9853,9.0884
medium_markets,2034.0,72.3008,22.6258,9.0801
medium_markets,2034.1,72.6639,22.2706,9.0690
medium_markets,2034.2,73.0214,21.9197,9.0548
medium_markets,2034.3,73.3733,21.5733,9.0376
medium_markets,2034.4,73.7198,21.2315,9.0173
medium_markets,2034.5,74.0608,20.8943,8.9940
medium_markets,2034.6,74.3965,20.5619,8.9675
medium_markets,2034.7,74.7269,20.2343,8.9378
medium_markets,2034.8,75.0520,19.9115,8.9050
medium_markets,2034.9,75.3721,19.5937,8.8690
medium_markets,2035.0,75.6871,19.2809,8.8299
medium_markets,2035.1,75.9972,18.9731,8.7876
medium_markets,2035.2,76.3025,18.6705,8.7422
medium_markets,2035.3,76.6032,18.3730,8.6937
medium_markets,2035.4,76.8992,18.0806,8.6421
medium_markets,2035.5,77.1908,17.7934,8.5875
medium_markets,2035.6,77.4781,17.5115,8.5300
medium_markets,2035.7,77.7612,17.2347,8.4696
medium_markets,2035.8,78.0402,16.9631,8.4063
medium_markets,2035.9,78.3152,16.6966,8.3403
medium_markets,2036.0,78.5863,16.4354,8.2716
medium_markets,2036.1,78.8537,16.1792,8.2004
medium_markets,2036.2,79.1174,15.9282,8.1267
medium_markets,2036.3,79.3777,15.6821,8.0506
medium_markets,2036.4,79.6344,15.4411,7.9723
medium_markets,2036.5,79.8879,15.2050,7.8918
medium_markets,2036.6,80.1380,14.9738,7.8093
medium_markets,2036.7,80.3850,14.7474,7.7249
medium_markets,2036.8,80.6289,14.5257,7.6388
medium_markets,2036.9,80.8697,14.3087,7.5510
medium_markets,2037.0,81.1076,14.0963,7.4617
medium_markets,2037.1,81.3425,13.8883,7.3711
medium_markets,2037.2,81.5745,13.6848,7.2792
medium_markets,2037.3,81.8038,13.4855,7.1862
medium_markets,2037.4,82.0302,13.2905,7.0923
medium_markets,2037.5,82.2539,13.0996,6.9976
medium_markets,2037.6,82.4748,12.9127,6.9022
medium_markets,2037.7,82.6930,12.7298,6.8062
medium_markets,2037.8,82.9086,12.5507,6.7099
medium_markets,2037.9,83.1214,12.3754,6.6133
medium_markets,2038.0,83.3316,12.2037,6.5165
medium_markets,2038.1,83.5391,12.0355,6.4197
medium_markets,2038.2,83.7440,11.8709,6.3231
medium_markets,2038.3,83.9462,11.7095,6.2266
medium_markets,2038.4,84.1458,11.5515,6.1305
medium_markets,2038.5,84.3427,11.3967,6.0349
medium_markets,2038.6,84.5370,11.2449,5.9397
medium_markets,2038.7,84.7287,11.0962,5.8453
medium_markets,2038.8,84.9177,10.9505,5.7516
medium_markets,2038.9,85.1040,10.8076,5.6587
medium_markets,2039.0,85.2877,10.6675,5.5667
medium_markets,2039.1,85.4687,10.5301,5.4758
medium_markets,2039.2,85.6470,10.3953,5.3859
medium_markets,2039.3,85.8227,10.2631,5.2971
medium_markets,2039.4,85.9958,10.1335,5.2096
medium_markets,2039.5,86.1661,10.0062,5.1233
medium_markets,2039.6,86.3339,9.8814,5.0384
medium_markets,2039.7,86.4989,9.7588,4.9548
medium_markets,2039.8,86.6614,9.6386,4.8726
medium_markets,2039.9,86.8212,9.5205,4.7919
medium_markets,2040.0,86.9784,9.4046,4.7127
medium_markets,2040.1,87.1329,9.2908,4.6350
medium_markets,2040.2,87.2849,9.1791,4.5588
medium_markets,2040.3,87.4343,9.0694,4.4842
medium_markets,2040.4,87.5811,8.9616,4.4112
medium_markets,2040.5,87.7254,8.8558,4.3397
medium_markets,2040.6,87.8671,8.7518,4.2699
medium_markets,2040.7,88.0063,8.6497,4.2017
medium_markets,2040.8,88.1431,8.5493,4.1351
medium_markets,2040.9,88.2774,8.4507,4.0702
medium_markets,2041.0,88.4092,8.3538,4.0068
medium_markets,2041.1,88.5387,8.2586,3.9451
medium_markets,2041.2,88.6657,8.1651,3.8849
medium_markets,2041.3,88.7905,8.0731,3.8264
medium_markets,2041.4,88.9129,7.9827,3.7694
medium_markets,2041.5,89.0330,7.8939,3.7140
medium_markets,2041.6,89.1509,7.8065,3.6601
medium_markets,2041.7,89.2666,7.7207,3.6077
medium_markets,2041.8,89.3801,7.6362,3.5569
medium_markets,2041.9,89.4914,7.5532,3.5075
medium_markets,2042.0,89.6007,7.4716,3.4595
medium_markets,2042.1,89.7079,7.3913,3.4130
medium_markets,2042.2,89.8131,7.3124,3.3679
medium_markets,2042.3,89.9163,7.2347,3.3242
medium_markets,2042.4,90.0176,7.1584,3.2817
medium_markets,2042.5,90.1170,7.0832,3.2406
medium_markets,2042.6,90.2145,7.0093,3.2008
medium_markets,2042.7,90.3102,6.9366,3.1622
medium_markets,2042.8,90.4041,6.8651,3.1248
medium_markets,2042.9,90.4963,6.7947,3.0886
medium_markets,2043.0,90.5868,6.7254,3.0535
medium_markets,2043.1,90.6757,6.6572,3.0195
medium_markets,2043.2,90.7629,6.5901,2.9866
medium_markets,2043.3,90.8486,6.5240,2.9548
medium_markets,2043.4,90.9328,6.4590,2.9239
medium_markets,2043.5,91.0155,6.3950,2.8940
medium_markets,2043.6,91.0967,6.3319,2.8651
medium_markets,2043.7,91.1765,6.2698,2.8370
medium_markets,2043.8,91.2550,6.2087,2.8098
medium_markets,2043.9,91.3321,6.1485,2.7835
medium_markets,2044.0,91.4080,6.0892,2.7580
medium_markets,2044.1,91.4826,6.0307,2.7332
medium_markets,2044.2,91.5560,5.9732,2.7092
medium_markets,2044.3,91.6281,5.9164,2.6859
medium_markets,2044.4,91.6992,5.8605,2.6632
medium_markets,2044.5,91.7691,5.8055,2.6413
medium_markets,2044.6,91.8379,5.7512,2.6199
medium_markets,2044.7,91.9057,5.6976,2.5992
medium_markets,2044.8,91.9725,5.6449,2.5790
medium_markets,2044.9,92.0383,5.5928,2.5594
medium_markets,2045.0,92.1031,5.5415,2.5403
medium_markets,2045.1,92.1670,5.4909,2.5217
medium_markets,2045.2,92.2300,5.4410,2.5036
medium_markets,2045.3,92.2921,5.3917,2.4860
medium_markets,2045.4,92.3533,5.3432,2.4688
medium_markets,2045.5,92.4137,5.2952,2.4520
medium_markets,2045.6,92.4733,5.2479,2.4356
medium_markets,2045.7,92.5321,5.2012,2.4196
medium_markets,2045.8,92.5902,5.1551,2.4039
medium_markets,2045.9,92.6475,5.1096,2.3886
medium_markets,2046.0,92.7041,5.0647,2.3737
medium_markets,2046.1,92.7600,5.0204,2.3590
medium_markets,2046.2,92.8152,4.9765,2.3447
medium_markets,2046.3,92.8697,4.9333,2.3306
medium_markets,2046.4,92.9236,4.8905,2.3168
medium_markets,2046.5,92.9768,4.8483,2.3033
medium_markets,2046.6,93.0294,4.8066,2.2901
medium_markets,2046.7,93.0814,4.7654,2.2771
medium_markets,2046.8,93.1329,4.7246,2.2643
medium_markets,2046.9,93.1837,4.6843,2.2518
medium_markets,2047.0,93.2340,4.6445,2.2394
medium_markets,2047.1,93.2837,4.6052,2.2273
medium_markets,2047.2,93.3329,4.5662,2.2154
medium_markets,2047.3,93.3815,4.5277,2.2037
medium_markets,2047.4,93.4296,4.4897,2.1921
medium_markets,2047.5,93.4772,4.4520,2.1808
medium_markets,2047.6,93.5243,4.4148,2.1696
medium_markets,2047.7,93.5710,4.3780,2.1586
medium_markets,2047.8,93.6171,4.3415,2.1477
medium_markets,2047.9,93.6627,4.3055,2.1370
medium_markets,2048.0,93.7079,4.2698,2.1265
medium_markets,2048.1,93.7527,4.2345,2.1161
medium_markets,2048.2,93.7969,4.1995,2.1058
medium_markets,2048.3,93.8408,4.1649,2.0957
medium_markets,2048.4,93.8842,4.1306,2.0858
medium_markets,2048.5,93.9271,4.0967,2.0759
medium_markets,2048.6,93.9697,4.0632,2.0662
medium_markets,2048.7,94.0118,4.0299,2.0567
medium_markets,2048.8,94.0535,3.9970,2.0472
medium_markets,2048.9,94.0948,3.9644,2.0379
medium_markets,2049.0,94.1357,3.9321,2.0287
medium_markets,2049.1,94.1762,3.9001,2.0196
medium_markets,2049.2,94.2164,3.8685,2.0106
medium_markets,2049.3,94.2561,3.8371,2.0019
medium_markets,2049.4,94.2955,3.8060,1.9939
medium_markets,2049.5,94.3345,3.7752,1.9860
medium_markets,2049.6,94.3731,3.7447,1.9781
medium_markets,2049.7,94.4113,3.7145,1.9704
medium_markets,2049.8,94.4492,3.6845,1.9627
medium_markets,2049.9,94.4868,3.6548,1.9551
medium_markets,2050.0,94.5240,3.6254,1.9476
big_markets,2015.0,0.3682,99.5916,0.1232
big_markets,2015.1,0.3943,99.5616,0.1302
big_markets,2015.2,0.4219,99.5297,0.1375
big_markets,2015.3,0.4509,99.4960,0.1451
big_markets,2015.4,0.4815,99.4603,0.1530
big_markets,2015.5,0.5136,99.4226,0.1612
big_markets,2015.6,0.5473,99.3828,0.1698
big_markets,2015.7,0.5827,99.3407,0.1786
big_markets,2015.8,0.6198,99.2964,0.1878
big_markets,2015.9,0.6587,99.2498,0.1973
big_markets,2016.0,0.6993,99.2007,0.2071
big_markets,2016.1,0.7419,99.1490,0.2172
big_markets,2016.2,0.7863,99.0948,0.2277
big_markets,2016.3,0.8327,99.0378,0.2385
big_markets,2016.4,0.8812,98.9781,0.2496
big_markets,2016.5,0.9317,98.9154,0.2610
big_markets,2016.6,0.9843,98.8498,0.2728
big_markets,2016.7,1.0390,98.7810,0.2849
big_markets,2016.8,1.0960,98.7091,0.2973
big_markets,2016.9,1.1553,98.6339,0.3100
big_markets,2017.0,1.2169,98.5553,0.3231
big_markets,2017.1,1.2808,98.4732,0.3365
big_markets,2017.2,1.3473,98.3874,0.3502
big_markets,2017.3,1.4161,98.2980,0.3643
big_markets,2017.4,1.4876,98.2047,0.3787
big_markets,2017.5,1.5616,98.1075,0.3935
big_markets,2017.6,1.6383,98.0062,0.4085
big_markets,2017.7,1.7176,97.9007,0.4240
big_markets,2017.8,1.7998,97.7909,0.4397
big_markets,2017.9,1.8847,97.6766,0.4558
big_markets,2018.0,1.9725,97.5578,0.4723
big_markets,2018.1,2.0633,97.4344,0.5034
big_markets,2018.2,2.1570,97.3061,0.5379
big_markets,2018.3,2.2537,97.1728,0.5744
big_markets,2018.4,2.3536,97.0345,0.6128
big_markets,2018.5,2.4566,96.8910,0.6533
big_markets,2018.6,2.5627,96.7422,0.6959
big_markets,2018.7,2.6722,96.5879,0.7407
big_markets,2018.8,2.7849,96.4279,0.7878
big_markets,2018.9,2.9010,96.2622,0.8373
big_markets,2019.0,3.0206,96.0907,0.8892
big_markets,2019.1,3.1436,95.9131,0.9436
big_markets,2019.2,3.2701,95.7293,1.0007
big_markets,2019.3,3.4003,95.5392,1.0605
big_markets,2019.4,3.5340,95.3427,1.1233
big_markets,2019.5,3.6715,95.1396,1.1889
big_markets,2019.6,3.8127,94.9298,1.2576
big_markets,2019.7,3.9576,94.7131,1.3293
big_markets,2019.8,4.1065,94.4894,1.4041
big_markets,2019.9,4.2592,94.2586,1.4822
big_markets,2020.0,4.4159,94.0204,1.5636
big_markets,2020.1,4.5766,93.7749,1.6485
big_markets,2020.2,4.7413,93.5219,1.7368
big_markets,2020.3,4.9102,93.2611,1.8287
big_markets,2020.4,5.0832,92.9926,1.9242
big_markets,2020.5,5.2604,92.7162,2.0234
big_markets,2020.6,5.4418,92.4317,2.1265
big_markets,2020.7,5.6276,92.1390,2.2334
big_markets,2020.8,5.8176,91.8381,2.3443
big_markets,2020.9,6.0121,91.5287,2.4592
big_markets,2021.0,6.2109,91.2109,2.5782
big_markets,2021.1,6.4143,90.8844,2.7013
big_markets,2021.2,6.6221,90.5493,2.8286
big_markets,2021.3,6.8345,90.2054,2.9601
big_markets,2021.4,7.0515,89.8526,3.0960
big_markets,2021.5,7.2731,89.4908,3.2361
big_markets,2021.6,7.4993,89.1200,3.3806
big_markets,2021.7,7.7303,88.7402,3.5295
big_markets,2021.8,7.9660,88.3512,3.6829
big_markets,2021.9,8.2064,87.9530,3.8406
big_markets,2022.0,8.4516,87.5455,4.0028
big_markets,2022.1,8.7017,87.1289,4.1694
big_markets,2022.2,8.9566,86.7029,4.3405
big_markets,2022.3,9.2163,86.2677,4.5160
big_markets,2022.4,9.4810,85.8231,4.6959
big_markets,2022.5,9.7506,85.3693,4.8802
big_markets,2022.6,10.0251,84.9062,5.0687
big_markets,2022.7,10.3045,84.4339,5.2616
big_markets,2022.8,10.5889,83.9524,5.4586
big_markets,2022.9,10.8784,83.4618,5.6598
big_markets,2023.0,11.1728,82.9622,5.8651
big_markets,2023.1,11.4722,82.4536,6.0743
big_markets,2023.2,11.7766,81.9361,6.2873
big_markets,2023.3,12.0860,81.4099,6.5041
big_markets,2023.4,12.4005,80.8750,6.7245
big_markets,2023.5,12.7200,80.3317,6.9483
big_markets,2023.6,13.0445,79.7800,7.1755
big_markets,2023.7,13.3741,79.2201,7.4058
big_markets,2023.8,13.7086,78.6523,7.6391
big_markets,2023.9,14.0482,78.0767,7.8751
big_markets,2024.0,14.3927,77.4936,8.1137
big_markets,2024.1,14.7422,76.9031,8.3547
big_markets,2024.2,15.0967,76.3056,8.5977
big_markets,2024.3,15.4562,75.7012,8.8427
big_markets,2024.4,15.8205,75.0902,9.0893
big_markets,2024.5,16.1898,74.4730,9.3372
big_markets,2024.6,16.5639,73.8498,9.5862
big_markets,2024.7,16.9429,73.2210,9.8360
big_markets,2024.8,17.3267,72.5869,10.0863
big_markets,2024.9,17.7153,71.9479,10.3368
big_markets,2025.0,18.1087,71.3042,10.5871
big_markets,2025.1,18.5067,70.6563,10.8370
big_markets,2025.2,18.9094,70.0046,11.0860
big_markets,2025.3,19.3167,69.3494,11.3339
big_markets,2025.4,19.7286,68.6911,11.5802
big_markets,2025.5,20.1450,68.0303,11.8247
big_markets,2025.6,20.5659,67.3672,12.0669
big_markets,2025.7,20.9912,66.7023,12.3065
big_markets,2025.8,21.4209,66.0361,12.5431
big_markets,2025.9,21.8548,65.3689,12.7763
big_markets,2026.0,22.2929,64.7014,13.0057
big_markets,2026.1,22.7353,64.0338,13.2310
big_markets,2026.2,23.1817,63.3666,13.4517
big_markets,2026.3,23.6321,62.7004,13.6675
big_markets,2026.4,24.0864,62.0355,13.8780
big_markets,2026.5,24.5447,61.3725,14.0829
big_markets,2026.6,25.0067,60.7116,14.2817
big_markets,2026.7,25.4724,60.0535,14.4741
big_markets,2026.8,25.9417,59.3986,14.6597
big_markets,2026.9,26.4146,58.7472,14.8382
big_markets,2027.0,26.8909,58.0998,15.0093
big_markets,2027.1,27.3705,57.4568,15.1727
big_markets,2027.2,27.8534,56.8186,15.3280
big_markets,2027.3,28.3394,56.1857,15.4749
big_markets,2027.4,28.8285,55.5583,15.6131
big_markets,2027.5,29.3206,54.9369,15.7425
big_markets,2027.6,29.8154,54.3218,15.8628
big_markets,2027.7,30.3130,53.7133,15.9736
big_markets,2027.8,30.8133,53.1118,16.0749
big_markets,2027.9,31.3160,52.5175,16.1665
big_markets,2028.0,31.8212,51.9307,16.2481
big_markets,2028.1,32.3286,51.3517,16.3197
big_markets,2028.2,32.8382,50.7807,16.3811
big_markets,2028.3,33.3499,50.2179,16.4322
big_markets,2028.4,33.8634,49.6635,16.4730
big_markets,2028.5,34.3788,49.1177,16.5035
big_markets,2028.6,34.8958,48.5807,16.5235
big_markets,2028.7,35.4144,48.0524,16.5332
big_markets,2028.8,35.9343,47.5331,16.5325
big_markets,2028.9,36.4556,47.0229,16.5215
big_markets,2029.0,36.9779,46.5217,16.5003
big_markets,2029.1,37.5013,46.0297,16.4690
big_markets,2029.2,38.0255,45.5468,16.4277
big_markets,2029.3,38.5505,45.0730,16.3765
big_markets,2029.4,39.0760,44.6084,16.3156
big_markets,2029.5,39.6019,44.1529,16.2452
big_markets,2029.6,40.1281,43.7063,16.1656
big_markets,2029.7,40.6544,43.2688,16.0768
big_markets,2029.8,41.1807,42.8401,15.9793
big_markets,2029.9,41.7068,42.4201,15.8731
big_markets,2030.0,42.2325,42.0088,15.7587
big_markets,2030.1,42.7578,41.6060,15.6362
big_markets,2030.2,43.2823,41.2117,15.5060
big_markets,2030.3,43.8061,40.8255,15.3684
big_markets,2030.4,44.3288,40.4475,15.2237
big_markets,2030.5,44.8504,40.0774,15.0722
big_markets,2030.6,45.3706,39.7151,14.9143
big_markets,2030.7,45.8893,39.3603,14.7504
big_markets,2030.8,46.4063,39.0131,14.5806
big_markets,2030.9,46.9215,38.6731,14.4055
big_markets,2031.0,47.4346,38.3401,14.2253
big_markets,2031.1,47.9455,38.0142,14.0403
big_markets,2031.2,48.4540,37.6949,13.8511
big_markets,2031.3,48.9599,37.3823,13.6578
big_markets,2031.4,49.4631,37.0761,13.4609
big_markets,2031.5,49.9633,36.7761,13.2607
big_markets,2031.6,50.4603,36.4822,13.0575
big_markets,2031.7,50.9541,36.1942,12.8517
big_markets,2031.8,51.4443,35.9121,12.6436
big_markets,2031.9,51.9309,35.6355,12.4336
big_markets,2032.0,52.4136,35.3644,12.2220
big_markets,2032.1,52.8923,35.0987,12.0091
big_markets,2032.2,53.3667,34.8381,11.7952
big_markets,2032.3,53.8367,34.5826,11.5807
big_markets,2032.4,54.3022,34.3320,11.3658
big_markets,2032.5,54.7629,34.0861,11.1509
big_markets,2032.6,55.2187,33.8449,10.9363
big_markets,2032.7,55.6695,33.6082,10.7223
big_markets,2032.8,56.1150,33.3759,10.5090
big_markets,2032.9,56.5552,33.1479,10.2969
big_markets,2033.0,56.9898,32.9239,10.0863
big_markets,2033.1,57.4189,32.7039,9.8772
big_markets,2033.2,57.8421,32.4878,9.6701
big_markets,2033.3,58.2594,32.2754,9.4651
big_markets,2033.4,58.6708,32.0666,9.2626
big_markets,2033.5,59.0760,31.8613,9.0627
big_markets,2033.6,59.4751,31.6594,8.8656
big_markets,2033.7,59.8678,31.4606,8.6716
big_markets,2033.8,60.2543,31.2649,8.4808
big_markets,2033.9,60.6344,31.0721,8.2935
big_markets,2034.0,61.0080,30.8822,8.1098
big_markets,2034.1,61.3752,30.6950,7.9298
big_markets,2034.2,61.7360,30.5103,7.7537
big_markets,2034.3,62.0903,30.3280,7.5817
big_markets,2034.4,62.4381,30.1481,7.4139
big_markets,2034.5,62.7795,29.9703,7.2502
big_markets,2034.6,63.1144,29.7946,7.0909
big_markets,2034.7,63.4431,29.6209,6.9360
big_markets,2034.8,63.7655,29.4490,6.7856
big_markets,2034.9,64.0817,29.2788,6.6396
big_markets,2035.0,64.3917,29.1103,6.4980
big_markets,2035.1,64.6958,28.9432,6.3610
big_markets,2035.2,64.9939,28.7777,6.2284
big_markets,2035.3,65.2862,28.6134,6.1003
big_markets,2035.4,65.5729,28.4505,5.9766
big_markets,2035.5,65.8541,28.2887,5.8572
big_markets,2035.6,66.1299,28.1281,5.7420
big_markets,2035.7,66.4004,27.9685,5.6310
big_markets,2035.8,66.6659,27.8100,5.5241
big_markets,2035.9,66.9265,27.6524,5.4212
big_markets,2036.0,67.1822,27.4957,5.3221
big_markets,2036.1,67.4334,27.3398,5.2268
big_markets,2036.2,67.6802,27.1848,5.1350
big_markets,2036.3,67.9226,27.0306,5.0468
big_markets,2036.4,68.1610,26.8771,4.9619
big_markets,2036.5,68.3954,26.7244,4.8801
big_markets,2036.6,68.6260,26.5725,4.8015
big_markets,2036.7,68.8530,26.4212,4.7258
big_markets,2036.8,69.0765,26.2706,4.6529
big_markets,2036.9,69.2966,26.1208,4.5826
big_markets,2037.0,69.5136,25.9715,4.5149
big_markets,2037.1,69.7275,25.8230,4.4495
big_markets,2037.2,69.9384,25.6751,4.3864
big_markets,2037.3,70.1466,25.5279,4.3255
big_markets,2037.4,70.3520,25.3814,4.2666
big_markets,2037.5,70.5549,25.2355,4.2096
big_markets,2037.6,70.7553,25.0902,4.1544
big_markets,2037.7,70.9534,24.9457,4.1010
big_markets,2037.8,71.1492,24.8017,4.0491
big_markets,2037.9,71.3428,24.6585,3.9988
big_markets,2038.0,71.5343,24.5158,3.9498
big_markets,2038.1,71.7238,24.3739,3.9023
big_markets,2038.2,71.9115,24.2326,3.8560
big_markets,2038.3,72.0972,24.0919,3.8108
big_markets,2038.4,72.2812,23.9520,3.7669
big_markets,2038.5,72.4634,23.8126,3.7239
big_markets,2038.6,72.6440,23.6740,3.6820
big_markets,2038.7,72.8230,23.5360,3.6410
big_markets,2038.8,73.0005,23.3986,3.6009
big_markets,2038.9,73.1765,23.2619,3.5616
big_markets,2039.0,73.3510,23.1259,3.5231
big_markets,2039.1,73.5242,22.9905,3.4853
big_markets,2039.2,73.6960,22.8558,3.4482
big_markets,2039.3,73.8665,22.7217,3.4118
big_markets,2039.4,74.0357,22.5883,3.3760
big_markets,2039.5,74.2038,22.4555,3.3407
big_markets,2039.6,74.3706,22.3234,3.3059
big_markets,2039.7,74.5363,22.1920,3.2717
big_markets,2039.8,74.7009,22.0612,3.2379
big_markets,2039.9,74.8644,21.9310,3.2046
big_markets,2040.0,75.0268,21.8015,3.1717
big_markets,2040.1,75.1882,21.6727,3.1392
big_markets,2040.2,75.3486,21.5444,3.1070
big_markets,2040.3,75.5080,21.4169,3.0751
big_markets,2040.4,75.6665,21.2899,3.0436
big_markets,2040.5,75.8240,21.1636,3.0124
big_markets,2040.6,75.9807,21.0379,2.9814
big_markets,2040.7,76.1364,20.9129,2.9507
big_markets,2040.8,76.2913,20.7884,2.9203
big_markets,2040.9,76.4453,20.6646,2.8900
big_markets,2041.0,76.5985,20.5415,2.8600
big_markets,2041.1,76.7509,20.4189,2.8302
big_markets,2041.2,76.9024,20.2970,2.8006
big_markets,2041.3,77.0532,20.1756,2.7712
big_markets,2041.4,77.2032,20.0549,2.7419
big_markets,2041.5,77.3524,19.9348,2.7128
big_markets,2041.6,77.5009,19.8153,2.6838
big_markets,2041.7,77.6486,19.6964,2.6550
big_markets,2041.8,77.7955,19.5781,2.6264
big_markets,2041.9,77.9418,19.4604,2.5978
big_markets,2042.0,78.0873,19.3433,2.5695
big_markets,2042.1,78.2321,19.2267,2.5412
big_markets,2042.2,78.3761,19.1108,2.5131
big_markets,2042.3,78.5195,18.9954,2.4851
big_markets,2042.4,78.6622,18.8806,2.4572
big_markets,2042.5,78.8041,18.7664,2.4294
big_markets,2042.6,78.9454,18.6528,2.4018
big_markets,2042.7,79.0860,18.5397,2.3743
big_markets,2042.8,79.2259,18.4272,2.3469
big_markets,2042.9,79.3651,18.3153,2.3196
big_markets,2043.0,79.5036,18.2040,2.2924
big_markets,2043.1,79.6415,18.0931,2.2654
big_markets,2043.2,79.7786,17.9829,2.2385
big_markets,2043.3,79.9151,17.8732,2.2117
big_markets,2043.4,80.0509,17.7640,2.1851
big_markets,2043.5,80.1860,17.6554,2.1585
big_markets,2043.6,80.3205,17.5474,2.1321
big_markets,2043.7,80.4542,17.4399,2.1059
big_markets,2043.8,80.5873,17.3329,2.0798
big_markets,2043.9,80.7198,17.2265,2.0538
big_markets,2044.0,80.8515,17.1206,2.0279
big_markets,2044.1,80.9826,17.0152,2.0022
big_markets,2044.2,81.1130,16.9104,1.9767
big_markets,2044.3,81.2427,16.8060,1.9513
big_markets,2044.4,81.3717,16.7023,1.9260
big_markets,2044.5,81.5001,16.5990,1.9009
big_markets,2044.6,81.6278,16.4962,1.8760
big_markets,2044.7,81.7548,16.3940,1.8512
big_markets,2044.8,81.8811,16.2923,1.8266
big_markets,2044.9,82.0067,16.1911,1.8022
big_markets,2045.0,82.1317,16.0904,1.7779
big_markets,2045.1,82.2560,15.9903,1.7538
big_markets,2045.2,82.3795,15.8906,1.7305
big_markets,2045.3,82.5025,15.7914,1.7144
big_markets,2045.4,82.6247,15.6928,1.6985
big_markets,2045.5,82.7462,15.5946,1.6827
big_markets,2045.6,82.8671,15.4970,1.6671
big_markets,2045.7,82.9873,15.3998,1.6516
big_markets,2045.8,83.1067,15.3032,1.6363
big_markets,2045.9,83.2255,15.2070,1.6212
big_markets,2046.0,83.3437,15.1114,1.6062
big_markets,2046.1,83.4611,15.0162,1.5914
big_markets,2046.2,83.5778,14.9215,1.5768
big_markets,2046.3,83.6939,14.8273,1.5623
big_markets,2046.4,83.8092,14.7336,1.5479
big_markets,2046.5,83.9239,14.6404,1.5338
big_markets,2046.6,84.0379,14.5477,1.5198
big_markets,2046.7,84.1512,14.4555,1.5060
big_markets,2046.8,84.2638,14.3637,1.4923
big_markets,2046.9,84.3757,14.2725,1.4788
big_markets,2047.0,84.4869,14.1817,1.4655
big_markets,2047.1,84.5975,14.0914,1.4523
big_markets,2047.2,84.7073,14.0016,1.4393
big_markets,2047.3,84.8165,13.9123,1.4264
big_markets,2047.4,84.9249,13.8234,1.4137
big_markets,2047.5,85.0327,13.7350,1.4012
big_markets,2047.6,85.1398,13.6471,1.3888
big_markets,2047.7,85.2462,13.5597,1.3766
big_markets,2047.8,85.3519,13.4728,1.3646
big_markets,2047.9,85.4570,13.3863,1.3527
big_markets,2048.0,85.5613,13.3003,1.3409
big_markets,2048.1,85.6650,13.2148,1.3293
big_markets,2048.2,85.7679,13.1297,1.3179
big_markets,2048.3,85.8702,13.0451,1.3067
big_markets,2048.4,85.9718,12.9610,1.2955
big_markets,2048.5,86.0728,12.8774,1.2846
big_markets,2048.6,86.1730,12.7942,1.2738
big_markets,2048.7,86.2726,12.7116,1.2631
big_markets,2048.8,86.3714,12.6293,1.2526
big_markets,2048.9,86.4696,12.5476,1.2422
big_markets,2049.0,86.5672,12.4663,1.2320
big_markets,2049.1,86.6640,12.3855,1.2219
big_markets,2049.2,86.7602,12.3052,1.2120
big_markets,2049.3,86.8557,12.2253,1.2022
big_markets,2049.4,86.9505,12.1459,1.1925
big_markets,2049.5,87.0446,12.0669,1.1830
big_markets,2049.6,87.1381,11.9884,1.1737
big_markets,2049.7,87.2309,11.9104,1.1644
big_markets,2049.8,87.3231,11.8329,1.1553
big_markets,2049.9,87.4145,11.7558,1.1463
big_markets,2050.0,87.5053,11.6792,1.1375
