group,year,bev_share,ice_share,phev_share
world,2015.0,0.3904,99.5309,0.1526
world,2015.1,0.4169,99.4990,0.1608
world,2015.2,0.4447,99.4654,0.1694
world,2015.3,0.4740,99.4298,0.1783
world,2015.4,0.5047,99.3924,0.1876
world,2015.5,0.5370,99.3529,0.1972
world,2015.6,0.5708,99.3114,0.2072
world,2015.7,0.6063,99.2677,0.2175
world,2015.8,0.6433,99.2217,0.2282
world,2015.9,0.6821,99.1735,0.2393
world,2016.0,0.7226,99.1228,0.2508
world,2016.1,0.7650,99.0697,0.2626
world,2016.2,0.8091,99.0140,0.2748
world,2016.3,0.8552,98.9557,0.2874
world,2016.4,0.9032,98.8947,0.3004
world,2016.5,0.9531,98.8309,0.3138
world,2016.6,1.0051,98.7641,0.3275
world,2016.7,1.0592,98.6944,0.3416
world,2016.8,1.1154,98.6216,0.3562
world,2016.9,1.1738,98.5457,0.3711
world,2017.0,1.2345,98.4664,0.3864
world,2017.1,1.2975,98.3829,0.4028
world,2017.2,1.3630,98.2959,0.4196
world,2017.3,1.4308,98.2052,0.4369
world,2017.4,1.5011,98.1107,0.4548
world,2017.5,1.5739,98.0123,0.4732
world,2017.6,1.6492,97.9098,0.4920
world,2017.7,1.7272,97.8032,0.5114
world,2017.8,1.8079,97.6924,0.5312
world,2017.9,1.8912,97.5772,0.5515
world,2018.0,1.9774,97.4576,0.5723
world,2018.1,2.0672,97.3333,0.6015
world,2018.2,2.1593,97.2043,0.6385
world,2018.3,2.2543,97.0705,0.6773
world,2018.4,2.3523,96.9319,0.7180
world,2018.5,2.4533,96.7882,0.7606
world,2018.6,2.5574,96.6394,0.8052
world,2018.7,2.6647,96.4853,0.8519
world,2018.8,2.7752,96.3258,0.9008
world,2018.9,2.8890,96.1609,0.9518
world,2019.0,3.0061,95.9903,1.0051
world,2019.1,3.1266,95.8140,1.0608
world,2019.2,3.2505,95.6318,1.1188
world,2019.3,3.3780,95.4436,1.1794
world,2019.4,3.5090,95.2493,1.2426
world,2019.5,3.6436,95.0488,1.3084
world,2019.6,3.7819,94.8420,1.3769
world,2019.7,3.9239,94.6287,1.4482
world,2019.8,4.0697,94.4087,1.5222
world,2019.9,4.2193,94.1821,1.5991
world,2020.0,4.3728,93.9487,1.6791
world,2020.1,4.5302,93.7082,1.7620
world,2020.2,4.6916,93.4608,1.8480
world,2020.3,4.8571,93.2061,1.9372
world,2020.4,5.0267,92.9442,2.0295
world,2020.5,5.2004,92.6749,2.1251
world,2020.6,5.3784,92.3981,2.2240
world,2020.7,5.5606,92.1136,2.3262
world,2020.8,5.7471,91.8215,2.4318
world,2020.9,5.9379,91.5215,2.5409
world,2021.0,6.1332,91.2137,2.6535
world,2021.1,6.3330,90.8979,2.7696
world,2021.2,6.5373,90.5740,2.8892
world,2021.3,6.7461,90.2419,3.0125
world,2021.4,6.9596,89.9016,3.1393
world,2021.5,7.1777,89.5530,3.2698
world,2021.6,7.4005,89.1961,3.4040
world,2021.7,7.6281,88.8307,3.5418
world,2021.8,7.8606,88.4569,3.6832
world,2021.9,8.0978,88.0745,3.8284
world,2022.0,8.3400,87.6836,3.9772
world,2022.1,8.5871,87.2841,4.1296
world,2022.2,8.8392,86.8759,4.2857
world,2022.3,9.0963,86.4592,4.4453
world,2022.4,9.3585,86.0338,4.6085
world,2022.5,9.6259,85.5997,4.7753
world,2022.6,9.8983,85.1570,4.9455
world,2022.7,10.1760,84.7058,5.1191
world,2022.8,10.4589,84.2459,5.2960
world,2022.9,10.7471,83.7775,5.4762
world,2023.0,11.0406,83.3006,5.6596
world,2023.1,11.3394,82.8153,5.8461
world,2023.2,11.6436,82.3216,6.0355
world,2023.3,11.9532,81.8196,6.2278
world,2023.4,12.2682,81.3094,6.4228
world,2023.5,12.5888,80.7912,6.6204
world,2023.6,12.9148,80.2649,6.8206
world,2023.7,13.2463,79.7308,7.0232
world,2023.8,13.5834,79.1889,7.2279
world,2023.9,13.9261,78.6395,7.4346
world,2024.0,14.2743,78.0827,7.6431
world,2024.1,14.6282,77.5186,7.8533
world,2024.2,14.9878,76.9474,8.0648
world,2024.3,15.3530,76.3694,8.2777
world,2024.4,15.7238,75.7846,8.4916
world,2024.5,16.1004,75.1934,8.7062
world,2024.6,16.4826,74.5959,8.9214
world,2024.7,16.8706,73.9925,9.1369
world,2024.8,17.2643,73.3832,9.3525
world,2024.9,17.6637,72.7684,9.5678
world,2025.0,18.0688,72.1484,9.7827
world,2025.1,18.4797,71.5234,9.9969
world,2025.2,18.8963,70.8938,10.2100
world,2025.3,19.3186,70.2597,10.4218
world,2025.4,19.7465,69.6215,10.6320
world,2025.5,20.1802,68.9795,10.8403
world,2025.6,20.6195,68.3341,11.0464
world,2025.7,21.0644,67.6855,11.2500
world,2025.8,21.5149,67.0342,11.4509
world,2025.9,21.9710,66.3804,11.6486
world,2026.0,22.4325,65.7246,11.8429
world,2026.1,22.8995,65.0670,12.0342
world,2026.2,23.3718,64.4081,12.2221
world,2026.3,23.8493,63.7483,12.4056
world,2026.4,24.3320,63.0879,12.5845
world,2026.5,24.8198,62.4275,12.7583
world,2026.6,25.3125,61.7673,12.9268
world,2026.7,25.8100,61.1078,13.0897
world,2026.8,26.3122,60.4496,13.2468
world,2026.9,26.8187,59.7929,13.3976
world,2027.0,27.3296,59.1384,13.5420
world,2027.1,27.8445,58.4865,13.6797
world,2027.2,28.3631,57.8376,13.8104
world,2027.3,28.8854,57.1923,13.9339
world,2027.4,29.4109,56.5511,14.0499
world,2027.5,29.9395,55.9145,14.1583
world,2027.6,30.4708,55.2829,14.2588
world,2027.7,31.0044,54.6569,14.3514
world,2027.8,31.5401,54.0369,14.4374
world,2027.9,32.0776,53.4236,14.5151
world,2028.0,32.6165,52.8172,14.5842
world,2028.1,33.1564,52.2182,14.6495
world,2028.2,33.6971,51.6271,14.7066
world,2028.3,34.2382,51.0442,14.7551
world,2028.4,34.7795,50.4698,14.7952
world,2028.5,35.3206,49.9041,14.8267
world,2028.6,35.8614,49.3476,14.8498
world,2028.7,36.4015,48.8001,14.8644
world,2028.8,36.9408,48.2620,14.8706
world,2028.9,37.4792,47.7333,14.8685
world,2029.0,38.0165,47.2139,14.8583
world,2029.1,38.5526,46.7038,14.8400
world,2029.2,39.0875,46.2029,14.8138
world,2029.3,39.6211,45.7112,14.7799
world,2029.4,40.1535,45.2285,14.7383
world,2029.5,40.6845,44.7546,14.6893
world,2029.6,41.2143,44.2893,14.6330
world,2029.7,41.7428,43.8326,14.5696
world,2029.8,42.2700,43.3841,14.4992
world,2029.9,42.7959,42.9437,14.4220
world,2030.0,43.3206,42.5114,14.3382
world,2030.1,43.8439,42.0868,14.2479
world,2030.2,44.3658,41.6699,14.1514
world,2030.3,44.8863,41.2607,14.0488
world,2030.4,45.4052,40.8588,13.9404
world,2030.5,45.9225,40.4643,13.8263
world,2030.6,46.4381,40.0770,13.7067
world,2030.7,46.9518,39.6968,13.5833
world,2030.8,47.4635,39.3236,13.4549
world,2030.9,47.9730,38.9573,13.3216
world,2031.0,48.4802,38.5978,13.1838
world,2031.1,48.9850,38.2450,13.0417
world,2031.2,49.4872,37.8988,12.8955
world,2031.3,49.9866,37.5591,12.7454
world,2031.4,50.4831,37.2258,12.5918
world,2031.5,50.9765,36.8988,12.4348
world,2031.6,51.4666,36.5779,12.2747
world,2031.7,51.9534,36.2632,12.1118
world,2031.8,52.4365,35.9544,11.9462
world,2031.9,52.9159,35.6515,11.7784
world,2032.0,53.3914,35.3543,11.6084
world,2032.1,53.8627,35.0629,11.4366
world,2032.2,54.3299,34.7770,11.2632
world,2032.3,54.7926,34.4965,11.0884
world,2032.4,55.2507,34.2214,10.9126
world,2032.5,55.7040,33.9516,10.7359
world,2032.6,56.1524,33.6869,10.5587
world,2032.7,56.5958,33.4272,10.3811
world,2032.8,57.0340,33.1724,10.2034
world,2032.9,57.4667,32.9224,10.0259
world,2033.0,57.8940,32.6770,9.8487
world,2033.1,58.3157,32.4362,9.6723
world,2033.2,58.7315,32.1998,9.4967
world,2033.3,59.1415,31.9677,9.3223
world,2033.4,59.5456,31.7398,9.1492
world,2033.5,59.9435,31.5159,8.9777
world,2033.6,60.3353,31.2958,8.8079
world,2033.7,60.7208,31.0796,8.6402
world,2033.8,61.1000,30.8670,8.4747
world,2033.9,61.4729,30.6578,8.3115
world,2034.0,61.8393,30.4520,8.1509
world,2034.1,62.1994,30.2495,7.9931
world,2034.2,62.5530,30.0500,7.8381
world,2034.3,62.9002,29.8536,7.6861
world,2034.4,63.2409,29.6599,7.5373
world,2034.5,63.5752,29.4690,7.3917
world,2034.6,63.9032,29.2807,7.2495
world,2034.7,64.2249,29.0949,7.1106
world,2034.8,64.5403,28.9114,6.9753
world,2034.9,64.8496,28.7303,6.8435
world,2035.0,65.1528,28.5512,6.7153
world,2035.1,65.4500,28.3743,6.5906
world,2035.2,65.7413,28.1993,6.4695
world,2035.3,66.0268,28.0263,6.3520
world,2035.4,66.3067,27.8550,6.2381
world,2035.5,66.5811,27.6855,6.1277
world,2035.6,66.8502,27.5176,6.0208
world,2035.7,67.1140,27.3513,5.9173
world,2035.8,67.3727,27.1866,5.8171
world,2035.9,67.6265,27.0233,5.7202
world,2036.0,67.8756,26.8615,5.6266
world,2036.1,68.1200,26.7010,5.5360
world,2036.2,68.3599,26.5419,5.4484
world,2036.3,68.5956,26.3840,5.3637
world,2036.4,68.8271,26.2275,5.2819
world,2036.5,69.0546,26.0721,5.2027
world,2036.6,69.2783,25.9180,5.1262
world,2036.7,69.4983,25.7650,5.0521
world,2036.8,69.7147,25.6132,4.9805
world,2036.9,69.9278,25.4625,4.9111
world,2037.0,70.1375,25.3129,4.8439
world,2037.1,70.3441,25.1644,4.7787
world,2037.2,70.5477,25.0170,4.7156
world,2037.3,70.7483,24.8706,4.6543
world,2037.4,70.9462,24.7253,4.5948
world,2037.5,71.1414,24.5811,4.5371
world,2037.6,71.3340,24.4378,4.4809
world,2037.7,71.5242,24.2956,4.4264
world,2037.8,71.7119,24.1543,4.3732
world,2037.9,71.8974,24.0141,4.3215
world,2038.0,72.0806,23.8748,4.2711
world,2038.1,72.2617,23.7365,4.2220
world,2038.2,72.4407,23.5991,4.1741
world,2038.3,72.6178,23.4627,4.1273
world,2038.4,72.7929,23.3272,4.0817
world,2038.5,72.9661,23.1927,4.0370
world,2038.6,73.1376,23.0591,3.9934
world,2038.7,73.3073,22.9264,3.9507
world,2038.8,73.4754,22.7945,3.9089
world,2038.9,73.6418,22.6636,3.8679
world,2039.0,73.8066,22.5336,3.8278
world,2039.1,73.9699,22.4044,3.7884
world,2039.2,74.1318,22.2761,3.7498
world,2039.3,74.2921,22.1486,3.7119
world,2039.4,74.4511,22.0220,3.6747
world,2039.5,74.6087,21.8963,3.6381
world,2039.6,74.7650,21.7713,3.6021
world,2039.7,74.9201,21.6472,3.5666
world,2039.8,75.0739,21.5238,3.5318
world,2039.9,75.2264,21.4013,3.4974
world,2040.0,75.3778,21.2796,3.4636
world,2040.1,75.5281,21.1586,3.4302
world,2040.2,75.6772,21.0385,3.3972
world,2040.3,75.8253,20.9191,3.3647
world,2040.4,75.9723,20.8004,3.3326
world,2040.5,76.1183,20.6825,3.3009
world,2040.6,76.2633,20.5654,3.2695
world,2040.7,76.4073,20.4489,3.2385
world,2040.8,76.5503,20.3332,3.2079
world,2040.9,76.6924,20.2183,3.1775
world,2041.0,76.8336,20.1040,3.1474
world,2041.1,76.9739,19.9904,3.1177
world,2041.2,77.1133,19.8775,3.0882
world,2041.3,77.2519,19.7654,3.0589
world,2041.4,77.3896,19.6539,3.0299
world,2041.5,77.5265,19.5430,3.0012
world,2041.6,77.6626,19.4329,2.9727
world,2041.7,77.7980,19.3233,2.9444
world,2041.8,77.9325,19.2145,2.9163
world,2041.9,78.0663,19.1063,2.8885
world,2042.0,78.1993,18.9987,2.8608
world,2042.1,78.3315,18.8917,2.8333
world,2042.2,78.4631,18.7854,2.8060
world,2042.3,78.5939,18.6797,2.7789
world,2042.4,78.7240,18.5746,2.7520
world,2042.5,78.8533,18.4701,2.7252
world,2042.6,78.9820,18.3662,2.6987
world,2042.7,79.1100,18.2629,2.6722
world,2042.8,79.2373,18.1602,2.6460
world,2042.9,79.3640,18.0580,2.6199
world,2043.0,79.4899,17.9565,2.5940
world,2043.1,79.6153,17.8554,2.5682
world,2043.2,79.7399,17.7550,2.5426
world,2043.3,79.8639,17.6551,2.5172
world,2043.4,79.9872,17.5557,2.4919
world,2043.5,80.1099,17.4569,2.4667
world,2043.6,80.2320,17.3587,2.4418
world,2043.7,80.3534,17.2609,2.4169
world,2043.8,80.4742,17.1637,2.3923
world,2043.9,80.5944,17.0670,2.3677
world,2044.0,80.7139,16.9709,2.3434
world,2044.1,80.8329,16.8752,2.3192
world,2044.2,80.9512,16.7800,2.2951
world,2044.3,81.0689,16.6854,2.2712
world,2044.4,81.1859,16.5912,2.2475
world,2044.5,81.3024,16.4976,2.2239
world,2044.6,81.4182,16.4044,2.2005
world,2044.7,81.5335,16.3117,2.1772
world,2044.8,81.6481,16.2195,2.1541
world,2044.9,81.7622,16.1277,2.1311
world,2045.0,81.8756,16.0364,2.1084
world,2045.1,81.9885,15.9456,2.0857
world,2045.2,82.1007,15.8553,2.0633
world,2045.3,82.2124,15.7654,2.0410
world,2045.4,82.3234,15.6760,2.0188
world,2045.5,82.4339,15.5870,1.9969
world,2045.6,82.5438,15.4984,1.9751
world,2045.7,82.6531,15.4103,1.9535
world,2045.8,82.7618,15.3227,1.9320
world,2045.9,82.8699,15.2355,1.9107
world,2046.0,82.9775,15.1487,1.8896
world,2046.1,83.0844,15.0623,1.8686
world,2046.2,83.1908,14.9764,1.8479
world,2046.3,83.2966,14.8909,1.8272
world,2046.4,83.4018,14.8058,1.8068
world,2046.5,83.5065,14.7211,1.7865
world,2046.6,83.6106,14.6369,1.7665
world,2046.7,83.7141,14.5531,1.7465
world,2046.8,83.8170,14.4696,1.7268
world,2046.9,83.9194,14.3866,1.7072
world,2047.0,84.0211,14.3040,1.6878
world,2047.1,84.1224,14.2218,1.6686
world,2047.2,84.2230,14.1400,1.6496
world,2047.3,84.3231,14.0586,1.6307
world,2047.4,84.4226,13.9776,1.6120
world,2047.5,84.5216,13.8970,1.5935
world,2047.6,84.6200,13.8168,1.5752
world,2047.7,84.7178,13.7370,1.5570
world,2047.8,84.8151,13.6576,1.5390
world,2047.9,84.9118,13.5785,1.5212
world,2048.0,85.0080,13.4999,1.5036
world,2048.1,85.1036,13.4216,1.4861
world,2048.2,85.1987,13.3437,1.4712
world,2048.3,85.2932,13.2662,1.4598
world,2048.4,85.3872,13.1891,1.4486
world,2048.5,85.4806,13.1124,1.4375
world,2048.6,85.5735,13.0360,1.4266
world,2048.7,85.6658,12.9601,1.4158
world,2048.8,85.7576,12.8845,1.4052
world,2048.9,85.8488,12.8092,1.3947
world,2049.0,85.9395,12.7344,1.3843
world,2049.1,86.0296,12.6599,1.3741
world,2049.2,86.1193,12.5858,1.3641
world,2049.3,86.2083,12.5121,1.3542
world,2049.4,86.2969,12.4387,1.3444
world,2049.5,86.3849,12.3657,1.3349
world,2049.6,86.4724,12.2931,1.3254
world,2049.7,86.5593,12.2208,1.3161
world,2049.8,86.6457,12.1489,1.3069
world,2049.9,86.7316,12.0774,1.2978
world,2050.0,86.8170,12.0063,1.2889
western_europe,2015.0,0.3750,99.2758,0.3492
western_europe,2015.1,0.4070,99.2162,0.3768
western_europe,2015.2,0.4411,99.1528,0.4060
western_europe,2015.3,0.4775,99.0856,0.4368
western_europe,2015.4,0.5163,99.0145,0.4693
western_europe,2015.5,0.5574,98.9393,0.5033
western_europe,2015.6,0.6010,98.8600,0.5390
western_europe,2015.7,0.6471,98.7766,0.5763
western_europe,2015.8,0.6958,98.6890,0.6153
western_europe,2015.9,0.7470,98.5970,0.6559
western_europe,2016.0,0.8010,98.5007,0.6983
western_europe,2016.1,0.8577,98.4000,0.7423
western_europe,2016.2,0.9172,98.2948,0.7880
western_europe,2016.3,0.9795,98.1851,0.8354
western_europe,2016.4,1.0447,98.0708,0.8845
western_europe,2016.5,1.1129,97.9519,0.9353
western_europe,2016.6,1.1840,97.8283,0.9878
western_europe,2016.7,1.2581,97.6999,1.0420
western_europe,2016.8,1.3353,97.5668,1.0979
western_europe,2016.9,1.4156,97.4288,1.1555
western_europe,2017.0,1.4991,97.2860,1.2149
western_europe,2017.1,1.5858,97.1370,1.2772
western_europe,2017.2,1.6758,96.9813,1.3429
western_europe,2017.3,1.7692,96.8192,1.4116
western_europe,2017.4,1.8660,96.6507,1.4833
western_europe,2017.5,1.9664,96.4759,1.5578
western_europe,2017.6,2.0703,96.2948,1.6349
western_europe,2017.7,2.1779,96.1075,1.7146
western_europe,2017.8,2.2892,95.9139,1.7969
western_europe,2017.9,2.4043,95.7141,1.8815
western_europe,2018.0,2.5232,95.5082,1.9686
western_europe,2018.1,2.6460,95.2960,2.0580
western_europe,2018.2,2.7727,95.0777,2.1496
western_europe,2018.3,2.9034,94.8531,2.2434
western_europe,2018.4,3.0382,94.6224,2.3394
western_europe,2018.5,3.1770,94.3856,2.4374
western_europe,2018.6,3.3199,94.1426,2.5375
western_europe,2018.7,3.4670,93.8935,2.6395
western_europe,2018.8,3.6183,93.6382,2.7435
western_europe,2018.9,3.7738,93.3769,2.8493
western_europe,2019.0,3.9337,93.1094,2.9569
western_europe,2019.1,4.0978,92.8359,3.0662
western_europe,2019.2,4.2664,92.5563,3.1773
western_europe,2019.3,4.4393,92.2707,3.2900
western_europe,2019.4,4.6167,91.9791,3.4042
western_europe,2019.5,4.7985,91.6815,3.5200
western_europe,2019.6,4.9848,91.3779,3.6372
western_europe,2019.7,5.1757,91.0684,3.7559
western_europe,2019.8,5.3711,90.7530,3.8759
western_europe,2019.9,5.5710,90.4317,3.9973
western_europe,2020.0,5.7756,90.1046,4.1198
western_europe,2020.1,5.9848,89.7716,4.2436
western_europe,2020.2,6.1986,89.4329,4.3685
western_europe,2020.3,6.4171,89.0884,4.4945
western_europe,2020.4,6.6403,88.7383,4.6215
western_europe,2020.5,6.8681,88.3824,4.7494
western_europe,2020.6,7.1007,88.0210,4.8783
western_europe,2020.7,7.3380,87.6540,5.0080
western_europe,2020.8,7.5801,87.2814,5.1385
western_europe,2020.9,7.8268,86.9034,5.2697
western_europe,2021.0,8.0784,86.5200,5.4016
western_europe,2021.1,8.3347,86.1312,5.5342
western_europe,2021.2,8.5957,85.7370,5.6673
western_europe,2021.3,8.8615,85.3376,5.8009
western_europe,2021.4,9.1321,84.9330,5.9349
western_europe,2021.5,9.4074,84.5233,6.0693
western_europe,2021.6,9.6875,84.1084,6.2041
western_europe,2021.7,9.9723,83.6885,6.3392
western_europe,2021.8,10.2619,83.2636,6.4744
western_europe,2021.9,10.5563,82.8339,6.6098
western_europe,2022.0,10.8553,82.3993,6.7454
western_europe,2022.1,11.1591,81.9599,6.8809
western_europe,2022.2,11.4676,81.5159,7.0165
western_europe,2022.3,11.7808,81.0672,7.1520
western_europe,2022.4,12.0986,80.6140,7.2874
western_europe,2022.5,12.4211,80.1563,7.4226
western_europe,2022.6,12.7482,79.6942,7.5576
western_europe,2022.7,13.0800,79.2278,7.6923
western_europe,2022.8,13.4163,78.7571,7.8266
western_europe,2022.9,13.7572,78.2823,7.9606
western_europe,2023.0,14.1026,77.8034,8.0941
western_europe,2023.1,14.4525,77.3205,8.2271
western_europe,2023.2,14.8069,76.8336,8.3595
western_europe,2023.3,15.1657,76.3430,8.4913
western_europe,2023.4,15.5289,75.8486,8.6225
western_europe,2023.5,15.8965,75.3505,8.7530
western_europe,2023.6,16.2684,74.8489,8.8827
western_europe,2023.7,16.6446,74.3439,9.0116
western_europe,2023.8,17.0250,73.8354,9.1396
western_europe,2023.9,17.4096,73.3236,9.2667
western_europe,2024.0,17.7984,72.8087,9.3929
western_europe,2024.1,18.1913,72.2907,9.5180
western_europe,2024.2,18.5882,71.7696,9.6421
western_europe,2024.3,18.9892,71.2457,9.7651
western_europe,2024.4,19.3941,70.7189,9.8870
western_europe,2024.5,19.8029,70.1894,10.0077
western_europe,2024.6,20.2156,69.6573,10.1271
western_europe,2024.7,20.6320,69.1227,10.2452
western_europe,2024.8,21.0522,68.5857,10.3621
western_europe,2024.9,21.4761,68.0464,10.4775
western_europe,2025.0,21.9035,67.5049,10.5916
western_europe,2025.1,22.3346,66.9613,10.7042
western_europe,2025.2,22.7691,66.4156,10.8153
western_europe,2025.3,23.2070,65.8681,10.9249
western_europe,2025.4,23.6483,65.3187,11.0330
western_europe,2025.5,24.0929,64.7677,11.1394
western_europe,2025.6,24.5407,64.2151,11.2442
western_europe,2025.7,24.9916,63.6610,11.3474
western_europe,2025.8,25.4457,63.1055,11.4488
western_europe,2025.9,25.9027,62.5488,11.5485
western_europe,2026.0,26.3627,61.9909,11.6465
western_europe,2026.1,26.8255,61.4319,11.7426
western_europe,2026.2,27.2911,60.8720,11.8369
western_europe,2026.3,27.7595,60.3112,11.9293
western_europe,2026.4,28.2305,59.7496,12.0199
western_europe,2026.5,28.7040,59.1875,12.1085
western_europe,2026.6,29.1800,58.6248,12.1952
western_europe,2026.7,29.6584,58.0616,12.2799
western_europe,2026.8,30.1392,57.4982,12.3626
western_europe,2026.9,30.6222,56.9345,12.4433
western_europe,2027.0,31.1073,56.3707,12.5220
western_europe,2027.1,31.5945,55.8069,12.5986
western_europe,2027.2,32.0838,55.2432,12.6731
western_europe,2027.3,32.5749,54.6796,12.7455
western_europe,2027.4,33.0679,54.1164,12.8157
western_europe,2027.5,33.5626,53.5535,12.8838
western_europe,2027.6,34.0590,52.9912,12.9498
western_europe,2027.7,34.5570,52.4294,13.0136
western_europe,2027.8,35.0565,51.8684,13.0751
western_europe,2027.9,35.5573,51.3081,13.1345
western_europe,2028.0,36.0596,50.7488,13.1917
western_europe,2028.1,36.5630,50.1904,13.2466
western_europe,2028.2,37.0677,49.6331,13.2992
western_europe,2028.3,37.5734,49.0770,13.3496
western_europe,2028.4,38.0801,48.5222,13.3977
western_europe,2028.5,38.5877,47.9687,13.4436
western_europe,2028.6,39.0962,47.4167,13.4871
western_europe,2028.7,39.6054,46.8662,13.5284
western_europe,2028.8,40.1152,46.3174,13.5673
western_europe,2028.9,40.6257,45.7704,13.6040
western_europe,2029.0,41.1366,45.2251,13.6383
western_europe,2029.1,41.6479,44.6817,13.6703
western_europe,2029.2,42.1596,44.1404,13.7000
western_europe,2029.3,42.6715,43.6011,13.7274
western_europe,2029.4,43.1836,43.0639,13.7524
western_europe,2029.5,43.6958,42.5290,13.7752
western_europe,2029.6,44.2080,41.9964,13.7956
western_europe,2029.7,44.7201,41.4663,13.8136
western_europe,2029.8,45.2321,40.9385,13.8294
western_europe,2029.9,45.7438,40.4134,13.8428
western_europe,2030.0,46.2552,39.8908,13.8540
western_europe,2030.1,46.7663,39.3709,13.8628
western_europe,2030.2,47.2768,38.8538,13.8693
western_europe,2030.3,47.7869,38.3396,13.8735
western_europe,2030.4,48.2963,37.8282,13.8755
western_europe,2030.5,48.8051,37.3198,13.8751
western_europe,2030.6,49.3131,36.8144,13.8725
western_europe,2030.7,49.8202,36.3121,13.8786
western_europe,2030.8,50.3265,35.8130,13.8822
western_europe,2030.9,50.8318,35.3171,13.8832
western_europe,2031.0,51.3360,34.8244,13.8818
western_europe,2031.1,51.8391,34.3351,13.8778
western_europe,2031.2,52.3411,33.8492,13.8713
western_europe,2031.3,52.8418,33.3667,13.8623
western_europe,2031.4,53.3412,32.8876,13.8508
western_europe,2031.5,53.8392,32.4121,13.8369
western_europe,2031.6,54.3358,31.9402,13.8205
western_europe,2031.7,54.8309,31.4719,13.8017
western_europe,2031.8,55.3245,31.0073,13.7805
western_europe,2031.9,55.8164,30.5464,13.7569
western_europe,2032.0,56.3066,30.0892,13.7309
western_europe,2032.1,56.7951,29.6359,13.7026
western_europe,2032.2,57.2817,29.1863,13.6719
western_europe,2032.3,57.7665,28.7406,13.6389
western_europe,2032.4,58.2495,28.2989,13.6036
western_europe,2032.5,58.7304,27.8610,13.5660
western_europe,2032.6,59.2093,27.4271,13.5262
western_europe,2032.7,59.6862,26.9972,13.4842
western_europe,2032.8,60.1609,26.5713,13.4400
western_europe,2032.9,60.6335,26.1494,13.3937
western_europe,2033.0,61.1038,25.7316,13.3452
western_europe,2033.1,61.5719,25.3179,13.2947
western_europe,2033.2,62.0376,24.9082,13.2420
western_europe,2033.3,62.5010,24.5027,13.1874
western_europe,2033.4,62.9620,24.1014,13.1307
western_europe,2033.5,63.4205,23.7041,13.0721
western_europe,2033.6,63.8766,23.3111,13.0116
western_europe,2033.7,64.3301,22.9222,12.9491
western_europe,2033.8,64.7810,22.5375,12.8848
western_europe,2033.9,65.2293,22.1570,12.8187
western_europe,2034.0,65.6750,21.7807,12.7508
western_europe,2034.1,66.1180,21.4087,12.6811
western_europe,2034.2,66.5582,21.0408,12.6097
western_europe,2034.3,66.9957,20.6771,12.5367
western_europe,2034.4,67.4304,20.3177,12.4620
western_europe,2034.5,67.8623,19.9625,12.3857
western_europe,2034.6,68.2913,19.6115,12.3079
western_europe,2034.7,68.7174,19.2647,12.2285
western_europe,2034.8,69.1406,18.9221,12.1477
western_europe,2034.9,69.5608,18.5838,12.0655
western_europe,2035.0,69.9781,18.2496,11.9818
western_europe,2035.1,70.3923,17.9197,11.8969
western_europe,2035.2,70.8035,17.5939,11.8106
western_europe,2035.3,71.2117,17.2723,11.7230
western_europe,2035.4,71.6168,16.9548,11.6342
western_europe,2035.5,72.0188,16.6415,11.5443
western_europe,2035.6,72.4176,16.3324,11.4532
western_europe,2035.7,72.8133,16.0273,11.3610
western_europe,2035.8,73.2058,15.7264,11.2677
western_europe,2035.9,73.5952,15.4296,11.1735
western_europe,2036.0,73.9813,15.1368,11.0782
western_europe,2036.1,74.3642,14.8481,10.9821
western_europe,2036.2,74.7439,14.5634,10.8850
western_europe,2036.3,75.1203,14.2828,10.7871
western_europe,2036.4,75.4934,14.0061,10.6884
western_europe,2036.5,75.8632,13.7334,10.5890
western_europe,2036.6,76.2298,13.4647,10.4888
western_europe,2036.7,76.5930,13.1999,10.3880
western_europe,2036.8,76.9529,12.9390,10.2865
western_europe,2036.9,77.3095,12.6819,10.1844
western_europe,2037.0,77.6627,12.4288,10.0818
western_europe,2037.1,78.0125,12.1794,9.9787
western_europe,2037.2,78.3590,11.9339,9.8750
western_europe,2037.3,78.7021,11.6921,9.7710
western_europe,2037.4,79.0419,11.4541,9.6666
western_europe,2037.5,79.3782,11.2198,9.5618
western_europe,2037.6,79.7112,10.9892,9.4567
western_europe,2037.7,80.0408,10.7622,9.3513
western_europe,2037.8,80.3669,10.5388,9.2456
western_europe,2037.9,80.6897,10.3191,9.1398
western_europe,2038.0,81.0091,10.1029,9.0338
western_europe,2038.1,81.3250,9.8903,8.9277
western_europe,2038.2,81.6376,9.6811,8.8215
western_europe,2038.3,81.9467,9.4755,8.7152
western_europe,2038.4,82.2525,9.2732,8.6089
western_europe,2038.5,82.5548,9.0744,8.5026
western_europe,2038.6,82.8537,8.8789,8.3963
western_europe,2038.7,83.1493,8.6868,8.2902
western_europe,2038.8,83.4414,8.4980,8.1841
western_europe,2038.9,83.7302,8.3124,8.0782
western_europe,2039.0,84.0155,8.1301,7.9724
western_europe,2039.1,84.2975,7.9509,7.8669
western_europe,2039.2,84.5761,7.7750,7.7616
western_europe,2039.3,84.8514,7.6022,7.6565
western_europe,2039.4,85.1233,7.4324,7.5518
western_europe,2039.5,85.3918,7.2657,7.4474
western_europe,2039.6,85.6570,7.1021,7.3433
western_europe,2039.7,85.9189,6.9414,7.2396
western_europe,2039.8,86.1774,6.7837,7.1363
western_europe,2039.9,86.4327,6.6289,7.0335
western_europe,2040.0,86.6846,6.4770,6.9311
western_europe,2040.1,86.9332,6.3280,6.8291
western_europe,2040.2,87.1786,6.1817,6.7277
western_europe,2040.3,87.4207,6.0382,6.6268
western_europe,2040.4,87.6596,5.8975,6.5264
western_europe,2040.5,87.8952,5.7594,6.4266
western_europe,2040.6,88.1276,5.6241,6.3274
western_europe,2040.7,88.3569,5.4913,6.2288
western_europe,2040.8,88.5829,5.3612,6.1308
western_europe,2040.9,88.8057,5.2336,6.0335
western_europe,2041.0,89.0254,5.1086,5.9368
western_europe,2041.1,89.2420,4.9860,5.8408
western_europe,2041.2,89.4554,4.8659,5.7456
western_europe,2041.3,89.6658,4.7482,5.6510
western_europe,2041.4,89.8730,4.6329,5.5572
western_europe,2041.5,90.0772,4.5200,5.4642
western_europe,2041.6,90.2784,4.4093,5.3719
western_europe,2041.7,90.4765,4.3010,5.2803
western_europe,2041.8,90.6716,4.1949,5.1896
western_europe,2041.9,90.8638,4.0910,5.0997
western_europe,2042.0,91.0530,3.9892,5.0106
western_europe,2042.1,91.2392,3.8897,4.9224
western_europe,2042.2,91.4226,3.7922,4.8350
western_europe,2042.3,91.6030,3.6968,4.7484
western_europe,2042.4,91.7806,3.6035,4.6627
western_europe,2042.5,91.9553,3.5121,4.5779
western_europe,2042.6,92.1272,3.4228,4.4940
western_europe,2042.7,92.2963,3.3353,4.4109
western_europe,2042.8,92.4626,3.2498,4.3288
western_europe,2042.9,92.6262,3.1662,4.2475
western_europe,2043.0,92.7871,3.0844,4.1672
western_europe,2043.1,92.9452,3.0045,4.0878
western_europe,2043.2,93.1007,2.9263,4.0093
western_europe,2043.3,93.2535,2.8499,3.9317
western_europe,2043.4,93.4037,2.7752,3.8551
western_europe,2043.5,93.5513,2.7022,3.7794
western_europe,2043.6,93.6963,2.6309,3.7047
western_europe,2043.7,93.8387,2.5612,3.6309
western_europe,2043.8,93.9787,2.4931,3.5580
western_europe,2043.9,94.1161,2.4266,3.4861
western_europe,2044.0,94.2511,2.3616,3.4152
western_europe,2044.1,94.3836,2.2981,3.3452
western_europe,2044.2,94.5138,2.2362,3.2761
western_europe,2044.3,94.6415,2.1757,3.2080
western_europe,2044.4,94.7669,2.1166,3.1409
western_europe,2044.5,94.8899,2.0589,3.0747
western_europe,2044.6,95.0107,2.0026,3.0095
western_europe,2044.7,95.1291,1.9477,2.9452
western_europe,2044.8,95.2453,1.8941,2.8818
western_europe,2044.9,95.3593,1.8417,2.8194
western_europe,2045.0,95.4711,1.7907,2.7580
western_europe,2045.1,95.5807,1.7409,2.6975
western_europe,2045.2,95.6882,1.6923,2.6379
western_europe,2045.3,95.7936,1.6450,2.5793
western_europe,2045.4,95.8969,1.5988,2.5216
western_europe,2045.5,95.9981,1.5537,2.4648
western_europe,2045.6,96.0973,1.5098,2.4089
western_europe,2045.7,96.1945,1.4670,2.3540
western_europe,2045.8,96.2897,1.4252,2.3000
western_europe,2045.9,96.3830,1.3845,2.2468
western_europe,2046.0,96.4744,1.3449,2.1946
western_europe,2046.1,96.5638,1.3063,2.1433
western_europe,2046.2,96.6514,1.2686,2.0929
western_europe,2046.3,96.7372,1.2319,2.0433
western_europe,2046.4,96.8212,1.1962,1.9947
western_europe,2046.5,96.9033,1.1614,1.9469
western_europe,2046.6,96.9837,1.1275,1.8999
western_europe,2046.7,97.0624,1.0945,1.8538
western_europe,2046.8,97.1394,1.0624,1.8086
western_europe,2046.9,97.2147,1.0311,1.7642
western_europe,2047.0,97.2884,1.0006,1.7206
western_europe,2047.1,97.3604,0.9709,1.6779
western_europe,2047.2,97.4309,0.9421,1.6360
western_europe,2047.3,97.4997,0.9140,1.5949
western_europe,2047.4,97.5671,0.8867,1.5546
western_europe,2047.5,97.6329,0.8601,1.5151
western_europe,2047.6,97.6972,0.8342,1.4763
western_europe,2047.7,97.7600,0.8090,1.4384
western_europe,2047.8,97.8214,0.7846,1.4012
western_europe,2047.9,97.8814,0.7607,1.3647
western_europe,2048.0,97.9400,0.7376,1.3291
western_europe,2048.1,97.9972,0.7151,1.2941
western_europe,2048.2,98.0531,0.6932,1.2599
western_europe,2048.3,98.1076,0.6719,1.2264
western_europe,2048.4,98.1608,0.6512,1.1936
western_europe,2048.5,98.2128,0.6311,1.1615
western_europe,2048.6,98.2636,0.6116,1.1301
western_europe,2048.7,98.3131,0.5926,1.0994
western_europe,2048.8,98.3613,0.5741,1.0694
western_europe,2048.9,98.4085,0.5562,1.0400
western_europe,2049.0,98.4544,0.5388,1.0113
western_europe,2049.1,98.4992,0.5219,0.9832
western_europe,2049.2,98.5429,0.5055,0.9558
western_europe,2049.3,98.5855,0.4895,0.9290
western_europe,2049.4,98.6271,0.4740,0.9028
western_europe,2049.5,98.6676,0.4590,0.8772
western_europe,2049.6,98.7070,0.4444,0.8522
western_europe,2049.7,98.7455,0.4302,0.8278
western_europe,2049.8,98.7829,0.4164,0.8039
western_europe,2049.9,98.8194,0.4031,0.7806
western_europe,2050.0,98.8550,0.3901,0.7579
northern_europe,2015.0,2.6484,94.8850,2.4665
northern_europe,2015.1,2.7739,94.6564,2.5697
northern_europe,2015.2,2.9040,94.4197,2.6763
northern_europe,2015.3,3.0388,94.1747,2.7865
northern_europe,2015.4,3.1784,93.9213,2.9003
northern_europe,2015.5,3.3231,93.6592,3.0177
northern_europe,2015.6,3.4728,93.3883,3.1389
northern_europe,2015.7,3.6278,93.1084,3.2639
northern_europe,2015.8,3.7881,92.8192,3.3927
northern_europe,2015.9,3.9539,92.5207,3.5254
northern_europe,2016.0,4.1253,92.2126,3.6621
northern_europe,2016.1,4.3025,91.8948,3.8027
northern_europe,2016.2,4.4855,91.5671,3.9474
northern_europe,2016.3,4.6745,91.2293,4.0961
northern_europe,2016.4,4.8697,90.8813,4.2489
northern_europe,2016.5,5.0712,90.5230,4.4058
northern_europe,2016.6,5.2791,90.1541,4.5668
northern_europe,2016.7,5.4935,89.7746,4.7319
northern_europe,2016.8,5.7146,89.3843,4.9010
northern_europe,2016.9,5.9426,88.9831,5.0743
northern_europe,2017.0,6.1775,88.5709,5.2516
northern_europe,2017.1,6.4311,88.0877,5.4812
northern_europe,2017.2,6.6926,87.6100,5.6974
northern_europe,2017.3,6.9619,87.1260,5.9121
northern_europe,2017.4,7.2388,86.6337,6.1275
northern_europe,2017.5,7.5235,86.1322,6.3443
northern_europe,2017.6,7.8161,85.6209,6.5630
northern_europe,2017.7,8.1167,85.0994,6.7839
northern_europe,2017.8,8.4255,84.5675,7.0070
northern_europe,2017.9,8.7425,84.0249,7.2326
northern_europe,2018.0,9.0680,83.4715,7.4605
northern_europe,2018.1,9.4020,82.9071,7.6909
northern_europe,2018.2,9.7447,82.3317,7.9235
northern_europe,2018.3,10.0963,81.7453,8.1585
northern_europe,2018.4,10.4568,81.1476,8.3956
northern_europe,2018.5,10.8265,80.5388,8.6347
northern_europe,2018.6,11.2054,79.9188,8.8758
northern_europe,2018.7,11.5938,79.2876,9.1186
northern_europe,2018.8,11.9917,78.6453,9.3630
northern_europe,2018.9,12.3993,77.9918,9.6089
northern_europe,2019.0,12.8168,77.3273,9.8560
northern_europe,2019.1,13.2442,76.6517,10.1041
northern_europe,2019.2,13.6818,75.9652,10.3530
northern_europe,2019.3,14.1296,75.2679,10.6024
northern_europe,2019.4,14.5879,74.5599,10.8522
northern_europe,2019.5,15.0567,73.8413,11.1020
northern_europe,2019.6,15.5363,73.1121,11.3516
northern_europe,2019.7,16.0266,72.3727,11.6007
northern_europe,2019.8,16.5279,71.6231,11.8490
northern_europe,2019.9,17.0403,70.8635,12.0962
northern_europe,2020.0,17.5639,70.0941,12.3421
northern_europe,2020.1,18.0988,69.3150,12.5862
northern_europe,2020.2,18.6452,68.5266,12.8282
northern_europe,2020.3,19.2032,67.7290,13.0678
northern_europe,2020.4,19.7729,66.9224,13.3047
northern_europe,2020.5,20.3543,66.1071,13.5385
northern_europe,2020.6,20.9477,65.2834,13.7689
northern_europe,2020.7,21.5531,64.4515,13.9955
northern_europe,2020.8,22.1705,63.6117,14.2178
northern_europe,2020.9,22.8001,62.7642,14.4356
northern_europe,2021.0,23.4420,61.9095,14.6485
northern_europe,2021.1,24.0961,61.0477,14.8561
northern_europe,2021.2,24.7627,60.1793,15.0580
northern_europe,2021.3,25.4416,59.3045,15.2539
northern_europe,2021.4,26.1329,58.4237,15.4434
northern_europe,2021.5,26.8367,57.5372,15.6260
northern_europe,2021.6,27.5530,56.6455,15.8016
northern_europe,2021.7,28.2816,55.7488,15.9696
northern_europe,2021.8,29.0227,54.8475,16.1297
northern_europe,2021.9,29.7762,53.9421,16.2817
northern_europe,2022.0,30.5420,53.0328,16.4252
northern_europe,2022.1,31.3200,52.1202,16.5598
northern_europe,2022.2,32.1101,51.2047,16.6852
northern_europe,2022.3,32.9122,50.2865,16.8012
northern_europe,2022.4,33.7262,49.3663,16.9075
northern_europe,2022.5,34.5518,48.4443,17.0039
northern_europe,2022.6,35.3889,47.5210,17.0901
northern_europe,2022.7,36.2372,46.5970,17.1658
northern_europe,2022.8,37.0965,45.6725,17.2310
northern_europe,2022.9,37.9664,44.7481,17.2855
northern_europe,2023.0,38.8467,43.8242,17.3291
northern_europe,2023.1,39.7370,42.9013,17.3617
northern_europe,2023.2,40.6369,41.9799,17.3832
northern_europe,2023.3,41.5460,41.0603,17.3936
northern_europe,2023.4,42.4639,40.1432,17.3930
northern_europe,2023.5,43.3899,39.2289,17.3812
northern_europe,2023.6,44.3237,38.3179,17.3584
northern_europe,2023.7,45.2646,37.4107,17.3247
northern_europe,2023.8,46.2121,36.5078,17.2801
northern_europe,2023.9,47.1654,35.6097,17.2249
northern_europe,2024.0,48.1240,34.7168,17.1592
northern_europe,2024.1,49.0871,33.8296,17.0833
northern_europe,2024.2,50.0540,32.9485,16.9974
northern_europe,2024.3,51.0240,32.0741,16.9019
northern_europe,2024.4,51.9961,31.2068,16.7971
northern_europe,2024.5,52.9697,30.3471,16.6832
northern_europe,2024.6,53.9438,29.4954,16.5608
northern_europe,2024.7,54.9176,28.6521,16.4302
northern_europe,2024.8,55.8903,27.8178,16.2920
northern_europe,2024.9,56.8608,26.9928,16.1465
northern_europe,2025.0,57.8282,26.1776,15.9942
northern_europe,2025.1,58.7918,25.3726,15.8357
northern_europe,2025.2,59.7505,24.5781,15.6714
northern_europe,2025.3,60.7033,23.7947,15.5020
northern_europe,2025.4,61.6495,23.0226,15.3278
northern_europe,2025.5,62.5881,22.2623,15.1496
northern_europe,2025.6,63.5182,21.5141,14.9677
northern_europe,2025.7,64.4389,20.7784,14.7827
northern_europe,2025.8,65.3494,20.0554,14.5952
northern_europe,2025.9,66.2489,19.3455,14.4056
northern_europe,2026.0,67.1366,18.6490,14.2144
northern_europe,2026.1,68.0117,17.9662,14.0750
northern_europe,2026.2,68.8737,17.2972,13.9957
northern_europe,2026.3,69.7218,16.6424,13.9105
northern_europe,2026.4,70.5555,16.0020,13.8193
northern_europe,2026.5,71.3742,15.3761,13.7220
northern_europe,2026.6,72.1774,14.7650,13.6187
northern_europe,2026.7,72.9648,14.1687,13.5094
northern_europe,2026.8,73.7361,13.5875,13.3941
northern_europe,2026.9,74.4908,13.0214,13.2729
northern_europe,2027.0,75.2289,12.4706,13.1458
northern_europe,2027.1,75.9501,11.9350,13.0128
northern_europe,2027.2,76.6544,11.4148,12.8741
northern_europe,2027.3,77.3417,10.9099,12.7298
northern_europe,2027.4,78.0121,10.4203,12.5799
northern_europe,2027.5,78.6657,9.9461,12.4246
northern_europe,2027.6,79.3026,9.4871,12.2639
northern_europe,2027.7,79.9230,9.0433,12.0981
northern_europe,2027.8,80.5272,8.6146,11.9273
northern_europe,2027.9,81.1155,8.2009,11.7517
northern_europe,2028.0,81.6881,7.8020,11.5714
northern_europe,2028.1,82.2454,7.4179,11.3867
northern_europe,2028.2,82.7879,7.0482,11.1977
northern_europe,2028.3,83.3159,6.6929,11.0047
northern_europe,2028.4,83.8298,6.3516,10.8079
northern_europe,2028.5,84.3302,6.0243,10.6076
northern_europe,2028.6,84.8173,5.7106,10.4039
northern_europe,2028.7,85.2917,5.4103,10.1972
northern_europe,2028.8,85.7538,5.1230,9.9877
northern_europe,2028.9,86.2040,4.8486,9.7757
northern_europe,2029.0,86.6427,4.5867,9.5615
northern_europe,2029.1,87.0703,4.3370,9.3454
northern_europe,2029.2,87.4872,4.0991,9.1276
northern_europe,2029.3,87.8938,3.8728,8.9084
northern_europe,2029.4,88.2904,3.6578,8.6882
northern_europe,2029.5,88.6773,3.4536,8.4672
northern_europe,2029.6,89.0548,3.2599,8.2457
northern_europe,2029.7,89.4232,3.0764,8.0241
northern_europe,2029.8,89.7827,2.9027,7.8025
northern_europe,2029.9,90.1335,2.7385,7.5814
northern_europe,2030.0,90.4758,2.5834,7.3610
northern_europe,2030.1,90.8097,2.4371,7.1415
northern_europe,2030.2,91.1356,2.2991,6.9233
northern_europe,2030.3,91.4534,2.1692,6.7066
northern_europe,2030.4,91.7633,2.0471,6.4917
northern_europe,2030.5,92.0653,1.9322,6.2789
northern_europe,2030.6,92.3597,1.8244,6.0683
northern_europe,2030.7,92.6464,1.7233,5.8602
northern_europe,2030.8,92.9256,1.6285,5.6549
northern_europe,2030.9,93.1972,1.5398,5.4525
northern_europe,2031.0,93.4614,1.4568,5.2533
northern_europe,2031.1,93.7182,1.3792,5.0575
northern_europe,2031.2,93.9676,1.3068,4.8651
northern_europe,2031.3,94.2098,1.2392,4.6765
northern_europe,2031.4,94.4448,1.1762,4.4917
northern_europe,2031.5,94.6725,1.1175,4.3109
northern_europe,2031.6,94.8932,1.0628,4.1342
northern_europe,2031.7,95.1068,1.0120,3.9617
northern_europe,2031.8,95.3134,0.9647,3.7936
northern_europe,2031.9,95.5131,0.9208,3.6298
northern_europe,2032.0,95.7060,0.8799,3.4706
northern_europe,2032.1,95.8921,0.8420,3.3159
northern_europe,2032.2,96.0716,0.8068,3.1658
northern_europe,2032.3,96.2445,0.7742,3.0203
northern_europe,2032.4,96.4109,0.7439,2.8795
northern_europe,2032.5,96.5710,0.7158,2.7434
northern_europe,2032.6,96.7248,0.6898,2.6119
northern_europe,2032.7,96.8725,0.6656,2.4851
northern_europe,2032.8,97.0142,0.6432,2.3629
northern_europe,2032.9,97.1500,0.6224,2.2453
northern_europe,2033.0,97.2800,0.6031,2.1323
northern_europe,2033.1,97.4044,0.5851,2.0238
northern_europe,2033.2,97.5233,0.5685,1.9198
northern_europe,2033.3,97.6369,0.5530,1.8201
northern_europe,2033.4,97.7453,0.5386,1.7248
northern_europe,2033.5,97.8486,0.5252,1.6337
northern_europe,2033.6,97.9470,0.5127,1.5468
northern_europe,2033.7,98.0406,0.5010,1.4639
northern_europe,2033.8,98.1296,0.4901,1.3850
northern_europe,2033.9,98.2142,0.4799,1.3099
northern_europe,2034.0,98.2944,0.4704,1.2386
northern_europe,2034.1,98.3705,0.4615,1.1709
northern_europe,2034.2,98.4426,0.4531,1.1068
northern_europe,2034.3,98.5109,0.4452,1.0461
northern_europe,2034.4,98.5754,0.4377,0.9887
northern_europe,2034.5,98.6363,0.4307,0.9344
northern_europe,2034.6,98.6939,0.4241,0.8833
northern_europe,2034.7,98.7482,0.4178,0.8351
northern_europe,2034.8,98.7994,0.4119,0.7897
northern_europe,2034.9,98.8475,0.4062,0.7470
northern_europe,2035.0,98.8929,0.4008,0.7069
northern_europe,2035.1,98.9355,0.3957,0.6693
northern_europe,2035.2,98.9756,0.3907,0.6341
northern_europe,2035.3,99.0132,0.3860,0.6011
northern_europe,2035.4,99.0485,0.3815,0.5703
northern_europe,2035.5,99.0816,0.3772,0.5415
northern_europe,2035.6,99.1126,0.3730,0.5146
northern_europe,2035.7,99.1416,0.3690,0.4895
northern_europe,2035.8,99.1688,0.3651,0.4662
northern_europe,2035.9,99.1942,0.3614,0.4445
northern_europe,2036.0,99.2180,0.3578,0.4243
northern_europe,2036.1,99.2403,0.3542,0.4056
northern_europe,2036.2,99.2611,0.3508,0.3882
northern_europe,2036.3,99.2805,0.3475,0.3721
northern_europe,2036.4,99.2987,0.3443,0.3571
northern_europe,2036.5,99.3156,0.3411,0.3433
northern_europe,2036.6,99.3315,0.3380,0.3305
northern_europe,2036.7,99.3463,0.3350,0.3187
northern_europe,2036.8,99.3602,0.3321,0.3077
northern_europe,2036.9,99.3732,0.3292,0.2976
northern_europe,2037.0,99.3853,0.3264,0.2883
northern_europe,2037.1,99.3967,0.3236,0.2797
northern_europe,2037.2,99.4074,0.3209,0.2717
northern_europe,2037.3,99.4174,0.3182,0.2644
northern_europe,2037.4,99.4268,0.3156,0.2576
northern_europe,2037.5,99.4356,0.3130,0.2513
northern_europe,2037.6,99.4440,0.3105,0.2455
northern_europe,2037.7,99.4518,0.3080,0.2402
northern_europe,2037.8,99.4592,0.3056,0.2352
northern_europe,2037.9,99.4663,0.3031,0.2306
northern_europe,2038.0,99.4729,0.3007,0.2263
northern_europe,2038.1,99.4792,0.2984,0.2224
northern_europe,2038.2,99.4852,0.2960,0.2187
northern_europe,2038.3,99.4910,0.2937,0.2153
northern_europe,2038.4,99.4964,0.2915,0.2121
northern_europe,2038.5,99.5017,0.2892,0.2091
northern_europe,2038.6,99.5067,0.2870,0.2063
northern_europe,2038.7,99.5116,0.2848,0.2036
northern_europe,2038.8,99.5162,0.2826,0.2011
northern_europe,2038.9,99.5207,0.2805,0.1988
northern_europe,2039.0,99.5251,0.2784,0.1966
northern_europe,2039.1,99.5293,0.2763,0.1944
northern_europe,2039.2,99.5334,0.2742,0.1924
northern_europe,2039.3,99.5374,0.2721,0.1905
northern_europe,2039.4,99.5413,0.2701,0.1886
northern_europe,2039.5,99.5451,0.2681,0.1869
northern_europe,2039.6,99.5488,0.2661,0.1852
northern_europe,2039.7,99.5524,0.2641,0.1835
northern_europe,2039.8,99.5560,0.2621,0.1819
northern_europe,2039.9,99.5595,0.2602,0.1803
northern_europe,2040.0,99.5629,0.2582,0.1788
northern_europe,2040.1,99.5663,0.2563,0.1773
northern_europe,2040.2,99.5697,0.2544,0.1759
northern_europe,2040.3,99.5730,0.2526,0.1745
northern_europe,2040.4,99.5762,0.2507,0.1731
northern_europe,2040.5,99.5794,0.2489,0.1717
northern_europe,2040.6,99.5826,0.2470,0.1704
northern_europe,2040.7,99.5857,0.2452,0.1691
northern_europe,2040.8,99.5888,0.2434,0.1678
northern_europe,2040.9,99.5919,0.2416,0.1665
northern_europe,2041.0,99.5949,0.2399,0.1652
northern_europe,2041.1,99.5980,0.2381,0.1639
northern_europe,2041.2,99.6009,0.2364,0.1627
northern_europe,2041.3,99.6039,0.2346,0.1615
northern_europe,2041.4,99.6068,0.2329,0.1602
northern_europe,2041.5,99.6097,0.2312,0.1590
northern_europe,2041.6,99.6126,0.2295,0.1578
northern_europe,2041.7,99.6155,0.2279,0.1566
northern_europe,2041.8,99.6183,0.2262,0.1555
northern_europe,2041.9,99.6211,0.2246,0.1543
northern_europe,2042.0,99.6239,0.2229,0.1531
northern_europe,2042.1,99.6267,0.2213,0.1520
northern_europe,2042.2,99.6295,0.2197,0.1508
northern_europe,2042.3,99.6322,0.2181,0.1497
northern_europe,2042.4,99.6349,0.2166,0.1485
northern_europe,2042.5,99.6376,0.2150,0.1474
northern_europe,2042.6,99.6403,0.2134,0.1463
northern_europe,2042.7,99.6429,0.2119,0.1452
northern_europe,2042.8,99.6456,0.2104,0.1441
northern_europe,2042.9,99.6482,0.2089,0.1430
northern_europe,2043.0,99.6508,0.2074,0.1419
northern_europe,2043.1,99.6533,0.2059,0.1408
northern_europe,2043.2,99.6559,0.2044,0.1397
northern_europe,2043.3,99.6584,0.2029,0.1386
northern_europe,2043.4,99.6610,0.2015,0.1376
northern_europe,2043.5,99.6635,0.2000,0.1365
northern_europe,2043.6,99.6659,0.1986,0.1355
northern_europe,2043.7,99.6684,0.1972,0.1344
northern_europe,2043.8,99.6709,0.1958,0.1334
northern_europe,2043.9,99.6733,0.1944,0.1324
northern_europe,2044.0,99.6757,0.1930,0.1313
northern_europe,2044.1,99.6781,0.1916,0.1303
northern_europe,2044.2,99.6805,0.1902,0.1293
northern_europe,2044.3,99.6828,0.1889,0.1283
northern_europe,2044.4,99.6852,0.1875,0.1273
northern_europe,2044.5,99.6875,0.1862,0.1263
northern_europe,2044.6,99.6898,0.1849,0.1253
northern_europe,2044.7,99.6921,0.1836,0.1243
northern_europe,2044.8,99.6944,0.1823,0.1234
northern_europe,2044.9,99.6966,0.1810,0.1224
northern_europe,2045.0,99.6989,0.1797,0.1214
northern_europe,2045.1,99.7011,0.1784,0.1205
northern_europe,2045.2,99.7033,0.1772,0.1195
northern_europe,2045.3,99.7055,0.1759,0.1186
northern_europe,2045.4,99.7077,0.1747,0.1176
northern_europe,2045.5,99.7099,0.1734,0.1167
northern_europe,2045.6,99.7120,0.1722,0.1158
northern_europe,2045.7,99.7142,0.1710,0.1149
northern_europe,2045.8,99.7163,0.1698,0.1139
northern_europe,2045.9,99.7184,0.1686,0.1130
northern_europe,2046.0,99.7205,0.1674,0.1121
northern_europe,2046.1,99.7225,0.1662,0.1112
northern_europe,2046.2,99.7246,0.1651,0.1104
northern_europe,2046.3,99.7266,0.1639,0.1095
northern_europe,2046.4,99.7287,0.1627,0.1086
northern_europe,2046.5,99.7307,0.1616,0.1077
northern_europe,2046.6,99.7327,0.1605,0.1069
northern_europe,2046.7,99.7347,0.1593,0.1060
northern_europe,2046.8,99.7366,0.1582,0.1051
northern_europe,2046.9,99.7386,0.1571,0.1043
northern_europe,2047.0,99.7405,0.1560,0.1034
northern_europe,2047.1,99.7425,0.1549,0.1026
northern_europe,2047.2,99.7444,0.1539,0.1018
northern_europe,2047.3,99.7463,0.1528,0.1010
northern_europe,2047.4,99.7481,0.1517,0.1001
northern_europe,2047.5,99.7500,0.1507,0.0993
northern_europe,2047.6,99.7519,0.1496,0.0985
northern_europe,2047.7,99.7537,0.1486,0.0977
northern_europe,2047.8,99.7556,0.1475,0.0969
northern_europe,2047.9,99.7574,0.1465,0.0961
northern_europe,2048.0,99.7592,0.1455,0.0953
northern_europe,2048.1,99.7610,0.1445,0.0945
northern_europe,2048.2,99.7627,0.1435,0.0938
northern_europe,2048.3,99.7645,0.1425,0.0930
northern_europe,2048.4,99.7663,0.1415,0.0922
northern_europe,2048.5,99.7680,0.1405,0.0915
northern_europe,2048.6,99.7697,0.1396,0.0907
northern_europe,2048.7,99.7714,0.1386,0.0900
northern_europe,2048.8,99.7731,0.1376,0.0892
northern_europe,2048.9,99.7748,0.1367,0.0885
northern_europe,2049.0,99.7765,0.1357,0.0877
northern_europe,2049.1,99.7782,0.1348,0.0870
northern_europe,2049.2,99.7798,0.1339,0.0863
northern_europe,2049.3,99.7815,0.1330,0.0856
northern_europe,2049.4,99.7831,0.1320,0.0849
northern_europe,2049.5,99.7847,0.1311,0.0841
northern_europe,2049.6,99.7863,0.1302,0.0834
northern_europe,2049.7,99.7879,0.1293,0.0827
northern_europe,2049.8,99.7895,0.1284,0.0821
northern_europe,2049.9,99.7911,0.1276,0.0814
northern_europe,2050.0,99.7926,0.1267,0.0807
southern_europe,2015.0,0.0479,99.8883,0.0637
southern_europe,2015.1,0.0541,99.8740,0.0719
southern_europe,2015.2,0.0610,99.8582,0.0808
southern_europe,2015.3,0.0685,99.8408,0.0907
southern_europe,2015.4,0.0768,99.8218,0.1014
southern_europe,2015.5,0.0858,99.8011,0.1130
southern_europe,2015.6,0.0957,99.7787,0.1256
southern_europe,2015.7,0.1063,99.7545,0.1392
southern_europe,2015.8,0.1177,99.7285,0.1538
southern_europe,2015.9,0.1300,99.7006,0.1694
southern_europe,2016.0,0.1432,99.6707,0.1861
southern_europe,2016.1,0.1573,99.6388,0.2038
southern_europe,2016.2,0.1723,99.6049,0.2227
southern_europe,2016.3,0.1883,99.5690,0.2427
southern_europe,2016.4,0.2053,99.5308,0.2638
southern_europe,2016.5,0.2233,99.4905,0.2861
southern_europe,2016.6,0.2423,99.4480,0.3097
southern_europe,2016.7,0.2624,99.4032,0.3344
southern_europe,2016.8,0.2835,99.3561,0.3604
southern_europe,2016.9,0.3058,99.3066,0.3876
southern_europe,2017.0,0.3292,99.2547,0.4161
southern_europe,2017.1,0.3537,99.2003,0.4459
southern_europe,2017.2,0.3794,99.1435,0.4771
southern_europe,2017.3,0.4063,99.0841,0.5096
southern_europe,2017.4,0.4345,99.0221,0.5434
southern_europe,2017.5,0.4638,98.9575,0.5787
southern_europe,2017.6,0.4944,98.8903,0.6153
southern_europe,2017.7,0.5264,98.8203,0.6533
southern_europe,2017.8,0.5596,98.7476,0.6928
southern_europe,2017.9,0.5941,98.6721,0.7338
southern_europe,2018.0,0.6300,98.5938,0.7762
southern_europe,2018.1,0.6673,98.5126,0.8201
southern_europe,2018.2,0.7060,98.4285,0.8655
southern_europe,2018.3,0.7461,98.3415,0.9124
southern_europe,2018.4,0.7876,98.2515,0.9609
southern_europe,2018.5,0.8306,98.1585,1.0109
southern_europe,2018.6,0.8750,98.0625,1.0625
southern_europe,2018.7,0.9210,97.9633,1.1157
southern_europe,2018.8,0.9685,97.8611,1.1704
southern_europe,2018.9,1.0175,97.7557,1.2268
southern_europe,2019.0,1.0681,97.6471,1.2847
southern_europe,2019.1,1.1203,97.5353,1.3443
southern_europe,2019.2,1.1741,97.4202,1.4056
southern_europe,2019.3,1.2296,97.3018,1.4686
southern_europe,2019.4,1.2867,97.1801,1.5332
southern_europe,2019.5,1.3455,97.0549,1.5996
southern_europe,2019.6,1.4060,96.9264,1.6676
southern_europe,2019.7,1.4682,96.7944,1.7374
southern_europe,2019.8,1.5322,96.6590,1.8088
southern_europe,2019.9,1.5979,96.5201,1.8820
southern_europe,2020.0,1.6654,96.3777,1.9569
southern_europe,2020.1,1.7348,96.2317,2.0335
southern_europe,2020.2,1.8059,96.0822,2.1119
southern_europe,2020.3,1.8788,95.9291,2.1920
southern_europe,2020.4,1.9537,95.7725,2.2739
southern_europe,2020.5,2.0304,95.6122,2.3575
southern_europe,2020.6,2.1089,95.4482,2.4428
southern_europe,2020.7,2.1894,95.2806,2.5300
southern_europe,2020.8,2.2718,95.1094,2.6188
southern_europe,2020.9,2.3562,94.9344,2.7094
southern_europe,2021.0,2.4425,94.7557,2.8018
southern_europe,2021.1,2.5307,94.5733,2.8960
southern_europe,2021.2,2.6210,94.3872,2.9918
southern_europe,2021.3,2.7133,94.1973,3.0895
southern_europe,2021.4,2.8076,94.0036,3.1889
southern_europe,2021.5,2.9039,93.8061,3.2900
southern_europe,2021.6,3.0022,93.6049,3.3929
southern_europe,2021.7,3.1027,93.3999,3.4975
southern_europe,2021.8,3.2052,93.1910,3.6038
southern_europe,2021.9,3.3098,92.9784,3.7118
southern_europe,2022.0,3.4165,92.7619,3.8216
southern_europe,2022.1,3.5254,92.5416,3.9331
southern_europe,2022.2,3.6363,92.3174,4.0462
southern_europe,2022.3,3.7494,92.0895,4.1611
southern_europe,2022.4,3.8647,91.8577,4.2776
southern_europe,2022.5,3.9821,91.6220,4.3958
southern_europe,2022.6,4.1018,91.3826,4.5157
southern_europe,2022.7,4.2236,91.1393,4.6372
southern_europe,2022.8,4.3476,90.8921,4.7603
southern_europe,2022.9,4.4738,90.6412,4.8850
southern_europe,2023.0,4.6023,90.3864,5.0113
southern_europe,2023.1,4.7330,90.1278,5.1392
southern_europe,2023.2,4.8659,89.8654,5.2687
southern_europe,2023.3,5.0011,89.5992,5.3997
southern_europe,2023.4,5.1386,89.3292,5.5322
southern_europe,2023.5,5.2783,89.0555,5.6662
southern_europe,2023.6,5.4203,88.7780,5.8017
southern_europe,2023.7,5.5646,88.4967,5.9387
southern_europe,2023.8,5.7111,88.2117,6.0771
southern_europe,2023.9,5.8600,87.9230,6.2170
southern_europe,2024.0,6.0112,87.6306,6.3582
southern_europe,2024.1,6.1647,87.3346,6.5008
southern_europe,2024.2,6.3205,87.0348,6.6447
southern_europe,2024.3,6.4786,86.7314,6.7900
southern_europe,2024.4,6.6390,86.4245,6.9365
southern_europe,2024.5,6.8018,86.1139,7.0843
southern_europe,2024.6,6.9669,85.7998,7.2333
southern_europe,2024.7,7.1343,85.4821,7.3836
southern_europe,2024.8,7.3041,85.1609,7.5350
southern_europe,2024.9,7.4762,84.8363,7.6875
southern_europe,2025.0,7.6506,84.5082,7.8412
southern_europe,2025.1,7.8274,84.1767,7.9959
southern_europe,2025.2,8.0065,83.8418,8.1517
southern_europe,2025.3,8.1880,83.5035,8.3085
southern_europe,2025.4,8.3718,83.1620,8.4662
southern_europe,2025.5,8.5579,82.8171,8.6249
southern_europe,2025.6,8.7464,82.4691,8.7845
southern_europe,2025.7,8.9372,82.1178,8.9450
southern_europe,2025.8,9.1303,81.7634,9.1063
southern_europe,2025.9,9.3258,81.4058,9.2684
southern_europe,2026.0,9.5236,81.0452,9.4312
southern_europe,2026.1,9.7237,80.6816,9.5947
southern_europe,2026.2,9.9261,80.3149,9.7590
southern_europe,2026.3,10.1308,79.9454,9.9238
southern_europe,2026.4,10.3378,79.5729,10.0892
southern_europe,2026.5,10.5471,79.1976,10.2552
southern_europe,2026.6,10.7587,78.8195,10.4217
southern_europe,2026.7,10.9726,78.4387,10.5887
southern_europe,2026.8,11.1887,78.0552,10.7561
southern_europe,2026.9,11.4071,77.6690,10.9238
southern_europe,2027.0,11.6278,77.2803,11.0919
southern_europe,2027.1,11.8507,76.8890,11.2603
southern_europe,2027.2,12.0758,76.4953,11.4289
southern_europe,2027.3,12.3032,76.0991,11.5978
southern_europe,2027.4,12.5327,75.7005,11.7667
southern_europe,2027.5,12.7644,75.2997,11.9358
southern_europe,2027.6,12.9984,74.8966,12.1050
southern_europe,2027.7,13.2345,74.4913,12.2742
southern_europe,2027.8,13.4727,74.0839,12.4434
southern_europe,2027.9,13.7131,73.6745,12.6125
southern_europe,2028.0,13.9556,73.2630,12.7814
southern_europe,2028.1,14.2002,72.8496,12.9502
southern_europe,2028.2,14.4469,72.4343,13.1188
southern_europe,2028.3,14.6957,72.0172,13.2872
southern_europe,2028.4,14.9465,71.5983,13.4552
southern_europe,2028.5,15.1994,71.1777,13.6229
southern_europe,2028.6,15.4543,70.7555,13.7902
southern_europe,2028.7,15.7112,70.3318,13.9570
southern_europe,2028.8,15.9701,69.9065,14.1234
southern_europe,2028.9,16.2309,69.4799,14.2892
southern_europe,2029.0,16.4937,69.0518,14.4545
southern_europe,2029.1,16.7584,68.6225,14.6191
southern_europe,2029.2,17.0250,68.1920,14.7830
southern_europe,2029.3,17.2935,67.7602,14.9463
southern_europe,2029.4,17.5638,67.3274,15.1088
southern_europe,2029.5,17.8360,66.8936,15.2704
southern_europe,2029.6,18.1100,66.4588,15.4312
southern_europe,2029.7,18.3857,66.0231,15.5912
southern_europe,2029.8,18.6632,65.5866,15.7502
southern_europe,2029.9,18.9425,65.1493,15.9082
southern_europe,2030.0,19.2235,64.7114,16.0652
southern_europe,2030.1,19.5061,64.2728,16.2211
southern_europe,2030.2,19.7904,63.8336,16.3759
southern_europe,2030.3,20.0764,63.3940,16.5296
southern_europe,2030.4,20.3640,62.9540,16.6821
southern_europe,2030.5,20.6531,62.5136,16.8333
southern_europe,2030.6,20.9438,62.0729,16.9833
southern_europe,2030.7,21.2360,61.6320,17.1320
southern_europe,2030.8,21.5297,61.1909,17.2794
southern_europe,2030.9,21.8249,60.7498,17.4253
southern_europe,2031.0,22.1215,60.3086,17.5699
southern_europe,2031.1,22.4196,59.8674,17.7130
southern_europe,2031.2,22.7190,59.4264,17.8546
southern_europe,2031.3,23.0198,58.9855,17.9947
southern_europe,2031.4,23.3219,58.5449,18.1332
southern_europe,2031.5,23.6253,58.1046,18.2701
southern_europe,2031.6,23.9300,57.6646,18.4055
southern_europe,2031.7,24.2359,57.2250,18.5391
southern_europe,2031.8,24.5430,56.7859,18.6711
southern_europe,2031.9,24.8513,56.3474,18.8014
southern_europe,2032.0,25.1607,55.9094,18.9299
southern_europe,2032.1,25.4712,55.4721,19.0567
southern_europe,2032.2,25.7829,55.0355,19.1816
southern_europe,2032.3,26.0955,54.5997,19.3047
southern_europe,2032.4,26.4092,54.1647,19.4260
southern_europe,2032.5,26.7239,53.7306,19.5454
southern_europe,2032.6,27.0396,53.2975,19.6630
southern_europe,2032.7,27.3561,52.8653,19.7785
southern_europe,2032.8,27.6736,52.4342,19.8922
southern_europe,2032.9,27.9919,52.0042,20.0039
southern_europe,2033.0,28.3111,51.5753,20.1136
southern_europe,2033.1,28.6311,51.1477,20.2213
southern_europe,2033.2,28.9518,50.7212,20.3270
southern_europe,2033.3,29.2733,50.2961,20.4306
southern_europe,2033.4,29.5955,49.8723,20.5322
southern_europe,2033.5,29.9183,49.4500,20.6317
southern_europe,2033.6,30.2419,49.0290,20.7291
southern_europe,2033.7,30.5660,48.6096,20.8244
southern_europe,2033.8,30.8907,48.1916,20.9176
southern_europe,2033.9,31.2160,47.7753,21.0087
southern_europe,2034.0,31.5418,47.3605,21.0977
southern_europe,2034.1,31.8681,46.9474,21.1845
southern_europe,2034.2,32.1948,46.5360,21.2691
southern_europe,2034.3,32.5220,46.1264,21.3516
southern_europe,2034.4,32.8496,45.7185,21.4319
southern_europe,2034.5,33.1776,45.3124,21.5100
southern_europe,2034.6,33.5059,44.9081,21.5860
southern_europe,2034.7,33.8346,44.5057,21.6597
southern_europe,2034.8,34.1635,44.1052,21.7312
southern_europe,2034.9,34.4927,43.7067,21.8006
southern_europe,2035.0,34.8221,43.3102,21.8677
southern_europe,2035.1,35.1517,42.9156,21.9327
southern_europe,2035.2,35.4815,42.5231,21.9954
southern_europe,2035.3,35.8115,42.1326,22.0559
southern_europe,2035.4,36.1415,41.7443,22.1142
southern_europe,2035.5,36.4717,41.3580,22.1703
southern_europe,2035.6,36.8019,40.9739,22.2242
southern_europe,2035.7,37.1322,40.5919,22.2759
southern_europe,2035.8,37.4625,40.2122,22.3254
southern_europe,2035.9,37.7927,39.8346,22.3726
southern_europe,2036.0,38.1229,39.4593,22.4177
southern_europe,2036.1,38.4531,39.0863,22.4606
southern_europe,2036.2,38.7832,38.7155,22.5013
southern_europe,2036.3,39.1132,38.3470,22.5399
southern_europe,2036.4,39.4430,37.9808,22.5762
southern_europe,2036.5,39.7726,37.6170,22.6104
southern_europe,2036.6,40.1021,37.2555,22.6424
southern_europe,2036.7,40.4314,36.8963,22.6723
southern_europe,2036.8,40.7605,36.5395,22.7000
southern_europe,2036.9,41.0892,36.1852,22.7256
southern_europe,2037.0,41.4178,35.8332,22.7491
southern_europe,2037.1,41.7460,35.4836,22.7704
southern_europe,2037.2,42.0739,35.1364,22.7897
southern_europe,2037.3,42.4015,34.7917,22.8068
southern_europe,2037.4,42.7287,34.4494,22.8219
southern_europe,2037.5,43.0555,34.1096,22.8349
southern_europe,2037.6,43.3819,33.7722,22.8459
southern_europe,2037.7,43.7079,33.4373,22.8548
southern_europe,2037.8,44.0335,33.1049,22.8617
southern_europe,2037.9,44.3586,32.7749,22.8665
southern_europe,2038.0,44.6832,32.4474,22.8694
southern_europe,2038.1,45.0073,32.1225,22.8702
southern_europe,2038.2,45.3309,31.7999,22.8691
southern_europe,2038.3,45.6540,31.4799,22.8661
southern_europe,2038.4,45.9765,31.1624,22.8611
southern_europe,2038.5,46.2985,30.8474,22.8542
southern_europe,2038.6,46.6198,30.5349,22.8453
southern_europe,2038.7,46.9406,30.2248,22.8346
southern_europe,2038.8,47.2607,29.9173,22.8220
southern_europe,2038.9,47.5802,29.6122,22.8075
southern_europe,2039.0,47.8991,29.3097,22.7912
southern_europe,2039.1,48.2173,29.0096,22.7731
southern_europe,2039.2,48.5348,28.7120,22.7532
southern_europe,2039.3,48.8516,28.4169,22.7315
southern_europe,2039.4,49.1677,28.1243,22.7080
southern_europe,2039.5,49.4830,27.8342,22.6828
southern_europe,2039.6,49.7977,27.5465,22.6559
southern_europe,2039.7,50.1115,27.2613,22.6272
southern_europe,2039.8,50.4246,26.9785,22.5969
southern_europe,2039.9,50.7369,26.6982,22.5649
southern_europe,2040.0,51.0484,26.4203,22.5312
southern_europe,2040.1,51.3591,26.1449,22.4960
southern_europe,2040.2,51.6690,25.8719,22.4591
southern_europe,2040.3,51.9780,25.6013,22.4207
southern_europe,2040.4,52.2862,25.3331,22.3806
southern_europe,2040.5,52.5935,25.0674,22.3391
southern_europe,2040.6,52.9000,24.8040,22.2960
southern_europe,2040.7,53.2055,24.5430,22.2515
southern_europe,2040.8,53.5102,24.2843,22.2055
southern_europe,2040.9,53.8139,24.0281,22.1580
southern_europe,2041.0,54.1168,23.7741,22.1091
southern_europe,2041.1,54.4186,23.5226,22.0588
southern_europe,2041.2,54.7196,23.2733,22.0071
southern_europe,2041.3,55.0196,23.0263,21.9541
southern_europe,2041.4,55.3186,22.7817,21.8997
southern_europe,2041.5,55.6166,22.5393,21.8441
southern_europe,2041.6,55.9137,22.2992,21.7871
southern_europe,2041.7,56.2097,22.0614,21.7289
southern_europe,2041.8,56.5047,21.8258,21.6695
southern_europe,2041.9,56.7987,21.5924,21.6088
southern_europe,2042.0,57.0917,21.3613,21.5470
southern_europe,2042.1,57.3837,21.1323,21.4840
southern_europe,2042.2,57.6746,20.9056,21.4199
southern_europe,2042.3,57.9644,20.6810,21.3546
southern_europe,2042.4,58.2531,20.4586,21.2883
southern_europe,2042.5,58.5408,20.2383,21.2209
southern_europe,2042.6,58.8274,20.0202,21.1524
southern_europe,2042.7,59.1129,19.8041,21.0830
southern_europe,2042.8,59.3973,19.5902,21.0125
southern_europe,2042.9,59.6805,19.3784,20.9411
southern_europe,2043.0,59.9627,19.1686,20.8688
southern_europe,2043.1,60.2437,18.9608,20.7955
southern_europe,2043.2,60.5235,18.7551,20.7214
southern_europe,2043.3,60.8022,18.5514,20.6464
southern_europe,2043.4,61.0798,18.3497,20.5705
southern_europe,2043.5,61.3562,18.1500,20.4938
southern_europe,2043.6,61.6314,17.9523,20.4164
southern_europe,2043.7,61.9054,17.7565,20.3382
southern_europe,2043.8,62.1782,17.5626,20.2592
southern_europe,2043.9,62.4498,17.3706,20.1795
southern_europe,2044.0,62.7203,17.1806,20.0991
southern_europe,2044.1,62.9895,16.9924,20.0181
southern_europe,2044.2,63.2575,16.8061,19.9364
southern_europe,2044.3,63.5242,16.6217,19.8541
southern_europe,2044.4,63.7898,16.4390,19.7712
southern_europe,2044.5,64.0541,16.2582,19.6877
southern_europe,2044.6,64.3171,16.0792,19.6037
southern_europe,2044.7,64.5789,15.9020,19.5191
southern_europe,2044.8,64.8394,15.7265,19.4341
southern_europe,2044.9,65.0987,15.5528,19.3485
southern_europe,2045.0,65.3567,15.3808,19.2626
southern_europe,2045.1,65.6134,15.2105,19.1761
southern_europe,2045.2,65.8688,15.0419,19.0893
southern_europe,2045.3,66.1230,14.8750,19.0020
southern_europe,2045.4,66.3758,14.7097,18.9144
southern_europe,2045.5,66.6274,14.5461,18.8265
southern_europe,2045.6,66.8776,14.3841,18.7382
southern_europe,2045.7,67.1266,14.2238,18.6496
southern_europe,2045.8,67.3742,14.0650,18.5608
southern_europe,2045.9,67.6205,13.9078,18.4716
southern_europe,2046.0,67.8655,13.7522,18.3822
southern_europe,2046.1,68.1092,13.5981,18.2926
southern_europe,2046.2,68.3515,13.4456,18.2028
southern_europe,2046.3,68.5926,13.2946,18.1128
southern_europe,2046.4,68.8322,13.1451,18.0227
southern_europe,2046.5,69.0706,12.9970,17.9324
southern_europe,2046.6,69.3076,12.8505,17.8419
southern_europe,2046.7,69.5432,12.7054,17.7514
southern_europe,2046.8,69.7775,12.5617,17.6607
southern_europe,2046.9,70.0105,12.4195,17.5700
southern_europe,2047.0,70.2421,12.2787,17.4792
southern_europe,2047.1,70.4724,12.1392,17.3884
southern_europe,2047.2,70.7013,12.0012,17.2975
southern_europe,2047.3,70.9288,11.8645,17.2066
southern_europe,2047.4,71.1550,11.7292,17.1158
southern_europe,2047.5,71.3799,11.5952,17.0249
southern_europe,2047.6,71.6034,11.4626,16.9341
southern_europe,2047.7,71.8255,11.3312,16.8433
southern_europe,2047.8,72.0462,11.2012,16.7526
southern_europe,2047.9,72.2656,11.0724,16.6620
southern_europe,2048.0,72.4837,10.9449,16.5714
southern_europe,2048.1,72.7004,10.8187,16.4809
southern_europe,2048.2,72.9157,10.6937,16.3906
southern_europe,2048.3,73.1296,10.5700,16.3004
southern_europe,2048.4,73.3423,10.4474,16.2103
southern_europe,2048.5,73.5535,10.3261,16.1204
southern_europe,2048.6,73.7634,10.2060,16.0306
southern_europe,2048.7,73.9719,10.0871,15.9410
southern_europe,2048.8,74.1791,9.9693,15.8516
southern_europe,2048.9,74.3849,9.8527,15.7623
southern_europe,2049.0,74.5894,9.7373,15.6733
southern_europe,2049.1,74.7925,9.6230,15.5845
southern_europe,2049.2,74.9943,9.5098,15.4959
southern_europe,2049.3,75.1948,9.3977,15.4075
southern_europe,2049.4,75.3939,9.2868,15.3194
southern_europe,2049.5,75.5916,9.1769,15.2315
southern_europe,2049.6,75.7880,9.0681,15.1438
southern_europe,2049.7,75.9831,8.9604,15.0564
southern_europe,2049.8,76.1769,8.8538,14.9693
southern_europe,2049.9,76.3693,8.7482,14.8825
southern_europe,2050.0,76.5604,8.6437,14.7959
eastern_europe,2015.0,0.0569,99.9171,0.0273
eastern_europe,2015.1,0.0614,99.9104,0.0297
eastern_europe,2015.2,0.0661,99.9034,0.0323
eastern_europe,2015.3,0.0712,99.8959,0.0350
eastern_europe,2015.4,0.0765,99.8879,0.0379
eastern_europe,2015.5,0.0822,99.8795,0.0410
eastern_europe,2015.6,0.0882,99.8705,0.0442
eastern_europe,2015.7,0.0945,99.8610,0.0476
eastern_europe,2015.8,0.1012,99.8510,0.0513
eastern_europe,2015.9,0.1082,99.8404,0.0551
eastern_europe,2016.0,0.1157,99.8292,0.0592
eastern_europe,2016.1,0.1235,99.8174,0.0634
eastern_europe,2016.2,0.1318,99.8050,0.0679
eastern_europe,2016.3,0.1406,99.7920,0.0727
eastern_europe,2016.4,0.1498,99.7782,0.0777
eastern_europe,2016.5,0.1596,99.7638,0.0829
eastern_europe,2016.6,0.1699,99.7486,0.0884
eastern_europe,2016.7,0.1806,99.7326,0.0942
eastern_europe,2016.8,0.1920,99.7159,0.1002
eastern_europe,2016.9,0.2038,99.6983,0.1066
eastern_europe,2017.0,0.2163,99.6799,0.1132
eastern_europe,2017.1,0.2296,99.6602,0.1203
eastern_europe,2017.2,0.2439,99.6391,0.1280
eastern_europe,2017.3,0.2590,99.6166,0.1362
eastern_europe,2017.4,0.2749,99.5929,0.1448
eastern_europe,2017.5,0.2917,99.5678,0.1540
eastern_europe,2017.6,0.3093,99.5414,0.1636
eastern_europe,2017.7,0.3278,99.5136,0.1737
eastern_europe,2017.8,0.3471,99.4844,0.1844
eastern_europe,2017.9,0.3673,99.4538,0.1955
eastern_europe,2018.0,0.3885,99.4217,0.2072
eastern_europe,2018.1,0.4442,99.3830,0.2194
eastern_europe,2018.2,0.4751,99.3432,0.2322
eastern_europe,2018.3,0.5045,99.3019,0.2455
eastern_europe,2018.4,0.5337,99.2591,0.2594
eastern_europe,2018.5,0.5631,99.2148,0.2739
eastern_europe,2018.6,0.5931,99.1689,0.2889
eastern_europe,2018.7,0.6238,99.1212,0.3046
eastern_europe,2018.8,0.6552,99.0719,0.3209
eastern_europe,2018.9,0.6875,99.0208,0.3378
eastern_europe,2019.0,0.7207,98.9679,0.3554
eastern_europe,2019.1,0.7548,98.9131,0.3737
eastern_europe,2019.2,0.7899,98.8564,0.3926
eastern_europe,2019.3,0.8261,98.7977,0.4123
eastern_europe,2019.4,0.8634,98.7371,0.4326
eastern_europe,2019.5,0.9017,98.6743,0.4537
eastern_europe,2019.6,0.9413,98.6095,0.4756
eastern_europe,2019.7,0.9820,98.5425,0.4982
eastern_europe,2019.8,1.0239,98.4733,0.5217
eastern_europe,2019.9,1.0671,98.4018,0.5459
eastern_europe,2020.0,1.1115,98.3279,0.5730
eastern_europe,2020.1,1.1573,98.2517,0.6021
eastern_europe,2020.2,1.2043,98.1731,0.6321
eastern_europe,2020.3,1.2528,98.0919,0.6630
eastern_europe,2020.4,1.3027,98.0082,0.6953
eastern_europe,2020.5,1.3540,97.9219,0.7292
eastern_europe,2020.6,1.4068,97.8329,0.7642
eastern_europe,2020.7,1.4611,97.7412,0.8003
eastern_europe,2020.8,1.5169,97.6467,0.8375
eastern_europe,2020.9,1.5743,97.5493,0.8763
eastern_europe,2021.0,1.6333,97.4490,0.9176
eastern_europe,2021.1,1.6940,97.3458,0.9603
eastern_europe,2021.2,1.7563,97.2394,1.0043
eastern_europe,2021.3,1.8203,97.1300,1.0497
eastern_europe,2021.4,1.8861,97.0174,1.0965
eastern_europe,2021.5,1.9537,96.9015,1.1448
eastern_europe,2021.6,2.0230,96.7823,1.1947
eastern_europe,2021.7,2.0943,96.6597,1.2460
eastern_europe,2021.8,2.1674,96.5337,1.2989
eastern_europe,2021.9,2.2425,96.4041,1.3534
eastern_europe,2022.0,2.3195,96.2709,1.4095
eastern_europe,2022.1,2.3986,96.1341,1.4673
eastern_europe,2022.2,2.4797,95.9935,1.5268
eastern_europe,2022.3,2.5629,95.8491,1.5880
eastern_europe,2022.4,2.6482,95.7008,1.6509
eastern_europe,2022.5,2.7358,95.5486,1.7157
eastern_europe,2022.6,2.8255,95.3923,1.7822
eastern_europe,2022.7,2.9175,95.2319,1.8506
eastern_europe,2022.8,3.0118,95.0673,1.9209
eastern_europe,2022.9,3.1084,94.8985,1.9931
eastern_europe,2023.0,3.2074,94.7253,2.0673
eastern_europe,2023.1,3.3089,94.5477,2.1434
eastern_europe,2023.2,3.4128,94.3656,2.2216
eastern_europe,2023.3,3.5193,94.1789,2.3017
eastern_europe,2023.4,3.6284,93.9876,2.3840
eastern_europe,2023.5,3.7400,93.7916,2.4684
eastern_europe,2023.6,3.8543,93.5908,2.5548
eastern_europe,2023.7,3.9714,93.3851,2.6435
eastern_europe,2023.8,4.0912,93.1745,2.7343
eastern_europe,2023.9,4.2138,92.9589,2.8274
eastern_europe,2024.0,4.3392,92.7381,2.9227
eastern_europe,2024.1,4.4675,92.5122,3.0202
eastern_europe,2024.2,4.5988,92.2811,3.1201
eastern_europe,2024.3,4.7331,92.0446,3.2223
eastern_europe,2024.4,4.8705,91.8027,3.3268
eastern_europe,2024.5,5.0109,91.5554,3.4337
eastern_europe,2024.6,5.1545,91.3025,3.5429
eastern_europe,2024.7,5.3013,91.0441,3.6546
eastern_europe,2024.8,5.4514,90.7799,3.7687
eastern_europe,2024.9,5.6047,90.5101,3.8852
eastern_europe,2025.0,5.7614,90.2344,4.0042
eastern_europe,2025.1,5.9215,89.9528,4.1257
eastern_europe,2025.2,6.0850,89.6654,4.2496
eastern_europe,2025.3,6.2521,89.3719,4.3761
eastern_europe,2025.4,6.4226,89.0724,4.5050
eastern_europe,2025.5,6.5968,88.7667,4.6364
eastern_europe,2025.6,6.7747,88.4549,4.7704
eastern_europe,2025.7,6.9562,88.1369,4.9069
eastern_europe,2025.8,7.1415,87.8126,5.0459
eastern_europe,2025.9,7.3306,87.4820,5.1874
eastern_europe,2026.0,7.5235,87.1451,5.3314
eastern_europe,2026.1,7.7204,86.8017,5.4779
eastern_europe,2026.2,7.9211,86.4519,5.6269
eastern_europe,2026.3,8.1259,86.0957,5.7784
eastern_europe,2026.4,8.3348,85.7329,5.9324
eastern_europe,2026.5,8.5477,85.3635,6.0888
eastern_europe,2026.6,8.7647,84.9876,6.2476
eastern_europe,2026.7,8.9860,84.6052,6.4089
eastern_europe,2026.8,9.2115,84.2161,6.5725
eastern_europe,2026.9,9.4412,83.8204,6.7384
eastern_europe,2027.0,9.6753,83.4180,6.9067
eastern_europe,2027.1,9.9137,83.0090,7.0772
eastern_europe,2027.2,10.1566,82.5934,7.2500
eastern_europe,2027.3,10.4039,82.1712,7.4250
eastern_europe,2027.4,10.6556,81.7423,7.6021
eastern_europe,2027.5,10.9119,81.3068,7.7812
eastern_europe,2027.6,11.1728,80.8647,7.9624
eastern_europe,2027.7,11.4383,80.4161,8.1456
eastern_europe,2027.8,11.7084,79.9609,8.3307
eastern_europe,2027.9,11.9832,79.4992,8.5176
eastern_europe,2028.0,12.2627,79.0311,8.7062
eastern_europe,2028.1,12.5469,78.5565,8.8967
eastern_europe,2028.2,12.8359,78.0756,9.0897
eastern_europe,2028.3,13.1297,77.5884,9.2841
eastern_europe,2028.4,13.4283,77.0949,9.4801
eastern_europe,2028.5,13.7318,76.5953,9.6773
eastern_europe,2028.6,14.0401,76.0895,9.8758
eastern_europe,2028.7,14.3533,75.5778,10.0755
eastern_europe,2028.8,14.6714,75.0602,10.2761
eastern_europe,2028.9,14.9945,74.5367,10.4777
eastern_europe,2029.0,15.3225,74.0075,10.6801
eastern_europe,2029.1,15.6554,73.4728,10.8831
eastern_europe,2029.2,15.9933,72.9325,11.0867
eastern_europe,2029.3,16.3361,72.3869,11.2908
eastern_europe,2029.4,16.6840,71.8361,11.4950
eastern_europe,2029.5,17.0368,71.2802,11.6994
eastern_europe,2029.6,17.3945,70.7193,11.9038
eastern_europe,2029.7,17.7573,70.1537,12.1081
eastern_europe,2029.8,18.1250,69.5834,12.3120
eastern_europe,2029.9,18.4977,69.0087,12.5155
eastern_europe,2030.0,18.8753,68.4297,12.7183
eastern_europe,2030.1,19.2578,67.8466,12.9203
eastern_europe,2030.2,19.6452,67.2596,13.1213
eastern_europe,2030.3,20.0375,66.6689,13.3212
eastern_europe,2030.4,20.4347,66.0747,13.5198
eastern_europe,2030.5,20.8367,65.4771,13.7169
eastern_europe,2030.6,21.2435,64.8764,13.9123
eastern_europe,2030.7,21.6551,64.2729,14.1058
eastern_europe,2030.8,22.0714,63.6667,14.2973
eastern_europe,2030.9,22.4924,63.0581,14.4866
eastern_europe,2031.0,22.9180,62.4473,14.6735
eastern_europe,2031.1,23.3482,61.8345,14.8577
eastern_europe,2031.2,23.7830,61.2200,15.0391
eastern_europe,2031.3,24.2222,60.6041,15.2176
eastern_europe,2031.4,24.6658,59.9869,15.3928
eastern_europe,2031.5,25.1138,59.3688,15.5647
eastern_europe,2031.6,25.5661,58.7500,15.7330
eastern_europe,2031.7,26.0225,58.1308,15.8976
eastern_europe,2031.8,26.4831,57.5114,16.0582
eastern_europe,2031.9,26.9478,56.8922,16.2146
eastern_europe,2032.0,27.4164,56.2733,16.3668
eastern_europe,2032.1,27.8889,55.6550,16.5144
eastern_europe,2032.2,28.3652,55.0377,16.6574
eastern_europe,2032.3,28.8451,54.4216,16.7955
eastern_europe,2032.4,29.3287,53.8069,16.9286
eastern_europe,2032.5,29.8157,53.1940,17.0564
eastern_europe,2032.6,30.3061,52.5831,17.1789
eastern_europe,2032.7,30.7998,51.9745,17.2959
eastern_europe,2032.8,31.2966,51.3684,17.4072
eastern_europe,2032.9,31.7964,50.7651,17.5127
eastern_europe,2033.0,32.2991,50.1649,17.6123
eastern_europe,2033.1,32.8046,49.5681,17.7057
eastern_europe,2033.2,33.3128,48.9748,17.7930
eastern_europe,2033.3,33.8234,48.3854,17.8739
eastern_europe,2033.4,34.3364,47.8000,17.9483
eastern_europe,2033.5,34.8517,47.2190,18.0163
eastern_europe,2033.6,35.3690,46.6426,18.0776
eastern_europe,2033.7,35.8883,46.0709,18.1322
eastern_europe,2033.8,36.4093,45.5043,18.1800
eastern_europe,2033.9,36.9320,44.9429,18.2209
eastern_europe,2034.0,37.4562,44.3869,18.2550
eastern_europe,2034.1,37.9817,43.8365,18.2822
eastern_europe,2034.2,38.5083,43.2920,18.3024
eastern_europe,2034.3,39.0359,42.7534,18.3156
eastern_europe,2034.4,39.5644,42.2211,18.3218
eastern_europe,2034.5,40.0935,41.6950,18.3211
eastern_europe,2034.6,40.6231,41.1755,18.3134
eastern_europe,2034.7,41.1530,40.6625,18.2988
eastern_europe,2034.8,41.6831,40.1563,18.2773
eastern_europe,2034.9,42.2132,39.6570,18.2490
eastern_europe,2035.0,42.7430,39.1647,18.2139
eastern_europe,2035.1,43.2725,38.6794,18.1721
eastern_europe,2035.2,43.8014,38.2013,18.1237
eastern_europe,2035.3,44.3296,37.7305,18.0688
eastern_europe,2035.4,44.8569,37.2669,18.0075
eastern_europe,2035.5,45.3831,36.8108,17.9400
eastern_europe,2035.6,45.9081,36.3620,17.8663
eastern_europe,2035.7,46.4316,35.9206,17.7866
eastern_europe,2035.8,46.9535,35.4867,17.7011
eastern_europe,2035.9,47.4737,35.0602,17.6100
eastern_europe,2036.0,47.9919,34.6412,17.5133
eastern_europe,2036.1,48.5080,34.2297,17.4113
eastern_europe,2036.2,49.0218,33.8255,17.3042
eastern_europe,2036.3,49.5332,33.4288,17.1922
eastern_europe,2036.4,50.0419,33.0394,17.0754
eastern_europe,2036.5,50.5478,32.6572,16.9542
eastern_europe,2036.6,51.0509,32.2823,16.8287
eastern_europe,2036.7,51.5508,31.9146,16.6991
eastern_europe,2036.8,52.0475,31.5539,16.5657
eastern_europe,2036.9,52.5408,31.2002,16.4287
eastern_europe,2037.0,53.0306,30.8534,16.2884
eastern_europe,2037.1,53.5166,30.5134,16.1449
eastern_europe,2037.2,53.9989,30.1801,15.9986
eastern_europe,2037.3,54.4772,29.8533,15.8496
eastern_europe,2037.4,54.9515,29.5331,15.6983
eastern_europe,2037.5,55.4215,29.2191,15.5449
eastern_europe,2037.6,55.8873,28.9113,15.3896
eastern_europe,2037.7,56.3486,28.6096,15.2326
eastern_europe,2037.8,56.8054,28.3139,15.0742
eastern_europe,2037.9,57.2575,28.0239,14.9147
eastern_europe,2038.0,57.7049,27.7396,14.7543
eastern_europe,2038.1,58.1475,27.4608,14.5932
eastern_europe,2038.2,58.5851,27.1873,14.4316
eastern_europe,2038.3,59.0178,26.9191,14.2699
eastern_europe,2038.4,59.4454,26.6560,14.1081
eastern_europe,2038.5,59.8679,26.3978,13.9465
eastern_europe,2038.6,60.2851,26.1444,13.7853
eastern_europe,2038.7,60.6972,25.8956,13.6247
eastern_europe,2038.8,61.1039,25.6513,13.4649
eastern_europe,2038.9,61.5053,25.4115,13.3060
eastern_europe,2039.0,61.9013,25.1758,13.1484
eastern_europe,2039.1,62.2919,24.9442,12.9920
eastern_europe,2039.2,62.6770,24.7166,12.8371
eastern_europe,2039.3,63.0567,24.4928,12.6838
eastern_europe,2039.4,63.4310,24.2727,12.5323
eastern_europe,2039.5,63.7997,24.0562,12.3827
eastern_europe,2039.6,64.1630,23.8431,12.2351
eastern_europe,2039.7,64.5209,23.6334,12.0896
eastern_europe,2039.8,64.8732,23.4270,11.9463
eastern_europe,2039.9,65.2202,23.2236,11.8053
eastern_europe,2040.0,65.5617,23.0233,11.6667
eastern_europe,2040.1,65.8978,22.8259,11.5306
eastern_europe,2040.2,66.2286,22.6314,11.3969
eastern_europe,2040.3,66.5540,22.4396,11.2659
eastern_europe,2040.4,66.8742,22.2504,11.1374
eastern_europe,2040.5,67.1891,22.0638,11.0117
eastern_europe,2040.6,67.4988,21.8797,10.8886
eastern_europe,2040.7,67.8034,21.6980,10.7682
eastern_europe,2040.8,68.1030,21.5187,10.6505
eastern_europe,2040.9,68.3975,21.3417,10.5355
eastern_europe,2041.0,68.6871,21.1668,10.4232
eastern_europe,2041.1,68.9718,20.9942,10.3136
eastern_europe,2041.2,69.2517,20.8236,10.2068
eastern_europe,2041.3,69.5269,20.6552,10.1025
eastern_europe,2041.4,69.7974,20.4887,10.0009
eastern_europe,2041.5,70.0633,20.3242,9.9019
eastern_europe,2041.6,70.3248,20.1616,9.8054
eastern_europe,2041.7,70.5818,20.0009,9.7115
eastern_europe,2041.8,70.8345,19.8420,9.6200
eastern_europe,2041.9,71.0830,19.6850,9.5309
eastern_europe,2042.0,71.3273,19.5297,9.4442
eastern_europe,2042.1,71.5676,19.3762,9.3598
eastern_europe,2042.2,71.8038,19.2244,9.2776
eastern_europe,2042.3,72.0362,19.0743,9.1977
eastern_europe,2042.4,72.2648,18.9258,9.1198
eastern_europe,2042.5,72.4896,18.7791,9.0440
eastern_europe,2042.6,72.7108,18.6339,8.9701
eastern_europe,2042.7,72.9285,18.4903,8.8982
eastern_europe,2042.8,73.1427,18.3484,8.8281
eastern_europe,2042.9,73.3536,18.2080,8.7598
eastern_europe,2043.0,73.5612,18.0691,8.6933
eastern_europe,2043.1,73.7655,17.9318,8.6283
eastern_europe,2043.2,73.9668,17.7959,8.5650
eastern_europe,2043.3,74.1650,17.6616,8.5032
eastern_europe,2043.4,74.3602,17.5288,8.4428
eastern_europe,2043.5,74.5526,17.3974,8.3838
eastern_europe,2043.6,74.7422,17.2675,8.3261
eastern_europe,2043.7,74.9290,17.1390,8.2697
eastern_europe,2043.8,75.1132,17.0120,8.2146
eastern_europe,2043.9,75.2948,16.8863,8.1605
eastern_europe,2044.0,75.4738,16.7621,8.1076
eastern_europe,2044.1,75.6505,16.6392,8.0557
eastern_europe,2044.2,75.8247,16.5177,8.0047
eastern_europe,2044.3,75.9966,16.3976,7.9548
eastern_europe,2044.4,76.1662,16.2788,7.9057
eastern_europe,2044.5,76.3337,16.1614,7.8575
eastern_europe,2044.6,76.4989,16.0452,7.8100
eastern_europe,2044.7,76.6621,15.9304,7.7634
eastern_europe,2044.8,76.8232,15.8168,7.7175
eastern_europe,2044.9,76.9824,15.7046,7.6722
eastern_europe,2045.0,77.1395,15.5936,7.6277
eastern_europe,2045.1,77.2948,15.4838,7.5837
eastern_europe,2045.2,77.4482,15.3753,7.5404
eastern_europe,2045.3,77.5998,15.2680,7.4976
eastern_europe,2045.4,77.7496,15.1618,7.4553
eastern_europe,2045.5,77.8977,15.0569,7.4136
eastern_europe,2045.6,78.0441,14.9532,7.3724
eastern_europe,2045.7,78.1888,14.8506,7.3316
eastern_europe,2045.8,78.3318,14.7492,7.2913
eastern_europe,2045.9,78.4733,14.6489,7.2515
eastern_europe,2046.0,78.6132,14.5497,7.2121
eastern_europe,2046.1,78.7515,14.4516,7.1730
eastern_europe,2046.2,78.8883,14.3546,7.1344
eastern_europe,2046.3,79.0237,14.2587,7.0962
eastern_europe,2046.4,79.1575,14.1639,7.0583
eastern_europe,2046.5,79.2899,14.0701,7.0208
eastern_europe,2046.6,79.4209,13.9773,6.9836
eastern_europe,2046.7,79.5505,13.8855,6.9468
eastern_europe,2046.8,79.6787,13.7948,6.9104
eastern_europe,2046.9,79.8056,13.7050,6.8743
eastern_europe,2047.0,79.9311,13.6162,6.8385
eastern_europe,2047.1,80.0553,13.5284,6.8030
eastern_europe,2047.2,80.1782,13.4415,6.7678
eastern_europe,2047.3,80.2998,13.3555,6.7330
eastern_europe,2047.4,80.4202,13.2705,6.6985
eastern_europe,2047.5,80.5393,13.1863,6.6643
eastern_europe,2047.6,80.6572,13.1031,6.6304
eastern_europe,2047.7,80.7738,13.0207,6.5968
eastern_europe,2047.8,80.8893,12.9392,6.5635
eastern_europe,2047.9,81.0035,12.8585,6.5305
eastern_europe,2048.0,81.1166,12.7787,6.4978
eastern_europe,2048.1,81.2285,12.6996,6.4654
eastern_europe,2048.2,81.3393,12.6214,6.4334
eastern_europe,2048.3,81.4490,12.5440,6.4016
eastern_europe,2048.4,81.5575,12.4674,6.3701
eastern_europe,2048.5,81.6649,12.3915,6.3389
eastern_europe,2048.6,81.7712,12.3164,6.3080
eastern_europe,2048.7,81.8765,12.2420,6.2774
eastern_europe,2048.8,81.9807,12.1684,6.2472
eastern_europe,2048.9,82.0838,12.0955,6.2172
eastern_europe,2049.0,82.1859,12.0233,6.1874
eastern_europe,2049.1,82.2870,11.9518,6.1580
eastern_europe,2049.2,82.3870,11.8810,6.1289
eastern_europe,2049.3,82.4861,11.8109,6.1001
eastern_europe,2049.4,82.5842,11.7414,6.0715
eastern_europe,2049.5,82.6812,11.6726,6.0432
eastern_europe,2049.6,82.7774,11.6044,6.0152
eastern_europe,2049.7,82.8725,11.5369,5.9875
eastern_europe,2049.8,82.9668,11.4700,5.9601
eastern_europe,2049.9,83.0601,11.4037,5.9330
eastern_europe,2050.0,83.1524,11.3380,5.9061
eu,2015.0,0.2963,99.3965,0.3074
eu,2015.1,0.3196,99.3499,0.3307
eu,2015.2,0.3444,99.3006,0.3553
eu,2015.3,0.3706,99.2485,0.3812
eu,2015.4,0.3984,99.1935,0.4085
eu,2015.5,0.4277,99.1356,0.4371
eu,2015.6,0.4586,99.0747,0.4670
eu,2015.7,0.4912,99.0108,0.4984
eu,2015.8,0.5255,98.9439,0.5311
eu,2015.9,0.5615,98.8737,0.5653
eu,2016.0,0.5992,98.8004,0.6009
eu,2016.1,0.6388,98.7238,0.6379
eu,2016.2,0.6803,98.6440,0.6764
eu,2016.3,0.7236,98.5607,0.7164
eu,2016.4,0.7689,98.4741,0.7578
eu,2016.5,0.8161,98.3840,0.8008
eu,2016.6,0.8653,98.2904,0.8452
eu,2016.7,0.9166,98.1932,0.8911
eu,2016.8,0.9700,98.0925,0.9386
eu,2016.9,1.0255,97.9881,0.9876
eu,2017.0,1.0832,97.8799,1.0381
eu,2017.1,1.1431,97.7671,1.0912
eu,2017.2,1.2054,97.6491,1.1470
eu,2017.3,1.2700,97.5261,1.2054
eu,2017.4,1.3371,97.3982,1.2664
eu,2017.5,1.4067,97.2655,1.3296
eu,2017.6,1.4789,97.1278,1.3952
eu,2017.7,1.5537,96.9853,1.4631
eu,2017.8,1.6311,96.8379,1.5332
eu,2017.9,1.7113,96.6856,1.6054
eu,2018.0,1.7943,96.5284,1.6798
eu,2018.1,1.8846,96.3655,1.7562
eu,2018.2,1.9744,96.1978,1.8346
eu,2018.3,2.0668,96.0252,1.9151
eu,2018.4,2.1620,95.8476,1.9975
eu,2018.5,2.2602,95.6651,2.0818
eu,2018.6,2.3614,95.4775,2.1680
eu,2018.7,2.4657,95.2850,2.2560
eu,2018.8,2.5732,95.0875,2.3458
eu,2018.9,2.6839,94.8850,2.4374
eu,2019.0,2.7978,94.6775,2.5307
eu,2019.1,2.9151,94.4649,2.6256
eu,2019.2,3.0358,94.2472,2.7222
eu,2019.3,3.1599,94.0246,2.8204
eu,2019.4,3.2876,93.7968,2.9201
eu,2019.5,3.4187,93.5640,3.0214
eu,2019.6,3.5535,93.3261,3.1241
eu,2019.7,3.6918,93.0831,3.2281
eu,2019.8,3.8339,92.8351,3.3336
eu,2019.9,3.9797,92.5820,3.4403
eu,2020.0,4.1292,92.3239,3.5486
eu,2020.1,4.2826,92.0607,3.6582
eu,2020.2,4.4398,91.7925,3.7690
eu,2020.3,4.6009,91.5192,3.8809
eu,2020.4,4.7660,91.2409,3.9939
eu,2020.5,4.9351,90.9577,4.1080
eu,2020.6,5.1082,90.6694,4.2230
eu,2020.7,5.2853,90.3762,4.3389
eu,2020.8,5.4666,90.0780,4.4556
eu,2020.9,5.6519,89.7749,4.5732
eu,2021.0,5.8415,89.4669,4.6916
eu,2021.1,6.0353,89.1540,4.8107
eu,2021.2,6.2333,88.8363,4.9305
eu,2021.3,6.4355,88.5138,5.0507
eu,2021.4,6.6421,88.1864,5.1715
eu,2021.5,6.8529,87.8544,5.2927
eu,2021.6,7.0681,87.5176,5.4143
eu,2021.7,7.2877,87.1762,5.5361
eu,2021.8,7.5117,86.8301,5.6582
eu,2021.9,7.7400,86.4795,5.7805
eu,2022.0,7.9728,86.1243,5.9029
eu,2022.1,8.2100,85.7646,6.0254
eu,2022.2,8.4516,85.4005,6.1479
eu,2022.3,8.6976,85.0320,6.2703
eu,2022.4,8.9481,84.6592,6.3927
eu,2022.5,9.2031,84.2821,6.5148
eu,2022.6,9.4624,83.9008,6.6367
eu,2022.7,9.7263,83.5154,6.7584
eu,2022.8,9.9945,83.1258,6.8797
eu,2022.9,10.2671,82.7322,7.0006
eu,2023.0,10.5441,82.3347,7.1212
eu,2023.1,10.8255,81.9333,7.2412
eu,2023.2,11.1112,81.5280,7.3607
eu,2023.3,11.4013,81.1190,7.4797
eu,2023.4,11.6956,80.7064,7.5980
eu,2023.5,11.9941,80.2901,7.7158
eu,2023.6,12.2968,79.8703,7.8328
eu,2023.7,12.6037,79.4471,7.9492
eu,2023.8,12.9147,79.0205,8.0648
eu,2023.9,13.2297,78.5906,8.1797
eu,2024.0,13.5487,78.1575,8.2938
eu,2024.1,13.8716,77.7213,8.4071
eu,2024.2,14.1984,77.2821,8.5196
eu,2024.3,14.5289,76.8399,8.6312
eu,2024.4,14.8631,76.3948,8.7420
eu,2024.5,15.2010,75.9470,8.8520
eu,2024.6,15.5424,75.4965,8.9611
eu,2024.7,15.8873,75.0433,9.0694
eu,2024.8,16.2355,74.5877,9.1768
eu,2024.9,16.5871,74.1296,9.2834
eu,2025.0,16.9418,73.6692,9.3891
eu,2025.1,17.2996,73.2065,9.4939
eu,2025.2,17.6604,72.7416,9.5980
eu,2025.3,18.0241,72.2747,9.7012
eu,2025.4,18.3906,71.8058,9.8036
eu,2025.5,18.7598,71.3350,9.9052
eu,2025.6,19.1317,70.8623,10.0060
eu,2025.7,19.5060,70.3880,10.1060
eu,2025.8,19.8827,69.9120,10.2053
eu,2025.9,20.2618,69.4344,10.3038
eu,2026.0,20.6430,68.9554,10.4016
eu,2026.1,21.0264,68.4750,10.5022
eu,2026.2,21.4118,67.9932,10.6061
eu,2026.3,21.7992,67.5103,10.7090
eu,2026.4,22.1884,67.0262,10.8107
eu,2026.5,22.5794,66.5410,10.9113
eu,2026.6,22.9720,66.0549,11.0107
eu,2026.7,23.3663,65.5679,11.1090
eu,2026.8,23.7621,65.0800,11.2061
eu,2026.9,24.1594,64.5914,11.3019
eu,2027.0,24.5581,64.1021,11.3966
eu,2027.1,24.9581,63.6122,11.4900
eu,2027.2,25.3594,63.1218,11.5821
eu,2027.3,25.7620,62.6309,11.6730
eu,2027.4,26.1657,62.1396,11.7627
eu,2027.5,26.5706,61.6480,11.8510
eu,2027.6,26.9765,61.1562,11.9381
eu,2027.7,27.3835,60.6641,12.0239
eu,2027.8,27.7915,60.1719,12.1083
eu,2027.9,28.2005,59.6797,12.1915
eu,2028.0,28.6105,59.1875,12.2733
eu,2028.1,29.0213,58.6953,12.3539
eu,2028.2,29.4331,58.2033,12.4332
eu,2028.3,29.8457,57.7114,12.5113
eu,2028.4,30.2592,57.2198,12.5879
eu,2028.5,30.6734,56.7285,12.6633
eu,2028.6,31.0885,56.2375,12.7373
eu,2028.7,31.5043,55.7470,12.8100
eu,2028.8,31.9209,55.2569,12.8813
eu,2028.9,32.3382,54.7673,12.9513
eu,2029.0,32.7562,54.2784,13.0199
eu,2029.1,33.1749,53.7900,13.0872
eu,2029.2,33.5942,53.3024,13.1531
eu,2029.3,34.0142,52.8154,13.2176
eu,2029.4,34.4347,52.3293,13.2808
eu,2029.5,34.8557,51.8441,13.3426
eu,2029.6,35.2773,51.3597,13.4030
eu,2029.7,35.6994,50.8763,13.4621
eu,2029.8,36.1219,50.3939,13.5198
eu,2029.9,36.5448,49.9125,13.5761
eu,2030.0,36.9681,49.4323,13.6309
eu,2030.1,37.3918,48.9533,13.6844
eu,2030.2,37.8157,48.4754,13.7365
eu,2030.3,38.2399,47.9989,13.7871
eu,2030.4,38.6642,47.5236,13.8364
eu,2030.5,39.0888,47.0498,13.8842
eu,2030.6,39.5134,46.5774,13.9305
eu,2030.7,39.9382,46.1065,13.9835
eu,2030.8,40.3629,45.6371,14.0347
eu,2030.9,40.7877,45.1694,14.0843
eu,2031.0,41.2123,44.7033,14.1322
eu,2031.1,41.6368,44.2389,14.1784
eu,2031.2,42.0612,43.7763,14.2228
eu,2031.3,42.4854,43.3156,14.2655
eu,2031.4,42.9093,42.8567,14.3064
eu,2031.5,43.3329,42.3998,14.3455
eu,2031.6,43.7561,41.9449,14.3828
eu,2031.7,44.1790,41.4920,14.4182
eu,2031.8,44.6014,41.0413,14.4519
eu,2031.9,45.0233,40.5927,14.4837
eu,2032.0,45.4447,40.1464,14.5136
eu,2032.1,45.8655,39.7024,14.5416
eu,2032.2,46.2857,39.2607,14.5677
eu,2032.3,46.7052,38.8214,14.5919
eu,2032.4,47.1240,38.3846,14.6141
eu,2032.5,47.5420,37.9503,14.6344
eu,2032.6,47.9593,37.5186,14.6528
eu,2032.7,48.3757,37.0895,14.6691
eu,2032.8,48.7912,36.6631,14.6835
eu,2032.9,49.2059,36.2395,14.6958
eu,2033.0,49.6195,35.8186,14.7062
eu,2033.1,50.0322,35.4006,14.7145
eu,2033.2,50.4438,34.9854,14.7207
eu,2033.3,50.8543,34.5732,14.7249
eu,2033.4,51.2637,34.1640,14.7271
eu,2033.5,51.6720,33.7579,14.7272
eu,2033.6,52.0790,33.3548,14.7252
eu,2033.7,52.4849,32.9549,14.7212
eu,2033.8,52.8894,32.5581,14.7151
eu,2033.9,53.2926,32.1645,14.7069
eu,2034.0,53.6945,31.7742,14.6967
eu,2034.1,54.0950,31.3872,14.6844
eu,2034.2,54.4941,31.0035,14.6700
eu,2034.3,54.8917,30.6232,14.6536
eu,2034.4,55.2878,30.2463,14.6351
eu,2034.5,55.6824,29.8728,14.6146
eu,2034.6,56.0755,29.5027,14.5921
eu,2034.7,56.4669,29.1361,14.5675
eu,2034.8,56.8566,28.7730,14.5410
eu,2034.9,57.2447,28.4135,14.5125
eu,2035.0,57.6311,28.0575,14.4821
eu,2035.1,58.0158,27.7050,14.4497
eu,2035.2,58.3986,27.3562,14.4154
eu,2035.3,58.7797,27.0109,14.3792
eu,2035.4,59.1589,26.6692,14.3412
eu,2035.5,59.5362,26.3312,14.3013
eu,2035.6,59.9116,25.9967,14.2596
eu,2035.7,60.2850,25.6659,14.2162
eu,2035.8,60.6565,25.3387,14.1711
eu,2035.9,61.0260,25.0151,14.1243
eu,2036.0,61.3934,24.6951,14.0758
eu,2036.1,61.7587,24.3788,14.0257
eu,2036.2,62.1219,24.0661,13.9740
eu,2036.3,62.4830,23.7570,13.9208
eu,2036.4,62.8419,23.4514,13.8661
eu,2036.5,63.1987,23.1495,13.8100
eu,2036.6,63.5532,22.8511,13.7525
eu,2036.7,63.9054,22.5563,13.6936
eu,2036.8,64.2554,22.2650,13.6335
eu,2036.9,64.6030,21.9773,13.5721
eu,2037.0,64.9484,21.6930,13.5094
eu,2037.1,65.2913,21.4123,13.4457
eu,2037.2,65.6319,21.1349,13.3808
eu,2037.3,65.9701,20.8610,13.3149
eu,2037.4,66.3059,20.5906,13.2480
eu,2037.5,66.6392,20.3235,13.1801
eu,2037.6,66.9700,20.0597,13.1113
eu,2037.7,67.2984,19.7993,13.0417
eu,2037.8,67.6242,19.5421,12.9713
eu,2037.9,67.9475,19.2883,12.9002
eu,2038.0,68.2683,19.0376,12.8283
eu,2038.1,68.5865,18.7902,12.7558
eu,2038.2,68.9021,18.5460,12.6828
eu,2038.3,69.2152,18.3048,12.6091
eu,2038.4,69.5256,18.0668,12.5350
eu,2038.5,69.8335,17.8319,12.4604
eu,2038.6,70.1387,17.6000,12.3854
eu,2038.7,70.4413,17.3711,12.3101
eu,2038.8,70.7412,17.1452,12.2344
eu,2038.9,71.0385,16.9222,12.1584
eu,2039.0,71.3331,16.7021,12.0822
eu,2039.1,71.6251,16.4849,12.0059
eu,2039.2,71.9144,16.2705,11.9293
eu,2039.3,72.2011,16.0590,11.8526
eu,2039.4,72.4851,15.8502,11.7759
eu,2039.5,72.7664,15.6442,11.6991
eu,2039.6,73.0450,15.4408,11.6223
eu,2039.7,73.3210,15.2402,11.5455
eu,2039.8,73.5943,15.0421,11.4688
eu,2039.9,73.8650,14.8467,11.3921
eu,2040.0,74.1330,14.6539,11.3155
eu,2040.1,74.3984,14.4636,11.2390
eu,2040.2,74.6611,14.2758,11.1627
eu,2040.3,74.9212,14.0906,11.0865
eu,2040.4,75.1787,13.9078,11.0106
eu,2040.5,75.4336,13.7274,10.9348
eu,2040.6,75.6858,13.5494,10.8593
eu,2040.7,75.9355,13.3738,10.7840
eu,2040.8,76.1826,13.2005,10.7090
eu,2040.9,76.4271,13.0296,10.6342
eu,2041.0,76.6691,12.8609,10.5598
eu,2041.1,76.9085,12.6945,10.4856
eu,2041.2,77.1454,12.5304,10.4118
eu,2041.3,77.3798,12.3684,10.3383
eu,2041.4,77.6118,12.2087,10.2651
eu,2041.5,77.8412,12.0511,10.1922
eu,2041.6,78.0682,11.8956,10.1197
eu,2041.7,78.2927,11.7423,10.0476
eu,2041.8,78.5148,11.5910,9.9758
eu,2041.9,78.7346,11.4418,9.9044
eu,2042.0,78.9519,11.2946,9.8333
eu,2042.1,79.1669,11.1495,9.7627
eu,2042.2,79.3795,11.0063,9.6924
eu,2042.3,79.5898,10.8651,9.6224
eu,2042.4,79.7978,10.7259,9.5529
eu,2042.5,80.0036,10.5886,9.4837
eu,2042.6,80.2070,10.4532,9.4150
eu,2042.7,80.4082,10.3196,9.3466
eu,2042.8,80.6072,10.1879,9.2786
eu,2042.9,80.8040,10.0581,9.2110
eu,2043.0,80.9987,9.9301,9.1438
eu,2043.1,81.1911,9.8038,9.0769
eu,2043.2,81.3814,9.6793,9.0105
eu,2043.3,81.5697,9.5566,8.9444
eu,2043.4,81.7558,9.4356,8.8788
eu,2043.5,81.9398,9.3163,8.8135
eu,2043.6,82.1218,9.1987,8.7486
eu,2043.7,82.3018,9.0828,8.6841
eu,2043.8,82.4797,8.9684,8.6200
eu,2043.9,82.6557,8.8558,8.5563
eu,2044.0,82.8297,8.7447,8.4929
eu,2044.1,83.0017,8.6352,8.4300
eu,2044.2,83.1718,8.5272,8.3674
eu,2044.3,83.3400,8.4208,8.3052
eu,2044.4,83.5063,8.3159,8.2435
eu,2044.5,83.6707,8.2125,8.1821
eu,2044.6,83.8333,8.1106,8.1210
eu,2044.7,83.9940,8.0101,8.0604
eu,2044.8,84.1529,7.9111,8.0002
eu,2044.9,84.3101,7.8135,7.9404
eu,2045.0,84.4654,7.7173,7.8809
eu,2045.1,84.6190,7.6225,7.8219
eu,2045.2,84.7709,7.5290,7.7632
eu,2045.3,84.9210,7.4369,7.7049
eu,2045.4,85.0694,7.3461,7.6471
eu,2045.5,85.2161,7.2566,7.5896
eu,2045.6,85.3612,7.1684,7.5325
eu,2045.7,85.5046,7.0814,7.4758
eu,2045.8,85.6464,6.9957,7.4196
eu,2045.9,85.7865,6.9113,7.3637
eu,2046.0,85.9251,6.8280,7.3082
eu,2046.1,86.0620,6.7459,7.2531
eu,2046.2,86.1974,6.6650,7.1984
eu,2046.3,86.3313,6.5853,7.1442
eu,2046.4,86.4636,6.5066,7.0903
eu,2046.5,86.5944,6.4292,7.0368
eu,2046.6,86.7236,6.3528,6.9838
eu,2046.7,86.8514,6.2775,6.9311
eu,2046.8,86.9777,6.2032,6.8789
eu,2046.9,87.1026,6.1301,6.8271
eu,2047.0,87.2260,6.0579,6.7757
eu,2047.1,87.3480,5.9868,6.7247
eu,2047.2,87.4686,5.9167,6.6741
eu,2047.3,87.5877,5.8476,6.6239
eu,2047.4,87.7055,5.7794,6.5741
eu,2047.5,87.8220,5.7122,6.5248
eu,2047.6,87.9370,5.6459,6.4759
eu,2047.7,88.0508,5.5806,6.4273
eu,2047.8,88.1632,5.5162,6.3792
eu,2047.9,88.2743,5.4527,6.3315
eu,2048.0,88.3841,5.3900,6.2842
eu,2048.1,88.4927,5.3282,6.2374
eu,2048.2,88.5999,5.2673,6.1909
eu,2048.3,88.7060,5.2072,6.1448
eu,2048.4,88.8107,5.1480,6.0992
eu,2048.5,88.9143,5.0895,6.0540
eu,2048.6,89.0167,5.0319,6.0091
eu,2048.7,89.1179,4.9751,5.9647
eu,2048.8,89.2179,4.9190,5.9207
eu,2048.9,89.3167,4.8636,5.8771
eu,2049.0,89.4144,4.8091,5.8339
eu,2049.1,89.5109,4.7552,5.7911
eu,2049.2,89.6063,4.7021,5.7486
eu,2049.3,89.7006,4.6497,5.7066
eu,2049.4,89.7939,4.5980,5.6650
eu,2049.5,89.8860,4.5470,5.6238
eu,2049.6,89.9771,4.4967,5.5829
eu,2049.7,90.0671,4.4470,5.5424
eu,2049.8,90.1561,4.3980,5.5024
eu,2049.9,90.2440,4.3497,5.4627
eu,2050.0,90.3309,4.3019,5.4233
g7,2015.0,0.3115,99.4229,0.2656
g7,2015.1,0.3318,99.3880,0.2802
g7,2015.2,0.3532,99.3515,0.2953
g7,2015.3,0.3756,99.3134,0.3111
g7,2015.4,0.3991,99.2735,0.3274
g7,2015.5,0.4237,99.2319,0.3444
g7,2015.6,0.4494,99.1886,0.3620
g7,2015.7,0.4764,99.1435,0.3802
g7,2015.8,0.5044,99.0966,0.3989
g7,2015.9,0.5337,99.0479,0.4183
g7,2016.0,0.5643,98.9974,0.4383
g7,2016.1,0.5960,98.9450,0.4589
g7,2016.2,0.6291,98.8908,0.4802
g7,2016.3,0.6634,98.8346,0.5020
g7,2016.4,0.6990,98.7766,0.5244
g7,2016.5,0.7359,98.7166,0.5475
g7,2016.6,0.7742,98.6547,0.5711
g7,2016.7,0.8139,98.5908,0.5954
g7,2016.8,0.8549,98.5249,0.6202
g7,2016.9,0.8974,98.4570,0.6457
g7,2017.0,0.9412,98.3871,0.6717
g7,2017.1,0.9865,98.3152,0.6983
g7,2017.2,1.0332,98.2412,0.7256
g7,2017.3,1.0814,98.1652,0.7534
g7,2017.4,1.1311,98.0871,0.7818
g7,2017.5,1.1823,98.0069,0.8108
g7,2017.6,1.2350,97.9247,0.8403
g7,2017.7,1.2892,97.8403,0.8705
g7,2017.8,1.3450,97.7538,0.9012
g7,2017.9,1.4023,97.6652,0.9324
g7,2018.0,1.4612,97.5745,0.9642
g7,2018.1,1.5217,97.4817,0.9966
g7,2018.2,1.5838,97.3866,1.0295
g7,2018.3,1.6476,97.2895,1.0630
g7,2018.4,1.7129,97.1901,1.0970
g7,2018.5,1.7799,97.0886,1.1315
g7,2018.6,1.8485,96.9850,1.1665
g7,2018.7,1.9188,96.8791,1.2021
g7,2018.8,1.9908,96.7711,1.2381
g7,2018.9,2.0645,96.6608,1.2747
g7,2019.0,2.1398,96.5484,1.3118
g7,2019.1,2.2169,96.4338,1.3493
g7,2019.2,2.2957,96.3170,1.3873
g7,2019.3,2.3763,96.1979,1.4258
g7,2019.4,2.4585,96.0767,1.4648
g7,2019.5,2.5426,95.9533,1.5042
g7,2019.6,2.6284,95.8277,1.5440
g7,2019.7,2.7159,95.6998,1.5843
g7,2019.8,2.8053,95.5698,1.6250
g7,2019.9,2.8964,95.4375,1.6661
g7,2020.0,2.9893,95.3031,1.7076
g7,2020.1,3.0840,95.1664,1.7495
g7,2020.2,3.1806,95.0276,1.7919
g7,2020.3,3.2789,94.8865,1.8345
g7,2020.4,3.3791,94.7433,1.8776
g7,2020.5,3.4811,94.5979,1.9210
g7,2020.6,3.5850,94.4503,1.9648
g7,2020.7,3.6906,94.3005,2.0088
g7,2020.8,3.7982,94.1486,2.0532
g7,2020.9,3.9076,93.9945,2.0980
g7,2021.0,4.0188,93.8382,2.1430
g7,2021.1,4.1319,93.6798,2.1883
g7,2021.2,4.2469,93.5192,2.2339
g7,2021.3,4.3638,93.3565,2.2797
g7,2021.4,4.4825,93.1917,2.3258
g7,2021.5,4.6031,93.0247,2.3722
g7,2021.6,4.7256,92.8557,2.4187
g7,2021.7,4.8499,92.6846,2.4655
g7,2021.8,4.9762,92.5113,2.5125
g7,2021.9,5.1043,92.3360,2.5597
g7,2022.0,5.2343,92.1586,2.6070
g7,2022.1,5.3663,91.9792,2.6545
g7,2022.2,5.5001,91.7977,2.7022
g7,2022.3,5.6358,91.6142,2.7500
g7,2022.4,5.7733,91.4287,2.7979
g7,2022.5,5.9128,91.2412,2.8460
g7,2022.6,6.0542,91.0517,2.8941
g7,2022.7,6.1974,90.8602,2.9423
g7,2022.8,6.3426,90.6668,2.9906
g7,2022.9,6.4896,90.4714,3.0390
g7,2023.0,6.6385,90.2741,3.0874
g7,2023.1,6.7893,90.0749,3.1358
g7,2023.2,6.9420,89.8738,3.1842
g7,2023.3,7.0965,89.6708,3.2327
g7,2023.4,7.2529,89.4660,3.2811
g7,2023.5,7.4112,89.2593,3.3295
g7,2023.6,7.5714,89.0508,3.3778
g7,2023.7,7.7334,88.8405,3.4261
g7,2023.8,7.8972,88.6284,3.4744
g7,2023.9,8.0629,88.4145,3.5225
g7,2024.0,8.2305,88.1989,3.5706
g7,2024.1,8.3999,87.9816,3.6185
g7,2024.2,8.5712,87.7625,3.6663
g7,2024.3,8.7442,87.5418,3.7140
g7,2024.4,8.9191,87.3194,3.7615
g7,2024.5,9.0958,87.0953,3.8089
g7,2024.6,9.2743,86.8697,3.8560
g7,2024.7,9.4546,86.6424,3.9030
g7,2024.8,9.6367,86.4135,3.9498
g7,2024.9,9.8206,86.1831,3.9963
g7,2025.0,10.0063,85.9511,4.0426
g7,2025.1,10.1937,85.7177,4.0887
g7,2025.2,10.3829,85.4827,4.1344
g7,2025.3,10.5738,85.2463,4.1799
g7,2025.4,10.7665,85.0084,4.2252
g7,2025.5,10.9608,84.7691,4.2701
g7,2025.6,11.1570,84.5284,4.3147
g7,2025.7,11.3548,84.2863,4.3589
g7,2025.8,11.5543,84.0429,4.4028
g7,2025.9,11.7555,83.7981,4.4464
g7,2026.0,11.9584,83.5521,4.4896
g7,2026.1,12.1629,83.3047,4.5324
g7,2026.2,12.3691,83.0562,4.5748
g7,2026.3,12.5769,82.8063,4.6168
g7,2026.4,12.7863,82.5553,4.6584
g7,2026.5,12.9974,82.3031,4.6995
g7,2026.6,13.2100,82.0498,4.7402
g7,2026.7,13.4242,81.7953,4.7804
g7,2026.8,13.6401,81.5397,4.8202
g7,2026.9,13.8574,81.2831,4.8595
g7,2027.0,14.0763,81.0254,4.8983
g7,2027.1,14.2968,80.7666,4.9366
g7,2027.2,14.5187,80.5069,4.9744
g7,2027.3,14.7421,80.2462,5.0117
g7,2027.4,14.9671,79.9845,5.0484
g7,2027.5,15.1935,79.7220,5.0846
g7,2027.6,15.4213,79.4585,5.1202
g7,2027.7,15.6506,79.1941,5.1553
g7,2027.8,15.8813,78.9289,5.1898
g7,2027.9,16.1134,78.6629,5.2237
g7,2028.0,16.3469,78.3961,5.2570
g7,2028.1,16.5818,78.1285,5.2897
g7,2028.2,16.8180,77.8602,5.3218
g7,2028.3,17.0556,77.5911,5.3533
g7,2028.4,17.2944,77.3214,5.3842
g7,2028.5,17.5346,77.0510,5.4144
g7,2028.6,17.7761,76.7799,5.4440
g7,2028.7,18.0188,76.5082,5.4729
g7,2028.8,18.2628,76.2360,5.5012
g7,2028.9,18.5080,75.9631,5.5288
g7,2029.0,18.7545,75.6897,5.5558
g7,2029.1,19.0021,75.4159,5.5821
g7,2029.2,19.2509,75.1415,5.6076
g7,2029.3,19.5008,74.8666,5.6325
g7,2029.4,19.7519,74.5913,5.6568
g7,2029.5,20.0042,74.3156,5.6803
g7,2029.6,20.2575,74.0395,5.7031
g7,2029.7,20.5119,73.7630,5.7252
g7,2029.8,20.7673,73.4861,5.7465
g7,2029.9,21.0238,73.2090,5.7672
g7,2030.0,21.2814,72.9315,5.7871
g7,2030.1,21.5399,72.6538,5.8064
g7,2030.2,21.7994,72.3758,5.8248
g7,2030.3,22.0599,72.0975,5.8426
g7,2030.4,22.3213,71.8191,5.8596
g7,2030.5,22.5836,71.5405,5.8759
g7,2030.6,22.8469,71.2617,5.8915
g7,2030.7,23.1110,70.9827,5.9063
g7,2030.8,23.3760,70.7037,5.9203
g7,2030.9,23.6418,70.4245,5.9337
g7,2031.0,23.9085,70.1453,5.9463
g7,2031.1,24.1760,69.8660,5.9581
g7,2031.2,24.4442,69.5866,5.9692
g7,2031.3,24.7132,69.3073,5.9795
g7,2031.4,24.9830,69.0279,5.9891
g7,2031.5,25.2534,68.7486,5.9980
g7,2031.6,25.5246,68.4693,6.0061
g7,2031.7,25.7964,68.1901,6.0135
g7,2031.8,26.0690,67.9109,6.0201
g7,2031.9,26.3421,67.6319,6.0260
g7,2032.0,26.6159,67.3530,6.0312
g7,2032.1,26.8902,67.0742,6.0356
g7,2032.2,27.1652,66.7956,6.0393
g7,2032.3,27.4407,66.5171,6.0422
g7,2032.4,27.7167,66.2388,6.0444
g7,2032.5,27.9933,65.9608,6.0459
g7,2032.6,28.2704,65.6829,6.0467
g7,2032.7,28.5479,65.4054,6.0468
g7,2032.8,28.8259,65.1280,6.0461
g7,2032.9,29.1043,64.8510,6.0447
g7,2033.0,29.3831,64.5742,6.0427
g7,2033.1,29.6624,64.2977,6.0399
g7,2033.2,29.9420,64.0216,6.0364
g7,2033.3,30.2220,63.7458,6.0322
g7,2033.4,30.5023,63.4703,6.0274
g7,2033.5,30.7829,63.1952,6.0219
g7,2033.6,31.0638,62.9205,6.0157
g7,2033.7,31.3450,62.6462,6.0088
g7,2033.8,31.6265,62.3723,6.0012
g7,2033.9,31.9082,62.0988,5.9931
g7,2034.0,32.1901,61.8257,5.9842
g7,2034.1,32.4722,61.5531,5.9747
g7,2034.2,32.7545,61.2809,5.9646
g7,2034.3,33.0370,61.0092,5.9538
g7,2034.4,33.3196,60.7380,5.9424
g7,2034.5,33.6023,60.4672,5.9304
g7,2034.6,33.8852,60.1970,5.9178
g7,2034.7,34.1681,59.9273,5.9046
g7,2034.8,34.4511,59.6581,5.8908
g7,2034.9,34.7342,59.3894,5.8764
g7,2035.0,35.0172,59.1213,5.8615
g7,2035.1,35.3004,58.8537,5.8459
g7,2035.2,35.5835,58.5867,5.8299
g7,2035.3,35.8665,58.3203,5.8132
g7,2035.4,36.1496,58.0544,5.7960
g7,2035.5,36.4326,57.7891,5.7783
g7,2035.6,36.7155,57.5245,5.7600
g7,2035.7,36.9983,57.2604,5.7413
g7,2035.8,37.2810,56.9969,5.7220
g7,2035.9,37.5637,56.7341,5.7022
g7,2036.0,37.8461,56.4719,5.6820
g7,2036.1,38.1284,56.2103,5.6612
g7,2036.2,38.4106,55.9494,5.6400
g7,2036.3,38.6925,55.6891,5.6183
g7,2036.4,38.9743,55.4295,5.5962
g7,2036.5,39.2558,55.1705,5.5736
g7,2036.6,39.5372,54.9122,5.5506
g7,2036.7,39.8182,54.6546,5.5272
g7,2036.8,40.0990,54.3976,5.5033
g7,2036.9,40.3795,54.1414,5.4791
g7,2037.0,40.6598,53.8858,5.4545
g7,2037.1,40.9397,53.6309,5.4294
g7,2037.2,41.2193,53.3767,5.4040
g7,2037.3,41.4986,53.1232,5.3782
g7,2037.4,41.7775,52.8704,5.3521
g7,2037.5,42.0560,52.6183,5.3256
g7,2037.6,42.3342,52.3670,5.2988
g7,2037.7,42.6120,52.1163,5.2717
g7,2037.8,42.8894,51.8664,5.2442
g7,2037.9,43.1664,51.6172,5.2164
g7,2038.0,43.4429,51.3687,5.1884
g7,2038.1,43.7190,51.1210,5.1600
g7,2038.2,43.9947,50.8739,5.1314
g7,2038.3,44.2699,50.6277,5.1025
g7,2038.4,44.5446,50.3821,5.0733
g7,2038.5,44.8188,50.1373,5.0439
g7,2038.6,45.0925,49.8932,5.0143
g7,2038.7,45.3657,49.6499,4.9844
g7,2038.8,45.6384,49.4073,4.9543
g7,2038.9,45.9106,49.1655,4.9239
g7,2039.0,46.1822,48.9244,4.8934
g7,2039.1,46.4532,48.6841,4.8627
g7,2039.2,46.7237,48.4445,4.8318
g7,2039.3,46.9936,48.2057,4.8007
g7,2039.4,47.2629,47.9676,4.7694
g7,2039.5,47.5317,47.7303,4.7380
g7,2039.6,47.7998,47.4937,4.7065
g7,2039.7,48.0673,47.2579,4.6747
g7,2039.8,48.3342,47.0229,4.6429
g7,2039.9,48.6005,46.7886,4.6109
g7,2040.0,48.8661,46.5551,4.5788
g7,2040.1,49.1310,46.3223,4.5467
g7,2040.2,49.3953,46.0903,4.5144
g7,2040.3,49.6590,45.8591,4.4820
g7,2040.4,49.9219,45.6286,4.4495
g7,2040.5,50.1842,45.3988,4.4170
g7,2040.6,50.4458,45.1699,4.3843
g7,2040.7,50.7067,44.9417,4.3517
g7,2040.8,50.9669,44.7142,4.3189
g7,2040.9,51.2263,44.4875,4.2861
g7,2041.0,51.4851,44.2616,4.2533
g7,2041.1,51.7431,44.0364,4.2205
g7,2041.2,52.0004,43.8120,4.1876
g7,2041.3,52.2569,43.5884,4.1547
g7,2041.4,52.5127,43.3655,4.1218
g7,2041.5,52.7677,43.1434,4.0889
g7,2041.6,53.0220,42.9220,4.0559
g7,2041.7,53.2755,42.7014,4.0230
g7,2041.8,53.5283,42.4816,3.9901
g7,2041.9,53.7802,42.2625,3.9573
g7,2042.0,54.0314,42.0442,3.9244
g7,2042.1,54.2818,41.8266,3.8916
g7,2042.2,54.5314,41.6098,3.8588
g7,2042.3,54.7802,41.3937,3.8261
g7,2042.4,55.0282,41.1784,3.7934
g7,2042.5,55.2753,40.9639,3.7608
g7,2042.6,55.5217,40.7501,3.7282
g7,2042.7,55.7673,40.5371,3.6957
g7,2042.8,56.0120,40.3248,3.6632
g7,2042.9,56.2559,40.1133,3.6309
g7,2043.0,56.4989,39.9025,3.5986
g7,2043.1,56.7412,39.6925,3.5664
g7,2043.2,56.9826,39.4832,3.5342
g7,2043.3,57.2231,39.2747,3.5022
g7,2043.4,57.4628,39.0669,3.4703
g7,2043.5,57.7016,38.8599,3.4385
g7,2043.6,57.9396,38.6536,3.4067
g7,2043.7,58.1768,38.4481,3.3751
g7,2043.8,58.4130,38.2434,3.3436
g7,2043.9,58.6484,38.0393,3.3122
g7,2044.0,58.8830,37.8361,3.2810
g7,2044.1,59.1166,37.6335,3.2498
g7,2044.2,59.3494,37.4318,3.2188
g7,2044.3,59.5813,37.2308,3.1879
g7,2044.4,59.8124,37.0305,3.1572
g7,2044.5,60.0425,36.8309,3.1265
g7,2044.6,60.2718,36.6322,3.0961
g7,2044.7,60.5002,36.4341,3.0657
g7,2044.8,60.7277,36.2368,3.0355
g7,2044.9,60.9543,36.0403,3.0055
g7,2045.0,61.1800,35.8445,2.9756
g7,2045.1,61.4048,35.6494,2.9458
g7,2045.2,61.6287,35.4551,2.9162
g7,2045.3,61.8517,35.2616,2.8868
g7,2045.4,62.0738,35.0687,2.8575
g7,2045.5,62.2950,34.8767,2.8283
g7,2045.6,62.5153,34.6853,2.7994
g7,2045.7,62.7347,34.4948,2.7706
g7,2045.8,62.9531,34.3049,2.7419
g7,2045.9,63.1707,34.1158,2.7135
g7,2046.0,63.3874,33.9275,2.6852
g7,2046.1,63.6031,33.7399,2.6570
g7,2046.2,63.8179,33.5530,2.6291
g7,2046.3,64.0318,33.3669,2.6013
g7,2046.4,64.2448,33.1815,2.5737
g7,2046.5,64.4569,32.9969,2.5462
g7,2046.6,64.6680,32.8130,2.5190
g7,2046.7,64.8782,32.6299,2.4919
g7,2046.8,65.0875,32.4475,2.4650
g7,2046.9,65.2959,32.2659,2.4382
g7,2047.0,65.5034,32.0850,2.4117
g7,2047.1,65.7099,31.9048,2.3853
g7,2047.2,65.9155,31.7254,2.3591
g7,2047.3,66.1201,31.5468,2.3331
g7,2047.4,66.3239,31.3689,2.3072
g7,2047.5,66.5267,31.1917,2.2816
g7,2047.6,66.7285,31.0153,2.2561
g7,2047.7,66.9295,30.8397,2.2308
g7,2047.8,67.1295,30.6648,2.2057
g7,2047.9,67.3286,30.4906,2.1808
g7,2048.0,67.5267,30.3172,2.1561
g7,2048.1,67.7239,30.1445,2.1316
g7,2048.2,67.9202,29.9726,2.1126
g7,2048.3,68.1155,29.8015,2.1017
g7,2048.4,68.3099,29.6311,2.0910
g7,2048.5,68.5034,29.4614,2.0804
g7,2048.6,68.6959,29.2925,2.0700
g7,2048.7,68.8875,29.1244,2.0596
g7,2048.8,69.0781,28.9570,2.0494
g7,2048.9,69.2678,28.7903,2.0393
g7,2049.0,69.4566,28.6245,2.0294
g7,2049.1,69.6444,28.4593,2.0195
g7,2049.2,69.8313,28.2950,2.0098
g7,2049.3,70.0173,28.1313,2.0002
g7,2049.4,70.2023,27.9685,1.9909
g7,2049.5,70.3863,27.8064,1.9817
g7,2049.6,70.5695,27.6451,1.9726
g7,2049.7,70.7516,27.4845,1.9636
g7,2049.8,70.9329,27.3246,1.9547
g7,2049.9,71.1132,27.1656,1.9459
g7,2050.0,71.2925,27.0073,1.9372
north_america,2015.0,0.3458,99.4422,0.2120
north_america,2015.1,0.3656,99.4129,0.2214
north_america,2015.2,0.3862,99.3828,0.2310
north_america,2015.3,0.4075,99.3517,0.2408
north_america,2015.4,0.4296,99.3196,0.2508
north_america,2015.5,0.4524,99.2866,0.2610
north_america,2015.6,0.4760,99.2527,0.2713
north_america,2015.7,0.5003,99.2178,0.2819
north_america,2015.8,0.5255,99.1819,0.2927
north_america,2015.9,0.5514,99.1450,0.3036
north_america,2016.0,0.5782,99.1071,0.3147
north_america,2016.1,0.6057,99.0683,0.3260
north_america,2016.2,0.6341,99.0284,0.3375
north_america,2016.3,0.6634,98.9875,0.3492
north_america,2016.4,0.6935,98.9455,0.3610
north_america,2016.5,0.7244,98.9025,0.3731
north_america,2016.6,0.7562,98.8585,0.3852
north_america,2016.7,0.7889,98.8134,0.3976
north_america,2016.8,0.8226,98.7673,0.4101
north_america,2016.9,0.8571,98.7201,0.4229
north_america,2017.0,0.8925,98.6718,0.4357
north_america,2017.1,0.9288,98.6224,0.4487
north_america,2017.2,0.9661,98.5719,0.4619
north_america,2017.3,1.0043,98.5204,0.4753
north_america,2017.4,1.0435,98.4677,0.4888
north_america,2017.5,1.0837,98.4139,0.5024
north_america,2017.6,1.1248,98.3590,0.5163
north_america,2017.7,1.1669,98.3029,0.5302
north_america,2017.8,1.2100,98.2457,0.5443
north_america,2017.9,1.2541,98.1873,0.5586
north_america,2018.0,1.2992,98.1279,0.5729
north_america,2018.1,1.3453,98.0672,0.5875
north_america,2018.2,1.3925,98.0054,0.6021
north_america,2018.3,1.4407,97.9424,0.6169
north_america,2018.4,1.4900,97.8782,0.6318
north_america,2018.5,1.5403,97.8128,0.6469
north_america,2018.6,1.5917,97.7463,0.6621
north_america,2018.7,1.6441,97.6785,0.6773
north_america,2018.8,1.6977,97.6096,0.6928
north_america,2018.9,1.7523,97.5394,0.7083
north_america,2019.0,1.8081,97.4680,0.7239
north_america,2019.1,1.8649,97.3954,0.7397
north_america,2019.2,1.9229,97.3216,0.7555
north_america,2019.3,1.9820,97.2465,0.7715
north_america,2019.4,2.0423,97.1702,0.7875
north_america,2019.5,2.1037,97.0926,0.8037
north_america,2019.6,2.1662,97.0138,0.8199
north_america,2019.7,2.2299,96.9338,0.8363
north_america,2019.8,2.2948,96.8525,0.8527
north_america,2019.9,2.3609,96.7699,0.8692
north_america,2020.0,2.4281,96.6860,0.8858
north_america,2020.1,2.4966,96.6009,0.9025
north_america,2020.2,2.5662,96.5145,0.9193
north_america,2020.3,2.6371,96.4269,0.9361
north_america,2020.4,2.7091,96.3379,0.9530
north_america,2020.5,2.7824,96.2476,0.9699
north_america,2020.6,2.8570,96.1561,0.9870
north_america,2020.7,2.9327,96.0632,1.0040
north_america,2020.8,3.0097,95.9691,1.0212
north_america,2020.9,3.0880,95.8736,1.0384
north_america,2021.0,3.1675,95.7769,1.0556
north_america,2021.1,3.2483,95.6788,1.0729
north_america,2021.2,3.3304,95.5794,1.0902
north_america,2021.3,3.4138,95.4787,1.1076
north_america,2021.4,3.4984,95.3766,1.1250
north_america,2021.5,3.5843,95.2733,1.1424
north_america,2021.6,3.6716,95.1686,1.1599
north_america,2021.7,3.7601,95.0625,1.1774
north_america,2021.8,3.8500,94.9552,1.1949
north_america,2021.9,3.9411,94.8465,1.2124
north_america,2022.0,4.0336,94.7364,1.2299
north_america,2022.1,4.1274,94.6251,1.2475
north_america,2022.2,4.2226,94.5123,1.2651
north_america,2022.3,4.3191,94.3983,1.2826
north_america,2022.4,4.4170,94.2828,1.3002
north_america,2022.5,4.5162,94.1661,1.3178
north_america,2022.6,4.6167,94.0479,1.3353
north_america,2022.7,4.7187,93.9285,1.3529
north_america,2022.8,4.8220,93.8076,1.3704
north_america,2022.9,4.9266,93.6854,1.3879
north_america,2023.0,5.0327,93.5619,1.4054
north_america,2023.1,5.1401,93.4370,1.4229
north_america,2023.2,5.2489,93.3107,1.4404
north_america,2023.3,5.3592,93.1831,1.4578
north_america,2023.4,5.4708,93.0541,1.4752
north_america,2023.5,5.5838,92.9237,1.4925
north_america,2023.6,5.6982,92.7920,1.5098
north_america,2023.7,5.8140,92.6589,1.5271
north_america,2023.8,5.9313,92.5245,1.5443
north_america,2023.9,6.0499,92.3886,1.5614
north_america,2024.0,6.1700,92.2515,1.5786
north_america,2024.1,6.2915,92.1129,1.5956
north_america,2024.2,6.4144,91.9730,1.6126
north_america,2024.3,6.5388,91.8317,1.6295
north_america,2024.4,6.6646,91.6891,1.6463
north_america,2024.5,6.7918,91.5451,1.6631
north_america,2024.6,6.9205,91.3997,1.6798
north_america,2024.7,7.0506,91.2530,1.6964
north_america,2024.8,7.1822,91.1049,1.7130
north_america,2024.9,7.3152,90.9554,1.7294
north_america,2025.0,7.4496,90.8046,1.7458
north_america,2025.1,7.5856,90.6524,1.7620
north_america,2025.2,7.7229,90.4989,1.7782
north_america,2025.3,7.8618,90.3440,1.7943
north_america,2025.4,8.0020,90.1877,1.8102
north_america,2025.5,8.1438,90.0301,1.8261
north_america,2025.6,8.2870,89.8712,1.8418
north_america,2025.7,8.4317,89.7109,1.8574
north_america,2025.8,8.5778,89.5492,1.8730
north_america,2025.9,8.7254,89.3862,1.8883
north_america,2026.0,8.8745,89.2219,1.9036
north_america,2026.1,9.0250,89.0562,1.9187
north_america,2026.2,9.1770,88.8892,1.9338
north_america,2026.3,9.3305,88.7208,1.9486
north_america,2026.4,9.4855,88.5512,1.9634
north_america,2026.5,9.6419,88.3801,1.9780
north_america,2026.6,9.7998,88.2078,1.9924
north_america,2026.7,9.9592,88.0341,2.0067
north_america,2026.8,10.1200,87.8591,2.0209
north_america,2026.9,10.2823,87.6828,2.0349
north_america,2027.0,10.4461,87.5052,2.0487
north_america,2027.1,10.6113,87.3263,2.0624
north_america,2027.2,10.7781,87.1460,2.0759
north_america,2027.3,10.9462,86.9645,2.0893
north_america,2027.4,11.1159,86.7816,2.1025
north_america,2027.5,11.2870,86.5975,2.1155
north_america,2027.6,11.4596,86.4121,2.1283
north_america,2027.7,11.6337,86.2253,2.1410
north_america,2027.8,11.8092,86.0373,2.1535
north_america,2027.9,11.9862,85.8481,2.1658
north_america,2028.0,12.1646,85.6575,2.1779
north_america,2028.1,12.3445,85.4657,2.1898
north_america,2028.2,12.5259,85.2726,2.2015
north_america,2028.3,12.7087,85.0782,2.2131
north_america,2028.4,12.8929,84.8826,2.2244
north_america,2028.5,13.0786,84.6858,2.2356
north_america,2028.6,13.2658,84.4877,2.2465
north_america,2028.7,13.4544,84.2883,2.2573
north_america,2028.8,13.6444,84.0878,2.2678
north_america,2028.9,13.8359,83.8860,2.2781
north_america,2029.0,14.0288,83.6830,2.2882
north_america,2029.1,14.2232,83.4787,2.2981
north_america,2029.2,14.4189,83.2733,2.3078
north_america,2029.3,14.6161,83.0666,2.3172
north_america,2029.4,14.8148,82.8588,2.3265
north_america,2029.5,15.0148,82.6497,2.3355
north_america,2029.6,15.2162,82.4395,2.3443
north_america,2029.7,15.4191,82.2281,2.3528
north_america,2029.8,15.6233,82.0155,2.3611
north_america,2029.9,15.8290,81.8018,2.3692
north_america,2030.0,16.0360,81.5869,2.3771
north_america,2030.1,16.2445,81.3708,2.3847
north_america,2030.2,16.4543,81.1537,2.3921
north_america,2030.3,16.6655,80.9353,2.3992
north_america,2030.4,16.8781,80.7159,2.4061
north_america,2030.5,17.0920,80.4953,2.4127
north_america,2030.6,17.3073,80.2736,2.4191
north_america,2030.7,17.5240,80.0508,2.4253
north_america,2030.8,17.7420,79.8268,2.4312
north_america,2030.9,17.9614,79.6018,2.4368
north_america,2031.0,18.1821,79.3758,2.4422
north_america,2031.1,18.4041,79.1486,2.4473
north_america,2031.2,18.6274,78.9204,2.4522
north_america,2031.3,18.8521,78.6911,2.4568
north_america,2031.4,19.0781,78.4607,2.4612
north_america,2031.5,19.3054,78.2293,2.4653
north_america,2031.6,19.5340,77.9969,2.4691
north_america,2031.7,19.7639,77.7634,2.4727
north_america,2031.8,19.9951,77.5290,2.4760
north_america,2031.9,20.2275,77.2935,2.4790
north_america,2032.0,20.4612,77.0570,2.4818
north_america,2032.1,20.6962,76.8195,2.4843
north_america,2032.2,20.9325,76.5811,2.4865
north_america,2032.3,21.1699,76.3416,2.4884
north_america,2032.4,21.4087,76.1012,2.4901
north_america,2032.5,21.6486,75.8599,2.4915
north_america,2032.6,21.8898,75.6176,2.4927
north_america,2032.7,22.1322,75.3743,2.4935
north_america,2032.8,22.3757,75.1302,2.4941
north_america,2032.9,22.6205,74.8851,2.4944
north_america,2033.0,22.8665,74.6391,2.4944
north_america,2033.1,23.1136,74.3922,2.4942
north_america,2033.2,23.3619,74.1444,2.4936
north_america,2033.3,23.6114,73.8958,2.4928
north_america,2033.4,23.8620,73.6462,2.4917
north_america,2033.5,24.1138,73.3958,2.4904
north_america,2033.6,24.3667,73.1446,2.4887
north_america,2033.7,24.6207,72.8925,2.4868
north_america,2033.8,24.8758,72.6396,2.4846
north_america,2033.9,25.1320,72.3859,2.4821
north_america,2034.0,25.3893,72.1314,2.4793
north_america,2034.1,25.6477,71.8761,2.4762
north_america,2034.2,25.9071,71.6200,2.4729
north_america,2034.3,26.1676,71.3631,2.4693
north_america,2034.4,26.4292,71.1054,2.4654
north_america,2034.5,26.6918,70.8470,2.4612
north_america,2034.6,26.9554,70.5879,2.4567
north_america,2034.7,27.2200,70.3280,2.4520
north_america,2034.8,27.4857,70.0674,2.4469
north_america,2034.9,27.7523,69.8061,2.4416
north_america,2035.0,28.0199,69.5441,2.4360
north_america,2035.1,28.2884,69.2814,2.4301
north_america,2035.2,28.5580,69.0180,2.4240
north_america,2035.3,28.8284,68.7540,2.4176
north_america,2035.4,29.0998,68.4893,2.4109
north_america,2035.5,29.3721,68.2240,2.4039
north_america,2035.6,29.6454,67.9580,2.3966
north_america,2035.7,29.9195,67.6914,2.3891
north_america,2035.8,30.1945,67.4243,2.3813
north_america,2035.9,30.4704,67.1565,2.3732
north_america,2036.0,30.7471,66.8881,2.3648
north_america,2036.1,31.0247,66.6192,2.3562
north_america,2036.2,31.3031,66.3497,2.3473
north_america,2036.3,31.5823,66.0796,2.3381
north_america,2036.4,31.8623,65.8090,2.3286
north_america,2036.5,32.1432,65.5379,2.3189
north_america,2036.6,32.4248,65.2663,2.3089
north_america,2036.7,32.7072,64.9941,2.2987
north_america,2036.8,32.9903,64.7215,2.2882
north_america,2036.9,33.2742,64.4484,2.2774
north_america,2037.0,33.5588,64.1749,2.2664
north_america,2037.1,33.8441,63.9008,2.2551
north_america,2037.2,34.1301,63.6264,2.2435
north_america,2037.3,34.4168,63.3515,2.2317
north_america,2037.4,34.7042,63.0762,2.2196
north_america,2037.5,34.9922,62.8005,2.2073
north_america,2037.6,35.2809,62.5244,2.1947
north_america,2037.7,35.5702,62.2479,2.1819
north_america,2037.8,35.8601,61.9711,2.1689
north_america,2037.9,36.1506,61.6939,2.1555
north_america,2038.0,36.4417,61.4163,2.1420
north_america,2038.1,36.7334,61.1385,2.1282
north_america,2038.2,37.0256,60.8603,2.1141
north_america,2038.3,37.3184,60.5818,2.0998
north_america,2038.4,37.6117,60.3030,2.0853
north_america,2038.5,37.9055,60.0239,2.0706
north_america,2038.6,38.1998,59.7446,2.0556
north_america,2038.7,38.4946,59.4650,2.0404
north_america,2038.8,38.7899,59.1851,2.0249
north_america,2038.9,39.0857,58.9051,2.0093
north_america,2039.0,39.3818,58.6248,1.9934
north_america,2039.1,39.6784,58.3443,1.9773
north_america,2039.2,39.9754,58.0636,1.9609
north_america,2039.3,40.2728,57.7828,1.9444
north_america,2039.4,40.5706,57.5017,1.9276
north_america,2039.5,40.8688,57.2205,1.9107
north_america,2039.6,41.1673,56.9392,1.8935
north_america,2039.7,41.4661,56.6578,1.8761
north_america,2039.8,41.7653,56.3762,1.8586
north_america,2039.9,42.0647,56.0945,1.8408
north_america,2040.0,42.3645,55.8127,1.8228
north_america,2040.1,42.6645,55.5309,1.8046
north_america,2040.2,42.9647,55.2490,1.7863
north_america,2040.3,43.2653,54.9670,1.7677
north_america,2040.4,43.5660,54.6850,1.7490
north_america,2040.5,43.8670,54.4030,1.7301
north_america,2040.6,44.1681,54.1209,1.7110
north_america,2040.7,44.4695,53.8388,1.6917
north_america,2040.8,44.7710,53.5568,1.6723
north_america,2040.9,45.0726,53.2747,1.6527
north_america,2041.0,45.3744,52.9927,1.6329
north_america,2041.1,45.6763,52.7108,1.6129
north_america,2041.2,45.9783,52.4289,1.5928
north_america,2041.3,46.2804,52.1471,1.5726
north_america,2041.4,46.5825,51.8653,1.5521
north_america,2041.5,46.8848,51.5837,1.5316
north_america,2041.6,47.1870,51.3021,1.5109
north_america,2041.7,47.4893,51.0207,1.4900
north_america,2041.8,47.7916,50.7394,1.4690
north_america,2041.9,48.0939,50.4583,1.4479
north_america,2042.0,48.3961,50.1773,1.4266
north_america,2042.1,48.6984,49.8964,1.4052
north_america,2042.2,49.0005,49.6158,1.3837
north_america,2042.3,49.3027,49.3353,1.3620
north_america,2042.4,49.6047,49.0551,1.3402
north_america,2042.5,49.9066,48.7751,1.3183
north_america,2042.6,50.2084,48.4953,1.2963
north_america,2042.7,50.5101,48.2157,1.2742
north_america,2042.8,50.8116,47.9364,1.2520
north_america,2042.9,51.1130,47.6573,1.2297
north_america,2043.0,51.4142,47.3786,1.2072
north_america,2043.1,51.7152,47.1001,1.1847
north_america,2043.2,52.0160,46.8219,1.1621
north_america,2043.3,52.3165,46.5440,1.1394
north_america,2043.4,52.6169,46.2665,1.1166
north_america,2043.5,52.9170,45.9893,1.0938
north_america,2043.6,53.2168,45.7124,1.0708
north_america,2043.7,53.5163,45.4359,1.0478
north_america,2043.8,53.8155,45.1598,1.0247
north_america,2043.9,54.1145,44.8840,1.0015
north_america,2044.0,54.4131,44.6086,0.9783
north_america,2044.1,54.7113,44.3337,0.9550
north_america,2044.2,55.0092,44.0591,0.9317
north_america,2044.3,55.3067,43.7850,0.9083
north_america,2044.4,55.6038,43.5113,0.8849
north_america,2044.5,55.9006,43.2380,0.8614
north_america,2044.6,56.1969,42.9652,0.8379
north_america,2044.7,56.4928,42.6929,0.8143
north_america,2044.8,56.7882,42.4211,0.7907
north_america,2044.9,57.0832,42.1497,0.7671
north_america,2045.0,57.3777,41.8789,0.7435
north_america,2045.1,57.6717,41.6085,0.7198
north_america,2045.2,57.9652,41.3387,0.6961
north_america,2045.3,58.2582,41.0694,0.6724
north_america,2045.4,58.5507,40.8007,0.6487
north_america,2045.5,58.8426,40.5325,0.6249
north_america,2045.6,59.1339,40.2648,0.6012
north_america,2045.7,59.4247,39.9978,0.5775
north_america,2045.8,59.7149,39.7313,0.5538
north_america,2045.9,60.0045,39.4654,0.5300
north_america,2046.0,60.2935,39.2001,0.5063
north_america,2046.1,60.5819,38.9355,0.4826
north_america,2046.2,60.8696,38.6714,0.4590
north_america,2046.3,61.1567,38.4080,0.4353
north_america,2046.4,61.4431,38.1453,0.4117
north_america,2046.5,61.7288,37.8832,0.3881
north_america,2046.6,62.0138,37.6217,0.3645
north_america,2046.7,62.2981,37.3609,0.3410
north_america,2046.8,62.5817,37.1008,0.3175
north_america,2046.9,62.8646,36.8414,0.2940
north_america,2047.0,63.1467,36.5827,0.2706
north_america,2047.1,63.4281,36.3247,0.2472
north_america,2047.2,63.7087,36.0674,0.2239
north_america,2047.3,63.9885,35.8108,0.2007
north_america,2047.4,64.2676,35.5550,0.1775
north_america,2047.5,64.5458,35.2999,0.1543
north_america,2047.6,64.8232,35.0455,0.1313
north_america,2047.7,65.0998,34.7919,0.1083
north_america,2047.8,65.3755,34.5391,0.0854
north_america,2047.9,65.6504,34.2871,0.0625
north_america,2048.0,65.9244,34.0358,0.0398
north_america,2048.1,66.1976,33.7854,0.0171
north_america,2048.2,66.4698,33.5357,0.0035
north_america,2048.3,66.7412,33.2869,0.0031
north_america,2048.4,67.0116,33.0388,0.0028
north_america,2048.5,67.2812,32.7916,0.0025
north_america,2048.6,67.5498,32.5452,0.0021
north_america,2048.7,67.8174,32.2997,0.0018
north_america,2048.8,68.0842,32.0550,0.0015
north_america,2048.9,68.3499,31.8111,0.0012
north_america,2049.0,68.6147,31.5681,0.0008
north_america,2049.1,68.8785,31.3260,0.0005
north_america,2049.2,69.1413,31.0848,0.0002
north_america,2049.3,69.4031,30.8444,0.0000
north_america,2049.4,69.6639,30.6049,0.0000
north_america,2049.5,69.9237,30.3664,0.0000
north_america,2049.6,70.1824,30.1287,0.0000
north_america,2049.7,70.4401,29.8919,0.0000
north_america,2049.8,70.6968,29.6561,0.0000
north_america,2049.9,70.9524,29.4211,0.0000
north_america,2050.0,71.2069,29.1871,0.0000
south_america,2015.0,0.0000,99.9998,0.0001
south_america,2015.1,0.0001,99.9998,0.0002
south_america,2015.2,0.0001,99.9997,0.0002
south_america,2015.3,0.0001,99.9997,0.0002
south_america,2015.4,0.0001,99.9996,0.0003
south_america,2015.5,0.0001,99.9995,0.0003
south_america,2015.6,0.0002,99.9995,0.0004
south_america,2015.7,0.0002,99.9994,0.0005
south_america,2015.8,0.0002,99.9992,0.0005
south_america,2015.9,0.0003,99.9991,0.0006
south_america,2016.0,0.0003,99.9989,0.0008
south_america,2016.1,0.0004,99.9987,0.0009
south_america,2016.2,0.0005,99.9985,0.0010
south_america,2016.3,0.0005,99.9983,0.0012
south_america,2016.4,0.0006,99.9980,0.0014
south_america,2016.5,0.0007,99.9977,0.0016
south_america,2016.6,0.0009,99.9973,0.0019
south_america,2016.7,0.0010,99.9969,0.0022
south_america,2016.8,0.0012,99.9964,0.0025
south_america,2016.9,0.0014,99.9958,0.0028
south_america,2017.0,0.0016,99.9952,0.0032
south_america,2017.1,0.0018,99.9945,0.0037
south_america,2017.2,0.0021,99.9937,0.0042
south_america,2017.3,0.0024,99.9928,0.0048
south_america,2017.4,0.0028,99.9919,0.0054
south_america,2017.5,0.0032,99.9908,0.0061
south_america,2017.6,0.0036,99.9895,0.0069
south_america,2017.7,0.0042,99.9881,0.0078
south_america,2017.8,0.0047,99.9866,0.0088
south_america,2017.9,0.0054,99.9849,0.0099
south_america,2018.0,0.0061,99.9830,0.0111
south_america,2018.1,0.0069,99.9809,0.0124
south_america,2018.2,0.0078,99.9786,0.0139
south_america,2018.3,0.0088,99.9760,0.0155
south_america,2018.4,0.0099,99.9732,0.0172
south_america,2018.5,0.0112,99.9701,0.0192
south_america,2018.6,0.0125,99.9666,0.0213
south_america,2018.7,0.0141,99.9628,0.0236
south_america,2018.8,0.0157,99.9587,0.0262
south_america,2018.9,0.0176,99.9541,0.0290
south_america,2019.0,0.0196,99.9491,0.0320
south_america,2019.1,0.0219,99.9437,0.0353
south_america,2019.2,0.0244,99.9377,0.0389
south_america,2019.3,0.0271,99.9312,0.0428
south_america,2019.4,0.0301,99.9240,0.0471
south_america,2019.5,0.0333,99.9163,0.0517
south_america,2019.6,0.0369,99.9078,0.0568
south_america,2019.7,0.0408,99.8986,0.0622
south_america,2019.8,0.0451,99.8886,0.0681
south_america,2019.9,0.0498,99.8777,0.0745
south_america,2020.0,0.0549,99.8660,0.0813
south_america,2020.1,0.0604,99.8532,0.0888
south_america,2020.2,0.0664,99.8394,0.0968
south_america,2020.3,0.0730,99.8244,0.1054
south_america,2020.4,0.0802,99.8082,0.1147
south_america,2020.5,0.0880,99.7907,0.1247
south_america,2020.6,0.0965,99.7718,0.1354
south_america,2020.7,0.1057,99.7513,0.1469
south_america,2020.8,0.1158,99.7292,0.1593
south_america,2020.9,0.1268,99.7054,0.1725
south_america,2021.0,0.1388,99.6797,0.1867
south_america,2021.1,0.1517,99.6519,0.2019
south_america,2021.2,0.1659,99.6220,0.2182
south_america,2021.3,0.1812,99.5898,0.2356
south_america,2021.4,0.1978,99.5552,0.2542
south_america,2021.5,0.2158,99.5179,0.2740
south_america,2021.6,0.2354,99.4778,0.2951
south_america,2021.7,0.2565,99.4347,0.3177
south_america,2021.8,0.2793,99.3884,0.3417
south_america,2021.9,0.3040,99.3388,0.3673
south_america,2022.0,0.3306,99.2855,0.3945
south_america,2022.1,0.3592,99.2285,0.4234
south_america,2022.2,0.3901,99.1674,0.4541
south_america,2022.3,0.4233,99.1020,0.4867
south_america,2022.4,0.4589,99.0321,0.5214
south_america,2022.5,0.4972,98.9574,0.5581
south_america,2022.6,0.5382,98.8776,0.5970
south_america,2022.7,0.5822,98.7925,0.6382
south_america,2022.8,0.6292,98.7018,0.6818
south_america,2022.9,0.6795,98.6051,0.7280
south_america,2023.0,0.7332,98.5021,0.7767
south_america,2023.1,0.7906,98.3925,0.8283
south_america,2023.2,0.8517,98.2760,0.8827
south_america,2023.3,0.9168,98.1523,0.9402
south_america,2023.4,0.9862,98.0209,1.0007
south_america,2023.5,1.0599,97.8814,1.0649
south_america,2023.6,1.1383,97.7336,1.1340
south_america,2023.7,1.2215,97.5769,1.2069
south_america,2023.8,1.3097,97.4111,1.2839
south_america,2023.9,1.4033,97.2356,1.3650
south_america,2024.0,1.5024,97.0500,1.4506
south_america,2024.1,1.6073,96.8539,1.5406
south_america,2024.2,1.7183,96.6468,1.6354
south_america,2024.3,1.8356,96.4283,1.7360
south_america,2024.4,1.9595,96.1979,1.8426
south_america,2024.5,2.0903,95.9551,1.9546
south_america,2024.6,2.2283,95.6993,2.0724
south_america,2024.7,2.3737,95.4302,2.1962
south_america,2024.8,2.5269,95.1470,2.3261
south_america,2024.9,2.6881,94.8494,2.4624
south_america,2025.0,2.8578,94.5368,2.6053
south_america,2025.1,3.0362,94.2087,2.7551
south_america,2025.2,3.2237,93.8644,2.9119
south_america,2025.3,3.4206,93.5034,3.0760
south_america,2025.4,3.6272,93.1252,3.2476
south_america,2025.5,3.8440,92.7291,3.4268
south_america,2025.6,4.0713,92.3147,3.6140
south_america,2025.7,4.3095,91.8812,3.8093
south_america,2025.8,4.5589,91.4282,4.0129
south_america,2025.9,4.8200,90.9550,4.2250
south_america,2026.0,5.0931,90.4610,4.4458
south_america,2026.1,5.3788,89.9457,4.6755
south_america,2026.2,5.6773,89.4085,4.9143
south_america,2026.3,5.9891,88.8487,5.1622
south_america,2026.4,6.3146,88.2658,5.4195
south_america,2026.5,6.6544,87.6593,5.6863
south_america,2026.6,7.0088,87.0285,5.9628
south_america,2026.7,7.3782,86.3729,6.2489
south_america,2026.8,7.7632,85.6919,6.5448
south_america,2026.9,8.1642,84.9851,6.8506
south_america,2027.0,8.5817,84.2519,7.1663
south_america,2027.1,9.0162,83.4919,7.4919
south_america,2027.2,9.4680,82.7045,7.8275
south_america,2027.3,9.9378,81.8894,8.1728
south_america,2027.4,10.4259,81.0461,8.5280
south_america,2027.5,10.9329,80.1742,8.8929
south_america,2027.6,11.4593,79.2734,9.2673
south_america,2027.7,12.0054,78.3435,9.6511
south_america,2027.8,12.5719,77.3841,10.0440
south_america,2027.9,13.1591,76.3951,10.4458
south_america,2028.0,13.7675,75.3762,10.8562
south_america,2028.1,14.3976,74.3275,11.2748
south_america,2028.2,15.0499,73.2489,11.7012
south_america,2028.3,15.7247,72.1404,12.1349
south_america,2028.4,16.4224,71.0022,12.5754
south_america,2028.5,17.1435,69.8344,13.0220
south_america,2028.6,17.8884,68.6374,13.4743
south_america,2028.7,18.6574,67.4114,13.9313
south_america,2028.8,19.4508,66.1570,14.3923
south_america,2028.9,20.2689,64.8747,14.8565
south_america,2029.0,21.1120,63.5651,15.3228
south_america,2029.1,21.9804,62.2292,15.7904
south_america,2029.2,22.8742,60.8677,16.2581
south_america,2029.3,23.7936,59.4816,16.7248
south_america,2029.4,24.7387,58.0721,17.1892
south_america,2029.5,25.7096,56.6405,17.6500
south_america,2029.6,26.7062,55.1880,18.1058
south_america,2029.7,27.7286,53.7163,18.5551
south_america,2029.8,28.7766,52.2268,18.9965
south_america,2029.9,29.8501,50.7215,19.4284
south_america,2030.0,30.9488,49.2021,19.8491
south_america,2030.1,32.0723,47.6707,20.2569
south_america,2030.2,33.2205,46.1294,20.6502
south_america,2030.3,34.3926,44.5804,21.0270
south_america,2030.4,35.5883,43.0260,21.3857
south_america,2030.5,36.8069,41.4688,21.7243
south_america,2030.6,38.0477,39.9111,22.0411
south_america,2030.7,39.3099,38.3558,22.3343
south_america,2030.8,40.5926,36.8053,22.6021
south_america,2030.9,41.8948,35.2625,22.8427
south_america,2031.0,43.2154,33.7301,23.0545
south_america,2031.1,44.5534,32.2109,23.2357
south_america,2031.2,45.9073,30.7078,23.3849
south_america,2031.3,47.2759,29.2234,23.5006
south_america,2031.4,48.6578,27.7607,23.5815
south_america,2031.5,50.0513,26.3222,23.6265
south_america,2031.6,51.4549,24.9107,23.6344
south_america,2031.7,52.8668,23.5287,23.6045
south_america,2031.8,54.2854,22.1786,23.5361
south_america,2031.9,55.7086,20.8627,23.4287
south_america,2032.0,57.1346,19.5834,23.2820
south_america,2032.1,58.5614,18.3425,23.0962
south_america,2032.2,59.9869,17.1418,22.8713
south_america,2032.3,61.4090,15.9832,22.6078
south_america,2032.4,62.8257,14.8678,22.3065
south_america,2032.5,64.2347,13.7971,21.9682
south_america,2032.6,65.6338,12.7720,21.5942
south_america,2032.7,67.0209,11.7933,21.1859
south_america,2032.8,68.3937,10.8614,20.7449
south_america,2032.9,69.7501,9.9767,20.2732
south_america,2033.0,71.0879,9.1392,19.7729
south_america,2033.1,72.4051,8.3488,19.2461
south_america,2033.2,73.6995,7.6051,18.6954
south_america,2033.3,74.9692,6.9075,18.1233
south_america,2033.4,76.2123,6.2551,17.5326
south_america,2033.5,77.4269,5.6471,16.9260
south_america,2033.6,78.6113,5.0822,16.3065
south_america,2033.7,79.7640,4.5591,15.6770
south_america,2033.8,80.8834,4.0763,15.0403
south_america,2033.9,81.9681,3.6324,14.3995
south_america,2034.0,83.0171,3.2255,13.7574
south_america,2034.1,84.0293,2.8540,13.1167
south_america,2034.2,85.0038,2.5161,12.4802
south_america,2034.3,85.9398,2.2098,11.8504
south_america,2034.4,86.8369,1.9333,11.2299
south_america,2034.5,87.6946,1.6846,10.6207
south_america,2034.6,88.5129,1.4620,10.0251
south_america,2034.7,89.2916,1.2634,9.4450
south_america,2034.8,90.0310,1.0871,8.8819
south_america,2034.9,90.7313,0.9312,8.3375
south_america,2035.0,91.3931,0.7940,7.8129
south_america,2035.1,92.0170,0.6738,7.3092
south_america,2035.2,92.6037,0.5691,6.8272
south_america,2035.3,93.1543,0.4782,6.3675
south_america,2035.4,93.6697,0.3998,5.9305
south_america,2035.5,94.1512,0.3325,5.5163
south_america,2035.6,94.5999,0.2750,5.1251
south_america,2035.7,95.0172,0.2262,4.7565
south_america,2035.8,95.4046,0.1850,4.4104
south_america,2035.9,95.7635,0.1504,4.0861
south_america,2036.0,96.0954,0.1216,3.7830
south_america,2036.1,96.4018,0.0977,3.5005
south_america,2036.2,96.6844,0.0779,3.2377
south_america,2036.3,96.9445,0.0618,2.9937
south_america,2036.4,97.1837,0.0487,2.7676
south_america,2036.5,97.4036,0.0381,2.5584
south_america,2036.6,97.6055,0.0296,2.3650
south_america,2036.7,97.7908,0.0228,2.1864
south_america,2036.8,97.9609,0.0175,2.0216
south_america,2036.9,98.1171,0.0133,1.8696
south_america,2037.0,98.2606,0.0100,1.7294
south_america,2037.1,98.3924,0.0075,1.6002
south_america,2037.2,98.5136,0.0056,1.4809
south_america,2037.3,98.6252,0.0041,1.3707
south_america,2037.4,98.7281,0.0030,1.2689
south_america,2037.5,98.8231,0.0022,1.1748
south_america,2037.6,98.9109,0.0015,1.0876
south_america,2037.7,98.9921,0.0011,1.0068
south_america,2037.8,99.0675,0.0008,0.9317
south_america,2037.9,99.1375,0.0005,0.8620
south_america,2038.0,99.2025,0.0004,0.7971
south_america,2038.1,99.2631,0.0003,0.7367
south_america,2038.2,99.3195,0.0002,0.6803
south_america,2038.3,99.3722,0.0001,0.6277
south_america,2038.4,99.4213,0.0001,0.5787
south_america,2038.5,99.4671,0.0000,0.5328
south_america,2038.6,99.5099,0.0000,0.4901
south_america,2038.7,99.5499,0.0000,0.4501
south_america,2038.8,99.5871,0.0000,0.4128
south_america,2038.9,99.6219,0.0000,0.3781
south_america,2039.0,99.6543,0.0000,0.3457
south_america,2039.1,99.6845,0.0000,0.3155
south_america,2039.2,99.7125,0.0000,0.2875
south_america,2039.3,99.7385,0.0000,0.2615
south_america,2039.4,99.7627,0.0000,0.2373
south_america,2039.5,99.7850,0.0000,0.2150
south_america,2039.6,99.8057,0.0000,0.1943
south_america,2039.7,99.8247,0.0000,0.1753
south_america,2039.8,99.8422,0.0000,0.1578
south_america,2039.9,99.8583,0.0000,0.1417
south_america,2040.0,99.8730,0.0000,0.1270
south_america,2040.1,99.8865,0.0000,0.1135
south_america,2040.2,99.8987,0.0000,0.1013
south_america,2040.3,99.9099,0.0000,0.0901
south_america,2040.4,99.9200,0.0000,0.0800
south_america,2040.5,99.9292,0.0000,0.0708
south_america,2040.6,99.9375,0.0000,0.0625
south_america,2040.7,99.9449,0.0000,0.0551
south_america,2040.8,99.9516,0.0000,0.0484
south_america,2040.9,99.9576,0.0000,0.0424
south_america,2041.0,99.9630,0.0000,0.0370
south_america,2041.1,99.9678,0.0000,0.0322
south_america,2041.2,99.9720,0.0000,0.0280
south_america,2041.3,99.9757,0.0000,0.0243
south_america,2041.4,99.9790,0.0000,0.0210
south_america,2041.5,99.9820,0.0000,0.0180
south_america,2041.6,99.9845,0.0000,0.0155
south_america,2041.7,99.9867,0.0000,0.0133
south_america,2041.8,99.9887,0.0000,0.0113
south_america,2041.9,99.9904,0.0000,0.0096
south_america,2042.0,99.9919,0.0000,0.0081
south_america,2042.1,99.9931,0.0000,0.0069
south_america,2042.2,99.9942,0.0000,0.0058
south_america,2042.3,99.9951,0.0000,0.0049
south_america,2042.4,99.9959,0.0000,0.0041
south_america,2042.5,99.9966,0.0000,0.0034
south_america,2042.6,99.9972,0.0000,0.0028
south_america,2042.7,99.9977,0.0000,0.0023
south_america,2042.8,99.9981,0.0000,0.0019
south_america,2042.9,99.9984,0.0000,0.0016
south_america,2043.0,99.9987,0.0000,0.0013
south_america,2043.1,99.9989,0.0000,0.0011
south_america,2043.2,99.9991,0.0000,0.0009
south_america,2043.3,99.9993,0.0000,0.0007
south_america,2043.4,99.9994,0.0000,0.0006
south_america,2043.5,99.9996,0.0000,0.0004
south_america,2043.6,99.9996,0.0000,0.0004
south_america,2043.7,99.9997,0.0000,0.0003
south_america,2043.8,99.9998,0.0000,0.0002
south_america,2043.9,99.9998,0.0000,0.0002
south_america,2044.0,99.9999,0.0000,0.0001
south_america,2044.1,99.9999,0.0000,0.0001
south_america,2044.2,99.9999,0.0000,0.0001
south_america,2044.3,99.9999,0.0000,0.0001
south_america,2044.4,99.9999,0.0000,0.0001
south_america,2044.5,100.0000,0.0000,0.0000
south_america,2044.6,100.0000,0.0000,0.0000
south_america,2044.7,100.0000,0.0000,0.0000
south_america,2044.8,100.0000,0.0000,0.0000
south_america,2044.9,100.0000,0.0000,0.0000
south_america,2045.0,100.0000,0.0000,0.0000
south_america,2045.1,100.0000,0.0000,0.0000
south_america,2045.2,100.0000,0.0000,0.0000
south_america,2045.3,100.0000,0.0000,0.0000
south_america,2045.4,100.0000,0.0000,0.0000
south_america,2045.5,100.0000,0.0000,0.0000
south_america,2045.6,100.0000,0.0000,0.0000
south_america,2045.7,100.0000,0.0000,0.0000
south_america,2045.8,100.0000,0.0000,0.0000
south_america,2045.9,100.0000,0.0000,0.0000
south_america,2046.0,100.0000,0.0000,0.0000
south_america,2046.1,100.0000,0.0000,0.0000
south_america,2046.2,100.0000,0.0000,0.0000
south_america,2046.3,100.0000,0.0000,0.0000
south_america,2046.4,100.0000,0.0000,0.0000
south_america,2046.5,100.0000,0.0000,0.0000
south_america,2046.6,100.0000,0.0000,0.0000
south_america,2046.7,100.0000,0.0000,0.0000
south_america,2046.8,100.0000,0.0000,0.0000
south_america,2046.9,100.0000,0.0000,0.0000
south_america,2047.0,100.0000,0.0000,0.0000
south_america,2047.1,100.0000,0.0000,0.0000
south_america,2047.2,100.0000,0.0000,0.0000
south_america,2047.3,100.0000,0.0000,0.0000
south_america,2047.4,100.0000,0.0000,0.0000
south_america,2047.5,100.0000,0.0000,0.0000
south_america,2047.6,100.0000,0.0000,0.0000
south_america,2047.7,100.0000,0.0000,0.0000
south_america,2047.8,100.0000,0.0000,0.0000
south_america,2047.9,100.0000,0.0000,0.0000
south_america,2048.0,100.0000,0.0000,0.0000
south_america,2048.1,100.0000,0.0000,0.0000
south_america,2048.2,100.0000,0.0000,0.0000
south_america,2048.3,100.0000,0.0000,0.0000
south_america,2048.4,100.0000,0.0000,0.0000
south_america,2048.5,100.0000,0.0000,0.0000
south_america,2048.6,100.0000,0.0000,0.0000
south_america,2048.7,100.0000,0.0000,0.0000
south_america,2048.8,100.0000,0.0000,0.0000
south_america,2048.9,100.0000,0.0000,0.0000
south_america,2049.0,100.0000,0.0000,0.0000
south_america,2049.1,100.0000,0.0000,0.0000
south_america,2049.2,100.0000,0.0000,0.0000
south_america,2049.3,100.0000,0.0000,0.0000
south_america,2049.4,100.0000,0.0000,0.0000
south_america,2049.5,100.0000,0.0000,0.0000
south_america,2049.6,100.0000,0.0000,0.0000
south_america,2049.7,100.0000,0.0000,0.0000
south_america,2049.8,100.0000,0.0000,0.0000
south_america,2049.9,100.0000,0.0000,0.0000
south_america,2050.0,100.0000,0.0000,0.0000
americas,2015.0,0.2909,99.5308,0.1784
americas,2015.1,0.3076,99.5062,0.1863
americas,2015.2,0.3249,99.4808,0.1944
americas,2015.3,0.3428,99.4546,0.2026
americas,2015.4,0.3614,99.4276,0.2110
americas,2015.5,0.3806,99.3999,0.2196
americas,2015.6,0.4004,99.3713,0.2283
americas,2015.7,0.4209,99.3419,0.2372
americas,2015.8,0.4420,99.3117,0.2463
americas,2015.9,0.4639,99.2807,0.2555
americas,2016.0,0.4864,99.2488,0.2648
americas,2016.1,0.5096,99.2161,0.2744
americas,2016.2,0.5335,99.1825,0.2841
americas,2016.3,0.5581,99.1480,0.2939
americas,2016.4,0.5834,99.1127,0.3039
americas,2016.5,0.6095,99.0765,0.3141
americas,2016.6,0.6362,99.0394,0.3243
americas,2016.7,0.6638,99.0014,0.3348
americas,2016.8,0.6921,98.9625,0.3454
americas,2016.9,0.7211,98.9227,0.3561
americas,2017.0,0.7510,98.8820,0.3670
americas,2017.1,0.7816,98.8404,0.3781
americas,2017.2,0.8130,98.7978,0.3892
americas,2017.3,0.8452,98.7543,0.4005
americas,2017.4,0.8782,98.7098,0.4120
americas,2017.5,0.9120,98.6644,0.4236
americas,2017.6,0.9467,98.6180,0.4354
americas,2017.7,0.9822,98.5706,0.4472
americas,2017.8,1.0185,98.5222,0.4592
americas,2017.9,1.0557,98.4729,0.4714
americas,2018.0,1.0938,98.4225,0.4837
americas,2018.1,1.1327,98.3712,0.4961
americas,2018.2,1.1726,98.3188,0.5087
americas,2018.3,1.2133,98.2654,0.5214
americas,2018.4,1.2549,98.2110,0.5342
americas,2018.5,1.2974,98.1555,0.5472
americas,2018.6,1.3408,98.0990,0.5603
americas,2018.7,1.3852,98.0414,0.5735
americas,2018.8,1.4305,97.9827,0.5869
americas,2018.9,1.4768,97.9230,0.6004
americas,2019.0,1.5240,97.8621,0.6140
americas,2019.1,1.5722,97.8002,0.6278
americas,2019.2,1.6213,97.7371,0.6417
americas,2019.3,1.6715,97.6729,0.6557
americas,2019.4,1.7227,97.6076,0.6699
americas,2019.5,1.7748,97.5411,0.6842
americas,2019.6,1.8280,97.4735,0.6987
americas,2019.7,1.8822,97.4047,0.7133
americas,2019.8,1.9375,97.3347,0.7281
americas,2019.9,1.9938,97.2636,0.7430
americas,2020.0,2.0511,97.1912,0.7580
americas,2020.1,2.1096,97.1175,0.7732
americas,2020.2,2.1691,97.0427,0.7886
americas,2020.3,2.2298,96.9665,0.8041
americas,2020.4,2.2915,96.8891,0.8198
americas,2020.5,2.3544,96.8104,0.8357
americas,2020.6,2.4185,96.7304,0.8517
americas,2020.7,2.4837,96.6491,0.8679
americas,2020.8,2.5501,96.5664,0.8843
americas,2020.9,2.6176,96.4823,0.9008
americas,2021.0,2.6864,96.3968,0.9176
americas,2021.1,2.7565,96.3099,0.9345
americas,2021.2,2.8277,96.2215,0.9517
americas,2021.3,2.9003,96.1317,0.9691
americas,2021.4,2.9741,96.0404,0.9867
americas,2021.5,3.0493,95.9475,1.0045
americas,2021.6,3.1257,95.8531,1.0225
americas,2021.7,3.2036,95.7570,1.0408
americas,2021.8,3.2828,95.6594,1.0594
americas,2021.9,3.3634,95.5601,1.0782
americas,2022.0,3.4454,95.4590,1.0972
americas,2022.1,3.5289,95.3563,1.1166
americas,2022.2,3.6138,95.2518,1.1362
americas,2022.3,3.7003,95.1454,1.1562
americas,2022.4,3.7883,95.0372,1.1765
americas,2022.5,3.8778,94.9271,1.1971
americas,2022.6,3.9689,94.8151,1.2180
americas,2022.7,4.0616,94.7011,1.2394
americas,2022.8,4.1560,94.5850,1.2610
americas,2022.9,4.2520,94.4669,1.2831
americas,2023.0,4.3497,94.3466,1.3056
americas,2023.1,4.4492,94.2241,1.3285
americas,2023.2,4.5505,94.0994,1.3518
americas,2023.3,4.6535,93.9724,1.3756
americas,2023.4,4.7584,93.8430,1.3998
americas,2023.5,4.8652,93.7112,1.4246
americas,2023.6,4.9739,93.5769,1.4501
americas,2023.7,5.0845,93.4401,1.4762
americas,2023.8,5.1972,93.3007,1.5029
americas,2023.9,5.3118,93.1585,1.5302
americas,2024.0,5.4286,93.0137,1.5582
americas,2024.1,5.5474,92.8660,1.5869
americas,2024.2,5.6685,92.7154,1.6162
americas,2024.3,5.7917,92.5619,1.6464
americas,2024.4,5.9172,92.4053,1.6775
americas,2024.5,6.0450,92.2456,1.7094
americas,2024.6,6.1752,92.0827,1.7422
americas,2024.7,6.3077,91.9165,1.7758
americas,2024.8,6.4427,91.7469,1.8104
americas,2024.9,6.5802,91.5740,1.8458
americas,2025.0,6.7203,91.3974,1.8823
americas,2025.1,6.8629,91.2173,1.9198
americas,2025.2,7.0082,91.0335,1.9583
americas,2025.3,7.1563,90.8458,1.9979
americas,2025.4,7.3071,90.6543,2.0385
americas,2025.5,7.4608,90.4589,2.0803
americas,2025.6,7.6174,90.2593,2.1233
americas,2025.7,7.7769,90.0556,2.1675
americas,2025.8,7.9394,89.8477,2.2129
americas,2025.9,8.1051,89.6354,2.2595
americas,2026.0,8.2738,89.4187,2.3074
americas,2026.1,8.4458,89.1975,2.3566
americas,2026.2,8.6211,88.9717,2.4072
americas,2026.3,8.7998,88.7412,2.4591
americas,2026.4,8.9818,88.5058,2.5124
americas,2026.5,9.1673,88.2656,2.5670
americas,2026.6,9.3565,88.0205,2.6231
americas,2026.7,9.5492,87.7702,2.6806
americas,2026.8,9.7456,87.5149,2.7395
americas,2026.9,9.9459,87.2543,2.7998
americas,2027.0,10.1499,86.9884,2.8616
americas,2027.1,10.3580,86.7172,2.9248
americas,2027.2,10.5700,86.4405,2.9895
americas,2027.3,10.7861,86.1583,3.0556
americas,2027.4,11.0063,85.8706,3.1231
americas,2027.5,11.2308,85.5772,3.1920
americas,2027.6,11.4596,85.2781,3.2623
americas,2027.7,11.6927,84.9733,3.3339
americas,2027.8,11.9303,84.6628,3.4068
americas,2027.9,12.1725,84.3465,3.4810
americas,2028.0,12.4192,84.0244,3.5564
americas,2028.1,12.6706,83.6964,3.6329
americas,2028.2,12.9268,83.3627,3.7105
americas,2028.3,13.1878,83.0231,3.7891
americas,2028.4,13.4536,82.6778,3.8686
americas,2028.5,13.7243,82.3267,3.9490
americas,2028.6,14.0001,81.9699,4.0300
americas,2028.7,14.2809,81.6075,4.1116
americas,2028.8,14.5667,81.2396,4.1937
americas,2028.9,14.8578,80.8661,4.2761
americas,2029.0,15.1540,80.4873,4.3587
americas,2029.1,15.4554,80.1033,4.4413
americas,2029.2,15.7620,79.7143,4.5237
americas,2029.3,16.0739,79.3203,4.6058
americas,2029.4,16.3911,78.9215,4.6873
americas,2029.5,16.7136,78.5183,4.7681
americas,2029.6,17.0414,78.1107,4.8479
americas,2029.7,17.3744,77.6991,4.9265
americas,2029.8,17.7127,77.2837,5.0036
americas,2029.9,18.0562,76.8648,5.0790
americas,2030.0,18.4048,76.4427,5.1524
americas,2030.1,18.7587,76.0177,5.2236
americas,2030.2,19.1175,75.5902,5.2923
americas,2030.3,19.4814,75.1605,5.3581
americas,2030.4,19.8501,74.7290,5.4209
americas,2030.5,20.2236,74.2961,5.4803
americas,2030.6,20.6018,73.8622,5.5360
americas,2030.7,20.9846,73.4277,5.5877
americas,2030.8,21.3717,72.9931,5.6352
americas,2030.9,21.7631,72.5587,5.6782
americas,2031.0,22.1585,72.1252,5.7164
americas,2031.1,22.5578,71.6928,5.7495
americas,2031.2,22.9607,71.2620,5.7773
americas,2031.3,23.3671,70.8334,5.7995
americas,2031.4,23.7767,70.4073,5.8160
americas,2031.5,24.1892,69.9841,5.8266
americas,2031.6,24.6045,69.5644,5.8311
americas,2031.7,25.0221,69.1485,5.8294
americas,2031.8,25.4419,68.7368,5.8213
americas,2031.9,25.8635,68.3297,5.8068
americas,2032.0,26.2866,67.9276,5.7858
americas,2032.1,26.7109,67.5307,5.7584
americas,2032.2,27.1361,67.1394,5.7245
americas,2032.3,27.5617,66.7540,5.6843
americas,2032.4,27.9875,66.3746,5.6379
americas,2032.5,28.4132,66.0015,5.5853
americas,2032.6,28.8383,65.6349,5.5269
americas,2032.7,29.2625,65.2748,5.4627
americas,2032.8,29.6855,64.9214,5.3932
americas,2032.9,30.1068,64.5747,5.3185
americas,2033.0,30.5262,64.2347,5.2390
americas,2033.1,30.9433,63.9015,5.1551
americas,2033.2,31.3578,63.5750,5.0672
americas,2033.3,31.7694,63.2550,4.9757
americas,2033.4,32.1776,62.9415,4.8809
americas,2033.5,32.5823,62.6343,4.7834
americas,2033.6,32.9832,62.3332,4.6836
americas,2033.7,33.3799,62.0381,4.5820
americas,2033.8,33.7723,61.7487,4.4790
americas,2033.9,34.1602,61.4648,4.3751
americas,2034.0,34.5432,61.1860,4.2708
americas,2034.1,34.9213,60.9123,4.1664
americas,2034.2,35.2944,60.6431,4.0625
americas,2034.3,35.6622,60.3784,3.9594
americas,2034.4,36.0247,60.1178,3.8576
americas,2034.5,36.3818,59.8609,3.7573
americas,2034.6,36.7335,59.6076,3.6589
americas,2034.7,37.0798,59.3574,3.5628
americas,2034.8,37.4207,59.1102,3.4691
americas,2034.9,37.7562,58.8657,3.3781
americas,2035.0,38.0864,58.6235,3.2901
americas,2035.1,38.4114,58.3834,3.2052
americas,2035.2,38.7313,58.1453,3.1234
americas,2035.3,39.0463,57.9087,3.0450
americas,2035.4,39.3564,57.6736,2.9699
americas,2035.5,39.6620,57.4398,2.8983
americas,2035.6,39.9631,57.2069,2.8300
americas,2035.7,40.2599,56.9749,2.7651
americas,2035.8,40.5528,56.7436,2.7036
americas,2035.9,40.8419,56.5129,2.6452
americas,2036.0,41.1274,56.2826,2.5901
americas,2036.1,41.4095,56.0525,2.5379
americas,2036.2,41.6886,55.8227,2.4887
americas,2036.3,41.9648,55.5930,2.4422
americas,2036.4,42.2383,55.3633,2.3984
americas,2036.5,42.5095,55.1336,2.3570
americas,2036.6,42.7784,54.9037,2.3178
americas,2036.7,43.0454,54.6738,2.2809
americas,2036.8,43.3106,54.4436,2.2458
americas,2036.9,43.5742,54.2132,2.2126
americas,2037.0,43.8363,53.9826,2.1811
americas,2037.1,44.0973,53.7517,2.1510
americas,2037.2,44.3571,53.5205,2.1224
americas,2037.3,44.6160,53.2891,2.0949
americas,2037.4,44.8740,53.0573,2.0686
americas,2037.5,45.1314,52.8253,2.0433
americas,2037.6,45.3882,52.5929,2.0189
americas,2037.7,45.6444,52.3603,1.9953
americas,2037.8,45.9003,52.1274,1.9723
americas,2037.9,46.1557,51.8942,1.9501
americas,2038.0,46.4109,51.6607,1.9284
americas,2038.1,46.6659,51.4269,1.9071
americas,2038.2,46.9207,51.1929,1.8864
americas,2038.3,47.1753,50.9587,1.8660
americas,2038.4,47.4298,50.7242,1.8460
americas,2038.5,47.6843,50.4894,1.8263
americas,2038.6,47.9386,50.2544,1.8069
americas,2038.7,48.1930,50.0193,1.7878
americas,2038.8,48.4473,49.7839,1.7689
americas,2038.9,48.7015,49.5483,1.7502
americas,2039.0,48.9558,49.3125,1.7317
americas,2039.1,49.2101,49.0766,1.7133
americas,2039.2,49.4644,48.8405,1.6951
americas,2039.3,49.7187,48.6043,1.6771
americas,2039.4,49.9730,48.3679,1.6591
americas,2039.5,50.2273,48.1313,1.6413
americas,2039.6,50.4817,47.8947,1.6236
americas,2039.7,50.7361,47.6580,1.6060
americas,2039.8,50.9905,47.4211,1.5884
americas,2039.9,51.2449,47.1842,1.5709
americas,2040.0,51.4994,46.9472,1.5534
americas,2040.1,51.7539,46.7101,1.5360
americas,2040.2,52.0084,46.4729,1.5186
americas,2040.3,52.2630,46.2358,1.5012
americas,2040.4,52.5176,45.9985,1.4839
americas,2040.5,52.7722,45.7613,1.4665
americas,2040.6,53.0268,45.5241,1.4491
americas,2040.7,53.2815,45.2868,1.4317
americas,2040.8,53.5361,45.0495,1.4143
americas,2040.9,53.7908,44.8123,1.3969
americas,2041.0,54.0455,44.5751,1.3794
americas,2041.1,54.3002,44.3379,1.3618
americas,2041.2,54.5549,44.1008,1.3443
americas,2041.3,54.8096,43.8638,1.3266
americas,2041.4,55.0643,43.6268,1.3089
americas,2041.5,55.3190,43.3898,1.2912
americas,2041.6,55.5736,43.1530,1.2733
americas,2041.7,55.8283,42.9163,1.2554
americas,2041.8,56.0829,42.6797,1.2375
americas,2041.9,56.3374,42.4432,1.2194
americas,2042.0,56.5919,42.2068,1.2013
americas,2042.1,56.8463,41.9706,1.1831
americas,2042.2,57.1006,41.7346,1.1648
americas,2042.3,57.3549,41.4987,1.1464
americas,2042.4,57.6091,41.2629,1.1280
americas,2042.5,57.8632,41.0274,1.1095
americas,2042.6,58.1171,40.7920,1.0909
americas,2042.7,58.3709,40.5569,1.0722
americas,2042.8,58.6246,40.3219,1.0534
americas,2042.9,58.8782,40.0872,1.0346
americas,2043.0,59.1316,39.8527,1.0157
americas,2043.1,59.3848,39.6185,0.9967
americas,2043.2,59.6379,39.3845,0.9777
americas,2043.3,59.8907,39.1507,0.9585
americas,2043.4,60.1434,38.9173,0.9393
americas,2043.5,60.3958,38.6841,0.9201
americas,2043.6,60.6480,38.4512,0.9008
americas,2043.7,60.9000,38.2186,0.8814
americas,2043.8,61.1517,37.9863,0.8620
americas,2043.9,61.4031,37.7544,0.8425
americas,2044.0,61.6543,37.5228,0.8229
americas,2044.1,61.9052,37.2915,0.8034
americas,2044.2,62.1558,37.0605,0.7837
americas,2044.3,62.4060,36.8299,0.7640
americas,2044.4,62.6560,36.5997,0.7443
americas,2044.5,62.9056,36.3699,0.7246
americas,2044.6,63.1548,36.1404,0.7048
americas,2044.7,63.4037,35.9113,0.6850
americas,2044.8,63.6522,35.6827,0.6651
americas,2044.9,63.9003,35.4544,0.6453
americas,2045.0,64.1480,35.2266,0.6254
americas,2045.1,64.3953,34.9992,0.6055
americas,2045.2,64.6422,34.7722,0.5855
americas,2045.3,64.8887,34.5457,0.5656
americas,2045.4,65.1347,34.3197,0.5456
americas,2045.5,65.3802,34.0941,0.5257
americas,2045.6,65.6253,33.8690,0.5057
americas,2045.7,65.8699,33.6443,0.4858
americas,2045.8,66.1140,33.4202,0.4658
americas,2045.9,66.3576,33.1965,0.4458
americas,2046.0,66.6007,32.9734,0.4259
americas,2046.1,66.8433,32.7508,0.4060
americas,2046.2,67.0853,32.5287,0.3861
americas,2046.3,67.3267,32.3071,0.3662
americas,2046.4,67.5677,32.0861,0.3463
americas,2046.5,67.8080,31.8656,0.3264
americas,2046.6,68.0477,31.6457,0.3066
americas,2046.7,68.2869,31.4263,0.2868
americas,2046.8,68.5254,31.2075,0.2670
americas,2046.9,68.7634,30.9893,0.2473
americas,2047.0,69.0007,30.7717,0.2276
americas,2047.1,69.2374,30.5547,0.2080
americas,2047.2,69.4734,30.3382,0.1883
americas,2047.3,69.7088,30.1224,0.1688
americas,2047.4,69.9435,29.9072,0.1493
americas,2047.5,70.1775,29.6927,0.1298
americas,2047.6,70.4109,29.4787,0.1104
americas,2047.7,70.6435,29.2654,0.0911
americas,2047.8,70.8754,29.0528,0.0718
americas,2047.9,71.1067,28.8408,0.0526
americas,2048.0,71.3372,28.6294,0.0334
americas,2048.1,71.5669,28.4187,0.0144
americas,2048.2,71.7959,28.2087,0.0029
americas,2048.3,72.0242,27.9994,0.0026
americas,2048.4,72.2517,27.7908,0.0023
americas,2048.5,72.4784,27.5828,0.0021
americas,2048.6,72.7043,27.3756,0.0018
americas,2048.7,72.9295,27.1690,0.0015
americas,2048.8,73.1538,26.9632,0.0012
americas,2048.9,73.3774,26.7581,0.0010
americas,2049.0,73.6001,26.5537,0.0007
americas,2049.1,73.8220,26.3500,0.0004
americas,2049.2,74.0431,26.1471,0.0002
americas,2049.3,74.2633,25.9449,0.0000
americas,2049.4,74.4826,25.7435,0.0000
americas,2049.5,74.7012,25.5428,0.0000
americas,2049.6,74.9188,25.3429,0.0000
americas,2049.7,75.1356,25.1437,0.0000
americas,2049.8,75.3515,24.9454,0.0000
americas,2049.9,75.5665,24.7477,0.0000
americas,2050.0,75.7806,24.5509,0.0000
asia,2015.0,0.4943,99.6313,0.0439
asia,2015.1,0.5290,99.6018,0.0450
asia,2015.2,0.5656,99.5704,0.0461
asia,2015.3,0.6042,99.5368,0.0472
asia,2015.4,0.6447,99.5010,0.0483
asia,2015.5,0.6872,99.4628,0.0495
asia,2015.6,0.7319,99.4221,0.0506
asia,2015.7,0.7788,99.3788,0.0517
asia,2015.8,0.8279,99.3327,0.0528
asia,2015.9,0.8794,99.2837,0.0539
asia,2016.0,0.9333,99.2317,0.0550
asia,2016.1,0.9897,99.1765,0.0561
asia,2016.2,1.0486,99.1179,0.0572
asia,2016.3,1.1102,99.0559,0.0583
asia,2016.4,1.1745,98.9902,0.0594
asia,2016.5,1.2416,98.9207,0.0605
asia,2016.6,1.3116,98.8473,0.0616
asia,2016.7,1.3846,98.7697,0.0627
asia,2016.8,1.4606,98.6877,0.0638
asia,2016.9,1.5397,98.6012,0.0649
asia,2017.0,1.6221,98.5100,0.0660
asia,2017.1,1.7077,98.4140,0.0671
asia,2017.2,1.7967,98.3128,0.0682
asia,2017.3,1.8893,98.2063,0.0693
asia,2017.4,1.9853,98.0944,0.0704
asia,2017.5,2.0850,97.9767,0.0716
asia,2017.6,2.1885,97.8531,0.0727
asia,2017.7,2.2958,97.7234,0.0738
asia,2017.8,2.4070,97.5873,0.0749
asia,2017.9,2.5221,97.4446,0.0761
asia,2018.0,2.6414,97.2951,0.0772
asia,2018.1,2.7649,97.1385,0.0967
asia,2018.2,2.8926,96.9746,0.1328
asia,2018.3,3.0248,96.8031,0.1721
asia,2018.4,3.1613,96.6239,0.2148
asia,2018.5,3.3025,96.4366,0.2609
asia,2018.6,3.4482,96.2411,0.3107
asia,2018.7,3.5987,96.0370,0.3643
asia,2018.8,3.7541,95.8241,0.4219
asia,2018.9,3.9144,95.6021,0.4836
asia,2019.0,4.0797,95.3708,0.5496
asia,2019.1,4.2501,95.1299,0.6201
asia,2019.2,4.4257,94.8792,0.6952
asia,2019.3,4.6066,94.6183,0.7752
asia,2019.4,4.7929,94.3471,0.8601
asia,2019.5,4.9847,94.0652,0.9502
asia,2019.6,5.1821,93.7725,1.0456
asia,2019.7,5.3851,93.4685,1.1465
asia,2019.8,5.5939,93.1531,1.2531
asia,2019.9,5.8086,92.8260,1.3655
asia,2020.0,6.0293,92.4870,1.4839
asia,2020.1,6.2560,92.1357,1.6085
asia,2020.2,6.4888,91.7720,1.7394
asia,2020.3,6.7278,91.3956,1.8768
asia,2020.4,6.9732,91.0062,2.0208
asia,2020.5,7.2250,90.6036,2.1716
asia,2020.6,7.4833,90.1876,2.3293
asia,2020.7,7.7482,89.7580,2.4941
asia,2020.8,8.0198,89.3145,2.6661
asia,2020.9,8.2981,88.8569,2.8454
asia,2021.0,8.5833,88.3850,3.0321
asia,2021.1,8.8754,87.8986,3.2264
asia,2021.2,9.1745,87.3976,3.4283
asia,2021.3,9.4808,86.8817,3.6379
asia,2021.4,9.7943,86.3508,3.8554
asia,2021.5,10.1150,85.8048,4.0807
asia,2021.6,10.4431,85.2435,4.3139
asia,2021.7,10.7786,84.6668,4.5551
asia,2021.8,11.1216,84.0746,4.8042
asia,2021.9,11.4722,83.4668,5.0614
asia,2022.0,11.8305,82.8433,5.3266
asia,2022.1,12.1966,82.2041,5.5998
asia,2022.2,12.5704,81.5491,5.8809
asia,2022.3,12.9522,80.8783,6.1700
asia,2022.4,13.3419,80.1917,6.4669
asia,2022.5,13.7396,79.4894,6.7715
asia,2022.6,14.1455,78.7713,7.0838
asia,2022.7,14.5594,78.0375,7.4036
asia,2022.8,14.9817,77.2881,7.7308
asia,2022.9,15.4122,76.5232,8.0651
asia,2023.0,15.8511,75.7429,8.4065
asia,2023.1,16.2983,74.9475,8.7546
asia,2023.2,16.7541,74.1370,9.1093
asia,2023.3,17.2184,73.3116,9.4703
asia,2023.4,17.6912,72.4717,9.8373
asia,2023.5,18.1727,71.6174,10.2100
asia,2023.6,18.6629,70.7490,10.5881
asia,2023.7,19.1618,69.8669,10.9714
asia,2023.8,19.6695,68.9713,11.3593
asia,2023.9,20.1860,68.0626,11.7514
asia,2024.0,20.7113,67.1412,12.1475
asia,2024.1,21.2456,66.2075,12.5469
asia,2024.2,21.7888,65.2619,12.9492
asia,2024.3,22.3410,64.3050,13.3540
asia,2024.4,22.9021,63.3371,13.7607
asia,2024.5,23.4723,62.3589,14.1688
asia,2024.6,24.0515,61.3708,14.5777
asia,2024.7,24.6398,60.3733,14.9869
asia,2024.8,25.2371,59.3672,15.3957
asia,2024.9,25.8435,58.3529,15.8035
asia,2025.0,26.4590,57.3312,16.2098
asia,2025.1,27.0836,56.3026,16.6138
asia,2025.2,27.7172,55.2680,17.0149
asia,2025.3,28.3598,54.2278,17.4124
asia,2025.4,29.0114,53.1830,17.8056
asia,2025.5,29.6719,52.1342,18.1939
asia,2025.6,30.3413,51.0821,18.5765
asia,2025.7,31.0196,50.0277,18.9528
asia,2025.8,31.7065,48.9716,19.3219
asia,2025.9,32.4021,47.9147,19.6832
asia,2026.0,33.1061,46.8579,20.0360
asia,2026.1,33.8184,45.8021,20.3795
asia,2026.2,34.5389,44.7481,20.7130
asia,2026.3,35.2674,43.6968,21.0359
asia,2026.4,36.0035,42.6492,21.3473
asia,2026.5,36.7472,41.6062,21.6467
asia,2026.6,37.4979,40.5689,21.9332
asia,2026.7,38.2555,39.5382,22.2064
asia,2026.8,39.0195,38.5151,22.4654
asia,2026.9,39.7895,37.5009,22.7096
asia,2027.0,40.5651,36.4964,22.9385
asia,2027.1,41.3457,35.5028,23.1514
asia,2027.2,42.1308,34.5213,23.3478
asia,2027.3,42.9199,33.5530,23.5272
asia,2027.4,43.7122,32.5989,23.6889
asia,2027.5,44.5071,31.6603,23.8326
asia,2027.6,45.3039,30.7382,23.9578
asia,2027.7,46.1019,29.8339,24.0645
asia,2027.8,46.9003,28.9484,24.1556
asia,2027.9,47.6983,28.0827,24.2273
asia,2028.0,48.4951,27.2378,24.2792
asia,2028.1,49.2900,26.4148,24.3220
asia,2028.2,50.0823,25.6144,24.3458
asia,2028.3,50.8711,24.8375,24.3500
asia,2028.4,51.6558,24.0846,24.3346
asia,2028.5,52.4357,23.3564,24.2997
asia,2028.6,53.2104,22.6532,24.2456
asia,2028.7,53.9792,21.9754,24.1722
asia,2028.8,54.7417,21.3229,24.0800
asia,2028.9,55.4976,20.6960,23.9693
asia,2029.0,56.2467,20.0944,23.8404
asia,2029.1,56.9887,19.5178,23.6937
asia,2029.2,57.7236,18.9660,23.5297
asia,2029.3,58.4512,18.4384,23.3489
asia,2029.4,59.1716,17.9346,23.1518
asia,2029.5,59.8848,17.4540,22.9388
asia,2029.6,60.5909,16.9959,22.7106
asia,2029.7,61.2900,16.5597,22.4676
asia,2029.8,61.9821,16.1447,22.2105
asia,2029.9,62.6673,15.7503,21.9399
asia,2030.0,63.3457,15.3759,21.6562
asia,2030.1,64.0172,15.0207,21.3601
asia,2030.2,64.6819,14.6842,21.0523
asia,2030.3,65.3397,14.3658,20.7334
asia,2030.4,65.9906,14.0647,20.4041
asia,2030.5,66.6344,13.7805,20.0650
asia,2030.6,67.2710,13.5125,19.7168
asia,2030.7,67.9002,13.2601,19.3604
asia,2030.8,68.5221,13.0227,18.9964
asia,2030.9,69.1363,12.7996,18.6255
asia,2031.0,69.7428,12.5903,18.2486
asia,2031.1,70.3413,12.3940,17.8664
asia,2031.2,70.9318,12.2103,17.4796
asia,2031.3,71.5140,12.0384,17.0890
asia,2031.4,72.0879,11.8777,16.6952
asia,2031.5,72.6532,11.7277,16.2991
asia,2031.6,73.2099,11.5877,15.9013
asia,2031.7,73.7578,11.4571,15.5025
asia,2031.8,74.2969,11.3354,15.1033
asia,2031.9,74.8268,11.2220,14.7044
asia,2032.0,75.3477,11.1163,14.3064
asia,2032.1,75.8592,11.0178,13.9100
asia,2032.2,76.3614,10.9261,13.5156
asia,2032.3,76.8541,10.8406,13.1238
asia,2032.4,77.3373,10.7608,12.7352
asia,2032.5,77.8108,10.6864,12.3501
asia,2032.6,78.2746,10.6168,11.9691
asia,2032.7,78.7286,10.5518,11.5926
asia,2032.8,79.1728,10.4908,11.2210
asia,2032.9,79.6070,10.4337,10.8546
asia,2033.0,80.0313,10.3799,10.4939
asia,2033.1,80.4456,10.3293,10.1390
asia,2033.2,80.8500,10.2816,9.7903
asia,2033.3,81.2443,10.2364,9.4481
asia,2033.4,81.6286,10.1935,9.1125
asia,2033.5,82.0030,10.1528,8.7838
asia,2033.6,82.3673,10.1139,8.4621
asia,2033.7,82.7218,10.0767,8.1476
asia,2033.8,83.0663,10.0411,7.8405
asia,2033.9,83.4010,10.0069,7.5408
asia,2034.0,83.7259,9.9739,7.2486
asia,2034.1,84.0411,9.9420,6.9639
asia,2034.2,84.3467,9.9111,6.6869
asia,2034.3,84.6427,9.8811,6.4175
asia,2034.4,84.9294,9.8519,6.1558
asia,2034.5,85.2067,9.8235,5.9018
asia,2034.6,85.4749,9.7957,5.6553
asia,2034.7,85.7340,9.7684,5.4165
asia,2034.8,85.9842,9.7418,5.1851
asia,2034.9,86.2257,9.7156,4.9613
asia,2035.0,86.4586,9.6899,4.7448
asia,2035.1,86.6830,9.6646,4.5357
asia,2035.2,86.8991,9.6396,4.3338
asia,2035.3,87.1071,9.6151,4.1390
asia,2035.4,87.3072,9.5909,3.9512
asia,2035.5,87.4995,9.5670,3.7703
asia,2035.6,87.6842,9.5434,3.5962
asia,2035.7,87.8616,9.5201,3.4287
asia,2035.8,88.0318,9.4971,3.2678
asia,2035.9,88.1949,9.4744,3.1132
asia,2036.0,88.3512,9.4519,2.9648
asia,2036.1,88.5010,9.4298,2.8225
asia,2036.2,88.6442,9.4079,2.6862
asia,2036.3,88.7812,9.3862,2.5556
asia,2036.4,88.9122,9.3649,2.4307
asia,2036.5,89.0373,9.3438,2.3112
asia,2036.6,89.1567,9.3229,2.1971
asia,2036.7,89.2707,9.3023,2.0881
asia,2036.8,89.3793,9.2820,1.9842
asia,2036.9,89.4828,9.2620,1.8851
asia,2037.0,89.5814,9.2422,1.7907
asia,2037.1,89.6753,9.2227,1.7009
asia,2037.2,89.7645,9.2034,1.6155
asia,2037.3,89.8493,9.1845,1.5343
asia,2037.4,89.9299,9.1658,1.4573
asia,2037.5,90.0064,9.1473,1.3842
asia,2037.6,90.0790,9.1292,1.3149
asia,2037.7,90.1479,9.1113,1.2492
asia,2037.8,90.2131,9.0937,1.1871
asia,2037.9,90.2749,9.0764,1.1284
asia,2038.0,90.3333,9.0593,1.0729
asia,2038.1,90.3886,9.0426,1.0205
asia,2038.2,90.4409,9.0261,0.9711
asia,2038.3,90.4903,9.0098,0.9245
asia,2038.4,90.5369,8.9939,0.8807
asia,2038.5,90.5810,8.9782,0.8395
asia,2038.6,90.6225,8.9628,0.8008
asia,2038.7,90.6616,8.9477,0.7644
asia,2038.8,90.6984,8.9329,0.7303
asia,2038.9,90.7331,8.9183,0.6983
asia,2039.0,90.7657,8.9040,0.6684
asia,2039.1,90.7964,8.8899,0.6404
asia,2039.2,90.8252,8.8762,0.6142
asia,2039.3,90.8523,8.8627,0.5898
asia,2039.4,90.8777,8.8494,0.5671
asia,2039.5,90.9016,8.8365,0.5459
asia,2039.6,90.9240,8.8237,0.5262
asia,2039.7,90.9450,8.8113,0.5079
asia,2039.8,90.9646,8.7991,0.4909
asia,2039.9,90.9831,8.7871,0.4751
asia,2040.0,91.0003,8.7754,0.4605
asia,2040.1,91.0165,8.7639,0.4470
asia,2040.2,91.0316,8.7527,0.4346
asia,2040.3,91.0457,8.7417,0.4231
asia,2040.4,91.0590,8.7310,0.4125
asia,2040.5,91.0714,8.7205,0.4028
asia,2040.6,91.0830,8.7102,0.3938
asia,2040.7,91.0938,8.7001,0.3856
asia,2040.8,91.1040,8.6903,0.3782
asia,2040.9,91.1135,8.6807,0.3713
asia,2041.0,91.1224,8.6713,0.3651
asia,2041.1,91.1308,8.6621,0.3594
asia,2041.2,91.1386,8.6531,0.3542
asia,2041.3,91.1459,8.6444,0.3496
asia,2041.4,91.1528,8.6358,0.3454
asia,2041.5,91.1592,8.6274,0.3416
asia,2041.6,91.1653,8.6192,0.3382
asia,2041.7,91.1710,8.6112,0.3351
asia,2041.8,91.1764,8.6034,0.3324
asia,2041.9,91.1815,8.5958,0.3300
asia,2042.0,91.1863,8.5883,0.3279
asia,2042.1,91.1908,8.5810,0.3260
asia,2042.2,91.1951,8.5739,0.3244
asia,2042.3,91.1992,8.5669,0.3230
asia,2042.4,91.2031,8.5601,0.3218
asia,2042.5,91.2068,8.5535,0.3208
asia,2042.6,91.2103,8.5470,0.3199
asia,2042.7,91.2137,8.5406,0.3192
asia,2042.8,91.2169,8.5344,0.3187
asia,2042.9,91.2200,8.5284,0.3182
asia,2043.0,91.2230,8.5224,0.3179
asia,2043.1,91.2259,8.5166,0.3177
asia,2043.2,91.2287,8.5110,0.3176
asia,2043.3,91.2314,8.5054,0.3176
asia,2043.4,91.2340,8.5000,0.3177
asia,2043.5,91.2365,8.4947,0.3178
asia,2043.6,91.2390,8.4895,0.3180
asia,2043.7,91.2414,8.4844,0.3182
asia,2043.8,91.2438,8.4794,0.3186
asia,2043.9,91.2461,8.4745,0.3189
asia,2044.0,91.2484,8.4697,0.3193
asia,2044.1,91.2506,8.4650,0.3198
asia,2044.2,91.2528,8.4604,0.3202
asia,2044.3,91.2550,8.4559,0.3207
asia,2044.4,91.2572,8.4515,0.3213
asia,2044.5,91.2593,8.4472,0.3218
asia,2044.6,91.2614,8.4429,0.3224
asia,2044.7,91.2635,8.4387,0.3230
asia,2044.8,91.2655,8.4346,0.3236
asia,2044.9,91.2676,8.4305,0.3243
asia,2045.0,91.2696,8.4266,0.3249
asia,2045.1,91.2716,8.4227,0.3256
asia,2045.2,91.2737,8.4188,0.3262
asia,2045.3,91.2757,8.4150,0.3269
asia,2045.4,91.2777,8.4113,0.3276
asia,2045.5,91.2797,8.4076,0.3283
asia,2045.6,91.2816,8.4040,0.3290
asia,2045.7,91.2836,8.4004,0.3297
asia,2045.8,91.2856,8.3969,0.3304
asia,2045.9,91.2876,8.3934,0.3311
asia,2046.0,91.2896,8.3899,0.3318
asia,2046.1,91.2915,8.3865,0.3325
asia,2046.2,91.2935,8.3832,0.3333
asia,2046.3,91.2955,8.3798,0.3340
asia,2046.4,91.2974,8.3766,0.3347
asia,2046.5,91.2994,8.3733,0.3354
asia,2046.6,91.3014,8.3701,0.3361
asia,2046.7,91.3033,8.3669,0.3369
asia,2046.8,91.3053,8.3637,0.3376
asia,2046.9,91.3073,8.3606,0.3383
asia,2047.0,91.3092,8.3575,0.3390
asia,2047.1,91.3112,8.3544,0.3398
asia,2047.2,91.3131,8.3514,0.3405
asia,2047.3,91.3151,8.3483,0.3412
asia,2047.4,91.3171,8.3453,0.3419
asia,2047.5,91.3191,8.3423,0.3427
asia,2047.6,91.3210,8.3393,0.3434
asia,2047.7,91.3230,8.3364,0.3441
asia,2047.8,91.3250,8.3334,0.3448
asia,2047.9,91.3269,8.3305,0.3455
asia,2048.0,91.3289,8.3276,0.3463
asia,2048.1,91.3309,8.3247,0.3470
asia,2048.2,91.3329,8.3218,0.3477
asia,2048.3,91.3348,8.3190,0.3484
asia,2048.4,91.3368,8.3161,0.3491
asia,2048.5,91.3388,8.3133,0.3498
asia,2048.6,91.3408,8.3104,0.3505
asia,2048.7,91.3428,8.3076,0.3513
asia,2048.8,91.3447,8.3048,0.3520
asia,2048.9,91.3467,8.3020,0.3527
asia,2049.0,91.3487,8.2992,0.3534
asia,2049.1,91.3507,8.2964,0.3541
asia,2049.2,91.3527,8.2936,0.3548
asia,2049.3,91.3547,8.2908,0.3555
asia,2049.4,91.3567,8.2880,0.3562
asia,2049.5,91.3586,8.2853,0.3569
asia,2049.6,91.3606,8.2825,0.3576
asia,2049.7,91.3626,8.2798,0.3583
asia,2049.8,91.3646,8.2770,0.3590
asia,2049.9,91.3666,8.2743,0.3597
asia,2050.0,91.3686,8.2715,0.3604
small_markets,2015.0,0.1100,99.7530,0.1463
small_markets,2015.1,0.1194,99.7369,0.1547
small_markets,2015.2,0.1293,99.7200,0.1634
small_markets,2015.3,0.1399,99.7023,0.1724
small_markets,2015.4,0.1510,99.6837,0.1818
small_markets,2015.5,0.1628,99.6643,0.1914
small_markets,2015.6,0.1752,99.6440,0.2014
small_markets,2015.7,0.1882,99.6228,0.2117
small_markets,2015.8,0.2019,99.6006,0.2224
small_markets,2015.9,0.2163,99.5774,0.2334
small_markets,2016.0,0.2314,99.5532,0.2447
small_markets,2016.1,0.2474,99.5279,0.2564
small_markets,2016.2,0.2645,99.5016,0.2685
small_markets,2016.3,0.2827,99.4741,0.2808
small_markets,2016.4,0.3022,99.4455,0.2936
small_markets,2016.5,0.3228,99.4156,0.3067
small_markets,2016.6,0.3445,99.3845,0.3201
small_markets,2016.7,0.3675,99.3521,0.3339
small_markets,2016.8,0.3918,99.3182,0.3480
small_markets,2016.9,0.4172,99.2830,0.3626
small_markets,2017.0,0.4439,99.2463,0.3774
small_markets,2017.1,0.5149,98.9932,0.5649
small_markets,2017.2,0.5917,98.7962,0.6910
small_markets,2017.3,0.6719,98.6144,0.7985
small_markets,2017.4,0.7550,98.4411,0.8949
small_markets,2017.5,0.8406,98.2733,0.9833
small_markets,2017.6,0.9285,98.1091,1.0656
small_markets,2017.7,1.0187,97.9475,1.1430
small_markets,2017.8,1.1110,97.7876,1.2163
small_markets,2017.9,1.2054,97.6290,1.2862
small_markets,2018.0,1.3018,97.4709,1.3531
small_markets,2018.1,1.4002,97.3132,1.4174
small_markets,2018.2,1.5005,97.1554,1.4793
small_markets,2018.3,1.6028,96.9972,1.5392
small_markets,2018.4,1.7071,96.8385,1.5972
small_markets,2018.5,1.8132,96.6789,1.6535
small_markets,2018.6,1.9213,96.5184,1.7083
small_markets,2018.7,2.0313,96.3567,1.7617
small_markets,2018.8,2.1432,96.1936,1.8139
small_markets,2018.9,2.2571,96.0290,1.8648
small_markets,2019.0,2.3728,95.8628,1.9147
small_markets,2019.1,2.4906,95.6943,1.9638
small_markets,2019.2,2.6107,95.5232,2.0124
small_markets,2019.3,2.7329,95.3495,2.0605
small_markets,2019.4,2.8575,95.1729,2.1082
small_markets,2019.5,2.9843,94.9934,2.1553
small_markets,2019.6,3.1134,94.8110,2.2020
small_markets,2019.7,3.2448,94.6256,2.2483
small_markets,2019.8,3.3786,94.4370,2.2942
small_markets,2019.9,3.5147,94.2451,2.3397
small_markets,2020.0,3.6532,94.0500,2.3868
small_markets,2020.1,3.7940,93.8514,2.4343
small_markets,2020.2,3.9372,93.6495,2.4817
small_markets,2020.3,4.0829,93.4439,2.5290
small_markets,2020.4,4.2309,93.2348,2.5792
small_markets,2020.5,4.3814,93.0220,2.6337
small_markets,2020.6,4.5344,92.8054,2.6885
small_markets,2020.7,4.6898,92.5851,2.7438
small_markets,2020.8,4.8477,92.3608,2.7994
small_markets,2020.9,5.0081,92.1327,2.8593
small_markets,2021.0,5.1710,91.9005,2.9285
small_markets,2021.1,5.3364,91.6643,2.9993
small_markets,2021.2,5.5044,91.4240,3.0717
small_markets,2021.3,5.6749,91.1795,3.1456
small_markets,2021.4,5.8480,90.9308,3.2212
small_markets,2021.5,6.0236,90.6779,3.2985
small_markets,2021.6,6.2019,90.4207,3.3775
small_markets,2021.7,6.3827,90.1591,3.4582
small_markets,2021.8,6.5662,89.8932,3.5407
small_markets,2021.9,6.7522,89.6228,3.6250
small_markets,2022.0,6.9409,89.3480,3.7111
small_markets,2022.1,7.1323,89.0687,3.7991
small_markets,2022.2,7.3262,88.7848,3.8889
small_markets,2022.3,7.5229,88.4965,3.9807
small_markets,2022.4,7.7221,88.2035,4.0744
small_markets,2022.5,7.9241,87.9060,4.1700
small_markets,2022.6,8.1287,87.6038,4.2675
small_markets,2022.7,8.3359,87.2970,4.3671
small_markets,2022.8,8.5459,86.9855,4.4686
small_markets,2022.9,8.7585,86.6694,4.5721
small_markets,2023.0,8.9738,86.3485,4.6777
small_markets,2023.1,9.1917,86.0230,4.7852
small_markets,2023.2,9.4123,85.6928,4.8948
small_markets,2023.3,9.6356,85.3579,5.0064
small_markets,2023.4,9.8616,85.0183,5.1201
small_markets,2023.5,10.0902,84.6740,5.2358
small_markets,2023.6,10.3215,84.3250,5.3535
small_markets,2023.7,10.5554,83.9714,5.4733
small_markets,2023.8,10.7919,83.6130,5.5951
small_markets,2023.9,11.0311,83.2500,5.7189
small_markets,2024.0,11.2729,82.8824,5.8448
small_markets,2024.1,11.5172,82.5101,5.9726
small_markets,2024.2,11.7642,82.1333,6.1025
small_markets,2024.3,12.0137,81.7518,6.2344
small_markets,2024.4,12.2658,81.3659,6.3683
small_markets,2024.5,12.5205,80.9754,6.5041
small_markets,2024.6,12.7776,80.5804,6.6419
small_markets,2024.7,13.0373,80.1810,6.7817
small_markets,2024.8,13.2994,79.7772,6.9234
small_markets,2024.9,13.5640,79.3691,7.0670
small_markets,2025.0,13.8310,78.9566,7.2124
small_markets,2025.1,14.1004,78.5399,7.3597
small_markets,2025.2,14.3721,78.1190,7.5089
small_markets,2025.3,14.6462,77.6939,7.6599
small_markets,2025.4,14.9226,77.2647,7.8126
small_markets,2025.5,15.2013,76.8315,7.9671
small_markets,2025.6,15.4822,76.3944,8.1234
small_markets,2025.7,15.7654,75.9533,8.2813
small_markets,2025.8,16.0507,75.5085,8.4409
small_markets,2025.9,16.3381,75.0599,8.6021
small_markets,2026.0,16.6276,74.6076,8.7648
small_markets,2026.1,16.9191,74.1517,8.9292
small_markets,2026.2,17.2127,73.6923,9.0950
small_markets,2026.3,17.5081,73.2295,9.2623
small_markets,2026.4,17.8055,72.7634,9.4311
small_markets,2026.5,18.1048,72.2940,9.6012
small_markets,2026.6,18.4058,71.8215,9.7727
small_markets,2026.7,18.7086,71.3459,9.9454
small_markets,2026.8,19.0132,70.8674,10.1195
small_markets,2026.9,19.3193,70.3860,10.2947
small_markets,2027.0,19.6271,69.9019,10.4711
small_markets,2027.1,19.9363,69.4151,10.6486
small_markets,2027.2,20.2471,68.9258,10.8271
small_markets,2027.3,20.5593,68.4340,11.0067
small_markets,2027.4,20.8728,67.9400,11.1872
small_markets,2027.5,21.1876,67.4438,11.3686
small_markets,2027.6,21.5036,66.9455,11.5509
small_markets,2027.7,21.8208,66.4452,11.7339
small_markets,2027.8,22.1391,65.9432,11.9177
small_markets,2027.9,22.4585,65.4394,12.1022
small_markets,2028.0,22.7787,64.9340,12.2873
small_markets,2028.1,23.0999,64.4271,12.4729
small_markets,2028.2,23.4219,63.9190,12.6591
small_markets,2028.3,23.7447,63.4096,12.8457
small_markets,2028.4,24.0681,62.8992,13.0327
small_markets,2028.5,24.3921,62.3878,13.2201
small_markets,2028.6,24.7167,61.8756,13.4077
small_markets,2028.7,25.0417,61.3627,13.5955
small_markets,2028.8,25.3671,60.8493,13.7835
small_markets,2028.9,25.6929,60.3356,13.9716
small_markets,2029.0,26.0188,59.8215,14.1597
small_markets,2029.1,26.3450,59.3073,14.3477
small_markets,2029.2,26.6712,58.7931,14.5357
small_markets,2029.3,26.9974,58.2791,14.7235
small_markets,2029.4,27.3236,57.7653,14.9111
small_markets,2029.5,27.6496,57.2520,15.0984
small_markets,2029.6,27.9754,56.7392,15.2854
small_markets,2029.7,28.3009,56.2272,15.4719
small_markets,2029.8,28.6261,55.7159,15.6580
small_markets,2029.9,28.9508,55.2056,15.8436
small_markets,2030.0,29.2750,54.6965,16.0286
small_markets,2030.1,29.5986,54.1885,16.2129
small_markets,2030.2,29.9215,53.6819,16.3965
small_markets,2030.3,30.2437,53.1769,16.5794
small_markets,2030.4,30.5651,52.6735,16.7614
small_markets,2030.5,30.8856,52.1718,16.9426
small_markets,2030.6,31.2052,51.6720,17.1228
small_markets,2030.7,31.5237,51.1743,17.3020
small_markets,2030.8,31.8412,50.6787,17.4801
small_markets,2030.9,32.1575,50.1854,17.6571
small_markets,2031.0,32.4726,49.6945,17.8329
small_markets,2031.1,32.7864,49.2061,18.0075
small_markets,2031.2,33.0988,48.7204,18.1808
small_markets,2031.3,33.4098,48.2374,18.3528
small_markets,2031.4,33.7194,47.7572,18.5234
small_markets,2031.5,34.0274,47.2801,18.6925
small_markets,2031.6,34.3339,46.8060,18.8601
small_markets,2031.7,34.6387,46.3351,19.0262
small_markets,2031.8,34.9418,45.8676,19.1906
small_markets,2031.9,35.2432,45.4034,19.3534
small_markets,2032.0,35.5427,44.9427,19.5145
small_markets,2032.1,35.8405,44.4857,19.6739
small_markets,2032.2,36.1363,44.0323,19.8314
small_markets,2032.3,36.4302,43.5827,19.9871
small_markets,2032.4,36.7221,43.1369,20.1410
small_markets,2032.5,37.0120,42.6952,20.2928
small_markets,2032.6,37.2999,42.2574,20.4428
small_markets,2032.7,37.5856,41.8237,20.5907
small_markets,2032.8,37.8693,41.3942,20.7365
small_markets,2032.9,38.1507,40.9690,20.8803
small_markets,2033.0,38.4300,40.5481,21.0219
small_markets,2033.1,38.7071,40.1315,21.1614
small_markets,2033.2,38.9820,39.7194,21.2986
small_markets,2033.3,39.2546,39.3118,21.4336
small_markets,2033.4,39.5250,38.9087,21.5664
small_markets,2033.5,39.7930,38.5102,21.6968
small_markets,2033.6,40.0588,38.1163,21.8249
small_markets,2033.7,40.3222,37.7271,21.9507
small_markets,2033.8,40.5833,37.3426,22.0741
small_markets,2033.9,40.8421,36.9629,22.1950
small_markets,2034.0,41.0985,36.5880,22.3135
small_markets,2034.1,41.3526,36.2178,22.4296
small_markets,2034.2,41.6043,35.8525,22.5432
small_markets,2034.3,41.8537,35.4921,22.6542
small_markets,2034.4,42.1008,35.1365,22.7628
small_markets,2034.5,42.3455,34.7857,22.8687
small_markets,2034.6,42.5879,34.4399,22.9722
small_markets,2034.7,42.8280,34.0990,23.0730
small_markets,2034.8,43.0658,33.7629,23.1713
small_markets,2034.9,43.3012,33.4318,23.2670
small_markets,2035.0,43.5344,33.1055,23.3600
small_markets,2035.1,43.7654,32.7841,23.4505
small_markets,2035.2,43.9941,32.4676,23.5383
small_markets,2035.3,44.2206,32.1560,23.6234
small_markets,2035.4,44.4448,31.8492,23.7060
small_markets,2035.5,44.6669,31.5472,23.7858
small_markets,2035.6,44.8869,31.2501,23.8631
small_markets,2035.7,45.1047,30.9577,23.9376
small_markets,2035.8,45.3204,30.6700,24.0096
small_markets,2035.9,45.5340,30.3871,24.0789
small_markets,2036.0,45.7456,30.1089,24.1455
small_markets,2036.1,45.9552,29.8353,24.2095
small_markets,2036.2,46.1628,29.5663,24.2708
small_markets,2036.3,46.3685,29.3019,24.3296
small_markets,2036.4,46.5723,29.0421,24.3857
small_markets,2036.5,46.7741,28.7867,24.4392
small_markets,2036.6,46.9742,28.5358,24.4901
small_markets,2036.7,47.1724,28.2892,24.5384
small_markets,2036.8,47.3688,28.0471,24.5841
small_markets,2036.9,47.5636,27.8092,24.6273
small_markets,2037.0,47.7566,27.5755,24.6679
small_markets,2037.1,47.9479,27.3461,24.7060
small_markets,2037.2,48.1377,27.1208,24.7415
small_markets,2037.3,48.3258,26.8996,24.7746
small_markets,2037.4,48.5124,26.6824,24.8052
small_markets,2037.5,48.6975,26.4691,24.8334
small_markets,2037.6,48.8811,26.2598,24.8591
small_markets,2037.7,49.0633,26.0543,24.8825
small_markets,2037.8,49.2440,25.8526,24.9034
small_markets,2037.9,49.4235,25.6546,24.9220
small_markets,2038.0,49.6015,25.4602,24.9382
small_markets,2038.1,49.7783,25.2695,24.9522
small_markets,2038.2,49.9539,25.0823,24.9639
small_markets,2038.3,50.1282,24.8985,24.9733
small_markets,2038.4,50.3014,24.7182,24.9805
small_markets,2038.5,50.4734,24.5412,24.9855
small_markets,2038.6,50.6442,24.3674,24.9883
small_markets,2038.7,50.8140,24.1969,24.9891
small_markets,2038.8,50.9828,24.0295,24.9877
small_markets,2038.9,51.1505,23.8652,24.9843
small_markets,2039.0,51.3173,23.7040,24.9788
small_markets,2039.1,51.4831,23.5456,24.9713
small_markets,2039.2,51.6479,23.3902,24.9619
small_markets,2039.3,51.8119,23.2376,24.9505
small_markets,2039.4,51.9750,23.0878,24.9379
small_markets,2039.5,52.1373,22.9406,24.9240
small_markets,2039.6,52.2987,22.7961,24.9081
small_markets,2039.7,52.4594,22.6542,24.8902
small_markets,2039.8,52.6192,22.5148,24.8706
small_markets,2039.9,52.7784,22.3779,24.8490
small_markets,2040.0,52.9368,22.2434,24.8257
small_markets,2040.1,53.0946,22.1112,24.8007
small_markets,2040.2,53.2516,21.9813,24.7739
small_markets,2040.3,53.4080,21.8536,24.7455
small_markets,2040.4,53.5638,21.7282,24.7155
small_markets,2040.5,53.7190,21.6048,24.6839
small_markets,2040.6,53.8735,21.4835,24.6508
small_markets,2040.7,54.0275,21.3642,24.6162
small_markets,2040.8,54.1809,21.2469,24.5801
small_markets,2040.9,54.3338,21.1315,24.5426
small_markets,2041.0,54.4861,21.0180,24.5038
small_markets,2041.1,54.6379,20.9063,24.4636
small_markets,2041.2,54.7892,20.7963,24.4221
small_markets,2041.3,54.9400,20.6881,24.3794
small_markets,2041.4,55.0904,20.5816,24.3355
small_markets,2041.5,55.2402,20.4767,24.2903
small_markets,2041.6,55.3896,20.3733,24.2441
small_markets,2041.7,55.5386,20.2715,24.1967
small_markets,2041.8,55.6871,20.1713,24.1483
small_markets,2041.9,55.8352,20.0724,24.0988
small_markets,2042.0,55.9828,19.9751,24.0483
small_markets,2042.1,56.1300,19.8790,23.9968
small_markets,2042.2,56.2769,19.7844,23.9444
small_markets,2042.3,56.4233,19.6910,23.8911
small_markets,2042.4,56.5693,19.5990,23.8369
small_markets,2042.5,56.7150,19.5082,23.7818
small_markets,2042.6,56.8602,19.4185,23.7259
small_markets,2042.7,57.0051,19.3301,23.6693
small_markets,2042.8,57.1496,19.2428,23.6118
small_markets,2042.9,57.2937,19.1566,23.5536
small_markets,2043.0,57.4375,19.0715,23.4948
small_markets,2043.1,57.5809,18.9875,23.4352
small_markets,2043.2,57.7239,18.9045,23.3750
small_markets,2043.3,57.8666,18.8225,23.3141
small_markets,2043.4,58.0089,18.7414,23.2526
small_markets,2043.5,58.1508,18.6614,23.1906
small_markets,2043.6,58.2925,18.5822,23.1279
small_markets,2043.7,58.4337,18.5039,23.0648
small_markets,2043.8,58.5746,18.4266,23.0011
small_markets,2043.9,58.7152,18.3500,22.9369
small_markets,2044.0,58.8554,18.2743,22.8722
small_markets,2044.1,58.9953,18.1995,22.8071
small_markets,2044.2,59.1348,18.1254,22.7415
small_markets,2044.3,59.2740,18.0521,22.6755
small_markets,2044.4,59.4128,17.9795,22.6091
small_markets,2044.5,59.5513,17.9077,22.5423
small_markets,2044.6,59.6895,17.8366,22.4751
small_markets,2044.7,59.8273,17.7662,22.4076
small_markets,2044.8,59.9648,17.6965,22.3398
small_markets,2044.9,60.1019,17.6274,22.2716
small_markets,2045.0,60.2387,17.5590,22.2031
small_markets,2045.1,60.3752,17.4913,22.1343
small_markets,2045.2,60.5113,17.4241,22.0653
small_markets,2045.3,60.6471,17.3576,21.9960
small_markets,2045.4,60.7825,17.2917,21.9264
small_markets,2045.5,60.9176,17.2263,21.8566
small_markets,2045.6,61.0524,17.1616,21.7866
small_markets,2045.7,61.1868,17.0974,21.7163
small_markets,2045.8,61.3209,17.0337,21.6459
small_markets,2045.9,61.4546,16.9706,21.5753
small_markets,2046.0,61.5880,16.9079,21.5044
small_markets,2046.1,61.7210,16.8458,21.4335
small_markets,2046.2,61.8537,16.7842,21.3623
small_markets,2046.3,61.9861,16.7231,21.2911
small_markets,2046.4,62.1181,16.6625,21.2196
small_markets,2046.5,62.2498,16.6024,21.1481
small_markets,2046.6,62.3811,16.5427,21.0764
small_markets,2046.7,62.5121,16.4834,21.0047
small_markets,2046.8,62.6427,16.4247,20.9328
small_markets,2046.9,62.7730,16.3663,20.8608
small_markets,2047.0,62.9030,16.3084,20.7888
small_markets,2047.1,63.0326,16.2509,20.7167
small_markets,2047.2,63.1618,16.1938,20.6445
small_markets,2047.3,63.2907,16.1372,20.5722
small_markets,2047.4,63.4193,16.0809,20.4999
small_markets,2047.5,63.5475,16.0250,20.4276
small_markets,2047.6,63.6754,15.9695,20.3552
small_markets,2047.7,63.8029,15.9144,20.2828
small_markets,2047.8,63.9301,15.8596,20.2103
small_markets,2047.9,64.0569,15.8053,20.1378
small_markets,2048.0,64.1834,15.7512,20.0654
small_markets,2048.1,64.3096,15.6976,19.9929
small_markets,2048.2,64.4354,15.6443,19.9204
small_markets,2048.3,64.5608,15.5913,19.8479
small_markets,2048.4,64.6859,15.5387,19.7754
small_markets,2048.5,64.8107,15.4864,19.7030
small_markets,2048.6,64.9351,15.4344,19.6305
small_markets,2048.7,65.0591,15.3827,19.5581
small_markets,2048.8,65.1829,15.3314,19.4857
small_markets,2048.9,65.3062,15.2804,19.4134
small_markets,2049.0,65.4292,15.2297,19.3411
small_markets,2049.1,65.5519,15.1793,19.2688
small_markets,2049.2,65.6742,15.1291,19.1966
small_markets,2049.3,65.7962,15.0793,19.1245
small_markets,2049.4,65.9179,15.0298,19.0524
small_markets,2049.5,66.0391,14.9805,18.9803
small_markets,2049.6,66.1601,14.9316,18.9083
small_markets,2049.7,66.2807,14.8829,18.8364
small_markets,2049.8,66.4009,14.8345,18.7646
small_markets,2049.9,66.5208,14.7863,18.6928
small_markets,2050.0,66.6404,14.7384,18.6212
medium_markets,2015.0,0.5144,99.1259,0.3598
medium_markets,2015.1,0.5421,99.0806,0.3773
medium_markets,2015.2,0.5710,99.0335,0.3955
medium_markets,2015.3,0.6009,98.9846,0.4145
medium_markets,2015.4,0.6320,98.9338,0.4342
medium_markets,2015.5,0.6643,98.8810,0.4546
medium_markets,2015.6,0.6978,98.8263,0.4759
medium_markets,2015.7,0.7326,98.7696,0.4978
medium_markets,2015.8,0.7686,98.7108,0.5206
medium_markets,2015.9,0.8058,98.6499,0.5442
medium_markets,2016.0,0.8444,98.5869,0.5687
medium_markets,2016.1,0.8844,98.5217,0.5939
medium_markets,2016.2,0.9257,98.4543,0.6201
medium_markets,2016.3,0.9683,98.3846,0.6470
medium_markets,2016.4,1.0125,98.3126,0.6749
medium_markets,2016.5,1.0580,98.2383,0.7036
medium_markets,2016.6,1.1051,98.1616,0.7333
medium_markets,2016.7,1.1537,98.0825,0.7638
medium_markets,2016.8,1.2038,98.0010,0.7953
medium_markets,2016.9,1.2554,97.9169,0.8277
medium_markets,2017.0,1.3087,97.8303,0.8610
medium_markets,2017.1,1.3636,97.7397,0.8967
medium_markets,2017.2,1.4203,97.6444,0.9353
medium_markets,2017.3,1.4788,97.5447,0.9766
medium_markets,2017.4,1.5392,97.4407,1.0202
medium_markets,2017.5,1.6015,97.3325,1.0660
medium_markets,2017.6,1.6659,97.2201,1.1141
medium_markets,2017.7,1.7323,97.1036,1.1641
medium_markets,2017.8,1.8009,96.9830,1.2162
medium_markets,2017.9,1.8718,96.8582,1.2702
medium_markets,2018.0,1.9448,96.7293,1.3260
medium_markets,2018.1,2.0275,96.5952,1.3837
medium_markets,2018.2,2.1070,96.4570,1.4431
medium_markets,2018.3,2.1884,96.3147,1.5042
medium_markets,2018.4,2.2720,96.1683,1.5669
medium_markets,2018.5,2.3581,96.0178,1.6313
medium_markets,2018.6,2.4466,95.8632,1.6971
medium_markets,2018.7,2.5378,95.7043,1.7645
medium_markets,2018.8,2.6317,95.5413,1.8334
medium_markets,2018.9,2.7283,95.3741,1.9036
medium_markets,2019.0,2.8277,95.2027,1.9752
medium_markets,2019.1,2.9301,95.0271,2.0481
medium_markets,2019.2,3.0354,94.8472,2.1223
medium_markets,2019.3,3.1437,94.6630,2.1976
medium_markets,2019.4,3.2552,94.4746,2.2742
medium_markets,2019.5,3.3698,94.2818,2.3519
medium_markets,2019.6,3.4877,94.0848,2.4306
medium_markets,2019.7,3.6089,93.8833,2.5104
medium_markets,2019.8,3.7336,93.6775,2.5911
medium_markets,2019.9,3.8617,93.4673,2.6728
medium_markets,2020.0,3.9934,93.2526,2.7557
medium_markets,2020.1,4.1288,93.0334,2.8396
medium_markets,2020.2,4.2679,92.8097,2.9243
medium_markets,2020.3,4.4109,92.5815,3.0097
medium_markets,2020.4,4.5578,92.3487,3.0958
medium_markets,2020.5,4.7087,92.1113,3.1825
medium_markets,2020.6,4.8638,91.8692,3.2697
medium_markets,2020.7,5.0232,91.6224,3.3574
medium_markets,2020.8,5.1869,91.3708,3.4455
medium_markets,2020.9,5.3551,91.1143,3.5340
medium_markets,2021.0,5.5279,90.8530,3.6229
medium_markets,2021.1,5.7054,90.5867,3.7119
medium_markets,2021.2,5.8878,90.3153,3.8012
medium_markets,2021.3,6.0751,90.0389,3.8905
medium_markets,2021.4,6.2677,89.7573,3.9799
medium_markets,2021.5,6.4655,89.4704,4.0693
medium_markets,2021.6,6.6687,89.1781,4.1587
medium_markets,2021.7,6.8775,88.8804,4.2479
medium_markets,2021.8,7.0921,88.5772,4.3369
medium_markets,2021.9,7.3125,88.2683,4.4256
medium_markets,2022.0,7.5391,87.9536,4.5139
medium_markets,2022.1,7.7719,87.6331,4.6019
medium_markets,2022.2,8.0112,87.3065,4.6894
medium_markets,2022.3,8.2571,86.9738,4.7764
medium_markets,2022.4,8.5098,86.6349,4.8628
medium_markets,2022.5,8.7696,86.2896,4.9485
medium_markets,2022.6,9.0365,85.9377,5.0335
medium_markets,2022.7,9.3110,85.5791,5.1177
medium_markets,2022.8,9.5931,85.2136,5.2010
medium_markets,2022.9,9.8831,84.8411,5.2833
medium_markets,2023.0,10.1812,84.4614,5.3646
medium_markets,2023.1,10.4877,84.0742,5.4448
medium_markets,2023.2,10.8029,83.6794,5.5239
medium_markets,2023.3,11.1269,83.2768,5.6017
medium_markets,2023.4,11.4600,82.8661,5.6782
medium_markets,2023.5,11.8025,82.4472,5.7534
medium_markets,2023.6,12.1547,82.0198,5.8280
medium_markets,2023.7,12.5169,81.5836,5.9018
medium_markets,2023.8,12.8893,81.1385,5.9743
medium_markets,2023.9,13.2723,80.6840,6.0454
medium_markets,2024.0,13.6660,80.2201,6.1152
medium_markets,2024.1,14.0710,79.7463,6.1835
medium_markets,2024.2,14.4873,79.2624,6.2505
medium_markets,2024.3,14.9155,78.7682,6.3163
medium_markets,2024.4,15.3557,78.2632,6.3811
medium_markets,2024.5,15.8084,77.7472,6.4444
medium_markets,2024.6,16.2738,77.2199,6.5064
medium_markets,2024.7,16.7522,76.6809,6.5669
medium_markets,2024.8,17.2440,76.1300,6.6260
medium_markets,2024.9,17.7496,75.5667,6.6837
medium_markets,2025.0,18.2691,74.9909,6.7400
medium_markets,2025.1,18.8030,74.4020,6.7950
medium_markets,2025.2,19.3515,73.8000,6.8485
medium_markets,2025.3,19.9149,73.1844,6.9007
medium_markets,2025.4,20.4935,72.5550,6.9515
medium_markets,2025.5,21.0876,71.9115,7.0009
medium_markets,2025.6,21.6972,71.2537,7.0490
medium_markets,2025.7,22.3227,70.5815,7.0958
medium_markets,2025.8,22.9641,69.8946,7.1413
medium_markets,2025.9,23.6216,69.1929,7.1854
medium_markets,2026.0,24.2952,68.4765,7.2282
medium_markets,2026.1,24.9849,67.7454,7.2753
medium_markets,2026.2,25.6905,66.9997,7.3276
medium_markets,2026.3,26.4119,66.2395,7.3778
medium_markets,2026.4,27.1489,65.4653,7.4259
medium_markets,2026.5,27.9010,64.6774,7.4719
medium_markets,2026.6,28.6678,63.8763,7.5156
medium_markets,2026.7,29.4486,63.0629,7.5569
medium_markets,2026.8,30.2427,62.2379,7.5957
medium_markets,2026.9,31.0494,61.4024,7.6319
medium_markets,2027.0,31.8674,60.5574,7.6652
medium_markets,2027.1,32.6957,59.7042,7.6956
medium_markets,2027.2,33.5330,58.8445,7.7229
medium_markets,2027.3,34.3778,57.9798,7.7469
medium_markets,2027.4,35.2284,57.1119,7.7675
medium_markets,2027.5,36.0832,56.2427,7.7845
medium_markets,2027.6,36.9403,55.3742,7.7977
medium_markets,2027.7,37.7977,54.5086,7.8080
medium_markets,2027.8,38.6535,53.6479,7.8291
medium_markets,2027.9,39.5054,52.7944,7.8460
medium_markets,2028.0,40.3516,51.9501,7.8587
medium_markets,2028.1,41.1898,51.1172,7.9101
medium_markets,2028.2,42.0182,50.2974,7.9611
medium_markets,2028.3,42.8349,49.4924,8.0102
medium_markets,2028.4,43.6382,48.7038,8.0577
medium_markets,2028.5,44.4266,47.9328,8.1038
medium_markets,2028.6,45.1990,47.1801,8.1488
medium_markets,2028.7,45.9542,46.4463,8.1931
medium_markets,2028.8,46.6918,45.7316,8.2370
medium_markets,2028.9,47.4113,45.0358,8.2811
medium_markets,2029.0,48.1128,44.3586,8.3257
medium_markets,2029.1,48.7965,43.6990,8.3714
medium_markets,2029.2,49.4630,43.0562,8.4184
medium_markets,2029.3,50.1131,42.4289,8.4671
medium_markets,2029.4,50.7478,41.8158,8.5177
medium_markets,2029.5,51.3683,41.2157,8.5703
medium_markets,2029.6,51.9758,40.6273,8.6250
medium_markets,2029.7,52.5717,40.0492,8.6817
medium_markets,2029.8,53.1570,39.4803,8.7401
medium_markets,2029.9,53.7332,38.9197,8.8002
medium_markets,2030.0,54.3012,38.3666,8.8614
medium_markets,2030.1,54.8620,37.8203,8.9234
medium_markets,2030.2,55.4164,37.2804,8.9859
medium_markets,2030.3,55.9652,36.7465,9.0483
medium_markets,2030.4,56.5088,36.2184,9.1103
medium_markets,2030.5,57.0478,35.6960,9.1715
medium_markets,2030.6,57.5825,35.1794,9.2315
medium_markets,2030.7,58.1130,34.6684,9.3027
medium_markets,2030.8,58.6396,34.1633,9.3716
medium_markets,2030.9,59.1625,33.6640,9.4380
medium_markets,2031.0,59.6817,33.1707,9.5015
medium_markets,2031.1,60.1972,32.6835,9.5618
medium_markets,2031.2,60.7092,32.2025,9.6186
medium_markets,2031.3,61.2176,31.7278,9.6717
medium_markets,2031.4,61.7224,31.2596,9.7207
medium_markets,2031.5,62.2237,30.7979,9.7655
medium_markets,2031.6,62.7214,30.3428,9.8057
medium_markets,2031.7,63.2155,29.8945,9.8413
medium_markets,2031.8,63.7060,29.4528,9.8718
medium_markets,2031.9,64.1927,29.0180,9.8973
medium_markets,2032.0,64.6756,28.5901,9.9175
medium_markets,2032.1,65.1546,28.1690,9.9323
medium_markets,2032.2,65.6296,27.7549,9.9417
medium_markets,2032.3,66.1006,27.3475,9.9455
medium_markets,2032.4,66.5673,26.9470,9.9437
medium_markets,2032.5,67.0297,26.5533,9.9364
medium_markets,2032.6,67.4877,26.1662,9.9235
medium_markets,2032.7,67.9411,25.7857,9.9052
medium_markets,2032.8,68.3898,25.4118,9.8814
medium_markets,2032.9,68.8337,25.0441,9.8524
medium_markets,2033.0,69.2726,24.6827,9.8183
medium_markets,2033.1,69.7065,24.3273,9.7792
medium_markets,2033.2,70.1351,23.9777,9.7353
medium_markets,2033.3,70.5585,23.6339,9.6869
medium_markets,2033.4,70.9764,23.2956,9.6341
medium_markets,2033.5,71.3888,22.9626,9.5771
medium_markets,2033.6,71.7957,22.6348,9.5163
medium_markets,2033.7,72.1969,22.3120,9.4518
medium_markets,2033.8,72.5923,21.9940,9.3839
medium_markets,2033.9,72.9820,21.6806,9.3128
medium_markets,2034.0,73.3659,21.3717,9.2387
medium_markets,2034.1,73.7439,21.0672,9.1619
medium_markets,2034.2,74.1161,20.7670,9.0825
medium_markets,2034.3,74.4824,20.4708,9.0008
medium_markets,2034.4,74.8428,20.1787,8.9170
medium_markets,2034.5,75.1975,19.8905,8.8312
medium_markets,2034.6,75.5463,19.6062,8.7436
medium_markets,2034.7,75.8893,19.3257,8.6543
medium_markets,2034.8,76.2266,19.0489,8.5636
medium_markets,2034.9,76.5583,18.7759,8.4715
medium_markets,2035.0,76.8844,18.5065,8.3781
medium_markets,2035.1,77.2049,18.2408,8.2837
medium_markets,2035.2,77.5200,17.9788,8.1882
medium_markets,2035.3,77.8297,17.7204,8.0919
medium_markets,2035.4,78.1341,17.4656,7.9948
medium_markets,2035.5,78.4333,17.2144,7.8969
medium_markets,2035.6,78.7274,16.9669,7.7985
medium_markets,2035.7,79.0165,16.7230,7.6996
medium_markets,2035.8,79.3006,16.4827,7.6003
medium_markets,2035.9,79.5799,16.2460,7.5008
medium_markets,2036.0,79.8544,16.0129,7.4009
medium_markets,2036.1,80.1243,15.7834,7.3010
medium_markets,2036.2,80.3896,15.5575,7.2011
medium_markets,2036.3,80.6505,15.3352,7.1011
medium_markets,2036.4,80.9069,15.1164,7.0014
medium_markets,2036.5,81.1590,14.9012,6.9019
medium_markets,2036.6,81.4068,14.6895,6.8027
medium_markets,2036.7,81.6505,14.4813,6.7039
medium_markets,2036.8,81.8901,14.2766,6.6055
medium_markets,2036.9,82.1256,14.0753,6.5078
medium_markets,2037.0,82.3572,13.8775,6.4107
medium_markets,2037.1,82.5848,13.6830,6.3143
medium_markets,2037.2,82.8086,13.4919,6.2187
medium_markets,2037.3,83.0286,13.3041,6.1240
medium_markets,2037.4,83.2448,13.1197,6.0302
medium_markets,2037.5,83.4573,12.9384,5.9374
medium_markets,2037.6,83.6662,12.7604,5.8457
medium_markets,2037.7,83.8715,12.5855,5.7551
medium_markets,2037.8,84.0732,12.4138,5.6657
medium_markets,2037.9,84.2714,12.2452,5.5775
medium_markets,2038.0,84.4661,12.0796,5.4905
medium_markets,2038.1,84.6574,11.9170,5.4049
medium_markets,2038.2,84.8452,11.7573,5.3207
medium_markets,2038.3,85.0298,11.6005,5.2378
medium_markets,2038.4,85.2110,11.4466,5.1564
medium_markets,2038.5,85.3889,11.2955,5.0764
medium_markets,2038.6,85.5636,11.1471,4.9979
medium_markets,2038.7,85.7351,11.0015,4.9209
medium_markets,2038.8,85.9035,10.8585,4.8454
medium_markets,2038.9,86.0688,10.7181,4.7714
medium_markets,2039.0,86.2310,10.5803,4.6990
medium_markets,2039.1,86.3902,10.4450,4.6281
medium_markets,2039.2,86.5464,10.3122,4.5588
medium_markets,2039.3,86.6997,10.1817,4.4910
medium_markets,2039.4,86.8502,10.0537,4.4247
medium_markets,2039.5,86.9979,9.9280,4.3600
medium_markets,2039.6,87.1428,9.8045,4.2969
medium_markets,2039.7,87.2849,9.6833,4.2352
medium_markets,2039.8,87.4245,9.5642,4.1750
medium_markets,2039.9,87.5614,9.4473,4.1163
medium_markets,2040.0,87.6957,9.3325,4.0591
medium_markets,2040.1,87.8276,9.2197,4.0034
medium_markets,2040.2,87.9570,9.1090,3.9491
medium_markets,2040.3,88.0841,9.0002,3.8961
medium_markets,2040.4,88.2087,8.8933,3.8446
medium_markets,2040.5,88.3312,8.7883,3.7944
medium_markets,2040.6,88.4513,8.6852,3.7456
medium_markets,2040.7,88.5693,8.5839,3.6980
medium_markets,2040.8,88.6852,8.4843,3.6517
medium_markets,2040.9,88.7990,8.3865,3.6067
medium_markets,2041.0,88.9108,8.2904,3.5629
medium_markets,2041.1,89.0206,8.1959,3.5202
medium_markets,2041.2,89.1284,8.1031,3.4788
medium_markets,2041.3,89.2344,8.0118,3.4384
medium_markets,2041.4,89.3386,7.9221,3.3992
medium_markets,2041.5,89.4410,7.8340,3.3610
medium_markets,2041.6,89.5417,7.7473,3.3239
medium_markets,2041.7,89.6406,7.6621,3.2877
medium_markets,2041.8,89.7379,7.5783,3.2526
medium_markets,2041.9,89.8337,7.4959,3.2184
medium_markets,2042.0,89.9278,7.4149,3.1851
medium_markets,2042.1,90.0204,7.3352,3.1527
medium_markets,2042.2,90.1115,7.2569,3.1212
medium_markets,2042.3,90.2012,7.1798,3.0905
medium_markets,2042.4,90.2895,7.1040,3.0607
medium_markets,2042.5,90.3764,7.0295,3.0316
medium_markets,2042.6,90.4620,6.9561,3.0033
medium_markets,2042.7,90.5462,6.8840,2.9757
medium_markets,2042.8,90.6292,6.8130,2.9488
medium_markets,2042.9,90.7110,6.7431,2.9226
medium_markets,2043.0,90.7915,6.6743,2.8971
medium_markets,2043.1,90.8709,6.6067,2.8722
medium_markets,2043.2,90.9491,6.5401,2.8479
medium_markets,2043.3,91.0262,6.4745,2.8243
medium_markets,2043.4,91.1022,6.4100,2.8012
medium_markets,2043.5,91.1771,6.3464,2.7786
medium_markets,2043.6,91.2510,6.2839,2.7566
medium_markets,2043.7,91.3239,6.2222,2.7351
medium_markets,2043.8,91.3958,6.1616,2.7141
medium_markets,2043.9,91.4668,6.1018,2.6935
medium_markets,2044.0,91.5368,6.0429,2.6734
medium_markets,2044.1,91.6059,5.9850,2.6538
medium_markets,2044.2,91.6741,5.9278,2.6346
medium_markets,2044.3,91.7414,5.8715,2.6158
medium_markets,2044.4,91.8078,5.8161,2.5974
medium_markets,2044.5,91.8735,5.7614,2.5793
medium_markets,2044.6,91.9383,5.7075,2.5617
medium_markets,2044.7,92.0023,5.6544,2.5444
medium_markets,2044.8,92.0655,5.6020,2.5274
medium_markets,2044.9,92.1280,5.5504,2.5107
medium_markets,2045.0,92.1897,5.4994,2.4944
medium_markets,2045.1,92.2507,5.4492,2.4784
medium_markets,2045.2,92.3109,5.3997,2.4626
medium_markets,2045.3,92.3705,5.3508,2.4472
medium_markets,2045.4,92.4294,5.3026,2.4320
medium_markets,2045.5,92.4876,5.2550,2.4170
medium_markets,2045.6,92.5452,5.2081,2.4024
medium_markets,2045.7,92.6021,5.1617,2.3879
medium_markets,2045.8,92.6584,5.1160,2.3737
medium_markets,2045.9,92.7140,5.0708,2.3598
medium_markets,2046.0,92.7691,5.0263,2.3460
medium_markets,2046.1,92.8235,4.9822,2.3325
medium_markets,2046.2,92.8774,4.9388,2.3192
medium_markets,2046.3,92.9307,4.8958,2.3061
medium_markets,2046.4,92.9834,4.8534,2.2932
medium_markets,2046.5,93.0355,4.8115,2.2804
medium_markets,2046.6,93.0871,4.7701,2.2679
medium_markets,2046.7,93.1382,4.7292,2.2556
medium_markets,2046.8,93.1887,4.6887,2.2434
medium_markets,2046.9,93.2387,4.6488,2.2314
medium_markets,2047.0,93.2882,4.6093,2.2195
medium_markets,2047.1,93.3372,4.5702,2.2079
medium_markets,2047.2,93.3857,4.5316,2.1963
medium_markets,2047.3,93.4337,4.4934,2.1850
medium_markets,2047.4,93.4812,4.4556,2.1738
medium_markets,2047.5,93.5282,4.4182,2.1627
medium_markets,2047.6,93.5748,4.3813,2.1518
medium_markets,2047.7,93.6209,4.3447,2.1411
medium_markets,2047.8,93.6665,4.3086,2.1305
medium_markets,2047.9,93.7117,4.2728,2.1200
medium_markets,2048.0,93.7564,4.2374,2.1096
medium_markets,2048.1,93.8007,4.2023,2.0994
medium_markets,2048.2,93.8445,4.1676,2.0894
medium_markets,2048.3,93.8879,4.1333,2.0794
medium_markets,2048.4,93.9309,4.0993,2.0696
medium_markets,2048.5,93.9735,4.0656,2.0599
medium_markets,2048.6,94.0157,4.0323,2.0503
medium_markets,2048.7,94.0575,3.9993,2.0409
medium_markets,2048.8,94.0988,3.9667,2.0315
medium_markets,2048.9,94.1398,3.9343,2.0223
medium_markets,2049.0,94.1803,3.9023,2.0132
medium_markets,2049.1,94.2205,3.8705,2.0042
medium_markets,2049.2,94.2603,3.8391,1.9953
medium_markets,2049.3,94.2997,3.8080,1.9867
medium_markets,2049.4,94.3388,3.7771,1.9787
medium_markets,2049.5,94.3775,3.7466,1.9709
medium_markets,2049.6,94.4158,3.7163,1.9631
medium_markets,2049.7,94.4538,3.6863,1.9554
medium_markets,2049.8,94.4914,3.6566,1.9478
medium_markets,2049.9,94.5286,3.6271,1.9403
medium_markets,2050.0,94.5655,3.5979,1.9329
big_markets,2015.0,0.3759,99.5809,0.1266
big_markets,2015.1,0.4023,99.5507,0.1336
big_markets,2015.2,0.4301,99.5187,0.1410
big_markets,2015.3,0.4593,99.4848,0.1486
big_markets,2015.4,0.4901,99.4489,0.1566
big_markets,2015.5,0.5224,99.4110,0.1649
big_markets,2015.6,0.5564,99.3711,0.1734
big_markets,2015.7,0.5920,99.3289,0.1823
big_markets,2015.8,0.6293,99.2845,0.1915
big_markets,2015.9,0.6683,99.2377,0.2010
big_markets,2016.0,0.7092,99.1885,0.2109
big_markets,2016.1,0.7519,99.1368,0.2210
big_markets,2016.2,0.7965,99.0825,0.2315
big_markets,2016.3,0.8431,99.0255,0.2423
big_markets,2016.4,0.8917,98.9658,0.2534
big_markets,2016.5,0.9423,98.9031,0.2648
big_markets,2016.6,0.9951,98.8375,0.2766
big_markets,2016.7,1.0500,98.7688,0.2886
big_markets,2016.8,1.1071,98.6970,0.3010
big_markets,2016.9,1.1664,98.6219,0.3137
big_markets,2017.0,1.2281,98.5434,0.3268
big_markets,2017.1,1.2922,98.4615,0.3401
big_markets,2017.2,1.3587,98.3759,0.3538
big_markets,2017.3,1.4276,98.2867,0.3678
big_markets,2017.4,1.4991,98.1936,0.3821
big_markets,2017.5,1.5731,98.0967,0.3967
big_markets,2017.6,1.6498,97.9957,0.4117
big_markets,2017.7,1.7292,97.8906,0.4270
big_markets,2017.8,1.8113,97.7812,0.4426
big_markets,2017.9,1.8963,97.6674,0.4585
big_markets,2018.0,1.9841,97.5490,0.4747
big_markets,2018.1,2.0747,97.4261,0.5002
big_markets,2018.2,2.1684,97.2984,0.5342
big_markets,2018.3,2.2651,97.1658,0.5701
big_markets,2018.4,2.3648,97.0282,0.6080
big_markets,2018.5,2.4677,96.8854,0.6478
big_markets,2018.6,2.5737,96.7373,0.6898
big_markets,2018.7,2.6830,96.5839,0.7339
big_markets,2018.8,2.7956,96.4249,0.7802
big_markets,2018.9,2.9115,96.2602,0.8288
big_markets,2019.0,3.0309,96.0897,0.8798
big_markets,2019.1,3.1537,95.9133,0.9333
big_markets,2019.2,3.2800,95.7308,0.9894
big_markets,2019.3,3.4098,95.5420,1.0481
big_markets,2019.4,3.5433,95.3470,1.1097
big_markets,2019.5,3.6805,95.1454,1.1741
big_markets,2019.6,3.8213,94.9372,1.2414
big_markets,2019.7,3.9660,94.7223,1.3117
big_markets,2019.8,4.1145,94.5005,1.3850
big_markets,2019.9,4.2668,94.2717,1.4615
big_markets,2020.0,4.4231,94.0357,1.5412
big_markets,2020.1,4.5834,93.7925,1.6241
big_markets,2020.2,4.7477,93.5419,1.7104
big_markets,2020.3,4.9161,93.2837,1.8002
big_markets,2020.4,5.0886,93.0179,1.8935
big_markets,2020.5,5.2653,92.7444,1.9903
big_markets,2020.6,5.4462,92.4630,2.0909
big_markets,2020.7,5.6313,92.1736,2.1951
big_markets,2020.8,5.8208,91.8761,2.3031
big_markets,2020.9,6.0147,91.5704,2.4149
big_markets,2021.0,6.2129,91.2564,2.5306
big_markets,2021.1,6.4156,90.9341,2.6503
big_markets,2021.2,6.6228,90.6033,2.7740
big_markets,2021.3,6.8344,90.2639,2.9017
big_markets,2021.4,7.0507,89.9159,3.0334
big_markets,2021.5,7.2715,89.5592,3.1693
big_markets,2021.6,7.4970,89.1938,3.3092
big_markets,2021.7,7.7271,88.8195,3.4534
big_markets,2021.8,7.9620,88.4364,3.6017
big_markets,2021.9,8.2015,88.0444,3.7541
big_markets,2022.0,8.4459,87.6434,3.9107
big_markets,2022.1,8.6950,87.2335,4.0715
big_markets,2022.2,8.9489,86.8147,4.2364
big_markets,2022.3,9.2077,86.3868,4.4055
big_markets,2022.4,9.4713,85.9501,4.5786
big_markets,2022.5,9.7398,85.5044,4.7558
big_markets,2022.6,10.0133,85.0498,4.9370
big_markets,2022.7,10.2916,84.5863,5.1221
big_markets,2022.8,10.5749,84.1140,5.3111
big_markets,2022.9,10.8631,83.6330,5.5039
big_markets,2023.0,11.1563,83.1433,5.7004
big_markets,2023.1,11.4545,82.6451,5.9005
big_markets,2023.2,11.7576,82.1383,6.1041
big_markets,2023.3,12.0657,81.6232,6.3110
big_markets,2023.4,12.3788,81.0999,6.5213
big_markets,2023.5,12.6969,80.5685,6.7346
big_markets,2023.6,13.0200,80.0292,6.9508
big_markets,2023.7,13.3481,79.4821,7.1699
big_markets,2023.8,13.6811,78.9274,7.3915
big_markets,2023.9,14.0191,78.3653,7.6156
big_markets,2024.0,14.3620,77.7961,7.8418
big_markets,2024.1,14.7099,77.2200,8.0701
big_markets,2024.2,15.0627,76.6371,8.3002
big_markets,2024.3,15.4205,76.0478,8.5318
big_markets,2024.4,15.7831,75.4522,8.7647
big_markets,2024.5,16.1505,74.8508,8.9987
big_markets,2024.6,16.5228,74.2438,9.2334
big_markets,2024.7,16.8999,73.6314,9.4687
big_markets,2024.8,17.2817,73.0141,9.7042
big_markets,2024.9,17.6683,72.3921,9.9396
big_markets,2025.0,18.0596,71.7658,10.1746
big_markets,2025.1,18.4555,71.1354,10.4090
big_markets,2025.2,18.8561,70.5015,10.6424
big_markets,2025.3,19.2612,69.8643,10.8745
big_markets,2025.4,19.6708,69.2242,11.1050
big_markets,2025.5,20.0849,68.5817,11.3334
big_markets,2025.6,20.5034,67.9370,11.5596
big_markets,2025.7,20.9262,67.2907,11.7831
big_markets,2025.8,21.3534,66.6430,12.0036
big_markets,2025.9,21.7847,65.9945,12.2208
big_markets,2026.0,22.2203,65.3455,12.4343
big_markets,2026.1,22.6599,64.6964,12.6437
big_markets,2026.2,23.1036,64.0477,12.8488
big_markets,2026.3,23.5512,63.3997,13.0491
big_markets,2026.4,24.0027,62.7529,13.2444
big_markets,2026.5,24.4579,62.1077,13.4343
big_markets,2026.6,24.9169,61.4645,13.6185
big_markets,2026.7,25.3796,60.8238,13.7967
big_markets,2026.8,25.8458,60.1858,13.9685
big_markets,2026.9,26.3154,59.5510,14.1336
big_markets,2027.0,26.7884,58.9197,14.2919
big_markets,2027.1,27.2647,58.2925,14.4429
big_markets,2027.2,27.7441,57.6695,14.5864
big_markets,2027.3,28.2266,57.0512,14.7222
big_markets,2027.4,28.7121,56.4379,14.8500
big_markets,2027.5,29.2005,55.8299,14.9696
big_markets,2027.6,29.6916,55.2276,15.0808
big_markets,2027.7,30.1854,54.6312,15.1833
big_markets,2027.8,30.6818,54.0411,15.2771
big_markets,2027.9,31.1805,53.4575,15.3620
big_markets,2028.0,31.6816,52.8806,15.4378
big_markets,2028.1,32.1849,52.3107,15.5044
big_markets,2028.2,32.6903,51.7480,15.5617
big_markets,2028.3,33.1976,51.1927,15.6097
big_markets,2028.4,33.7068,50.6449,15.6483
big_markets,2028.5,34.2177,50.1049,15.6774
big_markets,2028.6,34.7301,49.5728,15.6971
big_markets,2028.7,35.2440,49.0487,15.7073
big_markets,2028.8,35.7593,48.5327,15.7081
big_markets,2028.9,36.2757,48.0248,15.6995
big_markets,2029.0,36.7931,47.5252,15.6816
big_markets,2029.1,37.3115,47.0340,15.6546
big_markets,2029.2,37.8306,46.5510,15.6184
big_markets,2029.3,38.3504,46.0764,15.5732
big_markets,2029.4,38.8706,45.6102,15.5192
big_markets,2029.5,39.3912,45.1523,15.4565
big_markets,2029.6,39.9120,44.7027,15.3854
big_markets,2029.7,40.4327,44.2613,15.3059
big_markets,2029.8,40.9534,43.8282,15.2184
big_markets,2029.9,41.4738,43.4032,15.1230
big_markets,2030.0,41.9938,42.9863,15.0199
big_markets,2030.1,42.5131,42.5774,14.9095
big_markets,2030.2,43.0317,42.1763,14.7920
big_markets,2030.3,43.5494,41.7830,14.6676
big_markets,2030.4,44.0660,41.3974,14.5366
big_markets,2030.5,44.5813,41.0194,14.3994
big_markets,2030.6,45.0952,40.6487,14.2561
big_markets,2030.7,45.6075,40.2854,14.1071
big_markets,2030.8,46.1180,39.9292,13.9527
big_markets,2030.9,46.6266,39.5801,13.7933
big_markets,2031.0,47.1330,39.2380,13.6290
big_markets,2031.1,47.6372,38.9026,13.4602
big_markets,2031.2,48.1388,38.5738,13.2873
big_markets,2031.3,48.6378,38.2516,13.1105
big_markets,2031.4,49.1340,37.9358,12.9302
big_markets,2031.5,49.6271,37.6263,12.7466
big_markets,2031.6,50.1170,37.3229,12.5602
big_markets,2031.7,50.6035,37.0255,12.3711
big_markets,2031.8,51.0864,36.7340,12.1797
big_markets,2031.9,51.5655,36.4482,11.9863
big_markets,2032.0,52.0407,36.1681,11.7911
big_markets,2032.1,52.5118,35.8936,11.5946
big_markets,2032.2,52.9785,35.6244,11.3970
big_markets,2032.3,53.4408,35.3606,11.1986
big_markets,2032.4,53.8985,35.1019,10.9997
big_markets,2032.5,54.3513,34.8482,10.8005
big_markets,2032.6,54.7991,34.5995,10.6013
big_markets,2032.7,55.2418,34.3557,10.4025
big_markets,2032.8,55.6792,34.1165,10.2043
big_markets,2032.9,56.1112,33.8819,10.0069
big_markets,2033.0,56.5376,33.6518,9.8106
big_markets,2033.1,56.9582,33.4261,9.6157
big_markets,2033.2,57.3730,33.2046,9.4224
big_markets,2033.3,57.7819,32.9872,9.2310
big_markets,2033.4,58.1846,32.7737,9.0416
big_markets,2033.5,58.5812,32.5642,8.8546
big_markets,2033.6,58.9716,32.3584,8.6700
big_markets,2033.7,59.3556,32.1561,8.4883
big_markets,2033.8,59.7332,31.9574,8.3094
big_markets,2033.9,60.1044,31.7620,8.1336
big_markets,2034.0,60.4691,31.5698,7.9611
big_markets,2034.1,60.8273,31.3807,7.7920
big_markets,2034.2,61.1789,31.1945,7.6265
big_markets,2034.3,61.5241,31.0112,7.4647
big_markets,2034.4,61.8627,30.8305,7.3068
big_markets,2034.5,62.1948,30.6524,7.1527
big_markets,2034.6,62.5205,30.4768,7.0027
big_markets,2034.7,62.8398,30.3034,6.8567
big_markets,2034.8,63.1528,30.1323,6.7149
big_markets,2034.9,63.4595,29.9632,6.5773
big_markets,2035.0,63.7601,29.7961,6.4438
big_markets,2035.1,64.0546,29.6309,6.3146
big_markets,2035.2,64.3431,29.4674,6.1895
big_markets,2035.3,64.6259,29.3055,6.0686
big_markets,2035.4,64.9029,29.1453,5.9518
big_markets,2035.5,65.1744,28.9865,5.8391
big_markets,2035.6,65.4405,28.8291,5.7304
big_markets,2035.7,65.7013,28.6731,5.6257
big_markets,2035.8,65.9570,28.5183,5.5248
big_markets,2035.9,66.2077,28.3647,5.4276
big_markets,2036.0,66.4537,28.2122,5.3341
big_markets,2036.1,66.6951,28.0608,5.2441
big_markets,2036.2,66.9320,27.9105,5.1575
big_markets,2036.3,67.1646,27.7612,5.0742
big_markets,2036.4,67.3931,27.6128,4.9941
big_markets,2036.5,67.6176,27.4654,4.9170
big_markets,2036.6,67.8383,27.3188,4.8428
big_markets,2036.7,68.0554,27.1731,4.7714
big_markets,2036.8,68.2690,27.0283,4.7027
big_markets,2036.9,68.4793,26.8843,4.6364
big_markets,2037.0,68.6863,26.7411,4.5726
big_markets,2037.1,68.8904,26.5987,4.5110
big_markets,2037.2,69.0914,26.4570,4.4515
big_markets,2037.3,69.2897,26.3162,4.3941
big_markets,2037.4,69.4853,26.1761,4.3386
big_markets,2037.5,69.6784,26.0367,4.2849
big_markets,2037.6,69.8690,25.8981,4.2330
big_markets,2037.7,70.0573,25.7601,4.1826
big_markets,2037.8,70.2433,25.6230,4.1338
big_markets,2037.9,70.4271,25.4865,4.0864
big_markets,2038.0,70.6090,25.3507,4.0403
big_markets,2038.1,70.7888,25.2157,3.9955
big_markets,2038.2,70.9667,25.0813,3.9520
big_markets,2038.3,71.1428,24.9476,3.9095
big_markets,2038.4,71.3172,24.8146,3.8681
big_markets,2038.5,71.4899,24.6823,3.8278
big_markets,2038.6,71.6610,24.5507,3.7883
big_markets,2038.7,71.8305,24.4198,3.7498
big_markets,2038.8,71.9985,24.2895,3.7120
big_markets,2038.9,72.1650,24.1599,3.6751
big_markets,2039.0,72.3302,24.0309,3.6389
big_markets,2039.1,72.4940,23.9026,3.6034
big_markets,2039.2,72.6565,23.7750,3.5685
big_markets,2039.3,72.8177,23.6480,3.5343
big_markets,2039.4,72.9778,23.5217,3.5006
big_markets,2039.5,73.1366,23.3960,3.4674
big_markets,2039.6,73.2943,23.2709,3.4347
big_markets,2039.7,73.4510,23.1465,3.4026
big_markets,2039.8,73.6065,23.0227,3.3708
big_markets,2039.9,73.7610,22.8995,3.3395
big_markets,2040.0,73.9146,22.7769,3.3085
big_markets,2040.1,74.0671,22.6550,3.2779
big_markets,2040.2,74.2187,22.5337,3.2476
big_markets,2040.3,74.3694,22.4130,3.2177
big_markets,2040.4,74.5191,22.2929,3.1880
big_markets,2040.5,74.6680,22.1734,3.1586
big_markets,2040.6,74.8161,22.0545,3.1294
big_markets,2040.7,74.9633,21.9362,3.1005
big_markets,2040.8,75.1097,21.8184,3.0718
big_markets,2040.9,75.2554,21.7013,3.0433
big_markets,2041.0,75.4002,21.5848,3.0150
big_markets,2041.1,75.5443,21.4688,2.9869
big_markets,2041.2,75.6876,21.3534,2.9590
big_markets,2041.3,75.8303,21.2386,2.9312
big_markets,2041.4,75.9722,21.1243,2.9035
big_markets,2041.5,76.1134,21.0106,2.8760
big_markets,2041.6,76.2539,20.8974,2.8487
big_markets,2041.7,76.3937,20.7849,2.8214
big_markets,2041.8,76.5329,20.6728,2.7943
big_markets,2041.9,76.6713,20.5613,2.7673
big_markets,2042.0,76.8092,20.4504,2.7405
big_markets,2042.1,76.9464,20.3399,2.7137
big_markets,2042.2,77.0829,20.2301,2.6870
big_markets,2042.3,77.2188,20.1207,2.6605
big_markets,2042.4,77.3541,20.0119,2.6340
big_markets,2042.5,77.4888,19.9036,2.6077
big_markets,2042.6,77.6228,19.7958,2.5814
big_markets,2042.7,77.7563,19.6885,2.5553
big_markets,2042.8,77.8891,19.5817,2.5292
big_markets,2042.9,78.0213,19.4755,2.5033
big_markets,2043.0,78.1529,19.3697,2.4774
big_markets,2043.1,78.2839,19.2644,2.4517
big_markets,2043.2,78.4143,19.1597,2.4260
big_markets,2043.3,78.5441,19.0554,2.4005
big_markets,2043.4,78.6734,18.9516,2.3750
big_markets,2043.5,78.8020,18.8483,2.3497
big_markets,2043.6,78.9300,18.7455,2.3245
big_markets,2043.7,79.0575,18.6431,2.2994
big_markets,2043.8,79.1843,18.5412,2.2744
big_markets,2043.9,79.3106,18.4398,2.2495
big_markets,2044.0,79.4363,18.3389,2.2248
big_markets,2044.1,79.5614,18.2384,2.2002
big_markets,2044.2,79.6859,18.1384,2.1757
big_markets,2044.3,79.8099,18.0389,2.1513
big_markets,2044.4,79.9332,17.9398,2.1270
big_markets,2044.5,80.0560,17.8411,2.1029
big_markets,2044.6,80.1782,17.7429,2.0789
big_markets,2044.7,80.2998,17.6452,2.0551
big_markets,2044.8,80.4208,17.5478,2.0314
big_markets,2044.9,80.5412,17.4510,2.0078
big_markets,2045.0,80.6611,17.3545,1.9844
big_markets,2045.1,80.7804,17.2585,1.9611
big_markets,2045.2,80.8990,17.1630,1.9380
big_markets,2045.3,81.0172,17.0678,1.9150
big_markets,2045.4,81.1347,16.9731,1.8922
big_markets,2045.5,81.2516,16.8789,1.8695
big_markets,2045.6,81.3680,16.7850,1.8470
big_markets,2045.7,81.4838,16.6916,1.8246
big_markets,2045.8,81.5990,16.5986,1.8025
big_markets,2045.9,81.7136,16.5060,1.7804
big_markets,2046.0,81.8276,16.4138,1.7586
big_markets,2046.1,81.9411,16.3220,1.7369
big_markets,2046.2,82.0540,16.2307,1.7153
big_markets,2046.3,82.1663,16.1397,1.6940
big_markets,2046.4,82.2780,16.0492,1.6728
big_markets,2046.5,82.3891,15.9591,1.6518
big_markets,2046.6,82.4997,15.8694,1.6309
big_markets,2046.7,82.6097,15.7800,1.6103
big_markets,2046.8,82.7191,15.6911,1.5898
big_markets,2046.9,82.8279,15.6026,1.5695
big_markets,2047.0,82.9362,15.5145,1.5493
big_markets,2047.1,83.0439,15.4268,1.5293
big_markets,2047.2,83.1510,15.3395,1.5096
big_markets,2047.3,83.2575,15.2526,1.4900
big_markets,2047.4,83.3634,15.1660,1.4705
big_markets,2047.5,83.4688,15.0799,1.4513
big_markets,2047.6,83.5736,14.9942,1.4322
big_markets,2047.7,83.6779,14.9088,1.4133
big_markets,2047.8,83.7815,14.8239,1.3946
big_markets,2047.9,83.8846,14.7393,1.3761
big_markets,2048.0,83.9871,14.6551,1.3577
big_markets,2048.1,84.0891,14.5713,1.3396
big_markets,2048.2,84.1905,14.4879,1.3242
big_markets,2048.3,84.2913,14.4049,1.3129
big_markets,2048.4,84.3915,14.3223,1.3017
big_markets,2048.5,84.4912,14.2401,1.2907
big_markets,2048.6,84.5903,14.1582,1.2798
big_markets,2048.7,84.6889,14.0767,1.2691
big_markets,2048.8,84.7869,13.9957,1.2586
big_markets,2048.9,84.8843,13.9150,1.2482
big_markets,2049.0,84.9812,13.8346,1.2379
big_markets,2049.1,85.0775,13.7547,1.2278
big_markets,2049.2,85.1732,13.6751,1.2178
big_markets,2049.3,85.2684,13.5960,1.2079
big_markets,2049.4,85.3631,13.5172,1.1982
big_markets,2049.5,85.4572,13.4388,1.1887
big_markets,2049.6,85.5507,13.3607,1.1793
big_markets,2049.7,85.6437,13.2831,1.1700
big_markets,2049.8,85.7361,13.2058,1.1608
big_markets,2049.9,85.8280,13.1289,1.1518
big_markets,2050.0,85.9193,13.0524,1.1429
