group,year,bev_share,ice_share,phev_share
world,2015.0,0.3480,99.5988,0.1327
world,2015.1,0.3725,99.5701,0.1404
world,2015.2,0.3985,99.5396,0.1484
world,2015.3,0.4258,99.5074,0.1568
world,2015.4,0.4546,99.4732,0.1655
world,2015.5,0.4850,99.4371,0.1746
world,2015.6,0.5168,99.3990,0.1841
world,2015.7,0.5503,99.3588,0.1940
world,2015.8,0.5855,99.3163,0.2042
world,2015.9,0.6223,99.2716,0.2148
world,2016.0,0.6609,99.2245,0.2258
world,2016.1,0.7014,99.1750,0.2371
world,2016.2,0.7437,99.1230,0.2489
world,2016.3,0.7879,99.0683,0.2610
world,2016.4,0.8341,99.0109,0.2736
world,2016.5,0.8823,98.9507,0.2865
world,2016.6,0.9325,98.8876,0.2998
world,2016.7,0.9850,98.8215,0.3136
world,2016.8,1.0396,98.7523,0.3277
world,2016.9,1.0964,98.6798,0.3422
world,2017.0,1.1556,98.6041,0.3572
world,2017.1,1.2172,98.5241,0.3732
world,2017.2,1.2813,98.4407,0.3895
world,2017.3,1.3478,98.3535,0.4064
world,2017.4,1.4169,98.2624,0.4238
world,2017.5,1.4886,98.1672,0.4417
world,2017.6,1.5630,98.0680,0.4601
world,2017.7,1.6401,97.9645,0.4792
world,2017.8,1.7200,97.8566,0.4987
world,2017.9,1.8028,97.7441,0.5188
world,2018.0,1.8885,97.6271,0.5394
world,2018.1,1.9788,97.5047,0.5605
world,2018.2,2.0706,97.3777,0.5822
world,2018.3,2.1655,97.2457,0.6044
world,2018.4,2.2635,97.1086,0.6292
world,2018.5,2.3648,96.9661,0.6702
world,2018.6,2.4693,96.8182,0.7135
world,2018.7,2.5773,96.6647,0.7590
world,2018.8,2.6886,96.5055,0.8068
world,2018.9,2.8035,96.3404,0.8569
world,2019.0,2.9219,96.1692,0.9096
world,2019.1,3.0439,95.9919,0.9648
world,2019.2,3.1696,95.8082,1.0227
world,2019.3,3.2991,95.6181,1.0834
world,2019.4,3.4324,95.4213,1.1469
world,2019.5,3.5696,95.2177,1.2133
world,2019.6,3.7108,95.0072,1.2826
world,2019.7,3.8559,94.7896,1.3550
world,2019.8,4.0052,94.5647,1.4306
world,2019.9,4.1586,94.3325,1.5094
world,2020.0,4.3162,94.0927,1.5916
world,2020.1,4.4781,93.8453,1.6771
world,2020.2,4.6444,93.5900,1.7661
world,2020.3,4.8150,93.3267,1.8588
world,2020.4,4.9901,93.0553,1.9550
world,2020.5,5.1698,92.7756,2.0550
world,2020.6,5.3540,92.4876,2.1588
world,2020.7,5.5429,92.1910,2.2665
world,2020.8,5.7365,91.8857,2.3781
world,2020.9,5.9349,91.5716,2.4938
world,2021.0,6.1381,91.2487,2.6136
world,2021.1,6.3463,90.9166,2.7375
world,2021.2,6.5593,90.5754,2.8657
world,2021.3,6.7774,90.2250,2.9981
world,2021.4,7.0006,89.8652,3.1348
world,2021.5,7.2289,89.4959,3.2758
world,2021.6,7.4624,89.1171,3.4212
world,2021.7,7.7011,88.7286,3.5710
world,2021.8,7.9450,88.3305,3.7253
world,2021.9,8.1944,87.9225,3.8839
world,2022.0,8.4491,87.5048,4.0471
world,2022.1,8.7092,87.0772,4.2146
world,2022.2,8.9748,86.6396,4.3866
world,2022.3,9.2460,86.1921,4.5631
world,2022.4,9.5227,85.7347,4.7439
world,2022.5,9.8050,85.2673,4.9290
world,2022.6,10.0930,84.7900,5.1185
world,2022.7,10.3867,84.3027,5.3122
world,2022.8,10.6862,83.8055,5.5101
world,2022.9,10.9914,83.2985,5.7120
world,2023.0,11.3024,82.7816,5.9180
world,2023.1,11.6192,82.2551,6.1278
world,2023.2,11.9420,81.7188,6.3414
world,2023.3,12.2706,81.1731,6.5587
world,2023.4,12.6052,80.6179,6.7794
world,2023.5,12.9458,80.0535,7.0034
world,2023.6,13.2924,79.4798,7.2307
world,2023.7,13.6450,78.8972,7.4609
world,2023.8,14.0036,78.3058,7.6938
world,2023.9,14.3683,77.7057,7.9294
world,2024.0,14.7390,77.0973,8.1672
world,2024.1,15.1159,76.4806,8.4071
world,2024.2,15.4989,75.8559,8.6489
world,2024.3,15.8881,75.2236,8.8922
world,2024.4,16.2834,74.5838,9.1368
world,2024.5,16.6848,73.9369,9.3824
world,2024.6,17.0925,73.2830,9.6286
world,2024.7,17.5063,72.6227,9.8752
world,2024.8,17.9263,71.9561,10.1218
world,2024.9,18.3524,71.2836,10.3680
world,2025.0,18.7847,70.6057,10.6136
world,2025.1,19.2232,69.9225,10.8580
world,2025.2,19.6679,69.2346,11.1011
world,2025.3,20.1186,68.5423,11.3423
world,2025.4,20.5755,67.8461,11.5812
world,2025.5,21.0384,67.1464,11.8176
world,2025.6,21.5073,66.4435,12.0509
world,2025.7,21.9822,65.7381,12.2807
world,2025.8,22.4630,65.0305,12.5067
world,2025.9,22.9496,64.3213,12.7290
world,2026.0,23.4420,63.6110,12.9471
world,2026.1,23.9399,62.9000,13.1610
world,2026.2,24.4433,62.1890,13.3698
world,2026.3,24.9520,61.4786,13.5728
world,2026.4,25.4658,60.7692,13.7695
world,2026.5,25.9846,60.0616,13.9594
world,2026.6,26.5082,59.3563,14.1422
world,2026.7,27.0362,58.6539,14.3174
world,2026.8,27.5684,57.9553,14.4847
world,2026.9,28.1045,57.2610,14.6436
world,2027.0,28.6442,56.5717,14.7939
world,2027.1,29.1871,55.8881,14.9351
world,2027.2,29.7330,55.2110,15.0669
world,2027.3,30.2813,54.5409,15.1890
world,2027.4,30.8318,53.8786,15.3012
world,2027.5,31.3841,53.2248,15.4030
world,2027.6,31.9377,52.5799,15.4944
world,2027.7,32.4924,51.9447,15.5751
world,2027.8,33.0477,51.3195,15.6494
world,2027.9,33.6034,50.7049,15.7133
world,2028.0,34.1591,50.1013,15.7665
world,2028.1,34.7146,49.5088,15.8088
world,2028.2,35.2697,48.9277,15.8404
world,2028.3,35.8243,48.3581,15.8613
world,2028.4,36.3782,47.8001,15.8715
world,2028.5,36.9313,47.2536,15.8712
world,2028.6,37.4836,46.7185,15.8605
world,2028.7,38.0351,46.1947,15.8396
world,2028.8,38.5858,45.6819,15.8087
world,2028.9,39.1357,45.1800,15.7679
world,2029.0,39.6849,44.6887,15.7175
world,2029.1,40.2334,44.2078,15.6577
world,2029.2,40.7811,43.7369,15.5888
world,2029.3,41.3280,43.2760,15.5110
world,2029.4,41.8742,42.8247,15.4246
world,2029.5,42.4195,42.3827,15.3298
world,2029.6,42.9638,41.9500,15.2271
world,2029.7,43.5071,41.5262,15.1166
world,2029.8,44.0492,41.1112,14.9988
world,2029.9,44.5899,40.7046,14.8740
world,2030.0,45.1292,40.3063,14.7426
world,2030.1,45.6668,39.9160,14.6065
world,2030.2,46.2027,39.5335,14.4646
world,2030.3,46.7365,39.1584,14.3172
world,2030.4,47.2683,38.7906,14.1649
world,2030.5,47.7977,38.4298,14.0078
world,2030.6,48.3247,38.0756,13.8472
world,2030.7,48.8491,37.7279,13.6827
world,2030.8,49.3708,37.3863,13.5148
world,2030.9,49.8895,37.0506,13.3437
world,2031.0,50.4051,36.7206,13.1700
world,2031.1,50.9176,36.3959,12.9940
world,2031.2,51.4267,36.0764,12.8161
world,2031.3,51.9323,35.7618,12.6365
world,2031.4,52.4344,35.4518,12.4557
world,2031.5,52.9326,35.1464,12.2739
world,2031.6,53.4270,34.8451,12.0915
world,2031.7,53.9175,34.5479,11.9088
world,2031.8,54.4038,34.2546,11.7260
world,2031.9,54.8860,33.9650,11.5433
world,2032.0,55.3638,33.6789,11.3611
world,2032.1,55.8372,33.3962,11.1796
world,2032.2,56.3062,33.1168,10.9989
world,2032.3,56.7705,32.8405,10.8192
world,2032.4,57.2302,32.5673,10.6408
world,2032.5,57.6852,32.2969,10.4637
world,2032.6,58.1354,32.0294,10.2882
world,2032.7,58.5807,31.7647,10.1143
world,2032.8,59.0211,31.5027,9.9422
world,2032.9,59.4565,31.2433,9.7719
world,2033.0,59.8869,30.9865,9.6036
world,2033.1,60.3123,30.7322,9.4373
world,2033.2,60.7326,30.4804,9.2730
world,2033.3,61.1478,30.2311,9.1109
world,2033.4,61.5578,29.9843,8.9510
world,2033.5,61.9627,29.7398,8.7933
world,2033.6,62.3624,29.4978,8.6378
world,2033.7,62.7570,29.2582,8.4846
world,2033.8,63.1465,29.0209,8.3337
world,2033.9,63.5307,28.7861,8.1850
world,2034.0,63.9099,28.5535,8.0387
world,2034.1,64.2839,28.3233,7.8946
world,2034.2,64.6528,28.0955,7.7529
world,2034.3,65.0166,27.8700,7.6134
world,2034.4,65.3754,27.6467,7.4762
world,2034.5,65.7292,27.4258,7.3413
world,2034.6,66.0780,27.2072,7.2087
world,2034.7,66.4219,26.9908,7.0783
world,2034.8,66.7609,26.7766,6.9502
world,2034.9,67.0951,26.5647,6.8243
world,2035.0,67.4245,26.3549,6.7007
world,2035.1,67.7491,26.1473,6.5793
world,2035.2,68.0691,25.9418,6.4601
world,2035.3,68.3845,25.7385,6.3431
world,2035.4,68.6953,25.5372,6.2284
world,2035.5,69.0016,25.3379,6.1158
world,2035.6,69.3036,25.1406,6.0054
world,2035.7,69.6011,24.9453,5.8972
world,2035.8,69.8944,24.7518,5.7912
world,2035.9,70.1835,24.5603,5.6873
world,2036.0,70.4684,24.3705,5.5856
world,2036.1,70.7493,24.1826,5.4860
world,2036.2,71.0261,23.9964,5.3886
world,2036.3,71.2991,23.8118,5.2933
world,2036.4,71.5681,23.6289,5.2002
world,2036.5,71.8334,23.4476,5.1091
world,2036.6,72.0950,23.2679,5.0201
world,2036.7,72.3529,23.0897,4.9332
world,2036.8,72.6073,22.9130,4.8484
world,2036.9,72.8581,22.7377,4.7656
world,2037.0,73.1056,22.5638,4.6848
world,2037.1,73.3497,22.3913,4.6060
world,2037.2,73.5905,22.2201,4.5291
world,2037.3,73.8281,22.0502,4.4542
world,2037.4,74.0625,21.8816,4.3813
world,2037.5,74.2939,21.7142,4.3102
world,2037.6,74.5223,21.5480,4.2409
world,2037.7,74.7477,21.3830,4.1735
world,2037.8,74.9702,21.2191,4.1079
world,2037.9,75.1900,21.0564,4.0441
world,2038.0,75.4070,20.8948,3.9820
world,2038.1,75.6213,20.7343,3.9215
world,2038.2,75.8330,20.5748,3.8627
world,2038.3,76.0421,20.4164,3.8054
world,2038.4,76.2488,20.2591,3.7496
world,2038.5,76.4530,20.1028,3.6953
world,2038.6,76.6548,19.9475,3.6424
world,2038.7,76.8544,19.7933,3.5910
world,2038.8,77.0516,19.6400,3.5409
world,2038.9,77.2467,19.4877,3.4921
world,2039.0,77.4397,19.3364,3.4445
world,2039.1,77.6305,19.1861,3.3982
world,2039.2,77.8193,19.0368,3.3530
world,2039.3,78.0061,18.8884,3.3090
world,2039.4,78.1910,18.7409,3.2660
world,2039.5,78.3741,18.5944,3.2241
world,2039.6,78.5553,18.4489,3.1831
world,2039.7,78.7347,18.3043,3.1431
world,2039.8,78.9123,18.1606,3.1040
world,2039.9,79.0883,18.0179,3.0658
world,2040.0,79.2626,17.8761,3.0284
world,2040.1,79.4354,17.7352,2.9917
world,2040.2,79.6065,17.5953,2.9559
world,2040.3,79.7762,17.4562,2.9207
world,2040.4,79.9443,17.3181,2.8862
world,2040.5,80.1110,17.1809,2.8523
world,2040.6,80.2763,17.0447,2.8190
world,2040.7,80.4402,16.9093,2.7863
world,2040.8,80.6027,16.7749,2.7541
world,2040.9,80.7639,16.6413,2.7225
world,2041.0,80.9239,16.5087,2.6913
world,2041.1,81.0825,16.3769,2.6606
world,2041.2,81.2399,16.2461,2.6303
world,2041.3,81.3961,16.1162,2.6004
world,2041.4,81.5511,15.9871,2.5710
world,2041.5,81.7049,15.8590,2.5418
world,2041.6,81.8576,15.7318,2.5131
world,2041.7,82.0091,15.6054,2.4847
world,2041.8,82.1595,15.4800,2.4565
world,2041.9,82.3088,15.3554,2.4287
world,2042.0,82.4571,15.2317,2.4012
world,2042.1,82.6042,15.1089,2.3740
world,2042.2,82.7502,14.9870,2.3470
world,2042.3,82.8952,14.8660,2.3203
world,2042.4,83.0392,14.7459,2.2938
world,2042.5,83.1821,14.6266,2.2675
world,2042.6,83.3240,14.5082,2.2415
world,2042.7,83.4648,14.3907,2.2158
world,2042.8,83.6047,14.2741,2.1902
world,2042.9,83.7435,14.1583,2.1648
world,2043.0,83.8813,14.0434,2.1397
world,2043.1,84.0181,13.9294,2.1148
world,2043.2,84.1539,13.8162,2.0901
world,2043.3,84.2888,13.7039,2.0656
world,2043.4,84.4226,13.5924,2.0412
world,2043.5,84.5554,13.4818,2.0171
world,2043.6,84.6872,13.3721,1.9932
world,2043.7,84.8181,13.2632,1.9695
world,2043.8,84.9479,13.1551,1.9460
world,2043.9,85.0768,13.0479,1.9227
world,2044.0,85.2046,12.9416,1.8996
world,2044.1,85.3315,12.8360,1.8768
world,2044.2,85.4574,12.7313,1.8542
world,2044.3,85.5823,12.6275,1.8318
world,2044.4,85.7063,12.5245,1.8097
world,2044.5,85.8292,12.4223,1.7877
world,2044.6,85.9512,12.3209,1.7686
world,2044.7,86.0721,12.2204,1.7539
world,2044.8,86.1921,12.1206,1.7392
world,2044.9,86.3112,12.0217,1.7248
world,2045.0,86.4292,11.9236,1.7104
world,2045.1,86.5462,11.8264,1.6962
world,2045.2,86.6623,11.7299,1.6822
world,2045.3,86.7774,11.6342,1.6683
world,2045.4,86.8915,11.5393,1.6546
world,2045.5,87.0046,11.4452,1.6410
world,2045.6,87.1167,11.3520,1.6275
world,2045.7,87.2279,11.2595,1.6142
world,2045.8,87.3381,11.1678,1.6010
world,2045.9,87.4473,11.0769,1.5880
world,2046.0,87.5555,10.9867,1.5751
world,2046.1,87.6628,10.8974,1.5624
world,2046.2,87.7690,10.8088,1.5498
world,2046.3,87.8744,10.7210,1.5374
world,2046.4,87.9787,10.6339,1.5251
world,2046.5,88.0821,10.5477,1.5129
world,2046.6,88.1845,10.4621,1.5009
world,2046.7,88.2859,10.3774,1.4891
world,2046.8,88.3864,10.2934,1.4774
world,2046.9,88.4859,10.2102,1.4658
world,2047.0,88.5844,10.1277,1.4544
world,2047.1,88.6820,10.0459,1.4431
world,2047.2,88.7786,9.9649,1.4319
world,2047.3,88.8743,9.8846,1.4209
world,2047.4,88.9690,9.8051,1.4101
world,2047.5,89.0628,9.7263,1.3994
world,2047.6,89.1556,9.6483,1.3888
world,2047.7,89.2475,9.5709,1.3784
world,2047.8,89.3385,9.4943,1.3681
world,2047.9,89.4285,9.4184,1.3579
world,2048.0,89.5175,9.3433,1.3479
world,2048.1,89.6057,9.2688,1.3380
world,2048.2,89.6929,9.1950,1.3282
world,2048.3,89.7791,9.1220,1.3186
world,2048.4,89.8645,9.0497,1.3091
world,2048.5,89.9489,8.9780,1.2998
world,2048.6,90.0324,8.9071,1.2906
world,2048.7,90.1150,8.8368,1.2815
world,2048.8,90.1967,8.7673,1.2725
world,2048.9,90.2775,8.6984,1.2637
world,2049.0,90.3574,8.6302,1.2550
world,2049.1,90.4364,8.5627,1.2464
world,2049.2,90.5145,8.4959,1.2380
world,2049.3,90.5917,8.4298,1.2297
world,2049.4,90.6680,8.3643,1.2215
world,2049.5,90.7435,8.2995,1.2134
world,2049.6,90.8180,8.2353,1.2054
world,2049.7,90.8917,8.1719,1.1976
world,2049.8,90.9645,8.1090,1.1899
world,2049.9,91.0365,8.0469,1.1823
world,2050.0,91.1076,7.9853,1.1748
western_europe,2015.0,0.3592,99.3018,0.3390
western_europe,2015.1,0.3901,99.2440,0.3658
western_europe,2015.2,0.4232,99.1825,0.3943
western_europe,2015.3,0.4585,99.1173,0.4243
western_europe,2015.4,0.4961,99.0481,0.4558
western_europe,2015.5,0.5360,98.9750,0.4890
western_europe,2015.6,0.5783,98.8978,0.5239
western_europe,2015.7,0.6232,98.8165,0.5604
western_europe,2015.8,0.6705,98.7310,0.5985
western_europe,2015.9,0.7205,98.6412,0.6383
western_europe,2016.0,0.7731,98.5470,0.6798
western_europe,2016.1,0.8285,98.4485,0.7230
western_europe,2016.2,0.8866,98.3455,0.7679
western_europe,2016.3,0.9476,98.2379,0.8145
western_europe,2016.4,1.0114,98.1257,0.8629
western_europe,2016.5,1.0782,98.0089,0.9129
western_europe,2016.6,1.1480,97.8873,0.9647
western_europe,2016.7,1.2208,97.7609,1.0183
western_europe,2016.8,1.2967,97.6298,1.0735
western_europe,2016.9,1.3757,97.4937,1.1305
western_europe,2017.0,1.4580,97.3527,1.1893
western_europe,2017.1,1.5434,97.2060,1.2506
western_europe,2017.2,1.6322,97.0529,1.3149
western_europe,2017.3,1.7243,96.8936,1.3821
western_europe,2017.4,1.8200,96.7279,1.4522
western_europe,2017.5,1.9191,96.5559,1.5250
western_europe,2017.6,2.0218,96.3777,1.6005
western_europe,2017.7,2.1282,96.1931,1.6788
western_europe,2017.8,2.2383,96.0021,1.7596
western_europe,2017.9,2.3521,95.8049,1.8430
western_europe,2018.0,2.4698,95.6012,1.9289
western_europe,2018.1,2.5915,95.3912,2.0173
western_europe,2018.2,2.7170,95.1748,2.1081
western_europe,2018.3,2.8466,94.9521,2.2013
western_europe,2018.4,2.9803,94.7229,2.2968
western_europe,2018.5,3.1181,94.4873,2.3945
western_europe,2018.6,3.2602,94.2453,2.4945
western_europe,2018.7,3.4064,93.9969,2.5967
western_europe,2018.8,3.5569,93.7422,2.7009
western_europe,2018.9,3.7118,93.4810,2.8072
western_europe,2019.0,3.8711,93.2134,2.9155
western_europe,2019.1,4.0348,92.9394,3.0258
western_europe,2019.2,4.2030,92.6591,3.1379
western_europe,2019.3,4.3757,92.3724,3.2519
western_europe,2019.4,4.5530,92.0793,3.3677
western_europe,2019.5,4.7349,91.7799,3.4852
western_europe,2019.6,4.9215,91.4742,3.6043
western_europe,2019.7,5.1127,91.1622,3.7251
western_europe,2019.8,5.3087,90.8439,3.8474
western_europe,2019.9,5.5095,90.5194,3.9711
western_europe,2020.0,5.7151,90.1886,4.0963
western_europe,2020.1,5.9254,89.8517,4.2228
western_europe,2020.2,6.1407,89.5086,4.3506
western_europe,2020.3,6.3609,89.1595,4.4797
western_europe,2020.4,6.5859,88.8042,4.6099
western_europe,2020.5,6.8159,88.4429,4.7412
western_europe,2020.6,7.0509,88.0755,4.8735
western_europe,2020.7,7.2909,87.7023,5.0068
western_europe,2020.8,7.5359,87.3231,5.1411
western_europe,2020.9,7.7859,86.9380,5.2761
western_europe,2021.0,8.0409,86.5472,5.4119
western_europe,2021.1,8.3011,86.1505,5.5484
western_europe,2021.2,8.5662,85.7482,5.6855
western_europe,2021.3,8.8365,85.3402,5.8233
western_europe,2021.4,9.1119,84.9267,5.9615
western_europe,2021.5,9.3923,84.5076,6.1001
western_europe,2021.6,9.6779,84.0830,6.2391
western_europe,2021.7,9.9685,83.6531,6.3784
western_europe,2021.8,10.2643,83.2178,6.5179
western_europe,2021.9,10.5651,82.7772,6.6576
western_europe,2022.0,10.8711,82.3315,6.7974
western_europe,2022.1,11.1821,81.8807,6.9372
western_europe,2022.2,11.4982,81.4248,7.0770
western_europe,2022.3,11.8194,80.9639,7.2167
western_europe,2022.4,12.1456,80.4982,7.3562
western_europe,2022.5,12.4769,80.0276,7.4955
western_europe,2022.6,12.8131,79.5524,7.6345
western_europe,2022.7,13.1544,79.0724,7.7731
western_europe,2022.8,13.5006,78.5880,7.9114
western_europe,2022.9,13.8518,78.0991,8.0491
western_europe,2023.0,14.2080,77.6058,8.1863
western_europe,2023.1,14.5690,77.1082,8.3228
western_europe,2023.2,14.9348,76.6065,8.4587
western_europe,2023.3,15.3055,76.1006,8.5939
western_europe,2023.4,15.6810,75.5908,8.7283
western_europe,2023.5,16.0612,75.0770,8.8618
western_europe,2023.6,16.4461,74.5595,8.9944
western_europe,2023.7,16.8357,74.0382,9.1261
western_europe,2023.8,17.2299,73.5134,9.2567
western_europe,2023.9,17.6286,72.9851,9.3863
western_europe,2024.0,18.0319,72.4533,9.5148
western_europe,2024.1,18.4396,71.9183,9.6421
western_europe,2024.2,18.8518,71.3801,9.7681
western_europe,2024.3,19.2683,70.8388,9.8929
western_europe,2024.4,19.6891,70.2946,10.0164
western_europe,2024.5,20.1141,69.7475,10.1384
western_europe,2024.6,20.5432,69.1977,10.2591
western_europe,2024.7,20.9765,68.6452,10.3783
western_europe,2024.8,21.4138,68.0902,10.4960
western_europe,2024.9,21.8551,67.5328,10.6121
western_europe,2025.0,22.3002,66.9731,10.7267
western_europe,2025.1,22.7492,66.4112,10.8396
western_europe,2025.2,23.2019,65.8473,10.9508
western_europe,2025.3,23.6582,65.2814,11.0604
western_europe,2025.4,24.1182,64.7137,11.1681
western_europe,2025.5,24.5816,64.1442,11.2741
western_europe,2025.6,25.0485,63.5732,11.3783
western_europe,2025.7,25.5187,63.0007,11.4806
western_europe,2025.8,25.9922,62.4268,11.5811
western_europe,2025.9,26.4688,61.8516,11.6796
western_europe,2026.0,26.9485,61.2753,11.7762
western_europe,2026.1,27.4311,60.6980,11.8708
western_europe,2026.2,27.9167,60.1198,11.9635
western_europe,2026.3,28.4051,59.5408,12.0541
western_europe,2026.4,28.8962,58.9612,12.1426
western_europe,2026.5,29.3899,58.3810,12.2291
western_europe,2026.6,29.8861,57.8004,12.3135
western_europe,2026.7,30.3848,57.2194,12.3958
western_europe,2026.8,30.8857,56.6383,12.4759
western_europe,2026.9,31.3890,56.0571,12.5539
western_europe,2027.0,31.8943,55.4759,12.6298
western_europe,2027.1,32.4017,54.8949,12.7034
western_europe,2027.2,32.9110,54.3141,12.7749
western_europe,2027.3,33.4222,53.7337,12.8441
western_europe,2027.4,33.9351,53.1538,12.9111
western_europe,2027.5,34.4496,52.5745,12.9759
western_europe,2027.6,34.9657,51.9959,13.0384
western_europe,2027.7,35.4832,51.4181,13.0987
western_europe,2027.8,36.0021,50.8412,13.1567
western_europe,2027.9,36.5222,50.2654,13.2124
western_europe,2028.0,37.0434,49.6908,13.2658
western_europe,2028.1,37.5657,49.1173,13.3169
western_europe,2028.2,38.0889,48.5453,13.3658
western_europe,2028.3,38.6130,47.9747,13.4123
western_europe,2028.4,39.1378,47.4057,13.4565
western_europe,2028.5,39.6633,46.8383,13.4984
western_europe,2028.6,40.1893,46.2727,13.5380
western_europe,2028.7,40.7157,45.7090,13.5753
western_europe,2028.8,41.2425,45.1472,13.6103
western_europe,2028.9,41.7696,44.5875,13.6429
western_europe,2029.0,42.2968,44.0299,13.6733
western_europe,2029.1,42.8242,43.4746,13.7013
western_europe,2029.2,43.3514,42.9216,13.7270
western_europe,2029.3,43.8786,42.3710,13.7504
western_europe,2029.4,44.4056,41.8230,13.7714
western_europe,2029.5,44.9323,41.2775,13.7902
western_europe,2029.6,45.4586,40.7347,13.8067
western_europe,2029.7,45.9844,40.1947,13.8208
western_europe,2029.8,46.5097,39.6576,13.8327
western_europe,2029.9,47.0344,39.1233,13.8423
western_europe,2030.0,47.5583,38.5921,13.8496
western_europe,2030.1,48.0814,38.0640,13.8659
western_europe,2030.2,48.6036,37.5390,13.8809
western_europe,2030.3,49.1249,37.0172,13.8932
western_europe,2030.4,49.6451,36.4987,13.9029
western_europe,2030.5,50.1642,35.9836,13.9099
western_europe,2030.6,50.6821,35.4719,13.9143
western_europe,2030.7,51.1987,34.9637,13.9160
western_europe,2030.8,51.7140,34.4591,13.9151
western_europe,2030.9,52.2279,33.9581,13.9116
western_europe,2031.0,52.7402,33.4607,13.9055
western_europe,2031.1,53.2510,32.9671,13.8968
western_europe,2031.2,53.7602,32.4773,13.8855
western_europe,2031.3,54.2678,31.9913,13.8717
western_europe,2031.4,54.7735,31.5091,13.8553
western_europe,2031.5,55.2775,31.0310,13.8363
western_europe,2031.6,55.7795,30.5567,13.8149
western_europe,2031.7,56.2797,30.0865,13.7910
western_europe,2031.8,56.7778,29.6204,13.7645
western_europe,2031.9,57.2739,29.1584,13.7357
western_europe,2032.0,57.7679,28.7005,13.7044
western_europe,2032.1,58.2597,28.2468,13.6707
western_europe,2032.2,58.7493,27.7973,13.6346
western_europe,2032.3,59.2366,27.3520,13.5962
western_europe,2032.4,59.7216,26.9110,13.5555
western_europe,2032.5,60.2043,26.4744,13.5125
western_europe,2032.6,60.6846,26.0420,13.4672
western_europe,2032.7,61.1623,25.6140,13.4197
western_europe,2032.8,61.6376,25.1903,13.3700
western_europe,2032.9,62.1104,24.7711,13.3181
western_europe,2033.0,62.5805,24.3562,13.2641
western_europe,2033.1,63.0480,23.9458,13.2081
western_europe,2033.2,63.5129,23.5398,13.1499
western_europe,2033.3,63.9750,23.1383,13.0897
western_europe,2033.4,64.4344,22.7412,13.0276
western_europe,2033.5,64.8910,22.3486,12.9635
western_europe,2033.6,65.3448,21.9605,12.8975
western_europe,2033.7,65.7958,21.5769,12.8297
western_europe,2033.8,66.2438,21.1977,12.7600
western_europe,2033.9,66.6889,20.8231,12.6885
western_europe,2034.0,67.1311,20.4529,12.6153
western_europe,2034.1,67.5703,20.0873,12.5403
western_europe,2034.2,68.0065,19.7261,12.4637
western_europe,2034.3,68.4397,19.3694,12.3855
western_europe,2034.4,68.8698,19.0172,12.3058
western_europe,2034.5,69.2968,18.6695,12.2244
western_europe,2034.6,69.7207,18.3262,12.1416
western_europe,2034.7,70.1414,17.9874,12.0574
western_europe,2034.8,70.5590,17.6530,11.9717
western_europe,2034.9,70.9734,17.3230,11.8847
western_europe,2035.0,71.3846,16.9975,11.7964
western_europe,2035.1,71.7926,16.6764,11.7068
western_europe,2035.2,72.1973,16.3597,11.6160
western_europe,2035.3,72.5987,16.0473,11.5240
western_europe,2035.4,72.9969,15.7393,11.4309
western_europe,2035.5,73.3918,15.4356,11.3367
western_europe,2035.6,73.7833,15.1362,11.2415
western_europe,2035.7,74.1715,14.8411,11.1452
western_europe,2035.8,74.5563,14.5503,11.0480
western_europe,2035.9,74.9378,14.2637,10.9499
western_europe,2036.0,75.3159,13.9814,10.8510
western_europe,2036.1,75.6907,13.7032,10.7512
western_europe,2036.2,76.0620,13.4292,10.6506
western_europe,2036.3,76.4299,13.1594,10.5493
western_europe,2036.4,76.7943,12.8937,10.4473
western_europe,2036.5,77.1554,12.6320,10.3447
western_europe,2036.6,77.5130,12.3744,10.2415
western_europe,2036.7,77.8671,12.1208,10.1377
western_europe,2036.8,78.2178,11.8712,10.0334
western_europe,2036.9,78.5650,11.6256,9.9287
western_europe,2037.0,78.9087,11.3839,9.8235
western_europe,2037.1,79.2490,11.1461,9.7179
western_europe,2037.2,79.5858,10.9122,9.6119
western_europe,2037.3,79.9191,10.6821,9.5057
western_europe,2037.4,80.2489,10.4558,9.3992
western_europe,2037.5,80.5752,10.2332,9.2925
western_europe,2037.6,80.8980,10.0144,9.1855
western_europe,2037.7,81.2173,9.7993,9.0784
western_europe,2037.8,81.5331,9.5878,8.9712
western_europe,2037.9,81.8455,9.3800,8.8640
western_europe,2038.0,82.1543,9.1757,8.7567
western_europe,2038.1,82.4597,8.9750,8.6493
western_europe,2038.2,82.7615,8.7778,8.5421
western_europe,2038.3,83.0599,8.5840,8.4349
western_europe,2038.4,83.3548,8.3937,8.3277
western_europe,2038.5,83.6462,8.2068,8.2208
western_europe,2038.6,83.9342,8.0233,8.1140
western_europe,2038.7,84.2187,7.8430,8.0074
western_europe,2038.8,84.4997,7.6661,7.9010
western_europe,2038.9,84.7773,7.4924,7.7949
western_europe,2039.0,85.0514,7.3219,7.6891
western_europe,2039.1,85.3221,7.1545,7.5836
western_europe,2039.2,85.5894,6.9903,7.4785
western_europe,2039.3,85.8532,6.8292,7.3737
western_europe,2039.4,86.1137,6.6711,7.2694
western_europe,2039.5,86.3708,6.5160,7.1655
western_europe,2039.6,86.6245,6.3639,7.0620
western_europe,2039.7,86.8748,6.2148,6.9590
western_europe,2039.8,87.1218,6.0685,6.8566
western_europe,2039.9,87.3654,5.9251,6.7547
western_europe,2040.0,87.6057,5.7845,6.6533
western_europe,2040.1,87.8427,5.6467,6.5525
western_europe,2040.2,88.0764,5.5116,6.4523
western_europe,2040.3,88.3068,5.3792,6.3528
western_europe,2040.4,88.5340,5.2495,6.2539
western_europe,2040.5,88.7579,5.1224,6.1556
western_europe,2040.6,88.9786,4.9978,6.0581
western_europe,2040.7,89.1961,4.8759,5.9612
western_europe,2040.8,89.4104,4.7564,5.8651
western_europe,2040.9,89.6216,4.6394,5.7697
western_europe,2041.0,89.8295,4.5249,5.6751
western_europe,2041.1,90.0344,4.4127,5.5812
western_europe,2041.2,90.2362,4.3029,5.4882
western_europe,2041.3,90.4348,4.1954,5.3959
western_europe,2041.4,90.6305,4.0902,5.3044
western_europe,2041.5,90.8230,3.9873,5.2138
western_europe,2041.6,91.0126,3.8865,5.1240
western_europe,2041.7,91.1991,3.7880,5.0351
western_europe,2041.8,91.3827,3.6916,4.9470
western_europe,2041.9,91.5634,3.5972,4.8598
western_europe,2042.0,91.7411,3.5050,4.7735
western_europe,2042.1,91.9159,3.4148,4.6880
western_europe,2042.2,92.0879,3.3266,4.6035
western_europe,2042.3,92.2570,3.2403,4.5199
western_europe,2042.4,92.4233,3.1560,4.4372
western_europe,2042.5,92.5868,3.0736,4.3554
western_europe,2042.6,92.7475,2.9931,4.2746
western_europe,2042.7,92.9055,2.9143,4.1947
western_europe,2042.8,93.0608,2.8374,4.1157
western_europe,2042.9,93.2133,2.7623,4.0377
western_europe,2043.0,93.3633,2.6888,3.9606
western_europe,2043.1,93.5106,2.6171,3.8845
western_europe,2043.2,93.6552,2.5470,3.8094
western_europe,2043.3,93.7973,2.4786,3.7352
western_europe,2043.4,93.9369,2.4118,3.6619
western_europe,2043.5,94.0739,2.3466,3.5897
western_europe,2043.6,94.2085,2.2829,3.5184
western_europe,2043.7,94.3406,2.2207,3.4480
western_europe,2043.8,94.4702,2.1601,3.3786
western_europe,2043.9,94.5974,2.1008,3.3102
western_europe,2044.0,94.7223,2.0431,3.2428
western_europe,2044.1,94.8448,1.9867,3.1763
western_europe,2044.2,94.9650,1.9317,3.1108
western_europe,2044.3,95.0829,1.8780,3.0462
western_europe,2044.4,95.1986,1.8256,2.9826
western_europe,2044.5,95.3120,1.7746,2.9199
western_europe,2044.6,95.4232,1.7248,2.8582
western_europe,2044.7,95.5322,1.6762,2.7975
western_europe,2044.8,95.6391,1.6289,2.7376
western_europe,2044.9,95.7439,1.5828,2.6788
western_europe,2045.0,95.8465,1.5378,2.6208
western_europe,2045.1,95.9472,1.4939,2.5638
western_europe,2045.2,96.0458,1.4512,2.5077
western_europe,2045.3,96.1424,1.4096,2.4525
western_europe,2045.4,96.2370,1.3690,2.3983
western_europe,2045.5,96.3297,1.3295,2.3449
western_europe,2045.6,96.4204,1.2909,2.2925
western_europe,2045.7,96.5093,1.2534,2.2409
western_europe,2045.8,96.5963,1.2169,2.1903
western_europe,2045.9,96.6815,1.1813,2.1405
western_europe,2046.0,96.7649,1.1467,2.0916
western_europe,2046.1,96.8465,1.1130,2.0436
western_europe,2046.2,96.9264,1.0801,1.9964
western_europe,2046.3,97.0045,1.0481,1.9501
western_europe,2046.4,97.0810,1.0170,1.9046
western_europe,2046.5,97.1558,0.9868,1.8599
western_europe,2046.6,97.2290,0.9573,1.8161
western_europe,2046.7,97.3005,0.9286,1.7731
western_europe,2046.8,97.3705,0.9007,1.7309
western_europe,2046.9,97.4389,0.8736,1.6895
western_europe,2047.0,97.5058,0.8472,1.6489
western_europe,2047.1,97.5712,0.8215,1.6091
western_europe,2047.2,97.6351,0.7965,1.5701
western_europe,2047.3,97.6976,0.7723,1.5318
western_europe,2047.4,97.7586,0.7486,1.4943
western_europe,2047.5,97.8183,0.7257,1.4575
western_europe,2047.6,97.8765,0.7034,1.4215
western_europe,2047.7,97.9334,0.6817,1.3862
western_europe,2047.8,97.9890,0.6606,1.3517
western_europe,2047.9,98.0433,0.6401,1.3178
western_europe,2048.0,98.0963,0.6202,1.2846
western_europe,2048.1,98.1481,0.6009,1.2521
western_europe,2048.2,98.1986,0.5821,1.2204
western_europe,2048.3,98.2479,0.5638,1.1892
western_europe,2048.4,98.2961,0.5461,1.1588
western_europe,2048.5,98.3431,0.5289,1.1290
western_europe,2048.6,98.3889,0.5121,1.0998
western_europe,2048.7,98.4336,0.4959,1.0713
western_europe,2048.8,98.4773,0.4801,1.0434
western_europe,2048.9,98.5198,0.4648,1.0161
western_europe,2049.0,98.5613,0.4500,0.9894
western_europe,2049.1,98.6018,0.4355,0.9633
western_europe,2049.2,98.6413,0.4215,0.9378
western_europe,2049.3,98.6798,0.4080,0.9129
western_europe,2049.4,98.7173,0.3948,0.8885
western_europe,2049.5,98.7539,0.3820,0.8647
western_europe,2049.6,98.7895,0.3696,0.8414
western_europe,2049.7,98.8242,0.3575,0.8187
western_europe,2049.8,98.8581,0.3459,0.7965
western_europe,2049.9,98.8911,0.3345,0.7748
western_europe,2050.0,98.9232,0.3236,0.7537
northern_europe,2015.0,2.4999,95.1667,2.3334
northern_europe,2015.1,2.6189,94.9480,2.4331
northern_europe,2015.2,2.7423,94.7213,2.5364
northern_europe,2015.3,2.8702,94.4866,2.6432
northern_europe,2015.4,3.0028,94.2435,2.7537
northern_europe,2015.5,3.1402,93.9919,2.8679
northern_europe,2015.6,3.2825,93.7316,2.9859
northern_europe,2015.7,3.4298,93.4624,3.1078
northern_europe,2015.8,3.5823,93.1841,3.2336
northern_europe,2015.9,3.7401,92.8965,3.3634
northern_europe,2016.0,3.9033,92.5994,3.4973
northern_europe,2016.1,4.0720,92.2926,3.6353
northern_europe,2016.2,4.2465,91.9761,3.7775
northern_europe,2016.3,4.4267,91.6495,3.9238
northern_europe,2016.4,4.6129,91.3127,4.0744
northern_europe,2016.5,4.8053,90.9655,4.2292
northern_europe,2016.6,5.0038,90.6079,4.3883
northern_europe,2016.7,5.2087,90.2395,4.5517
northern_europe,2016.8,5.4202,89.8604,4.7194
northern_europe,2016.9,5.6383,89.4702,4.8914
northern_europe,2017.0,5.8633,89.0690,5.0677
northern_europe,2017.1,6.1045,88.5985,5.2969
northern_europe,2017.2,6.3539,88.1345,5.5116
northern_europe,2017.3,6.6109,87.6641,5.7250
northern_europe,2017.4,6.8755,87.1853,5.9391
northern_europe,2017.5,7.1479,86.6971,6.1550
northern_europe,2017.6,7.4281,86.1989,6.3730
northern_europe,2017.7,7.7162,85.6903,6.5935
northern_europe,2017.8,8.0125,85.1710,6.8166
northern_europe,2017.9,8.3169,84.6407,7.0424
northern_europe,2018.0,8.6297,84.0993,7.2710
northern_europe,2018.1,8.9511,83.5466,7.5023
northern_europe,2018.2,9.2811,82.9825,7.7364
northern_europe,2018.3,9.6200,82.4070,7.9731
northern_europe,2018.4,9.9678,81.8199,8.2123
northern_europe,2018.5,10.3248,81.2212,8.4540
northern_europe,2018.6,10.6911,80.6108,8.6981
northern_europe,2018.7,11.0668,79.9889,8.9443
northern_europe,2018.8,11.4521,79.3553,9.1926
northern_europe,2018.9,11.8472,78.7100,9.4428
northern_europe,2019.0,12.2522,78.0532,9.6946
northern_europe,2019.1,12.6673,77.3848,9.9479
northern_europe,2019.2,13.0927,76.7049,10.2025
northern_europe,2019.3,13.5284,76.0136,10.4580
northern_europe,2019.4,13.9747,75.3109,10.7144
northern_europe,2019.5,14.4318,74.5970,10.9712
northern_europe,2019.6,14.8997,73.8720,11.2283
northern_europe,2019.7,15.3786,73.1360,11.4854
northern_europe,2019.8,15.8687,72.3892,11.7421
northern_europe,2019.9,16.3701,71.6317,11.9982
northern_europe,2020.0,16.8831,70.8636,12.2533
northern_europe,2020.1,17.4076,70.0852,12.5072
northern_europe,2020.2,17.9439,69.2967,12.7594
northern_europe,2020.3,18.4921,68.4982,13.0097
northern_europe,2020.4,19.0524,67.6900,13.2576
northern_europe,2020.5,19.6248,66.8724,13.5029
northern_europe,2020.6,20.2095,66.0455,13.7451
northern_europe,2020.7,20.8066,65.2096,13.9838
northern_europe,2020.8,21.4162,64.3651,14.2187
northern_europe,2020.9,22.0384,63.5121,14.4495
northern_europe,2021.0,22.6734,62.6510,14.6756
northern_europe,2021.1,23.3211,61.7821,14.8967
northern_europe,2021.2,23.9818,60.9058,15.1125
northern_europe,2021.3,24.6553,60.0222,15.3225
northern_europe,2021.4,25.3419,59.1319,15.5262
northern_europe,2021.5,26.0414,58.2351,15.7235
northern_europe,2021.6,26.7540,57.3323,15.9137
northern_europe,2021.7,27.4797,56.4237,16.0966
northern_europe,2021.8,28.2184,55.5098,16.2718
northern_europe,2021.9,28.9702,54.5910,16.4388
northern_europe,2022.0,29.7349,53.6677,16.5974
northern_europe,2022.1,30.5125,52.7402,16.7472
northern_europe,2022.2,31.3029,51.8092,16.8879
northern_europe,2022.3,32.1061,50.8748,17.0191
northern_europe,2022.4,32.9218,49.9377,17.1405
northern_europe,2022.5,33.7499,48.9983,17.2518
northern_europe,2022.6,34.5902,48.0570,17.3528
northern_europe,2022.7,35.4425,47.1142,17.4432
northern_europe,2022.8,36.3066,46.1706,17.5228
northern_europe,2022.9,37.1821,45.2265,17.5914
northern_europe,2023.0,38.0687,44.2824,17.6488
northern_europe,2023.1,38.9661,43.3389,17.6949
northern_europe,2023.2,39.8740,42.3964,17.7296
northern_europe,2023.3,40.7918,41.4555,17.7527
northern_europe,2023.4,41.7192,40.5166,17.7642
northern_europe,2023.5,42.6556,39.5803,17.7642
northern_europe,2023.6,43.6005,38.6470,17.7525
northern_europe,2023.7,44.5533,37.7173,17.7293
northern_europe,2023.8,45.5135,36.7918,17.6947
northern_europe,2023.9,46.4804,35.8709,17.6488
northern_europe,2024.0,47.4533,34.9551,17.5916
northern_europe,2024.1,48.4315,34.0449,17.5235
northern_europe,2024.2,49.4143,33.1410,17.4447
northern_europe,2024.3,50.4009,32.2437,17.3554
northern_europe,2024.4,51.3905,31.3537,17.2559
northern_europe,2024.5,52.3822,30.4713,17.1465
northern_europe,2024.6,53.3751,29.5972,17.0277
northern_europe,2024.7,54.3685,28.7317,16.8998
northern_europe,2024.8,55.3614,27.8754,16.7632
northern_europe,2024.9,56.3528,27.0288,16.6183
northern_europe,2025.0,57.3419,26.1924,16.4657
northern_europe,2025.1,58.3277,25.3665,16.3059
northern_europe,2025.2,59.3091,24.5516,16.1392
northern_europe,2025.3,60.2854,23.7482,15.9663
northern_europe,2025.4,61.2556,22.9567,15.7877
northern_europe,2025.5,62.2186,22.1775,15.6038
northern_europe,2025.6,63.1737,21.4110,15.4153
northern_europe,2025.7,64.1198,20.6576,15.2226
northern_europe,2025.8,65.0561,19.9175,15.0263
northern_europe,2025.9,65.9819,19.1913,14.8269
northern_europe,2026.0,66.8962,18.4790,14.6248
northern_europe,2026.1,67.7982,17.7812,14.4998
northern_europe,2026.2,68.6874,17.0980,14.4076
northern_europe,2026.3,69.5629,16.4298,14.3084
northern_europe,2026.4,70.4242,15.7766,14.2023
northern_europe,2026.5,71.2707,15.1388,14.0892
northern_europe,2026.6,72.1018,14.5166,13.9692
northern_europe,2026.7,72.9171,13.9100,13.8424
northern_europe,2026.8,73.7162,13.3193,13.7088
northern_europe,2026.9,74.4988,12.7446,13.5685
northern_europe,2027.0,75.2647,12.1859,13.4216
northern_europe,2027.1,76.0135,11.6432,13.2682
northern_europe,2027.2,76.7452,11.1168,13.1084
northern_europe,2027.3,77.4598,10.6064,12.9424
northern_europe,2027.4,78.1571,10.1122,12.7704
northern_europe,2027.5,78.8372,9.6341,12.5925
northern_europe,2027.6,79.5002,9.1721,12.4089
northern_europe,2027.7,80.1464,8.7260,12.2198
northern_europe,2027.8,80.7758,8.2957,12.0254
northern_europe,2027.9,81.3887,7.8811,11.8260
northern_europe,2028.0,81.9855,7.4820,11.6218
northern_europe,2028.1,82.5663,7.0983,11.4130
northern_europe,2028.2,83.1316,6.7298,11.2000
northern_europe,2028.3,83.6817,6.3762,10.9831
northern_europe,2028.4,84.2170,6.0373,10.7624
northern_europe,2028.5,84.7379,5.7128,10.5383
northern_europe,2028.6,85.2448,5.4025,10.3112
northern_europe,2028.7,85.7381,5.1061,10.0814
northern_europe,2028.8,86.2183,4.8232,9.8491
northern_europe,2028.9,86.6856,4.5535,9.6147
northern_europe,2029.0,87.1406,4.2968,9.3786
northern_europe,2029.1,87.5835,4.0526,9.1410
northern_europe,2029.2,88.0148,3.8206,8.9024
northern_europe,2029.3,88.4348,3.6005,8.6630
northern_europe,2029.4,88.8438,3.3918,8.4233
northern_europe,2029.5,89.2422,3.1943,8.1835
northern_europe,2029.6,89.6301,3.0074,7.9440
northern_europe,2029.7,90.0079,2.8309,7.7051
northern_europe,2029.8,90.3759,2.6644,7.4672
northern_europe,2029.9,90.7342,2.5074,7.2305
northern_europe,2030.0,91.0830,2.3596,6.9955
northern_europe,2030.1,91.4225,2.2206,6.7623
northern_europe,2030.2,91.7529,2.0900,6.5313
northern_europe,2030.3,92.0744,1.9675,6.3028
northern_europe,2030.4,92.3870,1.8526,6.0770
northern_europe,2030.5,92.6908,1.7451,5.8543
northern_europe,2030.6,92.9861,1.6445,5.6348
northern_europe,2030.7,93.2728,1.5505,5.4188
northern_europe,2030.8,93.5511,1.4627,5.2066
northern_europe,2030.9,93.8211,1.3809,4.9983
northern_europe,2031.0,94.0828,1.3046,4.7941
northern_europe,2031.1,94.3363,1.2336,4.5942
northern_europe,2031.2,94.5818,1.1676,4.3988
northern_europe,2031.3,94.8192,1.1063,4.2080
northern_europe,2031.4,95.0487,1.0494,4.0219
northern_europe,2031.5,95.2704,0.9966,3.8407
northern_europe,2031.6,95.4843,0.9476,3.6645
northern_europe,2031.7,95.6906,0.9022,3.4933
northern_europe,2031.8,95.8894,0.8602,3.3273
northern_europe,2031.9,96.0807,0.8214,3.1664
northern_europe,2032.0,96.2647,0.7854,3.0107
northern_europe,2032.1,96.4415,0.7522,2.8603
northern_europe,2032.2,96.6113,0.7215,2.7151
northern_europe,2032.3,96.7740,0.6931,2.5751
northern_europe,2032.4,96.9300,0.6669,2.4404
northern_europe,2032.5,97.0793,0.6427,2.3109
northern_europe,2032.6,97.2221,0.6203,2.1865
northern_europe,2032.7,97.3585,0.5997,2.0672
northern_europe,2032.8,97.4887,0.5806,1.9529
northern_europe,2032.9,97.6128,0.5629,1.8437
northern_europe,2033.0,97.7311,0.5466,1.7393
northern_europe,2033.1,97.8436,0.5315,1.6397
northern_europe,2033.2,97.9506,0.5175,1.5448
northern_europe,2033.3,98.0522,0.5045,1.4544
northern_europe,2033.4,98.1486,0.4925,1.3686
northern_europe,2033.5,98.2399,0.4813,1.2871
northern_europe,2033.6,98.3264,0.4709,1.2099
northern_europe,2033.7,98.4082,0.4612,1.1367
northern_europe,2033.8,98.4855,0.4522,1.0676
northern_europe,2033.9,98.5585,0.4438,1.0023
northern_europe,2034.0,98.6273,0.4359,0.9407
northern_europe,2034.1,98.6922,0.4285,0.8826
northern_europe,2034.2,98.7532,0.4216,0.8280
northern_europe,2034.3,98.8106,0.4150,0.7768
northern_europe,2034.4,98.8645,0.4089,0.7286
northern_europe,2034.5,98.9151,0.4031,0.6835
northern_europe,2034.6,98.9626,0.3976,0.6413
northern_europe,2034.7,99.0070,0.3924,0.6018
northern_europe,2034.8,99.0486,0.3875,0.5649
northern_europe,2034.9,99.0875,0.3828,0.5306
northern_europe,2035.0,99.1239,0.3783,0.4985
northern_europe,2035.1,99.1579,0.3740,0.4687
northern_europe,2035.2,99.1895,0.3699,0.4410
northern_europe,2035.3,99.2191,0.3660,0.4153
northern_europe,2035.4,99.2466,0.3622,0.3915
northern_europe,2035.5,99.2723,0.3586,0.3694
northern_europe,2035.6,99.2962,0.3550,0.3490
northern_europe,2035.7,99.3184,0.3517,0.3301
northern_europe,2035.8,99.3391,0.3484,0.3127
northern_europe,2035.9,99.3583,0.3452,0.2966
northern_europe,2036.0,99.3762,0.3421,0.2818
northern_europe,2036.1,99.3928,0.3391,0.2682
northern_europe,2036.2,99.4083,0.3362,0.2556
northern_europe,2036.3,99.4227,0.3333,0.2441
northern_europe,2036.4,99.4361,0.3305,0.2335
northern_europe,2036.5,99.4485,0.3278,0.2237
northern_europe,2036.6,99.4602,0.3251,0.2148
northern_europe,2036.7,99.4710,0.3225,0.2065
northern_europe,2036.8,99.4811,0.3199,0.1990
northern_europe,2036.9,99.4905,0.3174,0.1921
northern_europe,2037.0,99.4993,0.3150,0.1857
northern_europe,2037.1,99.5076,0.3125,0.1799
northern_europe,2037.2,99.5154,0.3102,0.1745
northern_europe,2037.3,99.5226,0.3078,0.1696
northern_europe,2037.4,99.5295,0.3055,0.1650
northern_europe,2037.5,99.5359,0.3032,0.1608
northern_europe,2037.6,99.5421,0.3010,0.1570
northern_europe,2037.7,99.5478,0.2988,0.1534
northern_europe,2037.8,99.5533,0.2966,0.1501
northern_europe,2037.9,99.5586,0.2944,0.1470
northern_europe,2038.0,99.5635,0.2923,0.1442
northern_europe,2038.1,99.5683,0.2902,0.1415
northern_europe,2038.2,99.5729,0.2881,0.1390
northern_europe,2038.3,99.5773,0.2860,0.1367
northern_europe,2038.4,99.5815,0.2840,0.1345
northern_europe,2038.5,99.5856,0.2820,0.1325
northern_europe,2038.6,99.5895,0.2800,0.1305
northern_europe,2038.7,99.5933,0.2780,0.1287
northern_europe,2038.8,99.5970,0.2760,0.1269
northern_europe,2038.9,99.6007,0.2741,0.1252
northern_europe,2039.0,99.6042,0.2722,0.1236
northern_europe,2039.1,99.6076,0.2703,0.1221
northern_europe,2039.2,99.6110,0.2684,0.1206
northern_europe,2039.3,99.6143,0.2665,0.1192
northern_europe,2039.4,99.6176,0.2646,0.1178
northern_europe,2039.5,99.6208,0.2628,0.1164
northern_europe,2039.6,99.6239,0.2610,0.1151
northern_europe,2039.7,99.6270,0.2592,0.1138
northern_europe,2039.8,99.6300,0.2574,0.1126
northern_europe,2039.9,99.6330,0.2556,0.1113
northern_europe,2040.0,99.6360,0.2539,0.1101
northern_europe,2040.1,99.6389,0.2521,0.1089
northern_europe,2040.2,99.6418,0.2504,0.1078
northern_europe,2040.3,99.6447,0.2487,0.1066
northern_europe,2040.4,99.6476,0.2470,0.1055
northern_europe,2040.5,99.6504,0.2453,0.1044
northern_europe,2040.6,99.6531,0.2436,0.1033
northern_europe,2040.7,99.6559,0.2419,0.1022
northern_europe,2040.8,99.6586,0.2403,0.1011
northern_europe,2040.9,99.6613,0.2386,0.1000
northern_europe,2041.0,99.6640,0.2370,0.0990
northern_europe,2041.1,99.6667,0.2354,0.0979
northern_europe,2041.2,99.6693,0.2338,0.0969
northern_europe,2041.3,99.6719,0.2322,0.0958
northern_europe,2041.4,99.6745,0.2306,0.0948
northern_europe,2041.5,99.6771,0.2291,0.0938
northern_europe,2041.6,99.6797,0.2275,0.0928
northern_europe,2041.7,99.6822,0.2260,0.0918
northern_europe,2041.8,99.6847,0.2245,0.0908
northern_europe,2041.9,99.6872,0.2229,0.0898
northern_europe,2042.0,99.6897,0.2214,0.0889
northern_europe,2042.1,99.6921,0.2200,0.0879
northern_europe,2042.2,99.6946,0.2185,0.0869
northern_europe,2042.3,99.6970,0.2170,0.0860
northern_europe,2042.4,99.6994,0.2155,0.0851
northern_europe,2042.5,99.7018,0.2141,0.0841
northern_europe,2042.6,99.7041,0.2127,0.0832
northern_europe,2042.7,99.7065,0.2112,0.0823
northern_europe,2042.8,99.7088,0.2098,0.0814
northern_europe,2042.9,99.7111,0.2084,0.0805
northern_europe,2043.0,99.7134,0.2070,0.0796
northern_europe,2043.1,99.7157,0.2056,0.0787
northern_europe,2043.2,99.7179,0.2043,0.0778
northern_europe,2043.3,99.7202,0.2029,0.0769
northern_europe,2043.4,99.7224,0.2016,0.0760
northern_europe,2043.5,99.7246,0.2002,0.0752
northern_europe,2043.6,99.7268,0.1989,0.0743
northern_europe,2043.7,99.7290,0.1976,0.0735
northern_europe,2043.8,99.7311,0.1963,0.0726
northern_europe,2043.9,99.7333,0.1950,0.0718
northern_europe,2044.0,99.7354,0.1937,0.0709
northern_europe,2044.1,99.7375,0.1924,0.0701
northern_europe,2044.2,99.7396,0.1911,0.0693
northern_europe,2044.3,99.7417,0.1898,0.0685
northern_europe,2044.4,99.7437,0.1886,0.0677
northern_europe,2044.5,99.7458,0.1873,0.0669
northern_europe,2044.6,99.7478,0.1861,0.0661
northern_europe,2044.7,99.7498,0.1849,0.0653
northern_europe,2044.8,99.7518,0.1837,0.0645
northern_europe,2044.9,99.7538,0.1825,0.0638
northern_europe,2045.0,99.7557,0.1813,0.0630
northern_europe,2045.1,99.7577,0.1801,0.0622
northern_europe,2045.2,99.7596,0.1789,0.0615
northern_europe,2045.3,99.7615,0.1777,0.0608
northern_europe,2045.4,99.7634,0.1766,0.0600
northern_europe,2045.5,99.7653,0.1754,0.0593
northern_europe,2045.6,99.7672,0.1743,0.0585
northern_europe,2045.7,99.7691,0.1731,0.0578
northern_europe,2045.8,99.7709,0.1720,0.0571
northern_europe,2045.9,99.7727,0.1709,0.0564
northern_europe,2046.0,99.7746,0.1697,0.0557
northern_europe,2046.1,99.7764,0.1686,0.0550
northern_europe,2046.2,99.7782,0.1675,0.0543
northern_europe,2046.3,99.7799,0.1665,0.0536
northern_europe,2046.4,99.7817,0.1654,0.0529
northern_europe,2046.5,99.7834,0.1643,0.0523
northern_europe,2046.6,99.7852,0.1632,0.0516
northern_europe,2046.7,99.7869,0.1622,0.0509
northern_europe,2046.8,99.7886,0.1611,0.0503
northern_europe,2046.9,99.7903,0.1601,0.0496
northern_europe,2047.0,99.7920,0.1590,0.0490
northern_europe,2047.1,99.7936,0.1580,0.0483
northern_europe,2047.2,99.7953,0.1570,0.0477
northern_europe,2047.3,99.7969,0.1560,0.0471
northern_europe,2047.4,99.7986,0.1550,0.0465
northern_europe,2047.5,99.8002,0.1540,0.0458
northern_europe,2047.6,99.8018,0.1530,0.0452
northern_europe,2047.7,99.8034,0.1520,0.0446
northern_europe,2047.8,99.8050,0.1510,0.0440
northern_europe,2047.9,99.8065,0.1500,0.0434
northern_europe,2048.0,99.8081,0.1491,0.0428
northern_europe,2048.1,99.8096,0.1481,0.0422
northern_europe,2048.2,99.8112,0.1472,0.0417
northern_europe,2048.3,99.8127,0.1462,0.0411
northern_europe,2048.4,99.8142,0.1453,0.0405
northern_europe,2048.5,99.8157,0.1444,0.0399
northern_europe,2048.6,99.8172,0.1434,0.0394
northern_europe,2048.7,99.8186,0.1425,0.0388
northern_europe,2048.8,99.8201,0.1416,0.0383
northern_europe,2048.9,99.8216,0.1407,0.0377
northern_europe,2049.0,99.8230,0.1398,0.0372
northern_europe,2049.1,99.8244,0.1389,0.0367
northern_europe,2049.2,99.8258,0.1380,0.0361
northern_europe,2049.3,99.8272,0.1372,0.0356
northern_europe,2049.4,99.8286,0.1363,0.0351
northern_europe,2049.5,99.8300,0.1354,0.0346
northern_europe,2049.6,99.8314,0.1346,0.0340
northern_europe,2049.7,99.8328,0.1337,0.0335
northern_europe,2049.8,99.8341,0.1329,0.0330
northern_europe,2049.9,99.8354,0.1320,0.0325
northern_europe,2050.0,99.8368,0.1312,0.0320
southern_europe,2015.0,0.0429,99.8899,0.0672
southern_europe,2015.1,0.0492,99.8740,0.0768
southern_europe,2015.2,0.0561,99.8566,0.0873
southern_europe,2015.3,0.0638,99.8374,0.0988
southern_europe,2015.4,0.0721,99.8166,0.1112
southern_europe,2015.5,0.0812,99.7941,0.1246
southern_europe,2015.6,0.0911,99.7698,0.1391
southern_europe,2015.7,0.1019,99.7437,0.1545
southern_europe,2015.8,0.1134,99.7157,0.1709
southern_europe,2015.9,0.1258,99.6858,0.1885
southern_europe,2016.0,0.1390,99.6539,0.2070
southern_europe,2016.1,0.1532,99.6201,0.2267
southern_europe,2016.2,0.1683,99.5842,0.2475
southern_europe,2016.3,0.1843,99.5463,0.2694
southern_europe,2016.4,0.2013,99.5062,0.2925
southern_europe,2016.5,0.2193,99.4640,0.3167
southern_europe,2016.6,0.2383,99.4196,0.3421
southern_europe,2016.7,0.2583,99.3729,0.3687
southern_europe,2016.8,0.2794,99.3240,0.3966
southern_europe,2016.9,0.3016,99.2728,0.4256
southern_europe,2017.0,0.3249,99.2192,0.4559
southern_europe,2017.1,0.3494,99.1632,0.4875
southern_europe,2017.2,0.3749,99.1047,0.5203
southern_europe,2017.3,0.4017,99.0439,0.5545
southern_europe,2017.4,0.4296,98.9804,0.5899
southern_europe,2017.5,0.4588,98.9145,0.6267
southern_europe,2017.6,0.4892,98.8460,0.6648
southern_europe,2017.7,0.5209,98.7748,0.7043
southern_europe,2017.8,0.5539,98.7010,0.7451
southern_europe,2017.9,0.5881,98.6245,0.7873
southern_europe,2018.0,0.6238,98.5453,0.8310
southern_europe,2018.1,0.6607,98.4633,0.8760
southern_europe,2018.2,0.6991,98.3785,0.9224
southern_europe,2018.3,0.7388,98.2909,0.9703
southern_europe,2018.4,0.7800,98.2004,1.0197
southern_europe,2018.5,0.8226,98.1070,1.0704
southern_europe,2018.6,0.8666,98.0107,1.1227
southern_europe,2018.7,0.9122,97.9114,1.1764
southern_europe,2018.8,0.9592,97.8091,1.2317
southern_europe,2018.9,1.0078,97.7038,1.2884
southern_europe,2019.0,1.0579,97.5954,1.3466
southern_europe,2019.1,1.1097,97.4840,1.4064
southern_europe,2019.2,1.1630,97.3693,1.4677
southern_europe,2019.3,1.2179,97.2515,1.5306
southern_europe,2019.4,1.2746,97.1304,1.5950
southern_europe,2019.5,1.3329,97.0061,1.6610
southern_europe,2019.6,1.3928,96.8785,1.7286
southern_europe,2019.7,1.4546,96.7476,1.7978
southern_europe,2019.8,1.5180,96.6134,1.8686
southern_europe,2019.9,1.5832,96.4759,1.9409
southern_europe,2020.0,1.6502,96.3350,2.0148
southern_europe,2020.1,1.7190,96.1906,2.0904
southern_europe,2020.2,1.7896,96.0429,2.1675
southern_europe,2020.3,1.8621,95.8917,2.2462
southern_europe,2020.4,1.9364,95.7370,2.3265
southern_europe,2020.5,2.0126,95.5789,2.4085
southern_europe,2020.6,2.0907,95.4173,2.4920
southern_europe,2020.7,2.1708,95.2521,2.5771
southern_europe,2020.8,2.2527,95.0834,2.6639
southern_europe,2020.9,2.3367,94.9111,2.7522
southern_europe,2021.0,2.4226,94.7353,2.8421
southern_europe,2021.1,2.5105,94.5559,2.9336
southern_europe,2021.2,2.6004,94.3729,3.0267
southern_europe,2021.3,2.6923,94.1862,3.1214
southern_europe,2021.4,2.7863,93.9960,3.2177
southern_europe,2021.5,2.8824,93.8021,3.3155
southern_europe,2021.6,2.9805,93.6045,3.4149
southern_europe,2021.7,3.0808,93.4033,3.5159
southern_europe,2021.8,3.1831,93.1985,3.6184
southern_europe,2021.9,3.2876,92.9900,3.7224
southern_europe,2022.0,3.3943,92.7777,3.8280
southern_europe,2022.1,3.5031,92.5619,3.9351
southern_europe,2022.2,3.6141,92.3423,4.0437
southern_europe,2022.3,3.7272,92.1190,4.1537
southern_europe,2022.4,3.8426,91.8921,4.2653
southern_europe,2022.5,3.9602,91.6615,4.3783
southern_europe,2022.6,4.0800,91.4272,4.4928
southern_europe,2022.7,4.2021,91.1892,4.6087
southern_europe,2022.8,4.3264,90.9475,4.7261
southern_europe,2022.9,4.4530,90.7022,4.8448
southern_europe,2023.0,4.5819,90.4532,4.9649
southern_europe,2023.1,4.7131,90.2005,5.0864
southern_europe,2023.2,4.8466,89.9442,5.2092
southern_europe,2023.3,4.9824,89.6843,5.3333
southern_europe,2023.4,5.1206,89.4207,5.4587
southern_europe,2023.5,5.2610,89.1535,5.5855
southern_europe,2023.6,5.4039,88.8827,5.7134
southern_europe,2023.7,5.5490,88.6084,5.8426
southern_europe,2023.8,5.6966,88.3305,5.9730
southern_europe,2023.9,5.8465,88.0490,6.1045
southern_europe,2024.0,5.9988,87.7640,6.2373
southern_europe,2024.1,6.1534,87.4755,6.3711
southern_europe,2024.2,6.3105,87.1835,6.5060
southern_europe,2024.3,6.4699,86.8881,6.6420
southern_europe,2024.4,6.6318,86.5892,6.7790
southern_europe,2024.5,6.7960,86.2870,6.9170
southern_europe,2024.6,6.9627,85.9813,7.0560
southern_europe,2024.7,7.1317,85.6723,7.1959
southern_europe,2024.8,7.3032,85.3600,7.3367
southern_europe,2024.9,7.4771,85.0444,7.4784
southern_europe,2025.0,7.6534,84.7256,7.6210
southern_europe,2025.1,7.8322,84.4036,7.7643
southern_europe,2025.2,8.0133,84.0783,7.9084
southern_europe,2025.3,8.1968,83.7500,8.0532
southern_europe,2025.4,8.3828,83.4185,8.1987
southern_europe,2025.5,8.5712,83.0840,8.3448
southern_europe,2025.6,8.7620,82.7465,8.4916
southern_europe,2025.7,8.9552,82.4059,8.6389
southern_europe,2025.8,9.1508,82.0625,8.7867
southern_europe,2025.9,9.3488,81.7162,8.9351
southern_europe,2026.0,9.5491,81.3670,9.0839
southern_europe,2026.1,9.7519,81.0150,9.2331
southern_europe,2026.2,9.9570,80.6603,9.3826
southern_europe,2026.3,10.1645,80.3029,9.5325
southern_europe,2026.4,10.3744,79.9429,9.6827
southern_europe,2026.5,10.5866,79.5803,9.8331
southern_europe,2026.6,10.8012,79.2151,9.9837
southern_europe,2026.7,11.0181,78.8475,10.1344
southern_europe,2026.8,11.2373,78.4774,10.2853
southern_europe,2026.9,11.4588,78.1050,10.4362
southern_europe,2027.0,11.6826,77.7303,10.5871
southern_europe,2027.1,11.9087,77.3533,10.7381
southern_europe,2027.2,12.1370,76.9741,10.8889
southern_europe,2027.3,12.3676,76.5928,11.0396
southern_europe,2027.4,12.6005,76.2094,11.1902
southern_europe,2027.5,12.8356,75.8239,11.3405
southern_europe,2027.6,13.0728,75.4366,11.4906
southern_europe,2027.7,13.3123,75.0473,11.6404
southern_europe,2027.8,13.5539,74.6563,11.7898
southern_europe,2027.9,13.7976,74.2634,11.9389
southern_europe,2028.0,14.0435,73.8689,12.0876
southern_europe,2028.1,14.2915,73.4728,12.2357
southern_europe,2028.2,14.5416,73.0750,12.3834
southern_europe,2028.3,14.7937,72.6758,12.5305
southern_europe,2028.4,15.0479,72.2752,12.6769
southern_europe,2028.5,15.3041,71.8731,12.8228
southern_europe,2028.6,15.5623,71.4698,12.9679
southern_europe,2028.7,15.8224,71.0653,13.1123
southern_europe,2028.8,16.0845,70.6596,13.2559
southern_europe,2028.9,16.3485,70.2527,13.3987
southern_europe,2029.0,16.6144,69.8449,13.5407
southern_europe,2029.1,16.8822,69.4361,13.6817
southern_europe,2029.2,17.1518,69.0264,13.8219
southern_europe,2029.3,17.4232,68.6158,13.9610
southern_europe,2029.4,17.6964,68.2045,14.0991
southern_europe,2029.5,17.9713,67.7925,14.2362
southern_europe,2029.6,18.2479,67.3799,14.3722
southern_europe,2029.7,18.5263,66.9667,14.5070
southern_europe,2029.8,18.8063,66.5530,14.6407
southern_europe,2029.9,19.0879,66.1389,14.7732
southern_europe,2030.0,19.3711,65.7244,14.9044
southern_europe,2030.1,19.6559,65.3097,15.0344
southern_europe,2030.2,19.9422,64.8947,15.1631
southern_europe,2030.3,20.2300,64.4795,15.2905
southern_europe,2030.4,20.5193,64.0642,15.4165
southern_europe,2030.5,20.8100,63.6489,15.5411
southern_europe,2030.6,21.1022,63.2336,15.6642
southern_europe,2030.7,21.3956,62.8184,15.7860
southern_europe,2030.8,21.6904,62.4033,15.9063
southern_europe,2030.9,21.9865,61.9884,16.0250
southern_europe,2031.0,22.2839,61.5738,16.1423
southern_europe,2031.1,22.5825,61.1596,16.2579
southern_europe,2031.2,22.8823,60.7457,16.3721
southern_europe,2031.3,23.1832,60.3322,16.4846
southern_europe,2031.4,23.4853,59.9192,16.5955
southern_europe,2031.5,23.7884,59.5068,16.7047
southern_europe,2031.6,24.0926,59.0950,16.8123
southern_europe,2031.7,24.3979,58.6839,16.9183
southern_europe,2031.8,24.7041,58.2734,17.0225
southern_europe,2031.9,25.0112,57.8638,17.1250
southern_europe,2032.0,25.3193,57.4549,17.2258
southern_europe,2032.1,25.6282,57.0469,17.3249
southern_europe,2032.2,25.9380,56.6399,17.4222
southern_europe,2032.3,26.2485,56.2338,17.5177
southern_europe,2032.4,26.5599,55.8287,17.6114
southern_europe,2032.5,26.8720,55.4247,17.7034
southern_europe,2032.6,27.1847,55.0217,17.7935
southern_europe,2032.7,27.4982,54.6200,17.8819
southern_europe,2032.8,27.8123,54.2194,17.9684
southern_europe,2032.9,28.1269,53.8200,18.0531
southern_europe,2033.0,28.4422,53.4219,18.1359
southern_europe,2033.1,28.7579,53.0252,18.2169
southern_europe,2033.2,29.0742,52.6297,18.2960
southern_europe,2033.3,29.3909,52.2357,18.3733
southern_europe,2033.4,29.7081,51.8431,18.4488
southern_europe,2033.5,30.0257,51.4520,18.5223
southern_europe,2033.6,30.3436,51.0624,18.5940
southern_europe,2033.7,30.6619,50.6742,18.6639
southern_europe,2033.8,30.9805,50.2877,18.7318
southern_europe,2033.9,31.2993,49.9028,18.7979
southern_europe,2034.0,31.6184,49.5195,18.8621
southern_europe,2034.1,31.9377,49.1378,18.9245
southern_europe,2034.2,32.2572,48.7578,18.9850
southern_europe,2034.3,32.5769,48.3796,19.0435
southern_europe,2034.4,32.8967,48.0030,19.1003
southern_europe,2034.5,33.2166,47.6283,19.1551
southern_europe,2034.6,33.5365,47.2553,19.2081
southern_europe,2034.7,33.8566,46.8842,19.2592
southern_europe,2034.8,34.1766,46.5149,19.3085
southern_europe,2034.9,34.4966,46.1475,19.3559
southern_europe,2035.0,34.8167,45.7819,19.4014
southern_europe,2035.1,35.1366,45.4183,19.4451
southern_europe,2035.2,35.4565,45.0566,19.4870
southern_europe,2035.3,35.7762,44.6968,19.5270
southern_europe,2035.4,36.0959,44.3390,19.5651
southern_europe,2035.5,36.4154,43.9832,19.6014
southern_europe,2035.6,36.7347,43.6293,19.6359
southern_europe,2035.7,37.0538,43.2775,19.6686
southern_europe,2035.8,37.3728,42.9277,19.6995
southern_europe,2035.9,37.6914,42.5800,19.7285
southern_europe,2036.0,38.0099,42.2343,19.7558
southern_europe,2036.1,38.3280,41.8907,19.7812
southern_europe,2036.2,38.6459,41.5492,19.8049
southern_europe,2036.3,38.9634,41.2098,19.8268
southern_europe,2036.4,39.2806,40.8725,19.8469
southern_europe,2036.5,39.5975,40.5373,19.8652
southern_europe,2036.6,39.9140,40.2043,19.8817
southern_europe,2036.7,40.2301,39.8734,19.8966
southern_europe,2036.8,40.5458,39.5446,19.9096
southern_europe,2036.9,40.8610,39.2180,19.9209
southern_europe,2037.0,41.1759,38.8936,19.9305
southern_europe,2037.1,41.4903,38.5713,19.9384
southern_europe,2037.2,41.8042,38.2513,19.9446
southern_europe,2037.3,42.1176,37.9334,19.9490
southern_europe,2037.4,42.4306,37.6177,19.9518
southern_europe,2037.5,42.7430,37.3042,19.9529
southern_europe,2037.6,43.0549,36.9929,19.9523
southern_europe,2037.7,43.3662,36.6838,19.9500
southern_europe,2037.8,43.6770,36.3769,19.9461
southern_europe,2037.9,43.9873,36.0722,19.9405
southern_europe,2038.0,44.2969,35.7698,19.9333
southern_europe,2038.1,44.6060,35.4695,19.9245
southern_europe,2038.2,44.9144,35.1715,19.9140
southern_europe,2038.3,45.2223,34.8757,19.9020
southern_europe,2038.4,45.5295,34.5822,19.8884
southern_europe,2038.5,45.8360,34.2908,19.8732
southern_europe,2038.6,46.1419,34.0017,19.8564
southern_europe,2038.7,46.4471,33.7148,19.8381
southern_europe,2038.8,46.7517,33.4301,19.8183
southern_europe,2038.9,47.0555,33.1476,19.7969
southern_europe,2039.0,47.3587,32.8673,19.7740
southern_europe,2039.1,47.6611,32.5893,19.7496
southern_europe,2039.2,47.9628,32.3134,19.7237
southern_europe,2039.3,48.2638,32.0398,19.6964
southern_europe,2039.4,48.5640,31.7684,19.6676
southern_europe,2039.5,48.8635,31.4991,19.6374
southern_europe,2039.6,49.1622,31.2321,19.6058
southern_europe,2039.7,49.4601,30.9672,19.5727
southern_europe,2039.8,49.7572,30.7045,19.5383
southern_europe,2039.9,50.0535,30.4440,19.5025
southern_europe,2040.0,50.3490,30.1857,19.4653
southern_europe,2040.1,50.6436,29.9295,19.4269
southern_europe,2040.2,50.9375,29.6755,19.3871
southern_europe,2040.3,51.2304,29.4236,19.3460
southern_europe,2040.4,51.5225,29.1739,19.3036
southern_europe,2040.5,51.8138,28.9263,19.2600
southern_europe,2040.6,52.1042,28.6808,19.2151
southern_europe,2040.7,52.3936,28.4374,19.1690
southern_europe,2040.8,52.6822,28.1961,19.1217
southern_europe,2040.9,52.9699,27.9569,19.0733
southern_europe,2041.0,53.2566,27.7198,19.0236
southern_europe,2041.1,53.5424,27.4847,18.9729
southern_europe,2041.2,53.8272,27.2517,18.9210
southern_europe,2041.3,54.1111,27.0208,18.8681
southern_europe,2041.4,54.3941,26.7918,18.8141
southern_europe,2041.5,54.6760,26.5649,18.7590
southern_europe,2041.6,54.9570,26.3401,18.7030
southern_europe,2041.7,55.2370,26.1172,18.6459
southern_europe,2041.8,55.5159,25.8962,18.5878
southern_europe,2041.9,55.7939,25.6773,18.5288
southern_europe,2042.0,56.0708,25.4603,18.4689
southern_europe,2042.1,56.3466,25.2453,18.4081
southern_europe,2042.2,56.6214,25.0322,18.3464
southern_europe,2042.3,56.8952,24.8209,18.2839
southern_europe,2042.4,57.1679,24.6116,18.2205
southern_europe,2042.5,57.4395,24.4042,18.1563
southern_europe,2042.6,57.7100,24.1987,18.0913
southern_europe,2042.7,57.9794,23.9950,18.0256
southern_europe,2042.8,58.2477,23.7931,17.9592
southern_europe,2042.9,58.5149,23.5930,17.8920
southern_europe,2043.0,58.7810,23.3948,17.8242
southern_europe,2043.1,59.0459,23.1984,17.7558
southern_europe,2043.2,59.3097,23.0037,17.6867
southern_europe,2043.3,59.5723,22.8108,17.6170
southern_europe,2043.4,59.8337,22.6196,17.5467
southern_europe,2043.5,60.0940,22.4301,17.4759
southern_europe,2043.6,60.3531,22.2424,17.4045
southern_europe,2043.7,60.6110,22.0563,17.3327
southern_europe,2043.8,60.8677,21.8720,17.2603
southern_europe,2043.9,61.1232,21.6892,17.1876
southern_europe,2044.0,61.3775,21.5082,17.1144
southern_europe,2044.1,61.6306,21.3287,17.0407
southern_europe,2044.2,61.8824,21.1509,16.9668
southern_europe,2044.3,62.1330,20.9746,16.8924
southern_europe,2044.4,62.3823,20.7999,16.8177
southern_europe,2044.5,62.6304,20.6268,16.7428
southern_europe,2044.6,62.8773,20.4552,16.6675
southern_europe,2044.7,63.1229,20.2852,16.5920
southern_europe,2044.8,63.3672,20.1166,16.5162
southern_europe,2044.9,63.6102,19.9495,16.4402
southern_europe,2045.0,63.8520,19.7839,16.3641
southern_europe,2045.1,64.0925,19.6198,16.2877
southern_europe,2045.2,64.3316,19.4571,16.2113
southern_europe,2045.3,64.5695,19.2958,16.1346
southern_europe,2045.4,64.8061,19.1360,16.0579
southern_europe,2045.5,65.0414,18.9775,15.9811
southern_europe,2045.6,65.2754,18.8204,15.9042
southern_europe,2045.7,65.5081,18.6646,15.8273
southern_europe,2045.8,65.7394,18.5102,15.7504
southern_europe,2045.9,65.9694,18.3571,15.6734
southern_europe,2046.0,66.1981,18.2054,15.5965
southern_europe,2046.1,66.4255,18.0549,15.5196
southern_europe,2046.2,66.6516,17.9057,15.4427
southern_europe,2046.3,66.8763,17.7577,15.3659
southern_europe,2046.4,67.0997,17.6110,15.2892
southern_europe,2046.5,67.3218,17.4656,15.2126
southern_europe,2046.6,67.5426,17.3213,15.1361
southern_europe,2046.7,67.7620,17.1783,15.0597
southern_europe,2046.8,67.9800,17.0364,14.9835
southern_europe,2046.9,68.1968,16.8958,14.9075
southern_europe,2047.0,68.4122,16.7562,14.8316
southern_europe,2047.1,68.6262,16.6179,14.7559
southern_europe,2047.2,68.8390,16.4806,14.6804
southern_europe,2047.3,69.0504,16.3445,14.6052
southern_europe,2047.4,69.2604,16.2095,14.5301
southern_europe,2047.5,69.4691,16.0755,14.4553
southern_europe,2047.6,69.6765,15.9427,14.3808
southern_europe,2047.7,69.8826,15.8109,14.3065
southern_europe,2047.8,70.0873,15.6801,14.2325
southern_europe,2047.9,70.2908,15.5504,14.1588
southern_europe,2048.0,70.4928,15.4217,14.0854
southern_europe,2048.1,70.6936,15.2941,14.0123
southern_europe,2048.2,70.8931,15.1674,13.9396
southern_europe,2048.3,71.0912,15.0417,13.8671
southern_europe,2048.4,71.2880,14.9170,13.7950
southern_europe,2048.5,71.4835,14.7933,13.7232
southern_europe,2048.6,71.6777,14.6705,13.6518
southern_europe,2048.7,71.8706,14.5486,13.5808
southern_europe,2048.8,72.0622,14.4277,13.5101
southern_europe,2048.9,72.2525,14.3077,13.4398
southern_europe,2049.0,72.4415,14.1887,13.3698
southern_europe,2049.1,72.6293,14.0705,13.3003
southern_europe,2049.2,72.8157,13.9532,13.2311
southern_europe,2049.3,73.0009,13.8368,13.1623
southern_europe,2049.4,73.1848,13.7213,13.0940
southern_europe,2049.5,73.3674,13.6066,13.0260
southern_europe,2049.6,73.5488,13.4928,12.9584
southern_europe,2049.7,73.7289,13.3798,12.8913
southern_europe,2049.8,73.9078,13.2676,12.8246
southern_europe,2049.9,74.0854,13.1563,12.7583
southern_europe,2050.0,74.2618,13.0458,12.6924
eastern_europe,2015.0,0.0485,99.9238,0.0287
eastern_europe,2015.1,0.0524,99.9176,0.0313
eastern_europe,2015.2,0.0564,99.9110,0.0341
eastern_europe,2015.3,0.0608,99.9039,0.0370
eastern_europe,2015.4,0.0654,99.8965,0.0402
eastern_europe,2015.5,0.0702,99.8885,0.0435
eastern_europe,2015.6,0.0754,99.8801,0.0470
eastern_europe,2015.7,0.0808,99.8712,0.0508
eastern_europe,2015.8,0.0866,99.8618,0.0547
eastern_europe,2015.9,0.0927,99.8518,0.0589
eastern_europe,2016.0,0.0991,99.8414,0.0633
eastern_europe,2016.1,0.1059,99.8303,0.0679
eastern_europe,2016.2,0.1130,99.8186,0.0728
eastern_europe,2016.3,0.1206,99.8063,0.0780
eastern_europe,2016.4,0.1286,99.7934,0.0834
eastern_europe,2016.5,0.1371,99.7798,0.0891
eastern_europe,2016.6,0.1460,99.7655,0.0951
eastern_europe,2016.7,0.1553,99.7505,0.1014
eastern_europe,2016.8,0.1652,99.7348,0.1080
eastern_europe,2016.9,0.1755,99.7183,0.1150
eastern_europe,2017.0,0.1863,99.7009,0.1222
eastern_europe,2017.1,0.1980,99.6823,0.1300
eastern_europe,2017.2,0.2106,99.6622,0.1383
eastern_europe,2017.3,0.2240,99.6409,0.1472
eastern_europe,2017.4,0.2382,99.6182,0.1566
eastern_europe,2017.5,0.2531,99.5943,0.1664
eastern_europe,2017.6,0.2689,99.5691,0.1769
eastern_europe,2017.7,0.2854,99.5425,0.1878
eastern_europe,2017.8,0.3027,99.5146,0.1993
eastern_europe,2017.9,0.3208,99.4854,0.2113
eastern_europe,2018.0,0.3398,99.4547,0.2239
eastern_europe,2018.1,0.4302,99.3984,0.2370
eastern_europe,2018.2,0.4558,99.3540,0.2507
eastern_europe,2018.3,0.4805,99.3103,0.2650
eastern_europe,2018.4,0.5051,99.2664,0.2800
eastern_europe,2018.5,0.5302,99.2217,0.2955
eastern_europe,2018.6,0.5559,99.1759,0.3116
eastern_europe,2018.7,0.5823,99.1289,0.3284
eastern_europe,2018.8,0.6096,99.0806,0.3459
eastern_europe,2018.9,0.6377,99.0307,0.3640
eastern_europe,2019.0,0.6667,98.9793,0.3828
eastern_europe,2019.1,0.6967,98.9263,0.4023
eastern_europe,2019.2,0.7277,98.8715,0.4235
eastern_europe,2019.3,0.7597,98.8149,0.4477
eastern_europe,2019.4,0.7928,98.7564,0.4726
eastern_europe,2019.5,0.8270,98.6961,0.4982
eastern_europe,2019.6,0.8624,98.6337,0.5245
eastern_europe,2019.7,0.8989,98.5692,0.5514
eastern_europe,2019.8,0.9367,98.5026,0.5792
eastern_europe,2019.9,0.9757,98.4338,0.6078
eastern_europe,2020.0,1.0160,98.3627,0.6374
eastern_europe,2020.1,1.0576,98.2893,0.6679
eastern_europe,2020.2,1.1006,98.2135,0.6993
eastern_europe,2020.3,1.1451,98.1352,0.7315
eastern_europe,2020.4,1.1909,98.0544,0.7647
eastern_europe,2020.5,1.2383,97.9709,0.7988
eastern_europe,2020.6,1.2872,97.8848,0.8338
eastern_europe,2020.7,1.3378,97.7959,0.8699
eastern_europe,2020.8,1.3899,97.7041,0.9069
eastern_europe,2020.9,1.4438,97.6095,0.9467
eastern_europe,2021.0,1.4994,97.5119,0.9888
eastern_europe,2021.1,1.5567,97.4112,1.0321
eastern_europe,2021.2,1.6160,97.3074,1.0767
eastern_europe,2021.3,1.6771,97.2003,1.1226
eastern_europe,2021.4,1.7402,97.0899,1.1699
eastern_europe,2021.5,1.8053,96.9762,1.2185
eastern_europe,2021.6,1.8725,96.8590,1.2685
eastern_europe,2021.7,1.9418,96.7382,1.3200
eastern_europe,2021.8,2.0133,96.6138,1.3728
eastern_europe,2021.9,2.0871,96.4857,1.4272
eastern_europe,2022.0,2.1633,96.3538,1.4830
eastern_europe,2022.1,2.2418,96.2179,1.5403
eastern_europe,2022.2,2.3228,96.0780,1.5991
eastern_europe,2022.3,2.4064,95.9341,1.6595
eastern_europe,2022.4,2.4926,95.7860,1.7214
eastern_europe,2022.5,2.5815,95.6336,1.7849
eastern_europe,2022.6,2.6732,95.4768,1.8500
eastern_europe,2022.7,2.7677,95.3156,1.9167
eastern_europe,2022.8,2.8652,95.1498,1.9850
eastern_europe,2022.9,2.9658,94.9794,2.0549
eastern_europe,2023.0,3.0694,94.8041,2.1264
eastern_europe,2023.1,3.1763,94.6241,2.1996
eastern_europe,2023.2,3.2865,94.4390,2.2745
eastern_europe,2023.3,3.4001,94.2489,2.3510
eastern_europe,2023.4,3.5172,94.0537,2.4291
eastern_europe,2023.5,3.6379,93.8532,2.5090
eastern_europe,2023.6,3.7622,93.6473,2.5905
eastern_europe,2023.7,3.8904,93.4360,2.6736
eastern_europe,2023.8,4.0225,93.2190,2.7584
eastern_europe,2023.9,4.1586,92.9965,2.8449
eastern_europe,2024.0,4.2988,92.7681,2.9331
eastern_europe,2024.1,4.4433,92.5339,3.0229
eastern_europe,2024.2,4.5920,92.2937,3.1143
eastern_europe,2024.3,4.7453,92.0474,3.2073
eastern_europe,2024.4,4.9031,91.7950,3.3019
eastern_europe,2024.5,5.0656,91.5362,3.3981
eastern_europe,2024.6,5.2330,91.2711,3.4959
eastern_europe,2024.7,5.4052,90.9996,3.5952
eastern_europe,2024.8,5.5826,90.7214,3.6960
eastern_europe,2024.9,5.7651,90.4366,3.7983
eastern_europe,2025.0,5.9529,90.1451,3.9020
eastern_europe,2025.1,6.1462,89.8467,4.0071
eastern_europe,2025.2,6.3450,89.5414,4.1136
eastern_europe,2025.3,6.5495,89.2290,4.2214
eastern_europe,2025.4,6.7599,88.9095,4.3305
eastern_europe,2025.5,6.9762,88.5829,4.4409
eastern_europe,2025.6,7.1987,88.2490,4.5524
eastern_europe,2025.7,7.4273,87.9077,4.6650
eastern_europe,2025.8,7.6623,87.5590,4.7787
eastern_europe,2025.9,7.9038,87.2028,4.8933
eastern_europe,2026.0,8.1519,86.8391,5.0089
eastern_europe,2026.1,8.4068,86.4678,5.1254
eastern_europe,2026.2,8.6686,86.0888,5.2426
eastern_europe,2026.3,8.9374,85.7021,5.3606
eastern_europe,2026.4,9.2133,85.3076,5.4791
eastern_europe,2026.5,9.4965,84.9053,5.5982
eastern_europe,2026.6,9.7872,84.4951,5.7177
eastern_europe,2026.7,10.0853,84.0771,5.8376
eastern_europe,2026.8,10.3911,83.6512,5.9577
eastern_europe,2026.9,10.7047,83.2173,6.0780
eastern_europe,2027.0,11.0262,82.7755,6.1983
eastern_europe,2027.1,11.3557,82.3258,6.3185
eastern_europe,2027.2,11.6932,81.8682,6.4386
eastern_europe,2027.3,12.0390,81.4026,6.5584
eastern_europe,2027.4,12.3932,80.9291,6.6778
eastern_europe,2027.5,12.7557,80.4477,6.7966
eastern_europe,2027.6,13.1267,79.9585,6.9148
eastern_europe,2027.7,13.5063,79.4614,7.0322
eastern_europe,2027.8,13.8946,78.9566,7.1487
eastern_europe,2027.9,14.2916,78.4442,7.2642
eastern_europe,2028.0,14.6975,77.9240,7.3785
eastern_europe,2028.1,15.1122,77.3964,7.4917
eastern_europe,2028.2,15.5357,76.8612,7.6044
eastern_europe,2028.3,15.9683,76.3187,7.7155
eastern_europe,2028.4,16.4098,75.7690,7.8249
eastern_europe,2028.5,16.8602,75.2121,7.9325
eastern_europe,2028.6,17.3197,74.6482,8.0381
eastern_europe,2028.7,17.7882,74.0775,8.1416
eastern_europe,2028.8,18.2657,73.5000,8.2429
eastern_europe,2028.9,18.7521,72.9160,8.3418
eastern_europe,2029.0,19.2475,72.3256,8.4381
eastern_europe,2029.1,19.7517,71.7291,8.5318
eastern_europe,2029.2,20.2648,71.1265,8.6228
eastern_europe,2029.3,20.7866,70.5181,8.7108
eastern_europe,2029.4,21.3170,69.9042,8.7957
eastern_europe,2029.5,21.8559,69.2849,8.8775
eastern_europe,2029.6,22.4033,68.6605,8.9560
eastern_europe,2029.7,22.9589,68.0313,9.0311
eastern_europe,2029.8,23.5227,67.3975,9.1027
eastern_europe,2029.9,24.0944,66.7593,9.1707
eastern_europe,2030.0,24.6739,66.1171,9.2350
eastern_europe,2030.1,25.2610,65.4712,9.2956
eastern_europe,2030.2,25.8554,64.8218,9.3522
eastern_europe,2030.3,26.4569,64.1693,9.4049
eastern_europe,2030.4,27.0652,63.5139,9.4536
eastern_europe,2030.5,27.6802,62.8561,9.4982
eastern_europe,2030.6,28.3014,62.1960,9.5388
eastern_europe,2030.7,28.9286,61.5342,9.5751
eastern_europe,2030.8,29.5615,60.8709,9.6073
eastern_europe,2030.9,30.1998,60.2065,9.6353
eastern_europe,2031.0,30.8430,59.5414,9.6591
eastern_europe,2031.1,31.4908,58.8758,9.6788
eastern_europe,2031.2,32.1428,58.2103,9.6942
eastern_europe,2031.3,32.7986,57.5451,9.7055
eastern_europe,2031.4,33.4578,56.8807,9.7127
eastern_europe,2031.5,34.1200,56.2173,9.7158
eastern_europe,2031.6,34.7847,55.5555,9.7149
eastern_europe,2031.7,35.4515,54.8955,9.7101
eastern_europe,2031.8,36.1199,54.2378,9.7015
eastern_europe,2031.9,36.7894,53.5828,9.6891
eastern_europe,2032.0,37.4595,52.9307,9.6732
eastern_europe,2032.1,38.1298,52.2821,9.6537
eastern_europe,2032.2,38.7997,51.6372,9.6308
eastern_europe,2032.3,39.4687,50.9964,9.6048
eastern_europe,2032.4,40.1364,50.3601,9.5756
eastern_europe,2032.5,40.8021,49.7286,9.5435
eastern_europe,2032.6,41.4655,49.1023,9.5087
eastern_europe,2032.7,42.1260,48.4814,9.4714
eastern_europe,2032.8,42.7830,47.8664,9.4316
eastern_europe,2032.9,43.4361,47.2576,9.3897
eastern_europe,2033.0,44.0848,46.6551,9.3458
eastern_europe,2033.1,44.7285,46.0594,9.3001
eastern_europe,2033.2,45.3669,45.4707,9.2528
eastern_europe,2033.3,45.9994,44.8892,9.2042
eastern_europe,2033.4,46.6255,44.3153,9.1544
eastern_europe,2033.5,47.2449,43.7491,9.1036
eastern_europe,2033.6,47.8571,43.1908,9.0522
eastern_europe,2033.7,48.4617,42.6406,9.0002
eastern_europe,2033.8,49.0583,42.0988,8.9479
eastern_europe,2033.9,49.6465,41.5655,8.8955
eastern_europe,2034.0,50.2261,41.0408,8.8431
eastern_europe,2034.1,50.7966,40.5249,8.7911
eastern_europe,2034.2,51.3577,40.0179,8.7395
eastern_europe,2034.3,51.9094,39.5198,8.6886
eastern_europe,2034.4,52.4511,39.0307,8.6384
eastern_europe,2034.5,52.9829,38.5508,8.5893
eastern_europe,2034.6,53.5044,38.0799,8.5412
eastern_europe,2034.7,54.0155,37.6182,8.4944
eastern_europe,2034.8,54.5162,37.1656,8.4490
eastern_europe,2034.9,55.0063,36.7221,8.4051
eastern_europe,2035.0,55.4857,36.2877,8.3627
eastern_europe,2035.1,55.9545,35.8623,8.3220
eastern_europe,2035.2,56.4126,35.4459,8.2831
eastern_europe,2035.3,56.8600,35.0383,8.2459
eastern_europe,2035.4,57.2968,34.6395,8.2106
eastern_europe,2035.5,57.7232,34.2494,8.1771
eastern_europe,2035.6,58.1392,33.8677,8.1456
eastern_europe,2035.7,58.5449,33.4945,8.1158
eastern_europe,2035.8,58.9405,33.1295,8.0880
eastern_europe,2035.9,59.3262,32.7725,8.0620
eastern_europe,2036.0,59.7023,32.4234,8.0378
eastern_europe,2036.1,60.0689,32.0821,8.0153
eastern_europe,2036.2,60.4263,31.7482,7.9946
eastern_europe,2036.3,60.7748,31.4217,7.9754
eastern_europe,2036.4,61.1146,31.1024,7.9578
eastern_europe,2036.5,61.4460,30.7899,7.9417
eastern_europe,2036.6,61.7694,30.4841,7.9269
eastern_europe,2036.7,62.0850,30.1849,7.9133
eastern_europe,2036.8,62.3932,29.8919,7.9010
eastern_europe,2036.9,62.6943,29.6049,7.8897
eastern_europe,2037.0,62.9886,29.3239,7.8793
eastern_europe,2037.1,63.2764,29.0484,7.8698
eastern_europe,2037.2,63.5581,28.7784,7.8609
eastern_europe,2037.3,63.8339,28.5136,7.8527
eastern_europe,2037.4,64.1043,28.2538,7.8450
eastern_europe,2037.5,64.3694,27.9989,7.8377
eastern_europe,2037.6,64.6297,27.7485,7.8306
eastern_europe,2037.7,64.8853,27.5025,7.8238
eastern_europe,2037.8,65.1367,27.2608,7.8200
eastern_europe,2037.9,65.3840,27.0232,7.8172
eastern_europe,2038.0,65.6275,26.7894,7.8136
eastern_europe,2038.1,65.8674,26.5593,7.8090
eastern_europe,2038.2,66.1041,26.3328,7.8035
eastern_europe,2038.3,66.3376,26.1097,7.7972
eastern_europe,2038.4,66.5683,25.8899,7.7900
eastern_europe,2038.5,66.7963,25.6732,7.7819
eastern_europe,2038.6,67.0217,25.4594,7.7731
eastern_europe,2038.7,67.2448,25.2486,7.7634
eastern_europe,2038.8,67.4657,25.0405,7.7529
eastern_europe,2038.9,67.6846,24.8351,7.7417
eastern_europe,2039.0,67.9014,24.6322,7.7297
eastern_europe,2039.1,68.1165,24.4318,7.7170
eastern_europe,2039.2,68.3297,24.2338,7.7036
eastern_europe,2039.3,68.5414,24.0381,7.6894
eastern_europe,2039.4,68.7514,23.8446,7.6747
eastern_europe,2039.5,68.9600,23.6533,7.6592
eastern_europe,2039.6,69.1670,23.4640,7.6431
eastern_europe,2039.7,69.3727,23.2769,7.6264
eastern_europe,2039.8,69.5769,23.0917,7.6092
eastern_europe,2039.9,69.7799,22.9084,7.5913
eastern_europe,2040.0,69.9815,22.7271,7.5729
eastern_europe,2040.1,70.1818,22.5477,7.5539
eastern_europe,2040.2,70.3808,22.3701,7.5345
eastern_europe,2040.3,70.5786,22.1943,7.5146
eastern_europe,2040.4,70.7750,22.0203,7.4941
eastern_europe,2040.5,70.9702,21.8480,7.4733
eastern_europe,2040.6,71.1641,21.6775,7.4520
eastern_europe,2040.7,71.3568,21.5087,7.4303
eastern_europe,2040.8,71.5481,21.3416,7.4082
eastern_europe,2040.9,71.7382,21.1762,7.3857
eastern_europe,2041.0,71.9270,21.0125,7.3629
eastern_europe,2041.1,72.1144,20.8504,7.3397
eastern_europe,2041.2,72.3005,20.6900,7.3162
eastern_europe,2041.3,72.4853,20.5312,7.2925
eastern_europe,2041.4,72.6688,20.3740,7.2684
eastern_europe,2041.5,72.8508,20.2185,7.2441
eastern_europe,2041.6,73.0315,20.0645,7.2196
eastern_europe,2041.7,73.2109,19.9122,7.1948
eastern_europe,2041.8,73.3888,19.7614,7.1699
eastern_europe,2041.9,73.5653,19.6122,7.1447
eastern_europe,2042.0,73.7404,19.4646,7.1194
eastern_europe,2042.1,73.9141,19.3186,7.0939
eastern_europe,2042.2,74.0864,19.1741,7.0682
eastern_europe,2042.3,74.2572,19.0311,7.0425
eastern_europe,2042.4,74.4265,18.8897,7.0166
eastern_europe,2042.5,74.5944,18.7498,6.9907
eastern_europe,2042.6,74.7609,18.6114,6.9646
eastern_europe,2042.7,74.9258,18.4746,6.9385
eastern_europe,2042.8,75.0893,18.3392,6.9124
eastern_europe,2042.9,75.2513,18.2053,6.8862
eastern_europe,2043.0,75.4119,18.0729,6.8600
eastern_europe,2043.1,75.5709,17.9420,6.8337
eastern_europe,2043.2,75.7285,17.8125,6.8075
eastern_europe,2043.3,75.8846,17.6844,6.7812
eastern_europe,2043.4,76.0392,17.5578,6.7550
eastern_europe,2043.5,76.1923,17.4326,6.7288
eastern_europe,2043.6,76.3439,17.3088,6.7027
eastern_europe,2043.7,76.4941,17.1864,6.6766
eastern_europe,2043.8,76.6428,17.0654,6.6505
eastern_europe,2043.9,76.7900,16.9458,6.6246
eastern_europe,2044.0,76.9357,16.8275,6.5987
eastern_europe,2044.1,77.0800,16.7105,6.5728
eastern_europe,2044.2,77.2229,16.5949,6.5471
eastern_europe,2044.3,77.3643,16.4806,6.5215
eastern_europe,2044.4,77.5042,16.3675,6.4959
eastern_europe,2044.5,77.6428,16.2558,6.4705
eastern_europe,2044.6,77.7799,16.1453,6.4452
eastern_europe,2044.7,77.9156,16.0361,6.4200
eastern_europe,2044.8,78.0499,15.9281,6.3949
eastern_europe,2044.9,78.1828,15.8214,6.3699
eastern_europe,2045.0,78.3143,15.7159,6.3451
eastern_europe,2045.1,78.4445,15.6115,6.3204
eastern_europe,2045.2,78.5733,15.5083,6.2959
eastern_europe,2045.3,78.7008,15.4063,6.2714
eastern_europe,2045.4,78.8269,15.3055,6.2472
eastern_europe,2045.5,78.9517,15.2058,6.2230
eastern_europe,2045.6,79.0752,15.1072,6.1990
eastern_europe,2045.7,79.1974,15.0097,6.1752
eastern_europe,2045.8,79.3184,14.9133,6.1515
eastern_europe,2045.9,79.4381,14.8179,6.1279
eastern_europe,2046.0,79.5565,14.7236,6.1045
eastern_europe,2046.1,79.6737,14.6304,6.0813
eastern_europe,2046.2,79.7897,14.5382,6.0582
eastern_europe,2046.3,79.9044,14.4470,6.0352
eastern_europe,2046.4,80.0180,14.3568,6.0124
eastern_europe,2046.5,80.1305,14.2676,5.9897
eastern_europe,2046.6,80.2417,14.1793,5.9672
eastern_europe,2046.7,80.3518,14.0920,5.9448
eastern_europe,2046.8,80.4608,14.0057,5.9226
eastern_europe,2046.9,80.5687,13.9202,5.9005
eastern_europe,2047.0,80.6755,13.8357,5.8785
eastern_europe,2047.1,80.7813,13.7521,5.8567
eastern_europe,2047.2,80.8859,13.6694,5.8350
eastern_europe,2047.3,80.9895,13.5875,5.8134
eastern_europe,2047.4,81.0921,13.5065,5.7920
eastern_europe,2047.5,81.1937,13.4263,5.7707
eastern_europe,2047.6,81.2942,13.3470,5.7495
eastern_europe,2047.7,81.3938,13.2685,5.7284
eastern_europe,2047.8,81.4924,13.1908,5.7075
eastern_europe,2047.9,81.5901,13.1138,5.6867
eastern_europe,2048.0,81.6868,13.0377,5.6660
eastern_europe,2048.1,81.7826,12.9623,5.6454
eastern_europe,2048.2,81.8775,12.8877,5.6249
eastern_europe,2048.3,81.9715,12.8139,5.6045
eastern_europe,2048.4,82.0646,12.7407,5.5842
eastern_europe,2048.5,82.1569,12.6683,5.5640
eastern_europe,2048.6,82.2483,12.5967,5.5439
eastern_europe,2048.7,82.3388,12.5257,5.5239
eastern_europe,2048.8,82.4286,12.4554,5.5040
eastern_europe,2048.9,82.5175,12.3858,5.4842
eastern_europe,2049.0,82.6056,12.3168,5.4645
eastern_europe,2049.1,82.6929,12.2486,5.4448
eastern_europe,2049.2,82.7795,12.1809,5.4253
eastern_europe,2049.3,82.8652,12.1140,5.4058
eastern_europe,2049.4,82.9503,12.0476,5.3864
eastern_europe,2049.5,83.0346,11.9819,5.3670
eastern_europe,2049.6,83.1181,11.9168,5.3478
eastern_europe,2049.7,83.2010,11.8524,5.3286
eastern_europe,2049.8,83.2831,11.7885,5.3094
eastern_europe,2049.9,83.3645,11.7252,5.2904
eastern_europe,2050.0,83.4453,11.6625,5.2714
eu,2015.0,0.2856,99.4133,0.3012
eu,2015.1,0.3088,99.3669,0.3244
eu,2015.2,0.3336,99.3177,0.3489
eu,2015.3,0.3598,99.2657,0.3747
eu,2015.4,0.3876,99.2108,0.4019
eu,2015.5,0.4170,99.1529,0.4304
eu,2015.6,0.4481,99.0920,0.4603
eu,2015.7,0.4807,99.0281,0.4915
eu,2015.8,0.5152,98.9610,0.5242
eu,2015.9,0.5513,98.8908,0.5583
eu,2016.0,0.5893,98.8174,0.5939
eu,2016.1,0.6290,98.7406,0.6309
eu,2016.2,0.6707,98.6606,0.6694
eu,2016.3,0.7143,98.5771,0.7093
eu,2016.4,0.7598,98.4902,0.7508
eu,2016.5,0.8073,98.3998,0.7937
eu,2016.6,0.8568,98.3059,0.8382
eu,2016.7,0.9084,98.2084,0.8842
eu,2016.8,0.9621,98.1072,0.9318
eu,2016.9,1.0180,98.0023,0.9809
eu,2017.0,1.0760,97.8937,1.0316
eu,2017.1,1.1363,97.7807,1.0844
eu,2017.2,1.1989,97.6628,1.1398
eu,2017.3,1.2638,97.5401,1.1977
eu,2017.4,1.3312,97.4126,1.2579
eu,2017.5,1.4011,97.2801,1.3206
eu,2017.6,1.4735,97.1428,1.3856
eu,2017.7,1.5485,97.0006,1.4529
eu,2017.8,1.6262,96.8535,1.5225
eu,2017.9,1.7065,96.7015,1.5944
eu,2018.0,1.7896,96.5444,1.6684
eu,2018.1,1.8851,96.3791,1.7447
eu,2018.2,1.9745,96.2106,1.8231
eu,2018.3,2.0666,96.0373,1.9036
eu,2018.4,2.1616,95.8592,1.9862
eu,2018.5,2.2595,95.6761,2.0708
eu,2018.6,2.3605,95.4879,2.1575
eu,2018.7,2.4646,95.2947,2.2461
eu,2018.8,2.5718,95.0964,2.3367
eu,2018.9,2.6823,94.8930,2.4291
eu,2019.0,2.7960,94.6844,2.5234
eu,2019.1,2.9132,94.4707,2.6196
eu,2019.2,3.0337,94.2518,2.7176
eu,2019.3,3.1576,94.0277,2.8177
eu,2019.4,3.2851,93.7984,2.9195
eu,2019.5,3.4162,93.5639,3.0228
eu,2019.6,3.5509,93.3241,3.1278
eu,2019.7,3.6892,93.0792,3.2343
eu,2019.8,3.8313,92.8290,3.3422
eu,2019.9,3.9771,92.5736,3.4516
eu,2020.0,4.1268,92.3130,3.5624
eu,2020.1,4.2804,92.0471,3.6745
eu,2020.2,4.4379,91.7761,3.7878
eu,2020.3,4.5994,91.4998,3.9024
eu,2020.4,4.7649,91.2184,4.0181
eu,2020.5,4.9345,90.9318,4.1348
eu,2020.6,5.1082,90.6400,4.2526
eu,2020.7,5.2860,90.3431,4.3713
eu,2020.8,5.4681,90.0411,4.4909
eu,2020.9,5.6545,89.7340,4.6116
eu,2021.0,5.8451,89.4218,4.7331
eu,2021.1,6.0400,89.1046,4.8554
eu,2021.2,6.2394,88.7823,4.9783
eu,2021.3,6.4431,88.4551,5.1018
eu,2021.4,6.6513,88.1229,5.2258
eu,2021.5,6.8639,87.7858,5.3502
eu,2021.6,7.0811,87.4439,5.4750
eu,2021.7,7.3028,87.0971,5.6001
eu,2021.8,7.5291,86.7455,5.7254
eu,2021.9,7.7599,86.3892,5.8509
eu,2022.0,7.9953,86.0282,5.9764
eu,2022.1,8.2354,85.6626,6.1020
eu,2022.2,8.4801,85.2923,6.2275
eu,2022.3,8.7295,84.9176,6.3529
eu,2022.4,8.9835,84.5383,6.4781
eu,2022.5,9.2422,84.1547,6.6031
eu,2022.6,9.5056,83.7667,6.7277
eu,2022.7,9.7736,83.3744,6.8520
eu,2022.8,10.0464,82.9778,6.9758
eu,2022.9,10.3237,82.5772,7.0991
eu,2023.0,10.6057,82.1724,7.2218
eu,2023.1,10.8924,81.7636,7.3440
eu,2023.2,11.1837,81.3509,7.4654
eu,2023.3,11.4795,80.9344,7.5861
eu,2023.4,11.7799,80.5140,7.7061
eu,2023.5,12.0849,80.0899,7.8252
eu,2023.6,12.3943,79.6623,7.9435
eu,2023.7,12.7082,79.2310,8.0608
eu,2023.8,13.0265,78.7963,8.1772
eu,2023.9,13.3491,78.3583,8.2926
eu,2024.0,13.6761,77.9169,8.4070
eu,2024.1,14.0073,77.4723,8.5204
eu,2024.2,14.3426,77.0247,8.6327
eu,2024.3,14.6821,76.5740,8.7439
eu,2024.4,15.0257,76.1203,8.8540
eu,2024.5,15.3732,75.6639,8.9629
eu,2024.6,15.7246,75.2046,9.0707
eu,2024.7,16.0799,74.7427,9.1774
eu,2024.8,16.4389,74.2783,9.2829
eu,2024.9,16.8015,73.8113,9.3872
eu,2025.0,17.1677,73.3420,9.4903
eu,2025.1,17.5374,72.8704,9.5923
eu,2025.2,17.9104,72.3966,9.6930
eu,2025.3,18.2867,71.9206,9.7926
eu,2025.4,18.6663,71.4427,9.8910
eu,2025.5,19.0489,70.9628,9.9883
eu,2025.6,19.4345,70.4811,10.0843
eu,2025.7,19.8231,69.9977,10.1792
eu,2025.8,20.2144,69.5126,10.2730
eu,2025.9,20.6085,69.0260,10.3655
eu,2026.0,21.0052,68.5379,10.4570
eu,2026.1,21.4044,68.0484,10.5525
eu,2026.2,21.8060,67.5576,10.6491
eu,2026.3,22.2100,67.0656,10.7442
eu,2026.4,22.6163,66.5724,10.8378
eu,2026.5,23.0248,66.0783,10.9298
eu,2026.6,23.4353,65.5832,11.0202
eu,2026.7,23.8479,65.0872,11.1090
eu,2026.8,24.2624,64.5904,11.1962
eu,2026.9,24.6788,64.0929,11.2817
eu,2027.0,25.0970,63.5948,11.3656
eu,2027.1,25.5169,63.0962,11.4478
eu,2027.2,25.9386,62.5970,11.5283
eu,2027.3,26.3618,62.0975,11.6071
eu,2027.4,26.7867,61.5976,11.6841
eu,2027.5,27.2130,61.0975,11.7595
eu,2027.6,27.6409,60.5972,11.8331
eu,2027.7,28.0701,60.0969,11.9049
eu,2027.8,28.5008,59.5964,11.9750
eu,2027.9,28.9328,59.0961,12.0433
eu,2028.0,29.3661,58.5958,12.1098
eu,2028.1,29.8007,58.0957,12.1746
eu,2028.2,30.2365,57.5958,12.2377
eu,2028.3,30.6735,57.0963,12.2990
eu,2028.4,31.1117,56.5971,12.3586
eu,2028.5,31.5511,56.0984,12.4163
eu,2028.6,31.9915,55.6002,12.4723
eu,2028.7,32.4329,55.1025,12.5265
eu,2028.8,32.8754,54.6055,12.5789
eu,2028.9,33.3189,54.1092,12.6294
eu,2029.0,33.7634,53.6136,12.6782
eu,2029.1,34.2087,53.1189,12.7252
eu,2029.2,34.6549,52.6251,12.7705
eu,2029.3,35.1019,52.1322,12.8139
eu,2029.4,35.5497,51.6404,12.8555
eu,2029.5,35.9982,51.1496,12.8954
eu,2029.6,36.4474,50.6601,12.9335
eu,2029.7,36.8972,50.1717,12.9698
eu,2029.8,37.3475,49.6846,13.0044
eu,2029.9,37.7984,49.1988,13.0372
eu,2030.0,38.2496,48.7145,13.0682
eu,2030.1,38.7012,48.2317,13.1059
eu,2030.2,39.1532,47.7504,13.1425
eu,2030.3,39.6053,47.2707,13.1771
eu,2030.4,40.0576,46.7927,13.2096
eu,2030.5,40.5099,46.3164,13.2401
eu,2030.6,40.9622,45.8420,13.2686
eu,2030.7,41.4145,45.3695,13.2952
eu,2030.8,41.8666,44.8989,13.3197
eu,2030.9,42.3184,44.4304,13.3422
eu,2031.0,42.7699,43.9640,13.3628
eu,2031.1,43.2209,43.4997,13.3814
eu,2031.2,43.6715,43.0377,13.3980
eu,2031.3,44.1214,42.5780,13.4127
eu,2031.4,44.5707,42.1207,13.4255
eu,2031.5,45.0192,41.6658,13.4364
eu,2031.6,45.4668,41.2135,13.4454
eu,2031.7,45.9134,40.7637,13.4526
eu,2031.8,46.3590,40.3166,13.4579
eu,2031.9,46.8034,39.8722,13.4614
eu,2032.0,47.2466,39.4307,13.4631
eu,2032.1,47.6885,38.9920,13.4630
eu,2032.2,48.1290,38.5562,13.4612
eu,2032.3,48.5679,38.1234,13.4577
eu,2032.4,49.0052,37.6937,13.4525
eu,2032.5,49.4409,37.2671,13.4457
eu,2032.6,49.8747,36.8436,13.4373
eu,2032.7,50.3067,36.4234,13.4272
eu,2032.8,50.7367,36.0065,13.4156
eu,2032.9,51.1647,35.5930,13.4025
eu,2033.0,51.5906,35.1828,13.3880
eu,2033.1,52.0142,34.7761,13.3719
eu,2033.2,52.4356,34.3729,13.3545
eu,2033.3,52.8546,33.9732,13.3357
eu,2033.4,53.2712,33.5772,13.3155
eu,2033.5,53.6853,33.1847,13.2941
eu,2033.6,54.0968,32.7959,13.2714
eu,2033.7,54.5057,32.4108,13.2474
eu,2033.8,54.9119,32.0295,13.2223
eu,2033.9,55.3153,31.6519,13.1961
eu,2034.0,55.7159,31.2780,13.1687
eu,2034.1,56.1136,30.9080,13.1402
eu,2034.2,56.5085,30.5418,13.1108
eu,2034.3,56.9003,30.1795,13.0803
eu,2034.4,57.2892,29.8210,13.0488
eu,2034.5,57.6751,29.4664,13.0164
eu,2034.6,58.0579,29.1156,12.9830
eu,2034.7,58.4376,28.7687,12.9488
eu,2034.8,58.8142,28.4257,12.9138
eu,2034.9,59.1877,28.0866,12.8779
eu,2035.0,59.5581,27.7513,12.8412
eu,2035.1,59.9253,27.4199,12.8037
eu,2035.2,60.2893,27.0923,12.7655
eu,2035.3,60.6502,26.7685,12.7266
eu,2035.4,61.0080,26.4486,12.6869
eu,2035.5,61.3626,26.1325,12.6466
eu,2035.6,61.7140,25.8201,12.6056
eu,2035.7,62.0624,25.5115,12.5639
eu,2035.8,62.4076,25.2067,12.5215
eu,2035.9,62.7498,24.9055,12.4786
eu,2036.0,63.0889,24.6080,12.4349
eu,2036.1,63.4250,24.3141,12.3907
eu,2036.2,63.7581,24.0239,12.3459
eu,2036.3,64.0882,23.7372,12.3004
eu,2036.4,64.4154,23.4540,12.2544
eu,2036.5,64.7397,23.1743,12.2078
eu,2036.6,65.0611,22.8981,12.1605
eu,2036.7,65.3797,22.6254,12.1127
eu,2036.8,65.6955,22.3560,12.0643
eu,2036.9,66.0085,22.0899,12.0153
eu,2037.0,66.3189,21.8272,11.9658
eu,2037.1,66.6266,21.5677,11.9157
eu,2037.2,66.9316,21.3115,11.8650
eu,2037.3,67.2341,21.0585,11.8137
eu,2037.4,67.5340,20.8085,11.7618
eu,2037.5,67.8314,20.5617,11.7094
eu,2037.6,68.1263,20.3180,11.6565
eu,2037.7,68.4188,20.0773,11.6029
eu,2037.8,68.7088,19.8396,11.5493
eu,2037.9,68.9965,19.6049,11.4952
eu,2038.0,69.2819,19.3730,11.4404
eu,2038.1,69.5649,19.1441,11.3851
eu,2038.2,69.8457,18.9180,11.3291
eu,2038.3,70.1242,18.6947,11.2725
eu,2038.4,70.4005,18.4742,11.2154
eu,2038.5,70.6746,18.2564,11.1577
eu,2038.6,70.9465,18.0413,11.0994
eu,2038.7,71.2163,17.8289,11.0407
eu,2038.8,71.4839,17.6192,10.9815
eu,2038.9,71.7493,17.4121,10.9218
eu,2039.0,72.0127,17.2075,10.8616
eu,2039.1,72.2740,17.0055,10.8010
eu,2039.2,72.5331,16.8061,10.7400
eu,2039.3,72.7903,16.6092,10.6786
eu,2039.4,73.0453,16.4147,10.6168
eu,2039.5,73.2983,16.2227,10.5546
eu,2039.6,73.5492,16.0331,10.4921
eu,2039.7,73.7981,15.8459,10.4293
eu,2039.8,74.0449,15.6611,10.3662
eu,2039.9,74.2898,15.4787,10.3028
eu,2040.0,74.5326,15.2986,10.2392
eu,2040.1,74.7733,15.1207,10.1753
eu,2040.2,75.0121,14.9452,10.1112
eu,2040.3,75.2488,14.7719,10.0469
eu,2040.4,75.4836,14.6009,9.9824
eu,2040.5,75.7163,14.4321,9.9177
eu,2040.6,75.9470,14.2655,9.8529
eu,2040.7,76.1757,14.1011,9.7879
eu,2040.8,76.4024,13.9388,9.7228
eu,2040.9,76.6271,13.7787,9.6576
eu,2041.0,76.8498,13.6206,9.5924
eu,2041.1,77.0705,13.4647,9.5271
eu,2041.2,77.2892,13.3108,9.4617
eu,2041.3,77.5059,13.1590,9.3963
eu,2041.4,77.7206,13.0092,9.3309
eu,2041.5,77.9334,12.8614,9.2655
eu,2041.6,78.1441,12.7157,9.2001
eu,2041.7,78.3529,12.5718,9.1347
eu,2041.8,78.5597,12.4300,9.0694
eu,2041.9,78.7646,12.2900,9.0042
eu,2042.0,78.9674,12.1520,8.9390
eu,2042.1,79.1684,12.0158,8.8740
eu,2042.2,79.3673,11.8815,8.8090
eu,2042.3,79.5643,11.7491,8.7442
eu,2042.4,79.7594,11.6184,8.6795
eu,2042.5,79.9526,11.4896,8.6149
eu,2042.6,80.1438,11.3625,8.5505
eu,2042.7,80.3331,11.2372,8.4863
eu,2042.8,80.5204,11.1137,8.4223
eu,2042.9,80.7059,10.9918,8.3585
eu,2043.0,80.8895,10.8717,8.2950
eu,2043.1,81.0711,10.7532,8.2316
eu,2043.2,81.2509,10.6364,8.1685
eu,2043.3,81.4289,10.5212,8.1056
eu,2043.4,81.6049,10.4077,8.0430
eu,2043.5,81.7791,10.2957,7.9807
eu,2043.6,81.9515,10.1853,7.9187
eu,2043.7,82.1220,10.0764,7.8569
eu,2043.8,82.2907,9.9691,7.7955
eu,2043.9,82.4575,9.8632,7.7344
eu,2044.0,82.6226,9.7589,7.6736
eu,2044.1,82.7859,9.6560,7.6131
eu,2044.2,82.9474,9.5546,7.5530
eu,2044.3,83.1071,9.4545,7.4933
eu,2044.4,83.2650,9.3559,7.4339
eu,2044.5,83.4213,9.2587,7.3748
eu,2044.6,83.5757,9.1628,7.3162
eu,2044.7,83.7285,9.0683,7.2579
eu,2044.8,83.8795,8.9751,7.2000
eu,2044.9,84.0289,8.8832,7.1426
eu,2045.0,84.1765,8.7926,7.0855
eu,2045.1,84.3225,8.7032,7.0288
eu,2045.2,84.4669,8.6151,6.9726
eu,2045.3,84.6096,8.5282,6.9168
eu,2045.4,84.7506,8.4426,6.8614
eu,2045.5,84.8901,8.3581,6.8064
eu,2045.6,85.0279,8.2748,6.7519
eu,2045.7,85.1641,8.1926,6.6978
eu,2045.8,85.2988,8.1115,6.6442
eu,2045.9,85.4319,8.0316,6.5910
eu,2046.0,85.5635,7.9527,6.5382
eu,2046.1,85.6935,7.8750,6.4860
eu,2046.2,85.8220,7.7983,6.4341
eu,2046.3,85.9490,7.7226,6.3828
eu,2046.4,86.0746,7.6480,6.3319
eu,2046.5,86.1986,7.5743,6.2815
eu,2046.6,86.3212,7.5017,6.2315
eu,2046.7,86.4424,7.4300,6.1820
eu,2046.8,86.5621,7.3593,6.1330
eu,2046.9,86.6804,7.2895,6.0844
eu,2047.0,86.7973,7.2206,6.0364
eu,2047.1,86.9128,7.1526,5.9888
eu,2047.2,87.0270,7.0856,5.9416
eu,2047.3,87.1398,7.0194,5.8950
eu,2047.4,87.2512,6.9541,5.8488
eu,2047.5,87.3614,6.8896,5.8031
eu,2047.6,87.4702,6.8259,5.7579
eu,2047.7,87.5777,6.7631,5.7131
eu,2047.8,87.6840,6.7011,5.6688
eu,2047.9,87.7890,6.6398,5.6250
eu,2048.0,87.8927,6.5793,5.5817
eu,2048.1,87.9952,6.5196,5.5388
eu,2048.2,88.0965,6.4607,5.4964
eu,2048.3,88.1966,6.4024,5.4545
eu,2048.4,88.2955,6.3449,5.4130
eu,2048.5,88.3933,6.2881,5.3720
eu,2048.6,88.4898,6.2320,5.3315
eu,2048.7,88.5853,6.1766,5.2914
eu,2048.8,88.6796,6.1218,5.2517
eu,2048.9,88.7727,6.0677,5.2125
eu,2049.0,88.8648,6.0143,5.1738
eu,2049.1,88.9558,5.9615,5.1355
eu,2049.2,89.0457,5.9093,5.0977
eu,2049.3,89.1346,5.8577,5.0603
eu,2049.4,89.2224,5.8068,5.0233
eu,2049.5,89.3092,5.7564,4.9868
eu,2049.6,89.3950,5.7066,4.9507
eu,2049.7,89.4797,5.6574,4.9150
eu,2049.8,89.5635,5.6087,4.8797
eu,2049.9,89.6463,5.5606,4.8449
eu,2050.0,89.7281,5.5131,4.8105
g7,2015.0,0.2573,99.5125,0.2301
g7,2015.1,0.2751,99.4809,0.2439
g7,2015.2,0.2940,99.4477,0.2584
g7,2015.3,0.3138,99.4127,0.2734
g7,2015.4,0.3348,99.3761,0.2891
g7,2015.5,0.3568,99.3378,0.3054
g7,2015.6,0.3800,99.2977,0.3223
g7,2015.7,0.4043,99.2558,0.3399
g7,2015.8,0.4298,99.2121,0.3581
g7,2015.9,0.4565,99.1665,0.3770
g7,2016.0,0.4845,99.1191,0.3965
g7,2016.1,0.5137,99.0697,0.4166
g7,2016.2,0.5441,99.0185,0.4374
g7,2016.3,0.5759,98.9653,0.4588
g7,2016.4,0.6090,98.9101,0.4809
g7,2016.5,0.6435,98.8529,0.5036
g7,2016.6,0.6794,98.7936,0.5270
g7,2016.7,0.7167,98.7324,0.5510
g7,2016.8,0.7554,98.6690,0.5756
g7,2016.9,0.7955,98.6036,0.6009
g7,2017.0,0.8372,98.5360,0.6268
g7,2017.1,0.8803,98.4663,0.6534
g7,2017.2,0.9250,98.3944,0.6806
g7,2017.3,0.9712,98.3204,0.7084
g7,2017.4,1.0190,98.2442,0.7369
g7,2017.5,1.0684,98.1657,0.7659
g7,2017.6,1.1193,98.0850,0.7956
g7,2017.7,1.1720,98.0021,0.8260
g7,2017.8,1.2262,97.9169,0.8569
g7,2017.9,1.2822,97.8294,0.8885
g7,2018.0,1.3398,97.7396,0.9206
g7,2018.1,1.3992,97.6474,0.9534
g7,2018.2,1.4603,97.5530,0.9867
g7,2018.3,1.5231,97.4562,1.0207
g7,2018.4,1.5877,97.3570,1.0552
g7,2018.5,1.6542,97.2555,1.0903
g7,2018.6,1.7224,97.1516,1.1260
g7,2018.7,1.7925,97.0453,1.1622
g7,2018.8,1.8644,96.9366,1.1990
g7,2018.9,1.9382,96.8254,1.2364
g7,2019.0,2.0138,96.7119,1.2743
g7,2019.1,2.0914,96.5958,1.3127
g7,2019.2,2.1709,96.4774,1.3517
g7,2019.3,2.2524,96.3565,1.3912
g7,2019.4,2.3358,96.2331,1.4312
g7,2019.5,2.4211,96.1072,1.4717
g7,2019.6,2.5085,95.9789,1.5126
g7,2019.7,2.5978,95.8481,1.5541
g7,2019.8,2.6892,95.7148,1.5961
g7,2019.9,2.7826,95.5789,1.6385
g7,2020.0,2.8780,95.4406,1.6813
g7,2020.1,2.9756,95.2998,1.7246
g7,2020.2,3.0751,95.1565,1.7684
g7,2020.3,3.1768,95.0107,1.8125
g7,2020.4,3.2806,94.8623,1.8571
g7,2020.5,3.3865,94.7114,1.9020
g7,2020.6,3.4945,94.5581,1.9474
g7,2020.7,3.6047,94.4022,1.9931
g7,2020.8,3.7170,94.2438,2.0392
g7,2020.9,3.8315,94.0828,2.0857
g7,2021.0,3.9482,93.9194,2.1324
g7,2021.1,4.0670,93.7534,2.1795
g7,2021.2,4.1881,93.5850,2.2270
g7,2021.3,4.3113,93.4140,2.2747
g7,2021.4,4.4368,93.2405,2.3227
g7,2021.5,4.5645,93.0645,2.3710
g7,2021.6,4.6944,92.8861,2.4195
g7,2021.7,4.8266,92.7051,2.4683
g7,2021.8,4.9610,92.5217,2.5173
g7,2021.9,5.0977,92.3357,2.5665
g7,2022.0,5.2367,92.1473,2.6160
g7,2022.1,5.3779,91.9565,2.6656
g7,2022.2,5.5214,91.7632,2.7154
g7,2022.3,5.6672,91.5674,2.7654
g7,2022.4,5.8153,91.3693,2.8155
g7,2022.5,5.9657,91.1686,2.8657
g7,2022.6,6.1184,90.9656,2.9160
g7,2022.7,6.2734,90.7602,2.9665
g7,2022.8,6.4307,90.5523,3.0170
g7,2022.9,6.5903,90.3421,3.0676
g7,2023.0,6.7523,90.1296,3.1182
g7,2023.1,6.9165,89.9146,3.1689
g7,2023.2,7.0831,89.6973,3.2195
g7,2023.3,7.2520,89.4777,3.2702
g7,2023.4,7.4233,89.2558,3.3209
g7,2023.5,7.5969,89.0316,3.3716
g7,2023.6,7.7728,88.8051,3.4222
g7,2023.7,7.9510,88.5763,3.4727
g7,2023.8,8.1316,88.3453,3.5232
g7,2023.9,8.3145,88.1120,3.5735
g7,2024.0,8.4997,87.8765,3.6238
g7,2024.1,8.6872,87.6388,3.6739
g7,2024.2,8.8771,87.3990,3.7239
g7,2024.3,9.0693,87.1570,3.7737
g7,2024.4,9.2638,86.9128,3.8234
g7,2024.5,9.4607,86.6665,3.8728
g7,2024.6,9.6598,86.4181,3.9221
g7,2024.7,9.8613,86.1676,3.9711
g7,2024.8,10.0651,85.9151,4.0199
g7,2024.9,10.2711,85.6605,4.0684
g7,2025.0,10.4795,85.4039,4.1166
g7,2025.1,10.6901,85.1453,4.1646
g7,2025.2,10.9031,84.8847,4.2122
g7,2025.3,11.1183,84.6222,4.2596
g7,2025.4,11.3358,84.3577,4.3066
g7,2025.5,11.5555,84.0913,4.3532
g7,2025.6,11.7775,83.8231,4.3995
g7,2025.7,12.0017,83.5529,4.4453
g7,2025.8,12.2282,83.2810,4.4908
g7,2025.9,12.4569,83.0072,4.5359
g7,2026.0,12.6878,82.7317,4.5805
g7,2026.1,12.9209,82.4544,4.6247
g7,2026.2,13.1563,82.1753,4.6684
g7,2026.3,13.3938,81.8946,4.7117
g7,2026.4,13.6335,81.6121,4.7544
g7,2026.5,13.8753,81.3280,4.7967
g7,2026.6,14.1193,81.0423,4.8384
g7,2026.7,14.3654,80.7550,4.8796
g7,2026.8,14.6137,80.4661,4.9203
g7,2026.9,14.8640,80.1756,4.9604
g7,2027.0,15.1165,79.8836,4.9999
g7,2027.1,15.3711,79.5901,5.0388
g7,2027.2,15.6277,79.2952,5.0772
g7,2027.3,15.8863,78.9988,5.1149
g7,2027.4,16.1470,78.7010,5.1520
g7,2027.5,16.4098,78.4018,5.1884
g7,2027.6,16.6745,78.1013,5.2242
g7,2027.7,16.9412,77.7994,5.2594
g7,2027.8,17.2099,77.4962,5.2939
g7,2027.9,17.4806,77.1918,5.3277
g7,2028.0,17.7532,76.8861,5.3608
g7,2028.1,18.0277,76.5792,5.3931
g7,2028.2,18.3041,76.2711,5.4248
g7,2028.3,18.5823,75.9619,5.4558
g7,2028.4,18.8625,75.6515,5.4860
g7,2028.5,19.1445,75.3400,5.5155
g7,2028.6,19.4283,75.0275,5.5442
g7,2028.7,19.7139,74.7139,5.5721
g7,2028.8,20.0013,74.3994,5.5993
g7,2028.9,20.2905,74.0838,5.6257
g7,2029.0,20.5814,73.7673,5.6514
g7,2029.1,20.8740,73.4498,5.6762
g7,2029.2,21.1683,73.1315,5.7002
g7,2029.3,21.4643,72.8123,5.7234
g7,2029.4,21.7620,72.4922,5.7458
g7,2029.5,22.0612,72.1714,5.7674
g7,2029.6,22.3621,71.8497,5.7881
g7,2029.7,22.6646,71.5273,5.8081
g7,2029.8,22.9686,71.2042,5.8271
g7,2029.9,23.2742,70.8804,5.8454
g7,2030.0,23.5813,70.5560,5.8628
g7,2030.1,23.8898,70.2309,5.8793
g7,2030.2,24.1998,69.9051,5.8950
g7,2030.3,24.5113,69.5789,5.9098
g7,2030.4,24.8242,69.2520,5.9238
g7,2030.5,25.1384,68.9246,5.9369
g7,2030.6,25.4541,68.5968,5.9492
g7,2030.7,25.7710,68.2684,5.9605
g7,2030.8,26.0893,67.9396,5.9710
g7,2030.9,26.4089,67.6105,5.9807
g7,2031.0,26.7297,67.2809,5.9894
g7,2031.1,27.0517,66.9509,5.9973
g7,2031.2,27.3750,66.6207,6.0043
g7,2031.3,27.6994,66.2901,6.0105
g7,2031.4,28.0250,65.9592,6.0158
g7,2031.5,28.3517,65.6281,6.0202
g7,2031.6,28.6795,65.2968,6.0237
g7,2031.7,29.0084,64.9652,6.0264
g7,2031.8,29.3383,64.6335,6.0282
g7,2031.9,29.6692,64.3016,6.0291
g7,2032.0,30.0011,63.9697,6.0292
g7,2032.1,30.3340,63.6376,6.0285
g7,2032.2,30.6678,63.3054,6.0268
g7,2032.3,31.0024,62.9732,6.0244
g7,2032.4,31.3380,62.6410,6.0210
g7,2032.5,31.6744,62.3087,6.0169
g7,2032.6,32.0116,61.9765,6.0119
g7,2032.7,32.3496,61.6443,6.0060
g7,2032.8,32.6884,61.3123,5.9994
g7,2032.9,33.0278,60.9803,5.9919
g7,2033.0,33.3680,60.6484,5.9836
g7,2033.1,33.7089,60.3166,5.9745
g7,2033.2,34.0503,59.9851,5.9646
g7,2033.3,34.3924,59.6537,5.9539
g7,2033.4,34.7351,59.3225,5.9424
g7,2033.5,35.0783,58.9915,5.9301
g7,2033.6,35.4220,58.6609,5.9171
g7,2033.7,35.7663,58.3304,5.9033
g7,2033.8,36.1110,58.0003,5.8887
g7,2033.9,36.4561,57.6705,5.8734
g7,2034.0,36.8016,57.3410,5.8573
g7,2034.1,37.1475,57.0119,5.8405
g7,2034.2,37.4938,56.6832,5.8230
g7,2034.3,37.8404,56.3548,5.8048
g7,2034.4,38.1872,56.0269,5.7859
g7,2034.5,38.5343,55.6994,5.7662
g7,2034.6,38.8816,55.3724,5.7459
g7,2034.7,39.2292,55.0459,5.7249
g7,2034.8,39.5769,54.7198,5.7033
g7,2034.9,39.9247,54.3943,5.6810
g7,2035.0,40.2727,54.0693,5.6581
g7,2035.1,40.6207,53.7448,5.6345
g7,2035.2,40.9688,53.4210,5.6103
g7,2035.3,41.3169,53.0977,5.5855
g7,2035.4,41.6650,52.7750,5.5601
g7,2035.5,42.0130,52.4529,5.5341
g7,2035.6,42.3610,52.1315,5.5075
g7,2035.7,42.7089,51.8107,5.4804
g7,2035.8,43.0567,51.4906,5.4527
g7,2035.9,43.4043,51.1712,5.4245
g7,2036.0,43.7518,50.8525,5.3957
g7,2036.1,44.0990,50.5345,5.3665
g7,2036.2,44.4460,50.2172,5.3367
g7,2036.3,44.7928,49.9007,5.3065
g7,2036.4,45.1393,49.5850,5.2757
g7,2036.5,45.4854,49.2700,5.2446
g7,2036.6,45.8312,48.9559,5.2129
g7,2036.7,46.1766,48.6425,5.1808
g7,2036.8,46.5217,48.3300,5.1483
g7,2036.9,46.8663,48.0183,5.1154
g7,2037.0,47.2104,47.7075,5.0821
g7,2037.1,47.5541,47.3976,5.0484
g7,2037.2,47.8972,47.0885,5.0143
g7,2037.3,48.2398,46.7803,4.9798
g7,2037.4,48.5819,46.4730,4.9451
g7,2037.5,48.9234,46.1667,4.9099
g7,2037.6,49.2642,45.8613,4.8745
g7,2037.7,49.6045,45.5568,4.8387
g7,2037.8,49.9440,45.2533,4.8027
g7,2037.9,50.2829,44.9508,4.7663
g7,2038.0,50.6211,44.6492,4.7297
g7,2038.1,50.9585,44.3486,4.6929
g7,2038.2,51.2952,44.0491,4.6558
g7,2038.3,51.6310,43.7506,4.6184
g7,2038.4,51.9661,43.4531,4.5809
g7,2038.5,52.3003,43.1566,4.5431
g7,2038.6,52.6337,42.8612,4.5051
g7,2038.7,52.9661,42.5669,4.4670
g7,2038.8,53.2977,42.2736,4.4287
g7,2038.9,53.6283,41.9814,4.3902
g7,2039.0,53.9580,41.6903,4.3516
g7,2039.1,54.2867,41.4004,4.3129
g7,2039.2,54.6144,41.1115,4.2740
g7,2039.3,54.9411,40.8238,4.2351
g7,2039.4,55.2668,40.5372,4.1960
g7,2039.5,55.5914,40.2517,4.1569
g7,2039.6,55.9149,39.9674,4.1177
g7,2039.7,56.2372,39.6843,4.0784
g7,2039.8,56.5585,39.4024,4.0391
g7,2039.9,56.8786,39.1216,3.9998
g7,2040.0,57.1976,38.8420,3.9604
g7,2040.1,57.5153,38.5636,3.9211
g7,2040.2,57.8319,38.2865,3.8817
g7,2040.3,58.1472,38.0105,3.8423
g7,2040.4,58.4612,37.7358,3.8030
g7,2040.5,58.7740,37.4623,3.7637
g7,2040.6,59.0855,37.1901,3.7244
g7,2040.7,59.3957,36.9191,3.6852
g7,2040.8,59.7046,36.6494,3.6460
g7,2040.9,60.0122,36.3809,3.6069
g7,2041.0,60.3184,36.1137,3.5679
g7,2041.1,60.6232,35.8478,3.5290
g7,2041.2,60.9266,35.5832,3.4902
g7,2041.3,61.2286,35.3199,3.4515
g7,2041.4,61.5292,35.0579,3.4130
g7,2041.5,61.8283,34.7972,3.3745
g7,2041.6,62.1260,34.5378,3.3363
g7,2041.7,62.4222,34.2797,3.2981
g7,2041.8,62.7169,34.0230,3.2601
g7,2041.9,63.0101,33.7676,3.2223
g7,2042.0,63.3018,33.5136,3.1847
g7,2042.1,63.5919,33.2609,3.1472
g7,2042.2,63.8805,33.0096,3.1099
g7,2042.3,64.1675,32.7596,3.0729
g7,2042.4,64.4530,32.5110,3.0360
g7,2042.5,64.7369,32.2638,2.9994
g7,2042.6,65.0191,32.0179,2.9630
g7,2042.7,65.2998,31.7734,2.9268
g7,2042.8,65.5788,31.5304,2.8908
g7,2042.9,65.8562,31.2887,2.8551
g7,2043.0,66.1319,31.0484,2.8196
g7,2043.1,66.4060,30.8096,2.7844
g7,2043.2,66.6784,30.5721,2.7495
g7,2043.3,66.9491,30.3361,2.7148
g7,2043.4,67.2181,30.1015,2.6804
g7,2043.5,67.4854,29.8683,2.6463
g7,2043.6,67.7510,29.6365,2.6125
g7,2043.7,68.0149,29.4062,2.5789
g7,2043.8,68.2770,29.1773,2.5457
g7,2043.9,68.5374,28.9498,2.5127
g7,2044.0,68.7961,28.7238,2.4802
g7,2044.1,69.0529,28.4993,2.4481
g7,2044.2,69.3080,28.2762,2.4164
g7,2044.3,69.5614,28.0545,2.3850
g7,2044.4,69.8129,27.8343,2.3539
g7,2044.5,70.0627,27.6156,2.3231
g7,2044.6,70.3106,27.3984,2.2991
g7,2044.7,70.5568,27.1826,2.2849
g7,2044.8,70.8011,26.9683,2.2710
g7,2044.9,71.0436,26.7554,2.2573
g7,2045.0,71.2843,26.5440,2.2437
g7,2045.1,71.5232,26.3342,2.2303
g7,2045.2,71.7602,26.1257,2.2171
g7,2045.3,71.9954,25.9188,2.2042
g7,2045.4,72.2288,25.7134,2.1914
g7,2045.5,72.4603,25.5094,2.1787
g7,2045.6,72.6900,25.3070,2.1663
g7,2045.7,72.9178,25.1060,2.1541
g7,2045.8,73.1437,24.9065,2.1420
g7,2045.9,73.3678,24.7085,2.1301
g7,2046.0,73.5900,24.5120,2.1184
g7,2046.1,73.8104,24.3170,2.1069
g7,2046.2,74.0289,24.1235,2.0955
g7,2046.3,74.2455,23.9315,2.0844
g7,2046.4,74.4603,23.7410,2.0734
g7,2046.5,74.6732,23.5519,2.0626
g7,2046.6,74.8842,23.3644,2.0519
g7,2046.7,75.0933,23.1784,2.0414
g7,2046.8,75.3006,22.9939,2.0311
g7,2046.9,75.5060,22.8108,2.0210
g7,2047.0,75.7095,22.6293,2.0110
g7,2047.1,75.9111,22.4492,2.0012
g7,2047.2,76.1109,22.2707,1.9916
g7,2047.3,76.3088,22.0936,1.9821
g7,2047.4,76.5049,21.9181,1.9727
g7,2047.5,76.6990,21.7440,1.9636
g7,2047.6,76.8913,21.5714,1.9545
g7,2047.7,77.0818,21.4003,1.9457
g7,2047.8,77.2704,21.2307,1.9369
g7,2047.9,77.4571,21.0626,1.9284
g7,2048.0,77.6419,20.8960,1.9199
g7,2048.1,77.8250,20.7309,1.9117
g7,2048.2,78.0061,20.5672,1.9035
g7,2048.3,78.1855,20.4050,1.8955
g7,2048.4,78.3629,20.2443,1.8876
g7,2048.5,78.5386,20.0850,1.8799
g7,2048.6,78.7124,19.9273,1.8723
g7,2048.7,78.8844,19.7710,1.8648
g7,2048.8,79.0546,19.6161,1.8575
g7,2048.9,79.2229,19.4627,1.8503
g7,2049.0,79.3894,19.3108,1.8432
g7,2049.1,79.5542,19.1603,1.8362
g7,2049.2,79.7171,19.0113,1.8294
g7,2049.3,79.8783,18.8637,1.8227
g7,2049.4,80.0376,18.7176,1.8160
g7,2049.5,80.1952,18.5729,1.8095
g7,2049.6,80.3510,18.4297,1.8032
g7,2049.7,80.5050,18.2878,1.7969
g7,2049.8,80.6573,18.1474,1.7907
g7,2049.9,80.8078,18.0085,1.7846
g7,2050.0,80.9566,17.8709,1.7787
north_america,2015.0,0.2425,99.5961,0.1614
north_america,2015.1,0.2585,99.5717,0.1698
north_america,2015.2,0.2753,99.5463,0.1785
north_america,2015.3,0.2928,99.5199,0.1873
north_america,2015.4,0.3111,99.4925,0.1965
north_america,2015.5,0.3301,99.4641,0.2059
north_america,2015.6,0.3499,99.4346,0.2155
north_america,2015.7,0.3705,99.4041,0.2254
north_america,2015.8,0.3920,99.3725,0.2355
north_america,2015.9,0.4143,99.3399,0.2458
north_america,2016.0,0.4375,99.3061,0.2564
north_america,2016.1,0.4615,99.2712,0.2673
north_america,2016.2,0.4865,99.2351,0.2784
north_america,2016.3,0.5123,99.1979,0.2897
north_america,2016.4,0.5391,99.1595,0.3013
north_america,2016.5,0.5669,99.1199,0.3132
north_america,2016.6,0.5956,99.0791,0.3252
north_america,2016.7,0.6253,99.0371,0.3376
north_america,2016.8,0.6561,98.9938,0.3501
north_america,2016.9,0.6878,98.9493,0.3629
north_america,2017.0,0.7206,98.9034,0.3760
north_america,2017.1,0.7544,98.8563,0.3892
north_america,2017.2,0.7894,98.8079,0.4028
north_america,2017.3,0.8254,98.7581,0.4165
north_america,2017.4,0.8626,98.7069,0.4305
north_america,2017.5,0.9009,98.6544,0.4447
north_america,2017.6,0.9403,98.6005,0.4592
north_america,2017.7,0.9809,98.5452,0.4738
north_america,2017.8,1.0227,98.4885,0.4887
north_america,2017.9,1.0658,98.4304,0.5039
north_america,2018.0,1.1100,98.3708,0.5192
north_america,2018.1,1.1555,98.3097,0.5348
north_america,2018.2,1.2023,98.2471,0.5506
north_america,2018.3,1.2503,98.1831,0.5666
north_america,2018.4,1.2996,98.1175,0.5828
north_america,2018.5,1.3503,98.0504,0.5993
north_america,2018.6,1.4023,97.9818,0.6159
north_america,2018.7,1.4557,97.9116,0.6328
north_america,2018.8,1.5104,97.8398,0.6498
north_america,2018.9,1.5665,97.7664,0.6671
north_america,2019.0,1.6240,97.6914,0.6845
north_america,2019.1,1.6830,97.6148,0.7022
north_america,2019.2,1.7434,97.5366,0.7200
north_america,2019.3,1.8053,97.4567,0.7380
north_america,2019.4,1.8686,97.3751,0.7562
north_america,2019.5,1.9335,97.2919,0.7746
north_america,2019.6,1.9999,97.2069,0.7932
north_america,2019.7,2.0678,97.1203,0.8120
north_america,2019.8,2.1372,97.0319,0.8309
north_america,2019.9,2.2083,96.9418,0.8500
north_america,2020.0,2.2809,96.8499,0.8692
north_america,2020.1,2.3551,96.7563,0.8886
north_america,2020.2,2.4310,96.6608,0.9082
north_america,2020.3,2.5085,96.5636,0.9279
north_america,2020.4,2.5876,96.4646,0.9477
north_america,2020.5,2.6685,96.3638,0.9677
north_america,2020.6,2.7510,96.2611,0.9879
north_america,2020.7,2.8352,96.1566,1.0082
north_america,2020.8,2.9212,96.0503,1.0286
north_america,2020.9,3.0088,95.9421,1.0491
north_america,2021.0,3.0983,95.8320,1.0697
north_america,2021.1,3.1895,95.7200,1.0905
north_america,2021.2,3.2825,95.6061,1.1114
north_america,2021.3,3.3774,95.4903,1.1323
north_america,2021.4,3.4740,95.3725,1.1534
north_america,2021.5,3.5725,95.2529,1.1746
north_america,2021.6,3.6729,95.1313,1.1959
north_america,2021.7,3.7751,95.0077,1.2172
north_america,2021.8,3.8792,94.8821,1.2387
north_america,2021.9,3.9852,94.7546,1.2602
north_america,2022.0,4.0931,94.6251,1.2818
north_america,2022.1,4.2030,94.4936,1.3034
north_america,2022.2,4.3147,94.3601,1.3251
north_america,2022.3,4.4285,94.2246,1.3469
north_america,2022.4,4.5442,94.0870,1.3687
north_america,2022.5,4.6620,93.9475,1.3906
north_america,2022.6,4.7817,93.8058,1.4125
north_america,2022.7,4.9034,93.6622,1.4344
north_america,2022.8,5.0272,93.5164,1.4563
north_america,2022.9,5.1531,93.3686,1.4783
north_america,2023.0,5.2809,93.2188,1.5003
north_america,2023.1,5.4109,93.0668,1.5223
north_america,2023.2,5.5429,92.9128,1.5443
north_america,2023.3,5.6771,92.7566,1.5663
north_america,2023.4,5.8133,92.5984,1.5883
north_america,2023.5,5.9517,92.4381,1.6102
north_america,2023.6,6.0922,92.2756,1.6322
north_america,2023.7,6.2349,92.1110,1.6541
north_america,2023.8,6.3797,91.9443,1.6760
north_america,2023.9,6.5267,91.7755,1.6979
north_america,2024.0,6.6758,91.6045,1.7197
north_america,2024.1,6.8272,91.4314,1.7414
north_america,2024.2,6.9807,91.2562,1.7631
north_america,2024.3,7.1365,91.0788,1.7847
north_america,2024.4,7.2945,90.8992,1.8063
north_america,2024.5,7.4547,90.7175,1.8278
north_america,2024.6,7.6172,90.5336,1.8492
north_america,2024.7,7.7819,90.3476,1.8705
north_america,2024.8,7.9489,90.1594,1.8917
north_america,2024.9,8.1181,89.9691,1.9128
north_america,2025.0,8.2897,89.7765,1.9338
north_america,2025.1,8.4635,89.5818,1.9547
north_america,2025.2,8.6396,89.3850,1.9755
north_america,2025.3,8.8180,89.1859,1.9961
north_america,2025.4,8.9987,88.9847,2.0166
north_america,2025.5,9.1817,88.7813,2.0369
north_america,2025.6,9.3671,88.5758,2.0572
north_america,2025.7,9.5548,88.3680,2.0772
north_america,2025.8,9.7448,88.1581,2.0971
north_america,2025.9,9.9371,87.9460,2.1168
north_america,2026.0,10.1318,87.7318,2.1364
north_america,2026.1,10.3289,87.5153,2.1558
north_america,2026.2,10.5283,87.2967,2.1750
north_america,2026.3,10.7301,87.0760,2.1940
north_america,2026.4,10.9342,86.8530,2.2127
north_america,2026.5,11.1407,86.6279,2.2313
north_america,2026.6,11.3496,86.4007,2.2497
north_america,2026.7,11.5608,86.1713,2.2679
north_america,2026.8,11.7745,85.9397,2.2858
north_america,2026.9,11.9905,85.7060,2.3035
north_america,2027.0,12.2089,85.4701,2.3210
north_america,2027.1,12.4296,85.2321,2.3382
north_america,2027.2,12.6528,84.9920,2.3552
north_america,2027.3,12.8783,84.7497,2.3719
north_america,2027.4,13.1063,84.5054,2.3884
north_america,2027.5,13.3366,84.2589,2.4046
north_america,2027.6,13.5693,84.0102,2.4205
north_america,2027.7,13.8043,83.7595,2.4361
north_america,2027.8,14.0418,83.5067,2.4515
north_america,2027.9,14.2816,83.2518,2.4666
north_america,2028.0,14.5239,82.9948,2.4813
north_america,2028.1,14.7685,82.7357,2.4958
north_america,2028.2,15.0154,82.4746,2.5100
north_america,2028.3,15.2648,82.2114,2.5238
north_america,2028.4,15.5165,81.9462,2.5373
north_america,2028.5,15.7706,81.6789,2.5506
north_america,2028.6,16.0270,81.4096,2.5634
north_america,2028.7,16.2858,81.1382,2.5760
north_america,2028.8,16.5469,80.8649,2.5882
north_america,2028.9,16.8104,80.5895,2.6000
north_america,2029.0,17.0762,80.3122,2.6115
north_america,2029.1,17.3444,80.0329,2.6227
north_america,2029.2,17.6149,79.7516,2.6335
north_america,2029.3,17.8877,79.4684,2.6439
north_america,2029.4,18.1628,79.1832,2.6540
north_america,2029.5,18.4402,78.8962,2.6636
north_america,2029.6,18.7199,78.6071,2.6729
north_america,2029.7,19.0019,78.3162,2.6819
north_america,2029.8,19.2862,78.0234,2.6904
north_america,2029.9,19.5727,77.7288,2.6985
north_america,2030.0,19.8615,77.4322,2.7063
north_america,2030.1,20.1525,77.1339,2.7136
north_america,2030.2,20.4458,76.8337,2.7206
north_america,2030.3,20.7413,76.5316,2.7271
north_america,2030.4,21.0389,76.2278,2.7332
north_america,2030.5,21.3388,75.9222,2.7389
north_america,2030.6,21.6409,75.6149,2.7442
north_america,2030.7,21.9452,75.3058,2.7491
north_america,2030.8,22.2516,74.9949,2.7535
north_america,2030.9,22.5601,74.6824,2.7575
north_america,2031.0,22.8708,74.3681,2.7611
north_america,2031.1,23.1836,74.0522,2.7643
north_america,2031.2,23.4984,73.7346,2.7670
north_america,2031.3,23.8154,73.4153,2.7693
north_america,2031.4,24.1344,73.0945,2.7711
north_america,2031.5,24.4555,72.7720,2.7725
north_america,2031.6,24.7786,72.4480,2.7734
north_america,2031.7,25.1037,72.1223,2.7739
north_america,2031.8,25.4309,71.7952,2.7740
north_america,2031.9,25.7599,71.4665,2.7736
north_america,2032.0,26.0910,71.1363,2.7727
north_america,2032.1,26.4240,70.8046,2.7714
north_america,2032.2,26.7589,70.4715,2.7696
north_america,2032.3,27.0957,70.1369,2.7674
north_america,2032.4,27.4344,69.8009,2.7647
north_america,2032.5,27.7749,69.4635,2.7615
north_america,2032.6,28.1173,69.1248,2.7579
north_america,2032.7,28.4615,68.7847,2.7538
north_america,2032.8,28.8075,68.4432,2.7493
north_america,2032.9,29.1552,68.1005,2.7443
north_america,2033.0,29.5047,67.7565,2.7388
north_america,2033.1,29.8559,67.4112,2.7329
north_america,2033.2,30.2088,67.0647,2.7265
north_america,2033.3,30.5634,66.7169,2.7197
north_america,2033.4,30.9196,66.3680,2.7123
north_america,2033.5,31.2775,66.0179,2.7046
north_america,2033.6,31.6369,65.6667,2.6963
north_america,2033.7,31.9980,65.3144,2.6876
north_america,2033.8,32.3605,64.9610,2.6785
north_america,2033.9,32.7246,64.6065,2.6689
north_america,2034.0,33.0902,64.2510,2.6588
north_america,2034.1,33.4572,63.8945,2.6483
north_america,2034.2,33.8257,63.5370,2.6373
north_america,2034.3,34.1956,63.1786,2.6258
north_america,2034.4,34.5668,62.8192,2.6140
north_america,2034.5,34.9395,62.4589,2.6016
north_america,2034.6,35.3134,62.0978,2.5888
north_america,2034.7,35.6886,61.7358,2.5756
north_america,2034.8,36.0651,61.3729,2.5620
north_america,2034.9,36.4428,61.0093,2.5478
north_america,2035.0,36.8218,60.6449,2.5333
north_america,2035.1,37.2019,60.2798,2.5183
north_america,2035.2,37.5831,59.9140,2.5029
north_america,2035.3,37.9654,59.5475,2.4871
north_america,2035.4,38.3489,59.1803,2.4709
north_america,2035.5,38.7333,58.8125,2.4542
north_america,2035.6,39.1188,58.4441,2.4371
north_america,2035.7,39.5053,58.0751,2.4196
north_america,2035.8,39.8927,57.7056,2.4017
north_america,2035.9,40.2810,57.3356,2.3834
north_america,2036.0,40.6702,56.9651,2.3647
north_america,2036.1,41.0603,56.5942,2.3456
north_america,2036.2,41.4511,56.2228,2.3261
north_america,2036.3,41.8428,55.8510,2.3062
north_america,2036.4,42.2352,55.4789,2.2859
north_america,2036.5,42.6283,55.1064,2.2653
north_america,2036.6,43.0221,54.7337,2.2443
north_america,2036.7,43.4165,54.3606,2.2229
north_america,2036.8,43.8115,53.9873,2.2012
north_america,2036.9,44.2071,53.6138,2.1791
north_america,2037.0,44.6033,53.2401,2.1566
north_america,2037.1,44.9999,52.8662,2.1338
north_america,2037.2,45.3970,52.4922,2.1107
north_america,2037.3,45.7946,52.1182,2.0873
north_america,2037.4,46.1925,51.7440,2.0635
north_america,2037.5,46.5908,51.3698,2.0394
north_america,2037.6,46.9894,50.9956,2.0150
north_america,2037.7,47.3883,50.6214,1.9903
north_america,2037.8,47.7874,50.2473,1.9653
north_america,2037.9,48.1868,49.8733,1.9400
north_america,2038.0,48.5863,49.4993,1.9144
north_america,2038.1,48.9860,49.1255,1.8885
north_america,2038.2,49.3857,48.7519,1.8624
north_america,2038.3,49.7856,48.3785,1.8360
north_america,2038.4,50.1854,48.0053,1.8093
north_america,2038.5,50.5853,47.6323,1.7824
north_america,2038.6,50.9851,47.2597,1.7552
north_america,2038.7,51.3848,46.8874,1.7278
north_america,2038.8,51.7844,46.5154,1.7002
north_america,2038.9,52.1839,46.1438,1.6723
north_america,2039.0,52.5831,45.7726,1.6443
north_america,2039.1,52.9821,45.4018,1.6160
north_america,2039.2,53.3809,45.0316,1.5876
north_america,2039.3,53.7793,44.6618,1.5589
north_america,2039.4,54.1774,44.2925,1.5301
north_america,2039.5,54.5751,43.9238,1.5011
north_america,2039.6,54.9724,43.5556,1.4719
north_america,2039.7,55.3693,43.1881,1.4426
north_america,2039.8,55.7657,42.8212,1.4131
north_america,2039.9,56.1615,42.4550,1.3835
north_america,2040.0,56.5568,42.0895,1.3538
north_america,2040.1,56.9514,41.7247,1.3239
north_america,2040.2,57.3455,41.3606,1.2939
north_america,2040.3,57.7389,40.9974,1.2638
north_america,2040.4,58.1315,40.6349,1.2336
north_america,2040.5,58.5234,40.2733,1.2033
north_america,2040.6,58.9146,39.9125,1.1729
north_america,2040.7,59.3049,39.5526,1.1425
north_america,2040.8,59.6944,39.1936,1.1120
north_america,2040.9,60.0829,38.8356,1.0814
north_america,2041.0,60.4706,38.4786,1.0508
north_america,2041.1,60.8573,38.1225,1.0202
north_america,2041.2,61.2430,37.7675,0.9895
north_america,2041.3,61.6277,37.4135,0.9588
north_america,2041.4,62.0114,37.0605,0.9281
north_america,2041.5,62.3939,36.7087,0.8974
north_america,2041.6,62.7754,36.3580,0.8666
north_america,2041.7,63.1556,36.0085,0.8359
north_america,2041.8,63.5347,35.6601,0.8052
north_america,2041.9,63.9125,35.3129,0.7746
north_america,2042.0,64.2891,34.9669,0.7439
north_america,2042.1,64.6644,34.6222,0.7134
north_america,2042.2,65.0384,34.2788,0.6828
north_america,2042.3,65.4110,33.9366,0.6524
north_america,2042.4,65.7823,33.5957,0.6220
north_america,2042.5,66.1521,33.2562,0.5917
north_america,2042.6,66.5205,32.9181,0.5614
north_america,2042.7,66.8874,32.5813,0.5313
north_america,2042.8,67.2528,32.2460,0.5013
north_america,2042.9,67.6166,31.9120,0.4713
north_america,2043.0,67.9789,31.5795,0.4415
north_america,2043.1,68.3396,31.2485,0.4118
north_america,2043.2,68.6987,30.9190,0.3823
north_america,2043.3,69.0561,30.5910,0.3529
north_america,2043.4,69.4119,30.2645,0.3236
north_america,2043.5,69.7659,29.9396,0.2945
north_america,2043.6,70.1182,29.6162,0.2656
north_america,2043.7,70.4688,29.2944,0.2368
north_america,2043.8,70.8175,28.9742,0.2082
north_america,2043.9,71.1645,28.6557,0.1798
north_america,2044.0,71.5096,28.3388,0.1517
north_america,2044.1,71.8529,28.0235,0.1241
north_america,2044.2,72.1942,27.7100,0.0968
north_america,2044.3,72.5337,27.3981,0.0696
north_america,2044.4,72.8712,27.0879,0.0427
north_america,2044.5,73.2068,26.7795,0.0160
north_america,2044.6,73.5404,26.4728,0.0000
north_america,2044.7,73.8720,26.1679,0.0000
north_america,2044.8,74.2015,25.8648,0.0000
north_america,2044.9,74.5291,25.5634,0.0000
north_america,2045.0,74.8545,25.2639,0.0000
north_america,2045.1,75.1779,24.9662,0.0000
north_america,2045.2,75.4992,24.6703,0.0000
north_america,2045.3,75.8183,24.3762,0.0000
north_america,2045.4,76.1353,24.0841,0.0000
north_america,2045.5,76.4502,23.7937,0.0000
north_america,2045.6,76.7629,23.5053,0.0000
north_america,2045.7,77.0733,23.2188,0.0000
north_america,2045.8,77.3816,22.9342,0.0000
north_america,2045.9,77.6876,22.6515,0.0000
north_america,2046.0,77.9914,22.3708,0.0000
north_america,2046.1,78.2930,22.0920,0.0000
north_america,2046.2,78.5922,21.8151,0.0000
north_america,2046.3,78.8892,21.5402,0.0000
north_america,2046.4,79.1839,21.2673,0.0000
north_america,2046.5,79.4763,20.9964,0.0000
north_america,2046.6,79.7663,20.7274,0.0000
north_america,2046.7,80.0540,20.4605,0.0000
north_america,2046.8,80.3394,20.1956,0.0000
north_america,2046.9,80.6224,19.9326,0.0000
north_america,2047.0,80.9030,19.6717,0.0000
north_america,2047.1,81.1813,19.4129,0.0000
north_america,2047.2,81.4571,19.1560,0.0000
north_america,2047.3,81.7306,18.9012,0.0000
north_america,2047.4,82.0016,18.6485,0.0000
north_america,2047.5,82.2703,18.3978,0.0000
north_america,2047.6,82.5365,18.1492,0.0000
north_america,2047.7,82.8003,17.9026,0.0000
north_america,2047.8,83.0617,17.6581,0.0000
north_america,2047.9,83.3206,17.4157,0.0000
north_america,2048.0,83.5771,17.1753,0.0000
north_america,2048.1,83.8311,16.9370,0.0000
north_america,2048.2,84.0827,16.7008,0.0000
north_america,2048.3,84.3318,16.4667,0.0000
north_america,2048.4,84.5784,16.2347,0.0000
north_america,2048.5,84.8226,16.0047,0.0000
north_america,2048.6,85.0644,15.7769,0.0000
north_america,2048.7,85.3036,15.5511,0.0000
north_america,2048.8,85.5404,15.3274,0.0000
north_america,2048.9,85.7748,15.1058,0.0000
north_america,2049.0,86.0066,14.8863,0.0000
north_america,2049.1,86.2360,14.6689,0.0000
north_america,2049.2,86.4630,14.4536,0.0000
north_america,2049.3,86.6874,14.2404,0.0000
north_america,2049.4,86.9094,14.0292,0.0000
north_america,2049.5,87.1290,13.8201,0.0000
north_america,2049.6,87.3461,13.6132,0.0000
north_america,2049.7,87.5607,13.4083,0.0000
north_america,2049.8,87.7729,13.2054,0.0000
north_america,2049.9,87.9826,13.0047,0.0000
north_america,2050.0,88.1899,12.8060,0.0000
south_america,2015.0,0.0004,99.9996,0.0001
south_america,2015.1,0.0004,99.9995,0.0001
south_america,2015.2,0.0005,99.9994,0.0001
south_america,2015.3,0.0006,99.9992,0.0002
south_america,2015.4,0.0007,99.9991,0.0002
south_america,2015.5,0.0008,99.9989,0.0003
south_america,2015.6,0.0009,99.9987,0.0003
south_america,2015.7,0.0011,99.9985,0.0004
south_america,2015.8,0.0013,99.9983,0.0005
south_america,2015.9,0.0015,99.9980,0.0006
south_america,2016.0,0.0017,99.9977,0.0007
south_america,2016.1,0.0019,99.9973,0.0008
south_america,2016.2,0.0022,99.9969,0.0009
south_america,2016.3,0.0026,99.9964,0.0011
south_america,2016.4,0.0029,99.9958,0.0013
south_america,2016.5,0.0033,99.9952,0.0015
south_america,2016.6,0.0038,99.9946,0.0017
south_america,2016.7,0.0043,99.9938,0.0020
south_america,2016.8,0.0048,99.9929,0.0023
south_america,2016.9,0.0054,99.9920,0.0026
south_america,2017.0,0.0061,99.9909,0.0030
south_america,2017.1,0.0069,99.9897,0.0035
south_america,2017.2,0.0077,99.9884,0.0040
south_america,2017.3,0.0086,99.9869,0.0045
south_america,2017.4,0.0097,99.9853,0.0051
south_america,2017.5,0.0108,99.9835,0.0058
south_america,2017.6,0.0120,99.9815,0.0066
south_america,2017.7,0.0133,99.9793,0.0075
south_america,2017.8,0.0148,99.9769,0.0084
south_america,2017.9,0.0164,99.9742,0.0095
south_america,2018.0,0.0182,99.9713,0.0107
south_america,2018.1,0.0201,99.9681,0.0120
south_america,2018.2,0.0222,99.9646,0.0134
south_america,2018.3,0.0245,99.9608,0.0150
south_america,2018.4,0.0269,99.9566,0.0167
south_america,2018.5,0.0296,99.9520,0.0186
south_america,2018.6,0.0325,99.9471,0.0207
south_america,2018.7,0.0357,99.9416,0.0230
south_america,2018.8,0.0391,99.9357,0.0255
south_america,2018.9,0.0427,99.9293,0.0283
south_america,2019.0,0.0467,99.9224,0.0313
south_america,2019.1,0.0510,99.9149,0.0346
south_america,2019.2,0.0556,99.9067,0.0381
south_america,2019.3,0.0606,99.8979,0.0420
south_america,2019.4,0.0659,99.8883,0.0462
south_america,2019.5,0.0717,99.8780,0.0508
south_america,2019.6,0.0778,99.8669,0.0558
south_america,2019.7,0.0844,99.8549,0.0611
south_america,2019.8,0.0915,99.8420,0.0670
south_america,2019.9,0.0991,99.8281,0.0733
south_america,2020.0,0.1072,99.8132,0.0801
south_america,2020.1,0.1159,99.7971,0.0874
south_america,2020.2,0.1252,99.7799,0.0953
south_america,2020.3,0.1352,99.7614,0.1038
south_america,2020.4,0.1458,99.7415,0.1130
south_america,2020.5,0.1572,99.7203,0.1229
south_america,2020.6,0.1693,99.6974,0.1334
south_america,2020.7,0.1823,99.6730,0.1448
south_america,2020.8,0.1963,99.6467,0.1571
south_america,2020.9,0.2112,99.6187,0.1704
south_america,2021.0,0.2271,99.5886,0.1846
south_america,2021.1,0.2441,99.5565,0.1998
south_america,2021.2,0.2623,99.5221,0.2160
south_america,2021.3,0.2818,99.4854,0.2334
south_america,2021.4,0.3025,99.4461,0.2520
south_america,2021.5,0.3246,99.4043,0.2719
south_america,2021.6,0.3482,99.3596,0.2931
south_america,2021.7,0.3733,99.3120,0.3157
south_america,2021.8,0.4001,99.2613,0.3398
south_america,2021.9,0.4285,99.2073,0.3655
south_america,2022.0,0.4587,99.1498,0.3928
south_america,2022.1,0.4908,99.0888,0.4219
south_america,2022.2,0.5249,99.0239,0.4528
south_america,2022.3,0.5610,98.9550,0.4856
south_america,2022.4,0.5993,98.8820,0.5205
south_america,2022.5,0.6398,98.8045,0.5575
south_america,2022.6,0.6827,98.7224,0.5967
south_america,2022.7,0.7280,98.6355,0.6382
south_america,2022.8,0.7758,98.5436,0.6823
south_america,2022.9,0.8264,98.4464,0.7288
south_america,2023.0,0.8797,98.3437,0.7781
south_america,2023.1,0.9359,98.2353,0.8302
south_america,2023.2,0.9950,98.1209,0.8853
south_america,2023.3,1.0573,98.0002,0.9434
south_america,2023.4,1.1228,97.8730,1.0048
south_america,2023.5,1.1916,97.7391,1.0695
south_america,2023.6,1.2639,97.5982,1.1379
south_america,2023.7,1.3398,97.4499,1.2103
south_america,2023.8,1.4194,97.2941,1.2865
south_america,2023.9,1.5028,97.1304,1.3668
south_america,2024.0,1.5901,96.9586,1.4513
south_america,2024.1,1.6816,96.7783,1.5402
south_america,2024.2,1.7772,96.5892,1.6336
south_america,2024.3,1.8772,96.3911,1.7317
south_america,2024.4,1.9816,96.1836,1.8348
south_america,2024.5,2.0907,95.9664,1.9429
south_america,2024.6,2.2045,95.7392,2.0562
south_america,2024.7,2.3232,95.5017,2.1751
south_america,2024.8,2.4470,95.2535,2.2995
south_america,2024.9,2.5759,94.9943,2.4298
south_america,2025.0,2.7100,94.7238,2.5661
south_america,2025.1,2.8497,94.4417,2.7087
south_america,2025.2,2.9949,94.1475,2.8576
south_america,2025.3,3.1459,93.8410,3.0132
south_america,2025.4,3.3027,93.5218,3.1755
south_america,2025.5,3.4655,93.1896,3.3449
south_america,2025.6,3.6346,92.8440,3.5215
south_america,2025.7,3.8099,92.4846,3.7054
south_america,2025.8,3.9918,92.1112,3.8970
south_america,2025.9,4.1802,91.7234,4.0964
south_america,2026.0,4.3755,91.3209,4.3037
south_america,2026.1,4.5776,90.9032,4.5192
south_america,2026.2,4.7869,90.4701,4.7430
south_america,2026.3,5.0034,90.0212,4.9754
south_america,2026.4,5.2273,89.5563,5.2165
south_america,2026.5,5.4587,89.0749,5.4664
south_america,2026.6,5.6979,88.5767,5.7254
south_america,2026.7,5.9450,88.0614,5.9936
south_america,2026.8,6.2001,87.5288,6.2711
south_america,2026.9,6.4634,86.9785,6.5581
south_america,2027.0,6.7352,86.4102,6.8547
south_america,2027.1,7.0154,85.8236,7.1610
south_america,2027.2,7.3044,85.2185,7.4771
south_america,2027.3,7.6022,84.5946,7.8032
south_america,2027.4,7.9091,83.9516,8.1392
south_america,2027.5,8.2253,83.2894,8.4853
south_america,2027.6,8.5508,82.6077,8.8415
south_america,2027.7,8.8859,81.9062,9.2078
south_america,2027.8,9.2308,81.1849,9.5842
south_america,2027.9,9.5856,80.4436,9.9708
south_america,2028.0,9.9505,79.6820,10.3674
south_america,2028.1,10.3257,78.9002,10.7741
south_america,2028.2,10.7114,78.0979,11.1907
south_america,2028.3,11.1077,77.2752,11.6171
south_america,2028.4,11.5148,76.4320,12.0531
south_america,2028.5,11.9330,75.5683,12.4987
south_america,2028.6,12.3623,74.6841,12.9536
south_america,2028.7,12.8030,73.7794,13.4176
south_america,2028.8,13.2552,72.8544,13.8904
south_america,2028.9,13.7191,71.9092,14.3717
south_america,2029.0,14.1948,70.9439,14.8613
south_america,2029.1,14.6827,69.9588,15.3586
south_america,2029.2,15.1827,68.9540,15.8633
south_america,2029.3,15.6951,67.9300,16.3749
south_america,2029.4,16.2200,66.8869,16.8930
south_america,2029.5,16.7577,65.8253,17.4171
south_america,2029.6,17.3081,64.7455,17.9464
south_america,2029.7,17.8715,63.6480,18.4805
south_america,2029.8,18.4480,62.5333,19.0186
south_america,2029.9,19.0378,61.4021,19.5601
south_america,2030.0,19.6408,60.2550,20.1042
south_america,2030.1,20.2574,59.0925,20.6501
south_america,2030.2,20.8875,57.9156,21.1969
south_america,2030.3,21.5312,56.7250,21.7439
south_america,2030.4,22.1886,55.5215,22.2899
south_america,2030.5,22.8598,54.3060,22.8342
south_america,2030.6,23.5448,53.0795,23.3756
south_america,2030.7,24.2437,51.8431,23.9132
south_america,2030.8,24.9565,50.5977,24.4458
south_america,2030.9,25.6831,49.3445,24.9724
south_america,2031.0,26.4236,48.0846,25.4918
south_america,2031.1,27.1780,46.8193,26.0028
south_america,2031.2,27.9461,45.5497,26.5042
south_america,2031.3,28.7280,44.2773,26.9947
south_america,2031.4,29.5235,43.0032,27.4733
south_america,2031.5,30.3325,41.7290,27.9385
south_america,2031.6,31.1549,40.4559,28.3892
south_america,2031.7,31.9905,39.1854,28.8241
south_america,2031.8,32.8393,37.9189,29.2419
south_america,2031.9,33.7009,36.6578,29.6413
south_america,2032.0,34.5751,35.4038,30.0211
south_america,2032.1,35.4618,34.1581,30.3801
south_america,2032.2,36.3605,32.9224,30.7171
south_america,2032.3,37.2711,31.6980,31.0309
south_america,2032.4,38.1932,30.4865,31.3203
south_america,2032.5,39.1265,29.2892,31.5843
south_america,2032.6,40.0706,28.1076,31.8218
south_america,2032.7,41.0250,26.9431,32.0318
south_america,2032.8,41.9894,25.7971,32.2135
south_america,2032.9,42.9634,24.6707,32.3659
south_america,2033.0,43.9463,23.5654,32.4883
south_america,2033.1,44.9378,22.4823,32.5800
south_america,2033.2,45.9372,21.4225,32.6403
south_america,2033.3,46.9441,20.3871,32.6687
south_america,2033.4,47.9579,19.3772,32.6649
south_america,2033.5,48.9779,18.3936,32.6285
south_america,2033.6,50.0036,17.4372,32.5592
south_america,2033.7,51.0342,16.5088,32.4570
south_america,2033.8,52.0691,15.6090,32.3219
south_america,2033.9,53.1077,14.7384,32.1540
south_america,2034.0,54.1491,13.8974,31.9534
south_america,2034.1,55.1927,13.0866,31.7207
south_america,2034.2,56.2378,12.3061,31.4561
south_america,2034.3,57.2835,11.5561,31.1604
south_america,2034.4,58.3291,10.8368,30.8341
south_america,2034.5,59.3738,10.1481,30.4781
south_america,2034.6,60.4168,9.4899,30.0933
south_america,2034.7,61.4573,8.8620,29.6807
south_america,2034.8,62.4945,8.2641,29.2414
south_america,2034.9,63.5275,7.6958,28.7767
south_america,2035.0,64.5555,7.1568,28.2877
south_america,2035.1,65.5778,6.6463,27.7759
south_america,2035.2,66.5934,6.1639,27.2427
south_america,2035.3,67.6015,5.7088,26.6896
south_america,2035.4,68.6014,5.2803,26.1182
south_america,2035.5,69.5923,4.8776,25.5301
south_america,2035.6,70.5732,4.4999,24.9269
south_america,2035.7,71.5435,4.1461,24.3104
south_america,2035.8,72.5024,3.8155,23.6821
south_america,2035.9,73.4491,3.5070,23.0439
south_america,2036.0,74.3828,3.2197,22.3974
south_america,2036.1,75.3030,2.9526,21.7444
south_america,2036.2,76.2088,2.7047,21.0865
south_america,2036.3,77.0996,2.4750,20.4253
south_america,2036.4,77.9748,2.2625,19.7626
south_america,2036.5,78.8339,2.0662,19.0999
south_america,2036.6,79.6761,1.8852,18.4387
south_america,2036.7,80.5010,1.7185,17.7806
south_america,2036.8,81.3080,1.5651,17.1269
south_america,2036.9,82.0968,1.4242,16.4790
south_america,2037.0,82.8669,1.2950,15.8381
south_america,2037.1,83.6179,1.1765,15.2056
south_america,2037.2,84.3494,1.0681,14.5825
south_america,2037.3,85.0612,0.9690,13.9698
south_america,2037.4,85.7530,0.8784,13.3686
south_america,2037.5,86.4247,0.7956,12.7797
south_america,2037.6,87.0759,0.7202,12.2039
south_america,2037.7,87.7067,0.6514,11.6419
south_america,2037.8,88.3170,0.5887,11.0944
south_america,2037.9,88.9066,0.5316,10.5618
south_america,2038.0,89.4756,0.4796,10.0447
south_america,2038.1,90.0242,0.4324,9.5434
south_america,2038.2,90.5523,0.3894,9.0583
south_america,2038.3,91.0601,0.3504,8.5895
south_america,2038.4,91.5479,0.3149,8.1372
south_america,2038.5,92.0157,0.2827,7.7016
south_america,2038.6,92.4639,0.2535,7.2825
south_america,2038.7,92.8928,0.2270,6.8801
south_america,2038.8,93.3028,0.2031,6.4942
south_america,2038.9,93.6940,0.1813,6.1246
south_america,2039.0,94.0670,0.1617,5.7713
south_america,2039.1,94.4222,0.1440,5.4338
south_america,2039.2,94.7600,0.1279,5.1121
south_america,2039.3,95.0808,0.1135,4.8057
south_america,2039.4,95.3852,0.1005,4.5143
south_america,2039.5,95.6737,0.0888,4.2375
south_america,2039.6,95.9468,0.0783,3.9749
south_america,2039.7,96.2049,0.0689,3.7262
south_america,2039.8,96.4487,0.0605,3.4908
south_america,2039.9,96.6787,0.0530,3.2683
south_america,2040.0,96.8954,0.0463,3.0583
south_america,2040.1,97.0994,0.0404,2.8603
south_america,2040.2,97.2912,0.0351,2.6737
south_america,2040.3,97.4714,0.0304,2.4981
south_america,2040.4,97.6406,0.0263,2.3331
south_america,2040.5,97.7992,0.0227,2.1781
south_america,2040.6,97.9479,0.0195,2.0326
south_america,2040.7,98.0871,0.0167,1.8962
south_america,2040.8,98.2173,0.0143,1.7684
south_america,2040.9,98.3390,0.0122,1.6488
south_america,2041.0,98.4528,0.0103,1.5369
south_america,2041.1,98.5590,0.0087,1.4323
south_america,2041.2,98.6581,0.0074,1.3345
south_america,2041.3,98.7506,0.0062,1.2432
south_america,2041.4,98.8369,0.0052,1.1579
south_america,2041.5,98.9173,0.0043,1.0783
south_america,2041.6,98.9923,0.0036,1.0041
south_america,2041.7,99.0622,0.0030,0.9348
south_america,2041.8,99.1273,0.0025,0.8702
south_america,2041.9,99.1880,0.0020,0.8100
south_america,2042.0,99.2445,0.0017,0.7538
south_america,2042.1,99.2972,0.0014,0.7015
south_america,2042.2,99.3463,0.0011,0.6526
south_america,2042.3,99.3920,0.0009,0.6071
south_america,2042.4,99.4347,0.0007,0.5646
south_america,2042.5,99.4744,0.0006,0.5250
south_america,2042.6,99.5115,0.0005,0.4880
south_america,2042.7,99.5461,0.0004,0.4535
south_america,2042.8,99.5784,0.0003,0.4213
south_america,2042.9,99.6085,0.0002,0.3913
south_america,2043.0,99.6366,0.0002,0.3632
south_america,2043.1,99.6628,0.0001,0.3371
south_america,2043.2,99.6873,0.0001,0.3126
south_america,2043.3,99.7101,0.0001,0.2898
south_america,2043.4,99.7314,0.0001,0.2685
south_america,2043.5,99.7513,0.0001,0.2486
south_america,2043.6,99.7699,0.0000,0.2300
south_america,2043.7,99.7873,0.0000,0.2127
south_america,2043.8,99.8034,0.0000,0.1965
south_america,2043.9,99.8185,0.0000,0.1814
south_america,2044.0,99.8326,0.0000,0.1674
south_america,2044.1,99.8457,0.0000,0.1543
south_america,2044.2,99.8579,0.0000,0.1421
south_america,2044.3,99.8693,0.0000,0.1307
south_america,2044.4,99.8799,0.0000,0.1201
south_america,2044.5,99.8897,0.0000,0.1103
south_america,2044.6,99.8989,0.0000,0.1011
south_america,2044.7,99.9074,0.0000,0.0926
south_america,2044.8,99.9152,0.0000,0.0848
south_america,2044.9,99.9225,0.0000,0.0775
south_america,2045.0,99.9293,0.0000,0.0707
south_america,2045.1,99.9355,0.0000,0.0645
south_america,2045.2,99.9413,0.0000,0.0587
south_america,2045.3,99.9466,0.0000,0.0534
south_america,2045.4,99.9515,0.0000,0.0485
south_america,2045.5,99.9560,0.0000,0.0440
south_america,2045.6,99.9602,0.0000,0.0398
south_america,2045.7,99.9640,0.0000,0.0360
south_america,2045.8,99.9675,0.0000,0.0325
south_america,2045.9,99.9706,0.0000,0.0294
south_america,2046.0,99.9736,0.0000,0.0264
south_america,2046.1,99.9762,0.0000,0.0238
south_america,2046.2,99.9787,0.0000,0.0213
south_america,2046.3,99.9809,0.0000,0.0191
south_america,2046.4,99.9829,0.0000,0.0171
south_america,2046.5,99.9847,0.0000,0.0153
south_america,2046.6,99.9863,0.0000,0.0137
south_america,2046.7,99.9878,0.0000,0.0122
south_america,2046.8,99.9892,0.0000,0.0108
south_america,2046.9,99.9904,0.0000,0.0096
south_america,2047.0,99.9915,0.0000,0.0085
south_america,2047.1,99.9925,0.0000,0.0075
south_america,2047.2,99.9933,0.0000,0.0067
south_america,2047.3,99.9941,0.0000,0.0059
south_america,2047.4,99.9948,0.0000,0.0052
south_america,2047.5,99.9955,0.0000,0.0045
south_america,2047.6,99.9960,0.0000,0.0040
south_america,2047.7,99.9965,0.0000,0.0035
south_america,2047.8,99.9969,0.0000,0.0031
south_america,2047.9,99.9973,0.0000,0.0027
south_america,2048.0,99.9977,0.0000,0.0023
south_america,2048.1,99.9980,0.0000,0.0020
south_america,2048.2,99.9983,0.0000,0.0017
south_america,2048.3,99.9985,0.0000,0.0015
south_america,2048.4,99.9987,0.0000,0.0013
south_america,2048.5,99.9989,0.0000,0.0011
south_america,2048.6,99.9990,0.0000,0.0010
south_america,2048.7,99.9992,0.0000,0.0008
south_america,2048.8,99.9993,0.0000,0.0007
south_america,2048.9,99.9994,0.0000,0.0006
south_america,2049.0,99.9995,0.0000,0.0005
south_america,2049.1,99.9996,0.0000,0.0004
south_america,2049.2,99.9996,0.0000,0.0004
south_america,2049.3,99.9997,0.0000,0.0003
south_america,2049.4,99.9997,0.0000,0.0003
south_america,2049.5,99.9998,0.0000,0.0002
south_america,2049.6,99.9998,0.0000,0.0002
south_america,2049.7,99.9998,0.0000,0.0002
south_america,2049.8,99.9999,0.0000,0.0001
south_america,2049.9,99.9999,0.0000,0.0001
south_america,2050.0,99.9999,0.0000,0.0001
americas,2015.0,0.2064,99.6563,0.1373
americas,2015.1,0.2200,99.6355,0.1445
americas,2015.2,0.2343,99.6138,0.1519
americas,2015.3,0.2492,99.5914,0.1594
americas,2015.4,0.2648,99.5680,0.1672
americas,2015.5,0.2810,99.5438,0.1752
americas,2015.6,0.2979,99.5187,0.1834
americas,2015.7,0.3154,99.4928,0.1918
americas,2015.8,0.3337,99.4659,0.2004
americas,2015.9,0.3527,99.4380,0.2093
americas,2016.0,0.3725,99.4092,0.2183
americas,2016.1,0.3930,99.3795,0.2275
americas,2016.2,0.4142,99.3487,0.2370
americas,2016.3,0.4363,99.3170,0.2467
americas,2016.4,0.4592,99.2843,0.2566
americas,2016.5,0.4828,99.2505,0.2667
americas,2016.6,0.5073,99.2157,0.2770
americas,2016.7,0.5327,99.1798,0.2875
americas,2016.8,0.5589,99.1429,0.2982
americas,2016.9,0.5860,99.1048,0.3092
americas,2017.0,0.6140,99.0657,0.3203
americas,2017.1,0.6429,99.0254,0.3317
americas,2017.2,0.6728,98.9839,0.3433
americas,2017.3,0.7036,98.9414,0.3551
americas,2017.4,0.7354,98.8976,0.3670
americas,2017.5,0.7681,98.8527,0.3792
americas,2017.6,0.8018,98.8065,0.3917
americas,2017.7,0.8366,98.7591,0.4043
americas,2017.8,0.8724,98.7105,0.4171
americas,2017.9,0.9092,98.6607,0.4301
americas,2018.0,0.9471,98.6095,0.4434
americas,2018.1,0.9861,98.5571,0.4568
americas,2018.2,1.0262,98.5033,0.4705
americas,2018.3,1.0674,98.4483,0.4843
americas,2018.4,1.1098,98.3919,0.4984
americas,2018.5,1.1533,98.3341,0.5127
americas,2018.6,1.1980,98.2749,0.5271
americas,2018.7,1.2438,98.2144,0.5418
americas,2018.8,1.2909,98.1524,0.5567
americas,2018.9,1.3392,98.0890,0.5718
americas,2019.0,1.3888,98.0242,0.5871
americas,2019.1,1.4396,97.9579,0.6026
americas,2019.2,1.4917,97.8901,0.6183
americas,2019.3,1.5450,97.8208,0.6342
americas,2019.4,1.5997,97.7500,0.6503
americas,2019.5,1.6558,97.6776,0.6667
americas,2019.6,1.7132,97.6037,0.6832
americas,2019.7,1.7719,97.5282,0.7000
americas,2019.8,1.8321,97.4510,0.7169
americas,2019.9,1.8937,97.3723,0.7341
americas,2020.0,1.9567,97.2919,0.7515
americas,2020.1,2.0211,97.2098,0.7691
americas,2020.2,2.0871,97.1261,0.7869
americas,2020.3,2.1545,97.0406,0.8050
americas,2020.4,2.2234,96.9534,0.8232
americas,2020.5,2.2939,96.8645,0.8417
americas,2020.6,2.3659,96.7737,0.8604
americas,2020.7,2.4395,96.6811,0.8794
americas,2020.8,2.5147,96.5867,0.8986
americas,2020.9,2.5915,96.4905,0.9180
americas,2021.0,2.6700,96.3923,0.9377
americas,2021.1,2.7502,96.2922,0.9576
americas,2021.2,2.8320,96.1902,0.9778
americas,2021.3,2.9156,96.0862,0.9983
americas,2021.4,3.0010,95.9802,1.0190
americas,2021.5,3.0881,95.8721,1.0400
americas,2021.6,3.1769,95.7620,1.0612
americas,2021.7,3.2677,95.6497,1.0828
americas,2021.8,3.3602,95.5353,1.1046
americas,2021.9,3.4547,95.4188,1.1267
americas,2022.0,3.5510,95.3000,1.1492
americas,2022.1,3.6492,95.1790,1.1719
americas,2022.2,3.7494,95.0558,1.1950
americas,2022.3,3.8516,94.9302,1.2184
americas,2022.4,3.9558,94.8023,1.2422
americas,2022.5,4.0620,94.6720,1.2663
americas,2022.6,4.1703,94.5392,1.2908
americas,2022.7,4.2806,94.4040,1.3156
americas,2022.8,4.3931,94.2663,1.3409
americas,2022.9,4.5077,94.1261,1.3665
americas,2023.0,4.6244,93.9832,1.3926
americas,2023.1,4.7434,93.8378,1.4191
americas,2023.2,4.8646,93.6896,1.4460
americas,2023.3,4.9880,93.5388,1.4734
americas,2023.4,5.1137,93.3852,1.5012
americas,2023.5,5.2417,93.2288,1.5296
americas,2023.6,5.3720,93.0695,1.5585
americas,2023.7,5.5047,92.9074,1.5879
americas,2023.8,5.6398,92.7423,1.6179
americas,2023.9,5.7773,92.5742,1.6485
americas,2024.0,5.9172,92.4031,1.6796
americas,2024.1,6.0596,92.2290,1.7114
americas,2024.2,6.2046,92.0517,1.7438
americas,2024.3,6.3520,91.8712,1.7768
americas,2024.4,6.5020,91.6874,1.8105
americas,2024.5,6.6546,91.5004,1.8449
americas,2024.6,6.8098,91.3101,1.8801
americas,2024.7,6.9677,91.1164,1.9159
americas,2024.8,7.1282,90.9193,1.9525
americas,2024.9,7.2914,90.7186,1.9899
americas,2025.0,7.4574,90.5145,2.0281
americas,2025.1,7.6261,90.3067,2.0672
americas,2025.2,7.7976,90.0954,2.1070
americas,2025.3,7.9719,89.8803,2.1478
americas,2025.4,8.1491,89.6615,2.1895
americas,2025.5,8.3291,89.4389,2.2320
americas,2025.6,8.5120,89.2124,2.2756
americas,2025.7,8.6979,88.9821,2.3201
americas,2025.8,8.8866,88.7478,2.3656
americas,2025.9,9.0784,88.5095,2.4121
americas,2026.0,9.2732,88.2671,2.4597
americas,2026.1,9.4710,88.0207,2.5083
americas,2026.2,9.6719,87.7701,2.5580
americas,2026.3,9.8759,87.5153,2.6088
americas,2026.4,10.0830,87.2563,2.6608
americas,2026.5,10.2932,86.9929,2.7139
americas,2026.6,10.5066,86.7253,2.7682
americas,2026.7,10.7232,86.4532,2.8236
americas,2026.8,10.9430,86.1767,2.8803
americas,2026.9,11.1661,85.8958,2.9381
americas,2027.0,11.3924,85.6104,2.9972
americas,2027.1,11.6220,85.3204,3.0576
americas,2027.2,11.8550,85.0258,3.1192
americas,2027.3,12.0913,84.7266,3.1821
americas,2027.4,12.3310,84.4228,3.2462
americas,2027.5,12.5742,84.1143,3.3116
americas,2027.6,12.8207,83.8010,3.3783
americas,2027.7,13.0707,83.4831,3.4462
americas,2027.8,13.3242,83.1604,3.5154
americas,2027.9,13.5812,82.8329,3.5859
americas,2028.0,13.8417,82.5007,3.6576
americas,2028.1,14.1058,82.1636,3.7306
americas,2028.2,14.3734,81.8218,3.8048
americas,2028.3,14.6447,81.4751,3.8802
americas,2028.4,14.9196,81.1237,3.9567
americas,2028.5,15.1981,80.7674,4.0344
americas,2028.6,15.4804,80.4064,4.1133
americas,2028.7,15.7663,80.0406,4.1931
americas,2028.8,16.0559,79.6700,4.2740
americas,2028.9,16.3493,79.2948,4.3559
americas,2029.0,16.6465,78.9148,4.4387
americas,2029.1,16.9474,78.5302,4.5224
americas,2029.2,17.2521,78.1410,4.6069
americas,2029.3,17.5606,77.7473,4.6921
americas,2029.4,17.8730,77.3491,4.7779
americas,2029.5,18.1892,76.9465,4.8643
americas,2029.6,18.5093,76.5395,4.9512
americas,2029.7,18.8333,76.1283,5.0384
americas,2029.8,19.1611,75.7129,5.1260
americas,2029.9,19.4929,75.2934,5.2137
americas,2030.0,19.8286,74.8700,5.3014
americas,2030.1,20.1681,74.4428,5.3891
americas,2030.2,20.5117,74.0118,5.4765
americas,2030.3,20.8591,73.5772,5.5637
americas,2030.4,21.2104,73.1392,5.6504
americas,2030.5,21.5657,72.6979,5.7364
americas,2030.6,21.9249,72.2534,5.8217
americas,2030.7,22.2880,71.8060,5.9060
americas,2030.8,22.6550,71.3558,5.9892
americas,2030.9,23.0259,70.9029,6.0712
americas,2031.0,23.4007,70.4476,6.1517
americas,2031.1,23.7794,69.9900,6.2306
americas,2031.2,24.1619,69.5305,6.3077
americas,2031.3,24.5482,69.0690,6.3828
americas,2031.4,24.9383,68.6060,6.4557
americas,2031.5,25.3321,68.1415,6.5263
americas,2031.6,25.7297,67.6759,6.5943
americas,2031.7,26.1310,67.2094,6.6596
americas,2031.8,26.5359,66.7421,6.7220
americas,2031.9,26.9444,66.2743,6.7812
americas,2032.0,27.3565,65.8064,6.8371
americas,2032.1,27.7721,65.3383,6.8896
americas,2032.2,28.1911,64.8706,6.9383
americas,2032.3,28.6135,64.4033,6.9832
americas,2032.4,29.0392,63.9367,7.0241
americas,2032.5,29.4682,63.4710,7.0608
americas,2032.6,29.9003,63.0066,7.0932
americas,2032.7,30.3355,62.5435,7.1210
americas,2032.8,30.7737,62.0820,7.1443
americas,2032.9,31.2149,61.6224,7.1627
americas,2033.0,31.6588,61.1648,7.1763
americas,2033.1,32.1056,60.7095,7.1850
americas,2033.2,32.5549,60.2566,7.1885
americas,2033.3,33.0068,59.8063,7.1869
americas,2033.4,33.4611,59.3588,7.1801
americas,2033.5,33.9177,58.9142,7.1681
americas,2033.6,34.3765,58.4727,7.1508
americas,2033.7,34.8374,58.0344,7.1281
americas,2033.8,35.3003,57.5995,7.1002
americas,2033.9,35.7650,57.1681,7.0669
americas,2034.0,36.2314,56.7402,7.0284
americas,2034.1,36.6993,56.3159,6.9848
americas,2034.2,37.1687,55.8953,6.9360
americas,2034.3,37.6394,55.4784,6.8821
americas,2034.4,38.1113,55.0654,6.8233
americas,2034.5,38.5841,54.6561,6.7597
americas,2034.6,39.0579,54.2506,6.6915
americas,2034.7,39.5323,53.8490,6.6187
americas,2034.8,40.0074,53.4511,6.5415
americas,2034.9,40.4828,53.0569,6.4602
americas,2035.0,40.9586,52.6665,6.3749
americas,2035.1,41.4345,52.2797,6.2858
americas,2035.2,41.9103,51.8965,6.1932
americas,2035.3,42.3860,51.5168,6.0972
americas,2035.4,42.8614,51.1404,5.9982
americas,2035.5,43.3363,50.7674,5.8962
americas,2035.6,43.8106,50.3976,5.7917
americas,2035.7,44.2842,50.0309,5.6849
americas,2035.8,44.7568,49.6672,5.5759
americas,2035.9,45.2284,49.3064,5.4652
americas,2036.0,45.6989,48.9483,5.3528
americas,2036.1,46.1680,48.5929,5.2391
americas,2036.2,46.6357,48.2399,5.1244
americas,2036.3,47.1018,47.8893,5.0089
americas,2036.4,47.5662,47.5410,4.8928
americas,2036.5,48.0288,47.1948,4.7764
americas,2036.6,48.4895,46.8507,4.6599
americas,2036.7,48.9481,46.5084,4.5435
americas,2036.8,49.4046,46.1679,4.4275
americas,2036.9,49.8588,45.8291,4.3121
americas,2037.0,50.3108,45.4918,4.1974
americas,2037.1,50.7603,45.1561,4.0837
americas,2037.2,51.2073,44.8217,3.9710
americas,2037.3,51.6517,44.4886,3.8597
americas,2037.4,52.0934,44.1568,3.7498
americas,2037.5,52.5325,43.8260,3.6415
americas,2037.6,52.9688,43.4964,3.5348
americas,2037.7,53.4023,43.1678,3.4299
americas,2037.8,53.8329,42.8401,3.3270
americas,2037.9,54.2606,42.5133,3.2260
americas,2038.0,54.6855,42.1874,3.1271
americas,2038.1,55.1073,41.8623,3.0303
americas,2038.2,55.5262,41.5380,2.9357
americas,2038.3,55.9422,41.2145,2.8433
americas,2038.4,56.3552,40.8917,2.7532
americas,2038.5,56.7652,40.5696,2.6653
americas,2038.6,57.1722,40.2481,2.5797
americas,2038.7,57.5763,39.9274,2.4963
americas,2038.8,57.9774,39.6073,2.4153
americas,2038.9,58.3756,39.2879,2.3365
americas,2039.0,58.7710,38.9692,2.2599
americas,2039.1,59.1634,38.6511,2.1855
americas,2039.2,59.5531,38.3336,2.1133
americas,2039.3,59.9400,38.0168,2.0432
americas,2039.4,60.3241,37.7007,1.9752
americas,2039.5,60.7055,37.3852,1.9093
americas,2039.6,61.0843,37.0705,1.8453
americas,2039.7,61.4604,36.7563,1.7832
americas,2039.8,61.8340,36.4429,1.7230
americas,2039.9,62.2051,36.1302,1.6646
americas,2040.0,62.5738,35.8182,1.6080
americas,2040.1,62.9400,35.5069,1.5531
americas,2040.2,63.3039,35.1964,1.4997
americas,2040.3,63.6655,34.8866,1.4479
americas,2040.4,64.0248,34.5776,1.3976
americas,2040.5,64.3819,34.2694,1.3487
americas,2040.6,64.7369,33.9620,1.3012
americas,2040.7,65.0897,33.6553,1.2549
americas,2040.8,65.4405,33.3495,1.2099
americas,2040.9,65.7893,33.0446,1.1661
americas,2041.0,66.1361,32.7405,1.1233
americas,2041.1,66.4810,32.4374,1.0816
americas,2041.2,66.8240,32.1351,1.0410
americas,2041.3,67.1651,31.8337,1.0012
americas,2041.4,67.5044,31.5333,0.9624
americas,2041.5,67.8419,31.2338,0.9243
americas,2041.6,68.1776,30.9353,0.8871
americas,2041.7,68.5115,30.6378,0.8507
americas,2041.8,68.8438,30.3413,0.8149
americas,2041.9,69.1743,30.0458,0.7799
americas,2042.0,69.5032,29.7514,0.7454
americas,2042.1,69.8303,29.4581,0.7116
americas,2042.2,70.1559,29.1658,0.6783
americas,2042.3,70.4797,28.8747,0.6456
americas,2042.4,70.8019,28.5846,0.6134
americas,2042.5,71.1225,28.2957,0.5817
americas,2042.6,71.4415,28.0080,0.5505
americas,2042.7,71.7588,27.7215,0.5197
americas,2042.8,72.0745,27.4361,0.4893
americas,2042.9,72.3886,27.1520,0.4594
americas,2043.0,72.7011,26.8691,0.4298
americas,2043.1,73.0119,26.5874,0.4007
americas,2043.2,73.3210,26.3071,0.3719
americas,2043.3,73.6286,26.0280,0.3435
americas,2043.4,73.9344,25.7502,0.3154
americas,2043.5,74.2386,25.4737,0.2877
americas,2043.6,74.5411,25.1986,0.2603
americas,2043.7,74.8420,24.9248,0.2332
americas,2043.8,75.1411,24.6524,0.2065
americas,2043.9,75.4386,24.3813,0.1801
americas,2044.0,75.7343,24.1117,0.1540
americas,2044.1,76.0283,23.8435,0.1286
americas,2044.2,76.3206,23.5767,0.1035
americas,2044.3,76.6111,23.3113,0.0787
americas,2044.4,76.8999,23.0474,0.0542
americas,2044.5,77.1869,22.7850,0.0300
americas,2044.6,77.4721,22.5241,0.0151
americas,2044.7,77.7555,22.2646,0.0138
americas,2044.8,78.0371,22.0067,0.0126
americas,2044.9,78.3168,21.7503,0.0116
americas,2045.0,78.5947,21.4955,0.0105
americas,2045.1,78.8708,21.2421,0.0096
americas,2045.2,79.1450,20.9904,0.0088
americas,2045.3,79.4174,20.7402,0.0080
americas,2045.4,79.6878,20.4916,0.0072
americas,2045.5,79.9564,20.2446,0.0066
americas,2045.6,80.2230,19.9992,0.0059
americas,2045.7,80.4878,19.7554,0.0054
americas,2045.8,80.7506,19.5133,0.0049
americas,2045.9,81.0114,19.2728,0.0044
americas,2046.0,81.2703,19.0339,0.0039
americas,2046.1,81.5273,18.7967,0.0035
americas,2046.2,81.7823,18.5611,0.0032
americas,2046.3,82.0353,18.3272,0.0029
americas,2046.4,82.2863,18.0950,0.0026
americas,2046.5,82.5354,17.8645,0.0023
americas,2046.6,82.7824,17.6357,0.0020
americas,2046.7,83.0274,17.4085,0.0018
americas,2046.8,83.2704,17.1831,0.0016
americas,2046.9,83.5114,16.9594,0.0014
americas,2047.0,83.7503,16.7374,0.0013
americas,2047.1,83.9872,16.5172,0.0011
americas,2047.2,84.2220,16.2987,0.0010
americas,2047.3,84.4548,16.0819,0.0009
americas,2047.4,84.6855,15.8668,0.0008
americas,2047.5,84.9142,15.6535,0.0007
americas,2047.6,85.1408,15.4420,0.0006
americas,2047.7,85.3653,15.2322,0.0005
americas,2047.8,85.5878,15.0242,0.0005
americas,2047.9,85.8081,14.8179,0.0004
americas,2048.0,86.0264,14.6134,0.0003
americas,2048.1,86.2426,14.4107,0.0003
americas,2048.2,86.4567,14.2097,0.0003
americas,2048.3,86.6687,14.0105,0.0002
americas,2048.4,86.8786,13.8131,0.0002
americas,2048.5,87.0863,13.6174,0.0002
americas,2048.6,87.2920,13.4236,0.0001
americas,2048.7,87.4956,13.2315,0.0001
americas,2048.8,87.6971,13.0411,0.0001
americas,2048.9,87.8965,12.8526,0.0001
americas,2049.0,88.0938,12.6658,0.0001
americas,2049.1,88.2890,12.4809,0.0001
americas,2049.2,88.4821,12.2977,0.0001
americas,2049.3,88.6731,12.1162,0.0000
americas,2049.4,88.8620,11.9366,0.0000
americas,2049.5,89.0488,11.7587,0.0000
americas,2049.6,89.2335,11.5826,0.0000
americas,2049.7,89.4162,11.4083,0.0000
americas,2049.8,89.5967,11.2357,0.0000
americas,2049.9,89.7752,11.0649,0.0000
americas,2050.0,89.9515,10.8958,0.0000
asia,2015.0,0.4625,99.6745,0.0403
asia,2015.1,0.4953,99.6485,0.0413
asia,2015.2,0.5299,99.6207,0.0424
asia,2015.3,0.5664,99.5909,0.0435
asia,2015.4,0.6048,99.5591,0.0445
asia,2015.5,0.6452,99.5250,0.0456
asia,2015.6,0.6878,99.4885,0.0466
asia,2015.7,0.7324,99.4496,0.0477
asia,2015.8,0.7794,99.4081,0.0488
asia,2015.9,0.8286,99.3639,0.0498
asia,2016.0,0.8803,99.3168,0.0509
asia,2016.1,0.9344,99.2666,0.0520
asia,2016.2,0.9911,99.2133,0.0530
asia,2016.3,1.0504,99.1566,0.0541
asia,2016.4,1.1125,99.0964,0.0552
asia,2016.5,1.1773,99.0325,0.0562
asia,2016.6,1.2451,98.9648,0.0573
asia,2016.7,1.3158,98.8930,0.0584
asia,2016.8,1.3896,98.8170,0.0595
asia,2016.9,1.4666,98.7366,0.0605
asia,2017.0,1.5469,98.6516,0.0616
asia,2017.1,1.6305,98.5618,0.0627
asia,2017.2,1.7175,98.4669,0.0637
asia,2017.3,1.8080,98.3668,0.0648
asia,2017.4,1.9022,98.2612,0.0659
asia,2017.5,2.0001,98.1500,0.0670
asia,2017.6,2.1018,98.0328,0.0681
asia,2017.7,2.2075,97.9095,0.0692
asia,2017.8,2.3171,97.7798,0.0704
asia,2017.9,2.4309,97.6434,0.0715
asia,2018.0,2.5489,97.5001,0.0727
asia,2018.1,2.6712,97.3497,0.0739
asia,2018.2,2.7979,97.1918,0.0752
asia,2018.3,2.9291,97.0263,0.0764
asia,2018.4,3.0650,96.8528,0.0823
asia,2018.5,3.2056,96.6710,0.1234
asia,2018.6,3.3510,96.4807,0.1683
asia,2018.7,3.5014,96.2817,0.2171
asia,2018.8,3.6567,96.0735,0.2698
asia,2018.9,3.8173,95.8559,0.3269
asia,2019.0,3.9831,95.6287,0.3884
asia,2019.1,4.1542,95.3915,0.4545
asia,2019.2,4.3308,95.1440,0.5254
asia,2019.3,4.5129,94.8859,0.6013
asia,2019.4,4.7008,94.6170,0.6824
asia,2019.5,4.8944,94.3368,0.7689
asia,2019.6,5.0939,94.0452,0.8611
asia,2019.7,5.2994,93.7418,0.9590
asia,2019.8,5.5110,93.4263,1.0629
asia,2019.9,5.7287,93.0985,1.1731
asia,2020.0,5.9528,92.7579,1.2896
asia,2020.1,6.1833,92.4043,1.4127
asia,2020.2,6.4203,92.0375,1.5426
asia,2020.3,6.6639,91.6570,1.6794
asia,2020.4,6.9143,91.2628,1.8234
asia,2020.5,7.1714,90.8544,1.9747
asia,2020.6,7.4355,90.4315,2.1335
asia,2020.7,7.7066,89.9940,2.3000
asia,2020.8,7.9847,89.5416,2.4743
asia,2020.9,8.2701,89.0739,2.6566
asia,2021.0,8.5628,88.5909,2.8471
asia,2021.1,8.8629,88.0921,3.0458
asia,2021.2,9.1705,87.5775,3.2529
asia,2021.3,9.4857,87.0468,3.4685
asia,2021.4,9.8085,86.4999,3.6928
asia,2021.5,10.1391,85.9364,3.9257
asia,2021.6,10.4775,85.3563,4.1675
asia,2021.7,10.8239,84.7595,4.4181
asia,2021.8,11.1782,84.1457,4.6776
asia,2021.9,11.5407,83.5149,4.9461
asia,2022.0,11.9113,82.8671,5.2235
asia,2022.1,12.2902,82.2020,5.5099
asia,2022.2,12.6773,81.5196,5.8053
asia,2022.3,13.0729,80.8201,6.1095
asia,2022.4,13.4769,80.1032,6.4226
asia,2022.5,13.8895,79.3690,6.7444
asia,2022.6,14.3106,78.6177,7.0749
asia,2022.7,14.7404,77.8492,7.4138
asia,2022.8,15.1789,77.0636,7.7611
asia,2022.9,15.6262,76.2611,8.1166
asia,2023.0,16.0824,75.4418,8.4801
asia,2023.1,16.5474,74.6059,8.8513
asia,2023.2,17.0214,73.7536,9.2300
asia,2023.3,17.5044,72.8852,9.6158
asia,2023.4,17.9964,72.0008,10.0085
asia,2023.5,18.4975,71.1008,10.4077
asia,2023.6,19.0078,70.1856,10.8131
asia,2023.7,19.5272,69.2554,11.2242
asia,2023.8,20.0559,68.3107,11.6405
asia,2023.9,20.5939,67.3519,12.0617
asia,2024.0,21.1411,66.3794,12.4873
asia,2024.1,21.6977,65.3938,12.9167
asia,2024.2,22.2637,64.3955,13.3493
asia,2024.3,22.8391,63.3851,13.7846
asia,2024.4,23.4239,62.3631,14.2219
asia,2024.5,24.0182,61.3302,14.6607
asia,2024.6,24.6220,60.2870,15.1003
asia,2024.7,25.2353,59.2341,15.5399
asia,2024.8,25.8581,58.1723,15.9789
asia,2024.9,26.4904,57.1022,16.4166
asia,2025.0,27.1322,56.0245,16.8521
asia,2025.1,27.7835,54.9402,17.2847
asia,2025.2,28.4443,53.8499,17.7136
asia,2025.3,29.1146,52.7545,18.1381
asia,2025.4,29.7943,51.6548,18.5572
asia,2025.5,30.4833,50.5518,18.9701
asia,2025.6,31.1815,49.4463,19.3760
asia,2025.7,31.8890,48.3393,19.7741
asia,2025.8,32.6054,47.2318,20.1635
asia,2025.9,33.3307,46.1247,20.5447
asia,2026.0,34.0646,45.0191,20.9163
asia,2026.1,34.8069,43.9162,21.2769
asia,2026.2,35.5574,42.8169,21.6257
asia,2026.3,36.3158,41.7226,21.9617
asia,2026.4,37.0815,40.6343,22.2842
asia,2026.5,37.8544,39.5533,22.5923
asia,2026.6,38.6338,38.4810,22.8852
asia,2026.7,39.4192,37.4187,23.1621
asia,2026.8,40.2101,36.3676,23.4223
asia,2026.9,41.0058,35.3293,23.6649
asia,2027.0,41.8056,34.3051,23.8893
asia,2027.1,42.6088,33.2965,24.0947
asia,2027.2,43.4146,32.3049,24.2805
asia,2027.3,44.2223,31.3317,24.4460
asia,2027.4,45.0309,30.3783,24.5908
asia,2027.5,45.8396,29.4461,24.7143
asia,2027.6,46.6477,28.5362,24.8160
asia,2027.7,47.4544,27.6499,24.8957
asia,2027.8,48.2588,26.7882,24.9628
asia,2027.9,49.0603,25.9519,25.0087
asia,2028.0,49.8583,25.1418,25.0325
asia,2028.1,50.6523,24.3585,25.0342
asia,2028.2,51.4417,23.6022,25.0139
asia,2028.3,52.2264,22.8732,24.9718
asia,2028.4,53.0060,22.1716,24.9080
asia,2028.5,53.7805,21.4970,24.8228
asia,2028.6,54.5497,20.8493,24.7166
asia,2028.7,55.3136,20.2280,24.5898
asia,2028.8,56.0725,19.6327,24.4428
asia,2028.9,56.8262,19.0627,24.2760
asia,2029.0,57.5750,18.5175,24.0900
asia,2029.1,58.3189,17.9965,23.8853
asia,2029.2,59.0580,17.4991,23.6623
asia,2029.3,59.7923,17.0246,23.4217
asia,2029.4,60.5217,16.5726,23.1640
asia,2029.5,61.2461,16.1425,22.8899
asia,2029.6,61.9655,15.7337,22.6000
asia,2029.7,62.6795,15.3456,22.2950
asia,2029.8,63.3881,14.9777,21.9758
asia,2029.9,64.0909,14.6295,21.6430
asia,2030.0,64.7877,14.3004,21.2975
asia,2030.1,65.4782,13.9897,20.9402
asia,2030.2,66.1621,13.6968,20.5719
asia,2030.3,66.8391,13.4212,20.1935
asia,2030.4,67.5090,13.1620,19.8060
asia,2030.5,68.1713,12.9188,19.4102
asia,2030.6,68.8260,12.6907,19.0084
asia,2030.7,69.4726,12.4772,18.6001
asia,2030.8,70.1110,12.2774,18.1863
asia,2030.9,70.7409,12.0909,17.7677
asia,2031.0,71.3620,11.9167,17.3452
asia,2031.1,71.9741,11.7544,16.9197
asia,2031.2,72.5769,11.6032,16.4921
asia,2031.3,73.1704,11.4624,16.0631
asia,2031.4,73.7542,11.3315,15.6335
asia,2031.5,74.3282,11.2097,15.2042
asia,2031.6,74.8921,11.0966,14.7758
asia,2031.7,75.4459,10.9915,14.3490
asia,2031.8,75.9894,10.8938,13.9246
asia,2031.9,76.5224,10.8030,13.5031
asia,2032.0,77.0447,10.7186,13.0852
asia,2032.1,77.5563,10.6401,12.6714
asia,2032.2,78.0571,10.5671,12.2623
asia,2032.3,78.5470,10.4990,11.8583
asia,2032.4,79.0259,10.4355,11.4600
asia,2032.5,79.4937,10.3762,11.0677
asia,2032.6,79.9503,10.3206,10.6818
asia,2032.7,80.3958,10.2686,10.3026
asia,2032.8,80.8301,10.2196,9.9306
asia,2032.9,81.2532,10.1736,9.5659
asia,2033.0,81.6651,10.1301,9.2088
asia,2033.1,82.0659,10.0889,8.8596
asia,2033.2,82.4554,10.0498,8.5184
asia,2033.3,82.8339,10.0126,8.1854
asia,2033.4,83.2013,9.9771,7.8607
asia,2033.5,83.5577,9.9431,7.5444
asia,2033.6,83.9031,9.9105,7.2366
asia,2033.7,84.2378,9.8791,6.9373
asia,2033.8,84.5617,9.8487,6.6466
asia,2033.9,84.8750,9.8194,6.3645
asia,2034.0,85.1778,9.7909,6.0910
asia,2034.1,85.4702,9.7632,5.8260
asia,2034.2,85.7525,9.7362,5.5695
asia,2034.3,86.0247,9.7098,5.3215
asia,2034.4,86.2870,9.6840,5.0818
asia,2034.5,86.5395,9.6587,4.8504
asia,2034.6,86.7825,9.6338,4.6272
asia,2034.7,87.0162,9.6094,4.4120
asia,2034.8,87.2406,9.5854,4.2048
asia,2034.9,87.4561,9.5617,4.0055
asia,2035.0,87.6629,9.5383,3.8138
asia,2035.1,87.8610,9.5152,3.6296
asia,2035.2,88.0508,9.4925,3.4528
asia,2035.3,88.2325,9.4699,3.2832
asia,2035.4,88.4063,9.4477,3.1207
asia,2035.5,88.5723,9.4257,2.9651
asia,2035.6,88.7309,9.4039,2.8162
asia,2035.7,88.8822,9.3823,2.6739
asia,2035.8,89.0265,9.3609,2.5379
asia,2035.9,89.1640,9.3398,2.4081
asia,2036.0,89.2950,9.3188,2.2844
asia,2036.1,89.4195,9.2980,2.1665
asia,2036.2,89.5379,9.2775,2.0542
asia,2036.3,89.6504,9.2571,1.9474
asia,2036.4,89.7572,9.2370,1.8459
asia,2036.5,89.8585,9.2170,1.7496
asia,2036.6,89.9545,9.1973,1.6581
asia,2036.7,90.0455,9.1777,1.5715
asia,2036.8,90.1316,9.1583,1.4894
asia,2036.9,90.2130,9.1392,1.4117
asia,2037.0,90.2900,9.1202,1.3383
asia,2037.1,90.3626,9.1014,1.2690
asia,2037.2,90.4312,9.0829,1.2036
asia,2037.3,90.4959,9.0645,1.1419
asia,2037.4,90.5568,9.0463,1.0838
asia,2037.5,90.6142,9.0284,1.0292
asia,2037.6,90.6682,9.0106,0.9779
asia,2037.7,90.7190,8.9931,0.9296
asia,2037.8,90.7667,8.9757,0.8844
asia,2037.9,90.8114,8.9586,0.8420
asia,2038.0,90.8534,8.9417,0.8024
asia,2038.1,90.8928,8.9250,0.7653
asia,2038.2,90.9296,8.9085,0.7306
asia,2038.3,90.9641,8.8923,0.6983
asia,2038.4,90.9964,8.8762,0.6682
asia,2038.5,91.0266,8.8604,0.6402
asia,2038.6,91.0547,8.8448,0.6141
asia,2038.7,91.0810,8.8294,0.5899
asia,2038.8,91.1055,8.8142,0.5675
asia,2038.9,91.1283,8.7993,0.5467
asia,2039.0,91.1496,8.7845,0.5275
asia,2039.1,91.1694,8.7700,0.5098
asia,2039.2,91.1878,8.7557,0.4934
asia,2039.3,91.2049,8.7417,0.4783
asia,2039.4,91.2208,8.7278,0.4645
asia,2039.5,91.2355,8.7142,0.4517
asia,2039.6,91.2492,8.7007,0.4401
asia,2039.7,91.2618,8.6876,0.4294
asia,2039.8,91.2736,8.6746,0.4197
asia,2039.9,91.2844,8.6618,0.4108
asia,2040.0,91.2945,8.6493,0.4028
asia,2040.1,91.3038,8.6369,0.3954
asia,2040.2,91.3124,8.6248,0.3888
asia,2040.3,91.3204,8.6129,0.3829
asia,2040.4,91.3277,8.6012,0.3775
asia,2040.5,91.3346,8.5898,0.3727
asia,2040.6,91.3409,8.5785,0.3684
asia,2040.7,91.3467,8.5674,0.3646
asia,2040.8,91.3521,8.5566,0.3612
asia,2040.9,91.3570,8.5459,0.3582
asia,2041.0,91.3617,8.5355,0.3556
asia,2041.1,91.3659,8.5252,0.3533
asia,2041.2,91.3699,8.5152,0.3513
asia,2041.3,91.3735,8.5053,0.3497
asia,2041.4,91.3770,8.4957,0.3483
asia,2041.5,91.3801,8.4862,0.3471
asia,2041.6,91.3831,8.4769,0.3461
asia,2041.7,91.3858,8.4678,0.3454
asia,2041.8,91.3884,8.4589,0.3448
asia,2041.9,91.3908,8.4502,0.3444
asia,2042.0,91.3930,8.4417,0.3442
asia,2042.1,91.3951,8.4333,0.3440
asia,2042.2,91.3971,8.4251,0.3441
asia,2042.3,91.3990,8.4171,0.3442
asia,2042.4,91.4007,8.4092,0.3444
asia,2042.5,91.4024,8.4015,0.3447
asia,2042.6,91.4040,8.3940,0.3451
asia,2042.7,91.4055,8.3867,0.3456
asia,2042.8,91.4070,8.3795,0.3461
asia,2042.9,91.4084,8.3724,0.3467
asia,2043.0,91.4097,8.3655,0.3474
asia,2043.1,91.4110,8.3588,0.3481
asia,2043.2,91.4122,8.3522,0.3488
asia,2043.3,91.4134,8.3457,0.3496
asia,2043.4,91.4146,8.3394,0.3504
asia,2043.5,91.4157,8.3333,0.3513
asia,2043.6,91.4169,8.3272,0.3521
asia,2043.7,91.4179,8.3213,0.3530
asia,2043.8,91.4190,8.3156,0.3540
asia,2043.9,91.4201,8.3099,0.3549
asia,2044.0,91.4211,8.3044,0.3559
asia,2044.1,91.4221,8.2990,0.3568
asia,2044.2,91.4231,8.2937,0.3578
asia,2044.3,91.4241,8.2885,0.3588
asia,2044.4,91.4251,8.2835,0.3598
asia,2044.5,91.4261,8.2785,0.3608
asia,2044.6,91.4270,8.2737,0.3618
asia,2044.7,91.4280,8.2689,0.3629
asia,2044.8,91.4289,8.2643,0.3639
asia,2044.9,91.4299,8.2598,0.3649
asia,2045.0,91.4308,8.2553,0.3660
asia,2045.1,91.4318,8.2510,0.3670
asia,2045.2,91.4327,8.2467,0.3681
asia,2045.3,91.4336,8.2425,0.3691
asia,2045.4,91.4346,8.2385,0.3702
asia,2045.5,91.4355,8.2344,0.3712
asia,2045.6,91.4364,8.2305,0.3723
asia,2045.7,91.4373,8.2267,0.3734
asia,2045.8,91.4382,8.2229,0.3744
asia,2045.9,91.4392,8.2192,0.3755
asia,2046.0,91.4401,8.2156,0.3765
asia,2046.1,91.4410,8.2120,0.3776
asia,2046.2,91.4419,8.2085,0.3787
asia,2046.3,91.4428,8.2051,0.3797
asia,2046.4,91.4437,8.2018,0.3808
asia,2046.5,91.4447,8.1985,0.3819
asia,2046.6,91.4456,8.1952,0.3829
asia,2046.7,91.4465,8.1920,0.3840
asia,2046.8,91.4474,8.1889,0.3850
asia,2046.9,91.4483,8.1858,0.3861
asia,2047.0,91.4492,8.1828,0.3872
asia,2047.1,91.4501,8.1798,0.3882
asia,2047.2,91.4510,8.1768,0.3893
asia,2047.3,91.4520,8.1740,0.3904
asia,2047.4,91.4529,8.1711,0.3914
asia,2047.5,91.4538,8.1683,0.3925
asia,2047.6,91.4547,8.1655,0.3936
asia,2047.7,91.4556,8.1628,0.3946
asia,2047.8,91.4565,8.1601,0.3957
asia,2047.9,91.4574,8.1574,0.3968
asia,2048.0,91.4583,8.1548,0.3978
asia,2048.1,91.4592,8.1522,0.3989
asia,2048.2,91.4602,8.1497,0.3999
asia,2048.3,91.4611,8.1471,0.4010
asia,2048.4,91.4620,8.1446,0.4021
asia,2048.5,91.4629,8.1422,0.4031
asia,2048.6,91.4638,8.1397,0.4042
asia,2048.7,91.4647,8.1373,0.4053
asia,2048.8,91.4656,8.1349,0.4063
asia,2048.9,91.4665,8.1325,0.4074
asia,2049.0,91.4674,8.1301,0.4084
asia,2049.1,91.4683,8.1278,0.4095
asia,2049.2,91.4693,8.1255,0.4106
asia,2049.3,91.4702,8.1232,0.4116
asia,2049.4,91.4711,8.1209,0.4127
asia,2049.5,91.4720,8.1187,0.4137
asia,2049.6,91.4729,8.1164,0.4148
asia,2049.7,91.4738,8.1142,0.4159
asia,2049.8,91.4747,8.1120,0.4169
asia,2049.9,91.4756,8.1098,0.4180
asia,2050.0,91.4765,8.1076,0.4190
small_markets,2015.0,0.0734,99.8281,0.1046
small_markets,2015.1,0.0801,99.8162,0.1111
small_markets,2015.2,0.0872,99.8037,0.1178
small_markets,2015.3,0.0947,99.7906,0.1248
small_markets,2015.4,0.1027,99.7768,0.1321
small_markets,2015.5,0.1112,99.7623,0.1396
small_markets,2015.6,0.1202,99.7471,0.1474
small_markets,2015.7,0.1298,99.7311,0.1556
small_markets,2015.8,0.1398,99.7144,0.1640
small_markets,2015.9,0.1504,99.6969,0.1727
small_markets,2016.0,0.1616,99.6785,0.1817
small_markets,2016.1,0.1735,99.6594,0.1911
small_markets,2016.2,0.1864,99.6393,0.2007
small_markets,2016.3,0.2001,99.6183,0.2107
small_markets,2016.4,0.2148,99.5964,0.2210
small_markets,2016.5,0.2305,99.5734,0.2316
small_markets,2016.6,0.2472,99.5494,0.2425
small_markets,2016.7,0.2648,99.5243,0.2537
small_markets,2016.8,0.2835,99.4981,0.2653
small_markets,2016.9,0.3032,99.4707,0.2772
small_markets,2017.0,0.3239,99.4420,0.2894
small_markets,2017.1,0.3742,99.2450,0.4409
small_markets,2017.2,0.4299,99.0957,0.5396
small_markets,2017.3,0.4887,98.9587,0.6230
small_markets,2017.4,0.5501,98.8285,0.6972
small_markets,2017.5,0.6138,98.7026,0.7650
small_markets,2017.6,0.6796,98.5794,0.8278
small_markets,2017.7,0.7473,98.4581,0.8868
small_markets,2017.8,0.8169,98.3380,0.9426
small_markets,2017.9,0.8883,98.2186,0.9956
small_markets,2018.0,0.9615,98.0995,1.0463
small_markets,2018.1,1.0364,97.9805,1.0951
small_markets,2018.2,1.1131,97.8611,1.1420
small_markets,2018.3,1.1915,97.7413,1.1874
small_markets,2018.4,1.2716,97.6207,1.2315
small_markets,2018.5,1.3534,97.4993,1.2742
small_markets,2018.6,1.4369,97.3768,1.3159
small_markets,2018.7,1.5220,97.2532,1.3565
small_markets,2018.8,1.6089,97.1281,1.3962
small_markets,2018.9,1.6974,97.0017,1.4351
small_markets,2019.0,1.7877,96.8736,1.4732
small_markets,2019.1,1.8797,96.7435,1.5108
small_markets,2019.2,1.9737,96.6111,1.5481
small_markets,2019.3,2.0697,96.4762,1.5851
small_markets,2019.4,2.1676,96.3388,1.6219
small_markets,2019.5,2.2676,96.1987,1.6583
small_markets,2019.6,2.3696,96.0560,1.6945
small_markets,2019.7,2.4736,95.9104,1.7305
small_markets,2019.8,2.5798,95.7620,1.7664
small_markets,2019.9,2.6880,95.6107,1.8023
small_markets,2020.0,2.7983,95.4563,1.8398
small_markets,2020.1,2.9107,95.2989,1.8773
small_markets,2020.2,3.0254,95.1382,1.9149
small_markets,2020.3,3.1425,94.9741,1.9525
small_markets,2020.4,3.2621,94.8065,1.9901
small_markets,2020.5,3.3845,94.6351,2.0279
small_markets,2020.6,3.5097,94.4597,2.0657
small_markets,2020.7,3.6381,94.2800,2.1037
small_markets,2020.8,3.7698,94.0959,2.1417
small_markets,2020.9,3.9050,93.9070,2.1906
small_markets,2021.0,4.0441,93.7130,2.2463
small_markets,2021.1,4.1871,93.5139,2.3034
small_markets,2021.2,4.3344,93.3091,2.3618
small_markets,2021.3,4.4862,93.0985,2.4218
small_markets,2021.4,4.6427,92.8818,2.4832
small_markets,2021.5,4.8042,92.6587,2.5461
small_markets,2021.6,4.9710,92.4288,2.6106
small_markets,2021.7,5.1433,92.1919,2.6766
small_markets,2021.8,5.3213,91.9476,2.7441
small_markets,2021.9,5.5054,91.6957,2.8133
small_markets,2022.0,5.6957,91.4358,2.8841
small_markets,2022.1,5.8926,91.1677,2.9566
small_markets,2022.2,6.0962,90.8910,3.0307
small_markets,2022.3,6.3069,90.6055,3.1065
small_markets,2022.4,6.5249,90.3107,3.1840
small_markets,2022.5,6.7505,90.0065,3.2631
small_markets,2022.6,6.9838,89.6925,3.3440
small_markets,2022.7,7.2252,89.3685,3.4266
small_markets,2022.8,7.4748,89.0341,3.5110
small_markets,2022.9,7.7329,88.6890,3.5970
small_markets,2023.0,7.9997,88.3331,3.6849
small_markets,2023.1,8.2754,87.9661,3.7744
small_markets,2023.2,8.5601,87.5876,3.8658
small_markets,2023.3,8.8542,87.1976,3.9588
small_markets,2023.4,9.1577,86.7958,4.0537
small_markets,2023.5,9.4708,86.3819,4.1502
small_markets,2023.6,9.7937,85.9558,4.2505
small_markets,2023.7,10.1264,85.5174,4.3562
small_markets,2023.8,10.4691,85.0665,4.4644
small_markets,2023.9,10.8219,84.6029,4.5752
small_markets,2024.0,11.1848,84.1267,4.6885
small_markets,2024.1,11.5580,83.6376,4.8044
small_markets,2024.2,11.9413,83.1358,4.9229
small_markets,2024.3,12.3350,82.6211,5.0439
small_markets,2024.4,12.7389,82.0935,5.1676
small_markets,2024.5,13.1529,81.5532,5.2939
small_markets,2024.6,13.5772,81.0001,5.4227
small_markets,2024.7,14.0115,80.4345,5.5540
small_markets,2024.8,14.4558,79.8563,5.6879
small_markets,2024.9,14.9099,79.2658,5.8243
small_markets,2025.0,15.3737,78.6632,5.9631
small_markets,2025.1,15.8469,78.0487,6.1043
small_markets,2025.2,16.3295,77.4226,6.2479
small_markets,2025.3,16.8211,76.7852,6.3937
small_markets,2025.4,17.3215,76.1369,6.5416
small_markets,2025.5,17.8304,75.4779,6.6917
small_markets,2025.6,18.3475,74.8087,6.8438
small_markets,2025.7,18.8725,74.1298,6.9978
small_markets,2025.8,19.4049,73.4415,7.1536
small_markets,2025.9,19.9445,72.7445,7.3110
small_markets,2026.0,20.4907,72.0393,7.4700
small_markets,2026.1,21.0432,71.3263,7.6305
small_markets,2026.2,21.6015,70.6062,7.7923
small_markets,2026.3,22.1652,69.8796,7.9552
small_markets,2026.4,22.7337,69.1472,8.1191
small_markets,2026.5,23.3066,68.4095,8.2839
small_markets,2026.6,23.8833,67.6673,8.4494
small_markets,2026.7,24.4633,66.9212,8.6154
small_markets,2026.8,25.0461,66.1720,8.7819
small_markets,2026.9,25.6311,65.4203,8.9486
small_markets,2027.0,26.2177,64.6669,9.1154
small_markets,2027.1,26.8054,63.9124,9.2822
small_markets,2027.2,27.3937,63.1576,9.4487
small_markets,2027.3,27.9819,62.4033,9.6149
small_markets,2027.4,28.5694,61.6500,9.7805
small_markets,2027.5,29.1558,60.8986,9.9456
small_markets,2027.6,29.7405,60.1497,10.1098
small_markets,2027.7,30.3229,59.4039,10.2732
small_markets,2027.8,30.9025,58.6620,10.4356
small_markets,2027.9,31.4787,57.9245,10.5968
small_markets,2028.0,32.0511,57.1920,10.7568
small_markets,2028.1,32.6192,56.4653,10.9155
small_markets,2028.2,33.1825,55.7447,11.0728
small_markets,2028.3,33.7405,55.0308,11.2287
small_markets,2028.4,34.2929,54.3241,11.3830
small_markets,2028.5,34.8391,53.6251,11.5358
small_markets,2028.6,35.3789,52.9341,11.6870
small_markets,2028.7,35.9119,52.2516,11.8366
small_markets,2028.8,36.4377,51.5778,11.9845
small_markets,2028.9,36.9560,50.9131,12.1308
small_markets,2029.0,37.4667,50.2578,12.2755
small_markets,2029.1,37.9694,49.6120,12.4186
small_markets,2029.2,38.4639,48.9760,12.5601
small_markets,2029.3,38.9501,48.3498,12.7001
small_markets,2029.4,39.4277,47.7337,12.8386
small_markets,2029.5,39.8968,47.1276,12.9757
small_markets,2029.6,40.3571,46.5316,13.1113
small_markets,2029.7,40.8087,45.9457,13.2457
small_markets,2029.8,41.2514,45.3699,13.3787
small_markets,2029.9,41.6853,44.8041,13.5106
small_markets,2030.0,42.1104,44.2482,13.6414
small_markets,2030.1,42.5267,43.7022,13.7711
small_markets,2030.2,42.9342,43.1659,13.8999
small_markets,2030.3,43.3332,42.6391,14.0277
small_markets,2030.4,43.7236,42.1217,14.1547
small_markets,2030.5,44.1056,41.6135,14.2809
small_markets,2030.6,44.4793,41.1143,14.4064
small_markets,2030.7,44.8449,40.6239,14.5312
small_markets,2030.8,45.2025,40.1421,14.6554
small_markets,2030.9,45.5523,39.6686,14.7791
small_markets,2031.0,45.8946,39.2033,14.9021
small_markets,2031.1,46.2294,38.7459,15.0247
small_markets,2031.2,46.5570,38.2962,15.1468
small_markets,2031.3,46.8777,37.8539,15.2684
small_markets,2031.4,47.1915,37.4189,15.3896
small_markets,2031.5,47.4988,36.9910,15.5103
small_markets,2031.6,47.7997,36.5699,15.6305
small_markets,2031.7,48.0944,36.1554,15.7502
small_markets,2031.8,48.3833,35.7474,15.8694
small_markets,2031.9,48.6664,35.3456,15.9880
small_markets,2032.0,48.9439,34.9500,16.1060
small_markets,2032.1,49.2162,34.5603,16.2235
small_markets,2032.2,49.4833,34.1765,16.3402
small_markets,2032.3,49.7455,33.7982,16.4563
small_markets,2032.4,50.0029,33.4255,16.5715
small_markets,2032.5,50.2558,33.0583,16.6859
small_markets,2032.6,50.5042,32.6963,16.7994
small_markets,2032.7,50.7484,32.3396,16.9120
small_markets,2032.8,50.9886,31.9880,17.0235
small_markets,2032.9,51.2247,31.6414,17.1339
small_markets,2033.0,51.4571,31.2998,17.2431
small_markets,2033.1,51.6859,30.9631,17.3511
small_markets,2033.2,51.9111,30.6312,17.4577
small_markets,2033.3,52.1328,30.3042,17.5630
small_markets,2033.4,52.3513,29.9819,17.6668
small_markets,2033.5,52.5666,29.6643,17.7691
small_markets,2033.6,52.7788,29.3514,17.8698
small_markets,2033.7,52.9880,29.0431,17.9689
small_markets,2033.8,53.1943,28.7395,18.0663
small_markets,2033.9,53.3978,28.4404,18.1619
small_markets,2034.0,53.5985,28.1459,18.2556
small_markets,2034.1,53.7966,27.8559,18.3475
small_markets,2034.2,53.9921,27.5705,18.4374
small_markets,2034.3,54.1851,27.2895,18.5254
small_markets,2034.4,54.3756,27.0130,18.6114
small_markets,2034.5,54.5638,26.7409,18.6953
small_markets,2034.6,54.7496,26.4733,18.7771
small_markets,2034.7,54.9332,26.2101,18.8567
small_markets,2034.8,55.1146,25.9512,18.9342
small_markets,2034.9,55.2938,25.6968,19.0095
small_markets,2035.0,55.4709,25.4466,19.0825
small_markets,2035.1,55.6460,25.2007,19.1533
small_markets,2035.2,55.8191,24.9591,19.2218
small_markets,2035.3,55.9902,24.7217,19.2880
small_markets,2035.4,56.1595,24.4886,19.3519
small_markets,2035.5,56.3269,24.2596,19.4135
small_markets,2035.6,56.4926,24.0347,19.4727
small_markets,2035.7,56.6564,23.8139,19.5296
small_markets,2035.8,56.8186,23.5972,19.5842
small_markets,2035.9,56.9792,23.3845,19.6363
small_markets,2036.0,57.1381,23.1758,19.6861
small_markets,2036.1,57.2955,22.9710,19.7335
small_markets,2036.2,57.4514,22.7700,19.7786
small_markets,2036.3,57.6058,22.5729,19.8213
small_markets,2036.4,57.7588,22.3796,19.8616
small_markets,2036.5,57.9104,22.1900,19.8996
small_markets,2036.6,58.0606,22.0041,19.9353
small_markets,2036.7,58.2096,21.8218,19.9686
small_markets,2036.8,58.3573,21.6431,19.9995
small_markets,2036.9,58.5038,21.4680,20.0282
small_markets,2037.0,58.6492,21.2962,20.0546
small_markets,2037.1,58.7934,21.1279,20.0787
small_markets,2037.2,58.9365,20.9630,20.1005
small_markets,2037.3,59.0786,20.8013,20.1201
small_markets,2037.4,59.2197,20.6429,20.1374
small_markets,2037.5,59.3597,20.4876,20.1526
small_markets,2037.6,59.4989,20.3355,20.1656
small_markets,2037.7,59.6371,20.1864,20.1764
small_markets,2037.8,59.7745,20.0404,20.1852
small_markets,2037.9,59.9110,19.8972,20.1918
small_markets,2038.0,60.0467,19.7570,20.1963
small_markets,2038.1,60.1817,19.6195,20.1988
small_markets,2038.2,60.3158,19.4849,20.1993
small_markets,2038.3,60.4493,19.3529,20.1978
small_markets,2038.4,60.5821,19.2235,20.1944
small_markets,2038.5,60.7142,19.0968,20.1890
small_markets,2038.6,60.8457,18.9725,20.1823
small_markets,2038.7,60.9765,18.8508,20.1738
small_markets,2038.8,61.1068,18.7314,20.1635
small_markets,2038.9,61.2365,18.6144,20.1513
small_markets,2039.0,61.3656,18.4997,20.1373
small_markets,2039.1,61.4942,18.3872,20.1215
small_markets,2039.2,61.6223,18.2768,20.1040
small_markets,2039.3,61.7499,18.1687,20.0848
small_markets,2039.4,61.8771,18.0625,20.0640
small_markets,2039.5,62.0037,17.9584,20.0415
small_markets,2039.6,62.1299,17.8563,20.0175
small_markets,2039.7,62.2557,17.7560,19.9920
small_markets,2039.8,62.3811,17.6577,19.9650
small_markets,2039.9,62.5061,17.5611,19.9366
small_markets,2040.0,62.6307,17.4663,19.9067
small_markets,2040.1,62.7549,17.3732,19.8756
small_markets,2040.2,62.8787,17.2818,19.8431
small_markets,2040.3,63.0022,17.1920,19.8093
small_markets,2040.4,63.1253,17.1037,19.7744
small_markets,2040.5,63.2480,17.0170,19.7382
small_markets,2040.6,63.3704,16.9318,19.7009
small_markets,2040.7,63.4925,16.8480,19.6624
small_markets,2040.8,63.6143,16.7656,19.6229
small_markets,2040.9,63.7357,16.6846,19.5824
small_markets,2041.0,63.8569,16.6048,19.5408
small_markets,2041.1,63.9777,16.5264,19.4983
small_markets,2041.2,64.0982,16.4492,19.4549
small_markets,2041.3,64.2184,16.3732,19.4105
small_markets,2041.4,64.3383,16.2984,19.3653
small_markets,2041.5,64.4579,16.2247,19.3192
small_markets,2041.6,64.5772,16.1521,19.2724
small_markets,2041.7,64.6963,16.0806,19.2247
small_markets,2041.8,64.8150,16.0102,19.1764
small_markets,2041.9,64.9335,15.9407,19.1273
small_markets,2042.0,65.0516,15.8722,19.0775
small_markets,2042.1,65.1695,15.8047,19.0271
small_markets,2042.2,65.2871,15.7380,18.9760
small_markets,2042.3,65.4044,15.6723,18.9243
small_markets,2042.4,65.5214,15.6074,18.8721
small_markets,2042.5,65.6382,15.5434,18.8193
small_markets,2042.6,65.7546,15.4802,18.7659
small_markets,2042.7,65.8708,15.4178,18.7121
small_markets,2042.8,65.9867,15.3562,18.6578
small_markets,2042.9,66.1024,15.2953,18.6030
small_markets,2043.0,66.2177,15.2351,18.5477
small_markets,2043.1,66.3327,15.1757,18.4921
small_markets,2043.2,66.4475,15.1169,18.4360
small_markets,2043.3,66.5620,15.0588,18.3796
small_markets,2043.4,66.6762,15.0014,18.3228
small_markets,2043.5,66.7902,14.9446,18.2656
small_markets,2043.6,66.9038,14.8884,18.2081
small_markets,2043.7,67.0172,14.8328,18.1503
small_markets,2043.8,67.1302,14.7778,18.0922
small_markets,2043.9,67.2430,14.7233,18.0338
small_markets,2044.0,67.3555,14.6695,17.9752
small_markets,2044.1,67.4678,14.6161,17.9163
small_markets,2044.2,67.5797,14.5633,17.8572
small_markets,2044.3,67.6913,14.5110,17.7978
small_markets,2044.4,67.8027,14.4592,17.7382
small_markets,2044.5,67.9138,14.4079,17.6784
small_markets,2044.6,68.0246,14.3571,17.6185
small_markets,2044.7,68.1351,14.3067,17.5583
small_markets,2044.8,68.2453,14.2568,17.4980
small_markets,2044.9,68.3552,14.2073,17.4375
small_markets,2045.0,68.4648,14.1583,17.3769
small_markets,2045.1,68.5741,14.1097,17.3162
small_markets,2045.2,68.6832,14.0616,17.2553
small_markets,2045.3,68.7919,14.0138,17.1943
small_markets,2045.4,68.9004,13.9665,17.1332
small_markets,2045.5,69.0085,13.9195,17.0720
small_markets,2045.6,69.1164,13.8729,17.0107
small_markets,2045.7,69.2240,13.8267,16.9493
small_markets,2045.8,69.3313,13.7809,16.8878
small_markets,2045.9,69.4383,13.7354,16.8263
small_markets,2046.0,69.5450,13.6903,16.7647
small_markets,2046.1,69.6514,13.6456,16.7030
small_markets,2046.2,69.7575,13.6012,16.6413
small_markets,2046.3,69.8633,13.5571,16.5796
small_markets,2046.4,69.9688,13.5134,16.5178
small_markets,2046.5,70.0740,13.4700,16.4560
small_markets,2046.6,70.1790,13.4269,16.3941
small_markets,2046.7,70.2836,13.3842,16.3323
small_markets,2046.8,70.3879,13.3417,16.2704
small_markets,2046.9,70.4920,13.2996,16.2085
small_markets,2047.0,70.5957,13.2577,16.1466
small_markets,2047.1,70.6992,13.2162,16.0847
small_markets,2047.2,70.8023,13.1749,16.0228
small_markets,2047.3,70.9052,13.1340,15.9609
small_markets,2047.4,71.0077,13.0933,15.8990
small_markets,2047.5,71.1100,13.0529,15.8371
small_markets,2047.6,71.2119,13.0128,15.7753
small_markets,2047.7,71.3136,12.9729,15.7135
small_markets,2047.8,71.4150,12.9333,15.6517
small_markets,2047.9,71.5161,12.8940,15.5899
small_markets,2048.0,71.6169,12.8549,15.5282
small_markets,2048.1,71.7173,12.8161,15.4665
small_markets,2048.2,71.8175,12.7776,15.4049
small_markets,2048.3,71.9174,12.7393,15.3433
small_markets,2048.4,72.0170,12.7012,15.2817
small_markets,2048.5,72.1164,12.6634,15.2202
small_markets,2048.6,72.2154,12.6258,15.1588
small_markets,2048.7,72.3141,12.5885,15.0974
small_markets,2048.8,72.4125,12.5514,15.0361
small_markets,2048.9,72.5106,12.5145,14.9749
small_markets,2049.0,72.6085,12.4778,14.9137
small_markets,2049.1,72.7060,12.4414,14.8526
small_markets,2049.2,72.8033,12.4052,14.7915
small_markets,2049.3,72.9002,12.3692,14.7306
small_markets,2049.4,72.9969,12.3334,14.6697
small_markets,2049.5,73.0933,12.2978,14.6089
small_markets,2049.6,73.1893,12.2625,14.5482
small_markets,2049.7,73.2851,12.2273,14.4876
small_markets,2049.8,73.3806,12.1923,14.4271
small_markets,2049.9,73.4758,12.1576,14.3666
small_markets,2050.0,73.5707,12.1230,14.3063
medium_markets,2015.0,0.4826,99.1722,0.3453
medium_markets,2015.1,0.5090,99.1285,0.3624
medium_markets,2015.2,0.5366,99.0831,0.3803
medium_markets,2015.3,0.5652,99.0359,0.3988
medium_markets,2015.4,0.5950,98.9868,0.4181
medium_markets,2015.5,0.6260,98.9358,0.4382
medium_markets,2015.6,0.6581,98.8829,0.4590
medium_markets,2015.7,0.6914,98.8279,0.4807
medium_markets,2015.8,0.7260,98.7709,0.5031
medium_markets,2015.9,0.7619,98.7118,0.5263
medium_markets,2016.0,0.7990,98.6506,0.5504
medium_markets,2016.1,0.8375,98.5871,0.5753
medium_markets,2016.2,0.8774,98.5215,0.6011
medium_markets,2016.3,0.9186,98.4536,0.6278
medium_markets,2016.4,0.9613,98.3834,0.6554
medium_markets,2016.5,1.0054,98.3108,0.6839
medium_markets,2016.6,1.0509,98.2358,0.7132
medium_markets,2016.7,1.0980,98.1584,0.7436
medium_markets,2016.8,1.1466,98.0786,0.7748
medium_markets,2016.9,1.1968,97.9962,0.8070
medium_markets,2017.0,1.2486,97.9112,0.8402
medium_markets,2017.1,1.3021,97.8228,0.8752
medium_markets,2017.2,1.3573,97.7300,0.9128
medium_markets,2017.3,1.4142,97.6331,0.9527
medium_markets,2017.4,1.4730,97.5320,0.9950
medium_markets,2017.5,1.5338,97.4268,1.0395
medium_markets,2017.6,1.5965,97.3174,1.0863
medium_markets,2017.7,1.6612,97.2037,1.1351
medium_markets,2017.8,1.7281,97.0859,1.1862
medium_markets,2017.9,1.7971,96.9638,1.2393
medium_markets,2018.0,1.8684,96.8374,1.2944
medium_markets,2018.1,1.9573,96.7015,1.3515
medium_markets,2018.2,2.0343,96.5641,1.4106
medium_markets,2018.3,2.1134,96.4228,1.4717
medium_markets,2018.4,2.1948,96.2775,1.5346
medium_markets,2018.5,2.2787,96.1279,1.5993
medium_markets,2018.6,2.3653,95.9739,1.6658
medium_markets,2018.7,2.4545,95.8156,1.7341
medium_markets,2018.8,2.5464,95.6528,1.8041
medium_markets,2018.9,2.6413,95.4855,1.8758
medium_markets,2019.0,2.7391,95.3137,1.9491
medium_markets,2019.1,2.8399,95.1374,2.0239
medium_markets,2019.2,2.9438,94.9564,2.1005
medium_markets,2019.3,3.0510,94.7708,2.1790
medium_markets,2019.4,3.1614,94.5805,2.2589
medium_markets,2019.5,3.2752,94.3855,2.3402
medium_markets,2019.6,3.3925,94.1858,2.4228
medium_markets,2019.7,3.5133,93.9813,2.5066
medium_markets,2019.8,3.6378,93.7719,2.5915
medium_markets,2019.9,3.7660,93.5578,2.6776
medium_markets,2020.0,3.8980,93.3387,2.7647
medium_markets,2020.1,4.0340,93.1148,2.8528
medium_markets,2020.2,4.1740,92.8859,2.9418
medium_markets,2020.3,4.3182,92.6520,3.0316
medium_markets,2020.4,4.4666,92.4131,3.1222
medium_markets,2020.5,4.6194,92.1692,3.2136
medium_markets,2020.6,4.7766,91.9201,3.3055
medium_markets,2020.7,4.9385,91.6660,3.3981
medium_markets,2020.8,5.1050,91.4067,3.4911
medium_markets,2020.9,5.2763,91.1422,3.5846
medium_markets,2021.0,5.4525,90.8724,3.6784
medium_markets,2021.1,5.6338,90.5973,3.7725
medium_markets,2021.2,5.8203,90.3170,3.8667
medium_markets,2021.3,6.0121,90.0312,3.9611
medium_markets,2021.4,6.2093,89.7400,4.0555
medium_markets,2021.5,6.4121,89.4433,4.1498
medium_markets,2021.6,6.6206,89.1411,4.2439
medium_markets,2021.7,6.8350,88.8333,4.3379
medium_markets,2021.8,7.0554,88.5199,4.4315
medium_markets,2021.9,7.2819,88.2007,4.5247
medium_markets,2022.0,7.5148,87.8757,4.6174
medium_markets,2022.1,7.7542,87.5449,4.7096
medium_markets,2022.2,8.0002,87.2081,4.8011
medium_markets,2022.3,8.2530,86.8653,4.8920
medium_markets,2022.4,8.5129,86.5163,4.9821
medium_markets,2022.5,8.7799,86.1611,5.0712
medium_markets,2022.6,9.0543,85.7995,5.1594
medium_markets,2022.7,9.3364,85.4315,5.2465
medium_markets,2022.8,9.6262,85.0569,5.3325
medium_markets,2022.9,9.9240,84.6756,5.4173
medium_markets,2023.0,10.2300,84.2874,5.5008
medium_markets,2023.1,10.5445,83.8921,5.5829
medium_markets,2023.2,10.8677,83.4896,5.6635
medium_markets,2023.3,11.1999,83.0798,5.7427
medium_markets,2023.4,11.5413,82.6623,5.8203
medium_markets,2023.5,11.8922,82.2370,5.8962
medium_markets,2023.6,12.2529,81.8037,5.9704
medium_markets,2023.7,12.6237,81.3621,6.0428
medium_markets,2023.8,13.0049,80.9119,6.1133
medium_markets,2023.9,13.3968,80.4528,6.1820
medium_markets,2024.0,13.7998,79.9846,6.2487
medium_markets,2024.1,14.2142,79.5069,6.3133
medium_markets,2024.2,14.6403,79.0194,6.3759
medium_markets,2024.3,15.0787,78.5217,6.4364
medium_markets,2024.4,15.5296,78.0135,6.4947
medium_markets,2024.5,15.9935,77.4943,6.5508
medium_markets,2024.6,16.4707,76.9638,6.6046
medium_markets,2024.7,16.9617,76.4214,6.6561
medium_markets,2024.8,17.4669,75.8669,6.7052
medium_markets,2024.9,17.9867,75.2997,6.7520
medium_markets,2025.0,18.5215,74.7193,6.7963
medium_markets,2025.1,19.0718,74.1255,6.8382
medium_markets,2025.2,19.6379,73.5177,6.8775
medium_markets,2025.3,20.2202,72.8956,6.9144
medium_markets,2025.4,20.8190,72.2588,6.9486
medium_markets,2025.5,21.4347,71.6069,6.9803
medium_markets,2025.6,22.0674,70.9397,7.0093
medium_markets,2025.7,22.7173,70.2571,7.0356
medium_markets,2025.8,23.3845,69.5589,7.0593
medium_markets,2025.9,24.0691,68.8451,7.0858
medium_markets,2026.0,24.7708,68.1159,7.1132
medium_markets,2026.1,25.4895,67.3716,7.1472
medium_markets,2026.2,26.2248,66.6127,7.1828
medium_markets,2026.3,26.9762,65.8397,7.2157
medium_markets,2026.4,27.7429,65.0536,7.2459
medium_markets,2026.5,28.5240,64.2554,7.2730
medium_markets,2026.6,29.3185,63.4465,7.2967
medium_markets,2026.7,30.1250,62.6285,7.3169
medium_markets,2026.8,30.9421,61.8031,7.3331
medium_markets,2026.9,31.7680,60.9723,7.3450
medium_markets,2027.0,32.6008,60.1386,7.3522
medium_markets,2027.1,33.4385,59.3043,7.3543
medium_markets,2027.2,34.2789,58.4721,7.3510
medium_markets,2027.3,35.1197,57.6446,7.3417
medium_markets,2027.4,35.9585,56.8245,7.3262
medium_markets,2027.5,36.7929,56.0147,7.3042
medium_markets,2027.6,37.6207,55.2176,7.2754
medium_markets,2027.7,38.4396,54.4355,7.2396
medium_markets,2027.8,39.2477,53.6706,7.2380
medium_markets,2027.9,40.0434,52.9245,7.2353
medium_markets,2028.0,40.8251,52.1984,7.2283
medium_markets,2028.1,41.5919,51.4929,7.2176
medium_markets,2028.2,42.3432,50.8084,7.2037
medium_markets,2028.3,43.0789,50.1443,7.1870
medium_markets,2028.4,43.7992,49.5000,7.1680
medium_markets,2028.5,44.5048,48.8742,7.1475
medium_markets,2028.6,45.1967,48.2652,7.1260
medium_markets,2028.7,45.8762,47.6712,7.1041
medium_markets,2028.8,46.5448,47.0904,7.0822
medium_markets,2028.9,47.2041,46.5206,7.0607
medium_markets,2029.0,47.8558,45.9601,7.0398
medium_markets,2029.1,48.5014,45.4073,7.0196
medium_markets,2029.2,49.1424,44.8606,7.0001
medium_markets,2029.3,49.7799,44.3189,6.9811
medium_markets,2029.4,50.4150,43.7813,6.9626
medium_markets,2029.5,51.0484,43.2472,6.9444
medium_markets,2029.6,51.6806,42.7161,6.9262
medium_markets,2029.7,52.3121,42.1879,6.9079
medium_markets,2029.8,52.9430,41.6623,6.8894
medium_markets,2029.9,53.5732,41.1393,6.8705
medium_markets,2030.0,54.2026,40.6190,6.8513
medium_markets,2030.1,54.8311,40.1015,6.8451
medium_markets,2030.2,55.4585,39.5868,6.8395
medium_markets,2030.3,56.0845,39.0750,6.8331
medium_markets,2030.4,56.7087,38.5663,6.8259
medium_markets,2030.5,57.3309,38.0608,6.8180
medium_markets,2030.6,57.9507,37.5585,6.8148
medium_markets,2030.7,58.5679,37.0595,6.8110
medium_markets,2030.8,59.1821,36.5640,6.8061
medium_markets,2030.9,59.7930,36.0721,6.8002
medium_markets,2031.0,60.4002,35.5838,6.7932
medium_markets,2031.1,61.0035,35.0992,6.7852
medium_markets,2031.2,61.6025,34.6184,6.7762
medium_markets,2031.3,62.1969,34.1415,6.7662
medium_markets,2031.4,62.7863,33.6686,6.7553
medium_markets,2031.5,63.3706,33.1997,6.7434
medium_markets,2031.6,63.9493,32.7349,6.7306
medium_markets,2031.7,64.5223,32.2743,6.7168
medium_markets,2031.8,65.0891,31.8180,6.7022
medium_markets,2031.9,65.6495,31.3659,6.6867
medium_markets,2032.0,66.2032,30.9182,6.6703
medium_markets,2032.1,66.7501,30.4750,6.6531
medium_markets,2032.2,67.2897,30.0362,6.6350
medium_markets,2032.3,67.8220,29.6019,6.6162
medium_markets,2032.4,68.3467,29.1721,6.5966
medium_markets,2032.5,68.8635,28.7470,6.5762
medium_markets,2032.6,69.3722,28.3265,6.5551
medium_markets,2032.7,69.8728,27.9107,6.5332
medium_markets,2032.8,70.3650,27.4996,6.5106
medium_markets,2032.9,70.8486,27.0933,6.4874
medium_markets,2033.0,71.3236,26.6917,6.4635
medium_markets,2033.1,71.7898,26.2950,6.4389
medium_markets,2033.2,72.2471,25.9030,6.4137
medium_markets,2033.3,72.6955,25.5159,6.3879
medium_markets,2033.4,73.1348,25.1337,6.3615
medium_markets,2033.5,73.5650,24.7564,6.3345
medium_markets,2033.6,73.9861,24.3841,6.3069
medium_markets,2033.7,74.3981,24.0166,6.2788
medium_markets,2033.8,74.8010,23.6541,6.2501
medium_markets,2033.9,75.1948,23.2965,6.2209
medium_markets,2034.0,75.5795,22.9440,6.1912
medium_markets,2034.1,75.9552,22.5963,6.1609
medium_markets,2034.2,76.3220,22.2537,6.1301
medium_markets,2034.3,76.6800,21.9161,6.0989
medium_markets,2034.4,77.0292,21.5835,6.0671
medium_markets,2034.5,77.3699,21.2558,6.0348
medium_markets,2034.6,77.7020,20.9332,6.0020
medium_markets,2034.7,78.0259,20.6156,5.9688
medium_markets,2034.8,78.3415,20.3029,5.9350
medium_markets,2034.9,78.6492,19.9952,5.9007
medium_markets,2035.0,78.9491,19.6925,5.8660
medium_markets,2035.1,79.2413,19.3947,5.8307
medium_markets,2035.2,79.5261,19.1019,5.7949
medium_markets,2035.3,79.8037,18.8140,5.7586
medium_markets,2035.4,80.0742,18.5310,5.7218
medium_markets,2035.5,80.3380,18.2529,5.6845
medium_markets,2035.6,80.5952,17.9796,5.6466
medium_markets,2035.7,80.8461,17.7111,5.6081
medium_markets,2035.8,81.0908,17.4475,5.5692
medium_markets,2035.9,81.3296,17.1885,5.5296
medium_markets,2036.0,81.5627,16.9343,5.4895
medium_markets,2036.1,81.7904,16.6847,5.4488
medium_markets,2036.2,82.0129,16.4398,5.4076
medium_markets,2036.3,82.2303,16.1994,5.3657
medium_markets,2036.4,82.4430,15.9635,5.3233
medium_markets,2036.5,82.6510,15.7321,5.2803
medium_markets,2036.6,82.8547,15.5051,5.2367
medium_markets,2036.7,83.0541,15.2825,5.1925
medium_markets,2036.8,83.2495,15.0641,5.1477
medium_markets,2036.9,83.4411,14.8500,5.1024
medium_markets,2037.0,83.6291,14.6400,5.0565
medium_markets,2037.1,83.8135,14.4340,5.0100
medium_markets,2037.2,83.9946,14.2321,4.9631
medium_markets,2037.3,84.1726,14.0341,4.9155
medium_markets,2037.4,84.3475,13.8400,4.8675
medium_markets,2037.5,84.5194,13.6497,4.8190
medium_markets,2037.6,84.6886,13.4630,4.7701
medium_markets,2037.7,84.8552,13.2800,4.7207
medium_markets,2037.8,85.0191,13.1006,4.6716
medium_markets,2037.9,85.1806,12.9246,4.6223
medium_markets,2038.0,85.3397,12.7520,4.5725
medium_markets,2038.1,85.4966,12.5828,4.5223
medium_markets,2038.2,85.6512,12.4167,4.4717
medium_markets,2038.3,85.8037,12.2539,4.4207
medium_markets,2038.4,85.9541,12.0941,4.3695
medium_markets,2038.5,86.1025,11.9373,4.3180
medium_markets,2038.6,86.2490,11.7834,4.2664
medium_markets,2038.7,86.3935,11.6324,4.2147
medium_markets,2038.8,86.5361,11.4842,4.1630
medium_markets,2038.9,86.6769,11.3387,4.1113
medium_markets,2039.0,86.8159,11.1958,4.0597
medium_markets,2039.1,86.9532,11.0555,4.0082
medium_markets,2039.2,87.0887,10.9177,3.9569
medium_markets,2039.3,87.2224,10.7823,3.9059
medium_markets,2039.4,87.3545,10.6493,3.8551
medium_markets,2039.5,87.4848,10.5186,3.8047
medium_markets,2039.6,87.6135,10.3901,3.7547
medium_markets,2039.7,87.7405,10.2639,3.7051
medium_markets,2039.8,87.8659,10.1398,3.6560
medium_markets,2039.9,87.9896,10.0178,3.6074
medium_markets,2040.0,88.1118,9.8978,3.5594
medium_markets,2040.1,88.2323,9.7799,3.5120
medium_markets,2040.2,88.3511,9.6638,3.4652
medium_markets,2040.3,88.4684,9.5497,3.4190
medium_markets,2040.4,88.5841,9.4374,3.3736
medium_markets,2040.5,88.6982,9.3270,3.3289
medium_markets,2040.6,88.8108,9.2183,3.2849
medium_markets,2040.7,88.9217,9.1113,3.2417
medium_markets,2040.8,89.0311,9.0061,3.1992
medium_markets,2040.9,89.1389,8.9026,3.1576
medium_markets,2041.0,89.2452,8.8006,3.1167
medium_markets,2041.1,89.3500,8.7003,3.0767
medium_markets,2041.2,89.4532,8.6016,3.0375
medium_markets,2041.3,89.5549,8.5044,2.9992
medium_markets,2041.4,89.6551,8.4088,2.9616
medium_markets,2041.5,89.7538,8.3146,2.9250
medium_markets,2041.6,89.8510,8.2219,2.8891
medium_markets,2041.7,89.9468,8.1307,2.8542
medium_markets,2041.8,90.0411,8.0409,2.8200
medium_markets,2041.9,90.1339,7.9525,2.7867
medium_markets,2042.0,90.2253,7.8654,2.7543
medium_markets,2042.1,90.3154,7.7798,2.7226
medium_markets,2042.2,90.4040,7.6954,2.6918
medium_markets,2042.3,90.4913,7.6124,2.6618
medium_markets,2042.4,90.5772,7.5306,2.6326
medium_markets,2042.5,90.6617,7.4502,2.6042
medium_markets,2042.6,90.7450,7.3710,2.5766
medium_markets,2042.7,90.8269,7.2930,2.5498
medium_markets,2042.8,90.9076,7.2162,2.5237
medium_markets,2042.9,90.9870,7.1406,2.4983
medium_markets,2043.0,91.0651,7.0662,2.4737
medium_markets,2043.1,91.1421,6.9930,2.4497
medium_markets,2043.2,91.2178,6.9209,2.4265
medium_markets,2043.3,91.2924,6.8499,2.4039
medium_markets,2043.4,91.3658,6.7800,2.3821
medium_markets,2043.5,91.4381,6.7112,2.3608
medium_markets,2043.6,91.5093,6.6435,2.3402
medium_markets,2043.7,91.5794,6.5768,2.3202
medium_markets,2043.8,91.6484,6.5111,2.3008
medium_markets,2043.9,91.7164,6.4465,2.2819
medium_markets,2044.0,91.7834,6.3828,2.2638
medium_markets,2044.1,91.8493,6.3201,2.2472
medium_markets,2044.2,91.9143,6.2584,2.2310
medium_markets,2044.3,91.9784,6.1976,2.2154
medium_markets,2044.4,92.0415,6.1377,2.2003
medium_markets,2044.5,92.1036,6.0787,2.1856
medium_markets,2044.6,92.1649,6.0206,2.1713
medium_markets,2044.7,92.2253,5.9634,2.1575
medium_markets,2044.8,92.2849,5.9071,2.1442
medium_markets,2044.9,92.3437,5.8515,2.1312
medium_markets,2045.0,92.4016,5.7968,2.1186
medium_markets,2045.1,92.4587,5.7429,2.1064
medium_markets,2045.2,92.5151,5.6898,2.0945
medium_markets,2045.3,92.5707,5.6375,2.0830
medium_markets,2045.4,92.6256,5.5859,2.0719
medium_markets,2045.5,92.6797,5.5351,2.0610
medium_markets,2045.6,92.7332,5.4849,2.0504
medium_markets,2045.7,92.7860,5.4355,2.0402
medium_markets,2045.8,92.8381,5.3868,2.0302
medium_markets,2045.9,92.8896,5.3388,2.0205
medium_markets,2046.0,92.9404,5.2914,2.0110
medium_markets,2046.1,92.9906,5.2447,2.0018
medium_markets,2046.2,93.0402,5.1987,1.9928
medium_markets,2046.3,93.0892,5.1532,1.9840
medium_markets,2046.4,93.1377,5.1084,1.9755
medium_markets,2046.5,93.1856,5.0642,1.9671
medium_markets,2046.6,93.2329,5.0205,1.9589
medium_markets,2046.7,93.2797,4.9775,1.9510
medium_markets,2046.8,93.3260,4.9349,1.9432
medium_markets,2046.9,93.3717,4.8930,1.9355
medium_markets,2047.0,93.4170,4.8516,1.9281
medium_markets,2047.1,93.4618,4.8107,1.9207
medium_markets,2047.2,93.5061,4.7703,1.9136
medium_markets,2047.3,93.5499,4.7304,1.9065
medium_markets,2047.4,93.5933,4.6910,1.8996
medium_markets,2047.5,93.6362,4.6521,1.8928
medium_markets,2047.6,93.6787,4.6137,1.8862
medium_markets,2047.7,93.7207,4.5757,1.8796
medium_markets,2047.8,93.7623,4.5382,1.8732
medium_markets,2047.9,93.8035,4.5011,1.8669
medium_markets,2048.0,93.8443,4.4645,1.8606
medium_markets,2048.1,93.8847,4.4282,1.8545
medium_markets,2048.2,93.9248,4.3924,1.8485
medium_markets,2048.3,93.9644,4.3570,1.8425
medium_markets,2048.4,94.0036,4.3220,1.8366
medium_markets,2048.5,94.0425,4.2874,1.8308
medium_markets,2048.6,94.0810,4.2532,1.8251
medium_markets,2048.7,94.1192,4.2194,1.8194
medium_markets,2048.8,94.1570,4.1859,1.8139
medium_markets,2048.9,94.1945,4.1527,1.8083
medium_markets,2049.0,94.2316,4.1200,1.8029
medium_markets,2049.1,94.2684,4.0875,1.7975
medium_markets,2049.2,94.3048,4.0555,1.7921
medium_markets,2049.3,94.3409,4.0237,1.7868
medium_markets,2049.4,94.3767,3.9923,1.7816
medium_markets,2049.5,94.4122,3.9612,1.7764
medium_markets,2049.6,94.4474,3.9304,1.7713
medium_markets,2049.7,94.4823,3.8999,1.7662
medium_markets,2049.8,94.5169,3.8697,1.7611
medium_markets,2049.9,94.5511,3.8399,1.7561
medium_markets,2050.0,94.5851,3.8103,1.7511
big_markets,2015.0,0.3331,99.6489,0.1073
big_markets,2015.1,0.3575,99.6219,0.1139
big_markets,2015.2,0.3833,99.5931,0.1208
big_markets,2015.3,0.4106,99.5626,0.1279
big_markets,2015.4,0.4394,99.5301,0.1354
big_markets,2015.5,0.4697,99.4957,0.1432
big_markets,2015.6,0.5017,99.4593,0.1514
big_markets,2015.7,0.5353,99.4207,0.1598
big_markets,2015.8,0.5706,99.3799,0.1686
big_markets,2015.9,0.6077,99.3368,0.1777
big_markets,2016.0,0.6466,99.2912,0.1871
big_markets,2016.1,0.6874,99.2433,0.1969
big_markets,2016.2,0.7301,99.1927,0.2069
big_markets,2016.3,0.7748,99.1395,0.2173
big_markets,2016.4,0.8216,99.0835,0.2281
big_markets,2016.5,0.8704,99.0246,0.2392
big_markets,2016.6,0.9214,98.9627,0.2506
big_markets,2016.7,0.9746,98.8978,0.2623
big_markets,2016.8,1.0301,98.8296,0.2744
big_markets,2016.9,1.0879,98.7582,0.2869
big_markets,2017.0,1.1481,98.6833,0.2997
big_markets,2017.1,1.2108,98.6049,0.3128
big_markets,2017.2,1.2759,98.5229,0.3262
big_markets,2017.3,1.3437,98.4370,0.3400
big_markets,2017.4,1.4141,98.3473,0.3542
big_markets,2017.5,1.4871,98.2535,0.3687
big_markets,2017.6,1.5629,98.1556,0.3836
big_markets,2017.7,1.6416,98.0533,0.3988
big_markets,2017.8,1.7231,97.9467,0.4144
big_markets,2017.9,1.8075,97.8355,0.4304
big_markets,2018.0,1.8950,97.7195,0.4468
big_markets,2018.1,1.9855,97.5987,0.4635
big_markets,2018.2,2.0792,97.4729,0.4805
big_markets,2018.3,2.1760,97.3420,0.4980
big_markets,2018.4,2.2761,97.2058,0.5181
big_markets,2018.5,2.3795,97.0641,0.5563
big_markets,2018.6,2.4864,96.9168,0.5968
big_markets,2018.7,2.5966,96.7638,0.6396
big_markets,2018.8,2.7104,96.6048,0.6848
big_markets,2018.9,2.8278,96.4398,0.7324
big_markets,2019.0,2.9488,96.2686,0.7827
big_markets,2019.1,3.0735,96.0909,0.8356
big_markets,2019.2,3.2019,95.9067,0.8914
big_markets,2019.3,3.3342,95.7157,0.9500
big_markets,2019.4,3.4705,95.5179,1.0116
big_markets,2019.5,3.6106,95.3130,1.0764
big_markets,2019.6,3.7548,95.1009,1.1443
big_markets,2019.7,3.9031,94.8814,1.2155
big_markets,2019.8,4.0555,94.6544,1.2901
big_markets,2019.9,4.2121,94.4196,1.3683
big_markets,2020.0,4.3730,94.1770,1.4500
big_markets,2020.1,4.5382,93.9263,1.5355
big_markets,2020.2,4.7078,93.6674,1.6247
big_markets,2020.3,4.8819,93.4002,1.7179
big_markets,2020.4,5.0604,93.1244,1.8151
big_markets,2020.5,5.2435,92.8400,1.9164
big_markets,2020.6,5.4313,92.5468,2.0219
big_markets,2020.7,5.6237,92.2446,2.1317
big_markets,2020.8,5.8208,91.9333,2.2459
big_markets,2020.9,6.0227,91.6127,2.3645
big_markets,2021.0,6.2295,91.2828,2.4877
big_markets,2021.1,6.4411,90.9434,2.6155
big_markets,2021.2,6.6577,90.5943,2.7480
big_markets,2021.3,6.8792,90.2355,2.8853
big_markets,2021.4,7.1058,89.8668,3.0274
big_markets,2021.5,7.3374,89.4882,3.1744
big_markets,2021.6,7.5741,89.0996,3.3263
big_markets,2021.7,7.8160,88.7008,3.4832
big_markets,2021.8,8.0631,88.2918,3.6450
big_markets,2021.9,8.3155,87.8726,3.8120
big_markets,2022.0,8.5731,87.4430,3.9839
big_markets,2022.1,8.8360,87.0031,4.1609
big_markets,2022.2,9.1042,86.5528,4.3430
big_markets,2022.3,9.3778,86.0920,4.5301
big_markets,2022.4,9.6568,85.6209,4.7223
big_markets,2022.5,9.9413,85.1394,4.9194
big_markets,2022.6,10.2311,84.6474,5.1215
big_markets,2022.7,10.5264,84.1451,5.3284
big_markets,2022.8,10.8273,83.6326,5.5402
big_markets,2022.9,11.1336,83.1098,5.7567
big_markets,2023.0,11.4454,82.5768,5.9778
big_markets,2023.1,11.7627,82.0338,6.2035
big_markets,2023.2,12.0856,81.4809,6.4335
big_markets,2023.3,12.4139,80.9182,6.6679
big_markets,2023.4,12.7479,80.3459,6.9063
big_markets,2023.5,13.0873,79.7641,7.1486
big_markets,2023.6,13.4323,79.1730,7.3947
big_markets,2023.7,13.7828,78.5729,7.6444
big_markets,2023.8,14.1388,77.9639,7.8973
big_markets,2023.9,14.5003,77.3464,8.1534
big_markets,2024.0,14.8672,76.7205,8.4123
big_markets,2024.1,15.2396,76.0866,8.6737
big_markets,2024.2,15.6175,75.4450,8.9375
big_markets,2024.3,16.0007,74.7961,9.2033
big_markets,2024.4,16.3893,74.1400,9.4707
big_markets,2024.5,16.7832,73.4773,9.7395
big_markets,2024.6,17.1824,72.8083,10.0093
big_markets,2024.7,17.5869,72.1334,10.2797
big_markets,2024.8,17.9966,71.4530,10.5504
big_markets,2024.9,18.4114,70.7676,10.8210
big_markets,2025.0,18.8313,70.0775,11.0911
big_markets,2025.1,19.2563,69.3834,11.3603
big_markets,2025.2,19.6862,68.6856,11.6282
big_markets,2025.3,20.1210,67.9847,11.8942
big_markets,2025.4,20.5607,67.2812,12.1581
big_markets,2025.5,21.0051,66.5755,12.4193
big_markets,2025.6,21.4543,65.8683,12.6774
big_markets,2025.7,21.9080,65.1600,12.9320
big_markets,2025.8,22.3662,64.4512,13.1825
big_markets,2025.9,22.8289,63.7425,13.4286
big_markets,2026.0,23.2959,63.0344,13.6697
big_markets,2026.1,23.7672,62.3274,13.9054
big_markets,2026.2,24.2426,61.6222,14.1352
big_markets,2026.3,24.7220,60.9193,14.3587
big_markets,2026.4,25.2053,60.2192,14.5754
big_markets,2026.5,25.6925,59.5226,14.7850
big_markets,2026.6,26.1833,58.8298,14.9868
big_markets,2026.7,26.6777,58.1416,15.1807
big_markets,2026.8,27.1756,57.4583,15.3661
big_markets,2026.9,27.6768,56.7806,15.5426
big_markets,2027.0,28.1812,56.1089,15.7099
big_markets,2027.1,28.6887,55.4437,15.8676
big_markets,2027.2,29.1991,54.7854,16.0155
big_markets,2027.3,29.7123,54.1346,16.1531
big_markets,2027.4,30.2281,53.4916,16.2803
big_markets,2027.5,30.7464,52.8568,16.3967
big_markets,2027.6,31.2671,52.2307,16.5022
big_markets,2027.7,31.7900,51.6135,16.5965
big_markets,2027.8,32.3149,51.0056,16.6794
big_markets,2027.9,32.8418,50.4073,16.7509
big_markets,2028.0,33.3704,49.8188,16.8108
big_markets,2028.1,33.9005,49.2405,16.8590
big_markets,2028.2,34.4321,48.6724,16.8955
big_markets,2028.3,34.9650,48.1147,16.9203
big_markets,2028.4,35.4990,47.5677,16.9333
big_markets,2028.5,36.0338,47.0314,16.9348
big_markets,2028.6,36.5695,46.5058,16.9247
big_markets,2028.7,37.1058,45.9911,16.9031
big_markets,2028.8,37.6425,45.4872,16.8703
big_markets,2028.9,38.1794,44.9942,16.8264
big_markets,2029.0,38.7165,44.5119,16.7716
big_markets,2029.1,39.2535,44.0403,16.7062
big_markets,2029.2,39.7903,43.5792,16.6305
big_markets,2029.3,40.3267,43.1287,16.5446
big_markets,2029.4,40.8625,42.6884,16.4491
big_markets,2029.5,41.3976,42.2583,16.3442
big_markets,2029.6,41.9318,41.8380,16.2302
big_markets,2029.7,42.4649,41.4275,16.1076
big_markets,2029.8,42.9968,41.0264,15.9768
big_markets,2029.9,43.5273,40.6345,15.8382
big_markets,2030.0,44.0563,40.2515,15.6923
big_markets,2030.1,44.5836,39.8771,15.5393
big_markets,2030.2,45.1090,39.5110,15.3799
big_markets,2030.3,45.6325,39.1530,15.2145
big_markets,2030.4,46.1538,38.8027,15.0435
big_markets,2030.5,46.6728,38.4598,14.8674
big_markets,2030.6,47.1893,38.1241,14.6866
big_markets,2030.7,47.7033,37.7951,14.5016
big_markets,2030.8,48.2146,37.4725,14.3129
big_markets,2030.9,48.7230,37.1562,14.1208
big_markets,2031.0,49.2285,36.8457,13.9258
big_markets,2031.1,49.7309,36.5408,13.7284
big_markets,2031.2,50.2300,36.2411,13.5289
big_markets,2031.3,50.7258,35.9465,13.3277
big_markets,2031.4,51.2182,35.6566,13.1252
big_markets,2031.5,51.7070,35.3712,12.9217
big_markets,2031.6,52.1922,35.0901,12.7177
big_markets,2031.7,52.6736,34.8130,12.5134
big_markets,2031.8,53.1512,34.5397,12.3091
big_markets,2031.9,53.6249,34.2700,12.1051
big_markets,2032.0,54.0945,34.0038,11.9017
big_markets,2032.1,54.5600,33.7408,11.6992
big_markets,2032.2,55.0214,33.4809,11.4977
big_markets,2032.3,55.4785,33.2240,11.2975
big_markets,2032.4,55.9313,32.9699,11.0987
big_markets,2032.5,56.3798,32.7186,10.9017
big_markets,2032.6,56.8238,32.4698,10.7064
big_markets,2032.7,57.2634,32.2236,10.5130
big_markets,2032.8,57.6985,31.9798,10.3217
big_markets,2032.9,58.1291,31.7383,10.1326
big_markets,2033.0,58.5550,31.4992,9.9457
big_markets,2033.1,58.9764,31.2624,9.7613
big_markets,2033.2,59.3931,31.0277,9.5792
big_markets,2033.3,59.8051,30.7953,9.3996
big_markets,2033.4,60.2125,30.5650,9.2225
big_markets,2033.5,60.6152,30.3368,9.0480
big_markets,2033.6,61.0132,30.1107,8.8761
big_markets,2033.7,61.4066,29.8867,8.7068
big_markets,2033.8,61.7952,29.6647,8.5401
big_markets,2033.9,62.1791,29.4448,8.3761
big_markets,2034.0,62.5584,29.2269,8.2147
big_markets,2034.1,62.9330,29.0110,8.0560
big_markets,2034.2,63.3029,28.7972,7.8999
big_markets,2034.3,63.6682,28.5853,7.7465
big_markets,2034.4,64.0289,28.3754,7.5957
big_markets,2034.5,64.3850,28.1675,7.4475
big_markets,2034.6,64.7365,27.9615,7.3020
big_markets,2034.7,65.0835,27.7574,7.1591
big_markets,2034.8,65.4260,27.5553,7.0187
big_markets,2034.9,65.7640,27.3550,6.8810
big_markets,2035.0,66.0976,27.1565,6.7459
big_markets,2035.1,66.4268,26.9599,6.6133
big_markets,2035.2,66.7516,26.7650,6.4833
big_markets,2035.3,67.0722,26.5720,6.3559
big_markets,2035.4,67.3884,26.3806,6.2310
big_markets,2035.5,67.7005,26.1909,6.1086
big_markets,2035.6,68.0084,26.0028,5.9888
big_markets,2035.7,68.3121,25.8163,5.8715
big_markets,2035.8,68.6118,25.6314,5.7568
big_markets,2035.9,68.9075,25.4480,5.6445
big_markets,2036.0,69.1991,25.2661,5.5348
big_markets,2036.1,69.4869,25.0856,5.4275
big_markets,2036.2,69.7708,24.9064,5.3228
big_markets,2036.3,70.0509,24.7286,5.2205
big_markets,2036.4,70.3272,24.5521,5.1206
big_markets,2036.5,70.5999,24.3769,5.0232
big_markets,2036.6,70.8689,24.2029,4.9283
big_markets,2036.7,71.1343,24.0300,4.8357
big_markets,2036.8,71.3962,23.8583,4.7456
big_markets,2036.9,71.6546,23.6876,4.6578
big_markets,2037.0,71.9096,23.5180,4.5723
big_markets,2037.1,72.1613,23.3495,4.4892
big_markets,2037.2,72.4097,23.1820,4.4084
big_markets,2037.3,72.6549,23.0154,4.3298
big_markets,2037.4,72.8968,22.8498,4.2534
big_markets,2037.5,73.1357,22.6850,4.1792
big_markets,2037.6,73.3716,22.5212,4.1072
big_markets,2037.7,73.6044,22.3583,4.0373
big_markets,2037.8,73.8344,22.1962,3.9694
big_markets,2037.9,74.0614,22.0350,3.9035
big_markets,2038.0,74.2857,21.8746,3.8396
big_markets,2038.1,74.5073,21.7151,3.7777
big_markets,2038.2,74.7261,21.5563,3.7175
big_markets,2038.3,74.9424,21.3984,3.6592
big_markets,2038.4,75.1561,21.2412,3.6027
big_markets,2038.5,75.3673,21.0848,3.5478
big_markets,2038.6,75.5761,20.9293,3.4946
big_markets,2038.7,75.7825,20.7745,3.4430
big_markets,2038.8,75.9867,20.6204,3.3929
big_markets,2038.9,76.1885,20.4672,3.3443
big_markets,2039.0,76.3882,20.3147,3.2971
big_markets,2039.1,76.5857,20.1630,3.2512
big_markets,2039.2,76.7812,20.0121,3.2067
big_markets,2039.3,76.9746,19.8620,3.1634
big_markets,2039.4,77.1661,19.7126,3.1212
big_markets,2039.5,77.3557,19.5641,3.0802
big_markets,2039.6,77.5434,19.4163,3.0403
big_markets,2039.7,77.7293,19.2693,3.0014
big_markets,2039.8,77.9135,19.1231,2.9634
big_markets,2039.9,78.0960,18.9777,2.9264
big_markets,2040.0,78.2768,18.8330,2.8902
big_markets,2040.1,78.4559,18.6892,2.8548
big_markets,2040.2,78.6336,18.5462,2.8202
big_markets,2040.3,78.8097,18.4040,2.7863
big_markets,2040.4,78.9843,18.2626,2.7531
big_markets,2040.5,79.1575,18.1219,2.7206
big_markets,2040.6,79.3293,17.9821,2.6886
big_markets,2040.7,79.4997,17.8431,2.6572
big_markets,2040.8,79.6688,17.7050,2.6263
big_markets,2040.9,79.8366,17.5676,2.5959
big_markets,2041.0,80.0031,17.4310,2.5659
big_markets,2041.1,80.1684,17.2953,2.5363
big_markets,2041.2,80.3324,17.1604,2.5072
big_markets,2041.3,80.4953,17.0263,2.4784
big_markets,2041.4,80.6570,16.8930,2.4499
big_markets,2041.5,80.8176,16.7606,2.4218
big_markets,2041.6,80.9770,16.6290,2.3940
big_markets,2041.7,81.1354,16.4982,2.3664
big_markets,2041.8,81.2927,16.3682,2.3391
big_markets,2041.9,81.4488,16.2391,2.3121
big_markets,2042.0,81.6040,16.1108,2.2852
big_markets,2042.1,81.7581,15.9833,2.2586
big_markets,2042.2,81.9111,15.8567,2.2322
big_markets,2042.3,82.0632,15.7309,2.2060
big_markets,2042.4,82.2142,15.6059,2.1799
big_markets,2042.5,82.3642,15.4817,2.1541
big_markets,2042.6,82.5132,15.3584,2.1284
big_markets,2042.7,82.6612,15.2359,2.1028
big_markets,2042.8,82.8083,15.1142,2.0775
big_markets,2042.9,82.9543,14.9934,2.0523
big_markets,2043.0,83.0994,14.8734,2.0272
big_markets,2043.1,83.2434,14.7543,2.0023
big_markets,2043.2,83.3865,14.6359,1.9775
big_markets,2043.3,83.5286,14.5184,1.9529
big_markets,2043.4,83.6698,14.4018,1.9285
big_markets,2043.5,83.8099,14.2859,1.9042
big_markets,2043.6,83.9491,14.1709,1.8800
big_markets,2043.7,84.0873,14.0567,1.8560
big_markets,2043.8,84.2245,13.9434,1.8322
big_markets,2043.9,84.3607,13.8308,1.8085
big_markets,2044.0,84.4959,13.7191,1.7849
big_markets,2044.1,84.6302,13.6082,1.7616
big_markets,2044.2,84.7634,13.4982,1.7384
big_markets,2044.3,84.8957,13.3890,1.7154
big_markets,2044.4,85.0270,13.2805,1.6925
big_markets,2044.5,85.1572,13.1729,1.6698
big_markets,2044.6,85.2865,13.0662,1.6504
big_markets,2044.7,85.4148,12.9602,1.6357
big_markets,2044.8,85.5421,12.8551,1.6211
big_markets,2044.9,85.6683,12.7508,1.6066
big_markets,2045.0,85.7936,12.6473,1.5923
big_markets,2045.1,85.9178,12.5446,1.5781
big_markets,2045.2,86.0411,12.4427,1.5640
big_markets,2045.3,86.1633,12.3416,1.5500
big_markets,2045.4,86.2845,12.2413,1.5362
big_markets,2045.5,86.4047,12.1419,1.5225
big_markets,2045.6,86.5239,12.0432,1.5089
big_markets,2045.7,86.6421,11.9454,1.4954
big_markets,2045.8,86.7592,11.8483,1.4821
big_markets,2045.9,86.8753,11.7521,1.4689
big_markets,2046.0,86.9905,11.6566,1.4558
big_markets,2046.1,87.1045,11.5619,1.4429
big_markets,2046.2,87.2176,11.4681,1.4301
big_markets,2046.3,87.3297,11.3750,1.4174
big_markets,2046.4,87.4407,11.2827,1.4049
big_markets,2046.5,87.5507,11.1912,1.3925
big_markets,2046.6,87.6597,11.1005,1.3803
big_markets,2046.7,87.7676,11.0106,1.3682
big_markets,2046.8,87.8746,10.9214,1.3562
big_markets,2046.9,87.9805,10.8331,1.3444
big_markets,2047.0,88.0854,10.7455,1.3327
big_markets,2047.1,88.1893,10.6587,1.3212
big_markets,2047.2,88.2921,10.5726,1.3098
big_markets,2047.3,88.3940,10.4873,1.2985
big_markets,2047.4,88.4948,10.4028,1.2874
big_markets,2047.5,88.5946,10.3191,1.2765
big_markets,2047.6,88.6935,10.2361,1.2656
big_markets,2047.7,88.7913,10.1539,1.2550
big_markets,2047.8,88.8881,10.0725,1.2444
big_markets,2047.9,88.9839,9.9918,1.2340
big_markets,2048.0,89.0786,9.9118,1.2238
big_markets,2048.1,89.1724,9.8326,1.2137
big_markets,2048.2,89.2652,9.7542,1.2037
big_markets,2048.3,89.3570,9.6765,1.1939
big_markets,2048.4,89.4478,9.5995,1.1842
big_markets,2048.5,89.5377,9.5233,1.1747
big_markets,2048.6,89.6265,9.4478,1.1653
big_markets,2048.7,89.7144,9.3731,1.1560
big_markets,2048.8,89.8012,9.2990,1.1469
big_markets,2048.9,89.8871,9.2258,1.1379
big_markets,2049.0,89.9721,9.1532,1.1290
big_markets,2049.1,90.0560,9.0814,1.1203
big_markets,2049.2,90.1390,9.0102,1.1117
big_markets,2049.3,90.2210,8.9398,1.1033
big_markets,2049.4,90.3021,8.8702,1.0950
big_markets,2049.5,90.3823,8.8012,1.0868
big_markets,2049.6,90.4614,8.7329,1.0787
big_markets,2049.7,90.5397,8.6654,1.0708
big_markets,2049.8,90.6170,8.5985,1.0630
big_markets,2049.9,90.6934,8.5323,1.0553
big_markets,2050.0,90.7688,8.4669,1.0478
country_germany,2015.0,0.5706,98.6989,0.7304
country_germany,2015.1,0.6132,98.6111,0.7757
country_germany,2015.2,0.6577,98.5198,0.8225
country_germany,2015.3,0.7043,98.4248,0.8709
country_germany,2015.4,0.7530,98.3262,0.9208
country_germany,2015.5,0.8038,98.2238,0.9723
country_germany,2015.6,0.8569,98.1178,1.0253
country_germany,2015.7,0.9121,98.0079,1.0799
country_germany,2015.8,0.9697,97.8943,1.1360
country_germany,2015.9,1.0295,97.7767,1.1937
country_germany,2016.0,1.0917,97.6553,1.2530
country_germany,2016.1,1.1563,97.5299,1.3138
country_germany,2016.2,1.2234,97.4005,1.3761
country_germany,2016.3,1.2929,97.2671,1.4400
country_germany,2016.4,1.3649,97.1296,1.5055
country_germany,2016.5,1.4394,96.9881,1.5725
country_germany,2016.6,1.5166,96.8424,1.6411
country_germany,2016.7,1.5963,96.6925,1.7111
country_germany,2016.8,1.6788,96.5385,1.7828
country_germany,2016.9,1.7639,96.3802,1.8559
country_germany,2017.0,1.8518,96.2177,1.9306
country_germany,2017.1,1.9424,96.0508,2.0067
country_germany,2017.2,2.0359,95.8797,2.0844
country_germany,2017.3,2.1322,95.7042,2.1636
country_germany,2017.4,2.2314,95.5244,2.2442
country_germany,2017.5,2.3335,95.3402,2.3263
country_germany,2017.6,2.4385,95.1516,2.4099
country_germany,2017.7,2.5465,94.9586,2.4949
country_germany,2017.8,2.6576,94.7611,2.5813
country_germany,2017.9,2.7717,94.5591,2.6692
country_germany,2018.0,2.8888,94.3527,2.7585
country_germany,2018.1,3.0091,94.1418,2.8491
country_germany,2018.2,3.1325,93.9263,2.9411
country_germany,2018.3,3.2591,93.7064,3.0345
country_germany,2018.4,3.3889,93.4819,3.1292
country_germany,2018.5,3.5219,93.2528,3.2252
country_germany,2018.6,3.6582,93.0192,3.3226
country_germany,2018.7,3.7977,92.7811,3.4212
country_germany,2018.8,3.9406,92.5384,3.5210
country_germany,2018.9,4.0868,92.2910,3.6221
country_germany,2019.0,4.2364,92.0392,3.7245
country_germany,2019.1,4.3893,91.7827,3.8280
country_germany,2019.2,4.5457,91.5216,3.9326
country_germany,2019.3,4.7055,91.2560,4.0385
country_germany,2019.4,4.8688,90.9858,4.1454
country_germany,2019.5,5.0356,90.7110,4.2534
country_germany,2019.6,5.2058,90.4316,4.3626
country_germany,2019.7,5.3796,90.1477,4.4727
country_germany,2019.8,5.5570,89.8591,4.5839
country_germany,2019.9,5.7379,89.5661,4.6960
country_germany,2020.0,5.9224,89.2685,4.8092
country_germany,2020.1,6.1105,88.9663,4.9232
country_germany,2020.2,6.3022,88.6597,5.0382
country_germany,2020.3,6.4975,88.3485,5.1540
country_germany,2020.4,6.6965,88.0328,5.2706
country_germany,2020.5,6.8992,87.7127,5.3881
country_germany,2020.6,7.1056,87.3881,5.5064
country_germany,2020.7,7.3156,87.0590,5.6253
country_germany,2020.8,7.5294,86.7256,5.7450
country_germany,2020.9,7.7469,86.3877,5.8654
country_germany,2021.0,7.9681,86.0455,5.9864
country_germany,2021.1,8.1930,85.6989,6.1081
country_germany,2021.2,8.4217,85.3480,6.2303
country_germany,2021.3,8.6542,84.9928,6.3530
country_germany,2021.4,8.8904,84.6333,6.4763
country_germany,2021.5,9.1304,84.2696,6.6000
country_germany,2021.6,9.3742,83.9017,6.7241
country_germany,2021.7,9.6217,83.5296,6.8487
country_germany,2021.8,9.8731,83.1534,6.9736
country_germany,2021.9,10.1282,82.7730,7.0988
country_germany,2022.0,10.3871,82.3886,7.2243
country_germany,2022.1,10.6498,82.0002,7.3500
country_germany,2022.2,10.9163,81.6078,7.4759
country_germany,2022.3,11.1866,81.2114,7.6020
country_germany,2022.4,11.4607,80.8111,7.7282
country_germany,2022.5,11.7386,80.4070,7.8545
country_germany,2022.6,12.0202,79.9990,7.9808
country_germany,2022.7,12.3056,79.5873,8.1071
country_germany,2022.8,12.5948,79.1718,8.2334
country_germany,2022.9,12.8878,78.7526,8.3596
country_germany,2023.0,13.1845,78.3298,8.4857
country_germany,2023.1,13.4850,77.9034,8.6116
country_germany,2023.2,13.7892,77.4735,8.7373
country_germany,2023.3,14.0971,77.0401,8.8628
country_germany,2023.4,14.4088,76.6033,8.9879
country_germany,2023.5,14.7241,76.1631,9.1128
country_germany,2023.6,15.0431,75.7196,9.2372
country_germany,2023.7,15.3659,75.2729,9.3613
country_germany,2023.8,15.6922,74.8229,9.4849
country_germany,2023.9,16.0223,74.3698,9.6079
country_germany,2024.0,16.3559,73.9136,9.7305
country_germany,2024.1,16.6932,73.4544,9.8524
country_germany,2024.2,17.0340,72.9922,9.9738
country_germany,2024.3,17.3784,72.5272,10.0944
country_germany,2024.4,17.7264,72.0593,10.2144
country_germany,2024.5,18.0778,71.5886,10.3336
country_germany,2024.6,18.4328,71.1152,10.4520
country_germany,2024.7,18.7913,70.6392,10.5695
country_germany,2024.8,19.1532,70.1606,10.6862
country_germany,2024.9,19.5185,69.6796,10.8020
country_germany,2025.0,19.8872,69.1960,10.9168
country_germany,2025.1,20.2593,68.7102,11.0306
country_germany,2025.2,20.6347,68.2220,11.1433
country_germany,2025.3,21.0134,67.7316,11.2550
country_germany,2025.4,21.3954,67.2391,11.3656
country_germany,2025.5,21.7806,66.7445,11.4749
country_germany,2025.6,22.1690,66.2478,11.5831
country_germany,2025.7,22.5606,65.7493,11.6901
country_germany,2025.8,22.9554,65.2489,11.7957
country_germany,2025.9,23.3532,64.7467,11.9001
country_germany,2026.0,23.7541,64.2428,12.0031
country_germany,2026.1,24.1581,63.7373,12.1047
country_germany,2026.2,24.5650,63.2302,12.2048
country_germany,2026.3,24.9748,62.7216,12.3035
country_germany,2026.4,25.3876,62.2116,12.4007
country_germany,2026.5,25.8032,61.7004,12.4964
country_germany,2026.6,26.2217,61.1878,12.5905
country_germany,2026.7,26.6429,60.6741,12.6830
country_germany,2026.8,27.0669,60.1593,12.7738
country_germany,2026.9,27.4935,59.6435,12.8629
country_germany,2027.0,27.9228,59.1268,12.9504
country_germany,2027.1,28.3547,58.6092,13.0361
country_germany,2027.2,28.7891,58.0909,13.1200
country_germany,2027.3,29.2260,57.5718,13.2022
country_germany,2027.4,29.6654,57.0521,13.2825
country_germany,2027.5,30.1071,56.5319,13.3609
country_germany,2027.6,30.5512,56.0113,13.4375
country_germany,2027.7,30.9976,55.4903,13.5121
country_germany,2027.8,31.4463,54.9689,13.5848
country_germany,2027.9,31.8971,54.4474,13.6555
country_germany,2028.0,32.3500,53.9257,13.7242
country_germany,2028.1,32.8051,53.4040,13.7909
country_germany,2028.2,33.2621,52.8823,13.8556
country_germany,2028.3,33.7212,52.3607,13.9182
country_germany,2028.4,34.1821,51.8392,13.9787
country_germany,2028.5,34.6449,51.3181,14.0371
country_germany,2028.6,35.1095,50.7972,14.0933
country_germany,2028.7,35.5758,50.2768,14.1474
country_germany,2028.8,36.0438,49.7569,14.1993
country_germany,2028.9,36.5134,49.2375,14.2491
country_germany,2029.0,36.9846,48.7188,14.2966
country_germany,2029.1,37.4572,48.2009,14.3419
country_germany,2029.2,37.9313,47.6837,14.3850
country_germany,2029.3,38.4068,47.1674,14.4258
country_germany,2029.4,38.8836,46.6520,14.4643
country_germany,2029.5,39.3617,46.1377,14.5006
country_germany,2029.6,39.8409,45.6245,14.5346
country_germany,2029.7,40.3213,45.1125,14.5663
country_germany,2029.8,40.8027,44.6017,14.5957
country_germany,2029.9,41.2851,44.0922,14.6227
country_germany,2030.0,41.7684,43.5841,14.6474
country_germany,2030.1,42.2526,43.0775,14.6698
country_germany,2030.2,42.7377,42.5724,14.6899
country_germany,2030.3,43.2234,42.0690,14.7076
country_germany,2030.4,43.7098,41.5672,14.7230
country_germany,2030.5,44.1969,41.0671,14.7360
country_germany,2030.6,44.6844,40.5689,14.7467
country_germany,2030.7,45.1725,40.0725,14.7550
country_germany,2030.8,45.6609,39.5781,14.7610
country_germany,2030.9,46.1497,39.0857,14.7646
country_germany,2031.0,46.6388,38.5953,14.7659
country_germany,2031.1,47.1281,38.1071,14.7648
country_germany,2031.2,47.6175,37.6211,14.7614
country_germany,2031.3,48.1070,37.1373,14.7557
country_germany,2031.4,48.5965,36.6559,14.7476
country_germany,2031.5,49.0860,36.1768,14.7372
country_germany,2031.6,49.5753,35.7002,14.7245
country_germany,2031.7,50.0644,35.2260,14.7095
country_germany,2031.8,50.5533,34.7544,14.6922
country_germany,2031.9,51.0419,34.2855,14.6726
country_germany,2032.0,51.5301,33.8191,14.6508
country_germany,2032.1,52.0178,33.3555,14.6267
country_germany,2032.2,52.5050,32.8946,14.6003
country_germany,2032.3,52.9916,32.4366,14.5718
country_germany,2032.4,53.4776,31.9814,14.5410
country_germany,2032.5,53.9629,31.5291,14.5080
country_germany,2032.6,54.4474,31.0798,14.4728
country_germany,2032.7,54.9310,30.6335,14.4355
country_germany,2032.8,55.4137,30.1903,14.3960
country_germany,2032.9,55.8955,29.7501,14.3544
country_germany,2033.0,56.3762,29.3130,14.3107
country_germany,2033.1,56.8559,28.8792,14.2650
country_germany,2033.2,57.3343,28.4486,14.2171
country_germany,2033.3,57.8116,28.0212,14.1673
country_germany,2033.4,58.2875,27.5971,14.1154
country_germany,2033.5,58.7622,27.1763,14.0615
country_germany,2033.6,59.2354,26.7589,14.0057
country_germany,2033.7,59.7071,26.3449,13.9479
country_germany,2033.8,60.1774,25.9343,13.8883
country_germany,2033.9,60.6460,25.5272,13.8267
country_germany,2034.0,61.1130,25.1236,13.7633
country_germany,2034.1,61.5784,24.7235,13.6981
country_germany,2034.2,62.0419,24.3270,13.6311
country_germany,2034.3,62.5036,23.9340,13.5623
country_germany,2034.4,62.9635,23.5447,13.4918
country_germany,2034.5,63.4215,23.1589,13.4196
country_germany,2034.6,63.8775,22.7768,13.3457
country_germany,2034.7,64.3314,22.3984,13.2702
country_germany,2034.8,64.7833,22.0237,13.1931
country_germany,2034.9,65.2330,21.6526,13.1144
country_germany,2035.0,65.6805,21.2853,13.0341
country_germany,2035.1,66.1258,20.9218,12.9524
country_germany,2035.2,66.5688,20.5620,12.8692
country_germany,2035.3,67.0095,20.2059,12.7845
country_germany,2035.4,67.4478,19.8537,12.6985
country_germany,2035.5,67.8837,19.5052,12.6111
country_germany,2035.6,68.3171,19.1606,12.5224
country_germany,2035.7,68.7479,18.8197,12.4323
country_germany,2035.8,69.1762,18.4827,12.3410
country_germany,2035.9,69.6019,18.1495,12.2486
country_germany,2036.0,70.0250,17.8202,12.1549
country_germany,2036.1,70.4453,17.4946,12.0601
country_germany,2036.2,70.8629,17.1730,11.9641
country_germany,2036.3,71.2777,16.8551,11.8671
country_germany,2036.4,71.6898,16.5411,11.7691
country_germany,2036.5,72.0989,16.2310,11.6701
country_germany,2036.6,72.5052,15.9247,11.5701
country_germany,2036.7,72.9085,15.6222,11.4692
country_germany,2036.8,73.3089,15.3236,11.3675
country_germany,2036.9,73.7063,15.0288,11.2649
country_germany,2037.0,74.1007,14.7378,11.1615
country_germany,2037.1,74.4920,14.4507,11.0573
country_germany,2037.2,74.8802,14.1674,10.9525
country_germany,2037.3,75.2653,13.8878,10.8469
country_germany,2037.4,75.6472,13.6121,10.7407
country_germany,2037.5,76.0260,13.3401,10.6339
country_germany,2037.6,76.4016,13.0720,10.5265
country_germany,2037.7,76.7739,12.8075,10.4185
country_germany,2037.8,77.1430,12.5469,10.3101
country_germany,2037.9,77.5088,12.2899,10.2013
country_germany,2038.0,77.8713,12.0367,10.0920
country_germany,2038.1,78.2305,11.7872,9.9823
country_germany,2038.2,78.5864,11.5413,9.8723
country_germany,2038.3,78.9389,11.2992,9.7619
country_germany,2038.4,79.2880,11.0606,9.6514
country_germany,2038.5,79.6337,10.8257,9.5405
country_germany,2038.6,79.9761,10.5944,9.4295
country_germany,2038.7,80.3149,10.3668,9.3183
country_germany,2038.8,80.6504,10.1426,9.2070
country_germany,2038.9,80.9824,9.9220,9.0956
country_germany,2039.0,81.3109,9.7050,8.9841
country_germany,2039.1,81.6360,9.4914,8.8726
country_germany,2039.2,81.9576,9.2813,8.7611
country_germany,2039.3,82.2757,9.0747,8.6497
country_germany,2039.4,82.5902,8.8714,8.5383
country_germany,2039.5,82.9013,8.6716,8.4271
country_germany,2039.6,83.2089,8.4751,8.3160
country_germany,2039.7,83.5129,8.2820,8.2050
country_germany,2039.8,83.8135,8.0922,8.0943
country_germany,2039.9,84.1105,7.9057,7.9838
country_germany,2040.0,84.4039,7.7225,7.8736
country_germany,2040.1,84.6939,7.5425,7.7636
country_germany,2040.2,84.9803,7.3656,7.6540
country_germany,2040.3,85.2632,7.1920,7.5448
country_germany,2040.4,85.5426,7.0215,7.4359
country_germany,2040.5,85.8185,6.8541,7.3274
country_germany,2040.6,86.0908,6.6898,7.2194
country_germany,2040.7,86.3597,6.5285,7.1118
country_germany,2040.8,86.6250,6.3702,7.0048
country_germany,2040.9,86.8868,6.2150,6.8982
country_germany,2041.0,87.1452,6.0626,6.7922
country_germany,2041.1,87.4000,5.9132,6.6867
country_germany,2041.2,87.6514,5.7667,6.5819
country_germany,2041.3,87.8994,5.6230,6.4776
country_germany,2041.4,88.1439,5.4822,6.3740
country_germany,2041.5,88.3849,5.3441,6.2710
country_germany,2041.6,88.6225,5.2088,6.1687
country_germany,2041.7,88.8567,5.0762,6.0671
country_germany,2041.8,89.0875,4.9463,5.9662
country_germany,2041.9,89.3150,4.8190,5.8660
country_germany,2042.0,89.5390,4.6944,5.7666
country_germany,2042.1,89.7597,4.5723,5.6680
country_germany,2042.2,89.9771,4.4527,5.5701
country_germany,2042.3,90.1912,4.3357,5.4731
country_germany,2042.4,90.4019,4.2212,5.3769
country_germany,2042.5,90.6094,4.1091,5.2815
country_germany,2042.6,90.8137,3.9994,5.1870
country_germany,2042.7,91.0146,3.8921,5.0933
country_germany,2042.8,91.2124,3.7871,5.0005
country_germany,2042.9,91.4070,3.6844,4.9086
country_germany,2043.0,91.5984,3.5840,4.8176
country_germany,2043.1,91.7867,3.4858,4.7275
country_germany,2043.2,91.9718,3.3898,4.6384
country_germany,2043.3,92.1538,3.2960,4.5502
country_germany,2043.4,92.3328,3.2043,4.4629
country_germany,2043.5,92.5086,3.1148,4.3766
country_germany,2043.6,92.6815,3.0272,4.2912
country_germany,2043.7,92.8514,2.9418,4.2069
country_germany,2043.8,93.0182,2.8583,4.1235
country_germany,2043.9,93.1822,2.7767,4.0411
country_germany,2044.0,93.3432,2.6971,3.9597
country_germany,2044.1,93.5013,2.6194,3.8793
country_germany,2044.2,93.6565,2.5436,3.7999
country_germany,2044.3,93.8089,2.4696,3.7215
country_germany,2044.4,93.9585,2.3974,3.6441
country_germany,2044.5,94.1053,2.3270,3.5677
country_germany,2044.6,94.2494,2.2582,3.4924
country_germany,2044.7,94.3907,2.1912,3.4181
country_germany,2044.8,94.5293,2.1259,3.3448
country_germany,2044.9,94.6653,2.0622,3.2725
country_germany,2045.0,94.7986,2.0001,3.2012
country_germany,2045.1,94.9293,1.9396,3.1310
country_germany,2045.2,95.0575,1.8807,3.0618
country_germany,2045.3,95.1831,1.8232,2.9937
country_germany,2045.4,95.3062,1.7673,2.9265
country_germany,2045.5,95.4268,1.7128,2.8604
country_germany,2045.6,95.5449,1.6597,2.7953
country_germany,2045.7,95.6607,1.6081,2.7313
country_germany,2045.8,95.7740,1.5578,2.6682
country_germany,2045.9,95.8850,1.5088,2.6062
country_germany,2046.0,95.9937,1.4612,2.5452
country_germany,2046.1,96.1000,1.4148,2.4851
country_germany,2046.2,96.2041,1.3698,2.4261
country_germany,2046.3,96.3060,1.3259,2.3681
country_germany,2046.4,96.4057,1.2833,2.3111
country_germany,2046.5,96.5032,1.2418,2.2551
country_germany,2046.6,96.5985,1.2015,2.2000
country_germany,2046.7,96.6918,1.1623,2.1459
country_germany,2046.8,96.7830,1.1242,2.0928
country_germany,2046.9,96.8721,1.0872,2.0407
country_germany,2047.0,96.9592,1.0513,1.9895
country_germany,2047.1,97.0444,1.0164,1.9393
country_germany,2047.2,97.1276,0.9824,1.8900
country_germany,2047.3,97.2088,0.9495,1.8417
country_germany,2047.4,97.2882,0.9176,1.7942
country_germany,2047.5,97.3658,0.8865,1.7477
country_germany,2047.6,97.4415,0.8564,1.7021
country_germany,2047.7,97.5154,0.8272,1.6574
country_germany,2047.8,97.5875,0.7988,1.6136
country_germany,2047.9,97.6579,0.7713,1.5707
country_germany,2048.0,97.7266,0.7447,1.5287
country_germany,2048.1,97.7937,0.7188,1.4875
country_germany,2048.2,97.8591,0.6937,1.4472
country_germany,2048.3,97.9228,0.6694,1.4077
country_germany,2048.4,97.9850,0.6459,1.3691
country_germany,2048.5,98.0457,0.6230,1.3313
country_germany,2048.6,98.1048,0.6009,1.2943
country_germany,2048.7,98.1624,0.5795,1.2581
country_germany,2048.8,98.2185,0.5587,1.2227
country_germany,2048.9,98.2732,0.5386,1.1881
country_germany,2049.0,98.3265,0.5192,1.1543
country_germany,2049.1,98.3784,0.5004,1.1212
country_germany,2049.2,98.4289,0.4821,1.0889
country_germany,2049.3,98.4781,0.4645,1.0574
country_germany,2049.4,98.5260,0.4474,1.0265
country_germany,2049.5,98.5727,0.4309,0.9964
country_germany,2049.6,98.6180,0.4149,0.9670
country_germany,2049.7,98.6622,0.3995,0.9383
country_germany,2049.8,98.7051,0.3846,0.9103
country_germany,2049.9,98.7469,0.3701,0.8830
country_germany,2050.0,98.7875,0.3562,0.8563
country_china,2015.0,0.5083,99.7037,0.0000
country_china,2015.1,0.5464,99.6751,0.0000
country_china,2015.2,0.5867,99.6442,0.0000
country_china,2015.3,0.6292,99.6110,0.0000
country_china,2015.4,0.6740,99.5752,0.0000
country_china,2015.5,0.7213,99.5368,0.0000
country_china,2015.6,0.7710,99.4957,0.0000
country_china,2015.7,0.8233,99.4515,0.0000
country_china,2015.8,0.8783,99.4043,0.0000
country_china,2015.9,0.9361,99.3538,0.0000
country_china,2016.0,0.9968,99.2998,0.0000
country_china,2016.1,1.0604,99.2422,0.0000
country_china,2016.2,1.1271,99.1808,0.0000
country_china,2016.3,1.1969,99.1154,0.0000
country_china,2016.4,1.2700,99.0458,0.0000
country_china,2016.5,1.3465,98.9718,0.0000
country_china,2016.6,1.4264,98.8932,0.0000
country_china,2016.7,1.5099,98.8098,0.0000
country_china,2016.8,1.5971,98.7213,0.0000
country_china,2016.9,1.6880,98.6275,0.0000
country_china,2017.0,1.7829,98.5282,0.0000
country_china,2017.1,1.8817,98.4232,0.0000
country_china,2017.2,1.9847,98.3121,0.0000
country_china,2017.3,2.0919,98.1948,0.0000
country_china,2017.4,2.2034,98.0710,0.0000
country_china,2017.5,2.3194,97.9403,0.0000
country_china,2017.6,2.4399,97.8026,0.0000
country_china,2017.7,2.5651,97.6576,0.0000
country_china,2017.8,2.6951,97.5049,0.0000
country_china,2017.9,2.8301,97.3444,0.0000
country_china,2018.0,2.9700,97.1756,0.0000
country_china,2018.1,3.1151,96.9982,0.0000
country_china,2018.2,3.2655,96.8121,0.0000
country_china,2018.3,3.4213,96.6168,0.0000
country_china,2018.4,3.5825,96.4120,0.0054
country_china,2018.5,3.7494,96.1975,0.0531
country_china,2018.6,3.9221,95.9729,0.1051
country_china,2018.7,4.1006,95.7378,0.1617
country_china,2018.8,4.2851,95.4919,0.2230
country_china,2018.9,4.4757,95.2349,0.2894
country_china,2019.0,4.6725,94.9664,0.3610
country_china,2019.1,4.8757,94.6862,0.4381
country_china,2019.2,5.0854,94.3937,0.5209
country_china,2019.3,5.3016,94.0888,0.6095
country_china,2019.4,5.5246,93.7711,0.7043
country_china,2019.5,5.7544,93.4401,0.8055
country_china,2019.6,5.9911,93.0956,0.9133
country_china,2019.7,6.2349,92.7372,1.0280
country_china,2019.8,6.4858,92.3645,1.1497
country_china,2019.9,6.7440,91.9772,1.2787
country_china,2020.0,7.0096,91.5751,1.4153
country_china,2020.1,7.2828,91.1576,1.5596
country_china,2020.2,7.5635,90.7245,1.7120
country_china,2020.3,7.8520,90.2755,1.8725
country_china,2020.4,8.1483,89.8102,2.0415
country_china,2020.5,8.4525,89.3284,2.2191
country_china,2020.6,8.7648,88.8296,2.4056
country_china,2020.7,9.0852,88.3137,2.6011
country_china,2020.8,9.4138,87.7803,2.8059
country_china,2020.9,9.7507,87.2292,3.0201
country_china,2021.0,10.0961,86.6600,3.2439
country_china,2021.1,10.4499,86.0725,3.4775
country_china,2021.2,10.8124,85.4666,3.7211
country_china,2021.3,11.1835,84.8419,3.9746
country_china,2021.4,11.5633,84.1983,4.2384
country_china,2021.5,11.9520,83.5355,4.5125
country_china,2021.6,12.3495,82.8535,4.7970
country_china,2021.7,12.7560,82.1520,5.0920
country_china,2021.8,13.1715,81.4310,5.3975
country_china,2021.9,13.5961,80.6903,5.7136
country_china,2022.0,14.0298,79.9299,6.0403
country_china,2022.1,14.4727,79.1496,6.3776
country_china,2022.2,14.9248,78.3496,6.7255
country_china,2022.3,15.3862,77.5298,7.0840
country_china,2022.4,15.8569,76.6902,7.4529
country_china,2022.5,16.3369,75.8309,7.8323
country_china,2022.6,16.8262,74.9520,8.2219
country_china,2022.7,17.3249,74.0536,8.6216
country_china,2022.8,17.8329,73.1359,9.0312
country_china,2022.9,18.3503,72.1991,9.4505
country_china,2023.0,18.8771,71.2435,9.8794
country_china,2023.1,19.4133,70.2692,10.3175
country_china,2023.2,19.9588,69.2768,10.7644
country_china,2023.3,20.5137,68.2664,11.2200
country_china,2023.4,21.0778,67.2384,11.6838
country_china,2023.5,21.6512,66.1934,12.1553
country_china,2023.6,22.2339,65.1319,12.6343
country_china,2023.7,22.8257,64.0542,13.1201
country_china,2023.8,23.4266,62.9610,13.6124
country_china,2023.9,24.0366,61.8529,14.1105
country_china,2024.0,24.6556,60.7306,14.6138
country_china,2024.1,25.2835,59.5947,15.1219
country_china,2024.2,25.9202,58.4459,15.6339
country_china,2024.3,26.5656,57.2850,16.1493
country_china,2024.4,27.2197,56.1130,16.6674
country_china,2024.5,27.8823,54.9305,17.1873
country_china,2024.6,28.5532,53.7384,17.7083
country_china,2024.7,29.2324,52.5378,18.2297
country_china,2024.8,29.9198,51.3296,18.7506
country_china,2024.9,30.6152,50.1148,19.2700
country_china,2025.0,31.3183,48.8944,19.7873
country_china,2025.1,32.0292,47.6695,20.3013
country_china,2025.2,32.7476,46.4412,20.8113
country_china,2025.3,33.4733,45.2105,21.3162
country_china,2025.4,34.2061,43.9787,21.8152
country_china,2025.5,34.9459,42.7469,22.3072
country_china,2025.6,35.6924,41.5164,22.7912
country_china,2025.7,36.4455,40.2882,23.2663
country_china,2025.8,37.2050,39.0636,23.7314
country_china,2025.9,37.9705,37.8439,24.1857
country_china,2026.0,38.7419,36.6302,24.6279
country_china,2026.1,39.5189,35.4238,25.0573
country_china,2026.2,40.3013,34.2259,25.4728
country_china,2026.3,41.0888,33.0378,25.8734
country_china,2026.4,41.8812,31.8606,26.2582
country_china,2026.5,42.6781,30.6956,26.6263
country_china,2026.6,43.4794,29.5439,26.9767
country_china,2026.7,44.2847,28.4066,27.3087
country_china,2026.8,45.0938,27.2850,27.6212
country_china,2026.9,45.9063,26.1801,27.9137
country_china,2027.0,46.7219,25.0929,28.1852
country_china,2027.1,47.5403,24.0246,28.4351
country_china,2027.2,48.3613,22.9760,28.6627
country_china,2027.3,49.1845,21.9481,28.8674
country_china,2027.4,50.0095,20.9419,29.0486
country_china,2027.5,50.8361,19.9581,29.2058
country_china,2027.6,51.6639,18.9975,29.3385
country_china,2027.7,52.4926,18.0609,29.4465
country_china,2027.8,53.3218,17.1489,29.5293
country_china,2027.9,54.1513,16.2621,29.5867
country_china,2028.0,54.9805,15.4010,29.6185
country_china,2028.1,55.8093,14.5661,29.6246
country_china,2028.2,56.6372,13.7578,29.6050
country_china,2028.3,57.4639,12.9764,29.5597
country_china,2028.4,58.2891,12.2222,29.4888
country_china,2028.5,59.1123,11.4953,29.3924
country_china,2028.6,59.9333,10.7958,29.2709
country_china,2028.7,60.7516,10.1238,29.1245
country_china,2028.8,61.5670,9.4793,28.9537
country_china,2028.9,62.3791,8.8621,28.7588
country_china,2029.0,63.1875,8.2721,28.5404
country_china,2029.1,63.9919,7.7090,28.2991
country_china,2029.2,64.7919,7.1726,28.0355
country_china,2029.3,65.5872,6.6624,27.7504
country_china,2029.4,66.3775,6.1781,27.4445
country_china,2029.5,67.1623,5.7191,27.1186
country_china,2029.6,67.9415,5.2850,26.7735
country_china,2029.7,68.7146,4.8752,26.4102
country_china,2029.8,69.4814,4.4890,26.0297
country_china,2029.9,70.2414,4.1257,25.6328
country_china,2030.0,70.9945,3.7848,25.2206
country_china,2030.1,71.7403,3.4655,24.7942
country_china,2030.2,72.4786,3.1669,24.3545
country_china,2030.3,73.2089,2.8883,23.9027
country_china,2030.4,73.9311,2.6290,23.4399
country_china,2030.5,74.6449,2.3881,22.9670
country_china,2030.6,75.3500,2.1647,22.4853
country_china,2030.7,76.0462,1.9581,21.9957
country_china,2030.8,76.7331,1.7675,21.4994
country_china,2030.9,77.4107,1.5919,20.9974
country_china,2031.0,78.0786,1.4306,20.4908
country_china,2031.1,78.7367,1.2827,19.9806
country_china,2031.2,79.3847,1.1475,19.4678
country_china,2031.3,80.0225,1.0242,18.9534
country_china,2031.4,80.6498,0.9119,18.4383
country_china,2031.5,81.2665,0.8100,17.9234
country_china,2031.6,81.8725,0.7177,17.4097
country_china,2031.7,82.4676,0.6344,16.8980
country_china,2031.8,83.0517,0.5593,16.3890
country_china,2031.9,83.6245,0.4919,15.8836
country_china,2032.0,84.1862,0.4315,15.3824
country_china,2032.1,84.7364,0.3774,14.8861
country_china,2032.2,85.2752,0.3293,14.3955
country_china,2032.3,85.8025,0.2865,13.9110
country_china,2032.4,86.3182,0.2486,13.4332
country_china,2032.5,86.8223,0.2151,12.9626
country_china,2032.6,87.3147,0.1856,12.4997
country_china,2032.7,87.7954,0.1597,12.0449
country_china,2032.8,88.2645,0.1369,11.5986
country_china,2032.9,88.7218,0.1171,11.1611
country_china,2033.0,89.1675,0.0999,10.7327
country_china,2033.1,89.6015,0.0849,10.3136
country_china,2033.2,90.0239,0.0719,9.9042
country_china,2033.3,90.4347,0.0607,9.5046
country_china,2033.4,90.8340,0.0511,9.1149
country_china,2033.5,91.2219,0.0429,8.7352
country_china,2033.6,91.5984,0.0359,8.3657
country_china,2033.7,91.9636,0.0299,8.0065
country_china,2033.8,92.3177,0.0249,7.6574
country_china,2033.9,92.6607,0.0206,7.3187
country_china,2034.0,92.9928,0.0170,6.9902
country_china,2034.1,93.3141,0.0140,6.6720
country_china,2034.2,93.6247,0.0114,6.3639
country_china,2034.3,93.9248,0.0093,6.0659
country_china,2034.4,94.2145,0.0076,5.7779
country_china,2034.5,94.4940,0.0061,5.4998
country_china,2034.6,94.7635,0.0050,5.2315
country_china,2034.7,95.0231,0.0040,4.9729
country_china,2034.8,95.2731,0.0032,4.7238
country_china,2034.9,95.5135,0.0025,4.4840
country_china,2035.0,95.7446,0.0020,4.2534
country_china,2035.1,95.9666,0.0016,4.0318
country_china,2035.2,96.1797,0.0013,3.8190
country_china,2035.3,96.3841,0.0010,3.6149
country_china,2035.4,96.5800,0.0008,3.4192
country_china,2035.5,96.7676,0.0006,3.2318
country_china,2035.6,96.9472,0.0005,3.0524
country_china,2035.7,97.1188,0.0004,2.8808
country_china,2035.8,97.2829,0.0003,2.7169
country_china,2035.9,97.4394,0.0002,2.5603
country_china,2036.0,97.5888,0.0002,2.4110
country_china,2036.1,97.7312,0.0001,2.2687
country_china,2036.2,97.8668,0.0001,2.1331
country_china,2036.3,97.9959,0.0001,2.0041
country_china,2036.4,98.1186,0.0001,1.8814
country_china,2036.5,98.2352,0.0000,1.7648
country_china,2036.6,98.3458,0.0000,1.6541
country_china,2036.7,98.4508,0.0000,1.5492
country_china,2036.8,98.5503,0.0000,1.4497
country_china,2036.9,98.6445,0.0000,1.3555
country_china,2037.0,98.7336,0.0000,1.2664
country_china,2037.1,98.8178,0.0000,1.1822
country_china,2037.2,98.8974,0.0000,1.1026
country_china,2037.3,98.9724,0.0000,1.0276
country_china,2037.4,99.0432,0.0000,0.9568
country_china,2037.5,99.1098,0.0000,0.8902
country_china,2037.6,99.1726,0.0000,0.8274
country_china,2037.7,99.2315,0.0000,0.7685
country_china,2037.8,99.2869,0.0000,0.7131
country_china,2037.9,99.3389,0.0000,0.6611
country_china,2038.0,99.3876,0.0000,0.6124
country_china,2038.1,99.4333,0.0000,0.5667
country_china,2038.2,99.4760,0.0000,0.5240
country_china,2038.3,99.5160,0.0000,0.4840
country_china,2038.4,99.5533,0.0000,0.4467
country_china,2038.5,99.5881,0.0000,0.4119
country_china,2038.6,99.6206,0.0000,0.3794
country_china,2038.7,99.6508,0.0000,0.3492
country_china,2038.8,99.6789,0.0000,0.3211
country_china,2038.9,99.7051,0.0000,0.2949
country_china,2039.0,99.7294,0.0000,0.2706
country_china,2039.1,99.7519,0.0000,0.2481
country_china,2039.2,99.7728,0.0000,0.2272
country_china,2039.3,99.7921,0.0000,0.2079
country_china,2039.4,99.8100,0.0000,0.1900
country_china,2039.5,99.8265,0.0000,0.1735
country_china,2039.6,99.8417,0.0000,0.1583
country_china,2039.7,99.8557,0.0000,0.1443
country_china,2039.8,99.8687,0.0000,0.1313
country_china,2039.9,99.8806,0.0000,0.1194
country_china,2040.0,99.8915,0.0000,0.1085
country_china,2040.1,99.9015,0.0000,0.0985
country_china,2040.2,99.9107,0.0000,0.0893
country_china,2040.3,99.9192,0.0000,0.0808
country_china,2040.4,99.9269,0.0000,0.0731
country_china,2040.5,99.9339,0.0000,0.0661
country_china,2040.6,99.9404,0.0000,0.0596
country_china,2040.7,99.9462,0.0000,0.0538
country_china,2040.8,99.9516,0.0000,0.0484
country_china,2040.9,99.9564,0.0000,0.0436
country_china,2041.0,99.9609,0.0000,0.0391
country_china,2041.1,99.9649,0.0000,0.0351
country_china,2041.2,99.9685,0.0000,0.0315
country_china,2041.3,99.9718,0.0000,0.0282
country_china,2041.4,99.9748,0.0000,0.0252
country_china,2041.5,99.9775,0.0000,0.0225
country_china,2041.6,99.9799,0.0000,0.0201
country_china,2041.7,99.9821,0.0000,0.0179
country_china,2041.8,99.9840,0.0000,0.0160
country_china,2041.9,99.9858,0.0000,0.0142
country_china,2042.0,99.9874,0.0000,0.0126
country_china,2042.1,99.9888,0.0000,0.0112
country_china,2042.2,99.9901,0.0000,0.0099
country_china,2042.3,99.9912,0.0000,0.0088
country_china,2042.4,99.9923,0.0000,0.0077
country_china,2042.5,99.9932,0.0000,0.0068
country_china,2042.6,99.9940,0.0000,0.0060
country_china,2042.7,99.9947,0.0000,0.0053
country_china,2042.8,99.9953,0.0000,0.0047
country_china,2042.9,99.9959,0.0000,0.0041
country_china,2043.0,99.9964,0.0000,0.0036
country_china,2043.1,99.9969,0.0000,0.0031
country_china,2043.2,99.9972,0.0000,0.0028
country_china,2043.3,99.9976,0.0000,0.0024
country_china,2043.4,99.9979,0.0000,0.0021
country_china,2043.5,99.9982,0.0000,0.0018
country_china,2043.6,99.9984,0.0000,0.0016
country_china,2043.7,99.9986,0.0000,0.0014
country_china,2043.8,99.9988,0.0000,0.0012
country_china,2043.9,99.9990,0.0000,0.0010
country_china,2044.0,99.9991,0.0000,0.0009
country_china,2044.1,99.9992,0.0000,0.0008
country_china,2044.2,99.9993,0.0000,0.0007
country_china,2044.3,99.9994,0.0000,0.0006
country_china,2044.4,99.9995,0.0000,0.0005
country_china,2044.5,99.9996,0.0000,0.0004
country_china,2044.6,99.9996,0.0000,0.0004
country_china,2044.7,99.9997,0.0000,0.0003
country_china,2044.8,99.9997,0.0000,0.0003
country_china,2044.9,99.9998,0.0000,0.0002
country_china,2045.0,99.9998,0.0000,0.0002
country_china,2045.1,99.9998,0.0000,0.0002
country_china,2045.2,99.9999,0.0000,0.0001
country_china,2045.3,99.9999,0.0000,0.0001
country_china,2045.4,99.9999,0.0000,0.0001
country_china,2045.5,99.9999,0.0000,0.0001
country_china,2045.6,99.9999,0.0000,0.0001
country_china,2045.7,99.9999,0.0000,0.0001
country_china,2045.8,99.9999,0.0000,0.0001
country_china,2045.9,100.0000,0.0000,0.0000
country_china,2046.0,100.0000,0.0000,0.0000
country_china,2046.1,100.0000,0.0000,0.0000
country_china,2046.2,100.0000,0.0000,0.0000
country_china,2046.3,100.0000,0.0000,0.0000
country_china,2046.4,100.0000,0.0000,0.0000
country_china,2046.5,100.0000,0.0000,0.0000
country_china,2046.6,100.0000,0.0000,0.0000
country_china,2046.7,100.0000,0.0000,0.0000
country_china,2046.8,100.0000,0.0000,0.0000
country_china,2046.9,100.0000,0.0000,0.0000
country_china,2047.0,100.0000,0.0000,0.0000
country_china,2047.1,100.0000,0.0000,0.0000
country_china,2047.2,100.0000,0.0000,0.0000
country_china,2047.3,100.0000,0.0000,0.0000
country_china,2047.4,100.0000,0.0000,0.0000
country_china,2047.5,100.0000,0.0000,0.0000
country_china,2047.6,100.0000,0.0000,0.0000
country_china,2047.7,100.0000,0.0000,0.0000
country_china,2047.8,100.0000,0.0000,0.0000
country_china,2047.9,100.0000,0.0000,0.0000
country_china,2048.0,100.0000,0.0000,0.0000
country_china,2048.1,100.0000,0.0000,0.0000
country_china,2048.2,100.0000,0.0000,0.0000
country_china,2048.3,100.0000,0.0000,0.0000
country_china,2048.4,100.0000,0.0000,0.0000
country_china,2048.5,100.0000,0.0000,0.0000
country_china,2048.6,100.0000,0.0000,0.0000
country_china,2048.7,100.0000,0.0000,0.0000
country_china,2048.8,100.0000,0.0000,0.0000
country_china,2048.9,100.0000,0.0000,0.0000
country_china,2049.0,100.0000,0.0000,0.0000
country_china,2049.1,100.0000,0.0000,0.0000
country_china,2049.2,100.0000,0.0000,0.0000
country_china,2049.3,100.0000,0.0000,0.0000
country_china,2049.4,100.0000,0.0000,0.0000
country_china,2049.5,100.0000,0.0000,0.0000
country_china,2049.6,100.0000,0.0000,0.0000
country_china,2049.7,100.0000,0.0000,0.0000
country_china,2049.8,100.0000,0.0000,0.0000
country_china,2049.9,100.0000,0.0000,0.0000
country_china,2050.0,100.0000,0.0000,0.0000
country_norway,2015.0,9.2144,83.4545,7.3310
country_norway,2015.1,9.6308,82.7919,7.5773
country_norway,2015.2,10.0609,82.1118,7.8272
country_norway,2015.3,10.5051,81.4144,8.0805
country_norway,2015.4,10.9634,80.6996,8.3369
country_norway,2015.5,11.4362,79.9674,8.5964
country_norway,2015.6,11.9237,79.2178,8.8585
country_norway,2015.7,12.4260,78.4508,9.1232
country_norway,2015.8,12.9434,77.6665,9.3901
country_norway,2015.9,13.4759,76.8650,9.6590
country_norway,2016.0,14.0239,76.0464,9.9297
country_norway,2016.1,14.5874,75.2109,10.2017
country_norway,2016.2,15.1666,74.3585,10.4749
country_norway,2016.3,15.7616,73.4896,10.7488
country_norway,2016.4,16.3726,72.6042,11.0232
country_norway,2016.5,16.9996,71.7027,11.2976
country_norway,2016.6,17.6428,70.7854,11.5718
country_norway,2016.7,18.3021,69.8525,11.8454
country_norway,2016.8,18.9778,68.9043,12.1179
country_norway,2016.9,19.6697,67.9413,12.3889
country_norway,2017.0,20.3780,66.9639,12.6581
country_norway,2017.1,21.1026,65.9724,12.9250
country_norway,2017.2,21.8435,64.9672,13.1892
country_norway,2017.3,22.6007,63.9490,13.4503
country_norway,2017.4,23.3741,62.9182,13.7077
country_norway,2017.5,24.1637,61.8753,13.9610
country_norway,2017.6,24.9692,60.8210,14.2098
country_norway,2017.7,25.7907,59.7558,14.4535
country_norway,2017.8,26.6279,58.6803,14.6918
country_norway,2017.9,27.4807,57.5952,14.9241
country_norway,2018.0,28.3489,56.5012,15.1499
country_norway,2018.1,29.2322,55.3991,15.3688
country_norway,2018.2,30.1304,54.2894,15.5802
country_norway,2018.3,31.0432,53.1731,15.7837
country_norway,2018.4,31.9703,52.0508,15.9788
country_norway,2018.5,32.9115,50.9235,16.1650
country_norway,2018.6,33.8662,49.7918,16.3419
country_norway,2018.7,34.8342,48.6568,16.5090
country_norway,2018.8,35.8150,47.5191,16.6658
country_norway,2018.9,36.8082,46.3798,16.8120
country_norway,2019.0,37.8133,45.2397,16.9470
country_norway,2019.1,38.8299,44.0996,17.0705
country_norway,2019.2,39.8573,42.9606,17.1821
country_norway,2019.3,40.8951,41.8236,17.2813
country_norway,2019.4,41.9426,40.6894,17.3680
country_norway,2019.5,42.9993,39.5591,17.4416
country_norway,2019.6,44.0646,38.4335,17.5019
country_norway,2019.7,45.1377,37.3136,17.5487
country_norway,2019.8,46.2181,36.2004,17.5816
country_norway,2019.9,47.3049,35.0947,17.6004
country_norway,2020.0,48.3976,33.9975,17.6050
country_norway,2020.1,49.4953,32.9096,17.5951
country_norway,2020.2,50.5972,31.8321,17.5706
country_norway,2020.3,51.7027,30.7658,17.5315
country_norway,2020.4,52.8109,29.7115,17.4776
country_norway,2020.5,53.9209,28.6701,17.4090
country_norway,2020.6,55.0320,27.6424,17.3256
country_norway,2020.7,56.1433,26.6293,17.2274
country_norway,2020.8,57.2540,25.6314,17.1146
country_norway,2020.9,58.3631,24.6496,16.9873
country_norway,2021.0,59.4698,23.6845,16.8457
country_norway,2021.1,60.5733,22.7369,16.6898
country_norway,2021.2,61.6726,21.8073,16.5201
country_norway,2021.3,62.7669,20.8964,16.3367
country_norway,2021.4,63.8553,20.0048,16.1399
country_norway,2021.5,64.9368,19.1330,15.9302
country_norway,2021.6,66.0107,18.2814,15.7079
country_norway,2021.7,67.0760,17.4505,15.4734
country_norway,2021.8,68.1320,16.6408,15.2273
country_norway,2021.9,69.1777,15.8525,14.9699
country_norway,2022.0,70.2123,15.0859,14.7018
country_norway,2022.1,71.2349,14.3414,14.4236
country_norway,2022.2,72.2449,13.6192,14.1359
country_norway,2022.3,73.2414,12.9193,13.8393
country_norway,2022.4,74.2237,12.2420,13.5344
country_norway,2022.5,75.1910,11.5872,13.2218
country_norway,2022.6,76.1426,10.9551,12.9023
country_norway,2022.7,77.0778,10.3456,12.5765
country_norway,2022.8,77.9961,9.7587,12.2452
country_norway,2022.9,78.8968,9.1941,11.9091
country_norway,2023.0,79.7793,8.6519,11.5688
country_norway,2023.1,80.6431,8.1317,11.2252
country_norway,2023.2,81.4877,7.6334,10.8790
country_norway,2023.3,82.3126,7.1566,10.5309
country_norway,2023.4,83.1174,6.7011,10.1816
country_norway,2023.5,83.9017,6.2665,9.8318
country_norway,2023.6,84.6653,5.8524,9.4823
country_norway,2023.7,85.4077,5.4584,9.1339
country_norway,2023.8,86.1288,5.0841,8.7870
country_norway,2023.9,86.8284,4.7291,8.4426
country_norway,2024.0,87.5062,4.3927,8.1011
country_norway,2024.1,88.1623,4.0746,7.7632
country_norway,2024.2,88.7964,3.7741,7.4295
country_norway,2024.3,89.4086,3.4907,7.1006
country_norway,2024.4,89.9990,3.2239,6.7771
country_norway,2024.5,90.5675,2.9731,6.4594
country_norway,2024.6,91.1143,2.7377,6.1480
country_norway,2024.7,91.6395,2.5171,5.8434
country_norway,2024.8,92.1434,2.3107,5.5459
country_norway,2024.9,92.6261,2.1179,5.2560
country_norway,2025.0,93.0879,1.9381,4.9740
country_norway,2025.1,93.5290,1.7708,4.7002
country_norway,2025.2,93.9500,1.6152,4.4348
country_norway,2025.3,94.3510,1.4709,4.1781
country_norway,2025.4,94.7325,1.3373,3.9302
country_norway,2025.5,95.0950,1.2137,3.6913
country_norway,2025.6,95.4388,1.0997,3.4615
country_norway,2025.7,95.7645,0.9947,3.2408
country_norway,2025.8,96.0725,0.8981,3.0294
country_norway,2025.9,96.3634,0.8094,2.8272
country_norway,2026.0,96.6377,0.7282,2.6341
country_norway,2026.1,96.8959,0.6539,2.4501
country_norway,2026.2,97.1386,0.5862,2.2752
country_norway,2026.3,97.3664,0.5244,2.1092
country_norway,2026.4,97.5797,0.4683,1.9519
country_norway,2026.5,97.7793,0.4174,1.8033
country_norway,2026.6,97.9657,0.3713,1.6630
country_norway,2026.7,98.1395,0.3296,1.5309
country_norway,2026.8,98.3012,0.2921,1.4068
country_norway,2026.9,98.4514,0.2583,1.2903
country_norway,2027.0,98.5907,0.2279,1.1814
country_norway,2027.1,98.7197,0.2007,1.0796
country_norway,2027.2,98.8389,0.1764,0.9847
country_norway,2027.3,98.9488,0.1547,0.8965
country_norway,2027.4,99.0500,0.1353,0.8146
country_norway,2027.5,99.1431,0.1182,0.7388
country_norway,2027.6,99.2284,0.1030,0.6687
country_norway,2027.7,99.3065,0.0895,0.6040
country_norway,2027.8,99.3779,0.0776,0.5445
country_norway,2027.9,99.4430,0.0672,0.4898
country_norway,2028.0,99.5022,0.0580,0.4398
country_norway,2028.1,99.5560,0.0500,0.3940
country_norway,2028.2,99.6048,0.0429,0.3523
country_norway,2028.3,99.6489,0.0368,0.3143
country_norway,2028.4,99.6887,0.0315,0.2798
country_norway,2028.5,99.7246,0.0269,0.2485
country_norway,2028.6,99.7569,0.0229,0.2203
country_norway,2028.7,99.7858,0.0194,0.1948
country_norway,2028.8,99.8117,0.0164,0.1719
country_norway,2028.9,99.8348,0.0139,0.1513
country_norway,2029.0,99.8554,0.0117,0.1329
country_norway,2029.1,99.8737,0.0098,0.1165
country_norway,2029.2,99.8899,0.0082,0.1018
country_norway,2029.3,99.9043,0.0069,0.0888
country_norway,2029.4,99.9170,0.0057,0.0773
country_norway,2029.5,99.9282,0.0048,0.0671
country_norway,2029.6,99.9380,0.0040,0.0581
country_norway,2029.7,99.9466,0.0033,0.0501
country_norway,2029.8,99.9541,0.0027,0.0432
country_norway,2029.9,99.9607,0.0022,0.0371
country_norway,2030.0,99.9664,0.0018,0.0318
country_norway,2030.1,99.9713,0.0015,0.0272
country_norway,2030.2,99.9756,0.0012,0.0232
country_norway,2030.3,99.9793,0.0010,0.0197
country_norway,2030.4,99.9825,0.0008,0.0167
country_norway,2030.5,99.9852,0.0006,0.0141
country_norway,2030.6,99.9875,0.0005,0.0119
country_norway,2030.7,99.9895,0.0004,0.0100
country_norway,2030.8,99.9912,0.0003,0.0084
country_norway,2030.9,99.9927,0.0003,0.0070
country_norway,2031.0,99.9939,0.0002,0.0059
country_norway,2031.1,99.9949,0.0002,0.0049
country_norway,2031.2,99.9958,0.0001,0.0041
country_norway,2031.3,99.9965,0.0001,0.0033
country_norway,2031.4,99.9972,0.0001,0.0028
country_norway,2031.5,99.9977,0.0001,0.0023
country_norway,2031.6,99.9981,0.0001,0.0019
country_norway,2031.7,99.9984,0.0000,0.0015
country_norway,2031.8,99.9987,0.0000,0.0012
country_norway,2031.9,99.9990,0.0000,0.0010
country_norway,2032.0,99.9992,0.0000,0.0008
country_norway,2032.1,99.9993,0.0000,0.0007
country_norway,2032.2,99.9995,0.0000,0.0005
country_norway,2032.3,99.9996,0.0000,0.0004
country_norway,2032.4,99.9997,0.0000,0.0003
country_norway,2032.5,99.9997,0.0000,0.0003
country_norway,2032.6,99.9998,0.0000,0.0002
country_norway,2032.7,99.9998,0.0000,0.0002
country_norway,2032.8,99.9999,0.0000,0.0001
country_norway,2032.9,99.9999,0.0000,0.0001
country_norway,2033.0,99.9999,0.0000,0.0001
country_norway,2033.1,99.9999,0.0000,0.0001
country_norway,2033.2,100.0000,0.0000,0.0000
country_norway,2033.3,100.0000,0.0000,0.0000
country_norway,2033.4,100.0000,0.0000,0.0000
country_norway,2033.5,100.0000,0.0000,0.0000
country_norway,2033.6,100.0000,0.0000,0.0000
country_norway,2033.7,100.0000,0.0000,0.0000
country_norway,2033.8,100.0000,0.0000,0.0000
country_norway,2033.9,100.0000,0.0000,0.0000
country_norway,2034.0,100.0000,0.0000,0.0000
country_norway,2034.1,100.0000,0.0000,0.0000
country_norway,2034.2,100.0000,0.0000,0.0000
country_norway,2034.3,100.0000,0.0000,0.0000
country_norway,2034.4,100.0000,0.0000,0.0000
country_norway,2034.5,100.0000,0.0000,0.0000
country_norway,2034.6,100.0000,0.0000,0.0000
country_norway,2034.7,100.0000,0.0000,0.0000
country_norway,2034.8,100.0000,0.0000,0.0000
country_norway,2034.9,100.0000,0.0000,0.0000
country_norway,2035.0,100.0000,0.0000,0.0000
country_norway,2035.1,100.0000,0.0000,0.0000
country_norway,2035.2,100.0000,0.0000,0.0000
country_norway,2035.3,100.0000,0.0000,0.0000
country_norway,2035.4,100.0000,0.0000,0.0000
country_norway,2035.5,100.0000,0.0000,0.0000
country_norway,2035.6,100.0000,0.0000,0.0000
country_norway,2035.7,100.0000,0.0000,0.0000
country_norway,2035.8,100.0000,0.0000,0.0000
country_norway,2035.9,100.0000,0.0000,0.0000
country_norway,2036.0,100.0000,0.0000,0.0000
country_norway,2036.1,100.0000,0.0000,0.0000
country_norway,2036.2,100.0000,0.0000,0.0000
country_norway,2036.3,100.0000,0.0000,0.0000
country_norway,2036.4,100.0000,0.0000,0.0000
country_norway,2036.5,100.0000,0.0000,0.0000
country_norway,2036.6,100.0000,0.0000,0.0000
country_norway,2036.7,100.0000,0.0000,0.0000
country_norway,2036.8,100.0000,0.0000,0.0000
country_norway,2036.9,100.0000,0.0000,0.0000
country_norway,2037.0,100.0000,0.0000,0.0000
country_norway,2037.1,100.0000,0.0000,0.0000
country_norway,2037.2,100.0000,0.0000,0.0000
country_norway,2037.3,100.0000,0.0000,0.0000
country_norway,2037.4,100.0000,0.0000,0.0000
country_norway,2037.5,100.0000,0.0000,0.0000
country_norway,2037.6,100.0000,0.0000,0.0000
country_norway,2037.7,100.0000,0.0000,0.0000
country_norway,2037.8,100.0000,0.0000,0.0000
country_norway,2037.9,100.0000,0.0000,0.0000
country_norway,2038.0,100.0000,0.0000,0.0000
country_norway,2038.1,100.0000,0.0000,0.0000
country_norway,2038.2,100.0000,0.0000,0.0000
country_norway,2038.3,100.0000,0.0000,0.0000
country_norway,2038.4,100.0000,0.0000,0.0000
country_norway,2038.5,100.0000,0.0000,0.0000
country_norway,2038.6,100.0000,0.0000,0.0000
country_norway,2038.7,100.0000,0.0000,0.0000
country_norway,2038.8,100.0000,0.0000,0.0000
country_norway,2038.9,100.0000,0.0000,0.0000
country_norway,2039.0,100.0000,0.0000,0.0000
country_norway,2039.1,100.0000,0.0000,0.0000
country_norway,2039.2,100.0000,0.0000,0.0000
country_norway,2039.3,100.0000,0.0000,0.0000
country_norway,2039.4,100.0000,0.0000,0.0000
country_norway,2039.5,100.0000,0.0000,0.0000
country_norway,2039.6,100.0000,0.0000,0.0000
country_norway,2039.7,100.0000,0.0000,0.0000
country_norway,2039.8,100.0000,0.0000,0.0000
country_norway,2039.9,100.0000,0.0000,0.0000
country_norway,2040.0,100.0000,0.0000,0.0000
country_norway,2040.1,100.0000,0.0000,0.0000
country_norway,2040.2,100.0000,0.0000,0.0000
country_norway,2040.3,100.0000,0.0000,0.0000
country_norway,2040.4,100.0000,0.0000,0.0000
country_norway,2040.5,100.0000,0.0000,0.0000
country_norway,2040.6,100.0000,0.0000,0.0000
country_norway,2040.7,100.0000,0.0000,0.0000
country_norway,2040.8,100.0000,0.0000,0.0000
country_norway,2040.9,100.0000,0.0000,0.0000
country_norway,2041.0,100.0000,0.0000,0.0000
country_norway,2041.1,100.0000,0.0000,0.0000
country_norway,2041.2,100.0000,0.0000,0.0000
country_norway,2041.3,100.0000,0.0000,0.0000
country_norway,2041.4,100.0000,0.0000,0.0000
country_norway,2041.5,100.0000,0.0000,0.0000
country_norway,2041.6,100.0000,0.0000,0.0000
country_norway,2041.7,100.0000,0.0000,0.0000
country_norway,2041.8,100.0000,0.0000,0.0000
country_norway,2041.9,100.0000,0.0000,0.0000
country_norway,2042.0,100.0000,0.0000,0.0000
country_norway,2042.1,100.0000,0.0000,0.0000
country_norway,2042.2,100.0000,0.0000,0.0000
country_norway,2042.3,100.0000,0.0000,0.0000
country_norway,2042.4,100.0000,0.0000,0.0000
country_norway,2042.5,100.0000,0.0000,0.0000
country_norway,2042.6,100.0000,0.0000,0.0000
country_norway,2042.7,100.0000,0.0000,0.0000
country_norway,2042.8,100.0000,0.0000,0.0000
country_norway,2042.9,100.0000,0.0000,0.0000
country_norway,2043.0,100.0000,0.0000,0.0000
country_norway,2043.1,100.0000,0.0000,0.0000
country_norway,2043.2,100.0000,0.0000,0.0000
country_norway,2043.3,100.0000,0.0000,0.0000
country_norway,2043.4,100.0000,0.0000,0.0000
country_norway,2043.5,100.0000,0.0000,0.0000
country_norway,2043.6,100.0000,0.0000,0.0000
country_norway,2043.7,100.0000,0.0000,0.0000
country_norway,2043.8,100.0000,0.0000,0.0000
country_norway,2043.9,100.0000,0.0000,0.0000
country_norway,2044.0,100.0000,0.0000,0.0000
country_norway,2044.1,100.0000,0.0000,0.0000
country_norway,2044.2,100.0000,0.0000,0.0000
country_norway,2044.3,100.0000,0.0000,0.0000
country_norway,2044.4,100.0000,0.0000,0.0000
country_norway,2044.5,100.0000,0.0000,0.0000
country_norway,2044.6,100.0000,0.0000,0.0000
country_norway,2044.7,100.0000,0.0000,0.0000
country_norway,2044.8,100.0000,0.0000,0.0000
country_norway,2044.9,100.0000,0.0000,0.0000
country_norway,2045.0,100.0000,0.0000,0.0000
country_norway,2045.1,100.0000,0.0000,0.0000
country_norway,2045.2,100.0000,0.0000,0.0000
country_norway,2045.3,100.0000,0.0000,0.0000
country_norway,2045.4,100.0000,0.0000,0.0000
country_norway,2045.5,100.0000,0.0000,0.0000
country_norway,2045.6,100.0000,0.0000,0.0000
country_norway,2045.7,100.0000,0.0000,0.0000
country_norway,2045.8,100.0000,0.0000,0.0000
country_norway,2045.9,100.0000,0.0000,0.0000
country_norway,2046.0,100.0000,0.0000,0.0000
country_norway,2046.1,100.0000,0.0000,0.0000
country_norway,2046.2,100.0000,0.0000,0.0000
country_norway,2046.3,100.0000,0.0000,0.0000
country_norway,2046.4,100.0000,0.0000,0.0000
country_norway,2046.5,100.0000,0.0000,0.0000
country_norway,2046.6,100.0000,0.0000,0.0000
country_norway,2046.7,100.0000,0.0000,0.0000
country_norway,2046.8,100.0000,0.0000,0.0000
country_norway,2046.9,100.0000,0.0000,0.0000
country_norway,2047.0,100.0000,0.0000,0.0000
country_norway,2047.1,100.0000,0.0000,0.0000
country_norway,2047.2,100.0000,0.0000,0.0000
country_norway,2047.3,100.0000,0.0000,0.0000
country_norway,2047.4,100.0000,0.0000,0.0000
country_norway,2047.5,100.0000,0.0000,0.0000
country_norway,2047.6,100.0000,0.0000,0.0000
country_norway,2047.7,100.0000,0.0000,0.0000
country_norway,2047.8,100.0000,0.0000,0.0000
country_norway,2047.9,100.0000,0.0000,0.0000
country_norway,2048.0,100.0000,0.0000,0.0000
country_norway,2048.1,100.0000,0.0000,0.0000
country_norway,2048.2,100.0000,0.0000,0.0000
country_norway,2048.3,100.0000,0.0000,0.0000
country_norway,2048.4,100.0000,0.0000,0.0000
country_norway,2048.5,100.0000,0.0000,0.0000
country_norway,2048.6,100.0000,0.0000,0.0000
country_norway,2048.7,100.0000,0.0000,0.0000
country_norway,2048.8,100.0000,0.0000,0.0000
country_norway,2048.9,100.0000,0.0000,0.0000
country_norway,2049.0,100.0000,0.0000,0.0000
country_norway,2049.1,100.0000,0.0000,0.0000
country_norway,2049.2,100.0000,0.0000,0.0000
country_norway,2049.3,100.0000,0.0000,0.0000
country_norway,2049.4,100.0000,0.0000,0.0000
country_norway,2049.5,100.0000,0.0000,0.0000
country_norway,2049.6,100.0000,0.0000,0.0000
country_norway,2049.7,100.0000,0.0000,0.0000
country_norway,2049.8,100.0000,0.0000,0.0000
country_norway,2049.9,100.0000,0.0000,0.0000
country_norway,2050.0,100.0000,0.0000,0.0000
country_usa,2015.0,0.2321,99.6139,0.1540
country_usa,2015.1,0.2477,99.5902,0.1622
country_usa,2015.2,0.2640,99.5655,0.1706
country_usa,2015.3,0.2810,99.5398,0.1792
country_usa,2015.4,0.2987,99.5132,0.1881
country_usa,2015.5,0.3172,99.4855,0.1973
country_usa,2015.6,0.3365,99.4568,0.2067
country_usa,2015.7,0.3566,99.4271,0.2163
country_usa,2015.8,0.3776,99.3963,0.2262
country_usa,2015.9,0.3993,99.3644,0.2363
country_usa,2016.0,0.4219,99.3314,0.2467
country_usa,2016.1,0.4454,99.2973,0.2573
country_usa,2016.2,0.4698,99.2621,0.2682
country_usa,2016.3,0.4950,99.2257,0.2793
country_usa,2016.4,0.5212,99.1882,0.2906
country_usa,2016.5,0.5484,99.1494,0.3022
country_usa,2016.6,0.5765,99.1095,0.3141
country_usa,2016.7,0.6056,99.0683,0.3262
country_usa,2016.8,0.6356,99.0259,0.3385
country_usa,2016.9,0.6667,98.9822,0.3511
country_usa,2017.0,0.6989,98.9373,0.3639
country_usa,2017.1,0.7321,98.8910,0.3769
country_usa,2017.2,0.7663,98.8435,0.3902
country_usa,2017.3,0.8017,98.7946,0.4037
country_usa,2017.4,0.8382,98.7443,0.4175
country_usa,2017.5,0.8758,98.6927,0.4315
country_usa,2017.6,0.9145,98.6398,0.4457
country_usa,2017.7,0.9544,98.5854,0.4602
country_usa,2017.8,0.9955,98.5296,0.4749
country_usa,2017.9,1.0378,98.4724,0.4898
country_usa,2018.0,1.0813,98.4137,0.5050
country_usa,2018.1,1.1261,98.3536,0.5203
country_usa,2018.2,1.1721,98.2920,0.5359
country_usa,2018.3,1.2194,98.2289,0.5517
country_usa,2018.4,1.2680,98.1643,0.5678
country_usa,2018.5,1.3179,98.0981,0.5840
country_usa,2018.6,1.3691,98.0305,0.6004
country_usa,2018.7,1.4217,97.9612,0.6171
country_usa,2018.8,1.4756,97.8904,0.6340
country_usa,2018.9,1.5310,97.8180,0.6511
country_usa,2019.0,1.5877,97.7440,0.6683
country_usa,2019.1,1.6459,97.6683,0.6858
country_usa,2019.2,1.7055,97.5910,0.7035
country_usa,2019.3,1.7666,97.5121,0.7213
country_usa,2019.4,1.8291,97.4315,0.7394
country_usa,2019.5,1.8932,97.3493,0.7576
country_usa,2019.6,1.9587,97.2653,0.7760
country_usa,2019.7,2.0258,97.1796,0.7946
country_usa,2019.8,2.0945,97.0922,0.8134
country_usa,2019.9,2.1647,97.0030,0.8323
country_usa,2020.0,2.2365,96.9121,0.8514
country_usa,2020.1,2.3099,96.8195,0.8707
country_usa,2020.2,2.3849,96.7250,0.8901
country_usa,2020.3,2.4615,96.6288,0.9097
country_usa,2020.4,2.5399,96.5308,0.9294
country_usa,2020.5,2.6198,96.4309,0.9493
country_usa,2020.6,2.7015,96.3292,0.9693
country_usa,2020.7,2.7849,96.2257,0.9894
country_usa,2020.8,2.8700,96.1203,1.0097
country_usa,2020.9,2.9569,96.0130,1.0301
country_usa,2021.0,3.0455,95.9038,1.0507
country_usa,2021.1,3.1359,95.7928,1.0714
country_usa,2021.2,3.2280,95.6798,1.0921
country_usa,2021.3,3.3220,95.5650,1.1130
country_usa,2021.4,3.4178,95.4482,1.1340
country_usa,2021.5,3.5155,95.3294,1.1551
country_usa,2021.6,3.6150,95.2087,1.1763
country_usa,2021.7,3.7164,95.0861,1.1976
country_usa,2021.8,3.8196,94.9614,1.2190
country_usa,2021.9,3.9248,94.8348,1.2404
country_usa,2022.0,4.0319,94.7062,1.2619
country_usa,2022.1,4.1409,94.5756,1.2835
country_usa,2022.2,4.2519,94.4430,1.3052
country_usa,2022.3,4.3648,94.3083,1.3269
country_usa,2022.4,4.4797,94.1716,1.3487
country_usa,2022.5,4.5966,94.0329,1.3705
country_usa,2022.6,4.7155,93.8921,1.3923
country_usa,2022.7,4.8365,93.7493,1.4142
country_usa,2022.8,4.9594,93.6044,1.4362
country_usa,2022.9,5.0845,93.4574,1.4581
country_usa,2023.0,5.2115,93.3084,1.4801
country_usa,2023.1,5.3407,93.1572,1.5021
country_usa,2023.2,5.4719,93.0040,1.5240
country_usa,2023.3,5.6053,92.8487,1.5460
country_usa,2023.4,5.7408,92.6912,1.5680
country_usa,2023.5,5.8784,92.5316,1.5900
country_usa,2023.6,6.0181,92.3699,1.6120
country_usa,2023.7,6.1600,92.2061,1.6339
country_usa,2023.8,6.3041,92.0401,1.6558
country_usa,2023.9,6.4503,91.8720,1.6777
country_usa,2024.0,6.5987,91.7018,1.6995
country_usa,2024.1,6.7493,91.5294,1.7213
country_usa,2024.2,6.9022,91.3548,1.7430
country_usa,2024.3,7.0572,91.1781,1.7647
country_usa,2024.4,7.2145,90.9992,1.7863
country_usa,2024.5,7.3740,90.8182,1.8078
country_usa,2024.6,7.5358,90.6349,1.8293
country_usa,2024.7,7.6998,90.4496,1.8506
country_usa,2024.8,7.8661,90.2620,1.8719
country_usa,2024.9,8.0347,90.0722,1.8931
country_usa,2025.0,8.2055,89.8803,1.9142
country_usa,2025.1,8.3787,89.6862,1.9351
country_usa,2025.2,8.5542,89.4899,1.9560
country_usa,2025.3,8.7319,89.2914,1.9767
country_usa,2025.4,8.9120,89.0907,1.9973
country_usa,2025.5,9.0945,88.8878,2.0177
country_usa,2025.6,9.2792,88.6828,2.0380
country_usa,2025.7,9.4663,88.4755,2.0581
country_usa,2025.8,9.6558,88.2661,2.0781
country_usa,2025.9,9.8476,88.0545,2.0980
country_usa,2026.0,10.0417,87.8407,2.1176
country_usa,2026.1,10.2382,87.6247,2.1371
country_usa,2026.2,10.4371,87.4065,2.1564
country_usa,2026.3,10.6384,87.1861,2.1755
country_usa,2026.4,10.8420,86.9636,2.1944
country_usa,2026.5,11.0480,86.7388,2.2132
country_usa,2026.6,11.2564,86.5119,2.2317
country_usa,2026.7,11.4672,86.2829,2.2500
country_usa,2026.8,11.6804,86.0516,2.2680
country_usa,2026.9,11.8959,85.8182,2.2859
country_usa,2027.0,12.1139,85.5826,2.3035
country_usa,2027.1,12.3342,85.3449,2.3208
country_usa,2027.2,12.5570,85.1050,2.3380
country_usa,2027.3,12.7822,84.8630,2.3548
country_usa,2027.4,13.0097,84.6189,2.3714
country_usa,2027.5,13.2397,84.3726,2.3878
country_usa,2027.6,13.4720,84.1241,2.4039
country_usa,2027.7,13.7068,83.8736,2.4197
country_usa,2027.8,13.9439,83.6209,2.4352
country_usa,2027.9,14.1835,83.3661,2.4504
country_usa,2028.0,14.4254,83.1092,2.4653
country_usa,2028.1,14.6697,82.8503,2.4800
country_usa,2028.2,14.9165,82.5892,2.4943
country_usa,2028.3,15.1656,82.3261,2.5083
country_usa,2028.4,15.4171,82.0609,2.5220
country_usa,2028.5,15.6710,81.7936,2.5354
country_usa,2028.6,15.9272,81.5243,2.5485
country_usa,2028.7,16.1858,81.2530,2.5612
country_usa,2028.8,16.4468,80.9796,2.5735
country_usa,2028.9,16.7102,80.7042,2.5856
country_usa,2029.0,16.9759,80.4268,2.5973
country_usa,2029.1,17.2440,80.1474,2.6086
country_usa,2029.2,17.5144,79.8661,2.6196
country_usa,2029.3,17.7871,79.5827,2.6302
country_usa,2029.4,18.0622,79.2974,2.6404
country_usa,2029.5,18.3395,79.0102,2.6503
country_usa,2029.6,18.6192,78.7210,2.6598
country_usa,2029.7,18.9012,78.4299,2.6689
country_usa,2029.8,19.1855,78.1369,2.6776
country_usa,2029.9,19.4721,77.8420,2.6860
country_usa,2030.0,19.7609,77.5452,2.6939
country_usa,2030.1,20.0520,77.2465,2.7014
country_usa,2030.2,20.3454,76.9460,2.7086
country_usa,2030.3,20.6410,76.6437,2.7153
country_usa,2030.4,20.9388,76.3396,2.7216
country_usa,2030.5,21.2388,76.0336,2.7275
country_usa,2030.6,21.5411,75.7259,2.7330
country_usa,2030.7,21.8455,75.4164,2.7381
country_usa,2030.8,22.1521,75.1052,2.7427
country_usa,2030.9,22.4609,74.7922,2.7469
country_usa,2031.0,22.7718,74.4775,2.7507
country_usa,2031.1,23.0848,74.1611,2.7541
country_usa,2031.2,23.4000,73.8430,2.7570
country_usa,2031.3,23.7172,73.5233,2.7594
country_usa,2031.4,24.0366,73.2019,2.7615
country_usa,2031.5,24.3580,72.8790,2.7630
country_usa,2031.6,24.6815,72.5544,2.7642
country_usa,2031.7,25.0069,72.2282,2.7649
country_usa,2031.8,25.3344,71.9004,2.7651
country_usa,2031.9,25.6639,71.5712,2.7649
country_usa,2032.0,25.9954,71.2404,2.7642
country_usa,2032.1,26.3288,70.9081,2.7631
country_usa,2032.2,26.6642,70.5743,2.7615
country_usa,2032.3,27.0015,70.2390,2.7595
country_usa,2032.4,27.3407,69.9024,2.7570
country_usa,2032.5,27.6817,69.5643,2.7540
country_usa,2032.6,28.0246,69.2248,2.7506
country_usa,2032.7,28.3694,68.8839,2.7467
country_usa,2032.8,28.7159,68.5418,2.7423
country_usa,2032.9,29.0642,68.1982,2.7375
country_usa,2033.0,29.4143,67.8534,2.7322
country_usa,2033.1,29.7662,67.5073,2.7265
country_usa,2033.2,30.1197,67.1600,2.7203
country_usa,2033.3,30.4749,66.8115,2.7136
country_usa,2033.4,30.8318,66.4617,2.7065
country_usa,2033.5,31.1904,66.1108,2.6989
country_usa,2033.6,31.5505,65.7587,2.6908
country_usa,2033.7,31.9123,65.4054,2.6823
country_usa,2033.8,32.2756,65.0511,2.6733
country_usa,2033.9,32.6404,64.6957,2.6638
country_usa,2034.0,33.0068,64.3393,2.6539
country_usa,2034.1,33.3746,63.9818,2.6436
country_usa,2034.2,33.7439,63.6234,2.6327
country_usa,2034.3,34.1146,63.2639,2.6215
country_usa,2034.4,34.4867,62.9036,2.6097
country_usa,2034.5,34.8602,62.5423,2.5976
country_usa,2034.6,35.2350,62.1801,2.5849
country_usa,2034.7,35.6111,61.8171,2.5719
country_usa,2034.8,35.9885,61.4532,2.5584
country_usa,2034.9,36.3671,61.0885,2.5444
country_usa,2035.0,36.7470,60.7230,2.5300
country_usa,2035.1,37.1280,60.3568,2.5152
country_usa,2035.2,37.5102,59.9899,2.4999
country_usa,2035.3,37.8935,59.6223,2.4842
country_usa,2035.4,38.2779,59.2540,2.4681
country_usa,2035.5,38.6634,58.8850,2.4516
country_usa,2035.6,39.0499,58.5155,2.4346
country_usa,2035.7,39.4374,58.1454,2.4173
country_usa,2035.8,39.8258,57.7747,2.3995
country_usa,2035.9,40.2152,57.4035,2.3813
country_usa,2036.0,40.6055,57.0318,2.3627
country_usa,2036.1,40.9966,56.6597,2.3437
country_usa,2036.2,41.3886,56.2871,2.3244
country_usa,2036.3,41.7813,55.9141,2.3046
country_usa,2036.4,42.1748,55.5407,2.2845
country_usa,2036.5,42.5690,55.1670,2.2639
country_usa,2036.6,42.9640,54.7930,2.2430
country_usa,2036.7,43.3595,54.4187,2.2218
country_usa,2036.8,43.7557,54.0441,2.2001
country_usa,2036.9,44.1525,53.6693,2.1782
country_usa,2037.0,44.5498,53.2943,2.1558
country_usa,2037.1,44.9477,52.9192,2.1331
country_usa,2037.2,45.3460,52.5439,2.1101
country_usa,2037.3,45.7447,52.1685,2.0868
country_usa,2037.4,46.1439,51.7931,2.0631
country_usa,2037.5,46.5434,51.4175,2.0391
country_usa,2037.6,46.9432,51.0420,2.0148
country_usa,2037.7,47.3434,50.6665,1.9901
country_usa,2037.8,47.7438,50.2910,1.9652
country_usa,2037.9,48.1444,49.9156,1.9400
country_usa,2038.0,48.5452,49.5404,1.9145
country_usa,2038.1,48.9461,49.1652,1.8887
country_usa,2038.2,49.3472,48.7902,1.8626
country_usa,2038.3,49.7483,48.4154,1.8363
country_usa,2038.4,50.1494,48.0409,1.8097
country_usa,2038.5,50.5506,47.6666,1.7828
country_usa,2038.6,50.9517,47.2926,1.7557
country_usa,2038.7,51.3527,46.9189,1.7284
country_usa,2038.8,51.7536,46.5455,1.7009
country_usa,2038.9,52.1544,46.1725,1.6731
country_usa,2039.0,52.5550,45.7999,1.6451
country_usa,2039.1,52.9553,45.4278,1.6169
country_usa,2039.2,53.3554,45.0561,1.5885
country_usa,2039.3,53.7552,44.6849,1.5599
country_usa,2039.4,54.1546,44.3143,1.5311
country_usa,2039.5,54.5537,43.9442,1.5021
country_usa,2039.6,54.9523,43.5746,1.4730
country_usa,2039.7,55.3505,43.2057,1.4437
country_usa,2039.8,55.7482,42.8374,1.4143
country_usa,2039.9,56.1454,42.4698,1.3847
country_usa,2040.0,56.5420,42.1029,1.3550
country_usa,2040.1,56.9381,41.7367,1.3252
country_usa,2040.2,57.3335,41.3713,1.2953
country_usa,2040.3,57.7282,41.0066,1.2652
country_usa,2040.4,58.1222,40.6428,1.2351
country_usa,2040.5,58.5155,40.2797,1.2048
country_usa,2040.6,58.9079,39.9176,1.1745
country_usa,2040.7,59.2996,39.5563,1.1441
country_usa,2040.8,59.6904,39.1960,1.1136
country_usa,2040.9,60.0804,38.8366,1.0831
country_usa,2041.0,60.4694,38.4781,1.0525
country_usa,2041.1,60.8574,38.1207,1.0219
country_usa,2041.2,61.2445,37.7643,0.9912
country_usa,2041.3,61.6305,37.4089,0.9605
country_usa,2041.4,62.0155,37.0547,0.9298
country_usa,2041.5,62.3994,36.7015,0.8991
country_usa,2041.6,62.7821,36.3494,0.8685
country_usa,2041.7,63.1637,35.9985,0.8378
country_usa,2041.8,63.5441,35.6488,0.8071
country_usa,2041.9,63.9232,35.3003,0.7765
country_usa,2042.0,64.3011,34.9530,0.7459
country_usa,2042.1,64.6777,34.6070,0.7153
country_usa,2042.2,65.0530,34.2622,0.6848
country_usa,2042.3,65.4269,33.9187,0.6544
country_usa,2042.4,65.7994,33.5766,0.6240
country_usa,2042.5,66.1705,33.2358,0.5937
country_usa,2042.6,66.5402,32.8963,0.5635
country_usa,2042.7,66.9083,32.5583,0.5334
country_usa,2042.8,67.2750,32.2216,0.5034
country_usa,2042.9,67.6401,31.8864,0.4735
country_usa,2043.0,68.0036,31.5527,0.4437
country_usa,2043.1,68.3655,31.2204,0.4140
country_usa,2043.2,68.7258,30.8897,0.3845
country_usa,2043.3,69.0845,30.5604,0.3551
country_usa,2043.4,69.4414,30.2327,0.3259
country_usa,2043.5,69.7967,29.9065,0.2968
country_usa,2043.6,70.1501,29.5820,0.2679
country_usa,2043.7,70.5019,29.2590,0.2391
country_usa,2043.8,70.8518,28.9376,0.2106
country_usa,2043.9,71.1999,28.6179,0.1822
country_usa,2044.0,71.5462,28.2998,0.1540
country_usa,2044.1,71.8905,27.9834,0.1260
country_usa,2044.2,72.2330,27.6687,0.0982
country_usa,2044.3,72.5736,27.3557,0.0707
country_usa,2044.4,72.9122,27.0444,0.0433
country_usa,2044.5,73.2489,26.7349,0.0162
country_usa,2044.6,73.5835,26.4271,0.0000
country_usa,2044.7,73.9162,26.1211,0.0000
country_usa,2044.8,74.2468,25.8169,0.0000
country_usa,2044.9,74.5753,25.5145,0.0000
country_usa,2045.0,74.9018,25.2139,0.0000
country_usa,2045.1,75.2262,24.9151,0.0000
country_usa,2045.2,75.5485,24.6182,0.0000
country_usa,2045.3,75.8686,24.3231,0.0000
country_usa,2045.4,76.1866,24.0300,0.0000
country_usa,2045.5,76.5024,23.7387,0.0000
country_usa,2045.6,76.8160,23.4493,0.0000
country_usa,2045.7,77.1274,23.1618,0.0000
country_usa,2045.8,77.4366,22.8762,0.0000
country_usa,2045.9,77.7435,22.5926,0.0000
country_usa,2046.0,78.0482,22.3109,0.0000
country_usa,2046.1,78.3506,22.0312,0.0000
country_usa,2046.2,78.6508,21.7534,0.0000
country_usa,2046.3,78.9486,21.4777,0.0000
country_usa,2046.4,79.2441,21.2039,0.0000
country_usa,2046.5,79.5373,20.9321,0.0000
country_usa,2046.6,79.8281,20.6623,0.0000
country_usa,2046.7,80.1166,20.3945,0.0000
country_usa,2046.8,80.4027,20.1288,0.0000
country_usa,2046.9,80.6864,19.8650,0.0000
country_usa,2047.0,80.9678,19.6034,0.0000
country_usa,2047.1,81.2468,19.3437,0.0000
country_usa,2047.2,81.5233,19.0861,0.0000
country_usa,2047.3,81.7975,18.8306,0.0000
country_usa,2047.4,82.0692,18.5771,0.0000
country_usa,2047.5,82.3385,18.3257,0.0000
country_usa,2047.6,82.6053,18.0763,0.0000
country_usa,2047.7,82.8698,17.8291,0.0000
country_usa,2047.8,83.1317,17.5839,0.0000
country_usa,2047.9,83.3912,17.3408,0.0000
country_usa,2048.0,83.6483,17.0998,0.0000
country_usa,2048.1,83.9029,16.8609,0.0000
country_usa,2048.2,84.1550,16.6241,0.0000
country_usa,2048.3,84.4046,16.3894,0.0000
country_usa,2048.4,84.6518,16.1567,0.0000
country_usa,2048.5,84.8965,15.9262,0.0000
country_usa,2048.6,85.1387,15.6978,0.0000
country_usa,2048.7,85.3784,15.4715,0.0000
country_usa,2048.8,85.6156,15.2473,0.0000
country_usa,2048.9,85.8504,15.0252,0.0000
country_usa,2049.0,86.0827,14.8052,0.0000
country_usa,2049.1,86.3125,14.5873,0.0000
country_usa,2049.2,86.5398,14.3715,0.0000
country_usa,2049.3,86.7646,14.1578,0.0000
country_usa,2049.4,86.9869,13.9462,0.0000
country_usa,2049.5,87.2068,13.7367,0.0000
country_usa,2049.6,87.4242,13.5293,0.0000
country_usa,2049.7,87.6392,13.3240,0.0000
country_usa,2049.8,87.8516,13.1208,0.0000
country_usa,2049.9,88.0616,12.9197,0.0000
country_usa,2050.0,88.2692,12.7207,0.0000
country_japan,2015.0,0.4228,99.1239,0.4533
country_japan,2015.1,0.4334,99.1014,0.4652
country_japan,2015.2,0.4439,99.0789,0.4771
country_japan,2015.3,0.4545,99.0564,0.4891
country_japan,2015.4,0.4651,99.0339,0.5010
country_japan,2015.5,0.4756,99.0114,0.5129
country_japan,2015.6,0.4862,98.9889,0.5249
country_japan,2015.7,0.4968,98.9664,0.5369
country_japan,2015.8,0.5073,98.9438,0.5489
country_japan,2015.9,0.5179,98.9213,0.5609
country_japan,2016.0,0.5284,98.8987,0.5729
country_japan,2016.1,0.5390,98.8761,0.5849
country_japan,2016.2,0.5496,98.8536,0.5969
country_japan,2016.3,0.5601,98.8310,0.6089
country_japan,2016.4,0.5707,98.8084,0.6209
country_japan,2016.5,0.5812,98.7858,0.6330
country_japan,2016.6,0.5918,98.7632,0.6450
country_japan,2016.7,0.6024,98.7406,0.6571
country_japan,2016.8,0.6129,98.7179,0.6692
country_japan,2016.9,0.6235,98.6953,0.6812
country_japan,2017.0,0.6340,98.6727,0.6933
country_japan,2017.1,0.6446,98.6500,0.7054
country_japan,2017.2,0.6551,98.6274,0.7175
country_japan,2017.3,0.6657,98.6047,0.7296
country_japan,2017.4,0.6762,98.5821,0.7417
country_japan,2017.5,0.6868,98.5594,0.7538
country_japan,2017.6,0.6973,98.5367,0.7659
country_japan,2017.7,0.7079,98.5141,0.7781
country_japan,2017.8,0.7184,98.4914,0.7902
country_japan,2017.9,0.7290,98.4687,0.8023
country_japan,2018.0,0.7395,98.4460,0.8145
country_japan,2018.1,0.7501,98.4233,0.8266
country_japan,2018.2,0.7606,98.4006,0.8388
country_japan,2018.3,0.7712,98.3779,0.8509
country_japan,2018.4,0.7817,98.3552,0.8631
country_japan,2018.5,0.7922,98.3325,0.8753
country_japan,2018.6,0.8028,98.3098,0.8874
country_japan,2018.7,0.8133,98.2870,0.8996
country_japan,2018.8,0.8239,98.2643,0.9118
country_japan,2018.9,0.8344,98.2416,0.9240
country_japan,2019.0,0.8449,98.2189,0.9362
country_japan,2019.1,0.8555,98.1961,0.9484
country_japan,2019.2,0.8660,98.1734,0.9606
country_japan,2019.3,0.8766,98.1507,0.9728
country_japan,2019.4,0.8871,98.1279,0.9850
country_japan,2019.5,0.8976,98.1052,0.9972
country_japan,2019.6,0.9082,98.0824,1.0094
country_japan,2019.7,0.9187,98.0597,1.0216
country_japan,2019.8,0.9292,98.0369,1.0339
country_japan,2019.9,0.9397,98.0142,1.0461
country_japan,2020.0,0.9503,97.9914,1.0583
country_japan,2020.1,0.9608,97.9686,1.0705
country_japan,2020.2,0.9713,97.9459,1.0828
country_japan,2020.3,0.9819,97.9231,1.0950
country_japan,2020.4,0.9924,97.9003,1.1073
country_japan,2020.5,1.0029,97.8776,1.1195
country_japan,2020.6,1.0134,97.8548,1.1318
country_japan,2020.7,1.0240,97.8320,1.1440
country_japan,2020.8,1.0345,97.8093,1.1563
country_japan,2020.9,1.0450,97.7865,1.1685
country_japan,2021.0,1.0555,97.7637,1.1808
country_japan,2021.1,1.0660,97.7409,1.1930
country_japan,2021.2,1.0766,97.7181,1.2053
country_japan,2021.3,1.0871,97.6954,1.2176
country_japan,2021.4,1.0976,97.6726,1.2298
country_japan,2021.5,1.1081,97.6498,1.2421
country_japan,2021.6,1.1186,97.6270,1.2544
country_japan,2021.7,1.1291,97.6042,1.2666
country_japan,2021.8,1.1397,97.5814,1.2789
country_japan,2021.9,1.1502,97.5586,1.2912
country_japan,2022.0,1.1607,97.5358,1.3035
country_japan,2022.1,1.1712,97.5131,1.3158
country_japan,2022.2,1.1817,97.4903,1.3280
country_japan,2022.3,1.1922,97.4675,1.3403
country_japan,2022.4,1.2027,97.4447,1.3526
country_japan,2022.5,1.2132,97.4219,1.3649
country_japan,2022.6,1.2237,97.3991,1.3772
country_japan,2022.7,1.2342,97.3763,1.3895
country_japan,2022.8,1.2447,97.3535,1.4018
country_japan,2022.9,1.2552,97.3307,1.4141
country_japan,2023.0,1.2657,97.3079,1.4264
country_japan,2023.1,1.2762,97.2851,1.4387
country_japan,2023.2,1.2867,97.2623,1.4510
country_japan,2023.3,1.2972,97.2395,1.4633
country_japan,2023.4,1.3077,97.2167,1.4756
country_japan,2023.5,1.3182,97.1939,1.4879
country_japan,2023.6,1.3287,97.1711,1.5002
country_japan,2023.7,1.3392,97.1483,1.5125
country_japan,2023.8,1.3497,97.1255,1.5248
country_japan,2023.9,1.3602,97.1027,1.5371
country_japan,2024.0,1.3707,97.0799,1.5494
country_japan,2024.1,1.3812,97.0571,1.5617
country_japan,2024.2,1.3917,97.0343,1.5740
country_japan,2024.3,1.4022,97.0115,1.5863
country_japan,2024.4,1.4127,96.9887,1.5986
country_japan,2024.5,1.4232,96.9659,1.6109
country_japan,2024.6,1.4336,96.9431,1.6233
country_japan,2024.7,1.4441,96.9203,1.6356
country_japan,2024.8,1.4546,96.8975,1.6479
country_japan,2024.9,1.4651,96.8747,1.6602
country_japan,2025.0,1.4756,96.8519,1.6725
country_japan,2025.1,1.4861,96.8291,1.6848
country_japan,2025.2,1.4965,96.8063,1.6971
country_japan,2025.3,1.5070,96.7835,1.7095
country_japan,2025.4,1.5175,96.7607,1.7218
country_japan,2025.5,1.5280,96.7379,1.7341
country_japan,2025.6,1.5385,96.7151,1.7464
country_japan,2025.7,1.5489,96.6923,1.7587
country_japan,2025.8,1.5594,96.6695,1.7710
country_japan,2025.9,1.5699,96.6468,1.7834
country_japan,2026.0,1.5804,96.6240,1.7957
country_japan,2026.1,1.5908,96.6012,1.8080
country_japan,2026.2,1.6013,96.5784,1.8203
country_japan,2026.3,1.6118,96.5556,1.8326
country_japan,2026.4,1.6222,96.5328,1.8450
country_japan,2026.5,1.6327,96.5100,1.8573
country_japan,2026.6,1.6432,96.4872,1.8696
country_japan,2026.7,1.6536,96.4644,1.8819
country_japan,2026.8,1.6641,96.4417,1.8942
country_japan,2026.9,1.6746,96.4189,1.9066
country_japan,2027.0,1.6850,96.3961,1.9189
country_japan,2027.1,1.6955,96.3733,1.9312
country_japan,2027.2,1.7060,96.3505,1.9435
country_japan,2027.3,1.7164,96.3278,1.9558
country_japan,2027.4,1.7269,96.3050,1.9682
country_japan,2027.5,1.7373,96.2822,1.9805
country_japan,2027.6,1.7478,96.2594,1.9928
country_japan,2027.7,1.7582,96.2367,2.0051
country_japan,2027.8,1.7687,96.2139,2.0174
country_japan,2027.9,1.7792,96.1911,2.0297
country_japan,2028.0,1.7896,96.1683,2.0421
country_japan,2028.1,1.8001,96.1456,2.0544
country_japan,2028.2,1.8105,96.1228,2.0667
country_japan,2028.3,1.8210,96.1000,2.0790
country_japan,2028.4,1.8314,96.0773,2.0913
country_japan,2028.5,1.8419,96.0545,2.1036
country_japan,2028.6,1.8523,96.0317,2.1159
country_japan,2028.7,1.8628,96.0090,2.1283
country_japan,2028.8,1.8732,95.9862,2.1406
country_japan,2028.9,1.8836,95.9635,2.1529
country_japan,2029.0,1.8941,95.9407,2.1652
country_japan,2029.1,1.9045,95.9180,2.1775
country_japan,2029.2,1.9150,95.8952,2.1898
country_japan,2029.3,1.9254,95.8725,2.2021
country_japan,2029.4,1.9359,95.8497,2.2144
country_japan,2029.5,1.9463,95.8270,2.2268
country_japan,2029.6,1.9567,95.8042,2.2391
country_japan,2029.7,1.9672,95.7815,2.2514
country_japan,2029.8,1.9776,95.7587,2.2637
country_japan,2029.9,1.9880,95.7360,2.2760
country_japan,2030.0,1.9985,95.7132,2.2883
country_japan,2030.1,2.0089,95.6905,2.3006
country_japan,2030.2,2.0193,95.6678,2.3129
country_japan,2030.3,2.0298,95.6450,2.3252
country_japan,2030.4,2.0402,95.6223,2.3375
country_japan,2030.5,2.0506,95.5996,2.3498
country_japan,2030.6,2.0610,95.5768,2.3621
country_japan,2030.7,2.0715,95.5541,2.3744
country_japan,2030.8,2.0819,95.5314,2.3867
country_japan,2030.9,2.0923,95.5087,2.3990
country_japan,2031.0,2.1027,95.4860,2.4113
country_japan,2031.1,2.1132,95.4632,2.4236
country_japan,2031.2,2.1236,95.4405,2.4359
country_japan,2031.3,2.1340,95.4178,2.4482
country_japan,2031.4,2.1444,95.3951,2.4605
country_japan,2031.5,2.1548,95.3724,2.4728
country_japan,2031.6,2.1653,95.3497,2.4851
country_japan,2031.7,2.1757,95.3270,2.4973
country_japan,2031.8,2.1861,95.3043,2.5096
country_japan,2031.9,2.1965,95.2816,2.5219
country_japan,2032.0,2.2069,95.2589,2.5342
country_japan,2032.1,2.2173,95.2362,2.5465
country_japan,2032.2,2.2277,95.2135,2.5588
country_japan,2032.3,2.2382,95.1908,2.5711
country_japan,2032.4,2.2486,95.1681,2.5833
country_japan,2032.5,2.2590,95.1454,2.5956
country_japan,2032.6,2.2694,95.1227,2.6079
country_japan,2032.7,2.2798,95.1000,2.6202
country_japan,2032.8,2.2902,95.0773,2.6325
country_japan,2032.9,2.3006,95.0547,2.6447
country_japan,2033.0,2.3110,95.0320,2.6570
country_japan,2033.1,2.3214,95.0093,2.6693
country_japan,2033.2,2.3318,94.9866,2.6816
country_japan,2033.3,2.3422,94.9640,2.6938
country_japan,2033.4,2.3526,94.9413,2.7061
country_japan,2033.5,2.3630,94.9186,2.7184
country_japan,2033.6,2.3734,94.8960,2.7306
country_japan,2033.7,2.3838,94.8733,2.7429
country_japan,2033.8,2.3942,94.8506,2.7552
country_japan,2033.9,2.4046,94.8280,2.7674
country_japan,2034.0,2.4150,94.8053,2.7797
country_japan,2034.1,2.4254,94.7827,2.7919
country_japan,2034.2,2.4358,94.7600,2.8042
country_japan,2034.3,2.4462,94.7374,2.8165
country_japan,2034.4,2.4565,94.7147,2.8287
country_japan,2034.5,2.4669,94.6921,2.8410
country_japan,2034.6,2.4773,94.6695,2.8532
country_japan,2034.7,2.4877,94.6468,2.8655
country_japan,2034.8,2.4981,94.6242,2.8777
country_japan,2034.9,2.5085,94.6016,2.8900
country_japan,2035.0,2.5189,94.5789,2.9022
country_japan,2035.1,2.5292,94.5563,2.9145
country_japan,2035.2,2.5396,94.5337,2.9267
country_japan,2035.3,2.5500,94.5111,2.9389
country_japan,2035.4,2.5604,94.4884,2.9512
country_japan,2035.5,2.5708,94.4658,2.9634
country_japan,2035.6,2.5811,94.4432,2.9757
country_japan,2035.7,2.5915,94.4206,2.9879
country_japan,2035.8,2.6019,94.3980,3.0001
country_japan,2035.9,2.6123,94.3754,3.0124
country_japan,2036.0,2.6226,94.3528,3.0246
country_japan,2036.1,2.6330,94.3302,3.0368
country_japan,2036.2,2.6434,94.3076,3.0490
country_japan,2036.3,2.6537,94.2850,3.0613
country_japan,2036.4,2.6641,94.2624,3.0735
country_japan,2036.5,2.6745,94.2398,3.0857
country_japan,2036.6,2.6848,94.2172,3.0979
country_japan,2036.7,2.6952,94.1946,3.1102
country_japan,2036.8,2.7056,94.1721,3.1224
country_japan,2036.9,2.7159,94.1495,3.1346
country_japan,2037.0,2.7263,94.1269,3.1468
country_japan,2037.1,2.7367,94.1043,3.1590
country_japan,2037.2,2.7470,94.0818,3.1712
country_japan,2037.3,2.7574,94.0592,3.1834
country_japan,2037.4,2.7677,94.0366,3.1956
country_japan,2037.5,2.7781,94.0141,3.2078
country_japan,2037.6,2.7884,93.9915,3.2200
country_japan,2037.7,2.7988,93.9690,3.2322
country_japan,2037.8,2.8092,93.9464,3.2444
country_japan,2037.9,2.8195,93.9238,3.2566
country_japan,2038.0,2.8299,93.9013,3.2688
country_japan,2038.1,2.8402,93.8788,3.2810
country_japan,2038.2,2.8506,93.8562,3.2932
country_japan,2038.3,2.8609,93.8337,3.3054
country_japan,2038.4,2.8713,93.8111,3.3176
country_japan,2038.5,2.8816,93.7886,3.3298
country_japan,2038.6,2.8920,93.7661,3.3420
country_japan,2038.7,2.9023,93.7436,3.3541
country_japan,2038.8,2.9126,93.7210,3.3663
country_japan,2038.9,2.9230,93.6985,3.3785
country_japan,2039.0,2.9333,93.6760,3.3907
country_japan,2039.1,2.9437,93.6535,3.4029
country_japan,2039.2,2.9540,93.6310,3.4150
country_japan,2039.3,2.9643,93.6085,3.4272
country_japan,2039.4,2.9747,93.5859,3.4394
country_japan,2039.5,2.9850,93.5634,3.4515
country_japan,2039.6,2.9954,93.5409,3.4637
country_japan,2039.7,3.0057,93.5184,3.4759
country_japan,2039.8,3.0160,93.4960,3.4880
country_japan,2039.9,3.0264,93.4735,3.5002
country_japan,2040.0,3.0367,93.4510,3.5123
country_japan,2040.1,3.0470,93.4285,3.5245
country_japan,2040.2,3.0573,93.4060,3.5366
country_japan,2040.3,3.0677,93.3835,3.5488
country_japan,2040.4,3.0780,93.3611,3.5609
country_japan,2040.5,3.0883,93.3386,3.5731
country_japan,2040.6,3.0987,93.3161,3.5852
country_japan,2040.7,3.1090,93.2936,3.5974
country_japan,2040.8,3.1193,93.2712,3.6095
country_japan,2040.9,3.1296,93.2487,3.6216
country_japan,2041.0,3.1399,93.2263,3.6338
country_japan,2041.1,3.1503,93.2038,3.6459
country_japan,2041.2,3.1606,93.1814,3.6580
country_japan,2041.3,3.1709,93.1589,3.6702
country_japan,2041.4,3.1812,93.1365,3.6823
country_japan,2041.5,3.1915,93.1140,3.6944
country_japan,2041.6,3.2019,93.0916,3.7066
country_japan,2041.7,3.2122,93.0692,3.7187
country_japan,2041.8,3.2225,93.0467,3.7308
country_japan,2041.9,3.2328,93.0243,3.7429
country_japan,2042.0,3.2431,93.0019,3.7550
country_japan,2042.1,3.2534,92.9795,3.7671
country_japan,2042.2,3.2637,92.9570,3.7792
country_japan,2042.3,3.2740,92.9346,3.7913
country_japan,2042.4,3.2843,92.9122,3.8035
country_japan,2042.5,3.2946,92.8898,3.8156
country_japan,2042.6,3.3049,92.8674,3.8277
country_japan,2042.7,3.3153,92.8450,3.8398
country_japan,2042.8,3.3256,92.8226,3.8519
country_japan,2042.9,3.3359,92.8002,3.8639
country_japan,2043.0,3.3462,92.7778,3.8760
country_japan,2043.1,3.3565,92.7554,3.8881
country_japan,2043.2,3.3668,92.7330,3.9002
country_japan,2043.3,3.3771,92.7106,3.9123
country_japan,2043.4,3.3873,92.6883,3.9244
country_japan,2043.5,3.3976,92.6659,3.9365
country_japan,2043.6,3.4079,92.6435,3.9485
country_japan,2043.7,3.4182,92.6211,3.9606
country_japan,2043.8,3.4285,92.5988,3.9727
country_japan,2043.9,3.4388,92.5764,3.9848
country_japan,2044.0,3.4491,92.5541,3.9968
country_japan,2044.1,3.4594,92.5317,4.0089
country_japan,2044.2,3.4697,92.5094,4.0210
country_japan,2044.3,3.4800,92.4870,4.0330
country_japan,2044.4,3.4903,92.4647,4.0451
country_japan,2044.5,3.5005,92.4423,4.0571
country_japan,2044.6,3.5108,92.4200,4.0692
country_japan,2044.7,3.5211,92.3976,4.0812
country_japan,2044.8,3.5314,92.3753,4.0933
country_japan,2044.9,3.5417,92.3530,4.1053
country_japan,2045.0,3.5520,92.3307,4.1174
country_japan,2045.1,3.5622,92.3083,4.1294
country_japan,2045.2,3.5725,92.2860,4.1415
country_japan,2045.3,3.5828,92.2637,4.1535
country_japan,2045.4,3.5931,92.2414,4.1656
country_japan,2045.5,3.6033,92.2191,4.1776
country_japan,2045.6,3.6136,92.1968,4.1896
country_japan,2045.7,3.6239,92.1745,4.2016
country_japan,2045.8,3.6342,92.1522,4.2137
country_japan,2045.9,3.6444,92.1299,4.2257
country_japan,2046.0,3.6547,92.1076,4.2377
country_japan,2046.1,3.6650,92.0853,4.2497
country_japan,2046.2,3.6752,92.0630,4.2618
country_japan,2046.3,3.6855,92.0407,4.2738
country_japan,2046.4,3.6958,92.0185,4.2858
country_japan,2046.5,3.7060,91.9962,4.2978
country_japan,2046.6,3.7163,91.9739,4.3098
country_japan,2046.7,3.7266,91.9517,4.3218
country_japan,2046.8,3.7368,91.9294,4.3338
country_japan,2046.9,3.7471,91.9071,4.3458
country_japan,2047.0,3.7573,91.8849,4.3578
country_japan,2047.1,3.7676,91.8626,4.3698
country_japan,2047.2,3.7778,91.8404,4.3818
country_japan,2047.3,3.7881,91.8181,4.3938
country_japan,2047.4,3.7984,91.7959,4.4058
country_japan,2047.5,3.8086,91.7736,4.4177
country_japan,2047.6,3.8189,91.7514,4.4297
country_japan,2047.7,3.8291,91.7292,4.4417
country_japan,2047.8,3.8394,91.7069,4.4537
country_japan,2047.9,3.8496,91.6847,4.4657
country_japan,2048.0,3.8599,91.6625,4.4776
country_japan,2048.1,3.8701,91.6403,4.4896
country_japan,2048.2,3.8804,91.6181,4.5016
country_japan,2048.3,3.8906,91.5959,4.5135
country_japan,2048.4,3.9009,91.5737,4.5255
country_japan,2048.5,3.9111,91.5515,4.5375
country_japan,2048.6,3.9213,91.5293,4.5494
country_japan,2048.7,3.9316,91.5071,4.5614
country_japan,2048.8,3.9418,91.4849,4.5733
country_japan,2048.9,3.9521,91.4627,4.5853
country_japan,2049.0,3.9623,91.4405,4.5972
country_japan,2049.1,3.9725,91.4183,4.6092
country_japan,2049.2,3.9828,91.3961,4.6211
country_japan,2049.3,3.9930,91.3740,4.6330
country_japan,2049.4,4.0032,91.3518,4.6450
country_japan,2049.5,4.0135,91.3296,4.6569
country_japan,2049.6,4.0237,91.3075,4.6688
country_japan,2049.7,4.0339,91.2853,4.6808
country_japan,2049.8,4.0442,91.2631,4.6927
country_japan,2049.9,4.0544,91.2410,4.7046
country_japan,2050.0,4.0646,91.2188,4.7165
country_france,2015.0,0.0779,99.8229,0.0993
country_france,2015.1,0.0975,99.7816,0.1209
country_france,2015.2,0.1197,99.7356,0.1447
country_france,2015.3,0.1445,99.6848,0.1707
country_france,2015.4,0.1721,99.6290,0.1988
country_france,2015.5,0.2025,99.5684,0.2291
country_france,2015.6,0.2358,99.5027,0.2615
country_france,2015.7,0.2720,99.4320,0.2960
country_france,2015.8,0.3112,99.3561,0.3327
country_france,2015.9,0.3535,99.2751,0.3714
country_france,2016.0,0.3989,99.1888,0.4123
country_france,2016.1,0.4474,99.0974,0.4552
country_france,2016.2,0.4992,99.0006,0.5003
country_france,2016.3,0.5542,98.8985,0.5473
country_france,2016.4,0.6126,98.7910,0.5964
country_france,2016.5,0.6743,98.6782,0.6475
country_france,2016.6,0.7394,98.5600,0.7006
country_france,2016.7,0.8080,98.4363,0.7558
country_france,2016.8,0.8800,98.3072,0.8128
country_france,2016.9,0.9556,98.1726,0.8718
country_france,2017.0,1.0348,98.0325,0.9328
country_france,2017.1,1.1175,97.8869,0.9956
country_france,2017.2,1.2039,97.7358,1.0603
country_france,2017.3,1.2940,97.5791,1.1269
country_france,2017.4,1.3877,97.4169,1.1953
country_france,2017.5,1.4852,97.2492,1.2656
country_france,2017.6,1.5865,97.0760,1.3376
country_france,2017.7,1.6915,96.8972,1.4114
country_france,2017.8,1.8003,96.7128,1.4869
country_france,2017.9,1.9130,96.5229,1.5641
country_france,2018.0,2.0295,96.3275,1.6430
country_france,2018.1,2.1500,96.1265,1.7236
country_france,2018.2,2.2743,95.9200,1.8058
country_france,2018.3,2.4025,95.7079,1.8896
country_france,2018.4,2.5347,95.4904,1.9749
country_france,2018.5,2.6709,95.2673,2.0618
country_france,2018.6,2.8110,95.0388,2.1502
country_france,2018.7,2.9551,94.8048,2.2401
country_france,2018.8,3.1032,94.5654,2.3314
country_france,2018.9,3.2553,94.3205,2.4242
country_france,2019.0,3.4115,94.0702,2.5183
country_france,2019.1,3.5717,93.8145,2.6138
country_france,2019.2,3.7360,93.5535,2.7106
country_france,2019.3,3.9043,93.2871,2.8086
country_france,2019.4,4.0767,93.0154,2.9080
country_france,2019.5,4.2531,92.7384,3.0085
country_france,2019.6,4.4337,92.4561,3.1102
country_france,2019.7,4.6183,92.1687,3.2131
country_france,2019.8,4.8070,91.8760,3.3170
country_france,2019.9,4.9998,91.5782,3.4221
country_france,2020.0,5.1966,91.2752,3.5281
country_france,2020.1,5.3976,90.9672,3.6352
country_france,2020.2,5.6027,90.6541,3.7432
country_france,2020.3,5.8118,90.3360,3.8522
country_france,2020.4,6.0250,90.0130,3.9620
country_france,2020.5,6.2423,89.6850,4.0727
country_france,2020.6,6.4637,89.3521,4.1842
country_france,2020.7,6.6891,89.0144,4.2965
country_france,2020.8,6.9186,88.6719,4.4094
country_france,2020.9,7.1522,88.3247,4.5231
country_france,2021.0,7.3898,87.9728,4.6375
country_france,2021.1,7.6314,87.6162,4.7524
country_france,2021.2,7.8770,87.2550,4.8679
country_france,2021.3,8.1267,86.8893,4.9840
country_france,2021.4,8.3803,86.5191,5.1006
country_france,2021.5,8.6380,86.1445,5.2176
country_france,2021.6,8.8995,85.7655,5.3350
country_france,2021.7,9.1651,85.3821,5.4528
country_france,2021.8,9.4346,84.9945,5.5709
country_france,2021.9,9.7080,84.6027,5.6893
country_france,2022.0,9.9853,84.2068,5.8080
country_france,2022.1,10.2664,83.8067,5.9268
country_france,2022.2,10.5515,83.4027,6.0459
country_france,2022.3,10.8403,82.9946,6.1650
country_france,2022.4,11.1330,82.5827,6.2843
country_france,2022.5,11.4295,82.1669,6.4036
country_france,2022.6,11.7297,81.7474,6.5229
country_france,2022.7,12.0337,81.3241,6.6422
country_france,2022.8,12.3414,80.8972,6.7614
country_france,2022.9,12.6528,80.4667,6.8805
country_france,2023.0,12.9678,80.0328,6.9994
country_france,2023.1,13.2865,79.5954,7.1182
country_france,2023.2,13.6087,79.1546,7.2367
country_france,2023.3,13.9346,78.7105,7.3549
country_france,2023.4,14.2640,78.2632,7.4728
country_france,2023.5,14.5968,77.8128,7.5904
country_france,2023.6,14.9332,77.3592,7.7076
country_france,2023.7,15.2730,76.9027,7.8243
country_france,2023.8,15.6162,76.4432,7.9406
country_france,2023.9,15.9628,75.9809,8.0563
country_france,2024.0,16.3128,75.5157,8.1715
country_france,2024.1,16.6660,75.0479,8.2861
country_france,2024.2,17.0225,74.5774,8.4001
country_france,2024.3,17.3822,74.1043,8.5135
country_france,2024.4,17.7451,73.6288,8.6261
country_france,2024.5,18.1112,73.1508,8.7380
country_france,2024.6,18.4803,72.6705,8.8491
country_france,2024.7,18.8526,72.1880,8.9595
country_france,2024.8,19.2278,71.7033,9.0689
country_france,2024.9,19.6060,71.2164,9.1775
country_france,2025.0,19.9872,70.7275,9.2852
country_france,2025.1,20.3713,70.2367,9.3920
country_france,2025.2,20.7582,69.7440,9.4977
country_france,2025.3,21.1480,69.2496,9.6025
country_france,2025.4,21.5405,68.7534,9.7062
country_france,2025.5,21.9357,68.2555,9.8088
country_france,2025.6,22.3336,67.7561,9.9103
country_france,2025.7,22.7341,67.2552,10.0106
country_france,2025.8,23.1372,66.7530,10.1098
country_france,2025.9,23.5429,66.2493,10.2078
country_france,2026.0,23.9510,65.7445,10.3045
country_france,2026.1,24.3615,65.2385,10.4000
country_france,2026.2,24.7745,64.7314,10.4942
country_france,2026.3,25.1897,64.2232,10.5870
country_france,2026.4,25.6073,63.7142,10.6785
country_france,2026.5,26.0270,63.2043,10.7687
country_france,2026.6,26.4490,62.6936,10.8574
country_france,2026.7,26.8731,62.1822,10.9447
country_france,2026.8,27.2993,61.6702,11.0305
country_france,2026.9,27.7274,61.1576,11.1149
country_france,2027.0,28.1576,60.6446,11.1978
country_france,2027.1,28.5897,60.1312,11.2791
country_france,2027.2,29.0237,59.6175,11.3589
country_france,2027.3,29.4594,59.1035,11.4371
country_france,2027.4,29.8969,58.5893,11.5137
country_france,2027.5,30.3362,58.0751,11.5887
country_france,2027.6,30.7771,57.5609,11.6621
country_france,2027.7,31.2195,57.0467,11.7338
country_france,2027.8,31.6635,56.5326,11.8039
country_france,2027.9,32.1090,56.0187,11.8722
country_france,2028.0,32.5560,55.5052,11.9389
country_france,2028.1,33.0043,54.9919,12.0038
country_france,2028.2,33.4539,54.4791,12.0670
country_france,2028.3,33.9048,53.9668,12.1284
country_france,2028.4,34.3569,53.4550,12.1881
country_france,2028.5,34.8101,52.9439,12.2459
country_france,2028.6,35.2645,52.4335,12.3020
country_france,2028.7,35.7199,51.9238,12.3563
country_france,2028.8,36.1762,51.4150,12.4088
country_france,2028.9,36.6335,50.9071,12.4594
country_france,2029.0,37.0917,50.4002,12.5082
country_france,2029.1,37.5506,49.8943,12.5551
country_france,2029.2,38.0104,49.3895,12.6002
country_france,2029.3,38.4708,48.8859,12.6434
country_france,2029.4,38.9318,48.3835,12.6847
country_france,2029.5,39.3935,47.8824,12.7242
country_france,2029.6,39.8557,47.3826,12.7617
country_france,2029.7,40.3183,46.8843,12.7974
country_france,2029.8,40.7814,46.3874,12.8312
country_france,2029.9,41.2448,45.8921,12.8631
country_france,2030.0,41.7086,45.3984,12.8930
country_france,2030.1,42.1726,44.9063,12.9211
country_france,2030.2,42.6367,44.4160,12.9473
country_france,2030.3,43.1011,43.9274,12.9715
country_france,2030.4,43.5654,43.4407,12.9939
country_france,2030.5,44.0299,42.9558,13.0143
country_france,2030.6,44.4943,42.4728,13.0329
country_france,2030.7,44.9586,41.9919,13.0495
country_france,2030.8,45.4228,41.5130,13.0643
country_france,2030.9,45.8867,41.0361,13.0771
country_france,2031.0,46.3505,40.5615,13.0881
country_france,2031.1,46.8139,40.0889,13.0971
country_france,2031.2,47.2770,39.6187,13.1043
country_france,2031.3,47.7397,39.1507,13.1096
country_france,2031.4,48.2019,38.6850,13.1131
country_france,2031.5,48.6636,38.2218,13.1146
country_france,2031.6,49.1248,37.7609,13.1143
country_france,2031.7,49.5853,37.3025,13.1122
country_france,2031.8,50.0452,36.8466,13.1083
country_france,2031.9,50.5043,36.3932,13.1025
country_france,2032.0,50.9627,35.9425,13.0949
country_france,2032.1,51.4202,35.4943,13.0854
country_france,2032.2,51.8769,35.0488,13.0742
country_france,2032.3,52.3327,34.6061,13.0613
country_france,2032.4,52.7875,34.1660,13.0465
country_france,2032.5,53.2413,33.7287,13.0300
country_france,2032.6,53.6940,33.2943,13.0117
country_france,2032.7,54.1456,32.8626,12.9918
country_france,2032.8,54.5961,32.4339,12.9701
country_france,2032.9,55.0453,32.0080,12.9467
country_france,2033.0,55.4933,31.5851,12.9216
country_france,2033.1,55.9400,31.1652,12.8948
country_france,2033.2,56.3854,30.7482,12.8665
country_france,2033.3,56.8293,30.3342,12.8364
country_france,2033.4,57.2719,29.9233,12.8048
country_france,2033.5,57.7129,29.5155,12.7716
country_france,2033.6,58.1525,29.1107,12.7368
country_france,2033.7,58.5905,28.7091,12.7004
country_france,2033.8,59.0269,28.3106,12.6625
country_france,2033.9,59.4616,27.9153,12.6231
country_france,2034.0,59.8947,27.5231,12.5821
country_france,2034.1,60.3261,27.1342,12.5397
country_france,2034.2,60.7557,26.7485,12.4959
country_france,2034.3,61.1835,26.3660,12.4506
country_france,2034.4,61.6094,25.9867,12.4039
country_france,2034.5,62.0335,25.6107,12.3558
country_france,2034.6,62.4557,25.2380,12.3063
country_france,2034.7,62.8759,24.8686,12.2555
country_france,2034.8,63.2941,24.5025,12.2034
country_france,2034.9,63.7104,24.1397,12.1499
country_france,2035.0,64.1245,23.7803,12.0952
country_france,2035.1,64.5366,23.4242,12.0392
country_france,2035.2,64.9466,23.0714,11.9820
country_france,2035.3,65.3544,22.7220,11.9236
country_france,2035.4,65.7601,22.3759,11.8640
country_france,2035.5,66.1635,22.0332,11.8032
country_france,2035.6,66.5647,21.6939,11.7413
country_france,2035.7,66.9637,21.3580,11.6783
country_france,2035.8,67.3603,21.0255,11.6142
country_france,2035.9,67.7546,20.6963,11.5491
country_france,2036.0,68.1465,20.3705,11.4829
country_france,2036.1,68.5361,20.0482,11.4157
country_france,2036.2,68.9233,19.7292,11.3475
country_france,2036.3,69.3080,19.4136,11.2784
country_france,2036.4,69.6903,19.1013,11.2084
country_france,2036.5,70.0701,18.7925,11.1374
country_france,2036.6,70.4474,18.4871,11.0655
country_france,2036.7,70.8222,18.1850,10.9928
country_france,2036.8,71.1944,17.8863,10.9193
country_france,2036.9,71.5641,17.5909,10.8450
country_france,2037.0,71.9312,17.2990,10.7699
country_france,2037.1,72.2956,17.0104,10.6940
country_france,2037.2,72.6575,16.7251,10.6174
country_france,2037.3,73.0167,16.4432,10.5401
country_france,2037.4,73.3733,16.1646,10.4621
country_france,2037.5,73.7271,15.8893,10.3835
country_france,2037.6,74.0783,15.6174,10.3043
country_france,2037.7,74.4268,15.3488,10.2244
country_france,2037.8,74.7726,15.0834,10.1440
country_france,2037.9,75.1156,14.8213,10.0631
country_france,2038.0,75.4558,14.5625,9.9816
country_france,2038.1,75.7934,14.3070,9.8996
country_france,2038.2,76.1281,14.0547,9.8172
country_france,2038.3,76.4601,13.8056,9.7343
country_france,2038.4,76.7892,13.5598,9.6510
country_france,2038.5,77.1156,13.3171,9.5673
country_france,2038.6,77.4391,13.0776,9.4832
country_france,2038.7,77.7599,12.8413,9.3988
country_france,2038.8,78.0778,12.6082,9.3141
country_france,2038.9,78.3929,12.3781,9.2290
country_france,2039.0,78.7051,12.1512,9.1437
country_france,2039.1,79.0145,11.9274,9.0581
country_france,2039.2,79.3210,11.7067,8.9723
country_france,2039.3,79.6247,11.4890,8.8863
country_france,2039.4,79.9255,11.2744,8.8001
country_france,2039.5,80.2234,11.0628,8.7138
country_france,2039.6,80.5185,10.8542,8.6273
country_france,2039.7,80.8107,10.6485,8.5407
country_france,2039.8,81.1001,10.4459,8.4540
country_france,2039.9,81.3866,10.2461,8.3673
country_france,2040.0,81.6702,10.0493,8.2805
country_france,2040.1,81.9509,9.8554,8.1937
country_france,2040.2,82.2288,9.6644,8.1068
country_france,2040.3,82.5038,9.4762,8.0200
country_france,2040.4,82.7760,9.2908,7.9332
country_france,2040.5,83.0452,9.1083,7.8465
country_france,2040.6,83.3117,8.9285,7.7598
country_france,2040.7,83.5752,8.7515,7.6733
country_france,2040.8,83.8360,8.5772,7.5868
country_france,2040.9,84.0938,8.4057,7.5005
country_france,2041.0,84.3489,8.2368,7.4143
country_france,2041.1,84.6011,8.0706,7.3283
country_france,2041.2,84.8505,7.9070,7.2425
country_france,2041.3,85.0970,7.7461,7.1569
country_france,2041.4,85.3408,7.5877,7.0715
country_france,2041.5,85.5817,7.4319,6.9864
country_france,2041.6,85.8199,7.2786,6.9015
country_france,2041.7,86.0552,7.1279,6.8169
country_france,2041.8,86.2878,6.9796,6.7326
country_france,2041.9,86.5176,6.8338,6.6486
country_france,2042.0,86.7447,6.6904,6.5649
country_france,2042.1,86.9690,6.5495,6.4815
country_france,2042.2,87.1906,6.4109,6.3985
country_france,2042.3,87.4094,6.2747,6.3159
country_france,2042.4,87.6256,6.1408,6.2336
country_france,2042.5,87.8390,6.0093,6.1517
country_france,2042.6,88.0497,5.8800,6.0703
country_france,2042.7,88.2578,5.7530,5.9892
country_france,2042.8,88.4632,5.6282,5.9086
country_france,2042.9,88.6660,5.5056,5.8284
country_france,2043.0,88.8661,5.3851,5.7487
country_france,2043.1,89.0636,5.2669,5.6695
country_france,2043.2,89.2586,5.1507,5.5907
country_france,2043.3,89.4509,5.0367,5.5124
country_france,2043.4,89.6406,4.9247,5.4347
country_france,2043.5,89.8278,4.8148,5.3574
country_france,2043.6,90.0125,4.7069,5.2806
country_france,2043.7,90.1946,4.6010,5.2044
country_france,2043.8,90.3742,4.4970,5.1288
country_france,2043.9,90.5513,4.3950,5.0536
country_france,2044.0,90.7260,4.2949,4.9791
country_france,2044.1,90.8982,4.1968,4.9051
country_france,2044.2,91.0679,4.1004,4.8316
country_france,2044.3,91.2353,4.0060,4.7588
country_france,2044.4,91.4002,3.9133,4.6865
country_france,2044.5,91.5627,3.8224,4.6148
country_france,2044.6,91.7229,3.7333,4.5438
country_france,2044.7,91.8807,3.6459,4.4733
country_france,2044.8,92.0362,3.5603,4.4035
country_france,2044.9,92.1894,3.4763,4.3343
country_france,2045.0,92.3403,3.3940,4.2657
country_france,2045.1,92.4890,3.3133,4.1977
country_france,2045.2,92.6353,3.2343,4.1304
country_france,2045.3,92.7795,3.1568,4.0637
country_france,2045.4,92.9214,3.0809,3.9977
country_france,2045.5,93.0611,3.0066,3.9323
country_france,2045.6,93.1987,2.9338,3.8675
country_france,2045.7,93.3341,2.8624,3.8034
country_france,2045.8,93.4674,2.7926,3.7400
country_france,2045.9,93.5986,2.7242,3.6772
country_france,2046.0,93.7277,2.6572,3.6151
country_france,2046.1,93.8547,2.5916,3.5537
country_france,2046.2,93.9796,2.5275,3.4929
country_france,2046.3,94.1026,2.4646,3.4328
country_france,2046.4,94.2235,2.4031,3.3734
country_france,2046.5,94.3424,2.3430,3.3146
country_france,2046.6,94.4594,2.2841,3.2565
country_france,2046.7,94.5744,2.2265,3.1991
country_france,2046.8,94.6875,2.1701,3.1424
country_france,2046.9,94.7987,2.1150,3.0863
country_france,2047.0,94.9081,2.0610,3.0309
country_france,2047.1,95.0155,2.0083,2.9762
country_france,2047.2,95.1211,1.9567,2.9222
country_france,2047.3,95.2249,1.9063,2.8688
country_france,2047.4,95.3269,1.8570,2.8161
country_france,2047.5,95.4272,1.8088,2.7641
country_france,2047.6,95.5256,1.7616,2.7127
country_france,2047.7,95.6224,1.7156,2.6620
country_france,2047.8,95.7174,1.6706,2.6120
country_france,2047.9,95.8107,1.6266,2.5627
country_france,2048.0,95.9024,1.5836,2.5140
country_france,2048.1,95.9924,1.5416,2.4660
country_france,2048.2,96.0808,1.5006,2.4186
country_france,2048.3,96.1676,1.4606,2.3719
country_france,2048.4,96.2527,1.4215,2.3258
country_france,2048.5,96.3364,1.3832,2.2804
country_france,2048.6,96.4184,1.3459,2.2356
country_france,2048.7,96.4990,1.3095,2.1915
country_france,2048.8,96.5780,1.2739,2.1480
country_france,2048.9,96.6556,1.2392,2.1052
country_france,2049.0,96.7316,1.2054,2.0630
country_france,2049.1,96.8063,1.1723,2.0214
country_france,2049.2,96.8795,1.1400,1.9805
country_france,2049.3,96.9513,1.1085,1.9402
country_france,2049.4,97.0217,1.0778,1.9005
country_france,2049.5,97.0908,1.0478,1.8614
country_france,2049.6,97.1585,1.0186,1.8229
country_france,2049.7,97.2249,0.9901,1.7850
country_france,2049.8,97.2900,0.9623,1.7477
country_france,2049.9,97.3538,0.9352,1.7110
country_france,2050.0,97.4163,0.9087,1.6749
