year,op,name,kind,n
2013,10,10 - ПЕРВИННА РЕЄСТРАЦIЯ ТЗ ДЛЯ ДЕРЖБЮДЖ. ОРГ.,АВТОБУС,351
2013,10,10 - ПЕРВИННА РЕЄСТРАЦIЯ ТЗ ДЛЯ ДЕРЖБЮДЖ. ОРГ.,ВАНТАЖНИЙ,327
2013,10,10 - ПЕРВИННА РЕЄСТРАЦIЯ ТЗ ДЛЯ ДЕРЖБЮДЖ. ОРГ.,ЛЕГКОВИЙ,1336
2013,10,10 - ПЕРВИННА РЕЄСТРАЦIЯ ТЗ ДЛЯ ДЕРЖБЮДЖ. ОРГ.,МОПЕД,5
2013,10,10 - ПЕРВИННА РЕЄСТРАЦIЯ ТЗ ДЛЯ ДЕРЖБЮДЖ. ОРГ.,МОТОЦИКЛ,47
2013,10,10 - ПЕРВИННА РЕЄСТРАЦIЯ ТЗ ДЛЯ ДЕРЖБЮДЖ. ОРГ.,НАПІВПРИЧІП,51
2013,10,10 - ПЕРВИННА РЕЄСТРАЦIЯ ТЗ ДЛЯ ДЕРЖБЮДЖ. ОРГ.,ПРИЧІП,84
2013,10,10 - ПЕРВИННА РЕЄСТРАЦIЯ ТЗ ДЛЯ ДЕРЖБЮДЖ. ОРГ.,СПЕЦІАЛІЗОВАНІ,25
2013,100,"100 - ПЕРВИННА РЕЄСТРАЦIЯ ТЗ ПРИДБАНОГО В ТОРГІВЕЛЬНІЙ ОРГАНІЗАЦІЇ, УСТАНОВИ",АВТОБУС,535
2013,100,"100 - ПЕРВИННА РЕЄСТРАЦIЯ ТЗ ПРИДБАНОГО В ТОРГІВЕЛЬНІЙ ОРГАНІЗАЦІЇ, УСТАНОВИ",ВАНТАЖНИЙ,3041
2013,100,"100 - ПЕРВИННА РЕЄСТРАЦIЯ ТЗ ПРИДБАНОГО В ТОРГІВЕЛЬНІЙ ОРГАНІЗАЦІЇ, УСТАНОВИ",ЛЕГКОВИЙ,21203
2013,100,"100 - ПЕРВИННА РЕЄСТРАЦIЯ ТЗ ПРИДБАНОГО В ТОРГІВЕЛЬНІЙ ОРГАНІЗАЦІЇ, УСТАНОВИ",МОПЕД,3
2013,100,"100 - ПЕРВИННА РЕЄСТРАЦIЯ ТЗ ПРИДБАНОГО В ТОРГІВЕЛЬНІЙ ОРГАНІЗАЦІЇ, УСТАНОВИ",МОТОЦИКЛ,139
2013,100,"100 - ПЕРВИННА РЕЄСТРАЦIЯ ТЗ ПРИДБАНОГО В ТОРГІВЕЛЬНІЙ ОРГАНІЗАЦІЇ, УСТАНОВИ",НАПІВПРИЧІП,565
2013,100,"100 - ПЕРВИННА РЕЄСТРАЦIЯ ТЗ ПРИДБАНОГО В ТОРГІВЕЛЬНІЙ ОРГАНІЗАЦІЇ, УСТАНОВИ",ПРИЧІП,280
2013,100,"100 - ПЕРВИННА РЕЄСТРАЦIЯ ТЗ ПРИДБАНОГО В ТОРГІВЕЛЬНІЙ ОРГАНІЗАЦІЇ, УСТАНОВИ",СПЕЦІАЛІЗОВАНІ,143
2013,100,"100 - ПЕРВИННА РЕЄСТРАЦIЯ ТЗ ПРИДБАНОГО В ТОРГІВЕЛЬНІЙ ОРГАНІЗАЦІЇ, УСТАНОВИ",ТРИЦИКЛ,3
2013,100,"100 - ПЕРВИННА РЕЄСТРАЦIЯ ТЗ ПРИДБАНОГО В ТОРГІВЕЛЬНІЙ ОРГАНІЗАЦІЇ, ЯКИЙ ВВЕЗЕНО З-ЗА КОРД",АВТОБУС,4
2013,100,"100 - ПЕРВИННА РЕЄСТРАЦIЯ ТЗ ПРИДБАНОГО В ТОРГІВЕЛЬНІЙ ОРГАНІЗАЦІЇ, ЯКИЙ ВВЕЗЕНО З-ЗА КОРД",ВАНТАЖНИЙ,24
2013,100,"100 - ПЕРВИННА РЕЄСТРАЦIЯ ТЗ ПРИДБАНОГО В ТОРГІВЕЛЬНІЙ ОРГАНІЗАЦІЇ, ЯКИЙ ВВЕЗЕНО З-ЗА КОРД",ЛЕГКОВИЙ,277
2013,100,"100 - ПЕРВИННА РЕЄСТРАЦIЯ ТЗ ПРИДБАНОГО В ТОРГІВЕЛЬНІЙ ОРГАНІЗАЦІЇ, ЯКИЙ ВВЕЗЕНО З-ЗА КОРД",НАПІВПРИЧІП,5
2013,100,"100 - ПЕРВИННА РЕЄСТРАЦIЯ ТЗ ПРИДБАНОГО В ТОРГІВЕЛЬНІЙ ОРГАНІЗАЦІЇ, ЯКИЙ ВВЕЗЕНО З-ЗА КОРД",ПРИЧІП,2
2013,101,101 - РЕЄСТРАЦIЯ ТЗ ЗА ДОГОВОРОМ ЛІЗИНГУ,АВТОБУС,92
2013,101,101 - РЕЄСТРАЦIЯ ТЗ ЗА ДОГОВОРОМ ЛІЗИНГУ,ВАНТАЖНИЙ,962
2013,101,101 - РЕЄСТРАЦIЯ ТЗ ЗА ДОГОВОРОМ ЛІЗИНГУ,ЛЕГКОВИЙ,1385
2013,101,101 - РЕЄСТРАЦIЯ ТЗ ЗА ДОГОВОРОМ ЛІЗИНГУ,НАПІВПРИЧІП,177
2013,101,101 - РЕЄСТРАЦIЯ ТЗ ЗА ДОГОВОРОМ ЛІЗИНГУ,ПРИЧІП,43
2013,11,11 - ПЕРВИННА РЕЄСТРАЦIЯ ТЗ ДЛЯ ІНШИХ ОРГ. ДЕРЖ.ВЛАСНОСТІ,АВТОБУС,47
2013,11,11 - ПЕРВИННА РЕЄСТРАЦIЯ ТЗ ДЛЯ ІНШИХ ОРГ. ДЕРЖ.ВЛАСНОСТІ,ВАНТАЖНИЙ,119
2013,11,11 - ПЕРВИННА РЕЄСТРАЦIЯ ТЗ ДЛЯ ІНШИХ ОРГ. ДЕРЖ.ВЛАСНОСТІ,ЛЕГКОВИЙ,252
2013,11,11 - ПЕРВИННА РЕЄСТРАЦIЯ ТЗ ДЛЯ ІНШИХ ОРГ. ДЕРЖ.ВЛАСНОСТІ,МОПЕД,1
2013,11,11 - ПЕРВИННА РЕЄСТРАЦIЯ ТЗ ДЛЯ ІНШИХ ОРГ. ДЕРЖ.ВЛАСНОСТІ,МОТОЦИКЛ,36
2013,11,11 - ПЕРВИННА РЕЄСТРАЦIЯ ТЗ ДЛЯ ІНШИХ ОРГ. ДЕРЖ.ВЛАСНОСТІ,НАПІВПРИЧІП,8
2013,11,11 - ПЕРВИННА РЕЄСТРАЦIЯ ТЗ ДЛЯ ІНШИХ ОРГ. ДЕРЖ.ВЛАСНОСТІ,ПРИЧІП,41
2013,11,11 - ПЕРВИННА РЕЄСТРАЦIЯ ТЗ ДЛЯ ІНШИХ ОРГ. ДЕРЖ.ВЛАСНОСТІ,СПЕЦІАЛІЗОВАНІ,1
2013,11,11 - ПЕРВИННА РЕЄСТРАЦIЯ ТЗ ДЛЯ ІНШИХ ОРГ. ДЕРЖ.ВЛАСНОСТІ,ТРИЦИКЛ,1
2013,110,110 - РЕЄСТРАЦIЯ ТЗ ОТРИМАНОГО ЧЕРЕЗ ВIДДIЛ СОЦ. ЗАХИСТУ,ЛЕГКОВИЙ,1680
2013,120,120 - РЕЄСТРАЦIЯ ТЗ ОТРИМАНОГО ПО ВИГРАШУ,ВАНТАЖНИЙ,1
2013,120,120 - РЕЄСТРАЦIЯ ТЗ ОТРИМАНОГО ПО ВИГРАШУ,ЛЕГКОВИЙ,10
2013,13,13 -  ВИПРАВЛЕННЯ VIN-КОДУ (ПІСЛЯ ВИПРАВЛЕННЯ КАРТКУ ВИДАЛИТИ),АВТОБУС,3
2013,13,13 -  ВИПРАВЛЕННЯ VIN-КОДУ (ПІСЛЯ ВИПРАВЛЕННЯ КАРТКУ ВИДАЛИТИ),ВАНТАЖНИЙ,22
2013,13,13 -  ВИПРАВЛЕННЯ VIN-КОДУ (ПІСЛЯ ВИПРАВЛЕННЯ КАРТКУ ВИДАЛИТИ),ЛЕГКОВИЙ,77
2013,13,13 -  ВИПРАВЛЕННЯ VIN-КОДУ (ПІСЛЯ ВИПРАВЛЕННЯ КАРТКУ ВИДАЛИТИ),НАПІВПРИЧІП,3
2013,13,13 -  ВИПРАВЛЕННЯ VIN-КОДУ (ПІСЛЯ ВИПРАВЛЕННЯ КАРТКУ ВИДАЛИТИ),ПРИЧІП,1
2013,130,130 - РЕЄСТРАЦIЯ ТЗ У ЗВ`ЯЗКУ З ПРИЇЗДОМ НА ПМЖ,АВТОБУС,3
2013,130,130 - РЕЄСТРАЦIЯ ТЗ У ЗВ`ЯЗКУ З ПРИЇЗДОМ НА ПМЖ,ВАНТАЖНИЙ,13
2013,130,130 - РЕЄСТРАЦIЯ ТЗ У ЗВ`ЯЗКУ З ПРИЇЗДОМ НА ПМЖ,ЛЕГКОВИЙ,414
2013,130,130 - РЕЄСТРАЦIЯ ТЗ У ЗВ`ЯЗКУ З ПРИЇЗДОМ НА ПМЖ,МОПЕД,1
2013,130,130 - РЕЄСТРАЦIЯ ТЗ У ЗВ`ЯЗКУ З ПРИЇЗДОМ НА ПМЖ,МОТОЦИКЛ,5
2013,130,130 - РЕЄСТРАЦIЯ ТЗ У ЗВ`ЯЗКУ З ПРИЇЗДОМ НА ПМЖ,НАПІВПРИЧІП,1
2013,130,130 - РЕЄСТРАЦIЯ ТЗ У ЗВ`ЯЗКУ З ПРИЇЗДОМ НА ПМЖ,ПРИЧІП,12
2013,131,131 - РЕЄСТРАЦІЯ ТЗ У ЗВ'ЯЗКУ З ПРИЇЗДОМ НА ПМЖ В МЕЖАХ ОБЛАСТІ,АВТОБУС,1
2013,131,131 - РЕЄСТРАЦІЯ ТЗ У ЗВ'ЯЗКУ З ПРИЇЗДОМ НА ПМЖ В МЕЖАХ ОБЛАСТІ,ВАНТАЖНИЙ,3
2013,131,131 - РЕЄСТРАЦІЯ ТЗ У ЗВ'ЯЗКУ З ПРИЇЗДОМ НА ПМЖ В МЕЖАХ ОБЛАСТІ,ЛЕГКОВИЙ,60
2013,131,131 - РЕЄСТРАЦІЯ ТЗ У ЗВ'ЯЗКУ З ПРИЇЗДОМ НА ПМЖ В МЕЖАХ ОБЛАСТІ,МОТОЦИКЛ,2
2013,131,131 - РЕЄСТРАЦІЯ ТЗ У ЗВ'ЯЗКУ З ПРИЇЗДОМ НА ПМЖ В МЕЖАХ ОБЛАСТІ,ПРИЧІП,2
2013,131,131 - РЕЄСТРАЦІЯ ТЗ У ЗВ'ЯЗКУ З ПРИЇЗДОМ НА ПМП В МЕЖАХ УКРАЇНИ,ВАНТАЖНИЙ,3
2013,131,131 - РЕЄСТРАЦІЯ ТЗ У ЗВ'ЯЗКУ З ПРИЇЗДОМ НА ПМП В МЕЖАХ УКРАЇНИ,ЛЕГКОВИЙ,6
2013,131,131 - РЕЄСТРАЦІЯ ТЗ У ЗВ'ЯЗКУ З ПРИЇЗДОМ НА ПМП В МЕЖАХ УКРАЇНИ,МОТОЦИКЛ,1
2013,131,131 - РЕЄСТРАЦІЯ ТЗ У ЗВ'ЯЗКУ З ПРИЇЗДОМ НА ПМП В МЕЖАХ УКРАЇНИ,ПРИЧІП,3
2013,14,14 - ВНЕСЕННЯ БЕЗНОМЕРНОГО ТЗ (ТІЛЬКИ ДЛЯ ВИДАЧІ ДОПНВ),ВАНТАЖНИЙ,4
2013,14,14 - ВНЕСЕННЯ БЕЗНОМЕРНОГО ТЗ (ТІЛЬКИ ДЛЯ ВИДАЧІ ДОПНВ),НАПІВПРИЧІП,3
2013,140,140 - ВТОРИННА РЕЄСТРАЦIЯ ТЗ У ЗВ`ЯЗКУ З НЕПРОДАЖЕМ,ВАНТАЖНИЙ,2
2013,140,140 - ВТОРИННА РЕЄСТРАЦIЯ ТЗ У ЗВ`ЯЗКУ З НЕПРОДАЖЕМ,ЛЕГКОВИЙ,12
2013,140,140 - РЕЄСТРАЦIЯ ТЗ У ЗВ`ЯЗКУ З НЕПРОДАЖЕМ,АВТОБУС,48
2013,140,140 - РЕЄСТРАЦIЯ ТЗ У ЗВ`ЯЗКУ З НЕПРОДАЖЕМ,ВАНТАЖНИЙ,509
2013,140,140 - РЕЄСТРАЦIЯ ТЗ У ЗВ`ЯЗКУ З НЕПРОДАЖЕМ,ЛЕГКОВИЙ,1844
2013,140,140 - РЕЄСТРАЦIЯ ТЗ У ЗВ`ЯЗКУ З НЕПРОДАЖЕМ,МОПЕД,1
2013,140,140 - РЕЄСТРАЦIЯ ТЗ У ЗВ`ЯЗКУ З НЕПРОДАЖЕМ,МОТОЦИКЛ,13
2013,140,140 - РЕЄСТРАЦIЯ ТЗ У ЗВ`ЯЗКУ З НЕПРОДАЖЕМ,НАПІВПРИЧІП,63
2013,140,140 - РЕЄСТРАЦIЯ ТЗ У ЗВ`ЯЗКУ З НЕПРОДАЖЕМ,ПРИЧІП,47
2013,140,140 - РЕЄСТРАЦIЯ ТЗ У ЗВ`ЯЗКУ З НЕПРОДАЖЕМ,СПЕЦІАЛІЗОВАНІ,1
2013,141,141 - РЕЄСТРАЦIЯ ТЗ ПIСЛЯ ВIДМIНИ ЇЇ АНУЛЮВАННЯ,АВТОБУС,3
2013,141,141 - РЕЄСТРАЦIЯ ТЗ ПIСЛЯ ВIДМIНИ ЇЇ АНУЛЮВАННЯ,ВАНТАЖНИЙ,10
2013,141,141 - РЕЄСТРАЦIЯ ТЗ ПIСЛЯ ВIДМIНИ ЇЇ АНУЛЮВАННЯ,ЛЕГКОВИЙ,50
2013,141,141 - РЕЄСТРАЦIЯ ТЗ ПIСЛЯ ВIДМIНИ ЇЇ АНУЛЮВАННЯ,МОТОЦИКЛ,15
2013,141,141 - РЕЄСТРАЦIЯ ТЗ ПIСЛЯ ВIДМIНИ ЇЇ АНУЛЮВАННЯ,ПРИЧІП,3
2013,142,142 - РЕЄСТРАЦІЯ БЕЗХАЗЯЙНОГО ТЗ,МОТОЦИКЛ,1
2013,142,142 - РЕЄСТРАЦІЯ БЕЗХАЗЯЙНОГО ТЗ,ПРИЧІП,1
2013,143,143 - ПОНОВЛЕННЯ РЕЄСТР. ПІСЛЯ УМОВН. ЗНЯТТЯ З ОБЛ. З НЕПР. ТО,АВТОБУС,2
2013,143,143 - ПОНОВЛЕННЯ РЕЄСТР. ПІСЛЯ УМОВН. ЗНЯТТЯ З ОБЛ. З НЕПР. ТО,ВАНТАЖНИЙ,25
2013,143,143 - ПОНОВЛЕННЯ РЕЄСТР. ПІСЛЯ УМОВН. ЗНЯТТЯ З ОБЛ. З НЕПР. ТО,ЛЕГКОВИЙ,81
2013,143,143 - ПОНОВЛЕННЯ РЕЄСТР. ПІСЛЯ УМОВН. ЗНЯТТЯ З ОБЛ. З НЕПР. ТО,МОТОЦИКЛ,30
2013,143,143 - ПОНОВЛЕННЯ РЕЄСТР. ПІСЛЯ УМОВН. ЗНЯТТЯ З ОБЛ. З НЕПР. ТО,ПРИЧІП,7
2013,15,15 - ВНЕСЕННЯ БЕЗНОМЕРНОГО ТЗ (ТІЛЬКИ ДЛЯ ВИБРАКОВКИ),ВАНТАЖНИЙ,1
2013,150,150 - РЕЄСТРАЦIЯ ТЗ САМОСТIЙНО СКЛАДЕНОГО,ЛЕГКОВИЙ,7
2013,150,150 - РЕЄСТРАЦIЯ ТЗ САМОСТIЙНО СКЛАДЕНОГО,ПРИЧІП,24
2013,151,151 - РЕЄСТРАЦІЯ ТЗ У ЗВ'ЯЗКУ ЗІ ЗМІНОЮ МІСЦЯ СТОЯНКИ,АВТОБУС,27
2013,151,151 - РЕЄСТРАЦІЯ ТЗ У ЗВ'ЯЗКУ ЗІ ЗМІНОЮ МІСЦЯ СТОЯНКИ,ВАНТАЖНИЙ,238
2013,151,151 - РЕЄСТРАЦІЯ ТЗ У ЗВ'ЯЗКУ ЗІ ЗМІНОЮ МІСЦЯ СТОЯНКИ,ЛЕГКОВИЙ,233
2013,151,151 - РЕЄСТРАЦІЯ ТЗ У ЗВ'ЯЗКУ ЗІ ЗМІНОЮ МІСЦЯ СТОЯНКИ,МОТОЦИКЛ,1
2013,151,151 - РЕЄСТРАЦІЯ ТЗ У ЗВ'ЯЗКУ ЗІ ЗМІНОЮ МІСЦЯ СТОЯНКИ,НАПІВПРИЧІП,15
2013,151,151 - РЕЄСТРАЦІЯ ТЗ У ЗВ'ЯЗКУ ЗІ ЗМІНОЮ МІСЦЯ СТОЯНКИ,ПРИЧІП,5
2013,20,20 - ПЕРВИННА РЕЄСТРАЦIЯ ТЗ ДЛЯ НЕДЕРЖ. ОРГАНIЗАЦIЇ,АВТОБУС,852
2013,20,20 - ПЕРВИННА РЕЄСТРАЦIЯ ТЗ ДЛЯ НЕДЕРЖ. ОРГАНIЗАЦIЇ,ВАНТАЖНИЙ,4678
2013,20,20 - ПЕРВИННА РЕЄСТРАЦIЯ ТЗ ДЛЯ НЕДЕРЖ. ОРГАНIЗАЦIЇ,ЛЕГКОВИЙ,10840
2013,20,20 - ПЕРВИННА РЕЄСТРАЦIЯ ТЗ ДЛЯ НЕДЕРЖ. ОРГАНIЗАЦIЇ,МОПЕД,6
2013,20,20 - ПЕРВИННА РЕЄСТРАЦIЯ ТЗ ДЛЯ НЕДЕРЖ. ОРГАНIЗАЦIЇ,МОТОЦИКЛ,59
2013,20,20 - ПЕРВИННА РЕЄСТРАЦIЯ ТЗ ДЛЯ НЕДЕРЖ. ОРГАНIЗАЦIЇ,НАПІВПРИЧІП,920
2013,20,20 - ПЕРВИННА РЕЄСТРАЦIЯ ТЗ ДЛЯ НЕДЕРЖ. ОРГАНIЗАЦIЇ,ПРИЧІП,978
2013,20,20 - ПЕРВИННА РЕЄСТРАЦIЯ ТЗ ДЛЯ НЕДЕРЖ. ОРГАНIЗАЦIЇ,СПЕЦІАЛІЗОВАНІ,413
2013,20,20 - ПЕРВИННА РЕЄСТРАЦIЯ ТЗ ДЛЯ НЕДЕРЖ. ОРГАНIЗАЦIЇ,ТРИЦИКЛ,4
2013,200,200 - ВИДАЧА ТИМЧАС. ТАЛОНУ ПРИ ВТРАТI СВIД ПРО РЕЄСТРАЦIЮ,ВАНТАЖНИЙ,2
2013,200,200 - ВИДАЧА ТИМЧАС. ТАЛОНУ ПРИ ВТРАТI СВIД ПРО РЕЄСТРАЦIЮ,ЛЕГКОВИЙ,10
2013,200,200 - ВИДАЧА ТИМЧАС. ТАЛОНУ ПРИ ВТРАТI СВIД ПРО РЕЄСТРАЦIЮ,МОПЕД,11
2013,210,210 - ВИДАЧА ТИМЧАСОВОГО ТАЛОНУ ЗА ЗАЯВОЮ ВЛАСНИКА ДЛЯ РЕЄСТРАЦІЇ У ТОМУ ЧИСЛІ ПРИ УТОЧНЕН,АВТОБУС,5
2013,210,210 - ВИДАЧА ТИМЧАСОВОГО ТАЛОНУ ЗА ЗАЯВОЮ ВЛАСНИКА ДЛЯ РЕЄСТРАЦІЇ У ТОМУ ЧИСЛІ ПРИ УТОЧНЕН,ВАНТАЖНИЙ,156
2013,210,210 - ВИДАЧА ТИМЧАСОВОГО ТАЛОНУ ЗА ЗАЯВОЮ ВЛАСНИКА ДЛЯ РЕЄСТРАЦІЇ У ТОМУ ЧИСЛІ ПРИ УТОЧНЕН,ЛЕГКОВИЙ,238
2013,210,210 - ВИДАЧА ТИМЧАСОВОГО ТАЛОНУ ЗА ЗАЯВОЮ ВЛАСНИКА ДЛЯ РЕЄСТРАЦІЇ У ТОМУ ЧИСЛІ ПРИ УТОЧНЕН,МОПЕД,47
2013,210,210 - ВИДАЧА ТИМЧАСОВОГО ТАЛОНУ ЗА ЗАЯВОЮ ВЛАСНИКА ДЛЯ РЕЄСТРАЦІЇ У ТОМУ ЧИСЛІ ПРИ УТОЧНЕН,МОТОЦИКЛ,12
2013,210,210 - ВИДАЧА ТИМЧАСОВОГО ТАЛОНУ ЗА ЗАЯВОЮ ВЛАСНИКА ДЛЯ РЕЄСТРАЦІЇ У ТОМУ ЧИСЛІ ПРИ УТОЧНЕН,НАПІВПРИЧІП,5
2013,210,210 - ВИДАЧА ТИМЧАСОВОГО ТАЛОНУ ЗА ЗАЯВОЮ ВЛАСНИКА ДЛЯ РЕЄСТРАЦІЇ У ТОМУ ЧИСЛІ ПРИ УТОЧНЕН,ПРИЧІП,16
2013,212,212 - ВИДАЧА ТИМЧАСОВОГО ТАЛОНА ЗА ЗАЯВОЮ ВЛАСНИКА ДЛЯ ПЕРЕРЕЄСТРАЦІЇ У ТОМУ ЧИСЛІ ПРИ УТО,ЛЕГКОВИЙ,1
2013,220,220 - ВИДАЧА ТИМЧАСОВОГО ТАЛОНУ ПРИ ЗОБОВ'ЯЗАННІ ПРО ЗВОРОТНЕ ВИВЕЗЕННЯ,ВАНТАЖНИЙ,8
2013,220,220 - ВИДАЧА ТИМЧАСОВОГО ТАЛОНУ ПРИ ЗОБОВ'ЯЗАННІ ПРО ЗВОРОТНЕ ВИВЕЗЕННЯ,ЛЕГКОВИЙ,63
2013,220,220 - ВИДАЧА ТИМЧАСОВОГО ТАЛОНУ ПРИ ЗОБОВ'ЯЗАННІ ПРО ЗВОРОТНЕ ВИВЕЗЕННЯ,МОПЕД,1
2013,220,220 - ВИДАЧА ТИМЧАСОВОГО ТАЛОНУ ПРИ ЗОБОВ'ЯЗАННІ ПРО ЗВОРОТНЕ ВИВЕЗЕННЯ,НАПІВПРИЧІП,9
2013,221,"221 - РЕЄСТРАЦІЮ ТЗ,ВВЕЗЕНОГО ПІД ЗОБОВ'ЯЗАННЯ ПРО ЗВОРОТНЕ ВИВЕЗЕННЯ",ВАНТАЖНИЙ,26
2013,221,"221 - РЕЄСТРАЦІЮ ТЗ,ВВЕЗЕНОГО ПІД ЗОБОВ'ЯЗАННЯ ПРО ЗВОРОТНЕ ВИВЕЗЕННЯ",ЛЕГКОВИЙ,518
2013,221,"221 - РЕЄСТРАЦІЮ ТЗ,ВВЕЗЕНОГО ПІД ЗОБОВ'ЯЗАННЯ ПРО ЗВОРОТНЕ ВИВЕЗЕННЯ",МОПЕД,1
2013,221,"221 - РЕЄСТРАЦІЮ ТЗ,ВВЕЗЕНОГО ПІД ЗОБОВ'ЯЗАННЯ ПРО ЗВОРОТНЕ ВИВЕЗЕННЯ",МОТОЦИКЛ,3
2013,221,"221 - РЕЄСТРАЦІЮ ТЗ,ВВЕЗЕНОГО ПІД ЗОБОВ'ЯЗАННЯ ПРО ЗВОРОТНЕ ВИВЕЗЕННЯ",НАПІВПРИЧІП,18
2013,221,"221 - РЕЄСТРАЦІЮ ТЗ,ВВЕЗЕНОГО ПІД ЗОБОВ'ЯЗАННЯ ПРО ЗВОРОТНЕ ВИВЕЗЕННЯ",ПРИЧІП,1
2013,230,230 -  ВИДАЧА СВ. ПРО РЕЄСТР ДЛЯ ПОЇЗДКИ ЗА КОРДОН,АВТОБУС,4
2013,230,230 -  ВИДАЧА СВ. ПРО РЕЄСТР ДЛЯ ПОЇЗДКИ ЗА КОРДОН,ВАНТАЖНИЙ,59
2013,230,230 -  ВИДАЧА СВ. ПРО РЕЄСТР ДЛЯ ПОЇЗДКИ ЗА КОРДОН,ЛЕГКОВИЙ,121
2013,230,230 -  ВИДАЧА СВ. ПРО РЕЄСТР ДЛЯ ПОЇЗДКИ ЗА КОРДОН,МОТОЦИКЛ,1
2013,230,230 -  ВИДАЧА СВ. ПРО РЕЄСТР ДЛЯ ПОЇЗДКИ ЗА КОРДОН,НАПІВПРИЧІП,35
2013,230,230 -  ВИДАЧА СВ. ПРО РЕЄСТР ДЛЯ ПОЇЗДКИ ЗА КОРДОН,ПРИЧІП,7
2013,230,230 -  ВИДАЧА СВ. ПРО РЕЄСТР ДЛЯ ПОЇЗДКИ ЗА КОРДОН ПО ДОРУЧ,АВТОБУС,623
2013,230,230 -  ВИДАЧА СВ. ПРО РЕЄСТР ДЛЯ ПОЇЗДКИ ЗА КОРДОН ПО ДОРУЧ,ВАНТАЖНИЙ,3675
2013,230,230 -  ВИДАЧА СВ. ПРО РЕЄСТР ДЛЯ ПОЇЗДКИ ЗА КОРДОН ПО ДОРУЧ,ЛЕГКОВИЙ,4903
2013,230,230 -  ВИДАЧА СВ. ПРО РЕЄСТР ДЛЯ ПОЇЗДКИ ЗА КОРДОН ПО ДОРУЧ,МОТОЦИКЛ,37
2013,230,230 -  ВИДАЧА СВ. ПРО РЕЄСТР ДЛЯ ПОЇЗДКИ ЗА КОРДОН ПО ДОРУЧ,НАПІВПРИЧІП,1958
2013,230,230 -  ВИДАЧА СВ. ПРО РЕЄСТР ДЛЯ ПОЇЗДКИ ЗА КОРДОН ПО ДОРУЧ,ПРИЧІП,458
2013,230,230 -  ВИДАЧА СВ. ПРО РЕЄСТР ДЛЯ ПОЇЗДКИ ЗА КОРДОН ПО ДОРУЧ,СПЕЦІАЛІЗОВАНІ,2
2013,230,230 -  ВИДАЧА СВ. ПРО РЕЄСТР ДЛЯ ПОЇЗДКИ ЗА КОРДОН ПО ДОРУЧ,ТРИЦИКЛ,1
2013,240,240 -  ПОСТАНОВКА НА ТИМЧАСОВИЙ ОБЛIК ТЗ ПРИБУЛОГО З IНШ. РЕГ,АВТОБУС,2
2013,240,240 -  ПОСТАНОВКА НА ТИМЧАСОВИЙ ОБЛIК ТЗ ПРИБУЛОГО З IНШ. РЕГ,ВАНТАЖНИЙ,3
2013,240,240 -  ПОСТАНОВКА НА ТИМЧАСОВИЙ ОБЛIК ТЗ ПРИБУЛОГО З IНШ. РЕГ,ЛЕГКОВИЙ,14
2013,240,240 -  ПОСТАНОВКА НА ТИМЧАСОВИЙ ОБЛIК ТЗ ПРИБУЛОГО З IНШ. РЕГ,ПРИЧІП,1
2013,250,250 -  ВИДАЧА ТИМЧАСОВОГО РЕЄСТР ТАЛОНУ ПО ДОРУЧЕННЮ,АВТОБУС,14277
2013,250,250 -  ВИДАЧА ТИМЧАСОВОГО РЕЄСТР ТАЛОНУ ПО ДОРУЧЕННЮ,ВАНТАЖНИЙ,2443
2013,250,250 -  ВИДАЧА ТИМЧАСОВОГО РЕЄСТР ТАЛОНУ ПО ДОРУЧЕННЮ,ЛЕГКОВИЙ,7983
2013,250,250 -  ВИДАЧА ТИМЧАСОВОГО РЕЄСТР ТАЛОНУ ПО ДОРУЧЕННЮ,МОПЕД,17
2013,250,250 -  ВИДАЧА ТИМЧАСОВОГО РЕЄСТР ТАЛОНУ ПО ДОРУЧЕННЮ,МОТОЦИКЛ,52
2013,250,250 -  ВИДАЧА ТИМЧАСОВОГО РЕЄСТР ТАЛОНУ ПО ДОРУЧЕННЮ,НАПІВПРИЧІП,835
2013,250,250 -  ВИДАЧА ТИМЧАСОВОГО РЕЄСТР ТАЛОНУ ПО ДОРУЧЕННЮ,ПРИЧІП,279
2013,250,250 -  ВИДАЧА ТИМЧАСОВОГО РЕЄСТР ТАЛОНУ ПО ДОРУЧЕННЮ,ТРИЦИКЛ,1
2013,251,251 -  ВИДАЧА ТИМЧАС. РЕЄСТР. ТАЛОНУ ПО ДОРУЧ. ДЛЯ ТЗ IНШ РЕГ,АВТОБУС,129
2013,251,251 -  ВИДАЧА ТИМЧАС. РЕЄСТР. ТАЛОНУ ПО ДОРУЧ. ДЛЯ ТЗ IНШ РЕГ,ВАНТАЖНИЙ,78
2013,251,251 -  ВИДАЧА ТИМЧАС. РЕЄСТР. ТАЛОНУ ПО ДОРУЧ. ДЛЯ ТЗ IНШ РЕГ,ЛЕГКОВИЙ,148
2013,251,251 -  ВИДАЧА ТИМЧАС. РЕЄСТР. ТАЛОНУ ПО ДОРУЧ. ДЛЯ ТЗ IНШ РЕГ,НАПІВПРИЧІП,55
2013,251,251 -  ВИДАЧА ТИМЧАС. РЕЄСТР. ТАЛОНУ ПО ДОРУЧ. ДЛЯ ТЗ IНШ РЕГ,ПРИЧІП,1
2013,252,252 -  ВИДАЧА ТИМЧАС. РЕЄСТР. ТАЛОНУ НА ПРАВО КЕР ЗА ЗАЯВОЮ ВЛ,АВТОБУС,2361
2013,252,252 -  ВИДАЧА ТИМЧАС. РЕЄСТР. ТАЛОНУ НА ПРАВО КЕР ЗА ЗАЯВОЮ ВЛ,ВАНТАЖНИЙ,917
2013,252,252 -  ВИДАЧА ТИМЧАС. РЕЄСТР. ТАЛОНУ НА ПРАВО КЕР ЗА ЗАЯВОЮ ВЛ,ЛЕГКОВИЙ,4486
2013,252,252 -  ВИДАЧА ТИМЧАС. РЕЄСТР. ТАЛОНУ НА ПРАВО КЕР ЗА ЗАЯВОЮ ВЛ,МОПЕД,9
2013,252,252 -  ВИДАЧА ТИМЧАС. РЕЄСТР. ТАЛОНУ НА ПРАВО КЕР ЗА ЗАЯВОЮ ВЛ,МОТОЦИКЛ,18
2013,252,252 -  ВИДАЧА ТИМЧАС. РЕЄСТР. ТАЛОНУ НА ПРАВО КЕР ЗА ЗАЯВОЮ ВЛ,НАПІВПРИЧІП,185
2013,252,252 -  ВИДАЧА ТИМЧАС. РЕЄСТР. ТАЛОНУ НА ПРАВО КЕР ЗА ЗАЯВОЮ ВЛ,ПРИЧІП,89
2013,252,252 -  ВИДАЧА ТИМЧАС. РЕЄСТР. ТАЛОНУ НА ПРАВО КЕР ЗА ЗАЯВОЮ ВЛ,СПЕЦІАЛІЗОВАНІ,1
2013,252,252 -  ВИДАЧА ТИМЧАС. РЕЄСТР. ТАЛОНУ НА ПРАВО КЕР ЗА ЗАЯВОЮ ВЛ,ТРИЦИКЛ,1
2013,255,255 -  АНУЛЮВАННЯ ВИДАЧI ТИМЧАС. РЕЄСТРАЦIЙНОГО ТАЛОНУ ПО ДОРУЧ,АВТОБУС,563
2013,255,255 -  АНУЛЮВАННЯ ВИДАЧI ТИМЧАС. РЕЄСТРАЦIЙНОГО ТАЛОНУ ПО ДОРУЧ,ВАНТАЖНИЙ,65
2013,255,255 -  АНУЛЮВАННЯ ВИДАЧI ТИМЧАС. РЕЄСТРАЦIЙНОГО ТАЛОНУ ПО ДОРУЧ,ЛЕГКОВИЙ,160
2013,255,255 -  АНУЛЮВАННЯ ВИДАЧI ТИМЧАС. РЕЄСТРАЦIЙНОГО ТАЛОНУ ПО ДОРУЧ,МОТОЦИКЛ,1
2013,255,255 -  АНУЛЮВАННЯ ВИДАЧI ТИМЧАС. РЕЄСТРАЦIЙНОГО ТАЛОНУ ПО ДОРУЧ,НАПІВПРИЧІП,33
2013,255,255 -  АНУЛЮВАННЯ ВИДАЧI ТИМЧАС. РЕЄСТРАЦIЙНОГО ТАЛОНУ ПО ДОРУЧ,ПРИЧІП,6
2013,256,256 -  АНУЛЮВАННЯ ВИДАЧI ТИМЧАС. РЕЕСТР. ТАЛОНУ ПО ЗАЯВI ВЛ,АВТОБУС,88
2013,256,256 -  АНУЛЮВАННЯ ВИДАЧI ТИМЧАС. РЕЕСТР. ТАЛОНУ ПО ЗАЯВI ВЛ,ВАНТАЖНИЙ,13
2013,256,256 -  АНУЛЮВАННЯ ВИДАЧI ТИМЧАС. РЕЕСТР. ТАЛОНУ ПО ЗАЯВI ВЛ,ЛЕГКОВИЙ,47
2013,256,256 -  АНУЛЮВАННЯ ВИДАЧI ТИМЧАС. РЕЕСТР. ТАЛОНУ ПО ЗАЯВI ВЛ,НАПІВПРИЧІП,3
2013,256,256 -  АНУЛЮВАННЯ ВИДАЧI ТИМЧАС. РЕЕСТР. ТАЛОНУ ПО ЗАЯВI ВЛ,ПРИЧІП,2
2013,260,260 - ВИДАЧА ТИМЧ. РЕЄСТР. ТАЛОНУ ПРИ ВИЯВЛЕННI ТЗ ВИКР ЗА КОРД,ВАНТАЖНИЙ,4
2013,260,260 - ВИДАЧА ТИМЧ. РЕЄСТР. ТАЛОНУ ПРИ ВИЯВЛЕННI ТЗ ВИКР ЗА КОРД,ЛЕГКОВИЙ,16
2013,260,260 - ВИДАЧА ТИМЧ. РЕЄСТР. ТАЛОНУ ПРИ ВИЯВЛЕННI ТЗ ВИКР ЗА КОРД,МОТОЦИКЛ,2
2013,270,270 - ВИДАЧА ТИМЧАС. ТАЛ. ДЛЯ МОПЕДІВ БЕЗ ОБМЕЖ СТРОКУ РЕЄС.,ЛЕГКОВИЙ,1
2013,270,270 - ВИДАЧА ТИМЧАС. ТАЛ. ДЛЯ МОПЕДІВ БЕЗ ОБМЕЖ СТРОКУ РЕЄС.,МОПЕД,21610
2013,270,270 - ВИДАЧА ТИМЧАС. ТАЛ. ДЛЯ МОПЕДІВ БЕЗ ОБМЕЖ СТРОКУ РЕЄС.,МОТОЦИКЛ,88
2013,270,270 - ВИДАЧА ТИМЧАС. ТАЛ. ДЛЯ МОПЕДІВ БЕЗ ОБМЕЖ СТРОКУ РЕЄС.,НАПІВПРИЧІП,1
2013,270,270 - ВИДАЧА ТИМЧАС. ТАЛ. ДЛЯ МОПЕДІВ БЕЗ ОБМЕЖ СТРОКУ РЕЄС.,ПРИЧІП,3
2013,270,270 - ВИДАЧА ТИМЧАС. ТАЛ. ДЛЯ МОПЕДІВ БЕЗ ОБМЕЖ СТРОКУ РЕЄС.,ТРИЦИКЛ,3
2013,30,30 - ПЕРВИННА РЕЄСТРАЦІЯ ТЗ ДЛЯ ІНДИВ. ВЛАСНИКА,АВТОБУС,706
2013,30,30 - ПЕРВИННА РЕЄСТРАЦІЯ ТЗ ДЛЯ ІНДИВ. ВЛАСНИКА,ВАНТАЖНИЙ,17401
2013,30,30 - ПЕРВИННА РЕЄСТРАЦІЯ ТЗ ДЛЯ ІНДИВ. ВЛАСНИКА,КВАДРОЦИКЛ,17
2013,30,30 - ПЕРВИННА РЕЄСТРАЦІЯ ТЗ ДЛЯ ІНДИВ. ВЛАСНИКА,ЛЕГКОВИЙ,73968
2013,30,30 - ПЕРВИННА РЕЄСТРАЦІЯ ТЗ ДЛЯ ІНДИВ. ВЛАСНИКА,МОПЕД,1859
2013,30,30 - ПЕРВИННА РЕЄСТРАЦІЯ ТЗ ДЛЯ ІНДИВ. ВЛАСНИКА,МОТОЦИКЛ,9772
2013,30,30 - ПЕРВИННА РЕЄСТРАЦІЯ ТЗ ДЛЯ ІНДИВ. ВЛАСНИКА,НАПІВПРИЧІП,982
2013,30,30 - ПЕРВИННА РЕЄСТРАЦІЯ ТЗ ДЛЯ ІНДИВ. ВЛАСНИКА,ПРИЧІП,13540
2013,30,30 - ПЕРВИННА РЕЄСТРАЦІЯ ТЗ ДЛЯ ІНДИВ. ВЛАСНИКА,СПЕЦІАЛІЗОВАНІ,3
2013,30,30 - ПЕРВИННА РЕЄСТРАЦІЯ ТЗ ДЛЯ ІНДИВ. ВЛАСНИКА,ТРИЦИКЛ,84
2013,300,300 - ПЕРЕРЕЄСТРАЦIЯ НА НОВОГО ВЛАСНИКА ЗА СВIД. НА СПIЛЬНЕ МАЙНО,АВТОБУС,39
2013,300,300 - ПЕРЕРЕЄСТРАЦIЯ НА НОВОГО ВЛАСНИКА ЗА СВIД. НА СПIЛЬНЕ МАЙНО,ВАНТАЖНИЙ,80
2013,300,300 - ПЕРЕРЕЄСТРАЦIЯ НА НОВОГО ВЛАСНИКА ЗА СВIД. НА СПIЛЬНЕ МАЙНО,ЛЕГКОВИЙ,99
2013,300,300 - ПЕРЕРЕЄСТРАЦIЯ НА НОВОГО ВЛАСНИКА ЗА СВIД. НА СПIЛЬНЕ МАЙНО,МОПЕД,2
2013,300,300 - ПЕРЕРЕЄСТРАЦIЯ НА НОВОГО ВЛАСНИКА ЗА СВIД. НА СПIЛЬНЕ МАЙНО,МОТОЦИКЛ,2
2013,300,300 - ПЕРЕРЕЄСТРАЦIЯ НА НОВОГО ВЛАСНИКА ЗА СВIД. НА СПIЛЬНЕ МАЙНО,НАПІВПРИЧІП,13
2013,300,300 - ПЕРЕРЕЄСТРАЦIЯ НА НОВОГО ВЛАСНИКА ЗА СВIД. НА СПIЛЬНЕ МАЙНО,ПРИЧІП,10
2013,309,309 - ПЕРЕРЕЄСТРАЦІЯ ТЗ НА НОВОГО ВЛАСНИКА ЗА ДОВІДКОЙ-РАХУНОК,АВТОБУС,870
2013,309,309 - ПЕРЕРЕЄСТРАЦІЯ ТЗ НА НОВОГО ВЛАСНИКА ЗА ДОВІДКОЙ-РАХУНОК,ВАНТАЖНИЙ,6802
2013,309,309 - ПЕРЕРЕЄСТРАЦІЯ ТЗ НА НОВОГО ВЛАСНИКА ЗА ДОВІДКОЙ-РАХУНОК,КВАДРОЦИКЛ,2
2013,309,309 - ПЕРЕРЕЄСТРАЦІЯ ТЗ НА НОВОГО ВЛАСНИКА ЗА ДОВІДКОЙ-РАХУНОК,ЛЕГКОВИЙ,52681
2013,309,309 - ПЕРЕРЕЄСТРАЦІЯ ТЗ НА НОВОГО ВЛАСНИКА ЗА ДОВІДКОЙ-РАХУНОК,МОПЕД,11
2013,309,309 - ПЕРЕРЕЄСТРАЦІЯ ТЗ НА НОВОГО ВЛАСНИКА ЗА ДОВІДКОЙ-РАХУНОК,МОТОЦИКЛ,353
2013,309,309 - ПЕРЕРЕЄСТРАЦІЯ ТЗ НА НОВОГО ВЛАСНИКА ЗА ДОВІДКОЙ-РАХУНОК,НАПІВПРИЧІП,594
2013,309,309 - ПЕРЕРЕЄСТРАЦІЯ ТЗ НА НОВОГО ВЛАСНИКА ЗА ДОВІДКОЙ-РАХУНОК,ПРИЧІП,604
2013,309,309 - ПЕРЕРЕЄСТРАЦІЯ ТЗ НА НОВОГО ВЛАСНИКА ЗА ДОВІДКОЙ-РАХУНОК,СПЕЦІАЛІЗОВАНІ,14
2013,309,309 - ПЕРЕРЕЄСТРАЦІЯ ТЗ НА НОВОГО ВЛАСНИКА ЗА ДОВІДКОЙ-РАХУНОК,ТРИЦИКЛ,2
2013,309,309 - ПЕРЕРЕЄСТРАЦІЯ ТЗ НА НОВОГО ВЛАСНИКА ЗА ДОВІДКОЮ-РАХУНКОМ,ВАНТАЖНИЙ,2
2013,309,309 - ПЕРЕРЕЄСТРАЦІЯ ТЗ НА НОВОГО ВЛАСНИКА ЗА ДОВІДКОЮ-РАХУНКОМ,ЛЕГКОВИЙ,122
2013,309,309 - ПЕРЕРЕЄСТРАЦІЯ ТЗ НА НОВОГО ВЛАСНИКА ЗА ДОВІДКОЮ-РАХУНКОМ,ПРИЧІП,1
2013,310,310 - ПЕРЕРЕЄСТРАЦІЯ НА НОВОГО ВЛАСНИКА ЗА ДОГ. КУП.-ПРОД.(ОФОРМ.НОТАРІАЛЬНО ТА ІНШ.),АВТОБУС,1
2013,310,310 - ПЕРЕРЕЄСТРАЦІЯ НА НОВОГО ВЛАСНИКА ЗА ДОГ. КУП.-ПРОД.(ОФОРМ.НОТАРІАЛЬНО ТА ІНШ.),ВАНТАЖНИЙ,50
2013,310,310 - ПЕРЕРЕЄСТРАЦІЯ НА НОВОГО ВЛАСНИКА ЗА ДОГ. КУП.-ПРОД.(ОФОРМ.НОТАРІАЛЬНО ТА ІНШ.),ЛЕГКОВИЙ,61
2013,310,310 - ПЕРЕРЕЄСТРАЦІЯ НА НОВОГО ВЛАСНИКА ЗА ДОГ. КУП.-ПРОД.(ОФОРМ.НОТАРІАЛЬНО ТА ІНШ.),НАПІВПРИЧІП,3
2013,310,310 - ПЕРЕРЕЄСТРАЦІЯ НА НОВОГО ВЛАСНИКА ЗА ДОГ. КУП.-ПРОД.(ОФОРМ.НОТАРІАЛЬНО ТА ІНШ.),ПРИЧІП,2
2013,310,310 - ПЕРЕРЕЄСТРАЦІЯ НА НОВОГО ВЛАСНИКА ЗА ДОГ. КУП.-ПРОД.ТА ІНШ.(ОФОРМ.НОТАРІАЛЬНО ),ВАНТАЖНИЙ,1
2013,310,310 - ПЕРЕРЕЄСТРАЦІЯ НА НОВОГО ВЛАСНИКА ЗА ДОГ. КУП.-ПРОД.ТА ІНШ.(ОФОРМ.НОТАРІАЛЬНО ),ЛЕГКОВИЙ,18
2013,310,310 - ПЕРЕРЕЄСТРАЦІЯ НА НОВОГО ВЛАСНИКА ЗА ДОГ. КУП.-ПРОД.ТА ІНШ.(ОФОРМ.НОТАРІАЛЬНО ),НАПІВПРИЧІП,1
2013,310,310 - ПЕРЕРЕЄСТРАЦІЯ НА НОВОГО ВЛАСНИКА ЗА ДОГ. КУПIВЛI-ПРОДАЖУ,АВТОБУС,415
2013,310,310 - ПЕРЕРЕЄСТРАЦІЯ НА НОВОГО ВЛАСНИКА ЗА ДОГ. КУПIВЛI-ПРОДАЖУ,ВАНТАЖНИЙ,2371
2013,310,310 - ПЕРЕРЕЄСТРАЦІЯ НА НОВОГО ВЛАСНИКА ЗА ДОГ. КУПIВЛI-ПРОДАЖУ,ЛЕГКОВИЙ,13030
2013,310,310 - ПЕРЕРЕЄСТРАЦІЯ НА НОВОГО ВЛАСНИКА ЗА ДОГ. КУПIВЛI-ПРОДАЖУ,МОПЕД,5
2013,310,310 - ПЕРЕРЕЄСТРАЦІЯ НА НОВОГО ВЛАСНИКА ЗА ДОГ. КУПIВЛI-ПРОДАЖУ,МОТОЦИКЛ,74
2013,310,310 - ПЕРЕРЕЄСТРАЦІЯ НА НОВОГО ВЛАСНИКА ЗА ДОГ. КУПIВЛI-ПРОДАЖУ,НАПІВПРИЧІП,288
2013,310,310 - ПЕРЕРЕЄСТРАЦІЯ НА НОВОГО ВЛАСНИКА ЗА ДОГ. КУПIВЛI-ПРОДАЖУ,ПРИЧІП,278
2013,310,310 - ПЕРЕРЕЄСТРАЦІЯ НА НОВОГО ВЛАСНИКА ЗА ДОГ. КУПIВЛI-ПРОДАЖУ,СПЕЦІАЛІЗОВАНІ,1
2013,311,311 - ПЕРЕРЕЄСТРАЦIЯ НА НОВОГО ВЛАСНИКА ЗА ДОГОВОРОМ МIНИ,АВТОБУС,31
2013,311,311 - ПЕРЕРЕЄСТРАЦIЯ НА НОВОГО ВЛАСНИКА ЗА ДОГОВОРОМ МIНИ,ВАНТАЖНИЙ,142
2013,311,311 - ПЕРЕРЕЄСТРАЦIЯ НА НОВОГО ВЛАСНИКА ЗА ДОГОВОРОМ МIНИ,ЛЕГКОВИЙ,236
2013,311,311 - ПЕРЕРЕЄСТРАЦIЯ НА НОВОГО ВЛАСНИКА ЗА ДОГОВОРОМ МIНИ,НАПІВПРИЧІП,7
2013,311,311 - ПЕРЕРЕЄСТРАЦIЯ НА НОВОГО ВЛАСНИКА ЗА ДОГОВОРОМ МIНИ,ПРИЧІП,23
2013,312,"312 - ПЕРЕРЕЄСТРАЦІЯ ТЗ НА НОВОГО ВЛАСНИКА, ОТРИМАНОГО ЧЕРЕЗ ВІДДІЛ СОЦ.ЗАХИСТУ",АВТОБУС,1
2013,312,"312 - ПЕРЕРЕЄСТРАЦІЯ ТЗ НА НОВОГО ВЛАСНИКА, ОТРИМАНОГО ЧЕРЕЗ ВІДДІЛ СОЦ.ЗАХИСТУ",ВАНТАЖНИЙ,14
2013,312,"312 - ПЕРЕРЕЄСТРАЦІЯ ТЗ НА НОВОГО ВЛАСНИКА, ОТРИМАНОГО ЧЕРЕЗ ВІДДІЛ СОЦ.ЗАХИСТУ",ЛЕГКОВИЙ,731
2013,312,"312 - ПЕРЕРЕЄСТРАЦІЯ ТЗ НА НОВОГО ВЛАСНИКА, ОТРИМАНОГО ЧЕРЕЗ ВІДДІЛ СОЦ.ЗАХИСТУ",МОПЕД,1
2013,312,"312 - ПЕРЕРЕЄСТРАЦІЯ ТЗ НА НОВОГО ВЛАСНИКА, ОТРИМАНОГО ЧЕРЕЗ ВІДДІЛ СОЦ.ЗАХИСТУ",МОТОЦИКЛ,3
2013,312,"312 - ПЕРЕРЕЄСТРАЦІЯ ТЗ НА НОВОГО ВЛАСНИКА, ОТРИМАНОГО ЧЕРЕЗ ВІДДІЛ СОЦ.ЗАХИСТУ",ПРИЧІП,16
2013,319,319 - ПЕРЕРЕЄСТРАЦІЯ ТЗ НА НОВОГО ВЛАСНИКА ЗА АКТОМ ПРИЙОМУ-ПЕРЕДАЧІ,АВТОБУС,319
2013,319,319 - ПЕРЕРЕЄСТРАЦІЯ ТЗ НА НОВОГО ВЛАСНИКА ЗА АКТОМ ПРИЙОМУ-ПЕРЕДАЧІ,ВАНТАЖНИЙ,991
2013,319,319 - ПЕРЕРЕЄСТРАЦІЯ ТЗ НА НОВОГО ВЛАСНИКА ЗА АКТОМ ПРИЙОМУ-ПЕРЕДАЧІ,ЛЕГКОВИЙ,3236
2013,319,319 - ПЕРЕРЕЄСТРАЦІЯ ТЗ НА НОВОГО ВЛАСНИКА ЗА АКТОМ ПРИЙОМУ-ПЕРЕДАЧІ,МОТОЦИКЛ,9
2013,319,319 - ПЕРЕРЕЄСТРАЦІЯ ТЗ НА НОВОГО ВЛАСНИКА ЗА АКТОМ ПРИЙОМУ-ПЕРЕДАЧІ,НАПІВПРИЧІП,95
2013,319,319 - ПЕРЕРЕЄСТРАЦІЯ ТЗ НА НОВОГО ВЛАСНИКА ЗА АКТОМ ПРИЙОМУ-ПЕРЕДАЧІ,ПРИЧІП,54
2013,319,319 - ПЕРЕРЕЄСТРАЦІЯ ТЗ НА НОВОГО ВЛАСНИКА ЗА АКТОМ ПРИЙОМУ-ПЕРЕДАЧІ,СПЕЦІАЛІЗОВАНІ,100
2013,320,320 - ПЕРЕРЕЄСТРАЦIЯ НА НОВ. ВЛАС. ЗА ДОГ. ДАРУВАННЯ,АВТОБУС,19
2013,320,320 - ПЕРЕРЕЄСТРАЦIЯ НА НОВ. ВЛАС. ЗА ДОГ. ДАРУВАННЯ,ВАНТАЖНИЙ,78
2013,320,320 - ПЕРЕРЕЄСТРАЦIЯ НА НОВ. ВЛАС. ЗА ДОГ. ДАРУВАННЯ,ЛЕГКОВИЙ,522
2013,320,320 - ПЕРЕРЕЄСТРАЦIЯ НА НОВ. ВЛАС. ЗА ДОГ. ДАРУВАННЯ,НАПІВПРИЧІП,10
2013,320,320 - ПЕРЕРЕЄСТРАЦIЯ НА НОВ. ВЛАС. ЗА ДОГ. ДАРУВАННЯ,ПРИЧІП,18
2013,321,321 - ПЕРЕРЕЄСТРАЦIЯ ТЗ НА НОВ. ВЛАС. ПО УСПАДКУВАННЮ ЗА ЗАПОВIТОМ,АВТОБУС,4
2013,321,321 - ПЕРЕРЕЄСТРАЦIЯ ТЗ НА НОВ. ВЛАС. ПО УСПАДКУВАННЮ ЗА ЗАПОВIТОМ,ВАНТАЖНИЙ,26
2013,321,321 - ПЕРЕРЕЄСТРАЦIЯ ТЗ НА НОВ. ВЛАС. ПО УСПАДКУВАННЮ ЗА ЗАПОВIТОМ,ЛЕГКОВИЙ,997
2013,321,321 - ПЕРЕРЕЄСТРАЦIЯ ТЗ НА НОВ. ВЛАС. ПО УСПАДКУВАННЮ ЗА ЗАПОВIТОМ,МОТОЦИКЛ,18
2013,321,321 - ПЕРЕРЕЄСТРАЦIЯ ТЗ НА НОВ. ВЛАС. ПО УСПАДКУВАННЮ ЗА ЗАПОВIТОМ,ПРИЧІП,49
2013,322,322 -  ПЕРЕРЕЄСТРАЦIЯ ТЗ НА НОВ. ВЛАС. ПО УСПАДКУВАННЮ ЗА ЗАКОНОМ,АВТОБУС,4
2013,322,322 -  ПЕРЕРЕЄСТРАЦIЯ ТЗ НА НОВ. ВЛАС. ПО УСПАДКУВАННЮ ЗА ЗАКОНОМ,ВАНТАЖНИЙ,6
2013,322,322 -  ПЕРЕРЕЄСТРАЦIЯ ТЗ НА НОВ. ВЛАС. ПО УСПАДКУВАННЮ ЗА ЗАКОНОМ,ЛЕГКОВИЙ,53
2013,322,322 - ПЕРЕРЕЄСТРАЦIЯ ТЗ НА НОВ. ВЛАС. ПО УСПАДКУВАННЮ ЗА ЗАКОНОМ,АВТОБУС,147
2013,322,322 - ПЕРЕРЕЄСТРАЦIЯ ТЗ НА НОВ. ВЛАС. ПО УСПАДКУВАННЮ ЗА ЗАКОНОМ,ВАНТАЖНИЙ,720
2013,322,322 - ПЕРЕРЕЄСТРАЦIЯ ТЗ НА НОВ. ВЛАС. ПО УСПАДКУВАННЮ ЗА ЗАКОНОМ,ЛЕГКОВИЙ,11059
2013,322,322 - ПЕРЕРЕЄСТРАЦIЯ ТЗ НА НОВ. ВЛАС. ПО УСПАДКУВАННЮ ЗА ЗАКОНОМ,МОПЕД,19
2013,322,322 - ПЕРЕРЕЄСТРАЦIЯ ТЗ НА НОВ. ВЛАС. ПО УСПАДКУВАННЮ ЗА ЗАКОНОМ,МОТОЦИКЛ,111
2013,322,322 - ПЕРЕРЕЄСТРАЦIЯ ТЗ НА НОВ. ВЛАС. ПО УСПАДКУВАННЮ ЗА ЗАКОНОМ,НАПІВПРИЧІП,71
2013,322,322 - ПЕРЕРЕЄСТРАЦIЯ ТЗ НА НОВ. ВЛАС. ПО УСПАДКУВАННЮ ЗА ЗАКОНОМ,ПРИЧІП,498
2013,323,323 - ПЕРЕРЕЄСТРАЦІЯ НА НОВОГО ВЛАСНИКА ЗА СПАДЩИНОЮ(ЗА ЗАКОНОМ),ЛЕГКОВИЙ,4
2013,330,330 - ПЕРЕРЕЄСТРАЦIЯ НА НОВОГО ВЛАСНИКА ЗА РIШЕННЯМ СУДУ,АВТОБУС,42
2013,330,330 - ПЕРЕРЕЄСТРАЦIЯ НА НОВОГО ВЛАСНИКА ЗА РIШЕННЯМ СУДУ,ВАНТАЖНИЙ,241
2013,330,330 - ПЕРЕРЕЄСТРАЦIЯ НА НОВОГО ВЛАСНИКА ЗА РIШЕННЯМ СУДУ,ЛЕГКОВИЙ,980
2013,330,330 - ПЕРЕРЕЄСТРАЦIЯ НА НОВОГО ВЛАСНИКА ЗА РIШЕННЯМ СУДУ,МОТОЦИКЛ,10
2013,330,330 - ПЕРЕРЕЄСТРАЦIЯ НА НОВОГО ВЛАСНИКА ЗА РIШЕННЯМ СУДУ,НАПІВПРИЧІП,27
2013,330,330 - ПЕРЕРЕЄСТРАЦIЯ НА НОВОГО ВЛАСНИКА ЗА РIШЕННЯМ СУДУ,ПРИЧІП,27
2013,331,331 - ПЕРЕРЕЄСТРАЦІЯ ТЗ НА НОВОГО ВЛАСНИКА ЗА АКТОМ ПРОВЕДЕНОГО АУКЦІОНУ,ВАНТАЖНИЙ,19
2013,331,331 - ПЕРЕРЕЄСТРАЦІЯ ТЗ НА НОВОГО ВЛАСНИКА ЗА АКТОМ ПРОВЕДЕНОГО АУКЦІОНУ,ЛЕГКОВИЙ,62
2013,331,331 - ПЕРЕРЕЄСТРАЦІЯ ТЗ НА НОВОГО ВЛАСНИКА ЗА АКТОМ ПРОВЕДЕНОГО АУКЦІОНУ,НАПІВПРИЧІП,4
2013,331,331 - ПЕРЕРЕЄСТРАЦІЯ ТЗ НА НОВОГО ВЛАСНИКА ЗА АКТОМ ПРОВЕДЕНОГО АУКЦІОНУ,ПРИЧІП,1
2013,332,332 - ПЕРЕРЕЄСТРАЦІЯ ТЗ НА НОВОГО ВЛАСНИКА ЗА ПОСТАНОВОЮ ПРО ПЕРЕДАЧУ МАЙНА,АВТОБУС,4
2013,332,332 - ПЕРЕРЕЄСТРАЦІЯ ТЗ НА НОВОГО ВЛАСНИКА ЗА ПОСТАНОВОЮ ПРО ПЕРЕДАЧУ МАЙНА,ВАНТАЖНИЙ,11
2013,332,332 - ПЕРЕРЕЄСТРАЦІЯ ТЗ НА НОВОГО ВЛАСНИКА ЗА ПОСТАНОВОЮ ПРО ПЕРЕДАЧУ МАЙНА,ЛЕГКОВИЙ,21
2013,332,332 - ПЕРЕРЕЄСТРАЦІЯ ТЗ НА НОВОГО ВЛАСНИКА ЗА ПОСТАНОВОЮ ПРО ПЕРЕДАЧУ МАЙНА,НАПІВПРИЧІП,1
2013,332,332 - ПЕРЕРЕЄСТРАЦІЯ ТЗ НА НОВОГО ВЛАСНИКА ЗА ПОСТАНОВОЮ ПРО ПЕРЕДАЧУ МАЙНА,ПРИЧІП,2
2013,332,332 - ПЕРЕРЕЄСТРАЦІЯ ТЗ НА НОВОГО ВЛАСНИКА ЗА ПОСТАНОВОЮ ПРО ПЕРЕДАЧУ МАЙНА,СПЕЦІАЛІЗОВАНІ,1
2013,340,340 - ПЕРЕРЕЄСТРАЦIЯ У ЗВ`ЯЗКУ ЗI ЗМIНОЮ АНКЕТНИХ ДАНИХ ВЛАСНИКА,АВТОБУС,105
2013,340,340 - ПЕРЕРЕЄСТРАЦIЯ У ЗВ`ЯЗКУ ЗI ЗМIНОЮ АНКЕТНИХ ДАНИХ ВЛАСНИКА,ВАНТАЖНИЙ,250
2013,340,340 - ПЕРЕРЕЄСТРАЦIЯ У ЗВ`ЯЗКУ ЗI ЗМIНОЮ АНКЕТНИХ ДАНИХ ВЛАСНИКА,ЛЕГКОВИЙ,4066
2013,340,340 - ПЕРЕРЕЄСТРАЦIЯ У ЗВ`ЯЗКУ ЗI ЗМIНОЮ АНКЕТНИХ ДАНИХ ВЛАСНИКА,МОПЕД,19
2013,340,340 - ПЕРЕРЕЄСТРАЦIЯ У ЗВ`ЯЗКУ ЗI ЗМIНОЮ АНКЕТНИХ ДАНИХ ВЛАСНИКА,МОТОЦИКЛ,30
2013,340,340 - ПЕРЕРЕЄСТРАЦIЯ У ЗВ`ЯЗКУ ЗI ЗМIНОЮ АНКЕТНИХ ДАНИХ ВЛАСНИКА,НАПІВПРИЧІП,30
2013,340,340 - ПЕРЕРЕЄСТРАЦIЯ У ЗВ`ЯЗКУ ЗI ЗМIНОЮ АНКЕТНИХ ДАНИХ ВЛАСНИКА,ПРИЧІП,76
2013,341,341 - ПЕРЕРЕЄСТРАЦІЯ РАНІШЕ ВИКРАДЕНОГО ТЗ,ВАНТАЖНИЙ,1
2013,341,341 - ПЕРЕРЕЄСТРАЦІЯ РАНІШЕ ВИКРАДЕНОГО ТЗ,ЛЕГКОВИЙ,15
2013,342,342 - ПЕРЕРЕЄСТРАЦІЯ ТЗ У ЗВЭ'ЯЗКУ З ЗАМІНОЮ СВІДОЦТВА,ЛЕГКОВИЙ,6
2013,342,342 - ПЕРЕРЕЄСТРАЦІЯ ТЗ У ЗВЭ'ЯЗКУ З ЗАМІНОЮ СВІДОЦТВА,НАПІВПРИЧІП,1
2013,343,343 - ПЕРЕРЕЄСТРАЦІЯ У ЗВ'ЯЗКУ ІЗ ЗМІНОЮ ДАНИХ ВЛАСНИКА АБО ТЗ ОТРИМАНОГО ЧЕРЕЗ ВІДДІЛ СОЦ,ЛЕГКОВИЙ,1
2013,350,350 -  ПЕРЕРЕЄСТРАЦIЯ У ЗВ`ЯЗКУ ЗI ЗМIНОЮ НАЗВИ ОРГАНIЗАЦIЇ,АВТОБУС,1617
2013,350,350 -  ПЕРЕРЕЄСТРАЦIЯ У ЗВ`ЯЗКУ ЗI ЗМIНОЮ НАЗВИ ОРГАНIЗАЦIЇ,ВАНТАЖНИЙ,8812
2013,350,350 -  ПЕРЕРЕЄСТРАЦIЯ У ЗВ`ЯЗКУ ЗI ЗМIНОЮ НАЗВИ ОРГАНIЗАЦIЇ,ЛЕГКОВИЙ,9788
2013,350,350 -  ПЕРЕРЕЄСТРАЦIЯ У ЗВ`ЯЗКУ ЗI ЗМIНОЮ НАЗВИ ОРГАНIЗАЦIЇ,МОПЕД,2
2013,350,350 -  ПЕРЕРЕЄСТРАЦIЯ У ЗВ`ЯЗКУ ЗI ЗМIНОЮ НАЗВИ ОРГАНIЗАЦIЇ,МОТОЦИКЛ,59
2013,350,350 -  ПЕРЕРЕЄСТРАЦIЯ У ЗВ`ЯЗКУ ЗI ЗМIНОЮ НАЗВИ ОРГАНIЗАЦIЇ,НАПІВПРИЧІП,554
2013,350,350 -  ПЕРЕРЕЄСТРАЦIЯ У ЗВ`ЯЗКУ ЗI ЗМIНОЮ НАЗВИ ОРГАНIЗАЦIЇ,ПРИЧІП,535
2013,350,350 -  ПЕРЕРЕЄСТРАЦIЯ У ЗВ`ЯЗКУ ЗI ЗМIНОЮ НАЗВИ ОРГАНIЗАЦIЇ,СПЕЦІАЛІЗОВАНІ,48
2013,350,350 - ПЕРЕРЕЄСТРАЦIЯ У ЗВ`ЯЗКУ ЗI ЗМIНОЮ НАЗВИ ОРГАНIЗАЦIЇ,АВТОБУС,168
2013,350,350 - ПЕРЕРЕЄСТРАЦIЯ У ЗВ`ЯЗКУ ЗI ЗМIНОЮ НАЗВИ ОРГАНIЗАЦIЇ,ВАНТАЖНИЙ,673
2013,350,350 - ПЕРЕРЕЄСТРАЦIЯ У ЗВ`ЯЗКУ ЗI ЗМIНОЮ НАЗВИ ОРГАНIЗАЦIЇ,ЛЕГКОВИЙ,563
2013,350,350 - ПЕРЕРЕЄСТРАЦIЯ У ЗВ`ЯЗКУ ЗI ЗМIНОЮ НАЗВИ ОРГАНIЗАЦIЇ,МОПЕД,1
2013,350,350 - ПЕРЕРЕЄСТРАЦIЯ У ЗВ`ЯЗКУ ЗI ЗМIНОЮ НАЗВИ ОРГАНIЗАЦIЇ,МОТОЦИКЛ,6
2013,350,350 - ПЕРЕРЕЄСТРАЦIЯ У ЗВ`ЯЗКУ ЗI ЗМIНОЮ НАЗВИ ОРГАНIЗАЦIЇ,НАПІВПРИЧІП,50
2013,350,350 - ПЕРЕРЕЄСТРАЦIЯ У ЗВ`ЯЗКУ ЗI ЗМIНОЮ НАЗВИ ОРГАНIЗАЦIЇ,ПРИЧІП,64
2013,360,360 -  ПЕРЕРЕЄСТРАЦIЯ У ЗВ`ЯЗКУ ЗI ЗМIНОЮ МIСЦЯ СТОЯНКИ,АВТОБУС,131
2013,360,360 -  ПЕРЕРЕЄСТРАЦIЯ У ЗВ`ЯЗКУ ЗI ЗМIНОЮ МIСЦЯ СТОЯНКИ,ВАНТАЖНИЙ,452
2013,360,360 -  ПЕРЕРЕЄСТРАЦIЯ У ЗВ`ЯЗКУ ЗI ЗМIНОЮ МIСЦЯ СТОЯНКИ,ЛЕГКОВИЙ,481
2013,360,360 -  ПЕРЕРЕЄСТРАЦIЯ У ЗВ`ЯЗКУ ЗI ЗМIНОЮ МIСЦЯ СТОЯНКИ,МОТОЦИКЛ,1
2013,360,360 -  ПЕРЕРЕЄСТРАЦIЯ У ЗВ`ЯЗКУ ЗI ЗМIНОЮ МIСЦЯ СТОЯНКИ,НАПІВПРИЧІП,85
2013,360,360 -  ПЕРЕРЕЄСТРАЦIЯ У ЗВ`ЯЗКУ ЗI ЗМIНОЮ МIСЦЯ СТОЯНКИ,ПРИЧІП,24
2013,360,360 -  ПЕРЕРЕЄСТРАЦIЯ У ЗВ`ЯЗКУ ЗI ЗМIНОЮ МIСЦЯ СТОЯНКИ,СПЕЦІАЛІЗОВАНІ,1
2013,360,360 - ПЕРЕРЕЄСТРАЦIЯ У ЗВ`ЯЗКУ ЗI ЗМIНОЮ МIСЦЯ СТОЯНКИ,АВТОБУС,5
2013,360,360 - ПЕРЕРЕЄСТРАЦIЯ У ЗВ`ЯЗКУ ЗI ЗМIНОЮ МIСЦЯ СТОЯНКИ,ВАНТАЖНИЙ,13
2013,360,360 - ПЕРЕРЕЄСТРАЦIЯ У ЗВ`ЯЗКУ ЗI ЗМIНОЮ МIСЦЯ СТОЯНКИ,ЛЕГКОВИЙ,24
2013,360,360 - ПЕРЕРЕЄСТРАЦIЯ У ЗВ`ЯЗКУ ЗI ЗМIНОЮ МIСЦЯ СТОЯНКИ,НАПІВПРИЧІП,1
2013,360,360 - ПЕРЕРЕЄСТРАЦIЯ У ЗВ`ЯЗКУ ЗI ЗМIНОЮ МIСЦЯ СТОЯНКИ,ПРИЧІП,1
2013,370,370 - ПЕРЕРЕЄСТРАЦIЯ У ЗВ`ЯЗКУ З ЗАМIНОЮ ДВИГУНА,АВТОБУС,23
2013,370,370 - ПЕРЕРЕЄСТРАЦIЯ У ЗВ`ЯЗКУ З ЗАМIНОЮ ДВИГУНА,ВАНТАЖНИЙ,135
2013,370,370 - ПЕРЕРЕЄСТРАЦIЯ У ЗВ`ЯЗКУ З ЗАМIНОЮ ДВИГУНА,ЛЕГКОВИЙ,141
2013,370,370 - ПЕРЕРЕЄСТРАЦIЯ У ЗВ`ЯЗКУ З ЗАМIНОЮ ДВИГУНА,СПЕЦІАЛІЗОВАНІ,1
2013,370,"370 - ПЕРЕРЕЄСТРАЦIЯ У ЗВ`ЯЗКУ З ЗАМIНОЮ ДВИГУНА, БЕЗ ЗДІЙСНЕННЯ ПЕРЕОБЛАДНАННЯ ТЗ",АВТОБУС,1
2013,370,"370 - ПЕРЕРЕЄСТРАЦIЯ У ЗВ`ЯЗКУ З ЗАМIНОЮ ДВИГУНА, БЕЗ ЗДІЙСНЕННЯ ПЕРЕОБЛАДНАННЯ ТЗ",ВАНТАЖНИЙ,1
2013,380,380 - ПЕРЕРЕЄСТРАЦІЯ У ЗВ`ЯЗКУ З ЗАМІНОЮ КУЗОВА (ШАСІ),АВТОБУС,40
2013,380,380 - ПЕРЕРЕЄСТРАЦІЯ У ЗВ`ЯЗКУ З ЗАМІНОЮ КУЗОВА (ШАСІ),ВАНТАЖНИЙ,80
2013,380,380 - ПЕРЕРЕЄСТРАЦІЯ У ЗВ`ЯЗКУ З ЗАМІНОЮ КУЗОВА (ШАСІ),ЛЕГКОВИЙ,137
2013,380,380 - ПЕРЕРЕЄСТРАЦІЯ У ЗВ`ЯЗКУ З ЗАМІНОЮ КУЗОВА (ШАСІ),МОТОЦИКЛ,1
2013,380,380 - ПЕРЕРЕЄСТРАЦІЯ У ЗВ`ЯЗКУ З ЗАМІНОЮ КУЗОВА (ШАСІ),ПРИЧІП,4
2013,390,390 - ПЕРЕРЕЄСТРАЦIЯ У ЗВ`ЯЗКУ ЗI ЗМIНОЮ КОЛЬОРУ ТЗ,АВТОБУС,58
2013,390,390 - ПЕРЕРЕЄСТРАЦIЯ У ЗВ`ЯЗКУ ЗI ЗМIНОЮ КОЛЬОРУ ТЗ,ВАНТАЖНИЙ,360
2013,390,390 - ПЕРЕРЕЄСТРАЦIЯ У ЗВ`ЯЗКУ ЗI ЗМIНОЮ КОЛЬОРУ ТЗ,ЛЕГКОВИЙ,781
2013,390,390 - ПЕРЕРЕЄСТРАЦIЯ У ЗВ`ЯЗКУ ЗI ЗМIНОЮ КОЛЬОРУ ТЗ,МОПЕД,5
2013,390,390 - ПЕРЕРЕЄСТРАЦIЯ У ЗВ`ЯЗКУ ЗI ЗМIНОЮ КОЛЬОРУ ТЗ,МОТОЦИКЛ,41
2013,390,390 - ПЕРЕРЕЄСТРАЦIЯ У ЗВ`ЯЗКУ ЗI ЗМIНОЮ КОЛЬОРУ ТЗ,НАПІВПРИЧІП,48
2013,390,390 - ПЕРЕРЕЄСТРАЦIЯ У ЗВ`ЯЗКУ ЗI ЗМIНОЮ КОЛЬОРУ ТЗ,ПРИЧІП,36
2013,40,"40 - ВТОРИННА РЕЄСТРАЦІЯ ТЗ, ПРИДБАНОГО В ТОРГОВЕЛЬНІЙ ОРГАНІЗАЦІЇ",АВТОБУС,8858
2013,40,"40 - ВТОРИННА РЕЄСТРАЦІЯ ТЗ, ПРИДБАНОГО В ТОРГОВЕЛЬНІЙ ОРГАНІЗАЦІЇ",ВАНТАЖНИЙ,93144
2013,40,"40 - ВТОРИННА РЕЄСТРАЦІЯ ТЗ, ПРИДБАНОГО В ТОРГОВЕЛЬНІЙ ОРГАНІЗАЦІЇ",КВАДРОЦИКЛ,43
2013,40,"40 - ВТОРИННА РЕЄСТРАЦІЯ ТЗ, ПРИДБАНОГО В ТОРГОВЕЛЬНІЙ ОРГАНІЗАЦІЇ",ЛЕГКОВИЙ,448133
2013,40,"40 - ВТОРИННА РЕЄСТРАЦІЯ ТЗ, ПРИДБАНОГО В ТОРГОВЕЛЬНІЙ ОРГАНІЗАЦІЇ",МОПЕД,1167
2013,40,"40 - ВТОРИННА РЕЄСТРАЦІЯ ТЗ, ПРИДБАНОГО В ТОРГОВЕЛЬНІЙ ОРГАНІЗАЦІЇ",МОТОТРИЦИКЛ,2
2013,40,"40 - ВТОРИННА РЕЄСТРАЦІЯ ТЗ, ПРИДБАНОГО В ТОРГОВЕЛЬНІЙ ОРГАНІЗАЦІЇ",МОТОЦИКЛ,13941
2013,40,"40 - ВТОРИННА РЕЄСТРАЦІЯ ТЗ, ПРИДБАНОГО В ТОРГОВЕЛЬНІЙ ОРГАНІЗАЦІЇ",НАПІВПРИЧІП,7955
2013,40,"40 - ВТОРИННА РЕЄСТРАЦІЯ ТЗ, ПРИДБАНОГО В ТОРГОВЕЛЬНІЙ ОРГАНІЗАЦІЇ",ПРИЧІП,9624
2013,40,"40 - ВТОРИННА РЕЄСТРАЦІЯ ТЗ, ПРИДБАНОГО В ТОРГОВЕЛЬНІЙ ОРГАНІЗАЦІЇ",СПЕЦІАЛІЗОВАНІ,279
2013,40,"40 - ВТОРИННА РЕЄСТРАЦІЯ ТЗ, ПРИДБАНОГО В ТОРГОВЕЛЬНІЙ ОРГАНІЗАЦІЇ",СПЕЦІАЛЬНІ,1
2013,40,"40 - ВТОРИННА РЕЄСТРАЦІЯ ТЗ, ПРИДБАНОГО В ТОРГОВЕЛЬНІЙ ОРГАНІЗАЦІЇ",ТРИЦИКЛ,103
2013,400,400 - ПЕРЕРЕЄСТРАЦIЯ ПРИ ПЕРЕОБЛАДНАННI БЕЗ ЗАМIНИ НОМЕРНИХ АГРЕГ.,АВТОБУС,914
2013,400,400 - ПЕРЕРЕЄСТРАЦIЯ ПРИ ПЕРЕОБЛАДНАННI БЕЗ ЗАМIНИ НОМЕРНИХ АГРЕГ.,ВАНТАЖНИЙ,10563
2013,400,400 - ПЕРЕРЕЄСТРАЦIЯ ПРИ ПЕРЕОБЛАДНАННI БЕЗ ЗАМIНИ НОМЕРНИХ АГРЕГ.,ЛЕГКОВИЙ,136873
2013,400,400 - ПЕРЕРЕЄСТРАЦIЯ ПРИ ПЕРЕОБЛАДНАННI БЕЗ ЗАМIНИ НОМЕРНИХ АГРЕГ.,МОПЕД,1
2013,400,400 - ПЕРЕРЕЄСТРАЦIЯ ПРИ ПЕРЕОБЛАДНАННI БЕЗ ЗАМIНИ НОМЕРНИХ АГРЕГ.,МОТОЦИКЛ,10
2013,400,400 - ПЕРЕРЕЄСТРАЦIЯ ПРИ ПЕРЕОБЛАДНАННI БЕЗ ЗАМIНИ НОМЕРНИХ АГРЕГ.,НАПІВПРИЧІП,517
2013,400,400 - ПЕРЕРЕЄСТРАЦIЯ ПРИ ПЕРЕОБЛАДНАННI БЕЗ ЗАМIНИ НОМЕРНИХ АГРЕГ.,ПРИЧІП,479
2013,400,400 - ПЕРЕРЕЄСТРАЦIЯ ПРИ ПЕРЕОБЛАДНАННI БЕЗ ЗАМIНИ НОМЕРНИХ АГРЕГ.,СПЕЦІАЛІЗОВАНІ,236
2013,400,400 - ПЕРЕРЕЄСТРАЦIЯ ПРИ ПЕРЕОБЛАДНАННI БЕЗ ЗАМIНИ НОМЕРНИХ АГРЕГ.,СПЕЦІАЛЬНІ,1
2013,400,400 - ПЕРЕРЕЄСТРАЦIЯ ПРИ ПЕРЕОБЛАДНАННI БЕЗ ЗАМIНИ НОМЕРНИХ АГРЕГ.,ТРИЦИКЛ,1
2013,400,400 - ПЕРЕРЕЄСТРАЦIЯ ПРИ ПЕРЕОБЛАДНАННI БЕЗ ЗАМІНИ НОМЕРНИХ АГРЕГАТІВ,АВТОБУС,3
2013,400,400 - ПЕРЕРЕЄСТРАЦIЯ ПРИ ПЕРЕОБЛАДНАННI БЕЗ ЗАМІНИ НОМЕРНИХ АГРЕГАТІВ,ВАНТАЖНИЙ,35
2013,400,400 - ПЕРЕРЕЄСТРАЦIЯ ПРИ ПЕРЕОБЛАДНАННI БЕЗ ЗАМІНИ НОМЕРНИХ АГРЕГАТІВ,ЛЕГКОВИЙ,304
2013,400,400 - ПЕРЕРЕЄСТРАЦIЯ ПРИ ПЕРЕОБЛАДНАННI БЕЗ ЗАМІНИ НОМЕРНИХ АГРЕГАТІВ,НАПІВПРИЧІП,2
2013,400,400 - ПЕРЕРЕЄСТРАЦIЯ ПРИ ПЕРЕОБЛАДНАННI ДЛЯ РОБОТИ НА ГАЗОВОМУ ПАЛЬНОМУ,ВАНТАЖНИЙ,3
2013,400,400 - ПЕРЕРЕЄСТРАЦIЯ ПРИ ПЕРЕОБЛАДНАННI ДЛЯ РОБОТИ НА ГАЗОВОМУ ПАЛЬНОМУ,ЛЕГКОВИЙ,35
2013,400,400 - ПЕРЕРЕЄСТРАЦIЯ ПРИ ПЕРЕОБЛАДНАННI ДЛЯ РОБОТИ НА ГАЗОВОМУ ПАЛЬНОМУ,НАПІВПРИЧІП,1
2013,401,401 - ПЕРЕРЕЄСТРАЦІЯ ТЗ ПРИ ПЕРЕОБЛАДНАННІ ІЗ ЗАМІНОЮ КУЗОВА,АВТОБУС,13
2013,401,401 - ПЕРЕРЕЄСТРАЦІЯ ТЗ ПРИ ПЕРЕОБЛАДНАННІ ІЗ ЗАМІНОЮ КУЗОВА,ВАНТАЖНИЙ,140
2013,401,401 - ПЕРЕРЕЄСТРАЦІЯ ТЗ ПРИ ПЕРЕОБЛАДНАННІ ІЗ ЗАМІНОЮ КУЗОВА,ЛЕГКОВИЙ,541
2013,401,401 - ПЕРЕРЕЄСТРАЦІЯ ТЗ ПРИ ПЕРЕОБЛАДНАННІ ІЗ ЗАМІНОЮ КУЗОВА,НАПІВПРИЧІП,6
2013,401,401 - ПЕРЕРЕЄСТРАЦІЯ ТЗ ПРИ ПЕРЕОБЛАДНАННІ ІЗ ЗАМІНОЮ КУЗОВА,ПРИЧІП,7
2013,401,401 - ПЕРЕРЕЄСТРАЦІЯ ТЗ ПРИ ПЕРЕОБЛАДНАННІ ІЗ ЗАМІНОЮ КУЗОВА (ШАСІ),ЛЕГКОВИЙ,2
2013,402,"402 - ПЕРЕРЕЄСТРАЦIЯ ТЗ ПРИ ПЕРЕОБЛI.(ЗАМІНА ТИПУ, ПОТУЖ. ДВИГ.)ЗА ПОГОДЖЕННЯМ",ВАНТАЖНИЙ,2
2013,402,"402 - ПЕРЕРЕЄСТРАЦIЯ ТЗ ПРИ ПЕРЕОБЛI.(ЗАМІНА ТИПУ, ПОТУЖ. ДВИГ.)ЗА ПОГОДЖЕННЯМ",ЛЕГКОВИЙ,3
2013,402,402 - ПЕРЕРЕЄСТРАЦIЯ ТЗ ПРИ ПЕРЕОБЛАДНАННI IЗ ЗАМIНОЮ ДВИГУНА,АВТОБУС,247
2013,402,402 - ПЕРЕРЕЄСТРАЦIЯ ТЗ ПРИ ПЕРЕОБЛАДНАННI IЗ ЗАМIНОЮ ДВИГУНА,ВАНТАЖНИЙ,1594
2013,402,402 - ПЕРЕРЕЄСТРАЦIЯ ТЗ ПРИ ПЕРЕОБЛАДНАННI IЗ ЗАМIНОЮ ДВИГУНА,ЛЕГКОВИЙ,1933
2013,402,402 - ПЕРЕРЕЄСТРАЦIЯ ТЗ ПРИ ПЕРЕОБЛАДНАННI IЗ ЗАМIНОЮ ДВИГУНА,МОТОЦИКЛ,6
2013,402,402 - ПЕРЕРЕЄСТРАЦIЯ ТЗ ПРИ ПЕРЕОБЛАДНАННI IЗ ЗАМIНОЮ ДВИГУНА,ТРИЦИКЛ,1
2013,402,"402 - ПЕРЕРЕЄСТРАЦIЯ ТЗ ПРИ ПЕРЕОБЛАДНАННI, В ТОМУ ЧИСЛІ ЗАМІНА ТИПУ, ПОТУЖНОСТІ ДВИГУНА",АВТОБУС,2
2013,402,"402 - ПЕРЕРЕЄСТРАЦIЯ ТЗ ПРИ ПЕРЕОБЛАДНАННI, В ТОМУ ЧИСЛІ ЗАМІНА ТИПУ, ПОТУЖНОСТІ ДВИГУНА",ВАНТАЖНИЙ,4
2013,402,"402 - ПЕРЕРЕЄСТРАЦIЯ ТЗ ПРИ ПЕРЕОБЛАДНАННI, В ТОМУ ЧИСЛІ ЗАМІНА ТИПУ, ПОТУЖНОСТІ ДВИГУНА",ЛЕГКОВИЙ,3
2013,402,"402 - ПЕРЕРЕЄСТРАЦIЯ ТЗ ПРИ ПЕРЕОБЛАДНАННI, В ТОМУ ЧИСЛІ ЗАМІНА ТИПУ, ПОТУЖНОСТІ ДВИГУНА З",ВАНТАЖНИЙ,1
2013,402,"402 - ПЕРЕРЕЄСТРАЦIЯ ТЗ ПРИ ПЕРЕОБЛАДНАННI, ЗАМIНА ДВИГУНА (ЗМІНА ОБЄМУ, ВИДУ ПАЛЬНОГО)",АВТОБУС,1
2013,402,"402 - ПЕРЕРЕЄСТРАЦIЯ ТЗ ПРИ ПЕРЕОБЛАДНАННI, ЗАМIНА ДВИГУНА (ЗМІНА ОБЄМУ, ВИДУ ПАЛЬНОГО)",ВАНТАЖНИЙ,2
2013,402,"402 - ПЕРЕРЕЄСТРАЦIЯ ТЗ ПРИ ПЕРЕОБЛАДНАННI, ЗАМIНА ДВИГУНА (ЗМІНА ОБЄМУ, ВИДУ ПАЛЬНОГО)",ЛЕГКОВИЙ,1
2013,403,403 - ПЕРЕРЕЄСТРАЦІЯ ПРИ ПЕРЕОБЛ.(ЗАМІНА КУЗОВА (ШАСІ)) ТА ДВИГУНА ЗА ПОГОДЖ.,ЛЕГКОВИЙ,5
2013,403,403 - ПЕРЕРЕЄСТРАЦІЯ ПРИ ПЕРЕОБЛАДН. ІЗ ЗАМІНОЮ КУЗОВА ТА ДВИГУНА,АВТОБУС,2
2013,403,403 - ПЕРЕРЕЄСТРАЦІЯ ПРИ ПЕРЕОБЛАДН. ІЗ ЗАМІНОЮ КУЗОВА ТА ДВИГУНА,ВАНТАЖНИЙ,72
2013,403,403 - ПЕРЕРЕЄСТРАЦІЯ ПРИ ПЕРЕОБЛАДН. ІЗ ЗАМІНОЮ КУЗОВА ТА ДВИГУНА,ЛЕГКОВИЙ,5496
2013,403,403 - ПЕРЕРЕЄСТРАЦІЯ ПРИ ПЕРЕОБЛАДНАННІ ІЗ ЗАМІНОЮ КУЗОВА (ШАСІ) ТА ДВИГУНА,ЛЕГКОВИЙ,9
2013,41,"41 - ВТОРИННА РЕЄСТРАЦІЯ ТЗ, ПРИДБАНОГО В ТОРГОВЕЛЬНІЙ ОРГАНІЗАЦІЇ В РОЗСТРОЧКУ",АВТОБУС,16
2013,41,"41 - ВТОРИННА РЕЄСТРАЦІЯ ТЗ, ПРИДБАНОГО В ТОРГОВЕЛЬНІЙ ОРГАНІЗАЦІЇ В РОЗСТРОЧКУ",ВАНТАЖНИЙ,53
2013,41,"41 - ВТОРИННА РЕЄСТРАЦІЯ ТЗ, ПРИДБАНОГО В ТОРГОВЕЛЬНІЙ ОРГАНІЗАЦІЇ В РОЗСТРОЧКУ",ЛЕГКОВИЙ,1423
2013,41,"41 - ВТОРИННА РЕЄСТРАЦІЯ ТЗ, ПРИДБАНОГО В ТОРГОВЕЛЬНІЙ ОРГАНІЗАЦІЇ В РОЗСТРОЧКУ",МОПЕД,1
2013,41,"41 - ВТОРИННА РЕЄСТРАЦІЯ ТЗ, ПРИДБАНОГО В ТОРГОВЕЛЬНІЙ ОРГАНІЗАЦІЇ В РОЗСТРОЧКУ",МОТОЦИКЛ,5
2013,41,"41 - ВТОРИННА РЕЄСТРАЦІЯ ТЗ, ПРИДБАНОГО В ТОРГОВЕЛЬНІЙ ОРГАНІЗАЦІЇ В РОЗСТРОЧКУ",НАПІВПРИЧІП,5
2013,41,"41 - ВТОРИННА РЕЄСТРАЦІЯ ТЗ, ПРИДБАНОГО В ТОРГОВЕЛЬНІЙ ОРГАНІЗАЦІЇ В РОЗСТРОЧКУ",ПРИЧІП,4
2013,410,410 - ПЕРЕРЕЄСТРАЦІЯ ПРИ ЗАМІНІ НОМЕРНОГО ЗНАКУ,АВТОБУС,470
2013,410,410 - ПЕРЕРЕЄСТРАЦІЯ ПРИ ЗАМІНІ НОМЕРНОГО ЗНАКУ,ВАНТАЖНИЙ,1308
2013,410,410 - ПЕРЕРЕЄСТРАЦІЯ ПРИ ЗАМІНІ НОМЕРНОГО ЗНАКУ,ЛЕГКОВИЙ,12104
2013,410,410 - ПЕРЕРЕЄСТРАЦІЯ ПРИ ЗАМІНІ НОМЕРНОГО ЗНАКУ,МОПЕД,43
2013,410,410 - ПЕРЕРЕЄСТРАЦІЯ ПРИ ЗАМІНІ НОМЕРНОГО ЗНАКУ,МОТОЦИКЛ,150
2013,410,410 - ПЕРЕРЕЄСТРАЦІЯ ПРИ ЗАМІНІ НОМЕРНОГО ЗНАКУ,НАПІВПРИЧІП,212
2013,410,410 - ПЕРЕРЕЄСТРАЦІЯ ПРИ ЗАМІНІ НОМЕРНОГО ЗНАКУ,ПРИЧІП,262
2013,410,410 - ПЕРЕРЕЄСТРАЦІЯ ПРИ ЗАМІНІ НОМЕРНОГО ЗНАКУ,СПЕЦІАЛІЗОВАНІ,3
2013,420,420 - ПЕРЕРЕЄСТРАЦІЯ ПРИ ВИДАЧІ ДУБЛІКАТА НОМЕРНОГО ЗНАКУ,АВТОБУС,8
2013,420,420 - ПЕРЕРЕЄСТРАЦІЯ ПРИ ВИДАЧІ ДУБЛІКАТА НОМЕРНОГО ЗНАКУ,ВАНТАЖНИЙ,79
2013,420,420 - ПЕРЕРЕЄСТРАЦІЯ ПРИ ВИДАЧІ ДУБЛІКАТА НОМЕРНОГО ЗНАКУ,ЛЕГКОВИЙ,532
2013,420,420 - ПЕРЕРЕЄСТРАЦІЯ ПРИ ВИДАЧІ ДУБЛІКАТА НОМЕРНОГО ЗНАКУ,МОПЕД,72
2013,420,420 - ПЕРЕРЕЄСТРАЦІЯ ПРИ ВИДАЧІ ДУБЛІКАТА НОМЕРНОГО ЗНАКУ,МОТОЦИКЛ,47
2013,420,420 - ПЕРЕРЕЄСТРАЦІЯ ПРИ ВИДАЧІ ДУБЛІКАТА НОМЕРНОГО ЗНАКУ,НАПІВПРИЧІП,4
2013,420,420 - ПЕРЕРЕЄСТРАЦІЯ ПРИ ВИДАЧІ ДУБЛІКАТА НОМЕРНОГО ЗНАКУ,ПРИЧІП,44
2013,420,420 - ПЕРЕРЕЄСТРАЦІЯ ПРИ ВТРАТІ НОМЕРНОГО ЗНАКУ,ЛЕГКОВИЙ,6
2013,429,429 -  ПЕРЕРЕЄСТРАЦІЯ ТЗ У ЗВ'ЯЗКУ ІЗ ПОДОВЖЕННЯМ ТЕРМІНУ ЗВОРОТНЬОГО ВИВОЗУ,ЛЕГКОВИЙ,63
2013,429,429 - ПЕРЕРЕЄСТРАЦІЯ ТЗ У ЗВ'ЯЗКУ ІЗ ПОДОВЖЕННЯМ ТЕРМІНУ ЗВОРОТНЬОГО ВИВОЗУ,ЛЕГКОВИЙ,14
2013,430,430 - ПЕРЕРЕЄСТРАЦІЯ ПРИ ЗАМІНІ СВІДОЦТВА ПРО РЕЄСТРАЦІЮ,АВТОБУС,1529
2013,430,430 - ПЕРЕРЕЄСТРАЦІЯ ПРИ ЗАМІНІ СВІДОЦТВА ПРО РЕЄСТРАЦІЮ,ВАНТАЖНИЙ,6943
2013,430,430 - ПЕРЕРЕЄСТРАЦІЯ ПРИ ЗАМІНІ СВІДОЦТВА ПРО РЕЄСТРАЦІЮ,КВАДРОЦИКЛ,3
2013,430,430 - ПЕРЕРЕЄСТРАЦІЯ ПРИ ЗАМІНІ СВІДОЦТВА ПРО РЕЄСТРАЦІЮ,ЛЕГКОВИЙ,29119
2013,430,430 - ПЕРЕРЕЄСТРАЦІЯ ПРИ ЗАМІНІ СВІДОЦТВА ПРО РЕЄСТРАЦІЮ,МОПЕД,162
2013,430,430 - ПЕРЕРЕЄСТРАЦІЯ ПРИ ЗАМІНІ СВІДОЦТВА ПРО РЕЄСТРАЦІЮ,МОТОЦИКЛ,503
2013,430,430 - ПЕРЕРЕЄСТРАЦІЯ ПРИ ЗАМІНІ СВІДОЦТВА ПРО РЕЄСТРАЦІЮ,НАПІВПРИЧІП,1252
2013,430,430 - ПЕРЕРЕЄСТРАЦІЯ ПРИ ЗАМІНІ СВІДОЦТВА ПРО РЕЄСТРАЦІЮ,ПРИЧІП,1007
2013,430,430 - ПЕРЕРЕЄСТРАЦІЯ ПРИ ЗАМІНІ СВІДОЦТВА ПРО РЕЄСТРАЦІЮ,СПЕЦІАЛІЗОВАНІ,36
2013,430,430 - ПЕРЕРЕЄСТРАЦІЯ ПРИ ЗАМІНІ СВІДОЦТВА ПРО РЕЄСТРАЦІЮ,ТРИЦИКЛ,5
2013,431,431 - ПЕРЕРЕЄСТРАЦІЯ ТЗ ПРИ ВИДАЧІ ІНДИВІДУАЛЬНОГО НОМЕРНОГО ЗНАКУ,АВТОБУС,2
2013,431,431 - ПЕРЕРЕЄСТРАЦІЯ ТЗ ПРИ ВИДАЧІ ІНДИВІДУАЛЬНОГО НОМЕРНОГО ЗНАКУ,ВАНТАЖНИЙ,44
2013,431,431 - ПЕРЕРЕЄСТРАЦІЯ ТЗ ПРИ ВИДАЧІ ІНДИВІДУАЛЬНОГО НОМЕРНОГО ЗНАКУ,ЛЕГКОВИЙ,1066
2013,431,431 - ПЕРЕРЕЄСТРАЦІЯ ТЗ ПРИ ВИДАЧІ ІНДИВІДУАЛЬНОГО НОМЕРНОГО ЗНАКУ,МОТОЦИКЛ,24
2013,431,431 - ПЕРЕРЕЄСТРАЦІЯ ТЗ ПРИ ВИДАЧІ ІНДИВІДУАЛЬНОГО НОМЕРНОГО ЗНАКУ,ТРИЦИКЛ,1
2013,440,440 - ПЕРЕРЕЄСТРАЦIЯ ПРИ ВИДАЧI ДУБЛIКАТА СВIДОЦТВА ПРО РЕЄСТРАЦIЮ,АВТОБУС,884
2013,440,440 - ПЕРЕРЕЄСТРАЦIЯ ПРИ ВИДАЧI ДУБЛIКАТА СВIДОЦТВА ПРО РЕЄСТРАЦIЮ,ВАНТАЖНИЙ,6291
2013,440,440 - ПЕРЕРЕЄСТРАЦIЯ ПРИ ВИДАЧI ДУБЛIКАТА СВIДОЦТВА ПРО РЕЄСТРАЦIЮ,ЛЕГКОВИЙ,28346
2013,440,440 - ПЕРЕРЕЄСТРАЦIЯ ПРИ ВИДАЧI ДУБЛIКАТА СВIДОЦТВА ПРО РЕЄСТРАЦIЮ,МОПЕД,286
2013,440,440 - ПЕРЕРЕЄСТРАЦIЯ ПРИ ВИДАЧI ДУБЛIКАТА СВIДОЦТВА ПРО РЕЄСТРАЦIЮ,МОТОЦИКЛ,517
2013,440,440 - ПЕРЕРЕЄСТРАЦIЯ ПРИ ВИДАЧI ДУБЛIКАТА СВIДОЦТВА ПРО РЕЄСТРАЦIЮ,НАПІВПРИЧІП,764
2013,440,440 - ПЕРЕРЕЄСТРАЦIЯ ПРИ ВИДАЧI ДУБЛIКАТА СВIДОЦТВА ПРО РЕЄСТРАЦIЮ,ПРИЧІП,2148
2013,440,440 - ПЕРЕРЕЄСТРАЦIЯ ПРИ ВИДАЧI ДУБЛIКАТА СВIДОЦТВА ПРО РЕЄСТРАЦIЮ,СПЕЦІАЛІЗОВАНІ,4
2013,440,440 - ПЕРЕРЕЄСТРАЦIЯ ПРИ ВИДАЧI ДУБЛIКАТА СВIДОЦТВА ПРО РЕЄСТРАЦIЮ,ТРИЦИКЛ,4
2013,440,440 - ПЕРЕРЕЄСТРАЦIЯ ПРИ ВТРАТІ СВIДОЦТВА ПРО РЕЄСТРАЦIЮ,АВТОБУС,5
2013,440,440 - ПЕРЕРЕЄСТРАЦIЯ ПРИ ВТРАТІ СВIДОЦТВА ПРО РЕЄСТРАЦIЮ,ВАНТАЖНИЙ,57
2013,440,440 - ПЕРЕРЕЄСТРАЦIЯ ПРИ ВТРАТІ СВIДОЦТВА ПРО РЕЄСТРАЦIЮ,ЛЕГКОВИЙ,326
2013,440,440 - ПЕРЕРЕЄСТРАЦIЯ ПРИ ВТРАТІ СВIДОЦТВА ПРО РЕЄСТРАЦIЮ,МОПЕД,1
2013,440,440 - ПЕРЕРЕЄСТРАЦIЯ ПРИ ВТРАТІ СВIДОЦТВА ПРО РЕЄСТРАЦIЮ,МОТОЦИКЛ,2
2013,440,440 - ПЕРЕРЕЄСТРАЦIЯ ПРИ ВТРАТІ СВIДОЦТВА ПРО РЕЄСТРАЦIЮ,НАПІВПРИЧІП,10
2013,440,440 - ПЕРЕРЕЄСТРАЦIЯ ПРИ ВТРАТІ СВIДОЦТВА ПРО РЕЄСТРАЦIЮ,ПРИЧІП,9
2013,50,50 - ВТОРИННА РЄСТРАЦIЯ ТЗ ЗА ДОГОВОРОМ КУПIВЛI-ПРОДАЖУ,АВТОБУС,2
2013,50,50 - ВТОРИННА РЄСТРАЦIЯ ТЗ ЗА ДОГОВОРОМ КУПIВЛI-ПРОДАЖУ,ВАНТАЖНИЙ,8
2013,50,50 - ВТОРИННА РЄСТРАЦIЯ ТЗ ЗА ДОГОВОРОМ КУПIВЛI-ПРОДАЖУ,ЛЕГКОВИЙ,93
2013,50,50 - ВТОРИННА РЄСТРАЦIЯ ТЗ ЗА ДОГОВОРОМ КУПIВЛI-ПРОДАЖУ,ПРИЧІП,3
2013,50,50 - ВТОРИННА РЄСТРАЦIЯ ТЗ ЗА ДОГОВОРОМ КУПIВЛI-ПРОДАЖУ,СПЕЦІАЛЬНІ,1
2013,50,50 - ВТОРИННА РЕЄСТРАЦIЯ ТЗ ЗА ДОГОВОРОМ КУПIВЛI-ПРОДАЖУ,ЛЕГКОВИЙ,1
2013,50,50 - РЕЄСТРАЦIЯ ТЗ ЗА ДОГОВОРОМ КУПIВЛI-ПРОДАЖУ,АВТОБУС,255
2013,50,50 - РЕЄСТРАЦIЯ ТЗ ЗА ДОГОВОРОМ КУПIВЛI-ПРОДАЖУ,ВАНТАЖНИЙ,2270
2013,50,50 - РЕЄСТРАЦIЯ ТЗ ЗА ДОГОВОРОМ КУПIВЛI-ПРОДАЖУ,ЛЕГКОВИЙ,11555
2013,50,50 - РЕЄСТРАЦIЯ ТЗ ЗА ДОГОВОРОМ КУПIВЛI-ПРОДАЖУ,МОТОЦИКЛ,86
2013,50,50 - РЕЄСТРАЦIЯ ТЗ ЗА ДОГОВОРОМ КУПIВЛI-ПРОДАЖУ,НАПІВПРИЧІП,258
2013,50,50 - РЕЄСТРАЦIЯ ТЗ ЗА ДОГОВОРОМ КУПIВЛI-ПРОДАЖУ,ПРИЧІП,223
2013,50,50 - РЕЄСТРАЦIЯ ТЗ ЗА ДОГОВОРОМ КУПIВЛI-ПРОДАЖУ,СПЕЦІАЛІЗОВАНІ,2
2013,50,50 - РЕЄСТРАЦIЯ ТЗ ЗА ДОГОВОРОМ КУПIВЛI-ПРОДАЖУ,ТРИЦИКЛ,1
2013,500,500 - ЗНЯТТЯ З ОБЛІКУ У ЗВ'ЯЗКУ ЗІ СКАСУВАННЯМ РЕЄСТРАЦІЇ,АВТОБУС,10
2013,500,500 - ЗНЯТТЯ З ОБЛІКУ У ЗВ'ЯЗКУ ЗІ СКАСУВАННЯМ РЕЄСТРАЦІЇ,ВАНТАЖНИЙ,47
2013,500,500 - ЗНЯТТЯ З ОБЛІКУ У ЗВ'ЯЗКУ ЗІ СКАСУВАННЯМ РЕЄСТРАЦІЇ,ЛЕГКОВИЙ,188
2013,500,500 - ЗНЯТТЯ З ОБЛІКУ У ЗВ'ЯЗКУ ЗІ СКАСУВАННЯМ РЕЄСТРАЦІЇ,МОТОЦИКЛ,1
2013,500,500 - ЗНЯТТЯ З ОБЛІКУ У ЗВ'ЯЗКУ ЗІ СКАСУВАННЯМ РЕЄСТРАЦІЇ,НАПІВПРИЧІП,1
2013,500,500 - ЗНЯТТЯ З ОБЛІКУ У ЗВ'ЯЗКУ ЗІ СКАСУВАННЯМ РЕЄСТРАЦІЇ,ПРИЧІП,4
2013,500,500 - ЗНЯТТЯ З ОБЛІКУ У ЗВ`ЯЗКУ З АНУЛЮВАННЯМ РЕЄСТРАЦІЇ,ВАНТАЖНИЙ,2
2013,500,500 - ЗНЯТТЯ З ОБЛІКУ У ЗВ`ЯЗКУ З АНУЛЮВАННЯМ РЕЄСТРАЦІЇ,ЛЕГКОВИЙ,8
2013,501,501 - АНУЛЮВАННЯ ЗНЯТТЯ З ОБЛІКУ ТЗ,ВАНТАЖНИЙ,1
2013,501,501 - АНУЛЮВАННЯ ЗНЯТТЯ З ОБЛІКУ ТЗ,ЛЕГКОВИЙ,8
2013,501,501 - АНУЛЮВАННЯ ЗНЯТТЯ З ОБЛІКУ ТЗ,ПРИЧІП,1
2013,51,51 - РЕЄСТРАЦIЯ ТЗ ЗА ДОГОВОРОМ МІНИ,АВТОБУС,9
2013,51,51 - РЕЄСТРАЦIЯ ТЗ ЗА ДОГОВОРОМ МІНИ,ВАНТАЖНИЙ,6
2013,51,51 - РЕЄСТРАЦIЯ ТЗ ЗА ДОГОВОРОМ МІНИ,ЛЕГКОВИЙ,36
2013,51,51 - РЕЄСТРАЦIЯ ТЗ ЗА ДОГОВОРОМ МІНИ,НАПІВПРИЧІП,3
2013,510,510 - ЗНЯТТЯ З ОБЛІКУ ПРИ ЗМІНІ МІСЦЯ ПРОЖИВАННЯ В МЕЖАХ УКРАЇНИ,АВТОБУС,2
2013,510,510 - ЗНЯТТЯ З ОБЛІКУ ПРИ ЗМІНІ МІСЦЯ ПРОЖИВАННЯ В МЕЖАХ УКРАЇНИ,ВАНТАЖНИЙ,19
2013,510,510 - ЗНЯТТЯ З ОБЛІКУ ПРИ ЗМІНІ МІСЦЯ ПРОЖИВАННЯ В МЕЖАХ УКРАЇНИ,ЛЕГКОВИЙ,256
2013,510,510 - ЗНЯТТЯ З ОБЛІКУ ПРИ ЗМІНІ МІСЦЯ ПРОЖИВАННЯ В МЕЖАХ УКРАЇНИ,МОПЕД,1
2013,510,510 - ЗНЯТТЯ З ОБЛІКУ ПРИ ЗМІНІ МІСЦЯ ПРОЖИВАННЯ В МЕЖАХ УКРАЇНИ,МОТОЦИКЛ,1
2013,510,510 - ЗНЯТТЯ З ОБЛІКУ ПРИ ЗМІНІ МІСЦЯ ПРОЖИВАННЯ В МЕЖАХ УКРАЇНИ,ПРИЧІП,9
2013,520,520 - ЗНЯТТЯ З ОБЛIКУ ПРИ ВИЇЗДІ ЗА КОРДОН НА ПОСТ. МІСЦЕ ПРОЖИВ.,АВТОБУС,2
2013,520,520 - ЗНЯТТЯ З ОБЛIКУ ПРИ ВИЇЗДІ ЗА КОРДОН НА ПОСТ. МІСЦЕ ПРОЖИВ.,ВАНТАЖНИЙ,4
2013,520,520 - ЗНЯТТЯ З ОБЛIКУ ПРИ ВИЇЗДІ ЗА КОРДОН НА ПОСТ. МІСЦЕ ПРОЖИВ.,ЛЕГКОВИЙ,99
2013,520,520 - ЗНЯТТЯ З ОБЛIКУ ПРИ ВИЇЗДІ ЗА КОРДОН НА ПОСТ. МІСЦЕ ПРОЖИВ.,МОТОЦИКЛ,5
2013,520,520 - ЗНЯТТЯ З ОБЛIКУ ПРИ ВИЇЗДІ ЗА КОРДОН НА ПОСТ. МІСЦЕ ПРОЖИВ.,НАПІВПРИЧІП,1
2013,520,520 - ЗНЯТТЯ З ОБЛIКУ ПРИ ВИЇЗДІ ЗА КОРДОН НА ПОСТ. МІСЦЕ ПРОЖИВ.,ПРИЧІП,8
2013,53,53 - ЗНЯТТЯ ТЗ З ОБЛІКУ ЗА РІШЕННЯМ СУДУ,ЛЕГКОВИЙ,1
2013,530,530 - ЗНЯТТЯ З ОБЛIКУ ДЛЯ РЕАЛIЗАЦIЇ,АВТОБУС,8674
2013,530,530 - ЗНЯТТЯ З ОБЛIКУ ДЛЯ РЕАЛIЗАЦIЇ,ВАНТАЖНИЙ,65130
2013,530,530 - ЗНЯТТЯ З ОБЛIКУ ДЛЯ РЕАЛIЗАЦIЇ,КВАДРОЦИКЛ,2
2013,530,530 - ЗНЯТТЯ З ОБЛIКУ ДЛЯ РЕАЛIЗАЦIЇ,ЛЕГКОВИЙ,407169
2013,530,530 - ЗНЯТТЯ З ОБЛIКУ ДЛЯ РЕАЛIЗАЦIЇ,МОПЕД,84
2013,530,530 - ЗНЯТТЯ З ОБЛIКУ ДЛЯ РЕАЛIЗАЦIЇ,МОТОЦИКЛ,3343
2013,530,530 - ЗНЯТТЯ З ОБЛIКУ ДЛЯ РЕАЛIЗАЦIЇ,НАПІВПРИЧІП,7383
2013,530,530 - ЗНЯТТЯ З ОБЛIКУ ДЛЯ РЕАЛIЗАЦIЇ,ПРИЧІП,4922
2013,530,530 - ЗНЯТТЯ З ОБЛIКУ ДЛЯ РЕАЛIЗАЦIЇ,СПЕЦІАЛІЗОВАНІ,321
2013,530,530 - ЗНЯТТЯ З ОБЛIКУ ДЛЯ РЕАЛIЗАЦIЇ,СПЕЦІАЛЬНІ,3
2013,530,530 - ЗНЯТТЯ З ОБЛIКУ ДЛЯ РЕАЛIЗАЦIЇ,ТРИЦИКЛ,23
2013,531,531 - ЗНЯТТЯ З ОБЛIКУ ЗА ДОГОВОРОМ КУПIВЛI-ПРОДАЖУ,АВТОБУС,13
2013,531,531 - ЗНЯТТЯ З ОБЛIКУ ЗА ДОГОВОРОМ КУПIВЛI-ПРОДАЖУ,ВАНТАЖНИЙ,544
2013,531,531 - ЗНЯТТЯ З ОБЛIКУ ЗА ДОГОВОРОМ КУПIВЛI-ПРОДАЖУ,ЛЕГКОВИЙ,368
2013,531,531 - ЗНЯТТЯ З ОБЛIКУ ЗА ДОГОВОРОМ КУПIВЛI-ПРОДАЖУ,МОТОЦИКЛ,1
2013,531,531 - ЗНЯТТЯ З ОБЛIКУ ЗА ДОГОВОРОМ КУПIВЛI-ПРОДАЖУ,НАПІВПРИЧІП,66
2013,531,531 - ЗНЯТТЯ З ОБЛIКУ ЗА ДОГОВОРОМ КУПIВЛI-ПРОДАЖУ,ПРИЧІП,23
2013,531,531 - ЗНЯТТЯ З ОБЛIКУ ЗА ДОГОВОРОМ КУПIВЛI-ПРОДАЖУ,СПЕЦІАЛІЗОВАНІ,1
2013,532,532 - ЗНЯТТЯ З ОБЛIКУ ЗА ДОГОВОРОМ МІНИ,АВТОБУС,16
2013,532,532 - ЗНЯТТЯ З ОБЛIКУ ЗА ДОГОВОРОМ МІНИ,ВАНТАЖНИЙ,29
2013,532,532 - ЗНЯТТЯ З ОБЛIКУ ЗА ДОГОВОРОМ МІНИ,ЛЕГКОВИЙ,39
2013,532,532 - ЗНЯТТЯ З ОБЛIКУ ЗА ДОГОВОРОМ МІНИ,НАПІВПРИЧІП,2
2013,533,533 - ЗНЯТТЯ З ОБЛIКУ ЗА ДОГОВОРОМ ДАРУВАННЯ ЧИ ЗАПОВІТОМ,АВТОБУС,9
2013,533,533 - ЗНЯТТЯ З ОБЛIКУ ЗА ДОГОВОРОМ ДАРУВАННЯ ЧИ ЗАПОВІТОМ,ВАНТАЖНИЙ,31
2013,533,533 - ЗНЯТТЯ З ОБЛIКУ ЗА ДОГОВОРОМ ДАРУВАННЯ ЧИ ЗАПОВІТОМ,ЛЕГКОВИЙ,380
2013,533,533 - ЗНЯТТЯ З ОБЛIКУ ЗА ДОГОВОРОМ ДАРУВАННЯ ЧИ ЗАПОВІТОМ,МОПЕД,1
2013,533,533 - ЗНЯТТЯ З ОБЛIКУ ЗА ДОГОВОРОМ ДАРУВАННЯ ЧИ ЗАПОВІТОМ,МОТОЦИКЛ,3
2013,533,533 - ЗНЯТТЯ З ОБЛIКУ ЗА ДОГОВОРОМ ДАРУВАННЯ ЧИ ЗАПОВІТОМ,НАПІВПРИЧІП,2
2013,533,533 - ЗНЯТТЯ З ОБЛIКУ ЗА ДОГОВОРОМ ДАРУВАННЯ ЧИ ЗАПОВІТОМ,ПРИЧІП,12
2013,534,534 - ЗНЯТТЯ З ОБЛІКУ ЗА АКТОМ ПРИЙОМА-ПЕРЕДАЧІ,АВТОБУС,496
2013,534,534 - ЗНЯТТЯ З ОБЛІКУ ЗА АКТОМ ПРИЙОМА-ПЕРЕДАЧІ,ВАНТАЖНИЙ,1730
2013,534,534 - ЗНЯТТЯ З ОБЛІКУ ЗА АКТОМ ПРИЙОМА-ПЕРЕДАЧІ,ЛЕГКОВИЙ,3601
2013,534,534 - ЗНЯТТЯ З ОБЛІКУ ЗА АКТОМ ПРИЙОМА-ПЕРЕДАЧІ,МОПЕД,6
2013,534,534 - ЗНЯТТЯ З ОБЛІКУ ЗА АКТОМ ПРИЙОМА-ПЕРЕДАЧІ,МОТОЦИКЛ,10
2013,534,534 - ЗНЯТТЯ З ОБЛІКУ ЗА АКТОМ ПРИЙОМА-ПЕРЕДАЧІ,НАПІВПРИЧІП,195
2013,534,534 - ЗНЯТТЯ З ОБЛІКУ ЗА АКТОМ ПРИЙОМА-ПЕРЕДАЧІ,ПРИЧІП,134
2013,534,534 - ЗНЯТТЯ З ОБЛІКУ ЗА АКТОМ ПРИЙОМА-ПЕРЕДАЧІ,СПЕЦІАЛІЗОВАНІ,50
2013,534,534 - ЗНЯТТЯ З ОБЛІКУ ЗА АКТОМ ПРИЙОМА-ПЕРЕДАЧІ,СПЕЦІАЛЬНІ,1
2013,540,540 - ЗНЯТТЯ З ОБЛIКУ У ЗВ`ЯЗКУ З ВИБРАКОВКОЮ,АВТОБУС,1656
2013,540,540 - ЗНЯТТЯ З ОБЛIКУ У ЗВ`ЯЗКУ З ВИБРАКОВКОЮ,ВАНТАЖНИЙ,6355
2013,540,540 - ЗНЯТТЯ З ОБЛIКУ У ЗВ`ЯЗКУ З ВИБРАКОВКОЮ,ЛЕГКОВИЙ,7312
2013,540,540 - ЗНЯТТЯ З ОБЛIКУ У ЗВ`ЯЗКУ З ВИБРАКОВКОЮ,МОПЕД,52
2013,540,540 - ЗНЯТТЯ З ОБЛIКУ У ЗВ`ЯЗКУ З ВИБРАКОВКОЮ,МОТОЦИКЛ,519
2013,540,540 - ЗНЯТТЯ З ОБЛIКУ У ЗВ`ЯЗКУ З ВИБРАКОВКОЮ,НАПІВПРИЧІП,549
2013,540,540 - ЗНЯТТЯ З ОБЛIКУ У ЗВ`ЯЗКУ З ВИБРАКОВКОЮ,ПРИЧІП,499
2013,540,540 - ЗНЯТТЯ З ОБЛIКУ У ЗВ`ЯЗКУ З ВИБРАКОВКОЮ,СПЕЦІАЛІЗОВАНІ,13
2013,541,541 - УМОВНЕ ЗНЯТТЯ З ОБЛІКУ У ЗВ`ЯЗКУ З НЕПРОХОДЖЕННЯМ ТО,ЛЕГКОВИЙ,2
2013,550,550 -  ЗНЯТТЯ З ОБЛIКУ ТЗ ВВЕЗЕНОГО ПIД ЗОБОВ. ПРО ЗВОР. ВИВЕЗЕННЯ,ВАНТАЖНИЙ,1
2013,550,550 - ЗНЯТТЯ З ОБЛIКУ ТЗ ВВЕЗЕНОГО ПIД ЗОБОВ. ПРО ЗВОР. ВИВЕЗЕННЯ,АВТОБУС,4
2013,550,550 - ЗНЯТТЯ З ОБЛIКУ ТЗ ВВЕЗЕНОГО ПIД ЗОБОВ. ПРО ЗВОР. ВИВЕЗЕННЯ,ВАНТАЖНИЙ,44
2013,550,550 - ЗНЯТТЯ З ОБЛIКУ ТЗ ВВЕЗЕНОГО ПIД ЗОБОВ. ПРО ЗВОР. ВИВЕЗЕННЯ,ЛЕГКОВИЙ,136
2013,550,550 - ЗНЯТТЯ З ОБЛIКУ ТЗ ВВЕЗЕНОГО ПIД ЗОБОВ. ПРО ЗВОР. ВИВЕЗЕННЯ,МОТОЦИКЛ,1
2013,550,550 - ЗНЯТТЯ З ОБЛIКУ ТЗ ВВЕЗЕНОГО ПIД ЗОБОВ. ПРО ЗВОР. ВИВЕЗЕННЯ,НАПІВПРИЧІП,3
2013,550,550 - ЗНЯТТЯ З ОБЛIКУ ТЗ ВВЕЗЕНОГО ПIД ЗОБОВ. ПРО ЗВОР. ВИВЕЗЕННЯ,ПРИЧІП,3
2013,552,"552 - ЗНЯТТЯ ТЗ З ОБЛІКУ,ВВЕЗЕНОГО ПІД ЗОБОВ'ЯЗАННЯ ПРО ЗВОРОТНЕ ВИВЕЗЕННЯ",ЛЕГКОВИЙ,9
2013,553,"553 - ЗНЯТТЯ ТЗ З ОБЛІКУ,ВВЕЗЕНОГО ПІД ЗОБОВ'ЯЗАННЯ ПРО ЗВОРОТНЕ ВИВЕЗЕННЯ",ЛЕГКОВИЙ,1
2013,554,554 - ЗНЯТТЯ З ОБЛІКУ ТЗ ЗА АКТОМ ПРИЙОМУ-ПЕРЕДАЧІ,ВАНТАЖНИЙ,2
2013,554,554 - ЗНЯТТЯ З ОБЛІКУ ТЗ ЗА АКТОМ ПРИЙОМУ-ПЕРЕДАЧІ,ЛЕГКОВИЙ,2
2013,560,560 -  ЗНЯТТЯ З ОБЛІКУ ПРИ ПОВЕРНЕННІ ІЗ ПОЇЗДКИ ЗА КОРДОН ПО ДОРУЧ.,АВТОБУС,177
2013,560,560 -  ЗНЯТТЯ З ОБЛІКУ ПРИ ПОВЕРНЕННІ ІЗ ПОЇЗДКИ ЗА КОРДОН ПО ДОРУЧ.,ВАНТАЖНИЙ,832
2013,560,560 -  ЗНЯТТЯ З ОБЛІКУ ПРИ ПОВЕРНЕННІ ІЗ ПОЇЗДКИ ЗА КОРДОН ПО ДОРУЧ.,ЛЕГКОВИЙ,2251
2013,560,560 -  ЗНЯТТЯ З ОБЛІКУ ПРИ ПОВЕРНЕННІ ІЗ ПОЇЗДКИ ЗА КОРДОН ПО ДОРУЧ.,МОТОЦИКЛ,14
2013,560,560 -  ЗНЯТТЯ З ОБЛІКУ ПРИ ПОВЕРНЕННІ ІЗ ПОЇЗДКИ ЗА КОРДОН ПО ДОРУЧ.,НАПІВПРИЧІП,346
2013,560,560 -  ЗНЯТТЯ З ОБЛІКУ ПРИ ПОВЕРНЕННІ ІЗ ПОЇЗДКИ ЗА КОРДОН ПО ДОРУЧ.,ПРИЧІП,100
2013,560,560 -  ЗНЯТТЯ З ОБЛІКУ ПРИ ПОВЕРНЕННІ ІЗ ПОЇЗДКИ ЗА КОРДОН ПО ДОРУЧ.,ТРИЦИКЛ,1
2013,561,561 -  ЗНЯТТЯ З ОБЛIКУ ПРИ ЗАКIНЧЕННI ТЕРМIНУ ДОРУЧЕННЯ,АВТОБУС,1
2013,561,561 -  ЗНЯТТЯ З ОБЛIКУ ПРИ ЗАКIНЧЕННI ТЕРМIНУ ДОРУЧЕННЯ,ВАНТАЖНИЙ,2
2013,561,561 -  ЗНЯТТЯ З ОБЛIКУ ПРИ ЗАКIНЧЕННI ТЕРМIНУ ДОРУЧЕННЯ,ЛЕГКОВИЙ,3
2013,561,561 -  ЗНЯТТЯ З ОБЛIКУ ПРИ ЗАКIНЧЕННI ТЕРМIНУ ДОРУЧЕННЯ,НАПІВПРИЧІП,1
2013,570,570 - ЗНЯТТЯ З ОБЛІКУ У ЗВ`ЯЗКУ ЗI ЗМIНОЮ ОРГАНУ РЕЄСТРАЦІЇ,АВТОБУС,15
2013,570,570 - ЗНЯТТЯ З ОБЛІКУ У ЗВ`ЯЗКУ ЗI ЗМIНОЮ ОРГАНУ РЕЄСТРАЦІЇ,ВАНТАЖНИЙ,99
2013,570,570 - ЗНЯТТЯ З ОБЛІКУ У ЗВ`ЯЗКУ ЗI ЗМIНОЮ ОРГАНУ РЕЄСТРАЦІЇ,ЛЕГКОВИЙ,116
2013,570,570 - ЗНЯТТЯ З ОБЛІКУ У ЗВ`ЯЗКУ ЗI ЗМIНОЮ ОРГАНУ РЕЄСТРАЦІЇ,НАПІВПРИЧІП,5
2013,570,570 - ЗНЯТТЯ З ОБЛІКУ У ЗВ`ЯЗКУ ЗI ЗМIНОЮ ОРГАНУ РЕЄСТРАЦІЇ,ПРИЧІП,2
2013,570,570 - ЗНЯТТЯ З ОБЛІКУ У ЗВ`ЯЗКУ ЗI ЗМIНОЮ ОРГАНУ РЕЄСТРАЦІЇ,СПЕЦІАЛІЗОВАНІ,15
2013,580,580 - ЗНЯТТЯ З ОБЛІКУ ТЗ ДЛЯ ПОВЕРНЕННЯ ОРГАНАМ СОЦ. ЗАХИСТУ,ЛЕГКОВИЙ,2
2013,60,60 - РЕЄСТРАЦIЯ ТЗ ЗА ДОГОВОРОМ ДАРУВАННЯ,АВТОБУС,22
2013,60,60 - РЕЄСТРАЦIЯ ТЗ ЗА ДОГОВОРОМ ДАРУВАННЯ,ВАНТАЖНИЙ,53
2013,60,60 - РЕЄСТРАЦIЯ ТЗ ЗА ДОГОВОРОМ ДАРУВАННЯ,ЛЕГКОВИЙ,219
2013,60,60 - РЕЄСТРАЦIЯ ТЗ ЗА ДОГОВОРОМ ДАРУВАННЯ,МОТОЦИКЛ,2
2013,60,60 - РЕЄСТРАЦIЯ ТЗ ЗА ДОГОВОРОМ ДАРУВАННЯ,НАПІВПРИЧІП,7
2013,60,60 - РЕЄСТРАЦIЯ ТЗ ЗА ДОГОВОРОМ ДАРУВАННЯ,ПРИЧІП,8
2013,61,61 - РЕЄСТРАЦIЯ ТЗ ПО УСПАДКУВАННЮ ЗА ЗАПОВIТОМ,ВАНТАЖНИЙ,4
2013,61,61 - РЕЄСТРАЦIЯ ТЗ ПО УСПАДКУВАННЮ ЗА ЗАПОВIТОМ,ЛЕГКОВИЙ,71
2013,61,61 - РЕЄСТРАЦIЯ ТЗ ПО УСПАДКУВАННЮ ЗА ЗАПОВIТОМ,МОТОЦИКЛ,2
2013,61,61 - РЕЄСТРАЦIЯ ТЗ ПО УСПАДКУВАННЮ ЗА ЗАПОВIТОМ,ПРИЧІП,1
2013,62,62 - РЕЄСТРАЦIЯ ТЗ ПО УСПАДКУВАННЮ ЗА ЗАКОНОМ,АВТОБУС,14
2013,62,62 - РЕЄСТРАЦIЯ ТЗ ПО УСПАДКУВАННЮ ЗА ЗАКОНОМ,ВАНТАЖНИЙ,41
2013,62,62 - РЕЄСТРАЦIЯ ТЗ ПО УСПАДКУВАННЮ ЗА ЗАКОНОМ,ЛЕГКОВИЙ,595
2013,62,62 - РЕЄСТРАЦIЯ ТЗ ПО УСПАДКУВАННЮ ЗА ЗАКОНОМ,МОТОЦИКЛ,11
2013,62,62 - РЕЄСТРАЦIЯ ТЗ ПО УСПАДКУВАННЮ ЗА ЗАКОНОМ,НАПІВПРИЧІП,3
2013,62,62 - РЕЄСТРАЦIЯ ТЗ ПО УСПАДКУВАННЮ ЗА ЗАКОНОМ,ПРИЧІП,32
2013,63,63 - РЕЄСТРАЦIЯ ТЗ У ЗВ`ЯЗКУ З ПЕРЕДАЧЕЮ ДО СТАТУТНОГО ФОНДУ,АВТОБУС,183
2013,63,63 - РЕЄСТРАЦIЯ ТЗ У ЗВ`ЯЗКУ З ПЕРЕДАЧЕЮ ДО СТАТУТНОГО ФОНДУ,ВАНТАЖНИЙ,613
2013,63,63 - РЕЄСТРАЦIЯ ТЗ У ЗВ`ЯЗКУ З ПЕРЕДАЧЕЮ ДО СТАТУТНОГО ФОНДУ,ЛЕГКОВИЙ,85
2013,63,63 - РЕЄСТРАЦIЯ ТЗ У ЗВ`ЯЗКУ З ПЕРЕДАЧЕЮ ДО СТАТУТНОГО ФОНДУ,МОТОЦИКЛ,1
2013,63,63 - РЕЄСТРАЦIЯ ТЗ У ЗВ`ЯЗКУ З ПЕРЕДАЧЕЮ ДО СТАТУТНОГО ФОНДУ,НАПІВПРИЧІП,159
2013,63,63 - РЕЄСТРАЦIЯ ТЗ У ЗВ`ЯЗКУ З ПЕРЕДАЧЕЮ ДО СТАТУТНОГО ФОНДУ,ПРИЧІП,43
2013,63,63 - РЕЄСТРАЦIЯ ТЗ У ЗВ`ЯЗКУ З ПЕРЕДАЧЕЮ ДО СТАТУТНОГО ФОНДУ,СПЕЦІАЛЬНІ,1
2013,64,64 - РЕЄСТРАЦІЯ КОНФІСКОВАНОГО ТЗ,АВТОБУС,8
2013,64,64 - РЕЄСТРАЦІЯ КОНФІСКОВАНОГО ТЗ,ВАНТАЖНИЙ,38
2013,64,64 - РЕЄСТРАЦІЯ КОНФІСКОВАНОГО ТЗ,ЛЕГКОВИЙ,160
2013,64,64 - РЕЄСТРАЦІЯ КОНФІСКОВАНОГО ТЗ,МОТОЦИКЛ,3
2013,64,64 - РЕЄСТРАЦІЯ КОНФІСКОВАНОГО ТЗ,НАПІВПРИЧІП,6
2013,64,64 - РЕЄСТРАЦІЯ КОНФІСКОВАНОГО ТЗ,ПРИЧІП,2
2013,64,64 - РЕЄСТРАЦІЯ КОНФІСКОВАНОГО ТЗ,СПЕЦІАЛІЗОВАНІ,1
2013,65,65 - РЕЄСТРАЦIЯ ТЗ ЗА РІШЕННЯМ СУДУ,АВТОБУС,19
2013,65,65 - РЕЄСТРАЦIЯ ТЗ ЗА РІШЕННЯМ СУДУ,ВАНТАЖНИЙ,83
2013,65,65 - РЕЄСТРАЦIЯ ТЗ ЗА РІШЕННЯМ СУДУ,ЛЕГКОВИЙ,161
2013,65,65 - РЕЄСТРАЦIЯ ТЗ ЗА РІШЕННЯМ СУДУ,МОТОЦИКЛ,3
2013,65,65 - РЕЄСТРАЦIЯ ТЗ ЗА РІШЕННЯМ СУДУ,НАПІВПРИЧІП,5
2013,65,65 - РЕЄСТРАЦIЯ ТЗ ЗА РІШЕННЯМ СУДУ,ПРИЧІП,15
2013,67,67 - РЕЄСТРАЦИЯ ТЗ ЗА НОВИМ ВЛАСНИКОМ ЗГIДНО РIШЕННЯ СУДУ,ЛЕГКОВИЙ,7
2013,69,69 - РЕЄСТРАЦІЯ ТЗ ПО АКТУ ПРИЙОМУ-ПЕРЕДАЧІ,АВТОБУС,815
2013,69,69 - РЕЄСТРАЦІЯ ТЗ ПО АКТУ ПРИЙОМУ-ПЕРЕДАЧІ,ВАНТАЖНИЙ,1632
2013,69,69 - РЕЄСТРАЦІЯ ТЗ ПО АКТУ ПРИЙОМУ-ПЕРЕДАЧІ,ЛЕГКОВИЙ,5825
2013,69,69 - РЕЄСТРАЦІЯ ТЗ ПО АКТУ ПРИЙОМУ-ПЕРЕДАЧІ,МОПЕД,6
2013,69,69 - РЕЄСТРАЦІЯ ТЗ ПО АКТУ ПРИЙОМУ-ПЕРЕДАЧІ,МОТОЦИКЛ,127
2013,69,69 - РЕЄСТРАЦІЯ ТЗ ПО АКТУ ПРИЙОМУ-ПЕРЕДАЧІ,НАПІВПРИЧІП,131
2013,69,69 - РЕЄСТРАЦІЯ ТЗ ПО АКТУ ПРИЙОМУ-ПЕРЕДАЧІ,ПРИЧІП,9452
2013,69,69 - РЕЄСТРАЦІЯ ТЗ ПО АКТУ ПРИЙОМУ-ПЕРЕДАЧІ,СПЕЦІАЛІЗОВАНІ,53
2013,70,70 - РЕЄСТРАЦIЯ ТЗ ПРИВЕЗЕНОГО З-ЗА КОРДОНУ,АВТОБУС,919
2013,70,70 - РЕЄСТРАЦIЯ ТЗ ПРИВЕЗЕНОГО З-ЗА КОРДОНУ,ВАНТАЖНИЙ,62574
2013,70,70 - РЕЄСТРАЦIЯ ТЗ ПРИВЕЗЕНОГО З-ЗА КОРДОНУ,КВАДРОЦИКЛ,1
2013,70,70 - РЕЄСТРАЦIЯ ТЗ ПРИВЕЗЕНОГО З-ЗА КОРДОНУ,ЛЕГКОВИЙ,7259
2013,70,70 - РЕЄСТРАЦIЯ ТЗ ПРИВЕЗЕНОГО З-ЗА КОРДОНУ,МОПЕД,9
2013,70,70 - РЕЄСТРАЦIЯ ТЗ ПРИВЕЗЕНОГО З-ЗА КОРДОНУ,МОТОЦИКЛ,772
2013,70,70 - РЕЄСТРАЦIЯ ТЗ ПРИВЕЗЕНОГО З-ЗА КОРДОНУ,НАПІВПРИЧІП,1235
2013,70,70 - РЕЄСТРАЦIЯ ТЗ ПРИВЕЗЕНОГО З-ЗА КОРДОНУ,ПРИЧІП,543
2013,70,70 - РЕЄСТРАЦIЯ ТЗ ПРИВЕЗЕНОГО З-ЗА КОРДОНУ,СПЕЦІАЛІЗОВАНІ,72
2013,70,70 - РЕЄСТРАЦIЯ ТЗ ПРИВЕЗЕНОГО З-ЗА КОРДОНУ,ТРИЦИКЛ,15
2013,70,70 - РЕЄСТРАЦIЯ ТЗ ПРИВЕЗЕНОГО З-ЗА КОРДОНУ ПО ВМД,АВТОБУС,585
2013,70,70 - РЕЄСТРАЦIЯ ТЗ ПРИВЕЗЕНОГО З-ЗА КОРДОНУ ПО ВМД,ВАНТАЖНИЙ,19537
2013,70,70 - РЕЄСТРАЦIЯ ТЗ ПРИВЕЗЕНОГО З-ЗА КОРДОНУ ПО ВМД,КВАДРОЦИКЛ,9
2013,70,70 - РЕЄСТРАЦIЯ ТЗ ПРИВЕЗЕНОГО З-ЗА КОРДОНУ ПО ВМД,ЛЕГКОВИЙ,39933
2013,70,70 - РЕЄСТРАЦIЯ ТЗ ПРИВЕЗЕНОГО З-ЗА КОРДОНУ ПО ВМД,МОПЕД,529
2013,70,70 - РЕЄСТРАЦIЯ ТЗ ПРИВЕЗЕНОГО З-ЗА КОРДОНУ ПО ВМД,МОТОТРИЦИКЛ,1
2013,70,70 - РЕЄСТРАЦIЯ ТЗ ПРИВЕЗЕНОГО З-ЗА КОРДОНУ ПО ВМД,МОТОЦИКЛ,7276
2013,70,70 - РЕЄСТРАЦIЯ ТЗ ПРИВЕЗЕНОГО З-ЗА КОРДОНУ ПО ВМД,НАПІВПРИЧІП,2503
2013,70,70 - РЕЄСТРАЦIЯ ТЗ ПРИВЕЗЕНОГО З-ЗА КОРДОНУ ПО ВМД,ПРИЧІП,1440
2013,70,70 - РЕЄСТРАЦIЯ ТЗ ПРИВЕЗЕНОГО З-ЗА КОРДОНУ ПО ВМД,СПЕЦІАЛІЗОВАНІ,22
2013,70,70 - РЕЄСТРАЦIЯ ТЗ ПРИВЕЗЕНОГО З-ЗА КОРДОНУ ПО ВМД,СПЕЦІАЛЬНІ,1
2013,70,70 - РЕЄСТРАЦIЯ ТЗ ПРИВЕЗЕНОГО З-ЗА КОРДОНУ ПО ВМД,ТРИЦИКЛ,37
2013,80,80 - РЕЄСТРАЦIЯ ТЗ ПРИДБАНОГО НА АУКЦІОНІ ТОВАР. БIРЖI,АВТОБУС,158
2013,80,80 - РЕЄСТРАЦIЯ ТЗ ПРИДБАНОГО НА АУКЦІОНІ ТОВАР. БIРЖI,ВАНТАЖНИЙ,1454
2013,80,80 - РЕЄСТРАЦIЯ ТЗ ПРИДБАНОГО НА АУКЦІОНІ ТОВАР. БIРЖI,ЛЕГКОВИЙ,7801
2013,80,80 - РЕЄСТРАЦIЯ ТЗ ПРИДБАНОГО НА АУКЦІОНІ ТОВАР. БIРЖI,МОТОЦИКЛ,68
2013,80,80 - РЕЄСТРАЦIЯ ТЗ ПРИДБАНОГО НА АУКЦІОНІ ТОВАР. БIРЖI,НАПІВПРИЧІП,134
2013,80,80 - РЕЄСТРАЦIЯ ТЗ ПРИДБАНОГО НА АУКЦІОНІ ТОВАР. БIРЖI,ПРИЧІП,130
2013,80,80 - РЕЄСТРАЦIЯ ТЗ ПРИДБАНОГО НА АУКЦІОНІ ТОВАР. БIРЖI,СПЕЦІАЛІЗОВАНІ,17
2013,80,80 - РЕЄСТРАЦIЯ ТЗ ПРИДБАНОГО НА АУКЦІОНІ ТОВАР. БIРЖI,ТРИЦИКЛ,1
2013,90,90 - РЕЄСТРАЦIЯ ТЗ ПРИДБАНОГО З ФОНДІВ МІН. ОБОРОНИ,АВТОБУС,2
2013,90,90 - РЕЄСТРАЦIЯ ТЗ ПРИДБАНОГО З ФОНДІВ МІН. ОБОРОНИ,ВАНТАЖНИЙ,588
2013,90,90 - РЕЄСТРАЦIЯ ТЗ ПРИДБАНОГО З ФОНДІВ МІН. ОБОРОНИ,ЛЕГКОВИЙ,68
2013,90,90 - РЕЄСТРАЦIЯ ТЗ ПРИДБАНОГО З ФОНДІВ МІН. ОБОРОНИ,МОТОЦИКЛ,1
2013,90,90 - РЕЄСТРАЦIЯ ТЗ ПРИДБАНОГО З ФОНДІВ МІН. ОБОРОНИ,НАПІВПРИЧІП,15
2013,90,90 - РЕЄСТРАЦIЯ ТЗ ПРИДБАНОГО З ФОНДІВ МІН. ОБОРОНИ,ПРИЧІП,83
2013,90,90 - РЕЄСТРАЦIЯ ТЗ ПРИДБАНОГО З ФОНДІВ МІН. ОБОРОНИ,СПЕЦІАЛІЗОВАНІ,1
2013,99,"99 - ПЕРВИННА РЕЄСТРАЦІЯ ТЗ ПРИДБАНОГО В ТОРГІВЕЛЬНІЙ ОРГАНІЗАЦІЇ, ЯКИЙ ВИГОТОВЛЕНО В УКРА",ВАНТАЖНИЙ,1
2014,10,10 - ПЕРВИННА РЕЄСТРАЦIЯ ТЗ ДЛЯ ДЕРЖБЮДЖ. ОРГ.,АВТОБУС,32
2014,10,10 - ПЕРВИННА РЕЄСТРАЦIЯ ТЗ ДЛЯ ДЕРЖБЮДЖ. ОРГ.,ВАНТАЖНИЙ,151
2014,10,10 - ПЕРВИННА РЕЄСТРАЦIЯ ТЗ ДЛЯ ДЕРЖБЮДЖ. ОРГ.,ЛЕГКОВИЙ,778
2014,10,10 - ПЕРВИННА РЕЄСТРАЦIЯ ТЗ ДЛЯ ДЕРЖБЮДЖ. ОРГ.,МОПЕД,3
2014,10,10 - ПЕРВИННА РЕЄСТРАЦIЯ ТЗ ДЛЯ ДЕРЖБЮДЖ. ОРГ.,МОТОЦИКЛ,9
2014,10,10 - ПЕРВИННА РЕЄСТРАЦIЯ ТЗ ДЛЯ ДЕРЖБЮДЖ. ОРГ.,НАПІВПРИЧІП,13
2014,10,10 - ПЕРВИННА РЕЄСТРАЦIЯ ТЗ ДЛЯ ДЕРЖБЮДЖ. ОРГ.,ПРИЧІП,38
2014,10,10 - ПЕРВИННА РЕЄСТРАЦIЯ ТЗ ДЛЯ ДЕРЖБЮДЖ. ОРГ.,СПЕЦІАЛІЗОВАНІ,33
2014,100,"100 -  ПЕРВИННА РЕЄСТРАЦIЯ ТЗ ПРИДБАНОГО В ТОРГІВЕЛЬНІЙ ОРГАНІЗАЦІЇ, УСТАНОВИ",ЛЕГКОВИЙ,2
2014,100,"100 -  ПЕРВИННА РЕЄСТРАЦIЯ ТЗ ПРИДБАНОГО В ТОРГІВЕЛЬНІЙ ОРГАНІЗАЦІЇ, УСТАНОВИ",МОТОЦИКЛ,2
2014,100,"100 -  ПЕРВИННА РЕЄСТРАЦIЯ ТЗ ПРИДБАНОГО В ТОРГІВЕЛЬНІЙ ОРГАНІЗАЦІЇ, УСТАНОВИ",ПРИЧІП,3
2014,100,"100 - ПЕРВИННА РЕЄСТРАЦIЯ ТЗ ПРИДБАНОГО В ТОРГІВЕЛЬНІЙ ОРГАНІЗАЦІЇ, УСТАНОВИ",АВТОБУС,488
2014,100,"100 - ПЕРВИННА РЕЄСТРАЦIЯ ТЗ ПРИДБАНОГО В ТОРГІВЕЛЬНІЙ ОРГАНІЗАЦІЇ, УСТАНОВИ",ВАНТАЖНИЙ,17647
2014,100,"100 - ПЕРВИННА РЕЄСТРАЦIЯ ТЗ ПРИДБАНОГО В ТОРГІВЕЛЬНІЙ ОРГАНІЗАЦІЇ, УСТАНОВИ",КВАДРОЦИКЛ,37
2014,100,"100 - ПЕРВИННА РЕЄСТРАЦIЯ ТЗ ПРИДБАНОГО В ТОРГІВЕЛЬНІЙ ОРГАНІЗАЦІЇ, УСТАНОВИ",ЛЕГКОВИЙ,34729
2014,100,"100 - ПЕРВИННА РЕЄСТРАЦIЯ ТЗ ПРИДБАНОГО В ТОРГІВЕЛЬНІЙ ОРГАНІЗАЦІЇ, УСТАНОВИ",МОПЕД,328
2014,100,"100 - ПЕРВИННА РЕЄСТРАЦIЯ ТЗ ПРИДБАНОГО В ТОРГІВЕЛЬНІЙ ОРГАНІЗАЦІЇ, УСТАНОВИ",МОТОЦИКЛ,7492
2014,100,"100 - ПЕРВИННА РЕЄСТРАЦIЯ ТЗ ПРИДБАНОГО В ТОРГІВЕЛЬНІЙ ОРГАНІЗАЦІЇ, УСТАНОВИ",НАПІВПРИЧІП,779
2014,100,"100 - ПЕРВИННА РЕЄСТРАЦIЯ ТЗ ПРИДБАНОГО В ТОРГІВЕЛЬНІЙ ОРГАНІЗАЦІЇ, УСТАНОВИ",ПРИЧІП,5675
2014,100,"100 - ПЕРВИННА РЕЄСТРАЦIЯ ТЗ ПРИДБАНОГО В ТОРГІВЕЛЬНІЙ ОРГАНІЗАЦІЇ, УСТАНОВИ",СПЕЦІАЛІЗОВАНІ,1
2014,100,"100 - ПЕРВИННА РЕЄСТРАЦIЯ ТЗ ПРИДБАНОГО В ТОРГІВЕЛЬНІЙ ОРГАНІЗАЦІЇ, УСТАНОВИ",ТРИЦИКЛ,68
2014,100,"100 - ПЕРВИННА РЕЄСТРАЦIЯ ТЗ ПРИДБАНОГО В ТОРГІВЕЛЬНІЙ ОРГАНІЗАЦІЇ, ЯКИЙ ВВЕЗЕНО З-ЗА КОРД",АВТОБУС,1
2014,100,"100 - ПЕРВИННА РЕЄСТРАЦIЯ ТЗ ПРИДБАНОГО В ТОРГІВЕЛЬНІЙ ОРГАНІЗАЦІЇ, ЯКИЙ ВВЕЗЕНО З-ЗА КОРД",ВАНТАЖНИЙ,17
2014,100,"100 - ПЕРВИННА РЕЄСТРАЦIЯ ТЗ ПРИДБАНОГО В ТОРГІВЕЛЬНІЙ ОРГАНІЗАЦІЇ, ЯКИЙ ВВЕЗЕНО З-ЗА КОРД",ЛЕГКОВИЙ,96
2014,100,"100 - ПЕРВИННА РЕЄСТРАЦIЯ ТЗ ПРИДБАНОГО В ТОРГІВЕЛЬНІЙ ОРГАНІЗАЦІЇ, ЯКИЙ ВВЕЗЕНО З-ЗА КОРД",МОТОЦИКЛ,8
2014,100,"100 - ПЕРВИННА РЕЄСТРАЦIЯ ТЗ ПРИДБАНОГО В ТОРГІВЕЛЬНІЙ ОРГАНІЗАЦІЇ, ЯКИЙ ВВЕЗЕНО З-ЗА КОРД",НАПІВПРИЧІП,2
2014,100,"100 - ПЕРВИННА РЕЄСТРАЦIЯ ТЗ ПРИДБАНОГО В ТОРГІВЕЛЬНІЙ ОРГАНІЗАЦІЇ, ЯКИЙ ВВЕЗЕНО З-ЗА КОРД",ПРИЧІП,2
2014,101,101 -  РЕЄСТРАЦIЯ ТЗ ЗА ДОГОВОРОМ ЛІЗИНГУ,ЛЕГКОВИЙ,1
2014,101,101 - РЕЄСТРАЦIЯ ТЗ ЗА ДОГОВОРОМ ЛІЗИНГУ,АВТОБУС,58
2014,101,101 - РЕЄСТРАЦIЯ ТЗ ЗА ДОГОВОРОМ ЛІЗИНГУ,ВАНТАЖНИЙ,1151
2014,101,101 - РЕЄСТРАЦIЯ ТЗ ЗА ДОГОВОРОМ ЛІЗИНГУ,ЛЕГКОВИЙ,1909
2014,101,101 - РЕЄСТРАЦIЯ ТЗ ЗА ДОГОВОРОМ ЛІЗИНГУ,НАПІВПРИЧІП,333
2014,101,101 - РЕЄСТРАЦIЯ ТЗ ЗА ДОГОВОРОМ ЛІЗИНГУ,ПРИЧІП,132
2014,11,11 - ПЕРВИННА РЕЄСТРАЦIЯ ТЗ ДЛЯ ІНШИХ ОРГ. ДЕРЖ.ВЛАСНОСТІ,АВТОБУС,14
2014,11,11 - ПЕРВИННА РЕЄСТРАЦIЯ ТЗ ДЛЯ ІНШИХ ОРГ. ДЕРЖ.ВЛАСНОСТІ,ВАНТАЖНИЙ,58
2014,11,11 - ПЕРВИННА РЕЄСТРАЦIЯ ТЗ ДЛЯ ІНШИХ ОРГ. ДЕРЖ.ВЛАСНОСТІ,ЛЕГКОВИЙ,171
2014,11,11 - ПЕРВИННА РЕЄСТРАЦIЯ ТЗ ДЛЯ ІНШИХ ОРГ. ДЕРЖ.ВЛАСНОСТІ,МОТОЦИКЛ,4
2014,11,11 - ПЕРВИННА РЕЄСТРАЦIЯ ТЗ ДЛЯ ІНШИХ ОРГ. ДЕРЖ.ВЛАСНОСТІ,НАПІВПРИЧІП,8
2014,11,11 - ПЕРВИННА РЕЄСТРАЦIЯ ТЗ ДЛЯ ІНШИХ ОРГ. ДЕРЖ.ВЛАСНОСТІ,ПРИЧІП,19
2014,11,11 - ПЕРВИННА РЕЄСТРАЦIЯ ТЗ ДЛЯ ІНШИХ ОРГ. ДЕРЖ.ВЛАСНОСТІ,СПЕЦІАЛІЗОВАНІ,3
2014,110,110 - РЕЄСТРАЦIЯ ТЗ ОТРИМАНОГО ЧЕРЕЗ ВIДДIЛ СОЦ. ЗАХИСТУ,АВТОБУС,1
2014,110,110 - РЕЄСТРАЦIЯ ТЗ ОТРИМАНОГО ЧЕРЕЗ ВIДДIЛ СОЦ. ЗАХИСТУ,ВАНТАЖНИЙ,2
2014,110,110 - РЕЄСТРАЦIЯ ТЗ ОТРИМАНОГО ЧЕРЕЗ ВIДДIЛ СОЦ. ЗАХИСТУ,ЛЕГКОВИЙ,946
2014,110,110 - РЕЄСТРАЦIЯ ТЗ ОТРИМАНОГО ЧЕРЕЗ ВIДДIЛ СОЦ. ЗАХИСТУ,МОТОЦИКЛ,7
2014,110,110 - РЕЄСТРАЦIЯ ТЗ ОТРИМАНОГО ЧЕРЕЗ ВIДДIЛ СОЦ. ЗАХИСТУ,ПРИЧІП,7
2014,120,120 - РЕЄСТРАЦIЯ ТЗ ОТРИМАНОГО ПО ВИГРАШУ,ЛЕГКОВИЙ,3
2014,13,13 -  ВИПРАВЛЕННЯ VIN-КОДУ (ПІСЛЯ ВИПРАВЛЕННЯ КАРТКУ ВИДАЛИТИ),АВТОБУС,3
2014,13,13 -  ВИПРАВЛЕННЯ VIN-КОДУ (ПІСЛЯ ВИПРАВЛЕННЯ КАРТКУ ВИДАЛИТИ),ВАНТАЖНИЙ,9
2014,13,13 -  ВИПРАВЛЕННЯ VIN-КОДУ (ПІСЛЯ ВИПРАВЛЕННЯ КАРТКУ ВИДАЛИТИ),ЛЕГКОВИЙ,68
2014,13,13 -  ВИПРАВЛЕННЯ VIN-КОДУ (ПІСЛЯ ВИПРАВЛЕННЯ КАРТКУ ВИДАЛИТИ),МОПЕД,1
2014,13,13 -  ВИПРАВЛЕННЯ VIN-КОДУ (ПІСЛЯ ВИПРАВЛЕННЯ КАРТКУ ВИДАЛИТИ),ПРИЧІП,2
2014,130,130 - РЕЄСТРАЦIЯ ТЗ У ЗВ`ЯЗКУ З ПРИЇЗДОМ НА ПМЖ,АВТОБУС,1
2014,130,130 - РЕЄСТРАЦIЯ ТЗ У ЗВ`ЯЗКУ З ПРИЇЗДОМ НА ПМЖ,ВАНТАЖНИЙ,5
2014,130,130 - РЕЄСТРАЦIЯ ТЗ У ЗВ`ЯЗКУ З ПРИЇЗДОМ НА ПМЖ,ЛЕГКОВИЙ,269
2014,130,130 - РЕЄСТРАЦIЯ ТЗ У ЗВ`ЯЗКУ З ПРИЇЗДОМ НА ПМЖ,МОТОЦИКЛ,5
2014,130,130 - РЕЄСТРАЦIЯ ТЗ У ЗВ`ЯЗКУ З ПРИЇЗДОМ НА ПМЖ,ПРИЧІП,7
2014,131,131 - РЕЄСТРАЦІЯ ТЗ У ЗВ'ЯЗКУ З ПРИЇЗДОМ НА ПМЖ В МЕЖАХ ОБЛАСТІ,ЛЕГКОВИЙ,14
2014,131,131 - РЕЄСТРАЦІЯ ТЗ У ЗВ'ЯЗКУ З ПРИЇЗДОМ НА ПМП В МЕЖАХ УКРАЇНИ,ВАНТАЖНИЙ,1
2014,131,131 - РЕЄСТРАЦІЯ ТЗ У ЗВ'ЯЗКУ З ПРИЇЗДОМ НА ПМП В МЕЖАХ УКРАЇНИ,ЛЕГКОВИЙ,15
2014,131,131 - РЕЄСТРАЦІЯ ТЗ У ЗВ'ЯЗКУ З ПРИЇЗДОМ НА ПМП В МЕЖАХ УКРАЇНИ,МОТОЦИКЛ,1
2014,131,131 - РЕЄСТРАЦІЯ ТЗ У ЗВ'ЯЗКУ З ПРИЇЗДОМ НА ПМП В МЕЖАХ УКРАЇНИ,ПРИЧІП,2
2014,140,140 -  РЕЄСТРАЦIЯ ТЗ У ЗВ`ЯЗКУ З НЕПРОДАЖЕМ,ЛЕГКОВИЙ,3
2014,140,140 - ВТОРИННА РЕЄСТРАЦIЯ ТЗ У ЗВ`ЯЗКУ З НЕПРОДАЖЕМ,ЛЕГКОВИЙ,12
2014,140,140 - ВТОРИННА РЕЄСТРАЦIЯ ТЗ У ЗВ`ЯЗКУ З НЕПРОДАЖЕМ,НАПІВПРИЧІП,1
2014,140,140 - РЕЄСТРАЦIЯ ТЗ У ЗВ`ЯЗКУ З НЕПРОДАЖЕМ,АВТОБУС,62
2014,140,140 - РЕЄСТРАЦIЯ ТЗ У ЗВ`ЯЗКУ З НЕПРОДАЖЕМ,ВАНТАЖНИЙ,462
2014,140,140 - РЕЄСТРАЦIЯ ТЗ У ЗВ`ЯЗКУ З НЕПРОДАЖЕМ,ЛЕГКОВИЙ,1862
2014,140,140 - РЕЄСТРАЦIЯ ТЗ У ЗВ`ЯЗКУ З НЕПРОДАЖЕМ,МОПЕД,1
2014,140,140 - РЕЄСТРАЦIЯ ТЗ У ЗВ`ЯЗКУ З НЕПРОДАЖЕМ,МОТОЦИКЛ,19
2014,140,140 - РЕЄСТРАЦIЯ ТЗ У ЗВ`ЯЗКУ З НЕПРОДАЖЕМ,НАПІВПРИЧІП,59
2014,140,140 - РЕЄСТРАЦIЯ ТЗ У ЗВ`ЯЗКУ З НЕПРОДАЖЕМ,ПРИЧІП,41
2014,140,140 - РЕЄСТРАЦIЯ ТЗ У ЗВ`ЯЗКУ З НЕПРОДАЖЕМ,ТРИЦИКЛ,1
2014,141,141 - РЕЄСТРАЦIЯ ТЗ ПIСЛЯ ВIДМIНИ ЇЇ АНУЛЮВАННЯ,АВТОБУС,1
2014,141,141 - РЕЄСТРАЦIЯ ТЗ ПIСЛЯ ВIДМIНИ ЇЇ АНУЛЮВАННЯ,ВАНТАЖНИЙ,5
2014,141,141 - РЕЄСТРАЦIЯ ТЗ ПIСЛЯ ВIДМIНИ ЇЇ АНУЛЮВАННЯ,ЛЕГКОВИЙ,23
2014,141,141 - РЕЄСТРАЦIЯ ТЗ ПIСЛЯ ВIДМIНИ ЇЇ АНУЛЮВАННЯ,МОТОЦИКЛ,2
2014,141,141 - РЕЄСТРАЦIЯ ТЗ ПIСЛЯ ВIДМIНИ ЇЇ АНУЛЮВАННЯ,ПРИЧІП,2
2014,142,142 - РЕЄСТРАЦІЯ БЕЗХАЗЯЙНОГО ТЗ,ЛЕГКОВИЙ,1
2014,142,142 - РЕЄСТРАЦІЯ БЕЗХАЗЯЙНОГО ТЗ,НАПІВПРИЧІП,1
2014,142,142 - РЕЄСТРАЦІЯ БЕЗХАЗЯЙНОГО ТЗ,ПРИЧІП,1
2014,143,143 - ПОНОВЛЕННЯ РЕЄСТР. ПІСЛЯ УМОВН. ЗНЯТТЯ З ОБЛ. З НЕПР. ТО,АВТОБУС,1
2014,143,143 - ПОНОВЛЕННЯ РЕЄСТР. ПІСЛЯ УМОВН. ЗНЯТТЯ З ОБЛ. З НЕПР. ТО,ВАНТАЖНИЙ,5
2014,143,143 - ПОНОВЛЕННЯ РЕЄСТР. ПІСЛЯ УМОВН. ЗНЯТТЯ З ОБЛ. З НЕПР. ТО,ЛЕГКОВИЙ,41
2014,143,143 - ПОНОВЛЕННЯ РЕЄСТР. ПІСЛЯ УМОВН. ЗНЯТТЯ З ОБЛ. З НЕПР. ТО,МОТОЦИКЛ,11
2014,143,143 - ПОНОВЛЕННЯ РЕЄСТР. ПІСЛЯ УМОВН. ЗНЯТТЯ З ОБЛ. З НЕПР. ТО,ПРИЧІП,7
2014,150,150 - РЕЄСТРАЦIЯ ТЗ САМОСТIЙНО СКЛАДЕНОГО,ПРИЧІП,8
2014,151,151 - РЕЄСТРАЦІЯ ТЗ У ЗВ'ЯЗКУ ЗІ ЗМІНОЮ МІСЦЯ СТОЯНКИ,АВТОБУС,4
2014,151,151 - РЕЄСТРАЦІЯ ТЗ У ЗВ'ЯЗКУ ЗІ ЗМІНОЮ МІСЦЯ СТОЯНКИ,ВАНТАЖНИЙ,41
2014,151,151 - РЕЄСТРАЦІЯ ТЗ У ЗВ'ЯЗКУ ЗІ ЗМІНОЮ МІСЦЯ СТОЯНКИ,ЛЕГКОВИЙ,60
2014,151,151 - РЕЄСТРАЦІЯ ТЗ У ЗВ'ЯЗКУ ЗІ ЗМІНОЮ МІСЦЯ СТОЯНКИ,НАПІВПРИЧІП,9
2014,151,151 - РЕЄСТРАЦІЯ ТЗ У ЗВ'ЯЗКУ ЗІ ЗМІНОЮ МІСЦЯ СТОЯНКИ,ПРИЧІП,3
2014,20,20 - ПЕРВИННА РЕЄСТРАЦIЯ ТЗ ДЛЯ НЕДЕРЖ. ОРГАНIЗАЦIЇ,АВТОБУС,245
2014,20,20 - ПЕРВИННА РЕЄСТРАЦIЯ ТЗ ДЛЯ НЕДЕРЖ. ОРГАНIЗАЦIЇ,ВАНТАЖНИЙ,1527
2014,20,20 - ПЕРВИННА РЕЄСТРАЦIЯ ТЗ ДЛЯ НЕДЕРЖ. ОРГАНIЗАЦIЇ,ЛЕГКОВИЙ,4820
2014,20,20 - ПЕРВИННА РЕЄСТРАЦIЯ ТЗ ДЛЯ НЕДЕРЖ. ОРГАНIЗАЦIЇ,МОПЕД,2
2014,20,20 - ПЕРВИННА РЕЄСТРАЦIЯ ТЗ ДЛЯ НЕДЕРЖ. ОРГАНIЗАЦIЇ,МОТОЦИКЛ,47
2014,20,20 - ПЕРВИННА РЕЄСТРАЦIЯ ТЗ ДЛЯ НЕДЕРЖ. ОРГАНIЗАЦIЇ,НАПІВПРИЧІП,226
2014,20,20 - ПЕРВИННА РЕЄСТРАЦIЯ ТЗ ДЛЯ НЕДЕРЖ. ОРГАНIЗАЦIЇ,ПРИЧІП,289
2014,20,20 - ПЕРВИННА РЕЄСТРАЦIЯ ТЗ ДЛЯ НЕДЕРЖ. ОРГАНIЗАЦIЇ,СПЕЦІАЛІЗОВАНІ,533
2014,200,200 - ВИДАЧА ТИМЧАС. ТАЛОНУ ПРИ ВТРАТI СВIД ПРО РЕЄСТРАЦIЮ,ЛЕГКОВИЙ,1
2014,200,200 - ВИДАЧА ТИМЧАС. ТАЛОНУ ПРИ ВТРАТI СВIД ПРО РЕЄСТРАЦIЮ,ПРИЧІП,1
2014,210,210 -  ВИДАЧА ТИМЧАСОВОГО ТАЛОНУ ЗА ЗАЯВОЮ ВЛАСНИКА ДЛЯ РЕЄСТРАЦІЇ У ТОМУ ЧИСЛІ ПРИ УТОЧНЕ,ВАНТАЖНИЙ,4
2014,210,210 -  ВИДАЧА ТИМЧАСОВОГО ТАЛОНУ ЗА ЗАЯВОЮ ВЛАСНИКА ДЛЯ РЕЄСТРАЦІЇ У ТОМУ ЧИСЛІ ПРИ УТОЧНЕ,ЛЕГКОВИЙ,51
2014,210,210 -  ВИДАЧА ТИМЧАСОВОГО ТАЛОНУ ЗА ЗАЯВОЮ ВЛАСНИКА ДЛЯ РЕЄСТРАЦІЇ У ТОМУ ЧИСЛІ ПРИ УТОЧНЕ,МОТОЦИКЛ,5
2014,210,210 - ВИДАЧА ТИМЧАСОВОГО ТАЛОНУ ЗА ЗАЯВОЮ ВЛАСНИКА ДЛЯ РЕЄСТРАЦІЇ У ТОМУ ЧИСЛІ ПРИ УТОЧНЕН,АВТОБУС,483
2014,210,210 - ВИДАЧА ТИМЧАСОВОГО ТАЛОНУ ЗА ЗАЯВОЮ ВЛАСНИКА ДЛЯ РЕЄСТРАЦІЇ У ТОМУ ЧИСЛІ ПРИ УТОЧНЕН,ВАНТАЖНИЙ,11712
2014,210,210 - ВИДАЧА ТИМЧАСОВОГО ТАЛОНУ ЗА ЗАЯВОЮ ВЛАСНИКА ДЛЯ РЕЄСТРАЦІЇ У ТОМУ ЧИСЛІ ПРИ УТОЧНЕН,КВАДРОЦИКЛ,5
2014,210,210 - ВИДАЧА ТИМЧАСОВОГО ТАЛОНУ ЗА ЗАЯВОЮ ВЛАСНИКА ДЛЯ РЕЄСТРАЦІЇ У ТОМУ ЧИСЛІ ПРИ УТОЧНЕН,ЛЕГКОВИЙ,32723
2014,210,210 - ВИДАЧА ТИМЧАСОВОГО ТАЛОНУ ЗА ЗАЯВОЮ ВЛАСНИКА ДЛЯ РЕЄСТРАЦІЇ У ТОМУ ЧИСЛІ ПРИ УТОЧНЕН,МОПЕД,287
2014,210,210 - ВИДАЧА ТИМЧАСОВОГО ТАЛОНУ ЗА ЗАЯВОЮ ВЛАСНИКА ДЛЯ РЕЄСТРАЦІЇ У ТОМУ ЧИСЛІ ПРИ УТОЧНЕН,МОТОЦИКЛ,4037
2014,210,210 - ВИДАЧА ТИМЧАСОВОГО ТАЛОНУ ЗА ЗАЯВОЮ ВЛАСНИКА ДЛЯ РЕЄСТРАЦІЇ У ТОМУ ЧИСЛІ ПРИ УТОЧНЕН,НАПІВПРИЧІП,625
2014,210,210 - ВИДАЧА ТИМЧАСОВОГО ТАЛОНУ ЗА ЗАЯВОЮ ВЛАСНИКА ДЛЯ РЕЄСТРАЦІЇ У ТОМУ ЧИСЛІ ПРИ УТОЧНЕН,ПРИЧІП,3935
2014,210,210 - ВИДАЧА ТИМЧАСОВОГО ТАЛОНУ ЗА ЗАЯВОЮ ВЛАСНИКА ДЛЯ РЕЄСТРАЦІЇ У ТОМУ ЧИСЛІ ПРИ УТОЧНЕН,СПЕЦІАЛІЗОВАНІ,1
2014,210,210 - ВИДАЧА ТИМЧАСОВОГО ТАЛОНУ ЗА ЗАЯВОЮ ВЛАСНИКА ДЛЯ РЕЄСТРАЦІЇ У ТОМУ ЧИСЛІ ПРИ УТОЧНЕН,ТРИЦИКЛ,26
2014,212,212 - ВИДАЧА ТИМЧАСОВОГО ТАЛОНА ЗА ЗАЯВОЮ ВЛАСНИКА ДЛЯ ПЕРЕРЕЄСТРАЦІЇ У ТОМУ ЧИСЛІ ПРИ УТО,АВТОБУС,362
2014,212,212 - ВИДАЧА ТИМЧАСОВОГО ТАЛОНА ЗА ЗАЯВОЮ ВЛАСНИКА ДЛЯ ПЕРЕРЕЄСТРАЦІЇ У ТОМУ ЧИСЛІ ПРИ УТО,ВАНТАЖНИЙ,3148
2014,212,212 - ВИДАЧА ТИМЧАСОВОГО ТАЛОНА ЗА ЗАЯВОЮ ВЛАСНИКА ДЛЯ ПЕРЕРЕЄСТРАЦІЇ У ТОМУ ЧИСЛІ ПРИ УТО,ЛЕГКОВИЙ,25815
2014,212,212 - ВИДАЧА ТИМЧАСОВОГО ТАЛОНА ЗА ЗАЯВОЮ ВЛАСНИКА ДЛЯ ПЕРЕРЕЄСТРАЦІЇ У ТОМУ ЧИСЛІ ПРИ УТО,МОПЕД,73
2014,212,212 - ВИДАЧА ТИМЧАСОВОГО ТАЛОНА ЗА ЗАЯВОЮ ВЛАСНИКА ДЛЯ ПЕРЕРЕЄСТРАЦІЇ У ТОМУ ЧИСЛІ ПРИ УТО,МОТОЦИКЛ,308
2014,212,212 - ВИДАЧА ТИМЧАСОВОГО ТАЛОНА ЗА ЗАЯВОЮ ВЛАСНИКА ДЛЯ ПЕРЕРЕЄСТРАЦІЇ У ТОМУ ЧИСЛІ ПРИ УТО,НАПІВПРИЧІП,314
2014,212,212 - ВИДАЧА ТИМЧАСОВОГО ТАЛОНА ЗА ЗАЯВОЮ ВЛАСНИКА ДЛЯ ПЕРЕРЕЄСТРАЦІЇ У ТОМУ ЧИСЛІ ПРИ УТО,ПРИЧІП,420
2014,212,212 - ВИДАЧА ТИМЧАСОВОГО ТАЛОНА ЗА ЗАЯВОЮ ВЛАСНИКА ДЛЯ ПЕРЕРЕЄСТРАЦІЇ У ТОМУ ЧИСЛІ ПРИ УТО,СПЕЦІАЛІЗОВАНІ,2
2014,212,212 - ВИДАЧА ТИМЧАСОВОГО ТАЛОНА ЗА ЗАЯВОЮ ВЛАСНИКА ДЛЯ ПЕРЕРЕЄСТРАЦІЇ У ТОМУ ЧИСЛІ ПРИ УТО,ТРИЦИКЛ,2
2014,220,220 - ВИДАЧА ТИМЧАСОВОГО ТАЛОНУ ПРИ ЗОБОВ'ЯЗАННІ ПРО ЗВОРОТНЕ ВИВЕЗЕННЯ,ЛЕГКОВИЙ,4
2014,221,"221 - РЕЄСТРАЦІЮ ТЗ,ВВЕЗЕНОГО ПІД ЗОБОВ'ЯЗАННЯ ПРО ЗВОРОТНЕ ВИВЕЗЕННЯ",АВТОБУС,2
2014,221,"221 - РЕЄСТРАЦІЮ ТЗ,ВВЕЗЕНОГО ПІД ЗОБОВ'ЯЗАННЯ ПРО ЗВОРОТНЕ ВИВЕЗЕННЯ",ВАНТАЖНИЙ,49
2014,221,"221 - РЕЄСТРАЦІЮ ТЗ,ВВЕЗЕНОГО ПІД ЗОБОВ'ЯЗАННЯ ПРО ЗВОРОТНЕ ВИВЕЗЕННЯ",ЛЕГКОВИЙ,675
2014,221,"221 - РЕЄСТРАЦІЮ ТЗ,ВВЕЗЕНОГО ПІД ЗОБОВ'ЯЗАННЯ ПРО ЗВОРОТНЕ ВИВЕЗЕННЯ",МОТОЦИКЛ,4
2014,221,"221 - РЕЄСТРАЦІЮ ТЗ,ВВЕЗЕНОГО ПІД ЗОБОВ'ЯЗАННЯ ПРО ЗВОРОТНЕ ВИВЕЗЕННЯ",НАПІВПРИЧІП,15
2014,221,"221 - РЕЄСТРАЦІЮ ТЗ,ВВЕЗЕНОГО ПІД ЗОБОВ'ЯЗАННЯ ПРО ЗВОРОТНЕ ВИВЕЗЕННЯ",ПРИЧІП,2
2014,230,230 -  ВИДАЧА СВ. ПРО РЕЄСТР ДЛЯ ПОЇЗДКИ ЗА КОРДОН,АВТОБУС,376
2014,230,230 -  ВИДАЧА СВ. ПРО РЕЄСТР ДЛЯ ПОЇЗДКИ ЗА КОРДОН,ВАНТАЖНИЙ,1844
2014,230,230 -  ВИДАЧА СВ. ПРО РЕЄСТР ДЛЯ ПОЇЗДКИ ЗА КОРДОН,ЛЕГКОВИЙ,2935
2014,230,230 -  ВИДАЧА СВ. ПРО РЕЄСТР ДЛЯ ПОЇЗДКИ ЗА КОРДОН,МОТОЦИКЛ,15
2014,230,230 -  ВИДАЧА СВ. ПРО РЕЄСТР ДЛЯ ПОЇЗДКИ ЗА КОРДОН,НАПІВПРИЧІП,1177
2014,230,230 -  ВИДАЧА СВ. ПРО РЕЄСТР ДЛЯ ПОЇЗДКИ ЗА КОРДОН,ПРИЧІП,182
2014,230,230 -  ВИДАЧА СВ. ПРО РЕЄСТР ДЛЯ ПОЇЗДКИ ЗА КОРДОН ПО ДОРУЧ,АВТОБУС,227
2014,230,230 -  ВИДАЧА СВ. ПРО РЕЄСТР ДЛЯ ПОЇЗДКИ ЗА КОРДОН ПО ДОРУЧ,ВАНТАЖНИЙ,1123
2014,230,230 -  ВИДАЧА СВ. ПРО РЕЄСТР ДЛЯ ПОЇЗДКИ ЗА КОРДОН ПО ДОРУЧ,ЛЕГКОВИЙ,1246
2014,230,230 -  ВИДАЧА СВ. ПРО РЕЄСТР ДЛЯ ПОЇЗДКИ ЗА КОРДОН ПО ДОРУЧ,МОТОЦИКЛ,10
2014,230,230 -  ВИДАЧА СВ. ПРО РЕЄСТР ДЛЯ ПОЇЗДКИ ЗА КОРДОН ПО ДОРУЧ,НАПІВПРИЧІП,669
2014,230,230 -  ВИДАЧА СВ. ПРО РЕЄСТР ДЛЯ ПОЇЗДКИ ЗА КОРДОН ПО ДОРУЧ,ПРИЧІП,132
2014,250,250 -  ВИДАЧА ТИМЧАСОВОГО РЕЄСТР ТАЛОНУ ПО ДОРУЧЕННЮ,АВТОБУС,13689
2014,250,250 -  ВИДАЧА ТИМЧАСОВОГО РЕЄСТР ТАЛОНУ ПО ДОРУЧЕННЮ,ВАНТАЖНИЙ,2216
2014,250,250 -  ВИДАЧА ТИМЧАСОВОГО РЕЄСТР ТАЛОНУ ПО ДОРУЧЕННЮ,ЛЕГКОВИЙ,5755
2014,250,250 -  ВИДАЧА ТИМЧАСОВОГО РЕЄСТР ТАЛОНУ ПО ДОРУЧЕННЮ,МОПЕД,29
2014,250,250 -  ВИДАЧА ТИМЧАСОВОГО РЕЄСТР ТАЛОНУ ПО ДОРУЧЕННЮ,МОТОЦИКЛ,69
2014,250,250 -  ВИДАЧА ТИМЧАСОВОГО РЕЄСТР ТАЛОНУ ПО ДОРУЧЕННЮ,НАПІВПРИЧІП,747
2014,250,250 -  ВИДАЧА ТИМЧАСОВОГО РЕЄСТР ТАЛОНУ ПО ДОРУЧЕННЮ,ПРИЧІП,410
2014,251,251 -  ВИДАЧА ТИМЧАС. РЕЄСТР. ТАЛОНУ ПО ДОРУЧ. ДЛЯ ТЗ IНШ РЕГ,АВТОБУС,1
2014,251,251 -  ВИДАЧА ТИМЧАС. РЕЄСТР. ТАЛОНУ ПО ДОРУЧ. ДЛЯ ТЗ IНШ РЕГ,ЛЕГКОВИЙ,2
2014,252,252 -  ВИДАЧА ТИМЧАС. РЕЄСТР. ТАЛОНУ НА ПРАВО КЕР ЗА ЗАЯВОЮ ВЛ,АВТОБУС,2176
2014,252,252 -  ВИДАЧА ТИМЧАС. РЕЄСТР. ТАЛОНУ НА ПРАВО КЕР ЗА ЗАЯВОЮ ВЛ,ВАНТАЖНИЙ,795
2014,252,252 -  ВИДАЧА ТИМЧАС. РЕЄСТР. ТАЛОНУ НА ПРАВО КЕР ЗА ЗАЯВОЮ ВЛ,ЛЕГКОВИЙ,4147
2014,252,252 -  ВИДАЧА ТИМЧАС. РЕЄСТР. ТАЛОНУ НА ПРАВО КЕР ЗА ЗАЯВОЮ ВЛ,МОТОЦИКЛ,23
2014,252,252 -  ВИДАЧА ТИМЧАС. РЕЄСТР. ТАЛОНУ НА ПРАВО КЕР ЗА ЗАЯВОЮ ВЛ,НАПІВПРИЧІП,222
2014,252,252 -  ВИДАЧА ТИМЧАС. РЕЄСТР. ТАЛОНУ НА ПРАВО КЕР ЗА ЗАЯВОЮ ВЛ,ПРИЧІП,74
2014,252,252 - ВИДАЧА ТИМЧАС. РЕЄСТР. ТАЛОНУ НА ПРАВО КЕР ЗА ЗАЯВОЮ ВЛ,ЛЕГКОВИЙ,1
2014,255,255 -  АНУЛЮВАННЯ ВИДАЧI ТИМЧАС. РЕЄСТРАЦIЙНОГО ТАЛОНУ ПО ДОРУЧ,АВТОБУС,1351
2014,255,255 -  АНУЛЮВАННЯ ВИДАЧI ТИМЧАС. РЕЄСТРАЦIЙНОГО ТАЛОНУ ПО ДОРУЧ,ВАНТАЖНИЙ,152
2014,255,255 -  АНУЛЮВАННЯ ВИДАЧI ТИМЧАС. РЕЄСТРАЦIЙНОГО ТАЛОНУ ПО ДОРУЧ,ЛЕГКОВИЙ,336
2014,255,255 -  АНУЛЮВАННЯ ВИДАЧI ТИМЧАС. РЕЄСТРАЦIЙНОГО ТАЛОНУ ПО ДОРУЧ,МОПЕД,1
2014,255,255 -  АНУЛЮВАННЯ ВИДАЧI ТИМЧАС. РЕЄСТРАЦIЙНОГО ТАЛОНУ ПО ДОРУЧ,НАПІВПРИЧІП,75
2014,255,255 -  АНУЛЮВАННЯ ВИДАЧI ТИМЧАС. РЕЄСТРАЦIЙНОГО ТАЛОНУ ПО ДОРУЧ,ПРИЧІП,5
2014,256,256 -  АНУЛЮВАННЯ ВИДАЧI ТИМЧАС. РЕЕСТР. ТАЛОНУ ПО ЗАЯВI ВЛ,АВТОБУС,138
2014,256,256 -  АНУЛЮВАННЯ ВИДАЧI ТИМЧАС. РЕЕСТР. ТАЛОНУ ПО ЗАЯВI ВЛ,ВАНТАЖНИЙ,21
2014,256,256 -  АНУЛЮВАННЯ ВИДАЧI ТИМЧАС. РЕЕСТР. ТАЛОНУ ПО ЗАЯВI ВЛ,ЛЕГКОВИЙ,134
2014,256,256 -  АНУЛЮВАННЯ ВИДАЧI ТИМЧАС. РЕЕСТР. ТАЛОНУ ПО ЗАЯВI ВЛ,НАПІВПРИЧІП,3
2014,260,260 - ВИДАЧА ТИМЧ. РЕЄСТР. ТАЛОНУ ПРИ ВИЯВЛЕННI ТЗ ВИКР ЗА КОРД,ЛЕГКОВИЙ,13
2014,260,260 - ВИДАЧА ТИМЧ. РЕЄСТР. ТАЛОНУ ПРИ ВИЯВЛЕННI ТЗ ВИКР ЗА КОРД,МОПЕД,3
2014,260,260 - ВИДАЧА ТИМЧ. РЕЄСТР. ТАЛОНУ ПРИ ВИЯВЛЕННI ТЗ ВИКР ЗА КОРД,МОТОЦИКЛ,5
2014,270,270 - ВИДАЧА ТИМЧАС. ТАЛ. ДЛЯ МОПЕДІВ БЕЗ ОБМЕЖ СТРОКУ РЕЄС.,АВТОБУС,1
2014,270,270 - ВИДАЧА ТИМЧАС. ТАЛ. ДЛЯ МОПЕДІВ БЕЗ ОБМЕЖ СТРОКУ РЕЄС.,ВАНТАЖНИЙ,2
2014,270,270 - ВИДАЧА ТИМЧАС. ТАЛ. ДЛЯ МОПЕДІВ БЕЗ ОБМЕЖ СТРОКУ РЕЄС.,КВАДРОЦИКЛ,1
2014,270,270 - ВИДАЧА ТИМЧАС. ТАЛ. ДЛЯ МОПЕДІВ БЕЗ ОБМЕЖ СТРОКУ РЕЄС.,ЛЕГКОВИЙ,4
2014,270,270 - ВИДАЧА ТИМЧАС. ТАЛ. ДЛЯ МОПЕДІВ БЕЗ ОБМЕЖ СТРОКУ РЕЄС.,МОПЕД,11830
2014,270,270 - ВИДАЧА ТИМЧАС. ТАЛ. ДЛЯ МОПЕДІВ БЕЗ ОБМЕЖ СТРОКУ РЕЄС.,МОТОЦИКЛ,24
2014,270,270 - ВИДАЧА ТИМЧАС. ТАЛ. ДЛЯ МОПЕДІВ БЕЗ ОБМЕЖ СТРОКУ РЕЄС.,ПРИЧІП,2
2014,30,30 - ПЕРВИННА РЕЄСТРАЦІЯ ТЗ ДЛЯ ІНДИВ. ВЛАСНИКА,АВТОБУС,218
2014,30,30 - ПЕРВИННА РЕЄСТРАЦІЯ ТЗ ДЛЯ ІНДИВ. ВЛАСНИКА,ВАНТАЖНИЙ,4652
2014,30,30 - ПЕРВИННА РЕЄСТРАЦІЯ ТЗ ДЛЯ ІНДИВ. ВЛАСНИКА,КВАДРОЦИКЛ,20
2014,30,30 - ПЕРВИННА РЕЄСТРАЦІЯ ТЗ ДЛЯ ІНДИВ. ВЛАСНИКА,ЛЕГКОВИЙ,31357
2014,30,30 - ПЕРВИННА РЕЄСТРАЦІЯ ТЗ ДЛЯ ІНДИВ. ВЛАСНИКА,МОПЕД,527
2014,30,30 - ПЕРВИННА РЕЄСТРАЦІЯ ТЗ ДЛЯ ІНДИВ. ВЛАСНИКА,МОТОЦИКЛ,5939
2014,30,30 - ПЕРВИННА РЕЄСТРАЦІЯ ТЗ ДЛЯ ІНДИВ. ВЛАСНИКА,НАПІВПРИЧІП,304
2014,30,30 - ПЕРВИННА РЕЄСТРАЦІЯ ТЗ ДЛЯ ІНДИВ. ВЛАСНИКА,ПРИЧІП,7809
2014,30,30 - ПЕРВИННА РЕЄСТРАЦІЯ ТЗ ДЛЯ ІНДИВ. ВЛАСНИКА,ТРИЦИКЛ,56
2014,300,300 -  ПЕРЕРЕЄСТРАЦIЯ НА НОВОГО ВЛАСНИКА ЗА СВIД. НА СПIЛЬНЕ МАЙНО,МОТОЦИКЛ,1
2014,300,300 - ПЕРЕРЕЄСТРАЦIЯ НА НОВОГО ВЛАСНИКА ЗА СВIД. НА СПIЛЬНЕ МАЙНО,ВАНТАЖНИЙ,55
2014,300,300 - ПЕРЕРЕЄСТРАЦIЯ НА НОВОГО ВЛАСНИКА ЗА СВIД. НА СПIЛЬНЕ МАЙНО,ЛЕГКОВИЙ,98
2014,300,300 - ПЕРЕРЕЄСТРАЦIЯ НА НОВОГО ВЛАСНИКА ЗА СВIД. НА СПIЛЬНЕ МАЙНО,МОПЕД,1
2014,300,300 - ПЕРЕРЕЄСТРАЦIЯ НА НОВОГО ВЛАСНИКА ЗА СВIД. НА СПIЛЬНЕ МАЙНО,НАПІВПРИЧІП,4
2014,300,300 - ПЕРЕРЕЄСТРАЦIЯ НА НОВОГО ВЛАСНИКА ЗА СВIД. НА СПIЛЬНЕ МАЙНО,ПРИЧІП,4
2014,309,309 -  ПЕРЕРЕЄСТРАЦІЯ ТЗ НА НОВОГО ВЛАСНИКА ЗА ДОВІДКОЙ-РАХУНОК,ВАНТАЖНИЙ,5
2014,309,309 -  ПЕРЕРЕЄСТРАЦІЯ ТЗ НА НОВОГО ВЛАСНИКА ЗА ДОВІДКОЙ-РАХУНОК,ЛЕГКОВИЙ,69
2014,309,309 -  ПЕРЕРЕЄСТРАЦІЯ ТЗ НА НОВОГО ВЛАСНИКА ЗА ДОВІДКОЙ-РАХУНОК,МОТОЦИКЛ,2
2014,309,309 - ПЕРЕРЕЄСТРАЦІЯ ТЗ НА НОВОГО ВЛАСНИКА ЗА ДОВІДКОЙ-РАХУНОК,АВТОБУС,2925
2014,309,309 - ПЕРЕРЕЄСТРАЦІЯ ТЗ НА НОВОГО ВЛАСНИКА ЗА ДОВІДКОЙ-РАХУНОК,ВАНТАЖНИЙ,24476
2014,309,309 - ПЕРЕРЕЄСТРАЦІЯ ТЗ НА НОВОГО ВЛАСНИКА ЗА ДОВІДКОЙ-РАХУНОК,КВАДРОЦИКЛ,5
2014,309,309 - ПЕРЕРЕЄСТРАЦІЯ ТЗ НА НОВОГО ВЛАСНИКА ЗА ДОВІДКОЙ-РАХУНОК,ЛЕГКОВИЙ,187751
2014,309,309 - ПЕРЕРЕЄСТРАЦІЯ ТЗ НА НОВОГО ВЛАСНИКА ЗА ДОВІДКОЙ-РАХУНОК,МОПЕД,46
2014,309,309 - ПЕРЕРЕЄСТРАЦІЯ ТЗ НА НОВОГО ВЛАСНИКА ЗА ДОВІДКОЙ-РАХУНОК,МОТОЦИКЛ,2084
2014,309,309 - ПЕРЕРЕЄСТРАЦІЯ ТЗ НА НОВОГО ВЛАСНИКА ЗА ДОВІДКОЙ-РАХУНОК,НАПІВПРИЧІП,2766
2014,309,309 - ПЕРЕРЕЄСТРАЦІЯ ТЗ НА НОВОГО ВЛАСНИКА ЗА ДОВІДКОЙ-РАХУНОК,ПРИЧІП,2119
2014,309,309 - ПЕРЕРЕЄСТРАЦІЯ ТЗ НА НОВОГО ВЛАСНИКА ЗА ДОВІДКОЙ-РАХУНОК,СПЕЦІАЛІЗОВАНІ,3
2014,309,309 - ПЕРЕРЕЄСТРАЦІЯ ТЗ НА НОВОГО ВЛАСНИКА ЗА ДОВІДКОЙ-РАХУНОК,ТРИЦИКЛ,13
2014,309,309 - ПЕРЕРЕЄСТРАЦІЯ ТЗ НА НОВОГО ВЛАСНИКА ЗА ДОВІДКОЮ-РАХУНКОМ,АВТОБУС,3
2014,309,309 - ПЕРЕРЕЄСТРАЦІЯ ТЗ НА НОВОГО ВЛАСНИКА ЗА ДОВІДКОЮ-РАХУНКОМ,ВАНТАЖНИЙ,22
2014,309,309 - ПЕРЕРЕЄСТРАЦІЯ ТЗ НА НОВОГО ВЛАСНИКА ЗА ДОВІДКОЮ-РАХУНКОМ,ЛЕГКОВИЙ,450
2014,309,309 - ПЕРЕРЕЄСТРАЦІЯ ТЗ НА НОВОГО ВЛАСНИКА ЗА ДОВІДКОЮ-РАХУНКОМ,МОТОЦИКЛ,2
2014,309,309 - ПЕРЕРЕЄСТРАЦІЯ ТЗ НА НОВОГО ВЛАСНИКА ЗА ДОВІДКОЮ-РАХУНКОМ,НАПІВПРИЧІП,3
2014,309,309 - ПЕРЕРЕЄСТРАЦІЯ ТЗ НА НОВОГО ВЛАСНИКА ЗА ДОВІДКОЮ-РАХУНКОМ,ПРИЧІП,2
2014,310,310 -  ПЕРЕРЕЄСТРАЦІЯ НА НОВОГО ВЛАСНИКА ЗА ДОГ. КУПIВЛI-ПРОДАЖУ,ЛЕГКОВИЙ,1
2014,310,310 - ПЕРЕРЕЄСТРАЦІЯ НА НОВОГО ВЛАСНИКА ЗА ДОГ. КУП.-ПРОД.(ОФОРМ.НОТАРІАЛЬНО ТА ІНШ.),ВАНТАЖНИЙ,3
2014,310,310 - ПЕРЕРЕЄСТРАЦІЯ НА НОВОГО ВЛАСНИКА ЗА ДОГ. КУП.-ПРОД.(ОФОРМ.НОТАРІАЛЬНО ТА ІНШ.),ЛЕГКОВИЙ,11
2014,310,310 - ПЕРЕРЕЄСТРАЦІЯ НА НОВОГО ВЛАСНИКА ЗА ДОГ. КУП.-ПРОД.(ОФОРМ.НОТАРІАЛЬНО ТА ІНШ.),ПРИЧІП,1
2014,310,310 - ПЕРЕРЕЄСТРАЦІЯ НА НОВОГО ВЛАСНИКА ЗА ДОГ. КУП.-ПРОД.ТА ІНШ.(ОФОРМ.НОТАРІАЛЬНО ),ЛЕГКОВИЙ,1
2014,310,310 - ПЕРЕРЕЄСТРАЦІЯ НА НОВОГО ВЛАСНИКА ЗА ДОГ. КУПIВЛI-ПРОДАЖУ,АВТОБУС,130
2014,310,310 - ПЕРЕРЕЄСТРАЦІЯ НА НОВОГО ВЛАСНИКА ЗА ДОГ. КУПIВЛI-ПРОДАЖУ,ВАНТАЖНИЙ,445
2014,310,310 - ПЕРЕРЕЄСТРАЦІЯ НА НОВОГО ВЛАСНИКА ЗА ДОГ. КУПIВЛI-ПРОДАЖУ,ЛЕГКОВИЙ,1858
2014,310,310 - ПЕРЕРЕЄСТРАЦІЯ НА НОВОГО ВЛАСНИКА ЗА ДОГ. КУПIВЛI-ПРОДАЖУ,МОТОЦИКЛ,14
2014,310,310 - ПЕРЕРЕЄСТРАЦІЯ НА НОВОГО ВЛАСНИКА ЗА ДОГ. КУПIВЛI-ПРОДАЖУ,НАПІВПРИЧІП,49
2014,310,310 - ПЕРЕРЕЄСТРАЦІЯ НА НОВОГО ВЛАСНИКА ЗА ДОГ. КУПIВЛI-ПРОДАЖУ,ПРИЧІП,37
2014,311,311 - ПЕРЕРЕЄСТРАЦIЯ НА НОВОГО ВЛАСНИКА ЗА ДОГОВОРОМ МIНИ,АВТОБУС,13
2014,311,311 - ПЕРЕРЕЄСТРАЦIЯ НА НОВОГО ВЛАСНИКА ЗА ДОГОВОРОМ МIНИ,ВАНТАЖНИЙ,18
2014,311,311 - ПЕРЕРЕЄСТРАЦIЯ НА НОВОГО ВЛАСНИКА ЗА ДОГОВОРОМ МIНИ,ЛЕГКОВИЙ,42
2014,311,311 - ПЕРЕРЕЄСТРАЦIЯ НА НОВОГО ВЛАСНИКА ЗА ДОГОВОРОМ МIНИ,ПРИЧІП,2
2014,312,"312 - ПЕРЕРЕЄСТРАЦІЯ ТЗ НА НОВОГО ВЛАСНИКА, ОТРИМАНОГО ЧЕРЕЗ ВІДДІЛ СОЦ.ЗАХИСТУ",ВАНТАЖНИЙ,1
2014,312,"312 - ПЕРЕРЕЄСТРАЦІЯ ТЗ НА НОВОГО ВЛАСНИКА, ОТРИМАНОГО ЧЕРЕЗ ВІДДІЛ СОЦ.ЗАХИСТУ",ЛЕГКОВИЙ,550
2014,312,"312 - ПЕРЕРЕЄСТРАЦІЯ ТЗ НА НОВОГО ВЛАСНИКА, ОТРИМАНОГО ЧЕРЕЗ ВІДДІЛ СОЦ.ЗАХИСТУ",НАПІВПРИЧІП,1
2014,319,319 -  ПЕРЕРЕЄСТРАЦІЯ ТЗ НА НОВОГО ВЛАСНИКА ЗА АКТОМ ПРИЙОМУ-ПЕРЕДАЧІ,ЛЕГКОВИЙ,22
2014,319,319 - ПЕРЕРЕЄСТРАЦІЯ ТЗ НА НОВОГО ВЛАСНИКА ЗА АКТОМ ПРИЙОМУ-ПЕРЕДАЧІ,АВТОБУС,316
2014,319,319 - ПЕРЕРЕЄСТРАЦІЯ ТЗ НА НОВОГО ВЛАСНИКА ЗА АКТОМ ПРИЙОМУ-ПЕРЕДАЧІ,ВАНТАЖНИЙ,1602
2014,319,319 - ПЕРЕРЕЄСТРАЦІЯ ТЗ НА НОВОГО ВЛАСНИКА ЗА АКТОМ ПРИЙОМУ-ПЕРЕДАЧІ,ЛЕГКОВИЙ,2081
2014,319,319 - ПЕРЕРЕЄСТРАЦІЯ ТЗ НА НОВОГО ВЛАСНИКА ЗА АКТОМ ПРИЙОМУ-ПЕРЕДАЧІ,МОПЕД,2
2014,319,319 - ПЕРЕРЕЄСТРАЦІЯ ТЗ НА НОВОГО ВЛАСНИКА ЗА АКТОМ ПРИЙОМУ-ПЕРЕДАЧІ,МОТОЦИКЛ,8
2014,319,319 - ПЕРЕРЕЄСТРАЦІЯ ТЗ НА НОВОГО ВЛАСНИКА ЗА АКТОМ ПРИЙОМУ-ПЕРЕДАЧІ,НАПІВПРИЧІП,382
2014,319,319 - ПЕРЕРЕЄСТРАЦІЯ ТЗ НА НОВОГО ВЛАСНИКА ЗА АКТОМ ПРИЙОМУ-ПЕРЕДАЧІ,ПРИЧІП,88
2014,319,319 - ПЕРЕРЕЄСТРАЦІЯ ТЗ НА НОВОГО ВЛАСНИКА ЗА АКТОМ ПРИЙОМУ-ПЕРЕДАЧІ,СПЕЦІАЛІЗОВАНІ,27
2014,320,320 - ПЕРЕРЕЄСТРАЦIЯ НА НОВ. ВЛАС. ЗА ДОГ. ДАРУВАННЯ,АВТОБУС,16
2014,320,320 - ПЕРЕРЕЄСТРАЦIЯ НА НОВ. ВЛАС. ЗА ДОГ. ДАРУВАННЯ,ВАНТАЖНИЙ,126
2014,320,320 - ПЕРЕРЕЄСТРАЦIЯ НА НОВ. ВЛАС. ЗА ДОГ. ДАРУВАННЯ,ЛЕГКОВИЙ,599
2014,320,320 - ПЕРЕРЕЄСТРАЦIЯ НА НОВ. ВЛАС. ЗА ДОГ. ДАРУВАННЯ,МОТОЦИКЛ,7
2014,320,320 - ПЕРЕРЕЄСТРАЦIЯ НА НОВ. ВЛАС. ЗА ДОГ. ДАРУВАННЯ,НАПІВПРИЧІП,44
2014,320,320 - ПЕРЕРЕЄСТРАЦIЯ НА НОВ. ВЛАС. ЗА ДОГ. ДАРУВАННЯ,ПРИЧІП,20
2014,321,321 -  ПЕРЕРЕЄСТРАЦIЯ ТЗ НА НОВ. ВЛАС. ПО УСПАДКУВАННЮ ЗА ЗАПОВIТОМ,ЛЕГКОВИЙ,2
2014,321,321 - ПЕРЕРЕЄСТРАЦIЯ ТЗ НА НОВ. ВЛАС. ПО УСПАДКУВАННЮ ЗА ЗАПОВIТОМ,АВТОБУС,6
2014,321,321 - ПЕРЕРЕЄСТРАЦIЯ ТЗ НА НОВ. ВЛАС. ПО УСПАДКУВАННЮ ЗА ЗАПОВIТОМ,ВАНТАЖНИЙ,37
2014,321,321 - ПЕРЕРЕЄСТРАЦIЯ ТЗ НА НОВ. ВЛАС. ПО УСПАДКУВАННЮ ЗА ЗАПОВIТОМ,ЛЕГКОВИЙ,1007
2014,321,321 - ПЕРЕРЕЄСТРАЦIЯ ТЗ НА НОВ. ВЛАС. ПО УСПАДКУВАННЮ ЗА ЗАПОВIТОМ,МОТОЦИКЛ,8
2014,321,321 - ПЕРЕРЕЄСТРАЦIЯ ТЗ НА НОВ. ВЛАС. ПО УСПАДКУВАННЮ ЗА ЗАПОВIТОМ,НАПІВПРИЧІП,3
2014,321,321 - ПЕРЕРЕЄСТРАЦIЯ ТЗ НА НОВ. ВЛАС. ПО УСПАДКУВАННЮ ЗА ЗАПОВIТОМ,ПРИЧІП,44
2014,322,322 -  ПЕРЕРЕЄСТРАЦIЯ ТЗ НА НОВ. ВЛАС. ПО УСПАДКУВАННЮ ЗА ЗАКОНОМ,ВАНТАЖНИЙ,3
2014,322,322 -  ПЕРЕРЕЄСТРАЦIЯ ТЗ НА НОВ. ВЛАС. ПО УСПАДКУВАННЮ ЗА ЗАКОНОМ,ЛЕГКОВИЙ,12
2014,322,322 -  ПЕРЕРЕЄСТРАЦIЯ ТЗ НА НОВ. ВЛАС. ПО УСПАДКУВАННЮ ЗА ЗАКОНОМ,НАПІВПРИЧІП,1
2014,322,322 - ПЕРЕРЕЄСТРАЦIЯ ТЗ НА НОВ. ВЛАС. ПО УСПАДКУВАННЮ ЗА ЗАКОНОМ,АВТОБУС,108
2014,322,322 - ПЕРЕРЕЄСТРАЦIЯ ТЗ НА НОВ. ВЛАС. ПО УСПАДКУВАННЮ ЗА ЗАКОНОМ,ВАНТАЖНИЙ,561
2014,322,322 - ПЕРЕРЕЄСТРАЦIЯ ТЗ НА НОВ. ВЛАС. ПО УСПАДКУВАННЮ ЗА ЗАКОНОМ,ЛЕГКОВИЙ,8742
2014,322,322 - ПЕРЕРЕЄСТРАЦIЯ ТЗ НА НОВ. ВЛАС. ПО УСПАДКУВАННЮ ЗА ЗАКОНОМ,МОПЕД,8
2014,322,322 - ПЕРЕРЕЄСТРАЦIЯ ТЗ НА НОВ. ВЛАС. ПО УСПАДКУВАННЮ ЗА ЗАКОНОМ,МОТОЦИКЛ,73
2014,322,322 - ПЕРЕРЕЄСТРАЦIЯ ТЗ НА НОВ. ВЛАС. ПО УСПАДКУВАННЮ ЗА ЗАКОНОМ,НАПІВПРИЧІП,68
2014,322,322 - ПЕРЕРЕЄСТРАЦIЯ ТЗ НА НОВ. ВЛАС. ПО УСПАДКУВАННЮ ЗА ЗАКОНОМ,ПРИЧІП,436
2014,323,323 - ПЕРЕРЕЄСТРАЦІЯ НА НОВОГО ВЛАСНИКА ЗА СПАДЩИНОЮ(ЗА ЗАКОНОМ),МОТОЦИКЛ,1
2014,330,330 -  ПЕРЕРЕЄСТРАЦIЯ НА НОВОГО ВЛАСНИКА ЗА РIШЕННЯМ СУДУ,АВТОБУС,1
2014,330,330 -  ПЕРЕРЕЄСТРАЦIЯ НА НОВОГО ВЛАСНИКА ЗА РIШЕННЯМ СУДУ,ЛЕГКОВИЙ,2
2014,330,330 -  ПЕРЕРЕЄСТРАЦIЯ НА НОВОГО ВЛАСНИКА ЗА РIШЕННЯМ СУДУ,ПРИЧІП,1
2014,330,330 - ПЕРЕРЕЄСТРАЦIЯ НА НОВОГО ВЛАСНИКА ЗА РIШЕННЯМ СУДУ,АВТОБУС,30
2014,330,330 - ПЕРЕРЕЄСТРАЦIЯ НА НОВОГО ВЛАСНИКА ЗА РIШЕННЯМ СУДУ,ВАНТАЖНИЙ,314
2014,330,330 - ПЕРЕРЕЄСТРАЦIЯ НА НОВОГО ВЛАСНИКА ЗА РIШЕННЯМ СУДУ,ЛЕГКОВИЙ,772
2014,330,330 - ПЕРЕРЕЄСТРАЦIЯ НА НОВОГО ВЛАСНИКА ЗА РIШЕННЯМ СУДУ,МОТОЦИКЛ,6
2014,330,330 - ПЕРЕРЕЄСТРАЦIЯ НА НОВОГО ВЛАСНИКА ЗА РIШЕННЯМ СУДУ,НАПІВПРИЧІП,17
2014,330,330 - ПЕРЕРЕЄСТРАЦIЯ НА НОВОГО ВЛАСНИКА ЗА РIШЕННЯМ СУДУ,ПРИЧІП,39
2014,331,331 - ПЕРЕРЕЄСТРАЦІЯ ТЗ НА НОВОГО ВЛАСНИКА ЗА АКТОМ ПРОВЕДЕНОГО АУКЦІОНУ,АВТОБУС,23
2014,331,331 - ПЕРЕРЕЄСТРАЦІЯ ТЗ НА НОВОГО ВЛАСНИКА ЗА АКТОМ ПРОВЕДЕНОГО АУКЦІОНУ,ВАНТАЖНИЙ,165
2014,331,331 - ПЕРЕРЕЄСТРАЦІЯ ТЗ НА НОВОГО ВЛАСНИКА ЗА АКТОМ ПРОВЕДЕНОГО АУКЦІОНУ,ЛЕГКОВИЙ,648
2014,331,331 - ПЕРЕРЕЄСТРАЦІЯ ТЗ НА НОВОГО ВЛАСНИКА ЗА АКТОМ ПРОВЕДЕНОГО АУКЦІОНУ,МОПЕД,1
2014,331,331 - ПЕРЕРЕЄСТРАЦІЯ ТЗ НА НОВОГО ВЛАСНИКА ЗА АКТОМ ПРОВЕДЕНОГО АУКЦІОНУ,МОТОЦИКЛ,1
2014,331,331 - ПЕРЕРЕЄСТРАЦІЯ ТЗ НА НОВОГО ВЛАСНИКА ЗА АКТОМ ПРОВЕДЕНОГО АУКЦІОНУ,НАПІВПРИЧІП,13
2014,331,331 - ПЕРЕРЕЄСТРАЦІЯ ТЗ НА НОВОГО ВЛАСНИКА ЗА АКТОМ ПРОВЕДЕНОГО АУКЦІОНУ,ПРИЧІП,19
2014,331,331 - ПЕРЕРЕЄСТРАЦІЯ ТЗ НА НОВОГО ВЛАСНИКА ЗА АКТОМ ПРОВЕДЕНОГО АУКЦІОНУ,СПЕЦІАЛІЗОВАНІ,1
2014,332,332 - ПЕРЕРЕЄСТРАЦІЯ ТЗ НА НОВОГО ВЛАСНИКА ЗА ПОСТАНОВОЮ ПРО ПЕРЕДАЧУ МАЙНА,АВТОБУС,30
2014,332,332 - ПЕРЕРЕЄСТРАЦІЯ ТЗ НА НОВОГО ВЛАСНИКА ЗА ПОСТАНОВОЮ ПРО ПЕРЕДАЧУ МАЙНА,ВАНТАЖНИЙ,72
2014,332,332 - ПЕРЕРЕЄСТРАЦІЯ ТЗ НА НОВОГО ВЛАСНИКА ЗА ПОСТАНОВОЮ ПРО ПЕРЕДАЧУ МАЙНА,ЛЕГКОВИЙ,114
2014,332,332 - ПЕРЕРЕЄСТРАЦІЯ ТЗ НА НОВОГО ВЛАСНИКА ЗА ПОСТАНОВОЮ ПРО ПЕРЕДАЧУ МАЙНА,МОПЕД,1
2014,332,332 - ПЕРЕРЕЄСТРАЦІЯ ТЗ НА НОВОГО ВЛАСНИКА ЗА ПОСТАНОВОЮ ПРО ПЕРЕДАЧУ МАЙНА,НАПІВПРИЧІП,16
2014,332,332 - ПЕРЕРЕЄСТРАЦІЯ ТЗ НА НОВОГО ВЛАСНИКА ЗА ПОСТАНОВОЮ ПРО ПЕРЕДАЧУ МАЙНА,ПРИЧІП,5
2014,340,340 -  ПЕРЕРЕЄСТРАЦIЯ У ЗВ`ЯЗКУ ЗI ЗМIНОЮ АНКЕТНИХ ДАНИХ ВЛАСНИКА,ЛЕГКОВИЙ,2
2014,340,340 - ПЕРЕРЕЄСТРАЦIЯ У ЗВ`ЯЗКУ ЗI ЗМIНОЮ АНКЕТНИХ ДАНИХ ВЛАСНИКА,АВТОБУС,122
2014,340,340 - ПЕРЕРЕЄСТРАЦIЯ У ЗВ`ЯЗКУ ЗI ЗМIНОЮ АНКЕТНИХ ДАНИХ ВЛАСНИКА,ВАНТАЖНИЙ,444
2014,340,340 - ПЕРЕРЕЄСТРАЦIЯ У ЗВ`ЯЗКУ ЗI ЗМIНОЮ АНКЕТНИХ ДАНИХ ВЛАСНИКА,ЛЕГКОВИЙ,5805
2014,340,340 - ПЕРЕРЕЄСТРАЦIЯ У ЗВ`ЯЗКУ ЗI ЗМIНОЮ АНКЕТНИХ ДАНИХ ВЛАСНИКА,МОПЕД,8
2014,340,340 - ПЕРЕРЕЄСТРАЦIЯ У ЗВ`ЯЗКУ ЗI ЗМIНОЮ АНКЕТНИХ ДАНИХ ВЛАСНИКА,МОТОЦИКЛ,35
2014,340,340 - ПЕРЕРЕЄСТРАЦIЯ У ЗВ`ЯЗКУ ЗI ЗМIНОЮ АНКЕТНИХ ДАНИХ ВЛАСНИКА,НАПІВПРИЧІП,73
2014,340,340 - ПЕРЕРЕЄСТРАЦIЯ У ЗВ`ЯЗКУ ЗI ЗМIНОЮ АНКЕТНИХ ДАНИХ ВЛАСНИКА,ПРИЧІП,133
2014,341,341 - ПЕРЕРЕЄСТРАЦІЯ РАНІШЕ ВИКРАДЕНОГО ТЗ,ЛЕГКОВИЙ,14
2014,342,342 - ПЕРЕРЕЄСТРАЦІЯ ТЗ У ЗВЭ'ЯЗКУ З ЗАМІНОЮ СВІДОЦТВА,ЛЕГКОВИЙ,3
2014,343,343 - ПЕРЕРЕЄСТРАЦІЯ У ЗВ'ЯЗКУ ІЗ ЗМІНОЮ ДАНИХ ВЛАСНИКА АБО ТЗ ОТРИМАНОГО ЧЕРЕЗ ВІДДІЛ СОЦ,ЛЕГКОВИЙ,63
2014,350,350 -  ПЕРЕРЕЄСТРАЦIЯ У ЗВ`ЯЗКУ ЗI ЗМIНОЮ НАЗВИ ОРГАНIЗАЦIЇ,АВТОБУС,370
2014,350,350 -  ПЕРЕРЕЄСТРАЦIЯ У ЗВ`ЯЗКУ ЗI ЗМIНОЮ НАЗВИ ОРГАНIЗАЦIЇ,ВАНТАЖНИЙ,1474
2014,350,350 -  ПЕРЕРЕЄСТРАЦIЯ У ЗВ`ЯЗКУ ЗI ЗМIНОЮ НАЗВИ ОРГАНIЗАЦIЇ,ЛЕГКОВИЙ,1951
2014,350,350 -  ПЕРЕРЕЄСТРАЦIЯ У ЗВ`ЯЗКУ ЗI ЗМIНОЮ НАЗВИ ОРГАНIЗАЦIЇ,МОПЕД,4
2014,350,350 -  ПЕРЕРЕЄСТРАЦIЯ У ЗВ`ЯЗКУ ЗI ЗМIНОЮ НАЗВИ ОРГАНIЗАЦIЇ,МОТОЦИКЛ,14
2014,350,350 -  ПЕРЕРЕЄСТРАЦIЯ У ЗВ`ЯЗКУ ЗI ЗМIНОЮ НАЗВИ ОРГАНIЗАЦIЇ,НАПІВПРИЧІП,88
2014,350,350 -  ПЕРЕРЕЄСТРАЦIЯ У ЗВ`ЯЗКУ ЗI ЗМIНОЮ НАЗВИ ОРГАНIЗАЦIЇ,ПРИЧІП,115
2014,350,350 -  ПЕРЕРЕЄСТРАЦIЯ У ЗВ`ЯЗКУ ЗI ЗМIНОЮ НАЗВИ ОРГАНIЗАЦIЇ,СПЕЦІАЛІЗОВАНІ,2
2014,350,350 - ПЕРЕРЕЄСТРАЦIЯ У ЗВ`ЯЗКУ ЗI ЗМIНОЮ НАЗВИ ОРГАНIЗАЦIЇ,АВТОБУС,180
2014,350,350 - ПЕРЕРЕЄСТРАЦIЯ У ЗВ`ЯЗКУ ЗI ЗМIНОЮ НАЗВИ ОРГАНIЗАЦIЇ,ВАНТАЖНИЙ,807
2014,350,350 - ПЕРЕРЕЄСТРАЦIЯ У ЗВ`ЯЗКУ ЗI ЗМIНОЮ НАЗВИ ОРГАНIЗАЦIЇ,ЛЕГКОВИЙ,975
2014,350,350 - ПЕРЕРЕЄСТРАЦIЯ У ЗВ`ЯЗКУ ЗI ЗМIНОЮ НАЗВИ ОРГАНIЗАЦIЇ,МОПЕД,4
2014,350,350 - ПЕРЕРЕЄСТРАЦIЯ У ЗВ`ЯЗКУ ЗI ЗМIНОЮ НАЗВИ ОРГАНIЗАЦIЇ,МОТОЦИКЛ,7
2014,350,350 - ПЕРЕРЕЄСТРАЦIЯ У ЗВ`ЯЗКУ ЗI ЗМIНОЮ НАЗВИ ОРГАНIЗАЦIЇ,НАПІВПРИЧІП,59
2014,350,350 - ПЕРЕРЕЄСТРАЦIЯ У ЗВ`ЯЗКУ ЗI ЗМIНОЮ НАЗВИ ОРГАНIЗАЦIЇ,ПРИЧІП,73
2014,360,360 -  ПЕРЕРЕЄСТРАЦIЯ У ЗВ`ЯЗКУ ЗI ЗМIНОЮ МIСЦЯ СТОЯНКИ,АВТОБУС,125
2014,360,360 -  ПЕРЕРЕЄСТРАЦIЯ У ЗВ`ЯЗКУ ЗI ЗМIНОЮ МIСЦЯ СТОЯНКИ,ВАНТАЖНИЙ,301
2014,360,360 -  ПЕРЕРЕЄСТРАЦIЯ У ЗВ`ЯЗКУ ЗI ЗМIНОЮ МIСЦЯ СТОЯНКИ,ЛЕГКОВИЙ,690
2014,360,360 -  ПЕРЕРЕЄСТРАЦIЯ У ЗВ`ЯЗКУ ЗI ЗМIНОЮ МIСЦЯ СТОЯНКИ,МОТОЦИКЛ,6
2014,360,360 -  ПЕРЕРЕЄСТРАЦIЯ У ЗВ`ЯЗКУ ЗI ЗМIНОЮ МIСЦЯ СТОЯНКИ,НАПІВПРИЧІП,69
2014,360,360 -  ПЕРЕРЕЄСТРАЦIЯ У ЗВ`ЯЗКУ ЗI ЗМIНОЮ МIСЦЯ СТОЯНКИ,ПРИЧІП,27
2014,360,360 - ПЕРЕРЕЄСТРАЦIЯ У ЗВ`ЯЗКУ ЗI ЗМIНОЮ МIСЦЯ СТОЯНКИ,АВТОБУС,8
2014,360,360 - ПЕРЕРЕЄСТРАЦIЯ У ЗВ`ЯЗКУ ЗI ЗМIНОЮ МIСЦЯ СТОЯНКИ,ВАНТАЖНИЙ,152
2014,360,360 - ПЕРЕРЕЄСТРАЦIЯ У ЗВ`ЯЗКУ ЗI ЗМIНОЮ МIСЦЯ СТОЯНКИ,ЛЕГКОВИЙ,218
2014,360,360 - ПЕРЕРЕЄСТРАЦIЯ У ЗВ`ЯЗКУ ЗI ЗМIНОЮ МIСЦЯ СТОЯНКИ,НАПІВПРИЧІП,37
2014,360,360 - ПЕРЕРЕЄСТРАЦIЯ У ЗВ`ЯЗКУ ЗI ЗМIНОЮ МIСЦЯ СТОЯНКИ,ПРИЧІП,5
2014,370,370 - ПЕРЕРЕЄСТРАЦIЯ У ЗВ`ЯЗКУ З ЗАМIНОЮ ДВИГУНА,АВТОБУС,11
2014,370,370 - ПЕРЕРЕЄСТРАЦIЯ У ЗВ`ЯЗКУ З ЗАМIНОЮ ДВИГУНА,ВАНТАЖНИЙ,103
2014,370,370 - ПЕРЕРЕЄСТРАЦIЯ У ЗВ`ЯЗКУ З ЗАМIНОЮ ДВИГУНА,ЛЕГКОВИЙ,233
2014,370,370 - ПЕРЕРЕЄСТРАЦIЯ У ЗВ`ЯЗКУ З ЗАМIНОЮ ДВИГУНА,МОТОЦИКЛ,1
2014,380,380 - ПЕРЕРЕЄСТРАЦІЯ У ЗВ`ЯЗКУ З ЗАМІНОЮ КУЗОВА (ШАСІ),АВТОБУС,59
2014,380,380 - ПЕРЕРЕЄСТРАЦІЯ У ЗВ`ЯЗКУ З ЗАМІНОЮ КУЗОВА (ШАСІ),ВАНТАЖНИЙ,58
2014,380,380 - ПЕРЕРЕЄСТРАЦІЯ У ЗВ`ЯЗКУ З ЗАМІНОЮ КУЗОВА (ШАСІ),ЛЕГКОВИЙ,54
2014,380,380 - ПЕРЕРЕЄСТРАЦІЯ У ЗВ`ЯЗКУ З ЗАМІНОЮ КУЗОВА (ШАСІ),МОТОЦИКЛ,3
2014,380,380 - ПЕРЕРЕЄСТРАЦІЯ У ЗВ`ЯЗКУ З ЗАМІНОЮ КУЗОВА (ШАСІ),НАПІВПРИЧІП,3
2014,380,380 - ПЕРЕРЕЄСТРАЦІЯ У ЗВ`ЯЗКУ З ЗАМІНОЮ КУЗОВА (ШАСІ),ПРИЧІП,1
2014,390,390 - ПЕРЕРЕЄСТРАЦIЯ У ЗВ`ЯЗКУ ЗI ЗМIНОЮ КОЛЬОРУ ТЗ,АВТОБУС,86
2014,390,390 - ПЕРЕРЕЄСТРАЦIЯ У ЗВ`ЯЗКУ ЗI ЗМIНОЮ КОЛЬОРУ ТЗ,ВАНТАЖНИЙ,543
2014,390,390 - ПЕРЕРЕЄСТРАЦIЯ У ЗВ`ЯЗКУ ЗI ЗМIНОЮ КОЛЬОРУ ТЗ,ЛЕГКОВИЙ,1120
2014,390,390 - ПЕРЕРЕЄСТРАЦIЯ У ЗВ`ЯЗКУ ЗI ЗМIНОЮ КОЛЬОРУ ТЗ,МОПЕД,5
2014,390,390 - ПЕРЕРЕЄСТРАЦIЯ У ЗВ`ЯЗКУ ЗI ЗМIНОЮ КОЛЬОРУ ТЗ,МОТОЦИКЛ,59
2014,390,390 - ПЕРЕРЕЄСТРАЦIЯ У ЗВ`ЯЗКУ ЗI ЗМIНОЮ КОЛЬОРУ ТЗ,НАПІВПРИЧІП,58
2014,390,390 - ПЕРЕРЕЄСТРАЦIЯ У ЗВ`ЯЗКУ ЗI ЗМIНОЮ КОЛЬОРУ ТЗ,ПРИЧІП,79
2014,40,"40 -  ВТОРИННА РЕЄСТРАЦІЯ ТЗ, ПРИДБАНОГО В ТОРГОВЕЛЬНІЙ ОРГАНІЗАЦІЇ",АВТОБУС,2
2014,40,"40 -  ВТОРИННА РЕЄСТРАЦІЯ ТЗ, ПРИДБАНОГО В ТОРГОВЕЛЬНІЙ ОРГАНІЗАЦІЇ",ВАНТАЖНИЙ,24
2014,40,"40 -  ВТОРИННА РЕЄСТРАЦІЯ ТЗ, ПРИДБАНОГО В ТОРГОВЕЛЬНІЙ ОРГАНІЗАЦІЇ",ЛЕГКОВИЙ,149
2014,40,"40 -  ВТОРИННА РЕЄСТРАЦІЯ ТЗ, ПРИДБАНОГО В ТОРГОВЕЛЬНІЙ ОРГАНІЗАЦІЇ",МОТОЦИКЛ,5
2014,40,"40 -  ВТОРИННА РЕЄСТРАЦІЯ ТЗ, ПРИДБАНОГО В ТОРГОВЕЛЬНІЙ ОРГАНІЗАЦІЇ",НАПІВПРИЧІП,10
2014,40,"40 -  ВТОРИННА РЕЄСТРАЦІЯ ТЗ, ПРИДБАНОГО В ТОРГОВЕЛЬНІЙ ОРГАНІЗАЦІЇ",ПРИЧІП,13
2014,40,"40 - ВТОРИННА РЕЄСТРАЦІЯ ТЗ, ПРИДБАНОГО В ТОРГОВЕЛЬНІЙ ОРГАНІЗАЦІЇ",АВТОБУС,3838
2014,40,"40 - ВТОРИННА РЕЄСТРАЦІЯ ТЗ, ПРИДБАНОГО В ТОРГОВЕЛЬНІЙ ОРГАНІЗАЦІЇ",ВАНТАЖНИЙ,33317
2014,40,"40 - ВТОРИННА РЕЄСТРАЦІЯ ТЗ, ПРИДБАНОГО В ТОРГОВЕЛЬНІЙ ОРГАНІЗАЦІЇ",КВАДРОЦИКЛ,17
2014,40,"40 - ВТОРИННА РЕЄСТРАЦІЯ ТЗ, ПРИДБАНОГО В ТОРГОВЕЛЬНІЙ ОРГАНІЗАЦІЇ",ЛЕГКОВИЙ,228750
2014,40,"40 - ВТОРИННА РЕЄСТРАЦІЯ ТЗ, ПРИДБАНОГО В ТОРГОВЕЛЬНІЙ ОРГАНІЗАЦІЇ",МОПЕД,166
2014,40,"40 - ВТОРИННА РЕЄСТРАЦІЯ ТЗ, ПРИДБАНОГО В ТОРГОВЕЛЬНІЙ ОРГАНІЗАЦІЇ",МОТОЦИКЛ,4526
2014,40,"40 - ВТОРИННА РЕЄСТРАЦІЯ ТЗ, ПРИДБАНОГО В ТОРГОВЕЛЬНІЙ ОРГАНІЗАЦІЇ",НАПІВПРИЧІП,4164
2014,40,"40 - ВТОРИННА РЕЄСТРАЦІЯ ТЗ, ПРИДБАНОГО В ТОРГОВЕЛЬНІЙ ОРГАНІЗАЦІЇ",ПРИЧІП,4317
2014,40,"40 - ВТОРИННА РЕЄСТРАЦІЯ ТЗ, ПРИДБАНОГО В ТОРГОВЕЛЬНІЙ ОРГАНІЗАЦІЇ",СПЕЦІАЛІЗОВАНІ,231
2014,40,"40 - ВТОРИННА РЕЄСТРАЦІЯ ТЗ, ПРИДБАНОГО В ТОРГОВЕЛЬНІЙ ОРГАНІЗАЦІЇ",ТРИЦИКЛ,50
2014,400,400 -  ПЕРЕРЕЄСТРАЦIЯ ПРИ ПЕРЕОБЛАДНАННI БЕЗ ЗАМIНИ НОМЕРНИХ АГРЕГ.,АВТОБУС,3
2014,400,400 -  ПЕРЕРЕЄСТРАЦIЯ ПРИ ПЕРЕОБЛАДНАННI БЕЗ ЗАМIНИ НОМЕРНИХ АГРЕГ.,ВАНТАЖНИЙ,21
2014,400,400 -  ПЕРЕРЕЄСТРАЦIЯ ПРИ ПЕРЕОБЛАДНАННI БЕЗ ЗАМIНИ НОМЕРНИХ АГРЕГ.,ЛЕГКОВИЙ,114
2014,400,400 -  ПЕРЕРЕЄСТРАЦIЯ ПРИ ПЕРЕОБЛАДНАННI БЕЗ ЗАМIНИ НОМЕРНИХ АГРЕГ.,НАПІВПРИЧІП,1
2014,400,400 - ПЕРЕРЕЄСТРАЦIЯ ПРИ ПЕРЕОБЛАДНАННI БЕЗ ЗАМIНИ НОМЕРНИХ АГРЕГ.,АВТОБУС,526
2014,400,400 - ПЕРЕРЕЄСТРАЦIЯ ПРИ ПЕРЕОБЛАДНАННI БЕЗ ЗАМIНИ НОМЕРНИХ АГРЕГ.,ВАНТАЖНИЙ,8072
2014,400,400 - ПЕРЕРЕЄСТРАЦIЯ ПРИ ПЕРЕОБЛАДНАННI БЕЗ ЗАМIНИ НОМЕРНИХ АГРЕГ.,ЛЕГКОВИЙ,103235
2014,400,400 - ПЕРЕРЕЄСТРАЦIЯ ПРИ ПЕРЕОБЛАДНАННI БЕЗ ЗАМIНИ НОМЕРНИХ АГРЕГ.,МОПЕД,4
2014,400,400 - ПЕРЕРЕЄСТРАЦIЯ ПРИ ПЕРЕОБЛАДНАННI БЕЗ ЗАМIНИ НОМЕРНИХ АГРЕГ.,МОТОЦИКЛ,2
2014,400,400 - ПЕРЕРЕЄСТРАЦIЯ ПРИ ПЕРЕОБЛАДНАННI БЕЗ ЗАМIНИ НОМЕРНИХ АГРЕГ.,НАПІВПРИЧІП,486
2014,400,400 - ПЕРЕРЕЄСТРАЦIЯ ПРИ ПЕРЕОБЛАДНАННI БЕЗ ЗАМIНИ НОМЕРНИХ АГРЕГ.,НЕВИЗНАЧЕНИЙ,3
2014,400,400 - ПЕРЕРЕЄСТРАЦIЯ ПРИ ПЕРЕОБЛАДНАННI БЕЗ ЗАМIНИ НОМЕРНИХ АГРЕГ.,ПРИЧІП,546
2014,400,400 - ПЕРЕРЕЄСТРАЦIЯ ПРИ ПЕРЕОБЛАДНАННI БЕЗ ЗАМIНИ НОМЕРНИХ АГРЕГ.,СПЕЦІАЛІЗОВАНІ,123
2014,400,400 - ПЕРЕРЕЄСТРАЦIЯ ПРИ ПЕРЕОБЛАДНАННI БЕЗ ЗАМІНИ НОМЕРНИХ АГРЕГАТІВ,ВАНТАЖНИЙ,1
2014,400,400 - ПЕРЕРЕЄСТРАЦIЯ ПРИ ПЕРЕОБЛАДНАННI БЕЗ ЗАМІНИ НОМЕРНИХ АГРЕГАТІВ,ЛЕГКОВИЙ,19
2014,400,400 - ПЕРЕРЕЄСТРАЦIЯ ПРИ ПЕРЕОБЛАДНАННI БЕЗ ЗАМІНИ НОМЕРНИХ АГРЕГАТІВ,ПРИЧІП,1
2014,400,400 - ПЕРЕРЕЄСТРАЦIЯ ПРИ ПЕРЕОБЛАДНАННI ДЛЯ РОБОТИ НА ГАЗОВОМУ ПАЛЬНОМУ,ВАНТАЖНИЙ,5
2014,400,400 - ПЕРЕРЕЄСТРАЦIЯ ПРИ ПЕРЕОБЛАДНАННI ДЛЯ РОБОТИ НА ГАЗОВОМУ ПАЛЬНОМУ,ЛЕГКОВИЙ,47
2014,400,400 - ПЕРЕРЕЄСТРАЦIЯ ПРИ ПЕРЕОБЛАДНАННI ДЛЯ РОБОТИ НА ГАЗОВОМУ ПАЛЬНОМУ,ПРИЧІП,1
2014,401,401 - ПЕРЕРЕЄСТРАЦІЯ ТЗ ПРИ ПЕРЕОБЛАДНАННІ ІЗ ЗАМІНОЮ КУЗОВА,АВТОБУС,34
2014,401,401 - ПЕРЕРЕЄСТРАЦІЯ ТЗ ПРИ ПЕРЕОБЛАДНАННІ ІЗ ЗАМІНОЮ КУЗОВА,ВАНТАЖНИЙ,117
2014,401,401 - ПЕРЕРЕЄСТРАЦІЯ ТЗ ПРИ ПЕРЕОБЛАДНАННІ ІЗ ЗАМІНОЮ КУЗОВА,ЛЕГКОВИЙ,202
2014,401,401 - ПЕРЕРЕЄСТРАЦІЯ ТЗ ПРИ ПЕРЕОБЛАДНАННІ ІЗ ЗАМІНОЮ КУЗОВА,НАПІВПРИЧІП,4
2014,401,401 - ПЕРЕРЕЄСТРАЦІЯ ТЗ ПРИ ПЕРЕОБЛАДНАННІ ІЗ ЗАМІНОЮ КУЗОВА,ПРИЧІП,10
2014,401,401 - ПЕРЕРЕЄСТРАЦІЯ ТЗ ПРИ ПЕРЕОБЛАДНАННІ ІЗ ЗАМІНОЮ КУЗОВА,СПЕЦІАЛІЗОВАНІ,1
2014,402,402 -  ПЕРЕРЕЄСТРАЦIЯ ТЗ ПРИ ПЕРЕОБЛАДНАННI IЗ ЗАМIНОЮ ДВИГУНА,ВАНТАЖНИЙ,1
2014,402,"402 - ПЕРЕРЕЄСТРАЦIЯ ТЗ ПРИ ПЕРЕОБЛI.(ЗАМІНА ТИПУ, ПОТУЖ. ДВИГ.)ЗА ПОГОДЖЕННЯМ",ВАНТАЖНИЙ,2
2014,402,"402 - ПЕРЕРЕЄСТРАЦIЯ ТЗ ПРИ ПЕРЕОБЛI.(ЗАМІНА ТИПУ, ПОТУЖ. ДВИГ.)ЗА ПОГОДЖЕННЯМ",ЛЕГКОВИЙ,2
2014,402,402 - ПЕРЕРЕЄСТРАЦIЯ ТЗ ПРИ ПЕРЕОБЛАДНАННI IЗ ЗАМIНОЮ ДВИГУНА,АВТОБУС,249
2014,402,402 - ПЕРЕРЕЄСТРАЦIЯ ТЗ ПРИ ПЕРЕОБЛАДНАННI IЗ ЗАМIНОЮ ДВИГУНА,ВАНТАЖНИЙ,1405
2014,402,402 - ПЕРЕРЕЄСТРАЦIЯ ТЗ ПРИ ПЕРЕОБЛАДНАННI IЗ ЗАМIНОЮ ДВИГУНА,ЛЕГКОВИЙ,1988
2014,402,402 - ПЕРЕРЕЄСТРАЦIЯ ТЗ ПРИ ПЕРЕОБЛАДНАННI IЗ ЗАМIНОЮ ДВИГУНА,МОПЕД,1
2014,402,402 - ПЕРЕРЕЄСТРАЦIЯ ТЗ ПРИ ПЕРЕОБЛАДНАННI IЗ ЗАМIНОЮ ДВИГУНА,МОТОЦИКЛ,5
2014,402,"402 - ПЕРЕРЕЄСТРАЦIЯ ТЗ ПРИ ПЕРЕОБЛАДНАННI IЗ ЗАМIНОЮ ДВИГУНА (ЗМІНА ОБЄМУ, ВИДУ ПАЛЬНОГО)",ВАНТАЖНИЙ,2
2014,402,"402 - ПЕРЕРЕЄСТРАЦIЯ ТЗ ПРИ ПЕРЕОБЛАДНАННI, В ТОМУ ЧИСЛІ ЗАМІНА ТИПУ, ПОТУЖНОСТІ ДВИГУНА З",ВАНТАЖНИЙ,2
2014,402,"402 - ПЕРЕРЕЄСТРАЦIЯ ТЗ ПРИ ПЕРЕОБЛАДНАННI, ЗАМIНА ДВИГУНА (ЗМІНА ОБЄМУ, ВИДУ ПАЛЬНОГО)",ВАНТАЖНИЙ,3
2014,403,403 -  ПЕРЕРЕЄСТРАЦІЯ ПРИ ПЕРЕОБЛАДН. ІЗ ЗАМІНОЮ КУЗОВА ТА ДВИГУНА,ВАНТАЖНИЙ,1
2014,403,403 -  ПЕРЕРЕЄСТРАЦІЯ ПРИ ПЕРЕОБЛАДН. ІЗ ЗАМІНОЮ КУЗОВА ТА ДВИГУНА,ЛЕГКОВИЙ,1
2014,403,403 - ПЕРЕРЕЄСТРАЦІЯ ПРИ ПЕРЕОБЛАДН. ІЗ ЗАМІНОЮ КУЗОВА ТА ДВИГУНА,АВТОБУС,3
2014,403,403 - ПЕРЕРЕЄСТРАЦІЯ ПРИ ПЕРЕОБЛАДН. ІЗ ЗАМІНОЮ КУЗОВА ТА ДВИГУНА,ВАНТАЖНИЙ,134
2014,403,403 - ПЕРЕРЕЄСТРАЦІЯ ПРИ ПЕРЕОБЛАДН. ІЗ ЗАМІНОЮ КУЗОВА ТА ДВИГУНА,ЛЕГКОВИЙ,1205
2014,403,403 - ПЕРЕРЕЄСТРАЦІЯ ПРИ ПЕРЕОБЛАДН. ІЗ ЗАМІНОЮ КУЗОВА ТА ДВИГУНА,МОТОЦИКЛ,1
2014,41,"41 - ВТОРИННА РЕЄСТРАЦІЯ ТЗ, ПРИДБАНОГО В ТОРГОВЕЛЬНІЙ ОРГАНІЗАЦІЇ В РОЗСТРОЧКУ",АВТОБУС,6
2014,41,"41 - ВТОРИННА РЕЄСТРАЦІЯ ТЗ, ПРИДБАНОГО В ТОРГОВЕЛЬНІЙ ОРГАНІЗАЦІЇ В РОЗСТРОЧКУ",ВАНТАЖНИЙ,30
2014,41,"41 - ВТОРИННА РЕЄСТРАЦІЯ ТЗ, ПРИДБАНОГО В ТОРГОВЕЛЬНІЙ ОРГАНІЗАЦІЇ В РОЗСТРОЧКУ",ЛЕГКОВИЙ,396
2014,41,"41 - ВТОРИННА РЕЄСТРАЦІЯ ТЗ, ПРИДБАНОГО В ТОРГОВЕЛЬНІЙ ОРГАНІЗАЦІЇ В РОЗСТРОЧКУ",МОТОЦИКЛ,1
2014,41,"41 - ВТОРИННА РЕЄСТРАЦІЯ ТЗ, ПРИДБАНОГО В ТОРГОВЕЛЬНІЙ ОРГАНІЗАЦІЇ В РОЗСТРОЧКУ",НАПІВПРИЧІП,4
2014,41,"41 - ВТОРИННА РЕЄСТРАЦІЯ ТЗ, ПРИДБАНОГО В ТОРГОВЕЛЬНІЙ ОРГАНІЗАЦІЇ В РОЗСТРОЧКУ",ПРИЧІП,4
2014,41,"41 - ВТОРИННА РЕЄСТРАЦІЯ ТЗ, ПРИДБАНОГО В ТОРГОВЕЛЬНІЙ ОРГАНІЗАЦІЇ В РОЗСТРОЧКУ",СПЕЦІАЛІЗОВАНІ,1
2014,410,410 -  ПЕРЕРЕЄСТРАЦІЯ ПРИ ЗАМІНІ НОМЕРНОГО ЗНАКУ,ЛЕГКОВИЙ,2
2014,410,410 - ПЕРЕРЕЄСТРАЦІЯ ПРИ ЗАМІНІ НОМЕРНОГО ЗНАКУ,АВТОБУС,281
2014,410,410 - ПЕРЕРЕЄСТРАЦІЯ ПРИ ЗАМІНІ НОМЕРНОГО ЗНАКУ,ВАНТАЖНИЙ,1139
2014,410,410 - ПЕРЕРЕЄСТРАЦІЯ ПРИ ЗАМІНІ НОМЕРНОГО ЗНАКУ,ЛЕГКОВИЙ,11042
2014,410,410 - ПЕРЕРЕЄСТРАЦІЯ ПРИ ЗАМІНІ НОМЕРНОГО ЗНАКУ,МОПЕД,21
2014,410,410 - ПЕРЕРЕЄСТРАЦІЯ ПРИ ЗАМІНІ НОМЕРНОГО ЗНАКУ,МОТОЦИКЛ,96
2014,410,410 - ПЕРЕРЕЄСТРАЦІЯ ПРИ ЗАМІНІ НОМЕРНОГО ЗНАКУ,НАПІВПРИЧІП,99
2014,410,410 - ПЕРЕРЕЄСТРАЦІЯ ПРИ ЗАМІНІ НОМЕРНОГО ЗНАКУ,ПРИЧІП,197
2014,410,410 - ПЕРЕРЕЄСТРАЦІЯ ПРИ ЗАМІНІ НОМЕРНОГО ЗНАКУ,ТРИЦИКЛ,2
2014,420,420 - ПЕРЕРЕЄСТРАЦІЯ ПРИ ВИДАЧІ ДУБЛІКАТА НОМЕРНОГО ЗНАКУ,АВТОБУС,13
2014,420,420 - ПЕРЕРЕЄСТРАЦІЯ ПРИ ВИДАЧІ ДУБЛІКАТА НОМЕРНОГО ЗНАКУ,ВАНТАЖНИЙ,52
2014,420,420 - ПЕРЕРЕЄСТРАЦІЯ ПРИ ВИДАЧІ ДУБЛІКАТА НОМЕРНОГО ЗНАКУ,ЛЕГКОВИЙ,720
2014,420,420 - ПЕРЕРЕЄСТРАЦІЯ ПРИ ВИДАЧІ ДУБЛІКАТА НОМЕРНОГО ЗНАКУ,МОПЕД,36
2014,420,420 - ПЕРЕРЕЄСТРАЦІЯ ПРИ ВИДАЧІ ДУБЛІКАТА НОМЕРНОГО ЗНАКУ,МОТОЦИКЛ,18
2014,420,420 - ПЕРЕРЕЄСТРАЦІЯ ПРИ ВИДАЧІ ДУБЛІКАТА НОМЕРНОГО ЗНАКУ,НАПІВПРИЧІП,4
2014,420,420 - ПЕРЕРЕЄСТРАЦІЯ ПРИ ВИДАЧІ ДУБЛІКАТА НОМЕРНОГО ЗНАКУ,ПРИЧІП,26
2014,420,420 - ПЕРЕРЕЄСТРАЦІЯ ПРИ ВТРАТІ НОМЕРНОГО ЗНАКУ,ЛЕГКОВИЙ,6
2014,429,429 -  ПЕРЕРЕЄСТРАЦІЯ ТЗ У ЗВ'ЯЗКУ ІЗ ПОДОВЖЕННЯМ ТЕРМІНУ ЗВОРОТНЬОГО ВИВОЗУ,АВТОБУС,1
2014,429,429 -  ПЕРЕРЕЄСТРАЦІЯ ТЗ У ЗВ'ЯЗКУ ІЗ ПОДОВЖЕННЯМ ТЕРМІНУ ЗВОРОТНЬОГО ВИВОЗУ,ВАНТАЖНИЙ,7
2014,429,429 -  ПЕРЕРЕЄСТРАЦІЯ ТЗ У ЗВ'ЯЗКУ ІЗ ПОДОВЖЕННЯМ ТЕРМІНУ ЗВОРОТНЬОГО ВИВОЗУ,ЛЕГКОВИЙ,216
2014,429,429 -  ПЕРЕРЕЄСТРАЦІЯ ТЗ У ЗВ'ЯЗКУ ІЗ ПОДОВЖЕННЯМ ТЕРМІНУ ЗВОРОТНЬОГО ВИВОЗУ,НАПІВПРИЧІП,13
2014,429,429 -  ПЕРЕРЕЄСТРАЦІЯ ТЗ У ЗВ'ЯЗКУ ІЗ ПОДОВЖЕННЯМ ТЕРМІНУ ЗВОРОТНЬОГО ВИВОЗУ,ПРИЧІП,1
2014,429,429 - ПЕРЕРЕЄСТРАЦІЯ ТЗ У ЗВ'ЯЗКУ ІЗ ПОДОВЖЕННЯМ ТЕРМІНУ ЗВОРОТНЬОГО ВИВОЗУ,ЛЕГКОВИЙ,9
2014,429,429 - ПЕРЕРЕЄСТРАЦІЯ ТЗ У ЗВ'ЯЗКУ ІЗ ПОДОВЖЕННЯМ ТЕРМІНУ ЗВОРОТНЬОГО ВИВОЗУ,НАПІВПРИЧІП,1
2014,430,430 -  ПЕРЕРЕЄСТРАЦІЯ ПРИ ЗАМІНІ СВІДОЦТВА ПРО РЕЄСТРАЦІЮ,ВАНТАЖНИЙ,5
2014,430,430 -  ПЕРЕРЕЄСТРАЦІЯ ПРИ ЗАМІНІ СВІДОЦТВА ПРО РЕЄСТРАЦІЮ,ЛЕГКОВИЙ,18
2014,430,430 -  ПЕРЕРЕЄСТРАЦІЯ ПРИ ЗАМІНІ СВІДОЦТВА ПРО РЕЄСТРАЦІЮ,МОТОЦИКЛ,1
2014,430,430 -  ПЕРЕРЕЄСТРАЦІЯ ПРИ ЗАМІНІ СВІДОЦТВА ПРО РЕЄСТРАЦІЮ,ПРИЧІП,2
2014,430,430 - ПЕРЕРЕЄСТРАЦІЯ ПРИ ЗАМІНІ СВІДОЦТВА ПРО РЕЄСТРАЦІЮ,АВТОБУС,897
2014,430,430 - ПЕРЕРЕЄСТРАЦІЯ ПРИ ЗАМІНІ СВІДОЦТВА ПРО РЕЄСТРАЦІЮ,ВАНТАЖНИЙ,5718
2014,430,430 - ПЕРЕРЕЄСТРАЦІЯ ПРИ ЗАМІНІ СВІДОЦТВА ПРО РЕЄСТРАЦІЮ,КВАДРОЦИКЛ,3
2014,430,430 - ПЕРЕРЕЄСТРАЦІЯ ПРИ ЗАМІНІ СВІДОЦТВА ПРО РЕЄСТРАЦІЮ,ЛЕГКОВИЙ,35260
2014,430,430 - ПЕРЕРЕЄСТРАЦІЯ ПРИ ЗАМІНІ СВІДОЦТВА ПРО РЕЄСТРАЦІЮ,МОПЕД,112
2014,430,430 - ПЕРЕРЕЄСТРАЦІЯ ПРИ ЗАМІНІ СВІДОЦТВА ПРО РЕЄСТРАЦІЮ,МОТОЦИКЛ,573
2014,430,430 - ПЕРЕРЕЄСТРАЦІЯ ПРИ ЗАМІНІ СВІДОЦТВА ПРО РЕЄСТРАЦІЮ,НАПІВПРИЧІП,941
2014,430,430 - ПЕРЕРЕЄСТРАЦІЯ ПРИ ЗАМІНІ СВІДОЦТВА ПРО РЕЄСТРАЦІЮ,ПРИЧІП,1042
2014,430,430 - ПЕРЕРЕЄСТРАЦІЯ ПРИ ЗАМІНІ СВІДОЦТВА ПРО РЕЄСТРАЦІЮ,СПЕЦІАЛІЗОВАНІ,5
2014,430,430 - ПЕРЕРЕЄСТРАЦІЯ ПРИ ЗАМІНІ СВІДОЦТВА ПРО РЕЄСТРАЦІЮ,ТРИЦИКЛ,6
2014,431,431 - ПЕРЕРЕЄСТРАЦІЯ ТЗ ПРИ ВИДАЧІ ІНДИВІДУАЛЬНОГО НОМЕРНОГО ЗНАКУ,АВТОБУС,2
2014,431,431 - ПЕРЕРЕЄСТРАЦІЯ ТЗ ПРИ ВИДАЧІ ІНДИВІДУАЛЬНОГО НОМЕРНОГО ЗНАКУ,ВАНТАЖНИЙ,33
2014,431,431 - ПЕРЕРЕЄСТРАЦІЯ ТЗ ПРИ ВИДАЧІ ІНДИВІДУАЛЬНОГО НОМЕРНОГО ЗНАКУ,ЛЕГКОВИЙ,620
2014,431,431 - ПЕРЕРЕЄСТРАЦІЯ ТЗ ПРИ ВИДАЧІ ІНДИВІДУАЛЬНОГО НОМЕРНОГО ЗНАКУ,МОТОЦИКЛ,10
2014,440,440 -  ПЕРЕРЕЄСТРАЦIЯ ПРИ ВИДАЧI ДУБЛIКАТА СВIДОЦТВА ПРО РЕЄСТРАЦIЮ,АВТОБУС,1
2014,440,440 -  ПЕРЕРЕЄСТРАЦIЯ ПРИ ВИДАЧI ДУБЛIКАТА СВIДОЦТВА ПРО РЕЄСТРАЦIЮ,ВАНТАЖНИЙ,24
2014,440,440 -  ПЕРЕРЕЄСТРАЦIЯ ПРИ ВИДАЧI ДУБЛIКАТА СВIДОЦТВА ПРО РЕЄСТРАЦIЮ,ЛЕГКОВИЙ,26
2014,440,440 -  ПЕРЕРЕЄСТРАЦIЯ ПРИ ВИДАЧI ДУБЛIКАТА СВIДОЦТВА ПРО РЕЄСТРАЦIЮ,МОПЕД,2
2014,440,440 -  ПЕРЕРЕЄСТРАЦIЯ ПРИ ВИДАЧI ДУБЛIКАТА СВIДОЦТВА ПРО РЕЄСТРАЦIЮ,МОТОЦИКЛ,2
2014,440,440 -  ПЕРЕРЕЄСТРАЦIЯ ПРИ ВИДАЧI ДУБЛIКАТА СВIДОЦТВА ПРО РЕЄСТРАЦIЮ,НАПІВПРИЧІП,1
2014,440,440 -  ПЕРЕРЕЄСТРАЦIЯ ПРИ ВИДАЧI ДУБЛIКАТА СВIДОЦТВА ПРО РЕЄСТРАЦIЮ,ПРИЧІП,5
2014,440,440 - ПЕРЕРЕЄСТРАЦIЯ ПРИ ВИДАЧI ДУБЛIКАТА СВIДОЦТВА ПРО РЕЄСТРАЦIЮ,АВТОБУС,756
2014,440,440 - ПЕРЕРЕЄСТРАЦIЯ ПРИ ВИДАЧI ДУБЛIКАТА СВIДОЦТВА ПРО РЕЄСТРАЦIЮ,ВАНТАЖНИЙ,6144
2014,440,440 - ПЕРЕРЕЄСТРАЦIЯ ПРИ ВИДАЧI ДУБЛIКАТА СВIДОЦТВА ПРО РЕЄСТРАЦIЮ,КВАДРОЦИКЛ,2
2014,440,440 - ПЕРЕРЕЄСТРАЦIЯ ПРИ ВИДАЧI ДУБЛIКАТА СВIДОЦТВА ПРО РЕЄСТРАЦIЮ,ЛЕГКОВИЙ,31070
2014,440,440 - ПЕРЕРЕЄСТРАЦIЯ ПРИ ВИДАЧI ДУБЛIКАТА СВIДОЦТВА ПРО РЕЄСТРАЦIЮ,МОПЕД,256
2014,440,440 - ПЕРЕРЕЄСТРАЦIЯ ПРИ ВИДАЧI ДУБЛIКАТА СВIДОЦТВА ПРО РЕЄСТРАЦIЮ,МОТОЦИКЛ,594
2014,440,440 - ПЕРЕРЕЄСТРАЦIЯ ПРИ ВИДАЧI ДУБЛIКАТА СВIДОЦТВА ПРО РЕЄСТРАЦIЮ,НАПІВПРИЧІП,841
2014,440,440 - ПЕРЕРЕЄСТРАЦIЯ ПРИ ВИДАЧI ДУБЛIКАТА СВIДОЦТВА ПРО РЕЄСТРАЦIЮ,ПРИЧІП,2297
2014,440,440 - ПЕРЕРЕЄСТРАЦIЯ ПРИ ВИДАЧI ДУБЛIКАТА СВIДОЦТВА ПРО РЕЄСТРАЦIЮ,СПЕЦІАЛІЗОВАНІ,2
2014,440,440 - ПЕРЕРЕЄСТРАЦIЯ ПРИ ВИДАЧI ДУБЛIКАТА СВIДОЦТВА ПРО РЕЄСТРАЦIЮ,ТРИЦИКЛ,1
2014,440,440 - ПЕРЕРЕЄСТРАЦIЯ ПРИ ВТРАТІ СВIДОЦТВА ПРО РЕЄСТРАЦIЮ,АВТОБУС,6
2014,440,440 - ПЕРЕРЕЄСТРАЦIЯ ПРИ ВТРАТІ СВIДОЦТВА ПРО РЕЄСТРАЦIЮ,ВАНТАЖНИЙ,20
2014,440,440 - ПЕРЕРЕЄСТРАЦIЯ ПРИ ВТРАТІ СВIДОЦТВА ПРО РЕЄСТРАЦIЮ,ЛЕГКОВИЙ,274
2014,440,440 - ПЕРЕРЕЄСТРАЦIЯ ПРИ ВТРАТІ СВIДОЦТВА ПРО РЕЄСТРАЦIЮ,МОТОЦИКЛ,3
2014,440,440 - ПЕРЕРЕЄСТРАЦIЯ ПРИ ВТРАТІ СВIДОЦТВА ПРО РЕЄСТРАЦIЮ,НАПІВПРИЧІП,7
2014,440,440 - ПЕРЕРЕЄСТРАЦIЯ ПРИ ВТРАТІ СВIДОЦТВА ПРО РЕЄСТРАЦIЮ,ПРИЧІП,7
2014,50,50 -  РЕЄСТРАЦIЯ ТЗ ЗА ДОГОВОРОМ КУПIВЛI-ПРОДАЖУ,ЛЕГКОВИЙ,1
2014,50,50 - ВТОРИННА РЄСТРАЦIЯ ТЗ ЗА ДОГОВОРОМ КУПIВЛI-ПРОДАЖУ,ВАНТАЖНИЙ,2
2014,50,50 - ВТОРИННА РЄСТРАЦIЯ ТЗ ЗА ДОГОВОРОМ КУПIВЛI-ПРОДАЖУ,ЛЕГКОВИЙ,17
2014,50,50 - РЕЄСТРАЦIЯ ТЗ ЗА ДОГОВОРОМ КУПIВЛI-ПРОДАЖУ,АВТОБУС,100
2014,50,50 - РЕЄСТРАЦIЯ ТЗ ЗА ДОГОВОРОМ КУПIВЛI-ПРОДАЖУ,ВАНТАЖНИЙ,676
2014,50,50 - РЕЄСТРАЦIЯ ТЗ ЗА ДОГОВОРОМ КУПIВЛI-ПРОДАЖУ,ЛЕГКОВИЙ,2424
2014,50,50 - РЕЄСТРАЦIЯ ТЗ ЗА ДОГОВОРОМ КУПIВЛI-ПРОДАЖУ,МОПЕД,2
2014,50,50 - РЕЄСТРАЦIЯ ТЗ ЗА ДОГОВОРОМ КУПIВЛI-ПРОДАЖУ,МОТОЦИКЛ,19
2014,50,50 - РЕЄСТРАЦIЯ ТЗ ЗА ДОГОВОРОМ КУПIВЛI-ПРОДАЖУ,НАПІВПРИЧІП,58
2014,50,50 - РЕЄСТРАЦIЯ ТЗ ЗА ДОГОВОРОМ КУПIВЛI-ПРОДАЖУ,ПРИЧІП,106
2014,500,500 - ЗНЯТТЯ З ОБЛІКУ У ЗВ'ЯЗКУ ЗІ СКАСУВАННЯМ РЕЄСТРАЦІЇ,АВТОБУС,2
2014,500,500 - ЗНЯТТЯ З ОБЛІКУ У ЗВ'ЯЗКУ ЗІ СКАСУВАННЯМ РЕЄСТРАЦІЇ,ВАНТАЖНИЙ,13
2014,500,500 - ЗНЯТТЯ З ОБЛІКУ У ЗВ'ЯЗКУ ЗІ СКАСУВАННЯМ РЕЄСТРАЦІЇ,ЛЕГКОВИЙ,97
2014,500,500 - ЗНЯТТЯ З ОБЛІКУ У ЗВ'ЯЗКУ ЗІ СКАСУВАННЯМ РЕЄСТРАЦІЇ,МОПЕД,3
2014,500,500 - ЗНЯТТЯ З ОБЛІКУ У ЗВ'ЯЗКУ ЗІ СКАСУВАННЯМ РЕЄСТРАЦІЇ,МОТОЦИКЛ,2
2014,500,500 - ЗНЯТТЯ З ОБЛІКУ У ЗВ'ЯЗКУ ЗІ СКАСУВАННЯМ РЕЄСТРАЦІЇ,НАПІВПРИЧІП,3
2014,500,500 - ЗНЯТТЯ З ОБЛІКУ У ЗВ'ЯЗКУ ЗІ СКАСУВАННЯМ РЕЄСТРАЦІЇ,ПРИЧІП,2
2014,500,500 - ЗНЯТТЯ З ОБЛІКУ У ЗВ`ЯЗКУ З АНУЛЮВАННЯМ РЕЄСТРАЦІЇ,ЛЕГКОВИЙ,7
2014,501,501 - АНУЛЮВАННЯ ЗНЯТТЯ З ОБЛІКУ ТЗ,ВАНТАЖНИЙ,4
2014,501,501 - АНУЛЮВАННЯ ЗНЯТТЯ З ОБЛІКУ ТЗ,ЛЕГКОВИЙ,7
2014,51,51 - РЕЄСТРАЦIЯ ТЗ ЗА ДОГОВОРОМ МІНИ,ВАНТАЖНИЙ,5
2014,51,51 - РЕЄСТРАЦIЯ ТЗ ЗА ДОГОВОРОМ МІНИ,ЛЕГКОВИЙ,9
2014,51,51 - РЕЄСТРАЦIЯ ТЗ ЗА ДОГОВОРОМ МІНИ,НАПІВПРИЧІП,1
2014,510,510 - ЗНЯТТЯ З ОБЛІКУ ПРИ ЗМІНІ МІСЦЯ ПРОЖИВАННЯ В МЕЖАХ УКРАЇНИ,АВТОБУС,1
2014,510,510 - ЗНЯТТЯ З ОБЛІКУ ПРИ ЗМІНІ МІСЦЯ ПРОЖИВАННЯ В МЕЖАХ УКРАЇНИ,ВАНТАЖНИЙ,14
2014,510,510 - ЗНЯТТЯ З ОБЛІКУ ПРИ ЗМІНІ МІСЦЯ ПРОЖИВАННЯ В МЕЖАХ УКРАЇНИ,ЛЕГКОВИЙ,198
2014,510,510 - ЗНЯТТЯ З ОБЛІКУ ПРИ ЗМІНІ МІСЦЯ ПРОЖИВАННЯ В МЕЖАХ УКРАЇНИ,МОПЕД,1
2014,510,510 - ЗНЯТТЯ З ОБЛІКУ ПРИ ЗМІНІ МІСЦЯ ПРОЖИВАННЯ В МЕЖАХ УКРАЇНИ,МОТОЦИКЛ,1
2014,510,510 - ЗНЯТТЯ З ОБЛІКУ ПРИ ЗМІНІ МІСЦЯ ПРОЖИВАННЯ В МЕЖАХ УКРАЇНИ,НАПІВПРИЧІП,4
2014,510,510 - ЗНЯТТЯ З ОБЛІКУ ПРИ ЗМІНІ МІСЦЯ ПРОЖИВАННЯ В МЕЖАХ УКРАЇНИ,ПРИЧІП,7
2014,520,520 - ЗНЯТТЯ З ОБЛIКУ ПРИ ВИЇЗДІ ЗА КОРДОН НА ПОСТ. МІСЦЕ ПРОЖИВ.,ВАНТАЖНИЙ,8
2014,520,520 - ЗНЯТТЯ З ОБЛIКУ ПРИ ВИЇЗДІ ЗА КОРДОН НА ПОСТ. МІСЦЕ ПРОЖИВ.,ЛЕГКОВИЙ,160
2014,520,520 - ЗНЯТТЯ З ОБЛIКУ ПРИ ВИЇЗДІ ЗА КОРДОН НА ПОСТ. МІСЦЕ ПРОЖИВ.,МОТОЦИКЛ,6
2014,520,520 - ЗНЯТТЯ З ОБЛIКУ ПРИ ВИЇЗДІ ЗА КОРДОН НА ПОСТ. МІСЦЕ ПРОЖИВ.,НАПІВПРИЧІП,1
2014,520,520 - ЗНЯТТЯ З ОБЛIКУ ПРИ ВИЇЗДІ ЗА КОРДОН НА ПОСТ. МІСЦЕ ПРОЖИВ.,ПРИЧІП,3
2014,530,530 -  ЗНЯТТЯ З ОБЛIКУ ДЛЯ РЕАЛIЗАЦIЇ,ВАНТАЖНИЙ,19
2014,530,530 -  ЗНЯТТЯ З ОБЛIКУ ДЛЯ РЕАЛIЗАЦIЇ,ЛЕГКОВИЙ,13
2014,530,530 -  ЗНЯТТЯ З ОБЛIКУ ДЛЯ РЕАЛIЗАЦIЇ,МОТОЦИКЛ,2
2014,530,530 -  ЗНЯТТЯ З ОБЛIКУ ДЛЯ РЕАЛIЗАЦIЇ,НАПІВПРИЧІП,1
2014,530,530 - ЗНЯТТЯ З ОБЛIКУ ДЛЯ РЕАЛIЗАЦIЇ,АВТОБУС,4143
2014,530,530 - ЗНЯТТЯ З ОБЛIКУ ДЛЯ РЕАЛIЗАЦIЇ,ВАНТАЖНИЙ,34130
2014,530,530 - ЗНЯТТЯ З ОБЛIКУ ДЛЯ РЕАЛIЗАЦIЇ,ЛЕГКОВИЙ,219233
2014,530,530 - ЗНЯТТЯ З ОБЛIКУ ДЛЯ РЕАЛIЗАЦIЇ,МОПЕД,74
2014,530,530 - ЗНЯТТЯ З ОБЛIКУ ДЛЯ РЕАЛIЗАЦIЇ,МОТОЦИКЛ,2194
2014,530,530 - ЗНЯТТЯ З ОБЛIКУ ДЛЯ РЕАЛIЗАЦIЇ,НАПІВПРИЧІП,4596
2014,530,530 - ЗНЯТТЯ З ОБЛIКУ ДЛЯ РЕАЛIЗАЦIЇ,ПРИЧІП,3421
2014,530,530 - ЗНЯТТЯ З ОБЛIКУ ДЛЯ РЕАЛIЗАЦIЇ,СПЕЦІАЛІЗОВАНІ,964
2014,530,530 - ЗНЯТТЯ З ОБЛIКУ ДЛЯ РЕАЛIЗАЦIЇ,ТРИЦИКЛ,21
2014,531,531 - ЗНЯТТЯ З ОБЛIКУ ЗА ДОГОВОРОМ КУПIВЛI-ПРОДАЖУ,АВТОБУС,11
2014,531,531 - ЗНЯТТЯ З ОБЛIКУ ЗА ДОГОВОРОМ КУПIВЛI-ПРОДАЖУ,ВАНТАЖНИЙ,250
2014,531,531 - ЗНЯТТЯ З ОБЛIКУ ЗА ДОГОВОРОМ КУПIВЛI-ПРОДАЖУ,ЛЕГКОВИЙ,345
2014,531,531 - ЗНЯТТЯ З ОБЛIКУ ЗА ДОГОВОРОМ КУПIВЛI-ПРОДАЖУ,НАПІВПРИЧІП,35
2014,531,531 - ЗНЯТТЯ З ОБЛIКУ ЗА ДОГОВОРОМ КУПIВЛI-ПРОДАЖУ,ПРИЧІП,56
2014,532,532 - ЗНЯТТЯ З ОБЛIКУ ЗА ДОГОВОРОМ МІНИ,АВТОБУС,2
2014,532,532 - ЗНЯТТЯ З ОБЛIКУ ЗА ДОГОВОРОМ МІНИ,ВАНТАЖНИЙ,9
2014,532,532 - ЗНЯТТЯ З ОБЛIКУ ЗА ДОГОВОРОМ МІНИ,ЛЕГКОВИЙ,6
2014,532,532 - ЗНЯТТЯ З ОБЛIКУ ЗА ДОГОВОРОМ МІНИ,НАПІВПРИЧІП,3
2014,532,532 - ЗНЯТТЯ З ОБЛIКУ ЗА ДОГОВОРОМ МІНИ,ПРИЧІП,1
2014,533,533 - ЗНЯТТЯ З ОБЛIКУ ЗА ДОГОВОРОМ ДАРУВАННЯ ЧИ ЗАПОВІТОМ,АВТОБУС,1
2014,533,533 - ЗНЯТТЯ З ОБЛIКУ ЗА ДОГОВОРОМ ДАРУВАННЯ ЧИ ЗАПОВІТОМ,ВАНТАЖНИЙ,3
2014,533,533 - ЗНЯТТЯ З ОБЛIКУ ЗА ДОГОВОРОМ ДАРУВАННЯ ЧИ ЗАПОВІТОМ,ЛЕГКОВИЙ,21
2014,533,533 - ЗНЯТТЯ З ОБЛIКУ ЗА ДОГОВОРОМ ДАРУВАННЯ ЧИ ЗАПОВІТОМ,МОТОЦИКЛ,2
2014,534,534 -  ЗНЯТТЯ З ОБЛІКУ ЗА АКТОМ ПРИЙОМА-ПЕРЕДАЧІ,ЛЕГКОВИЙ,2
2014,534,534 - ЗНЯТТЯ З ОБЛІКУ ЗА АКТОМ ПРИЙОМА-ПЕРЕДАЧІ,АВТОБУС,221
2014,534,534 - ЗНЯТТЯ З ОБЛІКУ ЗА АКТОМ ПРИЙОМА-ПЕРЕДАЧІ,ВАНТАЖНИЙ,1280
2014,534,534 - ЗНЯТТЯ З ОБЛІКУ ЗА АКТОМ ПРИЙОМА-ПЕРЕДАЧІ,ЛЕГКОВИЙ,3455
2014,534,534 - ЗНЯТТЯ З ОБЛІКУ ЗА АКТОМ ПРИЙОМА-ПЕРЕДАЧІ,МОПЕД,8
2014,534,534 - ЗНЯТТЯ З ОБЛІКУ ЗА АКТОМ ПРИЙОМА-ПЕРЕДАЧІ,МОТОЦИКЛ,7
2014,534,534 - ЗНЯТТЯ З ОБЛІКУ ЗА АКТОМ ПРИЙОМА-ПЕРЕДАЧІ,НАПІВПРИЧІП,337
2014,534,534 - ЗНЯТТЯ З ОБЛІКУ ЗА АКТОМ ПРИЙОМА-ПЕРЕДАЧІ,ПРИЧІП,79
2014,534,534 - ЗНЯТТЯ З ОБЛІКУ ЗА АКТОМ ПРИЙОМА-ПЕРЕДАЧІ,СПЕЦІАЛІЗОВАНІ,1
2014,535,535 - ЗНЯТТЯ З ОБЛІКУ ЗА ДОГОВОРОМ ФІНАНСОВОГО ЛІЗИНГУ,АВТОБУС,1
2014,535,535 - ЗНЯТТЯ З ОБЛІКУ ЗА ДОГОВОРОМ ФІНАНСОВОГО ЛІЗИНГУ,ВАНТАЖНИЙ,81
2014,535,535 - ЗНЯТТЯ З ОБЛІКУ ЗА ДОГОВОРОМ ФІНАНСОВОГО ЛІЗИНГУ,ЛЕГКОВИЙ,113
2014,535,535 - ЗНЯТТЯ З ОБЛІКУ ЗА ДОГОВОРОМ ФІНАНСОВОГО ЛІЗИНГУ,НАПІВПРИЧІП,7
2014,535,535 - ЗНЯТТЯ З ОБЛІКУ ЗА ДОГОВОРОМ ФІНАНСОВОГО ЛІЗИНГУ,ПРИЧІП,8
2014,540,540 -  ЗНЯТТЯ З ОБЛIКУ У ЗВ`ЯЗКУ З ВИБРАКОВКОЮ,ВАНТАЖНИЙ,12
2014,540,540 -  ЗНЯТТЯ З ОБЛIКУ У ЗВ`ЯЗКУ З ВИБРАКОВКОЮ,ЛЕГКОВИЙ,9
2014,540,540 -  ЗНЯТТЯ З ОБЛIКУ У ЗВ`ЯЗКУ З ВИБРАКОВКОЮ,МОТОЦИКЛ,1
2014,540,540 -  ЗНЯТТЯ З ОБЛIКУ У ЗВ`ЯЗКУ З ВИБРАКОВКОЮ,ПРИЧІП,1
2014,540,540 - ЗНЯТТЯ З ОБЛIКУ У ЗВ`ЯЗКУ З ВИБРАКОВКОЮ,АВТОБУС,1269
2014,540,540 - ЗНЯТТЯ З ОБЛIКУ У ЗВ`ЯЗКУ З ВИБРАКОВКОЮ,ВАНТАЖНИЙ,6012
2014,540,540 - ЗНЯТТЯ З ОБЛIКУ У ЗВ`ЯЗКУ З ВИБРАКОВКОЮ,ЛЕГКОВИЙ,6089
2014,540,540 - ЗНЯТТЯ З ОБЛIКУ У ЗВ`ЯЗКУ З ВИБРАКОВКОЮ,МОПЕД,65
2014,540,540 - ЗНЯТТЯ З ОБЛIКУ У ЗВ`ЯЗКУ З ВИБРАКОВКОЮ,МОТОЦИКЛ,440
2014,540,540 - ЗНЯТТЯ З ОБЛIКУ У ЗВ`ЯЗКУ З ВИБРАКОВКОЮ,НАПІВПРИЧІП,683
2014,540,540 - ЗНЯТТЯ З ОБЛIКУ У ЗВ`ЯЗКУ З ВИБРАКОВКОЮ,ПРИЧІП,522
2014,540,540 - ЗНЯТТЯ З ОБЛIКУ У ЗВ`ЯЗКУ З ВИБРАКОВКОЮ,СПЕЦІАЛІЗОВАНІ,5
2014,541,541 - УМОВНЕ ЗНЯТТЯ З ОБЛІКУ У ЗВ`ЯЗКУ З НЕПРОХОДЖЕННЯМ ТО,ЛЕГКОВИЙ,1
2014,542,542 - ЗНЯТТЯ З ОБЛІКУ У ЗВ'ЯЗКУ З УТІЛІЗАЦІЄЮ,ВАНТАЖНИЙ,4
2014,542,542 - ЗНЯТТЯ З ОБЛІКУ У ЗВ'ЯЗКУ З УТІЛІЗАЦІЄЮ,ЛЕГКОВИЙ,2
2014,542,542 - ЗНЯТТЯ З ОБЛІКУ У ЗВ'ЯЗКУ З УТІЛІЗАЦІЄЮ,ПРИЧІП,1
2014,550,550 -  ЗНЯТТЯ З ОБЛIКУ ТЗ ВВЕЗЕНОГО ПIД ЗОБОВ. ПРО ЗВОР. ВИВЕЗЕННЯ,ВАНТАЖНИЙ,14
2014,550,550 -  ЗНЯТТЯ З ОБЛIКУ ТЗ ВВЕЗЕНОГО ПIД ЗОБОВ. ПРО ЗВОР. ВИВЕЗЕННЯ,ЛЕГКОВИЙ,218
2014,550,550 -  ЗНЯТТЯ З ОБЛIКУ ТЗ ВВЕЗЕНОГО ПIД ЗОБОВ. ПРО ЗВОР. ВИВЕЗЕННЯ,МОТОЦИКЛ,1
2014,550,550 -  ЗНЯТТЯ З ОБЛIКУ ТЗ ВВЕЗЕНОГО ПIД ЗОБОВ. ПРО ЗВОР. ВИВЕЗЕННЯ,НАПІВПРИЧІП,4
2014,550,550 - ЗНЯТТЯ З ОБЛIКУ ТЗ ВВЕЗЕНОГО ПIД ЗОБОВ. ПРО ЗВОР. ВИВЕЗЕННЯ,АВТОБУС,1
2014,550,550 - ЗНЯТТЯ З ОБЛIКУ ТЗ ВВЕЗЕНОГО ПIД ЗОБОВ. ПРО ЗВОР. ВИВЕЗЕННЯ,ВАНТАЖНИЙ,80
2014,550,550 - ЗНЯТТЯ З ОБЛIКУ ТЗ ВВЕЗЕНОГО ПIД ЗОБОВ. ПРО ЗВОР. ВИВЕЗЕННЯ,ЛЕГКОВИЙ,291
2014,550,550 - ЗНЯТТЯ З ОБЛIКУ ТЗ ВВЕЗЕНОГО ПIД ЗОБОВ. ПРО ЗВОР. ВИВЕЗЕННЯ,МОТОЦИКЛ,4
2014,550,550 - ЗНЯТТЯ З ОБЛIКУ ТЗ ВВЕЗЕНОГО ПIД ЗОБОВ. ПРО ЗВОР. ВИВЕЗЕННЯ,НАПІВПРИЧІП,14
2014,550,550 - ЗНЯТТЯ З ОБЛIКУ ТЗ ВВЕЗЕНОГО ПIД ЗОБОВ. ПРО ЗВОР. ВИВЕЗЕННЯ,ПРИЧІП,1
2014,552,"552 - ЗНЯТТЯ ТЗ З ОБЛІКУ,ВВЕЗЕНОГО ПІД ЗОБОВ'ЯЗАННЯ ПРО ЗВОРОТНЕ ВИВЕЗЕННЯ",ЛЕГКОВИЙ,1
2014,560,560 -  ЗНЯТТЯ З ОБЛІКУ ПРИ ПОВЕРНЕННІ ІЗ ПОЇЗДКИ ЗА КОРДОН ПО ДОРУЧ.,АВТОБУС,341
2014,560,560 -  ЗНЯТТЯ З ОБЛІКУ ПРИ ПОВЕРНЕННІ ІЗ ПОЇЗДКИ ЗА КОРДОН ПО ДОРУЧ.,ВАНТАЖНИЙ,1663
2014,560,560 -  ЗНЯТТЯ З ОБЛІКУ ПРИ ПОВЕРНЕННІ ІЗ ПОЇЗДКИ ЗА КОРДОН ПО ДОРУЧ.,ЛЕГКОВИЙ,3322
2014,560,560 -  ЗНЯТТЯ З ОБЛІКУ ПРИ ПОВЕРНЕННІ ІЗ ПОЇЗДКИ ЗА КОРДОН ПО ДОРУЧ.,МОТОЦИКЛ,14
2014,560,560 -  ЗНЯТТЯ З ОБЛІКУ ПРИ ПОВЕРНЕННІ ІЗ ПОЇЗДКИ ЗА КОРДОН ПО ДОРУЧ.,НАПІВПРИЧІП,939
2014,560,560 -  ЗНЯТТЯ З ОБЛІКУ ПРИ ПОВЕРНЕННІ ІЗ ПОЇЗДКИ ЗА КОРДОН ПО ДОРУЧ.,ПРИЧІП,167
2014,560,560 -  ЗНЯТТЯ З ОБЛІКУ ПРИ ПОВЕРНЕННІ ІЗ ПОЇЗДКИ ЗА КОРДОН ПО ДОРУЧ.,СПЕЦІАЛІЗОВАНІ,1
2014,560,560 - ЗНЯТТЯ З ОБЛІКУ ПРИ ПОВЕРНЕННІ ІЗ ПОЇЗДКИ ЗА КОРДОН ПО ДОРУЧ.,ЛЕГКОВИЙ,1
2014,561,561 -  ЗНЯТТЯ З ОБЛIКУ ПРИ ЗАКIНЧЕННI ТЕРМIНУ ДОРУЧЕННЯ,ВАНТАЖНИЙ,4
2014,561,561 -  ЗНЯТТЯ З ОБЛIКУ ПРИ ЗАКIНЧЕННI ТЕРМIНУ ДОРУЧЕННЯ,ЛЕГКОВИЙ,1
2014,570,570 - ЗНЯТТЯ З ОБЛІКУ У ЗВ`ЯЗКУ ЗI ЗМIНОЮ ДЕРЖАВНОГО ОРГАНУ РЕЄСТРАЦІЇ,ЛЕГКОВИЙ,1
2014,570,570 - ЗНЯТТЯ З ОБЛІКУ У ЗВ`ЯЗКУ ЗI ЗМIНОЮ ОРГАНУ РЕЄСТРАЦІЇ,АВТОБУС,3
2014,570,570 - ЗНЯТТЯ З ОБЛІКУ У ЗВ`ЯЗКУ ЗI ЗМIНОЮ ОРГАНУ РЕЄСТРАЦІЇ,ВАНТАЖНИЙ,49
2014,570,570 - ЗНЯТТЯ З ОБЛІКУ У ЗВ`ЯЗКУ ЗI ЗМIНОЮ ОРГАНУ РЕЄСТРАЦІЇ,ЛЕГКОВИЙ,115
2014,570,570 - ЗНЯТТЯ З ОБЛІКУ У ЗВ`ЯЗКУ ЗI ЗМIНОЮ ОРГАНУ РЕЄСТРАЦІЇ,НАПІВПРИЧІП,9
2014,570,570 - ЗНЯТТЯ З ОБЛІКУ У ЗВ`ЯЗКУ ЗI ЗМIНОЮ ОРГАНУ РЕЄСТРАЦІЇ,ПРИЧІП,5
2014,570,570 - ЗНЯТТЯ З ОБЛІКУ У ЗВ`ЯЗКУ ЗI ЗМIНОЮ ОРГАНУ РЕЄСТРАЦІЇ,СПЕЦІАЛІЗОВАНІ,1
2014,580,580 - ЗНЯТТЯ З ОБЛІКУ ТЗ ДЛЯ ПОВЕРНЕННЯ ОРГАНАМ СОЦ. ЗАХИСТУ,ЛЕГКОВИЙ,36
2014,60,60 - РЕЄСТРАЦIЯ ТЗ ЗА ДОГОВОРОМ ДАРУВАННЯ,АВТОБУС,5
2014,60,60 - РЕЄСТРАЦIЯ ТЗ ЗА ДОГОВОРОМ ДАРУВАННЯ,ВАНТАЖНИЙ,19
2014,60,60 - РЕЄСТРАЦIЯ ТЗ ЗА ДОГОВОРОМ ДАРУВАННЯ,ЛЕГКОВИЙ,88
2014,60,60 - РЕЄСТРАЦIЯ ТЗ ЗА ДОГОВОРОМ ДАРУВАННЯ,МОПЕД,1
2014,60,60 - РЕЄСТРАЦIЯ ТЗ ЗА ДОГОВОРОМ ДАРУВАННЯ,МОТОЦИКЛ,1
2014,60,60 - РЕЄСТРАЦIЯ ТЗ ЗА ДОГОВОРОМ ДАРУВАННЯ,ПРИЧІП,6
2014,61,61 - РЕЄСТРАЦIЯ ТЗ ПО УСПАДКУВАННЮ ЗА ЗАПОВIТОМ,ВАНТАЖНИЙ,3
2014,61,61 - РЕЄСТРАЦIЯ ТЗ ПО УСПАДКУВАННЮ ЗА ЗАПОВIТОМ,ЛЕГКОВИЙ,57
2014,61,61 - РЕЄСТРАЦIЯ ТЗ ПО УСПАДКУВАННЮ ЗА ЗАПОВIТОМ,МОТОЦИКЛ,1
2014,61,61 - РЕЄСТРАЦIЯ ТЗ ПО УСПАДКУВАННЮ ЗА ЗАПОВIТОМ,ПРИЧІП,2
2014,62,62 - РЕЄСТРАЦIЯ ТЗ ПО УСПАДКУВАННЮ ЗА ЗАКОНОМ,АВТОБУС,14
2014,62,62 - РЕЄСТРАЦIЯ ТЗ ПО УСПАДКУВАННЮ ЗА ЗАКОНОМ,ВАНТАЖНИЙ,39
2014,62,62 - РЕЄСТРАЦIЯ ТЗ ПО УСПАДКУВАННЮ ЗА ЗАКОНОМ,ЛЕГКОВИЙ,499
2014,62,62 - РЕЄСТРАЦIЯ ТЗ ПО УСПАДКУВАННЮ ЗА ЗАКОНОМ,МОТОЦИКЛ,13
2014,62,62 - РЕЄСТРАЦIЯ ТЗ ПО УСПАДКУВАННЮ ЗА ЗАКОНОМ,НАПІВПРИЧІП,1
2014,62,62 - РЕЄСТРАЦIЯ ТЗ ПО УСПАДКУВАННЮ ЗА ЗАКОНОМ,ПРИЧІП,25
2014,63,63 - РЕЄСТРАЦIЯ ТЗ У ЗВ`ЯЗКУ З ПЕРЕДАЧЕЮ ДО СТАТУТНОГО ФОНДУ,АВТОБУС,38
2014,63,63 - РЕЄСТРАЦIЯ ТЗ У ЗВ`ЯЗКУ З ПЕРЕДАЧЕЮ ДО СТАТУТНОГО ФОНДУ,ВАНТАЖНИЙ,165
2014,63,63 - РЕЄСТРАЦIЯ ТЗ У ЗВ`ЯЗКУ З ПЕРЕДАЧЕЮ ДО СТАТУТНОГО ФОНДУ,ЛЕГКОВИЙ,44
2014,63,63 - РЕЄСТРАЦIЯ ТЗ У ЗВ`ЯЗКУ З ПЕРЕДАЧЕЮ ДО СТАТУТНОГО ФОНДУ,НАПІВПРИЧІП,45
2014,63,63 - РЕЄСТРАЦIЯ ТЗ У ЗВ`ЯЗКУ З ПЕРЕДАЧЕЮ ДО СТАТУТНОГО ФОНДУ,ПРИЧІП,17
2014,64,64 - РЕЄСТРАЦІЯ КОНФІСКОВАНОГО ТЗ,ВАНТАЖНИЙ,4
2014,64,64 - РЕЄСТРАЦІЯ КОНФІСКОВАНОГО ТЗ,ЛЕГКОВИЙ,37
2014,64,64 - РЕЄСТРАЦІЯ КОНФІСКОВАНОГО ТЗ,МОТОЦИКЛ,2
2014,65,65 -  РЕЄСТРАЦIЯ ТЗ ЗА РІШЕННЯМ СУДУ,ЛЕГКОВИЙ,1
2014,65,65 - РЕЄСТРАЦIЯ ТЗ ЗА РІШЕННЯМ СУДУ,АВТОБУС,7
2014,65,65 - РЕЄСТРАЦIЯ ТЗ ЗА РІШЕННЯМ СУДУ,ВАНТАЖНИЙ,58
2014,65,65 - РЕЄСТРАЦIЯ ТЗ ЗА РІШЕННЯМ СУДУ,КВАДРОЦИКЛ,1
2014,65,65 - РЕЄСТРАЦIЯ ТЗ ЗА РІШЕННЯМ СУДУ,ЛЕГКОВИЙ,101
2014,65,65 - РЕЄСТРАЦIЯ ТЗ ЗА РІШЕННЯМ СУДУ,МОТОЦИКЛ,5
2014,65,65 - РЕЄСТРАЦIЯ ТЗ ЗА РІШЕННЯМ СУДУ,НАПІВПРИЧІП,1
2014,65,65 - РЕЄСТРАЦIЯ ТЗ ЗА РІШЕННЯМ СУДУ,ПРИЧІП,13
2014,69,69 -  РЕЄСТРАЦІЯ ТЗ ПО АКТУ ПРИЙОМУ-ПЕРЕДАЧІ,ВАНТАЖНИЙ,3
2014,69,69 -  РЕЄСТРАЦІЯ ТЗ ПО АКТУ ПРИЙОМУ-ПЕРЕДАЧІ,ЛЕГКОВИЙ,1
2014,69,69 - РЕЄСТРАЦІЯ ТЗ ПО АКТУ ПРИЙОМУ-ПЕРЕДАЧІ,АВТОБУС,535
2014,69,69 - РЕЄСТРАЦІЯ ТЗ ПО АКТУ ПРИЙОМУ-ПЕРЕДАЧІ,ВАНТАЖНИЙ,1024
2014,69,69 - РЕЄСТРАЦІЯ ТЗ ПО АКТУ ПРИЙОМУ-ПЕРЕДАЧІ,ЛЕГКОВИЙ,3767
2014,69,69 - РЕЄСТРАЦІЯ ТЗ ПО АКТУ ПРИЙОМУ-ПЕРЕДАЧІ,МОПЕД,9
2014,69,69 - РЕЄСТРАЦІЯ ТЗ ПО АКТУ ПРИЙОМУ-ПЕРЕДАЧІ,МОТОЦИКЛ,78
2014,69,69 - РЕЄСТРАЦІЯ ТЗ ПО АКТУ ПРИЙОМУ-ПЕРЕДАЧІ,НАПІВПРИЧІП,144
2014,69,69 - РЕЄСТРАЦІЯ ТЗ ПО АКТУ ПРИЙОМУ-ПЕРЕДАЧІ,ПРИЧІП,13302
2014,69,69 - РЕЄСТРАЦІЯ ТЗ ПО АКТУ ПРИЙОМУ-ПЕРЕДАЧІ,СПЕЦІАЛІЗОВАНІ,15
2014,70,70 -  РЕЄСТРАЦIЯ ТЗ ПРИВЕЗЕНОГО З-ЗА КОРДОНУ ПО ВМД,ВАНТАЖНИЙ,1
2014,70,70 -  РЕЄСТРАЦIЯ ТЗ ПРИВЕЗЕНОГО З-ЗА КОРДОНУ ПО ВМД,ЛЕГКОВИЙ,3
2014,70,70 - РЕЄСТРАЦIЯ ТЗ ПРИВЕЗЕНОГО З-ЗА КОРДОНУ,АВТОБУС,129
2014,70,70 - РЕЄСТРАЦIЯ ТЗ ПРИВЕЗЕНОГО З-ЗА КОРДОНУ,ВАНТАЖНИЙ,3129
2014,70,70 - РЕЄСТРАЦIЯ ТЗ ПРИВЕЗЕНОГО З-ЗА КОРДОНУ,ЛЕГКОВИЙ,1047
2014,70,70 - РЕЄСТРАЦIЯ ТЗ ПРИВЕЗЕНОГО З-ЗА КОРДОНУ,МОПЕД,3
2014,70,70 - РЕЄСТРАЦIЯ ТЗ ПРИВЕЗЕНОГО З-ЗА КОРДОНУ,МОТОЦИКЛ,212
2014,70,70 - РЕЄСТРАЦIЯ ТЗ ПРИВЕЗЕНОГО З-ЗА КОРДОНУ,НАПІВПРИЧІП,179
2014,70,70 - РЕЄСТРАЦIЯ ТЗ ПРИВЕЗЕНОГО З-ЗА КОРДОНУ,ПРИЧІП,88
2014,70,70 - РЕЄСТРАЦIЯ ТЗ ПРИВЕЗЕНОГО З-ЗА КОРДОНУ,ТРИЦИКЛ,11
2014,70,70 - РЕЄСТРАЦIЯ ТЗ ПРИВЕЗЕНОГО З-ЗА КОРДОНУ ПО ВМД,АВТОБУС,530
2014,70,70 - РЕЄСТРАЦIЯ ТЗ ПРИВЕЗЕНОГО З-ЗА КОРДОНУ ПО ВМД,ВАНТАЖНИЙ,45743
2014,70,70 - РЕЄСТРАЦIЯ ТЗ ПРИВЕЗЕНОГО З-ЗА КОРДОНУ ПО ВМД,КВАДРОЦИКЛ,13
2014,70,70 - РЕЄСТРАЦIЯ ТЗ ПРИВЕЗЕНОГО З-ЗА КОРДОНУ ПО ВМД,ЛЕГКОВИЙ,13878
2014,70,70 - РЕЄСТРАЦIЯ ТЗ ПРИВЕЗЕНОГО З-ЗА КОРДОНУ ПО ВМД,МОПЕД,192
2014,70,70 - РЕЄСТРАЦIЯ ТЗ ПРИВЕЗЕНОГО З-ЗА КОРДОНУ ПО ВМД,МОТОЦИКЛ,4664
2014,70,70 - РЕЄСТРАЦIЯ ТЗ ПРИВЕЗЕНОГО З-ЗА КОРДОНУ ПО ВМД,НАПІВПРИЧІП,1696
2014,70,70 - РЕЄСТРАЦIЯ ТЗ ПРИВЕЗЕНОГО З-ЗА КОРДОНУ ПО ВМД,ПРИЧІП,929
2014,70,70 - РЕЄСТРАЦIЯ ТЗ ПРИВЕЗЕНОГО З-ЗА КОРДОНУ ПО ВМД,ТРИЦИКЛ,31
2014,71,71 - РЕЄСТРАЦІЯ ТЗ ПРИВЕЗЕНОГО З-ЗА КОРДОНУ ПО ПОСВІДЧЕННЮ МИТНИЦІ,АВТОБУС,16
2014,71,71 - РЕЄСТРАЦІЯ ТЗ ПРИВЕЗЕНОГО З-ЗА КОРДОНУ ПО ПОСВІДЧЕННЮ МИТНИЦІ,ВАНТАЖНИЙ,6053
2014,71,71 - РЕЄСТРАЦІЯ ТЗ ПРИВЕЗЕНОГО З-ЗА КОРДОНУ ПО ПОСВІДЧЕННЮ МИТНИЦІ,ЛЕГКОВИЙ,280
2014,71,71 - РЕЄСТРАЦІЯ ТЗ ПРИВЕЗЕНОГО З-ЗА КОРДОНУ ПО ПОСВІДЧЕННЮ МИТНИЦІ,МОПЕД,3
2014,71,71 - РЕЄСТРАЦІЯ ТЗ ПРИВЕЗЕНОГО З-ЗА КОРДОНУ ПО ПОСВІДЧЕННЮ МИТНИЦІ,МОТОЦИКЛ,62
2014,71,71 - РЕЄСТРАЦІЯ ТЗ ПРИВЕЗЕНОГО З-ЗА КОРДОНУ ПО ПОСВІДЧЕННЮ МИТНИЦІ,НАПІВПРИЧІП,34
2014,71,71 - РЕЄСТРАЦІЯ ТЗ ПРИВЕЗЕНОГО З-ЗА КОРДОНУ ПО ПОСВІДЧЕННЮ МИТНИЦІ,ПРИЧІП,76
2014,80,80 - РЕЄСТРАЦIЯ ТЗ ПРИДБАНОГО НА АУКЦІОНІ ТОВАР. БIРЖI,АВТОБУС,37
2014,80,80 - РЕЄСТРАЦIЯ ТЗ ПРИДБАНОГО НА АУКЦІОНІ ТОВАР. БIРЖI,ВАНТАЖНИЙ,384
2014,80,80 - РЕЄСТРАЦIЯ ТЗ ПРИДБАНОГО НА АУКЦІОНІ ТОВАР. БIРЖI,ЛЕГКОВИЙ,1371
2014,80,80 - РЕЄСТРАЦIЯ ТЗ ПРИДБАНОГО НА АУКЦІОНІ ТОВАР. БIРЖI,МОТОЦИКЛ,12
2014,80,80 - РЕЄСТРАЦIЯ ТЗ ПРИДБАНОГО НА АУКЦІОНІ ТОВАР. БIРЖI,НАПІВПРИЧІП,30
2014,80,80 - РЕЄСТРАЦIЯ ТЗ ПРИДБАНОГО НА АУКЦІОНІ ТОВАР. БIРЖI,ПРИЧІП,52
2014,90,90 - РЕЄСТРАЦIЯ ТЗ ПРИДБАНОГО З ФОНДІВ МІН. ОБОРОНИ,ВАНТАЖНИЙ,370
2014,90,90 - РЕЄСТРАЦIЯ ТЗ ПРИДБАНОГО З ФОНДІВ МІН. ОБОРОНИ,ЛЕГКОВИЙ,40
2014,90,90 - РЕЄСТРАЦIЯ ТЗ ПРИДБАНОГО З ФОНДІВ МІН. ОБОРОНИ,МОТОЦИКЛ,7
2014,90,90 - РЕЄСТРАЦIЯ ТЗ ПРИДБАНОГО З ФОНДІВ МІН. ОБОРОНИ,НАПІВПРИЧІП,21
2014,90,90 - РЕЄСТРАЦIЯ ТЗ ПРИДБАНОГО З ФОНДІВ МІН. ОБОРОНИ,ПРИЧІП,58
2015,100,"100 - ПЕРВИННА РЕЄСТРАЦIЯ ТЗ ПРИДБАНОГО В ТОРГІВЕЛЬНІЙ ОРГАНІЗАЦІЇ, УСТАНОВИ",АВТОБУС,314
2015,100,"100 - ПЕРВИННА РЕЄСТРАЦIЯ ТЗ ПРИДБАНОГО В ТОРГІВЕЛЬНІЙ ОРГАНІЗАЦІЇ, УСТАНОВИ",ВАНТАЖНИЙ,6383
2015,100,"100 - ПЕРВИННА РЕЄСТРАЦIЯ ТЗ ПРИДБАНОГО В ТОРГІВЕЛЬНІЙ ОРГАНІЗАЦІЇ, УСТАНОВИ",КВАДРОЦИКЛ,49
2015,100,"100 - ПЕРВИННА РЕЄСТРАЦIЯ ТЗ ПРИДБАНОГО В ТОРГІВЕЛЬНІЙ ОРГАНІЗАЦІЇ, УСТАНОВИ",ЛЕГКОВИЙ,24488
2015,100,"100 - ПЕРВИННА РЕЄСТРАЦIЯ ТЗ ПРИДБАНОГО В ТОРГІВЕЛЬНІЙ ОРГАНІЗАЦІЇ, УСТАНОВИ",МОПЕД,263
2015,100,"100 - ПЕРВИННА РЕЄСТРАЦIЯ ТЗ ПРИДБАНОГО В ТОРГІВЕЛЬНІЙ ОРГАНІЗАЦІЇ, УСТАНОВИ",МОТОЦИКЛ,7682
2015,100,"100 - ПЕРВИННА РЕЄСТРАЦIЯ ТЗ ПРИДБАНОГО В ТОРГІВЕЛЬНІЙ ОРГАНІЗАЦІЇ, УСТАНОВИ",НАПІВПРИЧІП,988
2015,100,"100 - ПЕРВИННА РЕЄСТРАЦIЯ ТЗ ПРИДБАНОГО В ТОРГІВЕЛЬНІЙ ОРГАНІЗАЦІЇ, УСТАНОВИ",ПРИЧІП,5847
2015,100,"100 - ПЕРВИННА РЕЄСТРАЦIЯ ТЗ ПРИДБАНОГО В ТОРГІВЕЛЬНІЙ ОРГАНІЗАЦІЇ, УСТАНОВИ",ТРИЦИКЛ,60
2015,100,"100 - ПЕРВИННА РЕЄСТРАЦIЯ ТЗ ПРИДБАНОГО В ТОРГІВЕЛЬНІЙ ОРГАНІЗАЦІЇ, ЯКИЙ ВВЕЗЕНО З-ЗА КОРД",АВТОБУС,276
2015,100,"100 - ПЕРВИННА РЕЄСТРАЦIЯ ТЗ ПРИДБАНОГО В ТОРГІВЕЛЬНІЙ ОРГАНІЗАЦІЇ, ЯКИЙ ВВЕЗЕНО З-ЗА КОРД",ВАНТАЖНИЙ,6057
2015,100,"100 - ПЕРВИННА РЕЄСТРАЦIЯ ТЗ ПРИДБАНОГО В ТОРГІВЕЛЬНІЙ ОРГАНІЗАЦІЇ, ЯКИЙ ВВЕЗЕНО З-ЗА КОРД",КВАДРОЦИКЛ,25
2015,100,"100 - ПЕРВИННА РЕЄСТРАЦIЯ ТЗ ПРИДБАНОГО В ТОРГІВЕЛЬНІЙ ОРГАНІЗАЦІЇ, ЯКИЙ ВВЕЗЕНО З-ЗА КОРД",ЛЕГКОВИЙ,20534
2015,100,"100 - ПЕРВИННА РЕЄСТРАЦIЯ ТЗ ПРИДБАНОГО В ТОРГІВЕЛЬНІЙ ОРГАНІЗАЦІЇ, ЯКИЙ ВВЕЗЕНО З-ЗА КОРД",МОПЕД,156
2015,100,"100 - ПЕРВИННА РЕЄСТРАЦIЯ ТЗ ПРИДБАНОГО В ТОРГІВЕЛЬНІЙ ОРГАНІЗАЦІЇ, ЯКИЙ ВВЕЗЕНО З-ЗА КОРД",МОТОЦИКЛ,3941
2015,100,"100 - ПЕРВИННА РЕЄСТРАЦIЯ ТЗ ПРИДБАНОГО В ТОРГІВЕЛЬНІЙ ОРГАНІЗАЦІЇ, ЯКИЙ ВВЕЗЕНО З-ЗА КОРД",НАПІВПРИЧІП,919
2015,100,"100 - ПЕРВИННА РЕЄСТРАЦIЯ ТЗ ПРИДБАНОГО В ТОРГІВЕЛЬНІЙ ОРГАНІЗАЦІЇ, ЯКИЙ ВВЕЗЕНО З-ЗА КОРД",ПРИЧІП,302
2015,100,"100 - ПЕРВИННА РЕЄСТРАЦIЯ ТЗ ПРИДБАНОГО В ТОРГІВЕЛЬНІЙ ОРГАНІЗАЦІЇ, ЯКИЙ ВВЕЗЕНО З-ЗА КОРД",ТРИЦИКЛ,49
2015,101,101 - РЕЄСТРАЦIЯ ТЗ ЗА ДОГОВОРОМ ЛІЗИНГУ,АВТОБУС,56
2015,101,101 - РЕЄСТРАЦIЯ ТЗ ЗА ДОГОВОРОМ ЛІЗИНГУ,ВАНТАЖНИЙ,952
2015,101,101 - РЕЄСТРАЦIЯ ТЗ ЗА ДОГОВОРОМ ЛІЗИНГУ,ЛЕГКОВИЙ,3736
2015,101,101 - РЕЄСТРАЦIЯ ТЗ ЗА ДОГОВОРОМ ЛІЗИНГУ,НАПІВПРИЧІП,179
2015,101,101 - РЕЄСТРАЦIЯ ТЗ ЗА ДОГОВОРОМ ЛІЗИНГУ,ПРИЧІП,101
2015,11,11 - ПЕРВИННА РЕЄСТРАЦIЯ ТЗ ДЛЯ ІНШИХ ОРГ. ДЕРЖ.ВЛАСНОСТІ,ЛЕГКОВИЙ,1
2015,110,110 - РЕЄСТРАЦIЯ ТЗ ОТРИМАНОГО ЧЕРЕЗ ВIДДIЛ СОЦ. ЗАХИСТУ,ЛЕГКОВИЙ,249
2015,110,110 - РЕЄСТРАЦIЯ ТЗ ОТРИМАНОГО ЧЕРЕЗ ВIДДIЛ СОЦ. ЗАХИСТУ,МОТОЦИКЛ,1
2015,110,110 - РЕЄСТРАЦIЯ ТЗ ОТРИМАНОГО ЧЕРЕЗ ВIДДIЛ СОЦ. ЗАХИСТУ,ПРИЧІП,1
2015,13,13 -  ВИПРАВЛЕННЯ VIN-КОДУ (ПІСЛЯ ВИПРАВЛЕННЯ КАРТКУ ВИДАЛИТИ),АВТОБУС,2
2015,13,13 -  ВИПРАВЛЕННЯ VIN-КОДУ (ПІСЛЯ ВИПРАВЛЕННЯ КАРТКУ ВИДАЛИТИ),ВАНТАЖНИЙ,12
2015,13,13 -  ВИПРАВЛЕННЯ VIN-КОДУ (ПІСЛЯ ВИПРАВЛЕННЯ КАРТКУ ВИДАЛИТИ),ЛЕГКОВИЙ,73
2015,13,13 -  ВИПРАВЛЕННЯ VIN-КОДУ (ПІСЛЯ ВИПРАВЛЕННЯ КАРТКУ ВИДАЛИТИ),НАПІВПРИЧІП,1
2015,130,130 - РЕЄСТРАЦIЯ ТЗ У ЗВ`ЯЗКУ З ПРИЇЗДОМ НА ПМЖ,ВАНТАЖНИЙ,7
2015,130,130 - РЕЄСТРАЦIЯ ТЗ У ЗВ`ЯЗКУ З ПРИЇЗДОМ НА ПМЖ,ЛЕГКОВИЙ,194
2015,130,130 - РЕЄСТРАЦIЯ ТЗ У ЗВ`ЯЗКУ З ПРИЇЗДОМ НА ПМЖ,ПРИЧІП,1
2015,131,131 - РЕЄСТРАЦІЯ ТЗ У ЗВ'ЯЗКУ З ПРИЇЗДОМ НА ПМП В МЕЖАХ УКРАЇНИ,ВАНТАЖНИЙ,1
2015,131,131 - РЕЄСТРАЦІЯ ТЗ У ЗВ'ЯЗКУ З ПРИЇЗДОМ НА ПМП В МЕЖАХ УКРАЇНИ,ЛЕГКОВИЙ,22
2015,140,140 - ВТОРИННА РЕЄСТРАЦIЯ ТЗ У ЗВ`ЯЗКУ З НЕПРОДАЖЕМ,ВАНТАЖНИЙ,2
2015,140,140 - ВТОРИННА РЕЄСТРАЦIЯ ТЗ У ЗВ`ЯЗКУ З НЕПРОДАЖЕМ,ЛЕГКОВИЙ,5
2015,140,140 - ВТОРИННА РЕЄСТРАЦIЯ ТЗ У ЗВ`ЯЗКУ З НЕПРОДАЖЕМ,ПРИЧІП,1
2015,140,140 - РЕЄСТРАЦIЯ ТЗ У ЗВ`ЯЗКУ З НЕПРОДАЖЕМ,АВТОБУС,49
2015,140,140 - РЕЄСТРАЦIЯ ТЗ У ЗВ`ЯЗКУ З НЕПРОДАЖЕМ,ВАНТАЖНИЙ,434
2015,140,140 - РЕЄСТРАЦIЯ ТЗ У ЗВ`ЯЗКУ З НЕПРОДАЖЕМ,ЛЕГКОВИЙ,1754
2015,140,140 - РЕЄСТРАЦIЯ ТЗ У ЗВ`ЯЗКУ З НЕПРОДАЖЕМ,МОПЕД,4
2015,140,140 - РЕЄСТРАЦIЯ ТЗ У ЗВ`ЯЗКУ З НЕПРОДАЖЕМ,МОТОЦИКЛ,22
2015,140,140 - РЕЄСТРАЦIЯ ТЗ У ЗВ`ЯЗКУ З НЕПРОДАЖЕМ,НАПІВПРИЧІП,92
2015,140,140 - РЕЄСТРАЦIЯ ТЗ У ЗВ`ЯЗКУ З НЕПРОДАЖЕМ,ПРИЧІП,92
2015,140,140 - РЕЄСТРАЦIЯ ТЗ У ЗВ`ЯЗКУ З НЕПРОДАЖЕМ,ТРИЦИКЛ,1
2015,141,141 - РЕЄСТРАЦIЯ ТЗ ПIСЛЯ ВIДМIНИ ЇЇ АНУЛЮВАННЯ,ВАНТАЖНИЙ,16
2015,141,141 - РЕЄСТРАЦIЯ ТЗ ПIСЛЯ ВIДМIНИ ЇЇ АНУЛЮВАННЯ,ЛЕГКОВИЙ,73
2015,141,141 - РЕЄСТРАЦIЯ ТЗ ПIСЛЯ ВIДМIНИ ЇЇ АНУЛЮВАННЯ,НАПІВПРИЧІП,9
2015,143,143 - ПОНОВЛЕННЯ РЕЄСТР. ПІСЛЯ УМОВН. ЗНЯТТЯ З ОБЛ. З НЕПР. ТО,ВАНТАЖНИЙ,1
2015,143,143 - ПОНОВЛЕННЯ РЕЄСТР. ПІСЛЯ УМОВН. ЗНЯТТЯ З ОБЛ. З НЕПР. ТО,ЛЕГКОВИЙ,9
2015,143,143 - ПОНОВЛЕННЯ РЕЄСТР. ПІСЛЯ УМОВН. ЗНЯТТЯ З ОБЛ. З НЕПР. ТО,МОТОЦИКЛ,1
2015,150,150 - РЕЄСТРАЦIЯ ТЗ САМОСТIЙНО СКЛАДЕНОГО,МОТОЦИКЛ,1
2015,150,150 - РЕЄСТРАЦIЯ ТЗ САМОСТIЙНО СКЛАДЕНОГО,ПРИЧІП,12
2015,151,151 - РЕЄСТРАЦІЯ ТЗ У ЗВ'ЯЗКУ ЗІ ЗМІНОЮ МІСЦЯ СТОЯНКИ,АВТОБУС,3
2015,151,151 - РЕЄСТРАЦІЯ ТЗ У ЗВ'ЯЗКУ ЗІ ЗМІНОЮ МІСЦЯ СТОЯНКИ,ВАНТАЖНИЙ,8
2015,151,151 - РЕЄСТРАЦІЯ ТЗ У ЗВ'ЯЗКУ ЗІ ЗМІНОЮ МІСЦЯ СТОЯНКИ,ЛЕГКОВИЙ,10
2015,16,16 - ВНЕСЕННЯ КАРТКИ ТЗ (ПІСЛЯ ВИВЕЗЕННЯ ЗА КОРДОН ТА ПОВТОРНОГО ВВЕЗЕННЯ),НАПІВПРИЧІП,2
2015,20,20 - ПЕРВИННА РЕЄСТРАЦIЯ ТЗ ДЛЯ НЕДЕРЖ. ОРГАНIЗАЦIЇ,ЛЕГКОВИЙ,2
2015,210,210 -  ВИДАЧА ТИМЧАСОВОГО ТАЛОНУ ЗА ЗАЯВОЮ ВЛАСНИКА ДЛЯ РЕЄСТРАЦІЇ У ТОМУ ЧИСЛІ ПРИ УТОЧНЕ,АВТОБУС,1
2015,210,210 -  ВИДАЧА ТИМЧАСОВОГО ТАЛОНУ ЗА ЗАЯВОЮ ВЛАСНИКА ДЛЯ РЕЄСТРАЦІЇ У ТОМУ ЧИСЛІ ПРИ УТОЧНЕ,ВАНТАЖНИЙ,2
2015,210,210 -  ВИДАЧА ТИМЧАСОВОГО ТАЛОНУ ЗА ЗАЯВОЮ ВЛАСНИКА ДЛЯ РЕЄСТРАЦІЇ У ТОМУ ЧИСЛІ ПРИ УТОЧНЕ,ЛЕГКОВИЙ,8
2015,210,210 -  ВИДАЧА ТИМЧАСОВОГО ТАЛОНУ ЗА ЗАЯВОЮ ВЛАСНИКА ДЛЯ РЕЄСТРАЦІЇ У ТОМУ ЧИСЛІ ПРИ УТОЧНЕ,МОТОЦИКЛ,2
2015,210,210 -  ВИДАЧА ТИМЧАСОВОГО ТАЛОНУ ЗА ЗАЯВОЮ ВЛАСНИКА ДЛЯ РЕЄСТРАЦІЇ У ТОМУ ЧИСЛІ ПРИ УТОЧНЕ,ПРИЧІП,1
2015,210,210 - ВИДАЧА ТИМЧАСОВОГО ТАЛОНУ ЗА ЗАЯВОЮ ВЛАСНИКА ДЛЯ РЕЄСТРАЦІЇ У ТОМУ ЧИСЛІ ПРИ УТОЧНЕН,АВТОБУС,77
2015,210,210 - ВИДАЧА ТИМЧАСОВОГО ТАЛОНУ ЗА ЗАЯВОЮ ВЛАСНИКА ДЛЯ РЕЄСТРАЦІЇ У ТОМУ ЧИСЛІ ПРИ УТОЧНЕН,ВАНТАЖНИЙ,937
2015,210,210 - ВИДАЧА ТИМЧАСОВОГО ТАЛОНУ ЗА ЗАЯВОЮ ВЛАСНИКА ДЛЯ РЕЄСТРАЦІЇ У ТОМУ ЧИСЛІ ПРИ УТОЧНЕН,КВАДРОЦИКЛ,1
2015,210,210 - ВИДАЧА ТИМЧАСОВОГО ТАЛОНУ ЗА ЗАЯВОЮ ВЛАСНИКА ДЛЯ РЕЄСТРАЦІЇ У ТОМУ ЧИСЛІ ПРИ УТОЧНЕН,ЛЕГКОВИЙ,4105
2015,210,210 - ВИДАЧА ТИМЧАСОВОГО ТАЛОНУ ЗА ЗАЯВОЮ ВЛАСНИКА ДЛЯ РЕЄСТРАЦІЇ У ТОМУ ЧИСЛІ ПРИ УТОЧНЕН,МОПЕД,75
2015,210,210 - ВИДАЧА ТИМЧАСОВОГО ТАЛОНУ ЗА ЗАЯВОЮ ВЛАСНИКА ДЛЯ РЕЄСТРАЦІЇ У ТОМУ ЧИСЛІ ПРИ УТОЧНЕН,МОТОЦИКЛ,282
2015,210,210 - ВИДАЧА ТИМЧАСОВОГО ТАЛОНУ ЗА ЗАЯВОЮ ВЛАСНИКА ДЛЯ РЕЄСТРАЦІЇ У ТОМУ ЧИСЛІ ПРИ УТОЧНЕН,НАПІВПРИЧІП,95
2015,210,210 - ВИДАЧА ТИМЧАСОВОГО ТАЛОНУ ЗА ЗАЯВОЮ ВЛАСНИКА ДЛЯ РЕЄСТРАЦІЇ У ТОМУ ЧИСЛІ ПРИ УТОЧНЕН,ПРИЧІП,629
2015,210,210 - ВИДАЧА ТИМЧАСОВОГО ТАЛОНУ ЗА ЗАЯВОЮ ВЛАСНИКА ДЛЯ РЕЄСТРАЦІЇ У ТОМУ ЧИСЛІ ПРИ УТОЧНЕН,ТРИЦИКЛ,1
2015,212,212 - ВИДАЧА ТИМЧАСОВОГО ТАЛОНА ЗА ЗАЯВОЮ ВЛАСНИКА ДЛЯ ПЕРЕРЕЄСТРАЦІЇ У ТОМУ ЧИСЛІ ПРИ УТО,АВТОБУС,111
2015,212,212 - ВИДАЧА ТИМЧАСОВОГО ТАЛОНА ЗА ЗАЯВОЮ ВЛАСНИКА ДЛЯ ПЕРЕРЕЄСТРАЦІЇ У ТОМУ ЧИСЛІ ПРИ УТО,ВАНТАЖНИЙ,992
2015,212,212 - ВИДАЧА ТИМЧАСОВОГО ТАЛОНА ЗА ЗАЯВОЮ ВЛАСНИКА ДЛЯ ПЕРЕРЕЄСТРАЦІЇ У ТОМУ ЧИСЛІ ПРИ УТО,ЛЕГКОВИЙ,7703
2015,212,212 - ВИДАЧА ТИМЧАСОВОГО ТАЛОНА ЗА ЗАЯВОЮ ВЛАСНИКА ДЛЯ ПЕРЕРЕЄСТРАЦІЇ У ТОМУ ЧИСЛІ ПРИ УТО,МОПЕД,125
2015,212,212 - ВИДАЧА ТИМЧАСОВОГО ТАЛОНА ЗА ЗАЯВОЮ ВЛАСНИКА ДЛЯ ПЕРЕРЕЄСТРАЦІЇ У ТОМУ ЧИСЛІ ПРИ УТО,МОТОЦИКЛ,60
2015,212,212 - ВИДАЧА ТИМЧАСОВОГО ТАЛОНА ЗА ЗАЯВОЮ ВЛАСНИКА ДЛЯ ПЕРЕРЕЄСТРАЦІЇ У ТОМУ ЧИСЛІ ПРИ УТО,НАПІВПРИЧІП,108
2015,212,212 - ВИДАЧА ТИМЧАСОВОГО ТАЛОНА ЗА ЗАЯВОЮ ВЛАСНИКА ДЛЯ ПЕРЕРЕЄСТРАЦІЇ У ТОМУ ЧИСЛІ ПРИ УТО,ПРИЧІП,92
2015,220,220 - ВИДАЧА ТИМЧАСОВОГО ТАЛОНУ ПРИ ЗОБОВ'ЯЗАННІ ПРО ЗВОРОТНЕ ВИВЕЗЕННЯ,ЛЕГКОВИЙ,5
2015,221,"221 - РЕЄСТРАЦІЮ ТЗ,ВВЕЗЕНОГО ПІД ЗОБОВ'ЯЗАННЯ ПРО ЗВОРОТНЕ ВИВЕЗЕННЯ",АВТОБУС,1
2015,221,"221 - РЕЄСТРАЦІЮ ТЗ,ВВЕЗЕНОГО ПІД ЗОБОВ'ЯЗАННЯ ПРО ЗВОРОТНЕ ВИВЕЗЕННЯ",ВАНТАЖНИЙ,160
2015,221,"221 - РЕЄСТРАЦІЮ ТЗ,ВВЕЗЕНОГО ПІД ЗОБОВ'ЯЗАННЯ ПРО ЗВОРОТНЕ ВИВЕЗЕННЯ",ЛЕГКОВИЙ,817
2015,221,"221 - РЕЄСТРАЦІЮ ТЗ,ВВЕЗЕНОГО ПІД ЗОБОВ'ЯЗАННЯ ПРО ЗВОРОТНЕ ВИВЕЗЕННЯ",МОТОЦИКЛ,3
2015,221,"221 - РЕЄСТРАЦІЮ ТЗ,ВВЕЗЕНОГО ПІД ЗОБОВ'ЯЗАННЯ ПРО ЗВОРОТНЕ ВИВЕЗЕННЯ",НАПІВПРИЧІП,9
2015,221,"221 - РЕЄСТРАЦІЮ ТЗ,ВВЕЗЕНОГО ПІД ЗОБОВ'ЯЗАННЯ ПРО ЗВОРОТНЕ ВИВЕЗЕННЯ",ПРИЧІП,2
2015,230,230 -  ВИДАЧА СВ. ПРО РЕЄСТР ДЛЯ ПОЇЗДКИ ЗА КОРДОН,АВТОБУС,759
2015,230,230 -  ВИДАЧА СВ. ПРО РЕЄСТР ДЛЯ ПОЇЗДКИ ЗА КОРДОН,ВАНТАЖНИЙ,3231
2015,230,230 -  ВИДАЧА СВ. ПРО РЕЄСТР ДЛЯ ПОЇЗДКИ ЗА КОРДОН,ЛЕГКОВИЙ,4318
2015,230,230 -  ВИДАЧА СВ. ПРО РЕЄСТР ДЛЯ ПОЇЗДКИ ЗА КОРДОН,МОТОЦИКЛ,29
2015,230,230 -  ВИДАЧА СВ. ПРО РЕЄСТР ДЛЯ ПОЇЗДКИ ЗА КОРДОН,НАПІВПРИЧІП,2342
2015,230,230 -  ВИДАЧА СВ. ПРО РЕЄСТР ДЛЯ ПОЇЗДКИ ЗА КОРДОН,ПРИЧІП,377
2015,230,230 -  ВИДАЧА СВ. ПРО РЕЄСТР ДЛЯ ПОЇЗДКИ ЗА КОРДОН ПО ДОРУЧ,ЛЕГКОВИЙ,1
2015,250,250 -  ВИДАЧА ТИМЧАСОВОГО РЕЄСТР ТАЛОНУ ПО ДОРУЧЕННЮ,АВТОБУС,12767
2015,250,250 -  ВИДАЧА ТИМЧАСОВОГО РЕЄСТР ТАЛОНУ ПО ДОРУЧЕННЮ,ВАНТАЖНИЙ,1694
2015,250,250 -  ВИДАЧА ТИМЧАСОВОГО РЕЄСТР ТАЛОНУ ПО ДОРУЧЕННЮ,КВАДРОЦИКЛ,3
2015,250,250 -  ВИДАЧА ТИМЧАСОВОГО РЕЄСТР ТАЛОНУ ПО ДОРУЧЕННЮ,ЛЕГКОВИЙ,3138
2015,250,250 -  ВИДАЧА ТИМЧАСОВОГО РЕЄСТР ТАЛОНУ ПО ДОРУЧЕННЮ,МОПЕД,33
2015,250,250 -  ВИДАЧА ТИМЧАСОВОГО РЕЄСТР ТАЛОНУ ПО ДОРУЧЕННЮ,МОТОЦИКЛ,107
2015,250,250 -  ВИДАЧА ТИМЧАСОВОГО РЕЄСТР ТАЛОНУ ПО ДОРУЧЕННЮ,НАПІВПРИЧІП,715
2015,250,250 -  ВИДАЧА ТИМЧАСОВОГО РЕЄСТР ТАЛОНУ ПО ДОРУЧЕННЮ,ПРИЧІП,401
2015,250,250 -  ВИДАЧА ТИМЧАСОВОГО РЕЄСТР ТАЛОНУ ПО ДОРУЧЕННЮ,ТРИЦИКЛ,2
2015,252,252 -  ВИДАЧА ТИМЧАС. РЕЄСТР. ТАЛОНУ НА ПРАВО КЕР ЗА ЗАЯВОЮ ВЛ,АВТОБУС,2053
2015,252,252 -  ВИДАЧА ТИМЧАС. РЕЄСТР. ТАЛОНУ НА ПРАВО КЕР ЗА ЗАЯВОЮ ВЛ,ВАНТАЖНИЙ,845
2015,252,252 -  ВИДАЧА ТИМЧАС. РЕЄСТР. ТАЛОНУ НА ПРАВО КЕР ЗА ЗАЯВОЮ ВЛ,КВАДРОЦИКЛ,1
2015,252,252 -  ВИДАЧА ТИМЧАС. РЕЄСТР. ТАЛОНУ НА ПРАВО КЕР ЗА ЗАЯВОЮ ВЛ,ЛЕГКОВИЙ,3549
2015,252,252 -  ВИДАЧА ТИМЧАС. РЕЄСТР. ТАЛОНУ НА ПРАВО КЕР ЗА ЗАЯВОЮ ВЛ,МОПЕД,1
2015,252,252 -  ВИДАЧА ТИМЧАС. РЕЄСТР. ТАЛОНУ НА ПРАВО КЕР ЗА ЗАЯВОЮ ВЛ,МОТОЦИКЛ,21
2015,252,252 -  ВИДАЧА ТИМЧАС. РЕЄСТР. ТАЛОНУ НА ПРАВО КЕР ЗА ЗАЯВОЮ ВЛ,НАПІВПРИЧІП,289
2015,252,252 -  ВИДАЧА ТИМЧАС. РЕЄСТР. ТАЛОНУ НА ПРАВО КЕР ЗА ЗАЯВОЮ ВЛ,ПРИЧІП,119
2015,255,255 -  АНУЛЮВАННЯ ВИДАЧI ТИМЧАС. РЕЄСТРАЦIЙНОГО ТАЛОНУ ПО ДОРУЧ,АВТОБУС,1912
2015,255,255 -  АНУЛЮВАННЯ ВИДАЧI ТИМЧАС. РЕЄСТРАЦIЙНОГО ТАЛОНУ ПО ДОРУЧ,ВАНТАЖНИЙ,181
2015,255,255 -  АНУЛЮВАННЯ ВИДАЧI ТИМЧАС. РЕЄСТРАЦIЙНОГО ТАЛОНУ ПО ДОРУЧ,ЛЕГКОВИЙ,225
2015,255,255 -  АНУЛЮВАННЯ ВИДАЧI ТИМЧАС. РЕЄСТРАЦIЙНОГО ТАЛОНУ ПО ДОРУЧ,МОТОЦИКЛ,1
2015,255,255 -  АНУЛЮВАННЯ ВИДАЧI ТИМЧАС. РЕЄСТРАЦIЙНОГО ТАЛОНУ ПО ДОРУЧ,НАПІВПРИЧІП,123
2015,255,255 -  АНУЛЮВАННЯ ВИДАЧI ТИМЧАС. РЕЄСТРАЦIЙНОГО ТАЛОНУ ПО ДОРУЧ,ПРИЧІП,22
2015,255,255 -  АНУЛЮВАННЯ ВИДАЧI ТИМЧАС. РЕЄСТРАЦIЙНОГО ТАЛОНУ ПО ДОРУЧ,ТРИЦИКЛ,1
2015,256,256 -  АНУЛЮВАННЯ ВИДАЧI ТИМЧАС. РЕЕСТР. ТАЛОНУ ПО ЗАЯВI ВЛ,АВТОБУС,193
2015,256,256 -  АНУЛЮВАННЯ ВИДАЧI ТИМЧАС. РЕЕСТР. ТАЛОНУ ПО ЗАЯВI ВЛ,ВАНТАЖНИЙ,11
2015,256,256 -  АНУЛЮВАННЯ ВИДАЧI ТИМЧАС. РЕЕСТР. ТАЛОНУ ПО ЗАЯВI ВЛ,ЛЕГКОВИЙ,116
2015,256,256 -  АНУЛЮВАННЯ ВИДАЧI ТИМЧАС. РЕЕСТР. ТАЛОНУ ПО ЗАЯВI ВЛ,МОТОЦИКЛ,1
2015,256,256 -  АНУЛЮВАННЯ ВИДАЧI ТИМЧАС. РЕЕСТР. ТАЛОНУ ПО ЗАЯВI ВЛ,НАПІВПРИЧІП,4
2015,256,256 -  АНУЛЮВАННЯ ВИДАЧI ТИМЧАС. РЕЕСТР. ТАЛОНУ ПО ЗАЯВI ВЛ,ПРИЧІП,2
2015,260,260 - ВИДАЧА ТИМЧ. РЕЄСТР. ТАЛОНУ ПРИ ВИЯВЛЕННI ТЗ ВИКР ЗА КОРД,ВАНТАЖНИЙ,1
2015,260,260 - ВИДАЧА ТИМЧ. РЕЄСТР. ТАЛОНУ ПРИ ВИЯВЛЕННI ТЗ ВИКР ЗА КОРД,ЛЕГКОВИЙ,13
2015,260,260 - ВИДАЧА ТИМЧ. РЕЄСТР. ТАЛОНУ ПРИ ВИЯВЛЕННI ТЗ ВИКР ЗА КОРД,МОПЕД,1
2015,260,260 - ВИДАЧА ТИМЧ. РЕЄСТР. ТАЛОНУ ПРИ ВИЯВЛЕННI ТЗ ВИКР ЗА КОРД,МОТОЦИКЛ,4
2015,260,260 - ВИДАЧА ТИМЧ. РЕЄСТР. ТАЛОНУ ПРИ ВИЯВЛЕННI ТЗ ВИКР ЗА КОРД,НАПІВПРИЧІП,1
2015,270,270 - ВИДАЧА ТИМЧАС. ТАЛ. ДЛЯ МОПЕДІВ БЕЗ ОБМЕЖ СТРОКУ РЕЄС.,МОПЕД,9657
2015,270,270 - ВИДАЧА ТИМЧАС. ТАЛ. ДЛЯ МОПЕДІВ БЕЗ ОБМЕЖ СТРОКУ РЕЄС.,МОТОЦИКЛ,5
2015,270,270 - ВИДАЧА ТИМЧАС. ТАЛ. ДЛЯ МОПЕДІВ БЕЗ ОБМЕЖ СТРОКУ РЕЄС.,НАПІВПРИЧІП,1
2015,30,30 - ПЕРВИННА РЕЄСТРАЦІЯ ТЗ ДЛЯ ІНДИВ. ВЛАСНИКА,ВАНТАЖНИЙ,1
2015,30,30 - ПЕРВИННА РЕЄСТРАЦІЯ ТЗ ДЛЯ ІНДИВ. ВЛАСНИКА,ЛЕГКОВИЙ,13
2015,300,300 - ПЕРЕРЕЄСТРАЦIЯ НА НОВОГО ВЛАСНИКА ЗА СВIД. НА СПIЛЬНЕ МАЙНО,АВТОБУС,5
2015,300,300 - ПЕРЕРЕЄСТРАЦIЯ НА НОВОГО ВЛАСНИКА ЗА СВIД. НА СПIЛЬНЕ МАЙНО,ВАНТАЖНИЙ,18
2015,300,300 - ПЕРЕРЕЄСТРАЦIЯ НА НОВОГО ВЛАСНИКА ЗА СВIД. НА СПIЛЬНЕ МАЙНО,ЛЕГКОВИЙ,126
2015,300,300 - ПЕРЕРЕЄСТРАЦIЯ НА НОВОГО ВЛАСНИКА ЗА СВIД. НА СПIЛЬНЕ МАЙНО,МОТОЦИКЛ,4
2015,300,300 - ПЕРЕРЕЄСТРАЦIЯ НА НОВОГО ВЛАСНИКА ЗА СВIД. НА СПIЛЬНЕ МАЙНО,НАПІВПРИЧІП,5
2015,300,300 - ПЕРЕРЕЄСТРАЦIЯ НА НОВОГО ВЛАСНИКА ЗА СВIД. НА СПIЛЬНЕ МАЙНО,ПРИЧІП,1
2015,309,309 - ПЕРЕРЕЄСТРАЦІЯ ТЗ НА НОВОГО ВЛАСНИКА ЗА ДОВІДКОЙ-РАХУНОК,АВТОБУС,4990
2015,309,309 - ПЕРЕРЕЄСТРАЦІЯ ТЗ НА НОВОГО ВЛАСНИКА ЗА ДОВІДКОЙ-РАХУНОК,ВАНТАЖНИЙ,36738
2015,309,309 - ПЕРЕРЕЄСТРАЦІЯ ТЗ НА НОВОГО ВЛАСНИКА ЗА ДОВІДКОЙ-РАХУНОК,КВАДРОЦИКЛ,3
2015,309,309 - ПЕРЕРЕЄСТРАЦІЯ ТЗ НА НОВОГО ВЛАСНИКА ЗА ДОВІДКОЙ-РАХУНОК,ЛЕГКОВИЙ,281653
2015,309,309 - ПЕРЕРЕЄСТРАЦІЯ ТЗ НА НОВОГО ВЛАСНИКА ЗА ДОВІДКОЙ-РАХУНОК,МОПЕД,83
2015,309,309 - ПЕРЕРЕЄСТРАЦІЯ ТЗ НА НОВОГО ВЛАСНИКА ЗА ДОВІДКОЙ-РАХУНОК,МОТОЦИКЛ,3615
2015,309,309 - ПЕРЕРЕЄСТРАЦІЯ ТЗ НА НОВОГО ВЛАСНИКА ЗА ДОВІДКОЙ-РАХУНОК,НАПІВПРИЧІП,4690
2015,309,309 - ПЕРЕРЕЄСТРАЦІЯ ТЗ НА НОВОГО ВЛАСНИКА ЗА ДОВІДКОЙ-РАХУНОК,ПРИЧІП,3805
2015,309,309 - ПЕРЕРЕЄСТРАЦІЯ ТЗ НА НОВОГО ВЛАСНИКА ЗА ДОВІДКОЙ-РАХУНОК,ТРИЦИКЛ,24
2015,309,309 - ПЕРЕРЕЄСТРАЦІЯ ТЗ НА НОВОГО ВЛАСНИКА ЗА ДОВІДКОЮ-РАХУНКОМ,АВТОБУС,4
2015,309,309 - ПЕРЕРЕЄСТРАЦІЯ ТЗ НА НОВОГО ВЛАСНИКА ЗА ДОВІДКОЮ-РАХУНКОМ,ВАНТАЖНИЙ,39
2015,309,309 - ПЕРЕРЕЄСТРАЦІЯ ТЗ НА НОВОГО ВЛАСНИКА ЗА ДОВІДКОЮ-РАХУНКОМ,ЛЕГКОВИЙ,642
2015,309,309 - ПЕРЕРЕЄСТРАЦІЯ ТЗ НА НОВОГО ВЛАСНИКА ЗА ДОВІДКОЮ-РАХУНКОМ,МОТОЦИКЛ,5
2015,309,309 - ПЕРЕРЕЄСТРАЦІЯ ТЗ НА НОВОГО ВЛАСНИКА ЗА ДОВІДКОЮ-РАХУНКОМ,НАПІВПРИЧІП,4
2015,309,309 - ПЕРЕРЕЄСТРАЦІЯ ТЗ НА НОВОГО ВЛАСНИКА ЗА ДОВІДКОЮ-РАХУНКОМ,ПРИЧІП,6
2015,310,310 - ПЕРЕРЕЄСТРАЦІЯ НА НОВОГО ВЛАСНИКА ЗА ДОГ. КУП.-ПРОД.(ОФОРМ.НОТАРІАЛЬНО ТА ІНШ.),АВТОБУС,2
2015,310,310 - ПЕРЕРЕЄСТРАЦІЯ НА НОВОГО ВЛАСНИКА ЗА ДОГ. КУП.-ПРОД.(ОФОРМ.НОТАРІАЛЬНО ТА ІНШ.),ВАНТАЖНИЙ,25
2015,310,310 - ПЕРЕРЕЄСТРАЦІЯ НА НОВОГО ВЛАСНИКА ЗА ДОГ. КУП.-ПРОД.(ОФОРМ.НОТАРІАЛЬНО ТА ІНШ.),ЛЕГКОВИЙ,172
2015,310,310 - ПЕРЕРЕЄСТРАЦІЯ НА НОВОГО ВЛАСНИКА ЗА ДОГ. КУП.-ПРОД.(ОФОРМ.НОТАРІАЛЬНО ТА ІНШ.),МОТОЦИКЛ,2
2015,310,310 - ПЕРЕРЕЄСТРАЦІЯ НА НОВОГО ВЛАСНИКА ЗА ДОГ. КУП.-ПРОД.(ОФОРМ.НОТАРІАЛЬНО ТА ІНШ.),НАПІВПРИЧІП,1
2015,310,310 - ПЕРЕРЕЄСТРАЦІЯ НА НОВОГО ВЛАСНИКА ЗА ДОГ. КУП.-ПРОД.(ОФОРМ.НОТАРІАЛЬНО ТА ІНШ.),ПРИЧІП,2
2015,310,310 - ПЕРЕРЕЄСТРАЦІЯ НА НОВОГО ВЛАСНИКА ЗА ДОГ. КУП.-ПРОД.ТА ІНШ.(ОФОРМ.НОТАРІАЛЬНО ),ВАНТАЖНИЙ,4
2015,310,310 - ПЕРЕРЕЄСТРАЦІЯ НА НОВОГО ВЛАСНИКА ЗА ДОГ. КУП.-ПРОД.ТА ІНШ.(ОФОРМ.НОТАРІАЛЬНО ),ЛЕГКОВИЙ,25
2015,310,310 - ПЕРЕРЕЄСТРАЦІЯ НА НОВОГО ВЛАСНИКА ЗА ДОГ. КУП.-ПРОД.ТА ІНШ.(ОФОРМ.НОТАРІАЛЬНО ),ПРИЧІП,1
2015,310,310 - ПЕРЕРЕЄСТРАЦІЯ НА НОВОГО ВЛАСНИКА ЗА ДОГ. КУПIВЛI-ПРОДАЖУ,АВТОБУС,670
2015,310,310 - ПЕРЕРЕЄСТРАЦІЯ НА НОВОГО ВЛАСНИКА ЗА ДОГ. КУПIВЛI-ПРОДАЖУ,ВАНТАЖНИЙ,4323
2015,310,310 - ПЕРЕРЕЄСТРАЦІЯ НА НОВОГО ВЛАСНИКА ЗА ДОГ. КУПIВЛI-ПРОДАЖУ,ЛЕГКОВИЙ,29008
2015,310,310 - ПЕРЕРЕЄСТРАЦІЯ НА НОВОГО ВЛАСНИКА ЗА ДОГ. КУПIВЛI-ПРОДАЖУ,МОПЕД,12
2015,310,310 - ПЕРЕРЕЄСТРАЦІЯ НА НОВОГО ВЛАСНИКА ЗА ДОГ. КУПIВЛI-ПРОДАЖУ,МОТОЦИКЛ,218
2015,310,310 - ПЕРЕРЕЄСТРАЦІЯ НА НОВОГО ВЛАСНИКА ЗА ДОГ. КУПIВЛI-ПРОДАЖУ,НАПІВПРИЧІП,521
2015,310,310 - ПЕРЕРЕЄСТРАЦІЯ НА НОВОГО ВЛАСНИКА ЗА ДОГ. КУПIВЛI-ПРОДАЖУ,ПРИЧІП,387
2015,310,310 - ПЕРЕРЕЄСТРАЦІЯ НА НОВОГО ВЛАСНИКА ЗА ДОГ. КУПIВЛI-ПРОДАЖУ,ТРИЦИКЛ,1
2015,311,311 - ПЕРЕРЕЄСТРАЦIЯ НА НОВОГО ВЛАСНИКА ЗА ДОГОВОРОМ МIНИ,АВТОБУС,24
2015,311,311 - ПЕРЕРЕЄСТРАЦIЯ НА НОВОГО ВЛАСНИКА ЗА ДОГОВОРОМ МIНИ,ВАНТАЖНИЙ,5
2015,311,311 - ПЕРЕРЕЄСТРАЦIЯ НА НОВОГО ВЛАСНИКА ЗА ДОГОВОРОМ МIНИ,ЛЕГКОВИЙ,34
2015,312,"312 - ПЕРЕРЕЄСТРАЦІЯ ТЗ НА НОВОГО ВЛАСНИКА, ОТРИМАНОГО ЧЕРЕЗ ВІДДІЛ СОЦ.ЗАХИСТУ",ЛЕГКОВИЙ,362
2015,319,319 - ПЕРЕРЕЄСТРАЦІЯ ТЗ НА НОВОГО ВЛАСНИКА ЗА АКТОМ ПРИЙОМУ-ПЕРЕДАЧІ,АВТОБУС,364
2015,319,319 - ПЕРЕРЕЄСТРАЦІЯ ТЗ НА НОВОГО ВЛАСНИКА ЗА АКТОМ ПРИЙОМУ-ПЕРЕДАЧІ,ВАНТАЖНИЙ,1282
2015,319,319 - ПЕРЕРЕЄСТРАЦІЯ ТЗ НА НОВОГО ВЛАСНИКА ЗА АКТОМ ПРИЙОМУ-ПЕРЕДАЧІ,ЛЕГКОВИЙ,3368
2015,319,319 - ПЕРЕРЕЄСТРАЦІЯ ТЗ НА НОВОГО ВЛАСНИКА ЗА АКТОМ ПРИЙОМУ-ПЕРЕДАЧІ,МОПЕД,3
2015,319,319 - ПЕРЕРЕЄСТРАЦІЯ ТЗ НА НОВОГО ВЛАСНИКА ЗА АКТОМ ПРИЙОМУ-ПЕРЕДАЧІ,МОТОЦИКЛ,39
2015,319,319 - ПЕРЕРЕЄСТРАЦІЯ ТЗ НА НОВОГО ВЛАСНИКА ЗА АКТОМ ПРИЙОМУ-ПЕРЕДАЧІ,НАПІВПРИЧІП,133
2015,319,319 - ПЕРЕРЕЄСТРАЦІЯ ТЗ НА НОВОГО ВЛАСНИКА ЗА АКТОМ ПРИЙОМУ-ПЕРЕДАЧІ,ПРИЧІП,150
2015,320,320 - ПЕРЕРЕЄСТРАЦIЯ НА НОВ. ВЛАС. ЗА ДОГ. ДАРУВАННЯ,АВТОБУС,34
2015,320,320 - ПЕРЕРЕЄСТРАЦIЯ НА НОВ. ВЛАС. ЗА ДОГ. ДАРУВАННЯ,ВАНТАЖНИЙ,119
2015,320,320 - ПЕРЕРЕЄСТРАЦIЯ НА НОВ. ВЛАС. ЗА ДОГ. ДАРУВАННЯ,ЛЕГКОВИЙ,895
2015,320,320 - ПЕРЕРЕЄСТРАЦIЯ НА НОВ. ВЛАС. ЗА ДОГ. ДАРУВАННЯ,МОПЕД,1
2015,320,320 - ПЕРЕРЕЄСТРАЦIЯ НА НОВ. ВЛАС. ЗА ДОГ. ДАРУВАННЯ,МОТОЦИКЛ,4
2015,320,320 - ПЕРЕРЕЄСТРАЦIЯ НА НОВ. ВЛАС. ЗА ДОГ. ДАРУВАННЯ,НАПІВПРИЧІП,38
2015,320,320 - ПЕРЕРЕЄСТРАЦIЯ НА НОВ. ВЛАС. ЗА ДОГ. ДАРУВАННЯ,ПРИЧІП,19
2015,321,321 - ПЕРЕРЕЄСТРАЦIЯ ТЗ НА НОВ. ВЛАС. ПО УСПАДКУВАННЮ ЗА ЗАПОВIТОМ,АВТОБУС,27
2015,321,321 - ПЕРЕРЕЄСТРАЦIЯ ТЗ НА НОВ. ВЛАС. ПО УСПАДКУВАННЮ ЗА ЗАПОВIТОМ,ВАНТАЖНИЙ,38
2015,321,321 - ПЕРЕРЕЄСТРАЦIЯ ТЗ НА НОВ. ВЛАС. ПО УСПАДКУВАННЮ ЗА ЗАПОВIТОМ,ЛЕГКОВИЙ,1044
2015,321,321 - ПЕРЕРЕЄСТРАЦIЯ ТЗ НА НОВ. ВЛАС. ПО УСПАДКУВАННЮ ЗА ЗАПОВIТОМ,МОТОЦИКЛ,15
2015,321,321 - ПЕРЕРЕЄСТРАЦIЯ ТЗ НА НОВ. ВЛАС. ПО УСПАДКУВАННЮ ЗА ЗАПОВIТОМ,НАПІВПРИЧІП,7
2015,321,321 - ПЕРЕРЕЄСТРАЦIЯ ТЗ НА НОВ. ВЛАС. ПО УСПАДКУВАННЮ ЗА ЗАПОВIТОМ,ПРИЧІП,58
2015,322,322 - ПЕРЕРЕЄСТРАЦIЯ ТЗ НА НОВ. ВЛАС. ПО УСПАДКУВАННЮ ЗА ЗАКОНОМ,АВТОБУС,91
2015,322,322 - ПЕРЕРЕЄСТРАЦIЯ ТЗ НА НОВ. ВЛАС. ПО УСПАДКУВАННЮ ЗА ЗАКОНОМ,ВАНТАЖНИЙ,605
2015,322,322 - ПЕРЕРЕЄСТРАЦIЯ ТЗ НА НОВ. ВЛАС. ПО УСПАДКУВАННЮ ЗА ЗАКОНОМ,ЛЕГКОВИЙ,10209
2015,322,322 - ПЕРЕРЕЄСТРАЦIЯ ТЗ НА НОВ. ВЛАС. ПО УСПАДКУВАННЮ ЗА ЗАКОНОМ,МОПЕД,21
2015,322,322 - ПЕРЕРЕЄСТРАЦIЯ ТЗ НА НОВ. ВЛАС. ПО УСПАДКУВАННЮ ЗА ЗАКОНОМ,МОТОЦИКЛ,97
2015,322,322 - ПЕРЕРЕЄСТРАЦIЯ ТЗ НА НОВ. ВЛАС. ПО УСПАДКУВАННЮ ЗА ЗАКОНОМ,НАПІВПРИЧІП,70
2015,322,322 - ПЕРЕРЕЄСТРАЦIЯ ТЗ НА НОВ. ВЛАС. ПО УСПАДКУВАННЮ ЗА ЗАКОНОМ,ПРИЧІП,481
2015,330,330 - ПЕРЕРЕЄСТРАЦIЯ НА НОВОГО ВЛАСНИКА ЗА РIШЕННЯМ СУДУ,АВТОБУС,20
2015,330,330 - ПЕРЕРЕЄСТРАЦIЯ НА НОВОГО ВЛАСНИКА ЗА РIШЕННЯМ СУДУ,ВАНТАЖНИЙ,239
2015,330,330 - ПЕРЕРЕЄСТРАЦIЯ НА НОВОГО ВЛАСНИКА ЗА РIШЕННЯМ СУДУ,ЛЕГКОВИЙ,572
2015,330,330 - ПЕРЕРЕЄСТРАЦIЯ НА НОВОГО ВЛАСНИКА ЗА РIШЕННЯМ СУДУ,МОТОЦИКЛ,6
2015,330,330 - ПЕРЕРЕЄСТРАЦIЯ НА НОВОГО ВЛАСНИКА ЗА РIШЕННЯМ СУДУ,НАПІВПРИЧІП,26
2015,330,330 - ПЕРЕРЕЄСТРАЦIЯ НА НОВОГО ВЛАСНИКА ЗА РIШЕННЯМ СУДУ,ПРИЧІП,29
2015,331,331 - ПЕРЕРЕЄСТРАЦІЯ ТЗ НА НОВОГО ВЛАСНИКА ЗА АКТОМ ПРОВЕДЕНОГО АУКЦІОНУ,АВТОБУС,44
2015,331,331 - ПЕРЕРЕЄСТРАЦІЯ ТЗ НА НОВОГО ВЛАСНИКА ЗА АКТОМ ПРОВЕДЕНОГО АУКЦІОНУ,ВАНТАЖНИЙ,226
2015,331,331 - ПЕРЕРЕЄСТРАЦІЯ ТЗ НА НОВОГО ВЛАСНИКА ЗА АКТОМ ПРОВЕДЕНОГО АУКЦІОНУ,ЛЕГКОВИЙ,996
2015,331,331 - ПЕРЕРЕЄСТРАЦІЯ ТЗ НА НОВОГО ВЛАСНИКА ЗА АКТОМ ПРОВЕДЕНОГО АУКЦІОНУ,МОТОЦИКЛ,1
2015,331,331 - ПЕРЕРЕЄСТРАЦІЯ ТЗ НА НОВОГО ВЛАСНИКА ЗА АКТОМ ПРОВЕДЕНОГО АУКЦІОНУ,НАПІВПРИЧІП,16
2015,331,331 - ПЕРЕРЕЄСТРАЦІЯ ТЗ НА НОВОГО ВЛАСНИКА ЗА АКТОМ ПРОВЕДЕНОГО АУКЦІОНУ,ПРИЧІП,19
2015,332,332 - ПЕРЕРЕЄСТРАЦІЯ ТЗ НА НОВОГО ВЛАСНИКА ЗА ПОСТАНОВОЮ ПРО ПЕРЕДАЧУ МАЙНА,АВТОБУС,1
2015,332,332 - ПЕРЕРЕЄСТРАЦІЯ ТЗ НА НОВОГО ВЛАСНИКА ЗА ПОСТАНОВОЮ ПРО ПЕРЕДАЧУ МАЙНА,ВАНТАЖНИЙ,12
2015,332,332 - ПЕРЕРЕЄСТРАЦІЯ ТЗ НА НОВОГО ВЛАСНИКА ЗА ПОСТАНОВОЮ ПРО ПЕРЕДАЧУ МАЙНА,ЛЕГКОВИЙ,13
2015,332,332 - ПЕРЕРЕЄСТРАЦІЯ ТЗ НА НОВОГО ВЛАСНИКА ЗА ПОСТАНОВОЮ ПРО ПЕРЕДАЧУ МАЙНА,НАПІВПРИЧІП,2
2015,332,332 - ПЕРЕРЕЄСТРАЦІЯ ТЗ НА НОВОГО ВЛАСНИКА ЗА ПОСТАНОВОЮ ПРО ПЕРЕДАЧУ МАЙНА,ПРИЧІП,2
2015,340,340 - ПЕРЕРЕЄСТРАЦIЯ У ЗВ`ЯЗКУ ЗI ЗМIНОЮ АНКЕТНИХ ДАНИХ ВЛАСНИКА,АВТОБУС,92
2015,340,340 - ПЕРЕРЕЄСТРАЦIЯ У ЗВ`ЯЗКУ ЗI ЗМIНОЮ АНКЕТНИХ ДАНИХ ВЛАСНИКА,ВАНТАЖНИЙ,640
2015,340,340 - ПЕРЕРЕЄСТРАЦIЯ У ЗВ`ЯЗКУ ЗI ЗМIНОЮ АНКЕТНИХ ДАНИХ ВЛАСНИКА,ЛЕГКОВИЙ,5500
2015,340,340 - ПЕРЕРЕЄСТРАЦIЯ У ЗВ`ЯЗКУ ЗI ЗМIНОЮ АНКЕТНИХ ДАНИХ ВЛАСНИКА,МОПЕД,8
2015,340,340 - ПЕРЕРЕЄСТРАЦIЯ У ЗВ`ЯЗКУ ЗI ЗМIНОЮ АНКЕТНИХ ДАНИХ ВЛАСНИКА,МОТОЦИКЛ,41
2015,340,340 - ПЕРЕРЕЄСТРАЦIЯ У ЗВ`ЯЗКУ ЗI ЗМIНОЮ АНКЕТНИХ ДАНИХ ВЛАСНИКА,НАПІВПРИЧІП,152
2015,340,340 - ПЕРЕРЕЄСТРАЦIЯ У ЗВ`ЯЗКУ ЗI ЗМIНОЮ АНКЕТНИХ ДАНИХ ВЛАСНИКА,ПРИЧІП,121
2015,341,341 - ПЕРЕРЕЄСТРАЦІЯ РАНІШЕ ВИКРАДЕНОГО ТЗ,ВАНТАЖНИЙ,3
2015,341,341 - ПЕРЕРЕЄСТРАЦІЯ РАНІШЕ ВИКРАДЕНОГО ТЗ,ЛЕГКОВИЙ,11
2015,341,341 - ПЕРЕРЕЄСТРАЦІЯ РАНІШЕ ВИКРАДЕНОГО ТЗ,МОПЕД,1
2015,341,341 - ПЕРЕРЕЄСТРАЦІЯ РАНІШЕ ВИКРАДЕНОГО ТЗ,МОТОЦИКЛ,3
2015,343,343 - ПЕРЕРЕЄСТРАЦІЯ У ЗВ'ЯЗКУ ІЗ ЗМІНОЮ ДАНИХ ВЛАСНИКА АБО ТЗ ОТРИМАНОГО ЧЕРЕЗ ВІДДІЛ СОЦ,ЛЕГКОВИЙ,288
2015,350,350 - ПЕРЕРЕЄСТРАЦIЯ У ЗВ`ЯЗКУ ЗI ЗМIНОЮ НАЗВИ ОРГАНIЗАЦIЇ,АВТОБУС,265
2015,350,350 - ПЕРЕРЕЄСТРАЦIЯ У ЗВ`ЯЗКУ ЗI ЗМIНОЮ НАЗВИ ОРГАНIЗАЦIЇ,ВАНТАЖНИЙ,1687
2015,350,350 - ПЕРЕРЕЄСТРАЦIЯ У ЗВ`ЯЗКУ ЗI ЗМIНОЮ НАЗВИ ОРГАНIЗАЦIЇ,ЛЕГКОВИЙ,1947
2015,350,350 - ПЕРЕРЕЄСТРАЦIЯ У ЗВ`ЯЗКУ ЗI ЗМIНОЮ НАЗВИ ОРГАНIЗАЦIЇ,МОТОЦИКЛ,5
2015,350,350 - ПЕРЕРЕЄСТРАЦIЯ У ЗВ`ЯЗКУ ЗI ЗМIНОЮ НАЗВИ ОРГАНIЗАЦIЇ,НАПІВПРИЧІП,116
2015,350,350 - ПЕРЕРЕЄСТРАЦIЯ У ЗВ`ЯЗКУ ЗI ЗМIНОЮ НАЗВИ ОРГАНIЗАЦIЇ,ПРИЧІП,124
2015,360,360 - ПЕРЕРЕЄСТРАЦIЯ У ЗВ`ЯЗКУ ЗI ЗМIНОЮ МIСЦЯ СТОЯНКИ,АВТОБУС,61
2015,360,360 - ПЕРЕРЕЄСТРАЦIЯ У ЗВ`ЯЗКУ ЗI ЗМIНОЮ МIСЦЯ СТОЯНКИ,ВАНТАЖНИЙ,180
2015,360,360 - ПЕРЕРЕЄСТРАЦIЯ У ЗВ`ЯЗКУ ЗI ЗМIНОЮ МIСЦЯ СТОЯНКИ,ЛЕГКОВИЙ,331
2015,360,360 - ПЕРЕРЕЄСТРАЦIЯ У ЗВ`ЯЗКУ ЗI ЗМIНОЮ МIСЦЯ СТОЯНКИ,НАПІВПРИЧІП,22
2015,360,360 - ПЕРЕРЕЄСТРАЦIЯ У ЗВ`ЯЗКУ ЗI ЗМIНОЮ МIСЦЯ СТОЯНКИ,ПРИЧІП,30
2015,370,370 - ПЕРЕРЕЄСТРАЦIЯ У ЗВ`ЯЗКУ З ЗАМIНОЮ ДВИГУНА,АВТОБУС,24
2015,370,370 - ПЕРЕРЕЄСТРАЦIЯ У ЗВ`ЯЗКУ З ЗАМIНОЮ ДВИГУНА,ВАНТАЖНИЙ,178
2015,370,370 - ПЕРЕРЕЄСТРАЦIЯ У ЗВ`ЯЗКУ З ЗАМIНОЮ ДВИГУНА,ЛЕГКОВИЙ,484
2015,370,370 - ПЕРЕРЕЄСТРАЦIЯ У ЗВ`ЯЗКУ З ЗАМIНОЮ ДВИГУНА,МОТОЦИКЛ,5
2015,370,"370 - ПЕРЕРЕЄСТРАЦIЯ У ЗВ`ЯЗКУ З ЗАМIНОЮ ДВИГУНА, БЕЗ ЗДІЙСНЕННЯ ПЕРЕОБЛАДНАННЯ ТЗ",ЛЕГКОВИЙ,1
2015,380,380 - ПЕРЕРЕЄСТРАЦІЯ У ЗВ`ЯЗКУ З ЗАМІНОЮ КУЗОВА (ШАСІ),АВТОБУС,35
2015,380,380 - ПЕРЕРЕЄСТРАЦІЯ У ЗВ`ЯЗКУ З ЗАМІНОЮ КУЗОВА (ШАСІ),ВАНТАЖНИЙ,34
2015,380,380 - ПЕРЕРЕЄСТРАЦІЯ У ЗВ`ЯЗКУ З ЗАМІНОЮ КУЗОВА (ШАСІ),ЛЕГКОВИЙ,90
2015,380,380 - ПЕРЕРЕЄСТРАЦІЯ У ЗВ`ЯЗКУ З ЗАМІНОЮ КУЗОВА (ШАСІ),МОТОЦИКЛ,1
2015,380,380 - ПЕРЕРЕЄСТРАЦІЯ У ЗВ`ЯЗКУ З ЗАМІНОЮ КУЗОВА (ШАСІ),ПРИЧІП,3
2015,390,390 - ПЕРЕРЕЄСТРАЦIЯ У ЗВ`ЯЗКУ ЗI ЗМIНОЮ КОЛЬОРУ ТЗ,АВТОБУС,101
2015,390,390 - ПЕРЕРЕЄСТРАЦIЯ У ЗВ`ЯЗКУ ЗI ЗМIНОЮ КОЛЬОРУ ТЗ,ВАНТАЖНИЙ,730
2015,390,390 - ПЕРЕРЕЄСТРАЦIЯ У ЗВ`ЯЗКУ ЗI ЗМIНОЮ КОЛЬОРУ ТЗ,ЛЕГКОВИЙ,1809
2015,390,390 - ПЕРЕРЕЄСТРАЦIЯ У ЗВ`ЯЗКУ ЗI ЗМIНОЮ КОЛЬОРУ ТЗ,МОПЕД,5
2015,390,390 - ПЕРЕРЕЄСТРАЦIЯ У ЗВ`ЯЗКУ ЗI ЗМIНОЮ КОЛЬОРУ ТЗ,МОТОЦИКЛ,79
2015,390,390 - ПЕРЕРЕЄСТРАЦIЯ У ЗВ`ЯЗКУ ЗI ЗМIНОЮ КОЛЬОРУ ТЗ,НАПІВПРИЧІП,144
2015,390,390 - ПЕРЕРЕЄСТРАЦIЯ У ЗВ`ЯЗКУ ЗI ЗМIНОЮ КОЛЬОРУ ТЗ,ПРИЧІП,119
2015,390,390 - ПЕРЕРЕЄСТРАЦIЯ У ЗВ`ЯЗКУ ЗI ЗМIНОЮ КОЛЬОРУ ТЗ,ТРИЦИКЛ,1
2015,40,"40 - ВТОРИННА РЕЄСТРАЦІЯ ТЗ, ПРИДБАНОГО В ТОРГОВЕЛЬНІЙ ОРГАНІЗАЦІЇ",АВТОБУС,2159
2015,40,"40 - ВТОРИННА РЕЄСТРАЦІЯ ТЗ, ПРИДБАНОГО В ТОРГОВЕЛЬНІЙ ОРГАНІЗАЦІЇ",ВАНТАЖНИЙ,21036
2015,40,"40 - ВТОРИННА РЕЄСТРАЦІЯ ТЗ, ПРИДБАНОГО В ТОРГОВЕЛЬНІЙ ОРГАНІЗАЦІЇ",КВАДРОЦИКЛ,2
2015,40,"40 - ВТОРИННА РЕЄСТРАЦІЯ ТЗ, ПРИДБАНОГО В ТОРГОВЕЛЬНІЙ ОРГАНІЗАЦІЇ",ЛЕГКОВИЙ,156865
2015,40,"40 - ВТОРИННА РЕЄСТРАЦІЯ ТЗ, ПРИДБАНОГО В ТОРГОВЕЛЬНІЙ ОРГАНІЗАЦІЇ",МОПЕД,33
2015,40,"40 - ВТОРИННА РЕЄСТРАЦІЯ ТЗ, ПРИДБАНОГО В ТОРГОВЕЛЬНІЙ ОРГАНІЗАЦІЇ",МОТОЦИКЛ,1670
2015,40,"40 - ВТОРИННА РЕЄСТРАЦІЯ ТЗ, ПРИДБАНОГО В ТОРГОВЕЛЬНІЙ ОРГАНІЗАЦІЇ",НАПІВПРИЧІП,3059
2015,40,"40 - ВТОРИННА РЕЄСТРАЦІЯ ТЗ, ПРИДБАНОГО В ТОРГОВЕЛЬНІЙ ОРГАНІЗАЦІЇ",ПРИЧІП,2120
2015,40,"40 - ВТОРИННА РЕЄСТРАЦІЯ ТЗ, ПРИДБАНОГО В ТОРГОВЕЛЬНІЙ ОРГАНІЗАЦІЇ",ТРИЦИКЛ,24
2015,400,400 - ПЕРЕРЕЄСТРАЦIЯ ПРИ ПЕРЕОБЛАДНАННI БЕЗ ЗАМIНИ НОМЕРНИХ АГРЕГ.,АВТОБУС,668
2015,400,400 - ПЕРЕРЕЄСТРАЦIЯ ПРИ ПЕРЕОБЛАДНАННI БЕЗ ЗАМIНИ НОМЕРНИХ АГРЕГ.,ВАНТАЖНИЙ,9737
2015,400,400 - ПЕРЕРЕЄСТРАЦIЯ ПРИ ПЕРЕОБЛАДНАННI БЕЗ ЗАМIНИ НОМЕРНИХ АГРЕГ.,ЛЕГКОВИЙ,112590
2015,400,400 - ПЕРЕРЕЄСТРАЦIЯ ПРИ ПЕРЕОБЛАДНАННI БЕЗ ЗАМIНИ НОМЕРНИХ АГРЕГ.,МОТОЦИКЛ,8
2015,400,400 - ПЕРЕРЕЄСТРАЦIЯ ПРИ ПЕРЕОБЛАДНАННI БЕЗ ЗАМIНИ НОМЕРНИХ АГРЕГ.,НАПІВПРИЧІП,607
2015,400,400 - ПЕРЕРЕЄСТРАЦIЯ ПРИ ПЕРЕОБЛАДНАННI БЕЗ ЗАМIНИ НОМЕРНИХ АГРЕГ.,ПРИЧІП,600
2015,400,400 - ПЕРЕРЕЄСТРАЦIЯ ПРИ ПЕРЕОБЛАДНАННI БЕЗ ЗАМІНИ НОМЕРНИХ АГРЕГАТІВ,ЛЕГКОВИЙ,33
2015,400,400 - ПЕРЕРЕЄСТРАЦIЯ ПРИ ПЕРЕОБЛАДНАННI ДЛЯ РОБОТИ НА ГАЗОВОМУ ПАЛЬНОМУ,АВТОБУС,1
2015,400,400 - ПЕРЕРЕЄСТРАЦIЯ ПРИ ПЕРЕОБЛАДНАННI ДЛЯ РОБОТИ НА ГАЗОВОМУ ПАЛЬНОМУ,ВАНТАЖНИЙ,6
2015,400,400 - ПЕРЕРЕЄСТРАЦIЯ ПРИ ПЕРЕОБЛАДНАННI ДЛЯ РОБОТИ НА ГАЗОВОМУ ПАЛЬНОМУ,ЛЕГКОВИЙ,119
2015,401,401 - ПЕРЕРЕЄСТРАЦІЯ ТЗ ПРИ ПЕРЕОБЛАДНАННІ ІЗ ЗАМІНОЮ КУЗОВА,АВТОБУС,16
2015,401,401 - ПЕРЕРЕЄСТРАЦІЯ ТЗ ПРИ ПЕРЕОБЛАДНАННІ ІЗ ЗАМІНОЮ КУЗОВА,ВАНТАЖНИЙ,166
2015,401,401 - ПЕРЕРЕЄСТРАЦІЯ ТЗ ПРИ ПЕРЕОБЛАДНАННІ ІЗ ЗАМІНОЮ КУЗОВА,ЛЕГКОВИЙ,78
2015,401,401 - ПЕРЕРЕЄСТРАЦІЯ ТЗ ПРИ ПЕРЕОБЛАДНАННІ ІЗ ЗАМІНОЮ КУЗОВА,МОТОЦИКЛ,1
2015,401,401 - ПЕРЕРЕЄСТРАЦІЯ ТЗ ПРИ ПЕРЕОБЛАДНАННІ ІЗ ЗАМІНОЮ КУЗОВА,НАПІВПРИЧІП,8
2015,401,401 - ПЕРЕРЕЄСТРАЦІЯ ТЗ ПРИ ПЕРЕОБЛАДНАННІ ІЗ ЗАМІНОЮ КУЗОВА,ПРИЧІП,22
2015,402,"402 - ПЕРЕРЕЄСТРАЦIЯ ТЗ ПРИ ПЕРЕОБЛI.(ЗАМІНА ТИПУ, ПОТУЖ. ДВИГ.)ЗА ПОГОДЖЕННЯМ",АВТОБУС,2
2015,402,"402 - ПЕРЕРЕЄСТРАЦIЯ ТЗ ПРИ ПЕРЕОБЛI.(ЗАМІНА ТИПУ, ПОТУЖ. ДВИГ.)ЗА ПОГОДЖЕННЯМ",ВАНТАЖНИЙ,2
2015,402,402 - ПЕРЕРЕЄСТРАЦIЯ ТЗ ПРИ ПЕРЕОБЛАДНАННI IЗ ЗАМIНОЮ ДВИГУНА,АВТОБУС,123
2015,402,402 - ПЕРЕРЕЄСТРАЦIЯ ТЗ ПРИ ПЕРЕОБЛАДНАННI IЗ ЗАМIНОЮ ДВИГУНА,ВАНТАЖНИЙ,1000
2015,402,402 - ПЕРЕРЕЄСТРАЦIЯ ТЗ ПРИ ПЕРЕОБЛАДНАННI IЗ ЗАМIНОЮ ДВИГУНА,ЛЕГКОВИЙ,1764
2015,402,402 - ПЕРЕРЕЄСТРАЦIЯ ТЗ ПРИ ПЕРЕОБЛАДНАННI IЗ ЗАМIНОЮ ДВИГУНА,МОТОЦИКЛ,1
2015,402,"402 - ПЕРЕРЕЄСТРАЦIЯ ТЗ ПРИ ПЕРЕОБЛАДНАННI IЗ ЗАМIНОЮ ДВИГУНА (ЗМІНА ОБЄМУ, ВИДУ ПАЛЬНОГО)",ЛЕГКОВИЙ,1
2015,402,"402 - ПЕРЕРЕЄСТРАЦIЯ ТЗ ПРИ ПЕРЕОБЛАДНАННI, В ТОМУ ЧИСЛІ ЗАМІНА ТИПУ, ПОТУЖНОСТІ ДВИГУНА З",АВТОБУС,1
2015,402,"402 - ПЕРЕРЕЄСТРАЦIЯ ТЗ ПРИ ПЕРЕОБЛАДНАННI, В ТОМУ ЧИСЛІ ЗАМІНА ТИПУ, ПОТУЖНОСТІ ДВИГУНА З",ВАНТАЖНИЙ,1
2015,402,"402 - ПЕРЕРЕЄСТРАЦIЯ ТЗ ПРИ ПЕРЕОБЛАДНАННI, ЗАМIНА ДВИГУНА (ЗМІНА ОБЄМУ, ВИДУ ПАЛЬНОГО)",ВАНТАЖНИЙ,1
2015,403,403 - ПЕРЕРЕЄСТРАЦІЯ ПРИ ПЕРЕОБЛ.(ЗАМІНА КУЗОВА (ШАСІ)) ТА ДВИГУНА ЗА ПОГОДЖ.,ВАНТАЖНИЙ,1
2015,403,403 - ПЕРЕРЕЄСТРАЦІЯ ПРИ ПЕРЕОБЛАДН. ІЗ ЗАМІНОЮ КУЗОВА ТА ДВИГУНА,АВТОБУС,20
2015,403,403 - ПЕРЕРЕЄСТРАЦІЯ ПРИ ПЕРЕОБЛАДН. ІЗ ЗАМІНОЮ КУЗОВА ТА ДВИГУНА,ВАНТАЖНИЙ,265
2015,403,403 - ПЕРЕРЕЄСТРАЦІЯ ПРИ ПЕРЕОБЛАДН. ІЗ ЗАМІНОЮ КУЗОВА ТА ДВИГУНА,ЛЕГКОВИЙ,417
2015,403,403 - ПЕРЕРЕЄСТРАЦІЯ ПРИ ПЕРЕОБЛАДН. ІЗ ЗАМІНОЮ КУЗОВА ТА ДВИГУНА,МОТОЦИКЛ,1
2015,403,403 - ПЕРЕРЕЄСТРАЦІЯ ПРИ ПЕРЕОБЛАДН. ІЗ ЗАМІНОЮ КУЗОВА ТА ДВИГУНА,НАПІВПРИЧІП,3
2015,403,403 - ПЕРЕРЕЄСТРАЦІЯ ПРИ ПЕРЕОБЛАДН. ІЗ ЗАМІНОЮ КУЗОВА ТА ДВИГУНА,ПРИЧІП,2
2015,41,"41 - ВТОРИННА РЕЄСТРАЦІЯ ТЗ, ПРИДБАНОГО В ТОРГОВЕЛЬНІЙ ОРГАНІЗАЦІЇ В РОЗСТРОЧКУ",АВТОБУС,1
2015,41,"41 - ВТОРИННА РЕЄСТРАЦІЯ ТЗ, ПРИДБАНОГО В ТОРГОВЕЛЬНІЙ ОРГАНІЗАЦІЇ В РОЗСТРОЧКУ",ВАНТАЖНИЙ,14
2015,41,"41 - ВТОРИННА РЕЄСТРАЦІЯ ТЗ, ПРИДБАНОГО В ТОРГОВЕЛЬНІЙ ОРГАНІЗАЦІЇ В РОЗСТРОЧКУ",ЛЕГКОВИЙ,71
2015,41,"41 - ВТОРИННА РЕЄСТРАЦІЯ ТЗ, ПРИДБАНОГО В ТОРГОВЕЛЬНІЙ ОРГАНІЗАЦІЇ В РОЗСТРОЧКУ",МОТОЦИКЛ,1
2015,41,"41 - ВТОРИННА РЕЄСТРАЦІЯ ТЗ, ПРИДБАНОГО В ТОРГОВЕЛЬНІЙ ОРГАНІЗАЦІЇ В РОЗСТРОЧКУ",НАПІВПРИЧІП,2
2015,410,410 - ПЕРЕРЕЄСТРАЦІЯ ПРИ ЗАМІНІ НОМЕРНОГО ЗНАКУ,АВТОБУС,341
2015,410,410 - ПЕРЕРЕЄСТРАЦІЯ ПРИ ЗАМІНІ НОМЕРНОГО ЗНАКУ,ВАНТАЖНИЙ,1398
2015,410,410 - ПЕРЕРЕЄСТРАЦІЯ ПРИ ЗАМІНІ НОМЕРНОГО ЗНАКУ,КВАДРОЦИКЛ,2
2015,410,410 - ПЕРЕРЕЄСТРАЦІЯ ПРИ ЗАМІНІ НОМЕРНОГО ЗНАКУ,ЛЕГКОВИЙ,12468
2015,410,410 - ПЕРЕРЕЄСТРАЦІЯ ПРИ ЗАМІНІ НОМЕРНОГО ЗНАКУ,МОПЕД,11
2015,410,410 - ПЕРЕРЕЄСТРАЦІЯ ПРИ ЗАМІНІ НОМЕРНОГО ЗНАКУ,МОТОЦИКЛ,125
2015,410,410 - ПЕРЕРЕЄСТРАЦІЯ ПРИ ЗАМІНІ НОМЕРНОГО ЗНАКУ,НАПІВПРИЧІП,167
2015,410,410 - ПЕРЕРЕЄСТРАЦІЯ ПРИ ЗАМІНІ НОМЕРНОГО ЗНАКУ,ПРИЧІП,223
2015,410,410 - ПЕРЕРЕЄСТРАЦІЯ ПРИ ЗАМІНІ НОМЕРНОГО ЗНАКУ,ТРИЦИКЛ,2
2015,420,420 - ПЕРЕРЕЄСТРАЦІЯ ПРИ ВИДАЧІ ДУБЛІКАТА НОМЕРНОГО ЗНАКУ,АВТОБУС,11
2015,420,420 - ПЕРЕРЕЄСТРАЦІЯ ПРИ ВИДАЧІ ДУБЛІКАТА НОМЕРНОГО ЗНАКУ,ВАНТАЖНИЙ,73
2015,420,420 - ПЕРЕРЕЄСТРАЦІЯ ПРИ ВИДАЧІ ДУБЛІКАТА НОМЕРНОГО ЗНАКУ,ЛЕГКОВИЙ,1005
2015,420,420 - ПЕРЕРЕЄСТРАЦІЯ ПРИ ВИДАЧІ ДУБЛІКАТА НОМЕРНОГО ЗНАКУ,МОПЕД,19
2015,420,420 - ПЕРЕРЕЄСТРАЦІЯ ПРИ ВИДАЧІ ДУБЛІКАТА НОМЕРНОГО ЗНАКУ,МОТОЦИКЛ,26
2015,420,420 - ПЕРЕРЕЄСТРАЦІЯ ПРИ ВИДАЧІ ДУБЛІКАТА НОМЕРНОГО ЗНАКУ,НАПІВПРИЧІП,8
2015,420,420 - ПЕРЕРЕЄСТРАЦІЯ ПРИ ВИДАЧІ ДУБЛІКАТА НОМЕРНОГО ЗНАКУ,ПРИЧІП,43
2015,420,420 - ПЕРЕРЕЄСТРАЦІЯ ПРИ ВТРАТІ НОМЕРНОГО ЗНАКУ,ВАНТАЖНИЙ,1
2015,420,420 - ПЕРЕРЕЄСТРАЦІЯ ПРИ ВТРАТІ НОМЕРНОГО ЗНАКУ,ЛЕГКОВИЙ,6
2015,429,429 - ПЕРЕРЕЄСТРАЦІЯ ТЗ У ЗВ'ЯЗКУ ІЗ ПОДОВЖЕННЯМ ТЕРМІНУ ЗВОРОТНЬОГО ВИВОЗУ,ВАНТАЖНИЙ,43
2015,429,429 - ПЕРЕРЕЄСТРАЦІЯ ТЗ У ЗВ'ЯЗКУ ІЗ ПОДОВЖЕННЯМ ТЕРМІНУ ЗВОРОТНЬОГО ВИВОЗУ,ЛЕГКОВИЙ,268
2015,429,429 - ПЕРЕРЕЄСТРАЦІЯ ТЗ У ЗВ'ЯЗКУ ІЗ ПОДОВЖЕННЯМ ТЕРМІНУ ЗВОРОТНЬОГО ВИВОЗУ,МОТОЦИКЛ,1
2015,429,429 - ПЕРЕРЕЄСТРАЦІЯ ТЗ У ЗВ'ЯЗКУ ІЗ ПОДОВЖЕННЯМ ТЕРМІНУ ЗВОРОТНЬОГО ВИВОЗУ,НАПІВПРИЧІП,16
2015,430,430 - ПЕРЕРЕЄСТРАЦІЯ ПРИ ЗАМІНІ СВІДОЦТВА ПРО РЕЄСТРАЦІЮ,АВТОБУС,815
2015,430,430 - ПЕРЕРЕЄСТРАЦІЯ ПРИ ЗАМІНІ СВІДОЦТВА ПРО РЕЄСТРАЦІЮ,ВАНТАЖНИЙ,3915
2015,430,430 - ПЕРЕРЕЄСТРАЦІЯ ПРИ ЗАМІНІ СВІДОЦТВА ПРО РЕЄСТРАЦІЮ,ЛЕГКОВИЙ,20892
2015,430,430 - ПЕРЕРЕЄСТРАЦІЯ ПРИ ЗАМІНІ СВІДОЦТВА ПРО РЕЄСТРАЦІЮ,МОПЕД,95
2015,430,430 - ПЕРЕРЕЄСТРАЦІЯ ПРИ ЗАМІНІ СВІДОЦТВА ПРО РЕЄСТРАЦІЮ,МОТОЦИКЛ,307
2015,430,430 - ПЕРЕРЕЄСТРАЦІЯ ПРИ ЗАМІНІ СВІДОЦТВА ПРО РЕЄСТРАЦІЮ,НАПІВПРИЧІП,955
2015,430,430 - ПЕРЕРЕЄСТРАЦІЯ ПРИ ЗАМІНІ СВІДОЦТВА ПРО РЕЄСТРАЦІЮ,ПРИЧІП,854
2015,430,430 - ПЕРЕРЕЄСТРАЦІЯ ПРИ ЗАМІНІ СВІДОЦТВА ПРО РЕЄСТРАЦІЮ,ТРИЦИКЛ,1
2015,431,431 - ПЕРЕРЕЄСТРАЦІЯ ТЗ ПРИ ВИДАЧІ ІНДИВІДУАЛЬНОГО НОМЕРНОГО ЗНАКУ,АВТОБУС,3
2015,431,431 - ПЕРЕРЕЄСТРАЦІЯ ТЗ ПРИ ВИДАЧІ ІНДИВІДУАЛЬНОГО НОМЕРНОГО ЗНАКУ,ВАНТАЖНИЙ,54
2015,431,431 - ПЕРЕРЕЄСТРАЦІЯ ТЗ ПРИ ВИДАЧІ ІНДИВІДУАЛЬНОГО НОМЕРНОГО ЗНАКУ,ЛЕГКОВИЙ,1030
2015,431,431 - ПЕРЕРЕЄСТРАЦІЯ ТЗ ПРИ ВИДАЧІ ІНДИВІДУАЛЬНОГО НОМЕРНОГО ЗНАКУ,МОТОЦИКЛ,14
2015,440,440 - ПЕРЕРЕЄСТРАЦIЯ ПРИ ВИДАЧI ДУБЛIКАТА СВIДОЦТВА ПРО РЕЄСТРАЦIЮ,АВТОБУС,748
2015,440,440 - ПЕРЕРЕЄСТРАЦIЯ ПРИ ВИДАЧI ДУБЛIКАТА СВIДОЦТВА ПРО РЕЄСТРАЦIЮ,ВАНТАЖНИЙ,6300
2015,440,440 - ПЕРЕРЕЄСТРАЦIЯ ПРИ ВИДАЧI ДУБЛIКАТА СВIДОЦТВА ПРО РЕЄСТРАЦIЮ,КВАДРОЦИКЛ,2
2015,440,440 - ПЕРЕРЕЄСТРАЦIЯ ПРИ ВИДАЧI ДУБЛIКАТА СВIДОЦТВА ПРО РЕЄСТРАЦIЮ,ЛЕГКОВИЙ,30757
2015,440,440 - ПЕРЕРЕЄСТРАЦIЯ ПРИ ВИДАЧI ДУБЛIКАТА СВIДОЦТВА ПРО РЕЄСТРАЦIЮ,МОПЕД,208
2015,440,440 - ПЕРЕРЕЄСТРАЦIЯ ПРИ ВИДАЧI ДУБЛIКАТА СВIДОЦТВА ПРО РЕЄСТРАЦIЮ,МОТОЦИКЛ,743
2015,440,440 - ПЕРЕРЕЄСТРАЦIЯ ПРИ ВИДАЧI ДУБЛIКАТА СВIДОЦТВА ПРО РЕЄСТРАЦIЮ,НАПІВПРИЧІП,966
2015,440,440 - ПЕРЕРЕЄСТРАЦIЯ ПРИ ВИДАЧI ДУБЛIКАТА СВIДОЦТВА ПРО РЕЄСТРАЦIЮ,ПРИЧІП,2385
2015,440,440 - ПЕРЕРЕЄСТРАЦIЯ ПРИ ВИДАЧI ДУБЛIКАТА СВIДОЦТВА ПРО РЕЄСТРАЦIЮ,ТРИЦИКЛ,3
2015,440,440 - ПЕРЕРЕЄСТРАЦIЯ ПРИ ВТРАТІ СВIДОЦТВА ПРО РЕЄСТРАЦIЮ,АВТОБУС,6
2015,440,440 - ПЕРЕРЕЄСТРАЦIЯ ПРИ ВТРАТІ СВIДОЦТВА ПРО РЕЄСТРАЦIЮ,ВАНТАЖНИЙ,39
2015,440,440 - ПЕРЕРЕЄСТРАЦIЯ ПРИ ВТРАТІ СВIДОЦТВА ПРО РЕЄСТРАЦIЮ,ЛЕГКОВИЙ,204
2015,440,440 - ПЕРЕРЕЄСТРАЦIЯ ПРИ ВТРАТІ СВIДОЦТВА ПРО РЕЄСТРАЦIЮ,МОТОЦИКЛ,2
2015,440,440 - ПЕРЕРЕЄСТРАЦIЯ ПРИ ВТРАТІ СВIДОЦТВА ПРО РЕЄСТРАЦIЮ,НАПІВПРИЧІП,6
2015,440,440 - ПЕРЕРЕЄСТРАЦIЯ ПРИ ВТРАТІ СВIДОЦТВА ПРО РЕЄСТРАЦIЮ,ПРИЧІП,12
2015,50,50 - ВТОРИННА РЄСТРАЦIЯ ТЗ ЗА ДОГОВОРОМ КУПIВЛI-ПРОДАЖУ,ВАНТАЖНИЙ,4
2015,50,50 - ВТОРИННА РЄСТРАЦIЯ ТЗ ЗА ДОГОВОРОМ КУПIВЛI-ПРОДАЖУ,ЛЕГКОВИЙ,82
2015,50,50 - ВТОРИННА РЄСТРАЦIЯ ТЗ ЗА ДОГОВОРОМ КУПIВЛI-ПРОДАЖУ,НАПІВПРИЧІП,1
2015,50,50 - РЕЄСТРАЦIЯ ТЗ ЗА ДОГОВОРОМ КУПIВЛI-ПРОДАЖУ,АВТОБУС,212
2015,50,50 - РЕЄСТРАЦIЯ ТЗ ЗА ДОГОВОРОМ КУПIВЛI-ПРОДАЖУ,ВАНТАЖНИЙ,1611
2015,50,50 - РЕЄСТРАЦIЯ ТЗ ЗА ДОГОВОРОМ КУПIВЛI-ПРОДАЖУ,ЛЕГКОВИЙ,11963
2015,50,50 - РЕЄСТРАЦIЯ ТЗ ЗА ДОГОВОРОМ КУПIВЛI-ПРОДАЖУ,МОПЕД,1
2015,50,50 - РЕЄСТРАЦIЯ ТЗ ЗА ДОГОВОРОМ КУПIВЛI-ПРОДАЖУ,МОТОЦИКЛ,63
2015,50,50 - РЕЄСТРАЦIЯ ТЗ ЗА ДОГОВОРОМ КУПIВЛI-ПРОДАЖУ,НАПІВПРИЧІП,203
2015,50,50 - РЕЄСТРАЦIЯ ТЗ ЗА ДОГОВОРОМ КУПIВЛI-ПРОДАЖУ,ПРИЧІП,127
2015,50,50 - РЕЄСТРАЦIЯ ТЗ ЗА ДОГОВОРОМ КУПIВЛI-ПРОДАЖУ,ТРИЦИКЛ,2
2015,500,500 - ЗНЯТТЯ З ОБЛІКУ У ЗВ'ЯЗКУ ЗІ СКАСУВАННЯМ РЕЄСТРАЦІЇ,АВТОБУС,3
2015,500,500 - ЗНЯТТЯ З ОБЛІКУ У ЗВ'ЯЗКУ ЗІ СКАСУВАННЯМ РЕЄСТРАЦІЇ,ВАНТАЖНИЙ,24
2015,500,500 - ЗНЯТТЯ З ОБЛІКУ У ЗВ'ЯЗКУ ЗІ СКАСУВАННЯМ РЕЄСТРАЦІЇ,ЛЕГКОВИЙ,267
2015,500,500 - ЗНЯТТЯ З ОБЛІКУ У ЗВ'ЯЗКУ ЗІ СКАСУВАННЯМ РЕЄСТРАЦІЇ,МОПЕД,4
2015,500,500 - ЗНЯТТЯ З ОБЛІКУ У ЗВ'ЯЗКУ ЗІ СКАСУВАННЯМ РЕЄСТРАЦІЇ,МОТОЦИКЛ,1
2015,500,500 - ЗНЯТТЯ З ОБЛІКУ У ЗВ'ЯЗКУ ЗІ СКАСУВАННЯМ РЕЄСТРАЦІЇ,НАПІВПРИЧІП,9
2015,500,500 - ЗНЯТТЯ З ОБЛІКУ У ЗВ'ЯЗКУ ЗІ СКАСУВАННЯМ РЕЄСТРАЦІЇ,ПРИЧІП,1
2015,500,500 - ЗНЯТТЯ З ОБЛІКУ У ЗВ`ЯЗКУ З АНУЛЮВАННЯМ РЕЄСТРАЦІЇ,ВАНТАЖНИЙ,1
2015,501,501 - АНУЛЮВАННЯ ЗНЯТТЯ З ОБЛІКУ ТЗ,ВАНТАЖНИЙ,4
2015,501,501 - АНУЛЮВАННЯ ЗНЯТТЯ З ОБЛІКУ ТЗ,ЛЕГКОВИЙ,38
2015,501,501 - АНУЛЮВАННЯ ЗНЯТТЯ З ОБЛІКУ ТЗ,ПРИЧІП,1
2015,51,51 - РЕЄСТРАЦIЯ ТЗ ЗА ДОГОВОРОМ МІНИ,ВАНТАЖНИЙ,4
2015,51,51 - РЕЄСТРАЦIЯ ТЗ ЗА ДОГОВОРОМ МІНИ,ЛЕГКОВИЙ,7
2015,510,510 - ЗНЯТТЯ З ОБЛІКУ ПРИ ЗМІНІ МІСЦЯ ПРОЖИВАННЯ В МЕЖАХ УКРАЇНИ,ВАНТАЖНИЙ,1
2015,510,510 - ЗНЯТТЯ З ОБЛІКУ ПРИ ЗМІНІ МІСЦЯ ПРОЖИВАННЯ В МЕЖАХ УКРАЇНИ,ЛЕГКОВИЙ,18
2015,520,520 - ЗНЯТТЯ З ОБЛIКУ ПРИ ВИЇЗДІ ЗА КОРДОН НА ПОСТ. МІСЦЕ ПРОЖИВ.,ВАНТАЖНИЙ,7
2015,520,520 - ЗНЯТТЯ З ОБЛIКУ ПРИ ВИЇЗДІ ЗА КОРДОН НА ПОСТ. МІСЦЕ ПРОЖИВ.,ЛЕГКОВИЙ,163
2015,520,520 - ЗНЯТТЯ З ОБЛIКУ ПРИ ВИЇЗДІ ЗА КОРДОН НА ПОСТ. МІСЦЕ ПРОЖИВ.,МОТОЦИКЛ,3
2015,520,520 - ЗНЯТТЯ З ОБЛIКУ ПРИ ВИЇЗДІ ЗА КОРДОН НА ПОСТ. МІСЦЕ ПРОЖИВ.,ПРИЧІП,12
2015,530,530 - ЗНЯТТЯ З ОБЛIКУ ДЛЯ РЕАЛIЗАЦIЇ,АВТОБУС,2493
2015,530,530 - ЗНЯТТЯ З ОБЛIКУ ДЛЯ РЕАЛIЗАЦIЇ,ВАНТАЖНИЙ,24503
2015,530,530 - ЗНЯТТЯ З ОБЛIКУ ДЛЯ РЕАЛIЗАЦIЇ,КВАДРОЦИКЛ,5
2015,530,530 - ЗНЯТТЯ З ОБЛIКУ ДЛЯ РЕАЛIЗАЦIЇ,ЛЕГКОВИЙ,171515
2015,530,530 - ЗНЯТТЯ З ОБЛIКУ ДЛЯ РЕАЛIЗАЦIЇ,МОПЕД,109
2015,530,530 - ЗНЯТТЯ З ОБЛIКУ ДЛЯ РЕАЛIЗАЦIЇ,МОТОЦИКЛ,1872
2015,530,530 - ЗНЯТТЯ З ОБЛIКУ ДЛЯ РЕАЛIЗАЦIЇ,НАПІВПРИЧІП,3810
2015,530,530 - ЗНЯТТЯ З ОБЛIКУ ДЛЯ РЕАЛIЗАЦIЇ,ПРИЧІП,2407
2015,530,530 - ЗНЯТТЯ З ОБЛIКУ ДЛЯ РЕАЛIЗАЦIЇ,ТРИЦИКЛ,33
2015,531,531 - ЗНЯТТЯ З ОБЛIКУ ЗА ДОГОВОРОМ КУПIВЛI-ПРОДАЖУ,АВТОБУС,3
2015,531,531 - ЗНЯТТЯ З ОБЛIКУ ЗА ДОГОВОРОМ КУПIВЛI-ПРОДАЖУ,ВАНТАЖНИЙ,6
2015,531,531 - ЗНЯТТЯ З ОБЛIКУ ЗА ДОГОВОРОМ КУПIВЛI-ПРОДАЖУ,ЛЕГКОВИЙ,44
2015,531,531 - ЗНЯТТЯ З ОБЛIКУ ЗА ДОГОВОРОМ КУПIВЛI-ПРОДАЖУ,МОТОЦИКЛ,5
2015,531,531 - ЗНЯТТЯ З ОБЛIКУ ЗА ДОГОВОРОМ КУПIВЛI-ПРОДАЖУ,НАПІВПРИЧІП,1
2015,531,531 - ЗНЯТТЯ З ОБЛIКУ ЗА ДОГОВОРОМ КУПIВЛI-ПРОДАЖУ,ПРИЧІП,1
2015,532,532 - ЗНЯТТЯ З ОБЛIКУ ЗА ДОГОВОРОМ МІНИ,ВАНТАЖНИЙ,3
2015,532,532 - ЗНЯТТЯ З ОБЛIКУ ЗА ДОГОВОРОМ МІНИ,ЛЕГКОВИЙ,1
2015,533,533 - ЗНЯТТЯ З ОБЛIКУ ЗА ДОГОВОРОМ ДАРУВАННЯ ЧИ ЗАПОВІТОМ,ВАНТАЖНИЙ,2
2015,533,533 - ЗНЯТТЯ З ОБЛIКУ ЗА ДОГОВОРОМ ДАРУВАННЯ ЧИ ЗАПОВІТОМ,ЛЕГКОВИЙ,7
2015,534,534 - ЗНЯТТЯ З ОБЛІКУ ЗА АКТОМ ПРИЙОМА-ПЕРЕДАЧІ,АВТОБУС,123
2015,534,534 - ЗНЯТТЯ З ОБЛІКУ ЗА АКТОМ ПРИЙОМА-ПЕРЕДАЧІ,ВАНТАЖНИЙ,811
2015,534,534 - ЗНЯТТЯ З ОБЛІКУ ЗА АКТОМ ПРИЙОМА-ПЕРЕДАЧІ,ЛЕГКОВИЙ,2765
2015,534,534 - ЗНЯТТЯ З ОБЛІКУ ЗА АКТОМ ПРИЙОМА-ПЕРЕДАЧІ,МОТОЦИКЛ,8
2015,534,534 - ЗНЯТТЯ З ОБЛІКУ ЗА АКТОМ ПРИЙОМА-ПЕРЕДАЧІ,НАПІВПРИЧІП,112
2015,534,534 - ЗНЯТТЯ З ОБЛІКУ ЗА АКТОМ ПРИЙОМА-ПЕРЕДАЧІ,ПРИЧІП,49
2015,535,535 - ЗНЯТТЯ З ОБЛІКУ ЗА ДОГОВОРОМ ФІНАНСОВОГО ЛІЗИНГУ,АВТОБУС,58
2015,535,535 - ЗНЯТТЯ З ОБЛІКУ ЗА ДОГОВОРОМ ФІНАНСОВОГО ЛІЗИНГУ,ВАНТАЖНИЙ,633
2015,535,535 - ЗНЯТТЯ З ОБЛІКУ ЗА ДОГОВОРОМ ФІНАНСОВОГО ЛІЗИНГУ,ЛЕГКОВИЙ,2716
2015,535,535 - ЗНЯТТЯ З ОБЛІКУ ЗА ДОГОВОРОМ ФІНАНСОВОГО ЛІЗИНГУ,НАПІВПРИЧІП,134
2015,535,535 - ЗНЯТТЯ З ОБЛІКУ ЗА ДОГОВОРОМ ФІНАНСОВОГО ЛІЗИНГУ,ПРИЧІП,35
2015,540,540 - ЗНЯТТЯ З ОБЛIКУ У ЗВ`ЯЗКУ З ВИБРАКОВКОЮ,АВТОБУС,1240
2015,540,540 - ЗНЯТТЯ З ОБЛIКУ У ЗВ`ЯЗКУ З ВИБРАКОВКОЮ,ВАНТАЖНИЙ,5900
2015,540,540 - ЗНЯТТЯ З ОБЛIКУ У ЗВ`ЯЗКУ З ВИБРАКОВКОЮ,ЛЕГКОВИЙ,10058
2015,540,540 - ЗНЯТТЯ З ОБЛIКУ У ЗВ`ЯЗКУ З ВИБРАКОВКОЮ,МОПЕД,120
2015,540,540 - ЗНЯТТЯ З ОБЛIКУ У ЗВ`ЯЗКУ З ВИБРАКОВКОЮ,МОТОЦИКЛ,805
2015,540,540 - ЗНЯТТЯ З ОБЛIКУ У ЗВ`ЯЗКУ З ВИБРАКОВКОЮ,НАПІВПРИЧІП,534
2015,540,540 - ЗНЯТТЯ З ОБЛIКУ У ЗВ`ЯЗКУ З ВИБРАКОВКОЮ,ПРИЧІП,511
2015,540,540 - ЗНЯТТЯ З ОБЛIКУ У ЗВ`ЯЗКУ З ВИБРАКОВКОЮ,ТРИЦИКЛ,3
2015,542,542 - ЗНЯТТЯ З ОБЛІКУ У ЗВ'ЯЗКУ З УТІЛІЗАЦІЄЮ,АВТОБУС,1
2015,542,542 - ЗНЯТТЯ З ОБЛІКУ У ЗВ'ЯЗКУ З УТІЛІЗАЦІЄЮ,ВАНТАЖНИЙ,1
2015,542,542 - ЗНЯТТЯ З ОБЛІКУ У ЗВ'ЯЗКУ З УТІЛІЗАЦІЄЮ,ЛЕГКОВИЙ,1
2015,550,550 - ЗНЯТТЯ З ОБЛIКУ ТЗ ВВЕЗЕНОГО ПIД ЗОБОВ. ПРО ЗВОР. ВИВЕЗЕННЯ,ВАНТАЖНИЙ,36
2015,550,550 - ЗНЯТТЯ З ОБЛIКУ ТЗ ВВЕЗЕНОГО ПIД ЗОБОВ. ПРО ЗВОР. ВИВЕЗЕННЯ,ЛЕГКОВИЙ,545
2015,550,550 - ЗНЯТТЯ З ОБЛIКУ ТЗ ВВЕЗЕНОГО ПIД ЗОБОВ. ПРО ЗВОР. ВИВЕЗЕННЯ,МОТОЦИКЛ,2
2015,550,550 - ЗНЯТТЯ З ОБЛIКУ ТЗ ВВЕЗЕНОГО ПIД ЗОБОВ. ПРО ЗВОР. ВИВЕЗЕННЯ,НАПІВПРИЧІП,11
2015,550,550 - ЗНЯТТЯ З ОБЛIКУ ТЗ ВВЕЗЕНОГО ПIД ЗОБОВ. ПРО ЗВОР. ВИВЕЗЕННЯ,ПРИЧІП,2
2015,560,560 -  ЗНЯТТЯ З ОБЛІКУ ПРИ ПОВЕРНЕННІ ІЗ ПОЇЗДКИ ЗА КОРДОН ПО ДОРУЧ.,АВТОБУС,593
2015,560,560 -  ЗНЯТТЯ З ОБЛІКУ ПРИ ПОВЕРНЕННІ ІЗ ПОЇЗДКИ ЗА КОРДОН ПО ДОРУЧ.,ВАНТАЖНИЙ,2302
2015,560,560 -  ЗНЯТТЯ З ОБЛІКУ ПРИ ПОВЕРНЕННІ ІЗ ПОЇЗДКИ ЗА КОРДОН ПО ДОРУЧ.,ЛЕГКОВИЙ,3880
2015,560,560 -  ЗНЯТТЯ З ОБЛІКУ ПРИ ПОВЕРНЕННІ ІЗ ПОЇЗДКИ ЗА КОРДОН ПО ДОРУЧ.,МОТОЦИКЛ,22
2015,560,560 -  ЗНЯТТЯ З ОБЛІКУ ПРИ ПОВЕРНЕННІ ІЗ ПОЇЗДКИ ЗА КОРДОН ПО ДОРУЧ.,НАПІВПРИЧІП,1270
2015,560,560 -  ЗНЯТТЯ З ОБЛІКУ ПРИ ПОВЕРНЕННІ ІЗ ПОЇЗДКИ ЗА КОРДОН ПО ДОРУЧ.,ПРИЧІП,269
2015,570,570 - ЗНЯТТЯ З ОБЛІКУ У ЗВ`ЯЗКУ ЗI ЗМIНОЮ ОРГАНУ РЕЄСТРАЦІЇ,АВТОБУС,3
2015,570,570 - ЗНЯТТЯ З ОБЛІКУ У ЗВ`ЯЗКУ ЗI ЗМIНОЮ ОРГАНУ РЕЄСТРАЦІЇ,ВАНТАЖНИЙ,25
2015,570,570 - ЗНЯТТЯ З ОБЛІКУ У ЗВ`ЯЗКУ ЗI ЗМIНОЮ ОРГАНУ РЕЄСТРАЦІЇ,ЛЕГКОВИЙ,28
2015,570,570 - ЗНЯТТЯ З ОБЛІКУ У ЗВ`ЯЗКУ ЗI ЗМIНОЮ ОРГАНУ РЕЄСТРАЦІЇ,ПРИЧІП,3
2015,580,580 - ЗНЯТТЯ З ОБЛІКУ ТЗ ДЛЯ ПОВЕРНЕННЯ ОРГАНАМ СОЦ. ЗАХИСТУ,ЛЕГКОВИЙ,84
2015,60,60 - РЕЄСТРАЦIЯ ТЗ ЗА ДОГОВОРОМ ДАРУВАННЯ,АВТОБУС,2
2015,60,60 - РЕЄСТРАЦIЯ ТЗ ЗА ДОГОВОРОМ ДАРУВАННЯ,ВАНТАЖНИЙ,10
2015,60,60 - РЕЄСТРАЦIЯ ТЗ ЗА ДОГОВОРОМ ДАРУВАННЯ,ЛЕГКОВИЙ,73
2015,60,60 - РЕЄСТРАЦIЯ ТЗ ЗА ДОГОВОРОМ ДАРУВАННЯ,МОТОЦИКЛ,1
2015,60,60 - РЕЄСТРАЦIЯ ТЗ ЗА ДОГОВОРОМ ДАРУВАННЯ,НАПІВПРИЧІП,4
2015,60,60 - РЕЄСТРАЦIЯ ТЗ ЗА ДОГОВОРОМ ДАРУВАННЯ,ПРИЧІП,1
2015,61,61 - РЕЄСТРАЦIЯ ТЗ ПО УСПАДКУВАННЮ ЗА ЗАПОВIТОМ,ЛЕГКОВИЙ,47
2015,62,62 - РЕЄСТРАЦIЯ ТЗ ПО УСПАДКУВАННЮ ЗА ЗАКОНОМ,АВТОБУС,7
2015,62,62 - РЕЄСТРАЦIЯ ТЗ ПО УСПАДКУВАННЮ ЗА ЗАКОНОМ,ВАНТАЖНИЙ,30
2015,62,62 - РЕЄСТРАЦIЯ ТЗ ПО УСПАДКУВАННЮ ЗА ЗАКОНОМ,ЛЕГКОВИЙ,551
2015,62,62 - РЕЄСТРАЦIЯ ТЗ ПО УСПАДКУВАННЮ ЗА ЗАКОНОМ,МОПЕД,2
2015,62,62 - РЕЄСТРАЦIЯ ТЗ ПО УСПАДКУВАННЮ ЗА ЗАКОНОМ,МОТОЦИКЛ,7
2015,62,62 - РЕЄСТРАЦIЯ ТЗ ПО УСПАДКУВАННЮ ЗА ЗАКОНОМ,НАПІВПРИЧІП,11
2015,62,62 - РЕЄСТРАЦIЯ ТЗ ПО УСПАДКУВАННЮ ЗА ЗАКОНОМ,ПРИЧІП,31
2015,62,62 - РЕЄСТРАЦIЯ ТЗ ПО УСПАДКУВАННЮ ЗА ЗАКОНОМ,ТРИЦИКЛ,1
2015,63,63 - РЕЄСТРАЦIЯ ТЗ У ЗВ`ЯЗКУ З ПЕРЕДАЧЕЮ ДО СТАТУТНОГО ФОНДУ,АВТОБУС,6
2015,63,63 - РЕЄСТРАЦIЯ ТЗ У ЗВ`ЯЗКУ З ПЕРЕДАЧЕЮ ДО СТАТУТНОГО ФОНДУ,ВАНТАЖНИЙ,76
2015,63,63 - РЕЄСТРАЦIЯ ТЗ У ЗВ`ЯЗКУ З ПЕРЕДАЧЕЮ ДО СТАТУТНОГО ФОНДУ,ЛЕГКОВИЙ,26
2015,63,63 - РЕЄСТРАЦIЯ ТЗ У ЗВ`ЯЗКУ З ПЕРЕДАЧЕЮ ДО СТАТУТНОГО ФОНДУ,НАПІВПРИЧІП,34
2015,63,63 - РЕЄСТРАЦIЯ ТЗ У ЗВ`ЯЗКУ З ПЕРЕДАЧЕЮ ДО СТАТУТНОГО ФОНДУ,ПРИЧІП,16
2015,64,64 - РЕЄСТРАЦІЯ КОНФІСКОВАНОГО ТЗ,ВАНТАЖНИЙ,13
2015,64,64 - РЕЄСТРАЦІЯ КОНФІСКОВАНОГО ТЗ,ЛЕГКОВИЙ,51
2015,64,64 - РЕЄСТРАЦІЯ КОНФІСКОВАНОГО ТЗ,МОТОЦИКЛ,4
2015,64,64 - РЕЄСТРАЦІЯ КОНФІСКОВАНОГО ТЗ,ПРИЧІП,2
2015,65,65 - РЕЄСТРАЦIЯ ТЗ ЗА РІШЕННЯМ СУДУ,АВТОБУС,14
2015,65,65 - РЕЄСТРАЦIЯ ТЗ ЗА РІШЕННЯМ СУДУ,ВАНТАЖНИЙ,29
2015,65,65 - РЕЄСТРАЦIЯ ТЗ ЗА РІШЕННЯМ СУДУ,ЛЕГКОВИЙ,101
2015,65,65 - РЕЄСТРАЦIЯ ТЗ ЗА РІШЕННЯМ СУДУ,МОТОЦИКЛ,5
2015,65,65 - РЕЄСТРАЦIЯ ТЗ ЗА РІШЕННЯМ СУДУ,ПРИЧІП,13
2015,69,69 - РЕЄСТРАЦІЯ ТЗ ПО АКТУ ПРИЙОМУ-ПЕРЕДАЧІ,АВТОБУС,449
2015,69,69 - РЕЄСТРАЦІЯ ТЗ ПО АКТУ ПРИЙОМУ-ПЕРЕДАЧІ,ВАНТАЖНИЙ,986
2015,69,69 - РЕЄСТРАЦІЯ ТЗ ПО АКТУ ПРИЙОМУ-ПЕРЕДАЧІ,ЛЕГКОВИЙ,4808
2015,69,69 - РЕЄСТРАЦІЯ ТЗ ПО АКТУ ПРИЙОМУ-ПЕРЕДАЧІ,МОПЕД,5
2015,69,69 - РЕЄСТРАЦІЯ ТЗ ПО АКТУ ПРИЙОМУ-ПЕРЕДАЧІ,МОТОЦИКЛ,116
2015,69,69 - РЕЄСТРАЦІЯ ТЗ ПО АКТУ ПРИЙОМУ-ПЕРЕДАЧІ,НАПІВПРИЧІП,174
2015,69,69 - РЕЄСТРАЦІЯ ТЗ ПО АКТУ ПРИЙОМУ-ПЕРЕДАЧІ,ПРИЧІП,20039
2015,70,70 - РЕЄСТРАЦIЯ ТЗ ПРИВЕЗЕНОГО З-ЗА КОРДОНУ,ВАНТАЖНИЙ,1
2015,70,70 - РЕЄСТРАЦIЯ ТЗ ПРИВЕЗЕНОГО З-ЗА КОРДОНУ,ЛЕГКОВИЙ,3
2015,70,70 - РЕЄСТРАЦIЯ ТЗ ПРИВЕЗЕНОГО З-ЗА КОРДОНУ,ПРИЧІП,1
2015,70,70 - РЕЄСТРАЦIЯ ТЗ ПРИВЕЗЕНОГО З-ЗА КОРДОНУ ПО ВМД,АВТОБУС,811
2015,70,70 - РЕЄСТРАЦIЯ ТЗ ПРИВЕЗЕНОГО З-ЗА КОРДОНУ ПО ВМД,ВАНТАЖНИЙ,12711
2015,70,70 - РЕЄСТРАЦIЯ ТЗ ПРИВЕЗЕНОГО З-ЗА КОРДОНУ ПО ВМД,КВАДРОЦИКЛ,18
2015,70,70 - РЕЄСТРАЦIЯ ТЗ ПРИВЕЗЕНОГО З-ЗА КОРДОНУ ПО ВМД,ЛЕГКОВИЙ,11966
2015,70,70 - РЕЄСТРАЦIЯ ТЗ ПРИВЕЗЕНОГО З-ЗА КОРДОНУ ПО ВМД,МОПЕД,85
2015,70,70 - РЕЄСТРАЦIЯ ТЗ ПРИВЕЗЕНОГО З-ЗА КОРДОНУ ПО ВМД,МОТОЦИКЛ,2359
2015,70,70 - РЕЄСТРАЦIЯ ТЗ ПРИВЕЗЕНОГО З-ЗА КОРДОНУ ПО ВМД,НАПІВПРИЧІП,2389
2015,70,70 - РЕЄСТРАЦIЯ ТЗ ПРИВЕЗЕНОГО З-ЗА КОРДОНУ ПО ВМД,ПРИЧІП,613
2015,70,70 - РЕЄСТРАЦIЯ ТЗ ПРИВЕЗЕНОГО З-ЗА КОРДОНУ ПО ВМД,ТРИЦИКЛ,27
2015,71,71 - РЕЄСТРАЦІЯ ТЗ ПРИВЕЗЕНОГО З-ЗА КОРДОНУ ПО ПОСВІДЧЕННЮ МИТНИЦІ,АВТОБУС,102
2015,71,71 - РЕЄСТРАЦІЯ ТЗ ПРИВЕЗЕНОГО З-ЗА КОРДОНУ ПО ПОСВІДЧЕННЮ МИТНИЦІ,ВАНТАЖНИЙ,2937
2015,71,71 - РЕЄСТРАЦІЯ ТЗ ПРИВЕЗЕНОГО З-ЗА КОРДОНУ ПО ПОСВІДЧЕННЮ МИТНИЦІ,КВАДРОЦИКЛ,3
2015,71,71 - РЕЄСТРАЦІЯ ТЗ ПРИВЕЗЕНОГО З-ЗА КОРДОНУ ПО ПОСВІДЧЕННЮ МИТНИЦІ,ЛЕГКОВИЙ,6593
2015,71,71 - РЕЄСТРАЦІЯ ТЗ ПРИВЕЗЕНОГО З-ЗА КОРДОНУ ПО ПОСВІДЧЕННЮ МИТНИЦІ,МОПЕД,8
2015,71,71 - РЕЄСТРАЦІЯ ТЗ ПРИВЕЗЕНОГО З-ЗА КОРДОНУ ПО ПОСВІДЧЕННЮ МИТНИЦІ,МОТОЦИКЛ,482
2015,71,71 - РЕЄСТРАЦІЯ ТЗ ПРИВЕЗЕНОГО З-ЗА КОРДОНУ ПО ПОСВІДЧЕННЮ МИТНИЦІ,НАПІВПРИЧІП,245
2015,71,71 - РЕЄСТРАЦІЯ ТЗ ПРИВЕЗЕНОГО З-ЗА КОРДОНУ ПО ПОСВІДЧЕННЮ МИТНИЦІ,ПРИЧІП,352
2015,71,71 - РЕЄСТРАЦІЯ ТЗ ПРИВЕЗЕНОГО З-ЗА КОРДОНУ ПО ПОСВІДЧЕННЮ МИТНИЦІ,ТРИЦИКЛ,2
2015,80,80 - РЕЄСТРАЦIЯ ТЗ ПРИДБАНОГО НА АУКЦІОНІ ТОВАР. БIРЖI,АВТОБУС,19
2015,80,80 - РЕЄСТРАЦIЯ ТЗ ПРИДБАНОГО НА АУКЦІОНІ ТОВАР. БIРЖI,ВАНТАЖНИЙ,250
2015,80,80 - РЕЄСТРАЦIЯ ТЗ ПРИДБАНОГО НА АУКЦІОНІ ТОВАР. БIРЖI,ЛЕГКОВИЙ,553
2015,80,80 - РЕЄСТРАЦIЯ ТЗ ПРИДБАНОГО НА АУКЦІОНІ ТОВАР. БIРЖI,МОТОЦИКЛ,17
2015,80,80 - РЕЄСТРАЦIЯ ТЗ ПРИДБАНОГО НА АУКЦІОНІ ТОВАР. БIРЖI,НАПІВПРИЧІП,17
2015,80,80 - РЕЄСТРАЦIЯ ТЗ ПРИДБАНОГО НА АУКЦІОНІ ТОВАР. БIРЖI,ПРИЧІП,40
2015,90,90 - РЕЄСТРАЦIЯ ТЗ ПРИДБАНОГО З ФОНДІВ МІН. ОБОРОНИ,АВТОБУС,2
2015,90,90 - РЕЄСТРАЦIЯ ТЗ ПРИДБАНОГО З ФОНДІВ МІН. ОБОРОНИ,ВАНТАЖНИЙ,289
2015,90,90 - РЕЄСТРАЦIЯ ТЗ ПРИДБАНОГО З ФОНДІВ МІН. ОБОРОНИ,ЛЕГКОВИЙ,12
2015,90,90 - РЕЄСТРАЦIЯ ТЗ ПРИДБАНОГО З ФОНДІВ МІН. ОБОРОНИ,МОТОЦИКЛ,1
2015,90,90 - РЕЄСТРАЦIЯ ТЗ ПРИДБАНОГО З ФОНДІВ МІН. ОБОРОНИ,НАПІВПРИЧІП,3
2015,90,90 - РЕЄСТРАЦIЯ ТЗ ПРИДБАНОГО З ФОНДІВ МІН. ОБОРОНИ,ПРИЧІП,53
2015,99,"99 - ПЕРВИННА РЕЄСТРАЦІЯ ТЗ ПРИДБАНОГО В ТОРГІВЕЛЬНІЙ ОРГАНІЗАЦІЇ, ЯКИЙ ВИГОТОВЛЕНО В УКРА",АВТОБУС,61
2015,99,"99 - ПЕРВИННА РЕЄСТРАЦІЯ ТЗ ПРИДБАНОГО В ТОРГІВЕЛЬНІЙ ОРГАНІЗАЦІЇ, ЯКИЙ ВИГОТОВЛЕНО В УКРА",ВАНТАЖНИЙ,99
2015,99,"99 - ПЕРВИННА РЕЄСТРАЦІЯ ТЗ ПРИДБАНОГО В ТОРГІВЕЛЬНІЙ ОРГАНІЗАЦІЇ, ЯКИЙ ВИГОТОВЛЕНО В УКРА",ЛЕГКОВИЙ,2327
2015,99,"99 - ПЕРВИННА РЕЄСТРАЦІЯ ТЗ ПРИДБАНОГО В ТОРГІВЕЛЬНІЙ ОРГАНІЗАЦІЇ, ЯКИЙ ВИГОТОВЛЕНО В УКРА",МОПЕД,4
2015,99,"99 - ПЕРВИННА РЕЄСТРАЦІЯ ТЗ ПРИДБАНОГО В ТОРГІВЕЛЬНІЙ ОРГАНІЗАЦІЇ, ЯКИЙ ВИГОТОВЛЕНО В УКРА",МОТОЦИКЛ,30
2015,99,"99 - ПЕРВИННА РЕЄСТРАЦІЯ ТЗ ПРИДБАНОГО В ТОРГІВЕЛЬНІЙ ОРГАНІЗАЦІЇ, ЯКИЙ ВИГОТОВЛЕНО В УКРА",НАПІВПРИЧІП,5
2015,99,"99 - ПЕРВИННА РЕЄСТРАЦІЯ ТЗ ПРИДБАНОГО В ТОРГІВЕЛЬНІЙ ОРГАНІЗАЦІЇ, ЯКИЙ ВИГОТОВЛЕНО В УКРА",ПРИЧІП,1397
2016,100,"100 - ПЕРВИННА РЕЄСТРАЦIЯ ТЗ ПРИДБАНОГО В ТОРГІВЕЛЬНІЙ ОРГАНІЗАЦІЇ, УСТАНОВИ",ВАНТАЖНИЙ,2
2016,100,"100 - ПЕРВИННА РЕЄСТРАЦIЯ ТЗ ПРИДБАНОГО В ТОРГІВЕЛЬНІЙ ОРГАНІЗАЦІЇ, УСТАНОВИ",ЛЕГКОВИЙ,6
2016,100,"100 - ПЕРВИННА РЕЄСТРАЦIЯ ТЗ ПРИДБАНОГО В ТОРГІВЕЛЬНІЙ ОРГАНІЗАЦІЇ, ЯКИЙ ВВЕЗЕНО З-ЗА КОРД",АВТОБУС,658
2016,100,"100 - ПЕРВИННА РЕЄСТРАЦIЯ ТЗ ПРИДБАНОГО В ТОРГІВЕЛЬНІЙ ОРГАНІЗАЦІЇ, ЯКИЙ ВВЕЗЕНО З-ЗА КОРД",ВАНТАЖНИЙ,19144
2016,100,"100 - ПЕРВИННА РЕЄСТРАЦIЯ ТЗ ПРИДБАНОГО В ТОРГІВЕЛЬНІЙ ОРГАНІЗАЦІЇ, ЯКИЙ ВВЕЗЕНО З-ЗА КОРД",КВАДРОЦИКЛ,102
2016,100,"100 - ПЕРВИННА РЕЄСТРАЦIЯ ТЗ ПРИДБАНОГО В ТОРГІВЕЛЬНІЙ ОРГАНІЗАЦІЇ, ЯКИЙ ВВЕЗЕНО З-ЗА КОРД",ЛЕГКОВИЙ,59849
2016,100,"100 - ПЕРВИННА РЕЄСТРАЦIЯ ТЗ ПРИДБАНОГО В ТОРГІВЕЛЬНІЙ ОРГАНІЗАЦІЇ, ЯКИЙ ВВЕЗЕНО З-ЗА КОРД",МОПЕД,485
2016,100,"100 - ПЕРВИННА РЕЄСТРАЦIЯ ТЗ ПРИДБАНОГО В ТОРГІВЕЛЬНІЙ ОРГАНІЗАЦІЇ, ЯКИЙ ВВЕЗЕНО З-ЗА КОРД",МОТОЦИКЛ,11420
2016,100,"100 - ПЕРВИННА РЕЄСТРАЦIЯ ТЗ ПРИДБАНОГО В ТОРГІВЕЛЬНІЙ ОРГАНІЗАЦІЇ, ЯКИЙ ВВЕЗЕНО З-ЗА КОРД",НАПІВПРИЧІП,3771
2016,100,"100 - ПЕРВИННА РЕЄСТРАЦIЯ ТЗ ПРИДБАНОГО В ТОРГІВЕЛЬНІЙ ОРГАНІЗАЦІЇ, ЯКИЙ ВВЕЗЕНО З-ЗА КОРД",ПРИЧІП,614
2016,100,"100 - ПЕРВИННА РЕЄСТРАЦIЯ ТЗ ПРИДБАНОГО В ТОРГІВЕЛЬНІЙ ОРГАНІЗАЦІЇ, ЯКИЙ ВВЕЗЕНО З-ЗА КОРД",ТРИЦИКЛ,123
2016,101,101 - РЕЄСТРАЦIЯ ТЗ ЗА ДОГОВОРОМ ЛІЗИНГУ,АВТОБУС,83
2016,101,101 - РЕЄСТРАЦIЯ ТЗ ЗА ДОГОВОРОМ ЛІЗИНГУ,ВАНТАЖНИЙ,1072
2016,101,101 - РЕЄСТРАЦIЯ ТЗ ЗА ДОГОВОРОМ ЛІЗИНГУ,ЛЕГКОВИЙ,4712
2016,101,101 - РЕЄСТРАЦIЯ ТЗ ЗА ДОГОВОРОМ ЛІЗИНГУ,НАПІВПРИЧІП,249
2016,101,101 - РЕЄСТРАЦIЯ ТЗ ЗА ДОГОВОРОМ ЛІЗИНГУ,ПРИЧІП,81
2016,110,110 - РЕЄСТРАЦIЯ ТЗ ОТРИМАНОГО ЧЕРЕЗ ВIДДIЛ СОЦ. ЗАХИСТУ,ЛЕГКОВИЙ,250
2016,110,110 - РЕЄСТРАЦIЯ ТЗ ОТРИМАНОГО ЧЕРЕЗ ВIДДIЛ СОЦ. ЗАХИСТУ,МОТОЦИКЛ,1
2016,13,13 -  ВИПРАВЛЕННЯ VIN-КОДУ (ПІСЛЯ ВИПРАВЛЕННЯ КАРТКУ ВИДАЛИТИ),АВТОБУС,1
2016,13,13 -  ВИПРАВЛЕННЯ VIN-КОДУ (ПІСЛЯ ВИПРАВЛЕННЯ КАРТКУ ВИДАЛИТИ),ВАНТАЖНИЙ,8
2016,13,13 -  ВИПРАВЛЕННЯ VIN-КОДУ (ПІСЛЯ ВИПРАВЛЕННЯ КАРТКУ ВИДАЛИТИ),ЛЕГКОВИЙ,82
2016,13,13 -  ВИПРАВЛЕННЯ VIN-КОДУ (ПІСЛЯ ВИПРАВЛЕННЯ КАРТКУ ВИДАЛИТИ),НАПІВПРИЧІП,1
2016,13,13 -  ВИПРАВЛЕННЯ VIN-КОДУ (ПІСЛЯ ВИПРАВЛЕННЯ КАРТКУ ВИДАЛИТИ),ПРИЧІП,2
2016,130,130 - РЕЄСТРАЦIЯ ТЗ У ЗВ`ЯЗКУ З ПРИЇЗДОМ НА ПМЖ,ВАНТАЖНИЙ,3
2016,130,130 - РЕЄСТРАЦIЯ ТЗ У ЗВ`ЯЗКУ З ПРИЇЗДОМ НА ПМЖ,ЛЕГКОВИЙ,230
2016,130,130 - РЕЄСТРАЦIЯ ТЗ У ЗВ`ЯЗКУ З ПРИЇЗДОМ НА ПМЖ,МОТОЦИКЛ,1
2016,130,130 - РЕЄСТРАЦIЯ ТЗ У ЗВ`ЯЗКУ З ПРИЇЗДОМ НА ПМЖ,ПРИЧІП,5
2016,131,131 - РЕЄСТРАЦІЯ ТЗ У ЗВ'ЯЗКУ З ПРИЇЗДОМ НА ПМП В МЕЖАХ УКРАЇНИ,АВТОБУС,2
2016,131,131 - РЕЄСТРАЦІЯ ТЗ У ЗВ'ЯЗКУ З ПРИЇЗДОМ НА ПМП В МЕЖАХ УКРАЇНИ,ВАНТАЖНИЙ,1
2016,131,131 - РЕЄСТРАЦІЯ ТЗ У ЗВ'ЯЗКУ З ПРИЇЗДОМ НА ПМП В МЕЖАХ УКРАЇНИ,ЛЕГКОВИЙ,19
2016,131,131 - РЕЄСТРАЦІЯ ТЗ У ЗВ'ЯЗКУ З ПРИЇЗДОМ НА ПМП В МЕЖАХ УКРАЇНИ,ПРИЧІП,1
2016,140,140 - ВТОРИННА РЕЄСТРАЦIЯ ТЗ У ЗВ`ЯЗКУ З НЕПРОДАЖЕМ,АВТОБУС,13
2016,140,140 - ВТОРИННА РЕЄСТРАЦIЯ ТЗ У ЗВ`ЯЗКУ З НЕПРОДАЖЕМ,ВАНТАЖНИЙ,105
2016,140,140 - ВТОРИННА РЕЄСТРАЦIЯ ТЗ У ЗВ`ЯЗКУ З НЕПРОДАЖЕМ,ЛЕГКОВИЙ,586
2016,140,140 - ВТОРИННА РЕЄСТРАЦIЯ ТЗ У ЗВ`ЯЗКУ З НЕПРОДАЖЕМ,МОТОЦИКЛ,2
2016,140,140 - ВТОРИННА РЕЄСТРАЦIЯ ТЗ У ЗВ`ЯЗКУ З НЕПРОДАЖЕМ,НАПІВПРИЧІП,25
2016,140,140 - ВТОРИННА РЕЄСТРАЦIЯ ТЗ У ЗВ`ЯЗКУ З НЕПРОДАЖЕМ,ПРИЧІП,22
2016,140,140 - РЕЄСТРАЦIЯ ТЗ У ЗВ`ЯЗКУ З НЕПРОДАЖЕМ,АВТОБУС,21
2016,140,140 - РЕЄСТРАЦIЯ ТЗ У ЗВ`ЯЗКУ З НЕПРОДАЖЕМ,ВАНТАЖНИЙ,116
2016,140,140 - РЕЄСТРАЦIЯ ТЗ У ЗВ`ЯЗКУ З НЕПРОДАЖЕМ,ЛЕГКОВИЙ,738
2016,140,140 - РЕЄСТРАЦIЯ ТЗ У ЗВ`ЯЗКУ З НЕПРОДАЖЕМ,МОТОЦИКЛ,13
2016,140,140 - РЕЄСТРАЦIЯ ТЗ У ЗВ`ЯЗКУ З НЕПРОДАЖЕМ,НАПІВПРИЧІП,48
2016,140,140 - РЕЄСТРАЦIЯ ТЗ У ЗВ`ЯЗКУ З НЕПРОДАЖЕМ,ПРИЧІП,19
2016,141,141 - РЕЄСТРАЦIЯ ТЗ ПIСЛЯ ВIДМIНИ ЇЇ АНУЛЮВАННЯ,ВАНТАЖНИЙ,3
2016,141,141 - РЕЄСТРАЦIЯ ТЗ ПIСЛЯ ВIДМIНИ ЇЇ АНУЛЮВАННЯ,ЛЕГКОВИЙ,93
2016,150,150 - РЕЄСТРАЦIЯ ТЗ САМОСТIЙНО СКЛАДЕНОГО,ВАНТАЖНИЙ,1
2016,150,150 - РЕЄСТРАЦIЯ ТЗ САМОСТIЙНО СКЛАДЕНОГО,МОТОЦИКЛ,1
2016,150,150 - РЕЄСТРАЦIЯ ТЗ САМОСТIЙНО СКЛАДЕНОГО,ПРИЧІП,3
2016,151,151 - РЕЄСТРАЦІЯ ТЗ У ЗВ'ЯЗКУ ЗІ ЗМІНОЮ МІСЦЯ СТОЯНКИ,ЛЕГКОВИЙ,4
2016,17,17 - ПЕРВИННА РЕЄСТРАЦІЯ ТЗ (МОПЕДІВ) ЗА ВИСНОВКАМИ,МОПЕД,1651
2016,172,"172 - ПЕРВИННА РЕЄСТРАЦІЯ ЛЕГКОВИХ ТЗ, ЯКІ ВВЕЗЕНО З-ЗА КОРДОНУ",АВТОБУС,1
2016,172,"172 - ПЕРВИННА РЕЄСТРАЦІЯ ЛЕГКОВИХ ТЗ, ЯКІ ВВЕЗЕНО З-ЗА КОРДОНУ",ВАНТАЖНИЙ,20
2016,172,"172 - ПЕРВИННА РЕЄСТРАЦІЯ ЛЕГКОВИХ ТЗ, ЯКІ ВВЕЗЕНО З-ЗА КОРДОНУ",ЛЕГКОВИЙ,13228
2016,172,"172 - ПЕРВИННА РЕЄСТРАЦІЯ ЛЕГКОВИХ ТЗ, ЯКІ ВВЕЗЕНО З-ЗА КОРДОНУ",ПРИЧІП,1
2016,210,210 -  ВИДАЧА ТИМЧАСОВОГО ТАЛОНУ ЗА ЗАЯВОЮ ВЛАСНИКА ДЛЯ РЕЄСТРАЦІЇ У ТОМУ ЧИСЛІ ПРИ УТОЧНЕ,ВАНТАЖНИЙ,3
2016,210,210 -  ВИДАЧА ТИМЧАСОВОГО ТАЛОНУ ЗА ЗАЯВОЮ ВЛАСНИКА ДЛЯ РЕЄСТРАЦІЇ У ТОМУ ЧИСЛІ ПРИ УТОЧНЕ,ЛЕГКОВИЙ,3
2016,210,210 -  ВИДАЧА ТИМЧАСОВОГО ТАЛОНУ ЗА ЗАЯВОЮ ВЛАСНИКА ДЛЯ РЕЄСТРАЦІЇ У ТОМУ ЧИСЛІ ПРИ УТОЧНЕ,ПРИЧІП,2
2016,212,212 - ВИДАЧА ТИМЧАСОВОГО ТАЛОНА ЗА ЗАЯВОЮ ВЛАСНИКА ДЛЯ ПЕРЕРЕЄСТРАЦІЇ У ТОМУ ЧИСЛІ ПРИ УТО,ВАНТАЖНИЙ,4
2016,212,212 - ВИДАЧА ТИМЧАСОВОГО ТАЛОНА ЗА ЗАЯВОЮ ВЛАСНИКА ДЛЯ ПЕРЕРЕЄСТРАЦІЇ У ТОМУ ЧИСЛІ ПРИ УТО,ЛЕГКОВИЙ,12
2016,220,220 - ВИДАЧА ТИМЧАСОВОГО ТАЛОНУ ПРИ ЗОБОВ'ЯЗАННІ ПРО ЗВОРОТНЕ ВИВЕЗЕННЯ,МОПЕД,1
2016,221,"221 - РЕЄСТРАЦІЮ ТЗ,ВВЕЗЕНОГО ПІД ЗОБОВ'ЯЗАННЯ ПРО ЗВОРОТНЕ ВИВЕЗЕННЯ",АВТОБУС,6
2016,221,"221 - РЕЄСТРАЦІЮ ТЗ,ВВЕЗЕНОГО ПІД ЗОБОВ'ЯЗАННЯ ПРО ЗВОРОТНЕ ВИВЕЗЕННЯ",ВАНТАЖНИЙ,129
2016,221,"221 - РЕЄСТРАЦІЮ ТЗ,ВВЕЗЕНОГО ПІД ЗОБОВ'ЯЗАННЯ ПРО ЗВОРОТНЕ ВИВЕЗЕННЯ",ЛЕГКОВИЙ,906
2016,221,"221 - РЕЄСТРАЦІЮ ТЗ,ВВЕЗЕНОГО ПІД ЗОБОВ'ЯЗАННЯ ПРО ЗВОРОТНЕ ВИВЕЗЕННЯ",МОТОЦИКЛ,4
2016,221,"221 - РЕЄСТРАЦІЮ ТЗ,ВВЕЗЕНОГО ПІД ЗОБОВ'ЯЗАННЯ ПРО ЗВОРОТНЕ ВИВЕЗЕННЯ",НАПІВПРИЧІП,7
2016,221,"221 - РЕЄСТРАЦІЮ ТЗ,ВВЕЗЕНОГО ПІД ЗОБОВ'ЯЗАННЯ ПРО ЗВОРОТНЕ ВИВЕЗЕННЯ",ПРИЧІП,4
2016,230,230 -  ВИДАЧА СВ. ПРО РЕЄСТР ДЛЯ ПОЇЗДКИ ЗА КОРДОН,АВТОБУС,839
2016,230,230 -  ВИДАЧА СВ. ПРО РЕЄСТР ДЛЯ ПОЇЗДКИ ЗА КОРДОН,ВАНТАЖНИЙ,3800
2016,230,230 -  ВИДАЧА СВ. ПРО РЕЄСТР ДЛЯ ПОЇЗДКИ ЗА КОРДОН,ЛЕГКОВИЙ,4162
2016,230,230 -  ВИДАЧА СВ. ПРО РЕЄСТР ДЛЯ ПОЇЗДКИ ЗА КОРДОН,МОТОЦИКЛ,47
2016,230,230 -  ВИДАЧА СВ. ПРО РЕЄСТР ДЛЯ ПОЇЗДКИ ЗА КОРДОН,НАПІВПРИЧІП,2429
2016,230,230 -  ВИДАЧА СВ. ПРО РЕЄСТР ДЛЯ ПОЇЗДКИ ЗА КОРДОН,ПРИЧІП,346
2016,230,230 -  ВИДАЧА СВ. ПРО РЕЄСТР ДЛЯ ПОЇЗДКИ ЗА КОРДОН ПО ДОРУЧ,ЛЕГКОВИЙ,1
2016,230,230 -  ВИДАЧА СВ. ПРО РЕЄСТР ДЛЯ ПОЇЗДКИ ЗА КОРДОН ПО ДОРУЧ,НАПІВПРИЧІП,1
2016,250,250 -  ВИДАЧА ТИМЧАСОВОГО РЕЄСТР ТАЛОНУ ПО ДОРУЧЕННЮ,АВТОБУС,14727
2016,250,250 -  ВИДАЧА ТИМЧАСОВОГО РЕЄСТР ТАЛОНУ ПО ДОРУЧЕННЮ,ВАНТАЖНИЙ,1466
2016,250,250 -  ВИДАЧА ТИМЧАСОВОГО РЕЄСТР ТАЛОНУ ПО ДОРУЧЕННЮ,КВАДРОЦИКЛ,2
2016,250,250 -  ВИДАЧА ТИМЧАСОВОГО РЕЄСТР ТАЛОНУ ПО ДОРУЧЕННЮ,ЛЕГКОВИЙ,2405
2016,250,250 -  ВИДАЧА ТИМЧАСОВОГО РЕЄСТР ТАЛОНУ ПО ДОРУЧЕННЮ,МОПЕД,27
2016,250,250 -  ВИДАЧА ТИМЧАСОВОГО РЕЄСТР ТАЛОНУ ПО ДОРУЧЕННЮ,МОТОЦИКЛ,56
2016,250,250 -  ВИДАЧА ТИМЧАСОВОГО РЕЄСТР ТАЛОНУ ПО ДОРУЧЕННЮ,НАПІВПРИЧІП,919
2016,250,250 -  ВИДАЧА ТИМЧАСОВОГО РЕЄСТР ТАЛОНУ ПО ДОРУЧЕННЮ,ПРИЧІП,469
2016,250,250 -  ВИДАЧА ТИМЧАСОВОГО РЕЄСТР ТАЛОНУ ПО ДОРУЧЕННЮ,ТРИЦИКЛ,3
2016,252,252 -  ВИДАЧА ТИМЧАС. РЕЄСТР. ТАЛОНУ НА ПРАВО КЕР ЗА ЗАЯВОЮ ВЛ,АВТОБУС,2061
2016,252,252 -  ВИДАЧА ТИМЧАС. РЕЄСТР. ТАЛОНУ НА ПРАВО КЕР ЗА ЗАЯВОЮ ВЛ,ВАНТАЖНИЙ,555
2016,252,252 -  ВИДАЧА ТИМЧАС. РЕЄСТР. ТАЛОНУ НА ПРАВО КЕР ЗА ЗАЯВОЮ ВЛ,ЛЕГКОВИЙ,4320
2016,252,252 -  ВИДАЧА ТИМЧАС. РЕЄСТР. ТАЛОНУ НА ПРАВО КЕР ЗА ЗАЯВОЮ ВЛ,МОПЕД,8
2016,252,252 -  ВИДАЧА ТИМЧАС. РЕЄСТР. ТАЛОНУ НА ПРАВО КЕР ЗА ЗАЯВОЮ ВЛ,МОТОЦИКЛ,18
2016,252,252 -  ВИДАЧА ТИМЧАС. РЕЄСТР. ТАЛОНУ НА ПРАВО КЕР ЗА ЗАЯВОЮ ВЛ,НАПІВПРИЧІП,203
2016,252,252 -  ВИДАЧА ТИМЧАС. РЕЄСТР. ТАЛОНУ НА ПРАВО КЕР ЗА ЗАЯВОЮ ВЛ,ПРИЧІП,66
2016,252,252 -  ВИДАЧА ТИМЧАС. РЕЄСТР. ТАЛОНУ НА ПРАВО КЕР ЗА ЗАЯВОЮ ВЛ,ТРИЦИКЛ,1
2016,255,255 -  АНУЛЮВАННЯ ВИДАЧI ТИМЧАС. РЕЄСТРАЦIЙНОГО ТАЛОНУ ПО ДОРУЧ,АВТОБУС,1898
2016,255,255 -  АНУЛЮВАННЯ ВИДАЧI ТИМЧАС. РЕЄСТРАЦIЙНОГО ТАЛОНУ ПО ДОРУЧ,ВАНТАЖНИЙ,149
2016,255,255 -  АНУЛЮВАННЯ ВИДАЧI ТИМЧАС. РЕЄСТРАЦIЙНОГО ТАЛОНУ ПО ДОРУЧ,ЛЕГКОВИЙ,225
2016,255,255 -  АНУЛЮВАННЯ ВИДАЧI ТИМЧАС. РЕЄСТРАЦIЙНОГО ТАЛОНУ ПО ДОРУЧ,МОПЕД,1
2016,255,255 -  АНУЛЮВАННЯ ВИДАЧI ТИМЧАС. РЕЄСТРАЦIЙНОГО ТАЛОНУ ПО ДОРУЧ,МОТОЦИКЛ,6
2016,255,255 -  АНУЛЮВАННЯ ВИДАЧI ТИМЧАС. РЕЄСТРАЦIЙНОГО ТАЛОНУ ПО ДОРУЧ,НАПІВПРИЧІП,191
2016,255,255 -  АНУЛЮВАННЯ ВИДАЧI ТИМЧАС. РЕЄСТРАЦIЙНОГО ТАЛОНУ ПО ДОРУЧ,ПРИЧІП,24
2016,256,256 -  АНУЛЮВАННЯ ВИДАЧI ТИМЧАС. РЕЕСТР. ТАЛОНУ ПО ЗАЯВI ВЛ,АВТОБУС,147
2016,256,256 -  АНУЛЮВАННЯ ВИДАЧI ТИМЧАС. РЕЕСТР. ТАЛОНУ ПО ЗАЯВI ВЛ,ВАНТАЖНИЙ,19
2016,256,256 -  АНУЛЮВАННЯ ВИДАЧI ТИМЧАС. РЕЕСТР. ТАЛОНУ ПО ЗАЯВI ВЛ,ЛЕГКОВИЙ,180
2016,256,256 -  АНУЛЮВАННЯ ВИДАЧI ТИМЧАС. РЕЕСТР. ТАЛОНУ ПО ЗАЯВI ВЛ,НАПІВПРИЧІП,8
2016,256,256 -  АНУЛЮВАННЯ ВИДАЧI ТИМЧАС. РЕЕСТР. ТАЛОНУ ПО ЗАЯВI ВЛ,ПРИЧІП,5
2016,260,260 - ВИДАЧА ТИМЧ. РЕЄСТР. ТАЛОНУ ПРИ ВИЯВЛЕННI ТЗ ВИКР ЗА КОРД,ВАНТАЖНИЙ,2
2016,260,260 - ВИДАЧА ТИМЧ. РЕЄСТР. ТАЛОНУ ПРИ ВИЯВЛЕННI ТЗ ВИКР ЗА КОРД,ЛЕГКОВИЙ,11
2016,260,260 - ВИДАЧА ТИМЧ. РЕЄСТР. ТАЛОНУ ПРИ ВИЯВЛЕННI ТЗ ВИКР ЗА КОРД,МОТОЦИКЛ,1
2016,270,270 - ВИДАЧА ТИМЧАС. ТАЛ. ДЛЯ МОПЕДІВ БЕЗ ОБМЕЖ СТРОКУ РЕЄС.,МОПЕД,5346
2016,30,30 - ПЕРВИННА РЕЄСТРАЦІЯ ТЗ ДЛЯ ІНДИВ. ВЛАСНИКА,ВАНТАЖНИЙ,6
2016,30,30 - ПЕРВИННА РЕЄСТРАЦІЯ ТЗ ДЛЯ ІНДИВ. ВЛАСНИКА,ЛЕГКОВИЙ,23
2016,30,30 - ПЕРВИННА РЕЄСТРАЦІЯ ТЗ ДЛЯ ІНДИВ. ВЛАСНИКА,МОПЕД,2
2016,30,30 - ПЕРВИННА РЕЄСТРАЦІЯ ТЗ ДЛЯ ІНДИВ. ВЛАСНИКА,МОТОЦИКЛ,11
2016,30,30 - ПЕРВИННА РЕЄСТРАЦІЯ ТЗ ДЛЯ ІНДИВ. ВЛАСНИКА,ПРИЧІП,17
2016,300,300 - ПЕРЕРЕЄСТРАЦIЯ НА НОВОГО ВЛАСНИКА ЗА СВIД. НА СПIЛЬНЕ МАЙНО,АВТОБУС,33
2016,300,300 - ПЕРЕРЕЄСТРАЦIЯ НА НОВОГО ВЛАСНИКА ЗА СВIД. НА СПIЛЬНЕ МАЙНО,ВАНТАЖНИЙ,18
2016,300,300 - ПЕРЕРЕЄСТРАЦIЯ НА НОВОГО ВЛАСНИКА ЗА СВIД. НА СПIЛЬНЕ МАЙНО,ЛЕГКОВИЙ,94
2016,300,300 - ПЕРЕРЕЄСТРАЦIЯ НА НОВОГО ВЛАСНИКА ЗА СВIД. НА СПIЛЬНЕ МАЙНО,МОТОЦИКЛ,1
2016,300,300 - ПЕРЕРЕЄСТРАЦIЯ НА НОВОГО ВЛАСНИКА ЗА СВIД. НА СПIЛЬНЕ МАЙНО,ПРИЧІП,4
2016,308,308 - ПЕРЕРЕЄСТРАЦІЯ НА НОВОГО ВЛАСНИКА ЗА ДОГ. КУПIВЛI-ПРОДАЖУ (СГ),АВТОБУС,277
2016,308,308 - ПЕРЕРЕЄСТРАЦІЯ НА НОВОГО ВЛАСНИКА ЗА ДОГ. КУПIВЛI-ПРОДАЖУ (СГ),ВАНТАЖНИЙ,2407
2016,308,308 - ПЕРЕРЕЄСТРАЦІЯ НА НОВОГО ВЛАСНИКА ЗА ДОГ. КУПIВЛI-ПРОДАЖУ (СГ),ЛЕГКОВИЙ,14134
2016,308,308 - ПЕРЕРЕЄСТРАЦІЯ НА НОВОГО ВЛАСНИКА ЗА ДОГ. КУПIВЛI-ПРОДАЖУ (СГ),МОТОЦИКЛ,106
2016,308,308 - ПЕРЕРЕЄСТРАЦІЯ НА НОВОГО ВЛАСНИКА ЗА ДОГ. КУПIВЛI-ПРОДАЖУ (СГ),НАПІВПРИЧІП,297
2016,308,308 - ПЕРЕРЕЄСТРАЦІЯ НА НОВОГО ВЛАСНИКА ЗА ДОГ. КУПIВЛI-ПРОДАЖУ (СГ),ПРИЧІП,225
2016,309,309 - ПЕРЕРЕЄСТРАЦІЯ ТЗ НА НОВОГО ВЛАСНИКА ЗА ДОВІДКОЙ-РАХУНОК,АВТОБУС,107
2016,309,309 - ПЕРЕРЕЄСТРАЦІЯ ТЗ НА НОВОГО ВЛАСНИКА ЗА ДОВІДКОЙ-РАХУНОК,ВАНТАЖНИЙ,858
2016,309,309 - ПЕРЕРЕЄСТРАЦІЯ ТЗ НА НОВОГО ВЛАСНИКА ЗА ДОВІДКОЙ-РАХУНОК,ЛЕГКОВИЙ,5540
2016,309,309 - ПЕРЕРЕЄСТРАЦІЯ ТЗ НА НОВОГО ВЛАСНИКА ЗА ДОВІДКОЙ-РАХУНОК,МОТОЦИКЛ,109
2016,309,309 - ПЕРЕРЕЄСТРАЦІЯ ТЗ НА НОВОГО ВЛАСНИКА ЗА ДОВІДКОЙ-РАХУНОК,НАПІВПРИЧІП,124
2016,309,309 - ПЕРЕРЕЄСТРАЦІЯ ТЗ НА НОВОГО ВЛАСНИКА ЗА ДОВІДКОЙ-РАХУНОК,ПРИЧІП,132
2016,309,309 - ПЕРЕРЕЄСТРАЦІЯ ТЗ НА НОВОГО ВЛАСНИКА ЗА ДОВІДКОЮ-РАХУНКОМ,ЛЕГКОВИЙ,16
2016,309,309 - ПЕРЕРЕЄСТРАЦІЯ ТЗ НА НОВОГО ВЛАСНИКА ЗА ДОВІДКОЮ-РАХУНКОМ,НАПІВПРИЧІП,1
2016,310,310 - ПЕРЕРЕЄСТРАЦІЯ НА НОВОГО ВЛАСНИКА ЗА ДОГ. КУП.-ПРОД.(ОФОРМ.НОТАРІАЛЬНО ТА ІНШ.),АВТОБУС,133
2016,310,310 - ПЕРЕРЕЄСТРАЦІЯ НА НОВОГО ВЛАСНИКА ЗА ДОГ. КУП.-ПРОД.(ОФОРМ.НОТАРІАЛЬНО ТА ІНШ.),ВАНТАЖНИЙ,704
2016,310,310 - ПЕРЕРЕЄСТРАЦІЯ НА НОВОГО ВЛАСНИКА ЗА ДОГ. КУП.-ПРОД.(ОФОРМ.НОТАРІАЛЬНО ТА ІНШ.),ЛЕГКОВИЙ,3717
2016,310,310 - ПЕРЕРЕЄСТРАЦІЯ НА НОВОГО ВЛАСНИКА ЗА ДОГ. КУП.-ПРОД.(ОФОРМ.НОТАРІАЛЬНО ТА ІНШ.),МОПЕД,5
2016,310,310 - ПЕРЕРЕЄСТРАЦІЯ НА НОВОГО ВЛАСНИКА ЗА ДОГ. КУП.-ПРОД.(ОФОРМ.НОТАРІАЛЬНО ТА ІНШ.),МОТОЦИКЛ,55
2016,310,310 - ПЕРЕРЕЄСТРАЦІЯ НА НОВОГО ВЛАСНИКА ЗА ДОГ. КУП.-ПРОД.(ОФОРМ.НОТАРІАЛЬНО ТА ІНШ.),НАПІВПРИЧІП,122
2016,310,310 - ПЕРЕРЕЄСТРАЦІЯ НА НОВОГО ВЛАСНИКА ЗА ДОГ. КУП.-ПРОД.(ОФОРМ.НОТАРІАЛЬНО ТА ІНШ.),ПРИЧІП,96
2016,310,310 - ПЕРЕРЕЄСТРАЦІЯ НА НОВОГО ВЛАСНИКА ЗА ДОГ. КУП.-ПРОД.ТА ІНШ.(ОФОРМ.НОТАРІАЛЬНО ),АВТОБУС,1
2016,310,310 - ПЕРЕРЕЄСТРАЦІЯ НА НОВОГО ВЛАСНИКА ЗА ДОГ. КУП.-ПРОД.ТА ІНШ.(ОФОРМ.НОТАРІАЛЬНО ),ВАНТАЖНИЙ,28
2016,310,310 - ПЕРЕРЕЄСТРАЦІЯ НА НОВОГО ВЛАСНИКА ЗА ДОГ. КУП.-ПРОД.ТА ІНШ.(ОФОРМ.НОТАРІАЛЬНО ),ЛЕГКОВИЙ,185
2016,310,310 - ПЕРЕРЕЄСТРАЦІЯ НА НОВОГО ВЛАСНИКА ЗА ДОГ. КУП.-ПРОД.ТА ІНШ.(ОФОРМ.НОТАРІАЛЬНО ),МОТОЦИКЛ,2
2016,310,310 - ПЕРЕРЕЄСТРАЦІЯ НА НОВОГО ВЛАСНИКА ЗА ДОГ. КУП.-ПРОД.ТА ІНШ.(ОФОРМ.НОТАРІАЛЬНО ),НАПІВПРИЧІП,2
2016,310,310 - ПЕРЕРЕЄСТРАЦІЯ НА НОВОГО ВЛАСНИКА ЗА ДОГ. КУПIВЛI-ПРОДАЖУ,АВТОБУС,4620
2016,310,310 - ПЕРЕРЕЄСТРАЦІЯ НА НОВОГО ВЛАСНИКА ЗА ДОГ. КУПIВЛI-ПРОДАЖУ,ВАНТАЖНИЙ,31547
2016,310,310 - ПЕРЕРЕЄСТРАЦІЯ НА НОВОГО ВЛАСНИКА ЗА ДОГ. КУПIВЛI-ПРОДАЖУ,КВАДРОЦИКЛ,3
2016,310,310 - ПЕРЕРЕЄСТРАЦІЯ НА НОВОГО ВЛАСНИКА ЗА ДОГ. КУПIВЛI-ПРОДАЖУ,ЛЕГКОВИЙ,222640
2016,310,310 - ПЕРЕРЕЄСТРАЦІЯ НА НОВОГО ВЛАСНИКА ЗА ДОГ. КУПIВЛI-ПРОДАЖУ,МОПЕД,185
2016,310,310 - ПЕРЕРЕЄСТРАЦІЯ НА НОВОГО ВЛАСНИКА ЗА ДОГ. КУПIВЛI-ПРОДАЖУ,МОТОЦИКЛ,3479
2016,310,310 - ПЕРЕРЕЄСТРАЦІЯ НА НОВОГО ВЛАСНИКА ЗА ДОГ. КУПIВЛI-ПРОДАЖУ,НАПІВПРИЧІП,3707
2016,310,310 - ПЕРЕРЕЄСТРАЦІЯ НА НОВОГО ВЛАСНИКА ЗА ДОГ. КУПIВЛI-ПРОДАЖУ,ПРИЧІП,3184
2016,310,310 - ПЕРЕРЕЄСТРАЦІЯ НА НОВОГО ВЛАСНИКА ЗА ДОГ. КУПIВЛI-ПРОДАЖУ,ТРИЦИКЛ,20
2016,310,310 - ПЕРЕРЕЄСТРАЦІЯ НА НОВОГО ВЛАСНИКА ЗА ДОГ. КУПIВЛI-ПРОДАЖУ (СГ),ЛЕГКОВИЙ,3
2016,311,311 - ПЕРЕРЕЄСТРАЦIЯ НА НОВОГО ВЛАСНИКА ЗА ДОГОВОРОМ МIНИ,АВТОБУС,9
2016,311,311 - ПЕРЕРЕЄСТРАЦIЯ НА НОВОГО ВЛАСНИКА ЗА ДОГОВОРОМ МIНИ,ВАНТАЖНИЙ,10
2016,311,311 - ПЕРЕРЕЄСТРАЦIЯ НА НОВОГО ВЛАСНИКА ЗА ДОГОВОРОМ МIНИ,ЛЕГКОВИЙ,46
2016,311,311 - ПЕРЕРЕЄСТРАЦIЯ НА НОВОГО ВЛАСНИКА ЗА ДОГОВОРОМ МIНИ,МОТОЦИКЛ,1
2016,312,"312 - ПЕРЕРЕЄСТРАЦІЯ ТЗ НА НОВОГО ВЛАСНИКА, ОТРИМАНОГО ЧЕРЕЗ ВІДДІЛ СОЦ.ЗАХИСТУ",ЛЕГКОВИЙ,208
2016,315,315 - ПЕРЕРЕЄСТРАЦІЯ ТЗ НА НОВ. ВЛАСН. ПО ДОГОВОРУ УКЛАДЕНОМУ В ТСЦ,АВТОБУС,3697
2016,315,315 - ПЕРЕРЕЄСТРАЦІЯ ТЗ НА НОВ. ВЛАСН. ПО ДОГОВОРУ УКЛАДЕНОМУ В ТСЦ,ВАНТАЖНИЙ,29154
2016,315,315 - ПЕРЕРЕЄСТРАЦІЯ ТЗ НА НОВ. ВЛАСН. ПО ДОГОВОРУ УКЛАДЕНОМУ В ТСЦ,КВАДРОЦИКЛ,4
2016,315,315 - ПЕРЕРЕЄСТРАЦІЯ ТЗ НА НОВ. ВЛАСН. ПО ДОГОВОРУ УКЛАДЕНОМУ В ТСЦ,ЛЕГКОВИЙ,200245
2016,315,315 - ПЕРЕРЕЄСТРАЦІЯ ТЗ НА НОВ. ВЛАСН. ПО ДОГОВОРУ УКЛАДЕНОМУ В ТСЦ,МОПЕД,136
2016,315,315 - ПЕРЕРЕЄСТРАЦІЯ ТЗ НА НОВ. ВЛАСН. ПО ДОГОВОРУ УКЛАДЕНОМУ В ТСЦ,МОТОЦИКЛ,2385
2016,315,315 - ПЕРЕРЕЄСТРАЦІЯ ТЗ НА НОВ. ВЛАСН. ПО ДОГОВОРУ УКЛАДЕНОМУ В ТСЦ,НАПІВПРИЧІП,3295
2016,315,315 - ПЕРЕРЕЄСТРАЦІЯ ТЗ НА НОВ. ВЛАСН. ПО ДОГОВОРУ УКЛАДЕНОМУ В ТСЦ,ПРИЧІП,2961
2016,315,315 - ПЕРЕРЕЄСТРАЦІЯ ТЗ НА НОВ. ВЛАСН. ПО ДОГОВОРУ УКЛАДЕНОМУ В ТСЦ,ТРИЦИКЛ,8
2016,319,319 - ПЕРЕРЕЄСТРАЦІЯ ТЗ НА НОВОГО ВЛАСНИКА ЗА АКТОМ ПРИЙОМУ-ПЕРЕДАЧІ,АВТОБУС,697
2016,319,319 - ПЕРЕРЕЄСТРАЦІЯ ТЗ НА НОВОГО ВЛАСНИКА ЗА АКТОМ ПРИЙОМУ-ПЕРЕДАЧІ,ВАНТАЖНИЙ,1686
2016,319,319 - ПЕРЕРЕЄСТРАЦІЯ ТЗ НА НОВОГО ВЛАСНИКА ЗА АКТОМ ПРИЙОМУ-ПЕРЕДАЧІ,ЛЕГКОВИЙ,8637
2016,319,319 - ПЕРЕРЕЄСТРАЦІЯ ТЗ НА НОВОГО ВЛАСНИКА ЗА АКТОМ ПРИЙОМУ-ПЕРЕДАЧІ,МОПЕД,7
2016,319,319 - ПЕРЕРЕЄСТРАЦІЯ ТЗ НА НОВОГО ВЛАСНИКА ЗА АКТОМ ПРИЙОМУ-ПЕРЕДАЧІ,МОТОЦИКЛ,83
2016,319,319 - ПЕРЕРЕЄСТРАЦІЯ ТЗ НА НОВОГО ВЛАСНИКА ЗА АКТОМ ПРИЙОМУ-ПЕРЕДАЧІ,НАПІВПРИЧІП,118
2016,319,319 - ПЕРЕРЕЄСТРАЦІЯ ТЗ НА НОВОГО ВЛАСНИКА ЗА АКТОМ ПРИЙОМУ-ПЕРЕДАЧІ,ПРИЧІП,124
2016,320,320 - ПЕРЕРЕЄСТРАЦIЯ НА НОВ. ВЛАС. ЗА ДОГ. ДАРУВАННЯ,АВТОБУС,55
2016,320,320 - ПЕРЕРЕЄСТРАЦIЯ НА НОВ. ВЛАС. ЗА ДОГ. ДАРУВАННЯ,ВАНТАЖНИЙ,161
2016,320,320 - ПЕРЕРЕЄСТРАЦIЯ НА НОВ. ВЛАС. ЗА ДОГ. ДАРУВАННЯ,ЛЕГКОВИЙ,1124
2016,320,320 - ПЕРЕРЕЄСТРАЦIЯ НА НОВ. ВЛАС. ЗА ДОГ. ДАРУВАННЯ,МОТОЦИКЛ,7
2016,320,320 - ПЕРЕРЕЄСТРАЦIЯ НА НОВ. ВЛАС. ЗА ДОГ. ДАРУВАННЯ,НАПІВПРИЧІП,26
2016,320,320 - ПЕРЕРЕЄСТРАЦIЯ НА НОВ. ВЛАС. ЗА ДОГ. ДАРУВАННЯ,ПРИЧІП,38
2016,320,320 - ПЕРЕРЕЄСТРАЦIЯ НА НОВ. ВЛАС. ЗА ДОГ. ДАРУВАННЯ,ТРИЦИКЛ,1
2016,321,321 - ПЕРЕРЕЄСТРАЦIЯ ТЗ НА НОВ. ВЛАС. ПО УСПАДКУВАННЮ ЗА ЗАПОВIТОМ,АВТОБУС,4
2016,321,321 - ПЕРЕРЕЄСТРАЦIЯ ТЗ НА НОВ. ВЛАС. ПО УСПАДКУВАННЮ ЗА ЗАПОВIТОМ,ВАНТАЖНИЙ,82
2016,321,321 - ПЕРЕРЕЄСТРАЦIЯ ТЗ НА НОВ. ВЛАС. ПО УСПАДКУВАННЮ ЗА ЗАПОВIТОМ,ЛЕГКОВИЙ,1538
2016,321,321 - ПЕРЕРЕЄСТРАЦIЯ ТЗ НА НОВ. ВЛАС. ПО УСПАДКУВАННЮ ЗА ЗАПОВIТОМ,МОПЕД,1
2016,321,321 - ПЕРЕРЕЄСТРАЦIЯ ТЗ НА НОВ. ВЛАС. ПО УСПАДКУВАННЮ ЗА ЗАПОВIТОМ,МОТОЦИКЛ,20
2016,321,321 - ПЕРЕРЕЄСТРАЦIЯ ТЗ НА НОВ. ВЛАС. ПО УСПАДКУВАННЮ ЗА ЗАПОВIТОМ,НАПІВПРИЧІП,24
2016,321,321 - ПЕРЕРЕЄСТРАЦIЯ ТЗ НА НОВ. ВЛАС. ПО УСПАДКУВАННЮ ЗА ЗАПОВIТОМ,ПРИЧІП,86
2016,322,322 - ПЕРЕРЕЄСТРАЦIЯ ТЗ НА НОВ. ВЛАС. ПО УСПАДКУВАННЮ ЗА ЗАКОНОМ,АВТОБУС,154
2016,322,322 - ПЕРЕРЕЄСТРАЦIЯ ТЗ НА НОВ. ВЛАС. ПО УСПАДКУВАННЮ ЗА ЗАКОНОМ,ВАНТАЖНИЙ,889
2016,322,322 - ПЕРЕРЕЄСТРАЦIЯ ТЗ НА НОВ. ВЛАС. ПО УСПАДКУВАННЮ ЗА ЗАКОНОМ,КВАДРОЦИКЛ,1
2016,322,322 - ПЕРЕРЕЄСТРАЦIЯ ТЗ НА НОВ. ВЛАС. ПО УСПАДКУВАННЮ ЗА ЗАКОНОМ,ЛЕГКОВИЙ,15875
2016,322,322 - ПЕРЕРЕЄСТРАЦIЯ ТЗ НА НОВ. ВЛАС. ПО УСПАДКУВАННЮ ЗА ЗАКОНОМ,МОПЕД,16
2016,322,322 - ПЕРЕРЕЄСТРАЦIЯ ТЗ НА НОВ. ВЛАС. ПО УСПАДКУВАННЮ ЗА ЗАКОНОМ,МОТОЦИКЛ,136
2016,322,322 - ПЕРЕРЕЄСТРАЦIЯ ТЗ НА НОВ. ВЛАС. ПО УСПАДКУВАННЮ ЗА ЗАКОНОМ,НАПІВПРИЧІП,59
2016,322,322 - ПЕРЕРЕЄСТРАЦIЯ ТЗ НА НОВ. ВЛАС. ПО УСПАДКУВАННЮ ЗА ЗАКОНОМ,ПРИЧІП,734
2016,322,322 - ПЕРЕРЕЄСТРАЦIЯ ТЗ НА НОВ. ВЛАС. ПО УСПАДКУВАННЮ ЗА ЗАКОНОМ,ТРИЦИКЛ,1
2016,330,330 - ПЕРЕРЕЄСТРАЦIЯ НА НОВОГО ВЛАСНИКА ЗА РIШЕННЯМ СУДУ,АВТОБУС,15
2016,330,330 - ПЕРЕРЕЄСТРАЦIЯ НА НОВОГО ВЛАСНИКА ЗА РIШЕННЯМ СУДУ,ВАНТАЖНИЙ,176
2016,330,330 - ПЕРЕРЕЄСТРАЦIЯ НА НОВОГО ВЛАСНИКА ЗА РIШЕННЯМ СУДУ,ЛЕГКОВИЙ,762
2016,330,330 - ПЕРЕРЕЄСТРАЦIЯ НА НОВОГО ВЛАСНИКА ЗА РIШЕННЯМ СУДУ,МОТОЦИКЛ,8
2016,330,330 - ПЕРЕРЕЄСТРАЦIЯ НА НОВОГО ВЛАСНИКА ЗА РIШЕННЯМ СУДУ,НАПІВПРИЧІП,25
2016,330,330 - ПЕРЕРЕЄСТРАЦIЯ НА НОВОГО ВЛАСНИКА ЗА РIШЕННЯМ СУДУ,ПРИЧІП,29
2016,331,331 - ПЕРЕРЕЄСТРАЦІЯ ТЗ НА НОВОГО ВЛАСНИКА ЗА АКТОМ ПРОВЕДЕНОГО АУКЦІОНУ,АВТОБУС,87
2016,331,331 - ПЕРЕРЕЄСТРАЦІЯ ТЗ НА НОВОГО ВЛАСНИКА ЗА АКТОМ ПРОВЕДЕНОГО АУКЦІОНУ,ВАНТАЖНИЙ,416
2016,331,331 - ПЕРЕРЕЄСТРАЦІЯ ТЗ НА НОВОГО ВЛАСНИКА ЗА АКТОМ ПРОВЕДЕНОГО АУКЦІОНУ,ЛЕГКОВИЙ,1374
2016,331,331 - ПЕРЕРЕЄСТРАЦІЯ ТЗ НА НОВОГО ВЛАСНИКА ЗА АКТОМ ПРОВЕДЕНОГО АУКЦІОНУ,МОПЕД,2
2016,331,331 - ПЕРЕРЕЄСТРАЦІЯ ТЗ НА НОВОГО ВЛАСНИКА ЗА АКТОМ ПРОВЕДЕНОГО АУКЦІОНУ,МОТОЦИКЛ,3
2016,331,331 - ПЕРЕРЕЄСТРАЦІЯ ТЗ НА НОВОГО ВЛАСНИКА ЗА АКТОМ ПРОВЕДЕНОГО АУКЦІОНУ,НАПІВПРИЧІП,44
2016,331,331 - ПЕРЕРЕЄСТРАЦІЯ ТЗ НА НОВОГО ВЛАСНИКА ЗА АКТОМ ПРОВЕДЕНОГО АУКЦІОНУ,ПРИЧІП,43
2016,332,332 - ПЕРЕРЕЄСТРАЦІЯ ТЗ НА НОВОГО ВЛАСНИКА ЗА ПОСТАНОВОЮ ПРО ПЕРЕДАЧУ МАЙНА,АВТОБУС,14
2016,332,332 - ПЕРЕРЕЄСТРАЦІЯ ТЗ НА НОВОГО ВЛАСНИКА ЗА ПОСТАНОВОЮ ПРО ПЕРЕДАЧУ МАЙНА,ВАНТАЖНИЙ,48
2016,332,332 - ПЕРЕРЕЄСТРАЦІЯ ТЗ НА НОВОГО ВЛАСНИКА ЗА ПОСТАНОВОЮ ПРО ПЕРЕДАЧУ МАЙНА,ЛЕГКОВИЙ,137
2016,332,332 - ПЕРЕРЕЄСТРАЦІЯ ТЗ НА НОВОГО ВЛАСНИКА ЗА ПОСТАНОВОЮ ПРО ПЕРЕДАЧУ МАЙНА,МОТОЦИКЛ,1
2016,332,332 - ПЕРЕРЕЄСТРАЦІЯ ТЗ НА НОВОГО ВЛАСНИКА ЗА ПОСТАНОВОЮ ПРО ПЕРЕДАЧУ МАЙНА,НАПІВПРИЧІП,6
2016,332,332 - ПЕРЕРЕЄСТРАЦІЯ ТЗ НА НОВОГО ВЛАСНИКА ЗА ПОСТАНОВОЮ ПРО ПЕРЕДАЧУ МАЙНА,ПРИЧІП,2
2016,340,340 - ПЕРЕРЕЄСТРАЦIЯ У ЗВ`ЯЗКУ ЗI ЗМIНОЮ АНКЕТНИХ ДАНИХ ВЛАСНИКА,АВТОБУС,442
2016,340,340 - ПЕРЕРЕЄСТРАЦIЯ У ЗВ`ЯЗКУ ЗI ЗМIНОЮ АНКЕТНИХ ДАНИХ ВЛАСНИКА,ВАНТАЖНИЙ,1579
2016,340,340 - ПЕРЕРЕЄСТРАЦIЯ У ЗВ`ЯЗКУ ЗI ЗМIНОЮ АНКЕТНИХ ДАНИХ ВЛАСНИКА,ЛЕГКОВИЙ,11676
2016,340,340 - ПЕРЕРЕЄСТРАЦIЯ У ЗВ`ЯЗКУ ЗI ЗМIНОЮ АНКЕТНИХ ДАНИХ ВЛАСНИКА,МОПЕД,18
2016,340,340 - ПЕРЕРЕЄСТРАЦIЯ У ЗВ`ЯЗКУ ЗI ЗМIНОЮ АНКЕТНИХ ДАНИХ ВЛАСНИКА,МОТОЦИКЛ,85
2016,340,340 - ПЕРЕРЕЄСТРАЦIЯ У ЗВ`ЯЗКУ ЗI ЗМIНОЮ АНКЕТНИХ ДАНИХ ВЛАСНИКА,НАПІВПРИЧІП,283
2016,340,340 - ПЕРЕРЕЄСТРАЦIЯ У ЗВ`ЯЗКУ ЗI ЗМIНОЮ АНКЕТНИХ ДАНИХ ВЛАСНИКА,ПРИЧІП,216
2016,341,341 - ПЕРЕРЕЄСТРАЦІЯ РАНІШЕ ВИКРАДЕНОГО ТЗ,ЛЕГКОВИЙ,15
2016,341,341 - ПЕРЕРЕЄСТРАЦІЯ РАНІШЕ ВИКРАДЕНОГО ТЗ,МОПЕД,1
2016,341,341 - ПЕРЕРЕЄСТРАЦІЯ РАНІШЕ ВИКРАДЕНОГО ТЗ,МОТОЦИКЛ,5
2016,343,343 - ПЕРЕРЕЄСТРАЦІЯ У ЗВ'ЯЗКУ ІЗ ЗМІНОЮ ДАНИХ ВЛАСНИКА АБО ТЗ ОТРИМАНОГО ЧЕРЕЗ ВІДДІЛ СОЦ,ЛЕГКОВИЙ,355
2016,350,350 - ПЕРЕРЕЄСТРАЦIЯ У ЗВ`ЯЗКУ ЗI ЗМIНОЮ НАЗВИ ОРГАНIЗАЦIЇ,АВТОБУС,777
2016,350,350 - ПЕРЕРЕЄСТРАЦIЯ У ЗВ`ЯЗКУ ЗI ЗМIНОЮ НАЗВИ ОРГАНIЗАЦIЇ,ВАНТАЖНИЙ,3923
2016,350,350 - ПЕРЕРЕЄСТРАЦIЯ У ЗВ`ЯЗКУ ЗI ЗМIНОЮ НАЗВИ ОРГАНIЗАЦIЇ,ЛЕГКОВИЙ,4577
2016,350,350 - ПЕРЕРЕЄСТРАЦIЯ У ЗВ`ЯЗКУ ЗI ЗМIНОЮ НАЗВИ ОРГАНIЗАЦIЇ,МОПЕД,3
2016,350,350 - ПЕРЕРЕЄСТРАЦIЯ У ЗВ`ЯЗКУ ЗI ЗМIНОЮ НАЗВИ ОРГАНIЗАЦIЇ,МОТОЦИКЛ,23
2016,350,350 - ПЕРЕРЕЄСТРАЦIЯ У ЗВ`ЯЗКУ ЗI ЗМIНОЮ НАЗВИ ОРГАНIЗАЦIЇ,НАПІВПРИЧІП,326
2016,350,350 - ПЕРЕРЕЄСТРАЦIЯ У ЗВ`ЯЗКУ ЗI ЗМIНОЮ НАЗВИ ОРГАНIЗАЦIЇ,ПРИЧІП,253
2016,360,360 - ПЕРЕРЕЄСТРАЦIЯ У ЗВ`ЯЗКУ ЗI ЗМIНОЮ МIСЦЯ СТОЯНКИ,АВТОБУС,19
2016,360,360 - ПЕРЕРЕЄСТРАЦIЯ У ЗВ`ЯЗКУ ЗI ЗМIНОЮ МIСЦЯ СТОЯНКИ,ВАНТАЖНИЙ,231
2016,360,360 - ПЕРЕРЕЄСТРАЦIЯ У ЗВ`ЯЗКУ ЗI ЗМIНОЮ МIСЦЯ СТОЯНКИ,ЛЕГКОВИЙ,242
2016,360,360 - ПЕРЕРЕЄСТРАЦIЯ У ЗВ`ЯЗКУ ЗI ЗМIНОЮ МIСЦЯ СТОЯНКИ,МОТОЦИКЛ,4
2016,360,360 - ПЕРЕРЕЄСТРАЦIЯ У ЗВ`ЯЗКУ ЗI ЗМIНОЮ МIСЦЯ СТОЯНКИ,НАПІВПРИЧІП,61
2016,360,360 - ПЕРЕРЕЄСТРАЦIЯ У ЗВ`ЯЗКУ ЗI ЗМIНОЮ МIСЦЯ СТОЯНКИ,ПРИЧІП,30
2016,363,363 - ПЕРЕРЕЄСТРАЦIЯ ТЗ У ЗВ`ЯЗКУ З ПЕРЕДАЧЕЮ ДО СТАТУТНОГО ФОНДУ,АВТОБУС,91
2016,363,363 - ПЕРЕРЕЄСТРАЦIЯ ТЗ У ЗВ`ЯЗКУ З ПЕРЕДАЧЕЮ ДО СТАТУТНОГО ФОНДУ,ВАНТАЖНИЙ,235
2016,363,363 - ПЕРЕРЕЄСТРАЦIЯ ТЗ У ЗВ`ЯЗКУ З ПЕРЕДАЧЕЮ ДО СТАТУТНОГО ФОНДУ,ЛЕГКОВИЙ,56
2016,363,363 - ПЕРЕРЕЄСТРАЦIЯ ТЗ У ЗВ`ЯЗКУ З ПЕРЕДАЧЕЮ ДО СТАТУТНОГО ФОНДУ,МОТОЦИКЛ,3
2016,363,363 - ПЕРЕРЕЄСТРАЦIЯ ТЗ У ЗВ`ЯЗКУ З ПЕРЕДАЧЕЮ ДО СТАТУТНОГО ФОНДУ,НАПІВПРИЧІП,67
2016,363,363 - ПЕРЕРЕЄСТРАЦIЯ ТЗ У ЗВ`ЯЗКУ З ПЕРЕДАЧЕЮ ДО СТАТУТНОГО ФОНДУ,ПРИЧІП,31
2016,370,370 - ПЕРЕРЕЄСТРАЦIЯ У ЗВ`ЯЗКУ З ЗАМIНОЮ ДВИГУНА,АВТОБУС,14
2016,370,370 - ПЕРЕРЕЄСТРАЦIЯ У ЗВ`ЯЗКУ З ЗАМIНОЮ ДВИГУНА,ВАНТАЖНИЙ,55
2016,370,370 - ПЕРЕРЕЄСТРАЦIЯ У ЗВ`ЯЗКУ З ЗАМIНОЮ ДВИГУНА,ЛЕГКОВИЙ,283
2016,370,370 - ПЕРЕРЕЄСТРАЦIЯ У ЗВ`ЯЗКУ З ЗАМIНОЮ ДВИГУНА,МОТОЦИКЛ,2
2016,380,380 - ПЕРЕРЕЄСТРАЦІЯ У ЗВ`ЯЗКУ З ЗАМІНОЮ КУЗОВА (ШАСІ),АВТОБУС,35
2016,380,380 - ПЕРЕРЕЄСТРАЦІЯ У ЗВ`ЯЗКУ З ЗАМІНОЮ КУЗОВА (ШАСІ),ВАНТАЖНИЙ,20
2016,380,380 - ПЕРЕРЕЄСТРАЦІЯ У ЗВ`ЯЗКУ З ЗАМІНОЮ КУЗОВА (ШАСІ),ЛЕГКОВИЙ,34
2016,380,380 - ПЕРЕРЕЄСТРАЦІЯ У ЗВ`ЯЗКУ З ЗАМІНОЮ КУЗОВА (ШАСІ),ПРИЧІП,2
2016,380,"380 - ПЕРЕРЕЄСТРАЦІЯ У ЗВ`ЯЗКУ З ЗАМІНОЮ КУЗОВА (ШАСІ), БЕЗ ЗДІЙСНЕННЯ ПЕРЕОБЛАДНАННЯ ТЗ",ЛЕГКОВИЙ,1
2016,390,390 - ПЕРЕРЕЄСТРАЦIЯ У ЗВ`ЯЗКУ ЗI ЗМIНОЮ КОЛЬОРУ ТЗ,АВТОБУС,180
2016,390,390 - ПЕРЕРЕЄСТРАЦIЯ У ЗВ`ЯЗКУ ЗI ЗМIНОЮ КОЛЬОРУ ТЗ,ВАНТАЖНИЙ,693
2016,390,390 - ПЕРЕРЕЄСТРАЦIЯ У ЗВ`ЯЗКУ ЗI ЗМIНОЮ КОЛЬОРУ ТЗ,ЛЕГКОВИЙ,1550
2016,390,390 - ПЕРЕРЕЄСТРАЦIЯ У ЗВ`ЯЗКУ ЗI ЗМIНОЮ КОЛЬОРУ ТЗ,МОПЕД,6
2016,390,390 - ПЕРЕРЕЄСТРАЦIЯ У ЗВ`ЯЗКУ ЗI ЗМIНОЮ КОЛЬОРУ ТЗ,МОТОЦИКЛ,106
2016,390,390 - ПЕРЕРЕЄСТРАЦIЯ У ЗВ`ЯЗКУ ЗI ЗМIНОЮ КОЛЬОРУ ТЗ,НАПІВПРИЧІП,142
2016,390,390 - ПЕРЕРЕЄСТРАЦIЯ У ЗВ`ЯЗКУ ЗI ЗМIНОЮ КОЛЬОРУ ТЗ,ПРИЧІП,116
2016,40,"40 - ВТОРИННА РЕЄСТРАЦІЯ ТЗ, ПРИДБАНОГО В ТОРГОВЕЛЬНІЙ ОРГАНІЗАЦІЇ",АВТОБУС,120
2016,40,"40 - ВТОРИННА РЕЄСТРАЦІЯ ТЗ, ПРИДБАНОГО В ТОРГОВЕЛЬНІЙ ОРГАНІЗАЦІЇ",ВАНТАЖНИЙ,1455
2016,40,"40 - ВТОРИННА РЕЄСТРАЦІЯ ТЗ, ПРИДБАНОГО В ТОРГОВЕЛЬНІЙ ОРГАНІЗАЦІЇ",ЛЕГКОВИЙ,9923
2016,40,"40 - ВТОРИННА РЕЄСТРАЦІЯ ТЗ, ПРИДБАНОГО В ТОРГОВЕЛЬНІЙ ОРГАНІЗАЦІЇ",МОПЕД,2
2016,40,"40 - ВТОРИННА РЕЄСТРАЦІЯ ТЗ, ПРИДБАНОГО В ТОРГОВЕЛЬНІЙ ОРГАНІЗАЦІЇ",МОТОЦИКЛ,167
2016,40,"40 - ВТОРИННА РЕЄСТРАЦІЯ ТЗ, ПРИДБАНОГО В ТОРГОВЕЛЬНІЙ ОРГАНІЗАЦІЇ",НАПІВПРИЧІП,289
2016,40,"40 - ВТОРИННА РЕЄСТРАЦІЯ ТЗ, ПРИДБАНОГО В ТОРГОВЕЛЬНІЙ ОРГАНІЗАЦІЇ",ПРИЧІП,240
2016,400,400 - ПЕРЕРЕЄСТРАЦIЯ ПРИ ПЕРЕОБЛАДНАННI БЕЗ ЗАМIНИ НОМЕРНИХ АГРЕГ.,АВТОБУС,632
2016,400,400 - ПЕРЕРЕЄСТРАЦIЯ ПРИ ПЕРЕОБЛАДНАННI БЕЗ ЗАМIНИ НОМЕРНИХ АГРЕГ.,ВАНТАЖНИЙ,9293
2016,400,400 - ПЕРЕРЕЄСТРАЦIЯ ПРИ ПЕРЕОБЛАДНАННI БЕЗ ЗАМIНИ НОМЕРНИХ АГРЕГ.,ЛЕГКОВИЙ,133265
2016,400,400 - ПЕРЕРЕЄСТРАЦIЯ ПРИ ПЕРЕОБЛАДНАННI БЕЗ ЗАМIНИ НОМЕРНИХ АГРЕГ.,МОТОЦИКЛ,4
2016,400,400 - ПЕРЕРЕЄСТРАЦIЯ ПРИ ПЕРЕОБЛАДНАННI БЕЗ ЗАМIНИ НОМЕРНИХ АГРЕГ.,НАПІВПРИЧІП,941
2016,400,400 - ПЕРЕРЕЄСТРАЦIЯ ПРИ ПЕРЕОБЛАДНАННI БЕЗ ЗАМIНИ НОМЕРНИХ АГРЕГ.,ПРИЧІП,1001
2016,400,400 - ПЕРЕРЕЄСТРАЦIЯ ПРИ ПЕРЕОБЛАДНАННI БЕЗ ЗАМІНИ НОМЕРНИХ АГРЕГАТІВ,ВАНТАЖНИЙ,2
2016,400,400 - ПЕРЕРЕЄСТРАЦIЯ ПРИ ПЕРЕОБЛАДНАННI БЕЗ ЗАМІНИ НОМЕРНИХ АГРЕГАТІВ,ЛЕГКОВИЙ,18
2016,400,400 - ПЕРЕРЕЄСТРАЦIЯ ПРИ ПЕРЕОБЛАДНАННI ДЛЯ РОБОТИ НА ГАЗОВОМУ ПАЛЬНОМУ,ВАНТАЖНИЙ,8
2016,400,400 - ПЕРЕРЕЄСТРАЦIЯ ПРИ ПЕРЕОБЛАДНАННI ДЛЯ РОБОТИ НА ГАЗОВОМУ ПАЛЬНОМУ,ЛЕГКОВИЙ,82
2016,401,401 - ПЕРЕРЕЄСТРАЦІЯ ТЗ ПРИ ПЕРЕОБЛ.І ІЗ ЗАМ.КУЗОВА(ШАСІ) ЗА ПОГОДЖЕННЯМ,ЛЕГКОВИЙ,1
2016,401,401 - ПЕРЕРЕЄСТРАЦІЯ ТЗ ПРИ ПЕРЕОБЛАДНАННІ ІЗ ЗАМІНОЮ КУЗОВА,АВТОБУС,40
2016,401,401 - ПЕРЕРЕЄСТРАЦІЯ ТЗ ПРИ ПЕРЕОБЛАДНАННІ ІЗ ЗАМІНОЮ КУЗОВА,ВАНТАЖНИЙ,348
2016,401,401 - ПЕРЕРЕЄСТРАЦІЯ ТЗ ПРИ ПЕРЕОБЛАДНАННІ ІЗ ЗАМІНОЮ КУЗОВА,ЛЕГКОВИЙ,296
2016,401,401 - ПЕРЕРЕЄСТРАЦІЯ ТЗ ПРИ ПЕРЕОБЛАДНАННІ ІЗ ЗАМІНОЮ КУЗОВА,МОТОЦИКЛ,1
2016,401,401 - ПЕРЕРЕЄСТРАЦІЯ ТЗ ПРИ ПЕРЕОБЛАДНАННІ ІЗ ЗАМІНОЮ КУЗОВА,НАПІВПРИЧІП,8
2016,401,401 - ПЕРЕРЕЄСТРАЦІЯ ТЗ ПРИ ПЕРЕОБЛАДНАННІ ІЗ ЗАМІНОЮ КУЗОВА,ПРИЧІП,4
2016,402,402 - ПЕРЕРЕЄСТРАЦIЯ ТЗ ПРИ ПЕРЕОБЛАДНАННI IЗ ЗАМIНОЮ ДВИГУНА,АВТОБУС,181
2016,402,402 - ПЕРЕРЕЄСТРАЦIЯ ТЗ ПРИ ПЕРЕОБЛАДНАННI IЗ ЗАМIНОЮ ДВИГУНА,ВАНТАЖНИЙ,1243
2016,402,402 - ПЕРЕРЕЄСТРАЦIЯ ТЗ ПРИ ПЕРЕОБЛАДНАННI IЗ ЗАМIНОЮ ДВИГУНА,ЛЕГКОВИЙ,1931
2016,402,402 - ПЕРЕРЕЄСТРАЦIЯ ТЗ ПРИ ПЕРЕОБЛАДНАННI IЗ ЗАМIНОЮ ДВИГУНА,МОТОЦИКЛ,4
2016,402,"402 - ПЕРЕРЕЄСТРАЦIЯ ТЗ ПРИ ПЕРЕОБЛАДНАННI IЗ ЗАМIНОЮ ДВИГУНА (ЗМІНА ОБЄМУ, ВИДУ ПАЛЬНОГО)",ВАНТАЖНИЙ,2
2016,402,"402 - ПЕРЕРЕЄСТРАЦIЯ ТЗ ПРИ ПЕРЕОБЛАДНАННI, ЗАМIНА ДВИГУНА (ЗМІНА ОБЄМУ, ВИДУ ПАЛЬНОГО)",ЛЕГКОВИЙ,2
2016,403,403 - ПЕРЕРЕЄСТРАЦІЯ ПРИ ПЕРЕОБЛ.(ЗАМІНА КУЗОВА (ШАСІ)) ТА ДВИГУНА ЗА ПОГОДЖ.,ЛЕГКОВИЙ,3
2016,403,403 - ПЕРЕРЕЄСТРАЦІЯ ПРИ ПЕРЕОБЛАДН. ІЗ ЗАМІНОЮ КУЗОВА ТА ДВИГУНА,АВТОБУС,4
2016,403,403 - ПЕРЕРЕЄСТРАЦІЯ ПРИ ПЕРЕОБЛАДН. ІЗ ЗАМІНОЮ КУЗОВА ТА ДВИГУНА,ВАНТАЖНИЙ,363
2016,403,403 - ПЕРЕРЕЄСТРАЦІЯ ПРИ ПЕРЕОБЛАДН. ІЗ ЗАМІНОЮ КУЗОВА ТА ДВИГУНА,ЛЕГКОВИЙ,2101
2016,403,403 - ПЕРЕРЕЄСТРАЦІЯ ПРИ ПЕРЕОБЛАДН. ІЗ ЗАМІНОЮ КУЗОВА ТА ДВИГУНА,НАПІВПРИЧІП,2
2016,403,403 - ПЕРЕРЕЄСТРАЦІЯ ПРИ ПЕРЕОБЛАДНАННІ ІЗ ЗАМІНОЮ КУЗОВА (ШАСІ) ТА ДВИГУНА,ВАНТАЖНИЙ,1
2016,41,"41 - ВТОРИННА РЕЄСТРАЦІЯ ТЗ, ПРИДБАНОГО В ТОРГОВЕЛЬНІЙ ОРГАНІЗАЦІЇ В РОЗСТРОЧКУ",АВТОБУС,1
2016,41,"41 - ВТОРИННА РЕЄСТРАЦІЯ ТЗ, ПРИДБАНОГО В ТОРГОВЕЛЬНІЙ ОРГАНІЗАЦІЇ В РОЗСТРОЧКУ",ЛЕГКОВИЙ,9
2016,41,"41 - ВТОРИННА РЕЄСТРАЦІЯ ТЗ, ПРИДБАНОГО В ТОРГОВЕЛЬНІЙ ОРГАНІЗАЦІЇ В РОЗСТРОЧКУ",ПРИЧІП,1
2016,410,410 - ПЕРЕРЕЄСТРАЦІЯ ПРИ ЗАМІНІ НОМЕРНОГО ЗНАКУ,АВТОБУС,400
2016,410,410 - ПЕРЕРЕЄСТРАЦІЯ ПРИ ЗАМІНІ НОМЕРНОГО ЗНАКУ,ВАНТАЖНИЙ,1631
2016,410,410 - ПЕРЕРЕЄСТРАЦІЯ ПРИ ЗАМІНІ НОМЕРНОГО ЗНАКУ,ЛЕГКОВИЙ,13753
2016,410,410 - ПЕРЕРЕЄСТРАЦІЯ ПРИ ЗАМІНІ НОМЕРНОГО ЗНАКУ,МОПЕД,7
2016,410,410 - ПЕРЕРЕЄСТРАЦІЯ ПРИ ЗАМІНІ НОМЕРНОГО ЗНАКУ,МОТОЦИКЛ,99
2016,410,410 - ПЕРЕРЕЄСТРАЦІЯ ПРИ ЗАМІНІ НОМЕРНОГО ЗНАКУ,НАПІВПРИЧІП,381
2016,410,410 - ПЕРЕРЕЄСТРАЦІЯ ПРИ ЗАМІНІ НОМЕРНОГО ЗНАКУ,ПРИЧІП,320
2016,410,410 - ПЕРЕРЕЄСТРАЦІЯ ПРИ ЗАМІНІ НОМЕРНОГО ЗНАКУ,ТРИЦИКЛ,3
2016,417,417 - ПЕРЕРЕЄСТРАЦІЯ ТЗ (МОПЕДІВ) З ВИДАЧОЮ СПР,МОПЕД,7
2016,420,420 - ПЕРЕРЕЄСТРАЦІЯ ПРИ ВИДАЧІ ДУБЛІКАТА НОМЕРНОГО ЗНАКУ,АВТОБУС,5
2016,420,420 - ПЕРЕРЕЄСТРАЦІЯ ПРИ ВИДАЧІ ДУБЛІКАТА НОМЕРНОГО ЗНАКУ,ВАНТАЖНИЙ,24
2016,420,420 - ПЕРЕРЕЄСТРАЦІЯ ПРИ ВИДАЧІ ДУБЛІКАТА НОМЕРНОГО ЗНАКУ,ЛЕГКОВИЙ,470
2016,420,420 - ПЕРЕРЕЄСТРАЦІЯ ПРИ ВИДАЧІ ДУБЛІКАТА НОМЕРНОГО ЗНАКУ,МОПЕД,3
2016,420,420 - ПЕРЕРЕЄСТРАЦІЯ ПРИ ВИДАЧІ ДУБЛІКАТА НОМЕРНОГО ЗНАКУ,МОТОЦИКЛ,6
2016,420,420 - ПЕРЕРЕЄСТРАЦІЯ ПРИ ВИДАЧІ ДУБЛІКАТА НОМЕРНОГО ЗНАКУ,НАПІВПРИЧІП,6
2016,420,420 - ПЕРЕРЕЄСТРАЦІЯ ПРИ ВИДАЧІ ДУБЛІКАТА НОМЕРНОГО ЗНАКУ,ПРИЧІП,9
2016,420,420 - ПЕРЕРЕЄСТРАЦІЯ ПРИ ВТРАТІ НОМЕРНОГО ЗНАКУ,АВТОБУС,4
2016,420,420 - ПЕРЕРЕЄСТРАЦІЯ ПРИ ВТРАТІ НОМЕРНОГО ЗНАКУ,ВАНТАЖНИЙ,48
2016,420,420 - ПЕРЕРЕЄСТРАЦІЯ ПРИ ВТРАТІ НОМЕРНОГО ЗНАКУ,ЛЕГКОВИЙ,674
2016,420,420 - ПЕРЕРЕЄСТРАЦІЯ ПРИ ВТРАТІ НОМЕРНОГО ЗНАКУ,МОПЕД,7
2016,420,420 - ПЕРЕРЕЄСТРАЦІЯ ПРИ ВТРАТІ НОМЕРНОГО ЗНАКУ,МОТОЦИКЛ,12
2016,420,420 - ПЕРЕРЕЄСТРАЦІЯ ПРИ ВТРАТІ НОМЕРНОГО ЗНАКУ,НАПІВПРИЧІП,6
2016,420,420 - ПЕРЕРЕЄСТРАЦІЯ ПРИ ВТРАТІ НОМЕРНОГО ЗНАКУ,ПРИЧІП,19
2016,429,429 - ПЕРЕРЕЄСТРАЦІЯ ТЗ У ЗВ'ЯЗКУ ІЗ ПОДОВЖЕННЯМ ТЕРМІНУ ЗВОРОТНЬОГО ВИВОЗУ,АВТОБУС,3
2016,429,429 - ПЕРЕРЕЄСТРАЦІЯ ТЗ У ЗВ'ЯЗКУ ІЗ ПОДОВЖЕННЯМ ТЕРМІНУ ЗВОРОТНЬОГО ВИВОЗУ,ВАНТАЖНИЙ,56
2016,429,429 - ПЕРЕРЕЄСТРАЦІЯ ТЗ У ЗВ'ЯЗКУ ІЗ ПОДОВЖЕННЯМ ТЕРМІНУ ЗВОРОТНЬОГО ВИВОЗУ,ЛЕГКОВИЙ,255
2016,429,429 - ПЕРЕРЕЄСТРАЦІЯ ТЗ У ЗВ'ЯЗКУ ІЗ ПОДОВЖЕННЯМ ТЕРМІНУ ЗВОРОТНЬОГО ВИВОЗУ,НАПІВПРИЧІП,8
2016,430,430 - ПЕРЕРЕЄСТРАЦІЯ ПРИ ЗАМІНІ СВІДОЦТВА ПРО РЕЄСТРАЦІЮ,АВТОБУС,942
2016,430,430 - ПЕРЕРЕЄСТРАЦІЯ ПРИ ЗАМІНІ СВІДОЦТВА ПРО РЕЄСТРАЦІЮ,ВАНТАЖНИЙ,3160
2016,430,430 - ПЕРЕРЕЄСТРАЦІЯ ПРИ ЗАМІНІ СВІДОЦТВА ПРО РЕЄСТРАЦІЮ,КВАДРОЦИКЛ,1
2016,430,430 - ПЕРЕРЕЄСТРАЦІЯ ПРИ ЗАМІНІ СВІДОЦТВА ПРО РЕЄСТРАЦІЮ,ЛЕГКОВИЙ,13160
2016,430,430 - ПЕРЕРЕЄСТРАЦІЯ ПРИ ЗАМІНІ СВІДОЦТВА ПРО РЕЄСТРАЦІЮ,МОПЕД,210
2016,430,430 - ПЕРЕРЕЄСТРАЦІЯ ПРИ ЗАМІНІ СВІДОЦТВА ПРО РЕЄСТРАЦІЮ,МОТОЦИКЛ,197
2016,430,430 - ПЕРЕРЕЄСТРАЦІЯ ПРИ ЗАМІНІ СВІДОЦТВА ПРО РЕЄСТРАЦІЮ,НАПІВПРИЧІП,878
2016,430,430 - ПЕРЕРЕЄСТРАЦІЯ ПРИ ЗАМІНІ СВІДОЦТВА ПРО РЕЄСТРАЦІЮ,ПРИЧІП,560
2016,431,431 - ПЕРЕРЕЄСТРАЦІЯ ТЗ ПРИ ВИДАЧІ ІНДИВІДУАЛЬНОГО НОМЕРНОГО ЗНАКУ,АВТОБУС,5
2016,431,431 - ПЕРЕРЕЄСТРАЦІЯ ТЗ ПРИ ВИДАЧІ ІНДИВІДУАЛЬНОГО НОМЕРНОГО ЗНАКУ,ВАНТАЖНИЙ,47
2016,431,431 - ПЕРЕРЕЄСТРАЦІЯ ТЗ ПРИ ВИДАЧІ ІНДИВІДУАЛЬНОГО НОМЕРНОГО ЗНАКУ,ЛЕГКОВИЙ,1209
2016,431,431 - ПЕРЕРЕЄСТРАЦІЯ ТЗ ПРИ ВИДАЧІ ІНДИВІДУАЛЬНОГО НОМЕРНОГО ЗНАКУ,МОТОЦИКЛ,15
2016,431,431 - ПЕРЕРЕЄСТРАЦІЯ ТЗ ПРИ ВИДАЧІ ІНДИВІДУАЛЬНОГО НОМЕРНОГО ЗНАКУ,ТРИЦИКЛ,2
2016,440,440 - ПЕРЕРЕЄСТРАЦIЯ ПРИ ВИДАЧI ДУБЛIКАТА СВIДОЦТВА ПРО РЕЄСТРАЦIЮ,АВТОБУС,205
2016,440,440 - ПЕРЕРЕЄСТРАЦIЯ ПРИ ВИДАЧI ДУБЛIКАТА СВIДОЦТВА ПРО РЕЄСТРАЦIЮ,ВАНТАЖНИЙ,1996
2016,440,440 - ПЕРЕРЕЄСТРАЦIЯ ПРИ ВИДАЧI ДУБЛIКАТА СВIДОЦТВА ПРО РЕЄСТРАЦIЮ,ЛЕГКОВИЙ,11228
2016,440,440 - ПЕРЕРЕЄСТРАЦIЯ ПРИ ВИДАЧI ДУБЛIКАТА СВIДОЦТВА ПРО РЕЄСТРАЦIЮ,МОПЕД,52
2016,440,440 - ПЕРЕРЕЄСТРАЦIЯ ПРИ ВИДАЧI ДУБЛIКАТА СВIДОЦТВА ПРО РЕЄСТРАЦIЮ,МОТОЦИКЛ,213
2016,440,440 - ПЕРЕРЕЄСТРАЦIЯ ПРИ ВИДАЧI ДУБЛIКАТА СВIДОЦТВА ПРО РЕЄСТРАЦIЮ,НАПІВПРИЧІП,280
2016,440,440 - ПЕРЕРЕЄСТРАЦIЯ ПРИ ВИДАЧI ДУБЛIКАТА СВIДОЦТВА ПРО РЕЄСТРАЦIЮ,ПРИЧІП,801
2016,440,440 - ПЕРЕРЕЄСТРАЦIЯ ПРИ ВИДАЧI ДУБЛIКАТА СВIДОЦТВА ПРО РЕЄСТРАЦIЮ,ТРИЦИКЛ,1
2016,440,440 - ПЕРЕРЕЄСТРАЦIЯ ПРИ ВТРАТІ СВIДОЦТВА ПРО РЕЄСТРАЦIЮ,АВТОБУС,372
2016,440,440 - ПЕРЕРЕЄСТРАЦIЯ ПРИ ВТРАТІ СВIДОЦТВА ПРО РЕЄСТРАЦIЮ,ВАНТАЖНИЙ,3297
2016,440,440 - ПЕРЕРЕЄСТРАЦIЯ ПРИ ВТРАТІ СВIДОЦТВА ПРО РЕЄСТРАЦIЮ,ЛЕГКОВИЙ,18727
2016,440,440 - ПЕРЕРЕЄСТРАЦIЯ ПРИ ВТРАТІ СВIДОЦТВА ПРО РЕЄСТРАЦIЮ,МОПЕД,115
2016,440,440 - ПЕРЕРЕЄСТРАЦIЯ ПРИ ВТРАТІ СВIДОЦТВА ПРО РЕЄСТРАЦIЮ,МОТОЦИКЛ,342
2016,440,440 - ПЕРЕРЕЄСТРАЦIЯ ПРИ ВТРАТІ СВIДОЦТВА ПРО РЕЄСТРАЦIЮ,НАПІВПРИЧІП,438
2016,440,440 - ПЕРЕРЕЄСТРАЦIЯ ПРИ ВТРАТІ СВIДОЦТВА ПРО РЕЄСТРАЦIЮ,ПРИЧІП,1162
2016,440,440 - ПЕРЕРЕЄСТРАЦIЯ ПРИ ВТРАТІ СВIДОЦТВА ПРО РЕЄСТРАЦIЮ,ТРИЦИКЛ,5
2016,470,470 - ВИДАЧА ДУБЛІКАТУ ТИМЧ.ТАЛ.ДЛЯ МОПЕДІВ ПІСЛЯ ВТРАТИ АБО ЗМІНИ АНКЕТНИХ ДАНИХ ВЛАСНИКА,МОПЕД,32
2016,48,48 - ВТОРИННА РЕЄСТРАЦІЯ ТЗ ПО ДОГ. КУП.-ПРОД. УКЛАД. В ТСЦ (ПІСЛЯ 530 АБО 531),АВТОБУС,247
2016,48,48 - ВТОРИННА РЕЄСТРАЦІЯ ТЗ ПО ДОГ. КУП.-ПРОД. УКЛАД. В ТСЦ (ПІСЛЯ 530 АБО 531),ВАНТАЖНИЙ,2941
2016,48,48 - ВТОРИННА РЕЄСТРАЦІЯ ТЗ ПО ДОГ. КУП.-ПРОД. УКЛАД. В ТСЦ (ПІСЛЯ 530 АБО 531),КВАДРОЦИКЛ,1
2016,48,48 - ВТОРИННА РЕЄСТРАЦІЯ ТЗ ПО ДОГ. КУП.-ПРОД. УКЛАД. В ТСЦ (ПІСЛЯ 530 АБО 531),ЛЕГКОВИЙ,34428
2016,48,48 - ВТОРИННА РЕЄСТРАЦІЯ ТЗ ПО ДОГ. КУП.-ПРОД. УКЛАД. В ТСЦ (ПІСЛЯ 530 АБО 531),МОПЕД,5
2016,48,48 - ВТОРИННА РЕЄСТРАЦІЯ ТЗ ПО ДОГ. КУП.-ПРОД. УКЛАД. В ТСЦ (ПІСЛЯ 530 АБО 531),МОТОЦИКЛ,156
2016,48,48 - ВТОРИННА РЕЄСТРАЦІЯ ТЗ ПО ДОГ. КУП.-ПРОД. УКЛАД. В ТСЦ (ПІСЛЯ 530 АБО 531),НАПІВПРИЧІП,352
2016,48,48 - ВТОРИННА РЕЄСТРАЦІЯ ТЗ ПО ДОГ. КУП.-ПРОД. УКЛАД. В ТСЦ (ПІСЛЯ 530 АБО 531),ПРИЧІП,219
2016,48,48 - ВТОРИННА РЕЄСТРАЦІЯ ТЗ ПО ДОГ. КУП.-ПРОД. УКЛАД. В ТСЦ (ПІСЛЯ 530 АБО 531),ТРИЦИКЛ,3
2016,49,49 - ВТОРИННА РЕЄСТРАЦІЯ ТЗ ПО ДОГОВОРУ УКЛАДЕНОМУ В ТСЦ,АВТОБУС,290
2016,49,49 - ВТОРИННА РЕЄСТРАЦІЯ ТЗ ПО ДОГОВОРУ УКЛАДЕНОМУ В ТСЦ,ВАНТАЖНИЙ,1568
2016,49,49 - ВТОРИННА РЕЄСТРАЦІЯ ТЗ ПО ДОГОВОРУ УКЛАДЕНОМУ В ТСЦ,ЛЕГКОВИЙ,8582
2016,49,49 - ВТОРИННА РЕЄСТРАЦІЯ ТЗ ПО ДОГОВОРУ УКЛАДЕНОМУ В ТСЦ,МОПЕД,4
2016,49,49 - ВТОРИННА РЕЄСТРАЦІЯ ТЗ ПО ДОГОВОРУ УКЛАДЕНОМУ В ТСЦ,МОТОЦИКЛ,218
2016,49,49 - ВТОРИННА РЕЄСТРАЦІЯ ТЗ ПО ДОГОВОРУ УКЛАДЕНОМУ В ТСЦ,НАПІВПРИЧІП,384
2016,49,49 - ВТОРИННА РЕЄСТРАЦІЯ ТЗ ПО ДОГОВОРУ УКЛАДЕНОМУ В ТСЦ,ПРИЧІП,214
2016,50,50 - ВТОРИННА РЄСТРАЦIЯ ТЗ ЗА ДОГОВОРОМ КУПIВЛI-ПРОДАЖУ,АВТОБУС,118
2016,50,50 - ВТОРИННА РЄСТРАЦIЯ ТЗ ЗА ДОГОВОРОМ КУПIВЛI-ПРОДАЖУ,ВАНТАЖНИЙ,1175
2016,50,50 - ВТОРИННА РЄСТРАЦIЯ ТЗ ЗА ДОГОВОРОМ КУПIВЛI-ПРОДАЖУ,ЛЕГКОВИЙ,8342
2016,50,50 - ВТОРИННА РЄСТРАЦIЯ ТЗ ЗА ДОГОВОРОМ КУПIВЛI-ПРОДАЖУ,МОПЕД,3
2016,50,50 - ВТОРИННА РЄСТРАЦIЯ ТЗ ЗА ДОГОВОРОМ КУПIВЛI-ПРОДАЖУ,МОТОЦИКЛ,88
2016,50,50 - ВТОРИННА РЄСТРАЦIЯ ТЗ ЗА ДОГОВОРОМ КУПIВЛI-ПРОДАЖУ,НАПІВПРИЧІП,221
2016,50,50 - ВТОРИННА РЄСТРАЦIЯ ТЗ ЗА ДОГОВОРОМ КУПIВЛI-ПРОДАЖУ,ПРИЧІП,121
2016,50,50 - ВТОРИННА РЄСТРАЦIЯ ТЗ ЗА ДОГОВОРОМ КУПIВЛI-ПРОДАЖУ,ТРИЦИКЛ,1
2016,50,50 - РЕЄСТРАЦIЯ ТЗ ЗА ДОГОВОРОМ КУПIВЛI-ПРОДАЖУ,АВТОБУС,949
2016,50,50 - РЕЄСТРАЦIЯ ТЗ ЗА ДОГОВОРОМ КУПIВЛI-ПРОДАЖУ,ВАНТАЖНИЙ,9103
2016,50,50 - РЕЄСТРАЦIЯ ТЗ ЗА ДОГОВОРОМ КУПIВЛI-ПРОДАЖУ,КВАДРОЦИКЛ,2
2016,50,50 - РЕЄСТРАЦIЯ ТЗ ЗА ДОГОВОРОМ КУПIВЛI-ПРОДАЖУ,ЛЕГКОВИЙ,77082
2016,50,50 - РЕЄСТРАЦIЯ ТЗ ЗА ДОГОВОРОМ КУПIВЛI-ПРОДАЖУ,МОПЕД,15
2016,50,50 - РЕЄСТРАЦIЯ ТЗ ЗА ДОГОВОРОМ КУПIВЛI-ПРОДАЖУ,МОТОЦИКЛ,785
2016,50,50 - РЕЄСТРАЦIЯ ТЗ ЗА ДОГОВОРОМ КУПIВЛI-ПРОДАЖУ,НАПІВПРИЧІП,1472
2016,50,50 - РЕЄСТРАЦIЯ ТЗ ЗА ДОГОВОРОМ КУПIВЛI-ПРОДАЖУ,ПРИЧІП,854
2016,50,50 - РЕЄСТРАЦIЯ ТЗ ЗА ДОГОВОРОМ КУПIВЛI-ПРОДАЖУ,ТРИЦИКЛ,9
2016,500,500 - ЗНЯТТЯ З ОБЛІКУ У ЗВ'ЯЗКУ ЗІ СКАСУВАННЯМ РЕЄСТРАЦІЇ,АВТОБУС,10
2016,500,500 - ЗНЯТТЯ З ОБЛІКУ У ЗВ'ЯЗКУ ЗІ СКАСУВАННЯМ РЕЄСТРАЦІЇ,ВАНТАЖНИЙ,31
2016,500,500 - ЗНЯТТЯ З ОБЛІКУ У ЗВ'ЯЗКУ ЗІ СКАСУВАННЯМ РЕЄСТРАЦІЇ,ЛЕГКОВИЙ,577
2016,500,500 - ЗНЯТТЯ З ОБЛІКУ У ЗВ'ЯЗКУ ЗІ СКАСУВАННЯМ РЕЄСТРАЦІЇ,МОТОЦИКЛ,2
2016,500,500 - ЗНЯТТЯ З ОБЛІКУ У ЗВ'ЯЗКУ ЗІ СКАСУВАННЯМ РЕЄСТРАЦІЇ,НАПІВПРИЧІП,2
2016,500,500 - ЗНЯТТЯ З ОБЛІКУ У ЗВ`ЯЗКУ З АНУЛЮВАННЯМ РЕЄСТРАЦІЇ,ЛЕГКОВИЙ,1
2016,500,500 - ЗНЯТТЯ З ОБЛІКУ У ЗВ`ЯЗКУ З СКАСУВАНЯМ РЕЄСТРАЦІЇ,ЛЕГКОВИЙ,1
2016,501,501 - АНУЛЮВАННЯ ЗНЯТТЯ З ОБЛІКУ ТЗ,ВАНТАЖНИЙ,1
2016,501,501 - АНУЛЮВАННЯ ЗНЯТТЯ З ОБЛІКУ ТЗ,ЛЕГКОВИЙ,59
2016,501,501 - АНУЛЮВАННЯ ЗНЯТТЯ З ОБЛІКУ ТЗ,НАПІВПРИЧІП,3
2016,51,51 - РЕЄСТРАЦIЯ ТЗ ЗА ДОГОВОРОМ МІНИ,ВАНТАЖНИЙ,1
2016,51,51 - РЕЄСТРАЦIЯ ТЗ ЗА ДОГОВОРОМ МІНИ,ЛЕГКОВИЙ,7
2016,510,510 - ЗНЯТТЯ З ОБЛІКУ ПРИ ЗМІНІ МІСЦЯ ПРОЖИВАННЯ В МЕЖАХ УКРАЇНИ,ВАНТАЖНИЙ,1
2016,510,510 - ЗНЯТТЯ З ОБЛІКУ ПРИ ЗМІНІ МІСЦЯ ПРОЖИВАННЯ В МЕЖАХ УКРАЇНИ,ЛЕГКОВИЙ,21
2016,520,520 - ЗНЯТТЯ З ОБЛIКУ ПРИ ВИЇЗДІ ЗА КОРДОН НА ПОСТ. МІСЦЕ ПРОЖИВ.,ВАНТАЖНИЙ,3
2016,520,520 - ЗНЯТТЯ З ОБЛIКУ ПРИ ВИЇЗДІ ЗА КОРДОН НА ПОСТ. МІСЦЕ ПРОЖИВ.,ЛЕГКОВИЙ,79
2016,520,520 - ЗНЯТТЯ З ОБЛIКУ ПРИ ВИЇЗДІ ЗА КОРДОН НА ПОСТ. МІСЦЕ ПРОЖИВ.,МОТОЦИКЛ,2
2016,520,520 - ЗНЯТТЯ З ОБЛIКУ ПРИ ВИЇЗДІ ЗА КОРДОН НА ПОСТ. МІСЦЕ ПРОЖИВ.,ПРИЧІП,6
2016,530,530 - ЗНЯТТЯ З ОБЛIКУ ДЛЯ РЕАЛIЗАЦIЇ,АВТОБУС,1388
2016,530,530 - ЗНЯТТЯ З ОБЛIКУ ДЛЯ РЕАЛIЗАЦIЇ,ВАНТАЖНИЙ,13807
2016,530,530 - ЗНЯТТЯ З ОБЛIКУ ДЛЯ РЕАЛIЗАЦIЇ,КВАДРОЦИКЛ,2
2016,530,530 - ЗНЯТТЯ З ОБЛIКУ ДЛЯ РЕАЛIЗАЦIЇ,ЛЕГКОВИЙ,126476
2016,530,530 - ЗНЯТТЯ З ОБЛIКУ ДЛЯ РЕАЛIЗАЦIЇ,МОПЕД,38
2016,530,530 - ЗНЯТТЯ З ОБЛIКУ ДЛЯ РЕАЛIЗАЦIЇ,МОТОЦИКЛ,1185
2016,530,530 - ЗНЯТТЯ З ОБЛIКУ ДЛЯ РЕАЛIЗАЦIЇ,НАПІВПРИЧІП,2115
2016,530,530 - ЗНЯТТЯ З ОБЛIКУ ДЛЯ РЕАЛIЗАЦIЇ,ПРИЧІП,1364
2016,530,530 - ЗНЯТТЯ З ОБЛIКУ ДЛЯ РЕАЛIЗАЦIЇ,ТРИЦИКЛ,16
2016,531,531 - ЗНЯТТЯ З ОБЛIКУ ЗА ДОГОВОРОМ КУПIВЛI-ПРОДАЖУ,АВТОБУС,7
2016,531,531 - ЗНЯТТЯ З ОБЛIКУ ЗА ДОГОВОРОМ КУПIВЛI-ПРОДАЖУ,ВАНТАЖНИЙ,55
2016,531,531 - ЗНЯТТЯ З ОБЛIКУ ЗА ДОГОВОРОМ КУПIВЛI-ПРОДАЖУ,ЛЕГКОВИЙ,430
2016,531,531 - ЗНЯТТЯ З ОБЛIКУ ЗА ДОГОВОРОМ КУПIВЛI-ПРОДАЖУ,МОПЕД,1
2016,531,531 - ЗНЯТТЯ З ОБЛIКУ ЗА ДОГОВОРОМ КУПIВЛI-ПРОДАЖУ,МОТОЦИКЛ,28
2016,531,531 - ЗНЯТТЯ З ОБЛIКУ ЗА ДОГОВОРОМ КУПIВЛI-ПРОДАЖУ,НАПІВПРИЧІП,4
2016,531,531 - ЗНЯТТЯ З ОБЛIКУ ЗА ДОГОВОРОМ КУПIВЛI-ПРОДАЖУ,ПРИЧІП,10
2016,533,533 - ЗНЯТТЯ З ОБЛIКУ ЗА ДОГОВОРОМ ДАРУВАННЯ ЧИ ЗАПОВІТОМ,АВТОБУС,1
2016,533,533 - ЗНЯТТЯ З ОБЛIКУ ЗА ДОГОВОРОМ ДАРУВАННЯ ЧИ ЗАПОВІТОМ,ЛЕГКОВИЙ,1
2016,534,534 - ЗНЯТТЯ З ОБЛІКУ ЗА АКТОМ ПРИЙОМА-ПЕРЕДАЧІ,АВТОБУС,102
2016,534,534 - ЗНЯТТЯ З ОБЛІКУ ЗА АКТОМ ПРИЙОМА-ПЕРЕДАЧІ,ВАНТАЖНИЙ,308
2016,534,534 - ЗНЯТТЯ З ОБЛІКУ ЗА АКТОМ ПРИЙОМА-ПЕРЕДАЧІ,ЛЕГКОВИЙ,1141
2016,534,534 - ЗНЯТТЯ З ОБЛІКУ ЗА АКТОМ ПРИЙОМА-ПЕРЕДАЧІ,МОПЕД,1
2016,534,534 - ЗНЯТТЯ З ОБЛІКУ ЗА АКТОМ ПРИЙОМА-ПЕРЕДАЧІ,НАПІВПРИЧІП,51
2016,534,534 - ЗНЯТТЯ З ОБЛІКУ ЗА АКТОМ ПРИЙОМА-ПЕРЕДАЧІ,ПРИЧІП,21
2016,535,535 - ЗНЯТТЯ З ОБЛІКУ ЗА ДОГОВОРОМ ФІНАНСОВОГО ЛІЗИНГУ,АВТОБУС,54
2016,535,535 - ЗНЯТТЯ З ОБЛІКУ ЗА ДОГОВОРОМ ФІНАНСОВОГО ЛІЗИНГУ,ВАНТАЖНИЙ,990
2016,535,535 - ЗНЯТТЯ З ОБЛІКУ ЗА ДОГОВОРОМ ФІНАНСОВОГО ЛІЗИНГУ,ЛЕГКОВИЙ,4067
2016,535,535 - ЗНЯТТЯ З ОБЛІКУ ЗА ДОГОВОРОМ ФІНАНСОВОГО ЛІЗИНГУ,НАПІВПРИЧІП,216
2016,535,535 - ЗНЯТТЯ З ОБЛІКУ ЗА ДОГОВОРОМ ФІНАНСОВОГО ЛІЗИНГУ,ПРИЧІП,73
2016,536,536 - ЗНЯТТЯ З ОБЛІКУТЗ (ДОГОВІР УКЛАДЕНИЙ В ТСЦ),АВТОБУС,304
2016,536,536 - ЗНЯТТЯ З ОБЛІКУТЗ (ДОГОВІР УКЛАДЕНИЙ В ТСЦ),ВАНТАЖНИЙ,1683
2016,536,536 - ЗНЯТТЯ З ОБЛІКУТЗ (ДОГОВІР УКЛАДЕНИЙ В ТСЦ),ЛЕГКОВИЙ,8660
2016,536,536 - ЗНЯТТЯ З ОБЛІКУТЗ (ДОГОВІР УКЛАДЕНИЙ В ТСЦ),МОПЕД,5
2016,536,536 - ЗНЯТТЯ З ОБЛІКУТЗ (ДОГОВІР УКЛАДЕНИЙ В ТСЦ),МОТОЦИКЛ,223
2016,536,536 - ЗНЯТТЯ З ОБЛІКУТЗ (ДОГОВІР УКЛАДЕНИЙ В ТСЦ),НАПІВПРИЧІП,417
2016,536,536 - ЗНЯТТЯ З ОБЛІКУТЗ (ДОГОВІР УКЛАДЕНИЙ В ТСЦ),ПРИЧІП,239
2016,536,536 - ЗНЯТТЯ ТЗ ПО ДОГОВОРУ УКЛАДЕНОМУ В ТСЦ,АВТОБУС,6
2016,536,536 - ЗНЯТТЯ ТЗ ПО ДОГОВОРУ УКЛАДЕНОМУ В ТСЦ,ВАНТАЖНИЙ,57
2016,536,536 - ЗНЯТТЯ ТЗ ПО ДОГОВОРУ УКЛАДЕНОМУ В ТСЦ,ЛЕГКОВИЙ,380
2016,536,536 - ЗНЯТТЯ ТЗ ПО ДОГОВОРУ УКЛАДЕНОМУ В ТСЦ,МОТОЦИКЛ,17
2016,536,536 - ЗНЯТТЯ ТЗ ПО ДОГОВОРУ УКЛАДЕНОМУ В ТСЦ,НАПІВПРИЧІП,10
2016,536,536 - ЗНЯТТЯ ТЗ ПО ДОГОВОРУ УКЛАДЕНОМУ В ТСЦ,ПРИЧІП,9
2016,536,536 - УМОВНЕ ЗНЯТТЯ ТЗ З ОБЛІКУ ДЛЯ ПЕРЕРЕЄСТРАЦІЇ НА НОВОГО ВЛАСНИКА ПО ДОГОВОРУ УКЛ. В Т,ВАНТАЖНИЙ,1
2016,536,536 - УМОВНЕ ЗНЯТТЯ ТЗ З ОБЛІКУ ДЛЯ ПЕРЕРЕЄСТРАЦІЇ НА НОВОГО ВЛАСНИКА ПО ДОГОВОРУ УКЛ. В Т,ЛЕГКОВИЙ,11
2016,536,536 - УМОВНЕ ЗНЯТТЯ ТЗ З ОБЛІКУ ДЛЯ ПЕРЕРЕЄСТРАЦІЇ НА НОВОГО ВЛАСНИКА ПО ДОГОВОРУ УКЛ. В Т,МОПЕД,1
2016,536,536 - УМОВНЕ ЗНЯТТЯ ТЗ З ОБЛІКУ ДЛЯ ПЕРЕРЕЄСТРАЦІЇ НА НОВОГО ВЛАСНИКА ПО ДОГОВОРУ УКЛ. В Т,МОТОЦИКЛ,1
2016,536,536 - УМОВНЕ ЗНЯТТЯ ТЗ З ОБЛІКУ ДЛЯ ПЕРЕРЕЄСТРАЦІЇ НА НОВОГО ВЛАСНИКА ПО ДОГОВОРУ УКЛ. В Т,НАПІВПРИЧІП,1
2016,540,540 - ЗНЯТТЯ З ОБЛIКУ У ЗВ`ЯЗКУ З ВИБРАКОВКОЮ,АВТОБУС,817
2016,540,540 - ЗНЯТТЯ З ОБЛIКУ У ЗВ`ЯЗКУ З ВИБРАКОВКОЮ,ВАНТАЖНИЙ,4311
2016,540,540 - ЗНЯТТЯ З ОБЛIКУ У ЗВ`ЯЗКУ З ВИБРАКОВКОЮ,ЛЕГКОВИЙ,5690
2016,540,540 - ЗНЯТТЯ З ОБЛIКУ У ЗВ`ЯЗКУ З ВИБРАКОВКОЮ,МОПЕД,133
2016,540,540 - ЗНЯТТЯ З ОБЛIКУ У ЗВ`ЯЗКУ З ВИБРАКОВКОЮ,МОТОЦИКЛ,566
2016,540,540 - ЗНЯТТЯ З ОБЛIКУ У ЗВ`ЯЗКУ З ВИБРАКОВКОЮ,НАПІВПРИЧІП,426
2016,540,540 - ЗНЯТТЯ З ОБЛIКУ У ЗВ`ЯЗКУ З ВИБРАКОВКОЮ,ПРИЧІП,363
2016,540,540 - ЗНЯТТЯ З ОБЛIКУ У ЗВ`ЯЗКУ З ВИБРАКОВКОЮ,ТРИЦИКЛ,1
2016,550,550 - ЗНЯТТЯ З ОБЛIКУ ТЗ ВВЕЗЕНОГО ПIД ЗОБОВ. ПРО ЗВОР. ВИВЕЗЕННЯ,АВТОБУС,1
2016,550,550 - ЗНЯТТЯ З ОБЛIКУ ТЗ ВВЕЗЕНОГО ПIД ЗОБОВ. ПРО ЗВОР. ВИВЕЗЕННЯ,ВАНТАЖНИЙ,8
2016,550,550 - ЗНЯТТЯ З ОБЛIКУ ТЗ ВВЕЗЕНОГО ПIД ЗОБОВ. ПРО ЗВОР. ВИВЕЗЕННЯ,ЛЕГКОВИЙ,682
2016,550,550 - ЗНЯТТЯ З ОБЛIКУ ТЗ ВВЕЗЕНОГО ПIД ЗОБОВ. ПРО ЗВОР. ВИВЕЗЕННЯ,МОТОЦИКЛ,2
2016,550,550 - ЗНЯТТЯ З ОБЛIКУ ТЗ ВВЕЗЕНОГО ПIД ЗОБОВ. ПРО ЗВОР. ВИВЕЗЕННЯ,НАПІВПРИЧІП,5
2016,560,560 -  ЗНЯТТЯ З ОБЛІКУ ПРИ ПОВЕРНЕННІ ІЗ ПОЇЗДКИ ЗА КОРДОН ПО ДОРУЧ.,АВТОБУС,670
2016,560,560 -  ЗНЯТТЯ З ОБЛІКУ ПРИ ПОВЕРНЕННІ ІЗ ПОЇЗДКИ ЗА КОРДОН ПО ДОРУЧ.,ВАНТАЖНИЙ,2966
2016,560,560 -  ЗНЯТТЯ З ОБЛІКУ ПРИ ПОВЕРНЕННІ ІЗ ПОЇЗДКИ ЗА КОРДОН ПО ДОРУЧ.,ЛЕГКОВИЙ,3745
2016,560,560 -  ЗНЯТТЯ З ОБЛІКУ ПРИ ПОВЕРНЕННІ ІЗ ПОЇЗДКИ ЗА КОРДОН ПО ДОРУЧ.,МОТОЦИКЛ,24
2016,560,560 -  ЗНЯТТЯ З ОБЛІКУ ПРИ ПОВЕРНЕННІ ІЗ ПОЇЗДКИ ЗА КОРДОН ПО ДОРУЧ.,НАПІВПРИЧІП,1712
2016,560,560 -  ЗНЯТТЯ З ОБЛІКУ ПРИ ПОВЕРНЕННІ ІЗ ПОЇЗДКИ ЗА КОРДОН ПО ДОРУЧ.,ПРИЧІП,342
2016,570,570 - ЗНЯТТЯ З ОБЛІКУ У ЗВ`ЯЗКУ ЗI ЗМIНОЮ ДЕРЖАВНОГ ОРГАНУ РЕЄСТРАЦІЇ,АВТОБУС,3
2016,570,570 - ЗНЯТТЯ З ОБЛІКУ У ЗВ`ЯЗКУ ЗI ЗМIНОЮ ДЕРЖАВНОГ ОРГАНУ РЕЄСТРАЦІЇ,ВАНТАЖНИЙ,39
2016,570,570 - ЗНЯТТЯ З ОБЛІКУ У ЗВ`ЯЗКУ ЗI ЗМIНОЮ ДЕРЖАВНОГ ОРГАНУ РЕЄСТРАЦІЇ,ЛЕГКОВИЙ,16
2016,570,570 - ЗНЯТТЯ З ОБЛІКУ У ЗВ`ЯЗКУ ЗI ЗМIНОЮ ДЕРЖАВНОГ ОРГАНУ РЕЄСТРАЦІЇ,ПРИЧІП,6
2016,570,570 - ЗНЯТТЯ З ОБЛІКУ У ЗВ`ЯЗКУ ЗI ЗМIНОЮ ОРГАНУ РЕЄСТРАЦІЇ,ВАНТАЖНИЙ,6
2016,570,570 - ЗНЯТТЯ З ОБЛІКУ У ЗВ`ЯЗКУ ЗI ЗМIНОЮ ОРГАНУ РЕЄСТРАЦІЇ,ЛЕГКОВИЙ,109
2016,580,580 - ЗНЯТТЯ З ОБЛІКУ ТЗ ДЛЯ ПОВЕРНЕННЯ ОРГАНАМ СОЦ. ЗАХИСТУ,ЛЕГКОВИЙ,26
2016,60,60 - РЕЄСТРАЦIЯ ТЗ ЗА ДОГОВОРОМ ДАРУВАННЯ,АВТОБУС,6
2016,60,60 - РЕЄСТРАЦIЯ ТЗ ЗА ДОГОВОРОМ ДАРУВАННЯ,ВАНТАЖНИЙ,10
2016,60,60 - РЕЄСТРАЦIЯ ТЗ ЗА ДОГОВОРОМ ДАРУВАННЯ,ЛЕГКОВИЙ,78
2016,61,61 - РЕЄСТРАЦIЯ ТЗ ПО УСПАДКУВАННЮ ЗА ЗАПОВIТОМ,АВТОБУС,1
2016,61,61 - РЕЄСТРАЦIЯ ТЗ ПО УСПАДКУВАННЮ ЗА ЗАПОВIТОМ,ВАНТАЖНИЙ,5
2016,61,61 - РЕЄСТРАЦIЯ ТЗ ПО УСПАДКУВАННЮ ЗА ЗАПОВIТОМ,ЛЕГКОВИЙ,92
2016,61,61 - РЕЄСТРАЦIЯ ТЗ ПО УСПАДКУВАННЮ ЗА ЗАПОВIТОМ,МОТОЦИКЛ,1
2016,61,61 - РЕЄСТРАЦIЯ ТЗ ПО УСПАДКУВАННЮ ЗА ЗАПОВIТОМ,ПРИЧІП,5
2016,62,62 - РЕЄСТРАЦIЯ ТЗ ПО УСПАДКУВАННЮ ЗА ЗАКОНОМ,АВТОБУС,5
2016,62,62 - РЕЄСТРАЦIЯ ТЗ ПО УСПАДКУВАННЮ ЗА ЗАКОНОМ,ВАНТАЖНИЙ,50
2016,62,62 - РЕЄСТРАЦIЯ ТЗ ПО УСПАДКУВАННЮ ЗА ЗАКОНОМ,ЛЕГКОВИЙ,685
2016,62,62 - РЕЄСТРАЦIЯ ТЗ ПО УСПАДКУВАННЮ ЗА ЗАКОНОМ,МОТОЦИКЛ,14
2016,62,62 - РЕЄСТРАЦIЯ ТЗ ПО УСПАДКУВАННЮ ЗА ЗАКОНОМ,НАПІВПРИЧІП,4
2016,62,62 - РЕЄСТРАЦIЯ ТЗ ПО УСПАДКУВАННЮ ЗА ЗАКОНОМ,ПРИЧІП,30
2016,63,63 - РЕЄСТРАЦIЯ ТЗ У ЗВ`ЯЗКУ З ПЕРЕДАЧЕЮ ДО СТАТУТНОГО ФОНДУ,АВТОБУС,9
2016,63,63 - РЕЄСТРАЦIЯ ТЗ У ЗВ`ЯЗКУ З ПЕРЕДАЧЕЮ ДО СТАТУТНОГО ФОНДУ,ВАНТАЖНИЙ,76
2016,63,63 - РЕЄСТРАЦIЯ ТЗ У ЗВ`ЯЗКУ З ПЕРЕДАЧЕЮ ДО СТАТУТНОГО ФОНДУ,ЛЕГКОВИЙ,16
2016,63,63 - РЕЄСТРАЦIЯ ТЗ У ЗВ`ЯЗКУ З ПЕРЕДАЧЕЮ ДО СТАТУТНОГО ФОНДУ,НАПІВПРИЧІП,22
2016,63,63 - РЕЄСТРАЦIЯ ТЗ У ЗВ`ЯЗКУ З ПЕРЕДАЧЕЮ ДО СТАТУТНОГО ФОНДУ,ПРИЧІП,5
2016,64,64 - РЕЄСТРАЦІЯ КОНФІСКОВАНОГО ТЗ,ВАНТАЖНИЙ,10
2016,64,64 - РЕЄСТРАЦІЯ КОНФІСКОВАНОГО ТЗ,ЛЕГКОВИЙ,31
2016,64,64 - РЕЄСТРАЦІЯ КОНФІСКОВАНОГО ТЗ,МОПЕД,1
2016,64,64 - РЕЄСТРАЦІЯ КОНФІСКОВАНОГО ТЗ,МОТОЦИКЛ,9
2016,64,64 - РЕЄСТРАЦІЯ КОНФІСКОВАНОГО ТЗ,НАПІВПРИЧІП,2
2016,64,64 - РЕЄСТРАЦІЯ КОНФІСКОВАНОГО ТЗ,ПРИЧІП,3
2016,65,65 - РЕЄСТРАЦIЯ ТЗ ЗА РІШЕННЯМ СУДУ,АВТОБУС,2
2016,65,65 - РЕЄСТРАЦIЯ ТЗ ЗА РІШЕННЯМ СУДУ,ВАНТАЖНИЙ,24
2016,65,65 - РЕЄСТРАЦIЯ ТЗ ЗА РІШЕННЯМ СУДУ,ЛЕГКОВИЙ,112
2016,65,65 - РЕЄСТРАЦIЯ ТЗ ЗА РІШЕННЯМ СУДУ,МОТОЦИКЛ,5
2016,65,65 - РЕЄСТРАЦIЯ ТЗ ЗА РІШЕННЯМ СУДУ,НАПІВПРИЧІП,1
2016,65,65 - РЕЄСТРАЦIЯ ТЗ ЗА РІШЕННЯМ СУДУ,ПРИЧІП,9
2016,69,69 - РЕЄСТРАЦІЯ ТЗ ПО АКТУ ПРИЙОМУ-ПЕРЕДАЧІ,АВТОБУС,756
2016,69,69 - РЕЄСТРАЦІЯ ТЗ ПО АКТУ ПРИЙОМУ-ПЕРЕДАЧІ,ВАНТАЖНИЙ,1034
2016,69,69 - РЕЄСТРАЦІЯ ТЗ ПО АКТУ ПРИЙОМУ-ПЕРЕДАЧІ,ЛЕГКОВИЙ,3066
2016,69,69 - РЕЄСТРАЦІЯ ТЗ ПО АКТУ ПРИЙОМУ-ПЕРЕДАЧІ,МОПЕД,11
2016,69,69 - РЕЄСТРАЦІЯ ТЗ ПО АКТУ ПРИЙОМУ-ПЕРЕДАЧІ,МОТОЦИКЛ,105
2016,69,69 - РЕЄСТРАЦІЯ ТЗ ПО АКТУ ПРИЙОМУ-ПЕРЕДАЧІ,НАПІВПРИЧІП,220
2016,69,69 - РЕЄСТРАЦІЯ ТЗ ПО АКТУ ПРИЙОМУ-ПЕРЕДАЧІ,ПРИЧІП,30231
2016,70,70 - РЕЄСТРАЦIЯ ТЗ ПРИВЕЗЕНОГО З-ЗА КОРДОНУ,ВАНТАЖНИЙ,2
2016,70,70 - РЕЄСТРАЦIЯ ТЗ ПРИВЕЗЕНОГО З-ЗА КОРДОНУ,ЛЕГКОВИЙ,3
2016,70,70 - РЕЄСТРАЦIЯ ТЗ ПРИВЕЗЕНОГО З-ЗА КОРДОНУ,НАПІВПРИЧІП,2
2016,70,70 - РЕЄСТРАЦIЯ ТЗ ПРИВЕЗЕНОГО З-ЗА КОРДОНУ ПО ВМД,АВТОБУС,400
2016,70,70 - РЕЄСТРАЦIЯ ТЗ ПРИВЕЗЕНОГО З-ЗА КОРДОНУ ПО ВМД,ВАНТАЖНИЙ,9491
2016,70,70 - РЕЄСТРАЦIЯ ТЗ ПРИВЕЗЕНОГО З-ЗА КОРДОНУ ПО ВМД,КВАДРОЦИКЛ,4
2016,70,70 - РЕЄСТРАЦIЯ ТЗ ПРИВЕЗЕНОГО З-ЗА КОРДОНУ ПО ВМД,ЛЕГКОВИЙ,6511
2016,70,70 - РЕЄСТРАЦIЯ ТЗ ПРИВЕЗЕНОГО З-ЗА КОРДОНУ ПО ВМД,МОПЕД,42
2016,70,70 - РЕЄСТРАЦIЯ ТЗ ПРИВЕЗЕНОГО З-ЗА КОРДОНУ ПО ВМД,МОТОЦИКЛ,1338
2016,70,70 - РЕЄСТРАЦIЯ ТЗ ПРИВЕЗЕНОГО З-ЗА КОРДОНУ ПО ВМД,НАПІВПРИЧІП,2788
2016,70,70 - РЕЄСТРАЦIЯ ТЗ ПРИВЕЗЕНОГО З-ЗА КОРДОНУ ПО ВМД,ПРИЧІП,485
2016,70,70 - РЕЄСТРАЦIЯ ТЗ ПРИВЕЗЕНОГО З-ЗА КОРДОНУ ПО ВМД,ТРИЦИКЛ,27
2016,71,71 - РЕЄСТРАЦІЯ ТЗ ПРИВЕЗЕНОГО З-ЗА КОРДОНУ ПО ПОСВІДЧЕННЮ МИТНИЦІ,АВТОБУС,29
2016,71,71 - РЕЄСТРАЦІЯ ТЗ ПРИВЕЗЕНОГО З-ЗА КОРДОНУ ПО ПОСВІДЧЕННЮ МИТНИЦІ,ВАНТАЖНИЙ,2195
2016,71,71 - РЕЄСТРАЦІЯ ТЗ ПРИВЕЗЕНОГО З-ЗА КОРДОНУ ПО ПОСВІДЧЕННЮ МИТНИЦІ,ЛЕГКОВИЙ,2088
2016,71,71 - РЕЄСТРАЦІЯ ТЗ ПРИВЕЗЕНОГО З-ЗА КОРДОНУ ПО ПОСВІДЧЕННЮ МИТНИЦІ,МОПЕД,4
2016,71,71 - РЕЄСТРАЦІЯ ТЗ ПРИВЕЗЕНОГО З-ЗА КОРДОНУ ПО ПОСВІДЧЕННЮ МИТНИЦІ,МОТОЦИКЛ,657
2016,71,71 - РЕЄСТРАЦІЯ ТЗ ПРИВЕЗЕНОГО З-ЗА КОРДОНУ ПО ПОСВІДЧЕННЮ МИТНИЦІ,НАПІВПРИЧІП,345
2016,71,71 - РЕЄСТРАЦІЯ ТЗ ПРИВЕЗЕНОГО З-ЗА КОРДОНУ ПО ПОСВІДЧЕННЮ МИТНИЦІ,ПРИЧІП,358
2016,71,71 - РЕЄСТРАЦІЯ ТЗ ПРИВЕЗЕНОГО З-ЗА КОРДОНУ ПО ПОСВІДЧЕННЮ МИТНИЦІ,ТРИЦИКЛ,2
2016,80,80 - РЕЄСТРАЦIЯ ТЗ ПРИДБАНОГО НА АУКЦІОНІ ТОВАР. БIРЖI,АВТОБУС,37
2016,80,80 - РЕЄСТРАЦIЯ ТЗ ПРИДБАНОГО НА АУКЦІОНІ ТОВАР. БIРЖI,ВАНТАЖНИЙ,148
2016,80,80 - РЕЄСТРАЦIЯ ТЗ ПРИДБАНОГО НА АУКЦІОНІ ТОВАР. БIРЖI,ЛЕГКОВИЙ,242
2016,80,80 - РЕЄСТРАЦIЯ ТЗ ПРИДБАНОГО НА АУКЦІОНІ ТОВАР. БIРЖI,МОТОЦИКЛ,16
2016,80,80 - РЕЄСТРАЦIЯ ТЗ ПРИДБАНОГО НА АУКЦІОНІ ТОВАР. БIРЖI,НАПІВПРИЧІП,8
2016,80,80 - РЕЄСТРАЦIЯ ТЗ ПРИДБАНОГО НА АУКЦІОНІ ТОВАР. БIРЖI,ПРИЧІП,28
2016,90,90 - РЕЄСТРАЦIЯ ТЗ ПРИДБАНОГО З ФОНДІВ МІН. ОБОРОНИ,АВТОБУС,1
2016,90,90 - РЕЄСТРАЦIЯ ТЗ ПРИДБАНОГО З ФОНДІВ МІН. ОБОРОНИ,ВАНТАЖНИЙ,145
2016,90,90 - РЕЄСТРАЦIЯ ТЗ ПРИДБАНОГО З ФОНДІВ МІН. ОБОРОНИ,ЛЕГКОВИЙ,12
2016,90,90 - РЕЄСТРАЦIЯ ТЗ ПРИДБАНОГО З ФОНДІВ МІН. ОБОРОНИ,НАПІВПРИЧІП,2
2016,90,90 - РЕЄСТРАЦIЯ ТЗ ПРИДБАНОГО З ФОНДІВ МІН. ОБОРОНИ,ПРИЧІП,61
2016,99,"99 - ПЕРВИННА РЕЄСТРАЦІЯ ТЗ ПРИДБАНОГО В ТОРГІВЕЛЬНІЙ ОРГАНІЗАЦІЇ, ЯКИЙ ВИГОТОВЛЕНО В УКРА",АВТОБУС,378
2016,99,"99 - ПЕРВИННА РЕЄСТРАЦІЯ ТЗ ПРИДБАНОГО В ТОРГІВЕЛЬНІЙ ОРГАНІЗАЦІЇ, ЯКИЙ ВИГОТОВЛЕНО В УКРА",ВАНТАЖНИЙ,596
2016,99,"99 - ПЕРВИННА РЕЄСТРАЦІЯ ТЗ ПРИДБАНОГО В ТОРГІВЕЛЬНІЙ ОРГАНІЗАЦІЇ, ЯКИЙ ВИГОТОВЛЕНО В УКРА",КВАДРОЦИКЛ,1
2016,99,"99 - ПЕРВИННА РЕЄСТРАЦІЯ ТЗ ПРИДБАНОГО В ТОРГІВЕЛЬНІЙ ОРГАНІЗАЦІЇ, ЯКИЙ ВИГОТОВЛЕНО В УКРА",ЛЕГКОВИЙ,5881
2016,99,"99 - ПЕРВИННА РЕЄСТРАЦІЯ ТЗ ПРИДБАНОГО В ТОРГІВЕЛЬНІЙ ОРГАНІЗАЦІЇ, ЯКИЙ ВИГОТОВЛЕНО В УКРА",МОПЕД,27
2016,99,"99 - ПЕРВИННА РЕЄСТРАЦІЯ ТЗ ПРИДБАНОГО В ТОРГІВЕЛЬНІЙ ОРГАНІЗАЦІЇ, ЯКИЙ ВИГОТОВЛЕНО В УКРА",МОТОЦИКЛ,24
2016,99,"99 - ПЕРВИННА РЕЄСТРАЦІЯ ТЗ ПРИДБАНОГО В ТОРГІВЕЛЬНІЙ ОРГАНІЗАЦІЇ, ЯКИЙ ВИГОТОВЛЕНО В УКРА",НАПІВПРИЧІП,46
2016,99,"99 - ПЕРВИННА РЕЄСТРАЦІЯ ТЗ ПРИДБАНОГО В ТОРГІВЕЛЬНІЙ ОРГАНІЗАЦІЇ, ЯКИЙ ВИГОТОВЛЕНО В УКРА",ПРИЧІП,6631
2017,100,"100 - ПЕРВИННА РЕЄСТРАЦIЯ ТЗ ПРИДБАНОГО В ТОРГІВЕЛЬНІЙ ОРГАНІЗАЦІЇ, УСТАНОВИ",ЛЕГКОВИЙ,11
2017,100,"100 - ПЕРВИННА РЕЄСТРАЦIЯ ТЗ ПРИДБАНОГО В ТОРГІВЕЛЬНІЙ ОРГАНІЗАЦІЇ, УСТАНОВИ",МОТОЦИКЛ,1
2017,100,"100 - ПЕРВИННА РЕЄСТРАЦIЯ ТЗ ПРИДБАНОГО В ТОРГІВЕЛЬНІЙ ОРГАНІЗАЦІЇ, ЯКИЙ ВВЕЗЕНО З-ЗА КОРД",АВТОБУС,1008
2017,100,"100 - ПЕРВИННА РЕЄСТРАЦIЯ ТЗ ПРИДБАНОГО В ТОРГІВЕЛЬНІЙ ОРГАНІЗАЦІЇ, ЯКИЙ ВВЕЗЕНО З-ЗА КОРД",ВАНТАЖНИЙ,28496
2017,100,"100 - ПЕРВИННА РЕЄСТРАЦIЯ ТЗ ПРИДБАНОГО В ТОРГІВЕЛЬНІЙ ОРГАНІЗАЦІЇ, ЯКИЙ ВВЕЗЕНО З-ЗА КОРД",КВАДРОЦИКЛ,66
2017,100,"100 - ПЕРВИННА РЕЄСТРАЦIЯ ТЗ ПРИДБАНОГО В ТОРГІВЕЛЬНІЙ ОРГАНІЗАЦІЇ, ЯКИЙ ВВЕЗЕНО З-ЗА КОРД",ЛЕГКОВИЙ,74388
2017,100,"100 - ПЕРВИННА РЕЄСТРАЦIЯ ТЗ ПРИДБАНОГО В ТОРГІВЕЛЬНІЙ ОРГАНІЗАЦІЇ, ЯКИЙ ВВЕЗЕНО З-ЗА КОРД",МОПЕД,337
2017,100,"100 - ПЕРВИННА РЕЄСТРАЦIЯ ТЗ ПРИДБАНОГО В ТОРГІВЕЛЬНІЙ ОРГАНІЗАЦІЇ, ЯКИЙ ВВЕЗЕНО З-ЗА КОРД",МОТОЦИКЛ,15170
2017,100,"100 - ПЕРВИННА РЕЄСТРАЦIЯ ТЗ ПРИДБАНОГО В ТОРГІВЕЛЬНІЙ ОРГАНІЗАЦІЇ, ЯКИЙ ВВЕЗЕНО З-ЗА КОРД",НАПІВПРИЧІП,7186
2017,100,"100 - ПЕРВИННА РЕЄСТРАЦIЯ ТЗ ПРИДБАНОГО В ТОРГІВЕЛЬНІЙ ОРГАНІЗАЦІЇ, ЯКИЙ ВВЕЗЕНО З-ЗА КОРД",ПРИЧІП,828
2017,100,"100 - ПЕРВИННА РЕЄСТРАЦIЯ ТЗ ПРИДБАНОГО В ТОРГІВЕЛЬНІЙ ОРГАНІЗАЦІЇ, ЯКИЙ ВВЕЗЕНО З-ЗА КОРД",ТРИЦИКЛ,175
2017,101,101 - РЕЄСТРАЦIЯ ТЗ ЗА ДОГОВОРОМ ЛІЗИНГУ,АВТОБУС,118
2017,101,101 - РЕЄСТРАЦIЯ ТЗ ЗА ДОГОВОРОМ ЛІЗИНГУ,ВАНТАЖНИЙ,1027
2017,101,101 - РЕЄСТРАЦIЯ ТЗ ЗА ДОГОВОРОМ ЛІЗИНГУ,ЛЕГКОВИЙ,4435
2017,101,101 - РЕЄСТРАЦIЯ ТЗ ЗА ДОГОВОРОМ ЛІЗИНГУ,НАПІВПРИЧІП,187
2017,101,101 - РЕЄСТРАЦIЯ ТЗ ЗА ДОГОВОРОМ ЛІЗИНГУ,ПРИЧІП,95
2017,11,11 - ПЕРВИННА РЕЄСТРАЦIЯ ТЗ ДЛЯ ІНШИХ ОРГ. ДЕРЖ.ВЛАСНОСТІ,ВАНТАЖНИЙ,1
2017,110,110 - РЕЄСТРАЦIЯ ТЗ ОТРИМАНОГО ЧЕРЕЗ ВIДДIЛ СОЦ. ЗАХИСТУ,ВАНТАЖНИЙ,1
2017,110,110 - РЕЄСТРАЦIЯ ТЗ ОТРИМАНОГО ЧЕРЕЗ ВIДДIЛ СОЦ. ЗАХИСТУ,ЛЕГКОВИЙ,180
2017,110,110 - РЕЄСТРАЦIЯ ТЗ ОТРИМАНОГО ЧЕРЕЗ ВIДДIЛ СОЦ. ЗАХИСТУ,МОТОЦИКЛ,1
2017,120,120 - РЕЄСТРАЦIЯ ТЗ ОТРИМАНОГО ПО ВИГРАШУ,ЛЕГКОВИЙ,1
2017,13,13 -  ВИПРАВЛЕННЯ VIN-КОДУ (ПІСЛЯ ВИПРАВЛЕННЯ КАРТКУ ВИДАЛИТИ),АВТОБУС,50
2017,13,13 -  ВИПРАВЛЕННЯ VIN-КОДУ (ПІСЛЯ ВИПРАВЛЕННЯ КАРТКУ ВИДАЛИТИ),ВАНТАЖНИЙ,210
2017,13,13 -  ВИПРАВЛЕННЯ VIN-КОДУ (ПІСЛЯ ВИПРАВЛЕННЯ КАРТКУ ВИДАЛИТИ),ЛЕГКОВИЙ,1264
2017,13,13 -  ВИПРАВЛЕННЯ VIN-КОДУ (ПІСЛЯ ВИПРАВЛЕННЯ КАРТКУ ВИДАЛИТИ),МОТОЦИКЛ,11
2017,13,13 -  ВИПРАВЛЕННЯ VIN-КОДУ (ПІСЛЯ ВИПРАВЛЕННЯ КАРТКУ ВИДАЛИТИ),НАПІВПРИЧІП,14
2017,13,13 -  ВИПРАВЛЕННЯ VIN-КОДУ (ПІСЛЯ ВИПРАВЛЕННЯ КАРТКУ ВИДАЛИТИ),ПРИЧІП,41
2017,130,130 - РЕЄСТРАЦIЯ ТЗ У ЗВ`ЯЗКУ З ПРИЇЗДОМ НА ПМЖ,ВАНТАЖНИЙ,3
2017,130,130 - РЕЄСТРАЦIЯ ТЗ У ЗВ`ЯЗКУ З ПРИЇЗДОМ НА ПМЖ,ЛЕГКОВИЙ,243
2017,130,130 - РЕЄСТРАЦIЯ ТЗ У ЗВ`ЯЗКУ З ПРИЇЗДОМ НА ПМЖ,МОТОЦИКЛ,5
2017,130,130 - РЕЄСТРАЦIЯ ТЗ У ЗВ`ЯЗКУ З ПРИЇЗДОМ НА ПМЖ,ПРИЧІП,6
2017,131,131 - РЕЄСТРАЦІЯ ТЗ У ЗВ'ЯЗКУ З ПРИЇЗДОМ НА ПМП В МЕЖАХ УКРАЇНИ,ЛЕГКОВИЙ,1
2017,14,14 - ВНЕСЕННЯ БЕЗНОМЕРНОГО ТЗ (ТІЛЬКИ ДЛЯ ВИДАЧІ ДОПНВ),ВАНТАЖНИЙ,4
2017,14,14 - ВНЕСЕННЯ БЕЗНОМЕРНОГО ТЗ (ТІЛЬКИ ДЛЯ ВИДАЧІ ДОПНВ),НАПІВПРИЧІП,1
2017,140,140 - ВТОРИННА РЕЄСТРАЦIЯ ТЗ У ЗВ`ЯЗКУ З НЕПРОДАЖЕМ,АВТОБУС,13
2017,140,140 - ВТОРИННА РЕЄСТРАЦIЯ ТЗ У ЗВ`ЯЗКУ З НЕПРОДАЖЕМ,ВАНТАЖНИЙ,159
2017,140,140 - ВТОРИННА РЕЄСТРАЦIЯ ТЗ У ЗВ`ЯЗКУ З НЕПРОДАЖЕМ,ЛЕГКОВИЙ,1099
2017,140,140 - ВТОРИННА РЕЄСТРАЦIЯ ТЗ У ЗВ`ЯЗКУ З НЕПРОДАЖЕМ,МОПЕД,3
2017,140,140 - ВТОРИННА РЕЄСТРАЦIЯ ТЗ У ЗВ`ЯЗКУ З НЕПРОДАЖЕМ,МОТОЦИКЛ,11
2017,140,140 - ВТОРИННА РЕЄСТРАЦIЯ ТЗ У ЗВ`ЯЗКУ З НЕПРОДАЖЕМ,НАПІВПРИЧІП,22
2017,140,140 - ВТОРИННА РЕЄСТРАЦIЯ ТЗ У ЗВ`ЯЗКУ З НЕПРОДАЖЕМ,ПРИЧІП,27
2017,141,141 - РЕЄСТРАЦIЯ ТЗ ПIСЛЯ ВIДМIНИ ЇЇ АНУЛЮВАННЯ,АВТОБУС,1
2017,141,141 - РЕЄСТРАЦIЯ ТЗ ПIСЛЯ ВIДМIНИ ЇЇ АНУЛЮВАННЯ,ВАНТАЖНИЙ,3
2017,141,141 - РЕЄСТРАЦIЯ ТЗ ПIСЛЯ ВIДМIНИ ЇЇ АНУЛЮВАННЯ,ЛЕГКОВИЙ,74
2017,141,141 - РЕЄСТРАЦIЯ ТЗ ПIСЛЯ ВIДМIНИ ЇЇ АНУЛЮВАННЯ,МОТОЦИКЛ,1
2017,141,141 - РЕЄСТРАЦIЯ ТЗ ПIСЛЯ ВIДМIНИ ЇЇ АНУЛЮВАННЯ,НАПІВПРИЧІП,1
2017,141,141 - РЕЄСТРАЦIЯ ТЗ ПIСЛЯ ВIДМIНИ ЇЇ АНУЛЮВАННЯ,ПРИЧІП,1
2017,143,143 - ПОНОВЛЕННЯ РЕЄСТР. ПІСЛЯ УМОВН. ЗНЯТТЯ З ОБЛ. З НЕПР. ТО,МОТОЦИКЛ,1
2017,150,150 - РЕЄСТРАЦIЯ ТЗ САМОСТIЙНО СКЛАДЕНОГО,ВАНТАЖНИЙ,2
2017,150,150 - РЕЄСТРАЦIЯ ТЗ САМОСТIЙНО СКЛАДЕНОГО,ПРИЧІП,2
2017,150,150 - РЕЄСТРАЦIЯ ТЗ САМОСТIЙНО СКЛАДЕНОГО,ТРИЦИКЛ,1
2017,151,151 - РЕЄСТРАЦІЯ ТЗ У ЗВ'ЯЗКУ ЗІ ЗМІНОЮ МІСЦЯ СТОЯНКИ,ВАНТАЖНИЙ,4
2017,151,151 - РЕЄСТРАЦІЯ ТЗ У ЗВ'ЯЗКУ ЗІ ЗМІНОЮ МІСЦЯ СТОЯНКИ,ПРИЧІП,1
2017,16,16 - ВНЕСЕННЯ ВЛАСНИКА-ІНОЗЕМЦЯ (ПІСЛЯ ВИВЕЗЕННЯ ЗА КОРДОН ТА ПОВТОРНОГО ВВЕЗЕННЯ),ЛЕГКОВИЙ,1
2017,16,16 - ВНЕСЕННЯ КАРТКИ ТЗ (ПІСЛЯ ВИВЕЗЕННЯ ЗА КОРДОН ТА ПОВТОРНОГО ВВЕЗЕННЯ),ЛЕГКОВИЙ,1
2017,17,17 - ПЕРВИННА РЕЄСТРАЦІЯ ТЗ (МОПЕДІВ) ЗА ВИСНОВКАМИ,МОПЕД,11050
2017,172,"172 - ПЕРВИННА РЕЄСТРАЦІЯ ЛЕГКОВИХ ТЗ, ЯКІ ВВЕЗЕНО З-ЗА КОРДОНУ",АВТОБУС,2
2017,172,"172 - ПЕРВИННА РЕЄСТРАЦІЯ ЛЕГКОВИХ ТЗ, ЯКІ ВВЕЗЕНО З-ЗА КОРДОНУ",ВАНТАЖНИЙ,79
2017,172,"172 - ПЕРВИННА РЕЄСТРАЦІЯ ЛЕГКОВИХ ТЗ, ЯКІ ВВЕЗЕНО З-ЗА КОРДОНУ",КВАДРОЦИКЛ,2
2017,172,"172 - ПЕРВИННА РЕЄСТРАЦІЯ ЛЕГКОВИХ ТЗ, ЯКІ ВВЕЗЕНО З-ЗА КОРДОНУ",ЛЕГКОВИЙ,61608
2017,172,"172 - ПЕРВИННА РЕЄСТРАЦІЯ ЛЕГКОВИХ ТЗ, ЯКІ ВВЕЗЕНО З-ЗА КОРДОНУ",МОТОЦИКЛ,10
2017,172,"172 - ПЕРВИННА РЕЄСТРАЦІЯ ЛЕГКОВИХ ТЗ, ЯКІ ВВЕЗЕНО З-ЗА КОРДОНУ",НАПІВПРИЧІП,4
2017,172,"172 - ПЕРВИННА РЕЄСТРАЦІЯ ЛЕГКОВИХ ТЗ, ЯКІ ВВЕЗЕНО З-ЗА КОРДОНУ",ПРИЧІП,12
2017,20,20 - ПЕРВИННА РЕЄСТРАЦIЯ ТЗ ДЛЯ НЕДЕРЖ. ОРГАНIЗАЦIЇ,ЛЕГКОВИЙ,1
2017,210,210 -  ВИДАЧА ТИМЧАСОВОГО ТАЛОНУ ЗА ЗАЯВОЮ ВЛАСНИКА ДЛЯ РЕЄСТРАЦІЇ У ТОМУ ЧИСЛІ ПРИ УТОЧНЕ,АВТОБУС,2
2017,210,210 -  ВИДАЧА ТИМЧАСОВОГО ТАЛОНУ ЗА ЗАЯВОЮ ВЛАСНИКА ДЛЯ РЕЄСТРАЦІЇ У ТОМУ ЧИСЛІ ПРИ УТОЧНЕ,ВАНТАЖНИЙ,13
2017,210,210 -  ВИДАЧА ТИМЧАСОВОГО ТАЛОНУ ЗА ЗАЯВОЮ ВЛАСНИКА ДЛЯ РЕЄСТРАЦІЇ У ТОМУ ЧИСЛІ ПРИ УТОЧНЕ,ЛЕГКОВИЙ,3
2017,210,210 -  ВИДАЧА ТИМЧАСОВОГО ТАЛОНУ ЗА ЗАЯВОЮ ВЛАСНИКА ДЛЯ РЕЄСТРАЦІЇ У ТОМУ ЧИСЛІ ПРИ УТОЧНЕ,МОТОЦИКЛ,5
2017,210,210 -  ВИДАЧА ТИМЧАСОВОГО ТАЛОНУ ЗА ЗАЯВОЮ ВЛАСНИКА ДЛЯ РЕЄСТРАЦІЇ У ТОМУ ЧИСЛІ ПРИ УТОЧНЕ,НАПІВПРИЧІП,4
2017,210,210 -  ВИДАЧА ТИМЧАСОВОГО ТАЛОНУ ЗА ЗАЯВОЮ ВЛАСНИКА ДЛЯ РЕЄСТРАЦІЇ У ТОМУ ЧИСЛІ ПРИ УТОЧНЕ,ПРИЧІП,1
2017,221,"221 - РЕЄСТРАЦІЮ ТЗ,ВВЕЗЕНОГО ПІД ЗОБОВ'ЯЗАННЯ ПРО ЗВОРОТНЕ ВИВЕЗЕННЯ",АВТОБУС,18
2017,221,"221 - РЕЄСТРАЦІЮ ТЗ,ВВЕЗЕНОГО ПІД ЗОБОВ'ЯЗАННЯ ПРО ЗВОРОТНЕ ВИВЕЗЕННЯ",ВАНТАЖНИЙ,180
2017,221,"221 - РЕЄСТРАЦІЮ ТЗ,ВВЕЗЕНОГО ПІД ЗОБОВ'ЯЗАННЯ ПРО ЗВОРОТНЕ ВИВЕЗЕННЯ",ЛЕГКОВИЙ,892
2017,221,"221 - РЕЄСТРАЦІЮ ТЗ,ВВЕЗЕНОГО ПІД ЗОБОВ'ЯЗАННЯ ПРО ЗВОРОТНЕ ВИВЕЗЕННЯ",МОТОЦИКЛ,7
2017,221,"221 - РЕЄСТРАЦІЮ ТЗ,ВВЕЗЕНОГО ПІД ЗОБОВ'ЯЗАННЯ ПРО ЗВОРОТНЕ ВИВЕЗЕННЯ",НАПІВПРИЧІП,21
2017,221,"221 - РЕЄСТРАЦІЮ ТЗ,ВВЕЗЕНОГО ПІД ЗОБОВ'ЯЗАННЯ ПРО ЗВОРОТНЕ ВИВЕЗЕННЯ",ПРИЧІП,1
2017,230,230 -  ВИДАЧА СВ. ПРО РЕЄСТР ДЛЯ ПОЇЗДКИ ЗА КОРДОН,АВТОБУС,893
2017,230,230 -  ВИДАЧА СВ. ПРО РЕЄСТР ДЛЯ ПОЇЗДКИ ЗА КОРДОН,ВАНТАЖНИЙ,3878
2017,230,230 -  ВИДАЧА СВ. ПРО РЕЄСТР ДЛЯ ПОЇЗДКИ ЗА КОРДОН,ЛЕГКОВИЙ,4525
2017,230,230 -  ВИДАЧА СВ. ПРО РЕЄСТР ДЛЯ ПОЇЗДКИ ЗА КОРДОН,МОТОЦИКЛ,39
2017,230,230 -  ВИДАЧА СВ. ПРО РЕЄСТР ДЛЯ ПОЇЗДКИ ЗА КОРДОН,НАПІВПРИЧІП,2592
2017,230,230 -  ВИДАЧА СВ. ПРО РЕЄСТР ДЛЯ ПОЇЗДКИ ЗА КОРДОН,ПРИЧІП,288
2017,230,230 -  ВИДАЧА СВ. ПРО РЕЄСТР ДЛЯ ПОЇЗДКИ ЗА КОРДОН ПО ДОРУЧ,ВАНТАЖНИЙ,1
2017,250,250 -  ВИДАЧА ТИМЧАСОВОГО РЕЄСТР ТАЛОНУ ПО ДОРУЧЕННЮ,АВТОБУС,12900
2017,250,250 -  ВИДАЧА ТИМЧАСОВОГО РЕЄСТР ТАЛОНУ ПО ДОРУЧЕННЮ,ВАНТАЖНИЙ,1434
2017,250,250 -  ВИДАЧА ТИМЧАСОВОГО РЕЄСТР ТАЛОНУ ПО ДОРУЧЕННЮ,КВАДРОЦИКЛ,2
2017,250,250 -  ВИДАЧА ТИМЧАСОВОГО РЕЄСТР ТАЛОНУ ПО ДОРУЧЕННЮ,ЛЕГКОВИЙ,2551
2017,250,250 -  ВИДАЧА ТИМЧАСОВОГО РЕЄСТР ТАЛОНУ ПО ДОРУЧЕННЮ,МОПЕД,26
2017,250,250 -  ВИДАЧА ТИМЧАСОВОГО РЕЄСТР ТАЛОНУ ПО ДОРУЧЕННЮ,МОТОЦИКЛ,55
2017,250,250 -  ВИДАЧА ТИМЧАСОВОГО РЕЄСТР ТАЛОНУ ПО ДОРУЧЕННЮ,НАПІВПРИЧІП,1079
2017,250,250 -  ВИДАЧА ТИМЧАСОВОГО РЕЄСТР ТАЛОНУ ПО ДОРУЧЕННЮ,ПРИЧІП,322
2017,250,250 -  ВИДАЧА ТИМЧАСОВОГО РЕЄСТР ТАЛОНУ ПО ДОРУЧЕННЮ,ТРИЦИКЛ,4
2017,252,252 -  ВИДАЧА ТИМЧАС. РЕЄСТР. ТАЛОНУ НА ПРАВО КЕР ЗА ЗАЯВОЮ ВЛ,АВТОБУС,1728
2017,252,252 -  ВИДАЧА ТИМЧАС. РЕЄСТР. ТАЛОНУ НА ПРАВО КЕР ЗА ЗАЯВОЮ ВЛ,ВАНТАЖНИЙ,504
2017,252,252 -  ВИДАЧА ТИМЧАС. РЕЄСТР. ТАЛОНУ НА ПРАВО КЕР ЗА ЗАЯВОЮ ВЛ,КВАДРОЦИКЛ,2
2017,252,252 -  ВИДАЧА ТИМЧАС. РЕЄСТР. ТАЛОНУ НА ПРАВО КЕР ЗА ЗАЯВОЮ ВЛ,ЛЕГКОВИЙ,4150
2017,252,252 -  ВИДАЧА ТИМЧАС. РЕЄСТР. ТАЛОНУ НА ПРАВО КЕР ЗА ЗАЯВОЮ ВЛ,МОПЕД,7
2017,252,252 -  ВИДАЧА ТИМЧАС. РЕЄСТР. ТАЛОНУ НА ПРАВО КЕР ЗА ЗАЯВОЮ ВЛ,МОТОЦИКЛ,8
2017,252,252 -  ВИДАЧА ТИМЧАС. РЕЄСТР. ТАЛОНУ НА ПРАВО КЕР ЗА ЗАЯВОЮ ВЛ,НАПІВПРИЧІП,190
2017,252,252 -  ВИДАЧА ТИМЧАС. РЕЄСТР. ТАЛОНУ НА ПРАВО КЕР ЗА ЗАЯВОЮ ВЛ,ПРИЧІП,63
2017,255,255 -  АНУЛЮВАННЯ ВИДАЧI ТИМЧАС. РЕЄСТРАЦIЙНОГО ТАЛОНУ ПО ДОРУЧ,АВТОБУС,2073
2017,255,255 -  АНУЛЮВАННЯ ВИДАЧI ТИМЧАС. РЕЄСТРАЦIЙНОГО ТАЛОНУ ПО ДОРУЧ,ВАНТАЖНИЙ,264
2017,255,255 -  АНУЛЮВАННЯ ВИДАЧI ТИМЧАС. РЕЄСТРАЦIЙНОГО ТАЛОНУ ПО ДОРУЧ,ЛЕГКОВИЙ,179
2017,255,255 -  АНУЛЮВАННЯ ВИДАЧI ТИМЧАС. РЕЄСТРАЦIЙНОГО ТАЛОНУ ПО ДОРУЧ,МОПЕД,2
2017,255,255 -  АНУЛЮВАННЯ ВИДАЧI ТИМЧАС. РЕЄСТРАЦIЙНОГО ТАЛОНУ ПО ДОРУЧ,МОТОЦИКЛ,4
2017,255,255 -  АНУЛЮВАННЯ ВИДАЧI ТИМЧАС. РЕЄСТРАЦIЙНОГО ТАЛОНУ ПО ДОРУЧ,НАПІВПРИЧІП,211
2017,255,255 -  АНУЛЮВАННЯ ВИДАЧI ТИМЧАС. РЕЄСТРАЦIЙНОГО ТАЛОНУ ПО ДОРУЧ,ПРИЧІП,17
2017,256,256 -  АНУЛЮВАННЯ ВИДАЧI ТИМЧАС. РЕЕСТР. ТАЛОНУ ПО ЗАЯВI ВЛ,АВТОБУС,190
2017,256,256 -  АНУЛЮВАННЯ ВИДАЧI ТИМЧАС. РЕЕСТР. ТАЛОНУ ПО ЗАЯВI ВЛ,ВАНТАЖНИЙ,24
2017,256,256 -  АНУЛЮВАННЯ ВИДАЧI ТИМЧАС. РЕЕСТР. ТАЛОНУ ПО ЗАЯВI ВЛ,ЛЕГКОВИЙ,359
2017,256,256 -  АНУЛЮВАННЯ ВИДАЧI ТИМЧАС. РЕЕСТР. ТАЛОНУ ПО ЗАЯВI ВЛ,НАПІВПРИЧІП,14
2017,256,256 -  АНУЛЮВАННЯ ВИДАЧI ТИМЧАС. РЕЕСТР. ТАЛОНУ ПО ЗАЯВI ВЛ,ПРИЧІП,3
2017,260,260 - ВИДАЧА ТИМЧ. РЕЄСТР. ТАЛОНУ ПРИ ВИЯВЛЕННI ТЗ ВИКР ЗА КОРД,АВТОБУС,2
2017,260,260 - ВИДАЧА ТИМЧ. РЕЄСТР. ТАЛОНУ ПРИ ВИЯВЛЕННI ТЗ ВИКР ЗА КОРД,ВАНТАЖНИЙ,2
2017,260,260 - ВИДАЧА ТИМЧ. РЕЄСТР. ТАЛОНУ ПРИ ВИЯВЛЕННI ТЗ ВИКР ЗА КОРД,ЛЕГКОВИЙ,11
2017,260,260 - ВИДАЧА ТИМЧ. РЕЄСТР. ТАЛОНУ ПРИ ВИЯВЛЕННI ТЗ ВИКР ЗА КОРД,МОТОЦИКЛ,3
2017,270,270 - ВИДАЧА ТИМЧАС. ТАЛ. ДЛЯ МОПЕДІВ БЕЗ ОБМЕЖ СТРОКУ РЕЄС.,МОПЕД,3
2017,30,30 - ПЕРВИННА РЕЄСТРАЦІЯ ТЗ ДЛЯ ІНДИВ. ВЛАСНИКА,ВАНТАЖНИЙ,3
2017,30,30 - ПЕРВИННА РЕЄСТРАЦІЯ ТЗ ДЛЯ ІНДИВ. ВЛАСНИКА,ЛЕГКОВИЙ,26
2017,30,30 - ПЕРВИННА РЕЄСТРАЦІЯ ТЗ ДЛЯ ІНДИВ. ВЛАСНИКА,МОТОЦИКЛ,30
2017,30,30 - ПЕРВИННА РЕЄСТРАЦІЯ ТЗ ДЛЯ ІНДИВ. ВЛАСНИКА,НАПІВПРИЧІП,1
2017,30,30 - ПЕРВИННА РЕЄСТРАЦІЯ ТЗ ДЛЯ ІНДИВ. ВЛАСНИКА,ПРИЧІП,38
2017,300,300 - ПЕРЕРЕЄСТРАЦIЯ НА НОВОГО ВЛАСНИКА ЗА СВIД. НА СПIЛЬНЕ МАЙНО,АВТОБУС,6
2017,300,300 - ПЕРЕРЕЄСТРАЦIЯ НА НОВОГО ВЛАСНИКА ЗА СВIД. НА СПIЛЬНЕ МАЙНО,ВАНТАЖНИЙ,10
2017,300,300 - ПЕРЕРЕЄСТРАЦIЯ НА НОВОГО ВЛАСНИКА ЗА СВIД. НА СПIЛЬНЕ МАЙНО,ЛЕГКОВИЙ,62
2017,300,300 - ПЕРЕРЕЄСТРАЦIЯ НА НОВОГО ВЛАСНИКА ЗА СВIД. НА СПIЛЬНЕ МАЙНО,МОТОЦИКЛ,1
2017,300,300 - ПЕРЕРЕЄСТРАЦIЯ НА НОВОГО ВЛАСНИКА ЗА СВIД. НА СПIЛЬНЕ МАЙНО,НАПІВПРИЧІП,2
2017,300,300 - ПЕРЕРЕЄСТРАЦIЯ НА НОВОГО ВЛАСНИКА ЗА СВIД. НА СПIЛЬНЕ МАЙНО,ПРИЧІП,3
2017,301,301 - ПЕРЕРЕЄСТРАЦІЯ ЗА ДОГОВОРОМ ПОДІЛУ МАЙНА,ВАНТАЖНИЙ,3
2017,301,301 - ПЕРЕРЕЄСТРАЦІЯ ЗА ДОГОВОРОМ ПОДІЛУ МАЙНА,ЛЕГКОВИЙ,42
2017,301,301 - ПЕРЕРЕЄСТРАЦІЯ ЗА ДОГОВОРОМ ПОДІЛУ МАЙНА,ПРИЧІП,1
2017,308,308 - ПЕРЕРЕЄСТРАЦІЯ НА НОВОГО ВЛАСНИКА ЗА ДОГ. КУПIВЛI-ПРОДАЖУ (СГ),АВТОБУС,4430
2017,308,308 - ПЕРЕРЕЄСТРАЦІЯ НА НОВОГО ВЛАСНИКА ЗА ДОГ. КУПIВЛI-ПРОДАЖУ (СГ),ВАНТАЖНИЙ,35565
2017,308,308 - ПЕРЕРЕЄСТРАЦІЯ НА НОВОГО ВЛАСНИКА ЗА ДОГ. КУПIВЛI-ПРОДАЖУ (СГ),КВАДРОЦИКЛ,7
2017,308,308 - ПЕРЕРЕЄСТРАЦІЯ НА НОВОГО ВЛАСНИКА ЗА ДОГ. КУПIВЛI-ПРОДАЖУ (СГ),ЛЕГКОВИЙ,110811
2017,308,308 - ПЕРЕРЕЄСТРАЦІЯ НА НОВОГО ВЛАСНИКА ЗА ДОГ. КУПIВЛI-ПРОДАЖУ (СГ),МОПЕД,58
2017,308,308 - ПЕРЕРЕЄСТРАЦІЯ НА НОВОГО ВЛАСНИКА ЗА ДОГ. КУПIВЛI-ПРОДАЖУ (СГ),МОТОЦИКЛ,1538
2017,308,308 - ПЕРЕРЕЄСТРАЦІЯ НА НОВОГО ВЛАСНИКА ЗА ДОГ. КУПIВЛI-ПРОДАЖУ (СГ),НАПІВПРИЧІП,5411
2017,308,308 - ПЕРЕРЕЄСТРАЦІЯ НА НОВОГО ВЛАСНИКА ЗА ДОГ. КУПIВЛI-ПРОДАЖУ (СГ),ПРИЧІП,3336
2017,308,308 - ПЕРЕРЕЄСТРАЦІЯ НА НОВОГО ВЛАСНИКА ЗА ДОГ. КУПIВЛI-ПРОДАЖУ (СГ),ТРИЦИКЛ,10
2017,309,309 - ПЕРЕРЕЄСТРАЦІЯ ТЗ НА НОВОГО ВЛАСНИКА ЗА ДОВІДКОЙ-РАХУНОК,АВТОБУС,2
2017,309,309 - ПЕРЕРЕЄСТРАЦІЯ ТЗ НА НОВОГО ВЛАСНИКА ЗА ДОВІДКОЙ-РАХУНОК,ВАНТАЖНИЙ,35
2017,309,309 - ПЕРЕРЕЄСТРАЦІЯ ТЗ НА НОВОГО ВЛАСНИКА ЗА ДОВІДКОЙ-РАХУНОК,ЛЕГКОВИЙ,164
2017,309,309 - ПЕРЕРЕЄСТРАЦІЯ ТЗ НА НОВОГО ВЛАСНИКА ЗА ДОВІДКОЙ-РАХУНОК,МОТОЦИКЛ,11
2017,309,309 - ПЕРЕРЕЄСТРАЦІЯ ТЗ НА НОВОГО ВЛАСНИКА ЗА ДОВІДКОЙ-РАХУНОК,НАПІВПРИЧІП,5
2017,309,309 - ПЕРЕРЕЄСТРАЦІЯ ТЗ НА НОВОГО ВЛАСНИКА ЗА ДОВІДКОЙ-РАХУНОК,ПРИЧІП,5
2017,309,309 - ПЕРЕРЕЄСТРАЦІЯ ТЗ НА НОВОГО ВЛАСНИКА ЗА ДОВІДКОЮ-РАХУНКОМ,АВТОБУС,2
2017,309,309 - ПЕРЕРЕЄСТРАЦІЯ ТЗ НА НОВОГО ВЛАСНИКА ЗА ДОВІДКОЮ-РАХУНКОМ,ВАНТАЖНИЙ,32
2017,309,309 - ПЕРЕРЕЄСТРАЦІЯ ТЗ НА НОВОГО ВЛАСНИКА ЗА ДОВІДКОЮ-РАХУНКОМ,ЛЕГКОВИЙ,104
2017,309,309 - ПЕРЕРЕЄСТРАЦІЯ ТЗ НА НОВОГО ВЛАСНИКА ЗА ДОВІДКОЮ-РАХУНКОМ,МОТОЦИКЛ,8
2017,309,309 - ПЕРЕРЕЄСТРАЦІЯ ТЗ НА НОВОГО ВЛАСНИКА ЗА ДОВІДКОЮ-РАХУНКОМ,НАПІВПРИЧІП,11
2017,309,309 - ПЕРЕРЕЄСТРАЦІЯ ТЗ НА НОВОГО ВЛАСНИКА ЗА ДОВІДКОЮ-РАХУНКОМ,ПРИЧІП,8
2017,310,310 - ПЕРЕРЕЄСТРАЦІЯ НА НОВОГО ВЛАСНИКА ЗА ДОГ. КУП.-ПРОД.(ОФОРМ.НОТАРІАЛЬНО ТА ІНШ.),АВТОБУС,155
2017,310,310 - ПЕРЕРЕЄСТРАЦІЯ НА НОВОГО ВЛАСНИКА ЗА ДОГ. КУП.-ПРОД.(ОФОРМ.НОТАРІАЛЬНО ТА ІНШ.),ВАНТАЖНИЙ,497
2017,310,310 - ПЕРЕРЕЄСТРАЦІЯ НА НОВОГО ВЛАСНИКА ЗА ДОГ. КУП.-ПРОД.(ОФОРМ.НОТАРІАЛЬНО ТА ІНШ.),ЛЕГКОВИЙ,1073
2017,310,310 - ПЕРЕРЕЄСТРАЦІЯ НА НОВОГО ВЛАСНИКА ЗА ДОГ. КУП.-ПРОД.(ОФОРМ.НОТАРІАЛЬНО ТА ІНШ.),МОПЕД,1
2017,310,310 - ПЕРЕРЕЄСТРАЦІЯ НА НОВОГО ВЛАСНИКА ЗА ДОГ. КУП.-ПРОД.(ОФОРМ.НОТАРІАЛЬНО ТА ІНШ.),МОТОЦИКЛ,17
2017,310,310 - ПЕРЕРЕЄСТРАЦІЯ НА НОВОГО ВЛАСНИКА ЗА ДОГ. КУП.-ПРОД.(ОФОРМ.НОТАРІАЛЬНО ТА ІНШ.),НАПІВПРИЧІП,62
2017,310,310 - ПЕРЕРЕЄСТРАЦІЯ НА НОВОГО ВЛАСНИКА ЗА ДОГ. КУП.-ПРОД.(ОФОРМ.НОТАРІАЛЬНО ТА ІНШ.),ПРИЧІП,34
2017,310,310 - ПЕРЕРЕЄСТРАЦІЯ НА НОВОГО ВЛАСНИКА ЗА ДОГ. КУП.-ПРОД.ТА ІНШ.(ОФОРМ.НОТАРІАЛЬНО ),АВТОБУС,41
2017,310,310 - ПЕРЕРЕЄСТРАЦІЯ НА НОВОГО ВЛАСНИКА ЗА ДОГ. КУП.-ПРОД.ТА ІНШ.(ОФОРМ.НОТАРІАЛЬНО ),ВАНТАЖНИЙ,218
2017,310,310 - ПЕРЕРЕЄСТРАЦІЯ НА НОВОГО ВЛАСНИКА ЗА ДОГ. КУП.-ПРОД.ТА ІНШ.(ОФОРМ.НОТАРІАЛЬНО ),ЛЕГКОВИЙ,457
2017,310,310 - ПЕРЕРЕЄСТРАЦІЯ НА НОВОГО ВЛАСНИКА ЗА ДОГ. КУП.-ПРОД.ТА ІНШ.(ОФОРМ.НОТАРІАЛЬНО ),МОТОЦИКЛ,2
2017,310,310 - ПЕРЕРЕЄСТРАЦІЯ НА НОВОГО ВЛАСНИКА ЗА ДОГ. КУП.-ПРОД.ТА ІНШ.(ОФОРМ.НОТАРІАЛЬНО ),НАПІВПРИЧІП,63
2017,310,310 - ПЕРЕРЕЄСТРАЦІЯ НА НОВОГО ВЛАСНИКА ЗА ДОГ. КУП.-ПРОД.ТА ІНШ.(ОФОРМ.НОТАРІАЛЬНО ),ПРИЧІП,26
2017,310,310 - ПЕРЕРЕЄСТРАЦІЯ НА НОВОГО ВЛАСНИКА ЗА ДОГ. КУПIВЛI-ПРОДАЖУ,ВАНТАЖНИЙ,1
2017,310,310 - ПЕРЕРЕЄСТРАЦІЯ НА НОВОГО ВЛАСНИКА ЗА ДОГ. КУПIВЛI-ПРОДАЖУ,ЛЕГКОВИЙ,2
2017,311,311 - ПЕРЕРЕЄСТРАЦIЯ НА НОВОГО ВЛАСНИКА ЗА ДОГОВОРОМ МIНИ,АВТОБУС,2
2017,311,311 - ПЕРЕРЕЄСТРАЦIЯ НА НОВОГО ВЛАСНИКА ЗА ДОГОВОРОМ МIНИ,ВАНТАЖНИЙ,8
2017,311,311 - ПЕРЕРЕЄСТРАЦIЯ НА НОВОГО ВЛАСНИКА ЗА ДОГОВОРОМ МIНИ,ЛЕГКОВИЙ,32
2017,311,311 - ПЕРЕРЕЄСТРАЦIЯ НА НОВОГО ВЛАСНИКА ЗА ДОГОВОРОМ МIНИ,НАПІВПРИЧІП,2
2017,312,"312 - ПЕРЕРЕЄСТРАЦІЯ ТЗ НА НОВОГО ВЛАСНИКА, ОТРИМАНОГО ЧЕРЕЗ ВІДДІЛ СОЦ.ЗАХИСТУ",ЛЕГКОВИЙ,171
2017,315,315 - ПЕРЕРЕЄСТРАЦІЯ ТЗ НА НОВ. ВЛАСН. ПО ДОГОВОРУ УКЛАДЕНОМУ В ТСЦ,АВТОБУС,2835
2017,315,315 - ПЕРЕРЕЄСТРАЦІЯ ТЗ НА НОВ. ВЛАСН. ПО ДОГОВОРУ УКЛАДЕНОМУ В ТСЦ,ВАНТАЖНИЙ,28990
2017,315,315 - ПЕРЕРЕЄСТРАЦІЯ ТЗ НА НОВ. ВЛАСН. ПО ДОГОВОРУ УКЛАДЕНОМУ В ТСЦ,КВАДРОЦИКЛ,5
2017,315,315 - ПЕРЕРЕЄСТРАЦІЯ ТЗ НА НОВ. ВЛАСН. ПО ДОГОВОРУ УКЛАДЕНОМУ В ТСЦ,ЛЕГКОВИЙ,339260
2017,315,315 - ПЕРЕРЕЄСТРАЦІЯ ТЗ НА НОВ. ВЛАСН. ПО ДОГОВОРУ УКЛАДЕНОМУ В ТСЦ,МОПЕД,392
2017,315,315 - ПЕРЕРЕЄСТРАЦІЯ ТЗ НА НОВ. ВЛАСН. ПО ДОГОВОРУ УКЛАДЕНОМУ В ТСЦ,МОТОЦИКЛ,5937
2017,315,315 - ПЕРЕРЕЄСТРАЦІЯ ТЗ НА НОВ. ВЛАСН. ПО ДОГОВОРУ УКЛАДЕНОМУ В ТСЦ,НАПІВПРИЧІП,4545
2017,315,315 - ПЕРЕРЕЄСТРАЦІЯ ТЗ НА НОВ. ВЛАСН. ПО ДОГОВОРУ УКЛАДЕНОМУ В ТСЦ,ПРИЧІП,3763
2017,315,315 - ПЕРЕРЕЄСТРАЦІЯ ТЗ НА НОВ. ВЛАСН. ПО ДОГОВОРУ УКЛАДЕНОМУ В ТСЦ,ТРИЦИКЛ,20
2017,317,317 - ПЕРЕРЕЄСТРАЦІЯ ТЗ НА НОВ. ВЛАСН. ПО ДОГОВОРУ ДАРУВАННЯ УКЛАДЕНОМУ В ТСЦ,АВТОБУС,1
2017,317,317 - ПЕРЕРЕЄСТРАЦІЯ ТЗ НА НОВ. ВЛАСН. ПО ДОГОВОРУ ДАРУВАННЯ УКЛАДЕНОМУ В ТСЦ,ВАНТАЖНИЙ,1
2017,317,317 - ПЕРЕРЕЄСТРАЦІЯ ТЗ НА НОВ. ВЛАСН. ПО ДОГОВОРУ ДАРУВАННЯ УКЛАДЕНОМУ В ТСЦ,ЛЕГКОВИЙ,19
2017,319,319 - ПЕРЕРЕЄСТРАЦІЯ ТЗ НА НОВОГО ВЛАСНИКА ЗА АКТОМ ПРИЙОМУ-ПЕРЕДАЧІ,АВТОБУС,706
2017,319,319 - ПЕРЕРЕЄСТРАЦІЯ ТЗ НА НОВОГО ВЛАСНИКА ЗА АКТОМ ПРИЙОМУ-ПЕРЕДАЧІ,ВАНТАЖНИЙ,2646
2017,319,319 - ПЕРЕРЕЄСТРАЦІЯ ТЗ НА НОВОГО ВЛАСНИКА ЗА АКТОМ ПРИЙОМУ-ПЕРЕДАЧІ,КВАДРОЦИКЛ,1
2017,319,319 - ПЕРЕРЕЄСТРАЦІЯ ТЗ НА НОВОГО ВЛАСНИКА ЗА АКТОМ ПРИЙОМУ-ПЕРЕДАЧІ,ЛЕГКОВИЙ,8364
2017,319,319 - ПЕРЕРЕЄСТРАЦІЯ ТЗ НА НОВОГО ВЛАСНИКА ЗА АКТОМ ПРИЙОМУ-ПЕРЕДАЧІ,МОПЕД,7
2017,319,319 - ПЕРЕРЕЄСТРАЦІЯ ТЗ НА НОВОГО ВЛАСНИКА ЗА АКТОМ ПРИЙОМУ-ПЕРЕДАЧІ,МОТОЦИКЛ,98
2017,319,319 - ПЕРЕРЕЄСТРАЦІЯ ТЗ НА НОВОГО ВЛАСНИКА ЗА АКТОМ ПРИЙОМУ-ПЕРЕДАЧІ,НАПІВПРИЧІП,153
2017,319,319 - ПЕРЕРЕЄСТРАЦІЯ ТЗ НА НОВОГО ВЛАСНИКА ЗА АКТОМ ПРИЙОМУ-ПЕРЕДАЧІ,ПРИЧІП,172
2017,320,320 - ПЕРЕРЕЄСТРАЦIЯ НА НОВ. ВЛАС. ЗА ДОГ. ДАРУВАННЯ,АВТОБУС,29
2017,320,320 - ПЕРЕРЕЄСТРАЦIЯ НА НОВ. ВЛАС. ЗА ДОГ. ДАРУВАННЯ,ВАНТАЖНИЙ,170
2017,320,320 - ПЕРЕРЕЄСТРАЦIЯ НА НОВ. ВЛАС. ЗА ДОГ. ДАРУВАННЯ,ЛЕГКОВИЙ,1165
2017,320,320 - ПЕРЕРЕЄСТРАЦIЯ НА НОВ. ВЛАС. ЗА ДОГ. ДАРУВАННЯ,МОПЕД,1
2017,320,320 - ПЕРЕРЕЄСТРАЦIЯ НА НОВ. ВЛАС. ЗА ДОГ. ДАРУВАННЯ,МОТОЦИКЛ,5
2017,320,320 - ПЕРЕРЕЄСТРАЦIЯ НА НОВ. ВЛАС. ЗА ДОГ. ДАРУВАННЯ,НАПІВПРИЧІП,24
2017,320,320 - ПЕРЕРЕЄСТРАЦIЯ НА НОВ. ВЛАС. ЗА ДОГ. ДАРУВАННЯ,ПРИЧІП,20
2017,321,321 - ПЕРЕРЕЄСТРАЦIЯ ТЗ НА НОВ. ВЛАС. ПО УСПАДКУВАННЮ ЗА ЗАПОВIТОМ,АВТОБУС,6
2017,321,321 - ПЕРЕРЕЄСТРАЦIЯ ТЗ НА НОВ. ВЛАС. ПО УСПАДКУВАННЮ ЗА ЗАПОВIТОМ,ВАНТАЖНИЙ,109
2017,321,321 - ПЕРЕРЕЄСТРАЦIЯ ТЗ НА НОВ. ВЛАС. ПО УСПАДКУВАННЮ ЗА ЗАПОВIТОМ,ЛЕГКОВИЙ,1705
2017,321,321 - ПЕРЕРЕЄСТРАЦIЯ ТЗ НА НОВ. ВЛАС. ПО УСПАДКУВАННЮ ЗА ЗАПОВIТОМ,МОПЕД,2
2017,321,321 - ПЕРЕРЕЄСТРАЦIЯ ТЗ НА НОВ. ВЛАС. ПО УСПАДКУВАННЮ ЗА ЗАПОВIТОМ,МОТОЦИКЛ,30
2017,321,321 - ПЕРЕРЕЄСТРАЦIЯ ТЗ НА НОВ. ВЛАС. ПО УСПАДКУВАННЮ ЗА ЗАПОВIТОМ,НАПІВПРИЧІП,10
2017,321,321 - ПЕРЕРЕЄСТРАЦIЯ ТЗ НА НОВ. ВЛАС. ПО УСПАДКУВАННЮ ЗА ЗАПОВIТОМ,ПРИЧІП,86
2017,322,322 - ПЕРЕРЕЄСТРАЦIЯ ТЗ НА НОВ. ВЛАС. ПО УСПАДКУВАННЮ ЗА ЗАКОНОМ,АВТОБУС,137
2017,322,322 - ПЕРЕРЕЄСТРАЦIЯ ТЗ НА НОВ. ВЛАС. ПО УСПАДКУВАННЮ ЗА ЗАКОНОМ,ВАНТАЖНИЙ,974
2017,322,322 - ПЕРЕРЕЄСТРАЦIЯ ТЗ НА НОВ. ВЛАС. ПО УСПАДКУВАННЮ ЗА ЗАКОНОМ,КВАДРОЦИКЛ,1
2017,322,322 - ПЕРЕРЕЄСТРАЦIЯ ТЗ НА НОВ. ВЛАС. ПО УСПАДКУВАННЮ ЗА ЗАКОНОМ,ЛЕГКОВИЙ,19684
2017,322,322 - ПЕРЕРЕЄСТРАЦIЯ ТЗ НА НОВ. ВЛАС. ПО УСПАДКУВАННЮ ЗА ЗАКОНОМ,МОПЕД,51
2017,322,322 - ПЕРЕРЕЄСТРАЦIЯ ТЗ НА НОВ. ВЛАС. ПО УСПАДКУВАННЮ ЗА ЗАКОНОМ,МОТОЦИКЛ,172
2017,322,322 - ПЕРЕРЕЄСТРАЦIЯ ТЗ НА НОВ. ВЛАС. ПО УСПАДКУВАННЮ ЗА ЗАКОНОМ,НАПІВПРИЧІП,94
2017,322,322 - ПЕРЕРЕЄСТРАЦIЯ ТЗ НА НОВ. ВЛАС. ПО УСПАДКУВАННЮ ЗА ЗАКОНОМ,ПРИЧІП,808
2017,322,322 - ПЕРЕРЕЄСТРАЦIЯ ТЗ НА НОВ. ВЛАС. ПО УСПАДКУВАННЮ ЗА ЗАКОНОМ,ТРИЦИКЛ,1
2017,324,"324 - ПЕРЕРЕЄСТРАЦІЯ ТЗ НА НОВОГО ВЛАСНИКА (СТРАХОВИКА), ПІСЛЯ ВИПЛАТИ СТРАХУВАЛЬНИКАМ ПОВ",ЛЕГКОВИЙ,4
2017,330,330 - ПЕРЕРЕЄСТРАЦIЯ НА НОВОГО ВЛАСНИКА ЗА РIШЕННЯМ СУДУ,АВТОБУС,14
2017,330,330 - ПЕРЕРЕЄСТРАЦIЯ НА НОВОГО ВЛАСНИКА ЗА РIШЕННЯМ СУДУ,ВАНТАЖНИЙ,127
2017,330,330 - ПЕРЕРЕЄСТРАЦIЯ НА НОВОГО ВЛАСНИКА ЗА РIШЕННЯМ СУДУ,ЛЕГКОВИЙ,678
2017,330,330 - ПЕРЕРЕЄСТРАЦIЯ НА НОВОГО ВЛАСНИКА ЗА РIШЕННЯМ СУДУ,МОПЕД,4
2017,330,330 - ПЕРЕРЕЄСТРАЦIЯ НА НОВОГО ВЛАСНИКА ЗА РIШЕННЯМ СУДУ,МОТОЦИКЛ,9
2017,330,330 - ПЕРЕРЕЄСТРАЦIЯ НА НОВОГО ВЛАСНИКА ЗА РIШЕННЯМ СУДУ,НАПІВПРИЧІП,14
2017,330,330 - ПЕРЕРЕЄСТРАЦIЯ НА НОВОГО ВЛАСНИКА ЗА РIШЕННЯМ СУДУ,ПРИЧІП,23
2017,331,331 - ПЕРЕРЕЄСТРАЦІЯ ТЗ НА НОВОГО ВЛАСНИКА ЗА АКТОМ ПРОВЕДЕНОГО АУКЦІОНУ,АВТОБУС,57
2017,331,331 - ПЕРЕРЕЄСТРАЦІЯ ТЗ НА НОВОГО ВЛАСНИКА ЗА АКТОМ ПРОВЕДЕНОГО АУКЦІОНУ,ВАНТАЖНИЙ,478
2017,331,331 - ПЕРЕРЕЄСТРАЦІЯ ТЗ НА НОВОГО ВЛАСНИКА ЗА АКТОМ ПРОВЕДЕНОГО АУКЦІОНУ,ЛЕГКОВИЙ,1528
2017,331,331 - ПЕРЕРЕЄСТРАЦІЯ ТЗ НА НОВОГО ВЛАСНИКА ЗА АКТОМ ПРОВЕДЕНОГО АУКЦІОНУ,МОТОЦИКЛ,2
2017,331,331 - ПЕРЕРЕЄСТРАЦІЯ ТЗ НА НОВОГО ВЛАСНИКА ЗА АКТОМ ПРОВЕДЕНОГО АУКЦІОНУ,НАПІВПРИЧІП,38
2017,331,331 - ПЕРЕРЕЄСТРАЦІЯ ТЗ НА НОВОГО ВЛАСНИКА ЗА АКТОМ ПРОВЕДЕНОГО АУКЦІОНУ,ПРИЧІП,59
2017,332,332 - ПЕРЕРЕЄСТРАЦІЯ ТЗ НА НОВОГО ВЛАСНИКА ЗА ПОСТАНОВОЮ ПРО ПЕРЕДАЧУ МАЙНА,ВАНТАЖНИЙ,34
2017,332,332 - ПЕРЕРЕЄСТРАЦІЯ ТЗ НА НОВОГО ВЛАСНИКА ЗА ПОСТАНОВОЮ ПРО ПЕРЕДАЧУ МАЙНА,ЛЕГКОВИЙ,60
2017,332,332 - ПЕРЕРЕЄСТРАЦІЯ ТЗ НА НОВОГО ВЛАСНИКА ЗА ПОСТАНОВОЮ ПРО ПЕРЕДАЧУ МАЙНА,МОТОЦИКЛ,1
2017,332,332 - ПЕРЕРЕЄСТРАЦІЯ ТЗ НА НОВОГО ВЛАСНИКА ЗА ПОСТАНОВОЮ ПРО ПЕРЕДАЧУ МАЙНА,НАПІВПРИЧІП,5
2017,332,332 - ПЕРЕРЕЄСТРАЦІЯ ТЗ НА НОВОГО ВЛАСНИКА ЗА ПОСТАНОВОЮ ПРО ПЕРЕДАЧУ МАЙНА,ПРИЧІП,6
2017,340,340 - ПЕРЕРЕЄСТРАЦIЯ У ЗВ`ЯЗКУ ЗI ЗМIНОЮ АНКЕТНИХ ДАНИХ ВЛАСНИКА,АВТОБУС,399
2017,340,340 - ПЕРЕРЕЄСТРАЦIЯ У ЗВ`ЯЗКУ ЗI ЗМIНОЮ АНКЕТНИХ ДАНИХ ВЛАСНИКА,ВАНТАЖНИЙ,2552
2017,340,340 - ПЕРЕРЕЄСТРАЦIЯ У ЗВ`ЯЗКУ ЗI ЗМIНОЮ АНКЕТНИХ ДАНИХ ВЛАСНИКА,ЛЕГКОВИЙ,15472
2017,340,340 - ПЕРЕРЕЄСТРАЦIЯ У ЗВ`ЯЗКУ ЗI ЗМIНОЮ АНКЕТНИХ ДАНИХ ВЛАСНИКА,МОПЕД,22
2017,340,340 - ПЕРЕРЕЄСТРАЦIЯ У ЗВ`ЯЗКУ ЗI ЗМIНОЮ АНКЕТНИХ ДАНИХ ВЛАСНИКА,МОТОЦИКЛ,165
2017,340,340 - ПЕРЕРЕЄСТРАЦIЯ У ЗВ`ЯЗКУ ЗI ЗМIНОЮ АНКЕТНИХ ДАНИХ ВЛАСНИКА,НАПІВПРИЧІП,453
2017,340,340 - ПЕРЕРЕЄСТРАЦIЯ У ЗВ`ЯЗКУ ЗI ЗМIНОЮ АНКЕТНИХ ДАНИХ ВЛАСНИКА,ПРИЧІП,380
2017,341,341 - ПЕРЕРЕЄСТРАЦІЯ РАНІШЕ ВИКРАДЕНОГО ТЗ,ВАНТАЖНИЙ,2
2017,341,341 - ПЕРЕРЕЄСТРАЦІЯ РАНІШЕ ВИКРАДЕНОГО ТЗ,ЛЕГКОВИЙ,7
2017,343,343 - ПЕРЕРЕЄСТРАЦІЯ У ЗВ'ЯЗКУ ІЗ ЗМІНОЮ ДАНИХ ВЛАСНИКА АБО ТЗ (ТЗ  ОТРИМАНО ЧЕРЕЗ ВІДДІЛ ,ЛЕГКОВИЙ,81
2017,343,343 - ПЕРЕРЕЄСТРАЦІЯ У ЗВ'ЯЗКУ ІЗ ЗМІНОЮ ДАНИХ ВЛАСНИКА АБО ТЗ ОТРИМАНОГО ЧЕРЕЗ ВІДДІЛ СОЦ,ЛЕГКОВИЙ,75
2017,350,350 - ПЕРЕРЕЄСТРАЦIЯ У ЗВ`ЯЗКУ ЗI ЗМIНОЮ НАЗВИ ОРГАНIЗАЦIЇ,АВТОБУС,647
2017,350,350 - ПЕРЕРЕЄСТРАЦIЯ У ЗВ`ЯЗКУ ЗI ЗМIНОЮ НАЗВИ ОРГАНIЗАЦIЇ,ВАНТАЖНИЙ,4471
2017,350,350 - ПЕРЕРЕЄСТРАЦIЯ У ЗВ`ЯЗКУ ЗI ЗМIНОЮ НАЗВИ ОРГАНIЗАЦIЇ,ЛЕГКОВИЙ,3957
2017,350,350 - ПЕРЕРЕЄСТРАЦIЯ У ЗВ`ЯЗКУ ЗI ЗМIНОЮ НАЗВИ ОРГАНIЗАЦIЇ,МОПЕД,1
2017,350,350 - ПЕРЕРЕЄСТРАЦIЯ У ЗВ`ЯЗКУ ЗI ЗМIНОЮ НАЗВИ ОРГАНIЗАЦIЇ,МОТОЦИКЛ,14
2017,350,350 - ПЕРЕРЕЄСТРАЦIЯ У ЗВ`ЯЗКУ ЗI ЗМIНОЮ НАЗВИ ОРГАНIЗАЦIЇ,НАПІВПРИЧІП,286
2017,350,350 - ПЕРЕРЕЄСТРАЦIЯ У ЗВ`ЯЗКУ ЗI ЗМIНОЮ НАЗВИ ОРГАНIЗАЦIЇ,ПРИЧІП,308
2017,360,360 - ПЕРЕРЕЄСТРАЦIЯ У ЗВ`ЯЗКУ ЗI ЗМIНОЮ МIСЦЯ СТОЯНКИ,АВТОБУС,15
2017,360,360 - ПЕРЕРЕЄСТРАЦIЯ У ЗВ`ЯЗКУ ЗI ЗМIНОЮ МIСЦЯ СТОЯНКИ,ВАНТАЖНИЙ,110
2017,360,360 - ПЕРЕРЕЄСТРАЦIЯ У ЗВ`ЯЗКУ ЗI ЗМIНОЮ МIСЦЯ СТОЯНКИ,ЛЕГКОВИЙ,95
2017,360,360 - ПЕРЕРЕЄСТРАЦIЯ У ЗВ`ЯЗКУ ЗI ЗМIНОЮ МIСЦЯ СТОЯНКИ,НАПІВПРИЧІП,15
2017,360,360 - ПЕРЕРЕЄСТРАЦIЯ У ЗВ`ЯЗКУ ЗI ЗМIНОЮ МIСЦЯ СТОЯНКИ,ПРИЧІП,3
2017,363,363 - ПЕРЕРЕЄСТРАЦIЯ ТЗ У ЗВ`ЯЗКУ З ПЕРЕДАЧЕЮ ДО СТАТУТНОГО ФОНДУ,АВТОБУС,61
2017,363,363 - ПЕРЕРЕЄСТРАЦIЯ ТЗ У ЗВ`ЯЗКУ З ПЕРЕДАЧЕЮ ДО СТАТУТНОГО ФОНДУ,ВАНТАЖНИЙ,800
2017,363,363 - ПЕРЕРЕЄСТРАЦIЯ ТЗ У ЗВ`ЯЗКУ З ПЕРЕДАЧЕЮ ДО СТАТУТНОГО ФОНДУ,ЛЕГКОВИЙ,274
2017,363,363 - ПЕРЕРЕЄСТРАЦIЯ ТЗ У ЗВ`ЯЗКУ З ПЕРЕДАЧЕЮ ДО СТАТУТНОГО ФОНДУ,НАПІВПРИЧІП,388
2017,363,363 - ПЕРЕРЕЄСТРАЦIЯ ТЗ У ЗВ`ЯЗКУ З ПЕРЕДАЧЕЮ ДО СТАТУТНОГО ФОНДУ,ПРИЧІП,73
2017,370,370 - ПЕРЕРЕЄСТРАЦIЯ У ЗВ`ЯЗКУ З ЗАМIНОЮ ДВИГУНА,АВТОБУС,10
2017,370,370 - ПЕРЕРЕЄСТРАЦIЯ У ЗВ`ЯЗКУ З ЗАМIНОЮ ДВИГУНА,ВАНТАЖНИЙ,53
2017,370,370 - ПЕРЕРЕЄСТРАЦIЯ У ЗВ`ЯЗКУ З ЗАМIНОЮ ДВИГУНА,ЛЕГКОВИЙ,184
2017,370,370 - ПЕРЕРЕЄСТРАЦIЯ У ЗВ`ЯЗКУ З ЗАМIНОЮ ДВИГУНА,МОТОЦИКЛ,1
2017,370,"370 - ПЕРЕРЕЄСТРАЦIЯ У ЗВ`ЯЗКУ З ЗАМIНОЮ ДВИГУНА, БЕЗ ЗДІЙСНЕННЯ ПЕРЕОБЛАДНАННЯ ТЗ",АВТОБУС,3
2017,370,"370 - ПЕРЕРЕЄСТРАЦIЯ У ЗВ`ЯЗКУ З ЗАМIНОЮ ДВИГУНА, БЕЗ ЗДІЙСНЕННЯ ПЕРЕОБЛАДНАННЯ ТЗ",ВАНТАЖНИЙ,29
2017,370,"370 - ПЕРЕРЕЄСТРАЦIЯ У ЗВ`ЯЗКУ З ЗАМIНОЮ ДВИГУНА, БЕЗ ЗДІЙСНЕННЯ ПЕРЕОБЛАДНАННЯ ТЗ",ЛЕГКОВИЙ,169
2017,370,"370 - ПЕРЕРЕЄСТРАЦIЯ У ЗВ`ЯЗКУ З ЗАМIНОЮ ДВИГУНА, БЕЗ ЗДІЙСНЕННЯ ПЕРЕОБЛАДНАННЯ ТЗ",МОТОЦИКЛ,1
2017,380,380 - ПЕРЕРЕЄСТРАЦІЯ У ЗВ`ЯЗКУ З ЗАМІНОЮ КУЗОВА (ШАСІ),АВТОБУС,21
2017,380,380 - ПЕРЕРЕЄСТРАЦІЯ У ЗВ`ЯЗКУ З ЗАМІНОЮ КУЗОВА (ШАСІ),ВАНТАЖНИЙ,18
2017,380,380 - ПЕРЕРЕЄСТРАЦІЯ У ЗВ`ЯЗКУ З ЗАМІНОЮ КУЗОВА (ШАСІ),ЛЕГКОВИЙ,7
2017,380,"380 - ПЕРЕРЕЄСТРАЦІЯ У ЗВ`ЯЗКУ З ЗАМІНОЮ КУЗОВА (ШАСІ), БЕЗ ЗДІЙСНЕННЯ ПЕРЕОБЛАДНАННЯ ТЗ",АВТОБУС,16
2017,380,"380 - ПЕРЕРЕЄСТРАЦІЯ У ЗВ`ЯЗКУ З ЗАМІНОЮ КУЗОВА (ШАСІ), БЕЗ ЗДІЙСНЕННЯ ПЕРЕОБЛАДНАННЯ ТЗ",ВАНТАЖНИЙ,9
2017,380,"380 - ПЕРЕРЕЄСТРАЦІЯ У ЗВ`ЯЗКУ З ЗАМІНОЮ КУЗОВА (ШАСІ), БЕЗ ЗДІЙСНЕННЯ ПЕРЕОБЛАДНАННЯ ТЗ",ЛЕГКОВИЙ,7
2017,390,390 - ПЕРЕРЕЄСТРАЦIЯ У ЗВ`ЯЗКУ ЗI ЗМIНОЮ КОЛЬОРУ ТЗ,АВТОБУС,258
2017,390,390 - ПЕРЕРЕЄСТРАЦIЯ У ЗВ`ЯЗКУ ЗI ЗМIНОЮ КОЛЬОРУ ТЗ,ВАНТАЖНИЙ,917
2017,390,390 - ПЕРЕРЕЄСТРАЦIЯ У ЗВ`ЯЗКУ ЗI ЗМIНОЮ КОЛЬОРУ ТЗ,ЛЕГКОВИЙ,1631
2017,390,390 - ПЕРЕРЕЄСТРАЦIЯ У ЗВ`ЯЗКУ ЗI ЗМIНОЮ КОЛЬОРУ ТЗ,МОПЕД,8
2017,390,390 - ПЕРЕРЕЄСТРАЦIЯ У ЗВ`ЯЗКУ ЗI ЗМIНОЮ КОЛЬОРУ ТЗ,МОТОЦИКЛ,116
2017,390,390 - ПЕРЕРЕЄСТРАЦIЯ У ЗВ`ЯЗКУ ЗI ЗМIНОЮ КОЛЬОРУ ТЗ,НАПІВПРИЧІП,266
2017,390,390 - ПЕРЕРЕЄСТРАЦIЯ У ЗВ`ЯЗКУ ЗI ЗМIНОЮ КОЛЬОРУ ТЗ,ПРИЧІП,197
2017,40,"40 - ВТОРИННА РЕЄСТРАЦІЯ ТЗ, ПРИДБАНОГО В ТОРГОВЕЛЬНІЙ ОРГАНІЗАЦІЇ",АВТОБУС,438
2017,40,"40 - ВТОРИННА РЕЄСТРАЦІЯ ТЗ, ПРИДБАНОГО В ТОРГОВЕЛЬНІЙ ОРГАНІЗАЦІЇ",ВАНТАЖНИЙ,5152
2017,40,"40 - ВТОРИННА РЕЄСТРАЦІЯ ТЗ, ПРИДБАНОГО В ТОРГОВЕЛЬНІЙ ОРГАНІЗАЦІЇ",КВАДРОЦИКЛ,1
2017,40,"40 - ВТОРИННА РЕЄСТРАЦІЯ ТЗ, ПРИДБАНОГО В ТОРГОВЕЛЬНІЙ ОРГАНІЗАЦІЇ",ЛЕГКОВИЙ,37151
2017,40,"40 - ВТОРИННА РЕЄСТРАЦІЯ ТЗ, ПРИДБАНОГО В ТОРГОВЕЛЬНІЙ ОРГАНІЗАЦІЇ",МОПЕД,1
2017,40,"40 - ВТОРИННА РЕЄСТРАЦІЯ ТЗ, ПРИДБАНОГО В ТОРГОВЕЛЬНІЙ ОРГАНІЗАЦІЇ",МОТОЦИКЛ,312
2017,40,"40 - ВТОРИННА РЕЄСТРАЦІЯ ТЗ, ПРИДБАНОГО В ТОРГОВЕЛЬНІЙ ОРГАНІЗАЦІЇ",НАПІВПРИЧІП,933
2017,40,"40 - ВТОРИННА РЕЄСТРАЦІЯ ТЗ, ПРИДБАНОГО В ТОРГОВЕЛЬНІЙ ОРГАНІЗАЦІЇ",ПРИЧІП,363
2017,40,"40 - ВТОРИННА РЕЄСТРАЦІЯ ТЗ, ПРИДБАНОГО В ТОРГОВЕЛЬНІЙ ОРГАНІЗАЦІЇ",ТРИЦИКЛ,2
2017,400,400 - ПЕРЕРЕЄСТРАЦIЯ ПРИ ПЕРЕОБЛАДНАННI БЕЗ ЗАМIНИ НОМЕРНИХ АГРЕГ.,АВТОБУС,236
2017,400,400 - ПЕРЕРЕЄСТРАЦIЯ ПРИ ПЕРЕОБЛАДНАННI БЕЗ ЗАМIНИ НОМЕРНИХ АГРЕГ.,ВАНТАЖНИЙ,5876
2017,400,400 - ПЕРЕРЕЄСТРАЦIЯ ПРИ ПЕРЕОБЛАДНАННI БЕЗ ЗАМIНИ НОМЕРНИХ АГРЕГ.,ЛЕГКОВИЙ,55299
2017,400,400 - ПЕРЕРЕЄСТРАЦIЯ ПРИ ПЕРЕОБЛАДНАННI БЕЗ ЗАМIНИ НОМЕРНИХ АГРЕГ.,МОТОЦИКЛ,6
2017,400,400 - ПЕРЕРЕЄСТРАЦIЯ ПРИ ПЕРЕОБЛАДНАННI БЕЗ ЗАМIНИ НОМЕРНИХ АГРЕГ.,НАПІВПРИЧІП,1330
2017,400,400 - ПЕРЕРЕЄСТРАЦIЯ ПРИ ПЕРЕОБЛАДНАННI БЕЗ ЗАМIНИ НОМЕРНИХ АГРЕГ.,ПРИЧІП,826
2017,400,400 - ПЕРЕРЕЄСТРАЦIЯ ПРИ ПЕРЕОБЛАДНАННI БЕЗ ЗАМIНИ НОМЕРНИХ АГРЕГ.,ТРИЦИКЛ,2
2017,400,400 - ПЕРЕРЕЄСТРАЦIЯ ПРИ ПЕРЕОБЛАДНАННI БЕЗ ЗАМІНИ НОМЕРНИХ АГРЕГАТІВ,АВТОБУС,14
2017,400,400 - ПЕРЕРЕЄСТРАЦIЯ ПРИ ПЕРЕОБЛАДНАННI БЕЗ ЗАМІНИ НОМЕРНИХ АГРЕГАТІВ,ВАНТАЖНИЙ,142
2017,400,400 - ПЕРЕРЕЄСТРАЦIЯ ПРИ ПЕРЕОБЛАДНАННI БЕЗ ЗАМІНИ НОМЕРНИХ АГРЕГАТІВ,ЛЕГКОВИЙ,3553
2017,400,400 - ПЕРЕРЕЄСТРАЦIЯ ПРИ ПЕРЕОБЛАДНАННI БЕЗ ЗАМІНИ НОМЕРНИХ АГРЕГАТІВ,НАПІВПРИЧІП,7
2017,400,400 - ПЕРЕРЕЄСТРАЦIЯ ПРИ ПЕРЕОБЛАДНАННI БЕЗ ЗАМІНИ НОМЕРНИХ АГРЕГАТІВ,ПРИЧІП,7
2017,400,400 - ПЕРЕРЕЄСТРАЦIЯ ПРИ ПЕРЕОБЛАДНАННI ДЛЯ РОБОТИ НА ГАЗОВОМУ ПАЛЬНОМУ,АВТОБУС,35
2017,400,400 - ПЕРЕРЕЄСТРАЦIЯ ПРИ ПЕРЕОБЛАДНАННI ДЛЯ РОБОТИ НА ГАЗОВОМУ ПАЛЬНОМУ,ВАНТАЖНИЙ,853
2017,400,400 - ПЕРЕРЕЄСТРАЦIЯ ПРИ ПЕРЕОБЛАДНАННI ДЛЯ РОБОТИ НА ГАЗОВОМУ ПАЛЬНОМУ,ЛЕГКОВИЙ,29010
2017,400,400 - ПЕРЕРЕЄСТРАЦIЯ ПРИ ПЕРЕОБЛАДНАННI ДЛЯ РОБОТИ НА ГАЗОВОМУ ПАЛЬНОМУ,НАПІВПРИЧІП,4
2017,400,400 - ПЕРЕРЕЄСТРАЦIЯ ПРИ ПЕРЕОБЛАДНАННI ДЛЯ РОБОТИ НА ГАЗОВОМУ ПАЛЬНОМУ,ПРИЧІП,2
2017,401,401 - ПЕРЕРЕЄСТРАЦІЯ ТЗ ПРИ ПЕРЕОБЛ.І ІЗ ЗАМ.КУЗОВА(ШАСІ) ЗА ПОГОДЖЕННЯМ,АВТОБУС,6
2017,401,401 - ПЕРЕРЕЄСТРАЦІЯ ТЗ ПРИ ПЕРЕОБЛ.І ІЗ ЗАМ.КУЗОВА(ШАСІ) ЗА ПОГОДЖЕННЯМ,ВАНТАЖНИЙ,106
2017,401,401 - ПЕРЕРЕЄСТРАЦІЯ ТЗ ПРИ ПЕРЕОБЛ.І ІЗ ЗАМ.КУЗОВА(ШАСІ) ЗА ПОГОДЖЕННЯМ,ЛЕГКОВИЙ,55
2017,401,401 - ПЕРЕРЕЄСТРАЦІЯ ТЗ ПРИ ПЕРЕОБЛ.І ІЗ ЗАМ.КУЗОВА(ШАСІ) ЗА ПОГОДЖЕННЯМ,НАПІВПРИЧІП,6
2017,401,401 - ПЕРЕРЕЄСТРАЦІЯ ТЗ ПРИ ПЕРЕОБЛ.І ІЗ ЗАМ.КУЗОВА(ШАСІ) ЗА ПОГОДЖЕННЯМ,ПРИЧІП,4
2017,401,401 - ПЕРЕРЕЄСТРАЦІЯ ТЗ ПРИ ПЕРЕОБЛАДНАННІ ІЗ ЗАМІНОЮ КУЗОВА,АВТОБУС,18
2017,401,401 - ПЕРЕРЕЄСТРАЦІЯ ТЗ ПРИ ПЕРЕОБЛАДНАННІ ІЗ ЗАМІНОЮ КУЗОВА,ВАНТАЖНИЙ,435
2017,401,401 - ПЕРЕРЕЄСТРАЦІЯ ТЗ ПРИ ПЕРЕОБЛАДНАННІ ІЗ ЗАМІНОЮ КУЗОВА,ЛЕГКОВИЙ,211
2017,401,401 - ПЕРЕРЕЄСТРАЦІЯ ТЗ ПРИ ПЕРЕОБЛАДНАННІ ІЗ ЗАМІНОЮ КУЗОВА,МОТОЦИКЛ,1
2017,401,401 - ПЕРЕРЕЄСТРАЦІЯ ТЗ ПРИ ПЕРЕОБЛАДНАННІ ІЗ ЗАМІНОЮ КУЗОВА,НАПІВПРИЧІП,5
2017,401,401 - ПЕРЕРЕЄСТРАЦІЯ ТЗ ПРИ ПЕРЕОБЛАДНАННІ ІЗ ЗАМІНОЮ КУЗОВА,ПРИЧІП,4
2017,401,401 - ПЕРЕРЕЄСТРАЦІЯ ТЗ ПРИ ПЕРЕОБЛАДНАННІ ІЗ ЗАМІНОЮ КУЗОВА (ШАСІ) ЗА ПОГОДЖЕННЯМ З ВИРОБ,НАПІВПРИЧІП,1
2017,401,401 - ПЕРЕРЕЄСТРАЦІЯ ТЗ ПРИ ПЕРЕОБЛАДНАННІ ІЗ ЗАМІНОЮ КУЗОВА(ШАСІ),АВТОБУС,2
2017,401,401 - ПЕРЕРЕЄСТРАЦІЯ ТЗ ПРИ ПЕРЕОБЛАДНАННІ ІЗ ЗАМІНОЮ КУЗОВА(ШАСІ),ВАНТАЖНИЙ,31
2017,401,401 - ПЕРЕРЕЄСТРАЦІЯ ТЗ ПРИ ПЕРЕОБЛАДНАННІ ІЗ ЗАМІНОЮ КУЗОВА(ШАСІ),ЛЕГКОВИЙ,13
2017,401,401 - ПЕРЕРЕЄСТРАЦІЯ ТЗ ПРИ ПЕРЕОБЛАДНАННІ ІЗ ЗАМІНОЮ КУЗОВА(ШАСІ),НАПІВПРИЧІП,3
2017,401,401 - ПЕРЕРЕЄСТРАЦІЯ ТЗ ПРИ ПЕРЕОБЛАДНАННІ ІЗ ЗАМІНОЮ КУЗОВА(ШАСІ),ПРИЧІП,1
2017,402,"402 - ПЕРЕРЕЄСТРАЦIЯ ТЗ ПРИ ПЕРЕОБЛI.(ЗАМІНА ТИПУ, ПОТУЖ. ДВИГ.)ЗА ПОГОДЖЕННЯМ",АВТОБУС,94
2017,402,"402 - ПЕРЕРЕЄСТРАЦIЯ ТЗ ПРИ ПЕРЕОБЛI.(ЗАМІНА ТИПУ, ПОТУЖ. ДВИГ.)ЗА ПОГОДЖЕННЯМ",ВАНТАЖНИЙ,731
2017,402,"402 - ПЕРЕРЕЄСТРАЦIЯ ТЗ ПРИ ПЕРЕОБЛI.(ЗАМІНА ТИПУ, ПОТУЖ. ДВИГ.)ЗА ПОГОДЖЕННЯМ",ЛЕГКОВИЙ,926
2017,402,"402 - ПЕРЕРЕЄСТРАЦIЯ ТЗ ПРИ ПЕРЕОБЛI.(ЗАМІНА ТИПУ, ПОТУЖ. ДВИГ.)ЗА ПОГОДЖЕННЯМ",МОТОЦИКЛ,1
2017,402,"402 - ПЕРЕРЕЄСТРАЦIЯ ТЗ ПРИ ПЕРЕОБЛI.(ЗАМІНА ТИПУ, ПОТУЖ. ДВИГ.)ЗА ПОГОДЖЕННЯМ",НАПІВПРИЧІП,3
2017,402,"402 - ПЕРЕРЕЄСТРАЦIЯ ТЗ ПРИ ПЕРЕОБЛI.(ЗАМІНА ТИПУ, ПОТУЖ. ДВИГ.)ЗА ПОГОДЖЕННЯМ",ПРИЧІП,1
2017,402,402 - ПЕРЕРЕЄСТРАЦIЯ ТЗ ПРИ ПЕРЕОБЛАДНАННI IЗ ЗАМIНОЮ ДВИГУНА,АВТОБУС,54
2017,402,402 - ПЕРЕРЕЄСТРАЦIЯ ТЗ ПРИ ПЕРЕОБЛАДНАННI IЗ ЗАМIНОЮ ДВИГУНА,ВАНТАЖНИЙ,576
2017,402,402 - ПЕРЕРЕЄСТРАЦIЯ ТЗ ПРИ ПЕРЕОБЛАДНАННI IЗ ЗАМIНОЮ ДВИГУНА,ЛЕГКОВИЙ,751
2017,402,402 - ПЕРЕРЕЄСТРАЦIЯ ТЗ ПРИ ПЕРЕОБЛАДНАННI IЗ ЗАМIНОЮ ДВИГУНА,МОТОЦИКЛ,6
2017,402,"402 - ПЕРЕРЕЄСТРАЦIЯ ТЗ ПРИ ПЕРЕОБЛАДНАННI IЗ ЗАМIНОЮ ДВИГУНА (ЗМІНА ОБЄМУ, ВИДУ ПАЛЬНОГО)",АВТОБУС,30
2017,402,"402 - ПЕРЕРЕЄСТРАЦIЯ ТЗ ПРИ ПЕРЕОБЛАДНАННI IЗ ЗАМIНОЮ ДВИГУНА (ЗМІНА ОБЄМУ, ВИДУ ПАЛЬНОГО)",ВАНТАЖНИЙ,359
2017,402,"402 - ПЕРЕРЕЄСТРАЦIЯ ТЗ ПРИ ПЕРЕОБЛАДНАННI IЗ ЗАМIНОЮ ДВИГУНА (ЗМІНА ОБЄМУ, ВИДУ ПАЛЬНОГО)",ЛЕГКОВИЙ,750
2017,402,"402 - ПЕРЕРЕЄСТРАЦIЯ ТЗ ПРИ ПЕРЕОБЛАДНАННI IЗ ЗАМIНОЮ ДВИГУНА (ЗМІНА ОБЄМУ, ВИДУ ПАЛЬНОГО)",МОТОЦИКЛ,3
2017,402,"402 - ПЕРЕРЕЄСТРАЦIЯ ТЗ ПРИ ПЕРЕОБЛАДНАННI, В ТОМУ ЧИСЛІ ЗАМІНА ТИПУ, ПОТУЖНОСТІ ДВИГУНА",АВТОБУС,1
2017,402,"402 - ПЕРЕРЕЄСТРАЦIЯ ТЗ ПРИ ПЕРЕОБЛАДНАННI, В ТОМУ ЧИСЛІ ЗАМІНА ТИПУ, ПОТУЖНОСТІ ДВИГУНА",ВАНТАЖНИЙ,1
2017,402,"402 - ПЕРЕРЕЄСТРАЦIЯ ТЗ ПРИ ПЕРЕОБЛАДНАННI, В ТОМУ ЧИСЛІ ЗАМІНА ТИПУ, ПОТУЖНОСТІ ДВИГУНА",ЛЕГКОВИЙ,2
2017,402,"402 - ПЕРЕРЕЄСТРАЦIЯ ТЗ ПРИ ПЕРЕОБЛАДНАННI, В ТОМУ ЧИСЛІ ЗАМІНА ТИПУ, ПОТУЖНОСТІ ДВИГУНА З",АВТОБУС,19
2017,402,"402 - ПЕРЕРЕЄСТРАЦIЯ ТЗ ПРИ ПЕРЕОБЛАДНАННI, В ТОМУ ЧИСЛІ ЗАМІНА ТИПУ, ПОТУЖНОСТІ ДВИГУНА З",ВАНТАЖНИЙ,134
2017,402,"402 - ПЕРЕРЕЄСТРАЦIЯ ТЗ ПРИ ПЕРЕОБЛАДНАННI, В ТОМУ ЧИСЛІ ЗАМІНА ТИПУ, ПОТУЖНОСТІ ДВИГУНА З",ЛЕГКОВИЙ,156
2017,402,"402 - ПЕРЕРЕЄСТРАЦIЯ ТЗ ПРИ ПЕРЕОБЛАДНАННI, ЗАМIНА ДВИГУНА (ЗМІНА ОБЄМУ, ВИДУ ПАЛЬНОГО)",АВТОБУС,18
2017,402,"402 - ПЕРЕРЕЄСТРАЦIЯ ТЗ ПРИ ПЕРЕОБЛАДНАННI, ЗАМIНА ДВИГУНА (ЗМІНА ОБЄМУ, ВИДУ ПАЛЬНОГО)",ВАНТАЖНИЙ,401
2017,402,"402 - ПЕРЕРЕЄСТРАЦIЯ ТЗ ПРИ ПЕРЕОБЛАДНАННI, ЗАМIНА ДВИГУНА (ЗМІНА ОБЄМУ, ВИДУ ПАЛЬНОГО)",ЛЕГКОВИЙ,821
2017,402,"402 - ПЕРЕРЕЄСТРАЦIЯ ТЗ ПРИ ПЕРЕОБЛАДНАННI, ЗАМIНА ДВИГУНА (ЗМІНА ОБЄМУ, ВИДУ ПАЛЬНОГО)",МОТОЦИКЛ,2
2017,402,"402 - ПЕРЕРЕЄСТРАЦIЯ ТЗ ПРИ ПЕРЕОБЛАДНАННI, ЗАМIНА ДВИГУНА (ЗМІНА ОБЄМУ, ВИДУ ПАЛЬНОГО)",НАПІВПРИЧІП,1
2017,403,403 - ПЕРЕРЕЄСТРАЦІЯ ПРИ ПЕРЕОБЛ.(ЗАМІНА КУЗОВА (ШАСІ)) ТА ДВИГУНА ЗА ПОГОДЖ.,АВТОБУС,35
2017,403,403 - ПЕРЕРЕЄСТРАЦІЯ ПРИ ПЕРЕОБЛ.(ЗАМІНА КУЗОВА (ШАСІ)) ТА ДВИГУНА ЗА ПОГОДЖ.,ВАНТАЖНИЙ,273
2017,403,403 - ПЕРЕРЕЄСТРАЦІЯ ПРИ ПЕРЕОБЛ.(ЗАМІНА КУЗОВА (ШАСІ)) ТА ДВИГУНА ЗА ПОГОДЖ.,ЛЕГКОВИЙ,457
2017,403,403 - ПЕРЕРЕЄСТРАЦІЯ ПРИ ПЕРЕОБЛАДН. ІЗ ЗАМІНОЮ КУЗОВА ТА ДВИГУНА,АВТОБУС,22
2017,403,403 - ПЕРЕРЕЄСТРАЦІЯ ПРИ ПЕРЕОБЛАДН. ІЗ ЗАМІНОЮ КУЗОВА ТА ДВИГУНА,ВАНТАЖНИЙ,399
2017,403,403 - ПЕРЕРЕЄСТРАЦІЯ ПРИ ПЕРЕОБЛАДН. ІЗ ЗАМІНОЮ КУЗОВА ТА ДВИГУНА,ЛЕГКОВИЙ,1246
2017,403,403 - ПЕРЕРЕЄСТРАЦІЯ ПРИ ПЕРЕОБЛАДНАННІ ІЗ ЗАМІНОЮ КУЗОВА (ШАСІ) ТА ДВИГУНА,АВТОБУС,3
2017,403,403 - ПЕРЕРЕЄСТРАЦІЯ ПРИ ПЕРЕОБЛАДНАННІ ІЗ ЗАМІНОЮ КУЗОВА (ШАСІ) ТА ДВИГУНА,ВАНТАЖНИЙ,23
2017,403,403 - ПЕРЕРЕЄСТРАЦІЯ ПРИ ПЕРЕОБЛАДНАННІ ІЗ ЗАМІНОЮ КУЗОВА (ШАСІ) ТА ДВИГУНА,ЛЕГКОВИЙ,79
2017,403,403 - ПЕРЕРЕЄСТРАЦІЯ ПРИ ПЕРЕОБЛАДНАННІ ІЗ ЗАМІНОЮ КУЗОВА (ШАСІ) ТА ДВИГУНА ЗА ПОГОДЖЕННЯМ,ЛЕГКОВИЙ,1
2017,404,"404 - ПЕРЕРЕЄСТРАЦІЯ ТЗ, В ЗВ’ЯЗКУ ІЗ НАНЕСЕННЯ ДУБЛЮВАННЯ №КУЗОВА",АВТОБУС,140
2017,404,"404 - ПЕРЕРЕЄСТРАЦІЯ ТЗ, В ЗВ’ЯЗКУ ІЗ НАНЕСЕННЯ ДУБЛЮВАННЯ №КУЗОВА",ВАНТАЖНИЙ,195
2017,404,"404 - ПЕРЕРЕЄСТРАЦІЯ ТЗ, В ЗВ’ЯЗКУ ІЗ НАНЕСЕННЯ ДУБЛЮВАННЯ №КУЗОВА",ЛЕГКОВИЙ,624
2017,404,"404 - ПЕРЕРЕЄСТРАЦІЯ ТЗ, В ЗВ’ЯЗКУ ІЗ НАНЕСЕННЯ ДУБЛЮВАННЯ №КУЗОВА",МОТОЦИКЛ,1
2017,404,"404 - ПЕРЕРЕЄСТРАЦІЯ ТЗ, В ЗВ’ЯЗКУ ІЗ НАНЕСЕННЯ ДУБЛЮВАННЯ №КУЗОВА",НАПІВПРИЧІП,4
2017,404,"404 - ПЕРЕРЕЄСТРАЦІЯ ТЗ, В ЗВ’ЯЗКУ ІЗ НАНЕСЕННЯ ДУБЛЮВАННЯ №КУЗОВА",ПРИЧІП,1
2017,405,"405 - ПЕРЕРЕЄСТРАЦІЯ ТЗ, В ЗВ’ЯЗКУ ІЗ НАНЕСЕННЯ ДУБЛЮВАННЯ №ШАСІ (РАМИ)",АВТОБУС,17
2017,405,"405 - ПЕРЕРЕЄСТРАЦІЯ ТЗ, В ЗВ’ЯЗКУ ІЗ НАНЕСЕННЯ ДУБЛЮВАННЯ №ШАСІ (РАМИ)",ВАНТАЖНИЙ,410
2017,405,"405 - ПЕРЕРЕЄСТРАЦІЯ ТЗ, В ЗВ’ЯЗКУ ІЗ НАНЕСЕННЯ ДУБЛЮВАННЯ №ШАСІ (РАМИ)",ЛЕГКОВИЙ,93
2017,405,"405 - ПЕРЕРЕЄСТРАЦІЯ ТЗ, В ЗВ’ЯЗКУ ІЗ НАНЕСЕННЯ ДУБЛЮВАННЯ №ШАСІ (РАМИ)",МОТОЦИКЛ,10
2017,405,"405 - ПЕРЕРЕЄСТРАЦІЯ ТЗ, В ЗВ’ЯЗКУ ІЗ НАНЕСЕННЯ ДУБЛЮВАННЯ №ШАСІ (РАМИ)",НАПІВПРИЧІП,143
2017,405,"405 - ПЕРЕРЕЄСТРАЦІЯ ТЗ, В ЗВ’ЯЗКУ ІЗ НАНЕСЕННЯ ДУБЛЮВАННЯ №ШАСІ (РАМИ)",ПРИЧІП,154
2017,405,"405 - ПЕРЕРЕЄСТРАЦІЯ ТЗ, В ЗВ’ЯЗКУ ІЗ НАНЕСЕННЯ ДУБЛЮВАННЯ №ШАСІ (РАМИ)",ТРИЦИКЛ,2
2017,407,407 - ПЕРЕРЕЄСТРАЦІЯ У ЗВ’ЯЗКУ З ВСТАНОВЛ. СССП АВТОЖОВТОГО КОЛЬОРУ НА ТЗ РЕАГУВАННЯ СОД,АВТОБУС,1
2017,407,407 - ПЕРЕРЕЄСТРАЦІЯ У ЗВ’ЯЗКУ З ВСТАНОВЛ. СССП АВТОЖОВТОГО КОЛЬОРУ НА ТЗ РЕАГУВАННЯ СОД,ЛЕГКОВИЙ,49
2017,408,408 - ПЕРЕРЕЄСТРАЦІЯ ПРИ ПЕРЕОБЛАДНАННІ БЕЗ ЗАМІНИ НОМЕРНИХ АГРЕГАТІВ,АВТОБУС,68
2017,408,408 - ПЕРЕРЕЄСТРАЦІЯ ПРИ ПЕРЕОБЛАДНАННІ БЕЗ ЗАМІНИ НОМЕРНИХ АГРЕГАТІВ,ВАНТАЖНИЙ,2895
2017,408,408 - ПЕРЕРЕЄСТРАЦІЯ ПРИ ПЕРЕОБЛАДНАННІ БЕЗ ЗАМІНИ НОМЕРНИХ АГРЕГАТІВ,ЛЕГКОВИЙ,1129
2017,408,408 - ПЕРЕРЕЄСТРАЦІЯ ПРИ ПЕРЕОБЛАДНАННІ БЕЗ ЗАМІНИ НОМЕРНИХ АГРЕГАТІВ,МОТОЦИКЛ,3
2017,408,408 - ПЕРЕРЕЄСТРАЦІЯ ПРИ ПЕРЕОБЛАДНАННІ БЕЗ ЗАМІНИ НОМЕРНИХ АГРЕГАТІВ,НАПІВПРИЧІП,674
2017,408,408 - ПЕРЕРЕЄСТРАЦІЯ ПРИ ПЕРЕОБЛАДНАННІ БЕЗ ЗАМІНИ НОМЕРНИХ АГРЕГАТІВ,ПРИЧІП,460
2017,408,408 - ПЕРЕРЕЄСТРАЦІЯ ПРИ ПЕРЕОБЛАДНАННІ БЕЗ ЗАМІНИ НОМЕРНИХ АГРЕГАТІВ,ТРИЦИКЛ,1
2017,41,"41 - ВТОРИННА РЕЄСТРАЦІЯ ТЗ, ПРИДБАНОГО В ТОРГОВЕЛЬНІЙ ОРГАНІЗАЦІЇ В РОЗСТРОЧКУ",ВАНТАЖНИЙ,1
2017,41,"41 - ВТОРИННА РЕЄСТРАЦІЯ ТЗ, ПРИДБАНОГО В ТОРГОВЕЛЬНІЙ ОРГАНІЗАЦІЇ В РОЗСТРОЧКУ",ЛЕГКОВИЙ,19
2017,410,410 - ПЕРЕРЕЄСТРАЦІЯ ПРИ ЗАМІНІ НОМЕРНОГО ЗНАКУ,АВТОБУС,433
2017,410,410 - ПЕРЕРЕЄСТРАЦІЯ ПРИ ЗАМІНІ НОМЕРНОГО ЗНАКУ,ВАНТАЖНИЙ,1937
2017,410,410 - ПЕРЕРЕЄСТРАЦІЯ ПРИ ЗАМІНІ НОМЕРНОГО ЗНАКУ,КВАДРОЦИКЛ,2
2017,410,410 - ПЕРЕРЕЄСТРАЦІЯ ПРИ ЗАМІНІ НОМЕРНОГО ЗНАКУ,ЛЕГКОВИЙ,16044
2017,410,410 - ПЕРЕРЕЄСТРАЦІЯ ПРИ ЗАМІНІ НОМЕРНОГО ЗНАКУ,МОПЕД,8
2017,410,410 - ПЕРЕРЕЄСТРАЦІЯ ПРИ ЗАМІНІ НОМЕРНОГО ЗНАКУ,МОТОЦИКЛ,124
2017,410,410 - ПЕРЕРЕЄСТРАЦІЯ ПРИ ЗАМІНІ НОМЕРНОГО ЗНАКУ,НАПІВПРИЧІП,292
2017,410,410 - ПЕРЕРЕЄСТРАЦІЯ ПРИ ЗАМІНІ НОМЕРНОГО ЗНАКУ,ПРИЧІП,185
2017,417,417 - ПЕРЕРЕЄСТРАЦІЯ ТЗ (МОПЕДІВ) З ВИДАЧОЮ СПР,МОПЕД,87
2017,420,420 - ПЕРЕРЕЄСТРАЦІЯ ПРИ ВТРАТІ НОМЕРНОГО ЗНАКУ,АВТОБУС,5
2017,420,420 - ПЕРЕРЕЄСТРАЦІЯ ПРИ ВТРАТІ НОМЕРНОГО ЗНАКУ,ВАНТАЖНИЙ,53
2017,420,420 - ПЕРЕРЕЄСТРАЦІЯ ПРИ ВТРАТІ НОМЕРНОГО ЗНАКУ,ЛЕГКОВИЙ,816
2017,420,420 - ПЕРЕРЕЄСТРАЦІЯ ПРИ ВТРАТІ НОМЕРНОГО ЗНАКУ,МОПЕД,14
2017,420,420 - ПЕРЕРЕЄСТРАЦІЯ ПРИ ВТРАТІ НОМЕРНОГО ЗНАКУ,МОТОЦИКЛ,15
2017,420,420 - ПЕРЕРЕЄСТРАЦІЯ ПРИ ВТРАТІ НОМЕРНОГО ЗНАКУ,НАПІВПРИЧІП,3
2017,420,420 - ПЕРЕРЕЄСТРАЦІЯ ПРИ ВТРАТІ НОМЕРНОГО ЗНАКУ,ПРИЧІП,18
2017,429,429 - ПЕРЕРЕЄСТРАЦІЯ ТЗ У ЗВ'ЯЗКУ ІЗ ПОДОВЖЕННЯМ ТЕРМІНУ ЗВОРОТНЬОГО ВИВОЗУ,АВТОБУС,2
2017,429,429 - ПЕРЕРЕЄСТРАЦІЯ ТЗ У ЗВ'ЯЗКУ ІЗ ПОДОВЖЕННЯМ ТЕРМІНУ ЗВОРОТНЬОГО ВИВОЗУ,ВАНТАЖНИЙ,56
2017,429,429 - ПЕРЕРЕЄСТРАЦІЯ ТЗ У ЗВ'ЯЗКУ ІЗ ПОДОВЖЕННЯМ ТЕРМІНУ ЗВОРОТНЬОГО ВИВОЗУ,ЛЕГКОВИЙ,354
2017,429,429 - ПЕРЕРЕЄСТРАЦІЯ ТЗ У ЗВ'ЯЗКУ ІЗ ПОДОВЖЕННЯМ ТЕРМІНУ ЗВОРОТНЬОГО ВИВОЗУ,НАПІВПРИЧІП,4
2017,430,430 - ПЕРЕРЕЄСТРАЦІЯ ПРИ ЗАМІНІ СВІДОЦТВА ПРО РЕЄСТРАЦІЮ,АВТОБУС,606
2017,430,430 - ПЕРЕРЕЄСТРАЦІЯ ПРИ ЗАМІНІ СВІДОЦТВА ПРО РЕЄСТРАЦІЮ,ВАНТАЖНИЙ,3188
2017,430,430 - ПЕРЕРЕЄСТРАЦІЯ ПРИ ЗАМІНІ СВІДОЦТВА ПРО РЕЄСТРАЦІЮ,КВАДРОЦИКЛ,1
2017,430,430 - ПЕРЕРЕЄСТРАЦІЯ ПРИ ЗАМІНІ СВІДОЦТВА ПРО РЕЄСТРАЦІЮ,ЛЕГКОВИЙ,11016
2017,430,430 - ПЕРЕРЕЄСТРАЦІЯ ПРИ ЗАМІНІ СВІДОЦТВА ПРО РЕЄСТРАЦІЮ,МОПЕД,371
2017,430,430 - ПЕРЕРЕЄСТРАЦІЯ ПРИ ЗАМІНІ СВІДОЦТВА ПРО РЕЄСТРАЦІЮ,МОТОЦИКЛ,222
2017,430,430 - ПЕРЕРЕЄСТРАЦІЯ ПРИ ЗАМІНІ СВІДОЦТВА ПРО РЕЄСТРАЦІЮ,НАПІВПРИЧІП,890
2017,430,430 - ПЕРЕРЕЄСТРАЦІЯ ПРИ ЗАМІНІ СВІДОЦТВА ПРО РЕЄСТРАЦІЮ,ПРИЧІП,494
2017,430,430 - ПЕРЕРЕЄСТРАЦІЯ ПРИ ЗАМІНІ СВІДОЦТВА ПРО РЕЄСТРАЦІЮ,ТРИЦИКЛ,3
2017,431,431 - ПЕРЕРЕЄСТРАЦІЯ ТЗ ПРИ ВИДАЧІ ІНДИВІДУАЛЬНОГО НОМЕРНОГО ЗНАКУ,АВТОБУС,5
2017,431,431 - ПЕРЕРЕЄСТРАЦІЯ ТЗ ПРИ ВИДАЧІ ІНДИВІДУАЛЬНОГО НОМЕРНОГО ЗНАКУ,ВАНТАЖНИЙ,93
2017,431,431 - ПЕРЕРЕЄСТРАЦІЯ ТЗ ПРИ ВИДАЧІ ІНДИВІДУАЛЬНОГО НОМЕРНОГО ЗНАКУ,ЛЕГКОВИЙ,1465
2017,431,431 - ПЕРЕРЕЄСТРАЦІЯ ТЗ ПРИ ВИДАЧІ ІНДИВІДУАЛЬНОГО НОМЕРНОГО ЗНАКУ,МОТОЦИКЛ,20
2017,440,440 - ПЕРЕРЕЄСТРАЦIЯ ПРИ ВТРАТІ СВIДОЦТВА ПРО РЕЄСТРАЦIЮ,АВТОБУС,588
2017,440,440 - ПЕРЕРЕЄСТРАЦIЯ ПРИ ВТРАТІ СВIДОЦТВА ПРО РЕЄСТРАЦIЮ,ВАНТАЖНИЙ,5472
2017,440,440 - ПЕРЕРЕЄСТРАЦIЯ ПРИ ВТРАТІ СВIДОЦТВА ПРО РЕЄСТРАЦIЮ,КВАДРОЦИКЛ,3
2017,440,440 - ПЕРЕРЕЄСТРАЦIЯ ПРИ ВТРАТІ СВIДОЦТВА ПРО РЕЄСТРАЦIЮ,ЛЕГКОВИЙ,28770
2017,440,440 - ПЕРЕРЕЄСТРАЦIЯ ПРИ ВТРАТІ СВIДОЦТВА ПРО РЕЄСТРАЦIЮ,МОПЕД,216
2017,440,440 - ПЕРЕРЕЄСТРАЦIЯ ПРИ ВТРАТІ СВIДОЦТВА ПРО РЕЄСТРАЦIЮ,МОТОЦИКЛ,648
2017,440,440 - ПЕРЕРЕЄСТРАЦIЯ ПРИ ВТРАТІ СВIДОЦТВА ПРО РЕЄСТРАЦIЮ,НАПІВПРИЧІП,783
2017,440,440 - ПЕРЕРЕЄСТРАЦIЯ ПРИ ВТРАТІ СВIДОЦТВА ПРО РЕЄСТРАЦIЮ,ПРИЧІП,1990
2017,440,440 - ПЕРЕРЕЄСТРАЦIЯ ПРИ ВТРАТІ СВIДОЦТВА ПРО РЕЄСТРАЦIЮ,ТРИЦИКЛ,4
2017,470,470 - ВИДАЧА ДУБЛІКАТУ ТИМЧ.ТАЛ.ДЛЯ МОПЕДІВ ПІСЛЯ ВТРАТИ АБО ЗМІНИ АНКЕТНИХ ДАНИХ ВЛАСНИКА,МОПЕД,2
2017,48,48 - ВТОРИННА РЕЄСТРАЦІЯ ТЗ ПО ДОГ. КУП.-ПРОД. УКЛАД. В ТСЦ (ПІСЛЯ 530 АБО 531),АВТОБУС,210
2017,48,48 - ВТОРИННА РЕЄСТРАЦІЯ ТЗ ПО ДОГ. КУП.-ПРОД. УКЛАД. В ТСЦ (ПІСЛЯ 530 АБО 531),ВАНТАЖНИЙ,2517
2017,48,48 - ВТОРИННА РЕЄСТРАЦІЯ ТЗ ПО ДОГ. КУП.-ПРОД. УКЛАД. В ТСЦ (ПІСЛЯ 530 АБО 531),КВАДРОЦИКЛ,1
2017,48,48 - ВТОРИННА РЕЄСТРАЦІЯ ТЗ ПО ДОГ. КУП.-ПРОД. УКЛАД. В ТСЦ (ПІСЛЯ 530 АБО 531),ЛЕГКОВИЙ,55728
2017,48,48 - ВТОРИННА РЕЄСТРАЦІЯ ТЗ ПО ДОГ. КУП.-ПРОД. УКЛАД. В ТСЦ (ПІСЛЯ 530 АБО 531),МОПЕД,6
2017,48,48 - ВТОРИННА РЕЄСТРАЦІЯ ТЗ ПО ДОГ. КУП.-ПРОД. УКЛАД. В ТСЦ (ПІСЛЯ 530 АБО 531),МОТОЦИКЛ,336
2017,48,48 - ВТОРИННА РЕЄСТРАЦІЯ ТЗ ПО ДОГ. КУП.-ПРОД. УКЛАД. В ТСЦ (ПІСЛЯ 530 АБО 531),НАПІВПРИЧІП,354
2017,48,48 - ВТОРИННА РЕЄСТРАЦІЯ ТЗ ПО ДОГ. КУП.-ПРОД. УКЛАД. В ТСЦ (ПІСЛЯ 530 АБО 531),ПРИЧІП,174
2017,48,48 - ВТОРИННА РЕЄСТРАЦІЯ ТЗ ПО ДОГ. КУП.-ПРОД. УКЛАД. В ТСЦ (ПІСЛЯ 530 АБО 531),ТРИЦИКЛ,3
2017,49,49 - ВТОРИННА РЕЄСТРАЦІЯ ТЗ ПО ДОГОВОРУ УКЛАДЕНОМУ В ТСЦ,АВТОБУС,145
2017,49,49 - ВТОРИННА РЕЄСТРАЦІЯ ТЗ ПО ДОГОВОРУ УКЛАДЕНОМУ В ТСЦ,ВАНТАЖНИЙ,1262
2017,49,49 - ВТОРИННА РЕЄСТРАЦІЯ ТЗ ПО ДОГОВОРУ УКЛАДЕНОМУ В ТСЦ,ЛЕГКОВИЙ,10467
2017,49,49 - ВТОРИННА РЕЄСТРАЦІЯ ТЗ ПО ДОГОВОРУ УКЛАДЕНОМУ В ТСЦ,МОПЕД,10
2017,49,49 - ВТОРИННА РЕЄСТРАЦІЯ ТЗ ПО ДОГОВОРУ УКЛАДЕНОМУ В ТСЦ,МОТОЦИКЛ,442
2017,49,49 - ВТОРИННА РЕЄСТРАЦІЯ ТЗ ПО ДОГОВОРУ УКЛАДЕНОМУ В ТСЦ,НАПІВПРИЧІП,421
2017,49,49 - ВТОРИННА РЕЄСТРАЦІЯ ТЗ ПО ДОГОВОРУ УКЛАДЕНОМУ В ТСЦ,ПРИЧІП,200
2017,49,49 - ВТОРИННА РЕЄСТРАЦІЯ ТЗ ПО ДОГОВОРУ УКЛАДЕНОМУ В ТСЦ,ТРИЦИКЛ,1
2017,50,50 - ВТОРИННА РЄСТРАЦIЯ ТЗ ЗА ДОГОВОРОМ КУПIВЛI-ПРОДАЖУ,АВТОБУС,81
2017,50,50 - ВТОРИННА РЄСТРАЦIЯ ТЗ ЗА ДОГОВОРОМ КУПIВЛI-ПРОДАЖУ,ВАНТАЖНИЙ,1018
2017,50,50 - ВТОРИННА РЄСТРАЦIЯ ТЗ ЗА ДОГОВОРОМ КУПIВЛI-ПРОДАЖУ,КВАДРОЦИКЛ,1
2017,50,50 - ВТОРИННА РЄСТРАЦIЯ ТЗ ЗА ДОГОВОРОМ КУПIВЛI-ПРОДАЖУ,ЛЕГКОВИЙ,5105
2017,50,50 - ВТОРИННА РЄСТРАЦIЯ ТЗ ЗА ДОГОВОРОМ КУПIВЛI-ПРОДАЖУ,МОПЕД,1
2017,50,50 - ВТОРИННА РЄСТРАЦIЯ ТЗ ЗА ДОГОВОРОМ КУПIВЛI-ПРОДАЖУ,МОТОЦИКЛ,47
2017,50,50 - ВТОРИННА РЄСТРАЦIЯ ТЗ ЗА ДОГОВОРОМ КУПIВЛI-ПРОДАЖУ,НАПІВПРИЧІП,212
2017,50,50 - ВТОРИННА РЄСТРАЦIЯ ТЗ ЗА ДОГОВОРОМ КУПIВЛI-ПРОДАЖУ,ПРИЧІП,95
2017,50,50 - ВТОРИННА РЕЄСТРАЦIЯ ТЗ ЗА ДОГОВОРОМ КУПIВЛI-ПРОДАЖУ,АВТОБУС,4
2017,50,50 - ВТОРИННА РЕЄСТРАЦIЯ ТЗ ЗА ДОГОВОРОМ КУПIВЛI-ПРОДАЖУ,ВАНТАЖНИЙ,54
2017,50,50 - ВТОРИННА РЕЄСТРАЦIЯ ТЗ ЗА ДОГОВОРОМ КУПIВЛI-ПРОДАЖУ,ЛЕГКОВИЙ,383
2017,50,50 - ВТОРИННА РЕЄСТРАЦIЯ ТЗ ЗА ДОГОВОРОМ КУПIВЛI-ПРОДАЖУ,МОТОЦИКЛ,4
2017,50,50 - ВТОРИННА РЕЄСТРАЦIЯ ТЗ ЗА ДОГОВОРОМ КУПIВЛI-ПРОДАЖУ,НАПІВПРИЧІП,10
2017,50,50 - ВТОРИННА РЕЄСТРАЦIЯ ТЗ ЗА ДОГОВОРОМ КУПIВЛI-ПРОДАЖУ,ПРИЧІП,8
2017,50,50 - РЕЄСТРАЦIЯ ТЗ ЗА ДОГОВОРОМ КУПIВЛI-ПРОДАЖУ,ВАНТАЖНИЙ,4
2017,50,50 - РЕЄСТРАЦIЯ ТЗ ЗА ДОГОВОРОМ КУПIВЛI-ПРОДАЖУ,ЛЕГКОВИЙ,5
2017,50,50 - РЕЄСТРАЦIЯ ТЗ ЗА ДОГОВОРОМ КУПIВЛI-ПРОДАЖУ,МОТОЦИКЛ,1
2017,500,500 - ЗНЯТТЯ З ОБЛІКУ У ЗВ'ЯЗКУ ЗІ СКАСУВАННЯМ РЕЄСТРАЦІЇ,АВТОБУС,19
2017,500,500 - ЗНЯТТЯ З ОБЛІКУ У ЗВ'ЯЗКУ ЗІ СКАСУВАННЯМ РЕЄСТРАЦІЇ,ВАНТАЖНИЙ,117
2017,500,500 - ЗНЯТТЯ З ОБЛІКУ У ЗВ'ЯЗКУ ЗІ СКАСУВАННЯМ РЕЄСТРАЦІЇ,ЛЕГКОВИЙ,548
2017,500,500 - ЗНЯТТЯ З ОБЛІКУ У ЗВ'ЯЗКУ ЗІ СКАСУВАННЯМ РЕЄСТРАЦІЇ,МОПЕД,1
2017,500,500 - ЗНЯТТЯ З ОБЛІКУ У ЗВ'ЯЗКУ ЗІ СКАСУВАННЯМ РЕЄСТРАЦІЇ,МОТОЦИКЛ,9
2017,500,500 - ЗНЯТТЯ З ОБЛІКУ У ЗВ'ЯЗКУ ЗІ СКАСУВАННЯМ РЕЄСТРАЦІЇ,НАПІВПРИЧІП,1
2017,500,500 - ЗНЯТТЯ З ОБЛІКУ У ЗВ'ЯЗКУ ЗІ СКАСУВАННЯМ РЕЄСТРАЦІЇ,ПРИЧІП,5
2017,501,501 - АНУЛЮВАННЯ ЗНЯТТЯ З ОБЛІКУ ТЗ,АВТОБУС,1
2017,501,501 - АНУЛЮВАННЯ ЗНЯТТЯ З ОБЛІКУ ТЗ,ВАНТАЖНИЙ,2
2017,501,501 - АНУЛЮВАННЯ ЗНЯТТЯ З ОБЛІКУ ТЗ,ЛЕГКОВИЙ,45
2017,501,501 - АНУЛЮВАННЯ ЗНЯТТЯ З ОБЛІКУ ТЗ,МОТОЦИКЛ,1
2017,501,501 - СКАСУВАННЯ ЗНЯТТЯ З ОБЛІКУ ТЗ,ВАНТАЖНИЙ,1
2017,501,501 - СКАСУВАННЯ ЗНЯТТЯ З ОБЛІКУ ТЗ,ЛЕГКОВИЙ,3
2017,502,502 -  СКАСУВАННЯ ПЕРЕРЕЄСТРАЦІЇ,ЛЕГКОВИЙ,6
2017,51,51 - РЕЄСТРАЦIЯ ТЗ ЗА ДОГОВОРОМ МІНИ,ВАНТАЖНИЙ,1
2017,51,51 - РЕЄСТРАЦIЯ ТЗ ЗА ДОГОВОРОМ МІНИ,ЛЕГКОВИЙ,9
2017,520,520 - ЗНЯТТЯ З ОБЛIКУ ПРИ ВИЇЗДІ ЗА КОРДОН НА ПОСТ. МІСЦЕ ПРОЖИВ.,АВТОБУС,1
2017,520,520 - ЗНЯТТЯ З ОБЛIКУ ПРИ ВИЇЗДІ ЗА КОРДОН НА ПОСТ. МІСЦЕ ПРОЖИВ.,ВАНТАЖНИЙ,1
2017,520,520 - ЗНЯТТЯ З ОБЛIКУ ПРИ ВИЇЗДІ ЗА КОРДОН НА ПОСТ. МІСЦЕ ПРОЖИВ.,ЛЕГКОВИЙ,72
2017,520,520 - ЗНЯТТЯ З ОБЛIКУ ПРИ ВИЇЗДІ ЗА КОРДОН НА ПОСТ. МІСЦЕ ПРОЖИВ.,МОТОЦИКЛ,3
2017,520,520 - ЗНЯТТЯ З ОБЛIКУ ПРИ ВИЇЗДІ ЗА КОРДОН НА ПОСТ. МІСЦЕ ПРОЖИВ.,ПРИЧІП,3
2017,530,530 - ЗНЯТТЯ З ОБЛIКУ ДЛЯ РЕАЛIЗАЦIЇ,АВТОБУС,768
2017,530,530 - ЗНЯТТЯ З ОБЛIКУ ДЛЯ РЕАЛIЗАЦIЇ,ВАНТАЖНИЙ,8609
2017,530,530 - ЗНЯТТЯ З ОБЛIКУ ДЛЯ РЕАЛIЗАЦIЇ,КВАДРОЦИКЛ,2
2017,530,530 - ЗНЯТТЯ З ОБЛIКУ ДЛЯ РЕАЛIЗАЦIЇ,ЛЕГКОВИЙ,99838
2017,530,530 - ЗНЯТТЯ З ОБЛIКУ ДЛЯ РЕАЛIЗАЦIЇ,МОПЕД,30
2017,530,530 - ЗНЯТТЯ З ОБЛIКУ ДЛЯ РЕАЛIЗАЦIЇ,МОТОЦИКЛ,728
2017,530,530 - ЗНЯТТЯ З ОБЛIКУ ДЛЯ РЕАЛIЗАЦIЇ,НАПІВПРИЧІП,1429
2017,530,530 - ЗНЯТТЯ З ОБЛIКУ ДЛЯ РЕАЛIЗАЦIЇ,ПРИЧІП,737
2017,530,530 - ЗНЯТТЯ З ОБЛIКУ ДЛЯ РЕАЛIЗАЦIЇ,ТРИЦИКЛ,3
2017,531,531 - ЗНЯТТЯ З ОБЛIКУ ЗА ДОГОВОРОМ КУПIВЛI-ПРОДАЖУ,ЛЕГКОВИЙ,7
2017,533,533 - ЗНЯТТЯ З ОБЛIКУ ЗА ДОГОВОРОМ ДАРУВАННЯ ЧИ ЗАПОВІТОМ,ВАНТАЖНИЙ,1
2017,533,533 - ЗНЯТТЯ З ОБЛIКУ ЗА ДОГОВОРОМ ДАРУВАННЯ ЧИ ЗАПОВІТОМ,ЛЕГКОВИЙ,2
2017,534,534 - ЗНЯТТЯ З ОБЛІКУ ЗА АКТОМ ПРИЙОМА-ПЕРЕДАЧІ,АВТОБУС,23
2017,534,534 - ЗНЯТТЯ З ОБЛІКУ ЗА АКТОМ ПРИЙОМА-ПЕРЕДАЧІ,ВАНТАЖНИЙ,120
2017,534,534 - ЗНЯТТЯ З ОБЛІКУ ЗА АКТОМ ПРИЙОМА-ПЕРЕДАЧІ,ЛЕГКОВИЙ,312
2017,534,534 - ЗНЯТТЯ З ОБЛІКУ ЗА АКТОМ ПРИЙОМА-ПЕРЕДАЧІ,МОТОЦИКЛ,5
2017,534,534 - ЗНЯТТЯ З ОБЛІКУ ЗА АКТОМ ПРИЙОМА-ПЕРЕДАЧІ,НАПІВПРИЧІП,7
2017,534,534 - ЗНЯТТЯ З ОБЛІКУ ЗА АКТОМ ПРИЙОМА-ПЕРЕДАЧІ,ПРИЧІП,6
2017,535,535 - ЗНЯТТЯ З ОБЛІКУ ЗА ДОГОВОРОМ ФІНАНСОВОГО ЛІЗИНГУ,АВТОБУС,101
2017,535,535 - ЗНЯТТЯ З ОБЛІКУ ЗА ДОГОВОРОМ ФІНАНСОВОГО ЛІЗИНГУ,ВАНТАЖНИЙ,1121
2017,535,535 - ЗНЯТТЯ З ОБЛІКУ ЗА ДОГОВОРОМ ФІНАНСОВОГО ЛІЗИНГУ,ЛЕГКОВИЙ,4474
2017,535,535 - ЗНЯТТЯ З ОБЛІКУ ЗА ДОГОВОРОМ ФІНАНСОВОГО ЛІЗИНГУ,НАПІВПРИЧІП,231
2017,535,535 - ЗНЯТТЯ З ОБЛІКУ ЗА ДОГОВОРОМ ФІНАНСОВОГО ЛІЗИНГУ,ПРИЧІП,97
2017,536,536 - ЗНЯТТЯ З ОБЛІКУТЗ (ДОГОВІР УКЛАДЕНИЙ В ТСЦ),АВТОБУС,146
2017,536,536 - ЗНЯТТЯ З ОБЛІКУТЗ (ДОГОВІР УКЛАДЕНИЙ В ТСЦ),ВАНТАЖНИЙ,1196
2017,536,536 - ЗНЯТТЯ З ОБЛІКУТЗ (ДОГОВІР УКЛАДЕНИЙ В ТСЦ),ЛЕГКОВИЙ,10154
2017,536,536 - ЗНЯТТЯ З ОБЛІКУТЗ (ДОГОВІР УКЛАДЕНИЙ В ТСЦ),МОПЕД,11
2017,536,536 - ЗНЯТТЯ З ОБЛІКУТЗ (ДОГОВІР УКЛАДЕНИЙ В ТСЦ),МОТОЦИКЛ,451
2017,536,536 - ЗНЯТТЯ З ОБЛІКУТЗ (ДОГОВІР УКЛАДЕНИЙ В ТСЦ),НАПІВПРИЧІП,387
2017,536,536 - ЗНЯТТЯ З ОБЛІКУТЗ (ДОГОВІР УКЛАДЕНИЙ В ТСЦ),ПРИЧІП,191
2017,536,536 - ЗНЯТТЯ З ОБЛІКУТЗ (ДОГОВІР УКЛАДЕНИЙ В ТСЦ),ТРИЦИКЛ,2
2017,54,"54 - ВТОРИННА РЕЄСТРАЦІЯ ТЗ НА НОВОГО ВЛАСНИКА ЗА ІНШИМ ДОГОВОРОМ, УГОДОЮ (КОНТРАКТОМ)",ВАНТАЖНИЙ,8
2017,54,"54 - ВТОРИННА РЕЄСТРАЦІЯ ТЗ НА НОВОГО ВЛАСНИКА ЗА ІНШИМ ДОГОВОРОМ, УГОДОЮ (КОНТРАКТОМ)",ЛЕГКОВИЙ,35
2017,54,"54 - ВТОРИННА РЕЄСТРАЦІЯ ТЗ НА НОВОГО ВЛАСНИКА ЗА ІНШИМ ДОГОВОРОМ, УГОДОЮ (КОНТРАКТОМ)",МОТОЦИКЛ,1
2017,54,"54 - ВТОРИННА РЕЄСТРАЦІЯ ТЗ НА НОВОГО ВЛАСНИКА ЗА ІНШИМ ДОГОВОРОМ, УГОДОЮ (КОНТРАКТОМ)",НАПІВПРИЧІП,2
2017,540,540 - ЗНЯТТЯ З ОБЛIКУ У ЗВ`ЯЗКУ З ВИБРАКОВКОЮ,АВТОБУС,928
2017,540,540 - ЗНЯТТЯ З ОБЛIКУ У ЗВ`ЯЗКУ З ВИБРАКОВКОЮ,ВАНТАЖНИЙ,4359
2017,540,540 - ЗНЯТТЯ З ОБЛIКУ У ЗВ`ЯЗКУ З ВИБРАКОВКОЮ,КВАДРОЦИКЛ,1
2017,540,540 - ЗНЯТТЯ З ОБЛIКУ У ЗВ`ЯЗКУ З ВИБРАКОВКОЮ,ЛЕГКОВИЙ,6732
2017,540,540 - ЗНЯТТЯ З ОБЛIКУ У ЗВ`ЯЗКУ З ВИБРАКОВКОЮ,МОПЕД,153
2017,540,540 - ЗНЯТТЯ З ОБЛIКУ У ЗВ`ЯЗКУ З ВИБРАКОВКОЮ,МОТОЦИКЛ,566
2017,540,540 - ЗНЯТТЯ З ОБЛIКУ У ЗВ`ЯЗКУ З ВИБРАКОВКОЮ,НАПІВПРИЧІП,436
2017,540,540 - ЗНЯТТЯ З ОБЛIКУ У ЗВ`ЯЗКУ З ВИБРАКОВКОЮ,ПРИЧІП,357
2017,540,540 - ЗНЯТТЯ З ОБЛIКУ У ЗВ`ЯЗКУ З ВИБРАКОВКОЮ,СПЕЦІАЛІЗОВАНІ,2
2017,550,550 - ЗНЯТТЯ З ОБЛIКУ ТЗ ВВЕЗЕНОГО ПIД ЗОБОВ. ПРО ЗВОР. ВИВЕЗЕННЯ,АВТОБУС,3
2017,550,550 - ЗНЯТТЯ З ОБЛIКУ ТЗ ВВЕЗЕНОГО ПIД ЗОБОВ. ПРО ЗВОР. ВИВЕЗЕННЯ,ВАНТАЖНИЙ,10
2017,550,550 - ЗНЯТТЯ З ОБЛIКУ ТЗ ВВЕЗЕНОГО ПIД ЗОБОВ. ПРО ЗВОР. ВИВЕЗЕННЯ,ЛЕГКОВИЙ,811
2017,550,550 - ЗНЯТТЯ З ОБЛIКУ ТЗ ВВЕЗЕНОГО ПIД ЗОБОВ. ПРО ЗВОР. ВИВЕЗЕННЯ,МОТОЦИКЛ,1
2017,550,550 - ЗНЯТТЯ З ОБЛIКУ ТЗ ВВЕЗЕНОГО ПIД ЗОБОВ. ПРО ЗВОР. ВИВЕЗЕННЯ,НАПІВПРИЧІП,10
2017,550,550 - ЗНЯТТЯ З ОБЛIКУ ТЗ ВВЕЗЕНОГО ПIД ЗОБОВ. ПРО ЗВОР. ВИВЕЗЕННЯ,ПРИЧІП,1
2017,560,560 -  ЗНЯТТЯ З ОБЛІКУ ПРИ ПОВЕРНЕННІ ІЗ ПОЇЗДКИ ЗА КОРДОН ПО ДОРУЧ.,АВТОБУС,779
2017,560,560 -  ЗНЯТТЯ З ОБЛІКУ ПРИ ПОВЕРНЕННІ ІЗ ПОЇЗДКИ ЗА КОРДОН ПО ДОРУЧ.,ВАНТАЖНИЙ,3266
2017,560,560 -  ЗНЯТТЯ З ОБЛІКУ ПРИ ПОВЕРНЕННІ ІЗ ПОЇЗДКИ ЗА КОРДОН ПО ДОРУЧ.,ЛЕГКОВИЙ,3910
2017,560,560 -  ЗНЯТТЯ З ОБЛІКУ ПРИ ПОВЕРНЕННІ ІЗ ПОЇЗДКИ ЗА КОРДОН ПО ДОРУЧ.,МОТОЦИКЛ,30
2017,560,560 -  ЗНЯТТЯ З ОБЛІКУ ПРИ ПОВЕРНЕННІ ІЗ ПОЇЗДКИ ЗА КОРДОН ПО ДОРУЧ.,НАПІВПРИЧІП,2029
2017,560,560 -  ЗНЯТТЯ З ОБЛІКУ ПРИ ПОВЕРНЕННІ ІЗ ПОЇЗДКИ ЗА КОРДОН ПО ДОРУЧ.,ПРИЧІП,291
2017,570,570 - ЗНЯТТЯ З ОБЛІКУ У ЗВ`ЯЗКУ ЗI ЗМIНОЮ ДЕРЖАВНОГ ОРГАНУ РЕЄСТРАЦІЇ,АВТОБУС,2
2017,570,570 - ЗНЯТТЯ З ОБЛІКУ У ЗВ`ЯЗКУ ЗI ЗМIНОЮ ДЕРЖАВНОГ ОРГАНУ РЕЄСТРАЦІЇ,ВАНТАЖНИЙ,23
2017,570,570 - ЗНЯТТЯ З ОБЛІКУ У ЗВ`ЯЗКУ ЗI ЗМIНОЮ ДЕРЖАВНОГ ОРГАНУ РЕЄСТРАЦІЇ,ЛЕГКОВИЙ,42
2017,570,570 - ЗНЯТТЯ З ОБЛІКУ У ЗВ`ЯЗКУ ЗI ЗМIНОЮ ДЕРЖАВНОГ ОРГАНУ РЕЄСТРАЦІЇ,ПРИЧІП,2
2017,570,570 - ЗНЯТТЯ З ОБЛІКУ У ЗВ`ЯЗКУ ЗI ЗМIНОЮ ДЕРЖАВНОГО ОРГАНУ РЕЄСТРАЦІЇ,АВТОБУС,10
2017,570,570 - ЗНЯТТЯ З ОБЛІКУ У ЗВ`ЯЗКУ ЗI ЗМIНОЮ ДЕРЖАВНОГО ОРГАНУ РЕЄСТРАЦІЇ,ВАНТАЖНИЙ,161
2017,570,570 - ЗНЯТТЯ З ОБЛІКУ У ЗВ`ЯЗКУ ЗI ЗМIНОЮ ДЕРЖАВНОГО ОРГАНУ РЕЄСТРАЦІЇ,ЛЕГКОВИЙ,86
2017,570,570 - ЗНЯТТЯ З ОБЛІКУ У ЗВ`ЯЗКУ ЗI ЗМIНОЮ ДЕРЖАВНОГО ОРГАНУ РЕЄСТРАЦІЇ,НАПІВПРИЧІП,1
2017,570,570 - ЗНЯТТЯ З ОБЛІКУ У ЗВ`ЯЗКУ ЗI ЗМIНОЮ ДЕРЖАВНОГО ОРГАНУ РЕЄСТРАЦІЇ,ПРИЧІП,11
2017,580,580 - ЗНЯТТЯ З ОБЛІКУ ТЗ ДЛЯ ПОВЕРНЕННЯ ОРГАНАМ СОЦ. ЗАХИСТУ,ЛЕГКОВИЙ,7
2017,60,60 - РЕЄСТРАЦIЯ ТЗ ЗА ДОГОВОРОМ ДАРУВАННЯ,АВТОБУС,3
2017,60,60 - РЕЄСТРАЦIЯ ТЗ ЗА ДОГОВОРОМ ДАРУВАННЯ,ВАНТАЖНИЙ,6
2017,60,60 - РЕЄСТРАЦIЯ ТЗ ЗА ДОГОВОРОМ ДАРУВАННЯ,ЛЕГКОВИЙ,51
2017,60,60 - РЕЄСТРАЦIЯ ТЗ ЗА ДОГОВОРОМ ДАРУВАННЯ,ПРИЧІП,2
2017,61,61 - РЕЄСТРАЦIЯ ТЗ ПО УСПАДКУВАННЮ ЗА ЗАПОВIТОМ,ВАНТАЖНИЙ,1
2017,61,61 - РЕЄСТРАЦIЯ ТЗ ПО УСПАДКУВАННЮ ЗА ЗАПОВIТОМ,ЛЕГКОВИЙ,49
2017,61,61 - РЕЄСТРАЦIЯ ТЗ ПО УСПАДКУВАННЮ ЗА ЗАПОВIТОМ,МОТОЦИКЛ,1
2017,61,61 - РЕЄСТРАЦIЯ ТЗ ПО УСПАДКУВАННЮ ЗА ЗАПОВIТОМ,ПРИЧІП,8
2017,62,62 - РЕЄСТРАЦIЯ ТЗ ПО УСПАДКУВАННЮ ЗА ЗАКОНОМ,АВТОБУС,1
2017,62,62 - РЕЄСТРАЦIЯ ТЗ ПО УСПАДКУВАННЮ ЗА ЗАКОНОМ,ВАНТАЖНИЙ,20
2017,62,62 - РЕЄСТРАЦIЯ ТЗ ПО УСПАДКУВАННЮ ЗА ЗАКОНОМ,ЛЕГКОВИЙ,408
2017,62,62 - РЕЄСТРАЦIЯ ТЗ ПО УСПАДКУВАННЮ ЗА ЗАКОНОМ,МОТОЦИКЛ,7
2017,62,62 - РЕЄСТРАЦIЯ ТЗ ПО УСПАДКУВАННЮ ЗА ЗАКОНОМ,ПРИЧІП,18
2017,63,63 - РЕЄСТРАЦIЯ ТЗ У ЗВ`ЯЗКУ З ПЕРЕДАЧЕЮ ДО СТАТУТНОГО ФОНДУ,ВАНТАЖНИЙ,13
2017,63,63 - РЕЄСТРАЦIЯ ТЗ У ЗВ`ЯЗКУ З ПЕРЕДАЧЕЮ ДО СТАТУТНОГО ФОНДУ,ЛЕГКОВИЙ,3
2017,63,63 - РЕЄСТРАЦIЯ ТЗ У ЗВ`ЯЗКУ З ПЕРЕДАЧЕЮ ДО СТАТУТНОГО ФОНДУ,НАПІВПРИЧІП,6
2017,63,63 - РЕЄСТРАЦIЯ ТЗ У ЗВ`ЯЗКУ З ПЕРЕДАЧЕЮ ДО СТАТУТНОГО ФОНДУ,ПРИЧІП,1
2017,64,64 - РЕЄСТРАЦІЯ КОНФІСКОВАНОГО ТЗ,АВТОБУС,2
2017,64,64 - РЕЄСТРАЦІЯ КОНФІСКОВАНОГО ТЗ,ВАНТАЖНИЙ,8
2017,64,64 - РЕЄСТРАЦІЯ КОНФІСКОВАНОГО ТЗ,ЛЕГКОВИЙ,34
2017,64,64 - РЕЄСТРАЦІЯ КОНФІСКОВАНОГО ТЗ,МОПЕД,2
2017,64,64 - РЕЄСТРАЦІЯ КОНФІСКОВАНОГО ТЗ,МОТОЦИКЛ,4
2017,64,64 - РЕЄСТРАЦІЯ КОНФІСКОВАНОГО ТЗ,НАПІВПРИЧІП,1
2017,65,65 - РЕЄСТРАЦIЯ ТЗ ЗА РІШЕННЯМ СУДУ,АВТОБУС,3
2017,65,65 - РЕЄСТРАЦIЯ ТЗ ЗА РІШЕННЯМ СУДУ,ВАНТАЖНИЙ,17
2017,65,65 - РЕЄСТРАЦIЯ ТЗ ЗА РІШЕННЯМ СУДУ,ЛЕГКОВИЙ,117
2017,65,65 - РЕЄСТРАЦIЯ ТЗ ЗА РІШЕННЯМ СУДУ,МОТОЦИКЛ,3
2017,65,65 - РЕЄСТРАЦIЯ ТЗ ЗА РІШЕННЯМ СУДУ,ПРИЧІП,11
2017,69,69 - РЕЄСТРАЦІЯ ТЗ ПО АКТУ ПРИЙОМУ-ПЕРЕДАЧІ,АВТОБУС,592
2017,69,69 - РЕЄСТРАЦІЯ ТЗ ПО АКТУ ПРИЙОМУ-ПЕРЕДАЧІ,ВАНТАЖНИЙ,1019
2017,69,69 - РЕЄСТРАЦІЯ ТЗ ПО АКТУ ПРИЙОМУ-ПЕРЕДАЧІ,ЛЕГКОВИЙ,1204
2017,69,69 - РЕЄСТРАЦІЯ ТЗ ПО АКТУ ПРИЙОМУ-ПЕРЕДАЧІ,МОТОЦИКЛ,89
2017,69,69 - РЕЄСТРАЦІЯ ТЗ ПО АКТУ ПРИЙОМУ-ПЕРЕДАЧІ,НАПІВПРИЧІП,220
2017,69,69 - РЕЄСТРАЦІЯ ТЗ ПО АКТУ ПРИЙОМУ-ПЕРЕДАЧІ,ПРИЧІП,25835
2017,70,70 - РЕЄСТРАЦIЯ ТЗ ПРИВЕЗЕНОГО З-ЗА КОРДОНУ,ВАНТАЖНИЙ,8
2017,70,70 - РЕЄСТРАЦIЯ ТЗ ПРИВЕЗЕНОГО З-ЗА КОРДОНУ,ЛЕГКОВИЙ,2
2017,70,70 - РЕЄСТРАЦIЯ ТЗ ПРИВЕЗЕНОГО З-ЗА КОРДОНУ,МОТОЦИКЛ,4
2017,70,70 - РЕЄСТРАЦIЯ ТЗ ПРИВЕЗЕНОГО З-ЗА КОРДОНУ ПО ВМД,АВТОБУС,164
2017,70,70 - РЕЄСТРАЦIЯ ТЗ ПРИВЕЗЕНОГО З-ЗА КОРДОНУ ПО ВМД,ВАНТАЖНИЙ,7244
2017,70,70 - РЕЄСТРАЦIЯ ТЗ ПРИВЕЗЕНОГО З-ЗА КОРДОНУ ПО ВМД,КВАДРОЦИКЛ,3
2017,70,70 - РЕЄСТРАЦIЯ ТЗ ПРИВЕЗЕНОГО З-ЗА КОРДОНУ ПО ВМД,ЛЕГКОВИЙ,1759
2017,70,70 - РЕЄСТРАЦIЯ ТЗ ПРИВЕЗЕНОГО З-ЗА КОРДОНУ ПО ВМД,МОПЕД,17
2017,70,70 - РЕЄСТРАЦIЯ ТЗ ПРИВЕЗЕНОГО З-ЗА КОРДОНУ ПО ВМД,МОТОЦИКЛ,620
2017,70,70 - РЕЄСТРАЦIЯ ТЗ ПРИВЕЗЕНОГО З-ЗА КОРДОНУ ПО ВМД,НАПІВПРИЧІП,3599
2017,70,70 - РЕЄСТРАЦIЯ ТЗ ПРИВЕЗЕНОГО З-ЗА КОРДОНУ ПО ВМД,ПРИЧІП,324
2017,70,70 - РЕЄСТРАЦIЯ ТЗ ПРИВЕЗЕНОГО З-ЗА КОРДОНУ ПО ВМД,ТРИЦИКЛ,21
2017,71,71 - РЕЄСТРАЦІЯ ТЗ ПРИВЕЗЕНОГО З-ЗА КОРДОНУ ПО ПОСВІДЧЕННЮ МИТНИЦІ,АВТОБУС,32
2017,71,71 - РЕЄСТРАЦІЯ ТЗ ПРИВЕЗЕНОГО З-ЗА КОРДОНУ ПО ПОСВІДЧЕННЮ МИТНИЦІ,ВАНТАЖНИЙ,1618
2017,71,71 - РЕЄСТРАЦІЯ ТЗ ПРИВЕЗЕНОГО З-ЗА КОРДОНУ ПО ПОСВІДЧЕННЮ МИТНИЦІ,ЛЕГКОВИЙ,1481
2017,71,71 - РЕЄСТРАЦІЯ ТЗ ПРИВЕЗЕНОГО З-ЗА КОРДОНУ ПО ПОСВІДЧЕННЮ МИТНИЦІ,МОПЕД,5
2017,71,71 - РЕЄСТРАЦІЯ ТЗ ПРИВЕЗЕНОГО З-ЗА КОРДОНУ ПО ПОСВІДЧЕННЮ МИТНИЦІ,МОТОЦИКЛ,635
2017,71,71 - РЕЄСТРАЦІЯ ТЗ ПРИВЕЗЕНОГО З-ЗА КОРДОНУ ПО ПОСВІДЧЕННЮ МИТНИЦІ,НАПІВПРИЧІП,540
2017,71,71 - РЕЄСТРАЦІЯ ТЗ ПРИВЕЗЕНОГО З-ЗА КОРДОНУ ПО ПОСВІДЧЕННЮ МИТНИЦІ,ПРИЧІП,386
2017,71,71 - РЕЄСТРАЦІЯ ТЗ ПРИВЕЗЕНОГО З-ЗА КОРДОНУ ПО ПОСВІДЧЕННЮ МИТНИЦІ,ТРИЦИКЛ,2
2017,80,80 - РЕЄСТРАЦIЯ ТЗ ПРИДБАНОГО НА АУКЦІОНІ ТОВАР. БIРЖI,АВТОБУС,5
2017,80,80 - РЕЄСТРАЦIЯ ТЗ ПРИДБАНОГО НА АУКЦІОНІ ТОВАР. БIРЖI,ВАНТАЖНИЙ,87
2017,80,80 - РЕЄСТРАЦIЯ ТЗ ПРИДБАНОГО НА АУКЦІОНІ ТОВАР. БIРЖI,ЛЕГКОВИЙ,110
2017,80,80 - РЕЄСТРАЦIЯ ТЗ ПРИДБАНОГО НА АУКЦІОНІ ТОВАР. БIРЖI,МОТОЦИКЛ,6
2017,80,80 - РЕЄСТРАЦIЯ ТЗ ПРИДБАНОГО НА АУКЦІОНІ ТОВАР. БIРЖI,НАПІВПРИЧІП,4
2017,80,80 - РЕЄСТРАЦIЯ ТЗ ПРИДБАНОГО НА АУКЦІОНІ ТОВАР. БIРЖI,ПРИЧІП,23
2017,90,90 - РЕЄСТРАЦIЯ ТЗ ПРИДБАНОГО З ФОНДІВ МІН. ОБОРОНИ,ВАНТАЖНИЙ,86
2017,90,90 - РЕЄСТРАЦIЯ ТЗ ПРИДБАНОГО З ФОНДІВ МІН. ОБОРОНИ,ЛЕГКОВИЙ,6
2017,90,90 - РЕЄСТРАЦIЯ ТЗ ПРИДБАНОГО З ФОНДІВ МІН. ОБОРОНИ,МОТОЦИКЛ,1
2017,90,90 - РЕЄСТРАЦIЯ ТЗ ПРИДБАНОГО З ФОНДІВ МІН. ОБОРОНИ,ПРИЧІП,41
2017,99,"99 - ПЕРВИННА РЕЄСТРАЦІЯ ТЗ ПРИДБАНОГО В ТОРГІВЕЛЬНІЙ ОРГАНІЗАЦІЇ, ЯКИЙ ВИГОТОВЛЕНО В УКРА",АВТОБУС,427
2017,99,"99 - ПЕРВИННА РЕЄСТРАЦІЯ ТЗ ПРИДБАНОГО В ТОРГІВЕЛЬНІЙ ОРГАНІЗАЦІЇ, ЯКИЙ ВИГОТОВЛЕНО В УКРА",ВАНТАЖНИЙ,1511
2017,99,"99 - ПЕРВИННА РЕЄСТРАЦІЯ ТЗ ПРИДБАНОГО В ТОРГІВЕЛЬНІЙ ОРГАНІЗАЦІЇ, ЯКИЙ ВИГОТОВЛЕНО В УКРА",ЛЕГКОВИЙ,7669
2017,99,"99 - ПЕРВИННА РЕЄСТРАЦІЯ ТЗ ПРИДБАНОГО В ТОРГІВЕЛЬНІЙ ОРГАНІЗАЦІЇ, ЯКИЙ ВИГОТОВЛЕНО В УКРА",МОТОЦИКЛ,43
2017,99,"99 - ПЕРВИННА РЕЄСТРАЦІЯ ТЗ ПРИДБАНОГО В ТОРГІВЕЛЬНІЙ ОРГАНІЗАЦІЇ, ЯКИЙ ВИГОТОВЛЕНО В УКРА",НАПІВПРИЧІП,114
2017,99,"99 - ПЕРВИННА РЕЄСТРАЦІЯ ТЗ ПРИДБАНОГО В ТОРГІВЕЛЬНІЙ ОРГАНІЗАЦІЇ, ЯКИЙ ВИГОТОВЛЕНО В УКРА",ПРИЧІП,10110
2017,99,"99 - ПЕРВИННА РЕЄСТРАЦІЯ ТЗ ПРИДБАНОГО В ТОРГІВЕЛЬНІЙ ОРГАНІЗАЦІЇ, ЯКИЙ ВИГОТОВЛЕНО В УКРА",ТРИЦИКЛ,1
2018,10,10 - РЕЄСТРАЦIЯ ТЗ ПО АКТУ ПРИЙМАННЯ ПЕРЕДАЧІ(ДОД.2),АВТОБУС,3
2018,10,10 - РЕЄСТРАЦIЯ ТЗ ПО АКТУ ПРИЙМАННЯ ПЕРЕДАЧІ(ДОД.2),ВАНТАЖНИЙ,1
2018,10,10 - РЕЄСТРАЦIЯ ТЗ ПО АКТУ ПРИЙМАННЯ ПЕРЕДАЧІ(ДОД.2),ЛЕГКОВИЙ,5
2018,100,"100 - ПЕРВИННА РЕЄСТРАЦIЯ Б/В ТЗ ПРИДБАНОГО В ТОРГІВЕЛЬНІЙ ОРГАНІЗАЦІЇ, ЯКИЙ ВВЕЗЕНО З-ЗА ",АВТОБУС,352
2018,100,"100 - ПЕРВИННА РЕЄСТРАЦIЯ Б/В ТЗ ПРИДБАНОГО В ТОРГІВЕЛЬНІЙ ОРГАНІЗАЦІЇ, ЯКИЙ ВВЕЗЕНО З-ЗА ",ВАНТАЖНИЙ,9010
2018,100,"100 - ПЕРВИННА РЕЄСТРАЦIЯ Б/В ТЗ ПРИДБАНОГО В ТОРГІВЕЛЬНІЙ ОРГАНІЗАЦІЇ, ЯКИЙ ВВЕЗЕНО З-ЗА ",КВАДРОЦИКЛ,2
2018,100,"100 - ПЕРВИННА РЕЄСТРАЦIЯ Б/В ТЗ ПРИДБАНОГО В ТОРГІВЕЛЬНІЙ ОРГАНІЗАЦІЇ, ЯКИЙ ВВЕЗЕНО З-ЗА ",ЛЕГКОВИЙ,1244
2018,100,"100 - ПЕРВИННА РЕЄСТРАЦIЯ Б/В ТЗ ПРИДБАНОГО В ТОРГІВЕЛЬНІЙ ОРГАНІЗАЦІЇ, ЯКИЙ ВВЕЗЕНО З-ЗА ",МОПЕД,2
2018,100,"100 - ПЕРВИННА РЕЄСТРАЦIЯ Б/В ТЗ ПРИДБАНОГО В ТОРГІВЕЛЬНІЙ ОРГАНІЗАЦІЇ, ЯКИЙ ВВЕЗЕНО З-ЗА ",МОТОЦИКЛ,802
2018,100,"100 - ПЕРВИННА РЕЄСТРАЦIЯ Б/В ТЗ ПРИДБАНОГО В ТОРГІВЕЛЬНІЙ ОРГАНІЗАЦІЇ, ЯКИЙ ВВЕЗЕНО З-ЗА ",НАПІВПРИЧІП,2745
2018,100,"100 - ПЕРВИННА РЕЄСТРАЦIЯ Б/В ТЗ ПРИДБАНОГО В ТОРГІВЕЛЬНІЙ ОРГАНІЗАЦІЇ, ЯКИЙ ВВЕЗЕНО З-ЗА ",ПРИЧІП,162
2018,100,"100 - ПЕРВИННА РЕЄСТРАЦIЯ Б/В ТЗ ПРИДБАНОГО В ТОРГІВЕЛЬНІЙ ОРГАНІЗАЦІЇ, ЯКИЙ ВВЕЗЕНО З-ЗА ",ТРИЦИКЛ,5
2018,100,"100 - ПЕРВИННА РЕЄСТРАЦIЯ ТЗ ПРИДБАНОГО В ТОРГІВЕЛЬНІЙ ОРГАНІЗАЦІЇ, УСТАНОВИ",ЛЕГКОВИЙ,4
2018,100,"100 - ПЕРВИННА РЕЄСТРАЦIЯ ТЗ ПРИДБАНОГО В ТОРГІВЕЛЬНІЙ ОРГАНІЗАЦІЇ, ЯКИЙ ВВЕЗЕНО З-ЗА КОРД",АВТОБУС,840
2018,100,"100 - ПЕРВИННА РЕЄСТРАЦIЯ ТЗ ПРИДБАНОГО В ТОРГІВЕЛЬНІЙ ОРГАНІЗАЦІЇ, ЯКИЙ ВВЕЗЕНО З-ЗА КОРД",ВАНТАЖНИЙ,19689
2018,100,"100 - ПЕРВИННА РЕЄСТРАЦIЯ ТЗ ПРИДБАНОГО В ТОРГІВЕЛЬНІЙ ОРГАНІЗАЦІЇ, ЯКИЙ ВВЕЗЕНО З-ЗА КОРД",КВАДРОЦИКЛ,97
2018,100,"100 - ПЕРВИННА РЕЄСТРАЦIЯ ТЗ ПРИДБАНОГО В ТОРГІВЕЛЬНІЙ ОРГАНІЗАЦІЇ, ЯКИЙ ВВЕЗЕНО З-ЗА КОРД",ЛЕГКОВИЙ,48087
2018,100,"100 - ПЕРВИННА РЕЄСТРАЦIЯ ТЗ ПРИДБАНОГО В ТОРГІВЕЛЬНІЙ ОРГАНІЗАЦІЇ, ЯКИЙ ВВЕЗЕНО З-ЗА КОРД",МОПЕД,156
2018,100,"100 - ПЕРВИННА РЕЄСТРАЦIЯ ТЗ ПРИДБАНОГО В ТОРГІВЕЛЬНІЙ ОРГАНІЗАЦІЇ, ЯКИЙ ВВЕЗЕНО З-ЗА КОРД",МОТОЦИКЛ,17634
2018,100,"100 - ПЕРВИННА РЕЄСТРАЦIЯ ТЗ ПРИДБАНОГО В ТОРГІВЕЛЬНІЙ ОРГАНІЗАЦІЇ, ЯКИЙ ВВЕЗЕНО З-ЗА КОРД",НАПІВПРИЧІП,5484
2018,100,"100 - ПЕРВИННА РЕЄСТРАЦIЯ ТЗ ПРИДБАНОГО В ТОРГІВЕЛЬНІЙ ОРГАНІЗАЦІЇ, ЯКИЙ ВВЕЗЕНО З-ЗА КОРД",ПРИЧІП,387
2018,100,"100 - ПЕРВИННА РЕЄСТРАЦIЯ ТЗ ПРИДБАНОГО В ТОРГІВЕЛЬНІЙ ОРГАНІЗАЦІЇ, ЯКИЙ ВВЕЗЕНО З-ЗА КОРД",ТРИЦИКЛ,111
2018,101,101 - РЕЄСТРАЦIЯ ТЗ ЗА ДОГОВОРОМ ЛІЗИНГУ,АВТОБУС,93
2018,101,101 - РЕЄСТРАЦIЯ ТЗ ЗА ДОГОВОРОМ ЛІЗИНГУ,ВАНТАЖНИЙ,946
2018,101,101 - РЕЄСТРАЦIЯ ТЗ ЗА ДОГОВОРОМ ЛІЗИНГУ,ЛЕГКОВИЙ,2576
2018,101,101 - РЕЄСТРАЦIЯ ТЗ ЗА ДОГОВОРОМ ЛІЗИНГУ,НАПІВПРИЧІП,189
2018,101,101 - РЕЄСТРАЦIЯ ТЗ ЗА ДОГОВОРОМ ЛІЗИНГУ,ПРИЧІП,125
2018,105,"105 - ПЕРВИННА РЕЄСТРАЦІЯ НОВОГО ТЗ ПРИДБАНОГО В ТОРГІВЕЛЬНІЙ ОРГАНІЗАЦІЇ, ЯКИЙ ВВЕЗЕНО З-",АВТОБУС,257
2018,105,"105 - ПЕРВИННА РЕЄСТРАЦІЯ НОВОГО ТЗ ПРИДБАНОГО В ТОРГІВЕЛЬНІЙ ОРГАНІЗАЦІЇ, ЯКИЙ ВВЕЗЕНО З-",ВАНТАЖНИЙ,2458
2018,105,"105 - ПЕРВИННА РЕЄСТРАЦІЯ НОВОГО ТЗ ПРИДБАНОГО В ТОРГІВЕЛЬНІЙ ОРГАНІЗАЦІЇ, ЯКИЙ ВВЕЗЕНО З-",КВАДРОЦИКЛ,28
2018,105,"105 - ПЕРВИННА РЕЄСТРАЦІЯ НОВОГО ТЗ ПРИДБАНОГО В ТОРГІВЕЛЬНІЙ ОРГАНІЗАЦІЇ, ЯКИЙ ВВЕЗЕНО З-",ЛЕГКОВИЙ,24930
2018,105,"105 - ПЕРВИННА РЕЄСТРАЦІЯ НОВОГО ТЗ ПРИДБАНОГО В ТОРГІВЕЛЬНІЙ ОРГАНІЗАЦІЇ, ЯКИЙ ВВЕЗЕНО З-",МОПЕД,42
2018,105,"105 - ПЕРВИННА РЕЄСТРАЦІЯ НОВОГО ТЗ ПРИДБАНОГО В ТОРГІВЕЛЬНІЙ ОРГАНІЗАЦІЇ, ЯКИЙ ВВЕЗЕНО З-",МОТОЦИКЛ,7210
2018,105,"105 - ПЕРВИННА РЕЄСТРАЦІЯ НОВОГО ТЗ ПРИДБАНОГО В ТОРГІВЕЛЬНІЙ ОРГАНІЗАЦІЇ, ЯКИЙ ВВЕЗЕНО З-",НАПІВПРИЧІП,329
2018,105,"105 - ПЕРВИННА РЕЄСТРАЦІЯ НОВОГО ТЗ ПРИДБАНОГО В ТОРГІВЕЛЬНІЙ ОРГАНІЗАЦІЇ, ЯКИЙ ВВЕЗЕНО З-",ПРИЧІП,53
2018,105,"105 - ПЕРВИННА РЕЄСТРАЦІЯ НОВОГО ТЗ ПРИДБАНОГО В ТОРГІВЕЛЬНІЙ ОРГАНІЗАЦІЇ, ЯКИЙ ВВЕЗЕНО З-",ТРИЦИКЛ,52
2018,11,11 - ПЕРВИННА РЕЄСТРАЦIЯ ТЗ ДЛЯ ІНШИХ ОРГ. ДЕРЖ.ВЛАСНОСТІ,ВАНТАЖНИЙ,1
2018,11,11 - ПЕРВИННА РЕЄСТРАЦIЯ ТЗ ДЛЯ ІНШИХ ОРГ. ДЕРЖ.ВЛАСНОСТІ,ЛЕГКОВИЙ,1
2018,110,110 - РЕЄСТРАЦIЯ ТЗ ОТРИМАНОГО ЧЕРЕЗ ВIДДIЛ СОЦ. ЗАХИСТУ,ВАНТАЖНИЙ,2
2018,110,110 - РЕЄСТРАЦIЯ ТЗ ОТРИМАНОГО ЧЕРЕЗ ВIДДIЛ СОЦ. ЗАХИСТУ,ЛЕГКОВИЙ,166
2018,120,120 - РЕЄСТРАЦIЯ ТЗ ОТРИМАНОГО ПО ВИГРАШУ,АВТОБУС,1
2018,120,120 - РЕЄСТРАЦIЯ ТЗ ОТРИМАНОГО ПО ВИГРАШУ,ЛЕГКОВИЙ,1
2018,13,13 -  ВИПРАВЛЕННЯ VIN-КОДУ (ПІСЛЯ ВИПРАВЛЕННЯ КАРТКУ ВИДАЛИТИ),АВТОБУС,133
2018,13,13 -  ВИПРАВЛЕННЯ VIN-КОДУ (ПІСЛЯ ВИПРАВЛЕННЯ КАРТКУ ВИДАЛИТИ),ВАНТАЖНИЙ,793
2018,13,13 -  ВИПРАВЛЕННЯ VIN-КОДУ (ПІСЛЯ ВИПРАВЛЕННЯ КАРТКУ ВИДАЛИТИ),ЛЕГКОВИЙ,5210
2018,13,13 -  ВИПРАВЛЕННЯ VIN-КОДУ (ПІСЛЯ ВИПРАВЛЕННЯ КАРТКУ ВИДАЛИТИ),МОПЕД,14
2018,13,13 -  ВИПРАВЛЕННЯ VIN-КОДУ (ПІСЛЯ ВИПРАВЛЕННЯ КАРТКУ ВИДАЛИТИ),МОТОЦИКЛ,44
2018,13,13 -  ВИПРАВЛЕННЯ VIN-КОДУ (ПІСЛЯ ВИПРАВЛЕННЯ КАРТКУ ВИДАЛИТИ),НАПІВПРИЧІП,83
2018,13,13 -  ВИПРАВЛЕННЯ VIN-КОДУ (ПІСЛЯ ВИПРАВЛЕННЯ КАРТКУ ВИДАЛИТИ),ПРИЧІП,135
2018,13,13 -  ВИПРАВЛЕННЯ VIN-КОДУ (ПІСЛЯ ВИПРАВЛЕННЯ КАРТКУ ВИДАЛИТИ),ТРИЦИКЛ,1
2018,130,130 - РЕЄСТРАЦIЯ ТЗ У ЗВ`ЯЗКУ З ПРИЇЗДОМ НА ПМЖ,АВТОБУС,1
2018,130,130 - РЕЄСТРАЦIЯ ТЗ У ЗВ`ЯЗКУ З ПРИЇЗДОМ НА ПМЖ,ВАНТАЖНИЙ,2
2018,130,130 - РЕЄСТРАЦIЯ ТЗ У ЗВ`ЯЗКУ З ПРИЇЗДОМ НА ПМЖ,ЛЕГКОВИЙ,136
2018,130,130 - РЕЄСТРАЦIЯ ТЗ У ЗВ`ЯЗКУ З ПРИЇЗДОМ НА ПМЖ,ПРИЧІП,2
2018,130,130 - РЕЄСТРАЦIЯ ТЗ У ЗВ`ЯЗКУ З ПРИЇЗДОМ НА ПМЖ ІЗ ЗА КОРДОНУ,ЛЕГКОВИЙ,61
2018,130,130 - РЕЄСТРАЦIЯ ТЗ У ЗВ`ЯЗКУ З ПРИЇЗДОМ НА ПМЖ ІЗ ЗА КОРДОНУ,ПРИЧІП,2
2018,131,131 - РЕЄСТРАЦІЯ ТЗ У ЗВ'ЯЗКУ З ПРИЇЗДОМ НА ПМЖ В МЕЖАХ УКРАЇНИ,ПРИЧІП,1
2018,131,131 - РЕЄСТРАЦІЯ ТЗ У ЗВ'ЯЗКУ З ПРИЇЗДОМ НА ПМП В МЕЖАХ УКРАЇНИ,ЛЕГКОВИЙ,1
2018,131,131 - РЕЄСТРАЦІЯ ТЗ У ЗВ'ЯЗКУ З ПРИЇЗДОМ НА ПМП В МЕЖАХ УКРАЇНИ,МОТОЦИКЛ,1
2018,140,140 - ВТОРИННА РЕЄСТРАЦIЯ ТЗ У ЗВ`ЯЗКУ З НЕПРОДАЖЕМ,АВТОБУС,6
2018,140,140 - ВТОРИННА РЕЄСТРАЦIЯ ТЗ У ЗВ`ЯЗКУ З НЕПРОДАЖЕМ,ВАНТАЖНИЙ,141
2018,140,140 - ВТОРИННА РЕЄСТРАЦIЯ ТЗ У ЗВ`ЯЗКУ З НЕПРОДАЖЕМ,ЛЕГКОВИЙ,765
2018,140,140 - ВТОРИННА РЕЄСТРАЦIЯ ТЗ У ЗВ`ЯЗКУ З НЕПРОДАЖЕМ,МОПЕД,2
2018,140,140 - ВТОРИННА РЕЄСТРАЦIЯ ТЗ У ЗВ`ЯЗКУ З НЕПРОДАЖЕМ,МОТОЦИКЛ,15
2018,140,140 - ВТОРИННА РЕЄСТРАЦIЯ ТЗ У ЗВ`ЯЗКУ З НЕПРОДАЖЕМ,НАПІВПРИЧІП,15
2018,140,140 - ВТОРИННА РЕЄСТРАЦIЯ ТЗ У ЗВ`ЯЗКУ З НЕПРОДАЖЕМ,ПРИЧІП,51
2018,141,141 - РЕЄСТРАЦIЯ ТЗ ПIСЛЯ ВIДМIНИ ЇЇ АНУЛЮВАННЯ,АВТОБУС,1
2018,141,141 - РЕЄСТРАЦIЯ ТЗ ПIСЛЯ ВIДМIНИ ЇЇ АНУЛЮВАННЯ,ВАНТАЖНИЙ,1
2018,141,141 - РЕЄСТРАЦIЯ ТЗ ПIСЛЯ ВIДМIНИ ЇЇ АНУЛЮВАННЯ,ЛЕГКОВИЙ,19
2018,141,141 - РЕЄСТРАЦIЯ ТЗ ПIСЛЯ ВIДМIНИ ЇЇ АНУЛЮВАННЯ,МОТОЦИКЛ,1
2018,141,141 - РЕЄСТРАЦIЯ ТЗ ПIСЛЯ ВIДМIНИ ЇЇ СКАСУВАННЯ,АВТОБУС,1
2018,141,141 - РЕЄСТРАЦIЯ ТЗ ПIСЛЯ ВIДМIНИ ЇЇ СКАСУВАННЯ,ЛЕГКОВИЙ,4
2018,141,141 - РЕЄСТРАЦIЯ ТЗ ПIСЛЯ СКАСУВАННЯ РЕЄСТРАЦІЇ,АВТОБУС,2
2018,141,141 - РЕЄСТРАЦIЯ ТЗ ПIСЛЯ СКАСУВАННЯ РЕЄСТРАЦІЇ,ВАНТАЖНИЙ,8
2018,141,141 - РЕЄСТРАЦIЯ ТЗ ПIСЛЯ СКАСУВАННЯ РЕЄСТРАЦІЇ,ЛЕГКОВИЙ,18
2018,141,141 - РЕЄСТРАЦIЯ ТЗ ПIСЛЯ СКАСУВАННЯ РЕЄСТРАЦІЇ,НАПІВПРИЧІП,1
2018,141,141 - РЕЄСТРАЦIЯ ТЗ ПIСЛЯ СКАСУВАННЯ РЕЄСТРАЦІЇ,ПРИЧІП,1
2018,143,143 - ПОНОВЛЕННЯ РЕЄСТР. ПІСЛЯ УМОВН. ЗНЯТТЯ З ОБЛ. З НЕПР. ТО,ЛЕГКОВИЙ,1
2018,150,150 - РЕЄСТРАЦIЯ ТЗ САМОСТIЙНО СКЛАДЕНОГО,ПРИЧІП,3
2018,151,151 - РЕЄСТРАЦІЯ ТЗ У ЗВ'ЯЗКУ ЗІ ЗМІНОЮ МІСЦЯ СТОЯНКИ,ЛЕГКОВИЙ,2
2018,151,151 - РЕЄСТРАЦІЯ ТЗ У ЗВ'ЯЗКУ ЗІ ЗМІНОЮ МІСЦЯ СТОЯНКИ,ПРИЧІП,1
2018,16,16 - ВНЕСЕННЯ КАРТКИ ТЗ (ПІСЛЯ ВИВЕЗЕННЯ ЗА КОРДОН ТА ПОВТОРНОГО ВВЕЗЕННЯ),ЛЕГКОВИЙ,1
2018,17,17 - ПЕРВИННА РЕЄСТРАЦІЯ ТЗ (МОПЕДІВ) ЗА ВИСНОВКАМИ,МОПЕД,12679
2018,172,"172 - ПЕРВИННА РЕЄСТРАЦІЯ ЛЕГКОВИХ ТЗ, ЯКІ ВВЕЗЕНО З-ЗА КОРДОНУ",АВТОБУС,3
2018,172,"172 - ПЕРВИННА РЕЄСТРАЦІЯ ЛЕГКОВИХ ТЗ, ЯКІ ВВЕЗЕНО З-ЗА КОРДОНУ",ВАНТАЖНИЙ,57
2018,172,"172 - ПЕРВИННА РЕЄСТРАЦІЯ ЛЕГКОВИХ ТЗ, ЯКІ ВВЕЗЕНО З-ЗА КОРДОНУ",КВАДРОЦИКЛ,1
2018,172,"172 - ПЕРВИННА РЕЄСТРАЦІЯ ЛЕГКОВИХ ТЗ, ЯКІ ВВЕЗЕНО З-ЗА КОРДОНУ",ЛЕГКОВИЙ,105822
2018,172,"172 - ПЕРВИННА РЕЄСТРАЦІЯ ЛЕГКОВИХ ТЗ, ЯКІ ВВЕЗЕНО З-ЗА КОРДОНУ",МОТОЦИКЛ,20
2018,172,"172 - ПЕРВИННА РЕЄСТРАЦІЯ ЛЕГКОВИХ ТЗ, ЯКІ ВВЕЗЕНО З-ЗА КОРДОНУ",НАПІВПРИЧІП,5
2018,172,"172 - ПЕРВИННА РЕЄСТРАЦІЯ ЛЕГКОВИХ ТЗ, ЯКІ ВВЕЗЕНО З-ЗА КОРДОНУ",ПРИЧІП,6
2018,172,"172 - ПЕРВИННА РЕЄСТРАЦІЯ ЛЕГКОВИХ ТЗ, ЯКІ ВВЕЗЕНО З-ЗА КОРДОНУ",ТРИЦИКЛ,5
2018,210,210 -  ВИДАЧА ТИМЧАСОВОГО ТАЛОНУ ЗА ЗАЯВОЮ ВЛАСНИКА ДЛЯ РЕЄСТРАЦІЇ У ТОМУ ЧИСЛІ ПРИ УТОЧНЕ,ВАНТАЖНИЙ,8
2018,210,210 -  ВИДАЧА ТИМЧАСОВОГО ТАЛОНУ ЗА ЗАЯВОЮ ВЛАСНИКА ДЛЯ РЕЄСТРАЦІЇ У ТОМУ ЧИСЛІ ПРИ УТОЧНЕ,ЛЕГКОВИЙ,2
2018,210,210 -  ВИДАЧА ТИМЧАСОВОГО ТАЛОНУ ЗА ЗАЯВОЮ ВЛАСНИКА ДЛЯ РЕЄСТРАЦІЇ У ТОМУ ЧИСЛІ ПРИ УТОЧНЕ,МОТОЦИКЛ,1
2018,210,210 -  ВИДАЧА ТИМЧАСОВОГО ТАЛОНУ ЗА ЗАЯВОЮ ВЛАСНИКА ДЛЯ РЕЄСТРАЦІЇ У ТОМУ ЧИСЛІ ПРИ УТОЧНЕ,НАПІВПРИЧІП,1
2018,210,210 -  ВИДАЧА ТИМЧАСОВОГО ТАЛОНУ ЗА ЗАЯВОЮ ВЛАСНИКА ДЛЯ РЕЄСТРАЦІЇ У ТОМУ ЧИСЛІ ПРИ УТОЧНЕ,ПРИЧІП,1
2018,220,220 - ВИДАЧА ТИМЧАСОВОГО ТАЛОНА ПРИ ТИМЧАСОВОМУ ВВЕЗЕННЮ ТЗ НА МИТНУ ТЕРИТОРІЮ УКРАЇНИ,ЛЕГКОВИЙ,3
2018,221,"221 - РЕЄСТРАЦІЮ ТЗ,ВВЕЗЕНОГО ПІД ЗОБОВ'ЯЗАННЯ ПРО ЗВОРОТНЕ ВИВЕЗЕННЯ",АВТОБУС,7
2018,221,"221 - РЕЄСТРАЦІЮ ТЗ,ВВЕЗЕНОГО ПІД ЗОБОВ'ЯЗАННЯ ПРО ЗВОРОТНЕ ВИВЕЗЕННЯ",ВАНТАЖНИЙ,194
2018,221,"221 - РЕЄСТРАЦІЮ ТЗ,ВВЕЗЕНОГО ПІД ЗОБОВ'ЯЗАННЯ ПРО ЗВОРОТНЕ ВИВЕЗЕННЯ",ЛЕГКОВИЙ,807
2018,221,"221 - РЕЄСТРАЦІЮ ТЗ,ВВЕЗЕНОГО ПІД ЗОБОВ'ЯЗАННЯ ПРО ЗВОРОТНЕ ВИВЕЗЕННЯ",МОТОЦИКЛ,3
2018,221,"221 - РЕЄСТРАЦІЮ ТЗ,ВВЕЗЕНОГО ПІД ЗОБОВ'ЯЗАННЯ ПРО ЗВОРОТНЕ ВИВЕЗЕННЯ",НАПІВПРИЧІП,17
2018,221,"221 - РЕЄСТРАЦІЮ ТЗ,ВВЕЗЕНОГО ПІД ЗОБОВ'ЯЗАННЯ ПРО ЗВОРОТНЕ ВИВЕЗЕННЯ",ПРИЧІП,6
2018,230,230 -  ВИДАЧА СВ. ПРО РЕЄСТР ДЛЯ ПОЇЗДКИ ЗА КОРДОН,АВТОБУС,977
2018,230,230 -  ВИДАЧА СВ. ПРО РЕЄСТР ДЛЯ ПОЇЗДКИ ЗА КОРДОН,ВАНТАЖНИЙ,4462
2018,230,230 -  ВИДАЧА СВ. ПРО РЕЄСТР ДЛЯ ПОЇЗДКИ ЗА КОРДОН,ЛЕГКОВИЙ,4685
2018,230,230 -  ВИДАЧА СВ. ПРО РЕЄСТР ДЛЯ ПОЇЗДКИ ЗА КОРДОН,МОТОЦИКЛ,53
2018,230,230 -  ВИДАЧА СВ. ПРО РЕЄСТР ДЛЯ ПОЇЗДКИ ЗА КОРДОН,НАПІВПРИЧІП,2930
2018,230,230 -  ВИДАЧА СВ. ПРО РЕЄСТР ДЛЯ ПОЇЗДКИ ЗА КОРДОН,ПРИЧІП,233
2018,230,230 -  ВИДАЧА СВ. ПРО РЕЄСТР ДЛЯ ПОЇЗДКИ ЗА КОРДОН,ТРИЦИКЛ,1
2018,230,230 -  ВИДАЧА СВ. ПРО РЕЄСТР ДЛЯ ПОЇЗДКИ ЗА КОРДОН ПО ДОРУЧ,НАПІВПРИЧІП,1
2018,250,250 -  ВИДАЧА ТИМЧАСОВОГО РЕЄСТР ТАЛОНУ ПО ДОРУЧЕННЮ,АВТОБУС,11617
2018,250,250 -  ВИДАЧА ТИМЧАСОВОГО РЕЄСТР ТАЛОНУ ПО ДОРУЧЕННЮ,ВАНТАЖНИЙ,1515
2018,250,250 -  ВИДАЧА ТИМЧАСОВОГО РЕЄСТР ТАЛОНУ ПО ДОРУЧЕННЮ,КВАДРОЦИКЛ,4
2018,250,250 -  ВИДАЧА ТИМЧАСОВОГО РЕЄСТР ТАЛОНУ ПО ДОРУЧЕННЮ,ЛЕГКОВИЙ,2301
2018,250,250 -  ВИДАЧА ТИМЧАСОВОГО РЕЄСТР ТАЛОНУ ПО ДОРУЧЕННЮ,МОПЕД,32
2018,250,250 -  ВИДАЧА ТИМЧАСОВОГО РЕЄСТР ТАЛОНУ ПО ДОРУЧЕННЮ,МОТОЦИКЛ,42
2018,250,250 -  ВИДАЧА ТИМЧАСОВОГО РЕЄСТР ТАЛОНУ ПО ДОРУЧЕННЮ,НАПІВПРИЧІП,940
2018,250,250 -  ВИДАЧА ТИМЧАСОВОГО РЕЄСТР ТАЛОНУ ПО ДОРУЧЕННЮ,ПРИЧІП,297
2018,252,252 -  ВИДАЧА ТИМЧАС. РЕЄСТР. ТАЛОНУ НА ПРАВО КЕР ЗА ЗАЯВОЮ ВЛ,АВТОБУС,6
2018,252,252 -  ВИДАЧА ТИМЧАС. РЕЄСТР. ТАЛОНУ НА ПРАВО КЕР ЗА ЗАЯВОЮ ВЛ,ВАНТАЖНИЙ,2
2018,252,252 -  ВИДАЧА ТИМЧАС. РЕЄСТР. ТАЛОНУ НА ПРАВО КЕР ЗА ЗАЯВОЮ ВЛ,ЛЕГКОВИЙ,22
2018,252,252 -  ВИДАЧА ТИМЧАС. РЕЄСТР. ТАЛОНУ НА ПРАВО КЕР ЗА ЗАЯВОЮ ВЛ,НАПІВПРИЧІП,1
2018,252,252 -  ВИДАЧА ТИМЧАС. РЕЄСТР. ТАЛОНУ НА ПРАВО КЕР ЗА ЗАЯВОЮ ВЛ.ЧИ ІНШОГО ДОКУМ.ПРАВОКОРИСТ,АВТОБУС,2045
2018,252,252 -  ВИДАЧА ТИМЧАС. РЕЄСТР. ТАЛОНУ НА ПРАВО КЕР ЗА ЗАЯВОЮ ВЛ.ЧИ ІНШОГО ДОКУМ.ПРАВОКОРИСТ,ВАНТАЖНИЙ,484
2018,252,252 -  ВИДАЧА ТИМЧАС. РЕЄСТР. ТАЛОНУ НА ПРАВО КЕР ЗА ЗАЯВОЮ ВЛ.ЧИ ІНШОГО ДОКУМ.ПРАВОКОРИСТ,ЛЕГКОВИЙ,3968
2018,252,252 -  ВИДАЧА ТИМЧАС. РЕЄСТР. ТАЛОНУ НА ПРАВО КЕР ЗА ЗАЯВОЮ ВЛ.ЧИ ІНШОГО ДОКУМ.ПРАВОКОРИСТ,МОПЕД,4
2018,252,252 -  ВИДАЧА ТИМЧАС. РЕЄСТР. ТАЛОНУ НА ПРАВО КЕР ЗА ЗАЯВОЮ ВЛ.ЧИ ІНШОГО ДОКУМ.ПРАВОКОРИСТ,МОТОЦИКЛ,13
2018,252,252 -  ВИДАЧА ТИМЧАС. РЕЄСТР. ТАЛОНУ НА ПРАВО КЕР ЗА ЗАЯВОЮ ВЛ.ЧИ ІНШОГО ДОКУМ.ПРАВОКОРИСТ,НАПІВПРИЧІП,178
2018,252,252 -  ВИДАЧА ТИМЧАС. РЕЄСТР. ТАЛОНУ НА ПРАВО КЕР ЗА ЗАЯВОЮ ВЛ.ЧИ ІНШОГО ДОКУМ.ПРАВОКОРИСТ,ПРИЧІП,48
2018,252,252 -  ВИДАЧА ТИМЧАС. РЕЄСТР. ТАЛОНУ НА ПРАВО КЕР ЗА ЗАЯВОЮ ВЛ.ЧИ ІНШОГО ДОКУМ.ПРАВОКОРИСТ,ТРИЦИКЛ,2
2018,253,"253 -  ВИДАЧА ТИМЧАСОВОГО ТАЛОНУ В УПРАВЛІННЯ, ЗГІДНО ЗАКОНУ ПРО НАЦАГЕНСТВО УПРАВЛІННЯ АК",ЛЕГКОВИЙ,2
2018,255,255 -  АНУЛЮВАННЯ ВИДАЧI ТИМЧАС. РЕЄСТРАЦIЙНОГО ТАЛОНУ ПО ДОРУЧ,АВТОБУС,2111
2018,255,255 -  АНУЛЮВАННЯ ВИДАЧI ТИМЧАС. РЕЄСТРАЦIЙНОГО ТАЛОНУ ПО ДОРУЧ,ВАНТАЖНИЙ,140
2018,255,255 -  АНУЛЮВАННЯ ВИДАЧI ТИМЧАС. РЕЄСТРАЦIЙНОГО ТАЛОНУ ПО ДОРУЧ,ЛЕГКОВИЙ,179
2018,255,255 -  АНУЛЮВАННЯ ВИДАЧI ТИМЧАС. РЕЄСТРАЦIЙНОГО ТАЛОНУ ПО ДОРУЧ,МОТОЦИКЛ,2
2018,255,255 -  АНУЛЮВАННЯ ВИДАЧI ТИМЧАС. РЕЄСТРАЦIЙНОГО ТАЛОНУ ПО ДОРУЧ,НАПІВПРИЧІП,71
2018,255,255 -  АНУЛЮВАННЯ ВИДАЧI ТИМЧАС. РЕЄСТРАЦIЙНОГО ТАЛОНУ ПО ДОРУЧ,ПРИЧІП,16
2018,256,256 -  АНУЛЮВАННЯ ВИДАЧI ТИМЧАС. РЕЕСТР. ТАЛОНУ ПО ЗАЯВI ВЛ,АВТОБУС,296
2018,256,256 -  АНУЛЮВАННЯ ВИДАЧI ТИМЧАС. РЕЕСТР. ТАЛОНУ ПО ЗАЯВI ВЛ,ВАНТАЖНИЙ,37
2018,256,256 -  АНУЛЮВАННЯ ВИДАЧI ТИМЧАС. РЕЕСТР. ТАЛОНУ ПО ЗАЯВI ВЛ,ЛЕГКОВИЙ,576
2018,256,256 -  АНУЛЮВАННЯ ВИДАЧI ТИМЧАС. РЕЕСТР. ТАЛОНУ ПО ЗАЯВI ВЛ,НАПІВПРИЧІП,11
2018,256,256 -  АНУЛЮВАННЯ ВИДАЧI ТИМЧАС. РЕЕСТР. ТАЛОНУ ПО ЗАЯВI ВЛ,ПРИЧІП,3
2018,260,260 - ВИДАЧА ТИМЧ. РЕЄСТР. ТАЛОНУ ПРИ ВИЯВЛЕННI ТЗ ВИКР ЗА КОРД,ВАНТАЖНИЙ,4
2018,260,260 - ВИДАЧА ТИМЧ. РЕЄСТР. ТАЛОНУ ПРИ ВИЯВЛЕННI ТЗ ВИКР ЗА КОРД,ЛЕГКОВИЙ,9
2018,260,260 - ВИДАЧА ТИМЧ. РЕЄСТР. ТАЛОНУ ПРИ ВИЯВЛЕННI ТЗ ВИКР ЗА КОРД,ПРИЧІП,2
2018,270,270 - ВИДАЧА ТИМЧАС. ТАЛ. ДЛЯ МОПЕДІВ БЕЗ ОБМЕЖ СТРОКУ РЕЄС.,МОПЕД,3
2018,30,30 - ПЕРВИННА РЕЄСТРАЦІЯ ТЗ ДЛЯ ІНДИВ. ВЛАСНИКА,ВАНТАЖНИЙ,1
2018,30,30 - ПЕРВИННА РЕЄСТРАЦІЯ ТЗ ДЛЯ ІНДИВ. ВЛАСНИКА,ЛЕГКОВИЙ,12
2018,30,30 - ПЕРВИННА РЕЄСТРАЦІЯ ТЗ ДЛЯ ІНДИВ. ВЛАСНИКА,МОТОЦИКЛ,13
2018,30,30 - ПЕРВИННА РЕЄСТРАЦІЯ ТЗ ДЛЯ ІНДИВ. ВЛАСНИКА,ПРИЧІП,20
2018,300,300 - ПЕРЕРЕЄСТРАЦIЯ НА НОВОГО ВЛАСНИКА ЗА СВIД. НА СПIЛЬНЕ МАЙНО,АВТОБУС,2
2018,300,300 - ПЕРЕРЕЄСТРАЦIЯ НА НОВОГО ВЛАСНИКА ЗА СВIД. НА СПIЛЬНЕ МАЙНО,ВАНТАЖНИЙ,10
2018,300,300 - ПЕРЕРЕЄСТРАЦIЯ НА НОВОГО ВЛАСНИКА ЗА СВIД. НА СПIЛЬНЕ МАЙНО,КВАДРОЦИКЛ,1
2018,300,300 - ПЕРЕРЕЄСТРАЦIЯ НА НОВОГО ВЛАСНИКА ЗА СВIД. НА СПIЛЬНЕ МАЙНО,ЛЕГКОВИЙ,59
2018,300,300 - ПЕРЕРЕЄСТРАЦIЯ НА НОВОГО ВЛАСНИКА ЗА СВIД. НА СПIЛЬНЕ МАЙНО,ПРИЧІП,3
2018,301,301 - ПЕРЕРЕЄСТРАЦІЯ ЗА ДОГОВОРОМ ПОДІЛУ МАЙНА,ВАНТАЖНИЙ,5
2018,301,301 - ПЕРЕРЕЄСТРАЦІЯ ЗА ДОГОВОРОМ ПОДІЛУ МАЙНА,ЛЕГКОВИЙ,82
2018,301,301 - ПЕРЕРЕЄСТРАЦІЯ ЗА ДОГОВОРОМ ПОДІЛУ МАЙНА,МОТОЦИКЛ,1
2018,301,301 - ПЕРЕРЕЄСТРАЦІЯ ЗА ДОГОВОРОМ ПОДІЛУ МАЙНА,НАПІВПРИЧІП,1
2018,301,301 - ПЕРЕРЕЄСТРАЦІЯ ЗА ДОГОВОРОМ ПОДІЛУ МАЙНА,ПРИЧІП,2
2018,308,308 - ПЕРЕРЕЄСТРАЦІЯ НА НОВОГО ВЛАСНИКА ЗА ДОГ. КУПIВЛI-ПРОДАЖУ (СГ),АВТОБУС,6493
2018,308,308 - ПЕРЕРЕЄСТРАЦІЯ НА НОВОГО ВЛАСНИКА ЗА ДОГ. КУПIВЛI-ПРОДАЖУ (СГ),ВАНТАЖНИЙ,55171
2018,308,308 - ПЕРЕРЕЄСТРАЦІЯ НА НОВОГО ВЛАСНИКА ЗА ДОГ. КУПIВЛI-ПРОДАЖУ (СГ),КВАДРОЦИКЛ,10
2018,308,308 - ПЕРЕРЕЄСТРАЦІЯ НА НОВОГО ВЛАСНИКА ЗА ДОГ. КУПIВЛI-ПРОДАЖУ (СГ),ЛЕГКОВИЙ,167185
2018,308,308 - ПЕРЕРЕЄСТРАЦІЯ НА НОВОГО ВЛАСНИКА ЗА ДОГ. КУПIВЛI-ПРОДАЖУ (СГ),МОПЕД,74
2018,308,308 - ПЕРЕРЕЄСТРАЦІЯ НА НОВОГО ВЛАСНИКА ЗА ДОГ. КУПIВЛI-ПРОДАЖУ (СГ),МОТОЦИКЛ,2425
2018,308,308 - ПЕРЕРЕЄСТРАЦІЯ НА НОВОГО ВЛАСНИКА ЗА ДОГ. КУПIВЛI-ПРОДАЖУ (СГ),НАПІВПРИЧІП,8291
2018,308,308 - ПЕРЕРЕЄСТРАЦІЯ НА НОВОГО ВЛАСНИКА ЗА ДОГ. КУПIВЛI-ПРОДАЖУ (СГ),ПРИЧІП,4918
2018,308,308 - ПЕРЕРЕЄСТРАЦІЯ НА НОВОГО ВЛАСНИКА ЗА ДОГ. КУПIВЛI-ПРОДАЖУ (СГ),ТРИЦИКЛ,20
2018,309,309 - ПЕРЕРЕЄСТРАЦІЯ ТЗ НА НОВОГО ВЛАСНИКА ЗА ДОВІДКОЮ-РАХУНКОМ,АВТОБУС,1
2018,309,309 - ПЕРЕРЕЄСТРАЦІЯ ТЗ НА НОВОГО ВЛАСНИКА ЗА ДОВІДКОЮ-РАХУНКОМ,ВАНТАЖНИЙ,19
2018,309,309 - ПЕРЕРЕЄСТРАЦІЯ ТЗ НА НОВОГО ВЛАСНИКА ЗА ДОВІДКОЮ-РАХУНКОМ,ЛЕГКОВИЙ,51
2018,309,309 - ПЕРЕРЕЄСТРАЦІЯ ТЗ НА НОВОГО ВЛАСНИКА ЗА ДОВІДКОЮ-РАХУНКОМ,МОТОЦИКЛ,1
2018,309,309 - ПЕРЕРЕЄСТРАЦІЯ ТЗ НА НОВОГО ВЛАСНИКА ЗА ДОВІДКОЮ-РАХУНКОМ,НАПІВПРИЧІП,3
2018,309,309 - ПЕРЕРЕЄСТРАЦІЯ ТЗ НА НОВОГО ВЛАСНИКА ЗА ДОВІДКОЮ-РАХУНКОМ,ПРИЧІП,3
2018,310,310 - ПЕРЕРЕЄСТРАЦІЯ НА НОВОГО ВЛАСНИКА ЗА ДОГ. КУП.-ПРОД.ТА ІНШ.(ОФОРМ.НОТАРІАЛЬНО ),АВТОБУС,237
2018,310,310 - ПЕРЕРЕЄСТРАЦІЯ НА НОВОГО ВЛАСНИКА ЗА ДОГ. КУП.-ПРОД.ТА ІНШ.(ОФОРМ.НОТАРІАЛЬНО ),ВАНТАЖНИЙ,573
2018,310,310 - ПЕРЕРЕЄСТРАЦІЯ НА НОВОГО ВЛАСНИКА ЗА ДОГ. КУП.-ПРОД.ТА ІНШ.(ОФОРМ.НОТАРІАЛЬНО ),КВАДРОЦИКЛ,1
2018,310,310 - ПЕРЕРЕЄСТРАЦІЯ НА НОВОГО ВЛАСНИКА ЗА ДОГ. КУП.-ПРОД.ТА ІНШ.(ОФОРМ.НОТАРІАЛЬНО ),ЛЕГКОВИЙ,1490
2018,310,310 - ПЕРЕРЕЄСТРАЦІЯ НА НОВОГО ВЛАСНИКА ЗА ДОГ. КУП.-ПРОД.ТА ІНШ.(ОФОРМ.НОТАРІАЛЬНО ),МОПЕД,1
2018,310,310 - ПЕРЕРЕЄСТРАЦІЯ НА НОВОГО ВЛАСНИКА ЗА ДОГ. КУП.-ПРОД.ТА ІНШ.(ОФОРМ.НОТАРІАЛЬНО ),МОТОЦИКЛ,13
2018,310,310 - ПЕРЕРЕЄСТРАЦІЯ НА НОВОГО ВЛАСНИКА ЗА ДОГ. КУП.-ПРОД.ТА ІНШ.(ОФОРМ.НОТАРІАЛЬНО ),НАПІВПРИЧІП,125
2018,310,310 - ПЕРЕРЕЄСТРАЦІЯ НА НОВОГО ВЛАСНИКА ЗА ДОГ. КУП.-ПРОД.ТА ІНШ.(ОФОРМ.НОТАРІАЛЬНО ),ПРИЧІП,51
2018,310,310 - ПЕРЕРЕЄСТРАЦІЯ НА НОВОГО ВЛАСНИКА ЗА ДОГ. КУПIВЛI-ПРОДАЖУ,ЛЕГКОВИЙ,2
2018,311,311 - ПЕРЕРЕЄСТРАЦIЯ НА НОВОГО ВЛАСНИКА ЗА ДОГОВОРОМ МIНИ,ВАНТАЖНИЙ,6
2018,311,311 - ПЕРЕРЕЄСТРАЦIЯ НА НОВОГО ВЛАСНИКА ЗА ДОГОВОРОМ МIНИ,ЛЕГКОВИЙ,24
2018,311,311 - ПЕРЕРЕЄСТРАЦIЯ НА НОВОГО ВЛАСНИКА ЗА ДОГОВОРОМ МIНИ,ПРИЧІП,1
2018,312,"312 - ПЕРЕРЕЄСТРАЦІЯ ТЗ НА НОВОГО ВЛАСНИКА, ОТРИМАНОГО ЧЕРЕЗ ВІДДІЛ СОЦ.ЗАХИСТУ",ЛЕГКОВИЙ,104
2018,315,315 - ПЕРЕРЕЄСТРАЦІЯ ТЗ НА НОВ. ВЛАСН. ПО ДОГОВОРУ УКЛАДЕНОМУ В ТСЦ,АВТОБУС,1519
2018,315,315 - ПЕРЕРЕЄСТРАЦІЯ ТЗ НА НОВ. ВЛАСН. ПО ДОГОВОРУ УКЛАДЕНОМУ В ТСЦ,ВАНТАЖНИЙ,18219
2018,315,315 - ПЕРЕРЕЄСТРАЦІЯ ТЗ НА НОВ. ВЛАСН. ПО ДОГОВОРУ УКЛАДЕНОМУ В ТСЦ,КВАДРОЦИКЛ,13
2018,315,315 - ПЕРЕРЕЄСТРАЦІЯ ТЗ НА НОВ. ВЛАСН. ПО ДОГОВОРУ УКЛАДЕНОМУ В ТСЦ,ЛЕГКОВИЙ,377482
2018,315,315 - ПЕРЕРЕЄСТРАЦІЯ ТЗ НА НОВ. ВЛАСН. ПО ДОГОВОРУ УКЛАДЕНОМУ В ТСЦ,МОПЕД,540
2018,315,315 - ПЕРЕРЕЄСТРАЦІЯ ТЗ НА НОВ. ВЛАСН. ПО ДОГОВОРУ УКЛАДЕНОМУ В ТСЦ,МОТОЦИКЛ,7346
2018,315,315 - ПЕРЕРЕЄСТРАЦІЯ ТЗ НА НОВ. ВЛАСН. ПО ДОГОВОРУ УКЛАДЕНОМУ В ТСЦ,НАПІВПРИЧІП,3307
2018,315,315 - ПЕРЕРЕЄСТРАЦІЯ ТЗ НА НОВ. ВЛАСН. ПО ДОГОВОРУ УКЛАДЕНОМУ В ТСЦ,ПРИЧІП,2469
2018,315,315 - ПЕРЕРЕЄСТРАЦІЯ ТЗ НА НОВ. ВЛАСН. ПО ДОГОВОРУ УКЛАДЕНОМУ В ТСЦ,СПЕЦІАЛІЗОВАНІ,1
2018,315,315 - ПЕРЕРЕЄСТРАЦІЯ ТЗ НА НОВ. ВЛАСН. ПО ДОГОВОРУ УКЛАДЕНОМУ В ТСЦ,ТРИЦИКЛ,19
2018,317,317 - ПЕРЕРЕЄСТРАЦІЯ ТЗ НА НОВ. ВЛАСН. ПО ДОГОВОРУ ДАРУВАННЯ УКЛАДЕНОМУ В ТСЦ,АВТОБУС,3
2018,317,317 - ПЕРЕРЕЄСТРАЦІЯ ТЗ НА НОВ. ВЛАСН. ПО ДОГОВОРУ ДАРУВАННЯ УКЛАДЕНОМУ В ТСЦ,ВАНТАЖНИЙ,37
2018,317,317 - ПЕРЕРЕЄСТРАЦІЯ ТЗ НА НОВ. ВЛАСН. ПО ДОГОВОРУ ДАРУВАННЯ УКЛАДЕНОМУ В ТСЦ,ЛЕГКОВИЙ,494
2018,317,317 - ПЕРЕРЕЄСТРАЦІЯ ТЗ НА НОВ. ВЛАСН. ПО ДОГОВОРУ ДАРУВАННЯ УКЛАДЕНОМУ В ТСЦ,МОПЕД,1
2018,317,317 - ПЕРЕРЕЄСТРАЦІЯ ТЗ НА НОВ. ВЛАСН. ПО ДОГОВОРУ ДАРУВАННЯ УКЛАДЕНОМУ В ТСЦ,МОТОЦИКЛ,2
2018,317,317 - ПЕРЕРЕЄСТРАЦІЯ ТЗ НА НОВ. ВЛАСН. ПО ДОГОВОРУ ДАРУВАННЯ УКЛАДЕНОМУ В ТСЦ,НАПІВПРИЧІП,5
2018,317,317 - ПЕРЕРЕЄСТРАЦІЯ ТЗ НА НОВ. ВЛАСН. ПО ДОГОВОРУ ДАРУВАННЯ УКЛАДЕНОМУ В ТСЦ,ПРИЧІП,12
2018,319,319 - ПЕРЕРЕЄСТРАЦІЯ ТЗ НА НОВОГО ВЛАСНИКА ЗА АКТОМ ПРИЙОМУ-ПЕРЕДАЧІ,АВТОБУС,1016
2018,319,319 - ПЕРЕРЕЄСТРАЦІЯ ТЗ НА НОВОГО ВЛАСНИКА ЗА АКТОМ ПРИЙОМУ-ПЕРЕДАЧІ,ВАНТАЖНИЙ,2126
2018,319,319 - ПЕРЕРЕЄСТРАЦІЯ ТЗ НА НОВОГО ВЛАСНИКА ЗА АКТОМ ПРИЙОМУ-ПЕРЕДАЧІ,КВАДРОЦИКЛ,1
2018,319,319 - ПЕРЕРЕЄСТРАЦІЯ ТЗ НА НОВОГО ВЛАСНИКА ЗА АКТОМ ПРИЙОМУ-ПЕРЕДАЧІ,ЛЕГКОВИЙ,7036
2018,319,319 - ПЕРЕРЕЄСТРАЦІЯ ТЗ НА НОВОГО ВЛАСНИКА ЗА АКТОМ ПРИЙОМУ-ПЕРЕДАЧІ,МОПЕД,26
2018,319,319 - ПЕРЕРЕЄСТРАЦІЯ ТЗ НА НОВОГО ВЛАСНИКА ЗА АКТОМ ПРИЙОМУ-ПЕРЕДАЧІ,МОТОЦИКЛ,98
2018,319,319 - ПЕРЕРЕЄСТРАЦІЯ ТЗ НА НОВОГО ВЛАСНИКА ЗА АКТОМ ПРИЙОМУ-ПЕРЕДАЧІ,НАПІВПРИЧІП,75
2018,319,319 - ПЕРЕРЕЄСТРАЦІЯ ТЗ НА НОВОГО ВЛАСНИКА ЗА АКТОМ ПРИЙОМУ-ПЕРЕДАЧІ,ПРИЧІП,287
2018,320,320 - ПЕРЕРЕЄСТРАЦIЯ НА НОВ. ВЛАС. ЗА ДОГ. ДАРУВАННЯ,АВТОБУС,29
2018,320,320 - ПЕРЕРЕЄСТРАЦIЯ НА НОВ. ВЛАС. ЗА ДОГ. ДАРУВАННЯ,ВАНТАЖНИЙ,78
2018,320,320 - ПЕРЕРЕЄСТРАЦIЯ НА НОВ. ВЛАС. ЗА ДОГ. ДАРУВАННЯ,ЛЕГКОВИЙ,607
2018,320,320 - ПЕРЕРЕЄСТРАЦIЯ НА НОВ. ВЛАС. ЗА ДОГ. ДАРУВАННЯ,МОТОЦИКЛ,4
2018,320,320 - ПЕРЕРЕЄСТРАЦIЯ НА НОВ. ВЛАС. ЗА ДОГ. ДАРУВАННЯ,НАПІВПРИЧІП,18
2018,320,320 - ПЕРЕРЕЄСТРАЦIЯ НА НОВ. ВЛАС. ЗА ДОГ. ДАРУВАННЯ,ПРИЧІП,14
2018,320,320 - ПЕРЕРЕЄСТРАЦIЯ НА НОВ. ВЛАС. ЗА ДОГ. ДАРУВАННЯ (ОФОРМЛЕНО НОТАРІАЛЬНО),АВТОБУС,48
2018,320,320 - ПЕРЕРЕЄСТРАЦIЯ НА НОВ. ВЛАС. ЗА ДОГ. ДАРУВАННЯ (ОФОРМЛЕНО НОТАРІАЛЬНО),ВАНТАЖНИЙ,48
2018,320,320 - ПЕРЕРЕЄСТРАЦIЯ НА НОВ. ВЛАС. ЗА ДОГ. ДАРУВАННЯ (ОФОРМЛЕНО НОТАРІАЛЬНО),ЛЕГКОВИЙ,343
2018,320,320 - ПЕРЕРЕЄСТРАЦIЯ НА НОВ. ВЛАС. ЗА ДОГ. ДАРУВАННЯ (ОФОРМЛЕНО НОТАРІАЛЬНО),МОТОЦИКЛ,4
2018,320,320 - ПЕРЕРЕЄСТРАЦIЯ НА НОВ. ВЛАС. ЗА ДОГ. ДАРУВАННЯ (ОФОРМЛЕНО НОТАРІАЛЬНО),НАПІВПРИЧІП,8
2018,320,320 - ПЕРЕРЕЄСТРАЦIЯ НА НОВ. ВЛАС. ЗА ДОГ. ДАРУВАННЯ (ОФОРМЛЕНО НОТАРІАЛЬНО),ПРИЧІП,5
2018,321,321 - ПЕРЕРЕЄСТРАЦIЯ ТЗ НА НОВ. ВЛАС. ПО УСПАДКУВАННЮ ЗА ЗАПОВIТОМ,ВАНТАЖНИЙ,9
2018,321,321 - ПЕРЕРЕЄСТРАЦIЯ ТЗ НА НОВ. ВЛАС. ПО УСПАДКУВАННЮ ЗА ЗАПОВIТОМ,ЛЕГКОВИЙ,101
2018,321,321 - ПЕРЕРЕЄСТРАЦIЯ ТЗ НА НОВ. ВЛАС. ПО УСПАДКУВАННЮ ЗА ЗАПОВIТОМ,МОТОЦИКЛ,1
2018,321,321 - ПЕРЕРЕЄСТРАЦIЯ ТЗ НА НОВ. ВЛАС. ПО УСПАДКУВАННЮ ЗА ЗАПОВIТОМ,НАПІВПРИЧІП,1
2018,321,321 - ПЕРЕРЕЄСТРАЦIЯ ТЗ НА НОВ. ВЛАС. ПО УСПАДКУВАННЮ ЗА ЗАПОВIТОМ,ПРИЧІП,6
2018,321,321 - ПЕРЕРЕЄСТРАЦIЯ ТЗ НА НОВ. ВЛАС. ПО УСПАДКУВАННЮ ЗА ЗАПОВIТОМ ЧИ УСПАДКОВАНОМУ ДОГОВО,АВТОБУС,13
2018,321,321 - ПЕРЕРЕЄСТРАЦIЯ ТЗ НА НОВ. ВЛАС. ПО УСПАДКУВАННЮ ЗА ЗАПОВIТОМ ЧИ УСПАДКОВАНОМУ ДОГОВО,ВАНТАЖНИЙ,91
2018,321,321 - ПЕРЕРЕЄСТРАЦIЯ ТЗ НА НОВ. ВЛАС. ПО УСПАДКУВАННЮ ЗА ЗАПОВIТОМ ЧИ УСПАДКОВАНОМУ ДОГОВО,ЛЕГКОВИЙ,1650
2018,321,321 - ПЕРЕРЕЄСТРАЦIЯ ТЗ НА НОВ. ВЛАС. ПО УСПАДКУВАННЮ ЗА ЗАПОВIТОМ ЧИ УСПАДКОВАНОМУ ДОГОВО,МОПЕД,2
2018,321,321 - ПЕРЕРЕЄСТРАЦIЯ ТЗ НА НОВ. ВЛАС. ПО УСПАДКУВАННЮ ЗА ЗАПОВIТОМ ЧИ УСПАДКОВАНОМУ ДОГОВО,МОТОЦИКЛ,16
2018,321,321 - ПЕРЕРЕЄСТРАЦIЯ ТЗ НА НОВ. ВЛАС. ПО УСПАДКУВАННЮ ЗА ЗАПОВIТОМ ЧИ УСПАДКОВАНОМУ ДОГОВО,НАПІВПРИЧІП,2
2018,321,321 - ПЕРЕРЕЄСТРАЦIЯ ТЗ НА НОВ. ВЛАС. ПО УСПАДКУВАННЮ ЗА ЗАПОВIТОМ ЧИ УСПАДКОВАНОМУ ДОГОВО,ПРИЧІП,80
2018,322,322 - ПЕРЕРЕЄСТРАЦIЯ ТЗ НА НОВ. ВЛАС. ПО УСПАДКУВАННЮ ЗА ЗАКОНОМ,АВТОБУС,76
2018,322,322 - ПЕРЕРЕЄСТРАЦIЯ ТЗ НА НОВ. ВЛАС. ПО УСПАДКУВАННЮ ЗА ЗАКОНОМ,ВАНТАЖНИЙ,681
2018,322,322 - ПЕРЕРЕЄСТРАЦIЯ ТЗ НА НОВ. ВЛАС. ПО УСПАДКУВАННЮ ЗА ЗАКОНОМ,КВАДРОЦИКЛ,1
2018,322,322 - ПЕРЕРЕЄСТРАЦIЯ ТЗ НА НОВ. ВЛАС. ПО УСПАДКУВАННЮ ЗА ЗАКОНОМ,ЛЕГКОВИЙ,12153
2018,322,322 - ПЕРЕРЕЄСТРАЦIЯ ТЗ НА НОВ. ВЛАС. ПО УСПАДКУВАННЮ ЗА ЗАКОНОМ,МОПЕД,24
2018,322,322 - ПЕРЕРЕЄСТРАЦIЯ ТЗ НА НОВ. ВЛАС. ПО УСПАДКУВАННЮ ЗА ЗАКОНОМ,МОТОЦИКЛ,131
2018,322,322 - ПЕРЕРЕЄСТРАЦIЯ ТЗ НА НОВ. ВЛАС. ПО УСПАДКУВАННЮ ЗА ЗАКОНОМ,НАПІВПРИЧІП,85
2018,322,322 - ПЕРЕРЕЄСТРАЦIЯ ТЗ НА НОВ. ВЛАС. ПО УСПАДКУВАННЮ ЗА ЗАКОНОМ,ПРИЧІП,542
2018,322,322 - ПЕРЕРЕЄСТРАЦIЯ ТЗ НА НОВ. ВЛАС. ПО УСПАДКУВАННЮ ЗА ЗАКОНОМ,ТРИЦИКЛ,1
2018,322,322 - ПЕРЕРЕЄСТРАЦIЯ ТЗ НА НОВ. ВЛАС. ПО УСПАДКУВАННЮ ЗА ЗАКОНОМ ЧИ ЗНЯТТЯМ З ОБЛІКУ В ОРГ,АВТОБУС,36
2018,322,322 - ПЕРЕРЕЄСТРАЦIЯ ТЗ НА НОВ. ВЛАС. ПО УСПАДКУВАННЮ ЗА ЗАКОНОМ ЧИ ЗНЯТТЯМ З ОБЛІКУ В ОРГ,ВАНТАЖНИЙ,406
2018,322,322 - ПЕРЕРЕЄСТРАЦIЯ ТЗ НА НОВ. ВЛАС. ПО УСПАДКУВАННЮ ЗА ЗАКОНОМ ЧИ ЗНЯТТЯМ З ОБЛІКУ В ОРГ,ЛЕГКОВИЙ,6764
2018,322,322 - ПЕРЕРЕЄСТРАЦIЯ ТЗ НА НОВ. ВЛАС. ПО УСПАДКУВАННЮ ЗА ЗАКОНОМ ЧИ ЗНЯТТЯМ З ОБЛІКУ В ОРГ,МОПЕД,19
2018,322,322 - ПЕРЕРЕЄСТРАЦIЯ ТЗ НА НОВ. ВЛАС. ПО УСПАДКУВАННЮ ЗА ЗАКОНОМ ЧИ ЗНЯТТЯМ З ОБЛІКУ В ОРГ,МОТОЦИКЛ,72
2018,322,322 - ПЕРЕРЕЄСТРАЦIЯ ТЗ НА НОВ. ВЛАС. ПО УСПАДКУВАННЮ ЗА ЗАКОНОМ ЧИ ЗНЯТТЯМ З ОБЛІКУ В ОРГ,НАПІВПРИЧІП,27
2018,322,322 - ПЕРЕРЕЄСТРАЦIЯ ТЗ НА НОВ. ВЛАС. ПО УСПАДКУВАННЮ ЗА ЗАКОНОМ ЧИ ЗНЯТТЯМ З ОБЛІКУ В ОРГ,ПРИЧІП,340
2018,322,322 - ПЕРЕРЕЄСТРАЦIЯ ТЗ НА НОВ. ВЛАС. ПО УСПАДКУВАННЮ ЗА ЗАКОНОМ ЧИ ЗНЯТТЯМ З ОБЛІКУ В ОРГ,ТРИЦИКЛ,4
2018,324,"324 - ПЕРЕРЕЄСТРАЦІЯ ТЗ НА НОВОГО ВЛАСНИКА (СТРАХОВИКА), ПІСЛЯ ВИПЛАТИ СТРАХУВАЛЬНИКАМ ПОВ",ЛЕГКОВИЙ,9
2018,329,329 - ПЕРЕРЕЄСТРАЦІЯ ТЗ ЗА ДОГОВОРОМ ФІНАНСОВОГО ЛІЗИНГУ,АВТОБУС,12
2018,329,329 - ПЕРЕРЕЄСТРАЦІЯ ТЗ ЗА ДОГОВОРОМ ФІНАНСОВОГО ЛІЗИНГУ,ВАНТАЖНИЙ,251
2018,329,329 - ПЕРЕРЕЄСТРАЦІЯ ТЗ ЗА ДОГОВОРОМ ФІНАНСОВОГО ЛІЗИНГУ,ЛЕГКОВИЙ,966
2018,329,329 - ПЕРЕРЕЄСТРАЦІЯ ТЗ ЗА ДОГОВОРОМ ФІНАНСОВОГО ЛІЗИНГУ,НАПІВПРИЧІП,24
2018,329,329 - ПЕРЕРЕЄСТРАЦІЯ ТЗ ЗА ДОГОВОРОМ ФІНАНСОВОГО ЛІЗИНГУ,ПРИЧІП,17
2018,330,330 - ПЕРЕРЕЄСТРАЦIЯ НА НОВОГО ВЛАСНИКА ЗА РIШЕННЯМ СУДУ,АВТОБУС,12
2018,330,330 - ПЕРЕРЕЄСТРАЦIЯ НА НОВОГО ВЛАСНИКА ЗА РIШЕННЯМ СУДУ,ВАНТАЖНИЙ,113
2018,330,330 - ПЕРЕРЕЄСТРАЦIЯ НА НОВОГО ВЛАСНИКА ЗА РIШЕННЯМ СУДУ,ЛЕГКОВИЙ,589
2018,330,330 - ПЕРЕРЕЄСТРАЦIЯ НА НОВОГО ВЛАСНИКА ЗА РIШЕННЯМ СУДУ,МОПЕД,1
2018,330,330 - ПЕРЕРЕЄСТРАЦIЯ НА НОВОГО ВЛАСНИКА ЗА РIШЕННЯМ СУДУ,МОТОЦИКЛ,10
2018,330,330 - ПЕРЕРЕЄСТРАЦIЯ НА НОВОГО ВЛАСНИКА ЗА РIШЕННЯМ СУДУ,НАПІВПРИЧІП,11
2018,330,330 - ПЕРЕРЕЄСТРАЦIЯ НА НОВОГО ВЛАСНИКА ЗА РIШЕННЯМ СУДУ,ПРИЧІП,45
2018,331,"331 - ПЕРЕРЕЄСТРАЦІЯ НА НОВОГО ВЛАСНИКА ТЗ, ПРИДБАНОГО НА АУКЦІОНІ, ЕЛЕКТРОННИХ ТОРГАХ, ТО",АВТОБУС,9
2018,331,"331 - ПЕРЕРЕЄСТРАЦІЯ НА НОВОГО ВЛАСНИКА ТЗ, ПРИДБАНОГО НА АУКЦІОНІ, ЕЛЕКТРОННИХ ТОРГАХ, ТО",ВАНТАЖНИЙ,94
2018,331,"331 - ПЕРЕРЕЄСТРАЦІЯ НА НОВОГО ВЛАСНИКА ТЗ, ПРИДБАНОГО НА АУКЦІОНІ, ЕЛЕКТРОННИХ ТОРГАХ, ТО",ЛЕГКОВИЙ,260
2018,331,"331 - ПЕРЕРЕЄСТРАЦІЯ НА НОВОГО ВЛАСНИКА ТЗ, ПРИДБАНОГО НА АУКЦІОНІ, ЕЛЕКТРОННИХ ТОРГАХ, ТО",НАПІВПРИЧІП,15
2018,331,"331 - ПЕРЕРЕЄСТРАЦІЯ НА НОВОГО ВЛАСНИКА ТЗ, ПРИДБАНОГО НА АУКЦІОНІ, ЕЛЕКТРОННИХ ТОРГАХ, ТО",ПРИЧІП,7
2018,331,331 - ПЕРЕРЕЄСТРАЦІЯ ТЗ НА НОВОГО ВЛАСНИКА ЗА АКТОМ ПРОВЕДЕНОГО АУКЦІОНУ,АВТОБУС,38
2018,331,331 - ПЕРЕРЕЄСТРАЦІЯ ТЗ НА НОВОГО ВЛАСНИКА ЗА АКТОМ ПРОВЕДЕНОГО АУКЦІОНУ,ВАНТАЖНИЙ,382
2018,331,331 - ПЕРЕРЕЄСТРАЦІЯ ТЗ НА НОВОГО ВЛАСНИКА ЗА АКТОМ ПРОВЕДЕНОГО АУКЦІОНУ,ЛЕГКОВИЙ,1132
2018,331,331 - ПЕРЕРЕЄСТРАЦІЯ ТЗ НА НОВОГО ВЛАСНИКА ЗА АКТОМ ПРОВЕДЕНОГО АУКЦІОНУ,МОПЕД,1
2018,331,331 - ПЕРЕРЕЄСТРАЦІЯ ТЗ НА НОВОГО ВЛАСНИКА ЗА АКТОМ ПРОВЕДЕНОГО АУКЦІОНУ,НАПІВПРИЧІП,69
2018,331,331 - ПЕРЕРЕЄСТРАЦІЯ ТЗ НА НОВОГО ВЛАСНИКА ЗА АКТОМ ПРОВЕДЕНОГО АУКЦІОНУ,ПРИЧІП,54
2018,332,332 - ПЕРЕРЕЄСТРАЦІЯ ТЗ НА НОВОГО ВЛАСНИКА ЗА ПОСТАНОВОЮ ПРО ПЕРЕДАЧУ МАЙНА,АВТОБУС,4
2018,332,332 - ПЕРЕРЕЄСТРАЦІЯ ТЗ НА НОВОГО ВЛАСНИКА ЗА ПОСТАНОВОЮ ПРО ПЕРЕДАЧУ МАЙНА,ВАНТАЖНИЙ,28
2018,332,332 - ПЕРЕРЕЄСТРАЦІЯ ТЗ НА НОВОГО ВЛАСНИКА ЗА ПОСТАНОВОЮ ПРО ПЕРЕДАЧУ МАЙНА,ЛЕГКОВИЙ,36
2018,332,332 - ПЕРЕРЕЄСТРАЦІЯ ТЗ НА НОВОГО ВЛАСНИКА ЗА ПОСТАНОВОЮ ПРО ПЕРЕДАЧУ МАЙНА,НАПІВПРИЧІП,5
2018,332,332 - ПЕРЕРЕЄСТРАЦІЯ ТЗ НА НОВОГО ВЛАСНИКА ЗА ПОСТАНОВОЮ ПРО ПЕРЕДАЧУ МАЙНА,ПРИЧІП,2
2018,340,340 - ПЕРЕРЕЄСТРАЦIЯ У ЗВ`ЯЗКУ ЗI ЗМIНОЮ АНКЕТНИХ ДАНИХ ВЛАСНИКА,АВТОБУС,216
2018,340,340 - ПЕРЕРЕЄСТРАЦIЯ У ЗВ`ЯЗКУ ЗI ЗМIНОЮ АНКЕТНИХ ДАНИХ ВЛАСНИКА,ВАНТАЖНИЙ,1726
2018,340,340 - ПЕРЕРЕЄСТРАЦIЯ У ЗВ`ЯЗКУ ЗI ЗМIНОЮ АНКЕТНИХ ДАНИХ ВЛАСНИКА,ЛЕГКОВИЙ,12015
2018,340,340 - ПЕРЕРЕЄСТРАЦIЯ У ЗВ`ЯЗКУ ЗI ЗМIНОЮ АНКЕТНИХ ДАНИХ ВЛАСНИКА,МОПЕД,16
2018,340,340 - ПЕРЕРЕЄСТРАЦIЯ У ЗВ`ЯЗКУ ЗI ЗМIНОЮ АНКЕТНИХ ДАНИХ ВЛАСНИКА,МОТОЦИКЛ,204
2018,340,340 - ПЕРЕРЕЄСТРАЦIЯ У ЗВ`ЯЗКУ ЗI ЗМIНОЮ АНКЕТНИХ ДАНИХ ВЛАСНИКА,НАПІВПРИЧІП,374
2018,340,340 - ПЕРЕРЕЄСТРАЦIЯ У ЗВ`ЯЗКУ ЗI ЗМIНОЮ АНКЕТНИХ ДАНИХ ВЛАСНИКА,ПРИЧІП,324
2018,340,340 - ПЕРЕРЕЄСТРАЦIЯ У ЗВ`ЯЗКУ ЗI ЗМIНОЮ АНКЕТНИХ ДАНИХ ВЛАСНИКА(БЕЗ ЗМІНИ РЕГІОНУ РЕЄСТРА,АВТОБУС,76
2018,340,340 - ПЕРЕРЕЄСТРАЦIЯ У ЗВ`ЯЗКУ ЗI ЗМIНОЮ АНКЕТНИХ ДАНИХ ВЛАСНИКА(БЕЗ ЗМІНИ РЕГІОНУ РЕЄСТРА,ВАНТАЖНИЙ,566
2018,340,340 - ПЕРЕРЕЄСТРАЦIЯ У ЗВ`ЯЗКУ ЗI ЗМIНОЮ АНКЕТНИХ ДАНИХ ВЛАСНИКА(БЕЗ ЗМІНИ РЕГІОНУ РЕЄСТРА,ЛЕГКОВИЙ,5411
2018,340,340 - ПЕРЕРЕЄСТРАЦIЯ У ЗВ`ЯЗКУ ЗI ЗМIНОЮ АНКЕТНИХ ДАНИХ ВЛАСНИКА(БЕЗ ЗМІНИ РЕГІОНУ РЕЄСТРА,МОПЕД,22
2018,340,340 - ПЕРЕРЕЄСТРАЦIЯ У ЗВ`ЯЗКУ ЗI ЗМIНОЮ АНКЕТНИХ ДАНИХ ВЛАСНИКА(БЕЗ ЗМІНИ РЕГІОНУ РЕЄСТРА,МОТОЦИКЛ,62
2018,340,340 - ПЕРЕРЕЄСТРАЦIЯ У ЗВ`ЯЗКУ ЗI ЗМIНОЮ АНКЕТНИХ ДАНИХ ВЛАСНИКА(БЕЗ ЗМІНИ РЕГІОНУ РЕЄСТРА,НАПІВПРИЧІП,92
2018,340,340 - ПЕРЕРЕЄСТРАЦIЯ У ЗВ`ЯЗКУ ЗI ЗМIНОЮ АНКЕТНИХ ДАНИХ ВЛАСНИКА(БЕЗ ЗМІНИ РЕГІОНУ РЕЄСТРА,ПРИЧІП,120
2018,340,340 - ПЕРЕРЕЄСТРАЦIЯ У ЗВ`ЯЗКУ ЗI ЗМIНОЮ АНКЕТНИХ ДАНИХ ВЛАСНИКА(БЕЗ ЗМІНИ РЕГІОНУ РЕЄСТРА,ТРИЦИКЛ,2
2018,341,341 - ПЕРЕРЕЄСТРАЦІЯ РАНІШЕ ВИКРАДЕНОГО ТЗ,АВТОБУС,1
2018,341,341 - ПЕРЕРЕЄСТРАЦІЯ РАНІШЕ ВИКРАДЕНОГО ТЗ,ВАНТАЖНИЙ,4
2018,341,341 - ПЕРЕРЕЄСТРАЦІЯ РАНІШЕ ВИКРАДЕНОГО ТЗ,ЛЕГКОВИЙ,10
2018,341,341 - ПЕРЕРЕЄСТРАЦІЯ РАНІШЕ ВИКРАДЕНОГО ТЗ,МОТОЦИКЛ,4
2018,341,341 - ПЕРЕРЕЄСТРАЦІЯ РАНІШЕ ВИКРАДЕНОГО ТЗ,ПРИЧІП,1
2018,343,343 - ПЕРЕРЕЄСТРАЦІЯ У ЗВ'ЯЗКУ ІЗ ЗМІНОЮ ДАНИХ ВЛАСНИКА АБО ТЗ (ТЗ  ОТРИМАНО ЧЕРЕЗ ВІДДІЛ ,ЛЕГКОВИЙ,127
2018,350,350 - ПЕРЕРЕЄСТРАЦIЯ У ЗВ`ЯЗКУ ЗI ЗМIНОЮ НАЗВИ ОРГАНIЗАЦIЇ,АВТОБУС,571
2018,350,350 - ПЕРЕРЕЄСТРАЦIЯ У ЗВ`ЯЗКУ ЗI ЗМIНОЮ НАЗВИ ОРГАНIЗАЦIЇ,ВАНТАЖНИЙ,3635
2018,350,350 - ПЕРЕРЕЄСТРАЦIЯ У ЗВ`ЯЗКУ ЗI ЗМIНОЮ НАЗВИ ОРГАНIЗАЦIЇ,КВАДРОЦИКЛ,3
2018,350,350 - ПЕРЕРЕЄСТРАЦIЯ У ЗВ`ЯЗКУ ЗI ЗМIНОЮ НАЗВИ ОРГАНIЗАЦIЇ,ЛЕГКОВИЙ,3433
2018,350,350 - ПЕРЕРЕЄСТРАЦIЯ У ЗВ`ЯЗКУ ЗI ЗМIНОЮ НАЗВИ ОРГАНIЗАЦIЇ,МОПЕД,4
2018,350,350 - ПЕРЕРЕЄСТРАЦIЯ У ЗВ`ЯЗКУ ЗI ЗМIНОЮ НАЗВИ ОРГАНIЗАЦIЇ,МОТОЦИКЛ,10
2018,350,350 - ПЕРЕРЕЄСТРАЦIЯ У ЗВ`ЯЗКУ ЗI ЗМIНОЮ НАЗВИ ОРГАНIЗАЦIЇ,НАПІВПРИЧІП,394
2018,350,350 - ПЕРЕРЕЄСТРАЦIЯ У ЗВ`ЯЗКУ ЗI ЗМIНОЮ НАЗВИ ОРГАНIЗАЦIЇ,ПРИЧІП,197
2018,360,360 - ПЕРЕРЕЄСТРАЦIЯ У ЗВ`ЯЗКУ ЗI ЗМIНОЮ МIСЦЯ СТОЯНКИ,ВАНТАЖНИЙ,58
2018,360,360 - ПЕРЕРЕЄСТРАЦIЯ У ЗВ`ЯЗКУ ЗI ЗМIНОЮ МIСЦЯ СТОЯНКИ,ЛЕГКОВИЙ,17
2018,360,360 - ПЕРЕРЕЄСТРАЦIЯ У ЗВ`ЯЗКУ ЗI ЗМIНОЮ МIСЦЯ СТОЯНКИ,НАПІВПРИЧІП,6
2018,360,360 - ПЕРЕРЕЄСТРАЦIЯ У ЗВ`ЯЗКУ ЗI ЗМIНОЮ МIСЦЯ СТОЯНКИ,ПРИЧІП,1
2018,360,360 - ПЕРЕРЕЄСТРАЦІЯ ТЗ У ЗВ`ЯЗКУ ЗІ ЗМІНОЮ АНКЕТНИХ ДАНИХ ВЛАСНИКА (З ЗМІНОЮ РЕГІОНУ РЕЄС,АВТОБУС,20
2018,360,360 - ПЕРЕРЕЄСТРАЦІЯ ТЗ У ЗВ`ЯЗКУ ЗІ ЗМІНОЮ АНКЕТНИХ ДАНИХ ВЛАСНИКА (З ЗМІНОЮ РЕГІОНУ РЕЄС,ВАНТАЖНИЙ,167
2018,360,360 - ПЕРЕРЕЄСТРАЦІЯ ТЗ У ЗВ`ЯЗКУ ЗІ ЗМІНОЮ АНКЕТНИХ ДАНИХ ВЛАСНИКА (З ЗМІНОЮ РЕГІОНУ РЕЄС,ЛЕГКОВИЙ,1226
2018,360,360 - ПЕРЕРЕЄСТРАЦІЯ ТЗ У ЗВ`ЯЗКУ ЗІ ЗМІНОЮ АНКЕТНИХ ДАНИХ ВЛАСНИКА (З ЗМІНОЮ РЕГІОНУ РЕЄС,МОТОЦИКЛ,11
2018,360,360 - ПЕРЕРЕЄСТРАЦІЯ ТЗ У ЗВ`ЯЗКУ ЗІ ЗМІНОЮ АНКЕТНИХ ДАНИХ ВЛАСНИКА (З ЗМІНОЮ РЕГІОНУ РЕЄС,НАПІВПРИЧІП,45
2018,360,360 - ПЕРЕРЕЄСТРАЦІЯ ТЗ У ЗВ`ЯЗКУ ЗІ ЗМІНОЮ АНКЕТНИХ ДАНИХ ВЛАСНИКА (З ЗМІНОЮ РЕГІОНУ РЕЄС,ПРИЧІП,26
2018,363,363 - ПЕРЕРЕЄСТРАЦIЯ ТЗ У ЗВ`ЯЗКУ З ПЕРЕДАЧЕЮ ДО СТАТУТНОГО ФОНДУ,АВТОБУС,97
2018,363,363 - ПЕРЕРЕЄСТРАЦIЯ ТЗ У ЗВ`ЯЗКУ З ПЕРЕДАЧЕЮ ДО СТАТУТНОГО ФОНДУ,ВАНТАЖНИЙ,386
2018,363,363 - ПЕРЕРЕЄСТРАЦIЯ ТЗ У ЗВ`ЯЗКУ З ПЕРЕДАЧЕЮ ДО СТАТУТНОГО ФОНДУ,ЛЕГКОВИЙ,122
2018,363,363 - ПЕРЕРЕЄСТРАЦIЯ ТЗ У ЗВ`ЯЗКУ З ПЕРЕДАЧЕЮ ДО СТАТУТНОГО ФОНДУ,МОПЕД,1
2018,363,363 - ПЕРЕРЕЄСТРАЦIЯ ТЗ У ЗВ`ЯЗКУ З ПЕРЕДАЧЕЮ ДО СТАТУТНОГО ФОНДУ,НАПІВПРИЧІП,185
2018,363,363 - ПЕРЕРЕЄСТРАЦIЯ ТЗ У ЗВ`ЯЗКУ З ПЕРЕДАЧЕЮ ДО СТАТУТНОГО ФОНДУ,ПРИЧІП,23
2018,370,"370 - ПЕРЕРЕЄСТРАЦIЯ У ЗВ`ЯЗКУ З ЗАМIНОЮ ДВИГУНА, БЕЗ ЗДІЙСНЕННЯ ПЕРЕОБЛАДНАННЯ ТЗ",АВТОБУС,26
2018,370,"370 - ПЕРЕРЕЄСТРАЦIЯ У ЗВ`ЯЗКУ З ЗАМIНОЮ ДВИГУНА, БЕЗ ЗДІЙСНЕННЯ ПЕРЕОБЛАДНАННЯ ТЗ",ВАНТАЖНИЙ,56
2018,370,"370 - ПЕРЕРЕЄСТРАЦIЯ У ЗВ`ЯЗКУ З ЗАМIНОЮ ДВИГУНА, БЕЗ ЗДІЙСНЕННЯ ПЕРЕОБЛАДНАННЯ ТЗ",ЛЕГКОВИЙ,314
2018,370,"370 - ПЕРЕРЕЄСТРАЦIЯ У ЗВ`ЯЗКУ З ЗАМIНОЮ ДВИГУНА, БЕЗ ЗДІЙСНЕННЯ ПЕРЕОБЛАДНАННЯ ТЗ",МОТОЦИКЛ,7
2018,380,"380 - ПЕРЕРЕЄСТРАЦІЯ У ЗВ`ЯЗКУ З ЗАМІНОЮ КУЗОВА (ШАСІ), БЕЗ ЗДІЙСНЕННЯ ПЕРЕОБЛАДНАННЯ ТЗ",АВТОБУС,23
2018,380,"380 - ПЕРЕРЕЄСТРАЦІЯ У ЗВ`ЯЗКУ З ЗАМІНОЮ КУЗОВА (ШАСІ), БЕЗ ЗДІЙСНЕННЯ ПЕРЕОБЛАДНАННЯ ТЗ",ВАНТАЖНИЙ,8
2018,380,"380 - ПЕРЕРЕЄСТРАЦІЯ У ЗВ`ЯЗКУ З ЗАМІНОЮ КУЗОВА (ШАСІ), БЕЗ ЗДІЙСНЕННЯ ПЕРЕОБЛАДНАННЯ ТЗ",ЛЕГКОВИЙ,5
2018,380,"380 - ПЕРЕРЕЄСТРАЦІЯ У ЗВ`ЯЗКУ З ЗАМІНОЮ КУЗОВА (ШАСІ), БЕЗ ЗДІЙСНЕННЯ ПЕРЕОБЛАДНАННЯ ТЗ",НАПІВПРИЧІП,3
2018,390,390 - ПЕРЕРЕЄСТРАЦIЯ У ЗВ`ЯЗКУ ЗI ЗМIНОЮ КОЛЬОРУ ТЗ,АВТОБУС,231
2018,390,390 - ПЕРЕРЕЄСТРАЦIЯ У ЗВ`ЯЗКУ ЗI ЗМIНОЮ КОЛЬОРУ ТЗ,ВАНТАЖНИЙ,855
2018,390,390 - ПЕРЕРЕЄСТРАЦIЯ У ЗВ`ЯЗКУ ЗI ЗМIНОЮ КОЛЬОРУ ТЗ,ЛЕГКОВИЙ,1598
2018,390,390 - ПЕРЕРЕЄСТРАЦIЯ У ЗВ`ЯЗКУ ЗI ЗМIНОЮ КОЛЬОРУ ТЗ,МОПЕД,11
2018,390,390 - ПЕРЕРЕЄСТРАЦIЯ У ЗВ`ЯЗКУ ЗI ЗМIНОЮ КОЛЬОРУ ТЗ,МОТОЦИКЛ,132
2018,390,390 - ПЕРЕРЕЄСТРАЦIЯ У ЗВ`ЯЗКУ ЗI ЗМIНОЮ КОЛЬОРУ ТЗ,НАПІВПРИЧІП,250
2018,390,390 - ПЕРЕРЕЄСТРАЦIЯ У ЗВ`ЯЗКУ ЗI ЗМIНОЮ КОЛЬОРУ ТЗ,ПРИЧІП,164
2018,390,390 - ПЕРЕРЕЄСТРАЦIЯ У ЗВ`ЯЗКУ ЗI ЗМIНОЮ КОЛЬОРУ ТЗ,ТРИЦИКЛ,1
2018,40,"40 - ВТОРИННА РЕЄСТРАЦІЯ ТЗ, ПРИДБАНОГО В ТОРГОВЕЛЬНІЙ ОРГАНІЗАЦІЇ",АВТОБУС,309
2018,40,"40 - ВТОРИННА РЕЄСТРАЦІЯ ТЗ, ПРИДБАНОГО В ТОРГОВЕЛЬНІЙ ОРГАНІЗАЦІЇ",ВАНТАЖНИЙ,3906
2018,40,"40 - ВТОРИННА РЕЄСТРАЦІЯ ТЗ, ПРИДБАНОГО В ТОРГОВЕЛЬНІЙ ОРГАНІЗАЦІЇ",ЛЕГКОВИЙ,30578
2018,40,"40 - ВТОРИННА РЕЄСТРАЦІЯ ТЗ, ПРИДБАНОГО В ТОРГОВЕЛЬНІЙ ОРГАНІЗАЦІЇ",МОПЕД,1
2018,40,"40 - ВТОРИННА РЕЄСТРАЦІЯ ТЗ, ПРИДБАНОГО В ТОРГОВЕЛЬНІЙ ОРГАНІЗАЦІЇ",МОТОЦИКЛ,286
2018,40,"40 - ВТОРИННА РЕЄСТРАЦІЯ ТЗ, ПРИДБАНОГО В ТОРГОВЕЛЬНІЙ ОРГАНІЗАЦІЇ",НАПІВПРИЧІП,570
2018,40,"40 - ВТОРИННА РЕЄСТРАЦІЯ ТЗ, ПРИДБАНОГО В ТОРГОВЕЛЬНІЙ ОРГАНІЗАЦІЇ",ПРИЧІП,311
2018,40,"40 - ВТОРИННА РЕЄСТРАЦІЯ ТЗ, ПРИДБАНОГО В ТОРГОВЕЛЬНІЙ ОРГАНІЗАЦІЇ",ТРИЦИКЛ,1
2018,400,400 - ПЕРЕРЕЄСТРАЦIЯ ПРИ ПЕРЕОБЛАДНАННI БЕЗ ЗАМІНИ НОМЕРНИХ АГРЕГАТІВ,ВАНТАЖНИЙ,2
2018,400,400 - ПЕРЕРЕЄСТРАЦIЯ ПРИ ПЕРЕОБЛАДНАННI БЕЗ ЗАМІНИ НОМЕРНИХ АГРЕГАТІВ,ЛЕГКОВИЙ,2
2018,400,400 - ПЕРЕРЕЄСТРАЦIЯ ПРИ ПЕРЕОБЛАДНАННI ДЛЯ РОБОТИ НА ГАЗОВОМУ ПАЛЬНОМУ,АВТОБУС,117
2018,400,400 - ПЕРЕРЕЄСТРАЦIЯ ПРИ ПЕРЕОБЛАДНАННI ДЛЯ РОБОТИ НА ГАЗОВОМУ ПАЛЬНОМУ,ВАНТАЖНИЙ,2736
2018,400,400 - ПЕРЕРЕЄСТРАЦIЯ ПРИ ПЕРЕОБЛАДНАННI ДЛЯ РОБОТИ НА ГАЗОВОМУ ПАЛЬНОМУ,ЛЕГКОВИЙ,122393
2018,401,401 - ПЕРЕРЕЄСТРАЦІЯ ТЗ ПРИ ПЕРЕОБЛ.І ІЗ ЗАМ.КУЗОВА(ШАСІ) ЗА ПОГОДЖЕННЯМ,АВТОБУС,10
2018,401,401 - ПЕРЕРЕЄСТРАЦІЯ ТЗ ПРИ ПЕРЕОБЛ.І ІЗ ЗАМ.КУЗОВА(ШАСІ) ЗА ПОГОДЖЕННЯМ,ВАНТАЖНИЙ,386
2018,401,401 - ПЕРЕРЕЄСТРАЦІЯ ТЗ ПРИ ПЕРЕОБЛ.І ІЗ ЗАМ.КУЗОВА(ШАСІ) ЗА ПОГОДЖЕННЯМ,ЛЕГКОВИЙ,179
2018,401,401 - ПЕРЕРЕЄСТРАЦІЯ ТЗ ПРИ ПЕРЕОБЛ.І ІЗ ЗАМ.КУЗОВА(ШАСІ) ЗА ПОГОДЖЕННЯМ,НАПІВПРИЧІП,3
2018,401,401 - ПЕРЕРЕЄСТРАЦІЯ ТЗ ПРИ ПЕРЕОБЛ.І ІЗ ЗАМ.КУЗОВА(ШАСІ) ЗА ПОГОДЖЕННЯМ,ПРИЧІП,4
2018,401,401 - ПЕРЕРЕЄСТРАЦІЯ ТЗ ПРИ ПЕРЕОБЛАДНАННІ ІЗ ЗАМІНОЮ КУЗОВА (ШАСІ),ЛЕГКОВИЙ,1
2018,402,"402 - ПЕРЕРЕЄСТРАЦIЯ ТЗ ПРИ ПЕРЕОБЛI.(ЗАМІНА ТИПУ, ПОТУЖ. ДВИГ.)ЗА ПОГОДЖЕННЯМ",АВТОБУС,140
2018,402,"402 - ПЕРЕРЕЄСТРАЦIЯ ТЗ ПРИ ПЕРЕОБЛI.(ЗАМІНА ТИПУ, ПОТУЖ. ДВИГ.)ЗА ПОГОДЖЕННЯМ",ВАНТАЖНИЙ,2384
2018,402,"402 - ПЕРЕРЕЄСТРАЦIЯ ТЗ ПРИ ПЕРЕОБЛI.(ЗАМІНА ТИПУ, ПОТУЖ. ДВИГ.)ЗА ПОГОДЖЕННЯМ",ЛЕГКОВИЙ,2981
2018,402,"402 - ПЕРЕРЕЄСТРАЦIЯ ТЗ ПРИ ПЕРЕОБЛI.(ЗАМІНА ТИПУ, ПОТУЖ. ДВИГ.)ЗА ПОГОДЖЕННЯМ",МОТОЦИКЛ,8
2018,402,"402 - ПЕРЕРЕЄСТРАЦIЯ ТЗ ПРИ ПЕРЕОБЛI.(ЗАМІНА ТИПУ, ПОТУЖ. ДВИГ.)ЗА ПОГОДЖЕННЯМ",НАПІВПРИЧІП,32
2018,402,"402 - ПЕРЕРЕЄСТРАЦIЯ ТЗ ПРИ ПЕРЕОБЛI.(ЗАМІНА ТИПУ, ПОТУЖ. ДВИГ.)ЗА ПОГОДЖЕННЯМ",ПРИЧІП,3
2018,402,"402 - ПЕРЕРЕЄСТРАЦIЯ ТЗ ПРИ ПЕРЕОБЛАДНАННI, В ТОМУ ЧИСЛІ ЗАМІНА ТИПУ, ПОТУЖНОСТІ ДВИГУНА",ЛЕГКОВИЙ,1
2018,403,403 - ПЕРЕРЕЄСТРАЦІЯ ПРИ ПЕРЕОБЛ.(ЗАМІНА КУЗОВА (ШАСІ)) ТА ДВИГУНА ЗА ПОГОДЖ.,АВТОБУС,107
2018,403,403 - ПЕРЕРЕЄСТРАЦІЯ ПРИ ПЕРЕОБЛ.(ЗАМІНА КУЗОВА (ШАСІ)) ТА ДВИГУНА ЗА ПОГОДЖ.,ВАНТАЖНИЙ,1210
2018,403,403 - ПЕРЕРЕЄСТРАЦІЯ ПРИ ПЕРЕОБЛ.(ЗАМІНА КУЗОВА (ШАСІ)) ТА ДВИГУНА ЗА ПОГОДЖ.,ЛЕГКОВИЙ,894
2018,403,403 - ПЕРЕРЕЄСТРАЦІЯ ПРИ ПЕРЕОБЛ.(ЗАМІНА КУЗОВА (ШАСІ)) ТА ДВИГУНА ЗА ПОГОДЖ.,НАПІВПРИЧІП,1
2018,403,403 - ПЕРЕРЕЄСТРАЦІЯ ПРИ ПЕРЕОБЛАДНАННІ ІЗ ЗАМІНОЮ КУЗОВА (ШАСІ) ТА ДВИГУНА,ЛЕГКОВИЙ,1
2018,404,"404 - ПЕРЕРЕЄСТРАЦІЯ ТЗ, В ЗВ’ЯЗКУ ІЗ НАНЕСЕННЯ ДУБЛЮВАННЯ №КУЗОВА",АВТОБУС,28
2018,404,"404 - ПЕРЕРЕЄСТРАЦІЯ ТЗ, В ЗВ’ЯЗКУ ІЗ НАНЕСЕННЯ ДУБЛЮВАННЯ №КУЗОВА",ВАНТАЖНИЙ,50
2018,404,"404 - ПЕРЕРЕЄСТРАЦІЯ ТЗ, В ЗВ’ЯЗКУ ІЗ НАНЕСЕННЯ ДУБЛЮВАННЯ №КУЗОВА",ЛЕГКОВИЙ,160
2018,404,"404 - ПЕРЕРЕЄСТРАЦІЯ ТЗ, В ЗВ’ЯЗКУ ІЗ НАНЕСЕННЯ СПЕЦІАЛЬНИХ ІНДИВІДУАЛЬНИХ НОМЕРІВ АБО ДУБ",АВТОБУС,146
2018,404,"404 - ПЕРЕРЕЄСТРАЦІЯ ТЗ, В ЗВ’ЯЗКУ ІЗ НАНЕСЕННЯ СПЕЦІАЛЬНИХ ІНДИВІДУАЛЬНИХ НОМЕРІВ АБО ДУБ",ВАНТАЖНИЙ,258
2018,404,"404 - ПЕРЕРЕЄСТРАЦІЯ ТЗ, В ЗВ’ЯЗКУ ІЗ НАНЕСЕННЯ СПЕЦІАЛЬНИХ ІНДИВІДУАЛЬНИХ НОМЕРІВ АБО ДУБ",ЛЕГКОВИЙ,691
2018,404,"404 - ПЕРЕРЕЄСТРАЦІЯ ТЗ, В ЗВ’ЯЗКУ ІЗ НАНЕСЕННЯ СПЕЦІАЛЬНИХ ІНДИВІДУАЛЬНИХ НОМЕРІВ АБО ДУБ",НАПІВПРИЧІП,4
2018,404,"404 - ПЕРЕРЕЄСТРАЦІЯ ТЗ, В ЗВ’ЯЗКУ ІЗ НАНЕСЕННЯ СПЕЦІАЛЬНИХ ІНДИВІДУАЛЬНИХ НОМЕРІВ АБО ДУБ",ПРИЧІП,1
2018,405,"405 - ПЕРЕРЕЄСТРАЦІЯ ТЗ, В ЗВ’ЯЗКУ ІЗ НАНЕСЕННЯ ДУБЛЮВАННЯ №ШАСІ (РАМИ)",АВТОБУС,5
2018,405,"405 - ПЕРЕРЕЄСТРАЦІЯ ТЗ, В ЗВ’ЯЗКУ ІЗ НАНЕСЕННЯ ДУБЛЮВАННЯ №ШАСІ (РАМИ)",ВАНТАЖНИЙ,112
2018,405,"405 - ПЕРЕРЕЄСТРАЦІЯ ТЗ, В ЗВ’ЯЗКУ ІЗ НАНЕСЕННЯ ДУБЛЮВАННЯ №ШАСІ (РАМИ)",ЛЕГКОВИЙ,26
2018,405,"405 - ПЕРЕРЕЄСТРАЦІЯ ТЗ, В ЗВ’ЯЗКУ ІЗ НАНЕСЕННЯ ДУБЛЮВАННЯ №ШАСІ (РАМИ)",НАПІВПРИЧІП,36
2018,405,"405 - ПЕРЕРЕЄСТРАЦІЯ ТЗ, В ЗВ’ЯЗКУ ІЗ НАНЕСЕННЯ ДУБЛЮВАННЯ №ШАСІ (РАМИ)",ПРИЧІП,29
2018,405,"405 - ПЕРЕРЕЄСТРАЦІЯ ТЗ, В ЗВ’ЯЗКУ ІЗ НАНЕСЕННЯ СПЕЦІАЛЬНИХ ІНДИВІДУАЛЬНИХ НОМЕРІВ АБО ДУБ",АВТОБУС,22
2018,405,"405 - ПЕРЕРЕЄСТРАЦІЯ ТЗ, В ЗВ’ЯЗКУ ІЗ НАНЕСЕННЯ СПЕЦІАЛЬНИХ ІНДИВІДУАЛЬНИХ НОМЕРІВ АБО ДУБ",ВАНТАЖНИЙ,459
2018,405,"405 - ПЕРЕРЕЄСТРАЦІЯ ТЗ, В ЗВ’ЯЗКУ ІЗ НАНЕСЕННЯ СПЕЦІАЛЬНИХ ІНДИВІДУАЛЬНИХ НОМЕРІВ АБО ДУБ",ЛЕГКОВИЙ,118
2018,405,"405 - ПЕРЕРЕЄСТРАЦІЯ ТЗ, В ЗВ’ЯЗКУ ІЗ НАНЕСЕННЯ СПЕЦІАЛЬНИХ ІНДИВІДУАЛЬНИХ НОМЕРІВ АБО ДУБ",МОТОЦИКЛ,8
2018,405,"405 - ПЕРЕРЕЄСТРАЦІЯ ТЗ, В ЗВ’ЯЗКУ ІЗ НАНЕСЕННЯ СПЕЦІАЛЬНИХ ІНДИВІДУАЛЬНИХ НОМЕРІВ АБО ДУБ",НАПІВПРИЧІП,159
2018,405,"405 - ПЕРЕРЕЄСТРАЦІЯ ТЗ, В ЗВ’ЯЗКУ ІЗ НАНЕСЕННЯ СПЕЦІАЛЬНИХ ІНДИВІДУАЛЬНИХ НОМЕРІВ АБО ДУБ",ПРИЧІП,130
2018,407,407 - ПЕРЕРЕЄСТРАЦІЯ У ЗВ’ЯЗКУ З ВСТАНОВЛ. СССП АВТОЖОВТОГО КОЛЬОРУ НА ТЗ РЕАГУВАННЯ СОД,ЛЕГКОВИЙ,128
2018,407,407 - ПЕРЕРЕЄСТРАЦІЯ У ЗВ’ЯЗКУ З ВСТАНОВЛ. СССП АВТОЖОВТОГО КОЛЬОРУ НА ТЗ РЕАГУВАННЯ СОД,МОТОЦИКЛ,1
2018,408,408 - ПЕРЕРЕЄСТРАЦІЯ ПРИ ПЕРЕОБЛАДНАННІ БЕЗ ЗАМІНИ НОМЕРНИХ АГРЕГАТІВ,АВТОБУС,195
2018,408,408 - ПЕРЕРЕЄСТРАЦІЯ ПРИ ПЕРЕОБЛАДНАННІ БЕЗ ЗАМІНИ НОМЕРНИХ АГРЕГАТІВ,ВАНТАЖНИЙ,10634
2018,408,408 - ПЕРЕРЕЄСТРАЦІЯ ПРИ ПЕРЕОБЛАДНАННІ БЕЗ ЗАМІНИ НОМЕРНИХ АГРЕГАТІВ,ЛЕГКОВИЙ,7489
2018,408,408 - ПЕРЕРЕЄСТРАЦІЯ ПРИ ПЕРЕОБЛАДНАННІ БЕЗ ЗАМІНИ НОМЕРНИХ АГРЕГАТІВ,МОТОЦИКЛ,1
2018,408,408 - ПЕРЕРЕЄСТРАЦІЯ ПРИ ПЕРЕОБЛАДНАННІ БЕЗ ЗАМІНИ НОМЕРНИХ АГРЕГАТІВ,НАПІВПРИЧІП,2644
2018,408,408 - ПЕРЕРЕЄСТРАЦІЯ ПРИ ПЕРЕОБЛАДНАННІ БЕЗ ЗАМІНИ НОМЕРНИХ АГРЕГАТІВ,ПРИЧІП,1267
2018,41,"41 - ВТОРИННА РЕЄСТРАЦІЯ ТЗ, ПРИДБАНОГО В ТОРГОВЕЛЬНІЙ ОРГАНІЗАЦІЇ В РОЗСТРОЧКУ",АВТОБУС,2
2018,41,"41 - ВТОРИННА РЕЄСТРАЦІЯ ТЗ, ПРИДБАНОГО В ТОРГОВЕЛЬНІЙ ОРГАНІЗАЦІЇ В РОЗСТРОЧКУ",ЛЕГКОВИЙ,15
2018,410,410 - ПЕРЕРЕЄСТРАЦІЯ ПРИ ЗАМІНІ НОМЕРНОГО ЗНАКУ,АВТОБУС,432
2018,410,410 - ПЕРЕРЕЄСТРАЦІЯ ПРИ ЗАМІНІ НОМЕРНОГО ЗНАКУ,ВАНТАЖНИЙ,2214
2018,410,410 - ПЕРЕРЕЄСТРАЦІЯ ПРИ ЗАМІНІ НОМЕРНОГО ЗНАКУ,КВАДРОЦИКЛ,1
2018,410,410 - ПЕРЕРЕЄСТРАЦІЯ ПРИ ЗАМІНІ НОМЕРНОГО ЗНАКУ,ЛЕГКОВИЙ,21985
2018,410,410 - ПЕРЕРЕЄСТРАЦІЯ ПРИ ЗАМІНІ НОМЕРНОГО ЗНАКУ,МОПЕД,12
2018,410,410 - ПЕРЕРЕЄСТРАЦІЯ ПРИ ЗАМІНІ НОМЕРНОГО ЗНАКУ,МОТОЦИКЛ,170
2018,410,410 - ПЕРЕРЕЄСТРАЦІЯ ПРИ ЗАМІНІ НОМЕРНОГО ЗНАКУ,НАПІВПРИЧІП,263
2018,410,410 - ПЕРЕРЕЄСТРАЦІЯ ПРИ ЗАМІНІ НОМЕРНОГО ЗНАКУ,ПРИЧІП,234
2018,410,410 - ПЕРЕРЕЄСТРАЦІЯ ПРИ ЗАМІНІ НОМЕРНОГО ЗНАКУ,ТРИЦИКЛ,3
2018,417,417 - ПЕРЕРЕЄСТРАЦІЯ ТЗ (МОПЕДІВ) З ВИДАЧОЮ СПР,МОПЕД,80
2018,417,417 - ПЕРЕРЕЄСТРАЦІЯ ТЗ (МОПЕДІВ) З ВИДАЧОЮ СПР,МОТОЦИКЛ,1
2018,420,420 - ПЕРЕРЕЄСТРАЦІЯ ПРИ ВТРАТІ НОМЕРНОГО ЗНАКУ,АВТОБУС,3
2018,420,420 - ПЕРЕРЕЄСТРАЦІЯ ПРИ ВТРАТІ НОМЕРНОГО ЗНАКУ,ВАНТАЖНИЙ,37
2018,420,420 - ПЕРЕРЕЄСТРАЦІЯ ПРИ ВТРАТІ НОМЕРНОГО ЗНАКУ,ЛЕГКОВИЙ,665
2018,420,420 - ПЕРЕРЕЄСТРАЦІЯ ПРИ ВТРАТІ НОМЕРНОГО ЗНАКУ,МОПЕД,15
2018,420,420 - ПЕРЕРЕЄСТРАЦІЯ ПРИ ВТРАТІ НОМЕРНОГО ЗНАКУ,МОТОЦИКЛ,17
2018,420,420 - ПЕРЕРЕЄСТРАЦІЯ ПРИ ВТРАТІ НОМЕРНОГО ЗНАКУ,НАПІВПРИЧІП,1
2018,420,420 - ПЕРЕРЕЄСТРАЦІЯ ПРИ ВТРАТІ НОМЕРНОГО ЗНАКУ,ПРИЧІП,14
2018,421,421 - ПЕРЕРЕЄСТРАЦІЯ ТЗ ПРИ ВТРАТІ НОМЕРНОГО ЗНАКУ ТА СВІДОЦТВА ПРО РЕЄСТРАЦІЮ,ПРИЧІП,2
2018,429,429 - ПЕРЕРЕЄСТРАЦІЯ ТЗ У ЗВ'ЯЗКУ ІЗ ПОДОВЖЕННЯМ ТЕРМІНУ ЗВОРОТНЬОГО ВИВОЗУ,АВТОБУС,1
2018,429,429 - ПЕРЕРЕЄСТРАЦІЯ ТЗ У ЗВ'ЯЗКУ ІЗ ПОДОВЖЕННЯМ ТЕРМІНУ ЗВОРОТНЬОГО ВИВОЗУ,ВАНТАЖНИЙ,88
2018,429,429 - ПЕРЕРЕЄСТРАЦІЯ ТЗ У ЗВ'ЯЗКУ ІЗ ПОДОВЖЕННЯМ ТЕРМІНУ ЗВОРОТНЬОГО ВИВОЗУ,ЛЕГКОВИЙ,301
2018,429,429 - ПЕРЕРЕЄСТРАЦІЯ ТЗ У ЗВ'ЯЗКУ ІЗ ПОДОВЖЕННЯМ ТЕРМІНУ ЗВОРОТНЬОГО ВИВОЗУ,МОТОЦИКЛ,2
2018,429,429 - ПЕРЕРЕЄСТРАЦІЯ ТЗ У ЗВ'ЯЗКУ ІЗ ПОДОВЖЕННЯМ ТЕРМІНУ ЗВОРОТНЬОГО ВИВОЗУ,НАПІВПРИЧІП,12
2018,429,429 - ПЕРЕРЕЄСТРАЦІЯ ТЗ У ЗВ'ЯЗКУ ІЗ ПОДОВЖЕННЯМ ТЕРМІНУ ЗВОРОТНЬОГО ВИВОЗУ,ПРИЧІП,1
2018,430,430 - ПЕРЕРЕЄСТРАЦІЯ ПРИ ЗАМІНІ СВІДОЦТВА ПРО РЕЄСТРАЦІЮ,АВТОБУС,916
2018,430,430 - ПЕРЕРЕЄСТРАЦІЯ ПРИ ЗАМІНІ СВІДОЦТВА ПРО РЕЄСТРАЦІЮ,ВАНТАЖНИЙ,3918
2018,430,430 - ПЕРЕРЕЄСТРАЦІЯ ПРИ ЗАМІНІ СВІДОЦТВА ПРО РЕЄСТРАЦІЮ,ЛЕГКОВИЙ,11077
2018,430,430 - ПЕРЕРЕЄСТРАЦІЯ ПРИ ЗАМІНІ СВІДОЦТВА ПРО РЕЄСТРАЦІЮ,МОПЕД,289
2018,430,430 - ПЕРЕРЕЄСТРАЦІЯ ПРИ ЗАМІНІ СВІДОЦТВА ПРО РЕЄСТРАЦІЮ,МОТОЦИКЛ,179
2018,430,430 - ПЕРЕРЕЄСТРАЦІЯ ПРИ ЗАМІНІ СВІДОЦТВА ПРО РЕЄСТРАЦІЮ,НАПІВПРИЧІП,1186
2018,430,430 - ПЕРЕРЕЄСТРАЦІЯ ПРИ ЗАМІНІ СВІДОЦТВА ПРО РЕЄСТРАЦІЮ,ПРИЧІП,540
2018,430,430 - ПЕРЕРЕЄСТРАЦІЯ ПРИ ЗАМІНІ СВІДОЦТВА ПРО РЕЄСТРАЦІЮ,ТРИЦИКЛ,2
2018,431,431 - ПЕРЕРЕЄСТРАЦІЯ ТЗ ПРИ ВИДАЧІ ІНДИВІДУАЛЬНОГО НОМЕРНОГО ЗНАКУ,АВТОБУС,14
2018,431,431 - ПЕРЕРЕЄСТРАЦІЯ ТЗ ПРИ ВИДАЧІ ІНДИВІДУАЛЬНОГО НОМЕРНОГО ЗНАКУ,ВАНТАЖНИЙ,97
2018,431,431 - ПЕРЕРЕЄСТРАЦІЯ ТЗ ПРИ ВИДАЧІ ІНДИВІДУАЛЬНОГО НОМЕРНОГО ЗНАКУ,ЛЕГКОВИЙ,1472
2018,431,431 - ПЕРЕРЕЄСТРАЦІЯ ТЗ ПРИ ВИДАЧІ ІНДИВІДУАЛЬНОГО НОМЕРНОГО ЗНАКУ,МОТОЦИКЛ,28
2018,440,440 - ПЕРЕРЕЄСТРАЦIЯ ПРИ ВТРАТІ СВIДОЦТВА ПРО РЕЄСТРАЦIЮ,АВТОБУС,592
2018,440,440 - ПЕРЕРЕЄСТРАЦIЯ ПРИ ВТРАТІ СВIДОЦТВА ПРО РЕЄСТРАЦIЮ,ВАНТАЖНИЙ,5676
2018,440,440 - ПЕРЕРЕЄСТРАЦIЯ ПРИ ВТРАТІ СВIДОЦТВА ПРО РЕЄСТРАЦIЮ,КВАДРОЦИКЛ,1
2018,440,440 - ПЕРЕРЕЄСТРАЦIЯ ПРИ ВТРАТІ СВIДОЦТВА ПРО РЕЄСТРАЦIЮ,ЛЕГКОВИЙ,26838
2018,440,440 - ПЕРЕРЕЄСТРАЦIЯ ПРИ ВТРАТІ СВIДОЦТВА ПРО РЕЄСТРАЦIЮ,МОПЕД,229
2018,440,440 - ПЕРЕРЕЄСТРАЦIЯ ПРИ ВТРАТІ СВIДОЦТВА ПРО РЕЄСТРАЦIЮ,МОТОЦИКЛ,626
2018,440,440 - ПЕРЕРЕЄСТРАЦIЯ ПРИ ВТРАТІ СВIДОЦТВА ПРО РЕЄСТРАЦIЮ,НАПІВПРИЧІП,835
2018,440,440 - ПЕРЕРЕЄСТРАЦIЯ ПРИ ВТРАТІ СВIДОЦТВА ПРО РЕЄСТРАЦIЮ,ПРИЧІП,1933
2018,440,440 - ПЕРЕРЕЄСТРАЦIЯ ПРИ ВТРАТІ СВIДОЦТВА ПРО РЕЄСТРАЦIЮ,ТРИЦИКЛ,3
2018,470,470 - ВИДАЧА ДУБЛІКАТУ ТИМЧ.ТАЛ.ДЛЯ МОПЕДІВ ПІСЛЯ ВТРАТИ АБО ЗМІНИ АНКЕТНИХ ДАНИХ ВЛАСНИКА,МОПЕД,2
2018,48,48 - ВТОРИННА РЕЄСТРАЦІЯ ТЗ ПО ДОГ. КУП.-ПРОД. УКЛАД. В ТСЦ (ПІСЛЯ 530 АБО 531),АВТОБУС,64
2018,48,48 - ВТОРИННА РЕЄСТРАЦІЯ ТЗ ПО ДОГ. КУП.-ПРОД. УКЛАД. В ТСЦ (ПІСЛЯ 530 АБО 531),ВАНТАЖНИЙ,943
2018,48,48 - ВТОРИННА РЕЄСТРАЦІЯ ТЗ ПО ДОГ. КУП.-ПРОД. УКЛАД. В ТСЦ (ПІСЛЯ 530 АБО 531),ЛЕГКОВИЙ,36370
2018,48,48 - ВТОРИННА РЕЄСТРАЦІЯ ТЗ ПО ДОГ. КУП.-ПРОД. УКЛАД. В ТСЦ (ПІСЛЯ 530 АБО 531),МОПЕД,7
2018,48,48 - ВТОРИННА РЕЄСТРАЦІЯ ТЗ ПО ДОГ. КУП.-ПРОД. УКЛАД. В ТСЦ (ПІСЛЯ 530 АБО 531),МОТОЦИКЛ,253
2018,48,48 - ВТОРИННА РЕЄСТРАЦІЯ ТЗ ПО ДОГ. КУП.-ПРОД. УКЛАД. В ТСЦ (ПІСЛЯ 530 АБО 531),НАПІВПРИЧІП,128
2018,48,48 - ВТОРИННА РЕЄСТРАЦІЯ ТЗ ПО ДОГ. КУП.-ПРОД. УКЛАД. В ТСЦ (ПІСЛЯ 530 АБО 531),ПРИЧІП,89
2018,48,48 - ВТОРИННА РЕЄСТРАЦІЯ ТЗ ПО ДОГ. КУП.-ПРОД. УКЛАД. В ТСЦ (ПІСЛЯ 530 АБО 531),ТРИЦИКЛ,1
2018,49,49 - ВТОРИННА РЕЄСТРАЦІЯ ТЗ ПО ДОГОВОРУ УКЛАДЕНОМУ В ТСЦ,АВТОБУС,3
2018,49,49 - ВТОРИННА РЕЄСТРАЦІЯ ТЗ ПО ДОГОВОРУ УКЛАДЕНОМУ В ТСЦ,ВАНТАЖНИЙ,29
2018,49,49 - ВТОРИННА РЕЄСТРАЦІЯ ТЗ ПО ДОГОВОРУ УКЛАДЕНОМУ В ТСЦ,ЛЕГКОВИЙ,88
2018,49,49 - ВТОРИННА РЕЄСТРАЦІЯ ТЗ ПО ДОГОВОРУ УКЛАДЕНОМУ В ТСЦ,МОТОЦИКЛ,10
2018,49,49 - ВТОРИННА РЕЄСТРАЦІЯ ТЗ ПО ДОГОВОРУ УКЛАДЕНОМУ В ТСЦ,НАПІВПРИЧІП,3
2018,49,49 - ВТОРИННА РЕЄСТРАЦІЯ ТЗ ПО ДОГОВОРУ УКЛАДЕНОМУ В ТСЦ,ПРИЧІП,6
2018,49,49 - ВТОРИННА РЕЄСТРАЦІЯ ТЗ ПО ДОГОВОРУ УКЛАДЕНОМУ В ТСЦ,ТРИЦИКЛ,1
2018,50,50 - ВТОРИННА РЕЄСТРАЦIЯ ТЗ ЗА ДОГОВОРОМ КУПIВЛI-ПРОДАЖУ,АВТОБУС,35
2018,50,50 - ВТОРИННА РЕЄСТРАЦIЯ ТЗ ЗА ДОГОВОРОМ КУПIВЛI-ПРОДАЖУ,ВАНТАЖНИЙ,268
2018,50,50 - ВТОРИННА РЕЄСТРАЦIЯ ТЗ ЗА ДОГОВОРОМ КУПIВЛI-ПРОДАЖУ,ЛЕГКОВИЙ,1525
2018,50,50 - ВТОРИННА РЕЄСТРАЦIЯ ТЗ ЗА ДОГОВОРОМ КУПIВЛI-ПРОДАЖУ,МОТОЦИКЛ,13
2018,50,50 - ВТОРИННА РЕЄСТРАЦIЯ ТЗ ЗА ДОГОВОРОМ КУПIВЛI-ПРОДАЖУ,НАПІВПРИЧІП,53
2018,50,50 - ВТОРИННА РЕЄСТРАЦIЯ ТЗ ЗА ДОГОВОРОМ КУПIВЛI-ПРОДАЖУ,ПРИЧІП,12
2018,50,50 - РЕЄСТРАЦIЯ ТЗ ЗА ДОГОВОРОМ КУПIВЛI-ПРОДАЖУ,ЛЕГКОВИЙ,4
2018,500,500 - ЗНЯТТЯ З ОБЛІКУ У ЗВ'ЯЗКУ ЗІ СКАСУВАННЯМ РЕЄСТРАЦІЇ,АВТОБУС,41
2018,500,500 - ЗНЯТТЯ З ОБЛІКУ У ЗВ'ЯЗКУ ЗІ СКАСУВАННЯМ РЕЄСТРАЦІЇ,ВАНТАЖНИЙ,19
2018,500,500 - ЗНЯТТЯ З ОБЛІКУ У ЗВ'ЯЗКУ ЗІ СКАСУВАННЯМ РЕЄСТРАЦІЇ,ЛЕГКОВИЙ,258
2018,500,500 - ЗНЯТТЯ З ОБЛІКУ У ЗВ'ЯЗКУ ЗІ СКАСУВАННЯМ РЕЄСТРАЦІЇ,МОПЕД,1
2018,500,500 - ЗНЯТТЯ З ОБЛІКУ У ЗВ'ЯЗКУ ЗІ СКАСУВАННЯМ РЕЄСТРАЦІЇ,МОТОЦИКЛ,5
2018,500,500 - ЗНЯТТЯ З ОБЛІКУ У ЗВ'ЯЗКУ ЗІ СКАСУВАННЯМ РЕЄСТРАЦІЇ,НАПІВПРИЧІП,2
2018,500,500 - ЗНЯТТЯ З ОБЛІКУ У ЗВ'ЯЗКУ ЗІ СКАСУВАННЯМ РЕЄСТРАЦІЇ,ПРИЧІП,3
2018,501,501 - СКАСУВАННЯ ЗНЯТТЯ З ОБЛІКУ ТЗ,ВАНТАЖНИЙ,4
2018,501,501 - СКАСУВАННЯ ЗНЯТТЯ З ОБЛІКУ ТЗ,ЛЕГКОВИЙ,18
2018,501,501 - СКАСУВАННЯ ЗНЯТТЯ З ОБЛІКУ ТЗ,НАПІВПРИЧІП,1
2018,502,502 -  СКАСУВАННЯ ПЕРЕРЕЄСТРАЦІЇ,АВТОБУС,22
2018,502,502 -  СКАСУВАННЯ ПЕРЕРЕЄСТРАЦІЇ,ВАНТАЖНИЙ,3
2018,502,502 -  СКАСУВАННЯ ПЕРЕРЕЄСТРАЦІЇ,ЛЕГКОВИЙ,37
2018,502,502 -  СКАСУВАННЯ ПЕРЕРЕЄСТРАЦІЇ,НАПІВПРИЧІП,2
2018,502,502 - СКАСУВАННЯ ПЕРЕРЕЄСТРАЦІЇ,ЛЕГКОВИЙ,2
2018,508,"508 -  ПЕРЕРЕЄСТРАЦІЯ ТЗ, В ЗВ’ЯЗКУ ІЗ РОЗІРВАННЯМ НОТАРІАЛЬНО ПОСВІДЧЕНОГО ДКП ЗА ЗГОДОЮ ",ЛЕГКОВИЙ,1
2018,51,51 - ВТОРИННА РЕЄСТРАЦIЯ ТЗ ЗА ДОГОВОРОМ МІНИ (ОФОРМЛЕНО НОТАРІАЛЬНО),ЛЕГКОВИЙ,1
2018,51,51 - РЕЄСТРАЦIЯ ТЗ ЗА ДОГОВОРОМ МІНИ,ЛЕГКОВИЙ,1
2018,520,520 - ЗНЯТТЯ З ОБЛIКУ ПРИ ВИЇЗДІ ЗА КОРДОН НА ПОСТ. МІСЦЕ ПРОЖИВ.,ВАНТАЖНИЙ,2
2018,520,520 - ЗНЯТТЯ З ОБЛIКУ ПРИ ВИЇЗДІ ЗА КОРДОН НА ПОСТ. МІСЦЕ ПРОЖИВ.,ЛЕГКОВИЙ,39
2018,520,520 - ЗНЯТТЯ З ОБЛIКУ ПРИ ВИЇЗДІ ЗА КОРДОН НА ПОСТ. МІСЦЕ ПРОЖИВ.,МОТОЦИКЛ,3
2018,520,520 - ЗНЯТТЯ З ОБЛIКУ ПРИ ВИЇЗДІ ЗА КОРДОН НА ПОСТ. МІСЦЕ ПРОЖИВ.,ПРИЧІП,3
2018,520,520 - ЗНЯТТЯ З ОБЛIКУ ПРИ ВИВЕЗЕНІ ЗА КОРДОН,АВТОБУС,3
2018,520,520 - ЗНЯТТЯ З ОБЛIКУ ПРИ ВИВЕЗЕНІ ЗА КОРДОН,ВАНТАЖНИЙ,17
2018,520,520 - ЗНЯТТЯ З ОБЛIКУ ПРИ ВИВЕЗЕНІ ЗА КОРДОН,ЛЕГКОВИЙ,39
2018,520,520 - ЗНЯТТЯ З ОБЛIКУ ПРИ ВИВЕЗЕНІ ЗА КОРДОН,МОТОЦИКЛ,15
2018,520,520 - ЗНЯТТЯ З ОБЛIКУ ПРИ ВИВЕЗЕНІ ЗА КОРДОН,НАПІВПРИЧІП,3
2018,520,520 - ЗНЯТТЯ З ОБЛIКУ ПРИ ВИВЕЗЕНІ ЗА КОРДОН,ПРИЧІП,30
2018,520,520 - ЗНЯТТЯ З ОБЛIКУ ПРИ ВИВЕЗЕННІ ЗА КОРДОН,АВТОБУС,1
2018,520,520 - ЗНЯТТЯ З ОБЛIКУ ПРИ ВИВЕЗЕННІ ЗА КОРДОН,ВАНТАЖНИЙ,7
2018,520,520 - ЗНЯТТЯ З ОБЛIКУ ПРИ ВИВЕЗЕННІ ЗА КОРДОН,ЛЕГКОВИЙ,29
2018,520,520 - ЗНЯТТЯ З ОБЛIКУ ПРИ ВИВЕЗЕННІ ЗА КОРДОН,МОПЕД,1
2018,520,520 - ЗНЯТТЯ З ОБЛIКУ ПРИ ВИВЕЗЕННІ ЗА КОРДОН,МОТОЦИКЛ,8
2018,520,520 - ЗНЯТТЯ З ОБЛIКУ ПРИ ВИВЕЗЕННІ ЗА КОРДОН,НАПІВПРИЧІП,6
2018,520,520 - ЗНЯТТЯ З ОБЛIКУ ПРИ ВИВЕЗЕННІ ЗА КОРДОН,ПРИЧІП,15
2018,530,530 - ЗНЯТТЯ З ОБЛIКУ ДЛЯ РЕАЛIЗАЦIЇ,АВТОБУС,383
2018,530,530 - ЗНЯТТЯ З ОБЛIКУ ДЛЯ РЕАЛIЗАЦIЇ,ВАНТАЖНИЙ,4837
2018,530,530 - ЗНЯТТЯ З ОБЛIКУ ДЛЯ РЕАЛIЗАЦIЇ,ЛЕГКОВИЙ,62251
2018,530,530 - ЗНЯТТЯ З ОБЛIКУ ДЛЯ РЕАЛIЗАЦIЇ,МОПЕД,20
2018,530,530 - ЗНЯТТЯ З ОБЛIКУ ДЛЯ РЕАЛIЗАЦIЇ,МОТОЦИКЛ,645
2018,530,530 - ЗНЯТТЯ З ОБЛIКУ ДЛЯ РЕАЛIЗАЦIЇ,НАПІВПРИЧІП,772
2018,530,530 - ЗНЯТТЯ З ОБЛIКУ ДЛЯ РЕАЛIЗАЦIЇ,ПРИЧІП,525
2018,530,530 - ЗНЯТТЯ З ОБЛIКУ ДЛЯ РЕАЛIЗАЦIЇ,ТРИЦИКЛ,1
2018,534,534 - ЗНЯТТЯ З ОБЛІКУ ЗА АКТОМ ПРИЙОМА-ПЕРЕДАЧІ,АВТОБУС,15
2018,534,534 - ЗНЯТТЯ З ОБЛІКУ ЗА АКТОМ ПРИЙОМА-ПЕРЕДАЧІ,ВАНТАЖНИЙ,50
2018,534,534 - ЗНЯТТЯ З ОБЛІКУ ЗА АКТОМ ПРИЙОМА-ПЕРЕДАЧІ,ЛЕГКОВИЙ,111
2018,534,534 - ЗНЯТТЯ З ОБЛІКУ ЗА АКТОМ ПРИЙОМА-ПЕРЕДАЧІ,НАПІВПРИЧІП,28
2018,534,534 - ЗНЯТТЯ З ОБЛІКУ ЗА АКТОМ ПРИЙОМА-ПЕРЕДАЧІ,ПРИЧІП,1
2018,535,535 - ЗНЯТТЯ З ОБЛІКУ ЗА ДОГОВОРОМ ФІНАНСОВОГО ЛІЗИНГУ,АВТОБУС,93
2018,535,535 - ЗНЯТТЯ З ОБЛІКУ ЗА ДОГОВОРОМ ФІНАНСОВОГО ЛІЗИНГУ,ВАНТАЖНИЙ,976
2018,535,535 - ЗНЯТТЯ З ОБЛІКУ ЗА ДОГОВОРОМ ФІНАНСОВОГО ЛІЗИНГУ,ЛЕГКОВИЙ,2555
2018,535,535 - ЗНЯТТЯ З ОБЛІКУ ЗА ДОГОВОРОМ ФІНАНСОВОГО ЛІЗИНГУ,НАПІВПРИЧІП,203
2018,535,535 - ЗНЯТТЯ З ОБЛІКУ ЗА ДОГОВОРОМ ФІНАНСОВОГО ЛІЗИНГУ,ПРИЧІП,125
2018,54,"54 - ВТОРИННА РЕЄСТРАЦІЯ ТЗ НА НОВОГО ВЛАСНИКА ЗА ІНШИМ ДОГОВОРОМ, УГОДОЮ (КОНТРАКТОМ)",АВТОБУС,3
2018,54,"54 - ВТОРИННА РЕЄСТРАЦІЯ ТЗ НА НОВОГО ВЛАСНИКА ЗА ІНШИМ ДОГОВОРОМ, УГОДОЮ (КОНТРАКТОМ)",ВАНТАЖНИЙ,11
2018,54,"54 - ВТОРИННА РЕЄСТРАЦІЯ ТЗ НА НОВОГО ВЛАСНИКА ЗА ІНШИМ ДОГОВОРОМ, УГОДОЮ (КОНТРАКТОМ)",ЛЕГКОВИЙ,40
2018,54,"54 - ВТОРИННА РЕЄСТРАЦІЯ ТЗ НА НОВОГО ВЛАСНИКА ЗА ІНШИМ ДОГОВОРОМ, УГОДОЮ (КОНТРАКТОМ)",МОТОЦИКЛ,1
2018,54,"54 - ВТОРИННА РЕЄСТРАЦІЯ ТЗ НА НОВОГО ВЛАСНИКА ЗА ІНШИМ ДОГОВОРОМ, УГОДОЮ (КОНТРАКТОМ)",НАПІВПРИЧІП,3
2018,54,"54 - ВТОРИННА РЕЄСТРАЦІЯ ТЗ НА НОВОГО ВЛАСНИКА ЗА ІНШИМ ДОГОВОРОМ, УГОДОЮ (КОНТРАКТОМ)",ПРИЧІП,3
2018,540,540 - ЗНЯТТЯ З ОБЛIКУ У ЗВ`ЯЗКУ З ВИБРАКОВКОЮ,АВТОБУС,909
2018,540,540 - ЗНЯТТЯ З ОБЛIКУ У ЗВ`ЯЗКУ З ВИБРАКОВКОЮ,ВАНТАЖНИЙ,4857
2018,540,540 - ЗНЯТТЯ З ОБЛIКУ У ЗВ`ЯЗКУ З ВИБРАКОВКОЮ,ЛЕГКОВИЙ,8578
2018,540,540 - ЗНЯТТЯ З ОБЛIКУ У ЗВ`ЯЗКУ З ВИБРАКОВКОЮ,МОПЕД,129
2018,540,540 - ЗНЯТТЯ З ОБЛIКУ У ЗВ`ЯЗКУ З ВИБРАКОВКОЮ,МОТОЦИКЛ,592
2018,540,540 - ЗНЯТТЯ З ОБЛIКУ У ЗВ`ЯЗКУ З ВИБРАКОВКОЮ,НАПІВПРИЧІП,548
2018,540,540 - ЗНЯТТЯ З ОБЛIКУ У ЗВ`ЯЗКУ З ВИБРАКОВКОЮ,ПРИЧІП,387
2018,540,540 - ЗНЯТТЯ З ОБЛIКУ У ЗВ`ЯЗКУ З ВИБРАКОВКОЮ,СПЕЦІАЛІЗОВАНІ,2
2018,550,550 - ЗНЯТТЯ З ОБЛIКУ ТЗ ВВЕЗЕНОГО ПIД ЗОБОВ. ПРО ЗВОР. ВИВЕЗЕННЯ,АВТОБУС,1
2018,550,550 - ЗНЯТТЯ З ОБЛIКУ ТЗ ВВЕЗЕНОГО ПIД ЗОБОВ. ПРО ЗВОР. ВИВЕЗЕННЯ,ВАНТАЖНИЙ,10
2018,550,550 - ЗНЯТТЯ З ОБЛIКУ ТЗ ВВЕЗЕНОГО ПIД ЗОБОВ. ПРО ЗВОР. ВИВЕЗЕННЯ,ЛЕГКОВИЙ,786
2018,550,550 - ЗНЯТТЯ З ОБЛIКУ ТЗ ВВЕЗЕНОГО ПIД ЗОБОВ. ПРО ЗВОР. ВИВЕЗЕННЯ,МОТОЦИКЛ,4
2018,550,550 - ЗНЯТТЯ З ОБЛIКУ ТЗ ВВЕЗЕНОГО ПIД ЗОБОВ. ПРО ЗВОР. ВИВЕЗЕННЯ,НАПІВПРИЧІП,8
2018,550,550 - ЗНЯТТЯ З ОБЛIКУ ТЗ ВВЕЗЕНОГО ПIД ЗОБОВ. ПРО ЗВОР. ВИВЕЗЕННЯ,ПРИЧІП,1
2018,560,560 -  ЗНЯТТЯ З ОБЛІКУ ПРИ ПОВЕРНЕННІ ІЗ ПОЇЗДКИ ЗА КОРДОН ПО ДОРУЧ.,АВТОБУС,814
2018,560,560 -  ЗНЯТТЯ З ОБЛІКУ ПРИ ПОВЕРНЕННІ ІЗ ПОЇЗДКИ ЗА КОРДОН ПО ДОРУЧ.,ВАНТАЖНИЙ,3687
2018,560,560 -  ЗНЯТТЯ З ОБЛІКУ ПРИ ПОВЕРНЕННІ ІЗ ПОЇЗДКИ ЗА КОРДОН ПО ДОРУЧ.,ЛЕГКОВИЙ,4169
2018,560,560 -  ЗНЯТТЯ З ОБЛІКУ ПРИ ПОВЕРНЕННІ ІЗ ПОЇЗДКИ ЗА КОРДОН ПО ДОРУЧ.,МОТОЦИКЛ,32
2018,560,560 -  ЗНЯТТЯ З ОБЛІКУ ПРИ ПОВЕРНЕННІ ІЗ ПОЇЗДКИ ЗА КОРДОН ПО ДОРУЧ.,НАПІВПРИЧІП,2383
2018,560,560 -  ЗНЯТТЯ З ОБЛІКУ ПРИ ПОВЕРНЕННІ ІЗ ПОЇЗДКИ ЗА КОРДОН ПО ДОРУЧ.,ПРИЧІП,298
2018,570,570 - ЗНЯТТЯ З ОБЛІКУ У ЗВ`ЯЗКУ ЗI ЗМIНОЮ ДЕРЖАВНОГО ОРГАНУ РЕЄСТРАЦІЇ,АВТОБУС,5
2018,570,570 - ЗНЯТТЯ З ОБЛІКУ У ЗВ`ЯЗКУ ЗI ЗМIНОЮ ДЕРЖАВНОГО ОРГАНУ РЕЄСТРАЦІЇ,ВАНТАЖНИЙ,66
2018,570,570 - ЗНЯТТЯ З ОБЛІКУ У ЗВ`ЯЗКУ ЗI ЗМIНОЮ ДЕРЖАВНОГО ОРГАНУ РЕЄСТРАЦІЇ,ЛЕГКОВИЙ,62
2018,570,570 - ЗНЯТТЯ З ОБЛІКУ У ЗВ`ЯЗКУ ЗI ЗМIНОЮ ДЕРЖАВНОГО ОРГАНУ РЕЄСТРАЦІЇ,ПРИЧІП,4
2018,580,580 - ЗНЯТТЯ З ОБЛІКУ ТЗ ДЛЯ ПОВЕРНЕННЯ ОРГАНАМ СОЦ. ЗАХИСТУ,ЛЕГКОВИЙ,3
2018,60,60 - ВТОРИННА РЕЄСТРАЦІЯ ТЗ ЗА ДОГОВОРОМ ДАРУВАННЯ (ОФОРМЛЕНО НОТАРІАЛЬНО),ЛЕГКОВИЙ,3
2018,60,60 - РЕЄСТРАЦIЯ ТЗ ЗА ДОГОВОРОМ ДАРУВАННЯ,АВТОБУС,1
2018,60,60 - РЕЄСТРАЦIЯ ТЗ ЗА ДОГОВОРОМ ДАРУВАННЯ,ВАНТАЖНИЙ,5
2018,60,60 - РЕЄСТРАЦIЯ ТЗ ЗА ДОГОВОРОМ ДАРУВАННЯ,ЛЕГКОВИЙ,14
2018,60,60 - РЕЄСТРАЦIЯ ТЗ ЗА ДОГОВОРОМ ДАРУВАННЯ,МОПЕД,1
2018,60,60 - РЕЄСТРАЦIЯ ТЗ ЗА ДОГОВОРОМ ДАРУВАННЯ,МОТОЦИКЛ,1
2018,60,60 - РЕЄСТРАЦIЯ ТЗ ЗА ДОГОВОРОМ ДАРУВАННЯ,ПРИЧІП,2
2018,61,61 - РЕЄСТРАЦIЯ ТЗ ПО УСПАДКУВАННЮ ЗА ЗАПОВIТОМ,ЛЕГКОВИЙ,20
2018,61,61 - РЕЄСТРАЦIЯ ТЗ ПО УСПАДКУВАННЮ ЗА ЗАПОВIТОМ,ПРИЧІП,5
2018,62,62 - РЕЄСТРАЦIЯ ТЗ ПО УСПАДКУВАННЮ ЗА ЗАКОНОМ,АВТОБУС,1
2018,62,62 - РЕЄСТРАЦIЯ ТЗ ПО УСПАДКУВАННЮ ЗА ЗАКОНОМ,ВАНТАЖНИЙ,5
2018,62,62 - РЕЄСТРАЦIЯ ТЗ ПО УСПАДКУВАННЮ ЗА ЗАКОНОМ,ЛЕГКОВИЙ,199
2018,62,62 - РЕЄСТРАЦIЯ ТЗ ПО УСПАДКУВАННЮ ЗА ЗАКОНОМ,МОТОЦИКЛ,3
2018,62,62 - РЕЄСТРАЦIЯ ТЗ ПО УСПАДКУВАННЮ ЗА ЗАКОНОМ,НАПІВПРИЧІП,3
2018,62,62 - РЕЄСТРАЦIЯ ТЗ ПО УСПАДКУВАННЮ ЗА ЗАКОНОМ,ПРИЧІП,6
2018,63,63 - РЕЄСТРАЦIЯ ТЗ У ЗВ`ЯЗКУ З ПЕРЕДАЧЕЮ ДО СТАТУТНОГО ФОНДУ,АВТОБУС,2
2018,63,63 - РЕЄСТРАЦIЯ ТЗ У ЗВ`ЯЗКУ З ПЕРЕДАЧЕЮ ДО СТАТУТНОГО ФОНДУ,ВАНТАЖНИЙ,18
2018,63,63 - РЕЄСТРАЦIЯ ТЗ У ЗВ`ЯЗКУ З ПЕРЕДАЧЕЮ ДО СТАТУТНОГО ФОНДУ,ЛЕГКОВИЙ,3
2018,63,63 - РЕЄСТРАЦIЯ ТЗ У ЗВ`ЯЗКУ З ПЕРЕДАЧЕЮ ДО СТАТУТНОГО ФОНДУ,НАПІВПРИЧІП,14
2018,64,64 - РЕЄСТРАЦІЯ КОНФІСКОВАНОГО ТЗ,ВАНТАЖНИЙ,4
2018,64,64 - РЕЄСТРАЦІЯ КОНФІСКОВАНОГО ТЗ,ЛЕГКОВИЙ,47
2018,64,64 - РЕЄСТРАЦІЯ КОНФІСКОВАНОГО ТЗ,МОПЕД,2
2018,64,64 - РЕЄСТРАЦІЯ КОНФІСКОВАНОГО ТЗ,МОТОЦИКЛ,13
2018,64,64 - РЕЄСТРАЦІЯ КОНФІСКОВАНОГО ТЗ,НАПІВПРИЧІП,3
2018,64,64 - РЕЄСТРАЦІЯ КОНФІСКОВАНОГО ТЗ,ПРИЧІП,2
2018,65,65 - РЕЄСТРАЦIЯ ТЗ ЗА РІШЕННЯМ СУДУ,АВТОБУС,2
2018,65,65 - РЕЄСТРАЦIЯ ТЗ ЗА РІШЕННЯМ СУДУ,ВАНТАЖНИЙ,22
2018,65,65 - РЕЄСТРАЦIЯ ТЗ ЗА РІШЕННЯМ СУДУ,ЛЕГКОВИЙ,242
2018,65,65 - РЕЄСТРАЦIЯ ТЗ ЗА РІШЕННЯМ СУДУ,МОТОЦИКЛ,15
2018,65,65 - РЕЄСТРАЦIЯ ТЗ ЗА РІШЕННЯМ СУДУ,НАПІВПРИЧІП,1
2018,65,65 - РЕЄСТРАЦIЯ ТЗ ЗА РІШЕННЯМ СУДУ,ПРИЧІП,7
2018,69,69 - РЕЄСТРАЦІЯ НОВИХ ТЗ ПО АКТУ ПРИЙОМУ-ПЕРЕДАЧІ (ДОД. 6),АВТОБУС,229
2018,69,69 - РЕЄСТРАЦІЯ НОВИХ ТЗ ПО АКТУ ПРИЙОМУ-ПЕРЕДАЧІ (ДОД. 6),ВАНТАЖНИЙ,282
2018,69,69 - РЕЄСТРАЦІЯ НОВИХ ТЗ ПО АКТУ ПРИЙОМУ-ПЕРЕДАЧІ (ДОД. 6),ЛЕГКОВИЙ,112
2018,69,69 - РЕЄСТРАЦІЯ НОВИХ ТЗ ПО АКТУ ПРИЙОМУ-ПЕРЕДАЧІ (ДОД. 6),МОТОЦИКЛ,1
2018,69,69 - РЕЄСТРАЦІЯ НОВИХ ТЗ ПО АКТУ ПРИЙОМУ-ПЕРЕДАЧІ (ДОД. 6),НАПІВПРИЧІП,42
2018,69,69 - РЕЄСТРАЦІЯ НОВИХ ТЗ ПО АКТУ ПРИЙОМУ-ПЕРЕДАЧІ (ДОД. 6),ПРИЧІП,8018
2018,69,69 - РЕЄСТРАЦІЯ ТЗ ПО АКТУ ПРИЙОМУ-ПЕРЕДАЧІ,АВТОБУС,299
2018,69,69 - РЕЄСТРАЦІЯ ТЗ ПО АКТУ ПРИЙОМУ-ПЕРЕДАЧІ,ВАНТАЖНИЙ,623
2018,69,69 - РЕЄСТРАЦІЯ ТЗ ПО АКТУ ПРИЙОМУ-ПЕРЕДАЧІ,ЛЕГКОВИЙ,563
2018,69,69 - РЕЄСТРАЦІЯ ТЗ ПО АКТУ ПРИЙОМУ-ПЕРЕДАЧІ,МОТОЦИКЛ,25
2018,69,69 - РЕЄСТРАЦІЯ ТЗ ПО АКТУ ПРИЙОМУ-ПЕРЕДАЧІ,НАПІВПРИЧІП,118
2018,69,69 - РЕЄСТРАЦІЯ ТЗ ПО АКТУ ПРИЙОМУ-ПЕРЕДАЧІ,ПРИЧІП,14586
2018,69,69 - РЕЄСТРАЦІЯ ТЗ ПО АКТУ ПРИЙОМУ-ПЕРЕДАЧІ (ДОД. 6),ВАНТАЖНИЙ,14
2018,69,69 - РЕЄСТРАЦІЯ ТЗ ПО АКТУ ПРИЙОМУ-ПЕРЕДАЧІ (ДОД. 6),ЛЕГКОВИЙ,4
2018,69,69 - РЕЄСТРАЦІЯ ТЗ ПО АКТУ ПРИЙОМУ-ПЕРЕДАЧІ (ДОД. 6),ПРИЧІП,62
2018,70,70 - РЕЄСТРАЦIЯ ТЗ ПРИВЕЗЕНОГО З-ЗА КОРДОНУ,ВАНТАЖНИЙ,3
2018,70,70 - РЕЄСТРАЦIЯ ТЗ ПРИВЕЗЕНОГО З-ЗА КОРДОНУ,НАПІВПРИЧІП,2
2018,70,70 - РЕЄСТРАЦIЯ ТЗ ПРИВЕЗЕНОГО З-ЗА КОРДОНУ ПО ВМД,АВТОБУС,234
2018,70,70 - РЕЄСТРАЦIЯ ТЗ ПРИВЕЗЕНОГО З-ЗА КОРДОНУ ПО ВМД,ВАНТАЖНИЙ,3909
2018,70,70 - РЕЄСТРАЦIЯ ТЗ ПРИВЕЗЕНОГО З-ЗА КОРДОНУ ПО ВМД,КВАДРОЦИКЛ,1
2018,70,70 - РЕЄСТРАЦIЯ ТЗ ПРИВЕЗЕНОГО З-ЗА КОРДОНУ ПО ВМД,ЛЕГКОВИЙ,3989
2018,70,70 - РЕЄСТРАЦIЯ ТЗ ПРИВЕЗЕНОГО З-ЗА КОРДОНУ ПО ВМД,МОПЕД,5
2018,70,70 - РЕЄСТРАЦIЯ ТЗ ПРИВЕЗЕНОГО З-ЗА КОРДОНУ ПО ВМД,МОТОЦИКЛ,256
2018,70,70 - РЕЄСТРАЦIЯ ТЗ ПРИВЕЗЕНОГО З-ЗА КОРДОНУ ПО ВМД,НАПІВПРИЧІП,2887
2018,70,70 - РЕЄСТРАЦIЯ ТЗ ПРИВЕЗЕНОГО З-ЗА КОРДОНУ ПО ВМД,ПРИЧІП,270
2018,70,70 - РЕЄСТРАЦIЯ ТЗ ПРИВЕЗЕНОГО З-ЗА КОРДОНУ ПО ВМД,ТРИЦИКЛ,8
2018,71,71 - РЕЄСТРАЦІЯ ТЗ ПРИВЕЗЕНОГО З-ЗА КОРДОНУ ПО ПОСВІДЧЕННЮ МИТНИЦІ,АВТОБУС,65
2018,71,71 - РЕЄСТРАЦІЯ ТЗ ПРИВЕЗЕНОГО З-ЗА КОРДОНУ ПО ПОСВІДЧЕННЮ МИТНИЦІ,ВАНТАЖНИЙ,1853
2018,71,71 - РЕЄСТРАЦІЯ ТЗ ПРИВЕЗЕНОГО З-ЗА КОРДОНУ ПО ПОСВІДЧЕННЮ МИТНИЦІ,ЛЕГКОВИЙ,20022
2018,71,71 - РЕЄСТРАЦІЯ ТЗ ПРИВЕЗЕНОГО З-ЗА КОРДОНУ ПО ПОСВІДЧЕННЮ МИТНИЦІ,МОПЕД,8
2018,71,71 - РЕЄСТРАЦІЯ ТЗ ПРИВЕЗЕНОГО З-ЗА КОРДОНУ ПО ПОСВІДЧЕННЮ МИТНИЦІ,МОТОЦИКЛ,853
2018,71,71 - РЕЄСТРАЦІЯ ТЗ ПРИВЕЗЕНОГО З-ЗА КОРДОНУ ПО ПОСВІДЧЕННЮ МИТНИЦІ,НАПІВПРИЧІП,542
2018,71,71 - РЕЄСТРАЦІЯ ТЗ ПРИВЕЗЕНОГО З-ЗА КОРДОНУ ПО ПОСВІДЧЕННЮ МИТНИЦІ,ПРИЧІП,515
2018,71,71 - РЕЄСТРАЦІЯ ТЗ ПРИВЕЗЕНОГО З-ЗА КОРДОНУ ПО ПОСВІДЧЕННЮ МИТНИЦІ,ТРИЦИКЛ,1
2018,72,"72 - РЕЄСТРАЦІЯ НОВОГО ТЗ, ПРИВЕЗЕНОГО З-ЗА КОРДОНУ ПО ВМД",АВТОБУС,14
2018,72,"72 - РЕЄСТРАЦІЯ НОВОГО ТЗ, ПРИВЕЗЕНОГО З-ЗА КОРДОНУ ПО ВМД",ВАНТАЖНИЙ,75
2018,72,"72 - РЕЄСТРАЦІЯ НОВОГО ТЗ, ПРИВЕЗЕНОГО З-ЗА КОРДОНУ ПО ВМД",КВАДРОЦИКЛ,9
2018,72,"72 - РЕЄСТРАЦІЯ НОВОГО ТЗ, ПРИВЕЗЕНОГО З-ЗА КОРДОНУ ПО ВМД",ЛЕГКОВИЙ,93
2018,72,"72 - РЕЄСТРАЦІЯ НОВОГО ТЗ, ПРИВЕЗЕНОГО З-ЗА КОРДОНУ ПО ВМД",МОТОЦИКЛ,4
2018,72,"72 - РЕЄСТРАЦІЯ НОВОГО ТЗ, ПРИВЕЗЕНОГО З-ЗА КОРДОНУ ПО ВМД",НАПІВПРИЧІП,60
2018,72,"72 - РЕЄСТРАЦІЯ НОВОГО ТЗ, ПРИВЕЗЕНОГО З-ЗА КОРДОНУ ПО ВМД",ПРИЧІП,3
2018,80,80 - РЕЄСТРАЦIЯ ТЗ ПРИДБАНОГО НА АУКЦІОНІ ТОВАР. БIРЖI,ВАНТАЖНИЙ,7
2018,80,80 - РЕЄСТРАЦIЯ ТЗ ПРИДБАНОГО НА АУКЦІОНІ ТОВАР. БIРЖI,ЛЕГКОВИЙ,17
2018,80,80 - РЕЄСТРАЦIЯ ТЗ ПРИДБАНОГО НА АУКЦІОНІ ТОВАР. БIРЖI,НАПІВПРИЧІП,3
2018,80,80 - РЕЄСТРАЦIЯ ТЗ ПРИДБАНОГО НА АУКЦІОНІ ТОВАР. БIРЖI,ПРИЧІП,5
2018,80,80 - РЕЄСТРАЦIЯ ТЗ ПРИДБАНОГО НА АУКЦІОНІ ТОВАР. БІРЖІ,АВТОБУС,3
2018,80,80 - РЕЄСТРАЦIЯ ТЗ ПРИДБАНОГО НА АУКЦІОНІ ТОВАР. БІРЖІ,ВАНТАЖНИЙ,20
2018,80,80 - РЕЄСТРАЦIЯ ТЗ ПРИДБАНОГО НА АУКЦІОНІ ТОВАР. БІРЖІ,ЛЕГКОВИЙ,41
2018,80,80 - РЕЄСТРАЦIЯ ТЗ ПРИДБАНОГО НА АУКЦІОНІ ТОВАР. БІРЖІ,МОТОЦИКЛ,3
2018,80,80 - РЕЄСТРАЦIЯ ТЗ ПРИДБАНОГО НА АУКЦІОНІ ТОВАР. БІРЖІ,НАПІВПРИЧІП,1
2018,80,80 - РЕЄСТРАЦIЯ ТЗ ПРИДБАНОГО НА АУКЦІОНІ ТОВАР. БІРЖІ,ПРИЧІП,4
2018,80,"80 - РЕЄСТРАЦІЯ ТЗ ПРИДБАНОГО НА АУКЦІОНІ, ЕЛЕКТРОННИХ ТОРГАХ, ТОВАРНІЙ БІРЖІ",АВТОБУС,1
2018,80,"80 - РЕЄСТРАЦІЯ ТЗ ПРИДБАНОГО НА АУКЦІОНІ, ЕЛЕКТРОННИХ ТОРГАХ, ТОВАРНІЙ БІРЖІ",ВАНТАЖНИЙ,6
2018,80,"80 - РЕЄСТРАЦІЯ ТЗ ПРИДБАНОГО НА АУКЦІОНІ, ЕЛЕКТРОННИХ ТОРГАХ, ТОВАРНІЙ БІРЖІ",ЛЕГКОВИЙ,6
2018,90,90 - РЕЄСТРАЦIЯ ТЗ ПРИДБАНОГО З ФОНДІВ МІН. ОБОРОНИ,ВАНТАЖНИЙ,84
2018,90,90 - РЕЄСТРАЦIЯ ТЗ ПРИДБАНОГО З ФОНДІВ МІН. ОБОРОНИ,ЛЕГКОВИЙ,2
2018,90,90 - РЕЄСТРАЦIЯ ТЗ ПРИДБАНОГО З ФОНДІВ МІН. ОБОРОНИ,ПРИЧІП,11
2018,99,"99 - ПЕРВИННА РЕЄСТРАЦІЯ ТЗ ПРИДБАНОГО В ТОРГІВЕЛЬНІЙ ОРГАНІЗАЦІЇ, ЯКИЙ ВИГОТОВЛЕНО В УКРА",АВТОБУС,555
2018,99,"99 - ПЕРВИННА РЕЄСТРАЦІЯ ТЗ ПРИДБАНОГО В ТОРГІВЕЛЬНІЙ ОРГАНІЗАЦІЇ, ЯКИЙ ВИГОТОВЛЕНО В УКРА",ВАНТАЖНИЙ,1610
2018,99,"99 - ПЕРВИННА РЕЄСТРАЦІЯ ТЗ ПРИДБАНОГО В ТОРГІВЕЛЬНІЙ ОРГАНІЗАЦІЇ, ЯКИЙ ВИГОТОВЛЕНО В УКРА",ЛЕГКОВИЙ,6170
2018,99,"99 - ПЕРВИННА РЕЄСТРАЦІЯ ТЗ ПРИДБАНОГО В ТОРГІВЕЛЬНІЙ ОРГАНІЗАЦІЇ, ЯКИЙ ВИГОТОВЛЕНО В УКРА",МОТОЦИКЛ,16
2018,99,"99 - ПЕРВИННА РЕЄСТРАЦІЯ ТЗ ПРИДБАНОГО В ТОРГІВЕЛЬНІЙ ОРГАНІЗАЦІЇ, ЯКИЙ ВИГОТОВЛЕНО В УКРА",НАПІВПРИЧІП,116
2018,99,"99 - ПЕРВИННА РЕЄСТРАЦІЯ ТЗ ПРИДБАНОГО В ТОРГІВЕЛЬНІЙ ОРГАНІЗАЦІЇ, ЯКИЙ ВИГОТОВЛЕНО В УКРА",ПРИЧІП,9491
2020,10,ВТОРИННА РЕЄСТРАЦIЯ ТЗ ПО АКТУ ПРИЙМАННЯ ПЕРЕДАЧІ(ДОД.2),АВТОБУС,1
2020,10,ВТОРИННА РЕЄСТРАЦIЯ ТЗ ПО АКТУ ПРИЙМАННЯ ПЕРЕДАЧІ(ДОД.2),ЛЕГКОВИЙ,3
2020,10,ВТОРИННА РЕЄСТРАЦIЯ ТЗ ПО АКТУ ПРИЙМАННЯ ПЕРЕДАЧІ(ДОД.2),МОТОЦИКЛ,2
2020,100,"ПЕРВИННА РЕЄСТРАЦIЯ Б/В ТЗ ПРИДБАНОГО В ТОРГІВЕЛЬНІЙ ОРГАНІЗАЦІЇ, ЯКИЙ ВВЕЗЕНО З-ЗА КОРДОН",АВТОБУС,678
2020,100,"ПЕРВИННА РЕЄСТРАЦIЯ Б/В ТЗ ПРИДБАНОГО В ТОРГІВЕЛЬНІЙ ОРГАНІЗАЦІЇ, ЯКИЙ ВВЕЗЕНО З-ЗА КОРДОН",ВАНТАЖНИЙ,26003
2020,100,"ПЕРВИННА РЕЄСТРАЦIЯ Б/В ТЗ ПРИДБАНОГО В ТОРГІВЕЛЬНІЙ ОРГАНІЗАЦІЇ, ЯКИЙ ВВЕЗЕНО З-ЗА КОРДОН",ЛЕГКОВИЙ,85911
2020,100,"ПЕРВИННА РЕЄСТРАЦIЯ Б/В ТЗ ПРИДБАНОГО В ТОРГІВЕЛЬНІЙ ОРГАНІЗАЦІЇ, ЯКИЙ ВВЕЗЕНО З-ЗА КОРДОН",МОПЕД,97
2020,100,"ПЕРВИННА РЕЄСТРАЦIЯ Б/В ТЗ ПРИДБАНОГО В ТОРГІВЕЛЬНІЙ ОРГАНІЗАЦІЇ, ЯКИЙ ВВЕЗЕНО З-ЗА КОРДОН",МОТОЦИКЛ,2874
2020,100,"ПЕРВИННА РЕЄСТРАЦIЯ Б/В ТЗ ПРИДБАНОГО В ТОРГІВЕЛЬНІЙ ОРГАНІЗАЦІЇ, ЯКИЙ ВВЕЗЕНО З-ЗА КОРДОН",НАПІВПРИЧІП,7948
2020,100,"ПЕРВИННА РЕЄСТРАЦIЯ Б/В ТЗ ПРИДБАНОГО В ТОРГІВЕЛЬНІЙ ОРГАНІЗАЦІЇ, ЯКИЙ ВВЕЗЕНО З-ЗА КОРДОН",ПРИЧІП,486
2020,100,"ПЕРВИННА РЕЄСТРАЦIЯ Б/В ТЗ ПРИДБАНОГО В ТОРГІВЕЛЬНІЙ ОРГАНІЗАЦІЇ, ЯКИЙ ВВЕЗЕНО З-ЗА КОРДОН",ТРИЦИКЛ,2
2020,105,"ПЕРВИННА РЕЄСТРАЦІЯ НОВОГО ТЗ ПРИДБАНОГО В ТОРГІВЕЛЬНІЙ ОРГАНІЗАЦІЇ, ЯКИЙ ВВЕЗЕНО З-ЗА КОР",АВТОБУС,532
2020,105,"ПЕРВИННА РЕЄСТРАЦІЯ НОВОГО ТЗ ПРИДБАНОГО В ТОРГІВЕЛЬНІЙ ОРГАНІЗАЦІЇ, ЯКИЙ ВВЕЗЕНО З-ЗА КОР",ВАНТАЖНИЙ,6617
2020,105,"ПЕРВИННА РЕЄСТРАЦІЯ НОВОГО ТЗ ПРИДБАНОГО В ТОРГІВЕЛЬНІЙ ОРГАНІЗАЦІЇ, ЯКИЙ ВВЕЗЕНО З-ЗА КОР",КВАДРОЦИКЛ,204
2020,105,"ПЕРВИННА РЕЄСТРАЦІЯ НОВОГО ТЗ ПРИДБАНОГО В ТОРГІВЕЛЬНІЙ ОРГАНІЗАЦІЇ, ЯКИЙ ВВЕЗЕНО З-ЗА КОР",ЛЕГКОВИЙ,80942
2020,105,"ПЕРВИННА РЕЄСТРАЦІЯ НОВОГО ТЗ ПРИДБАНОГО В ТОРГІВЕЛЬНІЙ ОРГАНІЗАЦІЇ, ЯКИЙ ВВЕЗЕНО З-ЗА КОР",МОПЕД,94
2020,105,"ПЕРВИННА РЕЄСТРАЦІЯ НОВОГО ТЗ ПРИДБАНОГО В ТОРГІВЕЛЬНІЙ ОРГАНІЗАЦІЇ, ЯКИЙ ВВЕЗЕНО З-ЗА КОР",МОТОЦИКЛ,33767
2020,105,"ПЕРВИННА РЕЄСТРАЦІЯ НОВОГО ТЗ ПРИДБАНОГО В ТОРГІВЕЛЬНІЙ ОРГАНІЗАЦІЇ, ЯКИЙ ВВЕЗЕНО З-ЗА КОР",НАПІВПРИЧІП,760
2020,105,"ПЕРВИННА РЕЄСТРАЦІЯ НОВОГО ТЗ ПРИДБАНОГО В ТОРГІВЕЛЬНІЙ ОРГАНІЗАЦІЇ, ЯКИЙ ВВЕЗЕНО З-ЗА КОР",ПРИЧІП,124
2020,105,"ПЕРВИННА РЕЄСТРАЦІЯ НОВОГО ТЗ ПРИДБАНОГО В ТОРГІВЕЛЬНІЙ ОРГАНІЗАЦІЇ, ЯКИЙ ВВЕЗЕНО З-ЗА КОР",ТРИЦИКЛ,170
2020,110,РЕЄСТРАЦIЯ ТЗ ОТРИМАНОГО ЧЕРЕЗ ВIДДIЛ СОЦ. ЗАХИСТУ,ЛЕГКОВИЙ,62
2020,130,РЕЄСТРАЦIЯ ТЗ У ЗВ`ЯЗКУ З ПРИЇЗДОМ НА ПМЖ ІЗ ЗА КОРДОНУ,ВАНТАЖНИЙ,2
2020,130,РЕЄСТРАЦIЯ ТЗ У ЗВ`ЯЗКУ З ПРИЇЗДОМ НА ПМЖ ІЗ ЗА КОРДОНУ,ЛЕГКОВИЙ,106
2020,14,"ВНЕСЕННЯ БЕЗНОМЕРНОГО ТЗ (ТІЛЬКИ ДЛЯ ВИДАЧІ ДОПНВ ТА ДУБЛЮВАННЯ КУЗОВА, ШАСІ)",ЛЕГКОВИЙ,1
2020,140,ВТОРИННА РЕЄСТРАЦIЯ ТЗ У ЗВ`ЯЗКУ З НЕПРОДАЖЕМ,АВТОБУС,1
2020,140,ВТОРИННА РЕЄСТРАЦIЯ ТЗ У ЗВ`ЯЗКУ З НЕПРОДАЖЕМ,ВАНТАЖНИЙ,19
2020,140,ВТОРИННА РЕЄСТРАЦIЯ ТЗ У ЗВ`ЯЗКУ З НЕПРОДАЖЕМ,ЛЕГКОВИЙ,48
2020,140,ВТОРИННА РЕЄСТРАЦIЯ ТЗ У ЗВ`ЯЗКУ З НЕПРОДАЖЕМ,МОПЕД,1
2020,140,ВТОРИННА РЕЄСТРАЦIЯ ТЗ У ЗВ`ЯЗКУ З НЕПРОДАЖЕМ,МОТОЦИКЛ,5
2020,140,ВТОРИННА РЕЄСТРАЦIЯ ТЗ У ЗВ`ЯЗКУ З НЕПРОДАЖЕМ,НАПІВПРИЧІП,5
2020,140,ВТОРИННА РЕЄСТРАЦIЯ ТЗ У ЗВ`ЯЗКУ З НЕПРОДАЖЕМ,ПРИЧІП,7
2020,141,РЕЄСТРАЦIЯ ТЗ ПIСЛЯ СКАСУВАННЯ РЕЄСТРАЦІЇ,АВТОБУС,1
2020,141,РЕЄСТРАЦIЯ ТЗ ПIСЛЯ СКАСУВАННЯ РЕЄСТРАЦІЇ,ВАНТАЖНИЙ,7
2020,141,РЕЄСТРАЦIЯ ТЗ ПIСЛЯ СКАСУВАННЯ РЕЄСТРАЦІЇ,ЛЕГКОВИЙ,41
2020,15,ВНЕСЕННЯ БЕЗНОМЕРНОГО ТЗ (ТІЛЬКИ ДЛЯ ВИБРАКОВКИ),ВАНТАЖНИЙ,1
2020,150,РЕЄСТРАЦIЯ ТЗ САМОСТIЙНО СКЛАДЕНОГО,ЛЕГКОВИЙ,1
2020,150,РЕЄСТРАЦIЯ ТЗ САМОСТIЙНО СКЛАДЕНОГО,НАПІВПРИЧІП,3
2020,150,РЕЄСТРАЦIЯ ТЗ САМОСТIЙНО СКЛАДЕНОГО,ПРИЧІП,1
2020,150,РЕЄСТРАЦIЯ ТЗ САМОСТIЙНО СКЛАДЕНОГО,ТРИЦИКЛ,1
2020,17,ПЕРВИННА РЕЄСТРАЦІЯ ТЗ (МОПЕДІВ) ЗА ВИСНОВКАМИ,МОПЕД,6288
2020,18,ВНЕСЕННЯ КАРТКИ ВІДОМЧОЇ РЕЄСТРАЦІЇ ТЗ (ТІЛЬКИ ДЛЯ НАДАННЯ ДОЗВОЛУ НА СПЕЦСИГНАЛ ТА УЧБОВИ,АВТОБУС,4
2020,18,ВНЕСЕННЯ КАРТКИ ВІДОМЧОЇ РЕЄСТРАЦІЇ ТЗ (ТІЛЬКИ ДЛЯ НАДАННЯ ДОЗВОЛУ НА СПЕЦСИГНАЛ ТА УЧБОВИ,ВАНТАЖНИЙ,260
2020,18,ВНЕСЕННЯ КАРТКИ ВІДОМЧОЇ РЕЄСТРАЦІЇ ТЗ (ТІЛЬКИ ДЛЯ НАДАННЯ ДОЗВОЛУ НА СПЕЦСИГНАЛ ТА УЧБОВИ,ЛЕГКОВИЙ,137
2020,20,ПЕРВИННА РЕЄСТРАЦIЯ ТЗ ДЛЯ НЕДЕРЖ. ОРГАНIЗАЦIЇ,ВАНТАЖНИЙ,1
2020,210,ВИДАЧА ТИМЧАСОВОГО ТАЛОНУ ЗА ЗАЯВОЮ ВЛАСНИКА ДЛЯ РЕЄСТРАЦІЇ У ТОМУ ЧИСЛІ ПРИ УТОЧНЕННІ РЕЄ,МОТОЦИКЛ,1
2020,220,ВИДАЧА ТИМЧАСОВОГО ТАЛОНА ПРИ ТИМЧАСОВОМУ ВВЕЗЕННЮ ТЗ НА МИТНУ ТЕРИТОРІЮ УКРАЇНИ,АВТОБУС,1
2020,220,ВИДАЧА ТИМЧАСОВОГО ТАЛОНА ПРИ ТИМЧАСОВОМУ ВВЕЗЕННЮ ТЗ НА МИТНУ ТЕРИТОРІЮ УКРАЇНИ,ВАНТАЖНИЙ,34
2020,220,ВИДАЧА ТИМЧАСОВОГО ТАЛОНА ПРИ ТИМЧАСОВОМУ ВВЕЗЕННЮ ТЗ НА МИТНУ ТЕРИТОРІЮ УКРАЇНИ,ЛЕГКОВИЙ,182
2020,220,ВИДАЧА ТИМЧАСОВОГО ТАЛОНА ПРИ ТИМЧАСОВОМУ ВВЕЗЕННЮ ТЗ НА МИТНУ ТЕРИТОРІЮ УКРАЇНИ,МОТОЦИКЛ,4
2020,220,ВИДАЧА ТИМЧАСОВОГО ТАЛОНА ПРИ ТИМЧАСОВОМУ ВВЕЗЕННЮ ТЗ НА МИТНУ ТЕРИТОРІЮ УКРАЇНИ,НАПІВПРИЧІП,20
2020,220,ВИДАЧА ТИМЧАСОВОГО ТАЛОНА ПРИ ТИМЧАСОВОМУ ВВЕЗЕННЮ ТЗ НА МИТНУ ТЕРИТОРІЮ УКРАЇНИ,ПРИЧІП,2
2020,221,"РЕЄСТРАЦІЮ ТЗ,ВВЕЗЕНОГО ПІД ЗОБОВ'ЯЗАННЯ ПРО ЗВОРОТНЕ ВИВЕЗЕННЯ",АВТОБУС,16
2020,221,"РЕЄСТРАЦІЮ ТЗ,ВВЕЗЕНОГО ПІД ЗОБОВ'ЯЗАННЯ ПРО ЗВОРОТНЕ ВИВЕЗЕННЯ",ВАНТАЖНИЙ,211
2020,221,"РЕЄСТРАЦІЮ ТЗ,ВВЕЗЕНОГО ПІД ЗОБОВ'ЯЗАННЯ ПРО ЗВОРОТНЕ ВИВЕЗЕННЯ",ЛЕГКОВИЙ,407
2020,221,"РЕЄСТРАЦІЮ ТЗ,ВВЕЗЕНОГО ПІД ЗОБОВ'ЯЗАННЯ ПРО ЗВОРОТНЕ ВИВЕЗЕННЯ",МОПЕД,1
2020,221,"РЕЄСТРАЦІЮ ТЗ,ВВЕЗЕНОГО ПІД ЗОБОВ'ЯЗАННЯ ПРО ЗВОРОТНЕ ВИВЕЗЕННЯ",МОТОЦИКЛ,9
2020,221,"РЕЄСТРАЦІЮ ТЗ,ВВЕЗЕНОГО ПІД ЗОБОВ'ЯЗАННЯ ПРО ЗВОРОТНЕ ВИВЕЗЕННЯ",НАПІВПРИЧІП,38
2020,221,"РЕЄСТРАЦІЮ ТЗ,ВВЕЗЕНОГО ПІД ЗОБОВ'ЯЗАННЯ ПРО ЗВОРОТНЕ ВИВЕЗЕННЯ",ПРИЧІП,5
2020,230,ВИДАЧА СВ. ПРО РЕЄСТР ДЛЯ ПОЇЗДКИ ЗА КОРДОН,АВТОБУС,550
2020,230,ВИДАЧА СВ. ПРО РЕЄСТР ДЛЯ ПОЇЗДКИ ЗА КОРДОН,ВАНТАЖНИЙ,3894
2020,230,ВИДАЧА СВ. ПРО РЕЄСТР ДЛЯ ПОЇЗДКИ ЗА КОРДОН,ЛЕГКОВИЙ,2069
2020,230,ВИДАЧА СВ. ПРО РЕЄСТР ДЛЯ ПОЇЗДКИ ЗА КОРДОН,МОТОЦИКЛ,14
2020,230,ВИДАЧА СВ. ПРО РЕЄСТР ДЛЯ ПОЇЗДКИ ЗА КОРДОН,НАПІВПРИЧІП,2102
2020,230,ВИДАЧА СВ. ПРО РЕЄСТР ДЛЯ ПОЇЗДКИ ЗА КОРДОН,ПРИЧІП,339
2020,250,ВИДАЧА ТИМЧАСОВОГО РЕЄСТР ТАЛОНУ ПО ДОРУЧЕННЮ ЧИ ІНШОГО ДОКУМ.ПРАВОКОРИСТУВАННЯ,АВТОБУС,9203
2020,250,ВИДАЧА ТИМЧАСОВОГО РЕЄСТР ТАЛОНУ ПО ДОРУЧЕННЮ ЧИ ІНШОГО ДОКУМ.ПРАВОКОРИСТУВАННЯ,ВАНТАЖНИЙ,1463
2020,250,ВИДАЧА ТИМЧАСОВОГО РЕЄСТР ТАЛОНУ ПО ДОРУЧЕННЮ ЧИ ІНШОГО ДОКУМ.ПРАВОКОРИСТУВАННЯ,КВАДРОЦИКЛ,3
2020,250,ВИДАЧА ТИМЧАСОВОГО РЕЄСТР ТАЛОНУ ПО ДОРУЧЕННЮ ЧИ ІНШОГО ДОКУМ.ПРАВОКОРИСТУВАННЯ,ЛЕГКОВИЙ,1788
2020,250,ВИДАЧА ТИМЧАСОВОГО РЕЄСТР ТАЛОНУ ПО ДОРУЧЕННЮ ЧИ ІНШОГО ДОКУМ.ПРАВОКОРИСТУВАННЯ,МОПЕД,34
2020,250,ВИДАЧА ТИМЧАСОВОГО РЕЄСТР ТАЛОНУ ПО ДОРУЧЕННЮ ЧИ ІНШОГО ДОКУМ.ПРАВОКОРИСТУВАННЯ,МОТОЦИКЛ,61
2020,250,ВИДАЧА ТИМЧАСОВОГО РЕЄСТР ТАЛОНУ ПО ДОРУЧЕННЮ ЧИ ІНШОГО ДОКУМ.ПРАВОКОРИСТУВАННЯ,НАПІВПРИЧІП,1053
2020,250,ВИДАЧА ТИМЧАСОВОГО РЕЄСТР ТАЛОНУ ПО ДОРУЧЕННЮ ЧИ ІНШОГО ДОКУМ.ПРАВОКОРИСТУВАННЯ,ПРИЧІП,284
2020,250,ВИДАЧА ТИМЧАСОВОГО РЕЄСТР ТАЛОНУ ПО ДОРУЧЕННЮ ЧИ ІНШОГО ДОКУМ.ПРАВОКОРИСТУВАННЯ,ТРИЦИКЛ,4
2020,252,ВИДАЧА ТИМЧАС. РЕЄСТР. ТАЛОНУ НА ПРАВО КЕРУВАННЯ ЗА ЗАЯВОЮ ВЛАСНИКА,АВТОБУС,1690
2020,252,ВИДАЧА ТИМЧАС. РЕЄСТР. ТАЛОНУ НА ПРАВО КЕРУВАННЯ ЗА ЗАЯВОЮ ВЛАСНИКА,ВАНТАЖНИЙ,847
2020,252,ВИДАЧА ТИМЧАС. РЕЄСТР. ТАЛОНУ НА ПРАВО КЕРУВАННЯ ЗА ЗАЯВОЮ ВЛАСНИКА,КВАДРОЦИКЛ,1
2020,252,ВИДАЧА ТИМЧАС. РЕЄСТР. ТАЛОНУ НА ПРАВО КЕРУВАННЯ ЗА ЗАЯВОЮ ВЛАСНИКА,ЛЕГКОВИЙ,2356
2020,252,ВИДАЧА ТИМЧАС. РЕЄСТР. ТАЛОНУ НА ПРАВО КЕРУВАННЯ ЗА ЗАЯВОЮ ВЛАСНИКА,МОПЕД,9
2020,252,ВИДАЧА ТИМЧАС. РЕЄСТР. ТАЛОНУ НА ПРАВО КЕРУВАННЯ ЗА ЗАЯВОЮ ВЛАСНИКА,МОТОЦИКЛ,22
2020,252,ВИДАЧА ТИМЧАС. РЕЄСТР. ТАЛОНУ НА ПРАВО КЕРУВАННЯ ЗА ЗАЯВОЮ ВЛАСНИКА,НАПІВПРИЧІП,224
2020,252,ВИДАЧА ТИМЧАС. РЕЄСТР. ТАЛОНУ НА ПРАВО КЕРУВАННЯ ЗА ЗАЯВОЮ ВЛАСНИКА,ПРИЧІП,47
2020,252,ВИДАЧА ТИМЧАС. РЕЄСТР. ТАЛОНУ НА ПРАВО КЕРУВАННЯ ЗА ЗАЯВОЮ ВЛАСНИКА,ТРИЦИКЛ,1
2020,253,"ВИДАЧА ТИМЧАСОВОГО ТАЛОНУ НА ПІДСТАВІ ЗАЯВИ УПРАВИТЕЛЯ ТА ДОГОВОРУ УПРАВЛІННЯ, УКЛАДЕНОГО ",ЛЕГКОВИЙ,3
2020,254,НАЛЕЖНИЙ КОРИСТУВАЧ. РЕЄСТРАЦІЯ,АВТОБУС,140
2020,254,НАЛЕЖНИЙ КОРИСТУВАЧ. РЕЄСТРАЦІЯ,ВАНТАЖНИЙ,1077
2020,254,НАЛЕЖНИЙ КОРИСТУВАЧ. РЕЄСТРАЦІЯ,КВАДРОЦИКЛ,1
2020,254,НАЛЕЖНИЙ КОРИСТУВАЧ. РЕЄСТРАЦІЯ,ЛЕГКОВИЙ,8532
2020,254,НАЛЕЖНИЙ КОРИСТУВАЧ. РЕЄСТРАЦІЯ,МОПЕД,22
2020,254,НАЛЕЖНИЙ КОРИСТУВАЧ. РЕЄСТРАЦІЯ,МОТОЦИКЛ,85
2020,254,НАЛЕЖНИЙ КОРИСТУВАЧ. РЕЄСТРАЦІЯ,НАПІВПРИЧІП,17
2020,254,НАЛЕЖНИЙ КОРИСТУВАЧ. РЕЄСТРАЦІЯ,ПРИЧІП,20
2020,255,АНУЛЮВАННЯ ВИДАЧI ТИМЧАС. РЕЄСТРАЦIЙНОГО ТАЛОНУ ПО ДОРУЧ,АВТОБУС,1037
2020,255,АНУЛЮВАННЯ ВИДАЧI ТИМЧАС. РЕЄСТРАЦIЙНОГО ТАЛОНУ ПО ДОРУЧ,ВАНТАЖНИЙ,42
2020,255,АНУЛЮВАННЯ ВИДАЧI ТИМЧАС. РЕЄСТРАЦIЙНОГО ТАЛОНУ ПО ДОРУЧ,ЛЕГКОВИЙ,90
2020,255,АНУЛЮВАННЯ ВИДАЧI ТИМЧАС. РЕЄСТРАЦIЙНОГО ТАЛОНУ ПО ДОРУЧ,МОТОЦИКЛ,2
2020,255,АНУЛЮВАННЯ ВИДАЧI ТИМЧАС. РЕЄСТРАЦIЙНОГО ТАЛОНУ ПО ДОРУЧ,НАПІВПРИЧІП,34
2020,255,АНУЛЮВАННЯ ВИДАЧI ТИМЧАС. РЕЄСТРАЦIЙНОГО ТАЛОНУ ПО ДОРУЧ,ПРИЧІП,5
2020,256,АНУЛЮВАННЯ ВИДАЧI ТИМЧАС. РЕЕСТР. ТАЛОНУ ПО ЗАЯВI ВЛ,АВТОБУС,420
2020,256,АНУЛЮВАННЯ ВИДАЧI ТИМЧАС. РЕЕСТР. ТАЛОНУ ПО ЗАЯВI ВЛ,ВАНТАЖНИЙ,45
2020,256,АНУЛЮВАННЯ ВИДАЧI ТИМЧАС. РЕЕСТР. ТАЛОНУ ПО ЗАЯВI ВЛ,ЛЕГКОВИЙ,710
2020,256,АНУЛЮВАННЯ ВИДАЧI ТИМЧАС. РЕЕСТР. ТАЛОНУ ПО ЗАЯВI ВЛ,МОПЕД,1
2020,256,АНУЛЮВАННЯ ВИДАЧI ТИМЧАС. РЕЕСТР. ТАЛОНУ ПО ЗАЯВI ВЛ,МОТОЦИКЛ,8
2020,256,АНУЛЮВАННЯ ВИДАЧI ТИМЧАС. РЕЕСТР. ТАЛОНУ ПО ЗАЯВI ВЛ,НАПІВПРИЧІП,14
2020,256,АНУЛЮВАННЯ ВИДАЧI ТИМЧАС. РЕЕСТР. ТАЛОНУ ПО ЗАЯВI ВЛ,ПРИЧІП,3
2020,257,НАЛЕЖНИЙ КОРИСТУВАЧ.РЕЄСТРАЦІЯ (ТІЛЬКИ ДЛЯ КЕРІВНИКІВ ЮО),ВАНТАЖНИЙ,47
2020,257,НАЛЕЖНИЙ КОРИСТУВАЧ.РЕЄСТРАЦІЯ (ТІЛЬКИ ДЛЯ КЕРІВНИКІВ ЮО),ЛЕГКОВИЙ,415
2020,257,НАЛЕЖНИЙ КОРИСТУВАЧ.РЕЄСТРАЦІЯ (ТІЛЬКИ ДЛЯ КЕРІВНИКІВ ЮО),НАПІВПРИЧІП,11
2020,260,ВИДАЧА ТИМЧ. РЕЄСТР. ТАЛОНУ ПРИ ВИЯВЛЕННI ТЗ ВИКР ЗА КОРД,ВАНТАЖНИЙ,1
2020,260,ВИДАЧА ТИМЧ. РЕЄСТР. ТАЛОНУ ПРИ ВИЯВЛЕННI ТЗ ВИКР ЗА КОРД,ЛЕГКОВИЙ,8
2020,260,ВИДАЧА ТИМЧ. РЕЄСТР. ТАЛОНУ ПРИ ВИЯВЛЕННI ТЗ ВИКР ЗА КОРД,МОТОЦИКЛ,1
2020,260,ВИДАЧА ТИМЧ. РЕЄСТР. ТАЛОНУ ПРИ ВИЯВЛЕННI ТЗ ВИКР ЗА КОРД,НАПІВПРИЧІП,1
2020,284,НАЛЕЖНИЙ КОРИСТУВАЧ. ВИКЛЮЧЕННЯ ВІДОМОСТЕЙ,ВАНТАЖНИЙ,16
2020,284,НАЛЕЖНИЙ КОРИСТУВАЧ. ВИКЛЮЧЕННЯ ВІДОМОСТЕЙ,ЛЕГКОВИЙ,266
2020,284,НАЛЕЖНИЙ КОРИСТУВАЧ. ВИКЛЮЧЕННЯ ВІДОМОСТЕЙ,МОПЕД,1
2020,284,НАЛЕЖНИЙ КОРИСТУВАЧ. ВИКЛЮЧЕННЯ ВІДОМОСТЕЙ,МОТОЦИКЛ,2
2020,30,ПЕРВИННА РЕЄСТРАЦІЯ ТЗ ДЛЯ ІНДИВ. ВЛАСНИКА,ЛЕГКОВИЙ,2
2020,300,ПЕРЕРЕЄСТРАЦIЯ НА НОВОГО ВЛАСНИКА ЗА СВIД. НА СПIЛЬНЕ МАЙНО,АВТОБУС,1
2020,300,ПЕРЕРЕЄСТРАЦIЯ НА НОВОГО ВЛАСНИКА ЗА СВIД. НА СПIЛЬНЕ МАЙНО,ВАНТАЖНИЙ,9
2020,300,ПЕРЕРЕЄСТРАЦIЯ НА НОВОГО ВЛАСНИКА ЗА СВIД. НА СПIЛЬНЕ МАЙНО,ЛЕГКОВИЙ,66
2020,300,ПЕРЕРЕЄСТРАЦIЯ НА НОВОГО ВЛАСНИКА ЗА СВIД. НА СПIЛЬНЕ МАЙНО,МОТОЦИКЛ,2
2020,300,ПЕРЕРЕЄСТРАЦIЯ НА НОВОГО ВЛАСНИКА ЗА СВIД. НА СПIЛЬНЕ МАЙНО,НАПІВПРИЧІП,1
2020,300,ПЕРЕРЕЄСТРАЦIЯ НА НОВОГО ВЛАСНИКА ЗА СВIД. НА СПIЛЬНЕ МАЙНО,ПРИЧІП,1
2020,301,ПЕРЕРЕЄСТРАЦІЯ ЗА ДОГОВОРОМ ПОДІЛУ МАЙНА,АВТОБУС,3
2020,301,ПЕРЕРЕЄСТРАЦІЯ ЗА ДОГОВОРОМ ПОДІЛУ МАЙНА,ВАНТАЖНИЙ,14
2020,301,ПЕРЕРЕЄСТРАЦІЯ ЗА ДОГОВОРОМ ПОДІЛУ МАЙНА,ЛЕГКОВИЙ,123
2020,301,ПЕРЕРЕЄСТРАЦІЯ ЗА ДОГОВОРОМ ПОДІЛУ МАЙНА,МОТОЦИКЛ,1
2020,301,ПЕРЕРЕЄСТРАЦІЯ ЗА ДОГОВОРОМ ПОДІЛУ МАЙНА,НАПІВПРИЧІП,7
2020,301,ПЕРЕРЕЄСТРАЦІЯ ЗА ДОГОВОРОМ ПОДІЛУ МАЙНА,ПРИЧІП,1
2020,308,ПЕРЕРЕЄСТРАЦІЯ НА НОВОГО ВЛАСНИКА ЗА ДОГ. КУПIВЛI-ПРОДАЖУ (СГ),АВТОБУС,5207
2020,308,ПЕРЕРЕЄСТРАЦІЯ НА НОВОГО ВЛАСНИКА ЗА ДОГ. КУПIВЛI-ПРОДАЖУ (СГ),ВАНТАЖНИЙ,63952
2020,308,ПЕРЕРЕЄСТРАЦІЯ НА НОВОГО ВЛАСНИКА ЗА ДОГ. КУПIВЛI-ПРОДАЖУ (СГ),КВАДРОЦИКЛ,19
2020,308,ПЕРЕРЕЄСТРАЦІЯ НА НОВОГО ВЛАСНИКА ЗА ДОГ. КУПIВЛI-ПРОДАЖУ (СГ),ЛЕГКОВИЙ,330762
2020,308,ПЕРЕРЕЄСТРАЦІЯ НА НОВОГО ВЛАСНИКА ЗА ДОГ. КУПIВЛI-ПРОДАЖУ (СГ),МОПЕД,93
2020,308,ПЕРЕРЕЄСТРАЦІЯ НА НОВОГО ВЛАСНИКА ЗА ДОГ. КУПIВЛI-ПРОДАЖУ (СГ),МОТОЦИКЛ,4127
2020,308,ПЕРЕРЕЄСТРАЦІЯ НА НОВОГО ВЛАСНИКА ЗА ДОГ. КУПIВЛI-ПРОДАЖУ (СГ),НАПІВПРИЧІП,10029
2020,308,ПЕРЕРЕЄСТРАЦІЯ НА НОВОГО ВЛАСНИКА ЗА ДОГ. КУПIВЛI-ПРОДАЖУ (СГ),ПРИЧІП,6193
2020,308,ПЕРЕРЕЄСТРАЦІЯ НА НОВОГО ВЛАСНИКА ЗА ДОГ. КУПIВЛI-ПРОДАЖУ (СГ),ТРИЦИКЛ,37
2020,310,ПЕРЕРЕЄСТРАЦІЯ НА НОВОГО ВЛАСНИКА ЗА ДОГ. КУП.-ПРОД.ТА ІНШ.(ОФОРМ.НОТАРІАЛЬНО ),АВТОБУС,592
2020,310,ПЕРЕРЕЄСТРАЦІЯ НА НОВОГО ВЛАСНИКА ЗА ДОГ. КУП.-ПРОД.ТА ІНШ.(ОФОРМ.НОТАРІАЛЬНО ),ВАНТАЖНИЙ,702
2020,310,ПЕРЕРЕЄСТРАЦІЯ НА НОВОГО ВЛАСНИКА ЗА ДОГ. КУП.-ПРОД.ТА ІНШ.(ОФОРМ.НОТАРІАЛЬНО ),ЛЕГКОВИЙ,2685
2020,310,ПЕРЕРЕЄСТРАЦІЯ НА НОВОГО ВЛАСНИКА ЗА ДОГ. КУП.-ПРОД.ТА ІНШ.(ОФОРМ.НОТАРІАЛЬНО ),МОТОЦИКЛ,43
2020,310,ПЕРЕРЕЄСТРАЦІЯ НА НОВОГО ВЛАСНИКА ЗА ДОГ. КУП.-ПРОД.ТА ІНШ.(ОФОРМ.НОТАРІАЛЬНО ),НАПІВПРИЧІП,126
2020,310,ПЕРЕРЕЄСТРАЦІЯ НА НОВОГО ВЛАСНИКА ЗА ДОГ. КУП.-ПРОД.ТА ІНШ.(ОФОРМ.НОТАРІАЛЬНО ),ПРИЧІП,52
2020,311,ПЕРЕРЕЄСТРАЦІЯ НА НОВОГО ВЛАСНИКА ЗА ДОГОВОРОМ МІНИ,ВАНТАЖНИЙ,1
2020,311,ПЕРЕРЕЄСТРАЦІЯ НА НОВОГО ВЛАСНИКА ЗА ДОГОВОРОМ МІНИ,ЛЕГКОВИЙ,20
2020,311,ПЕРЕРЕЄСТРАЦІЯ НА НОВОГО ВЛАСНИКА ЗА ДОГОВОРОМ МІНИ,МОТОЦИКЛ,1
2020,311,ПЕРЕРЕЄСТРАЦІЯ НА НОВОГО ВЛАСНИКА ЗА ДОГОВОРОМ МІНИ,НАПІВПРИЧІП,1
2020,312,"ПЕРЕРЕЄСТРАЦІЯ ТЗ НА НОВОГО ВЛАСНИКА, ОТРИМАНОГО ЧЕРЕЗ ВІДДІЛ СОЦ.ЗАХИСТУ",ЛЕГКОВИЙ,42
2020,315,ПЕРЕРЕЄСТРАЦІЯ ТЗ НА НОВ. ВЛАСН. ПО ДОГОВОРУ УКЛАДЕНОМУ В ТСЦ,АВТОБУС,912
2020,315,ПЕРЕРЕЄСТРАЦІЯ ТЗ НА НОВ. ВЛАСН. ПО ДОГОВОРУ УКЛАДЕНОМУ В ТСЦ,ВАНТАЖНИЙ,11255
2020,315,ПЕРЕРЕЄСТРАЦІЯ ТЗ НА НОВ. ВЛАСН. ПО ДОГОВОРУ УКЛАДЕНОМУ В ТСЦ,КВАДРОЦИКЛ,12
2020,315,ПЕРЕРЕЄСТРАЦІЯ ТЗ НА НОВ. ВЛАСН. ПО ДОГОВОРУ УКЛАДЕНОМУ В ТСЦ,ЛЕГКОВИЙ,466283
2020,315,ПЕРЕРЕЄСТРАЦІЯ ТЗ НА НОВ. ВЛАСН. ПО ДОГОВОРУ УКЛАДЕНОМУ В ТСЦ,МОПЕД,465
2020,315,ПЕРЕРЕЄСТРАЦІЯ ТЗ НА НОВ. ВЛАСН. ПО ДОГОВОРУ УКЛАДЕНОМУ В ТСЦ,МОТОЦИКЛ,7644
2020,315,ПЕРЕРЕЄСТРАЦІЯ ТЗ НА НОВ. ВЛАСН. ПО ДОГОВОРУ УКЛАДЕНОМУ В ТСЦ,НАПІВПРИЧІП,2512
2020,315,ПЕРЕРЕЄСТРАЦІЯ ТЗ НА НОВ. ВЛАСН. ПО ДОГОВОРУ УКЛАДЕНОМУ В ТСЦ,ПРИЧІП,1190
2020,315,ПЕРЕРЕЄСТРАЦІЯ ТЗ НА НОВ. ВЛАСН. ПО ДОГОВОРУ УКЛАДЕНОМУ В ТСЦ,ТРИЦИКЛ,34
2020,317,ПЕРЕРЕЄСТРАЦІЯ ТЗ НА НОВ. ВЛАСН. ПО ДОГОВОРУ ДАРУВАННЯ УКЛАДЕНОМУ В ТСЦ,АВТОБУС,4
2020,317,ПЕРЕРЕЄСТРАЦІЯ ТЗ НА НОВ. ВЛАСН. ПО ДОГОВОРУ ДАРУВАННЯ УКЛАДЕНОМУ В ТСЦ,ВАНТАЖНИЙ,39
2020,317,ПЕРЕРЕЄСТРАЦІЯ ТЗ НА НОВ. ВЛАСН. ПО ДОГОВОРУ ДАРУВАННЯ УКЛАДЕНОМУ В ТСЦ,ЛЕГКОВИЙ,725
2020,317,ПЕРЕРЕЄСТРАЦІЯ ТЗ НА НОВ. ВЛАСН. ПО ДОГОВОРУ ДАРУВАННЯ УКЛАДЕНОМУ В ТСЦ,МОТОЦИКЛ,5
2020,317,ПЕРЕРЕЄСТРАЦІЯ ТЗ НА НОВ. ВЛАСН. ПО ДОГОВОРУ ДАРУВАННЯ УКЛАДЕНОМУ В ТСЦ,НАПІВПРИЧІП,6
2020,317,ПЕРЕРЕЄСТРАЦІЯ ТЗ НА НОВ. ВЛАСН. ПО ДОГОВОРУ ДАРУВАННЯ УКЛАДЕНОМУ В ТСЦ,ПРИЧІП,18
2020,319,ПЕРЕРЕЄСТРАЦІЯ ТЗ НА НОВОГО ВЛАСНИКА ЗА АКТОМ ПРИЙОМУ-ПЕРЕДАЧІ,АВТОБУС,776
2020,319,ПЕРЕРЕЄСТРАЦІЯ ТЗ НА НОВОГО ВЛАСНИКА ЗА АКТОМ ПРИЙОМУ-ПЕРЕДАЧІ,ВАНТАЖНИЙ,1696
2020,319,ПЕРЕРЕЄСТРАЦІЯ ТЗ НА НОВОГО ВЛАСНИКА ЗА АКТОМ ПРИЙОМУ-ПЕРЕДАЧІ,ЛЕГКОВИЙ,4797
2020,319,ПЕРЕРЕЄСТРАЦІЯ ТЗ НА НОВОГО ВЛАСНИКА ЗА АКТОМ ПРИЙОМУ-ПЕРЕДАЧІ,МОПЕД,23
2020,319,ПЕРЕРЕЄСТРАЦІЯ ТЗ НА НОВОГО ВЛАСНИКА ЗА АКТОМ ПРИЙОМУ-ПЕРЕДАЧІ,МОТОЦИКЛ,105
2020,319,ПЕРЕРЕЄСТРАЦІЯ ТЗ НА НОВОГО ВЛАСНИКА ЗА АКТОМ ПРИЙОМУ-ПЕРЕДАЧІ,НАПІВПРИЧІП,129
2020,319,ПЕРЕРЕЄСТРАЦІЯ ТЗ НА НОВОГО ВЛАСНИКА ЗА АКТОМ ПРИЙОМУ-ПЕРЕДАЧІ,ПРИЧІП,130
2020,319,ПЕРЕРЕЄСТРАЦІЯ ТЗ НА НОВОГО ВЛАСНИКА ЗА АКТОМ ПРИЙОМУ-ПЕРЕДАЧІ,ТРИЦИКЛ,1
2020,320,ПЕРЕРЕЄСТРАЦIЯ НА НОВ. ВЛАС. ЗА ДОГ. ДАРУВАННЯ (ОФОРМЛЕНО НОТАРІАЛЬНО),АВТОБУС,16
2020,320,ПЕРЕРЕЄСТРАЦIЯ НА НОВ. ВЛАС. ЗА ДОГ. ДАРУВАННЯ (ОФОРМЛЕНО НОТАРІАЛЬНО),ВАНТАЖНИЙ,74
2020,320,ПЕРЕРЕЄСТРАЦIЯ НА НОВ. ВЛАС. ЗА ДОГ. ДАРУВАННЯ (ОФОРМЛЕНО НОТАРІАЛЬНО),ЛЕГКОВИЙ,957
2020,320,ПЕРЕРЕЄСТРАЦIЯ НА НОВ. ВЛАС. ЗА ДОГ. ДАРУВАННЯ (ОФОРМЛЕНО НОТАРІАЛЬНО),МОТОЦИКЛ,8
2020,320,ПЕРЕРЕЄСТРАЦIЯ НА НОВ. ВЛАС. ЗА ДОГ. ДАРУВАННЯ (ОФОРМЛЕНО НОТАРІАЛЬНО),НАПІВПРИЧІП,26
2020,320,ПЕРЕРЕЄСТРАЦIЯ НА НОВ. ВЛАС. ЗА ДОГ. ДАРУВАННЯ (ОФОРМЛЕНО НОТАРІАЛЬНО),ПРИЧІП,7
2020,321,ПЕРЕРЕЄСТРАЦIЯ ТЗ НА НОВ. ВЛАС. ПО УСПАДКУВАННЮ ЗА ЗАПОВIТОМ ЧИ УСПАДКОВАНОМУ ДОГОВОРУ,АВТОБУС,18
2020,321,ПЕРЕРЕЄСТРАЦIЯ ТЗ НА НОВ. ВЛАС. ПО УСПАДКУВАННЮ ЗА ЗАПОВIТОМ ЧИ УСПАДКОВАНОМУ ДОГОВОРУ,ВАНТАЖНИЙ,111
2020,321,ПЕРЕРЕЄСТРАЦIЯ ТЗ НА НОВ. ВЛАС. ПО УСПАДКУВАННЮ ЗА ЗАПОВIТОМ ЧИ УСПАДКОВАНОМУ ДОГОВОРУ,ЛЕГКОВИЙ,1546
2020,321,ПЕРЕРЕЄСТРАЦIЯ ТЗ НА НОВ. ВЛАС. ПО УСПАДКУВАННЮ ЗА ЗАПОВIТОМ ЧИ УСПАДКОВАНОМУ ДОГОВОРУ,МОПЕД,2
2020,321,ПЕРЕРЕЄСТРАЦIЯ ТЗ НА НОВ. ВЛАС. ПО УСПАДКУВАННЮ ЗА ЗАПОВIТОМ ЧИ УСПАДКОВАНОМУ ДОГОВОРУ,МОТОЦИКЛ,21
2020,321,ПЕРЕРЕЄСТРАЦIЯ ТЗ НА НОВ. ВЛАС. ПО УСПАДКУВАННЮ ЗА ЗАПОВIТОМ ЧИ УСПАДКОВАНОМУ ДОГОВОРУ,НАПІВПРИЧІП,1
2020,321,ПЕРЕРЕЄСТРАЦIЯ ТЗ НА НОВ. ВЛАС. ПО УСПАДКУВАННЮ ЗА ЗАПОВIТОМ ЧИ УСПАДКОВАНОМУ ДОГОВОРУ,ПРИЧІП,98
2020,322,ПЕРЕРЕЄСТРАЦIЯ ТЗ НА НОВ. ВЛАС. ПО УСПАДКУВАННЮ ЗА ЗАКОНОМ ЧИ ЗНЯТТЯМ З ОБЛІКУ В ОРГАНАХ С,АВТОБУС,136
2020,322,ПЕРЕРЕЄСТРАЦIЯ ТЗ НА НОВ. ВЛАС. ПО УСПАДКУВАННЮ ЗА ЗАКОНОМ ЧИ ЗНЯТТЯМ З ОБЛІКУ В ОРГАНАХ С,ВАНТАЖНИЙ,985
2020,322,ПЕРЕРЕЄСТРАЦIЯ ТЗ НА НОВ. ВЛАС. ПО УСПАДКУВАННЮ ЗА ЗАКОНОМ ЧИ ЗНЯТТЯМ З ОБЛІКУ В ОРГАНАХ С,ЛЕГКОВИЙ,14568
2020,322,ПЕРЕРЕЄСТРАЦIЯ ТЗ НА НОВ. ВЛАС. ПО УСПАДКУВАННЮ ЗА ЗАКОНОМ ЧИ ЗНЯТТЯМ З ОБЛІКУ В ОРГАНАХ С,МОПЕД,40
2020,322,ПЕРЕРЕЄСТРАЦIЯ ТЗ НА НОВ. ВЛАС. ПО УСПАДКУВАННЮ ЗА ЗАКОНОМ ЧИ ЗНЯТТЯМ З ОБЛІКУ В ОРГАНАХ С,МОТОЦИКЛ,183
2020,322,ПЕРЕРЕЄСТРАЦIЯ ТЗ НА НОВ. ВЛАС. ПО УСПАДКУВАННЮ ЗА ЗАКОНОМ ЧИ ЗНЯТТЯМ З ОБЛІКУ В ОРГАНАХ С,НАПІВПРИЧІП,119
2020,322,ПЕРЕРЕЄСТРАЦIЯ ТЗ НА НОВ. ВЛАС. ПО УСПАДКУВАННЮ ЗА ЗАКОНОМ ЧИ ЗНЯТТЯМ З ОБЛІКУ В ОРГАНАХ С,ПРИЧІП,773
2020,322,ПЕРЕРЕЄСТРАЦIЯ ТЗ НА НОВ. ВЛАС. ПО УСПАДКУВАННЮ ЗА ЗАКОНОМ ЧИ ЗНЯТТЯМ З ОБЛІКУ В ОРГАНАХ С,ТРИЦИКЛ,5
2020,324,"ПЕРЕРЕЄСТРАЦІЯ ТЗ НА НОВОГО ВЛАСНИКА (СТРАХОВИКА), ПІСЛЯ ВИПЛАТИ СТРАХУВАЛЬНИКАМ ПОВНОЇ СТ",ЛЕГКОВИЙ,2
2020,329,ПЕРЕРЕЄСТРАЦІЯ ТЗ ЗА ДОГОВОРОМ ФІНАНСОВОГО ЛІЗИНГУ,АВТОБУС,99
2020,329,ПЕРЕРЕЄСТРАЦІЯ ТЗ ЗА ДОГОВОРОМ ФІНАНСОВОГО ЛІЗИНГУ,ВАНТАЖНИЙ,1515
2020,329,ПЕРЕРЕЄСТРАЦІЯ ТЗ ЗА ДОГОВОРОМ ФІНАНСОВОГО ЛІЗИНГУ,ЛЕГКОВИЙ,5345
2020,329,ПЕРЕРЕЄСТРАЦІЯ ТЗ ЗА ДОГОВОРОМ ФІНАНСОВОГО ЛІЗИНГУ,НАПІВПРИЧІП,189
2020,329,ПЕРЕРЕЄСТРАЦІЯ ТЗ ЗА ДОГОВОРОМ ФІНАНСОВОГО ЛІЗИНГУ,ПРИЧІП,38
2020,330,ПЕРЕРЕЄСТРАЦIЯ НА НОВОГО ВЛАСНИКА ЗА РIШЕННЯМ СУДУ,АВТОБУС,13
2020,330,ПЕРЕРЕЄСТРАЦIЯ НА НОВОГО ВЛАСНИКА ЗА РIШЕННЯМ СУДУ,ВАНТАЖНИЙ,107
2020,330,ПЕРЕРЕЄСТРАЦIЯ НА НОВОГО ВЛАСНИКА ЗА РIШЕННЯМ СУДУ,ЛЕГКОВИЙ,345
2020,330,ПЕРЕРЕЄСТРАЦIЯ НА НОВОГО ВЛАСНИКА ЗА РIШЕННЯМ СУДУ,МОТОЦИКЛ,3
2020,330,ПЕРЕРЕЄСТРАЦIЯ НА НОВОГО ВЛАСНИКА ЗА РIШЕННЯМ СУДУ,НАПІВПРИЧІП,23
2020,330,ПЕРЕРЕЄСТРАЦIЯ НА НОВОГО ВЛАСНИКА ЗА РIШЕННЯМ СУДУ,ПРИЧІП,18
2020,331,"ПЕРЕРЕЄСТРАЦІЯ НА НОВОГО ВЛАСНИКА ТЗ, ПРИДБАНОГО НА АУКЦІОНІ, ЕЛЕКТРОННИХ ТОРГАХ, ТОВАРНІЙ",АВТОБУС,21
2020,331,"ПЕРЕРЕЄСТРАЦІЯ НА НОВОГО ВЛАСНИКА ТЗ, ПРИДБАНОГО НА АУКЦІОНІ, ЕЛЕКТРОННИХ ТОРГАХ, ТОВАРНІЙ",ВАНТАЖНИЙ,278
2020,331,"ПЕРЕРЕЄСТРАЦІЯ НА НОВОГО ВЛАСНИКА ТЗ, ПРИДБАНОГО НА АУКЦІОНІ, ЕЛЕКТРОННИХ ТОРГАХ, ТОВАРНІЙ",ЛЕГКОВИЙ,1042
2020,331,"ПЕРЕРЕЄСТРАЦІЯ НА НОВОГО ВЛАСНИКА ТЗ, ПРИДБАНОГО НА АУКЦІОНІ, ЕЛЕКТРОННИХ ТОРГАХ, ТОВАРНІЙ",МОПЕД,1
2020,331,"ПЕРЕРЕЄСТРАЦІЯ НА НОВОГО ВЛАСНИКА ТЗ, ПРИДБАНОГО НА АУКЦІОНІ, ЕЛЕКТРОННИХ ТОРГАХ, ТОВАРНІЙ",МОТОЦИКЛ,1
2020,331,"ПЕРЕРЕЄСТРАЦІЯ НА НОВОГО ВЛАСНИКА ТЗ, ПРИДБАНОГО НА АУКЦІОНІ, ЕЛЕКТРОННИХ ТОРГАХ, ТОВАРНІЙ",НАПІВПРИЧІП,59
2020,331,"ПЕРЕРЕЄСТРАЦІЯ НА НОВОГО ВЛАСНИКА ТЗ, ПРИДБАНОГО НА АУКЦІОНІ, ЕЛЕКТРОННИХ ТОРГАХ, ТОВАРНІЙ",ПРИЧІП,38
2020,332,ПЕРЕРЕЄСТРАЦІЯ ТЗ НА НОВОГО ВЛАСНИКА ЗА ПОСТАНОВОЮ ПРО ПЕРЕДАЧУ МАЙНА,АВТОБУС,1
2020,332,ПЕРЕРЕЄСТРАЦІЯ ТЗ НА НОВОГО ВЛАСНИКА ЗА ПОСТАНОВОЮ ПРО ПЕРЕДАЧУ МАЙНА,ВАНТАЖНИЙ,11
2020,332,ПЕРЕРЕЄСТРАЦІЯ ТЗ НА НОВОГО ВЛАСНИКА ЗА ПОСТАНОВОЮ ПРО ПЕРЕДАЧУ МАЙНА,ЛЕГКОВИЙ,48
2020,332,ПЕРЕРЕЄСТРАЦІЯ ТЗ НА НОВОГО ВЛАСНИКА ЗА ПОСТАНОВОЮ ПРО ПЕРЕДАЧУ МАЙНА,НАПІВПРИЧІП,1
2020,332,ПЕРЕРЕЄСТРАЦІЯ ТЗ НА НОВОГО ВЛАСНИКА ЗА ПОСТАНОВОЮ ПРО ПЕРЕДАЧУ МАЙНА,ПРИЧІП,1
2020,340,ПЕРЕРЕЄСТРАЦIЯ У ЗВ`ЯЗКУ ЗI ЗМIНОЮ АНКЕТНИХ ДАНИХ ВЛАСНИКА,ЛЕГКОВИЙ,1
2020,340,ПЕРЕРЕЄСТРАЦIЯ У ЗВ`ЯЗКУ ЗI ЗМIНОЮ АНКЕТНИХ ДАНИХ ВЛАСНИКА(БЕЗ ЗМІНИ РЕГІОНУ РЕЄСТРАЦІЇ),АВТОБУС,164
2020,340,ПЕРЕРЕЄСТРАЦIЯ У ЗВ`ЯЗКУ ЗI ЗМIНОЮ АНКЕТНИХ ДАНИХ ВЛАСНИКА(БЕЗ ЗМІНИ РЕГІОНУ РЕЄСТРАЦІЇ),ВАНТАЖНИЙ,1532
2020,340,ПЕРЕРЕЄСТРАЦIЯ У ЗВ`ЯЗКУ ЗI ЗМIНОЮ АНКЕТНИХ ДАНИХ ВЛАСНИКА(БЕЗ ЗМІНИ РЕГІОНУ РЕЄСТРАЦІЇ),ЛЕГКОВИЙ,13342
2020,340,ПЕРЕРЕЄСТРАЦIЯ У ЗВ`ЯЗКУ ЗI ЗМIНОЮ АНКЕТНИХ ДАНИХ ВЛАСНИКА(БЕЗ ЗМІНИ РЕГІОНУ РЕЄСТРАЦІЇ),МОПЕД,20
2020,340,ПЕРЕРЕЄСТРАЦIЯ У ЗВ`ЯЗКУ ЗI ЗМIНОЮ АНКЕТНИХ ДАНИХ ВЛАСНИКА(БЕЗ ЗМІНИ РЕГІОНУ РЕЄСТРАЦІЇ),МОТОЦИКЛ,203
2020,340,ПЕРЕРЕЄСТРАЦIЯ У ЗВ`ЯЗКУ ЗI ЗМIНОЮ АНКЕТНИХ ДАНИХ ВЛАСНИКА(БЕЗ ЗМІНИ РЕГІОНУ РЕЄСТРАЦІЇ),НАПІВПРИЧІП,473
2020,340,ПЕРЕРЕЄСТРАЦIЯ У ЗВ`ЯЗКУ ЗI ЗМIНОЮ АНКЕТНИХ ДАНИХ ВЛАСНИКА(БЕЗ ЗМІНИ РЕГІОНУ РЕЄСТРАЦІЇ),ПРИЧІП,208
2020,340,ПЕРЕРЕЄСТРАЦIЯ У ЗВ`ЯЗКУ ЗI ЗМIНОЮ АНКЕТНИХ ДАНИХ ВЛАСНИКА(БЕЗ ЗМІНИ РЕГІОНУ РЕЄСТРАЦІЇ),ТРИЦИКЛ,4
2020,341,ПЕРЕРЕЄСТРАЦІЯ РАНІШЕ ВИКРАДЕНОГО ТЗ,ВАНТАЖНИЙ,4
2020,341,ПЕРЕРЕЄСТРАЦІЯ РАНІШЕ ВИКРАДЕНОГО ТЗ,ЛЕГКОВИЙ,11
2020,341,ПЕРЕРЕЄСТРАЦІЯ РАНІШЕ ВИКРАДЕНОГО ТЗ,МОТОЦИКЛ,1
2020,343,ПЕРЕРЕЄСТРАЦІЯ У ЗВ'ЯЗКУ ІЗ ЗМІНОЮ ДАНИХ ВЛАСНИКА АБО ТЗ (ТЗ  ОТРИМАНО ЧЕРЕЗ ВІДДІЛ СОЦЗАХ,ЛЕГКОВИЙ,14
2020,350,ПЕРЕРЕЄСТРАЦIЯ У ЗВ`ЯЗКУ ЗI ЗМIНОЮ НАЗВИ ОРГАНIЗАЦIЇ,АВТОБУС,356
2020,350,ПЕРЕРЕЄСТРАЦIЯ У ЗВ`ЯЗКУ ЗI ЗМIНОЮ НАЗВИ ОРГАНIЗАЦIЇ,ВАНТАЖНИЙ,1898
2020,350,ПЕРЕРЕЄСТРАЦIЯ У ЗВ`ЯЗКУ ЗI ЗМIНОЮ НАЗВИ ОРГАНIЗАЦIЇ,ЛЕГКОВИЙ,2780
2020,350,ПЕРЕРЕЄСТРАЦIЯ У ЗВ`ЯЗКУ ЗI ЗМIНОЮ НАЗВИ ОРГАНIЗАЦIЇ,МОПЕД,1
2020,350,ПЕРЕРЕЄСТРАЦIЯ У ЗВ`ЯЗКУ ЗI ЗМIНОЮ НАЗВИ ОРГАНIЗАЦIЇ,МОТОЦИКЛ,4
2020,350,ПЕРЕРЕЄСТРАЦIЯ У ЗВ`ЯЗКУ ЗI ЗМIНОЮ НАЗВИ ОРГАНIЗАЦIЇ,НАПІВПРИЧІП,119
2020,350,ПЕРЕРЕЄСТРАЦIЯ У ЗВ`ЯЗКУ ЗI ЗМIНОЮ НАЗВИ ОРГАНIЗАЦIЇ,ПРИЧІП,102
2020,360,ПЕРЕРЕЄСТРАЦІЯ ТЗ У ЗВ`ЯЗКУ ЗІ ЗМІНОЮ АНКЕТНИХ ДАНИХ ВЛАСНИКА (З ЗМІНОЮ РЕГІОНУ РЕЄСТРАЦІЇ,АВТОБУС,33
2020,360,ПЕРЕРЕЄСТРАЦІЯ ТЗ У ЗВ`ЯЗКУ ЗІ ЗМІНОЮ АНКЕТНИХ ДАНИХ ВЛАСНИКА (З ЗМІНОЮ РЕГІОНУ РЕЄСТРАЦІЇ,ВАНТАЖНИЙ,381
2020,360,ПЕРЕРЕЄСТРАЦІЯ ТЗ У ЗВ`ЯЗКУ ЗІ ЗМІНОЮ АНКЕТНИХ ДАНИХ ВЛАСНИКА (З ЗМІНОЮ РЕГІОНУ РЕЄСТРАЦІЇ,ЛЕГКОВИЙ,3509
2020,360,ПЕРЕРЕЄСТРАЦІЯ ТЗ У ЗВ`ЯЗКУ ЗІ ЗМІНОЮ АНКЕТНИХ ДАНИХ ВЛАСНИКА (З ЗМІНОЮ РЕГІОНУ РЕЄСТРАЦІЇ,МОПЕД,2
2020,360,ПЕРЕРЕЄСТРАЦІЯ ТЗ У ЗВ`ЯЗКУ ЗІ ЗМІНОЮ АНКЕТНИХ ДАНИХ ВЛАСНИКА (З ЗМІНОЮ РЕГІОНУ РЕЄСТРАЦІЇ,МОТОЦИКЛ,42
2020,360,ПЕРЕРЕЄСТРАЦІЯ ТЗ У ЗВ`ЯЗКУ ЗІ ЗМІНОЮ АНКЕТНИХ ДАНИХ ВЛАСНИКА (З ЗМІНОЮ РЕГІОНУ РЕЄСТРАЦІЇ,НАПІВПРИЧІП,54
2020,360,ПЕРЕРЕЄСТРАЦІЯ ТЗ У ЗВ`ЯЗКУ ЗІ ЗМІНОЮ АНКЕТНИХ ДАНИХ ВЛАСНИКА (З ЗМІНОЮ РЕГІОНУ РЕЄСТРАЦІЇ,ПРИЧІП,42
2020,363,ПЕРЕРЕЄСТРАЦIЯ ТЗ У ЗВ`ЯЗКУ З ПЕРЕДАЧЕЮ ДО СТАТУТНОГО ФОНДУ,АВТОБУС,80
2020,363,ПЕРЕРЕЄСТРАЦIЯ ТЗ У ЗВ`ЯЗКУ З ПЕРЕДАЧЕЮ ДО СТАТУТНОГО ФОНДУ,ВАНТАЖНИЙ,709
2020,363,ПЕРЕРЕЄСТРАЦIЯ ТЗ У ЗВ`ЯЗКУ З ПЕРЕДАЧЕЮ ДО СТАТУТНОГО ФОНДУ,ЛЕГКОВИЙ,262
2020,363,ПЕРЕРЕЄСТРАЦIЯ ТЗ У ЗВ`ЯЗКУ З ПЕРЕДАЧЕЮ ДО СТАТУТНОГО ФОНДУ,НАПІВПРИЧІП,264
2020,363,ПЕРЕРЕЄСТРАЦIЯ ТЗ У ЗВ`ЯЗКУ З ПЕРЕДАЧЕЮ ДО СТАТУТНОГО ФОНДУ,ПРИЧІП,44
2020,364,ПЕРЕРЕЄСТРАЦІЯ ТЗ В ЗВЯЗКУ ІЗ ВИВЕДЕННЯМ ІЗ СТАТУТНОГО ФОНДУ,ВАНТАЖНИЙ,7
2020,364,ПЕРЕРЕЄСТРАЦІЯ ТЗ В ЗВЯЗКУ ІЗ ВИВЕДЕННЯМ ІЗ СТАТУТНОГО ФОНДУ,ЛЕГКОВИЙ,3
2020,364,ПЕРЕРЕЄСТРАЦІЯ ТЗ В ЗВЯЗКУ ІЗ ВИВЕДЕННЯМ ІЗ СТАТУТНОГО ФОНДУ,НАПІВПРИЧІП,2
2020,364,ПЕРЕРЕЄСТРАЦІЯ ТЗ В ЗВЯЗКУ ІЗ ВИВЕДЕННЯМ ІЗ СТАТУТНОГО ФОНДУ,ПРИЧІП,2
2020,380,"ПЕРЕРЕЄСТРАЦІЯ У ЗВ`ЯЗКУ З ЗАМІНОЮ КУЗОВА (ШАСІ), БЕЗ ЗДІЙСНЕННЯ ПЕРЕОБЛАДНАННЯ ТЗ",АВТОБУС,3
2020,380,"ПЕРЕРЕЄСТРАЦІЯ У ЗВ`ЯЗКУ З ЗАМІНОЮ КУЗОВА (ШАСІ), БЕЗ ЗДІЙСНЕННЯ ПЕРЕОБЛАДНАННЯ ТЗ",ПРИЧІП,1
2020,390,ПЕРЕРЕЄСТРАЦIЯ У ЗВ`ЯЗКУ ЗI ЗМIНОЮ КОЛЬОРУ ТЗ,АВТОБУС,167
2020,390,ПЕРЕРЕЄСТРАЦIЯ У ЗВ`ЯЗКУ ЗI ЗМIНОЮ КОЛЬОРУ ТЗ,ВАНТАЖНИЙ,598
2020,390,ПЕРЕРЕЄСТРАЦIЯ У ЗВ`ЯЗКУ ЗI ЗМIНОЮ КОЛЬОРУ ТЗ,ЛЕГКОВИЙ,1643
2020,390,ПЕРЕРЕЄСТРАЦIЯ У ЗВ`ЯЗКУ ЗI ЗМIНОЮ КОЛЬОРУ ТЗ,МОПЕД,8
2020,390,ПЕРЕРЕЄСТРАЦIЯ У ЗВ`ЯЗКУ ЗI ЗМIНОЮ КОЛЬОРУ ТЗ,МОТОЦИКЛ,118
2020,390,ПЕРЕРЕЄСТРАЦIЯ У ЗВ`ЯЗКУ ЗI ЗМIНОЮ КОЛЬОРУ ТЗ,НАПІВПРИЧІП,191
2020,390,ПЕРЕРЕЄСТРАЦIЯ У ЗВ`ЯЗКУ ЗI ЗМIНОЮ КОЛЬОРУ ТЗ,ПРИЧІП,94
2020,40,"ВТОРИННА РЕЄСТРАЦІЯ ТЗ, ПРИДБАНОГО В ТОРГОВЕЛЬНІЙ ОРГАНІЗАЦІЇ",ВАНТАЖНИЙ,1
2020,40,"ВТОРИННА РЕЄСТРАЦІЯ ТЗ, ПРИДБАНОГО В ТОРГОВЕЛЬНІЙ ОРГАНІЗАЦІЇ",ЛЕГКОВИЙ,3
2020,400,ПЕРЕРЕЄСТРАЦIЯ ПРИ ПЕРЕОБЛАДНАННI БЕЗ ЗАМІНИ НОМЕРНИХ АГРЕГАТІВ,ЛЕГКОВИЙ,2
2020,400,ПЕРЕРЕЄСТРАЦIЯ ПРИ ПЕРЕОБЛАДНАННI ДЛЯ РОБОТИ НА ГАЗОВОМУ ПАЛЬНОМУ,АВТОБУС,7
2020,400,ПЕРЕРЕЄСТРАЦIЯ ПРИ ПЕРЕОБЛАДНАННI ДЛЯ РОБОТИ НА ГАЗОВОМУ ПАЛЬНОМУ,ВАНТАЖНИЙ,708
2020,400,ПЕРЕРЕЄСТРАЦIЯ ПРИ ПЕРЕОБЛАДНАННI ДЛЯ РОБОТИ НА ГАЗОВОМУ ПАЛЬНОМУ,ЛЕГКОВИЙ,28315
2020,401,ПЕРЕРЕЄСТРАЦІЯ ТЗ ПРИ ПЕРЕОБЛ.І ІЗ ЗАМ.КУЗОВА(ШАСІ) ЗА ПОГОДЖЕННЯМ,АВТОБУС,2
2020,401,ПЕРЕРЕЄСТРАЦІЯ ТЗ ПРИ ПЕРЕОБЛ.І ІЗ ЗАМ.КУЗОВА(ШАСІ) ЗА ПОГОДЖЕННЯМ,ВАНТАЖНИЙ,77
2020,401,ПЕРЕРЕЄСТРАЦІЯ ТЗ ПРИ ПЕРЕОБЛ.І ІЗ ЗАМ.КУЗОВА(ШАСІ) ЗА ПОГОДЖЕННЯМ,ЛЕГКОВИЙ,4
2020,401,ПЕРЕРЕЄСТРАЦІЯ ТЗ ПРИ ПЕРЕОБЛ.І ІЗ ЗАМ.КУЗОВА(ШАСІ) ЗА ПОГОДЖЕННЯМ,МОТОЦИКЛ,1
2020,401,ПЕРЕРЕЄСТРАЦІЯ ТЗ ПРИ ПЕРЕОБЛ.І ІЗ ЗАМ.КУЗОВА(ШАСІ) ЗА ПОГОДЖЕННЯМ,НАПІВПРИЧІП,1
2020,401,ПЕРЕРЕЄСТРАЦІЯ ТЗ ПРИ ПЕРЕОБЛ.І ІЗ ЗАМ.КУЗОВА(ШАСІ) ЗА ПОГОДЖЕННЯМ,ПРИЧІП,3
2020,402,"ПЕРЕРЕЄСТРАЦIЯ ТЗ ПРИ ПЕРЕОБЛI.(ЗАМІНА ТИПУ, ПОТУЖ. ДВИГ.)ЗА ПОГОДЖЕННЯМ",АВТОБУС,94
2020,402,"ПЕРЕРЕЄСТРАЦIЯ ТЗ ПРИ ПЕРЕОБЛI.(ЗАМІНА ТИПУ, ПОТУЖ. ДВИГ.)ЗА ПОГОДЖЕННЯМ",ВАНТАЖНИЙ,1035
2020,402,"ПЕРЕРЕЄСТРАЦIЯ ТЗ ПРИ ПЕРЕОБЛI.(ЗАМІНА ТИПУ, ПОТУЖ. ДВИГ.)ЗА ПОГОДЖЕННЯМ",ЛЕГКОВИЙ,1057
2020,402,"ПЕРЕРЕЄСТРАЦIЯ ТЗ ПРИ ПЕРЕОБЛI.(ЗАМІНА ТИПУ, ПОТУЖ. ДВИГ.)ЗА ПОГОДЖЕННЯМ",МОТОЦИКЛ,8
2020,403,ПЕРЕРЕЄСТРАЦІЯ ПРИ ПЕРЕОБЛ.(ЗАМІНА КУЗОВА (ШАСІ)) ТА ДВИГУНА ЗА ПОГОДЖ.,АВТОБУС,56
2020,403,ПЕРЕРЕЄСТРАЦІЯ ПРИ ПЕРЕОБЛ.(ЗАМІНА КУЗОВА (ШАСІ)) ТА ДВИГУНА ЗА ПОГОДЖ.,ВАНТАЖНИЙ,1066
2020,403,ПЕРЕРЕЄСТРАЦІЯ ПРИ ПЕРЕОБЛ.(ЗАМІНА КУЗОВА (ШАСІ)) ТА ДВИГУНА ЗА ПОГОДЖ.,ЛЕГКОВИЙ,100
2020,404,"ПЕРЕРЕЄСТРАЦІЯ ТЗ, В ЗВ’ЯЗКУ ІЗ НАНЕСЕННЯ СПЕЦІАЛЬНИХ ІНДИВІДУАЛЬНИХ НОМЕРІВ АБО ДУБЛЮВАНН",АВТОБУС,128
2020,404,"ПЕРЕРЕЄСТРАЦІЯ ТЗ, В ЗВ’ЯЗКУ ІЗ НАНЕСЕННЯ СПЕЦІАЛЬНИХ ІНДИВІДУАЛЬНИХ НОМЕРІВ АБО ДУБЛЮВАНН",ВАНТАЖНИЙ,257
2020,404,"ПЕРЕРЕЄСТРАЦІЯ ТЗ, В ЗВ’ЯЗКУ ІЗ НАНЕСЕННЯ СПЕЦІАЛЬНИХ ІНДИВІДУАЛЬНИХ НОМЕРІВ АБО ДУБЛЮВАНН",ЛЕГКОВИЙ,946
2020,404,"ПЕРЕРЕЄСТРАЦІЯ ТЗ, В ЗВ’ЯЗКУ ІЗ НАНЕСЕННЯ СПЕЦІАЛЬНИХ ІНДИВІДУАЛЬНИХ НОМЕРІВ АБО ДУБЛЮВАНН",НАПІВПРИЧІП,2
2020,404,"ПЕРЕРЕЄСТРАЦІЯ ТЗ, В ЗВ’ЯЗКУ ІЗ НАНЕСЕННЯ СПЕЦІАЛЬНИХ ІНДИВІДУАЛЬНИХ НОМЕРІВ АБО ДУБЛЮВАНН",ПРИЧІП,1
2020,405,"ПЕРЕРЕЄСТРАЦІЯ ТЗ, В ЗВ’ЯЗКУ ІЗ НАНЕСЕННЯ СПЕЦІАЛЬНИХ ІНДИВІДУАЛЬНИХ НОМЕРІВ АБО ДУБЛЮВАНН",АВТОБУС,16
2020,405,"ПЕРЕРЕЄСТРАЦІЯ ТЗ, В ЗВ’ЯЗКУ ІЗ НАНЕСЕННЯ СПЕЦІАЛЬНИХ ІНДИВІДУАЛЬНИХ НОМЕРІВ АБО ДУБЛЮВАНН",ВАНТАЖНИЙ,621
2020,405,"ПЕРЕРЕЄСТРАЦІЯ ТЗ, В ЗВ’ЯЗКУ ІЗ НАНЕСЕННЯ СПЕЦІАЛЬНИХ ІНДИВІДУАЛЬНИХ НОМЕРІВ АБО ДУБЛЮВАНН",ЛЕГКОВИЙ,165
2020,405,"ПЕРЕРЕЄСТРАЦІЯ ТЗ, В ЗВ’ЯЗКУ ІЗ НАНЕСЕННЯ СПЕЦІАЛЬНИХ ІНДИВІДУАЛЬНИХ НОМЕРІВ АБО ДУБЛЮВАНН",МОТОЦИКЛ,5
2020,405,"ПЕРЕРЕЄСТРАЦІЯ ТЗ, В ЗВ’ЯЗКУ ІЗ НАНЕСЕННЯ СПЕЦІАЛЬНИХ ІНДИВІДУАЛЬНИХ НОМЕРІВ АБО ДУБЛЮВАНН",НАПІВПРИЧІП,158
2020,405,"ПЕРЕРЕЄСТРАЦІЯ ТЗ, В ЗВ’ЯЗКУ ІЗ НАНЕСЕННЯ СПЕЦІАЛЬНИХ ІНДИВІДУАЛЬНИХ НОМЕРІВ АБО ДУБЛЮВАНН",ПРИЧІП,115
2020,407,ПЕРЕРЕЄСТРАЦІЯ У ЗВ’ЯЗКУ З ВСТАНОВЛ. СССП АВТОЖОВТОГО КОЛЬОРУ НА ТЗ РЕАГУВАННЯ СОД,ВАНТАЖНИЙ,3
2020,407,ПЕРЕРЕЄСТРАЦІЯ У ЗВ’ЯЗКУ З ВСТАНОВЛ. СССП АВТОЖОВТОГО КОЛЬОРУ НА ТЗ РЕАГУВАННЯ СОД,ЛЕГКОВИЙ,162
2020,407,ПЕРЕРЕЄСТРАЦІЯ У ЗВ’ЯЗКУ З ВСТАНОВЛ. СССП АВТОЖОВТОГО КОЛЬОРУ НА ТЗ РЕАГУВАННЯ СОД,МОТОЦИКЛ,4
2020,408,ПЕРЕРЕЄСТРАЦІЯ ПРИ ПЕРЕОБЛАДНАННІ БЕЗ ЗАМІНИ НОМЕРНИХ АГРЕГАТІВ,АВТОБУС,149
2020,408,ПЕРЕРЕЄСТРАЦІЯ ПРИ ПЕРЕОБЛАДНАННІ БЕЗ ЗАМІНИ НОМЕРНИХ АГРЕГАТІВ,ВАНТАЖНИЙ,6911
2020,408,ПЕРЕРЕЄСТРАЦІЯ ПРИ ПЕРЕОБЛАДНАННІ БЕЗ ЗАМІНИ НОМЕРНИХ АГРЕГАТІВ,ЛЕГКОВИЙ,7303
2020,408,ПЕРЕРЕЄСТРАЦІЯ ПРИ ПЕРЕОБЛАДНАННІ БЕЗ ЗАМІНИ НОМЕРНИХ АГРЕГАТІВ,НАПІВПРИЧІП,2695
2020,408,ПЕРЕРЕЄСТРАЦІЯ ПРИ ПЕРЕОБЛАДНАННІ БЕЗ ЗАМІНИ НОМЕРНИХ АГРЕГАТІВ,ПРИЧІП,477
2020,410,ПЕРЕРЕЄСТРАЦІЯ ПРИ ЗАМІНІ НОМЕРНОГО ЗНАКУ,АВТОБУС,261
2020,410,ПЕРЕРЕЄСТРАЦІЯ ПРИ ЗАМІНІ НОМЕРНОГО ЗНАКУ,ВАНТАЖНИЙ,1956
2020,410,ПЕРЕРЕЄСТРАЦІЯ ПРИ ЗАМІНІ НОМЕРНОГО ЗНАКУ,ЛЕГКОВИЙ,27840
2020,410,ПЕРЕРЕЄСТРАЦІЯ ПРИ ЗАМІНІ НОМЕРНОГО ЗНАКУ,МОПЕД,6
2020,410,ПЕРЕРЕЄСТРАЦІЯ ПРИ ЗАМІНІ НОМЕРНОГО ЗНАКУ,МОТОЦИКЛ,148
2020,410,ПЕРЕРЕЄСТРАЦІЯ ПРИ ЗАМІНІ НОМЕРНОГО ЗНАКУ,НАПІВПРИЧІП,159
2020,410,ПЕРЕРЕЄСТРАЦІЯ ПРИ ЗАМІНІ НОМЕРНОГО ЗНАКУ,ПРИЧІП,219
2020,410,ПЕРЕРЕЄСТРАЦІЯ ПРИ ЗАМІНІ НОМЕРНОГО ЗНАКУ,ТРИЦИКЛ,2
2020,412,ПЕРЕРЕЄСТРАЦІЯ ТЗ ПРИ ВИДАЧІ НОМЕРНОГО ЗНАКУ ВІДПОВІДНОЇ КОМБІНАЦІЇ ЦИФР,ЛЕГКОВИЙ,47
2020,417,ПЕРЕРЕЄСТРАЦІЯ ТЗ (МОПЕДІВ) З ВИДАЧОЮ СПР,МОПЕД,114
2020,420,ПЕРЕРЕЄСТРАЦІЯ ПРИ ВТРАТІ НОМЕРНОГО ЗНАКУ,ВАНТАЖНИЙ,11
2020,420,ПЕРЕРЕЄСТРАЦІЯ ПРИ ВТРАТІ НОМЕРНОГО ЗНАКУ,ЛЕГКОВИЙ,347
2020,420,ПЕРЕРЕЄСТРАЦІЯ ПРИ ВТРАТІ НОМЕРНОГО ЗНАКУ,МОПЕД,5
2020,420,ПЕРЕРЕЄСТРАЦІЯ ПРИ ВТРАТІ НОМЕРНОГО ЗНАКУ,МОТОЦИКЛ,11
2020,420,ПЕРЕРЕЄСТРАЦІЯ ПРИ ВТРАТІ НОМЕРНОГО ЗНАКУ,ПРИЧІП,3
2020,421,ПЕРЕРЕЄСТРАЦІЯ ТЗ ПРИ ВТРАТІ НОМЕРНОГО ЗНАКУ ТА СВІДОЦТВА ПРО РЕЄСТРАЦІЮ,ВАНТАЖНИЙ,2
2020,421,ПЕРЕРЕЄСТРАЦІЯ ТЗ ПРИ ВТРАТІ НОМЕРНОГО ЗНАКУ ТА СВІДОЦТВА ПРО РЕЄСТРАЦІЮ,ЛЕГКОВИЙ,2
2020,429,ПЕРЕРЕЄСТРАЦІЯ ТЗ У ЗВ'ЯЗКУ ІЗ ПОДОВЖЕННЯМ ТЕРМІНУ ЗВОРОТНЬОГО ВИВОЗУ,АВТОБУС,6
2020,429,ПЕРЕРЕЄСТРАЦІЯ ТЗ У ЗВ'ЯЗКУ ІЗ ПОДОВЖЕННЯМ ТЕРМІНУ ЗВОРОТНЬОГО ВИВОЗУ,ВАНТАЖНИЙ,168
2020,429,ПЕРЕРЕЄСТРАЦІЯ ТЗ У ЗВ'ЯЗКУ ІЗ ПОДОВЖЕННЯМ ТЕРМІНУ ЗВОРОТНЬОГО ВИВОЗУ,ЛЕГКОВИЙ,285
2020,429,ПЕРЕРЕЄСТРАЦІЯ ТЗ У ЗВ'ЯЗКУ ІЗ ПОДОВЖЕННЯМ ТЕРМІНУ ЗВОРОТНЬОГО ВИВОЗУ,МОТОЦИКЛ,2
2020,429,ПЕРЕРЕЄСТРАЦІЯ ТЗ У ЗВ'ЯЗКУ ІЗ ПОДОВЖЕННЯМ ТЕРМІНУ ЗВОРОТНЬОГО ВИВОЗУ,НАПІВПРИЧІП,54
2020,430,ПЕРЕРЕЄСТРАЦІЯ ПРИ ЗАМІНІ СВІДОЦТВА ПРО РЕЄСТРАЦІЮ,АВТОБУС,338
2020,430,ПЕРЕРЕЄСТРАЦІЯ ПРИ ЗАМІНІ СВІДОЦТВА ПРО РЕЄСТРАЦІЮ,ВАНТАЖНИЙ,2049
2020,430,ПЕРЕРЕЄСТРАЦІЯ ПРИ ЗАМІНІ СВІДОЦТВА ПРО РЕЄСТРАЦІЮ,ЛЕГКОВИЙ,4710
2020,430,ПЕРЕРЕЄСТРАЦІЯ ПРИ ЗАМІНІ СВІДОЦТВА ПРО РЕЄСТРАЦІЮ,МОПЕД,79
2020,430,ПЕРЕРЕЄСТРАЦІЯ ПРИ ЗАМІНІ СВІДОЦТВА ПРО РЕЄСТРАЦІЮ,МОТОЦИКЛ,60
2020,430,ПЕРЕРЕЄСТРАЦІЯ ПРИ ЗАМІНІ СВІДОЦТВА ПРО РЕЄСТРАЦІЮ,НАПІВПРИЧІП,903
2020,430,ПЕРЕРЕЄСТРАЦІЯ ПРИ ЗАМІНІ СВІДОЦТВА ПРО РЕЄСТРАЦІЮ,ПРИЧІП,200
2020,430,ПЕРЕРЕЄСТРАЦІЯ ПРИ ЗАМІНІ СВІДОЦТВА ПРО РЕЄСТРАЦІЮ,ТРИЦИКЛ,1
2020,431,ПЕРЕРЕЄСТРАЦІЯ ТЗ ПРИ ВИДАЧІ ІНДИВІДУАЛЬНОГО НОМЕРНОГО ЗНАКУ,АВТОБУС,15
2020,431,ПЕРЕРЕЄСТРАЦІЯ ТЗ ПРИ ВИДАЧІ ІНДИВІДУАЛЬНОГО НОМЕРНОГО ЗНАКУ,ВАНТАЖНИЙ,140
2020,431,ПЕРЕРЕЄСТРАЦІЯ ТЗ ПРИ ВИДАЧІ ІНДИВІДУАЛЬНОГО НОМЕРНОГО ЗНАКУ,ЛЕГКОВИЙ,3235
2020,431,ПЕРЕРЕЄСТРАЦІЯ ТЗ ПРИ ВИДАЧІ ІНДИВІДУАЛЬНОГО НОМЕРНОГО ЗНАКУ,МОТОЦИКЛ,43
2020,440,ПЕРЕРЕЄСТРАЦIЯ ПРИ ВТРАТІ СВIДОЦТВА ПРО РЕЄСТРАЦIЮ,АВТОБУС,316
2020,440,ПЕРЕРЕЄСТРАЦIЯ ПРИ ВТРАТІ СВIДОЦТВА ПРО РЕЄСТРАЦIЮ,ВАНТАЖНИЙ,3475
2020,440,ПЕРЕРЕЄСТРАЦIЯ ПРИ ВТРАТІ СВIДОЦТВА ПРО РЕЄСТРАЦIЮ,ЛЕГКОВИЙ,19077
2020,440,ПЕРЕРЕЄСТРАЦIЯ ПРИ ВТРАТІ СВIДОЦТВА ПРО РЕЄСТРАЦIЮ,МОПЕД,146
2020,440,ПЕРЕРЕЄСТРАЦIЯ ПРИ ВТРАТІ СВIДОЦТВА ПРО РЕЄСТРАЦIЮ,МОТОЦИКЛ,487
2020,440,ПЕРЕРЕЄСТРАЦIЯ ПРИ ВТРАТІ СВIДОЦТВА ПРО РЕЄСТРАЦIЮ,НАПІВПРИЧІП,717
2020,440,ПЕРЕРЕЄСТРАЦIЯ ПРИ ВТРАТІ СВIДОЦТВА ПРО РЕЄСТРАЦIЮ,ПРИЧІП,1321
2020,440,ПЕРЕРЕЄСТРАЦIЯ ПРИ ВТРАТІ СВIДОЦТВА ПРО РЕЄСТРАЦIЮ,ТРИЦИКЛ,7
2020,450,ПЕРЕРЕЄСТРАЦІЯ ПРИ ЗАМІНІ СВІДОЦТВА ПРО РЕЄСТРАЦІЮ У ЗВ'ЯЗКУ З КОРИГУВАННЯМ ОБЛІКОВИХ ДАНИ,АВТОБУС,226
2020,450,ПЕРЕРЕЄСТРАЦІЯ ПРИ ЗАМІНІ СВІДОЦТВА ПРО РЕЄСТРАЦІЮ У ЗВ'ЯЗКУ З КОРИГУВАННЯМ ОБЛІКОВИХ ДАНИ,ВАНТАЖНИЙ,1544
2020,450,ПЕРЕРЕЄСТРАЦІЯ ПРИ ЗАМІНІ СВІДОЦТВА ПРО РЕЄСТРАЦІЮ У ЗВ'ЯЗКУ З КОРИГУВАННЯМ ОБЛІКОВИХ ДАНИ,ЛЕГКОВИЙ,3142
2020,450,ПЕРЕРЕЄСТРАЦІЯ ПРИ ЗАМІНІ СВІДОЦТВА ПРО РЕЄСТРАЦІЮ У ЗВ'ЯЗКУ З КОРИГУВАННЯМ ОБЛІКОВИХ ДАНИ,МОПЕД,5
2020,450,ПЕРЕРЕЄСТРАЦІЯ ПРИ ЗАМІНІ СВІДОЦТВА ПРО РЕЄСТРАЦІЮ У ЗВ'ЯЗКУ З КОРИГУВАННЯМ ОБЛІКОВИХ ДАНИ,МОТОЦИКЛ,40
2020,450,ПЕРЕРЕЄСТРАЦІЯ ПРИ ЗАМІНІ СВІДОЦТВА ПРО РЕЄСТРАЦІЮ У ЗВ'ЯЗКУ З КОРИГУВАННЯМ ОБЛІКОВИХ ДАНИ,НАПІВПРИЧІП,684
2020,450,ПЕРЕРЕЄСТРАЦІЯ ПРИ ЗАМІНІ СВІДОЦТВА ПРО РЕЄСТРАЦІЮ У ЗВ'ЯЗКУ З КОРИГУВАННЯМ ОБЛІКОВИХ ДАНИ,ПРИЧІП,196
2020,450,ПЕРЕРЕЄСТРАЦІЯ ПРИ ЗАМІНІ СВІДОЦТВА ПРО РЕЄСТРАЦІЮ У ЗВ'ЯЗКУ З КОРИГУВАННЯМ ОБЛІКОВИХ ДАНИ,ТРИЦИКЛ,1
2020,50,ВТОРИННА РЕЄСТРАЦIЯ ТЗ ЗА ДОГОВОРОМ КУПIВЛI-ПРОДАЖУ,ПРИЧІП,1
2020,500,ЗНЯТТЯ З ОБЛІКУ У ЗВ'ЯЗКУ ЗІ СКАСУВАННЯМ РЕЄСТРАЦІЇ,АВТОБУС,4
2020,500,ЗНЯТТЯ З ОБЛІКУ У ЗВ'ЯЗКУ ЗІ СКАСУВАННЯМ РЕЄСТРАЦІЇ,ВАНТАЖНИЙ,23
2020,500,ЗНЯТТЯ З ОБЛІКУ У ЗВ'ЯЗКУ ЗІ СКАСУВАННЯМ РЕЄСТРАЦІЇ,ЛЕГКОВИЙ,156
2020,500,ЗНЯТТЯ З ОБЛІКУ У ЗВ'ЯЗКУ ЗІ СКАСУВАННЯМ РЕЄСТРАЦІЇ,МОПЕД,3
2020,500,ЗНЯТТЯ З ОБЛІКУ У ЗВ'ЯЗКУ ЗІ СКАСУВАННЯМ РЕЄСТРАЦІЇ,ПРИЧІП,2
2020,501,СКАСУВАННЯ ЗНЯТТЯ З ОБЛІКУ ТЗ,ЛЕГКОВИЙ,7
2020,502,СКАСУВАННЯ ПЕРЕРЕЄСТРАЦІЇ,АВТОБУС,3
2020,502,СКАСУВАННЯ ПЕРЕРЕЄСТРАЦІЇ,ВАНТАЖНИЙ,10
2020,502,СКАСУВАННЯ ПЕРЕРЕЄСТРАЦІЇ,ЛЕГКОВИЙ,40
2020,502,СКАСУВАННЯ ПЕРЕРЕЄСТРАЦІЇ,НАПІВПРИЧІП,4
2020,518,ЗНЯТТЯ З ОБЛІКУ КАРТКИ ВІДОМЧОЇ РЕЄСТРАЦІЇ,ВАНТАЖНИЙ,1
2020,520,ЗНЯТТЯ З ОБЛIКУ ПРИ ВИВЕЗЕННІ ЗА КОРДОН,АВТОБУС,38
2020,520,ЗНЯТТЯ З ОБЛIКУ ПРИ ВИВЕЗЕННІ ЗА КОРДОН,ВАНТАЖНИЙ,510
2020,520,ЗНЯТТЯ З ОБЛIКУ ПРИ ВИВЕЗЕННІ ЗА КОРДОН,ЛЕГКОВИЙ,225
2020,520,ЗНЯТТЯ З ОБЛIКУ ПРИ ВИВЕЗЕННІ ЗА КОРДОН,МОПЕД,6
2020,520,ЗНЯТТЯ З ОБЛIКУ ПРИ ВИВЕЗЕННІ ЗА КОРДОН,МОТОЦИКЛ,65
2020,520,ЗНЯТТЯ З ОБЛIКУ ПРИ ВИВЕЗЕННІ ЗА КОРДОН,НАПІВПРИЧІП,79
2020,520,ЗНЯТТЯ З ОБЛIКУ ПРИ ВИВЕЗЕННІ ЗА КОРДОН,ПРИЧІП,116
2020,520,ЗНЯТТЯ З ОБЛIКУ ПРИ ВИВЕЗЕННІ ЗА КОРДОН,ТРИЦИКЛ,1
2020,530,ЗНЯТТЯ З ОБЛIКУ ДЛЯ РЕАЛIЗАЦIЇ,ВАНТАЖНИЙ,1
2020,530,ЗНЯТТЯ З ОБЛIКУ ДЛЯ РЕАЛIЗАЦIЇ,ЛЕГКОВИЙ,1
2020,540,ЗНЯТТЯ З ОБЛIКУ У ЗВ`ЯЗКУ З ВИБРАКОВКОЮ,АВТОБУС,765
2020,540,ЗНЯТТЯ З ОБЛIКУ У ЗВ`ЯЗКУ З ВИБРАКОВКОЮ,ВАНТАЖНИЙ,4177
2020,540,ЗНЯТТЯ З ОБЛIКУ У ЗВ`ЯЗКУ З ВИБРАКОВКОЮ,КВАДРОЦИКЛ,6
2020,540,ЗНЯТТЯ З ОБЛIКУ У ЗВ`ЯЗКУ З ВИБРАКОВКОЮ,ЛЕГКОВИЙ,6909
2020,540,ЗНЯТТЯ З ОБЛIКУ У ЗВ`ЯЗКУ З ВИБРАКОВКОЮ,МОПЕД,157
2020,540,ЗНЯТТЯ З ОБЛIКУ У ЗВ`ЯЗКУ З ВИБРАКОВКОЮ,МОТОЦИКЛ,416
2020,540,ЗНЯТТЯ З ОБЛIКУ У ЗВ`ЯЗКУ З ВИБРАКОВКОЮ,НАПІВПРИЧІП,418
2020,540,ЗНЯТТЯ З ОБЛIКУ У ЗВ`ЯЗКУ З ВИБРАКОВКОЮ,ПРИЧІП,336
2020,540,ЗНЯТТЯ З ОБЛIКУ У ЗВ`ЯЗКУ З ВИБРАКОВКОЮ,СПЕЦІАЛІЗОВАНІ,9
2020,550,ЗНЯТТЯ З ОБЛIКУ ТЗ ВВЕЗЕНОГО ПIД ЗОБОВ. ПРО ЗВОР. ВИВЕЗЕННЯ,ВАНТАЖНИЙ,27
2020,550,ЗНЯТТЯ З ОБЛIКУ ТЗ ВВЕЗЕНОГО ПIД ЗОБОВ. ПРО ЗВОР. ВИВЕЗЕННЯ,ЛЕГКОВИЙ,411
2020,550,ЗНЯТТЯ З ОБЛIКУ ТЗ ВВЕЗЕНОГО ПIД ЗОБОВ. ПРО ЗВОР. ВИВЕЗЕННЯ,МОТОЦИКЛ,2
2020,550,ЗНЯТТЯ З ОБЛIКУ ТЗ ВВЕЗЕНОГО ПIД ЗОБОВ. ПРО ЗВОР. ВИВЕЗЕННЯ,НАПІВПРИЧІП,7
2020,560,ЗНЯТТЯ З ОБЛІКУ ПРИ ПОВЕРНЕННІ ІЗ ПОЇЗДКИ ЗА КОРДОН ПО ДОРУЧ.,АВТОБУС,592
2020,560,ЗНЯТТЯ З ОБЛІКУ ПРИ ПОВЕРНЕННІ ІЗ ПОЇЗДКИ ЗА КОРДОН ПО ДОРУЧ.,ВАНТАЖНИЙ,3643
2020,560,ЗНЯТТЯ З ОБЛІКУ ПРИ ПОВЕРНЕННІ ІЗ ПОЇЗДКИ ЗА КОРДОН ПО ДОРУЧ.,ЛЕГКОВИЙ,3427
2020,560,ЗНЯТТЯ З ОБЛІКУ ПРИ ПОВЕРНЕННІ ІЗ ПОЇЗДКИ ЗА КОРДОН ПО ДОРУЧ.,МОТОЦИКЛ,32
2020,560,ЗНЯТТЯ З ОБЛІКУ ПРИ ПОВЕРНЕННІ ІЗ ПОЇЗДКИ ЗА КОРДОН ПО ДОРУЧ.,НАПІВПРИЧІП,2149
2020,560,ЗНЯТТЯ З ОБЛІКУ ПРИ ПОВЕРНЕННІ ІЗ ПОЇЗДКИ ЗА КОРДОН ПО ДОРУЧ.,ПРИЧІП,263
2020,570,ЗНЯТТЯ З ОБЛІКУ У ЗВ`ЯЗКУ ЗI ЗМIНОЮ ДЕРЖАВНОГО ОРГАНУ РЕЄСТРАЦІЇ,АВТОБУС,17
2020,570,ЗНЯТТЯ З ОБЛІКУ У ЗВ`ЯЗКУ ЗI ЗМIНОЮ ДЕРЖАВНОГО ОРГАНУ РЕЄСТРАЦІЇ,ВАНТАЖНИЙ,51
2020,570,ЗНЯТТЯ З ОБЛІКУ У ЗВ`ЯЗКУ ЗI ЗМIНОЮ ДЕРЖАВНОГО ОРГАНУ РЕЄСТРАЦІЇ,ЛЕГКОВИЙ,318
2020,570,ЗНЯТТЯ З ОБЛІКУ У ЗВ`ЯЗКУ ЗI ЗМIНОЮ ДЕРЖАВНОГО ОРГАНУ РЕЄСТРАЦІЇ,ПРИЧІП,33
2020,64,РЕЄСТРАЦІЯ КОНФІСКОВАНОГО ТЗ,ВАНТАЖНИЙ,2
2020,64,РЕЄСТРАЦІЯ КОНФІСКОВАНОГО ТЗ,ЛЕГКОВИЙ,52
2020,64,РЕЄСТРАЦІЯ КОНФІСКОВАНОГО ТЗ,МОТОЦИКЛ,1
2020,64,РЕЄСТРАЦІЯ КОНФІСКОВАНОГО ТЗ,НАПІВПРИЧІП,1
2020,65,РЕЄСТРАЦIЯ ТЗ ЗА РІШЕННЯМ СУДУ,АВТОБУС,4
2020,65,РЕЄСТРАЦIЯ ТЗ ЗА РІШЕННЯМ СУДУ,ВАНТАЖНИЙ,12
2020,65,РЕЄСТРАЦIЯ ТЗ ЗА РІШЕННЯМ СУДУ,ЛЕГКОВИЙ,196
2020,65,РЕЄСТРАЦIЯ ТЗ ЗА РІШЕННЯМ СУДУ,МОТОЦИКЛ,8
2020,65,РЕЄСТРАЦIЯ ТЗ ЗА РІШЕННЯМ СУДУ,ПРИЧІП,5
2020,69,РЕЄСТРАЦІЯ НОВИХ ТЗ ПО АКТУ ПРИЙОМУ-ПЕРЕДАЧІ (ДОД. 6),АВТОБУС,379
2020,69,РЕЄСТРАЦІЯ НОВИХ ТЗ ПО АКТУ ПРИЙОМУ-ПЕРЕДАЧІ (ДОД. 6),ВАНТАЖНИЙ,522
2020,69,РЕЄСТРАЦІЯ НОВИХ ТЗ ПО АКТУ ПРИЙОМУ-ПЕРЕДАЧІ (ДОД. 6),ЛЕГКОВИЙ,782
2020,69,РЕЄСТРАЦІЯ НОВИХ ТЗ ПО АКТУ ПРИЙОМУ-ПЕРЕДАЧІ (ДОД. 6),МОТОЦИКЛ,2
2020,69,РЕЄСТРАЦІЯ НОВИХ ТЗ ПО АКТУ ПРИЙОМУ-ПЕРЕДАЧІ (ДОД. 6),НАПІВПРИЧІП,136
2020,69,РЕЄСТРАЦІЯ НОВИХ ТЗ ПО АКТУ ПРИЙОМУ-ПЕРЕДАЧІ (ДОД. 6),ПРИЧІП,23520
2020,70,РЕЄСТРАЦIЯ Б/В ТЗ ПРИВЕЗЕНОГО З-ЗА КОРДОНУ ПО ВМД,АВТОБУС,242
2020,70,РЕЄСТРАЦIЯ Б/В ТЗ ПРИВЕЗЕНОГО З-ЗА КОРДОНУ ПО ВМД,ВАНТАЖНИЙ,4736
2020,70,РЕЄСТРАЦIЯ Б/В ТЗ ПРИВЕЗЕНОГО З-ЗА КОРДОНУ ПО ВМД,КВАДРОЦИКЛ,6
2020,70,РЕЄСТРАЦIЯ Б/В ТЗ ПРИВЕЗЕНОГО З-ЗА КОРДОНУ ПО ВМД,ЛЕГКОВИЙ,47347
2020,70,РЕЄСТРАЦIЯ Б/В ТЗ ПРИВЕЗЕНОГО З-ЗА КОРДОНУ ПО ВМД,МОПЕД,3
2020,70,РЕЄСТРАЦIЯ Б/В ТЗ ПРИВЕЗЕНОГО З-ЗА КОРДОНУ ПО ВМД,МОТОЦИКЛ,285
2020,70,РЕЄСТРАЦIЯ Б/В ТЗ ПРИВЕЗЕНОГО З-ЗА КОРДОНУ ПО ВМД,НАПІВПРИЧІП,3216
2020,70,РЕЄСТРАЦIЯ Б/В ТЗ ПРИВЕЗЕНОГО З-ЗА КОРДОНУ ПО ВМД,ПРИЧІП,295
2020,70,РЕЄСТРАЦIЯ Б/В ТЗ ПРИВЕЗЕНОГО З-ЗА КОРДОНУ ПО ВМД,ТРИЦИКЛ,2
2020,70,РЕЄСТРАЦIЯ ТЗ ПРИВЕЗЕНОГО З-ЗА КОРДОНУ,ВАНТАЖНИЙ,1
2020,71,РЕЄСТРАЦІЯ ТЗ ПРИВЕЗЕНОГО З-ЗА КОРДОНУ ПО ПОСВІДЧЕННЮ МИТНИЦІ,АВТОБУС,170
2020,71,РЕЄСТРАЦІЯ ТЗ ПРИВЕЗЕНОГО З-ЗА КОРДОНУ ПО ПОСВІДЧЕННЮ МИТНИЦІ,ВАНТАЖНИЙ,2365
2020,71,РЕЄСТРАЦІЯ ТЗ ПРИВЕЗЕНОГО З-ЗА КОРДОНУ ПО ПОСВІДЧЕННЮ МИТНИЦІ,КВАДРОЦИКЛ,5
2020,71,РЕЄСТРАЦІЯ ТЗ ПРИВЕЗЕНОГО З-ЗА КОРДОНУ ПО ПОСВІДЧЕННЮ МИТНИЦІ,ЛЕГКОВИЙ,233948
2020,71,РЕЄСТРАЦІЯ ТЗ ПРИВЕЗЕНОГО З-ЗА КОРДОНУ ПО ПОСВІДЧЕННЮ МИТНИЦІ,МОПЕД,8
2020,71,РЕЄСТРАЦІЯ ТЗ ПРИВЕЗЕНОГО З-ЗА КОРДОНУ ПО ПОСВІДЧЕННЮ МИТНИЦІ,МОТОЦИКЛ,1306
2020,71,РЕЄСТРАЦІЯ ТЗ ПРИВЕЗЕНОГО З-ЗА КОРДОНУ ПО ПОСВІДЧЕННЮ МИТНИЦІ,НАПІВПРИЧІП,375
2020,71,РЕЄСТРАЦІЯ ТЗ ПРИВЕЗЕНОГО З-ЗА КОРДОНУ ПО ПОСВІДЧЕННЮ МИТНИЦІ,ПРИЧІП,861
2020,71,РЕЄСТРАЦІЯ ТЗ ПРИВЕЗЕНОГО З-ЗА КОРДОНУ ПО ПОСВІДЧЕННЮ МИТНИЦІ,ТРИЦИКЛ,9
2020,72,"РЕЄСТРАЦІЯ НОВОГО ТЗ, ПРИВЕЗЕНОГО З-ЗА КОРДОНУ ПО ВМД",АВТОБУС,3
2020,72,"РЕЄСТРАЦІЯ НОВОГО ТЗ, ПРИВЕЗЕНОГО З-ЗА КОРДОНУ ПО ВМД",ВАНТАЖНИЙ,226
2020,72,"РЕЄСТРАЦІЯ НОВОГО ТЗ, ПРИВЕЗЕНОГО З-ЗА КОРДОНУ ПО ВМД",КВАДРОЦИКЛ,1
2020,72,"РЕЄСТРАЦІЯ НОВОГО ТЗ, ПРИВЕЗЕНОГО З-ЗА КОРДОНУ ПО ВМД",ЛЕГКОВИЙ,816
2020,72,"РЕЄСТРАЦІЯ НОВОГО ТЗ, ПРИВЕЗЕНОГО З-ЗА КОРДОНУ ПО ВМД",МОТОЦИКЛ,53
2020,72,"РЕЄСТРАЦІЯ НОВОГО ТЗ, ПРИВЕЗЕНОГО З-ЗА КОРДОНУ ПО ВМД",НАПІВПРИЧІП,647
2020,72,"РЕЄСТРАЦІЯ НОВОГО ТЗ, ПРИВЕЗЕНОГО З-ЗА КОРДОНУ ПО ВМД",ПРИЧІП,245
2020,72,"РЕЄСТРАЦІЯ НОВОГО ТЗ, ПРИВЕЗЕНОГО З-ЗА КОРДОНУ ПО ВМД",ТРИЦИКЛ,4
2020,80,"РЕЄСТРАЦІЯ ТЗ ПРИДБАНОГО НА АУКЦІОНІ, ЕЛЕКТРОННИХ ТОРГАХ, ТОВАРНІЙ БІРЖІ",АВТОБУС,1
2020,80,"РЕЄСТРАЦІЯ ТЗ ПРИДБАНОГО НА АУКЦІОНІ, ЕЛЕКТРОННИХ ТОРГАХ, ТОВАРНІЙ БІРЖІ",ВАНТАЖНИЙ,3
2020,80,"РЕЄСТРАЦІЯ ТЗ ПРИДБАНОГО НА АУКЦІОНІ, ЕЛЕКТРОННИХ ТОРГАХ, ТОВАРНІЙ БІРЖІ",ЛЕГКОВИЙ,27
2020,80,"РЕЄСТРАЦІЯ ТЗ ПРИДБАНОГО НА АУКЦІОНІ, ЕЛЕКТРОННИХ ТОРГАХ, ТОВАРНІЙ БІРЖІ",МОТОЦИКЛ,1
2020,80,"РЕЄСТРАЦІЯ ТЗ ПРИДБАНОГО НА АУКЦІОНІ, ЕЛЕКТРОННИХ ТОРГАХ, ТОВАРНІЙ БІРЖІ",НАПІВПРИЧІП,1
2020,80,"РЕЄСТРАЦІЯ ТЗ ПРИДБАНОГО НА АУКЦІОНІ, ЕЛЕКТРОННИХ ТОРГАХ, ТОВАРНІЙ БІРЖІ",ПРИЧІП,2
2020,90,РЕЄСТРАЦIЯ ТЗ ПРИДБАНОГО З ФОНДІВ МІН. ОБОРОНИ,ВАНТАЖНИЙ,34
2020,90,РЕЄСТРАЦIЯ ТЗ ПРИДБАНОГО З ФОНДІВ МІН. ОБОРОНИ,ЛЕГКОВИЙ,3
2020,90,РЕЄСТРАЦIЯ ТЗ ПРИДБАНОГО З ФОНДІВ МІН. ОБОРОНИ,ПРИЧІП,1
2020,91,РЕЄСТРАЦІЯ ТЗ ПРИДБАНОГО В ІНШОМУ ОРГАНІ ДЕРЖАВНОЇ РЕЄСТРАЦІЇ,ВАНТАЖНИЙ,2
2020,91,РЕЄСТРАЦІЯ ТЗ ПРИДБАНОГО В ІНШОМУ ОРГАНІ ДЕРЖАВНОЇ РЕЄСТРАЦІЇ,ЛЕГКОВИЙ,2
2020,99,"ПЕРВИННА РЕЄСТРАЦІЯ ТЗ ПРИДБАНОГО В ТОРГІВЕЛЬНІЙ ОРГАНІЗАЦІЇ, ЯКИЙ ВИГОТОВЛЕНО В УКРАЇНІ",АВТОБУС,376
2020,99,"ПЕРВИННА РЕЄСТРАЦІЯ ТЗ ПРИДБАНОГО В ТОРГІВЕЛЬНІЙ ОРГАНІЗАЦІЇ, ЯКИЙ ВИГОТОВЛЕНО В УКРАЇНІ",ВАНТАЖНИЙ,2009
2020,99,"ПЕРВИННА РЕЄСТРАЦІЯ ТЗ ПРИДБАНОГО В ТОРГІВЕЛЬНІЙ ОРГАНІЗАЦІЇ, ЯКИЙ ВИГОТОВЛЕНО В УКРАЇНІ",ЛЕГКОВИЙ,6256
2020,99,"ПЕРВИННА РЕЄСТРАЦІЯ ТЗ ПРИДБАНОГО В ТОРГІВЕЛЬНІЙ ОРГАНІЗАЦІЇ, ЯКИЙ ВИГОТОВЛЕНО В УКРАЇНІ",МОТОЦИКЛ,3
2020,99,"ПЕРВИННА РЕЄСТРАЦІЯ ТЗ ПРИДБАНОГО В ТОРГІВЕЛЬНІЙ ОРГАНІЗАЦІЇ, ЯКИЙ ВИГОТОВЛЕНО В УКРАЇНІ",НАПІВПРИЧІП,182
2020,99,"ПЕРВИННА РЕЄСТРАЦІЯ ТЗ ПРИДБАНОГО В ТОРГІВЕЛЬНІЙ ОРГАНІЗАЦІЇ, ЯКИЙ ВИГОТОВЛЕНО В УКРАЇНІ",ПРИЧІП,8356
2021,10,ВТОРИННА РЕЄСТРАЦIЯ ТЗ ПО АКТУ ПРИЙМАННЯ ПЕРЕДАЧІ(ДОД.2),ВАНТАЖНИЙ,1
2021,10,ВТОРИННА РЕЄСТРАЦIЯ ТЗ ПО АКТУ ПРИЙМАННЯ ПЕРЕДАЧІ(ДОД.2),ЛЕГКОВИЙ,4
2021,100,"ПЕРВИННА РЕЄСТРАЦIЯ Б/В ТЗ ПРИДБАНОГО В ТОРГІВЕЛЬНІЙ ОРГАНІЗАЦІЇ, ЯКИЙ ВВЕЗЕНО З-ЗА КОРДОН",АВТОБУС,770
2021,100,"ПЕРВИННА РЕЄСТРАЦIЯ Б/В ТЗ ПРИДБАНОГО В ТОРГІВЕЛЬНІЙ ОРГАНІЗАЦІЇ, ЯКИЙ ВВЕЗЕНО З-ЗА КОРДОН",ВАНТАЖНИЙ,26603
2021,100,"ПЕРВИННА РЕЄСТРАЦIЯ Б/В ТЗ ПРИДБАНОГО В ТОРГІВЕЛЬНІЙ ОРГАНІЗАЦІЇ, ЯКИЙ ВВЕЗЕНО З-ЗА КОРДОН",КВАДРОЦИКЛ,2
2021,100,"ПЕРВИННА РЕЄСТРАЦIЯ Б/В ТЗ ПРИДБАНОГО В ТОРГІВЕЛЬНІЙ ОРГАНІЗАЦІЇ, ЯКИЙ ВВЕЗЕНО З-ЗА КОРДОН",ЛЕГКОВИЙ,168449
2021,100,"ПЕРВИННА РЕЄСТРАЦIЯ Б/В ТЗ ПРИДБАНОГО В ТОРГІВЕЛЬНІЙ ОРГАНІЗАЦІЇ, ЯКИЙ ВВЕЗЕНО З-ЗА КОРДОН",МОПЕД,2479
2021,100,"ПЕРВИННА РЕЄСТРАЦIЯ Б/В ТЗ ПРИДБАНОГО В ТОРГІВЕЛЬНІЙ ОРГАНІЗАЦІЇ, ЯКИЙ ВВЕЗЕНО З-ЗА КОРДОН",МОТОЦИКЛ,3308
2021,100,"ПЕРВИННА РЕЄСТРАЦIЯ Б/В ТЗ ПРИДБАНОГО В ТОРГІВЕЛЬНІЙ ОРГАНІЗАЦІЇ, ЯКИЙ ВВЕЗЕНО З-ЗА КОРДОН",НАПІВПРИЧІП,7103
2021,100,"ПЕРВИННА РЕЄСТРАЦIЯ Б/В ТЗ ПРИДБАНОГО В ТОРГІВЕЛЬНІЙ ОРГАНІЗАЦІЇ, ЯКИЙ ВВЕЗЕНО З-ЗА КОРДОН",ПРИЧІП,731
2021,100,"ПЕРВИННА РЕЄСТРАЦIЯ Б/В ТЗ ПРИДБАНОГО В ТОРГІВЕЛЬНІЙ ОРГАНІЗАЦІЇ, ЯКИЙ ВВЕЗЕНО З-ЗА КОРДОН",ТРИЦИКЛ,3
2021,102,РЕЄСТРАЦІЯ ТЗ (ЕКСПЕРИМЕНТАЛЬНІ ЗРАЗКИ),АВТОБУС,1
2021,102,РЕЄСТРАЦІЯ ТЗ (ЕКСПЕРИМЕНТАЛЬНІ ЗРАЗКИ),ЛЕГКОВИЙ,1
2021,105,"ПЕРВИННА РЕЄСТРАЦІЯ НОВОГО ТЗ ПРИДБАНОГО В ТОРГІВЕЛЬНІЙ ОРГАНІЗАЦІЇ, ЯКИЙ ВВЕЗЕНО З-ЗА КОР",АВТОБУС,513
2021,105,"ПЕРВИННА РЕЄСТРАЦІЯ НОВОГО ТЗ ПРИДБАНОГО В ТОРГІВЕЛЬНІЙ ОРГАНІЗАЦІЇ, ЯКИЙ ВВЕЗЕНО З-ЗА КОР",ВАНТАЖНИЙ,8757
2021,105,"ПЕРВИННА РЕЄСТРАЦІЯ НОВОГО ТЗ ПРИДБАНОГО В ТОРГІВЕЛЬНІЙ ОРГАНІЗАЦІЇ, ЯКИЙ ВВЕЗЕНО З-ЗА КОР",КВАДРОЦИКЛ,284
2021,105,"ПЕРВИННА РЕЄСТРАЦІЯ НОВОГО ТЗ ПРИДБАНОГО В ТОРГІВЕЛЬНІЙ ОРГАНІЗАЦІЇ, ЯКИЙ ВВЕЗЕНО З-ЗА КОР",ЛЕГКОВИЙ,96300
2021,105,"ПЕРВИННА РЕЄСТРАЦІЯ НОВОГО ТЗ ПРИДБАНОГО В ТОРГІВЕЛЬНІЙ ОРГАНІЗАЦІЇ, ЯКИЙ ВВЕЗЕНО З-ЗА КОР",МОПЕД,233
2021,105,"ПЕРВИННА РЕЄСТРАЦІЯ НОВОГО ТЗ ПРИДБАНОГО В ТОРГІВЕЛЬНІЙ ОРГАНІЗАЦІЇ, ЯКИЙ ВВЕЗЕНО З-ЗА КОР",МОТОЦИКЛ,39441
2021,105,"ПЕРВИННА РЕЄСТРАЦІЯ НОВОГО ТЗ ПРИДБАНОГО В ТОРГІВЕЛЬНІЙ ОРГАНІЗАЦІЇ, ЯКИЙ ВВЕЗЕНО З-ЗА КОР",НАПІВПРИЧІП,1067
2021,105,"ПЕРВИННА РЕЄСТРАЦІЯ НОВОГО ТЗ ПРИДБАНОГО В ТОРГІВЕЛЬНІЙ ОРГАНІЗАЦІЇ, ЯКИЙ ВВЕЗЕНО З-ЗА КОР",ПРИЧІП,209
2021,105,"ПЕРВИННА РЕЄСТРАЦІЯ НОВОГО ТЗ ПРИДБАНОГО В ТОРГІВЕЛЬНІЙ ОРГАНІЗАЦІЇ, ЯКИЙ ВВЕЗЕНО З-ЗА КОР",ТРИЦИКЛ,95
2021,110,РЕЄСТРАЦIЯ ТЗ ОТРИМАНОГО ЧЕРЕЗ ВIДДIЛ СОЦ. ЗАХИСТУ,ЛЕГКОВИЙ,38
2021,120,РЕЄСТРАЦIЯ ТЗ ОТРИМАНОГО ПО ВИГРАШУ,ЛЕГКОВИЙ,2
2021,130,РЕЄСТРАЦIЯ ТЗ У ЗВ`ЯЗКУ З ПРИЇЗДОМ НА ПМЖ ІЗ ЗА КОРДОНУ,ВАНТАЖНИЙ,2
2021,130,РЕЄСТРАЦIЯ ТЗ У ЗВ`ЯЗКУ З ПРИЇЗДОМ НА ПМЖ ІЗ ЗА КОРДОНУ,ЛЕГКОВИЙ,138
2021,130,РЕЄСТРАЦIЯ ТЗ У ЗВ`ЯЗКУ З ПРИЇЗДОМ НА ПМЖ ІЗ ЗА КОРДОНУ,ПРИЧІП,1
2021,140,ВТОРИННА РЕЄСТРАЦIЯ ТЗ У ЗВ`ЯЗКУ З НЕПРОДАЖЕМ,АВТОБУС,1
2021,140,ВТОРИННА РЕЄСТРАЦIЯ ТЗ У ЗВ`ЯЗКУ З НЕПРОДАЖЕМ,ВАНТАЖНИЙ,29
2021,140,ВТОРИННА РЕЄСТРАЦIЯ ТЗ У ЗВ`ЯЗКУ З НЕПРОДАЖЕМ,ЛЕГКОВИЙ,37
2021,140,ВТОРИННА РЕЄСТРАЦIЯ ТЗ У ЗВ`ЯЗКУ З НЕПРОДАЖЕМ,МОТОЦИКЛ,5
2021,140,ВТОРИННА РЕЄСТРАЦIЯ ТЗ У ЗВ`ЯЗКУ З НЕПРОДАЖЕМ,ПРИЧІП,3
2021,141,РЕЄСТРАЦIЯ ТЗ ПIСЛЯ СКАСУВАННЯ РЕЄСТРАЦІЇ,АВТОБУС,1
2021,141,РЕЄСТРАЦIЯ ТЗ ПIСЛЯ СКАСУВАННЯ РЕЄСТРАЦІЇ,ЛЕГКОВИЙ,13
2021,141,РЕЄСТРАЦIЯ ТЗ ПIСЛЯ СКАСУВАННЯ РЕЄСТРАЦІЇ,МОТОЦИКЛ,1
2021,15,ВНЕСЕННЯ БЕЗНОМЕРНОГО ТЗ (ТІЛЬКИ ДЛЯ ВИБРАКОВКИ),ВАНТАЖНИЙ,1
2021,150,РЕЄСТРАЦIЯ ТЗ САМОСТIЙНО СКЛАДЕНОГО,МОТОЦИКЛ,1
2021,18,"ВНЕСЕННЯ КАРТКИ ВІДОМЧОЇ РЕЄСТРАЦІЇ ТЗ (ТІЛЬКИ ДЛЯ НАДАННЯ ДОЗВОЛУ НА СПЕЦСИГНАЛ, ДОПНВ ТА",АВТОБУС,63
2021,18,"ВНЕСЕННЯ КАРТКИ ВІДОМЧОЇ РЕЄСТРАЦІЇ ТЗ (ТІЛЬКИ ДЛЯ НАДАННЯ ДОЗВОЛУ НА СПЕЦСИГНАЛ, ДОПНВ ТА",ВАНТАЖНИЙ,117
2021,18,"ВНЕСЕННЯ КАРТКИ ВІДОМЧОЇ РЕЄСТРАЦІЇ ТЗ (ТІЛЬКИ ДЛЯ НАДАННЯ ДОЗВОЛУ НА СПЕЦСИГНАЛ, ДОПНВ ТА",ЛЕГКОВИЙ,210
2021,18,"ВНЕСЕННЯ КАРТКИ ВІДОМЧОЇ РЕЄСТРАЦІЇ ТЗ (ТІЛЬКИ ДЛЯ НАДАННЯ ДОЗВОЛУ НА СПЕЦСИГНАЛ, ДОПНВ ТА",ПРИЧІП,3
2021,220,ВИДАЧА ТИМЧАСОВОГО ТАЛОНА ПРИ ТИМЧАСОВОМУ ВВЕЗЕННЮ ТЗ НА МИТНУ ТЕРИТОРІЮ УКРАЇНИ,ВАНТАЖНИЙ,59
2021,220,ВИДАЧА ТИМЧАСОВОГО ТАЛОНА ПРИ ТИМЧАСОВОМУ ВВЕЗЕННЮ ТЗ НА МИТНУ ТЕРИТОРІЮ УКРАЇНИ,ЛЕГКОВИЙ,145
2021,220,ВИДАЧА ТИМЧАСОВОГО ТАЛОНА ПРИ ТИМЧАСОВОМУ ВВЕЗЕННЮ ТЗ НА МИТНУ ТЕРИТОРІЮ УКРАЇНИ,МОТОЦИКЛ,1
2021,220,ВИДАЧА ТИМЧАСОВОГО ТАЛОНА ПРИ ТИМЧАСОВОМУ ВВЕЗЕННЮ ТЗ НА МИТНУ ТЕРИТОРІЮ УКРАЇНИ,НАПІВПРИЧІП,60
2021,221,"РЕЄСТРАЦІЮ ТЗ,ВВЕЗЕНОГО ПІД ЗОБОВ'ЯЗАННЯ ПРО ЗВОРОТНЕ ВИВЕЗЕННЯ",АВТОБУС,12
2021,221,"РЕЄСТРАЦІЮ ТЗ,ВВЕЗЕНОГО ПІД ЗОБОВ'ЯЗАННЯ ПРО ЗВОРОТНЕ ВИВЕЗЕННЯ",ВАНТАЖНИЙ,170
2021,221,"РЕЄСТРАЦІЮ ТЗ,ВВЕЗЕНОГО ПІД ЗОБОВ'ЯЗАННЯ ПРО ЗВОРОТНЕ ВИВЕЗЕННЯ",ЛЕГКОВИЙ,379
2021,221,"РЕЄСТРАЦІЮ ТЗ,ВВЕЗЕНОГО ПІД ЗОБОВ'ЯЗАННЯ ПРО ЗВОРОТНЕ ВИВЕЗЕННЯ",МОТОЦИКЛ,3
2021,221,"РЕЄСТРАЦІЮ ТЗ,ВВЕЗЕНОГО ПІД ЗОБОВ'ЯЗАННЯ ПРО ЗВОРОТНЕ ВИВЕЗЕННЯ",НАПІВПРИЧІП,24
2021,230,ВИДАЧА СВ. ПРО РЕЄСТР ДЛЯ ПОЇЗДКИ ЗА КОРДОН,АВТОБУС,796
2021,230,ВИДАЧА СВ. ПРО РЕЄСТР ДЛЯ ПОЇЗДКИ ЗА КОРДОН,ВАНТАЖНИЙ,3984
2021,230,ВИДАЧА СВ. ПРО РЕЄСТР ДЛЯ ПОЇЗДКИ ЗА КОРДОН,ЛЕГКОВИЙ,2935
2021,230,ВИДАЧА СВ. ПРО РЕЄСТР ДЛЯ ПОЇЗДКИ ЗА КОРДОН,МОТОЦИКЛ,32
2021,230,ВИДАЧА СВ. ПРО РЕЄСТР ДЛЯ ПОЇЗДКИ ЗА КОРДОН,НАПІВПРИЧІП,2467
2021,230,ВИДАЧА СВ. ПРО РЕЄСТР ДЛЯ ПОЇЗДКИ ЗА КОРДОН,ПРИЧІП,206
2021,250,ВИДАЧА ТИМЧАСОВОГО РЕЄСТР ТАЛОНУ ПО ДОРУЧЕННЮ ЧИ ІНШОГО ДОКУМ.ПРАВОКОРИСТУВАННЯ,АВТОБУС,10191
2021,250,ВИДАЧА ТИМЧАСОВОГО РЕЄСТР ТАЛОНУ ПО ДОРУЧЕННЮ ЧИ ІНШОГО ДОКУМ.ПРАВОКОРИСТУВАННЯ,ВАНТАЖНИЙ,1482
2021,250,ВИДАЧА ТИМЧАСОВОГО РЕЄСТР ТАЛОНУ ПО ДОРУЧЕННЮ ЧИ ІНШОГО ДОКУМ.ПРАВОКОРИСТУВАННЯ,ЛЕГКОВИЙ,1612
2021,250,ВИДАЧА ТИМЧАСОВОГО РЕЄСТР ТАЛОНУ ПО ДОРУЧЕННЮ ЧИ ІНШОГО ДОКУМ.ПРАВОКОРИСТУВАННЯ,МОПЕД,27
2021,250,ВИДАЧА ТИМЧАСОВОГО РЕЄСТР ТАЛОНУ ПО ДОРУЧЕННЮ ЧИ ІНШОГО ДОКУМ.ПРАВОКОРИСТУВАННЯ,МОТОЦИКЛ,41
2021,250,ВИДАЧА ТИМЧАСОВОГО РЕЄСТР ТАЛОНУ ПО ДОРУЧЕННЮ ЧИ ІНШОГО ДОКУМ.ПРАВОКОРИСТУВАННЯ,НАПІВПРИЧІП,810
2021,250,ВИДАЧА ТИМЧАСОВОГО РЕЄСТР ТАЛОНУ ПО ДОРУЧЕННЮ ЧИ ІНШОГО ДОКУМ.ПРАВОКОРИСТУВАННЯ,ПРИЧІП,178
2021,250,ВИДАЧА ТИМЧАСОВОГО РЕЄСТР ТАЛОНУ ПО ДОРУЧЕННЮ ЧИ ІНШОГО ДОКУМ.ПРАВОКОРИСТУВАННЯ,ТРИЦИКЛ,5
2021,252,ВИДАЧА ТИМЧАС. РЕЄСТР. ТАЛОНУ НА ПРАВО КЕРУВАННЯ ЗА ЗАЯВОЮ ВЛАСНИКА,АВТОБУС,1678
2021,252,ВИДАЧА ТИМЧАС. РЕЄСТР. ТАЛОНУ НА ПРАВО КЕРУВАННЯ ЗА ЗАЯВОЮ ВЛАСНИКА,ВАНТАЖНИЙ,467
2021,252,ВИДАЧА ТИМЧАС. РЕЄСТР. ТАЛОНУ НА ПРАВО КЕРУВАННЯ ЗА ЗАЯВОЮ ВЛАСНИКА,ЛЕГКОВИЙ,2350
2021,252,ВИДАЧА ТИМЧАС. РЕЄСТР. ТАЛОНУ НА ПРАВО КЕРУВАННЯ ЗА ЗАЯВОЮ ВЛАСНИКА,МОПЕД,70
2021,252,ВИДАЧА ТИМЧАС. РЕЄСТР. ТАЛОНУ НА ПРАВО КЕРУВАННЯ ЗА ЗАЯВОЮ ВЛАСНИКА,МОТОЦИКЛ,25
2021,252,ВИДАЧА ТИМЧАС. РЕЄСТР. ТАЛОНУ НА ПРАВО КЕРУВАННЯ ЗА ЗАЯВОЮ ВЛАСНИКА,НАПІВПРИЧІП,163
2021,252,ВИДАЧА ТИМЧАС. РЕЄСТР. ТАЛОНУ НА ПРАВО КЕРУВАННЯ ЗА ЗАЯВОЮ ВЛАСНИКА,ПРИЧІП,54
2021,253,"ВИДАЧА ТИМЧАСОВОГО ТАЛОНУ НА ПІДСТАВІ ЗАЯВИ УПРАВИТЕЛЯ ТА ДОГОВОРУ УПРАВЛІННЯ, УКЛАДЕНОГО ",ЛЕГКОВИЙ,2
2021,254,НАЛЕЖНИЙ КОРИСТУВАЧ. РЕЄСТРАЦІЯ,АВТОБУС,907
2021,254,НАЛЕЖНИЙ КОРИСТУВАЧ. РЕЄСТРАЦІЯ,ВАНТАЖНИЙ,3437
2021,254,НАЛЕЖНИЙ КОРИСТУВАЧ. РЕЄСТРАЦІЯ,КВАДРОЦИКЛ,1
2021,254,НАЛЕЖНИЙ КОРИСТУВАЧ. РЕЄСТРАЦІЯ,ЛЕГКОВИЙ,26036
2021,254,НАЛЕЖНИЙ КОРИСТУВАЧ. РЕЄСТРАЦІЯ,МОПЕД,7
2021,254,НАЛЕЖНИЙ КОРИСТУВАЧ. РЕЄСТРАЦІЯ,МОТОЦИКЛ,100
2021,254,НАЛЕЖНИЙ КОРИСТУВАЧ. РЕЄСТРАЦІЯ,НАПІВПРИЧІП,42
2021,254,НАЛЕЖНИЙ КОРИСТУВАЧ. РЕЄСТРАЦІЯ,ПРИЧІП,59
2021,255,АНУЛЮВАННЯ ВИДАЧI ТИМЧАС. РЕЄСТРАЦIЙНОГО ТАЛОНУ ПО ДОРУЧ,АВТОБУС,513
2021,255,АНУЛЮВАННЯ ВИДАЧI ТИМЧАС. РЕЄСТРАЦIЙНОГО ТАЛОНУ ПО ДОРУЧ,ВАНТАЖНИЙ,49
2021,255,АНУЛЮВАННЯ ВИДАЧI ТИМЧАС. РЕЄСТРАЦIЙНОГО ТАЛОНУ ПО ДОРУЧ,ЛЕГКОВИЙ,66
2021,255,АНУЛЮВАННЯ ВИДАЧI ТИМЧАС. РЕЄСТРАЦIЙНОГО ТАЛОНУ ПО ДОРУЧ,МОПЕД,1
2021,255,АНУЛЮВАННЯ ВИДАЧI ТИМЧАС. РЕЄСТРАЦIЙНОГО ТАЛОНУ ПО ДОРУЧ,НАПІВПРИЧІП,26
2021,255,АНУЛЮВАННЯ ВИДАЧI ТИМЧАС. РЕЄСТРАЦIЙНОГО ТАЛОНУ ПО ДОРУЧ,ПРИЧІП,8
2021,256,АНУЛЮВАННЯ ВИДАЧI ТИМЧАС. РЕЕСТР. ТАЛОНУ ПО ЗАЯВI ВЛ,АВТОБУС,404
2021,256,АНУЛЮВАННЯ ВИДАЧI ТИМЧАС. РЕЕСТР. ТАЛОНУ ПО ЗАЯВI ВЛ,ВАНТАЖНИЙ,55
2021,256,АНУЛЮВАННЯ ВИДАЧI ТИМЧАС. РЕЕСТР. ТАЛОНУ ПО ЗАЯВI ВЛ,ЛЕГКОВИЙ,644
2021,256,АНУЛЮВАННЯ ВИДАЧI ТИМЧАС. РЕЕСТР. ТАЛОНУ ПО ЗАЯВI ВЛ,МОПЕД,1
2021,256,АНУЛЮВАННЯ ВИДАЧI ТИМЧАС. РЕЕСТР. ТАЛОНУ ПО ЗАЯВI ВЛ,НАПІВПРИЧІП,19
2021,256,АНУЛЮВАННЯ ВИДАЧI ТИМЧАС. РЕЕСТР. ТАЛОНУ ПО ЗАЯВI ВЛ,ПРИЧІП,4
2021,257,НАЛЕЖНИЙ КОРИСТУВАЧ.РЕЄСТРАЦІЯ (ТІЛЬКИ ДЛЯ КЕРІВНИКІВ ЮО),АВТОБУС,225
2021,257,НАЛЕЖНИЙ КОРИСТУВАЧ.РЕЄСТРАЦІЯ (ТІЛЬКИ ДЛЯ КЕРІВНИКІВ ЮО),ВАНТАЖНИЙ,62
2021,257,НАЛЕЖНИЙ КОРИСТУВАЧ.РЕЄСТРАЦІЯ (ТІЛЬКИ ДЛЯ КЕРІВНИКІВ ЮО),ЛЕГКОВИЙ,180
2021,260,ВИДАЧА ТИМЧ. РЕЄСТР. ТАЛОНУ ПРИ ВИЯВЛЕННI ТЗ ВИКР ЗА КОРД,АВТОБУС,1
2021,260,ВИДАЧА ТИМЧ. РЕЄСТР. ТАЛОНУ ПРИ ВИЯВЛЕННI ТЗ ВИКР ЗА КОРД,ВАНТАЖНИЙ,2
2021,260,ВИДАЧА ТИМЧ. РЕЄСТР. ТАЛОНУ ПРИ ВИЯВЛЕННI ТЗ ВИКР ЗА КОРД,ЛЕГКОВИЙ,14
2021,284,НАЛЕЖНИЙ КОРИСТУВАЧ. ВИКЛЮЧЕННЯ ВІДОМОСТЕЙ,АВТОБУС,42
2021,284,НАЛЕЖНИЙ КОРИСТУВАЧ. ВИКЛЮЧЕННЯ ВІДОМОСТЕЙ,ВАНТАЖНИЙ,128
2021,284,НАЛЕЖНИЙ КОРИСТУВАЧ. ВИКЛЮЧЕННЯ ВІДОМОСТЕЙ,ЛЕГКОВИЙ,915
2021,284,НАЛЕЖНИЙ КОРИСТУВАЧ. ВИКЛЮЧЕННЯ ВІДОМОСТЕЙ,МОТОЦИКЛ,1
2021,284,НАЛЕЖНИЙ КОРИСТУВАЧ. ВИКЛЮЧЕННЯ ВІДОМОСТЕЙ,НАПІВПРИЧІП,5
2021,284,НАЛЕЖНИЙ КОРИСТУВАЧ. ВИКЛЮЧЕННЯ ВІДОМОСТЕЙ,ПРИЧІП,1
2021,30,ПЕРВИННА РЕЄСТРАЦІЯ ТЗ ДЛЯ ІНДИВ. ВЛАСНИКА,ВАНТАЖНИЙ,1
2021,30,ПЕРВИННА РЕЄСТРАЦІЯ ТЗ ДЛЯ ІНДИВ. ВЛАСНИКА,ЛЕГКОВИЙ,1
2021,30,ПЕРВИННА РЕЄСТРАЦІЯ ТЗ ДЛЯ ІНДИВ. ВЛАСНИКА,ПРИЧІП,2
2021,300,ПЕРЕРЕЄСТРАЦIЯ НА НОВОГО ВЛАСНИКА ЗА СВIД. НА СПIЛЬНЕ МАЙНО,АВТОБУС,1
2021,300,ПЕРЕРЕЄСТРАЦIЯ НА НОВОГО ВЛАСНИКА ЗА СВIД. НА СПIЛЬНЕ МАЙНО,ВАНТАЖНИЙ,4
2021,300,ПЕРЕРЕЄСТРАЦIЯ НА НОВОГО ВЛАСНИКА ЗА СВIД. НА СПIЛЬНЕ МАЙНО,ЛЕГКОВИЙ,70
2021,300,ПЕРЕРЕЄСТРАЦIЯ НА НОВОГО ВЛАСНИКА ЗА СВIД. НА СПIЛЬНЕ МАЙНО,НАПІВПРИЧІП,2
2021,300,ПЕРЕРЕЄСТРАЦIЯ НА НОВОГО ВЛАСНИКА ЗА СВIД. НА СПIЛЬНЕ МАЙНО,ПРИЧІП,2
2021,301,ПЕРЕРЕЄСТРАЦІЯ ЗА ДОГОВОРОМ ПОДІЛУ МАЙНА,АВТОБУС,27
2021,301,ПЕРЕРЕЄСТРАЦІЯ ЗА ДОГОВОРОМ ПОДІЛУ МАЙНА,ВАНТАЖНИЙ,8
2021,301,ПЕРЕРЕЄСТРАЦІЯ ЗА ДОГОВОРОМ ПОДІЛУ МАЙНА,ЛЕГКОВИЙ,199
2021,301,ПЕРЕРЕЄСТРАЦІЯ ЗА ДОГОВОРОМ ПОДІЛУ МАЙНА,МОТОЦИКЛ,2
2021,301,ПЕРЕРЕЄСТРАЦІЯ ЗА ДОГОВОРОМ ПОДІЛУ МАЙНА,НАПІВПРИЧІП,1
2021,301,ПЕРЕРЕЄСТРАЦІЯ ЗА ДОГОВОРОМ ПОДІЛУ МАЙНА,ПРИЧІП,3
2021,308,ПЕРЕРЕЄСТРАЦІЯ НА НОВОГО ВЛАСНИКА ЗА ДОГ. КУПIВЛI-ПРОДАЖУ (СГ),АВТОБУС,6003
2021,308,ПЕРЕРЕЄСТРАЦІЯ НА НОВОГО ВЛАСНИКА ЗА ДОГ. КУПIВЛI-ПРОДАЖУ (СГ),ВАНТАЖНИЙ,72765
2021,308,ПЕРЕРЕЄСТРАЦІЯ НА НОВОГО ВЛАСНИКА ЗА ДОГ. КУПIВЛI-ПРОДАЖУ (СГ),КВАДРОЦИКЛ,19
2021,308,ПЕРЕРЕЄСТРАЦІЯ НА НОВОГО ВЛАСНИКА ЗА ДОГ. КУПIВЛI-ПРОДАЖУ (СГ),ЛЕГКОВИЙ,363388
2021,308,ПЕРЕРЕЄСТРАЦІЯ НА НОВОГО ВЛАСНИКА ЗА ДОГ. КУПIВЛI-ПРОДАЖУ (СГ),МОПЕД,167
2021,308,ПЕРЕРЕЄСТРАЦІЯ НА НОВОГО ВЛАСНИКА ЗА ДОГ. КУПIВЛI-ПРОДАЖУ (СГ),МОТОЦИКЛ,4663
2021,308,ПЕРЕРЕЄСТРАЦІЯ НА НОВОГО ВЛАСНИКА ЗА ДОГ. КУПIВЛI-ПРОДАЖУ (СГ),НАПІВПРИЧІП,12201
2021,308,ПЕРЕРЕЄСТРАЦІЯ НА НОВОГО ВЛАСНИКА ЗА ДОГ. КУПIВЛI-ПРОДАЖУ (СГ),ПРИЧІП,6941
2021,308,ПЕРЕРЕЄСТРАЦІЯ НА НОВОГО ВЛАСНИКА ЗА ДОГ. КУПIВЛI-ПРОДАЖУ (СГ),ТРИЦИКЛ,34
2021,310,ПЕРЕРЕЄСТРАЦІЯ НА НОВОГО ВЛАСНИКА ЗА ДОГ. КУП.-ПРОД.ТА ІНШ.(ОФОРМ.НОТАРІАЛЬНО ),АВТОБУС,383
2021,310,ПЕРЕРЕЄСТРАЦІЯ НА НОВОГО ВЛАСНИКА ЗА ДОГ. КУП.-ПРОД.ТА ІНШ.(ОФОРМ.НОТАРІАЛЬНО ),ВАНТАЖНИЙ,425
2021,310,ПЕРЕРЕЄСТРАЦІЯ НА НОВОГО ВЛАСНИКА ЗА ДОГ. КУП.-ПРОД.ТА ІНШ.(ОФОРМ.НОТАРІАЛЬНО ),ЛЕГКОВИЙ,2433
2021,310,ПЕРЕРЕЄСТРАЦІЯ НА НОВОГО ВЛАСНИКА ЗА ДОГ. КУП.-ПРОД.ТА ІНШ.(ОФОРМ.НОТАРІАЛЬНО ),МОТОЦИКЛ,25
2021,310,ПЕРЕРЕЄСТРАЦІЯ НА НОВОГО ВЛАСНИКА ЗА ДОГ. КУП.-ПРОД.ТА ІНШ.(ОФОРМ.НОТАРІАЛЬНО ),НАПІВПРИЧІП,64
2021,310,ПЕРЕРЕЄСТРАЦІЯ НА НОВОГО ВЛАСНИКА ЗА ДОГ. КУП.-ПРОД.ТА ІНШ.(ОФОРМ.НОТАРІАЛЬНО ),ПРИЧІП,28
2021,310,ПЕРЕРЕЄСТРАЦІЯ НА НОВОГО ВЛАСНИКА ЗА ДОГ. КУПIВЛI-ПРОДАЖУ,ВАНТАЖНИЙ,1
2021,311,ПЕРЕРЕЄСТРАЦІЯ НА НОВОГО ВЛАСНИКА ЗА ДОГОВОРОМ МІНИ,АВТОБУС,1
2021,311,ПЕРЕРЕЄСТРАЦІЯ НА НОВОГО ВЛАСНИКА ЗА ДОГОВОРОМ МІНИ,ВАНТАЖНИЙ,17
2021,311,ПЕРЕРЕЄСТРАЦІЯ НА НОВОГО ВЛАСНИКА ЗА ДОГОВОРОМ МІНИ,ЛЕГКОВИЙ,42
2021,312,"ПЕРЕРЕЄСТРАЦІЯ ТЗ НА НОВОГО ВЛАСНИКА, ОТРИМАНОГО ЧЕРЕЗ ВІДДІЛ СОЦ.ЗАХИСТУ",ЛЕГКОВИЙ,47
2021,313,"ПЕРЕРЕЄСТРАЦІЯ НА НОВОГО ВЛАСНИКА ЗА ДОГ. КУПІВЛІ-ПРОДАЖУ, УКЛАДЕНОГО У СГ НА ТЗ ЗАРЕЄСТРО",ВАНТАЖНИЙ,20
2021,313,"ПЕРЕРЕЄСТРАЦІЯ НА НОВОГО ВЛАСНИКА ЗА ДОГ. КУПІВЛІ-ПРОДАЖУ, УКЛАДЕНОГО У СГ НА ТЗ ЗАРЕЄСТРО",ЛЕГКОВИЙ,227
2021,313,"ПЕРЕРЕЄСТРАЦІЯ НА НОВОГО ВЛАСНИКА ЗА ДОГ. КУПІВЛІ-ПРОДАЖУ, УКЛАДЕНОГО У СГ НА ТЗ ЗАРЕЄСТРО",НАПІВПРИЧІП,4
2021,315,ПЕРЕРЕЄСТРАЦІЯ ТЗ НА НОВ. ВЛАСН. ПО ДОГОВОРУ УКЛАДЕНОМУ В ТСЦ,АВТОБУС,1083
2021,315,ПЕРЕРЕЄСТРАЦІЯ ТЗ НА НОВ. ВЛАСН. ПО ДОГОВОРУ УКЛАДЕНОМУ В ТСЦ,ВАНТАЖНИЙ,13259
2021,315,ПЕРЕРЕЄСТРАЦІЯ ТЗ НА НОВ. ВЛАСН. ПО ДОГОВОРУ УКЛАДЕНОМУ В ТСЦ,КВАДРОЦИКЛ,32
2021,315,ПЕРЕРЕЄСТРАЦІЯ ТЗ НА НОВ. ВЛАСН. ПО ДОГОВОРУ УКЛАДЕНОМУ В ТСЦ,ЛЕГКОВИЙ,579214
2021,315,ПЕРЕРЕЄСТРАЦІЯ ТЗ НА НОВ. ВЛАСН. ПО ДОГОВОРУ УКЛАДЕНОМУ В ТСЦ,МОПЕД,754
2021,315,ПЕРЕРЕЄСТРАЦІЯ ТЗ НА НОВ. ВЛАСН. ПО ДОГОВОРУ УКЛАДЕНОМУ В ТСЦ,МОТОЦИКЛ,11542
2021,315,ПЕРЕРЕЄСТРАЦІЯ ТЗ НА НОВ. ВЛАСН. ПО ДОГОВОРУ УКЛАДЕНОМУ В ТСЦ,НАПІВПРИЧІП,3077
2021,315,ПЕРЕРЕЄСТРАЦІЯ ТЗ НА НОВ. ВЛАСН. ПО ДОГОВОРУ УКЛАДЕНОМУ В ТСЦ,ПРИЧІП,1408
2021,315,ПЕРЕРЕЄСТРАЦІЯ ТЗ НА НОВ. ВЛАСН. ПО ДОГОВОРУ УКЛАДЕНОМУ В ТСЦ,ТРИЦИКЛ,61
2021,316,ПЕРЕРЕЄСТРАЦІЯ ТЗ НА НОВ. ВЛАСН. ПО ДОГОВОРУ МІНИ УКЛАДЕНОМУ В ТСЦ,ЛЕГКОВИЙ,2
2021,317,ПЕРЕРЕЄСТРАЦІЯ ТЗ НА НОВ. ВЛАСН. ПО ДОГОВОРУ ДАРУВАННЯ УКЛАДЕНОМУ В ТСЦ,АВТОБУС,2
2021,317,ПЕРЕРЕЄСТРАЦІЯ ТЗ НА НОВ. ВЛАСН. ПО ДОГОВОРУ ДАРУВАННЯ УКЛАДЕНОМУ В ТСЦ,ВАНТАЖНИЙ,70
2021,317,ПЕРЕРЕЄСТРАЦІЯ ТЗ НА НОВ. ВЛАСН. ПО ДОГОВОРУ ДАРУВАННЯ УКЛАДЕНОМУ В ТСЦ,ЛЕГКОВИЙ,1127
2021,317,ПЕРЕРЕЄСТРАЦІЯ ТЗ НА НОВ. ВЛАСН. ПО ДОГОВОРУ ДАРУВАННЯ УКЛАДЕНОМУ В ТСЦ,МОТОЦИКЛ,46
2021,317,ПЕРЕРЕЄСТРАЦІЯ ТЗ НА НОВ. ВЛАСН. ПО ДОГОВОРУ ДАРУВАННЯ УКЛАДЕНОМУ В ТСЦ,НАПІВПРИЧІП,17
2021,317,ПЕРЕРЕЄСТРАЦІЯ ТЗ НА НОВ. ВЛАСН. ПО ДОГОВОРУ ДАРУВАННЯ УКЛАДЕНОМУ В ТСЦ,ПРИЧІП,16
2021,319,ПЕРЕРЕЄСТРАЦІЯ ТЗ НА НОВОГО ВЛАСНИКА ЗА АКТОМ ПРИЙОМУ-ПЕРЕДАЧІ,АВТОБУС,2400
2021,319,ПЕРЕРЕЄСТРАЦІЯ ТЗ НА НОВОГО ВЛАСНИКА ЗА АКТОМ ПРИЙОМУ-ПЕРЕДАЧІ,ВАНТАЖНИЙ,1255
2021,319,ПЕРЕРЕЄСТРАЦІЯ ТЗ НА НОВОГО ВЛАСНИКА ЗА АКТОМ ПРИЙОМУ-ПЕРЕДАЧІ,ЛЕГКОВИЙ,7197
2021,319,ПЕРЕРЕЄСТРАЦІЯ ТЗ НА НОВОГО ВЛАСНИКА ЗА АКТОМ ПРИЙОМУ-ПЕРЕДАЧІ,МОПЕД,5
2021,319,ПЕРЕРЕЄСТРАЦІЯ ТЗ НА НОВОГО ВЛАСНИКА ЗА АКТОМ ПРИЙОМУ-ПЕРЕДАЧІ,МОТОЦИКЛ,25
2021,319,ПЕРЕРЕЄСТРАЦІЯ ТЗ НА НОВОГО ВЛАСНИКА ЗА АКТОМ ПРИЙОМУ-ПЕРЕДАЧІ,НАПІВПРИЧІП,44
2021,319,ПЕРЕРЕЄСТРАЦІЯ ТЗ НА НОВОГО ВЛАСНИКА ЗА АКТОМ ПРИЙОМУ-ПЕРЕДАЧІ,ПРИЧІП,183
2021,319,ПЕРЕРЕЄСТРАЦІЯ ТЗ НА НОВОГО ВЛАСНИКА ЗА АКТОМ ПРИЙОМУ-ПЕРЕДАЧІ,ТРИЦИКЛ,2
2021,320,ПЕРЕРЕЄСТРАЦIЯ НА НОВ. ВЛАС. ЗА ДОГ. ДАРУВАННЯ,ЛЕГКОВИЙ,1
2021,320,ПЕРЕРЕЄСТРАЦIЯ НА НОВ. ВЛАС. ЗА ДОГ. ДАРУВАННЯ (ОФОРМЛЕНО НОТАРІАЛЬНО),АВТОБУС,50
2021,320,ПЕРЕРЕЄСТРАЦIЯ НА НОВ. ВЛАС. ЗА ДОГ. ДАРУВАННЯ (ОФОРМЛЕНО НОТАРІАЛЬНО),ВАНТАЖНИЙ,146
2021,320,ПЕРЕРЕЄСТРАЦIЯ НА НОВ. ВЛАС. ЗА ДОГ. ДАРУВАННЯ (ОФОРМЛЕНО НОТАРІАЛЬНО),ЛЕГКОВИЙ,1137
2021,320,ПЕРЕРЕЄСТРАЦIЯ НА НОВ. ВЛАС. ЗА ДОГ. ДАРУВАННЯ (ОФОРМЛЕНО НОТАРІАЛЬНО),МОТОЦИКЛ,19
2021,320,ПЕРЕРЕЄСТРАЦIЯ НА НОВ. ВЛАС. ЗА ДОГ. ДАРУВАННЯ (ОФОРМЛЕНО НОТАРІАЛЬНО),НАПІВПРИЧІП,19
2021,320,ПЕРЕРЕЄСТРАЦIЯ НА НОВ. ВЛАС. ЗА ДОГ. ДАРУВАННЯ (ОФОРМЛЕНО НОТАРІАЛЬНО),ПРИЧІП,26
2021,320,ПЕРЕРЕЄСТРАЦIЯ НА НОВ. ВЛАС. ЗА ДОГ. ДАРУВАННЯ (ОФОРМЛЕНО НОТАРІАЛЬНО),ТРИЦИКЛ,1
2021,321,ПЕРЕРЕЄСТРАЦIЯ ТЗ НА НОВ. ВЛАС. ПО УСПАДКУВАННЮ ЗА ЗАПОВIТОМ ЧИ УСПАДКОВАНОМУ ДОГОВОРУ,АВТОБУС,4
2021,321,ПЕРЕРЕЄСТРАЦIЯ ТЗ НА НОВ. ВЛАС. ПО УСПАДКУВАННЮ ЗА ЗАПОВIТОМ ЧИ УСПАДКОВАНОМУ ДОГОВОРУ,ВАНТАЖНИЙ,111
2021,321,ПЕРЕРЕЄСТРАЦIЯ ТЗ НА НОВ. ВЛАС. ПО УСПАДКУВАННЮ ЗА ЗАПОВIТОМ ЧИ УСПАДКОВАНОМУ ДОГОВОРУ,ЛЕГКОВИЙ,2000
2021,321,ПЕРЕРЕЄСТРАЦIЯ ТЗ НА НОВ. ВЛАС. ПО УСПАДКУВАННЮ ЗА ЗАПОВIТОМ ЧИ УСПАДКОВАНОМУ ДОГОВОРУ,МОПЕД,6
2021,321,ПЕРЕРЕЄСТРАЦIЯ ТЗ НА НОВ. ВЛАС. ПО УСПАДКУВАННЮ ЗА ЗАПОВIТОМ ЧИ УСПАДКОВАНОМУ ДОГОВОРУ,МОТОЦИКЛ,30
2021,321,ПЕРЕРЕЄСТРАЦIЯ ТЗ НА НОВ. ВЛАС. ПО УСПАДКУВАННЮ ЗА ЗАПОВIТОМ ЧИ УСПАДКОВАНОМУ ДОГОВОРУ,НАПІВПРИЧІП,8
2021,321,ПЕРЕРЕЄСТРАЦIЯ ТЗ НА НОВ. ВЛАС. ПО УСПАДКУВАННЮ ЗА ЗАПОВIТОМ ЧИ УСПАДКОВАНОМУ ДОГОВОРУ,ПРИЧІП,113
2021,322,ПЕРЕРЕЄСТРАЦIЯ ТЗ НА НОВ. ВЛАС. ПО УСПАДКУВАННЮ ЗА ЗАКОНОМ,МОТОЦИКЛ,1
2021,322,ПЕРЕРЕЄСТРАЦIЯ ТЗ НА НОВ. ВЛАС. ПО УСПАДКУВАННЮ ЗА ЗАКОНОМ ЧИ ЗНЯТТЯМ З ОБЛІКУ В ОРГАНАХ С,АВТОБУС,118
2021,322,ПЕРЕРЕЄСТРАЦIЯ ТЗ НА НОВ. ВЛАС. ПО УСПАДКУВАННЮ ЗА ЗАКОНОМ ЧИ ЗНЯТТЯМ З ОБЛІКУ В ОРГАНАХ С,ВАНТАЖНИЙ,1312
2021,322,ПЕРЕРЕЄСТРАЦIЯ ТЗ НА НОВ. ВЛАС. ПО УСПАДКУВАННЮ ЗА ЗАКОНОМ ЧИ ЗНЯТТЯМ З ОБЛІКУ В ОРГАНАХ С,КВАДРОЦИКЛ,2
2021,322,ПЕРЕРЕЄСТРАЦIЯ ТЗ НА НОВ. ВЛАС. ПО УСПАДКУВАННЮ ЗА ЗАКОНОМ ЧИ ЗНЯТТЯМ З ОБЛІКУ В ОРГАНАХ С,ЛЕГКОВИЙ,20019
2021,322,ПЕРЕРЕЄСТРАЦIЯ ТЗ НА НОВ. ВЛАС. ПО УСПАДКУВАННЮ ЗА ЗАКОНОМ ЧИ ЗНЯТТЯМ З ОБЛІКУ В ОРГАНАХ С,МОПЕД,69
2021,322,ПЕРЕРЕЄСТРАЦIЯ ТЗ НА НОВ. ВЛАС. ПО УСПАДКУВАННЮ ЗА ЗАКОНОМ ЧИ ЗНЯТТЯМ З ОБЛІКУ В ОРГАНАХ С,МОТОЦИКЛ,238
2021,322,ПЕРЕРЕЄСТРАЦIЯ ТЗ НА НОВ. ВЛАС. ПО УСПАДКУВАННЮ ЗА ЗАКОНОМ ЧИ ЗНЯТТЯМ З ОБЛІКУ В ОРГАНАХ С,НАПІВПРИЧІП,149
2021,322,ПЕРЕРЕЄСТРАЦIЯ ТЗ НА НОВ. ВЛАС. ПО УСПАДКУВАННЮ ЗА ЗАКОНОМ ЧИ ЗНЯТТЯМ З ОБЛІКУ В ОРГАНАХ С,ПРИЧІП,951
2021,322,ПЕРЕРЕЄСТРАЦIЯ ТЗ НА НОВ. ВЛАС. ПО УСПАДКУВАННЮ ЗА ЗАКОНОМ ЧИ ЗНЯТТЯМ З ОБЛІКУ В ОРГАНАХ С,ТРИЦИКЛ,6
2021,324,"ПЕРЕРЕЄСТРАЦІЯ ТЗ НА НОВОГО ВЛАСНИКА (СТРАХОВИКА), ПІСЛЯ ВИПЛАТИ СТРАХУВАЛЬНИКАМ ПОВНОЇ СТ",ЛЕГКОВИЙ,1
2021,329,ПЕРЕРЕЄСТРАЦІЯ ТЗ ЗА ДОГОВОРОМ ФІНАНСОВОГО ЛІЗИНГУ ТА ДКП ПРЕДМЕТА ЛІЗІНГУ,АВТОБУС,299
2021,329,ПЕРЕРЕЄСТРАЦІЯ ТЗ ЗА ДОГОВОРОМ ФІНАНСОВОГО ЛІЗИНГУ ТА ДКП ПРЕДМЕТА ЛІЗІНГУ,ВАНТАЖНИЙ,2155
2021,329,ПЕРЕРЕЄСТРАЦІЯ ТЗ ЗА ДОГОВОРОМ ФІНАНСОВОГО ЛІЗИНГУ ТА ДКП ПРЕДМЕТА ЛІЗІНГУ,ЛЕГКОВИЙ,6846
2021,329,ПЕРЕРЕЄСТРАЦІЯ ТЗ ЗА ДОГОВОРОМ ФІНАНСОВОГО ЛІЗИНГУ ТА ДКП ПРЕДМЕТА ЛІЗІНГУ,НАПІВПРИЧІП,289
2021,329,ПЕРЕРЕЄСТРАЦІЯ ТЗ ЗА ДОГОВОРОМ ФІНАНСОВОГО ЛІЗИНГУ ТА ДКП ПРЕДМЕТА ЛІЗІНГУ,ПРИЧІП,91
2021,330,ПЕРЕРЕЄСТРАЦIЯ НА НОВОГО ВЛАСНИКА ЗА РIШЕННЯМ СУДУ,АВТОБУС,6
2021,330,ПЕРЕРЕЄСТРАЦIЯ НА НОВОГО ВЛАСНИКА ЗА РIШЕННЯМ СУДУ,ВАНТАЖНИЙ,77
2021,330,ПЕРЕРЕЄСТРАЦIЯ НА НОВОГО ВЛАСНИКА ЗА РIШЕННЯМ СУДУ,ЛЕГКОВИЙ,411
2021,330,ПЕРЕРЕЄСТРАЦIЯ НА НОВОГО ВЛАСНИКА ЗА РIШЕННЯМ СУДУ,МОПЕД,1
2021,330,ПЕРЕРЕЄСТРАЦIЯ НА НОВОГО ВЛАСНИКА ЗА РIШЕННЯМ СУДУ,МОТОЦИКЛ,6
2021,330,ПЕРЕРЕЄСТРАЦIЯ НА НОВОГО ВЛАСНИКА ЗА РIШЕННЯМ СУДУ,НАПІВПРИЧІП,5
2021,330,ПЕРЕРЕЄСТРАЦIЯ НА НОВОГО ВЛАСНИКА ЗА РIШЕННЯМ СУДУ,ПРИЧІП,14
2021,331,"ПЕРЕРЕЄСТРАЦІЯ НА НОВОГО ВЛАСНИКА ТЗ, ПРИДБАНОГО НА АУКЦІОНІ, ЕЛЕКТРОННИХ ТОРГАХ, ТОВАРНІЙ",АВТОБУС,34
2021,331,"ПЕРЕРЕЄСТРАЦІЯ НА НОВОГО ВЛАСНИКА ТЗ, ПРИДБАНОГО НА АУКЦІОНІ, ЕЛЕКТРОННИХ ТОРГАХ, ТОВАРНІЙ",ВАНТАЖНИЙ,442
2021,331,"ПЕРЕРЕЄСТРАЦІЯ НА НОВОГО ВЛАСНИКА ТЗ, ПРИДБАНОГО НА АУКЦІОНІ, ЕЛЕКТРОННИХ ТОРГАХ, ТОВАРНІЙ",ЛЕГКОВИЙ,1166
2021,331,"ПЕРЕРЕЄСТРАЦІЯ НА НОВОГО ВЛАСНИКА ТЗ, ПРИДБАНОГО НА АУКЦІОНІ, ЕЛЕКТРОННИХ ТОРГАХ, ТОВАРНІЙ",МОТОЦИКЛ,9
2021,331,"ПЕРЕРЕЄСТРАЦІЯ НА НОВОГО ВЛАСНИКА ТЗ, ПРИДБАНОГО НА АУКЦІОНІ, ЕЛЕКТРОННИХ ТОРГАХ, ТОВАРНІЙ",НАПІВПРИЧІП,42
2021,331,"ПЕРЕРЕЄСТРАЦІЯ НА НОВОГО ВЛАСНИКА ТЗ, ПРИДБАНОГО НА АУКЦІОНІ, ЕЛЕКТРОННИХ ТОРГАХ, ТОВАРНІЙ",ПРИЧІП,29
2021,332,ПЕРЕРЕЄСТРАЦІЯ ТЗ НА НОВОГО ВЛАСНИКА ЗА ПОСТАНОВОЮ ПРО ПЕРЕДАЧУ МАЙНА,АВТОБУС,4
2021,332,ПЕРЕРЕЄСТРАЦІЯ ТЗ НА НОВОГО ВЛАСНИКА ЗА ПОСТАНОВОЮ ПРО ПЕРЕДАЧУ МАЙНА,ВАНТАЖНИЙ,61
2021,332,ПЕРЕРЕЄСТРАЦІЯ ТЗ НА НОВОГО ВЛАСНИКА ЗА ПОСТАНОВОЮ ПРО ПЕРЕДАЧУ МАЙНА,ЛЕГКОВИЙ,53
2021,332,ПЕРЕРЕЄСТРАЦІЯ ТЗ НА НОВОГО ВЛАСНИКА ЗА ПОСТАНОВОЮ ПРО ПЕРЕДАЧУ МАЙНА,МОТОЦИКЛ,2
2021,332,ПЕРЕРЕЄСТРАЦІЯ ТЗ НА НОВОГО ВЛАСНИКА ЗА ПОСТАНОВОЮ ПРО ПЕРЕДАЧУ МАЙНА,НАПІВПРИЧІП,24
2021,332,ПЕРЕРЕЄСТРАЦІЯ ТЗ НА НОВОГО ВЛАСНИКА ЗА ПОСТАНОВОЮ ПРО ПЕРЕДАЧУ МАЙНА,ПРИЧІП,1
2021,340,ПЕРЕРЕЄСТРАЦIЯ У ЗВ`ЯЗКУ ЗI ЗМIНОЮ АНКЕТНИХ ДАНИХ ВЛАСНИКА(БЕЗ ЗМІНИ РЕГІОНУ РЕЄСТРАЦІЇ),АВТОБУС,467
2021,340,ПЕРЕРЕЄСТРАЦIЯ У ЗВ`ЯЗКУ ЗI ЗМIНОЮ АНКЕТНИХ ДАНИХ ВЛАСНИКА(БЕЗ ЗМІНИ РЕГІОНУ РЕЄСТРАЦІЇ),ВАНТАЖНИЙ,2115
2021,340,ПЕРЕРЕЄСТРАЦIЯ У ЗВ`ЯЗКУ ЗI ЗМIНОЮ АНКЕТНИХ ДАНИХ ВЛАСНИКА(БЕЗ ЗМІНИ РЕГІОНУ РЕЄСТРАЦІЇ),КВАДРОЦИКЛ,1
2021,340,ПЕРЕРЕЄСТРАЦIЯ У ЗВ`ЯЗКУ ЗI ЗМIНОЮ АНКЕТНИХ ДАНИХ ВЛАСНИКА(БЕЗ ЗМІНИ РЕГІОНУ РЕЄСТРАЦІЇ),ЛЕГКОВИЙ,18666
2021,340,ПЕРЕРЕЄСТРАЦIЯ У ЗВ`ЯЗКУ ЗI ЗМIНОЮ АНКЕТНИХ ДАНИХ ВЛАСНИКА(БЕЗ ЗМІНИ РЕГІОНУ РЕЄСТРАЦІЇ),МОПЕД,30
2021,340,ПЕРЕРЕЄСТРАЦIЯ У ЗВ`ЯЗКУ ЗI ЗМIНОЮ АНКЕТНИХ ДАНИХ ВЛАСНИКА(БЕЗ ЗМІНИ РЕГІОНУ РЕЄСТРАЦІЇ),МОТОЦИКЛ,292
2021,340,ПЕРЕРЕЄСТРАЦIЯ У ЗВ`ЯЗКУ ЗI ЗМIНОЮ АНКЕТНИХ ДАНИХ ВЛАСНИКА(БЕЗ ЗМІНИ РЕГІОНУ РЕЄСТРАЦІЇ),НАПІВПРИЧІП,507
2021,340,ПЕРЕРЕЄСТРАЦIЯ У ЗВ`ЯЗКУ ЗI ЗМIНОЮ АНКЕТНИХ ДАНИХ ВЛАСНИКА(БЕЗ ЗМІНИ РЕГІОНУ РЕЄСТРАЦІЇ),ПРИЧІП,323
2021,340,ПЕРЕРЕЄСТРАЦIЯ У ЗВ`ЯЗКУ ЗI ЗМIНОЮ АНКЕТНИХ ДАНИХ ВЛАСНИКА(БЕЗ ЗМІНИ РЕГІОНУ РЕЄСТРАЦІЇ),ТРИЦИКЛ,1
2021,341,ПЕРЕРЕЄСТРАЦІЯ РАНІШЕ ВИКРАДЕНОГО ТЗ,АВТОБУС,1
2021,341,ПЕРЕРЕЄСТРАЦІЯ РАНІШЕ ВИКРАДЕНОГО ТЗ,ВАНТАЖНИЙ,2
2021,341,ПЕРЕРЕЄСТРАЦІЯ РАНІШЕ ВИКРАДЕНОГО ТЗ,ЛЕГКОВИЙ,7
2021,343,ПЕРЕРЕЄСТРАЦІЯ У ЗВ'ЯЗКУ ІЗ ЗМІНОЮ ДАНИХ ВЛАСНИКА АБО ТЗ (ТЗ  ОТРИМАНО ЧЕРЕЗ ВІДДІЛ СОЦЗАХ,ЛЕГКОВИЙ,25
2021,350,ПЕРЕРЕЄСТРАЦIЯ У ЗВ`ЯЗКУ ЗI ЗМIНОЮ НАЗВИ ОРГАНIЗАЦIЇ,АВТОБУС,537
2021,350,ПЕРЕРЕЄСТРАЦIЯ У ЗВ`ЯЗКУ ЗI ЗМIНОЮ НАЗВИ ОРГАНIЗАЦIЇ,ВАНТАЖНИЙ,1915
2021,350,ПЕРЕРЕЄСТРАЦIЯ У ЗВ`ЯЗКУ ЗI ЗМIНОЮ НАЗВИ ОРГАНIЗАЦIЇ,ЛЕГКОВИЙ,2708
2021,350,ПЕРЕРЕЄСТРАЦIЯ У ЗВ`ЯЗКУ ЗI ЗМIНОЮ НАЗВИ ОРГАНIЗАЦIЇ,МОПЕД,5
2021,350,ПЕРЕРЕЄСТРАЦIЯ У ЗВ`ЯЗКУ ЗI ЗМIНОЮ НАЗВИ ОРГАНIЗАЦIЇ,МОТОЦИКЛ,11
2021,350,ПЕРЕРЕЄСТРАЦIЯ У ЗВ`ЯЗКУ ЗI ЗМIНОЮ НАЗВИ ОРГАНIЗАЦIЇ,НАПІВПРИЧІП,124
2021,350,ПЕРЕРЕЄСТРАЦIЯ У ЗВ`ЯЗКУ ЗI ЗМIНОЮ НАЗВИ ОРГАНIЗАЦIЇ,ПРИЧІП,135
2021,360,ПЕРЕРЕЄСТРАЦІЯ ТЗ У ЗВ`ЯЗКУ ЗІ ЗМІНОЮ АНКЕТНИХ ДАНИХ ВЛАСНИКА (З ЗМІНОЮ РЕГІОНУ РЕЄСТРАЦІЇ,АВТОБУС,17
2021,360,ПЕРЕРЕЄСТРАЦІЯ ТЗ У ЗВ`ЯЗКУ ЗІ ЗМІНОЮ АНКЕТНИХ ДАНИХ ВЛАСНИКА (З ЗМІНОЮ РЕГІОНУ РЕЄСТРАЦІЇ,ВАНТАЖНИЙ,287
2021,360,ПЕРЕРЕЄСТРАЦІЯ ТЗ У ЗВ`ЯЗКУ ЗІ ЗМІНОЮ АНКЕТНИХ ДАНИХ ВЛАСНИКА (З ЗМІНОЮ РЕГІОНУ РЕЄСТРАЦІЇ,КВАДРОЦИКЛ,1
2021,360,ПЕРЕРЕЄСТРАЦІЯ ТЗ У ЗВ`ЯЗКУ ЗІ ЗМІНОЮ АНКЕТНИХ ДАНИХ ВЛАСНИКА (З ЗМІНОЮ РЕГІОНУ РЕЄСТРАЦІЇ,ЛЕГКОВИЙ,3008
2021,360,ПЕРЕРЕЄСТРАЦІЯ ТЗ У ЗВ`ЯЗКУ ЗІ ЗМІНОЮ АНКЕТНИХ ДАНИХ ВЛАСНИКА (З ЗМІНОЮ РЕГІОНУ РЕЄСТРАЦІЇ,МОПЕД,2
2021,360,ПЕРЕРЕЄСТРАЦІЯ ТЗ У ЗВ`ЯЗКУ ЗІ ЗМІНОЮ АНКЕТНИХ ДАНИХ ВЛАСНИКА (З ЗМІНОЮ РЕГІОНУ РЕЄСТРАЦІЇ,МОТОЦИКЛ,49
2021,360,ПЕРЕРЕЄСТРАЦІЯ ТЗ У ЗВ`ЯЗКУ ЗІ ЗМІНОЮ АНКЕТНИХ ДАНИХ ВЛАСНИКА (З ЗМІНОЮ РЕГІОНУ РЕЄСТРАЦІЇ,НАПІВПРИЧІП,44
2021,360,ПЕРЕРЕЄСТРАЦІЯ ТЗ У ЗВ`ЯЗКУ ЗІ ЗМІНОЮ АНКЕТНИХ ДАНИХ ВЛАСНИКА (З ЗМІНОЮ РЕГІОНУ РЕЄСТРАЦІЇ,ПРИЧІП,66
2021,363,ПЕРЕРЕЄСТРАЦIЯ ТЗ У ЗВ`ЯЗКУ З ПЕРЕДАЧЕЮ ДО СТАТУТНОГО ФОНДУ,АВТОБУС,42
2021,363,ПЕРЕРЕЄСТРАЦIЯ ТЗ У ЗВ`ЯЗКУ З ПЕРЕДАЧЕЮ ДО СТАТУТНОГО ФОНДУ,ВАНТАЖНИЙ,502
2021,363,ПЕРЕРЕЄСТРАЦIЯ ТЗ У ЗВ`ЯЗКУ З ПЕРЕДАЧЕЮ ДО СТАТУТНОГО ФОНДУ,ЛЕГКОВИЙ,279
2021,363,ПЕРЕРЕЄСТРАЦIЯ ТЗ У ЗВ`ЯЗКУ З ПЕРЕДАЧЕЮ ДО СТАТУТНОГО ФОНДУ,МОТОЦИКЛ,1
2021,363,ПЕРЕРЕЄСТРАЦIЯ ТЗ У ЗВ`ЯЗКУ З ПЕРЕДАЧЕЮ ДО СТАТУТНОГО ФОНДУ,НАПІВПРИЧІП,188
2021,363,ПЕРЕРЕЄСТРАЦIЯ ТЗ У ЗВ`ЯЗКУ З ПЕРЕДАЧЕЮ ДО СТАТУТНОГО ФОНДУ,ПРИЧІП,28
2021,364,ПЕРЕРЕЄСТРАЦІЯ ТЗ В ЗВЯЗКУ ІЗ ВИВЕДЕННЯМ ІЗ СТАТУТНОГО ФОНДУ,АВТОБУС,11
2021,364,ПЕРЕРЕЄСТРАЦІЯ ТЗ В ЗВЯЗКУ ІЗ ВИВЕДЕННЯМ ІЗ СТАТУТНОГО ФОНДУ,ВАНТАЖНИЙ,36
2021,364,ПЕРЕРЕЄСТРАЦІЯ ТЗ В ЗВЯЗКУ ІЗ ВИВЕДЕННЯМ ІЗ СТАТУТНОГО ФОНДУ,ЛЕГКОВИЙ,8
2021,364,ПЕРЕРЕЄСТРАЦІЯ ТЗ В ЗВЯЗКУ ІЗ ВИВЕДЕННЯМ ІЗ СТАТУТНОГО ФОНДУ,МОТОЦИКЛ,1
2021,364,ПЕРЕРЕЄСТРАЦІЯ ТЗ В ЗВЯЗКУ ІЗ ВИВЕДЕННЯМ ІЗ СТАТУТНОГО ФОНДУ,НАПІВПРИЧІП,21
2021,364,ПЕРЕРЕЄСТРАЦІЯ ТЗ В ЗВЯЗКУ ІЗ ВИВЕДЕННЯМ ІЗ СТАТУТНОГО ФОНДУ,ПРИЧІП,3
2021,380,"ПЕРЕРЕЄСТРАЦІЯ У ЗВ`ЯЗКУ З ЗАМІНОЮ КУЗОВА (ШАСІ), БЕЗ ЗДІЙСНЕННЯ ПЕРЕОБЛАДНАННЯ ТЗ",ЛЕГКОВИЙ,1
2021,390,ПЕРЕРЕЄСТРАЦIЯ У ЗВ`ЯЗКУ ЗI ЗМIНОЮ КОЛЬОРУ ТЗ,АВТОБУС,166
2021,390,ПЕРЕРЕЄСТРАЦIЯ У ЗВ`ЯЗКУ ЗI ЗМIНОЮ КОЛЬОРУ ТЗ,ВАНТАЖНИЙ,552
2021,390,ПЕРЕРЕЄСТРАЦIЯ У ЗВ`ЯЗКУ ЗI ЗМIНОЮ КОЛЬОРУ ТЗ,КВАДРОЦИКЛ,2
2021,390,ПЕРЕРЕЄСТРАЦIЯ У ЗВ`ЯЗКУ ЗI ЗМIНОЮ КОЛЬОРУ ТЗ,ЛЕГКОВИЙ,1934
2021,390,ПЕРЕРЕЄСТРАЦIЯ У ЗВ`ЯЗКУ ЗI ЗМIНОЮ КОЛЬОРУ ТЗ,МОПЕД,9
2021,390,ПЕРЕРЕЄСТРАЦIЯ У ЗВ`ЯЗКУ ЗI ЗМIНОЮ КОЛЬОРУ ТЗ,МОТОЦИКЛ,154
2021,390,ПЕРЕРЕЄСТРАЦIЯ У ЗВ`ЯЗКУ ЗI ЗМIНОЮ КОЛЬОРУ ТЗ,НАПІВПРИЧІП,133
2021,390,ПЕРЕРЕЄСТРАЦIЯ У ЗВ`ЯЗКУ ЗI ЗМIНОЮ КОЛЬОРУ ТЗ,ПРИЧІП,65
2021,40,"ВТОРИННА РЕЄСТРАЦІЯ ТЗ, ПРИДБАНОГО В ТОРГОВЕЛЬНІЙ ОРГАНІЗАЦІЇ",ЛЕГКОВИЙ,1
2021,40,"ВТОРИННА РЕЄСТРАЦІЯ ТЗ, ПРИДБАНОГО В ТОРГОВЕЛЬНІЙ ОРГАНІЗАЦІЇ",МОТОЦИКЛ,1
2021,40,"ВТОРИННА РЕЄСТРАЦІЯ ТЗ, ПРИДБАНОГО В ТОРГОВЕЛЬНІЙ ОРГАНІЗАЦІЇ",ПРИЧІП,1
2021,400,ПЕРЕРЕЄСТРАЦIЯ ПРИ ПЕРЕОБЛАДНАННI БЕЗ ЗАМІНИ НОМЕРНИХ АГРЕГАТІВ,ЛЕГКОВИЙ,1
2021,400,ПЕРЕРЕЄСТРАЦIЯ ПРИ ПЕРЕОБЛАДНАННI ДЛЯ РОБОТИ НА ГАЗОВОМУ ПАЛЬНОМУ,АВТОБУС,7
2021,400,ПЕРЕРЕЄСТРАЦIЯ ПРИ ПЕРЕОБЛАДНАННI ДЛЯ РОБОТИ НА ГАЗОВОМУ ПАЛЬНОМУ,ВАНТАЖНИЙ,781
2021,400,ПЕРЕРЕЄСТРАЦIЯ ПРИ ПЕРЕОБЛАДНАННI ДЛЯ РОБОТИ НА ГАЗОВОМУ ПАЛЬНОМУ,ЛЕГКОВИЙ,30165
2021,401,ПЕРЕРЕЄСТРАЦІЯ ТЗ ПРИ ПЕРЕОБЛ.І ІЗ ЗАМ.КУЗОВА(ШАСІ) ЗА ПОГОДЖЕННЯМ,ВАНТАЖНИЙ,106
2021,401,ПЕРЕРЕЄСТРАЦІЯ ТЗ ПРИ ПЕРЕОБЛ.І ІЗ ЗАМ.КУЗОВА(ШАСІ) ЗА ПОГОДЖЕННЯМ,ЛЕГКОВИЙ,7
2021,401,ПЕРЕРЕЄСТРАЦІЯ ТЗ ПРИ ПЕРЕОБЛ.І ІЗ ЗАМ.КУЗОВА(ШАСІ) ЗА ПОГОДЖЕННЯМ,МОТОЦИКЛ,1
2021,402,"ПЕРЕРЕЄСТРАЦIЯ ТЗ ПРИ ПЕРЕОБЛI.(ЗАМІНА ТИПУ, ПОТУЖ. ДВИГ.)ЗА ПОГОДЖЕННЯМ",АВТОБУС,59
2021,402,"ПЕРЕРЕЄСТРАЦIЯ ТЗ ПРИ ПЕРЕОБЛI.(ЗАМІНА ТИПУ, ПОТУЖ. ДВИГ.)ЗА ПОГОДЖЕННЯМ",ВАНТАЖНИЙ,1428
2021,402,"ПЕРЕРЕЄСТРАЦIЯ ТЗ ПРИ ПЕРЕОБЛI.(ЗАМІНА ТИПУ, ПОТУЖ. ДВИГ.)ЗА ПОГОДЖЕННЯМ",ЛЕГКОВИЙ,1209
2021,402,"ПЕРЕРЕЄСТРАЦIЯ ТЗ ПРИ ПЕРЕОБЛI.(ЗАМІНА ТИПУ, ПОТУЖ. ДВИГ.)ЗА ПОГОДЖЕННЯМ",МОТОЦИКЛ,8
2021,402,"ПЕРЕРЕЄСТРАЦIЯ ТЗ ПРИ ПЕРЕОБЛI.(ЗАМІНА ТИПУ, ПОТУЖ. ДВИГ.)ЗА ПОГОДЖЕННЯМ",ПРИЧІП,1
2021,403,ПЕРЕРЕЄСТРАЦІЯ ПРИ ПЕРЕОБЛ.(ЗАМІНА КУЗОВА (ШАСІ)) ТА ДВИГУНА ЗА ПОГОДЖ.,АВТОБУС,36
2021,403,ПЕРЕРЕЄСТРАЦІЯ ПРИ ПЕРЕОБЛ.(ЗАМІНА КУЗОВА (ШАСІ)) ТА ДВИГУНА ЗА ПОГОДЖ.,ВАНТАЖНИЙ,1252
2021,403,ПЕРЕРЕЄСТРАЦІЯ ПРИ ПЕРЕОБЛ.(ЗАМІНА КУЗОВА (ШАСІ)) ТА ДВИГУНА ЗА ПОГОДЖ.,ЛЕГКОВИЙ,83
2021,404,"ПЕРЕРЕЄСТРАЦІЯ ТЗ, В ЗВ’ЯЗКУ ІЗ НАНЕСЕННЯ СПЕЦІАЛЬНИХ ІНДИВІДУАЛЬНИХ НОМЕРІВ АБО ДУБЛЮВАНН",АВТОБУС,96
2021,404,"ПЕРЕРЕЄСТРАЦІЯ ТЗ, В ЗВ’ЯЗКУ ІЗ НАНЕСЕННЯ СПЕЦІАЛЬНИХ ІНДИВІДУАЛЬНИХ НОМЕРІВ АБО ДУБЛЮВАНН",ВАНТАЖНИЙ,305
2021,404,"ПЕРЕРЕЄСТРАЦІЯ ТЗ, В ЗВ’ЯЗКУ ІЗ НАНЕСЕННЯ СПЕЦІАЛЬНИХ ІНДИВІДУАЛЬНИХ НОМЕРІВ АБО ДУБЛЮВАНН",ЛЕГКОВИЙ,1099
2021,404,"ПЕРЕРЕЄСТРАЦІЯ ТЗ, В ЗВ’ЯЗКУ ІЗ НАНЕСЕННЯ СПЕЦІАЛЬНИХ ІНДИВІДУАЛЬНИХ НОМЕРІВ АБО ДУБЛЮВАНН",НАПІВПРИЧІП,1
2021,404,"ПЕРЕРЕЄСТРАЦІЯ ТЗ, В ЗВ’ЯЗКУ ІЗ НАНЕСЕННЯ СПЕЦІАЛЬНИХ ІНДИВІДУАЛЬНИХ НОМЕРІВ АБО ДУБЛЮВАНН",ПРИЧІП,2
2021,405,"ПЕРЕРЕЄСТРАЦІЯ ТЗ, В ЗВ’ЯЗКУ ІЗ НАНЕСЕННЯ СПЕЦІАЛЬНИХ ІНДИВІДУАЛЬНИХ НОМЕРІВ АБО ДУБЛЮВАНН",АВТОБУС,15
2021,405,"ПЕРЕРЕЄСТРАЦІЯ ТЗ, В ЗВ’ЯЗКУ ІЗ НАНЕСЕННЯ СПЕЦІАЛЬНИХ ІНДИВІДУАЛЬНИХ НОМЕРІВ АБО ДУБЛЮВАНН",ВАНТАЖНИЙ,674
2021,405,"ПЕРЕРЕЄСТРАЦІЯ ТЗ, В ЗВ’ЯЗКУ ІЗ НАНЕСЕННЯ СПЕЦІАЛЬНИХ ІНДИВІДУАЛЬНИХ НОМЕРІВ АБО ДУБЛЮВАНН",ЛЕГКОВИЙ,228
2021,405,"ПЕРЕРЕЄСТРАЦІЯ ТЗ, В ЗВ’ЯЗКУ ІЗ НАНЕСЕННЯ СПЕЦІАЛЬНИХ ІНДИВІДУАЛЬНИХ НОМЕРІВ АБО ДУБЛЮВАНН",МОТОЦИКЛ,6
2021,405,"ПЕРЕРЕЄСТРАЦІЯ ТЗ, В ЗВ’ЯЗКУ ІЗ НАНЕСЕННЯ СПЕЦІАЛЬНИХ ІНДИВІДУАЛЬНИХ НОМЕРІВ АБО ДУБЛЮВАНН",НАПІВПРИЧІП,162
2021,405,"ПЕРЕРЕЄСТРАЦІЯ ТЗ, В ЗВ’ЯЗКУ ІЗ НАНЕСЕННЯ СПЕЦІАЛЬНИХ ІНДИВІДУАЛЬНИХ НОМЕРІВ АБО ДУБЛЮВАНН",ПРИЧІП,76
2021,407,ПЕРЕРЕЄСТРАЦІЯ У ЗВ’ЯЗКУ З ВСТАНОВЛ. СССП АВТОЖОВТОГО КОЛЬОРУ НА ТЗ РЕАГУВАННЯ СОД,ВАНТАЖНИЙ,5
2021,407,ПЕРЕРЕЄСТРАЦІЯ У ЗВ’ЯЗКУ З ВСТАНОВЛ. СССП АВТОЖОВТОГО КОЛЬОРУ НА ТЗ РЕАГУВАННЯ СОД,ЛЕГКОВИЙ,165
2021,407,ПЕРЕРЕЄСТРАЦІЯ У ЗВ’ЯЗКУ З ВСТАНОВЛ. СССП АВТОЖОВТОГО КОЛЬОРУ НА ТЗ РЕАГУВАННЯ СОД,МОТОЦИКЛ,1
2021,408,ПЕРЕРЕЄСТРАЦІЯ ПРИ ПЕРЕОБЛАДНАННІ БЕЗ ЗАМІНИ НОМЕРНИХ АГРЕГАТІВ,АВТОБУС,115
2021,408,ПЕРЕРЕЄСТРАЦІЯ ПРИ ПЕРЕОБЛАДНАННІ БЕЗ ЗАМІНИ НОМЕРНИХ АГРЕГАТІВ,ВАНТАЖНИЙ,8908
2021,408,ПЕРЕРЕЄСТРАЦІЯ ПРИ ПЕРЕОБЛАДНАННІ БЕЗ ЗАМІНИ НОМЕРНИХ АГРЕГАТІВ,ЛЕГКОВИЙ,6281
2021,408,ПЕРЕРЕЄСТРАЦІЯ ПРИ ПЕРЕОБЛАДНАННІ БЕЗ ЗАМІНИ НОМЕРНИХ АГРЕГАТІВ,МОТОЦИКЛ,1
2021,408,ПЕРЕРЕЄСТРАЦІЯ ПРИ ПЕРЕОБЛАДНАННІ БЕЗ ЗАМІНИ НОМЕРНИХ АГРЕГАТІВ,НАПІВПРИЧІП,2384
2021,408,ПЕРЕРЕЄСТРАЦІЯ ПРИ ПЕРЕОБЛАДНАННІ БЕЗ ЗАМІНИ НОМЕРНИХ АГРЕГАТІВ,ПРИЧІП,521
2021,408,ПЕРЕРЕЄСТРАЦІЯ ПРИ ПЕРЕОБЛАДНАННІ БЕЗ ЗАМІНИ НОМЕРНИХ АГРЕГАТІВ,ТРИЦИКЛ,1
2021,41,"РЕЄСТРАЦІЯ ТЗ, ПРИДБАНОГО В ТОРГОВЕЛЬНІЙ ОРГАНІЗАЦІЇ В РОЗСТРОЧКУ",ЛЕГКОВИЙ,1
2021,410,ПЕРЕРЕЄСТРАЦІЯ ПРИ ЗАМІНІ НОМЕРНОГО ЗНАКУ,АВТОБУС,278
2021,410,ПЕРЕРЕЄСТРАЦІЯ ПРИ ЗАМІНІ НОМЕРНОГО ЗНАКУ,ВАНТАЖНИЙ,2201
2021,410,ПЕРЕРЕЄСТРАЦІЯ ПРИ ЗАМІНІ НОМЕРНОГО ЗНАКУ,КВАДРОЦИКЛ,2
2021,410,ПЕРЕРЕЄСТРАЦІЯ ПРИ ЗАМІНІ НОМЕРНОГО ЗНАКУ,ЛЕГКОВИЙ,26375
2021,410,ПЕРЕРЕЄСТРАЦІЯ ПРИ ЗАМІНІ НОМЕРНОГО ЗНАКУ,МОПЕД,10
2021,410,ПЕРЕРЕЄСТРАЦІЯ ПРИ ЗАМІНІ НОМЕРНОГО ЗНАКУ,МОТОЦИКЛ,267
2021,410,ПЕРЕРЕЄСТРАЦІЯ ПРИ ЗАМІНІ НОМЕРНОГО ЗНАКУ,НАПІВПРИЧІП,204
2021,410,ПЕРЕРЕЄСТРАЦІЯ ПРИ ЗАМІНІ НОМЕРНОГО ЗНАКУ,ПРИЧІП,247
2021,410,ПЕРЕРЕЄСТРАЦІЯ ПРИ ЗАМІНІ НОМЕРНОГО ЗНАКУ,ТРИЦИКЛ,3
2021,412,ПЕРЕРЕЄСТРАЦІЯ ТЗ ПРИ ВИДАЧІ НОМЕРНОГО ЗНАКУ ВІДПОВІДНОЇ КОМБІНАЦІЇ ЦИФР,АВТОБУС,34
2021,412,ПЕРЕРЕЄСТРАЦІЯ ТЗ ПРИ ВИДАЧІ НОМЕРНОГО ЗНАКУ ВІДПОВІДНОЇ КОМБІНАЦІЇ ЦИФР,ВАНТАЖНИЙ,481
2021,412,ПЕРЕРЕЄСТРАЦІЯ ТЗ ПРИ ВИДАЧІ НОМЕРНОГО ЗНАКУ ВІДПОВІДНОЇ КОМБІНАЦІЇ ЦИФР,ЛЕГКОВИЙ,12111
2021,412,ПЕРЕРЕЄСТРАЦІЯ ТЗ ПРИ ВИДАЧІ НОМЕРНОГО ЗНАКУ ВІДПОВІДНОЇ КОМБІНАЦІЇ ЦИФР,МОТОЦИКЛ,12
2021,412,ПЕРЕРЕЄСТРАЦІЯ ТЗ ПРИ ВИДАЧІ НОМЕРНОГО ЗНАКУ ВІДПОВІДНОЇ КОМБІНАЦІЇ ЦИФР,НАПІВПРИЧІП,1
2021,412,ПЕРЕРЕЄСТРАЦІЯ ТЗ ПРИ ВИДАЧІ НОМЕРНОГО ЗНАКУ ВІДПОВІДНОЇ КОМБІНАЦІЇ ЦИФР,ПРИЧІП,2
2021,417,ПЕРЕРЕЄСТРАЦІЯ ТЗ (МОПЕДІВ) З ВИДАЧОЮ СПР,МОПЕД,124
2021,420,ПЕРЕРЕЄСТРАЦІЯ ПРИ ВТРАТІ НОМЕРНОГО ЗНАКУ,АВТОБУС,1
2021,420,ПЕРЕРЕЄСТРАЦІЯ ПРИ ВТРАТІ НОМЕРНОГО ЗНАКУ,ВАНТАЖНИЙ,14
2021,420,ПЕРЕРЕЄСТРАЦІЯ ПРИ ВТРАТІ НОМЕРНОГО ЗНАКУ,ЛЕГКОВИЙ,269
2021,420,ПЕРЕРЕЄСТРАЦІЯ ПРИ ВТРАТІ НОМЕРНОГО ЗНАКУ,МОПЕД,1
2021,420,ПЕРЕРЕЄСТРАЦІЯ ПРИ ВТРАТІ НОМЕРНОГО ЗНАКУ,МОТОЦИКЛ,9
2021,420,ПЕРЕРЕЄСТРАЦІЯ ПРИ ВТРАТІ НОМЕРНОГО ЗНАКУ,НАПІВПРИЧІП,1
2021,420,ПЕРЕРЕЄСТРАЦІЯ ПРИ ВТРАТІ НОМЕРНОГО ЗНАКУ,ПРИЧІП,3
2021,421,ПЕРЕРЕЄСТРАЦІЯ ТЗ ПРИ ВТРАТІ НОМЕРНОГО ЗНАКУ ТА СВІДОЦТВА ПРО РЕЄСТРАЦІЮ,ВАНТАЖНИЙ,2
2021,421,ПЕРЕРЕЄСТРАЦІЯ ТЗ ПРИ ВТРАТІ НОМЕРНОГО ЗНАКУ ТА СВІДОЦТВА ПРО РЕЄСТРАЦІЮ,ЛЕГКОВИЙ,7
2021,421,ПЕРЕРЕЄСТРАЦІЯ ТЗ ПРИ ВТРАТІ НОМЕРНОГО ЗНАКУ ТА СВІДОЦТВА ПРО РЕЄСТРАЦІЮ,МОТОЦИКЛ,3
2021,421,ПЕРЕРЕЄСТРАЦІЯ ТЗ ПРИ ВТРАТІ НОМЕРНОГО ЗНАКУ ТА СВІДОЦТВА ПРО РЕЄСТРАЦІЮ,ПРИЧІП,1
2021,429,ПЕРЕРЕЄСТРАЦІЯ ТЗ У ЗВ'ЯЗКУ ІЗ ПОДОВЖЕННЯМ ТЕРМІНУ ЗВОРОТНЬОГО ВИВОЗУ,АВТОБУС,15
2021,429,ПЕРЕРЕЄСТРАЦІЯ ТЗ У ЗВ'ЯЗКУ ІЗ ПОДОВЖЕННЯМ ТЕРМІНУ ЗВОРОТНЬОГО ВИВОЗУ,ВАНТАЖНИЙ,273
2021,429,ПЕРЕРЕЄСТРАЦІЯ ТЗ У ЗВ'ЯЗКУ ІЗ ПОДОВЖЕННЯМ ТЕРМІНУ ЗВОРОТНЬОГО ВИВОЗУ,ЛЕГКОВИЙ,341
2021,429,ПЕРЕРЕЄСТРАЦІЯ ТЗ У ЗВ'ЯЗКУ ІЗ ПОДОВЖЕННЯМ ТЕРМІНУ ЗВОРОТНЬОГО ВИВОЗУ,МОТОЦИКЛ,3
2021,429,ПЕРЕРЕЄСТРАЦІЯ ТЗ У ЗВ'ЯЗКУ ІЗ ПОДОВЖЕННЯМ ТЕРМІНУ ЗВОРОТНЬОГО ВИВОЗУ,НАПІВПРИЧІП,19
2021,429,ПЕРЕРЕЄСТРАЦІЯ ТЗ У ЗВ'ЯЗКУ ІЗ ПОДОВЖЕННЯМ ТЕРМІНУ ЗВОРОТНЬОГО ВИВОЗУ,ПРИЧІП,2
2021,430,ПЕРЕРЕЄСТРАЦІЯ ПРИ ЗАМІНІ СВІДОЦТВА ПРО РЕЄСТРАЦІЮ,АВТОБУС,309
2021,430,ПЕРЕРЕЄСТРАЦІЯ ПРИ ЗАМІНІ СВІДОЦТВА ПРО РЕЄСТРАЦІЮ,ВАНТАЖНИЙ,2117
2021,430,ПЕРЕРЕЄСТРАЦІЯ ПРИ ЗАМІНІ СВІДОЦТВА ПРО РЕЄСТРАЦІЮ,ЛЕГКОВИЙ,5054
2021,430,ПЕРЕРЕЄСТРАЦІЯ ПРИ ЗАМІНІ СВІДОЦТВА ПРО РЕЄСТРАЦІЮ,МОПЕД,76
2021,430,ПЕРЕРЕЄСТРАЦІЯ ПРИ ЗАМІНІ СВІДОЦТВА ПРО РЕЄСТРАЦІЮ,МОТОЦИКЛ,104
2021,430,ПЕРЕРЕЄСТРАЦІЯ ПРИ ЗАМІНІ СВІДОЦТВА ПРО РЕЄСТРАЦІЮ,НАПІВПРИЧІП,736
2021,430,ПЕРЕРЕЄСТРАЦІЯ ПРИ ЗАМІНІ СВІДОЦТВА ПРО РЕЄСТРАЦІЮ,ПРИЧІП,210
2021,431,ПЕРЕРЕЄСТРАЦІЯ ТЗ ПРИ ВИДАЧІ ІНДИВІДУАЛЬНОГО НОМЕРНОГО ЗНАКУ,АВТОБУС,45
2021,431,ПЕРЕРЕЄСТРАЦІЯ ТЗ ПРИ ВИДАЧІ ІНДИВІДУАЛЬНОГО НОМЕРНОГО ЗНАКУ,ВАНТАЖНИЙ,469
2021,431,ПЕРЕРЕЄСТРАЦІЯ ТЗ ПРИ ВИДАЧІ ІНДИВІДУАЛЬНОГО НОМЕРНОГО ЗНАКУ,ЛЕГКОВИЙ,8974
2021,431,ПЕРЕРЕЄСТРАЦІЯ ТЗ ПРИ ВИДАЧІ ІНДИВІДУАЛЬНОГО НОМЕРНОГО ЗНАКУ,МОТОЦИКЛ,142
2021,431,ПЕРЕРЕЄСТРАЦІЯ ТЗ ПРИ ВИДАЧІ ІНДИВІДУАЛЬНОГО НОМЕРНОГО ЗНАКУ,ТРИЦИКЛ,1
2021,440,ПЕРЕРЕЄСТРАЦIЯ ПРИ ВТРАТІ СВIДОЦТВА ПРО РЕЄСТРАЦIЮ,АВТОБУС,284
2021,440,ПЕРЕРЕЄСТРАЦIЯ ПРИ ВТРАТІ СВIДОЦТВА ПРО РЕЄСТРАЦIЮ,ВАНТАЖНИЙ,3575
2021,440,ПЕРЕРЕЄСТРАЦIЯ ПРИ ВТРАТІ СВIДОЦТВА ПРО РЕЄСТРАЦIЮ,ЛЕГКОВИЙ,19563
2021,440,ПЕРЕРЕЄСТРАЦIЯ ПРИ ВТРАТІ СВIДОЦТВА ПРО РЕЄСТРАЦIЮ,МОПЕД,159
2021,440,ПЕРЕРЕЄСТРАЦIЯ ПРИ ВТРАТІ СВIДОЦТВА ПРО РЕЄСТРАЦIЮ,МОТОЦИКЛ,500
2021,440,ПЕРЕРЕЄСТРАЦIЯ ПРИ ВТРАТІ СВIДОЦТВА ПРО РЕЄСТРАЦIЮ,НАПІВПРИЧІП,730
2021,440,ПЕРЕРЕЄСТРАЦIЯ ПРИ ВТРАТІ СВIДОЦТВА ПРО РЕЄСТРАЦIЮ,ПРИЧІП,1423
2021,440,ПЕРЕРЕЄСТРАЦIЯ ПРИ ВТРАТІ СВIДОЦТВА ПРО РЕЄСТРАЦIЮ,ТРИЦИКЛ,4
2021,450,ПЕРЕРЕЄСТРАЦІЯ ПРИ ЗАМІНІ СВІДОЦТВА ПРО РЕЄСТРАЦІЮ У ЗВ'ЯЗКУ З КОРИГУВАННЯМ ОБЛІКОВИХ ДАНИ,АВТОБУС,287
2021,450,ПЕРЕРЕЄСТРАЦІЯ ПРИ ЗАМІНІ СВІДОЦТВА ПРО РЕЄСТРАЦІЮ У ЗВ'ЯЗКУ З КОРИГУВАННЯМ ОБЛІКОВИХ ДАНИ,ВАНТАЖНИЙ,1969
2021,450,ПЕРЕРЕЄСТРАЦІЯ ПРИ ЗАМІНІ СВІДОЦТВА ПРО РЕЄСТРАЦІЮ У ЗВ'ЯЗКУ З КОРИГУВАННЯМ ОБЛІКОВИХ ДАНИ,КВАДРОЦИКЛ,1
2021,450,ПЕРЕРЕЄСТРАЦІЯ ПРИ ЗАМІНІ СВІДОЦТВА ПРО РЕЄСТРАЦІЮ У ЗВ'ЯЗКУ З КОРИГУВАННЯМ ОБЛІКОВИХ ДАНИ,ЛЕГКОВИЙ,3084
2021,450,ПЕРЕРЕЄСТРАЦІЯ ПРИ ЗАМІНІ СВІДОЦТВА ПРО РЕЄСТРАЦІЮ У ЗВ'ЯЗКУ З КОРИГУВАННЯМ ОБЛІКОВИХ ДАНИ,МОПЕД,4
2021,450,ПЕРЕРЕЄСТРАЦІЯ ПРИ ЗАМІНІ СВІДОЦТВА ПРО РЕЄСТРАЦІЮ У ЗВ'ЯЗКУ З КОРИГУВАННЯМ ОБЛІКОВИХ ДАНИ,МОТОЦИКЛ,30
2021,450,ПЕРЕРЕЄСТРАЦІЯ ПРИ ЗАМІНІ СВІДОЦТВА ПРО РЕЄСТРАЦІЮ У ЗВ'ЯЗКУ З КОРИГУВАННЯМ ОБЛІКОВИХ ДАНИ,НАПІВПРИЧІП,710
2021,450,ПЕРЕРЕЄСТРАЦІЯ ПРИ ЗАМІНІ СВІДОЦТВА ПРО РЕЄСТРАЦІЮ У ЗВ'ЯЗКУ З КОРИГУВАННЯМ ОБЛІКОВИХ ДАНИ,ПРИЧІП,165
2021,450,ПЕРЕРЕЄСТРАЦІЯ ПРИ ЗАМІНІ СВІДОЦТВА ПРО РЕЄСТРАЦІЮ У ЗВ'ЯЗКУ З КОРИГУВАННЯМ ОБЛІКОВИХ ДАНИ,ТРИЦИКЛ,1
2021,49,ВТОРИННА РЕЄСТРАЦІЯ ТЗ ПО ДОГОВОРУ УКЛАДЕНОМУ В ТСЦ,ВАНТАЖНИЙ,1
2021,49,ВТОРИННА РЕЄСТРАЦІЯ ТЗ ПО ДОГОВОРУ УКЛАДЕНОМУ В ТСЦ,ЛЕГКОВИЙ,2
2021,500,ЗНЯТТЯ З ОБЛІКУ У ЗВ'ЯЗКУ ЗІ СКАСУВАННЯМ РЕЄСТРАЦІЇ,ВАНТАЖНИЙ,5
2021,500,ЗНЯТТЯ З ОБЛІКУ У ЗВ'ЯЗКУ ЗІ СКАСУВАННЯМ РЕЄСТРАЦІЇ,ЛЕГКОВИЙ,48
2021,500,ЗНЯТТЯ З ОБЛІКУ У ЗВ'ЯЗКУ ЗІ СКАСУВАННЯМ РЕЄСТРАЦІЇ,МОПЕД,1
2021,500,ЗНЯТТЯ З ОБЛІКУ У ЗВ'ЯЗКУ ЗІ СКАСУВАННЯМ РЕЄСТРАЦІЇ,МОТОЦИКЛ,6
2021,500,ЗНЯТТЯ З ОБЛІКУ У ЗВ'ЯЗКУ ЗІ СКАСУВАННЯМ РЕЄСТРАЦІЇ,ПРИЧІП,1
2021,501,СКАСУВАННЯ ЗНЯТТЯ З ОБЛІКУ ТЗ,ВАНТАЖНИЙ,2
2021,501,СКАСУВАННЯ ЗНЯТТЯ З ОБЛІКУ ТЗ,ЛЕГКОВИЙ,11
2021,501,СКАСУВАННЯ ЗНЯТТЯ З ОБЛІКУ ТЗ,НАПІВПРИЧІП,1
2021,502,СКАСУВАННЯ ПЕРЕРЕЄСТРАЦІЇ,АВТОБУС,12
2021,502,СКАСУВАННЯ ПЕРЕРЕЄСТРАЦІЇ,ВАНТАЖНИЙ,14
2021,502,СКАСУВАННЯ ПЕРЕРЕЄСТРАЦІЇ,ЛЕГКОВИЙ,54
2021,502,СКАСУВАННЯ ПЕРЕРЕЄСТРАЦІЇ,МОТОЦИКЛ,1
2021,502,СКАСУВАННЯ ПЕРЕРЕЄСТРАЦІЇ,НАПІВПРИЧІП,1
2021,502,СКАСУВАННЯ ПЕРЕРЕЄСТРАЦІЇ,ТРИЦИКЛ,1
2021,508,"ПЕРЕРЕЄСТРАЦІЯ ТЗ, В ЗВ’ЯЗКУ ІЗ РОЗІРВАННЯМ НОТАРІАЛЬНО ПОСВІДЧЕНОГО ДКП ЗА ЗГОДОЮ СТОРІН",АВТОБУС,8
2021,520,ЗНЯТТЯ З ОБЛIКУ ПРИ ВИВЕЗЕННІ ЗА КОРДОН,АВТОБУС,32
2021,520,ЗНЯТТЯ З ОБЛIКУ ПРИ ВИВЕЗЕННІ ЗА КОРДОН,ВАНТАЖНИЙ,1217
2021,520,ЗНЯТТЯ З ОБЛIКУ ПРИ ВИВЕЗЕННІ ЗА КОРДОН,ЛЕГКОВИЙ,429
2021,520,ЗНЯТТЯ З ОБЛIКУ ПРИ ВИВЕЗЕННІ ЗА КОРДОН,МОПЕД,3
2021,520,ЗНЯТТЯ З ОБЛIКУ ПРИ ВИВЕЗЕННІ ЗА КОРДОН,МОТОЦИКЛ,134
2021,520,ЗНЯТТЯ З ОБЛIКУ ПРИ ВИВЕЗЕННІ ЗА КОРДОН,НАПІВПРИЧІП,105
2021,520,ЗНЯТТЯ З ОБЛIКУ ПРИ ВИВЕЗЕННІ ЗА КОРДОН,ПРИЧІП,174
2021,530,ЗНЯТТЯ З ОБЛIКУ ДЛЯ РЕАЛIЗАЦIЇ,ВАНТАЖНИЙ,3
2021,540,ЗНЯТТЯ З ОБЛIКУ У ЗВ`ЯЗКУ З ВИБРАКОВКОЮ,АВТОБУС,1109
2021,540,ЗНЯТТЯ З ОБЛIКУ У ЗВ`ЯЗКУ З ВИБРАКОВКОЮ,ВАНТАЖНИЙ,5478
2021,540,ЗНЯТТЯ З ОБЛIКУ У ЗВ`ЯЗКУ З ВИБРАКОВКОЮ,ЛЕГКОВИЙ,10983
2021,540,ЗНЯТТЯ З ОБЛIКУ У ЗВ`ЯЗКУ З ВИБРАКОВКОЮ,МОПЕД,145
2021,540,ЗНЯТТЯ З ОБЛIКУ У ЗВ`ЯЗКУ З ВИБРАКОВКОЮ,МОТОЦИКЛ,571
2021,540,ЗНЯТТЯ З ОБЛIКУ У ЗВ`ЯЗКУ З ВИБРАКОВКОЮ,НАПІВПРИЧІП,687
2021,540,ЗНЯТТЯ З ОБЛIКУ У ЗВ`ЯЗКУ З ВИБРАКОВКОЮ,НЕВИЗНАЧЕНИЙ,1
2021,540,ЗНЯТТЯ З ОБЛIКУ У ЗВ`ЯЗКУ З ВИБРАКОВКОЮ,ПРИЧІП,485
2021,540,ЗНЯТТЯ З ОБЛIКУ У ЗВ`ЯЗКУ З ВИБРАКОВКОЮ,СПЕЦІАЛІЗОВАНІ,1
2021,550,ЗНЯТТЯ З ОБЛIКУ ТЗ ВВЕЗЕНОГО ПIД ЗОБОВ. ПРО ЗВОР. ВИВЕЗЕННЯ,ВАНТАЖНИЙ,50
2021,550,ЗНЯТТЯ З ОБЛIКУ ТЗ ВВЕЗЕНОГО ПIД ЗОБОВ. ПРО ЗВОР. ВИВЕЗЕННЯ,ЛЕГКОВИЙ,451
2021,550,ЗНЯТТЯ З ОБЛIКУ ТЗ ВВЕЗЕНОГО ПIД ЗОБОВ. ПРО ЗВОР. ВИВЕЗЕННЯ,МОТОЦИКЛ,1
2021,550,ЗНЯТТЯ З ОБЛIКУ ТЗ ВВЕЗЕНОГО ПIД ЗОБОВ. ПРО ЗВОР. ВИВЕЗЕННЯ,НАПІВПРИЧІП,14
2021,555,ЗНЯТТЯ З ОБЛІКУ ТЗ ЗА РІШЕННЯМ СУДУ,ЛЕГКОВИЙ,1
2021,560,ЗНЯТТЯ З ОБЛІКУ ПРИ ПОВЕРНЕННІ ІЗ ПОЇЗДКИ ЗА КОРДОН ПО ДОРУЧ.,АВТОБУС,818
2021,560,ЗНЯТТЯ З ОБЛІКУ ПРИ ПОВЕРНЕННІ ІЗ ПОЇЗДКИ ЗА КОРДОН ПО ДОРУЧ.,ВАНТАЖНИЙ,4257
2021,560,ЗНЯТТЯ З ОБЛІКУ ПРИ ПОВЕРНЕННІ ІЗ ПОЇЗДКИ ЗА КОРДОН ПО ДОРУЧ.,ЛЕГКОВИЙ,3204
2021,560,ЗНЯТТЯ З ОБЛІКУ ПРИ ПОВЕРНЕННІ ІЗ ПОЇЗДКИ ЗА КОРДОН ПО ДОРУЧ.,МОТОЦИКЛ,32
2021,560,ЗНЯТТЯ З ОБЛІКУ ПРИ ПОВЕРНЕННІ ІЗ ПОЇЗДКИ ЗА КОРДОН ПО ДОРУЧ.,НАПІВПРИЧІП,2555
2021,560,ЗНЯТТЯ З ОБЛІКУ ПРИ ПОВЕРНЕННІ ІЗ ПОЇЗДКИ ЗА КОРДОН ПО ДОРУЧ.,ПРИЧІП,315
2021,570,ЗНЯТТЯ З ОБЛІКУ У ЗВ`ЯЗКУ ЗI ЗМIНОЮ ДЕРЖАВНОГО ОРГАНУ РЕЄСТРАЦІЇ,АВТОБУС,30
2021,570,ЗНЯТТЯ З ОБЛІКУ У ЗВ`ЯЗКУ ЗI ЗМIНОЮ ДЕРЖАВНОГО ОРГАНУ РЕЄСТРАЦІЇ,ВАНТАЖНИЙ,69
2021,570,ЗНЯТТЯ З ОБЛІКУ У ЗВ`ЯЗКУ ЗI ЗМIНОЮ ДЕРЖАВНОГО ОРГАНУ РЕЄСТРАЦІЇ,ЛЕГКОВИЙ,378
2021,570,ЗНЯТТЯ З ОБЛІКУ У ЗВ`ЯЗКУ ЗI ЗМIНОЮ ДЕРЖАВНОГО ОРГАНУ РЕЄСТРАЦІЇ,НАПІВПРИЧІП,2
2021,570,ЗНЯТТЯ З ОБЛІКУ У ЗВ`ЯЗКУ ЗI ЗМIНОЮ ДЕРЖАВНОГО ОРГАНУ РЕЄСТРАЦІЇ,ПРИЧІП,8
2021,64,РЕЄСТРАЦІЯ КОНФІСКОВАНОГО ТЗ,ВАНТАЖНИЙ,3
2021,64,РЕЄСТРАЦІЯ КОНФІСКОВАНОГО ТЗ,ЛЕГКОВИЙ,58
2021,64,РЕЄСТРАЦІЯ КОНФІСКОВАНОГО ТЗ,МОТОЦИКЛ,1
2021,64,РЕЄСТРАЦІЯ КОНФІСКОВАНОГО ТЗ,НАПІВПРИЧІП,1
2021,65,РЕЄСТРАЦIЯ ТЗ ЗА РІШЕННЯМ СУДУ,АВТОБУС,1
2021,65,РЕЄСТРАЦIЯ ТЗ ЗА РІШЕННЯМ СУДУ,ВАНТАЖНИЙ,14
2021,65,РЕЄСТРАЦIЯ ТЗ ЗА РІШЕННЯМ СУДУ,ЛЕГКОВИЙ,173
2021,65,РЕЄСТРАЦIЯ ТЗ ЗА РІШЕННЯМ СУДУ,МОПЕД,2
2021,65,РЕЄСТРАЦIЯ ТЗ ЗА РІШЕННЯМ СУДУ,МОТОЦИКЛ,5
2021,65,РЕЄСТРАЦIЯ ТЗ ЗА РІШЕННЯМ СУДУ,НАПІВПРИЧІП,2
2021,65,РЕЄСТРАЦIЯ ТЗ ЗА РІШЕННЯМ СУДУ,ПРИЧІП,2
2021,69,РЕЄСТРАЦІЯ НОВИХ ТЗ ПО АКТУ ПРИЙОМУ-ПЕРЕДАЧІ (ДОД. 6),АВТОБУС,478
2021,69,РЕЄСТРАЦІЯ НОВИХ ТЗ ПО АКТУ ПРИЙОМУ-ПЕРЕДАЧІ (ДОД. 6),ВАНТАЖНИЙ,458
2021,69,РЕЄСТРАЦІЯ НОВИХ ТЗ ПО АКТУ ПРИЙОМУ-ПЕРЕДАЧІ (ДОД. 6),ЛЕГКОВИЙ,1137
2021,69,РЕЄСТРАЦІЯ НОВИХ ТЗ ПО АКТУ ПРИЙОМУ-ПЕРЕДАЧІ (ДОД. 6),НАПІВПРИЧІП,229
2021,69,РЕЄСТРАЦІЯ НОВИХ ТЗ ПО АКТУ ПРИЙОМУ-ПЕРЕДАЧІ (ДОД. 6),ПРИЧІП,25610
2021,70,РЕЄСТРАЦIЯ Б/В ТЗ ПРИВЕЗЕНОГО З-ЗА КОРДОНУ ПО ВМД,АВТОБУС,419
2021,70,РЕЄСТРАЦIЯ Б/В ТЗ ПРИВЕЗЕНОГО З-ЗА КОРДОНУ ПО ВМД,ВАНТАЖНИЙ,4069
2021,70,РЕЄСТРАЦIЯ Б/В ТЗ ПРИВЕЗЕНОГО З-ЗА КОРДОНУ ПО ВМД,КВАДРОЦИКЛ,2
2021,70,РЕЄСТРАЦIЯ Б/В ТЗ ПРИВЕЗЕНОГО З-ЗА КОРДОНУ ПО ВМД,ЛЕГКОВИЙ,52452
2021,70,РЕЄСТРАЦIЯ Б/В ТЗ ПРИВЕЗЕНОГО З-ЗА КОРДОНУ ПО ВМД,МОПЕД,3
2021,70,РЕЄСТРАЦIЯ Б/В ТЗ ПРИВЕЗЕНОГО З-ЗА КОРДОНУ ПО ВМД,МОТОЦИКЛ,266
2021,70,РЕЄСТРАЦIЯ Б/В ТЗ ПРИВЕЗЕНОГО З-ЗА КОРДОНУ ПО ВМД,НАПІВПРИЧІП,2486
2021,70,РЕЄСТРАЦIЯ Б/В ТЗ ПРИВЕЗЕНОГО З-ЗА КОРДОНУ ПО ВМД,ПРИЧІП,324
2021,70,РЕЄСТРАЦIЯ Б/В ТЗ ПРИВЕЗЕНОГО З-ЗА КОРДОНУ ПО ВМД,ТРИЦИКЛ,4
2021,70,РЕЄСТРАЦIЯ ТЗ ПРИВЕЗЕНОГО З-ЗА КОРДОНУ,ЛЕГКОВИЙ,1
2021,71,РЕЄСТРАЦІЯ ТЗ ПРИВЕЗЕНОГО З-ЗА КОРДОНУ ПО ПОСВІДЧЕННЮ МИТНИЦІ,АВТОБУС,135
2021,71,РЕЄСТРАЦІЯ ТЗ ПРИВЕЗЕНОГО З-ЗА КОРДОНУ ПО ПОСВІДЧЕННЮ МИТНИЦІ,ВАНТАЖНИЙ,1607
2021,71,РЕЄСТРАЦІЯ ТЗ ПРИВЕЗЕНОГО З-ЗА КОРДОНУ ПО ПОСВІДЧЕННЮ МИТНИЦІ,КВАДРОЦИКЛ,4
2021,71,РЕЄСТРАЦІЯ ТЗ ПРИВЕЗЕНОГО З-ЗА КОРДОНУ ПО ПОСВІДЧЕННЮ МИТНИЦІ,ЛЕГКОВИЙ,312300
2021,71,РЕЄСТРАЦІЯ ТЗ ПРИВЕЗЕНОГО З-ЗА КОРДОНУ ПО ПОСВІДЧЕННЮ МИТНИЦІ,МОПЕД,14
2021,71,РЕЄСТРАЦІЯ ТЗ ПРИВЕЗЕНОГО З-ЗА КОРДОНУ ПО ПОСВІДЧЕННЮ МИТНИЦІ,МОТОЦИКЛ,1500
2021,71,РЕЄСТРАЦІЯ ТЗ ПРИВЕЗЕНОГО З-ЗА КОРДОНУ ПО ПОСВІДЧЕННЮ МИТНИЦІ,НАПІВПРИЧІП,207
2021,71,РЕЄСТРАЦІЯ ТЗ ПРИВЕЗЕНОГО З-ЗА КОРДОНУ ПО ПОСВІДЧЕННЮ МИТНИЦІ,ПРИЧІП,762
2021,71,РЕЄСТРАЦІЯ ТЗ ПРИВЕЗЕНОГО З-ЗА КОРДОНУ ПО ПОСВІДЧЕННЮ МИТНИЦІ,ТРИЦИКЛ,19
2021,72,"РЕЄСТРАЦІЯ НОВОГО ТЗ, ПРИВЕЗЕНОГО З-ЗА КОРДОНУ ПО ВМД",АВТОБУС,13
2021,72,"РЕЄСТРАЦІЯ НОВОГО ТЗ, ПРИВЕЗЕНОГО З-ЗА КОРДОНУ ПО ВМД",ВАНТАЖНИЙ,384
2021,72,"РЕЄСТРАЦІЯ НОВОГО ТЗ, ПРИВЕЗЕНОГО З-ЗА КОРДОНУ ПО ВМД",ЛЕГКОВИЙ,1342
2021,72,"РЕЄСТРАЦІЯ НОВОГО ТЗ, ПРИВЕЗЕНОГО З-ЗА КОРДОНУ ПО ВМД",МОТОЦИКЛ,63
2021,72,"РЕЄСТРАЦІЯ НОВОГО ТЗ, ПРИВЕЗЕНОГО З-ЗА КОРДОНУ ПО ВМД",НАПІВПРИЧІП,878
2021,72,"РЕЄСТРАЦІЯ НОВОГО ТЗ, ПРИВЕЗЕНОГО З-ЗА КОРДОНУ ПО ВМД",ПРИЧІП,341
2021,72,"РЕЄСТРАЦІЯ НОВОГО ТЗ, ПРИВЕЗЕНОГО З-ЗА КОРДОНУ ПО ВМД",ТРИЦИКЛ,14
2021,80,"РЕЄСТРАЦІЯ ТЗ ПРИДБАНОГО НА АУКЦІОНІ, ЕЛЕКТРОННИХ ТОРГАХ, ТОВАРНІЙ БІРЖІ",ВАНТАЖНИЙ,3
2021,80,"РЕЄСТРАЦІЯ ТЗ ПРИДБАНОГО НА АУКЦІОНІ, ЕЛЕКТРОННИХ ТОРГАХ, ТОВАРНІЙ БІРЖІ",ЛЕГКОВИЙ,61
2021,80,"РЕЄСТРАЦІЯ ТЗ ПРИДБАНОГО НА АУКЦІОНІ, ЕЛЕКТРОННИХ ТОРГАХ, ТОВАРНІЙ БІРЖІ",МОПЕД,2
2021,80,"РЕЄСТРАЦІЯ ТЗ ПРИДБАНОГО НА АУКЦІОНІ, ЕЛЕКТРОННИХ ТОРГАХ, ТОВАРНІЙ БІРЖІ",МОТОЦИКЛ,1
2021,80,"РЕЄСТРАЦІЯ ТЗ ПРИДБАНОГО НА АУКЦІОНІ, ЕЛЕКТРОННИХ ТОРГАХ, ТОВАРНІЙ БІРЖІ",НАПІВПРИЧІП,2
2021,90,РЕЄСТРАЦIЯ ТЗ ПРИДБАНОГО З ФОНДІВ МІН. ОБОРОНИ,ВАНТАЖНИЙ,18
2021,90,РЕЄСТРАЦIЯ ТЗ ПРИДБАНОГО З ФОНДІВ МІН. ОБОРОНИ,ЛЕГКОВИЙ,2
2021,91,РЕЄСТРАЦІЯ ТЗ ПРИДБАНОГО В ІНШОМУ ОРГАНІ ДЕРЖАВНОЇ РЕЄСТРАЦІЇ,АВТОБУС,1
2021,92,РЕЄСТРАЦІЯ ТЗ ПРИ ПОВЕРНЕННІ З ВІДОМЧОЇ РЕЄСТРАЦІЇ (БЕЗ ЗМІНИ ВЛАСНИКА),ЛЕГКОВИЙ,1
2021,99,"ПЕРВИННА РЕЄСТРАЦІЯ ТЗ ПРИДБАНОГО В ТОРГІВЕЛЬНІЙ ОРГАНІЗАЦІЇ, ЯКИЙ ВИГОТОВЛЕНО В УКРАЇНІ",АВТОБУС,418
2021,99,"ПЕРВИННА РЕЄСТРАЦІЯ ТЗ ПРИДБАНОГО В ТОРГІВЕЛЬНІЙ ОРГАНІЗАЦІЇ, ЯКИЙ ВИГОТОВЛЕНО В УКРАЇНІ",ВАНТАЖНИЙ,3217
2021,99,"ПЕРВИННА РЕЄСТРАЦІЯ ТЗ ПРИДБАНОГО В ТОРГІВЕЛЬНІЙ ОРГАНІЗАЦІЇ, ЯКИЙ ВИГОТОВЛЕНО В УКРАЇНІ",ЛЕГКОВИЙ,8991
2021,99,"ПЕРВИННА РЕЄСТРАЦІЯ ТЗ ПРИДБАНОГО В ТОРГІВЕЛЬНІЙ ОРГАНІЗАЦІЇ, ЯКИЙ ВИГОТОВЛЕНО В УКРАЇНІ",НАПІВПРИЧІП,215
2021,99,"ПЕРВИННА РЕЄСТРАЦІЯ ТЗ ПРИДБАНОГО В ТОРГІВЕЛЬНІЙ ОРГАНІЗАЦІЇ, ЯКИЙ ВИГОТОВЛЕНО В УКРАЇНІ",ПРИЧІП,7914
2022,10,ВТОРИННА РЕЄСТРАЦIЯ ТЗ ПО АКТУ ПРИЙМАННЯ ПЕРЕДАЧІ(ДОД.2),ВАНТАЖНИЙ,3
2022,10,ВТОРИННА РЕЄСТРАЦIЯ ТЗ ПО АКТУ ПРИЙМАННЯ ПЕРЕДАЧІ(ДОД.2),ЛЕГКОВИЙ,17
2022,100,"ПЕРВИННА РЕЄСТРАЦIЯ Б/В ТЗ ПРИДБАНОГО В ТОРГІВЕЛЬНІЙ ОРГАНІЗАЦІЇ, ЯКИЙ ВВЕЗЕНО З-ЗА КОРДОН",АВТОБУС,289
2022,100,"ПЕРВИННА РЕЄСТРАЦIЯ Б/В ТЗ ПРИДБАНОГО В ТОРГІВЕЛЬНІЙ ОРГАНІЗАЦІЇ, ЯКИЙ ВВЕЗЕНО З-ЗА КОРДОН",ВАНТАЖНИЙ,18092
2022,100,"ПЕРВИННА РЕЄСТРАЦIЯ Б/В ТЗ ПРИДБАНОГО В ТОРГІВЕЛЬНІЙ ОРГАНІЗАЦІЇ, ЯКИЙ ВВЕЗЕНО З-ЗА КОРДОН",КВАДРОЦИКЛ,1
2022,100,"ПЕРВИННА РЕЄСТРАЦIЯ Б/В ТЗ ПРИДБАНОГО В ТОРГІВЕЛЬНІЙ ОРГАНІЗАЦІЇ, ЯКИЙ ВВЕЗЕНО З-ЗА КОРДОН",ЛЕГКОВИЙ,74993
2022,100,"ПЕРВИННА РЕЄСТРАЦIЯ Б/В ТЗ ПРИДБАНОГО В ТОРГІВЕЛЬНІЙ ОРГАНІЗАЦІЇ, ЯКИЙ ВВЕЗЕНО З-ЗА КОРДОН",МОПЕД,1655
2022,100,"ПЕРВИННА РЕЄСТРАЦIЯ Б/В ТЗ ПРИДБАНОГО В ТОРГІВЕЛЬНІЙ ОРГАНІЗАЦІЇ, ЯКИЙ ВВЕЗЕНО З-ЗА КОРДОН",МОТОЦИКЛ,1884
2022,100,"ПЕРВИННА РЕЄСТРАЦIЯ Б/В ТЗ ПРИДБАНОГО В ТОРГІВЕЛЬНІЙ ОРГАНІЗАЦІЇ, ЯКИЙ ВВЕЗЕНО З-ЗА КОРДОН",НАПІВПРИЧІП,8937
2022,100,"ПЕРВИННА РЕЄСТРАЦIЯ Б/В ТЗ ПРИДБАНОГО В ТОРГІВЕЛЬНІЙ ОРГАНІЗАЦІЇ, ЯКИЙ ВВЕЗЕНО З-ЗА КОРДОН",ПРИЧІП,327
2022,100,"ПЕРВИННА РЕЄСТРАЦIЯ Б/В ТЗ ПРИДБАНОГО В ТОРГІВЕЛЬНІЙ ОРГАНІЗАЦІЇ, ЯКИЙ ВВЕЗЕНО З-ЗА КОРДОН",ТРИЦИКЛ,3
2022,1000,ПЕРВИННА РЕЄСТРАЦІЯ ВІДОМЧОГО ТЗ,АВТОБУС,2
2022,1000,ПЕРВИННА РЕЄСТРАЦІЯ ВІДОМЧОГО ТЗ,ВАНТАЖНИЙ,27
2022,1000,ПЕРВИННА РЕЄСТРАЦІЯ ВІДОМЧОГО ТЗ,ЛЕГКОВИЙ,70
2022,1000,ПЕРВИННА РЕЄСТРАЦІЯ ВІДОМЧОГО ТЗ,НАПІВПРИЧІП,2
2022,1000,ПЕРВИННА РЕЄСТРАЦІЯ ВІДОМЧОГО ТЗ,ПРИЧІП,1
2022,102,РЕЄСТРАЦІЯ НОВОГО ТЗ (ЕКСПЕРИМЕНТАЛЬНІ ЗРАЗКИ),ВАНТАЖНИЙ,2
2022,102,РЕЄСТРАЦІЯ НОВОГО ТЗ (ЕКСПЕРИМЕНТАЛЬНІ ЗРАЗКИ),ЛЕГКОВИЙ,1
2022,105,"ПЕРВИННА РЕЄСТРАЦІЯ НОВОГО ТЗ ПРИДБАНОГО В ТОРГОВЕЛЬНІЙ ОРГАНІЗАЦІЇ, ЯКИЙ ВВЕЗЕНО З-ЗА КОР",АВТОБУС,141
2022,105,"ПЕРВИННА РЕЄСТРАЦІЯ НОВОГО ТЗ ПРИДБАНОГО В ТОРГОВЕЛЬНІЙ ОРГАНІЗАЦІЇ, ЯКИЙ ВВЕЗЕНО З-ЗА КОР",ВАНТАЖНИЙ,3977
2022,105,"ПЕРВИННА РЕЄСТРАЦІЯ НОВОГО ТЗ ПРИДБАНОГО В ТОРГОВЕЛЬНІЙ ОРГАНІЗАЦІЇ, ЯКИЙ ВВЕЗЕНО З-ЗА КОР",КВАДРОЦИКЛ,123
2022,105,"ПЕРВИННА РЕЄСТРАЦІЯ НОВОГО ТЗ ПРИДБАНОГО В ТОРГОВЕЛЬНІЙ ОРГАНІЗАЦІЇ, ЯКИЙ ВВЕЗЕНО З-ЗА КОР",ЛЕГКОВИЙ,33862
2022,105,"ПЕРВИННА РЕЄСТРАЦІЯ НОВОГО ТЗ ПРИДБАНОГО В ТОРГОВЕЛЬНІЙ ОРГАНІЗАЦІЇ, ЯКИЙ ВВЕЗЕНО З-ЗА КОР",МОПЕД,181
2022,105,"ПЕРВИННА РЕЄСТРАЦІЯ НОВОГО ТЗ ПРИДБАНОГО В ТОРГОВЕЛЬНІЙ ОРГАНІЗАЦІЇ, ЯКИЙ ВВЕЗЕНО З-ЗА КОР",МОТОЦИКЛ,28893
2022,105,"ПЕРВИННА РЕЄСТРАЦІЯ НОВОГО ТЗ ПРИДБАНОГО В ТОРГОВЕЛЬНІЙ ОРГАНІЗАЦІЇ, ЯКИЙ ВВЕЗЕНО З-ЗА КОР",НАПІВПРИЧІП,1144
2022,105,"ПЕРВИННА РЕЄСТРАЦІЯ НОВОГО ТЗ ПРИДБАНОГО В ТОРГОВЕЛЬНІЙ ОРГАНІЗАЦІЇ, ЯКИЙ ВВЕЗЕНО З-ЗА КОР",ПРИЧІП,86
2022,105,"ПЕРВИННА РЕЄСТРАЦІЯ НОВОГО ТЗ ПРИДБАНОГО В ТОРГОВЕЛЬНІЙ ОРГАНІЗАЦІЇ, ЯКИЙ ВВЕЗЕНО З-ЗА КОР",ТРИЦИКЛ,45
2022,110,РЕЄСТРАЦIЯ ТЗ ОТРИМАНОГО ЧЕРЕЗ ВIДДIЛ СОЦ. ЗАХИСТУ,ЛЕГКОВИЙ,10
2022,130,РЕЄСТРАЦIЯ ТЗ У ЗВ`ЯЗКУ З ПРИЇЗДОМ НА ПМЖ ІЗ ЗА КОРДОНУ,АВТОБУС,1
2022,130,РЕЄСТРАЦIЯ ТЗ У ЗВ`ЯЗКУ З ПРИЇЗДОМ НА ПМЖ ІЗ ЗА КОРДОНУ,ВАНТАЖНИЙ,3
2022,130,РЕЄСТРАЦIЯ ТЗ У ЗВ`ЯЗКУ З ПРИЇЗДОМ НА ПМЖ ІЗ ЗА КОРДОНУ,ЛЕГКОВИЙ,34
2022,130,РЕЄСТРАЦIЯ ТЗ У ЗВ`ЯЗКУ З ПРИЇЗДОМ НА ПМЖ ІЗ ЗА КОРДОНУ,ПРИЧІП,1
2022,140,ВТОРИННА РЕЄСТРАЦIЯ ТЗ У ЗВ`ЯЗКУ З НЕПРОДАЖЕМ,АВТОБУС,3
2022,140,ВТОРИННА РЕЄСТРАЦIЯ ТЗ У ЗВ`ЯЗКУ З НЕПРОДАЖЕМ,ВАНТАЖНИЙ,19
2022,140,ВТОРИННА РЕЄСТРАЦIЯ ТЗ У ЗВ`ЯЗКУ З НЕПРОДАЖЕМ,ЛЕГКОВИЙ,105
2022,140,ВТОРИННА РЕЄСТРАЦIЯ ТЗ У ЗВ`ЯЗКУ З НЕПРОДАЖЕМ,МОТОЦИКЛ,4
2022,140,ВТОРИННА РЕЄСТРАЦIЯ ТЗ У ЗВ`ЯЗКУ З НЕПРОДАЖЕМ,НАПІВПРИЧІП,3
2022,140,ВТОРИННА РЕЄСТРАЦIЯ ТЗ У ЗВ`ЯЗКУ З НЕПРОДАЖЕМ,ПРИЧІП,3
2022,141,РЕЄСТРАЦIЯ ТЗ ПIСЛЯ СКАСУВАННЯ РЕЄСТРАЦІЇ,АВТОБУС,2
2022,141,РЕЄСТРАЦIЯ ТЗ ПIСЛЯ СКАСУВАННЯ РЕЄСТРАЦІЇ,ЛЕГКОВИЙ,4
2022,18,"ВНЕСЕННЯ КАРТКИ ВІДОМЧОЇ РЕЄСТРАЦІЇ ТЗ (ТІЛЬКИ ДЛЯ НАДАННЯ ДОЗВОЛУ НА СПЕЦСИГНАЛ, ДОПНВ ТА",АВТОБУС,29
2022,18,"ВНЕСЕННЯ КАРТКИ ВІДОМЧОЇ РЕЄСТРАЦІЇ ТЗ (ТІЛЬКИ ДЛЯ НАДАННЯ ДОЗВОЛУ НА СПЕЦСИГНАЛ, ДОПНВ ТА",ВАНТАЖНИЙ,1748
2022,18,"ВНЕСЕННЯ КАРТКИ ВІДОМЧОЇ РЕЄСТРАЦІЇ ТЗ (ТІЛЬКИ ДЛЯ НАДАННЯ ДОЗВОЛУ НА СПЕЦСИГНАЛ, ДОПНВ ТА",ЛЕГКОВИЙ,427
2022,18,"ВНЕСЕННЯ КАРТКИ ВІДОМЧОЇ РЕЄСТРАЦІЇ ТЗ (ТІЛЬКИ ДЛЯ НАДАННЯ ДОЗВОЛУ НА СПЕЦСИГНАЛ, ДОПНВ ТА",ПРИЧІП,1
2022,210,ВИДАЧА ТИМЧАСОВОГО ТАЛОНУ ЗА ЗАЯВОЮ ВЛАСНИКА ДЛЯ РЕЄСТРАЦІЇ У ТОМУ ЧИСЛІ ПРИ УТОЧНЕННІ РЕЄ,АВТОБУС,2
2022,210,ВИДАЧА ТИМЧАСОВОГО ТАЛОНУ ЗА ЗАЯВОЮ ВЛАСНИКА ДЛЯ РЕЄСТРАЦІЇ У ТОМУ ЧИСЛІ ПРИ УТОЧНЕННІ РЕЄ,ВАНТАЖНИЙ,6
2022,210,ВИДАЧА ТИМЧАСОВОГО ТАЛОНУ ЗА ЗАЯВОЮ ВЛАСНИКА ДЛЯ РЕЄСТРАЦІЇ У ТОМУ ЧИСЛІ ПРИ УТОЧНЕННІ РЕЄ,ЛЕГКОВИЙ,105
2022,210,ВИДАЧА ТИМЧАСОВОГО ТАЛОНУ ЗА ЗАЯВОЮ ВЛАСНИКА ДЛЯ РЕЄСТРАЦІЇ У ТОМУ ЧИСЛІ ПРИ УТОЧНЕННІ РЕЄ,МОПЕД,1
2022,210,ВИДАЧА ТИМЧАСОВОГО ТАЛОНУ ЗА ЗАЯВОЮ ВЛАСНИКА ДЛЯ РЕЄСТРАЦІЇ У ТОМУ ЧИСЛІ ПРИ УТОЧНЕННІ РЕЄ,МОТОЦИКЛ,2
2022,210,ВИДАЧА ТИМЧАСОВОГО ТАЛОНУ ЗА ЗАЯВОЮ ВЛАСНИКА ДЛЯ РЕЄСТРАЦІЇ У ТОМУ ЧИСЛІ ПРИ УТОЧНЕННІ РЕЄ,НАПІВПРИЧІП,4
2022,212,ВИДАЧА ТИМЧАСОВОГО ТАЛОНА ЗА ЗАЯВОЮ ВЛАСНИКА ДЛЯ ПЕРЕРЕЄСТРАЦІЇ У ТОМУ ЧИСЛІ ПРИ УТОЧНЕНІ ,АВТОБУС,1
2022,212,ВИДАЧА ТИМЧАСОВОГО ТАЛОНА ЗА ЗАЯВОЮ ВЛАСНИКА ДЛЯ ПЕРЕРЕЄСТРАЦІЇ У ТОМУ ЧИСЛІ ПРИ УТОЧНЕНІ ,ВАНТАЖНИЙ,5
2022,212,ВИДАЧА ТИМЧАСОВОГО ТАЛОНА ЗА ЗАЯВОЮ ВЛАСНИКА ДЛЯ ПЕРЕРЕЄСТРАЦІЇ У ТОМУ ЧИСЛІ ПРИ УТОЧНЕНІ ,ЛЕГКОВИЙ,81
2022,212,ВИДАЧА ТИМЧАСОВОГО ТАЛОНА ЗА ЗАЯВОЮ ВЛАСНИКА ДЛЯ ПЕРЕРЕЄСТРАЦІЇ У ТОМУ ЧИСЛІ ПРИ УТОЧНЕНІ ,МОТОЦИКЛ,6
2022,213,ВИДАЧА ТТ У ЗВ'ЯЗКУ З ПОСТАНОВКОЮ НА ТИМЧАСОВИЙ ДЕРЖАВНИЙ ОБЛІК НА ПЕРІОД ВОЄННОГО СТАНУ,АВТОБУС,410
2022,213,ВИДАЧА ТТ У ЗВ'ЯЗКУ З ПОСТАНОВКОЮ НА ТИМЧАСОВИЙ ДЕРЖАВНИЙ ОБЛІК НА ПЕРІОД ВОЄННОГО СТАНУ,ВАНТАЖНИЙ,1989
2022,213,ВИДАЧА ТТ У ЗВ'ЯЗКУ З ПОСТАНОВКОЮ НА ТИМЧАСОВИЙ ДЕРЖАВНИЙ ОБЛІК НА ПЕРІОД ВОЄННОГО СТАНУ,ЛЕГКОВИЙ,4977
2022,213,ВИДАЧА ТТ У ЗВ'ЯЗКУ З ПОСТАНОВКОЮ НА ТИМЧАСОВИЙ ДЕРЖАВНИЙ ОБЛІК НА ПЕРІОД ВОЄННОГО СТАНУ,МОТОЦИКЛ,13
2022,213,ВИДАЧА ТТ У ЗВ'ЯЗКУ З ПОСТАНОВКОЮ НА ТИМЧАСОВИЙ ДЕРЖАВНИЙ ОБЛІК НА ПЕРІОД ВОЄННОГО СТАНУ,НАПІВПРИЧІП,26
2022,213,ВИДАЧА ТТ У ЗВ'ЯЗКУ З ПОСТАНОВКОЮ НА ТИМЧАСОВИЙ ДЕРЖАВНИЙ ОБЛІК НА ПЕРІОД ВОЄННОГО СТАНУ,ПРИЧІП,48
2022,218,ПЕРЕРЕЄСТРАЦІЯ НА НОВОГО ВЛАСНИКА ЗА ДОГ. КУПIВЛI-ПРОДАЖУ (СГ) З ПОСТ. НА ТИМЧ. ОБЛІК ТА В,АВТОБУС,35
2022,218,ПЕРЕРЕЄСТРАЦІЯ НА НОВОГО ВЛАСНИКА ЗА ДОГ. КУПIВЛI-ПРОДАЖУ (СГ) З ПОСТ. НА ТИМЧ. ОБЛІК ТА В,ВАНТАЖНИЙ,880
2022,218,ПЕРЕРЕЄСТРАЦІЯ НА НОВОГО ВЛАСНИКА ЗА ДОГ. КУПIВЛI-ПРОДАЖУ (СГ) З ПОСТ. НА ТИМЧ. ОБЛІК ТА В,ЛЕГКОВИЙ,6291
2022,218,ПЕРЕРЕЄСТРАЦІЯ НА НОВОГО ВЛАСНИКА ЗА ДОГ. КУПIВЛI-ПРОДАЖУ (СГ) З ПОСТ. НА ТИМЧ. ОБЛІК ТА В,МОПЕД,6
2022,218,ПЕРЕРЕЄСТРАЦІЯ НА НОВОГО ВЛАСНИКА ЗА ДОГ. КУПIВЛI-ПРОДАЖУ (СГ) З ПОСТ. НА ТИМЧ. ОБЛІК ТА В,МОТОЦИКЛ,120
2022,218,ПЕРЕРЕЄСТРАЦІЯ НА НОВОГО ВЛАСНИКА ЗА ДОГ. КУПIВЛI-ПРОДАЖУ (СГ) З ПОСТ. НА ТИМЧ. ОБЛІК ТА В,НАПІВПРИЧІП,178
2022,218,ПЕРЕРЕЄСТРАЦІЯ НА НОВОГО ВЛАСНИКА ЗА ДОГ. КУПIВЛI-ПРОДАЖУ (СГ) З ПОСТ. НА ТИМЧ. ОБЛІК ТА В,ПРИЧІП,110
2022,220,ВИДАЧА ТИМЧАСОВОГО ТАЛОНА ПРИ ТИМЧАСОВОМУ ВВЕЗЕННЮ ТЗ НА МИТНУ ТЕРИТОРІЮ УКРАЇНИ,ВАНТАЖНИЙ,38
2022,220,ВИДАЧА ТИМЧАСОВОГО ТАЛОНА ПРИ ТИМЧАСОВОМУ ВВЕЗЕННЮ ТЗ НА МИТНУ ТЕРИТОРІЮ УКРАЇНИ,ЛЕГКОВИЙ,43
2022,220,ВИДАЧА ТИМЧАСОВОГО ТАЛОНА ПРИ ТИМЧАСОВОМУ ВВЕЗЕННЮ ТЗ НА МИТНУ ТЕРИТОРІЮ УКРАЇНИ,НАПІВПРИЧІП,19
2022,221,"РЕЄСТРАЦІЮ ТЗ,ВВЕЗЕНОГО ПІД ЗОБОВ'ЯЗАННЯ ПРО ЗВОРОТНЕ ВИВЕЗЕННЯ",ВАНТАЖНИЙ,34
2022,221,"РЕЄСТРАЦІЮ ТЗ,ВВЕЗЕНОГО ПІД ЗОБОВ'ЯЗАННЯ ПРО ЗВОРОТНЕ ВИВЕЗЕННЯ",ЛЕГКОВИЙ,259
2022,221,"РЕЄСТРАЦІЮ ТЗ,ВВЕЗЕНОГО ПІД ЗОБОВ'ЯЗАННЯ ПРО ЗВОРОТНЕ ВИВЕЗЕННЯ",НАПІВПРИЧІП,10
2022,221,"РЕЄСТРАЦІЮ ТЗ,ВВЕЗЕНОГО ПІД ЗОБОВ'ЯЗАННЯ ПРО ЗВОРОТНЕ ВИВЕЗЕННЯ",ПРИЧІП,2
2022,230,ВИДАЧА СВ. ПРО РЕЄСТР ДЛЯ ПОЇЗДКИ ЗА КОРДОН,АВТОБУС,1331
2022,230,ВИДАЧА СВ. ПРО РЕЄСТР ДЛЯ ПОЇЗДКИ ЗА КОРДОН,ВАНТАЖНИЙ,16371
2022,230,ВИДАЧА СВ. ПРО РЕЄСТР ДЛЯ ПОЇЗДКИ ЗА КОРДОН,ЛЕГКОВИЙ,6958
2022,230,ВИДАЧА СВ. ПРО РЕЄСТР ДЛЯ ПОЇЗДКИ ЗА КОРДОН,МОТОЦИКЛ,13
2022,230,ВИДАЧА СВ. ПРО РЕЄСТР ДЛЯ ПОЇЗДКИ ЗА КОРДОН,НАПІВПРИЧІП,9783
2022,230,ВИДАЧА СВ. ПРО РЕЄСТР ДЛЯ ПОЇЗДКИ ЗА КОРДОН,ПРИЧІП,562
2022,250,ВИДАЧА ТИМЧАСОВОГО РЕЄСТР ТАЛОНУ ПО ДОРУЧЕННЮ ЧИ ІНШОГО ДОКУМ.ПРАВОКОРИСТУВАННЯ,АВТОБУС,5632
2022,250,ВИДАЧА ТИМЧАСОВОГО РЕЄСТР ТАЛОНУ ПО ДОРУЧЕННЮ ЧИ ІНШОГО ДОКУМ.ПРАВОКОРИСТУВАННЯ,ВАНТАЖНИЙ,1200
2022,250,ВИДАЧА ТИМЧАСОВОГО РЕЄСТР ТАЛОНУ ПО ДОРУЧЕННЮ ЧИ ІНШОГО ДОКУМ.ПРАВОКОРИСТУВАННЯ,ЛЕГКОВИЙ,732
2022,250,ВИДАЧА ТИМЧАСОВОГО РЕЄСТР ТАЛОНУ ПО ДОРУЧЕННЮ ЧИ ІНШОГО ДОКУМ.ПРАВОКОРИСТУВАННЯ,МОПЕД,14
2022,250,ВИДАЧА ТИМЧАСОВОГО РЕЄСТР ТАЛОНУ ПО ДОРУЧЕННЮ ЧИ ІНШОГО ДОКУМ.ПРАВОКОРИСТУВАННЯ,МОТОЦИКЛ,34
2022,250,ВИДАЧА ТИМЧАСОВОГО РЕЄСТР ТАЛОНУ ПО ДОРУЧЕННЮ ЧИ ІНШОГО ДОКУМ.ПРАВОКОРИСТУВАННЯ,НАПІВПРИЧІП,543
2022,250,ВИДАЧА ТИМЧАСОВОГО РЕЄСТР ТАЛОНУ ПО ДОРУЧЕННЮ ЧИ ІНШОГО ДОКУМ.ПРАВОКОРИСТУВАННЯ,ПРИЧІП,130
2022,252,ВИДАЧА ТИМЧАС. РЕЄСТР. ТАЛОНУ НА ПРАВО КЕРУВАННЯ ЗА ЗАЯВОЮ ВЛАСНИКА,АВТОБУС,1016
2022,252,ВИДАЧА ТИМЧАС. РЕЄСТР. ТАЛОНУ НА ПРАВО КЕРУВАННЯ ЗА ЗАЯВОЮ ВЛАСНИКА,ВАНТАЖНИЙ,288
2022,252,ВИДАЧА ТИМЧАС. РЕЄСТР. ТАЛОНУ НА ПРАВО КЕРУВАННЯ ЗА ЗАЯВОЮ ВЛАСНИКА,ЛЕГКОВИЙ,1073
2022,252,ВИДАЧА ТИМЧАС. РЕЄСТР. ТАЛОНУ НА ПРАВО КЕРУВАННЯ ЗА ЗАЯВОЮ ВЛАСНИКА,МОПЕД,11
2022,252,ВИДАЧА ТИМЧАС. РЕЄСТР. ТАЛОНУ НА ПРАВО КЕРУВАННЯ ЗА ЗАЯВОЮ ВЛАСНИКА,МОТОЦИКЛ,13
2022,252,ВИДАЧА ТИМЧАС. РЕЄСТР. ТАЛОНУ НА ПРАВО КЕРУВАННЯ ЗА ЗАЯВОЮ ВЛАСНИКА,НАПІВПРИЧІП,79
2022,252,ВИДАЧА ТИМЧАС. РЕЄСТР. ТАЛОНУ НА ПРАВО КЕРУВАННЯ ЗА ЗАЯВОЮ ВЛАСНИКА,ПРИЧІП,46
2022,254,НАЛЕЖНИЙ КОРИСТУВАЧ. РЕЄСТРАЦІЯ,АВТОБУС,321
2022,254,НАЛЕЖНИЙ КОРИСТУВАЧ. РЕЄСТРАЦІЯ,ВАНТАЖНИЙ,3442
2022,254,НАЛЕЖНИЙ КОРИСТУВАЧ. РЕЄСТРАЦІЯ,КВАДРОЦИКЛ,3
2022,254,НАЛЕЖНИЙ КОРИСТУВАЧ. РЕЄСТРАЦІЯ,ЛЕГКОВИЙ,97378
2022,254,НАЛЕЖНИЙ КОРИСТУВАЧ. РЕЄСТРАЦІЯ,МОПЕД,45
2022,254,НАЛЕЖНИЙ КОРИСТУВАЧ. РЕЄСТРАЦІЯ,МОТОЦИКЛ,678
2022,254,НАЛЕЖНИЙ КОРИСТУВАЧ. РЕЄСТРАЦІЯ,НАПІВПРИЧІП,59
2022,254,НАЛЕЖНИЙ КОРИСТУВАЧ. РЕЄСТРАЦІЯ,ПРИЧІП,460
2022,254,НАЛЕЖНИЙ КОРИСТУВАЧ. РЕЄСТРАЦІЯ,ТРИЦИКЛ,2
2022,255,АНУЛЮВАННЯ ВИДАЧI ТИМЧАС. РЕЄСТРАЦIЙНОГО ТАЛОНУ ПО ДОРУЧ,АВТОБУС,304
2022,255,АНУЛЮВАННЯ ВИДАЧI ТИМЧАС. РЕЄСТРАЦIЙНОГО ТАЛОНУ ПО ДОРУЧ,ВАНТАЖНИЙ,55
2022,255,АНУЛЮВАННЯ ВИДАЧI ТИМЧАС. РЕЄСТРАЦIЙНОГО ТАЛОНУ ПО ДОРУЧ,ЛЕГКОВИЙ,48
2022,255,АНУЛЮВАННЯ ВИДАЧI ТИМЧАС. РЕЄСТРАЦIЙНОГО ТАЛОНУ ПО ДОРУЧ,МОПЕД,1
2022,255,АНУЛЮВАННЯ ВИДАЧI ТИМЧАС. РЕЄСТРАЦIЙНОГО ТАЛОНУ ПО ДОРУЧ,МОТОЦИКЛ,1
2022,255,АНУЛЮВАННЯ ВИДАЧI ТИМЧАС. РЕЄСТРАЦIЙНОГО ТАЛОНУ ПО ДОРУЧ,НАПІВПРИЧІП,26
2022,255,АНУЛЮВАННЯ ВИДАЧI ТИМЧАС. РЕЄСТРАЦIЙНОГО ТАЛОНУ ПО ДОРУЧ,ПРИЧІП,3
2022,256,АНУЛЮВАННЯ ВИДАЧI ТИМЧАС. РЕЕСТР. ТАЛОНУ ПО ЗАЯВI ВЛ,АВТОБУС,154
2022,256,АНУЛЮВАННЯ ВИДАЧI ТИМЧАС. РЕЕСТР. ТАЛОНУ ПО ЗАЯВI ВЛ,ВАНТАЖНИЙ,51
2022,256,АНУЛЮВАННЯ ВИДАЧI ТИМЧАС. РЕЕСТР. ТАЛОНУ ПО ЗАЯВI ВЛ,ЛЕГКОВИЙ,270
2022,256,АНУЛЮВАННЯ ВИДАЧI ТИМЧАС. РЕЕСТР. ТАЛОНУ ПО ЗАЯВI ВЛ,МОПЕД,2
2022,256,АНУЛЮВАННЯ ВИДАЧI ТИМЧАС. РЕЕСТР. ТАЛОНУ ПО ЗАЯВI ВЛ,МОТОЦИКЛ,3
2022,256,АНУЛЮВАННЯ ВИДАЧI ТИМЧАС. РЕЕСТР. ТАЛОНУ ПО ЗАЯВI ВЛ,НАПІВПРИЧІП,14
2022,256,АНУЛЮВАННЯ ВИДАЧI ТИМЧАС. РЕЕСТР. ТАЛОНУ ПО ЗАЯВI ВЛ,ПРИЧІП,2
2022,257,НАЛЕЖНИЙ КОРИСТУВАЧ.РЕЄСТРАЦІЯ (ТІЛЬКИ ДЛЯ КЕРІВНИКІВ ЮО),АВТОБУС,40
2022,257,НАЛЕЖНИЙ КОРИСТУВАЧ.РЕЄСТРАЦІЯ (ТІЛЬКИ ДЛЯ КЕРІВНИКІВ ЮО),ВАНТАЖНИЙ,30
2022,257,НАЛЕЖНИЙ КОРИСТУВАЧ.РЕЄСТРАЦІЯ (ТІЛЬКИ ДЛЯ КЕРІВНИКІВ ЮО),ЛЕГКОВИЙ,24
2022,260,ВИДАЧА ТИМЧ. РЕЄСТР. ТАЛОНУ ПРИ ВИЯВЛЕННI ТЗ ВИКР ЗА КОРД,ЛЕГКОВИЙ,3
2022,284,НАЛЕЖНИЙ КОРИСТУВАЧ. ВИКЛЮЧЕННЯ ВІДОМОСТЕЙ,АВТОБУС,244
2022,284,НАЛЕЖНИЙ КОРИСТУВАЧ. ВИКЛЮЧЕННЯ ВІДОМОСТЕЙ,ВАНТАЖНИЙ,110
2022,284,НАЛЕЖНИЙ КОРИСТУВАЧ. ВИКЛЮЧЕННЯ ВІДОМОСТЕЙ,ЛЕГКОВИЙ,1588
2022,284,НАЛЕЖНИЙ КОРИСТУВАЧ. ВИКЛЮЧЕННЯ ВІДОМОСТЕЙ,МОПЕД,1
2022,284,НАЛЕЖНИЙ КОРИСТУВАЧ. ВИКЛЮЧЕННЯ ВІДОМОСТЕЙ,МОТОЦИКЛ,6
2022,284,НАЛЕЖНИЙ КОРИСТУВАЧ. ВИКЛЮЧЕННЯ ВІДОМОСТЕЙ,НАПІВПРИЧІП,1
2022,284,НАЛЕЖНИЙ КОРИСТУВАЧ. ВИКЛЮЧЕННЯ ВІДОМОСТЕЙ,ПРИЧІП,6
2022,30,ПЕРВИННА РЕЄСТРАЦІЯ ТЗ ДЛЯ ІНДИВ. ВЛАСНИКА,ПРИЧІП,1
2022,300,ПЕРЕРЕЄСТРАЦIЯ НА НОВОГО ВЛАСНИКА ЗА СВIД. НА СПIЛЬНЕ МАЙНО,АВТОБУС,1
2022,300,ПЕРЕРЕЄСТРАЦIЯ НА НОВОГО ВЛАСНИКА ЗА СВIД. НА СПIЛЬНЕ МАЙНО,ВАНТАЖНИЙ,7
2022,300,ПЕРЕРЕЄСТРАЦIЯ НА НОВОГО ВЛАСНИКА ЗА СВIД. НА СПIЛЬНЕ МАЙНО,ЛЕГКОВИЙ,38
2022,300,ПЕРЕРЕЄСТРАЦIЯ НА НОВОГО ВЛАСНИКА ЗА СВIД. НА СПIЛЬНЕ МАЙНО,МОТОЦИКЛ,1
2022,300,ПЕРЕРЕЄСТРАЦIЯ НА НОВОГО ВЛАСНИКА ЗА СВIД. НА СПIЛЬНЕ МАЙНО,НАПІВПРИЧІП,1
2022,301,ПЕРЕРЕЄСТРАЦІЯ ЗА ДОГОВОРОМ ПОДІЛУ МАЙНА,ВАНТАЖНИЙ,4
2022,301,ПЕРЕРЕЄСТРАЦІЯ ЗА ДОГОВОРОМ ПОДІЛУ МАЙНА,ЛЕГКОВИЙ,118
2022,301,ПЕРЕРЕЄСТРАЦІЯ ЗА ДОГОВОРОМ ПОДІЛУ МАЙНА,НАПІВПРИЧІП,1
2022,308,ПЕРЕРЕЄСТРАЦІЯ НА НОВОГО ВЛАСНИКА ЗА ДОГ. КУПIВЛI-ПРОДАЖУ (СГ),АВТОБУС,3424
2022,308,ПЕРЕРЕЄСТРАЦІЯ НА НОВОГО ВЛАСНИКА ЗА ДОГ. КУПIВЛI-ПРОДАЖУ (СГ),ВАНТАЖНИЙ,48438
2022,308,ПЕРЕРЕЄСТРАЦІЯ НА НОВОГО ВЛАСНИКА ЗА ДОГ. КУПIВЛI-ПРОДАЖУ (СГ),КВАДРОЦИКЛ,13
2022,308,ПЕРЕРЕЄСТРАЦІЯ НА НОВОГО ВЛАСНИКА ЗА ДОГ. КУПIВЛI-ПРОДАЖУ (СГ),ЛЕГКОВИЙ,195145
2022,308,ПЕРЕРЕЄСТРАЦІЯ НА НОВОГО ВЛАСНИКА ЗА ДОГ. КУПIВЛI-ПРОДАЖУ (СГ),МОПЕД,116
2022,308,ПЕРЕРЕЄСТРАЦІЯ НА НОВОГО ВЛАСНИКА ЗА ДОГ. КУПIВЛI-ПРОДАЖУ (СГ),МОТОЦИКЛ,2070
2022,308,ПЕРЕРЕЄСТРАЦІЯ НА НОВОГО ВЛАСНИКА ЗА ДОГ. КУПIВЛI-ПРОДАЖУ (СГ),НАПІВПРИЧІП,12196
2022,308,ПЕРЕРЕЄСТРАЦІЯ НА НОВОГО ВЛАСНИКА ЗА ДОГ. КУПIВЛI-ПРОДАЖУ (СГ),ПРИЧІП,4307
2022,308,ПЕРЕРЕЄСТРАЦІЯ НА НОВОГО ВЛАСНИКА ЗА ДОГ. КУПIВЛI-ПРОДАЖУ (СГ),ТРИЦИКЛ,11
2022,310,ПЕРЕРЕЄСТРАЦІЯ НА НОВОГО ВЛАСНИКА ЗА ДОГ. КУП.-ПРОД.ТА ІНШ.(ОФОРМ.НОТАРІАЛЬНО ),АВТОБУС,25
2022,310,ПЕРЕРЕЄСТРАЦІЯ НА НОВОГО ВЛАСНИКА ЗА ДОГ. КУП.-ПРОД.ТА ІНШ.(ОФОРМ.НОТАРІАЛЬНО ),ВАНТАЖНИЙ,141
2022,310,ПЕРЕРЕЄСТРАЦІЯ НА НОВОГО ВЛАСНИКА ЗА ДОГ. КУП.-ПРОД.ТА ІНШ.(ОФОРМ.НОТАРІАЛЬНО ),КВАДРОЦИКЛ,1
2022,310,ПЕРЕРЕЄСТРАЦІЯ НА НОВОГО ВЛАСНИКА ЗА ДОГ. КУП.-ПРОД.ТА ІНШ.(ОФОРМ.НОТАРІАЛЬНО ),ЛЕГКОВИЙ,1119
2022,310,ПЕРЕРЕЄСТРАЦІЯ НА НОВОГО ВЛАСНИКА ЗА ДОГ. КУП.-ПРОД.ТА ІНШ.(ОФОРМ.НОТАРІАЛЬНО ),МОТОЦИКЛ,8
2022,310,ПЕРЕРЕЄСТРАЦІЯ НА НОВОГО ВЛАСНИКА ЗА ДОГ. КУП.-ПРОД.ТА ІНШ.(ОФОРМ.НОТАРІАЛЬНО ),НАПІВПРИЧІП,15
2022,310,ПЕРЕРЕЄСТРАЦІЯ НА НОВОГО ВЛАСНИКА ЗА ДОГ. КУП.-ПРОД.ТА ІНШ.(ОФОРМ.НОТАРІАЛЬНО ),ПРИЧІП,12
2022,311,ПЕРЕРЕЄСТРАЦІЯ НА НОВОГО ВЛАСНИКА ЗА ДОГОВОРОМ МІНИ,ЛЕГКОВИЙ,11
2022,312,"ПЕРЕРЕЄСТРАЦІЯ ТЗ НА НОВОГО ВЛАСНИКА, ОТРИМАНОГО ЧЕРЕЗ ВІДДІЛ СОЦЗАХИСТУ",ЛЕГКОВИЙ,18
2022,313,"ПЕРЕРЕЄСТРАЦІЯ НА НОВОГО ВЛАСНИКА ЗА ДОГ. КУПІВЛІ-ПРОДАЖУ, УКЛАДЕНОГО У СГ НА ТЗ ЗАРЕЄСТРО",АВТОБУС,5
2022,313,"ПЕРЕРЕЄСТРАЦІЯ НА НОВОГО ВЛАСНИКА ЗА ДОГ. КУПІВЛІ-ПРОДАЖУ, УКЛАДЕНОГО У СГ НА ТЗ ЗАРЕЄСТРО",ВАНТАЖНИЙ,151
2022,313,"ПЕРЕРЕЄСТРАЦІЯ НА НОВОГО ВЛАСНИКА ЗА ДОГ. КУПІВЛІ-ПРОДАЖУ, УКЛАДЕНОГО У СГ НА ТЗ ЗАРЕЄСТРО",ЛЕГКОВИЙ,2162
2022,313,"ПЕРЕРЕЄСТРАЦІЯ НА НОВОГО ВЛАСНИКА ЗА ДОГ. КУПІВЛІ-ПРОДАЖУ, УКЛАДЕНОГО У СГ НА ТЗ ЗАРЕЄСТРО",МОТОЦИКЛ,19
2022,313,"ПЕРЕРЕЄСТРАЦІЯ НА НОВОГО ВЛАСНИКА ЗА ДОГ. КУПІВЛІ-ПРОДАЖУ, УКЛАДЕНОГО У СГ НА ТЗ ЗАРЕЄСТРО",НАПІВПРИЧІП,56
2022,313,"ПЕРЕРЕЄСТРАЦІЯ НА НОВОГО ВЛАСНИКА ЗА ДОГ. КУПІВЛІ-ПРОДАЖУ, УКЛАДЕНОГО У СГ НА ТЗ ЗАРЕЄСТРО",ПРИЧІП,1
2022,315,ПЕРЕРЕЄСТРАЦІЯ ТЗ НА НОВ. ВЛАСН. ПО ДОГОВОРУ УКЛАДЕНОМУ В ТСЦ,АВТОБУС,838
2022,315,ПЕРЕРЕЄСТРАЦІЯ ТЗ НА НОВ. ВЛАСН. ПО ДОГОВОРУ УКЛАДЕНОМУ В ТСЦ,ВАНТАЖНИЙ,11447
2022,315,ПЕРЕРЕЄСТРАЦІЯ ТЗ НА НОВ. ВЛАСН. ПО ДОГОВОРУ УКЛАДЕНОМУ В ТСЦ,КВАДРОЦИКЛ,26
2022,315,ПЕРЕРЕЄСТРАЦІЯ ТЗ НА НОВ. ВЛАСН. ПО ДОГОВОРУ УКЛАДЕНОМУ В ТСЦ,ЛЕГКОВИЙ,513253
2022,315,ПЕРЕРЕЄСТРАЦІЯ ТЗ НА НОВ. ВЛАСН. ПО ДОГОВОРУ УКЛАДЕНОМУ В ТСЦ,МОПЕД,611
2022,315,ПЕРЕРЕЄСТРАЦІЯ ТЗ НА НОВ. ВЛАСН. ПО ДОГОВОРУ УКЛАДЕНОМУ В ТСЦ,МОТОЦИКЛ,10245
2022,315,ПЕРЕРЕЄСТРАЦІЯ ТЗ НА НОВ. ВЛАСН. ПО ДОГОВОРУ УКЛАДЕНОМУ В ТСЦ,НАПІВПРИЧІП,3819
2022,315,ПЕРЕРЕЄСТРАЦІЯ ТЗ НА НОВ. ВЛАСН. ПО ДОГОВОРУ УКЛАДЕНОМУ В ТСЦ,ПРИЧІП,1186
2022,315,ПЕРЕРЕЄСТРАЦІЯ ТЗ НА НОВ. ВЛАСН. ПО ДОГОВОРУ УКЛАДЕНОМУ В ТСЦ,ТРИЦИКЛ,34
2022,317,ПЕРЕРЕЄСТРАЦІЯ ТЗ НА НОВ. ВЛАСН. ПО ДОГОВОРУ ДАРУВАННЯ УКЛАДЕНОМУ В ТСЦ,АВТОБУС,5
2022,317,ПЕРЕРЕЄСТРАЦІЯ ТЗ НА НОВ. ВЛАСН. ПО ДОГОВОРУ ДАРУВАННЯ УКЛАДЕНОМУ В ТСЦ,ВАНТАЖНИЙ,72
2022,317,ПЕРЕРЕЄСТРАЦІЯ ТЗ НА НОВ. ВЛАСН. ПО ДОГОВОРУ ДАРУВАННЯ УКЛАДЕНОМУ В ТСЦ,ЛЕГКОВИЙ,982
2022,317,ПЕРЕРЕЄСТРАЦІЯ ТЗ НА НОВ. ВЛАСН. ПО ДОГОВОРУ ДАРУВАННЯ УКЛАДЕНОМУ В ТСЦ,МОТОЦИКЛ,9
2022,317,ПЕРЕРЕЄСТРАЦІЯ ТЗ НА НОВ. ВЛАСН. ПО ДОГОВОРУ ДАРУВАННЯ УКЛАДЕНОМУ В ТСЦ,НАПІВПРИЧІП,13
2022,317,ПЕРЕРЕЄСТРАЦІЯ ТЗ НА НОВ. ВЛАСН. ПО ДОГОВОРУ ДАРУВАННЯ УКЛАДЕНОМУ В ТСЦ,ПРИЧІП,14
2022,319,ПЕРЕРЕЄСТРАЦІЯ ТЗ НА НОВОГО ВЛАСНИКА ЗА АКТОМ ПРИЙОМУ-ПЕРЕДАЧІ,АВТОБУС,476
2022,319,ПЕРЕРЕЄСТРАЦІЯ ТЗ НА НОВОГО ВЛАСНИКА ЗА АКТОМ ПРИЙОМУ-ПЕРЕДАЧІ,ВАНТАЖНИЙ,999
2022,319,ПЕРЕРЕЄСТРАЦІЯ ТЗ НА НОВОГО ВЛАСНИКА ЗА АКТОМ ПРИЙОМУ-ПЕРЕДАЧІ,ЛЕГКОВИЙ,2801
2022,319,ПЕРЕРЕЄСТРАЦІЯ ТЗ НА НОВОГО ВЛАСНИКА ЗА АКТОМ ПРИЙОМУ-ПЕРЕДАЧІ,МОПЕД,1
2022,319,ПЕРЕРЕЄСТРАЦІЯ ТЗ НА НОВОГО ВЛАСНИКА ЗА АКТОМ ПРИЙОМУ-ПЕРЕДАЧІ,МОТОЦИКЛ,129
2022,319,ПЕРЕРЕЄСТРАЦІЯ ТЗ НА НОВОГО ВЛАСНИКА ЗА АКТОМ ПРИЙОМУ-ПЕРЕДАЧІ,НАПІВПРИЧІП,50
2022,319,ПЕРЕРЕЄСТРАЦІЯ ТЗ НА НОВОГО ВЛАСНИКА ЗА АКТОМ ПРИЙОМУ-ПЕРЕДАЧІ,ПРИЧІП,174
2022,319,ПЕРЕРЕЄСТРАЦІЯ ТЗ НА НОВОГО ВЛАСНИКА ЗА АКТОМ ПРИЙОМУ-ПЕРЕДАЧІ,ТРИЦИКЛ,1
2022,320,ПЕРЕРЕЄСТРАЦIЯ НА НОВ. ВЛАС. ЗА ДОГ. ДАРУВАННЯ (ОФОРМЛЕНО НОТАРІАЛЬНО),АВТОБУС,11
2022,320,ПЕРЕРЕЄСТРАЦIЯ НА НОВ. ВЛАС. ЗА ДОГ. ДАРУВАННЯ (ОФОРМЛЕНО НОТАРІАЛЬНО),ВАНТАЖНИЙ,85
2022,320,ПЕРЕРЕЄСТРАЦIЯ НА НОВ. ВЛАС. ЗА ДОГ. ДАРУВАННЯ (ОФОРМЛЕНО НОТАРІАЛЬНО),ЛЕГКОВИЙ,769
2022,320,ПЕРЕРЕЄСТРАЦIЯ НА НОВ. ВЛАС. ЗА ДОГ. ДАРУВАННЯ (ОФОРМЛЕНО НОТАРІАЛЬНО),МОТОЦИКЛ,6
2022,320,ПЕРЕРЕЄСТРАЦIЯ НА НОВ. ВЛАС. ЗА ДОГ. ДАРУВАННЯ (ОФОРМЛЕНО НОТАРІАЛЬНО),НАПІВПРИЧІП,8
2022,320,ПЕРЕРЕЄСТРАЦIЯ НА НОВ. ВЛАС. ЗА ДОГ. ДАРУВАННЯ (ОФОРМЛЕНО НОТАРІАЛЬНО),ПРИЧІП,3
2022,321,ПЕРЕРЕЄСТРАЦIЯ ТЗ НА НОВ. ВЛАС. ПО УСПАДКУВАННЮ ЗА ЗАПОВIТОМ,НАПІВПРИЧІП,1
2022,321,ПЕРЕРЕЄСТРАЦIЯ ТЗ НА НОВ. ВЛАС. ПО УСПАДКУВАННЮ ЗА ЗАПОВIТОМ ЧИ УСПАДКОВАНОМУ ДОГОВОРУ,АВТОБУС,5
2022,321,ПЕРЕРЕЄСТРАЦIЯ ТЗ НА НОВ. ВЛАС. ПО УСПАДКУВАННЮ ЗА ЗАПОВIТОМ ЧИ УСПАДКОВАНОМУ ДОГОВОРУ,ВАНТАЖНИЙ,68
2022,321,ПЕРЕРЕЄСТРАЦIЯ ТЗ НА НОВ. ВЛАС. ПО УСПАДКУВАННЮ ЗА ЗАПОВIТОМ ЧИ УСПАДКОВАНОМУ ДОГОВОРУ,ЛЕГКОВИЙ,1080
2022,321,ПЕРЕРЕЄСТРАЦIЯ ТЗ НА НОВ. ВЛАС. ПО УСПАДКУВАННЮ ЗА ЗАПОВIТОМ ЧИ УСПАДКОВАНОМУ ДОГОВОРУ,МОПЕД,3
2022,321,ПЕРЕРЕЄСТРАЦIЯ ТЗ НА НОВ. ВЛАС. ПО УСПАДКУВАННЮ ЗА ЗАПОВIТОМ ЧИ УСПАДКОВАНОМУ ДОГОВОРУ,МОТОЦИКЛ,25
2022,321,ПЕРЕРЕЄСТРАЦIЯ ТЗ НА НОВ. ВЛАС. ПО УСПАДКУВАННЮ ЗА ЗАПОВIТОМ ЧИ УСПАДКОВАНОМУ ДОГОВОРУ,НАПІВПРИЧІП,5
2022,321,ПЕРЕРЕЄСТРАЦIЯ ТЗ НА НОВ. ВЛАС. ПО УСПАДКУВАННЮ ЗА ЗАПОВIТОМ ЧИ УСПАДКОВАНОМУ ДОГОВОРУ,ПРИЧІП,57
2022,321,ПЕРЕРЕЄСТРАЦIЯ ТЗ НА НОВ. ВЛАС. ПО УСПАДКУВАННЮ ЗА ЗАПОВIТОМ ЧИ УСПАДКОВАНОМУ ДОГОВОРУ,ТРИЦИКЛ,1
2022,322,ПЕРЕРЕЄСТРАЦIЯ ТЗ НА НОВ. ВЛАС. ПО УСПАДКУВАННЮ ЗА ЗАКОНОМ ЧИ ЗНЯТТЯМ З ОБЛІКУ В ОРГАНАХ С,АВТОБУС,80
2022,322,ПЕРЕРЕЄСТРАЦIЯ ТЗ НА НОВ. ВЛАС. ПО УСПАДКУВАННЮ ЗА ЗАКОНОМ ЧИ ЗНЯТТЯМ З ОБЛІКУ В ОРГАНАХ С,ВАНТАЖНИЙ,917
2022,322,ПЕРЕРЕЄСТРАЦIЯ ТЗ НА НОВ. ВЛАС. ПО УСПАДКУВАННЮ ЗА ЗАКОНОМ ЧИ ЗНЯТТЯМ З ОБЛІКУ В ОРГАНАХ С,КВАДРОЦИКЛ,2
2022,322,ПЕРЕРЕЄСТРАЦIЯ ТЗ НА НОВ. ВЛАС. ПО УСПАДКУВАННЮ ЗА ЗАКОНОМ ЧИ ЗНЯТТЯМ З ОБЛІКУ В ОРГАНАХ С,ЛЕГКОВИЙ,11563
2022,322,ПЕРЕРЕЄСТРАЦIЯ ТЗ НА НОВ. ВЛАС. ПО УСПАДКУВАННЮ ЗА ЗАКОНОМ ЧИ ЗНЯТТЯМ З ОБЛІКУ В ОРГАНАХ С,МОПЕД,29
2022,322,ПЕРЕРЕЄСТРАЦIЯ ТЗ НА НОВ. ВЛАС. ПО УСПАДКУВАННЮ ЗА ЗАКОНОМ ЧИ ЗНЯТТЯМ З ОБЛІКУ В ОРГАНАХ С,МОТОЦИКЛ,131
2022,322,ПЕРЕРЕЄСТРАЦIЯ ТЗ НА НОВ. ВЛАС. ПО УСПАДКУВАННЮ ЗА ЗАКОНОМ ЧИ ЗНЯТТЯМ З ОБЛІКУ В ОРГАНАХ С,НАПІВПРИЧІП,132
2022,322,ПЕРЕРЕЄСТРАЦIЯ ТЗ НА НОВ. ВЛАС. ПО УСПАДКУВАННЮ ЗА ЗАКОНОМ ЧИ ЗНЯТТЯМ З ОБЛІКУ В ОРГАНАХ С,ПРИЧІП,577
2022,322,ПЕРЕРЕЄСТРАЦIЯ ТЗ НА НОВ. ВЛАС. ПО УСПАДКУВАННЮ ЗА ЗАКОНОМ ЧИ ЗНЯТТЯМ З ОБЛІКУ В ОРГАНАХ С,ТРИЦИКЛ,1
2022,324,"ПЕРЕРЕЄСТРАЦІЯ ТЗ НА НОВОГО ВЛАСНИКА (СТРАХОВИКА), ПІСЛЯ ВИПЛАТИ СТРАХУВАЛЬНИКАМ ПОВНОЇ СТ",ЛЕГКОВИЙ,1
2022,329,ПЕРЕРЕЄСТРАЦІЯ ТЗ ЗА ДОГОВОРОМ ФІНАНСОВОГО ЛІЗИНГУ ТА ДКП ПРЕДМЕТА ЛІЗИНГУ,АВТОБУС,158
2022,329,ПЕРЕРЕЄСТРАЦІЯ ТЗ ЗА ДОГОВОРОМ ФІНАНСОВОГО ЛІЗИНГУ ТА ДКП ПРЕДМЕТА ЛІЗИНГУ,ВАНТАЖНИЙ,1423
2022,329,ПЕРЕРЕЄСТРАЦІЯ ТЗ ЗА ДОГОВОРОМ ФІНАНСОВОГО ЛІЗИНГУ ТА ДКП ПРЕДМЕТА ЛІЗИНГУ,ЛЕГКОВИЙ,6552
2022,329,ПЕРЕРЕЄСТРАЦІЯ ТЗ ЗА ДОГОВОРОМ ФІНАНСОВОГО ЛІЗИНГУ ТА ДКП ПРЕДМЕТА ЛІЗИНГУ,МОТОЦИКЛ,1
2022,329,ПЕРЕРЕЄСТРАЦІЯ ТЗ ЗА ДОГОВОРОМ ФІНАНСОВОГО ЛІЗИНГУ ТА ДКП ПРЕДМЕТА ЛІЗИНГУ,НАПІВПРИЧІП,282
2022,329,ПЕРЕРЕЄСТРАЦІЯ ТЗ ЗА ДОГОВОРОМ ФІНАНСОВОГО ЛІЗИНГУ ТА ДКП ПРЕДМЕТА ЛІЗИНГУ,ПРИЧІП,15
2022,330,ПЕРЕРЕЄСТРАЦIЯ НА НОВОГО ВЛАСНИКА ЗА РIШЕННЯМ СУДУ,ВАНТАЖНИЙ,37
2022,330,ПЕРЕРЕЄСТРАЦIЯ НА НОВОГО ВЛАСНИКА ЗА РIШЕННЯМ СУДУ,ЛЕГКОВИЙ,258
2022,330,ПЕРЕРЕЄСТРАЦIЯ НА НОВОГО ВЛАСНИКА ЗА РIШЕННЯМ СУДУ,МОТОЦИКЛ,3
2022,330,ПЕРЕРЕЄСТРАЦIЯ НА НОВОГО ВЛАСНИКА ЗА РIШЕННЯМ СУДУ,ПРИЧІП,7
2022,331,"ПЕРЕРЕЄСТРАЦІЯ НА НОВОГО ВЛАСНИКА ТЗ, ПРИДБАНОГО НА АУКЦІОНІ, ЕЛЕКТРОННИХ ТОРГАХ, ТОВАРНІЙ",АВТОБУС,8
2022,331,"ПЕРЕРЕЄСТРАЦІЯ НА НОВОГО ВЛАСНИКА ТЗ, ПРИДБАНОГО НА АУКЦІОНІ, ЕЛЕКТРОННИХ ТОРГАХ, ТОВАРНІЙ",ВАНТАЖНИЙ,187
2022,331,"ПЕРЕРЕЄСТРАЦІЯ НА НОВОГО ВЛАСНИКА ТЗ, ПРИДБАНОГО НА АУКЦІОНІ, ЕЛЕКТРОННИХ ТОРГАХ, ТОВАРНІЙ",ЛЕГКОВИЙ,531
2022,331,"ПЕРЕРЕЄСТРАЦІЯ НА НОВОГО ВЛАСНИКА ТЗ, ПРИДБАНОГО НА АУКЦІОНІ, ЕЛЕКТРОННИХ ТОРГАХ, ТОВАРНІЙ",НАПІВПРИЧІП,27
2022,331,"ПЕРЕРЕЄСТРАЦІЯ НА НОВОГО ВЛАСНИКА ТЗ, ПРИДБАНОГО НА АУКЦІОНІ, ЕЛЕКТРОННИХ ТОРГАХ, ТОВАРНІЙ",ПРИЧІП,25
2022,332,ПЕРЕРЕЄСТРАЦІЯ ТЗ НА НОВОГО ВЛАСНИКА ЗА ПОСТАНОВОЮ ПРО ПЕРЕДАЧУ МАЙНА,АВТОБУС,2
2022,332,ПЕРЕРЕЄСТРАЦІЯ ТЗ НА НОВОГО ВЛАСНИКА ЗА ПОСТАНОВОЮ ПРО ПЕРЕДАЧУ МАЙНА,ВАНТАЖНИЙ,111
2022,332,ПЕРЕРЕЄСТРАЦІЯ ТЗ НА НОВОГО ВЛАСНИКА ЗА ПОСТАНОВОЮ ПРО ПЕРЕДАЧУ МАЙНА,ЛЕГКОВИЙ,21
2022,340,ПЕРЕРЕЄСТРАЦIЯ У ЗВ`ЯЗКУ ЗI ЗМIНОЮ АНКЕТНИХ ДАНИХ ВЛАСНИКА(БЕЗ ЗМІНИ РЕГІОНУ РЕЄСТРАЦІЇ),АВТОБУС,118
2022,340,ПЕРЕРЕЄСТРАЦIЯ У ЗВ`ЯЗКУ ЗI ЗМIНОЮ АНКЕТНИХ ДАНИХ ВЛАСНИКА(БЕЗ ЗМІНИ РЕГІОНУ РЕЄСТРАЦІЇ),ВАНТАЖНИЙ,1318
2022,340,ПЕРЕРЕЄСТРАЦIЯ У ЗВ`ЯЗКУ ЗI ЗМIНОЮ АНКЕТНИХ ДАНИХ ВЛАСНИКА(БЕЗ ЗМІНИ РЕГІОНУ РЕЄСТРАЦІЇ),ЛЕГКОВИЙ,14912
2022,340,ПЕРЕРЕЄСТРАЦIЯ У ЗВ`ЯЗКУ ЗI ЗМIНОЮ АНКЕТНИХ ДАНИХ ВЛАСНИКА(БЕЗ ЗМІНИ РЕГІОНУ РЕЄСТРАЦІЇ),МОПЕД,26
2022,340,ПЕРЕРЕЄСТРАЦIЯ У ЗВ`ЯЗКУ ЗI ЗМIНОЮ АНКЕТНИХ ДАНИХ ВЛАСНИКА(БЕЗ ЗМІНИ РЕГІОНУ РЕЄСТРАЦІЇ),МОТОЦИКЛ,227
2022,340,ПЕРЕРЕЄСТРАЦIЯ У ЗВ`ЯЗКУ ЗI ЗМIНОЮ АНКЕТНИХ ДАНИХ ВЛАСНИКА(БЕЗ ЗМІНИ РЕГІОНУ РЕЄСТРАЦІЇ),НАПІВПРИЧІП,462
2022,340,ПЕРЕРЕЄСТРАЦIЯ У ЗВ`ЯЗКУ ЗI ЗМIНОЮ АНКЕТНИХ ДАНИХ ВЛАСНИКА(БЕЗ ЗМІНИ РЕГІОНУ РЕЄСТРАЦІЇ),ПРИЧІП,174
2022,340,ПЕРЕРЕЄСТРАЦIЯ У ЗВ`ЯЗКУ ЗI ЗМIНОЮ АНКЕТНИХ ДАНИХ ВЛАСНИКА(БЕЗ ЗМІНИ РЕГІОНУ РЕЄСТРАЦІЇ),ТРИЦИКЛ,1
2022,341,ПЕРЕРЕЄСТРАЦІЯ РАНІШЕ ВИКРАДЕНОГО ТЗ,АВТОБУС,1
2022,341,ПЕРЕРЕЄСТРАЦІЯ РАНІШЕ ВИКРАДЕНОГО ТЗ,ЛЕГКОВИЙ,2
2022,343,ПЕРЕРЕЄСТРАЦІЯ У ЗВ'ЯЗКУ ІЗ ЗМІНОЮ ДАНИХ ВЛАСНИКА АБО ТЗ (ТЗ  ОТРИМАНО ЧЕРЕЗ ВІДДІЛ СОЦЗАХ,ЛЕГКОВИЙ,7
2022,350,ПЕРЕРЕЄСТРАЦIЯ У ЗВ`ЯЗКУ ЗI ЗМIНОЮ НАЗВИ ОРГАНIЗАЦIЇ,АВТОБУС,125
2022,350,ПЕРЕРЕЄСТРАЦIЯ У ЗВ`ЯЗКУ ЗI ЗМIНОЮ НАЗВИ ОРГАНIЗАЦIЇ,ВАНТАЖНИЙ,726
2022,350,ПЕРЕРЕЄСТРАЦIЯ У ЗВ`ЯЗКУ ЗI ЗМIНОЮ НАЗВИ ОРГАНIЗАЦIЇ,ЛЕГКОВИЙ,1001
2022,350,ПЕРЕРЕЄСТРАЦIЯ У ЗВ`ЯЗКУ ЗI ЗМIНОЮ НАЗВИ ОРГАНIЗАЦIЇ,МОТОЦИКЛ,6
2022,350,ПЕРЕРЕЄСТРАЦIЯ У ЗВ`ЯЗКУ ЗI ЗМIНОЮ НАЗВИ ОРГАНIЗАЦIЇ,НАПІВПРИЧІП,130
2022,350,ПЕРЕРЕЄСТРАЦIЯ У ЗВ`ЯЗКУ ЗI ЗМIНОЮ НАЗВИ ОРГАНIЗАЦIЇ,ПРИЧІП,78
2022,360,ПЕРЕРЕЄСТРАЦІЯ ТЗ У ЗВ`ЯЗКУ ЗІ ЗМІНОЮ АНКЕТНИХ ДАНИХ ВЛАСНИКА (З ЗМІНОЮ РЕГІОНУ РЕЄСТРАЦІЇ,АВТОБУС,6
2022,360,ПЕРЕРЕЄСТРАЦІЯ ТЗ У ЗВ`ЯЗКУ ЗІ ЗМІНОЮ АНКЕТНИХ ДАНИХ ВЛАСНИКА (З ЗМІНОЮ РЕГІОНУ РЕЄСТРАЦІЇ,ВАНТАЖНИЙ,159
2022,360,ПЕРЕРЕЄСТРАЦІЯ ТЗ У ЗВ`ЯЗКУ ЗІ ЗМІНОЮ АНКЕТНИХ ДАНИХ ВЛАСНИКА (З ЗМІНОЮ РЕГІОНУ РЕЄСТРАЦІЇ,ЛЕГКОВИЙ,1750
2022,360,ПЕРЕРЕЄСТРАЦІЯ ТЗ У ЗВ`ЯЗКУ ЗІ ЗМІНОЮ АНКЕТНИХ ДАНИХ ВЛАСНИКА (З ЗМІНОЮ РЕГІОНУ РЕЄСТРАЦІЇ,МОПЕД,1
2022,360,ПЕРЕРЕЄСТРАЦІЯ ТЗ У ЗВ`ЯЗКУ ЗІ ЗМІНОЮ АНКЕТНИХ ДАНИХ ВЛАСНИКА (З ЗМІНОЮ РЕГІОНУ РЕЄСТРАЦІЇ,МОТОЦИКЛ,28
2022,360,ПЕРЕРЕЄСТРАЦІЯ ТЗ У ЗВ`ЯЗКУ ЗІ ЗМІНОЮ АНКЕТНИХ ДАНИХ ВЛАСНИКА (З ЗМІНОЮ РЕГІОНУ РЕЄСТРАЦІЇ,НАПІВПРИЧІП,38
2022,360,ПЕРЕРЕЄСТРАЦІЯ ТЗ У ЗВ`ЯЗКУ ЗІ ЗМІНОЮ АНКЕТНИХ ДАНИХ ВЛАСНИКА (З ЗМІНОЮ РЕГІОНУ РЕЄСТРАЦІЇ,ПРИЧІП,34
2022,363,ПЕРЕРЕЄСТРАЦІЯ ТЗ У ЗВ`ЯЗКУ З ПЕРЕДАЧЕЮ ДО СТАТУТНОГО ФОНДУ,АВТОБУС,16
2022,363,ПЕРЕРЕЄСТРАЦІЯ ТЗ У ЗВ`ЯЗКУ З ПЕРЕДАЧЕЮ ДО СТАТУТНОГО ФОНДУ,ВАНТАЖНИЙ,259
2022,363,ПЕРЕРЕЄСТРАЦІЯ ТЗ У ЗВ`ЯЗКУ З ПЕРЕДАЧЕЮ ДО СТАТУТНОГО ФОНДУ,ЛЕГКОВИЙ,47
2022,363,ПЕРЕРЕЄСТРАЦІЯ ТЗ У ЗВ`ЯЗКУ З ПЕРЕДАЧЕЮ ДО СТАТУТНОГО ФОНДУ,НАПІВПРИЧІП,147
2022,363,ПЕРЕРЕЄСТРАЦІЯ ТЗ У ЗВ`ЯЗКУ З ПЕРЕДАЧЕЮ ДО СТАТУТНОГО ФОНДУ,ПРИЧІП,20
2022,364,ПЕРЕРЕЄСТРАЦІЯ ТЗ В ЗВЯЗКУ ІЗ ВИВЕДЕННЯМ ІЗ СТАТУТНОГО ФОНДУ,ВАНТАЖНИЙ,7
2022,364,ПЕРЕРЕЄСТРАЦІЯ ТЗ В ЗВЯЗКУ ІЗ ВИВЕДЕННЯМ ІЗ СТАТУТНОГО ФОНДУ,ЛЕГКОВИЙ,3
2022,364,ПЕРЕРЕЄСТРАЦІЯ ТЗ В ЗВЯЗКУ ІЗ ВИВЕДЕННЯМ ІЗ СТАТУТНОГО ФОНДУ,НАПІВПРИЧІП,7
2022,364,ПЕРЕРЕЄСТРАЦІЯ ТЗ В ЗВЯЗКУ ІЗ ВИВЕДЕННЯМ ІЗ СТАТУТНОГО ФОНДУ,ПРИЧІП,1
2022,380,"ПЕРЕРЕЄСТРАЦІЯ У ЗВ`ЯЗКУ З ЗАМІНОЮ КУЗОВА (ШАСІ), БЕЗ ЗДІЙСНЕННЯ ПЕРЕОБЛАДНАННЯ ТЗ",ВАНТАЖНИЙ,1
2022,390,ПЕРЕРЕЄСТРАЦIЯ У ЗВ`ЯЗКУ ЗI ЗМIНОЮ КОЛЬОРУ ТЗ,АВТОБУС,74
2022,390,ПЕРЕРЕЄСТРАЦIЯ У ЗВ`ЯЗКУ ЗI ЗМIНОЮ КОЛЬОРУ ТЗ,ВАНТАЖНИЙ,404
2022,390,ПЕРЕРЕЄСТРАЦIЯ У ЗВ`ЯЗКУ ЗI ЗМIНОЮ КОЛЬОРУ ТЗ,ЛЕГКОВИЙ,1562
2022,390,ПЕРЕРЕЄСТРАЦIЯ У ЗВ`ЯЗКУ ЗI ЗМIНОЮ КОЛЬОРУ ТЗ,МОПЕД,2
2022,390,ПЕРЕРЕЄСТРАЦIЯ У ЗВ`ЯЗКУ ЗI ЗМIНОЮ КОЛЬОРУ ТЗ,МОТОЦИКЛ,94
2022,390,ПЕРЕРЕЄСТРАЦIЯ У ЗВ`ЯЗКУ ЗI ЗМIНОЮ КОЛЬОРУ ТЗ,НАПІВПРИЧІП,159
2022,390,ПЕРЕРЕЄСТРАЦIЯ У ЗВ`ЯЗКУ ЗI ЗМIНОЮ КОЛЬОРУ ТЗ,ПРИЧІП,35
2022,40,"ВТОРИННА РЕЄСТРАЦІЯ ТЗ, ПРИДБАНОГО В ТОРГОВЕЛЬНІЙ ОРГАНІЗАЦІЇ",ЛЕГКОВИЙ,1
2022,40,"ВТОРИННА РЕЄСТРАЦІЯ ТЗ, ПРИДБАНОГО В ТОРГОВЕЛЬНІЙ ОРГАНІЗАЦІЇ",МОТОЦИКЛ,1
2022,40,"ВТОРИННА РЕЄСТРАЦІЯ ТЗ, ПРИДБАНОГО В ТОРГОВЕЛЬНІЙ ОРГАНІЗАЦІЇ",ПРИЧІП,1
2022,400,ПЕРЕРЕЄСТРАЦIЯ ПРИ ПЕРЕОБЛАДНАННI ДЛЯ РОБОТИ НА ГАЗОВОМУ ПАЛЬНОМУ,АВТОБУС,9
2022,400,ПЕРЕРЕЄСТРАЦIЯ ПРИ ПЕРЕОБЛАДНАННI ДЛЯ РОБОТИ НА ГАЗОВОМУ ПАЛЬНОМУ,ВАНТАЖНИЙ,419
2022,400,ПЕРЕРЕЄСТРАЦIЯ ПРИ ПЕРЕОБЛАДНАННI ДЛЯ РОБОТИ НА ГАЗОВОМУ ПАЛЬНОМУ,ЛЕГКОВИЙ,21941
2022,401,ПЕРЕРЕЄСТРАЦІЯ ТЗ ПРИ ПЕРЕОБЛ.І ІЗ ЗАМ.КУЗОВА(ШАСІ) ЗА ПОГОДЖЕННЯМ,АВТОБУС,7
2022,401,ПЕРЕРЕЄСТРАЦІЯ ТЗ ПРИ ПЕРЕОБЛ.І ІЗ ЗАМ.КУЗОВА(ШАСІ) ЗА ПОГОДЖЕННЯМ,ВАНТАЖНИЙ,338
2022,401,ПЕРЕРЕЄСТРАЦІЯ ТЗ ПРИ ПЕРЕОБЛ.І ІЗ ЗАМ.КУЗОВА(ШАСІ) ЗА ПОГОДЖЕННЯМ,ЛЕГКОВИЙ,10
2022,401,ПЕРЕРЕЄСТРАЦІЯ ТЗ ПРИ ПЕРЕОБЛ.І ІЗ ЗАМ.КУЗОВА(ШАСІ) ЗА ПОГОДЖЕННЯМ,НАПІВПРИЧІП,4
2022,402,"ПЕРЕРЕЄСТРАЦІЯ ТЗ ПРИ ПЕРЕОБЛI.(ЗАМІНА ТИПУ, ПОТУЖ. ДВИГ.)ЗА ПОГОДЖЕННЯМ",АВТОБУС,71
2022,402,"ПЕРЕРЕЄСТРАЦІЯ ТЗ ПРИ ПЕРЕОБЛI.(ЗАМІНА ТИПУ, ПОТУЖ. ДВИГ.)ЗА ПОГОДЖЕННЯМ",ВАНТАЖНИЙ,1356
2022,402,"ПЕРЕРЕЄСТРАЦІЯ ТЗ ПРИ ПЕРЕОБЛI.(ЗАМІНА ТИПУ, ПОТУЖ. ДВИГ.)ЗА ПОГОДЖЕННЯМ",ЛЕГКОВИЙ,827
2022,402,"ПЕРЕРЕЄСТРАЦІЯ ТЗ ПРИ ПЕРЕОБЛI.(ЗАМІНА ТИПУ, ПОТУЖ. ДВИГ.)ЗА ПОГОДЖЕННЯМ",МОТОЦИКЛ,8
2022,403,ПЕРЕРЕЄСТРАЦІЯ ПРИ ПЕРЕОБЛ.(ЗАМІНА КУЗОВА (ШАСІ)) ТА ДВИГУНА ЗА ПОГОДЖ.,АВТОБУС,6
2022,403,ПЕРЕРЕЄСТРАЦІЯ ПРИ ПЕРЕОБЛ.(ЗАМІНА КУЗОВА (ШАСІ)) ТА ДВИГУНА ЗА ПОГОДЖ.,ВАНТАЖНИЙ,360
2022,403,ПЕРЕРЕЄСТРАЦІЯ ПРИ ПЕРЕОБЛ.(ЗАМІНА КУЗОВА (ШАСІ)) ТА ДВИГУНА ЗА ПОГОДЖ.,ЛЕГКОВИЙ,36
2022,404,"ПЕРЕРЕЄСТРАЦІЯ ТЗ, В ЗВ’ЯЗКУ ІЗ НАНЕСЕННЯ СПЕЦІАЛЬНИХ ІНДИВІДУАЛЬНИХ НОМЕРІВ АБО ДУБЛЮВАНН",АВТОБУС,67
2022,404,"ПЕРЕРЕЄСТРАЦІЯ ТЗ, В ЗВ’ЯЗКУ ІЗ НАНЕСЕННЯ СПЕЦІАЛЬНИХ ІНДИВІДУАЛЬНИХ НОМЕРІВ АБО ДУБЛЮВАНН",ВАНТАЖНИЙ,199
2022,404,"ПЕРЕРЕЄСТРАЦІЯ ТЗ, В ЗВ’ЯЗКУ ІЗ НАНЕСЕННЯ СПЕЦІАЛЬНИХ ІНДИВІДУАЛЬНИХ НОМЕРІВ АБО ДУБЛЮВАНН",ЛЕГКОВИЙ,793
2022,404,"ПЕРЕРЕЄСТРАЦІЯ ТЗ, В ЗВ’ЯЗКУ ІЗ НАНЕСЕННЯ СПЕЦІАЛЬНИХ ІНДИВІДУАЛЬНИХ НОМЕРІВ АБО ДУБЛЮВАНН",НАПІВПРИЧІП,3
2022,405,"ПЕРЕРЕЄСТРАЦІЯ ТЗ, В ЗВ’ЯЗКУ ІЗ НАНЕСЕННЯ СПЕЦІАЛЬНИХ ІНДИВІДУАЛЬНИХ НОМЕРІВ АБО ДУБЛЮВАНН",АВТОБУС,6
2022,405,"ПЕРЕРЕЄСТРАЦІЯ ТЗ, В ЗВ’ЯЗКУ ІЗ НАНЕСЕННЯ СПЕЦІАЛЬНИХ ІНДИВІДУАЛЬНИХ НОМЕРІВ АБО ДУБЛЮВАНН",ВАНТАЖНИЙ,549
2022,405,"ПЕРЕРЕЄСТРАЦІЯ ТЗ, В ЗВ’ЯЗКУ ІЗ НАНЕСЕННЯ СПЕЦІАЛЬНИХ ІНДИВІДУАЛЬНИХ НОМЕРІВ АБО ДУБЛЮВАНН",ЛЕГКОВИЙ,220
2022,405,"ПЕРЕРЕЄСТРАЦІЯ ТЗ, В ЗВ’ЯЗКУ ІЗ НАНЕСЕННЯ СПЕЦІАЛЬНИХ ІНДИВІДУАЛЬНИХ НОМЕРІВ АБО ДУБЛЮВАНН",МОТОЦИКЛ,6
2022,405,"ПЕРЕРЕЄСТРАЦІЯ ТЗ, В ЗВ’ЯЗКУ ІЗ НАНЕСЕННЯ СПЕЦІАЛЬНИХ ІНДИВІДУАЛЬНИХ НОМЕРІВ АБО ДУБЛЮВАНН",НАПІВПРИЧІП,160
2022,405,"ПЕРЕРЕЄСТРАЦІЯ ТЗ, В ЗВ’ЯЗКУ ІЗ НАНЕСЕННЯ СПЕЦІАЛЬНИХ ІНДИВІДУАЛЬНИХ НОМЕРІВ АБО ДУБЛЮВАНН",ПРИЧІП,47
2022,405,"ПЕРЕРЕЄСТРАЦІЯ ТЗ, В ЗВ’ЯЗКУ ІЗ НАНЕСЕННЯ СПЕЦІАЛЬНИХ ІНДИВІДУАЛЬНИХ НОМЕРІВ АБО ДУБЛЮВАНН",ТРИЦИКЛ,1
2022,407,ПЕРЕРЕЄСТРАЦІЯ У ЗВ’ЯЗКУ З ВСТАНОВЛ. СССП АВТОЖОВТОГО КОЛЬОРУ НА ТЗ РЕАГУВАННЯ СОД,ВАНТАЖНИЙ,2
2022,407,ПЕРЕРЕЄСТРАЦІЯ У ЗВ’ЯЗКУ З ВСТАНОВЛ. СССП АВТОЖОВТОГО КОЛЬОРУ НА ТЗ РЕАГУВАННЯ СОД,ЛЕГКОВИЙ,92
2022,408,ПЕРЕРЕЄСТРАЦІЯ ПРИ ПЕРЕОБЛАДНАННІ БЕЗ ЗАМІНИ НОМЕРНИХ АГРЕГАТІВ,АВТОБУС,40
2022,408,ПЕРЕРЕЄСТРАЦІЯ ПРИ ПЕРЕОБЛАДНАННІ БЕЗ ЗАМІНИ НОМЕРНИХ АГРЕГАТІВ,ВАНТАЖНИЙ,4911
2022,408,ПЕРЕРЕЄСТРАЦІЯ ПРИ ПЕРЕОБЛАДНАННІ БЕЗ ЗАМІНИ НОМЕРНИХ АГРЕГАТІВ,ЛЕГКОВИЙ,3322
2022,408,ПЕРЕРЕЄСТРАЦІЯ ПРИ ПЕРЕОБЛАДНАННІ БЕЗ ЗАМІНИ НОМЕРНИХ АГРЕГАТІВ,МОТОЦИКЛ,1
2022,408,ПЕРЕРЕЄСТРАЦІЯ ПРИ ПЕРЕОБЛАДНАННІ БЕЗ ЗАМІНИ НОМЕРНИХ АГРЕГАТІВ,НАПІВПРИЧІП,2323
2022,408,ПЕРЕРЕЄСТРАЦІЯ ПРИ ПЕРЕОБЛАДНАННІ БЕЗ ЗАМІНИ НОМЕРНИХ АГРЕГАТІВ,ПРИЧІП,292
2022,410,ПЕРЕРЕЄСТРАЦІЯ ПРИ ЗАМІНІ НОМЕРНОГО ЗНАКУ,АВТОБУС,190
2022,410,ПЕРЕРЕЄСТРАЦІЯ ПРИ ЗАМІНІ НОМЕРНОГО ЗНАКУ,ВАНТАЖНИЙ,1660
2022,410,ПЕРЕРЕЄСТРАЦІЯ ПРИ ЗАМІНІ НОМЕРНОГО ЗНАКУ,КВАДРОЦИКЛ,2
2022,410,ПЕРЕРЕЄСТРАЦІЯ ПРИ ЗАМІНІ НОМЕРНОГО ЗНАКУ,ЛЕГКОВИЙ,19848
2022,410,ПЕРЕРЕЄСТРАЦІЯ ПРИ ЗАМІНІ НОМЕРНОГО ЗНАКУ,МОПЕД,8
2022,410,ПЕРЕРЕЄСТРАЦІЯ ПРИ ЗАМІНІ НОМЕРНОГО ЗНАКУ,МОТОЦИКЛ,199
2022,410,ПЕРЕРЕЄСТРАЦІЯ ПРИ ЗАМІНІ НОМЕРНОГО ЗНАКУ,НАПІВПРИЧІП,341
2022,410,ПЕРЕРЕЄСТРАЦІЯ ПРИ ЗАМІНІ НОМЕРНОГО ЗНАКУ,ПРИЧІП,198
2022,410,ПЕРЕРЕЄСТРАЦІЯ ПРИ ЗАМІНІ НОМЕРНОГО ЗНАКУ,ТРИЦИКЛ,1
2022,412,ПЕРЕРЕЄСТРАЦІЯ ТЗ ПРИ ВИДАЧІ НОМЕРНОГО ЗНАКУ ВІДПОВІДНОЇ КОМБІНАЦІЇ ЦИФР,АВТОБУС,44
2022,412,ПЕРЕРЕЄСТРАЦІЯ ТЗ ПРИ ВИДАЧІ НОМЕРНОГО ЗНАКУ ВІДПОВІДНОЇ КОМБІНАЦІЇ ЦИФР,ВАНТАЖНИЙ,761
2022,412,ПЕРЕРЕЄСТРАЦІЯ ТЗ ПРИ ВИДАЧІ НОМЕРНОГО ЗНАКУ ВІДПОВІДНОЇ КОМБІНАЦІЇ ЦИФР,ЛЕГКОВИЙ,12348
2022,412,ПЕРЕРЕЄСТРАЦІЯ ТЗ ПРИ ВИДАЧІ НОМЕРНОГО ЗНАКУ ВІДПОВІДНОЇ КОМБІНАЦІЇ ЦИФР,МОПЕД,1
2022,412,ПЕРЕРЕЄСТРАЦІЯ ТЗ ПРИ ВИДАЧІ НОМЕРНОГО ЗНАКУ ВІДПОВІДНОЇ КОМБІНАЦІЇ ЦИФР,МОТОЦИКЛ,43
2022,412,ПЕРЕРЕЄСТРАЦІЯ ТЗ ПРИ ВИДАЧІ НОМЕРНОГО ЗНАКУ ВІДПОВІДНОЇ КОМБІНАЦІЇ ЦИФР,НАПІВПРИЧІП,29
2022,412,ПЕРЕРЕЄСТРАЦІЯ ТЗ ПРИ ВИДАЧІ НОМЕРНОГО ЗНАКУ ВІДПОВІДНОЇ КОМБІНАЦІЇ ЦИФР,ПРИЧІП,18
2022,412,ПЕРЕРЕЄСТРАЦІЯ ТЗ ПРИ ВИДАЧІ НОМЕРНОГО ЗНАКУ ВІДПОВІДНОЇ КОМБІНАЦІЇ ЦИФР,ТРИЦИКЛ,1
2022,417,ПЕРЕРЕЄСТРАЦІЯ ТЗ (МОПЕДІВ) З ВИДАЧЕЮ СПР,МОПЕД,113
2022,420,ПЕРЕРЕЄСТРАЦІЯ ПРИ ВТРАТІ НОМЕРНОГО ЗНАКУ,ВАНТАЖНИЙ,19
2022,420,ПЕРЕРЕЄСТРАЦІЯ ПРИ ВТРАТІ НОМЕРНОГО ЗНАКУ,ЛЕГКОВИЙ,228
2022,420,ПЕРЕРЕЄСТРАЦІЯ ПРИ ВТРАТІ НОМЕРНОГО ЗНАКУ,МОТОЦИКЛ,8
2022,420,ПЕРЕРЕЄСТРАЦІЯ ПРИ ВТРАТІ НОМЕРНОГО ЗНАКУ,НАПІВПРИЧІП,2
2022,420,ПЕРЕРЕЄСТРАЦІЯ ПРИ ВТРАТІ НОМЕРНОГО ЗНАКУ,ПРИЧІП,6
2022,421,ПЕРЕРЕЄСТРАЦІЯ ТЗ ПРИ ВТРАТІ НОМЕРНОГО ЗНАКУ ТА СВІДОЦТВА ПРО РЕЄСТРАЦІЮ,ВАНТАЖНИЙ,5
2022,421,ПЕРЕРЕЄСТРАЦІЯ ТЗ ПРИ ВТРАТІ НОМЕРНОГО ЗНАКУ ТА СВІДОЦТВА ПРО РЕЄСТРАЦІЮ,ЛЕГКОВИЙ,31
2022,421,ПЕРЕРЕЄСТРАЦІЯ ТЗ ПРИ ВТРАТІ НОМЕРНОГО ЗНАКУ ТА СВІДОЦТВА ПРО РЕЄСТРАЦІЮ,НАПІВПРИЧІП,1
2022,421,ПЕРЕРЕЄСТРАЦІЯ ТЗ ПРИ ВТРАТІ НОМЕРНОГО ЗНАКУ ТА СВІДОЦТВА ПРО РЕЄСТРАЦІЮ,ПРИЧІП,2
2022,429,ПЕРЕРЕЄСТРАЦІЯ ТЗ У ЗВ'ЯЗКУ ІЗ ПОДОВЖЕННЯМ ТЕРМІНУ ЗВОРОТНОГО ВИВОЗУ,АВТОБУС,3
2022,429,ПЕРЕРЕЄСТРАЦІЯ ТЗ У ЗВ'ЯЗКУ ІЗ ПОДОВЖЕННЯМ ТЕРМІНУ ЗВОРОТНОГО ВИВОЗУ,ВАНТАЖНИЙ,159
2022,429,ПЕРЕРЕЄСТРАЦІЯ ТЗ У ЗВ'ЯЗКУ ІЗ ПОДОВЖЕННЯМ ТЕРМІНУ ЗВОРОТНОГО ВИВОЗУ,ЛЕГКОВИЙ,100
2022,429,ПЕРЕРЕЄСТРАЦІЯ ТЗ У ЗВ'ЯЗКУ ІЗ ПОДОВЖЕННЯМ ТЕРМІНУ ЗВОРОТНОГО ВИВОЗУ,НАПІВПРИЧІП,27
2022,429,ПЕРЕРЕЄСТРАЦІЯ ТЗ У ЗВ'ЯЗКУ ІЗ ПОДОВЖЕННЯМ ТЕРМІНУ ЗВОРОТНОГО ВИВОЗУ,ПРИЧІП,4
2022,430,ПЕРЕРЕЄСТРАЦІЯ ПРИ ЗАМІНІ СВІДОЦТВА ПРО РЕЄСТРАЦІЮ,АВТОБУС,187
2022,430,ПЕРЕРЕЄСТРАЦІЯ ПРИ ЗАМІНІ СВІДОЦТВА ПРО РЕЄСТРАЦІЮ,ВАНТАЖНИЙ,2078
2022,430,ПЕРЕРЕЄСТРАЦІЯ ПРИ ЗАМІНІ СВІДОЦТВА ПРО РЕЄСТРАЦІЮ,ЛЕГКОВИЙ,4991
2022,430,ПЕРЕРЕЄСТРАЦІЯ ПРИ ЗАМІНІ СВІДОЦТВА ПРО РЕЄСТРАЦІЮ,МОПЕД,38
2022,430,ПЕРЕРЕЄСТРАЦІЯ ПРИ ЗАМІНІ СВІДОЦТВА ПРО РЕЄСТРАЦІЮ,МОТОЦИКЛ,72
2022,430,ПЕРЕРЕЄСТРАЦІЯ ПРИ ЗАМІНІ СВІДОЦТВА ПРО РЕЄСТРАЦІЮ,НАПІВПРИЧІП,1018
2022,430,ПЕРЕРЕЄСТРАЦІЯ ПРИ ЗАМІНІ СВІДОЦТВА ПРО РЕЄСТРАЦІЮ,ПРИЧІП,136
2022,430,ПЕРЕРЕЄСТРАЦІЯ ПРИ ЗАМІНІ СВІДОЦТВА ПРО РЕЄСТРАЦІЮ,ТРИЦИКЛ,1
2022,431,ПЕРЕРЕЄСТРАЦІЯ ТЗ ПРИ ВИДАЧІ ІНДИВІДУАЛЬНОГО НОМЕРНОГО ЗНАКУ,АВТОБУС,9
2022,431,ПЕРЕРЕЄСТРАЦІЯ ТЗ ПРИ ВИДАЧІ ІНДИВІДУАЛЬНОГО НОМЕРНОГО ЗНАКУ,ВАНТАЖНИЙ,193
2022,431,ПЕРЕРЕЄСТРАЦІЯ ТЗ ПРИ ВИДАЧІ ІНДИВІДУАЛЬНОГО НОМЕРНОГО ЗНАКУ,ЛЕГКОВИЙ,4089
2022,431,ПЕРЕРЕЄСТРАЦІЯ ТЗ ПРИ ВИДАЧІ ІНДИВІДУАЛЬНОГО НОМЕРНОГО ЗНАКУ,МОТОЦИКЛ,45
2022,440,ПЕРЕРЕЄСТРАЦIЯ ПРИ ВТРАТІ СВIДОЦТВА ПРО РЕЄСТРАЦIЮ,АВТОБУС,273
2022,440,ПЕРЕРЕЄСТРАЦIЯ ПРИ ВТРАТІ СВIДОЦТВА ПРО РЕЄСТРАЦIЮ,ВАНТАЖНИЙ,3463
2022,440,ПЕРЕРЕЄСТРАЦIЯ ПРИ ВТРАТІ СВIДОЦТВА ПРО РЕЄСТРАЦIЮ,КВАДРОЦИКЛ,2
2022,440,ПЕРЕРЕЄСТРАЦIЯ ПРИ ВТРАТІ СВIДОЦТВА ПРО РЕЄСТРАЦIЮ,ЛЕГКОВИЙ,19292
2022,440,ПЕРЕРЕЄСТРАЦIЯ ПРИ ВТРАТІ СВIДОЦТВА ПРО РЕЄСТРАЦIЮ,МОПЕД,292
2022,440,ПЕРЕРЕЄСТРАЦIЯ ПРИ ВТРАТІ СВIДОЦТВА ПРО РЕЄСТРАЦIЮ,МОТОЦИКЛ,510
2022,440,ПЕРЕРЕЄСТРАЦIЯ ПРИ ВТРАТІ СВIДОЦТВА ПРО РЕЄСТРАЦIЮ,НАПІВПРИЧІП,987
2022,440,ПЕРЕРЕЄСТРАЦIЯ ПРИ ВТРАТІ СВIДОЦТВА ПРО РЕЄСТРАЦIЮ,ПРИЧІП,1115
2022,440,ПЕРЕРЕЄСТРАЦIЯ ПРИ ВТРАТІ СВIДОЦТВА ПРО РЕЄСТРАЦIЮ,ТРИЦИКЛ,1
2022,441,ПЕРЕРЕЄСТРАЦІЯ ТЗ ПРИ ЗАМІНІ СПР В ЗВ'ЯЗКУ ІЗ НЕМОЖЛИВІСТЮ ПОВЕРНЕННЯ ЗДАНОГО НА ЗБЕРЕЖЕНН,АВТОБУС,1
2022,441,ПЕРЕРЕЄСТРАЦІЯ ТЗ ПРИ ЗАМІНІ СПР В ЗВ'ЯЗКУ ІЗ НЕМОЖЛИВІСТЮ ПОВЕРНЕННЯ ЗДАНОГО НА ЗБЕРЕЖЕНН,ВАНТАЖНИЙ,36
2022,441,ПЕРЕРЕЄСТРАЦІЯ ТЗ ПРИ ЗАМІНІ СПР В ЗВ'ЯЗКУ ІЗ НЕМОЖЛИВІСТЮ ПОВЕРНЕННЯ ЗДАНОГО НА ЗБЕРЕЖЕНН,ЛЕГКОВИЙ,26
2022,441,ПЕРЕРЕЄСТРАЦІЯ ТЗ ПРИ ЗАМІНІ СПР В ЗВ'ЯЗКУ ІЗ НЕМОЖЛИВІСТЮ ПОВЕРНЕННЯ ЗДАНОГО НА ЗБЕРЕЖЕНН,НАПІВПРИЧІП,30
2022,441,ПЕРЕРЕЄСТРАЦІЯ ТЗ ПРИ ЗАМІНІ СПР В ЗВ'ЯЗКУ ІЗ НЕМОЖЛИВІСТЮ ПОВЕРНЕННЯ ЗДАНОГО НА ЗБЕРЕЖЕНН,ПРИЧІП,3
2022,450,ПЕРЕРЕЄСТРАЦІЯ ПРИ ЗАМІНІ СВІДОЦТВА ПРО РЕЄСТРАЦІЮ У ЗВ'ЯЗКУ З КОРИГУВАННЯМ ОБЛІКОВИХ ДАНИ,АВТОБУС,134
2022,450,ПЕРЕРЕЄСТРАЦІЯ ПРИ ЗАМІНІ СВІДОЦТВА ПРО РЕЄСТРАЦІЮ У ЗВ'ЯЗКУ З КОРИГУВАННЯМ ОБЛІКОВИХ ДАНИ,ВАНТАЖНИЙ,1509
2022,450,ПЕРЕРЕЄСТРАЦІЯ ПРИ ЗАМІНІ СВІДОЦТВА ПРО РЕЄСТРАЦІЮ У ЗВ'ЯЗКУ З КОРИГУВАННЯМ ОБЛІКОВИХ ДАНИ,КВАДРОЦИКЛ,1
2022,450,ПЕРЕРЕЄСТРАЦІЯ ПРИ ЗАМІНІ СВІДОЦТВА ПРО РЕЄСТРАЦІЮ У ЗВ'ЯЗКУ З КОРИГУВАННЯМ ОБЛІКОВИХ ДАНИ,ЛЕГКОВИЙ,1497
2022,450,ПЕРЕРЕЄСТРАЦІЯ ПРИ ЗАМІНІ СВІДОЦТВА ПРО РЕЄСТРАЦІЮ У ЗВ'ЯЗКУ З КОРИГУВАННЯМ ОБЛІКОВИХ ДАНИ,МОТОЦИКЛ,18
2022,450,ПЕРЕРЕЄСТРАЦІЯ ПРИ ЗАМІНІ СВІДОЦТВА ПРО РЕЄСТРАЦІЮ У ЗВ'ЯЗКУ З КОРИГУВАННЯМ ОБЛІКОВИХ ДАНИ,НАПІВПРИЧІП,653
2022,450,ПЕРЕРЕЄСТРАЦІЯ ПРИ ЗАМІНІ СВІДОЦТВА ПРО РЕЄСТРАЦІЮ У ЗВ'ЯЗКУ З КОРИГУВАННЯМ ОБЛІКОВИХ ДАНИ,ПРИЧІП,108
2022,49,ВТОРИННА РЕЄСТРАЦІЯ ТЗ ПО ДОГОВОРУ УКЛАДЕНОМУ В ТСЦ,ЛЕГКОВИЙ,2
2022,500,ЗНЯТТЯ З ОБЛІКУ У ЗВ'ЯЗКУ ЗІ СКАСУВАННЯМ РЕЄСТРАЦІЇ,ВАНТАЖНИЙ,12
2022,500,ЗНЯТТЯ З ОБЛІКУ У ЗВ'ЯЗКУ ЗІ СКАСУВАННЯМ РЕЄСТРАЦІЇ,ЛЕГКОВИЙ,155
2022,500,ЗНЯТТЯ З ОБЛІКУ У ЗВ'ЯЗКУ ЗІ СКАСУВАННЯМ РЕЄСТРАЦІЇ,НАПІВПРИЧІП,1
2022,500,ЗНЯТТЯ З ОБЛІКУ У ЗВ'ЯЗКУ ЗІ СКАСУВАННЯМ РЕЄСТРАЦІЇ,ПРИЧІП,1
2022,501,СКАСУВАННЯ ЗНЯТТЯ З ОБЛІКУ ТЗ,ЛЕГКОВИЙ,1
2022,502,СКАСУВАННЯ ПЕРЕРЕЄСТРАЦІЇ,АВТОБУС,2
2022,502,СКАСУВАННЯ ПЕРЕРЕЄСТРАЦІЇ,ВАНТАЖНИЙ,9
2022,502,СКАСУВАННЯ ПЕРЕРЕЄСТРАЦІЇ,ЛЕГКОВИЙ,27
2022,502,СКАСУВАННЯ ПЕРЕРЕЄСТРАЦІЇ,НАПІВПРИЧІП,3
2022,508,"ПЕРЕРЕЄСТРАЦІЯ ТЗ, В ЗВ’ЯЗКУ ІЗ РОЗІРВАННЯМ НОТАРІАЛЬНО ПОСВІДЧЕНОГО ДКП ЗА ЗГОДОЮ СТОРІН",АВТОБУС,31
2022,518,ЗНЯТТЯ З ОБЛІКУ КАРТКИ ВІДОМЧОЇ РЕЄСТРАЦІЇ,ВАНТАЖНИЙ,1
2022,520,ЗНЯТТЯ З ОБЛIКУ ПРИ ВИВЕЗЕННІ ЗА КОРДОН,АВТОБУС,15
2022,520,ЗНЯТТЯ З ОБЛIКУ ПРИ ВИВЕЗЕННІ ЗА КОРДОН,ВАНТАЖНИЙ,636
2022,520,ЗНЯТТЯ З ОБЛIКУ ПРИ ВИВЕЗЕННІ ЗА КОРДОН,ЛЕГКОВИЙ,573
2022,520,ЗНЯТТЯ З ОБЛIКУ ПРИ ВИВЕЗЕННІ ЗА КОРДОН,МОПЕД,1
2022,520,ЗНЯТТЯ З ОБЛIКУ ПРИ ВИВЕЗЕННІ ЗА КОРДОН,МОТОЦИКЛ,53
2022,520,ЗНЯТТЯ З ОБЛIКУ ПРИ ВИВЕЗЕННІ ЗА КОРДОН,НАПІВПРИЧІП,67
2022,520,ЗНЯТТЯ З ОБЛIКУ ПРИ ВИВЕЗЕННІ ЗА КОРДОН,ПРИЧІП,50
2022,520,ЗНЯТТЯ З ОБЛIКУ ПРИ ВИВЕЗЕННІ ЗА КОРДОН,ТРИЦИКЛ,1
2022,540,ЗНЯТТЯ З ОБЛІКУ У ЗВ`ЯЗКУ З ВИБРАКОВКОЮ,АВТОБУС,632
2022,540,ЗНЯТТЯ З ОБЛІКУ У ЗВ`ЯЗКУ З ВИБРАКОВКОЮ,ВАНТАЖНИЙ,3171
2022,540,ЗНЯТТЯ З ОБЛІКУ У ЗВ`ЯЗКУ З ВИБРАКОВКОЮ,КВАДРОЦИКЛ,3
2022,540,ЗНЯТТЯ З ОБЛІКУ У ЗВ`ЯЗКУ З ВИБРАКОВКОЮ,ЛЕГКОВИЙ,7954
2022,540,ЗНЯТТЯ З ОБЛІКУ У ЗВ`ЯЗКУ З ВИБРАКОВКОЮ,МОПЕД,71
2022,540,ЗНЯТТЯ З ОБЛІКУ У ЗВ`ЯЗКУ З ВИБРАКОВКОЮ,МОТОЦИКЛ,362
2022,540,ЗНЯТТЯ З ОБЛІКУ У ЗВ`ЯЗКУ З ВИБРАКОВКОЮ,НАПІВПРИЧІП,293
2022,540,ЗНЯТТЯ З ОБЛІКУ У ЗВ`ЯЗКУ З ВИБРАКОВКОЮ,ПРИЧІП,273
2022,540,ЗНЯТТЯ З ОБЛІКУ У ЗВ`ЯЗКУ З ВИБРАКОВКОЮ,СПЕЦІАЛІЗОВАНІ,2
2022,540,ЗНЯТТЯ З ОБЛІКУ У ЗВ`ЯЗКУ З ВИБРАКОВКОЮ,ТРИЦИКЛ,1
2022,550,ЗНЯТТЯ З ОБЛІКУ ТЗ ВВЕЗЕНОГО ПIД ЗОБОВ. ПРО ЗВОР. ВИВЕЗЕННЯ,АВТОБУС,4
2022,550,ЗНЯТТЯ З ОБЛІКУ ТЗ ВВЕЗЕНОГО ПIД ЗОБОВ. ПРО ЗВОР. ВИВЕЗЕННЯ,ВАНТАЖНИЙ,17
2022,550,ЗНЯТТЯ З ОБЛІКУ ТЗ ВВЕЗЕНОГО ПIД ЗОБОВ. ПРО ЗВОР. ВИВЕЗЕННЯ,ЛЕГКОВИЙ,221
2022,550,ЗНЯТТЯ З ОБЛІКУ ТЗ ВВЕЗЕНОГО ПIД ЗОБОВ. ПРО ЗВОР. ВИВЕЗЕННЯ,МОТОЦИКЛ,3
2022,550,ЗНЯТТЯ З ОБЛІКУ ТЗ ВВЕЗЕНОГО ПIД ЗОБОВ. ПРО ЗВОР. ВИВЕЗЕННЯ,НАПІВПРИЧІП,9
2022,560,ЗНЯТТЯ З ОБЛІКУ ПРИ ПОВЕРНЕННІ ІЗ ПОЇЗДКИ ЗА КОРДОН ПО ДОРУЧ.,АВТОБУС,807
2022,560,ЗНЯТТЯ З ОБЛІКУ ПРИ ПОВЕРНЕННІ ІЗ ПОЇЗДКИ ЗА КОРДОН ПО ДОРУЧ.,ВАНТАЖНИЙ,5207
2022,560,ЗНЯТТЯ З ОБЛІКУ ПРИ ПОВЕРНЕННІ ІЗ ПОЇЗДКИ ЗА КОРДОН ПО ДОРУЧ.,ЛЕГКОВИЙ,4012
2022,560,ЗНЯТТЯ З ОБЛІКУ ПРИ ПОВЕРНЕННІ ІЗ ПОЇЗДКИ ЗА КОРДОН ПО ДОРУЧ.,МОТОЦИКЛ,31
2022,560,ЗНЯТТЯ З ОБЛІКУ ПРИ ПОВЕРНЕННІ ІЗ ПОЇЗДКИ ЗА КОРДОН ПО ДОРУЧ.,НАПІВПРИЧІП,2981
2022,560,ЗНЯТТЯ З ОБЛІКУ ПРИ ПОВЕРНЕННІ ІЗ ПОЇЗДКИ ЗА КОРДОН ПО ДОРУЧ.,ПРИЧІП,245
2022,570,ЗНЯТТЯ З ОБЛІКУ У ЗВ`ЯЗКУ ЗI ЗМIНОЮ ДЕРЖАВНОГО ОРГАНУ РЕЄСТРАЦІЇ,АВТОБУС,31
2022,570,ЗНЯТТЯ З ОБЛІКУ У ЗВ`ЯЗКУ ЗI ЗМIНОЮ ДЕРЖАВНОГО ОРГАНУ РЕЄСТРАЦІЇ,ВАНТАЖНИЙ,257
2022,570,ЗНЯТТЯ З ОБЛІКУ У ЗВ`ЯЗКУ ЗI ЗМIНОЮ ДЕРЖАВНОГО ОРГАНУ РЕЄСТРАЦІЇ,ЛЕГКОВИЙ,361
2022,570,ЗНЯТТЯ З ОБЛІКУ У ЗВ`ЯЗКУ ЗI ЗМIНОЮ ДЕРЖАВНОГО ОРГАНУ РЕЄСТРАЦІЇ,НАПІВПРИЧІП,11
2022,570,ЗНЯТТЯ З ОБЛІКУ У ЗВ`ЯЗКУ ЗI ЗМIНОЮ ДЕРЖАВНОГО ОРГАНУ РЕЄСТРАЦІЇ,ПРИЧІП,9
2022,62,РЕЄСТРАЦIЯ ТЗ ПО УСПАДКУВАННЮ ЗА ЗАКОНОМ,ЛЕГКОВИЙ,1
2022,64,РЕЄСТРАЦІЯ КОНФІСКОВАНОГО ТЗ,ВАНТАЖНИЙ,1
2022,64,РЕЄСТРАЦІЯ КОНФІСКОВАНОГО ТЗ,ЛЕГКОВИЙ,18
2022,64,РЕЄСТРАЦІЯ КОНФІСКОВАНОГО ТЗ,НАПІВПРИЧІП,1
2022,65,РЕЄСТРАЦIЯ ТЗ ЗА РІШЕННЯМ СУДУ,АВТОБУС,1
2022,65,РЕЄСТРАЦIЯ ТЗ ЗА РІШЕННЯМ СУДУ,ВАНТАЖНИЙ,5
2022,65,РЕЄСТРАЦIЯ ТЗ ЗА РІШЕННЯМ СУДУ,ЛЕГКОВИЙ,49
2022,65,РЕЄСТРАЦIЯ ТЗ ЗА РІШЕННЯМ СУДУ,МОТОЦИКЛ,9
2022,69,РЕЄСТРАЦІЯ НОВИХ ТЗ ПО АКТУ ПРИЙОМУ-ПЕРЕДАЧІ (ДОД. 6),АВТОБУС,318
2022,69,РЕЄСТРАЦІЯ НОВИХ ТЗ ПО АКТУ ПРИЙОМУ-ПЕРЕДАЧІ (ДОД. 6),ВАНТАЖНИЙ,270
2022,69,РЕЄСТРАЦІЯ НОВИХ ТЗ ПО АКТУ ПРИЙОМУ-ПЕРЕДАЧІ (ДОД. 6),ЛЕГКОВИЙ,560
2022,69,РЕЄСТРАЦІЯ НОВИХ ТЗ ПО АКТУ ПРИЙОМУ-ПЕРЕДАЧІ (ДОД. 6),НАПІВПРИЧІП,269
2022,69,РЕЄСТРАЦІЯ НОВИХ ТЗ ПО АКТУ ПРИЙОМУ-ПЕРЕДАЧІ (ДОД. 6),ПРИЧІП,17823
2022,70,РЕЄСТРАЦIЯ Б/В ТЗ ПРИВЕЗЕНОГО З-ЗА КОРДОНУ ПО ВМД,АВТОБУС,404
2022,70,РЕЄСТРАЦIЯ Б/В ТЗ ПРИВЕЗЕНОГО З-ЗА КОРДОНУ ПО ВМД,ВАНТАЖНИЙ,9767
2022,70,РЕЄСТРАЦIЯ Б/В ТЗ ПРИВЕЗЕНОГО З-ЗА КОРДОНУ ПО ВМД,КВАДРОЦИКЛ,4
2022,70,РЕЄСТРАЦIЯ Б/В ТЗ ПРИВЕЗЕНОГО З-ЗА КОРДОНУ ПО ВМД,ЛЕГКОВИЙ,102927
2022,70,РЕЄСТРАЦIЯ Б/В ТЗ ПРИВЕЗЕНОГО З-ЗА КОРДОНУ ПО ВМД,МОПЕД,8
2022,70,РЕЄСТРАЦIЯ Б/В ТЗ ПРИВЕЗЕНОГО З-ЗА КОРДОНУ ПО ВМД,МОТОЦИКЛ,595
2022,70,РЕЄСТРАЦIЯ Б/В ТЗ ПРИВЕЗЕНОГО З-ЗА КОРДОНУ ПО ВМД,НАПІВПРИЧІП,6206
2022,70,РЕЄСТРАЦIЯ Б/В ТЗ ПРИВЕЗЕНОГО З-ЗА КОРДОНУ ПО ВМД,ПРИЧІП,694
2022,70,РЕЄСТРАЦIЯ Б/В ТЗ ПРИВЕЗЕНОГО З-ЗА КОРДОНУ ПО ВМД,ТРИЦИКЛ,2
2022,70,РЕЄСТРАЦIЯ ТЗ ПРИВЕЗЕНОГО З-ЗА КОРДОНУ,ЛЕГКОВИЙ,1
2022,71,РЕЄСТРАЦІЯ ТЗ ПРИВЕЗЕНОГО З-ЗА КОРДОНУ ПО ПОСВІДЧЕННЮ МИТНИЦІ,АВТОБУС,414
2022,71,РЕЄСТРАЦІЯ ТЗ ПРИВЕЗЕНОГО З-ЗА КОРДОНУ ПО ПОСВІДЧЕННЮ МИТНИЦІ,ВАНТАЖНИЙ,6067
2022,71,РЕЄСТРАЦІЯ ТЗ ПРИВЕЗЕНОГО З-ЗА КОРДОНУ ПО ПОСВІДЧЕННЮ МИТНИЦІ,КВАДРОЦИКЛ,9
2022,71,РЕЄСТРАЦІЯ ТЗ ПРИВЕЗЕНОГО З-ЗА КОРДОНУ ПО ПОСВІДЧЕННЮ МИТНИЦІ,ЛЕГКОВИЙ,226159
2022,71,РЕЄСТРАЦІЯ ТЗ ПРИВЕЗЕНОГО З-ЗА КОРДОНУ ПО ПОСВІДЧЕННЮ МИТНИЦІ,МОПЕД,21
2022,71,РЕЄСТРАЦІЯ ТЗ ПРИВЕЗЕНОГО З-ЗА КОРДОНУ ПО ПОСВІДЧЕННЮ МИТНИЦІ,МОТОЦИКЛ,1169
2022,71,РЕЄСТРАЦІЯ ТЗ ПРИВЕЗЕНОГО З-ЗА КОРДОНУ ПО ПОСВІДЧЕННЮ МИТНИЦІ,НАПІВПРИЧІП,1489
2022,71,РЕЄСТРАЦІЯ ТЗ ПРИВЕЗЕНОГО З-ЗА КОРДОНУ ПО ПОСВІДЧЕННЮ МИТНИЦІ,ПРИЧІП,976
2022,71,РЕЄСТРАЦІЯ ТЗ ПРИВЕЗЕНОГО З-ЗА КОРДОНУ ПО ПОСВІДЧЕННЮ МИТНИЦІ,ТРИЦИКЛ,12
2022,72,"РЕЄСТРАЦІЯ НОВОГО ТЗ, ПРИВЕЗЕНОГО З-ЗА КОРДОНУ ПО ВМД",АВТОБУС,18
2022,72,"РЕЄСТРАЦІЯ НОВОГО ТЗ, ПРИВЕЗЕНОГО З-ЗА КОРДОНУ ПО ВМД",ВАНТАЖНИЙ,522
2022,72,"РЕЄСТРАЦІЯ НОВОГО ТЗ, ПРИВЕЗЕНОГО З-ЗА КОРДОНУ ПО ВМД",КВАДРОЦИКЛ,1
2022,72,"РЕЄСТРАЦІЯ НОВОГО ТЗ, ПРИВЕЗЕНОГО З-ЗА КОРДОНУ ПО ВМД",ЛЕГКОВИЙ,1061
2022,72,"РЕЄСТРАЦІЯ НОВОГО ТЗ, ПРИВЕЗЕНОГО З-ЗА КОРДОНУ ПО ВМД",МОТОЦИКЛ,62
2022,72,"РЕЄСТРАЦІЯ НОВОГО ТЗ, ПРИВЕЗЕНОГО З-ЗА КОРДОНУ ПО ВМД",НАПІВПРИЧІП,1353
2022,72,"РЕЄСТРАЦІЯ НОВОГО ТЗ, ПРИВЕЗЕНОГО З-ЗА КОРДОНУ ПО ВМД",ПРИЧІП,288
2022,72,"РЕЄСТРАЦІЯ НОВОГО ТЗ, ПРИВЕЗЕНОГО З-ЗА КОРДОНУ ПО ВМД",ТРИЦИКЛ,1
2022,73,РЕЄСТРАЦІЯ Б/В ТЗ НА ЮРИДИЧНУ ОСОБУ З ОБМЕЖЕННЯМ ТЕРМІНУ ВІДЧУЖЕННЯ ПРОТЯГОМ 1095 ДНІВ,АВТОБУС,7
2022,73,РЕЄСТРАЦІЯ Б/В ТЗ НА ЮРИДИЧНУ ОСОБУ З ОБМЕЖЕННЯМ ТЕРМІНУ ВІДЧУЖЕННЯ ПРОТЯГОМ 1095 ДНІВ,ВАНТАЖНИЙ,12
2022,80,"РЕЄСТРАЦІЯ ТЗ ПРИДБАНОГО НА АУКЦІОНІ, ЕЛЕКТРОННИХ ТОРГАХ, ТОВАРНІЙ БІРЖІ",ЛЕГКОВИЙ,33
2022,80,"РЕЄСТРАЦІЯ ТЗ ПРИДБАНОГО НА АУКЦІОНІ, ЕЛЕКТРОННИХ ТОРГАХ, ТОВАРНІЙ БІРЖІ",МОПЕД,1
2022,80,"РЕЄСТРАЦІЯ ТЗ ПРИДБАНОГО НА АУКЦІОНІ, ЕЛЕКТРОННИХ ТОРГАХ, ТОВАРНІЙ БІРЖІ",МОТОЦИКЛ,2
2022,80,"РЕЄСТРАЦІЯ ТЗ ПРИДБАНОГО НА АУКЦІОНІ, ЕЛЕКТРОННИХ ТОРГАХ, ТОВАРНІЙ БІРЖІ",ПРИЧІП,2
2022,90,РЕЄСТРАЦIЯ ТЗ ПРИДБАНОГО З ФОНДІВ МІН. ОБОРОНИ,АВТОБУС,1
2022,90,РЕЄСТРАЦIЯ ТЗ ПРИДБАНОГО З ФОНДІВ МІН. ОБОРОНИ,ВАНТАЖНИЙ,37
2022,90,РЕЄСТРАЦIЯ ТЗ ПРИДБАНОГО З ФОНДІВ МІН. ОБОРОНИ,ЛЕГКОВИЙ,6
2022,90,РЕЄСТРАЦIЯ ТЗ ПРИДБАНОГО З ФОНДІВ МІН. ОБОРОНИ,ПРИЧІП,9
2022,91,РЕЄСТРАЦІЯ ТЗ ПРИДБАНОГО В ІНШОМУ ОРГАНІ ДЕРЖАВНОЇ РЕЄСТРАЦІЇ,АВТОБУС,1
2022,91,РЕЄСТРАЦІЯ ТЗ ПРИДБАНОГО В ІНШОМУ ОРГАНІ ДЕРЖАВНОЇ РЕЄСТРАЦІЇ,ВАНТАЖНИЙ,12
2022,91,РЕЄСТРАЦІЯ ТЗ ПРИДБАНОГО В ІНШОМУ ОРГАНІ ДЕРЖАВНОЇ РЕЄСТРАЦІЇ,ЛЕГКОВИЙ,7
2022,91,РЕЄСТРАЦІЯ ТЗ ПРИДБАНОГО В ІНШОМУ ОРГАНІ ДЕРЖАВНОЇ РЕЄСТРАЦІЇ,ПРИЧІП,1
2022,92,РЕЄСТРАЦІЯ ТЗ ПРИ ПОВЕРНЕННІ З ВІДОМЧОЇ РЕЄСТРАЦІЇ (БЕЗ ЗМІНИ ВЛАСНИКА),ВАНТАЖНИЙ,13
2022,92,РЕЄСТРАЦІЯ ТЗ ПРИ ПОВЕРНЕННІ З ВІДОМЧОЇ РЕЄСТРАЦІЇ (БЕЗ ЗМІНИ ВЛАСНИКА),ЛЕГКОВИЙ,11
2022,92,РЕЄСТРАЦІЯ ТЗ ПРИ ПОВЕРНЕННІ З ВІДОМЧОЇ РЕЄСТРАЦІЇ (БЕЗ ЗМІНИ ВЛАСНИКА),ПРИЧІП,5
2022,99,"ПЕРВИННА РЕЄСТРАЦІЯ НОВОГО ТЗ ПРИДБАНОГО В ТОРГГОВЕЛЬНІЙ ОРГАНІЗАЦІЇ, ЯКИЙ ВИГОТОВЛЕНО В У",АВТОБУС,157
2022,99,"ПЕРВИННА РЕЄСТРАЦІЯ НОВОГО ТЗ ПРИДБАНОГО В ТОРГГОВЕЛЬНІЙ ОРГАНІЗАЦІЇ, ЯКИЙ ВИГОТОВЛЕНО В У",ВАНТАЖНИЙ,1336
2022,99,"ПЕРВИННА РЕЄСТРАЦІЯ НОВОГО ТЗ ПРИДБАНОГО В ТОРГГОВЕЛЬНІЙ ОРГАНІЗАЦІЇ, ЯКИЙ ВИГОТОВЛЕНО В У",ЛЕГКОВИЙ,3606
2022,99,"ПЕРВИННА РЕЄСТРАЦІЯ НОВОГО ТЗ ПРИДБАНОГО В ТОРГГОВЕЛЬНІЙ ОРГАНІЗАЦІЇ, ЯКИЙ ВИГОТОВЛЕНО В У",МОТОЦИКЛ,2
2022,99,"ПЕРВИННА РЕЄСТРАЦІЯ НОВОГО ТЗ ПРИДБАНОГО В ТОРГГОВЕЛЬНІЙ ОРГАНІЗАЦІЇ, ЯКИЙ ВИГОТОВЛЕНО В У",НАПІВПРИЧІП,233
2022,99,"ПЕРВИННА РЕЄСТРАЦІЯ НОВОГО ТЗ ПРИДБАНОГО В ТОРГГОВЕЛЬНІЙ ОРГАНІЗАЦІЇ, ЯКИЙ ВИГОТОВЛЕНО В У",ПРИЧІП,4356
2023,10,ВТОРИННА РЕЄСТРАЦIЯ ТЗ ПО АКТУ ПРИЙМАННЯ ПЕРЕДАЧІ(ДОД.2),АВТОБУС,1
2023,10,ВТОРИННА РЕЄСТРАЦIЯ ТЗ ПО АКТУ ПРИЙМАННЯ ПЕРЕДАЧІ(ДОД.2),ВАНТАЖНИЙ,16
2023,10,ВТОРИННА РЕЄСТРАЦIЯ ТЗ ПО АКТУ ПРИЙМАННЯ ПЕРЕДАЧІ(ДОД.2),ЛЕГКОВИЙ,5
2023,10,ВТОРИННА РЕЄСТРАЦIЯ ТЗ ПО АКТУ ПРИЙМАННЯ ПЕРЕДАЧІ(ДОД.2),НАПІВПРИЧІП,1
2023,100,"ПЕРВИННА РЕЄСТРАЦIЯ Б/В ТЗ ПРИДБАНОГО В ТОРГІВЕЛЬНІЙ ОРГАНІЗАЦІЇ, ЯКИЙ ВВЕЗЕНО З-ЗА КОРДОН",АВТОБУС,571
2023,100,"ПЕРВИННА РЕЄСТРАЦIЯ Б/В ТЗ ПРИДБАНОГО В ТОРГІВЕЛЬНІЙ ОРГАНІЗАЦІЇ, ЯКИЙ ВВЕЗЕНО З-ЗА КОРДОН",ВАНТАЖНИЙ,21631
2023,100,"ПЕРВИННА РЕЄСТРАЦIЯ Б/В ТЗ ПРИДБАНОГО В ТОРГІВЕЛЬНІЙ ОРГАНІЗАЦІЇ, ЯКИЙ ВВЕЗЕНО З-ЗА КОРДОН",КВАДРОЦИКЛ,3
2023,100,"ПЕРВИННА РЕЄСТРАЦIЯ Б/В ТЗ ПРИДБАНОГО В ТОРГІВЕЛЬНІЙ ОРГАНІЗАЦІЇ, ЯКИЙ ВВЕЗЕНО З-ЗА КОРДОН",ЛЕГКОВИЙ,98431
2023,100,"ПЕРВИННА РЕЄСТРАЦIЯ Б/В ТЗ ПРИДБАНОГО В ТОРГІВЕЛЬНІЙ ОРГАНІЗАЦІЇ, ЯКИЙ ВВЕЗЕНО З-ЗА КОРДОН",МОПЕД,2170
2023,100,"ПЕРВИННА РЕЄСТРАЦIЯ Б/В ТЗ ПРИДБАНОГО В ТОРГІВЕЛЬНІЙ ОРГАНІЗАЦІЇ, ЯКИЙ ВВЕЗЕНО З-ЗА КОРДОН",МОТОЦИКЛ,2591
2023,100,"ПЕРВИННА РЕЄСТРАЦIЯ Б/В ТЗ ПРИДБАНОГО В ТОРГІВЕЛЬНІЙ ОРГАНІЗАЦІЇ, ЯКИЙ ВВЕЗЕНО З-ЗА КОРДОН",НАПІВПРИЧІП,9968
2023,100,"ПЕРВИННА РЕЄСТРАЦIЯ Б/В ТЗ ПРИДБАНОГО В ТОРГІВЕЛЬНІЙ ОРГАНІЗАЦІЇ, ЯКИЙ ВВЕЗЕНО З-ЗА КОРДОН",ПРИЧІП,485
2023,100,"ПЕРВИННА РЕЄСТРАЦIЯ Б/В ТЗ ПРИДБАНОГО В ТОРГІВЕЛЬНІЙ ОРГАНІЗАЦІЇ, ЯКИЙ ВВЕЗЕНО З-ЗА КОРДОН",ТРИЦИКЛ,1
2023,1000,ПЕРВИННА РЕЄСТРАЦІЯ ВІДОМЧОГО ТЗ,АВТОБУС,50
2023,1000,ПЕРВИННА РЕЄСТРАЦІЯ ВІДОМЧОГО ТЗ,ВАНТАЖНИЙ,563
2023,1000,ПЕРВИННА РЕЄСТРАЦІЯ ВІДОМЧОГО ТЗ,ЛЕГКОВИЙ,265
2023,1000,ПЕРВИННА РЕЄСТРАЦІЯ ВІДОМЧОГО ТЗ,НАПІВПРИЧІП,26
2023,1000,ПЕРВИННА РЕЄСТРАЦІЯ ВІДОМЧОГО ТЗ,ПРИЧІП,31
2023,102,РЕЄСТРАЦІЯ НОВОГО ТЗ (ЕКСПЕРИМЕНТАЛЬНІ ЗРАЗКИ),НАПІВПРИЧІП,8
2023,105,"ПЕРВИННА РЕЄСТРАЦІЯ НОВОГО ТЗ ПРИДБАНОГО В ТОРГОВЕЛЬНІЙ ОРГАНІЗАЦІЇ, ЯКИЙ ВВЕЗЕНО З-ЗА КОР",АВТОБУС,125
2023,105,"ПЕРВИННА РЕЄСТРАЦІЯ НОВОГО ТЗ ПРИДБАНОГО В ТОРГОВЕЛЬНІЙ ОРГАНІЗАЦІЇ, ЯКИЙ ВВЕЗЕНО З-ЗА КОР",ВАНТАЖНИЙ,6625
2023,105,"ПЕРВИННА РЕЄСТРАЦІЯ НОВОГО ТЗ ПРИДБАНОГО В ТОРГОВЕЛЬНІЙ ОРГАНІЗАЦІЇ, ЯКИЙ ВВЕЗЕНО З-ЗА КОР",КВАДРОЦИКЛ,338
2023,105,"ПЕРВИННА РЕЄСТРАЦІЯ НОВОГО ТЗ ПРИДБАНОГО В ТОРГОВЕЛЬНІЙ ОРГАНІЗАЦІЇ, ЯКИЙ ВВЕЗЕНО З-ЗА КОР",ЛЕГКОВИЙ,55188
2023,105,"ПЕРВИННА РЕЄСТРАЦІЯ НОВОГО ТЗ ПРИДБАНОГО В ТОРГОВЕЛЬНІЙ ОРГАНІЗАЦІЇ, ЯКИЙ ВВЕЗЕНО З-ЗА КОР",МОПЕД,285
2023,105,"ПЕРВИННА РЕЄСТРАЦІЯ НОВОГО ТЗ ПРИДБАНОГО В ТОРГОВЕЛЬНІЙ ОРГАНІЗАЦІЇ, ЯКИЙ ВВЕЗЕНО З-ЗА КОР",МОТОЦИКЛ,34225
2023,105,"ПЕРВИННА РЕЄСТРАЦІЯ НОВОГО ТЗ ПРИДБАНОГО В ТОРГОВЕЛЬНІЙ ОРГАНІЗАЦІЇ, ЯКИЙ ВВЕЗЕНО З-ЗА КОР",НАПІВПРИЧІП,1514
2023,105,"ПЕРВИННА РЕЄСТРАЦІЯ НОВОГО ТЗ ПРИДБАНОГО В ТОРГОВЕЛЬНІЙ ОРГАНІЗАЦІЇ, ЯКИЙ ВВЕЗЕНО З-ЗА КОР",ПРИЧІП,99
2023,105,"ПЕРВИННА РЕЄСТРАЦІЯ НОВОГО ТЗ ПРИДБАНОГО В ТОРГОВЕЛЬНІЙ ОРГАНІЗАЦІЇ, ЯКИЙ ВВЕЗЕНО З-ЗА КОР",ТРИЦИКЛ,52
2023,11,ПЕРВИННА РЕЄСТРАЦIЯ ТЗ ДЛЯ ІНШИХ ОРГ. ДЕРЖ.ВЛАСНОСТІ,ВАНТАЖНИЙ,1
2023,110,РЕЄСТРАЦIЯ ТЗ ОТРИМАНОГО ЧЕРЕЗ ВIДДIЛ СОЦ. ЗАХИСТУ,ЛЕГКОВИЙ,3
2023,1100,РЕЄСТРАЦІЯ ВІДОМЧОГО ТЗ,АВТОБУС,3
2023,1100,РЕЄСТРАЦІЯ ВІДОМЧОГО ТЗ,ВАНТАЖНИЙ,11
2023,1100,РЕЄСТРАЦІЯ ВІДОМЧОГО ТЗ,ЛЕГКОВИЙ,29
2023,130,РЕЄСТРАЦIЯ ТЗ У ЗВ`ЯЗКУ З ПРИЇЗДОМ НА ПМЖ ІЗ ЗА КОРДОНУ,ЛЕГКОВИЙ,25
2023,130,РЕЄСТРАЦIЯ ТЗ У ЗВ`ЯЗКУ З ПРИЇЗДОМ НА ПМЖ ІЗ ЗА КОРДОНУ,ПРИЧІП,1
2023,140,ВТОРИННА РЕЄСТРАЦIЯ ТЗ У ЗВ`ЯЗКУ З НЕПРОДАЖЕМ,АВТОБУС,1
2023,140,ВТОРИННА РЕЄСТРАЦIЯ ТЗ У ЗВ`ЯЗКУ З НЕПРОДАЖЕМ,ВАНТАЖНИЙ,20
2023,140,ВТОРИННА РЕЄСТРАЦIЯ ТЗ У ЗВ`ЯЗКУ З НЕПРОДАЖЕМ,ЛЕГКОВИЙ,60
2023,140,ВТОРИННА РЕЄСТРАЦIЯ ТЗ У ЗВ`ЯЗКУ З НЕПРОДАЖЕМ,МОТОЦИКЛ,4
2023,140,ВТОРИННА РЕЄСТРАЦIЯ ТЗ У ЗВ`ЯЗКУ З НЕПРОДАЖЕМ,НАПІВПРИЧІП,8
2023,140,ВТОРИННА РЕЄСТРАЦIЯ ТЗ У ЗВ`ЯЗКУ З НЕПРОДАЖЕМ,ПРИЧІП,5
2023,141,РЕЄСТРАЦIЯ ТЗ ПIСЛЯ СКАСУВАННЯ РЕЄСТРАЦІЇ,АВТОБУС,1
2023,141,РЕЄСТРАЦIЯ ТЗ ПIСЛЯ СКАСУВАННЯ РЕЄСТРАЦІЇ,ВАНТАЖНИЙ,1
2023,141,РЕЄСТРАЦIЯ ТЗ ПIСЛЯ СКАСУВАННЯ РЕЄСТРАЦІЇ,ЛЕГКОВИЙ,12
2023,150,РЕЄСТРАЦIЯ ТЗ САМОСТIЙНО СКЛАДЕНОГО,ТРИЦИКЛ,1
2023,18,"ВНЕСЕННЯ КАРТКИ ВІДОМЧОЇ РЕЄСТРАЦІЇ ТЗ (ТІЛЬКИ ДЛЯ НАДАННЯ ДОЗВОЛУ НА СПЕЦСИГНАЛ, ДОПНВ ТА",АВТОБУС,7
2023,18,"ВНЕСЕННЯ КАРТКИ ВІДОМЧОЇ РЕЄСТРАЦІЇ ТЗ (ТІЛЬКИ ДЛЯ НАДАННЯ ДОЗВОЛУ НА СПЕЦСИГНАЛ, ДОПНВ ТА",ВАНТАЖНИЙ,570
2023,18,"ВНЕСЕННЯ КАРТКИ ВІДОМЧОЇ РЕЄСТРАЦІЇ ТЗ (ТІЛЬКИ ДЛЯ НАДАННЯ ДОЗВОЛУ НА СПЕЦСИГНАЛ, ДОПНВ ТА",ЛЕГКОВИЙ,303
2023,18,"ВНЕСЕННЯ КАРТКИ ВІДОМЧОЇ РЕЄСТРАЦІЇ ТЗ (ТІЛЬКИ ДЛЯ НАДАННЯ ДОЗВОЛУ НА СПЕЦСИГНАЛ, ДОПНВ ТА",НАПІВПРИЧІП,1
2023,18,"ВНЕСЕННЯ КАРТКИ ВІДОМЧОЇ РЕЄСТРАЦІЇ ТЗ (ТІЛЬКИ ДЛЯ НАДАННЯ ДОЗВОЛУ НА СПЕЦСИГНАЛ, ДОПНВ ТА",ПРИЧІП,3
2023,2000,ПЕРЕРЕЄСТРАЦІЯ ВІДОМЧОГО ТЗ,АВТОБУС,2
2023,2000,ПЕРЕРЕЄСТРАЦІЯ ВІДОМЧОГО ТЗ,ВАНТАЖНИЙ,10
2023,2000,ПЕРЕРЕЄСТРАЦІЯ ВІДОМЧОГО ТЗ,ЛЕГКОВИЙ,11
2023,2000,ПЕРЕРЕЄСТРАЦІЯ ВІДОМЧОГО ТЗ,ПРИЧІП,1
2023,213,ВИДАЧА ТТ У ЗВ'ЯЗКУ З ПОСТАНОВКОЮ НА ТИМЧАСОВИЙ ДЕРЖАВНИЙ ОБЛІК НА ПЕРІОД ВОЄННОГО СТАНУ,АВТОБУС,774
2023,213,ВИДАЧА ТТ У ЗВ'ЯЗКУ З ПОСТАНОВКОЮ НА ТИМЧАСОВИЙ ДЕРЖАВНИЙ ОБЛІК НА ПЕРІОД ВОЄННОГО СТАНУ,ВАНТАЖНИЙ,4486
2023,213,ВИДАЧА ТТ У ЗВ'ЯЗКУ З ПОСТАНОВКОЮ НА ТИМЧАСОВИЙ ДЕРЖАВНИЙ ОБЛІК НА ПЕРІОД ВОЄННОГО СТАНУ,КВАДРОЦИКЛ,3
2023,213,ВИДАЧА ТТ У ЗВ'ЯЗКУ З ПОСТАНОВКОЮ НА ТИМЧАСОВИЙ ДЕРЖАВНИЙ ОБЛІК НА ПЕРІОД ВОЄННОГО СТАНУ,ЛЕГКОВИЙ,13786
2023,213,ВИДАЧА ТТ У ЗВ'ЯЗКУ З ПОСТАНОВКОЮ НА ТИМЧАСОВИЙ ДЕРЖАВНИЙ ОБЛІК НА ПЕРІОД ВОЄННОГО СТАНУ,МОПЕД,1
2023,213,ВИДАЧА ТТ У ЗВ'ЯЗКУ З ПОСТАНОВКОЮ НА ТИМЧАСОВИЙ ДЕРЖАВНИЙ ОБЛІК НА ПЕРІОД ВОЄННОГО СТАНУ,МОТОЦИКЛ,15
2023,213,ВИДАЧА ТТ У ЗВ'ЯЗКУ З ПОСТАНОВКОЮ НА ТИМЧАСОВИЙ ДЕРЖАВНИЙ ОБЛІК НА ПЕРІОД ВОЄННОГО СТАНУ,НАПІВПРИЧІП,30
2023,213,ВИДАЧА ТТ У ЗВ'ЯЗКУ З ПОСТАНОВКОЮ НА ТИМЧАСОВИЙ ДЕРЖАВНИЙ ОБЛІК НА ПЕРІОД ВОЄННОГО СТАНУ,ПРИЧІП,197
2023,213,ВИДАЧА ТТ У ЗВ'ЯЗКУ З ПОСТАНОВКОЮ НА ТИМЧАСОВИЙ ДЕРЖАВНИЙ ОБЛІК НА ПЕРІОД ВОЄННОГО СТАНУ,ТРИЦИКЛ,1
2023,218,ПЕРЕРЕЄСТРАЦІЯ НА НОВОГО ВЛАСНИКА ЗА ДОГ. КУПIВЛI-ПРОДАЖУ (СГ) З ПОСТ. НА ТИМЧ. ОБЛІК ТА В,ЛЕГКОВИЙ,3
2023,220,ВИДАЧА ТИМЧАСОВОГО ТАЛОНА ПРИ ТИМЧАСОВОМУ ВВЕЗЕННЮ ТЗ НА МИТНУ ТЕРИТОРІЮ УКРАЇНИ,ЛЕГКОВИЙ,19
2023,221,"РЕЄСТРАЦІЮ ТЗ,ВВЕЗЕНОГО ПІД ЗОБОВ'ЯЗАННЯ ПРО ЗВОРОТНЕ ВИВЕЗЕННЯ",АВТОБУС,18
2023,221,"РЕЄСТРАЦІЮ ТЗ,ВВЕЗЕНОГО ПІД ЗОБОВ'ЯЗАННЯ ПРО ЗВОРОТНЕ ВИВЕЗЕННЯ",ВАНТАЖНИЙ,34
2023,221,"РЕЄСТРАЦІЮ ТЗ,ВВЕЗЕНОГО ПІД ЗОБОВ'ЯЗАННЯ ПРО ЗВОРОТНЕ ВИВЕЗЕННЯ",ЛЕГКОВИЙ,451
2023,221,"РЕЄСТРАЦІЮ ТЗ,ВВЕЗЕНОГО ПІД ЗОБОВ'ЯЗАННЯ ПРО ЗВОРОТНЕ ВИВЕЗЕННЯ",МОТОЦИКЛ,1
2023,221,"РЕЄСТРАЦІЮ ТЗ,ВВЕЗЕНОГО ПІД ЗОБОВ'ЯЗАННЯ ПРО ЗВОРОТНЕ ВИВЕЗЕННЯ",НАПІВПРИЧІП,2
2023,230,ВИДАЧА СВ. ПРО РЕЄСТР ДЛЯ ПОЇЗДКИ ЗА КОРДОН,АВТОБУС,1698
2023,230,ВИДАЧА СВ. ПРО РЕЄСТР ДЛЯ ПОЇЗДКИ ЗА КОРДОН,ВАНТАЖНИЙ,13887
2023,230,ВИДАЧА СВ. ПРО РЕЄСТР ДЛЯ ПОЇЗДКИ ЗА КОРДОН,ЛЕГКОВИЙ,9335
2023,230,ВИДАЧА СВ. ПРО РЕЄСТР ДЛЯ ПОЇЗДКИ ЗА КОРДОН,МОТОЦИКЛ,10
2023,230,ВИДАЧА СВ. ПРО РЕЄСТР ДЛЯ ПОЇЗДКИ ЗА КОРДОН,НАПІВПРИЧІП,7306
2023,230,ВИДАЧА СВ. ПРО РЕЄСТР ДЛЯ ПОЇЗДКИ ЗА КОРДОН,ПРИЧІП,361
2023,250,ВИДАЧА ТИМЧАСОВОГО РЕЄСТР ТАЛОНУ ПО ДОРУЧЕННЮ ЧИ ІНШОГО ДОКУМ.ПРАВОКОРИСТУВАННЯ,АВТОБУС,7457
2023,250,ВИДАЧА ТИМЧАСОВОГО РЕЄСТР ТАЛОНУ ПО ДОРУЧЕННЮ ЧИ ІНШОГО ДОКУМ.ПРАВОКОРИСТУВАННЯ,ВАНТАЖНИЙ,896
2023,250,ВИДАЧА ТИМЧАСОВОГО РЕЄСТР ТАЛОНУ ПО ДОРУЧЕННЮ ЧИ ІНШОГО ДОКУМ.ПРАВОКОРИСТУВАННЯ,КВАДРОЦИКЛ,3
2023,250,ВИДАЧА ТИМЧАСОВОГО РЕЄСТР ТАЛОНУ ПО ДОРУЧЕННЮ ЧИ ІНШОГО ДОКУМ.ПРАВОКОРИСТУВАННЯ,ЛЕГКОВИЙ,845
2023,250,ВИДАЧА ТИМЧАСОВОГО РЕЄСТР ТАЛОНУ ПО ДОРУЧЕННЮ ЧИ ІНШОГО ДОКУМ.ПРАВОКОРИСТУВАННЯ,МОПЕД,13
2023,250,ВИДАЧА ТИМЧАСОВОГО РЕЄСТР ТАЛОНУ ПО ДОРУЧЕННЮ ЧИ ІНШОГО ДОКУМ.ПРАВОКОРИСТУВАННЯ,МОТОЦИКЛ,16
2023,250,ВИДАЧА ТИМЧАСОВОГО РЕЄСТР ТАЛОНУ ПО ДОРУЧЕННЮ ЧИ ІНШОГО ДОКУМ.ПРАВОКОРИСТУВАННЯ,НАПІВПРИЧІП,552
2023,250,ВИДАЧА ТИМЧАСОВОГО РЕЄСТР ТАЛОНУ ПО ДОРУЧЕННЮ ЧИ ІНШОГО ДОКУМ.ПРАВОКОРИСТУВАННЯ,ПРИЧІП,83
2023,250,ВИДАЧА ТИМЧАСОВОГО РЕЄСТР ТАЛОНУ ПО ДОРУЧЕННЮ ЧИ ІНШОГО ДОКУМ.ПРАВОКОРИСТУВАННЯ,ТРИЦИКЛ,1
2023,252,ВИДАЧА ТИМЧАС. РЕЄСТР. ТАЛОНУ НА ПРАВО КЕРУВАННЯ ЗА ЗАЯВОЮ ВЛАСНИКА,АВТОБУС,1746
2023,252,ВИДАЧА ТИМЧАС. РЕЄСТР. ТАЛОНУ НА ПРАВО КЕРУВАННЯ ЗА ЗАЯВОЮ ВЛАСНИКА,ВАНТАЖНИЙ,211
2023,252,ВИДАЧА ТИМЧАС. РЕЄСТР. ТАЛОНУ НА ПРАВО КЕРУВАННЯ ЗА ЗАЯВОЮ ВЛАСНИКА,КВАДРОЦИКЛ,1
2023,252,ВИДАЧА ТИМЧАС. РЕЄСТР. ТАЛОНУ НА ПРАВО КЕРУВАННЯ ЗА ЗАЯВОЮ ВЛАСНИКА,ЛЕГКОВИЙ,985
2023,252,ВИДАЧА ТИМЧАС. РЕЄСТР. ТАЛОНУ НА ПРАВО КЕРУВАННЯ ЗА ЗАЯВОЮ ВЛАСНИКА,МОПЕД,9
2023,252,ВИДАЧА ТИМЧАС. РЕЄСТР. ТАЛОНУ НА ПРАВО КЕРУВАННЯ ЗА ЗАЯВОЮ ВЛАСНИКА,МОТОЦИКЛ,28
2023,252,ВИДАЧА ТИМЧАС. РЕЄСТР. ТАЛОНУ НА ПРАВО КЕРУВАННЯ ЗА ЗАЯВОЮ ВЛАСНИКА,НАПІВПРИЧІП,63
2023,252,ВИДАЧА ТИМЧАС. РЕЄСТР. ТАЛОНУ НА ПРАВО КЕРУВАННЯ ЗА ЗАЯВОЮ ВЛАСНИКА,ПРИЧІП,43
2023,253,"ВИДАЧА ТИМЧАСОВОГО ТАЛОНУ НА ПІДСТАВІ ЗАЯВИ УПРАВИТЕЛЯ ТА ДОГОВОРУ УПРАВЛІННЯ, УКЛАДЕНОГО ",ВАНТАЖНИЙ,4
2023,254,НАЛЕЖНИЙ КОРИСТУВАЧ. РЕЄСТРАЦІЯ,АВТОБУС,613
2023,254,НАЛЕЖНИЙ КОРИСТУВАЧ. РЕЄСТРАЦІЯ,ВАНТАЖНИЙ,7430
2023,254,НАЛЕЖНИЙ КОРИСТУВАЧ. РЕЄСТРАЦІЯ,КВАДРОЦИКЛ,9
2023,254,НАЛЕЖНИЙ КОРИСТУВАЧ. РЕЄСТРАЦІЯ,ЛЕГКОВИЙ,187051
2023,254,НАЛЕЖНИЙ КОРИСТУВАЧ. РЕЄСТРАЦІЯ,МОПЕД,101
2023,254,НАЛЕЖНИЙ КОРИСТУВАЧ. РЕЄСТРАЦІЯ,МОТОЦИКЛ,2361
2023,254,НАЛЕЖНИЙ КОРИСТУВАЧ. РЕЄСТРАЦІЯ,НАПІВПРИЧІП,307
2023,254,НАЛЕЖНИЙ КОРИСТУВАЧ. РЕЄСТРАЦІЯ,ПРИЧІП,1244
2023,254,НАЛЕЖНИЙ КОРИСТУВАЧ. РЕЄСТРАЦІЯ,СПЕЦІАЛІЗОВАНІ,1
2023,254,НАЛЕЖНИЙ КОРИСТУВАЧ. РЕЄСТРАЦІЯ,ТРИЦИКЛ,5
2023,255,АНУЛЮВАННЯ ВИДАЧI ТИМЧАС. РЕЄСТРАЦIЙНОГО ТАЛОНУ ПО ДОРУЧ,АВТОБУС,465
2023,255,АНУЛЮВАННЯ ВИДАЧI ТИМЧАС. РЕЄСТРАЦIЙНОГО ТАЛОНУ ПО ДОРУЧ,ВАНТАЖНИЙ,30
2023,255,АНУЛЮВАННЯ ВИДАЧI ТИМЧАС. РЕЄСТРАЦIЙНОГО ТАЛОНУ ПО ДОРУЧ,ЛЕГКОВИЙ,56
2023,255,АНУЛЮВАННЯ ВИДАЧI ТИМЧАС. РЕЄСТРАЦIЙНОГО ТАЛОНУ ПО ДОРУЧ,НАПІВПРИЧІП,15
2023,255,АНУЛЮВАННЯ ВИДАЧI ТИМЧАС. РЕЄСТРАЦIЙНОГО ТАЛОНУ ПО ДОРУЧ,ПРИЧІП,1
2023,256,АНУЛЮВАННЯ ВИДАЧI ТИМЧАС. РЕЕСТР. ТАЛОНУ ПО ЗАЯВI ВЛ,АВТОБУС,217
2023,256,АНУЛЮВАННЯ ВИДАЧI ТИМЧАС. РЕЕСТР. ТАЛОНУ ПО ЗАЯВI ВЛ,ВАНТАЖНИЙ,18
2023,256,АНУЛЮВАННЯ ВИДАЧI ТИМЧАС. РЕЕСТР. ТАЛОНУ ПО ЗАЯВI ВЛ,ЛЕГКОВИЙ,179
2023,256,АНУЛЮВАННЯ ВИДАЧI ТИМЧАС. РЕЕСТР. ТАЛОНУ ПО ЗАЯВI ВЛ,МОПЕД,1
2023,256,АНУЛЮВАННЯ ВИДАЧI ТИМЧАС. РЕЕСТР. ТАЛОНУ ПО ЗАЯВI ВЛ,МОТОЦИКЛ,1
2023,256,АНУЛЮВАННЯ ВИДАЧI ТИМЧАС. РЕЕСТР. ТАЛОНУ ПО ЗАЯВI ВЛ,НАПІВПРИЧІП,8
2023,256,АНУЛЮВАННЯ ВИДАЧI ТИМЧАС. РЕЕСТР. ТАЛОНУ ПО ЗАЯВI ВЛ,ПРИЧІП,2
2023,257,НАЛЕЖНИЙ КОРИСТУВАЧ.РЕЄСТРАЦІЯ (ТІЛЬКИ ДЛЯ КЕРІВНИКІВ ЮО),ВАНТАЖНИЙ,276
2023,257,НАЛЕЖНИЙ КОРИСТУВАЧ.РЕЄСТРАЦІЯ (ТІЛЬКИ ДЛЯ КЕРІВНИКІВ ЮО),ЛЕГКОВИЙ,321
2023,257,НАЛЕЖНИЙ КОРИСТУВАЧ.РЕЄСТРАЦІЯ (ТІЛЬКИ ДЛЯ КЕРІВНИКІВ ЮО),НАПІВПРИЧІП,14
2023,257,НАЛЕЖНИЙ КОРИСТУВАЧ.РЕЄСТРАЦІЯ (ТІЛЬКИ ДЛЯ КЕРІВНИКІВ ЮО),ПРИЧІП,1
2023,257,НАЛЕЖНИЙ КОРИСТУВАЧ.РЕЄСТРАЦІЯ (ТІЛЬКИ ДЛЯ КЕРІВНИКІВ ЮО),ТРИЦИКЛ,4
2023,260,ВИДАЧА ТИМЧ. РЕЄСТР. ТАЛОНУ ПРИ ВИЯВЛЕННI ТЗ ВИКР ЗА КОРД,ЛЕГКОВИЙ,6
2023,260,ВИДАЧА ТИМЧ. РЕЄСТР. ТАЛОНУ ПРИ ВИЯВЛЕННI ТЗ ВИКР ЗА КОРД,ПРИЧІП,1
2023,284,НАЛЕЖНИЙ КОРИСТУВАЧ. ВИКЛЮЧЕННЯ ВІДОМОСТЕЙ,АВТОБУС,137
2023,284,НАЛЕЖНИЙ КОРИСТУВАЧ. ВИКЛЮЧЕННЯ ВІДОМОСТЕЙ,ВАНТАЖНИЙ,685
2023,284,НАЛЕЖНИЙ КОРИСТУВАЧ. ВИКЛЮЧЕННЯ ВІДОМОСТЕЙ,ЛЕГКОВИЙ,15675
2023,284,НАЛЕЖНИЙ КОРИСТУВАЧ. ВИКЛЮЧЕННЯ ВІДОМОСТЕЙ,МОПЕД,13
2023,284,НАЛЕЖНИЙ КОРИСТУВАЧ. ВИКЛЮЧЕННЯ ВІДОМОСТЕЙ,МОТОЦИКЛ,114
2023,284,НАЛЕЖНИЙ КОРИСТУВАЧ. ВИКЛЮЧЕННЯ ВІДОМОСТЕЙ,НАПІВПРИЧІП,5
2023,284,НАЛЕЖНИЙ КОРИСТУВАЧ. ВИКЛЮЧЕННЯ ВІДОМОСТЕЙ,ПРИЧІП,76
2023,284,НАЛЕЖНИЙ КОРИСТУВАЧ. ВИКЛЮЧЕННЯ ВІДОМОСТЕЙ,ТРИЦИКЛ,1
2023,30,ПЕРВИННА РЕЄСТРАЦІЯ ТЗ ДЛЯ ІНДИВ. ВЛАСНИКА,МОТОЦИКЛ,1
2023,300,ПЕРЕРЕЄСТРАЦIЯ НА НОВОГО ВЛАСНИКА ЗА СВIД. НА СПIЛЬНЕ МАЙНО,АВТОБУС,1
2023,300,ПЕРЕРЕЄСТРАЦIЯ НА НОВОГО ВЛАСНИКА ЗА СВIД. НА СПIЛЬНЕ МАЙНО,ВАНТАЖНИЙ,13
2023,300,ПЕРЕРЕЄСТРАЦIЯ НА НОВОГО ВЛАСНИКА ЗА СВIД. НА СПIЛЬНЕ МАЙНО,ЛЕГКОВИЙ,77
2023,300,ПЕРЕРЕЄСТРАЦIЯ НА НОВОГО ВЛАСНИКА ЗА СВIД. НА СПIЛЬНЕ МАЙНО,НАПІВПРИЧІП,4
2023,300,ПЕРЕРЕЄСТРАЦIЯ НА НОВОГО ВЛАСНИКА ЗА СВIД. НА СПIЛЬНЕ МАЙНО,ПРИЧІП,3
2023,3000,ЗНЯТТЯ З ОБЛІКУ ВІДОМЧОГО ТЗ,ВАНТАЖНИЙ,2
2023,3000,ЗНЯТТЯ З ОБЛІКУ ВІДОМЧОГО ТЗ,ЛЕГКОВИЙ,16
2023,3001,ЗНЯТТЯ З ОБЛІКУ ВІДОМЧОГО ТЗ ДЛЯ РЕАЛІЗАЦІЇ,ЛЕГКОВИЙ,1
2023,3003,ЗНЯТТЯ З ОБЛІКУ ВІДОМЧОГО ТЗ (ПЕРЕДАЧА ДО ІНШОГО ПІДРОЗДІЛУ),ВАНТАЖНИЙ,1
2023,301,ПЕРЕРЕЄСТРАЦІЯ ЗА ДОГОВОРОМ ПОДІЛУ МАЙНА,АВТОБУС,6
2023,301,ПЕРЕРЕЄСТРАЦІЯ ЗА ДОГОВОРОМ ПОДІЛУ МАЙНА,ВАНТАЖНИЙ,24
2023,301,ПЕРЕРЕЄСТРАЦІЯ ЗА ДОГОВОРОМ ПОДІЛУ МАЙНА,ЛЕГКОВИЙ,230
2023,301,ПЕРЕРЕЄСТРАЦІЯ ЗА ДОГОВОРОМ ПОДІЛУ МАЙНА,НАПІВПРИЧІП,7
2023,301,ПЕРЕРЕЄСТРАЦІЯ ЗА ДОГОВОРОМ ПОДІЛУ МАЙНА,ПРИЧІП,3
2023,308,ПЕРЕРЕЄСТРАЦІЯ НА НОВОГО ВЛАСНИКА ЗА ДОГ. КУПIВЛI-ПРОДАЖУ (СГ),АВТОБУС,6036
2023,308,ПЕРЕРЕЄСТРАЦІЯ НА НОВОГО ВЛАСНИКА ЗА ДОГ. КУПIВЛI-ПРОДАЖУ (СГ),ВАНТАЖНИЙ,72991
2023,308,ПЕРЕРЕЄСТРАЦІЯ НА НОВОГО ВЛАСНИКА ЗА ДОГ. КУПIВЛI-ПРОДАЖУ (СГ),КВАДРОЦИКЛ,21
2023,308,ПЕРЕРЕЄСТРАЦІЯ НА НОВОГО ВЛАСНИКА ЗА ДОГ. КУПIВЛI-ПРОДАЖУ (СГ),ЛЕГКОВИЙ,362054
2023,308,ПЕРЕРЕЄСТРАЦІЯ НА НОВОГО ВЛАСНИКА ЗА ДОГ. КУПIВЛI-ПРОДАЖУ (СГ),МОПЕД,214
2023,308,ПЕРЕРЕЄСТРАЦІЯ НА НОВОГО ВЛАСНИКА ЗА ДОГ. КУПIВЛI-ПРОДАЖУ (СГ),МОТОЦИКЛ,5956
2023,308,ПЕРЕРЕЄСТРАЦІЯ НА НОВОГО ВЛАСНИКА ЗА ДОГ. КУПIВЛI-ПРОДАЖУ (СГ),НАПІВПРИЧІП,15567
2023,308,ПЕРЕРЕЄСТРАЦІЯ НА НОВОГО ВЛАСНИКА ЗА ДОГ. КУПIВЛI-ПРОДАЖУ (СГ),ПРИЧІП,7622
2023,308,ПЕРЕРЕЄСТРАЦІЯ НА НОВОГО ВЛАСНИКА ЗА ДОГ. КУПIВЛI-ПРОДАЖУ (СГ),ТРИЦИКЛ,25
2023,310,ПЕРЕРЕЄСТРАЦІЯ НА НОВОГО ВЛАСНИКА ЗА ДОГ. КУП.-ПРОД.ТА ІНШ.(ОФОРМ.НОТАРІАЛЬНО ),АВТОБУС,108
2023,310,ПЕРЕРЕЄСТРАЦІЯ НА НОВОГО ВЛАСНИКА ЗА ДОГ. КУП.-ПРОД.ТА ІНШ.(ОФОРМ.НОТАРІАЛЬНО ),ВАНТАЖНИЙ,213
2023,310,ПЕРЕРЕЄСТРАЦІЯ НА НОВОГО ВЛАСНИКА ЗА ДОГ. КУП.-ПРОД.ТА ІНШ.(ОФОРМ.НОТАРІАЛЬНО ),ЛЕГКОВИЙ,1474
2023,310,ПЕРЕРЕЄСТРАЦІЯ НА НОВОГО ВЛАСНИКА ЗА ДОГ. КУП.-ПРОД.ТА ІНШ.(ОФОРМ.НОТАРІАЛЬНО ),МОТОЦИКЛ,30
2023,310,ПЕРЕРЕЄСТРАЦІЯ НА НОВОГО ВЛАСНИКА ЗА ДОГ. КУП.-ПРОД.ТА ІНШ.(ОФОРМ.НОТАРІАЛЬНО ),НАПІВПРИЧІП,53
2023,310,ПЕРЕРЕЄСТРАЦІЯ НА НОВОГО ВЛАСНИКА ЗА ДОГ. КУП.-ПРОД.ТА ІНШ.(ОФОРМ.НОТАРІАЛЬНО ),ПРИЧІП,20
2023,311,ПЕРЕРЕЄСТРАЦІЯ НА НОВОГО ВЛАСНИКА ЗА ДОГОВОРОМ МІНИ,ВАНТАЖНИЙ,2
2023,311,ПЕРЕРЕЄСТРАЦІЯ НА НОВОГО ВЛАСНИКА ЗА ДОГОВОРОМ МІНИ,ЛЕГКОВИЙ,19
2023,312,"ПЕРЕРЕЄСТРАЦІЯ ТЗ НА НОВОГО ВЛАСНИКА, ОТРИМАНОГО ЧЕРЕЗ ВІДДІЛ СОЦЗАХИСТУ",ЛЕГКОВИЙ,16
2023,313,"ПЕРЕРЕЄСТРАЦІЯ НА НОВОГО ВЛАСНИКА ЗА ДОГ. КУПІВЛІ-ПРОДАЖУ, УКЛАДЕНОГО У СГ НА ТЗ ЗАРЕЄСТРО",АВТОБУС,50
2023,313,"ПЕРЕРЕЄСТРАЦІЯ НА НОВОГО ВЛАСНИКА ЗА ДОГ. КУПІВЛІ-ПРОДАЖУ, УКЛАДЕНОГО У СГ НА ТЗ ЗАРЕЄСТРО",ВАНТАЖНИЙ,227
2023,313,"ПЕРЕРЕЄСТРАЦІЯ НА НОВОГО ВЛАСНИКА ЗА ДОГ. КУПІВЛІ-ПРОДАЖУ, УКЛАДЕНОГО У СГ НА ТЗ ЗАРЕЄСТРО",ЛЕГКОВИЙ,2835
2023,313,"ПЕРЕРЕЄСТРАЦІЯ НА НОВОГО ВЛАСНИКА ЗА ДОГ. КУПІВЛІ-ПРОДАЖУ, УКЛАДЕНОГО У СГ НА ТЗ ЗАРЕЄСТРО",МОТОЦИКЛ,42
2023,313,"ПЕРЕРЕЄСТРАЦІЯ НА НОВОГО ВЛАСНИКА ЗА ДОГ. КУПІВЛІ-ПРОДАЖУ, УКЛАДЕНОГО У СГ НА ТЗ ЗАРЕЄСТРО",НАПІВПРИЧІП,72
2023,313,"ПЕРЕРЕЄСТРАЦІЯ НА НОВОГО ВЛАСНИКА ЗА ДОГ. КУПІВЛІ-ПРОДАЖУ, УКЛАДЕНОГО У СГ НА ТЗ ЗАРЕЄСТРО",ПРИЧІП,13
2023,314,ПЕРЕРЕЄСТРАЦІЯ ТЗ ІЗ УКЛАДАННЯМ ДОГОВОРУ КУПІВЛІ-ПРОДАЖУ ЧЕРЕЗ ЕЛЕКТРОННІ СЕРВІСИ ТА ЗОВНІ,ВАНТАЖНИЙ,1
2023,314,ПЕРЕРЕЄСТРАЦІЯ ТЗ ІЗ УКЛАДАННЯМ ДОГОВОРУ КУПІВЛІ-ПРОДАЖУ ЧЕРЕЗ ЕЛЕКТРОННІ СЕРВІСИ ТА ЗОВНІ,ЛЕГКОВИЙ,1440
2023,314,ПЕРЕРЕЄСТРАЦІЯ ТЗ ІЗ УКЛАДАННЯМ ДОГОВОРУ КУПІВЛІ-ПРОДАЖУ ЧЕРЕЗ ЕЛЕКТРОННІ СЕРВІСИ ТА ЗОВНІ,МОПЕД,1
2023,314,ПЕРЕРЕЄСТРАЦІЯ ТЗ ІЗ УКЛАДАННЯМ ДОГОВОРУ КУПІВЛІ-ПРОДАЖУ ЧЕРЕЗ ЕЛЕКТРОННІ СЕРВІСИ ТА ЗОВНІ,МОТОЦИКЛ,62
2023,315,ПЕРЕРЕЄСТРАЦІЯ ТЗ НА НОВ. ВЛАСН. ПО ДОГОВОРУ УКЛАДЕНОМУ В ТСЦ,АВТОБУС,965
2023,315,ПЕРЕРЕЄСТРАЦІЯ ТЗ НА НОВ. ВЛАСН. ПО ДОГОВОРУ УКЛАДЕНОМУ В ТСЦ,ВАНТАЖНИЙ,12197
2023,315,ПЕРЕРЕЄСТРАЦІЯ ТЗ НА НОВ. ВЛАСН. ПО ДОГОВОРУ УКЛАДЕНОМУ В ТСЦ,КВАДРОЦИКЛ,46
2023,315,ПЕРЕРЕЄСТРАЦІЯ ТЗ НА НОВ. ВЛАСН. ПО ДОГОВОРУ УКЛАДЕНОМУ В ТСЦ,ЛЕГКОВИЙ,588774
2023,315,ПЕРЕРЕЄСТРАЦІЯ ТЗ НА НОВ. ВЛАСН. ПО ДОГОВОРУ УКЛАДЕНОМУ В ТСЦ,МОПЕД,731
2023,315,ПЕРЕРЕЄСТРАЦІЯ ТЗ НА НОВ. ВЛАСН. ПО ДОГОВОРУ УКЛАДЕНОМУ В ТСЦ,МОТОЦИКЛ,13568
2023,315,ПЕРЕРЕЄСТРАЦІЯ ТЗ НА НОВ. ВЛАСН. ПО ДОГОВОРУ УКЛАДЕНОМУ В ТСЦ,НАПІВПРИЧІП,3938
2023,315,ПЕРЕРЕЄСТРАЦІЯ ТЗ НА НОВ. ВЛАСН. ПО ДОГОВОРУ УКЛАДЕНОМУ В ТСЦ,ПРИЧІП,1490
2023,315,ПЕРЕРЕЄСТРАЦІЯ ТЗ НА НОВ. ВЛАСН. ПО ДОГОВОРУ УКЛАДЕНОМУ В ТСЦ,ТРИЦИКЛ,40
2023,316,ПЕРЕРЕЄСТРАЦІЯ ТЗ НА НОВ. ВЛАСН. ПО ДОГОВОРУ МІНИ УКЛАДЕНОМУ В ТСЦ,ЛЕГКОВИЙ,2
2023,317,ПЕРЕРЕЄСТРАЦІЯ ТЗ НА НОВ. ВЛАСН. ПО ДОГОВОРУ ДАРУВАННЯ УКЛАДЕНОМУ В ТСЦ,АВТОБУС,53
2023,317,ПЕРЕРЕЄСТРАЦІЯ ТЗ НА НОВ. ВЛАСН. ПО ДОГОВОРУ ДАРУВАННЯ УКЛАДЕНОМУ В ТСЦ,ВАНТАЖНИЙ,194
2023,317,ПЕРЕРЕЄСТРАЦІЯ ТЗ НА НОВ. ВЛАСН. ПО ДОГОВОРУ ДАРУВАННЯ УКЛАДЕНОМУ В ТСЦ,ЛЕГКОВИЙ,2108
2023,317,ПЕРЕРЕЄСТРАЦІЯ ТЗ НА НОВ. ВЛАСН. ПО ДОГОВОРУ ДАРУВАННЯ УКЛАДЕНОМУ В ТСЦ,МОТОЦИКЛ,24
2023,317,ПЕРЕРЕЄСТРАЦІЯ ТЗ НА НОВ. ВЛАСН. ПО ДОГОВОРУ ДАРУВАННЯ УКЛАДЕНОМУ В ТСЦ,НАПІВПРИЧІП,47
2023,317,ПЕРЕРЕЄСТРАЦІЯ ТЗ НА НОВ. ВЛАСН. ПО ДОГОВОРУ ДАРУВАННЯ УКЛАДЕНОМУ В ТСЦ,ПРИЧІП,37
2023,317,ПЕРЕРЕЄСТРАЦІЯ ТЗ НА НОВ. ВЛАСН. ПО ДОГОВОРУ ДАРУВАННЯ УКЛАДЕНОМУ В ТСЦ,ТРИЦИКЛ,1
2023,319,ПЕРЕРЕЄСТРАЦІЯ ТЗ НА НОВОГО ВЛАСНИКА ЗА АКТОМ ПРИЙОМУ-ПЕРЕДАЧІ,АВТОБУС,729
2023,319,ПЕРЕРЕЄСТРАЦІЯ ТЗ НА НОВОГО ВЛАСНИКА ЗА АКТОМ ПРИЙОМУ-ПЕРЕДАЧІ,ВАНТАЖНИЙ,3599
2023,319,ПЕРЕРЕЄСТРАЦІЯ ТЗ НА НОВОГО ВЛАСНИКА ЗА АКТОМ ПРИЙОМУ-ПЕРЕДАЧІ,КВАДРОЦИКЛ,2
2023,319,ПЕРЕРЕЄСТРАЦІЯ ТЗ НА НОВОГО ВЛАСНИКА ЗА АКТОМ ПРИЙОМУ-ПЕРЕДАЧІ,ЛЕГКОВИЙ,7034
2023,319,ПЕРЕРЕЄСТРАЦІЯ ТЗ НА НОВОГО ВЛАСНИКА ЗА АКТОМ ПРИЙОМУ-ПЕРЕДАЧІ,МОПЕД,1
2023,319,ПЕРЕРЕЄСТРАЦІЯ ТЗ НА НОВОГО ВЛАСНИКА ЗА АКТОМ ПРИЙОМУ-ПЕРЕДАЧІ,МОТОЦИКЛ,954
2023,319,ПЕРЕРЕЄСТРАЦІЯ ТЗ НА НОВОГО ВЛАСНИКА ЗА АКТОМ ПРИЙОМУ-ПЕРЕДАЧІ,НАПІВПРИЧІП,110
2023,319,ПЕРЕРЕЄСТРАЦІЯ ТЗ НА НОВОГО ВЛАСНИКА ЗА АКТОМ ПРИЙОМУ-ПЕРЕДАЧІ,ПРИЧІП,870
2023,320,ПЕРЕРЕЄСТРАЦIЯ НА НОВ. ВЛАС. ЗА ДОГ. ДАРУВАННЯ (ОФОРМЛЕНО НОТАРІАЛЬНО),АВТОБУС,31
2023,320,ПЕРЕРЕЄСТРАЦIЯ НА НОВ. ВЛАС. ЗА ДОГ. ДАРУВАННЯ (ОФОРМЛЕНО НОТАРІАЛЬНО),ВАНТАЖНИЙ,157
2023,320,ПЕРЕРЕЄСТРАЦIЯ НА НОВ. ВЛАС. ЗА ДОГ. ДАРУВАННЯ (ОФОРМЛЕНО НОТАРІАЛЬНО),ЛЕГКОВИЙ,1059
2023,320,ПЕРЕРЕЄСТРАЦIЯ НА НОВ. ВЛАС. ЗА ДОГ. ДАРУВАННЯ (ОФОРМЛЕНО НОТАРІАЛЬНО),МОТОЦИКЛ,10
2023,320,ПЕРЕРЕЄСТРАЦIЯ НА НОВ. ВЛАС. ЗА ДОГ. ДАРУВАННЯ (ОФОРМЛЕНО НОТАРІАЛЬНО),НАПІВПРИЧІП,35
2023,320,ПЕРЕРЕЄСТРАЦIЯ НА НОВ. ВЛАС. ЗА ДОГ. ДАРУВАННЯ (ОФОРМЛЕНО НОТАРІАЛЬНО),ПРИЧІП,34
2023,321,"ПЕРЕРЕЄСТРАЦIЯ ТЗ НА НОВ. ВЛАС. ПО УСПАДКУВАННЮ ЗА ЗАКОНОМ, ЗАПОВIТОМ ЧИ УСПАДКОВАНОМУ ДОГ",АВТОБУС,53
2023,321,"ПЕРЕРЕЄСТРАЦIЯ ТЗ НА НОВ. ВЛАС. ПО УСПАДКУВАННЮ ЗА ЗАКОНОМ, ЗАПОВIТОМ ЧИ УСПАДКОВАНОМУ ДОГ",ВАНТАЖНИЙ,389
2023,321,"ПЕРЕРЕЄСТРАЦIЯ ТЗ НА НОВ. ВЛАС. ПО УСПАДКУВАННЮ ЗА ЗАКОНОМ, ЗАПОВIТОМ ЧИ УСПАДКОВАНОМУ ДОГ",ЛЕГКОВИЙ,5437
2023,321,"ПЕРЕРЕЄСТРАЦIЯ ТЗ НА НОВ. ВЛАС. ПО УСПАДКУВАННЮ ЗА ЗАКОНОМ, ЗАПОВIТОМ ЧИ УСПАДКОВАНОМУ ДОГ",МОПЕД,19
2023,321,"ПЕРЕРЕЄСТРАЦIЯ ТЗ НА НОВ. ВЛАС. ПО УСПАДКУВАННЮ ЗА ЗАКОНОМ, ЗАПОВIТОМ ЧИ УСПАДКОВАНОМУ ДОГ",МОТОЦИКЛ,103
2023,321,"ПЕРЕРЕЄСТРАЦIЯ ТЗ НА НОВ. ВЛАС. ПО УСПАДКУВАННЮ ЗА ЗАКОНОМ, ЗАПОВIТОМ ЧИ УСПАДКОВАНОМУ ДОГ",НАПІВПРИЧІП,39
2023,321,"ПЕРЕРЕЄСТРАЦIЯ ТЗ НА НОВ. ВЛАС. ПО УСПАДКУВАННЮ ЗА ЗАКОНОМ, ЗАПОВIТОМ ЧИ УСПАДКОВАНОМУ ДОГ",ПРИЧІП,347
2023,322,ПЕРЕРЕЄСТРАЦIЯ ТЗ НА НОВ. ВЛАС. ПО УСПАДКУВАННЮ ЗА ЗАКОНОМ ЧИ ЗНЯТТЯМ З ОБЛІКУ В ОРГАНАХ С,АВТОБУС,193
2023,322,ПЕРЕРЕЄСТРАЦIЯ ТЗ НА НОВ. ВЛАС. ПО УСПАДКУВАННЮ ЗА ЗАКОНОМ ЧИ ЗНЯТТЯМ З ОБЛІКУ В ОРГАНАХ С,ВАНТАЖНИЙ,1597
2023,322,ПЕРЕРЕЄСТРАЦIЯ ТЗ НА НОВ. ВЛАС. ПО УСПАДКУВАННЮ ЗА ЗАКОНОМ ЧИ ЗНЯТТЯМ З ОБЛІКУ В ОРГАНАХ С,КВАДРОЦИКЛ,1
2023,322,ПЕРЕРЕЄСТРАЦIЯ ТЗ НА НОВ. ВЛАС. ПО УСПАДКУВАННЮ ЗА ЗАКОНОМ ЧИ ЗНЯТТЯМ З ОБЛІКУ В ОРГАНАХ С,ЛЕГКОВИЙ,19171
2023,322,ПЕРЕРЕЄСТРАЦIЯ ТЗ НА НОВ. ВЛАС. ПО УСПАДКУВАННЮ ЗА ЗАКОНОМ ЧИ ЗНЯТТЯМ З ОБЛІКУ В ОРГАНАХ С,МОПЕД,79
2023,322,ПЕРЕРЕЄСТРАЦIЯ ТЗ НА НОВ. ВЛАС. ПО УСПАДКУВАННЮ ЗА ЗАКОНОМ ЧИ ЗНЯТТЯМ З ОБЛІКУ В ОРГАНАХ С,МОТОЦИКЛ,353
2023,322,ПЕРЕРЕЄСТРАЦIЯ ТЗ НА НОВ. ВЛАС. ПО УСПАДКУВАННЮ ЗА ЗАКОНОМ ЧИ ЗНЯТТЯМ З ОБЛІКУ В ОРГАНАХ С,НАПІВПРИЧІП,186
2023,322,ПЕРЕРЕЄСТРАЦIЯ ТЗ НА НОВ. ВЛАС. ПО УСПАДКУВАННЮ ЗА ЗАКОНОМ ЧИ ЗНЯТТЯМ З ОБЛІКУ В ОРГАНАХ С,ПРИЧІП,1187
2023,322,ПЕРЕРЕЄСТРАЦIЯ ТЗ НА НОВ. ВЛАС. ПО УСПАДКУВАННЮ ЗА ЗАКОНОМ ЧИ ЗНЯТТЯМ З ОБЛІКУ В ОРГАНАХ С,ТРИЦИКЛ,3
2023,324,"ПЕРЕРЕЄСТРАЦІЯ ТЗ НА НОВОГО ВЛАСНИКА (СТРАХОВИКА), ПІСЛЯ ВИПЛАТИ СТРАХУВАЛЬНИКАМ ПОВНОЇ СТ",ВАНТАЖНИЙ,2
2023,324,"ПЕРЕРЕЄСТРАЦІЯ ТЗ НА НОВОГО ВЛАСНИКА (СТРАХОВИКА), ПІСЛЯ ВИПЛАТИ СТРАХУВАЛЬНИКАМ ПОВНОЇ СТ",ЛЕГКОВИЙ,4
2023,329,ПЕРЕРЕЄСТРАЦІЯ ТЗ НА НОВОГО ВЛАСНИКА ЗА ДОГОВОРОМ ФІНАНСОВОГО ЛІЗИНГУ ТА ДКП ПРЕДМЕТА ЛІЗИ,АВТОБУС,324
2023,329,ПЕРЕРЕЄСТРАЦІЯ ТЗ НА НОВОГО ВЛАСНИКА ЗА ДОГОВОРОМ ФІНАНСОВОГО ЛІЗИНГУ ТА ДКП ПРЕДМЕТА ЛІЗИ,ВАНТАЖНИЙ,2279
2023,329,ПЕРЕРЕЄСТРАЦІЯ ТЗ НА НОВОГО ВЛАСНИКА ЗА ДОГОВОРОМ ФІНАНСОВОГО ЛІЗИНГУ ТА ДКП ПРЕДМЕТА ЛІЗИ,ЛЕГКОВИЙ,8594
2023,329,ПЕРЕРЕЄСТРАЦІЯ ТЗ НА НОВОГО ВЛАСНИКА ЗА ДОГОВОРОМ ФІНАНСОВОГО ЛІЗИНГУ ТА ДКП ПРЕДМЕТА ЛІЗИ,МОТОЦИКЛ,4
2023,329,ПЕРЕРЕЄСТРАЦІЯ ТЗ НА НОВОГО ВЛАСНИКА ЗА ДОГОВОРОМ ФІНАНСОВОГО ЛІЗИНГУ ТА ДКП ПРЕДМЕТА ЛІЗИ,НАПІВПРИЧІП,366
2023,329,ПЕРЕРЕЄСТРАЦІЯ ТЗ НА НОВОГО ВЛАСНИКА ЗА ДОГОВОРОМ ФІНАНСОВОГО ЛІЗИНГУ ТА ДКП ПРЕДМЕТА ЛІЗИ,ПРИЧІП,49
2023,330,ПЕРЕРЕЄСТРАЦIЯ НА НОВОГО ВЛАСНИКА ЗА РIШЕННЯМ СУДУ,АВТОБУС,15
2023,330,ПЕРЕРЕЄСТРАЦIЯ НА НОВОГО ВЛАСНИКА ЗА РIШЕННЯМ СУДУ,ВАНТАЖНИЙ,78
2023,330,ПЕРЕРЕЄСТРАЦIЯ НА НОВОГО ВЛАСНИКА ЗА РIШЕННЯМ СУДУ,ЛЕГКОВИЙ,356
2023,330,ПЕРЕРЕЄСТРАЦIЯ НА НОВОГО ВЛАСНИКА ЗА РIШЕННЯМ СУДУ,МОПЕД,1
2023,330,ПЕРЕРЕЄСТРАЦIЯ НА НОВОГО ВЛАСНИКА ЗА РIШЕННЯМ СУДУ,МОТОЦИКЛ,6
2023,330,ПЕРЕРЕЄСТРАЦIЯ НА НОВОГО ВЛАСНИКА ЗА РIШЕННЯМ СУДУ,НАПІВПРИЧІП,11
2023,330,ПЕРЕРЕЄСТРАЦIЯ НА НОВОГО ВЛАСНИКА ЗА РIШЕННЯМ СУДУ,ПРИЧІП,15
2023,331,"ПЕРЕРЕЄСТРАЦІЯ НА НОВОГО ВЛАСНИКА ТЗ, ПРИДБАНОГО НА АУКЦІОНІ, ЕЛЕКТРОННИХ ТОРГАХ, ТОВАРНІЙ",АВТОБУС,19
2023,331,"ПЕРЕРЕЄСТРАЦІЯ НА НОВОГО ВЛАСНИКА ТЗ, ПРИДБАНОГО НА АУКЦІОНІ, ЕЛЕКТРОННИХ ТОРГАХ, ТОВАРНІЙ",ВАНТАЖНИЙ,233
2023,331,"ПЕРЕРЕЄСТРАЦІЯ НА НОВОГО ВЛАСНИКА ТЗ, ПРИДБАНОГО НА АУКЦІОНІ, ЕЛЕКТРОННИХ ТОРГАХ, ТОВАРНІЙ",ЛЕГКОВИЙ,648
2023,331,"ПЕРЕРЕЄСТРАЦІЯ НА НОВОГО ВЛАСНИКА ТЗ, ПРИДБАНОГО НА АУКЦІОНІ, ЕЛЕКТРОННИХ ТОРГАХ, ТОВАРНІЙ",МОПЕД,4
2023,331,"ПЕРЕРЕЄСТРАЦІЯ НА НОВОГО ВЛАСНИКА ТЗ, ПРИДБАНОГО НА АУКЦІОНІ, ЕЛЕКТРОННИХ ТОРГАХ, ТОВАРНІЙ",МОТОЦИКЛ,8
2023,331,"ПЕРЕРЕЄСТРАЦІЯ НА НОВОГО ВЛАСНИКА ТЗ, ПРИДБАНОГО НА АУКЦІОНІ, ЕЛЕКТРОННИХ ТОРГАХ, ТОВАРНІЙ",НАПІВПРИЧІП,53
2023,331,"ПЕРЕРЕЄСТРАЦІЯ НА НОВОГО ВЛАСНИКА ТЗ, ПРИДБАНОГО НА АУКЦІОНІ, ЕЛЕКТРОННИХ ТОРГАХ, ТОВАРНІЙ",ПРИЧІП,23
2023,332,ПЕРЕРЕЄСТРАЦІЯ ТЗ НА НОВОГО ВЛАСНИКА ЗА ПОСТАНОВОЮ ПРО ПЕРЕДАЧУ МАЙНА,АВТОБУС,1
2023,332,ПЕРЕРЕЄСТРАЦІЯ ТЗ НА НОВОГО ВЛАСНИКА ЗА ПОСТАНОВОЮ ПРО ПЕРЕДАЧУ МАЙНА,ВАНТАЖНИЙ,10
2023,332,ПЕРЕРЕЄСТРАЦІЯ ТЗ НА НОВОГО ВЛАСНИКА ЗА ПОСТАНОВОЮ ПРО ПЕРЕДАЧУ МАЙНА,ЛЕГКОВИЙ,34
2023,332,ПЕРЕРЕЄСТРАЦІЯ ТЗ НА НОВОГО ВЛАСНИКА ЗА ПОСТАНОВОЮ ПРО ПЕРЕДАЧУ МАЙНА,МОПЕД,1
2023,332,ПЕРЕРЕЄСТРАЦІЯ ТЗ НА НОВОГО ВЛАСНИКА ЗА ПОСТАНОВОЮ ПРО ПЕРЕДАЧУ МАЙНА,МОТОЦИКЛ,1
2023,332,ПЕРЕРЕЄСТРАЦІЯ ТЗ НА НОВОГО ВЛАСНИКА ЗА ПОСТАНОВОЮ ПРО ПЕРЕДАЧУ МАЙНА,НАПІВПРИЧІП,1
2023,332,ПЕРЕРЕЄСТРАЦІЯ ТЗ НА НОВОГО ВЛАСНИКА ЗА ПОСТАНОВОЮ ПРО ПЕРЕДАЧУ МАЙНА,ПРИЧІП,1
2023,340,ПЕРЕРЕЄСТРАЦIЯ У ЗВ`ЯЗКУ ЗI ЗМIНОЮ АНКЕТНИХ ДАНИХ ВЛАСНИКА(БЕЗ ЗМІНИ РЕГІОНУ РЕЄСТРАЦІЇ),АВТОБУС,105
2023,340,ПЕРЕРЕЄСТРАЦIЯ У ЗВ`ЯЗКУ ЗI ЗМIНОЮ АНКЕТНИХ ДАНИХ ВЛАСНИКА(БЕЗ ЗМІНИ РЕГІОНУ РЕЄСТРАЦІЇ),ВАНТАЖНИЙ,935
2023,340,ПЕРЕРЕЄСТРАЦIЯ У ЗВ`ЯЗКУ ЗI ЗМIНОЮ АНКЕТНИХ ДАНИХ ВЛАСНИКА(БЕЗ ЗМІНИ РЕГІОНУ РЕЄСТРАЦІЇ),КВАДРОЦИКЛ,4
2023,340,ПЕРЕРЕЄСТРАЦIЯ У ЗВ`ЯЗКУ ЗI ЗМIНОЮ АНКЕТНИХ ДАНИХ ВЛАСНИКА(БЕЗ ЗМІНИ РЕГІОНУ РЕЄСТРАЦІЇ),ЛЕГКОВИЙ,15151
2023,340,ПЕРЕРЕЄСТРАЦIЯ У ЗВ`ЯЗКУ ЗI ЗМIНОЮ АНКЕТНИХ ДАНИХ ВЛАСНИКА(БЕЗ ЗМІНИ РЕГІОНУ РЕЄСТРАЦІЇ),МОПЕД,35
2023,340,ПЕРЕРЕЄСТРАЦIЯ У ЗВ`ЯЗКУ ЗI ЗМIНОЮ АНКЕТНИХ ДАНИХ ВЛАСНИКА(БЕЗ ЗМІНИ РЕГІОНУ РЕЄСТРАЦІЇ),МОТОЦИКЛ,214
2023,340,ПЕРЕРЕЄСТРАЦIЯ У ЗВ`ЯЗКУ ЗI ЗМIНОЮ АНКЕТНИХ ДАНИХ ВЛАСНИКА(БЕЗ ЗМІНИ РЕГІОНУ РЕЄСТРАЦІЇ),НАПІВПРИЧІП,264
2023,340,ПЕРЕРЕЄСТРАЦIЯ У ЗВ`ЯЗКУ ЗI ЗМIНОЮ АНКЕТНИХ ДАНИХ ВЛАСНИКА(БЕЗ ЗМІНИ РЕГІОНУ РЕЄСТРАЦІЇ),ПРИЧІП,182
2023,341,ПЕРЕРЕЄСТРАЦІЯ РАНІШЕ ВИКРАДЕНОГО ТЗ,ЛЕГКОВИЙ,3
2023,343,ПЕРЕРЕЄСТРАЦІЯ У ЗВ'ЯЗКУ ІЗ ЗМІНОЮ ДАНИХ ВЛАСНИКА АБО ТЗ (ТЗ  ОТРИМАНО ЧЕРЕЗ ВІДДІЛ СОЦЗАХ,ЛЕГКОВИЙ,14
2023,350,ПЕРЕРЕЄСТРАЦIЯ У ЗВ`ЯЗКУ ЗI ЗМIНОЮ НАЗВИ ОРГАНIЗАЦIЇ,АВТОБУС,161
2023,350,ПЕРЕРЕЄСТРАЦIЯ У ЗВ`ЯЗКУ ЗI ЗМIНОЮ НАЗВИ ОРГАНIЗАЦIЇ,ВАНТАЖНИЙ,1229
2023,350,ПЕРЕРЕЄСТРАЦIЯ У ЗВ`ЯЗКУ ЗI ЗМIНОЮ НАЗВИ ОРГАНIЗАЦIЇ,ЛЕГКОВИЙ,1597
2023,350,ПЕРЕРЕЄСТРАЦIЯ У ЗВ`ЯЗКУ ЗI ЗМIНОЮ НАЗВИ ОРГАНIЗАЦIЇ,МОПЕД,5
2023,350,ПЕРЕРЕЄСТРАЦIЯ У ЗВ`ЯЗКУ ЗI ЗМIНОЮ НАЗВИ ОРГАНIЗАЦIЇ,МОТОЦИКЛ,66
2023,350,ПЕРЕРЕЄСТРАЦIЯ У ЗВ`ЯЗКУ ЗI ЗМIНОЮ НАЗВИ ОРГАНIЗАЦIЇ,НАПІВПРИЧІП,238
2023,350,ПЕРЕРЕЄСТРАЦIЯ У ЗВ`ЯЗКУ ЗI ЗМIНОЮ НАЗВИ ОРГАНIЗАЦIЇ,ПРИЧІП,235
2023,360,ПЕРЕРЕЄСТРАЦІЯ ТЗ У ЗВ`ЯЗКУ ЗІ ЗМІНОЮ АНКЕТНИХ ДАНИХ ВЛАСНИКА (З ЗМІНОЮ РЕГІОНУ РЕЄСТРАЦІЇ,АВТОБУС,14
2023,360,ПЕРЕРЕЄСТРАЦІЯ ТЗ У ЗВ`ЯЗКУ ЗІ ЗМІНОЮ АНКЕТНИХ ДАНИХ ВЛАСНИКА (З ЗМІНОЮ РЕГІОНУ РЕЄСТРАЦІЇ,ВАНТАЖНИЙ,128
2023,360,ПЕРЕРЕЄСТРАЦІЯ ТЗ У ЗВ`ЯЗКУ ЗІ ЗМІНОЮ АНКЕТНИХ ДАНИХ ВЛАСНИКА (З ЗМІНОЮ РЕГІОНУ РЕЄСТРАЦІЇ,ЛЕГКОВИЙ,1560
2023,360,ПЕРЕРЕЄСТРАЦІЯ ТЗ У ЗВ`ЯЗКУ ЗІ ЗМІНОЮ АНКЕТНИХ ДАНИХ ВЛАСНИКА (З ЗМІНОЮ РЕГІОНУ РЕЄСТРАЦІЇ,МОПЕД,1
2023,360,ПЕРЕРЕЄСТРАЦІЯ ТЗ У ЗВ`ЯЗКУ ЗІ ЗМІНОЮ АНКЕТНИХ ДАНИХ ВЛАСНИКА (З ЗМІНОЮ РЕГІОНУ РЕЄСТРАЦІЇ,МОТОЦИКЛ,22
2023,360,ПЕРЕРЕЄСТРАЦІЯ ТЗ У ЗВ`ЯЗКУ ЗІ ЗМІНОЮ АНКЕТНИХ ДАНИХ ВЛАСНИКА (З ЗМІНОЮ РЕГІОНУ РЕЄСТРАЦІЇ,НАПІВПРИЧІП,31
2023,360,ПЕРЕРЕЄСТРАЦІЯ ТЗ У ЗВ`ЯЗКУ ЗІ ЗМІНОЮ АНКЕТНИХ ДАНИХ ВЛАСНИКА (З ЗМІНОЮ РЕГІОНУ РЕЄСТРАЦІЇ,ПРИЧІП,30
2023,363,ПЕРЕРЕЄСТРАЦІЯ ТЗ НА НОВОГО ВЛАСНИКА У ЗВ`ЯЗКУ З ПЕРЕДАЧЕЮ ДО СТАТУТНОГО ФОНДУ,АВТОБУС,29
2023,363,ПЕРЕРЕЄСТРАЦІЯ ТЗ НА НОВОГО ВЛАСНИКА У ЗВ`ЯЗКУ З ПЕРЕДАЧЕЮ ДО СТАТУТНОГО ФОНДУ,ВАНТАЖНИЙ,323
2023,363,ПЕРЕРЕЄСТРАЦІЯ ТЗ НА НОВОГО ВЛАСНИКА У ЗВ`ЯЗКУ З ПЕРЕДАЧЕЮ ДО СТАТУТНОГО ФОНДУ,ЛЕГКОВИЙ,118
2023,363,ПЕРЕРЕЄСТРАЦІЯ ТЗ НА НОВОГО ВЛАСНИКА У ЗВ`ЯЗКУ З ПЕРЕДАЧЕЮ ДО СТАТУТНОГО ФОНДУ,НАПІВПРИЧІП,125
2023,363,ПЕРЕРЕЄСТРАЦІЯ ТЗ НА НОВОГО ВЛАСНИКА У ЗВ`ЯЗКУ З ПЕРЕДАЧЕЮ ДО СТАТУТНОГО ФОНДУ,ПРИЧІП,9
2023,364,ПЕРЕРЕЄСТРАЦІЯ ТЗ НА НОВОГО ВЛАСНИКА В ЗВЯЗКУ ІЗ ВИВЕДЕННЯМ ІЗ СТАТУТНОГО ФОНДУ,АВТОБУС,5
2023,364,ПЕРЕРЕЄСТРАЦІЯ ТЗ НА НОВОГО ВЛАСНИКА В ЗВЯЗКУ ІЗ ВИВЕДЕННЯМ ІЗ СТАТУТНОГО ФОНДУ,ВАНТАЖНИЙ,19
2023,364,ПЕРЕРЕЄСТРАЦІЯ ТЗ НА НОВОГО ВЛАСНИКА В ЗВЯЗКУ ІЗ ВИВЕДЕННЯМ ІЗ СТАТУТНОГО ФОНДУ,ЛЕГКОВИЙ,8
2023,364,ПЕРЕРЕЄСТРАЦІЯ ТЗ НА НОВОГО ВЛАСНИКА В ЗВЯЗКУ ІЗ ВИВЕДЕННЯМ ІЗ СТАТУТНОГО ФОНДУ,НАПІВПРИЧІП,6
2023,364,ПЕРЕРЕЄСТРАЦІЯ ТЗ НА НОВОГО ВЛАСНИКА В ЗВЯЗКУ ІЗ ВИВЕДЕННЯМ ІЗ СТАТУТНОГО ФОНДУ,ПРИЧІП,1
2023,390,ПЕРЕРЕЄСТРАЦIЯ У ЗВ`ЯЗКУ ЗI ЗМIНОЮ КОЛЬОРУ ТЗ,АВТОБУС,207
2023,390,ПЕРЕРЕЄСТРАЦIЯ У ЗВ`ЯЗКУ ЗI ЗМIНОЮ КОЛЬОРУ ТЗ,ВАНТАЖНИЙ,619
2023,390,ПЕРЕРЕЄСТРАЦIЯ У ЗВ`ЯЗКУ ЗI ЗМIНОЮ КОЛЬОРУ ТЗ,ЛЕГКОВИЙ,1777
2023,390,ПЕРЕРЕЄСТРАЦIЯ У ЗВ`ЯЗКУ ЗI ЗМIНОЮ КОЛЬОРУ ТЗ,МОПЕД,7
2023,390,ПЕРЕРЕЄСТРАЦIЯ У ЗВ`ЯЗКУ ЗI ЗМIНОЮ КОЛЬОРУ ТЗ,МОТОЦИКЛ,155
2023,390,ПЕРЕРЕЄСТРАЦIЯ У ЗВ`ЯЗКУ ЗI ЗМIНОЮ КОЛЬОРУ ТЗ,НАПІВПРИЧІП,217
2023,390,ПЕРЕРЕЄСТРАЦIЯ У ЗВ`ЯЗКУ ЗI ЗМIНОЮ КОЛЬОРУ ТЗ,ПРИЧІП,53
2023,40,"ВТОРИННА РЕЄСТРАЦІЯ ТЗ, ПРИДБАНОГО В ТОРГОВЕЛЬНІЙ ОРГАНІЗАЦІЇ",ВАНТАЖНИЙ,1
2023,40,"ВТОРИННА РЕЄСТРАЦІЯ ТЗ, ПРИДБАНОГО В ТОРГОВЕЛЬНІЙ ОРГАНІЗАЦІЇ",ЛЕГКОВИЙ,2
2023,400,ПЕРЕРЕЄСТРАЦIЯ ПРИ ПЕРЕОБЛАДНАННI ДЛЯ РОБОТИ НА ГАЗОВОМУ ПАЛЬНОМУ,АВТОБУС,10
2023,400,ПЕРЕРЕЄСТРАЦIЯ ПРИ ПЕРЕОБЛАДНАННI ДЛЯ РОБОТИ НА ГАЗОВОМУ ПАЛЬНОМУ,ВАНТАЖНИЙ,561
2023,400,ПЕРЕРЕЄСТРАЦIЯ ПРИ ПЕРЕОБЛАДНАННI ДЛЯ РОБОТИ НА ГАЗОВОМУ ПАЛЬНОМУ,ЛЕГКОВИЙ,37108
2023,401,ПЕРЕРЕЄСТРАЦІЯ ТЗ ПРИ ПЕРЕОБЛ.І ІЗ ЗАМ.КУЗОВА(ШАСІ) ЗА ПОГОДЖЕННЯМ,АВТОБУС,1
2023,401,ПЕРЕРЕЄСТРАЦІЯ ТЗ ПРИ ПЕРЕОБЛ.І ІЗ ЗАМ.КУЗОВА(ШАСІ) ЗА ПОГОДЖЕННЯМ,ВАНТАЖНИЙ,213
2023,401,ПЕРЕРЕЄСТРАЦІЯ ТЗ ПРИ ПЕРЕОБЛ.І ІЗ ЗАМ.КУЗОВА(ШАСІ) ЗА ПОГОДЖЕННЯМ,ЛЕГКОВИЙ,4
2023,401,ПЕРЕРЕЄСТРАЦІЯ ТЗ ПРИ ПЕРЕОБЛ.І ІЗ ЗАМ.КУЗОВА(ШАСІ) ЗА ПОГОДЖЕННЯМ,НАПІВПРИЧІП,2
2023,402,"ПЕРЕРЕЄСТРАЦІЯ ТЗ ПРИ ПЕРЕОБЛI.(ЗАМІНА ТИПУ, ПОТУЖ. ДВИГ.)ЗА ПОГОДЖЕННЯМ",АВТОБУС,53
2023,402,"ПЕРЕРЕЄСТРАЦІЯ ТЗ ПРИ ПЕРЕОБЛI.(ЗАМІНА ТИПУ, ПОТУЖ. ДВИГ.)ЗА ПОГОДЖЕННЯМ",ВАНТАЖНИЙ,1463
2023,402,"ПЕРЕРЕЄСТРАЦІЯ ТЗ ПРИ ПЕРЕОБЛI.(ЗАМІНА ТИПУ, ПОТУЖ. ДВИГ.)ЗА ПОГОДЖЕННЯМ",ЛЕГКОВИЙ,958
2023,402,"ПЕРЕРЕЄСТРАЦІЯ ТЗ ПРИ ПЕРЕОБЛI.(ЗАМІНА ТИПУ, ПОТУЖ. ДВИГ.)ЗА ПОГОДЖЕННЯМ",МОТОЦИКЛ,12
2023,402,"ПЕРЕРЕЄСТРАЦІЯ ТЗ ПРИ ПЕРЕОБЛI.(ЗАМІНА ТИПУ, ПОТУЖ. ДВИГ.)ЗА ПОГОДЖЕННЯМ",НАПІВПРИЧІП,1
2023,403,ПЕРЕРЕЄСТРАЦІЯ ПРИ ПЕРЕОБЛ.(ЗАМІНА КУЗОВА (ШАСІ)) ТА ДВИГУНА ЗА ПОГОДЖ.,АВТОБУС,6
2023,403,ПЕРЕРЕЄСТРАЦІЯ ПРИ ПЕРЕОБЛ.(ЗАМІНА КУЗОВА (ШАСІ)) ТА ДВИГУНА ЗА ПОГОДЖ.,ВАНТАЖНИЙ,429
2023,403,ПЕРЕРЕЄСТРАЦІЯ ПРИ ПЕРЕОБЛ.(ЗАМІНА КУЗОВА (ШАСІ)) ТА ДВИГУНА ЗА ПОГОДЖ.,ЛЕГКОВИЙ,29
2023,403,ПЕРЕРЕЄСТРАЦІЯ ПРИ ПЕРЕОБЛ.(ЗАМІНА КУЗОВА (ШАСІ)) ТА ДВИГУНА ЗА ПОГОДЖ.,НАПІВПРИЧІП,1
2023,404,"ПЕРЕРЕЄСТРАЦІЯ ТЗ, В ЗВ’ЯЗКУ ІЗ НАНЕСЕННЯ СПЕЦІАЛЬНИХ ІНДИВІДУАЛЬНИХ НОМЕРІВ АБО ДУБЛЮВАНН",АВТОБУС,107
2023,404,"ПЕРЕРЕЄСТРАЦІЯ ТЗ, В ЗВ’ЯЗКУ ІЗ НАНЕСЕННЯ СПЕЦІАЛЬНИХ ІНДИВІДУАЛЬНИХ НОМЕРІВ АБО ДУБЛЮВАНН",ВАНТАЖНИЙ,248
2023,404,"ПЕРЕРЕЄСТРАЦІЯ ТЗ, В ЗВ’ЯЗКУ ІЗ НАНЕСЕННЯ СПЕЦІАЛЬНИХ ІНДИВІДУАЛЬНИХ НОМЕРІВ АБО ДУБЛЮВАНН",ЛЕГКОВИЙ,799
2023,404,"ПЕРЕРЕЄСТРАЦІЯ ТЗ, В ЗВ’ЯЗКУ ІЗ НАНЕСЕННЯ СПЕЦІАЛЬНИХ ІНДИВІДУАЛЬНИХ НОМЕРІВ АБО ДУБЛЮВАНН",НАПІВПРИЧІП,6
2023,405,"ПЕРЕРЕЄСТРАЦІЯ ТЗ, В ЗВ’ЯЗКУ ІЗ НАНЕСЕННЯ СПЕЦІАЛЬНИХ ІНДИВІДУАЛЬНИХ НОМЕРІВ АБО ДУБЛЮВАНН",АВТОБУС,14
2023,405,"ПЕРЕРЕЄСТРАЦІЯ ТЗ, В ЗВ’ЯЗКУ ІЗ НАНЕСЕННЯ СПЕЦІАЛЬНИХ ІНДИВІДУАЛЬНИХ НОМЕРІВ АБО ДУБЛЮВАНН",ВАНТАЖНИЙ,968
2023,405,"ПЕРЕРЕЄСТРАЦІЯ ТЗ, В ЗВ’ЯЗКУ ІЗ НАНЕСЕННЯ СПЕЦІАЛЬНИХ ІНДИВІДУАЛЬНИХ НОМЕРІВ АБО ДУБЛЮВАНН",ЛЕГКОВИЙ,191
2023,405,"ПЕРЕРЕЄСТРАЦІЯ ТЗ, В ЗВ’ЯЗКУ ІЗ НАНЕСЕННЯ СПЕЦІАЛЬНИХ ІНДИВІДУАЛЬНИХ НОМЕРІВ АБО ДУБЛЮВАНН",МОТОЦИКЛ,9
2023,405,"ПЕРЕРЕЄСТРАЦІЯ ТЗ, В ЗВ’ЯЗКУ ІЗ НАНЕСЕННЯ СПЕЦІАЛЬНИХ ІНДИВІДУАЛЬНИХ НОМЕРІВ АБО ДУБЛЮВАНН",НАПІВПРИЧІП,422
2023,405,"ПЕРЕРЕЄСТРАЦІЯ ТЗ, В ЗВ’ЯЗКУ ІЗ НАНЕСЕННЯ СПЕЦІАЛЬНИХ ІНДИВІДУАЛЬНИХ НОМЕРІВ АБО ДУБЛЮВАНН",ПРИЧІП,63
2023,407,ПЕРЕРЕЄСТРАЦІЯ У ЗВ’ЯЗКУ З ВСТАНОВЛ. СССП АВТОЖОВТОГО КОЛЬОРУ НА ТЗ РЕАГУВАННЯ СОД,ВАНТАЖНИЙ,5
2023,407,ПЕРЕРЕЄСТРАЦІЯ У ЗВ’ЯЗКУ З ВСТАНОВЛ. СССП АВТОЖОВТОГО КОЛЬОРУ НА ТЗ РЕАГУВАННЯ СОД,ЛЕГКОВИЙ,136
2023,407,ПЕРЕРЕЄСТРАЦІЯ У ЗВ’ЯЗКУ З ВСТАНОВЛ. СССП АВТОЖОВТОГО КОЛЬОРУ НА ТЗ РЕАГУВАННЯ СОД,МОТОЦИКЛ,3
2023,408,ПЕРЕРЕЄСТРАЦІЯ ПРИ ПЕРЕОБЛАДНАННІ БЕЗ ЗАМІНИ НОМЕРНИХ АГРЕГАТІВ,АВТОБУС,79
2023,408,ПЕРЕРЕЄСТРАЦІЯ ПРИ ПЕРЕОБЛАДНАННІ БЕЗ ЗАМІНИ НОМЕРНИХ АГРЕГАТІВ,ВАНТАЖНИЙ,7954
2023,408,ПЕРЕРЕЄСТРАЦІЯ ПРИ ПЕРЕОБЛАДНАННІ БЕЗ ЗАМІНИ НОМЕРНИХ АГРЕГАТІВ,ЛЕГКОВИЙ,4747
2023,408,ПЕРЕРЕЄСТРАЦІЯ ПРИ ПЕРЕОБЛАДНАННІ БЕЗ ЗАМІНИ НОМЕРНИХ АГРЕГАТІВ,МОТОЦИКЛ,1
2023,408,ПЕРЕРЕЄСТРАЦІЯ ПРИ ПЕРЕОБЛАДНАННІ БЕЗ ЗАМІНИ НОМЕРНИХ АГРЕГАТІВ,НАПІВПРИЧІП,4332
2023,408,ПЕРЕРЕЄСТРАЦІЯ ПРИ ПЕРЕОБЛАДНАННІ БЕЗ ЗАМІНИ НОМЕРНИХ АГРЕГАТІВ,ПРИЧІП,377
2023,410,ПЕРЕРЕЄСТРАЦІЯ ПРИ ЗАМІНІ НОМЕРНОГО ЗНАКУ,АВТОБУС,400
2023,410,ПЕРЕРЕЄСТРАЦІЯ ПРИ ЗАМІНІ НОМЕРНОГО ЗНАКУ,ВАНТАЖНИЙ,3687
2023,410,ПЕРЕРЕЄСТРАЦІЯ ПРИ ЗАМІНІ НОМЕРНОГО ЗНАКУ,КВАДРОЦИКЛ,6
2023,410,ПЕРЕРЕЄСТРАЦІЯ ПРИ ЗАМІНІ НОМЕРНОГО ЗНАКУ,ЛЕГКОВИЙ,38535
2023,410,ПЕРЕРЕЄСТРАЦІЯ ПРИ ЗАМІНІ НОМЕРНОГО ЗНАКУ,МОПЕД,13
2023,410,ПЕРЕРЕЄСТРАЦІЯ ПРИ ЗАМІНІ НОМЕРНОГО ЗНАКУ,МОТОЦИКЛ,336
2023,410,ПЕРЕРЕЄСТРАЦІЯ ПРИ ЗАМІНІ НОМЕРНОГО ЗНАКУ,НАПІВПРИЧІП,612
2023,410,ПЕРЕРЕЄСТРАЦІЯ ПРИ ЗАМІНІ НОМЕРНОГО ЗНАКУ,ПРИЧІП,443
2023,410,ПЕРЕРЕЄСТРАЦІЯ ПРИ ЗАМІНІ НОМЕРНОГО ЗНАКУ,ТРИЦИКЛ,2
2023,412,ПЕРЕРЕЄСТРАЦІЯ ТЗ ПРИ ВИДАЧІ НОМЕРНОГО ЗНАКУ ВІДПОВІДНОЇ КОМБІНАЦІЇ ЦИФР,АВТОБУС,72
2023,412,ПЕРЕРЕЄСТРАЦІЯ ТЗ ПРИ ВИДАЧІ НОМЕРНОГО ЗНАКУ ВІДПОВІДНОЇ КОМБІНАЦІЇ ЦИФР,ВАНТАЖНИЙ,1352
2023,412,ПЕРЕРЕЄСТРАЦІЯ ТЗ ПРИ ВИДАЧІ НОМЕРНОГО ЗНАКУ ВІДПОВІДНОЇ КОМБІНАЦІЇ ЦИФР,КВАДРОЦИКЛ,1
2023,412,ПЕРЕРЕЄСТРАЦІЯ ТЗ ПРИ ВИДАЧІ НОМЕРНОГО ЗНАКУ ВІДПОВІДНОЇ КОМБІНАЦІЇ ЦИФР,ЛЕГКОВИЙ,18425
2023,412,ПЕРЕРЕЄСТРАЦІЯ ТЗ ПРИ ВИДАЧІ НОМЕРНОГО ЗНАКУ ВІДПОВІДНОЇ КОМБІНАЦІЇ ЦИФР,МОПЕД,1
2023,412,ПЕРЕРЕЄСТРАЦІЯ ТЗ ПРИ ВИДАЧІ НОМЕРНОГО ЗНАКУ ВІДПОВІДНОЇ КОМБІНАЦІЇ ЦИФР,МОТОЦИКЛ,151
2023,412,ПЕРЕРЕЄСТРАЦІЯ ТЗ ПРИ ВИДАЧІ НОМЕРНОГО ЗНАКУ ВІДПОВІДНОЇ КОМБІНАЦІЇ ЦИФР,НАПІВПРИЧІП,131
2023,412,ПЕРЕРЕЄСТРАЦІЯ ТЗ ПРИ ВИДАЧІ НОМЕРНОГО ЗНАКУ ВІДПОВІДНОЇ КОМБІНАЦІЇ ЦИФР,ПРИЧІП,107
2023,412,ПЕРЕРЕЄСТРАЦІЯ ТЗ ПРИ ВИДАЧІ НОМЕРНОГО ЗНАКУ ВІДПОВІДНОЇ КОМБІНАЦІЇ ЦИФР,ТРИЦИКЛ,6
2023,417,ПЕРЕРЕЄСТРАЦІЯ ТЗ (МОПЕДІВ) З ВИДАЧЕЮ СПР,МОПЕД,168
2023,420,ПЕРЕРЕЄСТРАЦІЯ ПРИ ВТРАТІ НОМЕРНОГО ЗНАКУ,АВТОБУС,7
2023,420,ПЕРЕРЕЄСТРАЦІЯ ПРИ ВТРАТІ НОМЕРНОГО ЗНАКУ,ВАНТАЖНИЙ,19
2023,420,ПЕРЕРЕЄСТРАЦІЯ ПРИ ВТРАТІ НОМЕРНОГО ЗНАКУ,ЛЕГКОВИЙ,192
2023,420,ПЕРЕРЕЄСТРАЦІЯ ПРИ ВТРАТІ НОМЕРНОГО ЗНАКУ,МОПЕД,2
2023,420,ПЕРЕРЕЄСТРАЦІЯ ПРИ ВТРАТІ НОМЕРНОГО ЗНАКУ,МОТОЦИКЛ,29
2023,420,ПЕРЕРЕЄСТРАЦІЯ ПРИ ВТРАТІ НОМЕРНОГО ЗНАКУ,НАПІВПРИЧІП,6
2023,420,ПЕРЕРЕЄСТРАЦІЯ ПРИ ВТРАТІ НОМЕРНОГО ЗНАКУ,ПРИЧІП,12
2023,421,ПЕРЕРЕЄСТРАЦІЯ ТЗ ПРИ ВТРАТІ НОМЕРНОГО ЗНАКУ ТА СВІДОЦТВА ПРО РЕЄСТРАЦІЮ,ВАНТАЖНИЙ,9
2023,421,ПЕРЕРЕЄСТРАЦІЯ ТЗ ПРИ ВТРАТІ НОМЕРНОГО ЗНАКУ ТА СВІДОЦТВА ПРО РЕЄСТРАЦІЮ,КВАДРОЦИКЛ,1
2023,421,ПЕРЕРЕЄСТРАЦІЯ ТЗ ПРИ ВТРАТІ НОМЕРНОГО ЗНАКУ ТА СВІДОЦТВА ПРО РЕЄСТРАЦІЮ,ЛЕГКОВИЙ,40
2023,421,ПЕРЕРЕЄСТРАЦІЯ ТЗ ПРИ ВТРАТІ НОМЕРНОГО ЗНАКУ ТА СВІДОЦТВА ПРО РЕЄСТРАЦІЮ,МОТОЦИКЛ,3
2023,421,ПЕРЕРЕЄСТРАЦІЯ ТЗ ПРИ ВТРАТІ НОМЕРНОГО ЗНАКУ ТА СВІДОЦТВА ПРО РЕЄСТРАЦІЮ,НАПІВПРИЧІП,1
2023,421,ПЕРЕРЕЄСТРАЦІЯ ТЗ ПРИ ВТРАТІ НОМЕРНОГО ЗНАКУ ТА СВІДОЦТВА ПРО РЕЄСТРАЦІЮ,ПРИЧІП,1
2023,429,ПЕРЕРЕЄСТРАЦІЯ ТЗ У ЗВ'ЯЗКУ ІЗ ПОДОВЖЕННЯМ ТЕРМІНУ ЗВОРОТНОГО ВИВОЗУ,АВТОБУС,5
2023,429,ПЕРЕРЕЄСТРАЦІЯ ТЗ У ЗВ'ЯЗКУ ІЗ ПОДОВЖЕННЯМ ТЕРМІНУ ЗВОРОТНОГО ВИВОЗУ,ВАНТАЖНИЙ,150
2023,429,ПЕРЕРЕЄСТРАЦІЯ ТЗ У ЗВ'ЯЗКУ ІЗ ПОДОВЖЕННЯМ ТЕРМІНУ ЗВОРОТНОГО ВИВОЗУ,ЛЕГКОВИЙ,157
2023,429,ПЕРЕРЕЄСТРАЦІЯ ТЗ У ЗВ'ЯЗКУ ІЗ ПОДОВЖЕННЯМ ТЕРМІНУ ЗВОРОТНОГО ВИВОЗУ,НАПІВПРИЧІП,24
2023,429,ПЕРЕРЕЄСТРАЦІЯ ТЗ У ЗВ'ЯЗКУ ІЗ ПОДОВЖЕННЯМ ТЕРМІНУ ЗВОРОТНОГО ВИВОЗУ,ПРИЧІП,3
2023,430,ПЕРЕРЕЄСТРАЦІЯ ПРИ ЗАМІНІ СВІДОЦТВА ПРО РЕЄСТРАЦІЮ,АВТОБУС,1435
2023,430,ПЕРЕРЕЄСТРАЦІЯ ПРИ ЗАМІНІ СВІДОЦТВА ПРО РЕЄСТРАЦІЮ,ВАНТАЖНИЙ,5122
2023,430,ПЕРЕРЕЄСТРАЦІЯ ПРИ ЗАМІНІ СВІДОЦТВА ПРО РЕЄСТРАЦІЮ,КВАДРОЦИКЛ,5
2023,430,ПЕРЕРЕЄСТРАЦІЯ ПРИ ЗАМІНІ СВІДОЦТВА ПРО РЕЄСТРАЦІЮ,ЛЕГКОВИЙ,9920
2023,430,ПЕРЕРЕЄСТРАЦІЯ ПРИ ЗАМІНІ СВІДОЦТВА ПРО РЕЄСТРАЦІЮ,МОПЕД,66
2023,430,ПЕРЕРЕЄСТРАЦІЯ ПРИ ЗАМІНІ СВІДОЦТВА ПРО РЕЄСТРАЦІЮ,МОТОЦИКЛ,210
2023,430,ПЕРЕРЕЄСТРАЦІЯ ПРИ ЗАМІНІ СВІДОЦТВА ПРО РЕЄСТРАЦІЮ,НАПІВПРИЧІП,1896
2023,430,ПЕРЕРЕЄСТРАЦІЯ ПРИ ЗАМІНІ СВІДОЦТВА ПРО РЕЄСТРАЦІЮ,ПРИЧІП,372
2023,430,ПЕРЕРЕЄСТРАЦІЯ ПРИ ЗАМІНІ СВІДОЦТВА ПРО РЕЄСТРАЦІЮ,ТРИЦИКЛ,1
2023,431,ПЕРЕРЕЄСТРАЦІЯ ТЗ ПРИ ВИДАЧІ ІНДИВІДУАЛЬНОГО НОМЕРНОГО ЗНАКУ,АВТОБУС,28
2023,431,ПЕРЕРЕЄСТРАЦІЯ ТЗ ПРИ ВИДАЧІ ІНДИВІДУАЛЬНОГО НОМЕРНОГО ЗНАКУ,ВАНТАЖНИЙ,691
2023,431,ПЕРЕРЕЄСТРАЦІЯ ТЗ ПРИ ВИДАЧІ ІНДИВІДУАЛЬНОГО НОМЕРНОГО ЗНАКУ,ЛЕГКОВИЙ,13765
2023,431,ПЕРЕРЕЄСТРАЦІЯ ТЗ ПРИ ВИДАЧІ ІНДИВІДУАЛЬНОГО НОМЕРНОГО ЗНАКУ,МОТОЦИКЛ,427
2023,437,ПЕРЕРЕЄСТРАЦІЯ У ЗВ’ЯЗКУ З ДЕМОНТАЖЕМ СССП АВТОЖОВТОГО КОЛЬОРУ,ЛЕГКОВИЙ,5
2023,440,ПЕРЕРЕЄСТРАЦIЯ ПРИ ВТРАТІ СВIДОЦТВА ПРО РЕЄСТРАЦIЮ,АВТОБУС,438
2023,440,ПЕРЕРЕЄСТРАЦIЯ ПРИ ВТРАТІ СВIДОЦТВА ПРО РЕЄСТРАЦIЮ,ВАНТАЖНИЙ,4377
2023,440,ПЕРЕРЕЄСТРАЦIЯ ПРИ ВТРАТІ СВIДОЦТВА ПРО РЕЄСТРАЦIЮ,КВАДРОЦИКЛ,8
2023,440,ПЕРЕРЕЄСТРАЦIЯ ПРИ ВТРАТІ СВIДОЦТВА ПРО РЕЄСТРАЦIЮ,ЛЕГКОВИЙ,21750
2023,440,ПЕРЕРЕЄСТРАЦIЯ ПРИ ВТРАТІ СВIДОЦТВА ПРО РЕЄСТРАЦIЮ,МОПЕД,229
2023,440,ПЕРЕРЕЄСТРАЦIЯ ПРИ ВТРАТІ СВIДОЦТВА ПРО РЕЄСТРАЦIЮ,МОТОЦИКЛ,775
2023,440,ПЕРЕРЕЄСТРАЦIЯ ПРИ ВТРАТІ СВIДОЦТВА ПРО РЕЄСТРАЦIЮ,НАПІВПРИЧІП,1085
2023,440,ПЕРЕРЕЄСТРАЦIЯ ПРИ ВТРАТІ СВIДОЦТВА ПРО РЕЄСТРАЦIЮ,ПРИЧІП,1820
2023,440,ПЕРЕРЕЄСТРАЦIЯ ПРИ ВТРАТІ СВIДОЦТВА ПРО РЕЄСТРАЦIЮ,ТРИЦИКЛ,6
2023,441,ПЕРЕРЕЄСТРАЦІЯ ТЗ ПРИ ЗАМІНІ СПР В ЗВ'ЯЗКУ ІЗ НЕМОЖЛИВІСТЮ ПОВЕРНЕННЯ ЗДАНОГО НА ЗБЕРЕЖЕНН,АВТОБУС,4
2023,441,ПЕРЕРЕЄСТРАЦІЯ ТЗ ПРИ ЗАМІНІ СПР В ЗВ'ЯЗКУ ІЗ НЕМОЖЛИВІСТЮ ПОВЕРНЕННЯ ЗДАНОГО НА ЗБЕРЕЖЕНН,ВАНТАЖНИЙ,53
2023,441,ПЕРЕРЕЄСТРАЦІЯ ТЗ ПРИ ЗАМІНІ СПР В ЗВ'ЯЗКУ ІЗ НЕМОЖЛИВІСТЮ ПОВЕРНЕННЯ ЗДАНОГО НА ЗБЕРЕЖЕНН,ЛЕГКОВИЙ,24
2023,441,ПЕРЕРЕЄСТРАЦІЯ ТЗ ПРИ ЗАМІНІ СПР В ЗВ'ЯЗКУ ІЗ НЕМОЖЛИВІСТЮ ПОВЕРНЕННЯ ЗДАНОГО НА ЗБЕРЕЖЕНН,НАПІВПРИЧІП,37
2023,441,ПЕРЕРЕЄСТРАЦІЯ ТЗ ПРИ ЗАМІНІ СПР В ЗВ'ЯЗКУ ІЗ НЕМОЖЛИВІСТЮ ПОВЕРНЕННЯ ЗДАНОГО НА ЗБЕРЕЖЕНН,ПРИЧІП,3
2023,450,ПЕРЕРЕЄСТРАЦІЯ ПРИ ЗАМІНІ СВІДОЦТВА ПРО РЕЄСТРАЦІЮ У ЗВ'ЯЗКУ З КОРИГУВАННЯМ ОБЛІКОВИХ ДАНИ,АВТОБУС,220
2023,450,ПЕРЕРЕЄСТРАЦІЯ ПРИ ЗАМІНІ СВІДОЦТВА ПРО РЕЄСТРАЦІЮ У ЗВ'ЯЗКУ З КОРИГУВАННЯМ ОБЛІКОВИХ ДАНИ,ВАНТАЖНИЙ,1646
2023,450,ПЕРЕРЕЄСТРАЦІЯ ПРИ ЗАМІНІ СВІДОЦТВА ПРО РЕЄСТРАЦІЮ У ЗВ'ЯЗКУ З КОРИГУВАННЯМ ОБЛІКОВИХ ДАНИ,КВАДРОЦИКЛ,1
2023,450,ПЕРЕРЕЄСТРАЦІЯ ПРИ ЗАМІНІ СВІДОЦТВА ПРО РЕЄСТРАЦІЮ У ЗВ'ЯЗКУ З КОРИГУВАННЯМ ОБЛІКОВИХ ДАНИ,ЛЕГКОВИЙ,1020
2023,450,ПЕРЕРЕЄСТРАЦІЯ ПРИ ЗАМІНІ СВІДОЦТВА ПРО РЕЄСТРАЦІЮ У ЗВ'ЯЗКУ З КОРИГУВАННЯМ ОБЛІКОВИХ ДАНИ,МОПЕД,3
2023,450,ПЕРЕРЕЄСТРАЦІЯ ПРИ ЗАМІНІ СВІДОЦТВА ПРО РЕЄСТРАЦІЮ У ЗВ'ЯЗКУ З КОРИГУВАННЯМ ОБЛІКОВИХ ДАНИ,МОТОЦИКЛ,16
2023,450,ПЕРЕРЕЄСТРАЦІЯ ПРИ ЗАМІНІ СВІДОЦТВА ПРО РЕЄСТРАЦІЮ У ЗВ'ЯЗКУ З КОРИГУВАННЯМ ОБЛІКОВИХ ДАНИ,НАПІВПРИЧІП,615
2023,450,ПЕРЕРЕЄСТРАЦІЯ ПРИ ЗАМІНІ СВІДОЦТВА ПРО РЕЄСТРАЦІЮ У ЗВ'ЯЗКУ З КОРИГУВАННЯМ ОБЛІКОВИХ ДАНИ,ПРИЧІП,131
2023,49,ВТОРИННА РЕЄСТРАЦІЯ ТЗ ПО ДОГОВОРУ УКЛАДЕНОМУ В ТСЦ,ЛЕГКОВИЙ,1
2023,49,ВТОРИННА РЕЄСТРАЦІЯ ТЗ ПО ДОГОВОРУ УКЛАДЕНОМУ В ТСЦ,НАПІВПРИЧІП,1
2023,50,ВТОРИННА РЕЄСТРАЦIЯ ТЗ ЗА ДОГОВОРОМ КУПIВЛI-ПРОДАЖУ,ВАНТАЖНИЙ,1
2023,500,ЗНЯТТЯ З ОБЛІКУ У ЗВ'ЯЗКУ ЗІ СКАСУВАННЯМ РЕЄСТРАЦІЇ,АВТОБУС,1
2023,500,ЗНЯТТЯ З ОБЛІКУ У ЗВ'ЯЗКУ ЗІ СКАСУВАННЯМ РЕЄСТРАЦІЇ,ВАНТАЖНИЙ,2
2023,500,ЗНЯТТЯ З ОБЛІКУ У ЗВ'ЯЗКУ ЗІ СКАСУВАННЯМ РЕЄСТРАЦІЇ,ЛЕГКОВИЙ,87
2023,500,ЗНЯТТЯ З ОБЛІКУ У ЗВ'ЯЗКУ ЗІ СКАСУВАННЯМ РЕЄСТРАЦІЇ,МОТОЦИКЛ,1
2023,500,ЗНЯТТЯ З ОБЛІКУ У ЗВ'ЯЗКУ ЗІ СКАСУВАННЯМ РЕЄСТРАЦІЇ,ПРИЧІП,1
2023,501,СКАСУВАННЯ ЗНЯТТЯ З ОБЛІКУ ТЗ,ВАНТАЖНИЙ,2
2023,501,СКАСУВАННЯ ЗНЯТТЯ З ОБЛІКУ ТЗ,ЛЕГКОВИЙ,2
2023,502,СКАСУВАННЯ ПЕРЕРЕЄСТРАЦІЇ (ПЕРЕРЕЄСТРАЦІЯ НА ПОПЕРЕДНЬОГО ВЛАСНИКА),ВАНТАЖНИЙ,4
2023,502,СКАСУВАННЯ ПЕРЕРЕЄСТРАЦІЇ (ПЕРЕРЕЄСТРАЦІЯ НА ПОПЕРЕДНЬОГО ВЛАСНИКА),ЛЕГКОВИЙ,48
2023,508,"ПЕРЕРЕЄСТРАЦІЯ ТЗ, В ЗВ’ЯЗКУ ІЗ РОЗІРВАННЯМ НОТАРІАЛЬНО ПОСВІДЧЕНОГО ДКП ЗА ЗГОДОЮ СТОРІН",АВТОБУС,7
2023,518,ЗНЯТТЯ З ОБЛІКУ КАРТКИ ВІДОМЧОЇ РЕЄСТРАЦІЇ,ВАНТАЖНИЙ,5
2023,518,ЗНЯТТЯ З ОБЛІКУ КАРТКИ ВІДОМЧОЇ РЕЄСТРАЦІЇ,ЛЕГКОВИЙ,7
2023,520,ЗНЯТТЯ З ОБЛIКУ ПРИ ВИВЕЗЕННІ ЗА КОРДОН,АВТОБУС,8
2023,520,ЗНЯТТЯ З ОБЛIКУ ПРИ ВИВЕЗЕННІ ЗА КОРДОН,ВАНТАЖНИЙ,564
2023,520,ЗНЯТТЯ З ОБЛIКУ ПРИ ВИВЕЗЕННІ ЗА КОРДОН,ЛЕГКОВИЙ,408
2023,520,ЗНЯТТЯ З ОБЛIКУ ПРИ ВИВЕЗЕННІ ЗА КОРДОН,МОПЕД,3
2023,520,ЗНЯТТЯ З ОБЛIКУ ПРИ ВИВЕЗЕННІ ЗА КОРДОН,МОТОЦИКЛ,56
2023,520,ЗНЯТТЯ З ОБЛIКУ ПРИ ВИВЕЗЕННІ ЗА КОРДОН,НАПІВПРИЧІП,73
2023,520,ЗНЯТТЯ З ОБЛIКУ ПРИ ВИВЕЗЕННІ ЗА КОРДОН,ПРИЧІП,43
2023,520,ЗНЯТТЯ З ОБЛIКУ ПРИ ВИВЕЗЕННІ ЗА КОРДОН,ТРИЦИКЛ,1
2023,540,ЗНЯТТЯ З ОБЛІКУ У ЗВ`ЯЗКУ З ВИБРАКОВКОЮ,АВТОБУС,859
2023,540,ЗНЯТТЯ З ОБЛІКУ У ЗВ`ЯЗКУ З ВИБРАКОВКОЮ,ВАНТАЖНИЙ,4512
2023,540,ЗНЯТТЯ З ОБЛІКУ У ЗВ`ЯЗКУ З ВИБРАКОВКОЮ,КВАДРОЦИКЛ,5
2023,540,ЗНЯТТЯ З ОБЛІКУ У ЗВ`ЯЗКУ З ВИБРАКОВКОЮ,ЛЕГКОВИЙ,13871
2023,540,ЗНЯТТЯ З ОБЛІКУ У ЗВ`ЯЗКУ З ВИБРАКОВКОЮ,МОПЕД,111
2023,540,ЗНЯТТЯ З ОБЛІКУ У ЗВ`ЯЗКУ З ВИБРАКОВКОЮ,МОТОЦИКЛ,552
2023,540,ЗНЯТТЯ З ОБЛІКУ У ЗВ`ЯЗКУ З ВИБРАКОВКОЮ,НАПІВПРИЧІП,380
2023,540,ЗНЯТТЯ З ОБЛІКУ У ЗВ`ЯЗКУ З ВИБРАКОВКОЮ,ПРИЧІП,408
2023,540,ЗНЯТТЯ З ОБЛІКУ У ЗВ`ЯЗКУ З ВИБРАКОВКОЮ,СПЕЦІАЛІЗОВАНІ,4
2023,540,ЗНЯТТЯ З ОБЛІКУ У ЗВ`ЯЗКУ З ВИБРАКОВКОЮ,ТРИЦИКЛ,3
2023,550,ЗНЯТТЯ З ОБЛІКУ ТЗ ВВЕЗЕНОГО ПIД ЗОБОВ. ПРО ЗВОР. ВИВЕЗЕННЯ,АВТОБУС,3
2023,550,ЗНЯТТЯ З ОБЛІКУ ТЗ ВВЕЗЕНОГО ПIД ЗОБОВ. ПРО ЗВОР. ВИВЕЗЕННЯ,ВАНТАЖНИЙ,82
2023,550,ЗНЯТТЯ З ОБЛІКУ ТЗ ВВЕЗЕНОГО ПIД ЗОБОВ. ПРО ЗВОР. ВИВЕЗЕННЯ,ЛЕГКОВИЙ,227
2023,550,ЗНЯТТЯ З ОБЛІКУ ТЗ ВВЕЗЕНОГО ПIД ЗОБОВ. ПРО ЗВОР. ВИВЕЗЕННЯ,МОПЕД,1
2023,550,ЗНЯТТЯ З ОБЛІКУ ТЗ ВВЕЗЕНОГО ПIД ЗОБОВ. ПРО ЗВОР. ВИВЕЗЕННЯ,НАПІВПРИЧІП,19
2023,560,ЗНЯТТЯ З ОБЛІКУ ПРИ ПОВЕРНЕННІ ІЗ ПОЇЗДКИ ЗА КОРДОН ПО ДОРУЧ.,АВТОБУС,1412
2023,560,ЗНЯТТЯ З ОБЛІКУ ПРИ ПОВЕРНЕННІ ІЗ ПОЇЗДКИ ЗА КОРДОН ПО ДОРУЧ.,ВАНТАЖНИЙ,10553
2023,560,ЗНЯТТЯ З ОБЛІКУ ПРИ ПОВЕРНЕННІ ІЗ ПОЇЗДКИ ЗА КОРДОН ПО ДОРУЧ.,ЛЕГКОВИЙ,7421
2023,560,ЗНЯТТЯ З ОБЛІКУ ПРИ ПОВЕРНЕННІ ІЗ ПОЇЗДКИ ЗА КОРДОН ПО ДОРУЧ.,МОТОЦИКЛ,18
2023,560,ЗНЯТТЯ З ОБЛІКУ ПРИ ПОВЕРНЕННІ ІЗ ПОЇЗДКИ ЗА КОРДОН ПО ДОРУЧ.,НАПІВПРИЧІП,5483
2023,560,ЗНЯТТЯ З ОБЛІКУ ПРИ ПОВЕРНЕННІ ІЗ ПОЇЗДКИ ЗА КОРДОН ПО ДОРУЧ.,ПРИЧІП,378
2023,560,ЗНЯТТЯ З ОБЛІКУ ПРИ ПОВЕРНЕННІ ІЗ ПОЇЗДКИ ЗА КОРДОН ПО ДОРУЧ.,ТРИЦИКЛ,1
2023,570,ЗНЯТТЯ З ОБЛІКУ У ЗВ`ЯЗКУ ЗI ЗМIНОЮ ДЕРЖАВНОГО ОРГАНУ РЕЄСТРАЦІЇ,АВТОБУС,102
2023,570,ЗНЯТТЯ З ОБЛІКУ У ЗВ`ЯЗКУ ЗI ЗМIНОЮ ДЕРЖАВНОГО ОРГАНУ РЕЄСТРАЦІЇ,ВАНТАЖНИЙ,534
2023,570,ЗНЯТТЯ З ОБЛІКУ У ЗВ`ЯЗКУ ЗI ЗМIНОЮ ДЕРЖАВНОГО ОРГАНУ РЕЄСТРАЦІЇ,ЛЕГКОВИЙ,928
2023,570,ЗНЯТТЯ З ОБЛІКУ У ЗВ`ЯЗКУ ЗI ЗМIНОЮ ДЕРЖАВНОГО ОРГАНУ РЕЄСТРАЦІЇ,НАПІВПРИЧІП,71
2023,570,ЗНЯТТЯ З ОБЛІКУ У ЗВ`ЯЗКУ ЗI ЗМIНОЮ ДЕРЖАВНОГО ОРГАНУ РЕЄСТРАЦІЇ,ПРИЧІП,112
2023,62,РЕЄСТРАЦIЯ ТЗ ПО УСПАДКУВАННЮ ЗА ЗАКОНОМ,ЛЕГКОВИЙ,3
2023,62,РЕЄСТРАЦIЯ ТЗ ПО УСПАДКУВАННЮ ЗА ЗАКОНОМ,МОТОЦИКЛ,1
2023,64,РЕЄСТРАЦІЯ КОНФІСКОВАНОГО ТЗ,ЛЕГКОВИЙ,14
2023,64,РЕЄСТРАЦІЯ КОНФІСКОВАНОГО ТЗ,МОТОЦИКЛ,3
2023,65,РЕЄСТРАЦIЯ ТЗ ЗА РІШЕННЯМ СУДУ,ВАНТАЖНИЙ,5
2023,65,РЕЄСТРАЦIЯ ТЗ ЗА РІШЕННЯМ СУДУ,ЛЕГКОВИЙ,158
2023,65,РЕЄСТРАЦIЯ ТЗ ЗА РІШЕННЯМ СУДУ,МОТОЦИКЛ,7
2023,65,РЕЄСТРАЦIЯ ТЗ ЗА РІШЕННЯМ СУДУ,ПРИЧІП,3
2023,69,РЕЄСТРАЦІЯ НОВИХ ТЗ ПО АКТУ ПРИЙОМУ-ПЕРЕДАЧІ (ДОД. 6),АВТОБУС,733
2023,69,РЕЄСТРАЦІЯ НОВИХ ТЗ ПО АКТУ ПРИЙОМУ-ПЕРЕДАЧІ (ДОД. 6),ВАНТАЖНИЙ,419
2023,69,РЕЄСТРАЦІЯ НОВИХ ТЗ ПО АКТУ ПРИЙОМУ-ПЕРЕДАЧІ (ДОД. 6),ЛЕГКОВИЙ,1349
2023,69,РЕЄСТРАЦІЯ НОВИХ ТЗ ПО АКТУ ПРИЙОМУ-ПЕРЕДАЧІ (ДОД. 6),НАПІВПРИЧІП,220
2023,69,РЕЄСТРАЦІЯ НОВИХ ТЗ ПО АКТУ ПРИЙОМУ-ПЕРЕДАЧІ (ДОД. 6),ПРИЧІП,19017
2023,70,РЕЄСТРАЦIЯ Б/В ТЗ ПРИВЕЗЕНОГО З-ЗА КОРДОНУ ПО ВМД,АВТОБУС,376
2023,70,РЕЄСТРАЦIЯ Б/В ТЗ ПРИВЕЗЕНОГО З-ЗА КОРДОНУ ПО ВМД,ВАНТАЖНИЙ,6759
2023,70,РЕЄСТРАЦIЯ Б/В ТЗ ПРИВЕЗЕНОГО З-ЗА КОРДОНУ ПО ВМД,КВАДРОЦИКЛ,6
2023,70,РЕЄСТРАЦIЯ Б/В ТЗ ПРИВЕЗЕНОГО З-ЗА КОРДОНУ ПО ВМД,ЛЕГКОВИЙ,80630
2023,70,РЕЄСТРАЦIЯ Б/В ТЗ ПРИВЕЗЕНОГО З-ЗА КОРДОНУ ПО ВМД,МОПЕД,13
2023,70,РЕЄСТРАЦIЯ Б/В ТЗ ПРИВЕЗЕНОГО З-ЗА КОРДОНУ ПО ВМД,МОТОЦИКЛ,899
2023,70,РЕЄСТРАЦIЯ Б/В ТЗ ПРИВЕЗЕНОГО З-ЗА КОРДОНУ ПО ВМД,НАПІВПРИЧІП,4589
2023,70,РЕЄСТРАЦIЯ Б/В ТЗ ПРИВЕЗЕНОГО З-ЗА КОРДОНУ ПО ВМД,ПРИЧІП,609
2023,70,РЕЄСТРАЦIЯ Б/В ТЗ ПРИВЕЗЕНОГО З-ЗА КОРДОНУ ПО ВМД,ТРИЦИКЛ,11
2023,71,РЕЄСТРАЦІЯ ТЗ ПРИВЕЗЕНОГО З-ЗА КОРДОНУ ПО ПОСВІДЧЕННЮ МИТНИЦІ,АВТОБУС,31
2023,71,РЕЄСТРАЦІЯ ТЗ ПРИВЕЗЕНОГО З-ЗА КОРДОНУ ПО ПОСВІДЧЕННЮ МИТНИЦІ,ВАНТАЖНИЙ,1223
2023,71,РЕЄСТРАЦІЯ ТЗ ПРИВЕЗЕНОГО З-ЗА КОРДОНУ ПО ПОСВІДЧЕННЮ МИТНИЦІ,КВАДРОЦИКЛ,8
2023,71,РЕЄСТРАЦІЯ ТЗ ПРИВЕЗЕНОГО З-ЗА КОРДОНУ ПО ПОСВІДЧЕННЮ МИТНИЦІ,ЛЕГКОВИЙ,41998
2023,71,РЕЄСТРАЦІЯ ТЗ ПРИВЕЗЕНОГО З-ЗА КОРДОНУ ПО ПОСВІДЧЕННЮ МИТНИЦІ,МОПЕД,9
2023,71,РЕЄСТРАЦІЯ ТЗ ПРИВЕЗЕНОГО З-ЗА КОРДОНУ ПО ПОСВІДЧЕННЮ МИТНИЦІ,МОТОЦИКЛ,486
2023,71,РЕЄСТРАЦІЯ ТЗ ПРИВЕЗЕНОГО З-ЗА КОРДОНУ ПО ПОСВІДЧЕННЮ МИТНИЦІ,НАПІВПРИЧІП,515
2023,71,РЕЄСТРАЦІЯ ТЗ ПРИВЕЗЕНОГО З-ЗА КОРДОНУ ПО ПОСВІДЧЕННЮ МИТНИЦІ,ПРИЧІП,422
2023,71,РЕЄСТРАЦІЯ ТЗ ПРИВЕЗЕНОГО З-ЗА КОРДОНУ ПО ПОСВІДЧЕННЮ МИТНИЦІ,ТРИЦИКЛ,8
2023,72,"РЕЄСТРАЦІЯ НОВОГО ТЗ, ПРИВЕЗЕНОГО З-ЗА КОРДОНУ ПО ВМД",ВАНТАЖНИЙ,493
2023,72,"РЕЄСТРАЦІЯ НОВОГО ТЗ, ПРИВЕЗЕНОГО З-ЗА КОРДОНУ ПО ВМД",КВАДРОЦИКЛ,6
2023,72,"РЕЄСТРАЦІЯ НОВОГО ТЗ, ПРИВЕЗЕНОГО З-ЗА КОРДОНУ ПО ВМД",ЛЕГКОВИЙ,1619
2023,72,"РЕЄСТРАЦІЯ НОВОГО ТЗ, ПРИВЕЗЕНОГО З-ЗА КОРДОНУ ПО ВМД",МОТОЦИКЛ,61
2023,72,"РЕЄСТРАЦІЯ НОВОГО ТЗ, ПРИВЕЗЕНОГО З-ЗА КОРДОНУ ПО ВМД",НАПІВПРИЧІП,1625
2023,72,"РЕЄСТРАЦІЯ НОВОГО ТЗ, ПРИВЕЗЕНОГО З-ЗА КОРДОНУ ПО ВМД",ПРИЧІП,359
2023,72,"РЕЄСТРАЦІЯ НОВОГО ТЗ, ПРИВЕЗЕНОГО З-ЗА КОРДОНУ ПО ВМД",ТРИЦИКЛ,6
2023,73,РЕЄСТРАЦІЯ Б/В ТЗ НА ЮРИДИЧНУ ОСОБУ З ОБМЕЖЕННЯМ ТЕРМІНУ ВІДЧУЖЕННЯ ПРОТЯГОМ 1095 ДНІВ,АВТОБУС,15
2023,73,РЕЄСТРАЦІЯ Б/В ТЗ НА ЮРИДИЧНУ ОСОБУ З ОБМЕЖЕННЯМ ТЕРМІНУ ВІДЧУЖЕННЯ ПРОТЯГОМ 1095 ДНІВ,ВАНТАЖНИЙ,2
2023,80,"РЕЄСТРАЦІЯ ТЗ ПРИДБАНОГО НА АУКЦІОНІ, ЕЛЕКТРОННИХ ТОРГАХ, ТОВАРНІЙ БІРЖІ",ЛЕГКОВИЙ,7
2023,80,"РЕЄСТРАЦІЯ ТЗ ПРИДБАНОГО НА АУКЦІОНІ, ЕЛЕКТРОННИХ ТОРГАХ, ТОВАРНІЙ БІРЖІ",МОПЕД,5
2023,80,"РЕЄСТРАЦІЯ ТЗ ПРИДБАНОГО НА АУКЦІОНІ, ЕЛЕКТРОННИХ ТОРГАХ, ТОВАРНІЙ БІРЖІ",МОТОЦИКЛ,2
2023,80,"РЕЄСТРАЦІЯ ТЗ ПРИДБАНОГО НА АУКЦІОНІ, ЕЛЕКТРОННИХ ТОРГАХ, ТОВАРНІЙ БІРЖІ",НАПІВПРИЧІП,1
2023,90,РЕЄСТРАЦIЯ ТЗ ПРИДБАНОГО З ФОНДІВ МІН. ОБОРОНИ,ВАНТАЖНИЙ,5
2023,90,РЕЄСТРАЦIЯ ТЗ ПРИДБАНОГО З ФОНДІВ МІН. ОБОРОНИ,ЛЕГКОВИЙ,7
2023,90,РЕЄСТРАЦIЯ ТЗ ПРИДБАНОГО З ФОНДІВ МІН. ОБОРОНИ,МОПЕД,1
2023,91,РЕЄСТРАЦІЯ ТЗ ПРИДБАНОГО В ІНШОМУ ОРГАНІ ДЕРЖАВНОЇ РЕЄСТРАЦІЇ,ВАНТАЖНИЙ,93
2023,91,РЕЄСТРАЦІЯ ТЗ ПРИДБАНОГО В ІНШОМУ ОРГАНІ ДЕРЖАВНОЇ РЕЄСТРАЦІЇ,ЛЕГКОВИЙ,17
2023,92,РЕЄСТРАЦІЯ ТЗ ПРИ ПОВЕРНЕННІ З ВІДОМЧОЇ РЕЄСТРАЦІЇ (БЕЗ ЗМІНИ ВЛАСНИКА),ВАНТАЖНИЙ,4
2023,92,РЕЄСТРАЦІЯ ТЗ ПРИ ПОВЕРНЕННІ З ВІДОМЧОЇ РЕЄСТРАЦІЇ (БЕЗ ЗМІНИ ВЛАСНИКА),ЛЕГКОВИЙ,12
2023,92,РЕЄСТРАЦІЯ ТЗ ПРИ ПОВЕРНЕННІ З ВІДОМЧОЇ РЕЄСТРАЦІЇ (БЕЗ ЗМІНИ ВЛАСНИКА),ПРИЧІП,1
2023,99,"ПЕРВИННА РЕЄСТРАЦІЯ НОВОГО ТЗ ПРИДБАНОГО В ТОРГІВЕЛЬНІЙ ОРГАНІЗАЦІЇ, ЯКИЙ ВИГОТОВЛЕНО В УК",АВТОБУС,335
2023,99,"ПЕРВИННА РЕЄСТРАЦІЯ НОВОГО ТЗ ПРИДБАНОГО В ТОРГІВЕЛЬНІЙ ОРГАНІЗАЦІЇ, ЯКИЙ ВИГОТОВЛЕНО В УК",ВАНТАЖНИЙ,2026
2023,99,"ПЕРВИННА РЕЄСТРАЦІЯ НОВОГО ТЗ ПРИДБАНОГО В ТОРГІВЕЛЬНІЙ ОРГАНІЗАЦІЇ, ЯКИЙ ВИГОТОВЛЕНО В УК",ЛЕГКОВИЙ,4795
2023,99,"ПЕРВИННА РЕЄСТРАЦІЯ НОВОГО ТЗ ПРИДБАНОГО В ТОРГІВЕЛЬНІЙ ОРГАНІЗАЦІЇ, ЯКИЙ ВИГОТОВЛЕНО В УК",МОТОЦИКЛ,1
2023,99,"ПЕРВИННА РЕЄСТРАЦІЯ НОВОГО ТЗ ПРИДБАНОГО В ТОРГІВЕЛЬНІЙ ОРГАНІЗАЦІЇ, ЯКИЙ ВИГОТОВЛЕНО В УК",НАПІВПРИЧІП,252
2023,99,"ПЕРВИННА РЕЄСТРАЦІЯ НОВОГО ТЗ ПРИДБАНОГО В ТОРГІВЕЛЬНІЙ ОРГАНІЗАЦІЇ, ЯКИЙ ВИГОТОВЛЕНО В УК",ПРИЧІП,4681
2024,10,ВТОРИННА РЕЄСТРАЦIЯ ТЗ ПО АКТУ ПРИЙМАННЯ ПЕРЕДАЧІ(ДОД.2),ВАНТАЖНИЙ,7
2024,10,ВТОРИННА РЕЄСТРАЦIЯ ТЗ ПО АКТУ ПРИЙМАННЯ ПЕРЕДАЧІ(ДОД.2),ЛЕГКОВИЙ,7
2024,100,"ПЕРВИННА РЕЄСТРАЦIЯ Б/В ТЗ ПРИДБАНОГО В ТОРГІВЕЛЬНІЙ ОРГАНІЗАЦІЇ, ЯКИЙ ВВЕЗЕНО З-ЗА КОРДОН",АВТОБУС,466
2024,100,"ПЕРВИННА РЕЄСТРАЦIЯ Б/В ТЗ ПРИДБАНОГО В ТОРГІВЕЛЬНІЙ ОРГАНІЗАЦІЇ, ЯКИЙ ВВЕЗЕНО З-ЗА КОРДОН",ВАНТАЖНИЙ,16157
2024,100,"ПЕРВИННА РЕЄСТРАЦIЯ Б/В ТЗ ПРИДБАНОГО В ТОРГІВЕЛЬНІЙ ОРГАНІЗАЦІЇ, ЯКИЙ ВВЕЗЕНО З-ЗА КОРДОН",КВАДРОЦИКЛ,6
2024,100,"ПЕРВИННА РЕЄСТРАЦIЯ Б/В ТЗ ПРИДБАНОГО В ТОРГІВЕЛЬНІЙ ОРГАНІЗАЦІЇ, ЯКИЙ ВВЕЗЕНО З-ЗА КОРДОН",ЛЕГКОВИЙ,103442
2024,100,"ПЕРВИННА РЕЄСТРАЦIЯ Б/В ТЗ ПРИДБАНОГО В ТОРГІВЕЛЬНІЙ ОРГАНІЗАЦІЇ, ЯКИЙ ВВЕЗЕНО З-ЗА КОРДОН",МОПЕД,1872
2024,100,"ПЕРВИННА РЕЄСТРАЦIЯ Б/В ТЗ ПРИДБАНОГО В ТОРГІВЕЛЬНІЙ ОРГАНІЗАЦІЇ, ЯКИЙ ВВЕЗЕНО З-ЗА КОРДОН",МОТОЦИКЛ,2768
2024,100,"ПЕРВИННА РЕЄСТРАЦIЯ Б/В ТЗ ПРИДБАНОГО В ТОРГІВЕЛЬНІЙ ОРГАНІЗАЦІЇ, ЯКИЙ ВВЕЗЕНО З-ЗА КОРДОН",НАПІВПРИЧІП,5185
2024,100,"ПЕРВИННА РЕЄСТРАЦIЯ Б/В ТЗ ПРИДБАНОГО В ТОРГІВЕЛЬНІЙ ОРГАНІЗАЦІЇ, ЯКИЙ ВВЕЗЕНО З-ЗА КОРДОН",ПРИЧІП,434
2024,100,"ПЕРВИННА РЕЄСТРАЦIЯ Б/В ТЗ ПРИДБАНОГО В ТОРГІВЕЛЬНІЙ ОРГАНІЗАЦІЇ, ЯКИЙ ВВЕЗЕНО З-ЗА КОРДОН",ТРИЦИКЛ,7
2024,102,РЕЄСТРАЦІЯ НОВОГО ТЗ (ЕКСПЕРИМЕНТАЛЬНІ ЗРАЗКИ),АВТОБУС,1
2024,105,"ПЕРВИННА РЕЄСТРАЦІЯ НОВОГО ТЗ ПРИДБАНОГО В ТОРГОВЕЛЬНІЙ ОРГАНІЗАЦІЇ, ЯКИЙ ВВЕЗЕНО З-ЗА КОР",АВТОБУС,176
2024,105,"ПЕРВИННА РЕЄСТРАЦІЯ НОВОГО ТЗ ПРИДБАНОГО В ТОРГОВЕЛЬНІЙ ОРГАНІЗАЦІЇ, ЯКИЙ ВВЕЗЕНО З-ЗА КОР",ВАНТАЖНИЙ,7910
2024,105,"ПЕРВИННА РЕЄСТРАЦІЯ НОВОГО ТЗ ПРИДБАНОГО В ТОРГОВЕЛЬНІЙ ОРГАНІЗАЦІЇ, ЯКИЙ ВВЕЗЕНО З-ЗА КОР",КВАДРОЦИКЛ,549
2024,105,"ПЕРВИННА РЕЄСТРАЦІЯ НОВОГО ТЗ ПРИДБАНОГО В ТОРГОВЕЛЬНІЙ ОРГАНІЗАЦІЇ, ЯКИЙ ВВЕЗЕНО З-ЗА КОР",ЛЕГКОВИЙ,63287
2024,105,"ПЕРВИННА РЕЄСТРАЦІЯ НОВОГО ТЗ ПРИДБАНОГО В ТОРГОВЕЛЬНІЙ ОРГАНІЗАЦІЇ, ЯКИЙ ВВЕЗЕНО З-ЗА КОР",МОПЕД,325
2024,105,"ПЕРВИННА РЕЄСТРАЦІЯ НОВОГО ТЗ ПРИДБАНОГО В ТОРГОВЕЛЬНІЙ ОРГАНІЗАЦІЇ, ЯКИЙ ВВЕЗЕНО З-ЗА КОР",МОТОЦИКЛ,37323
2024,105,"ПЕРВИННА РЕЄСТРАЦІЯ НОВОГО ТЗ ПРИДБАНОГО В ТОРГОВЕЛЬНІЙ ОРГАНІЗАЦІЇ, ЯКИЙ ВВЕЗЕНО З-ЗА КОР",НАПІВПРИЧІП,1001
2024,105,"ПЕРВИННА РЕЄСТРАЦІЯ НОВОГО ТЗ ПРИДБАНОГО В ТОРГОВЕЛЬНІЙ ОРГАНІЗАЦІЇ, ЯКИЙ ВВЕЗЕНО З-ЗА КОР",ПРИЧІП,144
2024,105,"ПЕРВИННА РЕЄСТРАЦІЯ НОВОГО ТЗ ПРИДБАНОГО В ТОРГОВЕЛЬНІЙ ОРГАНІЗАЦІЇ, ЯКИЙ ВВЕЗЕНО З-ЗА КОР",ТРИЦИКЛ,90
2024,110,РЕЄСТРАЦIЯ ТЗ ОТРИМАНОГО ЧЕРЕЗ ВIДДIЛ СОЦ. ЗАХИСТУ,ЛЕГКОВИЙ,10
2024,130,РЕЄСТРАЦIЯ ТЗ У ЗВ`ЯЗКУ З ПРИЇЗДОМ НА ПМЖ ІЗ ЗА КОРДОНУ,ЛЕГКОВИЙ,13
2024,130,РЕЄСТРАЦIЯ ТЗ У ЗВ`ЯЗКУ З ПРИЇЗДОМ НА ПМЖ ІЗ ЗА КОРДОНУ,МОТОЦИКЛ,1
2024,140,ВТОРИННА РЕЄСТРАЦIЯ ТЗ У ЗВ`ЯЗКУ З НЕПРОДАЖЕМ,АВТОБУС,1
2024,140,ВТОРИННА РЕЄСТРАЦIЯ ТЗ У ЗВ`ЯЗКУ З НЕПРОДАЖЕМ,ВАНТАЖНИЙ,14
2024,140,ВТОРИННА РЕЄСТРАЦIЯ ТЗ У ЗВ`ЯЗКУ З НЕПРОДАЖЕМ,ЛЕГКОВИЙ,50
2024,140,ВТОРИННА РЕЄСТРАЦIЯ ТЗ У ЗВ`ЯЗКУ З НЕПРОДАЖЕМ,МОТОЦИКЛ,2
2024,140,ВТОРИННА РЕЄСТРАЦIЯ ТЗ У ЗВ`ЯЗКУ З НЕПРОДАЖЕМ,НАПІВПРИЧІП,6
2024,140,ВТОРИННА РЕЄСТРАЦIЯ ТЗ У ЗВ`ЯЗКУ З НЕПРОДАЖЕМ,ПРИЧІП,10
2024,141,РЕЄСТРАЦIЯ ТЗ ПIСЛЯ СКАСУВАННЯ РЕЄСТРАЦІЇ,АВТОБУС,1
2024,141,РЕЄСТРАЦIЯ ТЗ ПIСЛЯ СКАСУВАННЯ РЕЄСТРАЦІЇ,ВАНТАЖНИЙ,1
2024,141,РЕЄСТРАЦIЯ ТЗ ПIСЛЯ СКАСУВАННЯ РЕЄСТРАЦІЇ,ЛЕГКОВИЙ,7
2024,15,ВНЕСЕННЯ БЕЗНОМЕРНОГО ТЗ (ТІЛЬКИ ДЛЯ ВИБРАКОВКИ),ЛЕГКОВИЙ,1
2024,18,"ВНЕСЕННЯ КАРТКИ ВІДОМЧОЇ РЕЄСТРАЦІЇ ТЗ (ТІЛЬКИ ДЛЯ НАДАННЯ ДОЗВОЛУ НА СПЕЦСИГНАЛ, ДОПНВ ТА",АВТОБУС,14
2024,18,"ВНЕСЕННЯ КАРТКИ ВІДОМЧОЇ РЕЄСТРАЦІЇ ТЗ (ТІЛЬКИ ДЛЯ НАДАННЯ ДОЗВОЛУ НА СПЕЦСИГНАЛ, ДОПНВ ТА",ВАНТАЖНИЙ,317
2024,18,"ВНЕСЕННЯ КАРТКИ ВІДОМЧОЇ РЕЄСТРАЦІЇ ТЗ (ТІЛЬКИ ДЛЯ НАДАННЯ ДОЗВОЛУ НА СПЕЦСИГНАЛ, ДОПНВ ТА",ЛЕГКОВИЙ,188
2024,18,"ВНЕСЕННЯ КАРТКИ ВІДОМЧОЇ РЕЄСТРАЦІЇ ТЗ (ТІЛЬКИ ДЛЯ НАДАННЯ ДОЗВОЛУ НА СПЕЦСИГНАЛ, ДОПНВ ТА",НАПІВПРИЧІП,1
2024,213,ВИДАЧА ТТ У ЗВ'ЯЗКУ З ПОСТАНОВКОЮ НА ТИМЧАСОВИЙ ДЕРЖАВНИЙ ОБЛІК НА ПЕРІОД ВОЄННОГО СТАНУ,АВТОБУС,580
2024,213,ВИДАЧА ТТ У ЗВ'ЯЗКУ З ПОСТАНОВКОЮ НА ТИМЧАСОВИЙ ДЕРЖАВНИЙ ОБЛІК НА ПЕРІОД ВОЄННОГО СТАНУ,ВАНТАЖНИЙ,4621
2024,213,ВИДАЧА ТТ У ЗВ'ЯЗКУ З ПОСТАНОВКОЮ НА ТИМЧАСОВИЙ ДЕРЖАВНИЙ ОБЛІК НА ПЕРІОД ВОЄННОГО СТАНУ,КВАДРОЦИКЛ,8
2024,213,ВИДАЧА ТТ У ЗВ'ЯЗКУ З ПОСТАНОВКОЮ НА ТИМЧАСОВИЙ ДЕРЖАВНИЙ ОБЛІК НА ПЕРІОД ВОЄННОГО СТАНУ,ЛЕГКОВИЙ,17075
2024,213,ВИДАЧА ТТ У ЗВ'ЯЗКУ З ПОСТАНОВКОЮ НА ТИМЧАСОВИЙ ДЕРЖАВНИЙ ОБЛІК НА ПЕРІОД ВОЄННОГО СТАНУ,МОПЕД,2
2024,213,ВИДАЧА ТТ У ЗВ'ЯЗКУ З ПОСТАНОВКОЮ НА ТИМЧАСОВИЙ ДЕРЖАВНИЙ ОБЛІК НА ПЕРІОД ВОЄННОГО СТАНУ,МОТОЦИКЛ,39
2024,213,ВИДАЧА ТТ У ЗВ'ЯЗКУ З ПОСТАНОВКОЮ НА ТИМЧАСОВИЙ ДЕРЖАВНИЙ ОБЛІК НА ПЕРІОД ВОЄННОГО СТАНУ,НАПІВПРИЧІП,26
2024,213,ВИДАЧА ТТ У ЗВ'ЯЗКУ З ПОСТАНОВКОЮ НА ТИМЧАСОВИЙ ДЕРЖАВНИЙ ОБЛІК НА ПЕРІОД ВОЄННОГО СТАНУ,ПРИЧІП,120
2024,215,ТИМЧАСОВИЙ ДЕРЖАВНИЙ ОБЛІК ТЗ ЗА ВІЙСЬКОВОСЛУЖБОВЦЕМ,АВТОБУС,2
2024,215,ТИМЧАСОВИЙ ДЕРЖАВНИЙ ОБЛІК ТЗ ЗА ВІЙСЬКОВОСЛУЖБОВЦЕМ,ВАНТАЖНИЙ,150
2024,215,ТИМЧАСОВИЙ ДЕРЖАВНИЙ ОБЛІК ТЗ ЗА ВІЙСЬКОВОСЛУЖБОВЦЕМ,ЛЕГКОВИЙ,1054
2024,215,ТИМЧАСОВИЙ ДЕРЖАВНИЙ ОБЛІК ТЗ ЗА ВІЙСЬКОВОСЛУЖБОВЦЕМ,ПРИЧІП,2
2024,220,ВИДАЧА ТИМЧАСОВОГО ТАЛОНА ПРИ ТИМЧАСОВОМУ ВВЕЗЕННЮ ТЗ НА МИТНУ ТЕРИТОРІЮ УКРАЇНИ,ЛЕГКОВИЙ,19
2024,220,ВИДАЧА ТИМЧАСОВОГО ТАЛОНА ПРИ ТИМЧАСОВОМУ ВВЕЗЕННЮ ТЗ НА МИТНУ ТЕРИТОРІЮ УКРАЇНИ,ПРИЧІП,11
2024,221,"РЕЄСТРАЦІЮ ТЗ,ВВЕЗЕНОГО ПІД ЗОБОВ'ЯЗАННЯ ПРО ЗВОРОТНЕ ВИВЕЗЕННЯ",АВТОБУС,8
2024,221,"РЕЄСТРАЦІЮ ТЗ,ВВЕЗЕНОГО ПІД ЗОБОВ'ЯЗАННЯ ПРО ЗВОРОТНЕ ВИВЕЗЕННЯ",ВАНТАЖНИЙ,19
2024,221,"РЕЄСТРАЦІЮ ТЗ,ВВЕЗЕНОГО ПІД ЗОБОВ'ЯЗАННЯ ПРО ЗВОРОТНЕ ВИВЕЗЕННЯ",ЛЕГКОВИЙ,296
2024,221,"РЕЄСТРАЦІЮ ТЗ,ВВЕЗЕНОГО ПІД ЗОБОВ'ЯЗАННЯ ПРО ЗВОРОТНЕ ВИВЕЗЕННЯ",НАПІВПРИЧІП,19
2024,230,ВИДАЧА СВ. ПРО РЕЄСТР ДЛЯ ПОЇЗДКИ ЗА КОРДОН,АВТОБУС,1402
2024,230,ВИДАЧА СВ. ПРО РЕЄСТР ДЛЯ ПОЇЗДКИ ЗА КОРДОН,ВАНТАЖНИЙ,9738
2024,230,ВИДАЧА СВ. ПРО РЕЄСТР ДЛЯ ПОЇЗДКИ ЗА КОРДОН,ЛЕГКОВИЙ,5831
2024,230,ВИДАЧА СВ. ПРО РЕЄСТР ДЛЯ ПОЇЗДКИ ЗА КОРДОН,МОТОЦИКЛ,5
2024,230,ВИДАЧА СВ. ПРО РЕЄСТР ДЛЯ ПОЇЗДКИ ЗА КОРДОН,НАПІВПРИЧІП,4908
2024,230,ВИДАЧА СВ. ПРО РЕЄСТР ДЛЯ ПОЇЗДКИ ЗА КОРДОН,ПРИЧІП,330
2024,250,ВИДАЧА ТИМЧАСОВОГО РЕЄСТР ТАЛОНУ ПО ДОРУЧЕННЮ ЧИ ІНШОГО ДОКУМ.ПРАВОКОРИСТУВАННЯ,АВТОБУС,6148
2024,250,ВИДАЧА ТИМЧАСОВОГО РЕЄСТР ТАЛОНУ ПО ДОРУЧЕННЮ ЧИ ІНШОГО ДОКУМ.ПРАВОКОРИСТУВАННЯ,ВАНТАЖНИЙ,683
2024,250,ВИДАЧА ТИМЧАСОВОГО РЕЄСТР ТАЛОНУ ПО ДОРУЧЕННЮ ЧИ ІНШОГО ДОКУМ.ПРАВОКОРИСТУВАННЯ,КВАДРОЦИКЛ,1
2024,250,ВИДАЧА ТИМЧАСОВОГО РЕЄСТР ТАЛОНУ ПО ДОРУЧЕННЮ ЧИ ІНШОГО ДОКУМ.ПРАВОКОРИСТУВАННЯ,ЛЕГКОВИЙ,908
2024,250,ВИДАЧА ТИМЧАСОВОГО РЕЄСТР ТАЛОНУ ПО ДОРУЧЕННЮ ЧИ ІНШОГО ДОКУМ.ПРАВОКОРИСТУВАННЯ,МОПЕД,10
2024,250,ВИДАЧА ТИМЧАСОВОГО РЕЄСТР ТАЛОНУ ПО ДОРУЧЕННЮ ЧИ ІНШОГО ДОКУМ.ПРАВОКОРИСТУВАННЯ,МОТОЦИКЛ,15
2024,250,ВИДАЧА ТИМЧАСОВОГО РЕЄСТР ТАЛОНУ ПО ДОРУЧЕННЮ ЧИ ІНШОГО ДОКУМ.ПРАВОКОРИСТУВАННЯ,НАПІВПРИЧІП,315
2024,250,ВИДАЧА ТИМЧАСОВОГО РЕЄСТР ТАЛОНУ ПО ДОРУЧЕННЮ ЧИ ІНШОГО ДОКУМ.ПРАВОКОРИСТУВАННЯ,ПРИЧІП,87
2024,250,ВИДАЧА ТИМЧАСОВОГО РЕЄСТР ТАЛОНУ ПО ДОРУЧЕННЮ ЧИ ІНШОГО ДОКУМ.ПРАВОКОРИСТУВАННЯ,ТРИЦИКЛ,1
2024,252,ВИДАЧА ТИМЧАС. РЕЄСТР. ТАЛОНУ НА ПРАВО КЕРУВАННЯ ЗА ЗАЯВОЮ ВЛАСНИКА,АВТОБУС,1464
2024,252,ВИДАЧА ТИМЧАС. РЕЄСТР. ТАЛОНУ НА ПРАВО КЕРУВАННЯ ЗА ЗАЯВОЮ ВЛАСНИКА,ВАНТАЖНИЙ,167
2024,252,ВИДАЧА ТИМЧАС. РЕЄСТР. ТАЛОНУ НА ПРАВО КЕРУВАННЯ ЗА ЗАЯВОЮ ВЛАСНИКА,ЛЕГКОВИЙ,1166
2024,252,ВИДАЧА ТИМЧАС. РЕЄСТР. ТАЛОНУ НА ПРАВО КЕРУВАННЯ ЗА ЗАЯВОЮ ВЛАСНИКА,МОПЕД,3
2024,252,ВИДАЧА ТИМЧАС. РЕЄСТР. ТАЛОНУ НА ПРАВО КЕРУВАННЯ ЗА ЗАЯВОЮ ВЛАСНИКА,МОТОЦИКЛ,12
2024,252,ВИДАЧА ТИМЧАС. РЕЄСТР. ТАЛОНУ НА ПРАВО КЕРУВАННЯ ЗА ЗАЯВОЮ ВЛАСНИКА,НАПІВПРИЧІП,66
2024,252,ВИДАЧА ТИМЧАС. РЕЄСТР. ТАЛОНУ НА ПРАВО КЕРУВАННЯ ЗА ЗАЯВОЮ ВЛАСНИКА,ПРИЧІП,44
2024,253,"ВИДАЧА ТИМЧАСОВОГО ТАЛОНУ НА ПІДСТАВІ ЗАЯВИ УПРАВИТЕЛЯ ТА ДОГОВОРУ УПРАВЛІННЯ, УКЛАДЕНОГО ",ВАНТАЖНИЙ,20
2024,253,"ВИДАЧА ТИМЧАСОВОГО ТАЛОНУ НА ПІДСТАВІ ЗАЯВИ УПРАВИТЕЛЯ ТА ДОГОВОРУ УПРАВЛІННЯ, УКЛАДЕНОГО ",НАПІВПРИЧІП,1
2024,253,"ВИДАЧА ТИМЧАСОВОГО ТАЛОНУ НА ПІДСТАВІ ЗАЯВИ УПРАВИТЕЛЯ ТА ДОГОВОРУ УПРАВЛІННЯ, УКЛАДЕНОГО ",ПРИЧІП,2
2024,254,НАЛЕЖНИЙ КОРИСТУВАЧ. РЕЄСТРАЦІЯ,АВТОБУС,585
2024,254,НАЛЕЖНИЙ КОРИСТУВАЧ. РЕЄСТРАЦІЯ,ВАНТАЖНИЙ,11654
2024,254,НАЛЕЖНИЙ КОРИСТУВАЧ. РЕЄСТРАЦІЯ,КВАДРОЦИКЛ,20
2024,254,НАЛЕЖНИЙ КОРИСТУВАЧ. РЕЄСТРАЦІЯ,ЛЕГКОВИЙ,238090
2024,254,НАЛЕЖНИЙ КОРИСТУВАЧ. РЕЄСТРАЦІЯ,МОПЕД,124
2024,254,НАЛЕЖНИЙ КОРИСТУВАЧ. РЕЄСТРАЦІЯ,МОТОЦИКЛ,3641
2024,254,НАЛЕЖНИЙ КОРИСТУВАЧ. РЕЄСТРАЦІЯ,НАПІВПРИЧІП,587
2024,254,НАЛЕЖНИЙ КОРИСТУВАЧ. РЕЄСТРАЦІЯ,ПРИЧІП,1560
2024,254,НАЛЕЖНИЙ КОРИСТУВАЧ. РЕЄСТРАЦІЯ,СПЕЦІАЛІЗОВАНІ,3
2024,254,НАЛЕЖНИЙ КОРИСТУВАЧ. РЕЄСТРАЦІЯ,ТРИЦИКЛ,7
2024,255,АНУЛЮВАННЯ ВИДАЧI ТИМЧАС. РЕЄСТРАЦIЙНОГО ТАЛОНУ ПО ДОРУЧ,АВТОБУС,277
2024,255,АНУЛЮВАННЯ ВИДАЧI ТИМЧАС. РЕЄСТРАЦIЙНОГО ТАЛОНУ ПО ДОРУЧ,ВАНТАЖНИЙ,12
2024,255,АНУЛЮВАННЯ ВИДАЧI ТИМЧАС. РЕЄСТРАЦIЙНОГО ТАЛОНУ ПО ДОРУЧ,ЛЕГКОВИЙ,25
2024,255,АНУЛЮВАННЯ ВИДАЧI ТИМЧАС. РЕЄСТРАЦIЙНОГО ТАЛОНУ ПО ДОРУЧ,НАПІВПРИЧІП,6
2024,255,АНУЛЮВАННЯ ВИДАЧI ТИМЧАС. РЕЄСТРАЦIЙНОГО ТАЛОНУ ПО ДОРУЧ,ПРИЧІП,1
2024,256,АНУЛЮВАННЯ ВИДАЧI ТИМЧАС. РЕЕСТР. ТАЛОНУ ПО ЗАЯВI ВЛ,АВТОБУС,242
2024,256,АНУЛЮВАННЯ ВИДАЧI ТИМЧАС. РЕЕСТР. ТАЛОНУ ПО ЗАЯВI ВЛ,ВАНТАЖНИЙ,16
2024,256,АНУЛЮВАННЯ ВИДАЧI ТИМЧАС. РЕЕСТР. ТАЛОНУ ПО ЗАЯВI ВЛ,ЛЕГКОВИЙ,97
2024,256,АНУЛЮВАННЯ ВИДАЧI ТИМЧАС. РЕЕСТР. ТАЛОНУ ПО ЗАЯВI ВЛ,МОТОЦИКЛ,1
2024,256,АНУЛЮВАННЯ ВИДАЧI ТИМЧАС. РЕЕСТР. ТАЛОНУ ПО ЗАЯВI ВЛ,НАПІВПРИЧІП,10
2024,256,АНУЛЮВАННЯ ВИДАЧI ТИМЧАС. РЕЕСТР. ТАЛОНУ ПО ЗАЯВI ВЛ,ПРИЧІП,1
2024,257,НАЛЕЖНИЙ КОРИСТУВАЧ.РЕЄСТРАЦІЯ (ТІЛЬКИ ДЛЯ КЕРІВНИКІВ ЮО),ВАНТАЖНИЙ,115
2024,257,НАЛЕЖНИЙ КОРИСТУВАЧ.РЕЄСТРАЦІЯ (ТІЛЬКИ ДЛЯ КЕРІВНИКІВ ЮО),ЛЕГКОВИЙ,123
2024,257,НАЛЕЖНИЙ КОРИСТУВАЧ.РЕЄСТРАЦІЯ (ТІЛЬКИ ДЛЯ КЕРІВНИКІВ ЮО),НАПІВПРИЧІП,22
2024,260,ВИДАЧА ТИМЧ. РЕЄСТР. ТАЛОНУ ПРИ ВИЯВЛЕННI ТЗ ВИКР ЗА КОРД,ЛЕГКОВИЙ,10
2024,260,ВИДАЧА ТИМЧ. РЕЄСТР. ТАЛОНУ ПРИ ВИЯВЛЕННI ТЗ ВИКР ЗА КОРД,НАПІВПРИЧІП,1
2024,284,НАЛЕЖНИЙ КОРИСТУВАЧ. ВИКЛЮЧЕННЯ ВІДОМОСТЕЙ,АВТОБУС,48
2024,284,НАЛЕЖНИЙ КОРИСТУВАЧ. ВИКЛЮЧЕННЯ ВІДОМОСТЕЙ,ВАНТАЖНИЙ,932
2024,284,НАЛЕЖНИЙ КОРИСТУВАЧ. ВИКЛЮЧЕННЯ ВІДОМОСТЕЙ,КВАДРОЦИКЛ,2
2024,284,НАЛЕЖНИЙ КОРИСТУВАЧ. ВИКЛЮЧЕННЯ ВІДОМОСТЕЙ,ЛЕГКОВИЙ,27044
2024,284,НАЛЕЖНИЙ КОРИСТУВАЧ. ВИКЛЮЧЕННЯ ВІДОМОСТЕЙ,МОПЕД,7
2024,284,НАЛЕЖНИЙ КОРИСТУВАЧ. ВИКЛЮЧЕННЯ ВІДОМОСТЕЙ,МОТОЦИКЛ,255
2024,284,НАЛЕЖНИЙ КОРИСТУВАЧ. ВИКЛЮЧЕННЯ ВІДОМОСТЕЙ,НАПІВПРИЧІП,56
2024,284,НАЛЕЖНИЙ КОРИСТУВАЧ. ВИКЛЮЧЕННЯ ВІДОМОСТЕЙ,ПРИЧІП,88
2024,293,ЗНЯТТЯ З ТИМЧАСОВОГО ДЕРЖАВНОГО ОБЛІКУ,АВТОБУС,11
2024,293,ЗНЯТТЯ З ТИМЧАСОВОГО ДЕРЖАВНОГО ОБЛІКУ,ВАНТАЖНИЙ,35
2024,293,ЗНЯТТЯ З ТИМЧАСОВОГО ДЕРЖАВНОГО ОБЛІКУ,ЛЕГКОВИЙ,158
2024,295,ЗНЯТТЯ З ТИМЧАСОВОГО ДЕРЖАВНОГО ОБЛІКУ У ЗВ'ЯЗКУ ЗІ ЗМІНОЮ ОРГАНУ РЕЄСТРАЦІЇ,АВТОБУС,6
2024,295,ЗНЯТТЯ З ТИМЧАСОВОГО ДЕРЖАВНОГО ОБЛІКУ У ЗВ'ЯЗКУ ЗІ ЗМІНОЮ ОРГАНУ РЕЄСТРАЦІЇ,ВАНТАЖНИЙ,248
2024,295,ЗНЯТТЯ З ТИМЧАСОВОГО ДЕРЖАВНОГО ОБЛІКУ У ЗВ'ЯЗКУ ЗІ ЗМІНОЮ ОРГАНУ РЕЄСТРАЦІЇ,ЛЕГКОВИЙ,200
2024,295,ЗНЯТТЯ З ТИМЧАСОВОГО ДЕРЖАВНОГО ОБЛІКУ У ЗВ'ЯЗКУ ЗІ ЗМІНОЮ ОРГАНУ РЕЄСТРАЦІЇ,МОТОЦИКЛ,2
2024,295,ЗНЯТТЯ З ТИМЧАСОВОГО ДЕРЖАВНОГО ОБЛІКУ У ЗВ'ЯЗКУ ЗІ ЗМІНОЮ ОРГАНУ РЕЄСТРАЦІЇ,НАПІВПРИЧІП,1
2024,295,ЗНЯТТЯ З ТИМЧАСОВОГО ДЕРЖАВНОГО ОБЛІКУ У ЗВ'ЯЗКУ ЗІ ЗМІНОЮ ОРГАНУ РЕЄСТРАЦІЇ,ПРИЧІП,4
2024,296,ЗНЯТТЯ З ТИМЧАСОВОГО ДЕРЖАВНОГО ОБЛІКУ У ЗВ'ЯЗКУ З ВИБРАКУВАННЯМ (СПИСАННЯМ),ВАНТАЖНИЙ,5
2024,296,ЗНЯТТЯ З ТИМЧАСОВОГО ДЕРЖАВНОГО ОБЛІКУ У ЗВ'ЯЗКУ З ВИБРАКУВАННЯМ (СПИСАННЯМ),ЛЕГКОВИЙ,17
2024,30,ПЕРВИННА РЕЄСТРАЦІЯ ТЗ ДЛЯ ІНДИВ. ВЛАСНИКА,ЛЕГКОВИЙ,2
2024,30,ПЕРВИННА РЕЄСТРАЦІЯ ТЗ ДЛЯ ІНДИВ. ВЛАСНИКА,МОТОЦИКЛ,3
2024,300,ПЕРЕРЕЄСТРАЦIЯ НА НОВОГО ВЛАСНИКА ЗА СВIД. НА СПIЛЬНЕ МАЙНО,ВАНТАЖНИЙ,12
2024,300,ПЕРЕРЕЄСТРАЦIЯ НА НОВОГО ВЛАСНИКА ЗА СВIД. НА СПIЛЬНЕ МАЙНО,ЛЕГКОВИЙ,97
2024,300,ПЕРЕРЕЄСТРАЦIЯ НА НОВОГО ВЛАСНИКА ЗА СВIД. НА СПIЛЬНЕ МАЙНО,МОТОЦИКЛ,1
2024,300,ПЕРЕРЕЄСТРАЦIЯ НА НОВОГО ВЛАСНИКА ЗА СВIД. НА СПIЛЬНЕ МАЙНО,НАПІВПРИЧІП,1
2024,300,ПЕРЕРЕЄСТРАЦIЯ НА НОВОГО ВЛАСНИКА ЗА СВIД. НА СПIЛЬНЕ МАЙНО,ПРИЧІП,1
2024,301,ПЕРЕРЕЄСТРАЦІЯ ЗА ДОГОВОРОМ ПОДІЛУ МАЙНА,АВТОБУС,2
2024,301,ПЕРЕРЕЄСТРАЦІЯ ЗА ДОГОВОРОМ ПОДІЛУ МАЙНА,ВАНТАЖНИЙ,29
2024,301,ПЕРЕРЕЄСТРАЦІЯ ЗА ДОГОВОРОМ ПОДІЛУ МАЙНА,ЛЕГКОВИЙ,272
2024,301,ПЕРЕРЕЄСТРАЦІЯ ЗА ДОГОВОРОМ ПОДІЛУ МАЙНА,МОТОЦИКЛ,3
2024,301,ПЕРЕРЕЄСТРАЦІЯ ЗА ДОГОВОРОМ ПОДІЛУ МАЙНА,НАПІВПРИЧІП,5
2024,301,ПЕРЕРЕЄСТРАЦІЯ ЗА ДОГОВОРОМ ПОДІЛУ МАЙНА,ПРИЧІП,3
2024,306,"ПЕРЕРЕЄСТРАЦІЯ ТЗ НА НОВОГО ВЛАСНИКА ПО ДОГОВОРУ ДАРУВАННЯ, УКЛАДЕНОМУ В ПРИСУТНОСТІ АДМІН",ЛЕГКОВИЙ,2
2024,307,ПЕРЕРЕЄСТРАЦІЯ ТЗ НА НОВОГО ВЛАСНИКА ПО ДОГОВОРУ КУПІВЛІ-ПРОДАЖУ УКЛАДЕНОМУ В ПРИСУТНОСТІ ,АВТОБУС,5
2024,307,ПЕРЕРЕЄСТРАЦІЯ ТЗ НА НОВОГО ВЛАСНИКА ПО ДОГОВОРУ КУПІВЛІ-ПРОДАЖУ УКЛАДЕНОМУ В ПРИСУТНОСТІ ,ВАНТАЖНИЙ,47
2024,307,ПЕРЕРЕЄСТРАЦІЯ ТЗ НА НОВОГО ВЛАСНИКА ПО ДОГОВОРУ КУПІВЛІ-ПРОДАЖУ УКЛАДЕНОМУ В ПРИСУТНОСТІ ,КВАДРОЦИКЛ,1
2024,307,ПЕРЕРЕЄСТРАЦІЯ ТЗ НА НОВОГО ВЛАСНИКА ПО ДОГОВОРУ КУПІВЛІ-ПРОДАЖУ УКЛАДЕНОМУ В ПРИСУТНОСТІ ,ЛЕГКОВИЙ,5367
2024,307,ПЕРЕРЕЄСТРАЦІЯ ТЗ НА НОВОГО ВЛАСНИКА ПО ДОГОВОРУ КУПІВЛІ-ПРОДАЖУ УКЛАДЕНОМУ В ПРИСУТНОСТІ ,МОПЕД,4
2024,307,ПЕРЕРЕЄСТРАЦІЯ ТЗ НА НОВОГО ВЛАСНИКА ПО ДОГОВОРУ КУПІВЛІ-ПРОДАЖУ УКЛАДЕНОМУ В ПРИСУТНОСТІ ,МОТОЦИКЛ,96
2024,307,ПЕРЕРЕЄСТРАЦІЯ ТЗ НА НОВОГО ВЛАСНИКА ПО ДОГОВОРУ КУПІВЛІ-ПРОДАЖУ УКЛАДЕНОМУ В ПРИСУТНОСТІ ,НАПІВПРИЧІП,6
2024,307,ПЕРЕРЕЄСТРАЦІЯ ТЗ НА НОВОГО ВЛАСНИКА ПО ДОГОВОРУ КУПІВЛІ-ПРОДАЖУ УКЛАДЕНОМУ В ПРИСУТНОСТІ ,ПРИЧІП,7
2024,307,ПЕРЕРЕЄСТРАЦІЯ ТЗ НА НОВОГО ВЛАСНИКА ПО ДОГОВОРУ КУПІВЛІ-ПРОДАЖУ УКЛАДЕНОМУ В ПРИСУТНОСТІ ,ТРИЦИКЛ,1
2024,308,ПЕРЕРЕЄСТРАЦІЯ НА НОВОГО ВЛАСНИКА ЗА ДОГ. КУПIВЛI-ПРОДАЖУ (СГ),АВТОБУС,5278
2024,308,ПЕРЕРЕЄСТРАЦІЯ НА НОВОГО ВЛАСНИКА ЗА ДОГ. КУПIВЛI-ПРОДАЖУ (СГ),ВАНТАЖНИЙ,78082
2024,308,ПЕРЕРЕЄСТРАЦІЯ НА НОВОГО ВЛАСНИКА ЗА ДОГ. КУПIВЛI-ПРОДАЖУ (СГ),КВАДРОЦИКЛ,52
2024,308,ПЕРЕРЕЄСТРАЦІЯ НА НОВОГО ВЛАСНИКА ЗА ДОГ. КУПIВЛI-ПРОДАЖУ (СГ),ЛЕГКОВИЙ,378982
2024,308,ПЕРЕРЕЄСТРАЦІЯ НА НОВОГО ВЛАСНИКА ЗА ДОГ. КУПIВЛI-ПРОДАЖУ (СГ),МОПЕД,210
2024,308,ПЕРЕРЕЄСТРАЦІЯ НА НОВОГО ВЛАСНИКА ЗА ДОГ. КУПIВЛI-ПРОДАЖУ (СГ),МОТОЦИКЛ,6980
2024,308,ПЕРЕРЕЄСТРАЦІЯ НА НОВОГО ВЛАСНИКА ЗА ДОГ. КУПIВЛI-ПРОДАЖУ (СГ),НАПІВПРИЧІП,11784
2024,308,ПЕРЕРЕЄСТРАЦІЯ НА НОВОГО ВЛАСНИКА ЗА ДОГ. КУПIВЛI-ПРОДАЖУ (СГ),ПРИЧІП,7433
2024,308,ПЕРЕРЕЄСТРАЦІЯ НА НОВОГО ВЛАСНИКА ЗА ДОГ. КУПIВЛI-ПРОДАЖУ (СГ),ТРИЦИКЛ,50
2024,310,ПЕРЕРЕЄСТРАЦІЯ НА НОВОГО ВЛАСНИКА ЗА ДОГ. КУП.-ПРОД.ТА ІНШ.(ОФОРМ.НОТАРІАЛЬНО ),АВТОБУС,199
2024,310,ПЕРЕРЕЄСТРАЦІЯ НА НОВОГО ВЛАСНИКА ЗА ДОГ. КУП.-ПРОД.ТА ІНШ.(ОФОРМ.НОТАРІАЛЬНО ),ВАНТАЖНИЙ,276
2024,310,ПЕРЕРЕЄСТРАЦІЯ НА НОВОГО ВЛАСНИКА ЗА ДОГ. КУП.-ПРОД.ТА ІНШ.(ОФОРМ.НОТАРІАЛЬНО ),ЛЕГКОВИЙ,1628
2024,310,ПЕРЕРЕЄСТРАЦІЯ НА НОВОГО ВЛАСНИКА ЗА ДОГ. КУП.-ПРОД.ТА ІНШ.(ОФОРМ.НОТАРІАЛЬНО ),МОПЕД,1
2024,310,ПЕРЕРЕЄСТРАЦІЯ НА НОВОГО ВЛАСНИКА ЗА ДОГ. КУП.-ПРОД.ТА ІНШ.(ОФОРМ.НОТАРІАЛЬНО ),МОТОЦИКЛ,28
2024,310,ПЕРЕРЕЄСТРАЦІЯ НА НОВОГО ВЛАСНИКА ЗА ДОГ. КУП.-ПРОД.ТА ІНШ.(ОФОРМ.НОТАРІАЛЬНО ),НАПІВПРИЧІП,36
2024,310,ПЕРЕРЕЄСТРАЦІЯ НА НОВОГО ВЛАСНИКА ЗА ДОГ. КУП.-ПРОД.ТА ІНШ.(ОФОРМ.НОТАРІАЛЬНО ),ПРИЧІП,35
2024,311,ПЕРЕРЕЄСТРАЦІЯ НА НОВОГО ВЛАСНИКА ЗА ДОГОВОРОМ МІНИ,ВАНТАЖНИЙ,3
2024,311,ПЕРЕРЕЄСТРАЦІЯ НА НОВОГО ВЛАСНИКА ЗА ДОГОВОРОМ МІНИ,ЛЕГКОВИЙ,20
2024,311,ПЕРЕРЕЄСТРАЦІЯ НА НОВОГО ВЛАСНИКА ЗА ДОГОВОРОМ МІНИ,МОТОЦИКЛ,3
2024,311,ПЕРЕРЕЄСТРАЦІЯ НА НОВОГО ВЛАСНИКА ЗА ДОГОВОРОМ МІНИ,ПРИЧІП,1
2024,312,"ПЕРЕРЕЄСТРАЦІЯ ТЗ НА НОВОГО ВЛАСНИКА, ОТРИМАНОГО ЧЕРЕЗ ВІДДІЛ СОЦЗАХИСТУ",ЛЕГКОВИЙ,11
2024,313,"ПЕРЕРЕЄСТРАЦІЯ НА НОВОГО ВЛАСНИКА ЗА ДОГ. КУПІВЛІ-ПРОДАЖУ, УКЛАДЕНОГО У СГ НА ТЗ ЗАРЕЄСТРО",АВТОБУС,69
2024,313,"ПЕРЕРЕЄСТРАЦІЯ НА НОВОГО ВЛАСНИКА ЗА ДОГ. КУПІВЛІ-ПРОДАЖУ, УКЛАДЕНОГО У СГ НА ТЗ ЗАРЕЄСТРО",ВАНТАЖНИЙ,198
2024,313,"ПЕРЕРЕЄСТРАЦІЯ НА НОВОГО ВЛАСНИКА ЗА ДОГ. КУПІВЛІ-ПРОДАЖУ, УКЛАДЕНОГО У СГ НА ТЗ ЗАРЕЄСТРО",ЛЕГКОВИЙ,3266
2024,313,"ПЕРЕРЕЄСТРАЦІЯ НА НОВОГО ВЛАСНИКА ЗА ДОГ. КУПІВЛІ-ПРОДАЖУ, УКЛАДЕНОГО У СГ НА ТЗ ЗАРЕЄСТРО",МОТОЦИКЛ,46
2024,313,"ПЕРЕРЕЄСТРАЦІЯ НА НОВОГО ВЛАСНИКА ЗА ДОГ. КУПІВЛІ-ПРОДАЖУ, УКЛАДЕНОГО У СГ НА ТЗ ЗАРЕЄСТРО",НАПІВПРИЧІП,100
2024,313,"ПЕРЕРЕЄСТРАЦІЯ НА НОВОГО ВЛАСНИКА ЗА ДОГ. КУПІВЛІ-ПРОДАЖУ, УКЛАДЕНОГО У СГ НА ТЗ ЗАРЕЄСТРО",ПРИЧІП,3
2024,314,ПЕРЕРЕЄСТРАЦІЯ ТЗ ІЗ УКЛАДАННЯМ ДОГОВОРУ КУПІВЛІ-ПРОДАЖУ ЧЕРЕЗ ЕЛЕКТРОННІ СЕРВІСИ ТА ЗОВНІ,ВАНТАЖНИЙ,1
2024,314,ПЕРЕРЕЄСТРАЦІЯ ТЗ ІЗ УКЛАДАННЯМ ДОГОВОРУ КУПІВЛІ-ПРОДАЖУ ЧЕРЕЗ ЕЛЕКТРОННІ СЕРВІСИ ТА ЗОВНІ,ЛЕГКОВИЙ,201017
2024,314,ПЕРЕРЕЄСТРАЦІЯ ТЗ ІЗ УКЛАДАННЯМ ДОГОВОРУ КУПІВЛІ-ПРОДАЖУ ЧЕРЕЗ ЕЛЕКТРОННІ СЕРВІСИ ТА ЗОВНІ,МОПЕД,258
2024,314,ПЕРЕРЕЄСТРАЦІЯ ТЗ ІЗ УКЛАДАННЯМ ДОГОВОРУ КУПІВЛІ-ПРОДАЖУ ЧЕРЕЗ ЕЛЕКТРОННІ СЕРВІСИ ТА ЗОВНІ,МОТОЦИКЛ,8205
2024,315,ПЕРЕРЕЄСТРАЦІЯ ТЗ НА НОВ. ВЛАСН. ПО ДОГОВОРУ УКЛАДЕНОМУ В ТСЦ,АВТОБУС,680
2024,315,ПЕРЕРЕЄСТРАЦІЯ ТЗ НА НОВ. ВЛАСН. ПО ДОГОВОРУ УКЛАДЕНОМУ В ТСЦ,ВАНТАЖНИЙ,10825
2024,315,ПЕРЕРЕЄСТРАЦІЯ ТЗ НА НОВ. ВЛАСН. ПО ДОГОВОРУ УКЛАДЕНОМУ В ТСЦ,КВАДРОЦИКЛ,63
2024,315,ПЕРЕРЕЄСТРАЦІЯ ТЗ НА НОВ. ВЛАСН. ПО ДОГОВОРУ УКЛАДЕНОМУ В ТСЦ,ЛЕГКОВИЙ,518843
2024,315,ПЕРЕРЕЄСТРАЦІЯ ТЗ НА НОВ. ВЛАСН. ПО ДОГОВОРУ УКЛАДЕНОМУ В ТСЦ,МОПЕД,642
2024,315,ПЕРЕРЕЄСТРАЦІЯ ТЗ НА НОВ. ВЛАСН. ПО ДОГОВОРУ УКЛАДЕНОМУ В ТСЦ,МОТОЦИКЛ,10851
2024,315,ПЕРЕРЕЄСТРАЦІЯ ТЗ НА НОВ. ВЛАСН. ПО ДОГОВОРУ УКЛАДЕНОМУ В ТСЦ,НАПІВПРИЧІП,2718
2024,315,ПЕРЕРЕЄСТРАЦІЯ ТЗ НА НОВ. ВЛАСН. ПО ДОГОВОРУ УКЛАДЕНОМУ В ТСЦ,ПРИЧІП,1330
2024,315,ПЕРЕРЕЄСТРАЦІЯ ТЗ НА НОВ. ВЛАСН. ПО ДОГОВОРУ УКЛАДЕНОМУ В ТСЦ,ТРИЦИКЛ,31
2024,316,ПЕРЕРЕЄСТРАЦІЯ ТЗ НА НОВ. ВЛАСН. ПО ДОГОВОРУ МІНИ УКЛАДЕНОМУ В ТСЦ,ЛЕГКОВИЙ,2
2024,317,ПЕРЕРЕЄСТРАЦІЯ ТЗ НА НОВ. ВЛАСН. ПО ДОГОВОРУ ДАРУВАННЯ УКЛАДЕНОМУ В ТСЦ,АВТОБУС,127
2024,317,ПЕРЕРЕЄСТРАЦІЯ ТЗ НА НОВ. ВЛАСН. ПО ДОГОВОРУ ДАРУВАННЯ УКЛАДЕНОМУ В ТСЦ,ВАНТАЖНИЙ,3293
2024,317,ПЕРЕРЕЄСТРАЦІЯ ТЗ НА НОВ. ВЛАСН. ПО ДОГОВОРУ ДАРУВАННЯ УКЛАДЕНОМУ В ТСЦ,КВАДРОЦИКЛ,6
2024,317,ПЕРЕРЕЄСТРАЦІЯ ТЗ НА НОВ. ВЛАСН. ПО ДОГОВОРУ ДАРУВАННЯ УКЛАДЕНОМУ В ТСЦ,ЛЕГКОВИЙ,26836
2024,317,ПЕРЕРЕЄСТРАЦІЯ ТЗ НА НОВ. ВЛАСН. ПО ДОГОВОРУ ДАРУВАННЯ УКЛАДЕНОМУ В ТСЦ,МОПЕД,21
2024,317,ПЕРЕРЕЄСТРАЦІЯ ТЗ НА НОВ. ВЛАСН. ПО ДОГОВОРУ ДАРУВАННЯ УКЛАДЕНОМУ В ТСЦ,МОТОЦИКЛ,323
2024,317,ПЕРЕРЕЄСТРАЦІЯ ТЗ НА НОВ. ВЛАСН. ПО ДОГОВОРУ ДАРУВАННЯ УКЛАДЕНОМУ В ТСЦ,НАПІВПРИЧІП,441
2024,317,ПЕРЕРЕЄСТРАЦІЯ ТЗ НА НОВ. ВЛАСН. ПО ДОГОВОРУ ДАРУВАННЯ УКЛАДЕНОМУ В ТСЦ,ПРИЧІП,325
2024,317,ПЕРЕРЕЄСТРАЦІЯ ТЗ НА НОВ. ВЛАСН. ПО ДОГОВОРУ ДАРУВАННЯ УКЛАДЕНОМУ В ТСЦ,ТРИЦИКЛ,2
2024,319,ПЕРЕРЕЄСТРАЦІЯ ТЗ НА НОВОГО ВЛАСНИКА ЗА АКТОМ ПРИЙОМУ-ПЕРЕДАЧІ,АВТОБУС,477
2024,319,ПЕРЕРЕЄСТРАЦІЯ ТЗ НА НОВОГО ВЛАСНИКА ЗА АКТОМ ПРИЙОМУ-ПЕРЕДАЧІ,ВАНТАЖНИЙ,1424
2024,319,ПЕРЕРЕЄСТРАЦІЯ ТЗ НА НОВОГО ВЛАСНИКА ЗА АКТОМ ПРИЙОМУ-ПЕРЕДАЧІ,ЛЕГКОВИЙ,3220
2024,319,ПЕРЕРЕЄСТРАЦІЯ ТЗ НА НОВОГО ВЛАСНИКА ЗА АКТОМ ПРИЙОМУ-ПЕРЕДАЧІ,МОПЕД,11
2024,319,ПЕРЕРЕЄСТРАЦІЯ ТЗ НА НОВОГО ВЛАСНИКА ЗА АКТОМ ПРИЙОМУ-ПЕРЕДАЧІ,МОТОЦИКЛ,35
2024,319,ПЕРЕРЕЄСТРАЦІЯ ТЗ НА НОВОГО ВЛАСНИКА ЗА АКТОМ ПРИЙОМУ-ПЕРЕДАЧІ,НАПІВПРИЧІП,71
2024,319,ПЕРЕРЕЄСТРАЦІЯ ТЗ НА НОВОГО ВЛАСНИКА ЗА АКТОМ ПРИЙОМУ-ПЕРЕДАЧІ,ПРИЧІП,242
2024,320,ПЕРЕРЕЄСТРАЦIЯ НА НОВ. ВЛАС. ЗА ДОГ. ДАРУВАННЯ (ОФОРМЛЕНО НОТАРІАЛЬНО),АВТОБУС,40
2024,320,ПЕРЕРЕЄСТРАЦIЯ НА НОВ. ВЛАС. ЗА ДОГ. ДАРУВАННЯ (ОФОРМЛЕНО НОТАРІАЛЬНО),ВАНТАЖНИЙ,880
2024,320,ПЕРЕРЕЄСТРАЦIЯ НА НОВ. ВЛАС. ЗА ДОГ. ДАРУВАННЯ (ОФОРМЛЕНО НОТАРІАЛЬНО),КВАДРОЦИКЛ,1
2024,320,ПЕРЕРЕЄСТРАЦIЯ НА НОВ. ВЛАС. ЗА ДОГ. ДАРУВАННЯ (ОФОРМЛЕНО НОТАРІАЛЬНО),ЛЕГКОВИЙ,6044
2024,320,ПЕРЕРЕЄСТРАЦIЯ НА НОВ. ВЛАС. ЗА ДОГ. ДАРУВАННЯ (ОФОРМЛЕНО НОТАРІАЛЬНО),МОПЕД,2
2024,320,ПЕРЕРЕЄСТРАЦIЯ НА НОВ. ВЛАС. ЗА ДОГ. ДАРУВАННЯ (ОФОРМЛЕНО НОТАРІАЛЬНО),МОТОЦИКЛ,61
2024,320,ПЕРЕРЕЄСТРАЦIЯ НА НОВ. ВЛАС. ЗА ДОГ. ДАРУВАННЯ (ОФОРМЛЕНО НОТАРІАЛЬНО),НАПІВПРИЧІП,113
2024,320,ПЕРЕРЕЄСТРАЦIЯ НА НОВ. ВЛАС. ЗА ДОГ. ДАРУВАННЯ (ОФОРМЛЕНО НОТАРІАЛЬНО),ПРИЧІП,169
2024,320,ПЕРЕРЕЄСТРАЦIЯ НА НОВ. ВЛАС. ЗА ДОГ. ДАРУВАННЯ (ОФОРМЛЕНО НОТАРІАЛЬНО),ТРИЦИКЛ,1
2024,321,"ПЕРЕРЕЄСТРАЦIЯ ТЗ НА НОВ. ВЛАС. ПО УСПАДКУВАННЮ ЗА ЗАКОНОМ, ЗАПОВIТОМ ЧИ УСПАДКОВАНОМУ ДОГ",АВТОБУС,115
2024,321,"ПЕРЕРЕЄСТРАЦIЯ ТЗ НА НОВ. ВЛАС. ПО УСПАДКУВАННЮ ЗА ЗАКОНОМ, ЗАПОВIТОМ ЧИ УСПАДКОВАНОМУ ДОГ",ВАНТАЖНИЙ,1073
2024,321,"ПЕРЕРЕЄСТРАЦIЯ ТЗ НА НОВ. ВЛАС. ПО УСПАДКУВАННЮ ЗА ЗАКОНОМ, ЗАПОВIТОМ ЧИ УСПАДКОВАНОМУ ДОГ",ЛЕГКОВИЙ,13095
2024,321,"ПЕРЕРЕЄСТРАЦIЯ ТЗ НА НОВ. ВЛАС. ПО УСПАДКУВАННЮ ЗА ЗАКОНОМ, ЗАПОВIТОМ ЧИ УСПАДКОВАНОМУ ДОГ",МОПЕД,24
2024,321,"ПЕРЕРЕЄСТРАЦIЯ ТЗ НА НОВ. ВЛАС. ПО УСПАДКУВАННЮ ЗА ЗАКОНОМ, ЗАПОВIТОМ ЧИ УСПАДКОВАНОМУ ДОГ",МОТОЦИКЛ,327
2024,321,"ПЕРЕРЕЄСТРАЦIЯ ТЗ НА НОВ. ВЛАС. ПО УСПАДКУВАННЮ ЗА ЗАКОНОМ, ЗАПОВIТОМ ЧИ УСПАДКОВАНОМУ ДОГ",НАПІВПРИЧІП,108
2024,321,"ПЕРЕРЕЄСТРАЦIЯ ТЗ НА НОВ. ВЛАС. ПО УСПАДКУВАННЮ ЗА ЗАКОНОМ, ЗАПОВIТОМ ЧИ УСПАДКОВАНОМУ ДОГ",ПРИЧІП,894
2024,321,"ПЕРЕРЕЄСТРАЦIЯ ТЗ НА НОВ. ВЛАС. ПО УСПАДКУВАННЮ ЗА ЗАКОНОМ, ЗАПОВIТОМ ЧИ УСПАДКОВАНОМУ ДОГ",ТРИЦИКЛ,2
2024,322,ПЕРЕРЕЄСТРАЦIЯ ТЗ НА НОВ. ВЛАС. ПО УСПАДКУВАННЮ ЗА ЗАКОНОМ ЧИ ЗНЯТТЯМ З ОБЛІКУ В ОРГАНАХ С,АВТОБУС,75
2024,322,ПЕРЕРЕЄСТРАЦIЯ ТЗ НА НОВ. ВЛАС. ПО УСПАДКУВАННЮ ЗА ЗАКОНОМ ЧИ ЗНЯТТЯМ З ОБЛІКУ В ОРГАНАХ С,ВАНТАЖНИЙ,684
2024,322,ПЕРЕРЕЄСТРАЦIЯ ТЗ НА НОВ. ВЛАС. ПО УСПАДКУВАННЮ ЗА ЗАКОНОМ ЧИ ЗНЯТТЯМ З ОБЛІКУ В ОРГАНАХ С,ЛЕГКОВИЙ,9653
2024,322,ПЕРЕРЕЄСТРАЦIЯ ТЗ НА НОВ. ВЛАС. ПО УСПАДКУВАННЮ ЗА ЗАКОНОМ ЧИ ЗНЯТТЯМ З ОБЛІКУ В ОРГАНАХ С,МОПЕД,53
2024,322,ПЕРЕРЕЄСТРАЦIЯ ТЗ НА НОВ. ВЛАС. ПО УСПАДКУВАННЮ ЗА ЗАКОНОМ ЧИ ЗНЯТТЯМ З ОБЛІКУ В ОРГАНАХ С,МОТОЦИКЛ,200
2024,322,ПЕРЕРЕЄСТРАЦIЯ ТЗ НА НОВ. ВЛАС. ПО УСПАДКУВАННЮ ЗА ЗАКОНОМ ЧИ ЗНЯТТЯМ З ОБЛІКУ В ОРГАНАХ С,НАПІВПРИЧІП,77
2024,322,ПЕРЕРЕЄСТРАЦIЯ ТЗ НА НОВ. ВЛАС. ПО УСПАДКУВАННЮ ЗА ЗАКОНОМ ЧИ ЗНЯТТЯМ З ОБЛІКУ В ОРГАНАХ С,ПРИЧІП,666
2024,324,"ПЕРЕРЕЄСТРАЦІЯ ТЗ НА НОВОГО ВЛАСНИКА (СТРАХОВИКА), ПІСЛЯ ВИПЛАТИ СТРАХУВАЛЬНИКАМ ПОВНОЇ СТ",ЛЕГКОВИЙ,1
2024,329,ПЕРЕРЕЄСТРАЦІЯ ТЗ НА НОВОГО ВЛАСНИКА ЗА ДОГОВОРОМ ФІНАНСОВОГО ЛІЗИНГУ ТА ДКП ПРЕДМЕТА ЛІЗИ,АВТОБУС,160
2024,329,ПЕРЕРЕЄСТРАЦІЯ ТЗ НА НОВОГО ВЛАСНИКА ЗА ДОГОВОРОМ ФІНАНСОВОГО ЛІЗИНГУ ТА ДКП ПРЕДМЕТА ЛІЗИ,ВАНТАЖНИЙ,2727
2024,329,ПЕРЕРЕЄСТРАЦІЯ ТЗ НА НОВОГО ВЛАСНИКА ЗА ДОГОВОРОМ ФІНАНСОВОГО ЛІЗИНГУ ТА ДКП ПРЕДМЕТА ЛІЗИ,ЛЕГКОВИЙ,6222
2024,329,ПЕРЕРЕЄСТРАЦІЯ ТЗ НА НОВОГО ВЛАСНИКА ЗА ДОГОВОРОМ ФІНАНСОВОГО ЛІЗИНГУ ТА ДКП ПРЕДМЕТА ЛІЗИ,МОТОЦИКЛ,1
2024,329,ПЕРЕРЕЄСТРАЦІЯ ТЗ НА НОВОГО ВЛАСНИКА ЗА ДОГОВОРОМ ФІНАНСОВОГО ЛІЗИНГУ ТА ДКП ПРЕДМЕТА ЛІЗИ,НАПІВПРИЧІП,481
2024,329,ПЕРЕРЕЄСТРАЦІЯ ТЗ НА НОВОГО ВЛАСНИКА ЗА ДОГОВОРОМ ФІНАНСОВОГО ЛІЗИНГУ ТА ДКП ПРЕДМЕТА ЛІЗИ,ПРИЧІП,22
2024,329,ПЕРЕРЕЄСТРАЦІЯ ТЗ НА НОВОГО ВЛАСНИКА ЗА ДОГОВОРОМ ФІНАНСОВОГО ЛІЗИНГУ ТА ДКП ПРЕДМЕТА ЛІЗИ,ТРИЦИКЛ,4
2024,330,ПЕРЕРЕЄСТРАЦIЯ НА НОВОГО ВЛАСНИКА ЗА РIШЕННЯМ СУДУ,АВТОБУС,5
2024,330,ПЕРЕРЕЄСТРАЦIЯ НА НОВОГО ВЛАСНИКА ЗА РIШЕННЯМ СУДУ,ВАНТАЖНИЙ,75
2024,330,ПЕРЕРЕЄСТРАЦIЯ НА НОВОГО ВЛАСНИКА ЗА РIШЕННЯМ СУДУ,ЛЕГКОВИЙ,413
2024,330,ПЕРЕРЕЄСТРАЦIЯ НА НОВОГО ВЛАСНИКА ЗА РIШЕННЯМ СУДУ,МОПЕД,1
2024,330,ПЕРЕРЕЄСТРАЦIЯ НА НОВОГО ВЛАСНИКА ЗА РIШЕННЯМ СУДУ,МОТОЦИКЛ,10
2024,330,ПЕРЕРЕЄСТРАЦIЯ НА НОВОГО ВЛАСНИКА ЗА РIШЕННЯМ СУДУ,НАПІВПРИЧІП,5
2024,330,ПЕРЕРЕЄСТРАЦIЯ НА НОВОГО ВЛАСНИКА ЗА РIШЕННЯМ СУДУ,ПРИЧІП,14
2024,331,"ПЕРЕРЕЄСТРАЦІЯ НА НОВОГО ВЛАСНИКА ТЗ, ПРИДБАНОГО НА АУКЦІОНІ, ЕЛЕКТРОННИХ ТОРГАХ, ТОВАРНІЙ",АВТОБУС,23
2024,331,"ПЕРЕРЕЄСТРАЦІЯ НА НОВОГО ВЛАСНИКА ТЗ, ПРИДБАНОГО НА АУКЦІОНІ, ЕЛЕКТРОННИХ ТОРГАХ, ТОВАРНІЙ",ВАНТАЖНИЙ,254
2024,331,"ПЕРЕРЕЄСТРАЦІЯ НА НОВОГО ВЛАСНИКА ТЗ, ПРИДБАНОГО НА АУКЦІОНІ, ЕЛЕКТРОННИХ ТОРГАХ, ТОВАРНІЙ",ЛЕГКОВИЙ,629
2024,331,"ПЕРЕРЕЄСТРАЦІЯ НА НОВОГО ВЛАСНИКА ТЗ, ПРИДБАНОГО НА АУКЦІОНІ, ЕЛЕКТРОННИХ ТОРГАХ, ТОВАРНІЙ",МОТОЦИКЛ,11
2024,331,"ПЕРЕРЕЄСТРАЦІЯ НА НОВОГО ВЛАСНИКА ТЗ, ПРИДБАНОГО НА АУКЦІОНІ, ЕЛЕКТРОННИХ ТОРГАХ, ТОВАРНІЙ",НАПІВПРИЧІП,26
2024,331,"ПЕРЕРЕЄСТРАЦІЯ НА НОВОГО ВЛАСНИКА ТЗ, ПРИДБАНОГО НА АУКЦІОНІ, ЕЛЕКТРОННИХ ТОРГАХ, ТОВАРНІЙ",ПРИЧІП,18
2024,332,ПЕРЕРЕЄСТРАЦІЯ ТЗ НА НОВОГО ВЛАСНИКА ЗА ПОСТАНОВОЮ ПРО ПЕРЕДАЧУ МАЙНА,АВТОБУС,1
2024,332,ПЕРЕРЕЄСТРАЦІЯ ТЗ НА НОВОГО ВЛАСНИКА ЗА ПОСТАНОВОЮ ПРО ПЕРЕДАЧУ МАЙНА,ВАНТАЖНИЙ,7
2024,332,ПЕРЕРЕЄСТРАЦІЯ ТЗ НА НОВОГО ВЛАСНИКА ЗА ПОСТАНОВОЮ ПРО ПЕРЕДАЧУ МАЙНА,ЛЕГКОВИЙ,48
2024,332,ПЕРЕРЕЄСТРАЦІЯ ТЗ НА НОВОГО ВЛАСНИКА ЗА ПОСТАНОВОЮ ПРО ПЕРЕДАЧУ МАЙНА,МОПЕД,1
2024,332,ПЕРЕРЕЄСТРАЦІЯ ТЗ НА НОВОГО ВЛАСНИКА ЗА ПОСТАНОВОЮ ПРО ПЕРЕДАЧУ МАЙНА,НАПІВПРИЧІП,1
2024,332,ПЕРЕРЕЄСТРАЦІЯ ТЗ НА НОВОГО ВЛАСНИКА ЗА ПОСТАНОВОЮ ПРО ПЕРЕДАЧУ МАЙНА,ПРИЧІП,2
2024,340,ПЕРЕРЕЄСТРАЦIЯ У ЗВ`ЯЗКУ ЗI ЗМIНОЮ АНКЕТНИХ ДАНИХ ВЛАСНИКА,ЛЕГКОВИЙ,1
2024,340,ПЕРЕРЕЄСТРАЦIЯ У ЗВ`ЯЗКУ ЗI ЗМIНОЮ АНКЕТНИХ ДАНИХ ВЛАСНИКА(БЕЗ ЗМІНИ РЕГІОНУ РЕЄСТРАЦІЇ),АВТОБУС,71
2024,340,ПЕРЕРЕЄСТРАЦIЯ У ЗВ`ЯЗКУ ЗI ЗМIНОЮ АНКЕТНИХ ДАНИХ ВЛАСНИКА(БЕЗ ЗМІНИ РЕГІОНУ РЕЄСТРАЦІЇ),ВАНТАЖНИЙ,1001
2024,340,ПЕРЕРЕЄСТРАЦIЯ У ЗВ`ЯЗКУ ЗI ЗМIНОЮ АНКЕТНИХ ДАНИХ ВЛАСНИКА(БЕЗ ЗМІНИ РЕГІОНУ РЕЄСТРАЦІЇ),ЛЕГКОВИЙ,14914
2024,340,ПЕРЕРЕЄСТРАЦIЯ У ЗВ`ЯЗКУ ЗI ЗМIНОЮ АНКЕТНИХ ДАНИХ ВЛАСНИКА(БЕЗ ЗМІНИ РЕГІОНУ РЕЄСТРАЦІЇ),МОПЕД,23
2024,340,ПЕРЕРЕЄСТРАЦIЯ У ЗВ`ЯЗКУ ЗI ЗМIНОЮ АНКЕТНИХ ДАНИХ ВЛАСНИКА(БЕЗ ЗМІНИ РЕГІОНУ РЕЄСТРАЦІЇ),МОТОЦИКЛ,155
2024,340,ПЕРЕРЕЄСТРАЦIЯ У ЗВ`ЯЗКУ ЗI ЗМIНОЮ АНКЕТНИХ ДАНИХ ВЛАСНИКА(БЕЗ ЗМІНИ РЕГІОНУ РЕЄСТРАЦІЇ),НАПІВПРИЧІП,221
2024,340,ПЕРЕРЕЄСТРАЦIЯ У ЗВ`ЯЗКУ ЗI ЗМIНОЮ АНКЕТНИХ ДАНИХ ВЛАСНИКА(БЕЗ ЗМІНИ РЕГІОНУ РЕЄСТРАЦІЇ),ПРИЧІП,139
2024,340,ПЕРЕРЕЄСТРАЦIЯ У ЗВ`ЯЗКУ ЗI ЗМIНОЮ АНКЕТНИХ ДАНИХ ВЛАСНИКА(БЕЗ ЗМІНИ РЕГІОНУ РЕЄСТРАЦІЇ),ТРИЦИКЛ,1
2024,341,ПЕРЕРЕЄСТРАЦІЯ РАНІШЕ ВИКРАДЕНОГО ТЗ,ЛЕГКОВИЙ,5
2024,341,ПЕРЕРЕЄСТРАЦІЯ РАНІШЕ ВИКРАДЕНОГО ТЗ,НАПІВПРИЧІП,2
2024,343,ПЕРЕРЕЄСТРАЦІЯ У ЗВ'ЯЗКУ ІЗ ЗМІНОЮ ДАНИХ ВЛАСНИКА АБО ТЗ (ТЗ  ОТРИМАНО ЧЕРЕЗ ВІДДІЛ СОЦЗАХ,ЛЕГКОВИЙ,12
2024,350,ПЕРЕРЕЄСТРАЦIЯ У ЗВ`ЯЗКУ ЗI ЗМIНОЮ НАЗВИ ОРГАНIЗАЦIЇ,АВТОБУС,182
2024,350,ПЕРЕРЕЄСТРАЦIЯ У ЗВ`ЯЗКУ ЗI ЗМIНОЮ НАЗВИ ОРГАНIЗАЦIЇ,ВАНТАЖНИЙ,862
2024,350,ПЕРЕРЕЄСТРАЦIЯ У ЗВ`ЯЗКУ ЗI ЗМIНОЮ НАЗВИ ОРГАНIЗАЦIЇ,ЛЕГКОВИЙ,1013
2024,350,ПЕРЕРЕЄСТРАЦIЯ У ЗВ`ЯЗКУ ЗI ЗМIНОЮ НАЗВИ ОРГАНIЗАЦIЇ,МОТОЦИКЛ,3
2024,350,ПЕРЕРЕЄСТРАЦIЯ У ЗВ`ЯЗКУ ЗI ЗМIНОЮ НАЗВИ ОРГАНIЗАЦIЇ,НАПІВПРИЧІП,133
2024,350,ПЕРЕРЕЄСТРАЦIЯ У ЗВ`ЯЗКУ ЗI ЗМIНОЮ НАЗВИ ОРГАНIЗАЦIЇ,ПРИЧІП,88
2024,360,ПЕРЕРЕЄСТРАЦІЯ ТЗ У ЗВ`ЯЗКУ ЗІ ЗМІНОЮ АНКЕТНИХ ДАНИХ ВЛАСНИКА (З ЗМІНОЮ РЕГІОНУ РЕЄСТРАЦІЇ,АВТОБУС,5
2024,360,ПЕРЕРЕЄСТРАЦІЯ ТЗ У ЗВ`ЯЗКУ ЗІ ЗМІНОЮ АНКЕТНИХ ДАНИХ ВЛАСНИКА (З ЗМІНОЮ РЕГІОНУ РЕЄСТРАЦІЇ,ВАНТАЖНИЙ,157
2024,360,ПЕРЕРЕЄСТРАЦІЯ ТЗ У ЗВ`ЯЗКУ ЗІ ЗМІНОЮ АНКЕТНИХ ДАНИХ ВЛАСНИКА (З ЗМІНОЮ РЕГІОНУ РЕЄСТРАЦІЇ,ЛЕГКОВИЙ,1621
2024,360,ПЕРЕРЕЄСТРАЦІЯ ТЗ У ЗВ`ЯЗКУ ЗІ ЗМІНОЮ АНКЕТНИХ ДАНИХ ВЛАСНИКА (З ЗМІНОЮ РЕГІОНУ РЕЄСТРАЦІЇ,МОПЕД,5
2024,360,ПЕРЕРЕЄСТРАЦІЯ ТЗ У ЗВ`ЯЗКУ ЗІ ЗМІНОЮ АНКЕТНИХ ДАНИХ ВЛАСНИКА (З ЗМІНОЮ РЕГІОНУ РЕЄСТРАЦІЇ,МОТОЦИКЛ,23
2024,360,ПЕРЕРЕЄСТРАЦІЯ ТЗ У ЗВ`ЯЗКУ ЗІ ЗМІНОЮ АНКЕТНИХ ДАНИХ ВЛАСНИКА (З ЗМІНОЮ РЕГІОНУ РЕЄСТРАЦІЇ,НАПІВПРИЧІП,42
2024,360,ПЕРЕРЕЄСТРАЦІЯ ТЗ У ЗВ`ЯЗКУ ЗІ ЗМІНОЮ АНКЕТНИХ ДАНИХ ВЛАСНИКА (З ЗМІНОЮ РЕГІОНУ РЕЄСТРАЦІЇ,ПРИЧІП,23
2024,363,ПЕРЕРЕЄСТРАЦІЯ ТЗ НА НОВОГО ВЛАСНИКА У ЗВ`ЯЗКУ З ПЕРЕДАЧЕЮ ДО СТАТУТНОГО ФОНДУ,АВТОБУС,15
2024,363,ПЕРЕРЕЄСТРАЦІЯ ТЗ НА НОВОГО ВЛАСНИКА У ЗВ`ЯЗКУ З ПЕРЕДАЧЕЮ ДО СТАТУТНОГО ФОНДУ,ВАНТАЖНИЙ,340
2024,363,ПЕРЕРЕЄСТРАЦІЯ ТЗ НА НОВОГО ВЛАСНИКА У ЗВ`ЯЗКУ З ПЕРЕДАЧЕЮ ДО СТАТУТНОГО ФОНДУ,ЛЕГКОВИЙ,361
2024,363,ПЕРЕРЕЄСТРАЦІЯ ТЗ НА НОВОГО ВЛАСНИКА У ЗВ`ЯЗКУ З ПЕРЕДАЧЕЮ ДО СТАТУТНОГО ФОНДУ,НАПІВПРИЧІП,148
2024,363,ПЕРЕРЕЄСТРАЦІЯ ТЗ НА НОВОГО ВЛАСНИКА У ЗВ`ЯЗКУ З ПЕРЕДАЧЕЮ ДО СТАТУТНОГО ФОНДУ,ПРИЧІП,23
2024,364,ПЕРЕРЕЄСТРАЦІЯ ТЗ НА НОВОГО ВЛАСНИКА В ЗВЯЗКУ ІЗ ВИВЕДЕННЯМ ІЗ СТАТУТНОГО ФОНДУ,АВТОБУС,4
2024,364,ПЕРЕРЕЄСТРАЦІЯ ТЗ НА НОВОГО ВЛАСНИКА В ЗВЯЗКУ ІЗ ВИВЕДЕННЯМ ІЗ СТАТУТНОГО ФОНДУ,ВАНТАЖНИЙ,16
2024,364,ПЕРЕРЕЄСТРАЦІЯ ТЗ НА НОВОГО ВЛАСНИКА В ЗВЯЗКУ ІЗ ВИВЕДЕННЯМ ІЗ СТАТУТНОГО ФОНДУ,ЛЕГКОВИЙ,16
2024,364,ПЕРЕРЕЄСТРАЦІЯ ТЗ НА НОВОГО ВЛАСНИКА В ЗВЯЗКУ ІЗ ВИВЕДЕННЯМ ІЗ СТАТУТНОГО ФОНДУ,НАПІВПРИЧІП,12
2024,380,"ПЕРЕРЕЄСТРАЦІЯ У ЗВ`ЯЗКУ З ЗАМІНОЮ КУЗОВА (ШАСІ), БЕЗ ЗДІЙСНЕННЯ ПЕРЕОБЛАДНАННЯ ТЗ",ВАНТАЖНИЙ,2
2024,390,ПЕРЕРЕЄСТРАЦIЯ У ЗВ`ЯЗКУ ЗI ЗМIНОЮ КОЛЬОРУ ТЗ,АВТОБУС,177
2024,390,ПЕРЕРЕЄСТРАЦIЯ У ЗВ`ЯЗКУ ЗI ЗМIНОЮ КОЛЬОРУ ТЗ,ВАНТАЖНИЙ,571
2024,390,ПЕРЕРЕЄСТРАЦIЯ У ЗВ`ЯЗКУ ЗI ЗМIНОЮ КОЛЬОРУ ТЗ,КВАДРОЦИКЛ,2
2024,390,ПЕРЕРЕЄСТРАЦIЯ У ЗВ`ЯЗКУ ЗI ЗМIНОЮ КОЛЬОРУ ТЗ,ЛЕГКОВИЙ,1538
2024,390,ПЕРЕРЕЄСТРАЦIЯ У ЗВ`ЯЗКУ ЗI ЗМIНОЮ КОЛЬОРУ ТЗ,МОПЕД,7
2024,390,ПЕРЕРЕЄСТРАЦIЯ У ЗВ`ЯЗКУ ЗI ЗМIНОЮ КОЛЬОРУ ТЗ,МОТОЦИКЛ,141
2024,390,ПЕРЕРЕЄСТРАЦIЯ У ЗВ`ЯЗКУ ЗI ЗМIНОЮ КОЛЬОРУ ТЗ,НАПІВПРИЧІП,98
2024,390,ПЕРЕРЕЄСТРАЦIЯ У ЗВ`ЯЗКУ ЗI ЗМIНОЮ КОЛЬОРУ ТЗ,ПРИЧІП,44
2024,40,"ВТОРИННА РЕЄСТРАЦІЯ ТЗ, ПРИДБАНОГО В ТОРГОВЕЛЬНІЙ ОРГАНІЗАЦІЇ",ПРИЧІП,1
2024,400,ПЕРЕРЕЄСТРАЦIЯ ПРИ ПЕРЕОБЛАДНАННI ДЛЯ РОБОТИ НА ГАЗОВОМУ ПАЛЬНОМУ,АВТОБУС,4
2024,400,ПЕРЕРЕЄСТРАЦIЯ ПРИ ПЕРЕОБЛАДНАННI ДЛЯ РОБОТИ НА ГАЗОВОМУ ПАЛЬНОМУ,ВАНТАЖНИЙ,334
2024,400,ПЕРЕРЕЄСТРАЦIЯ ПРИ ПЕРЕОБЛАДНАННI ДЛЯ РОБОТИ НА ГАЗОВОМУ ПАЛЬНОМУ,ЛЕГКОВИЙ,21195
2024,401,ПЕРЕРЕЄСТРАЦІЯ ТЗ ПРИ ПЕРЕОБЛ.І ІЗ ЗАМ.КУЗОВА(ШАСІ) ЗА ПОГОДЖЕННЯМ,АВТОБУС,1
2024,401,ПЕРЕРЕЄСТРАЦІЯ ТЗ ПРИ ПЕРЕОБЛ.І ІЗ ЗАМ.КУЗОВА(ШАСІ) ЗА ПОГОДЖЕННЯМ,ВАНТАЖНИЙ,137
2024,401,ПЕРЕРЕЄСТРАЦІЯ ТЗ ПРИ ПЕРЕОБЛ.І ІЗ ЗАМ.КУЗОВА(ШАСІ) ЗА ПОГОДЖЕННЯМ,ЛЕГКОВИЙ,5
2024,401,ПЕРЕРЕЄСТРАЦІЯ ТЗ ПРИ ПЕРЕОБЛ.І ІЗ ЗАМ.КУЗОВА(ШАСІ) ЗА ПОГОДЖЕННЯМ,МОТОЦИКЛ,1
2024,402,"ПЕРЕРЕЄСТРАЦІЯ ТЗ ПРИ ПЕРЕОБЛI.(ЗАМІНА ТИПУ, ПОТУЖ. ДВИГ.)ЗА ПОГОДЖЕННЯМ",АВТОБУС,38
2024,402,"ПЕРЕРЕЄСТРАЦІЯ ТЗ ПРИ ПЕРЕОБЛI.(ЗАМІНА ТИПУ, ПОТУЖ. ДВИГ.)ЗА ПОГОДЖЕННЯМ",ВАНТАЖНИЙ,1124
2024,402,"ПЕРЕРЕЄСТРАЦІЯ ТЗ ПРИ ПЕРЕОБЛI.(ЗАМІНА ТИПУ, ПОТУЖ. ДВИГ.)ЗА ПОГОДЖЕННЯМ",ЛЕГКОВИЙ,470
2024,402,"ПЕРЕРЕЄСТРАЦІЯ ТЗ ПРИ ПЕРЕОБЛI.(ЗАМІНА ТИПУ, ПОТУЖ. ДВИГ.)ЗА ПОГОДЖЕННЯМ",МОТОЦИКЛ,1
2024,403,ПЕРЕРЕЄСТРАЦІЯ ПРИ ПЕРЕОБЛ.(ЗАМІНА КУЗОВА (ШАСІ)) ТА ДВИГУНА ЗА ПОГОДЖ.,АВТОБУС,4
2024,403,ПЕРЕРЕЄСТРАЦІЯ ПРИ ПЕРЕОБЛ.(ЗАМІНА КУЗОВА (ШАСІ)) ТА ДВИГУНА ЗА ПОГОДЖ.,ВАНТАЖНИЙ,314
2024,403,ПЕРЕРЕЄСТРАЦІЯ ПРИ ПЕРЕОБЛ.(ЗАМІНА КУЗОВА (ШАСІ)) ТА ДВИГУНА ЗА ПОГОДЖ.,ЛЕГКОВИЙ,26
2024,404,"ПЕРЕРЕЄСТРАЦІЯ ТЗ, В ЗВ’ЯЗКУ ІЗ НАНЕСЕННЯ СПЕЦІАЛЬНИХ ІНДИВІДУАЛЬНИХ НОМЕРІВ АБО ДУБЛЮВАНН",АВТОБУС,83
2024,404,"ПЕРЕРЕЄСТРАЦІЯ ТЗ, В ЗВ’ЯЗКУ ІЗ НАНЕСЕННЯ СПЕЦІАЛЬНИХ ІНДИВІДУАЛЬНИХ НОМЕРІВ АБО ДУБЛЮВАНН",ВАНТАЖНИЙ,158
2024,404,"ПЕРЕРЕЄСТРАЦІЯ ТЗ, В ЗВ’ЯЗКУ ІЗ НАНЕСЕННЯ СПЕЦІАЛЬНИХ ІНДИВІДУАЛЬНИХ НОМЕРІВ АБО ДУБЛЮВАНН",ЛЕГКОВИЙ,530
2024,404,"ПЕРЕРЕЄСТРАЦІЯ ТЗ, В ЗВ’ЯЗКУ ІЗ НАНЕСЕННЯ СПЕЦІАЛЬНИХ ІНДИВІДУАЛЬНИХ НОМЕРІВ АБО ДУБЛЮВАНН",МОТОЦИКЛ,2
2024,404,"ПЕРЕРЕЄСТРАЦІЯ ТЗ, В ЗВ’ЯЗКУ ІЗ НАНЕСЕННЯ СПЕЦІАЛЬНИХ ІНДИВІДУАЛЬНИХ НОМЕРІВ АБО ДУБЛЮВАНН",НАПІВПРИЧІП,6
2024,405,"ПЕРЕРЕЄСТРАЦІЯ ТЗ, В ЗВ’ЯЗКУ ІЗ НАНЕСЕННЯ СПЕЦІАЛЬНИХ ІНДИВІДУАЛЬНИХ НОМЕРІВ АБО ДУБЛЮВАНН",АВТОБУС,8
2024,405,"ПЕРЕРЕЄСТРАЦІЯ ТЗ, В ЗВ’ЯЗКУ ІЗ НАНЕСЕННЯ СПЕЦІАЛЬНИХ ІНДИВІДУАЛЬНИХ НОМЕРІВ АБО ДУБЛЮВАНН",ВАНТАЖНИЙ,679
2024,405,"ПЕРЕРЕЄСТРАЦІЯ ТЗ, В ЗВ’ЯЗКУ ІЗ НАНЕСЕННЯ СПЕЦІАЛЬНИХ ІНДИВІДУАЛЬНИХ НОМЕРІВ АБО ДУБЛЮВАНН",ЛЕГКОВИЙ,66
2024,405,"ПЕРЕРЕЄСТРАЦІЯ ТЗ, В ЗВ’ЯЗКУ ІЗ НАНЕСЕННЯ СПЕЦІАЛЬНИХ ІНДИВІДУАЛЬНИХ НОМЕРІВ АБО ДУБЛЮВАНН",МОТОЦИКЛ,12
2024,405,"ПЕРЕРЕЄСТРАЦІЯ ТЗ, В ЗВ’ЯЗКУ ІЗ НАНЕСЕННЯ СПЕЦІАЛЬНИХ ІНДИВІДУАЛЬНИХ НОМЕРІВ АБО ДУБЛЮВАНН",НАПІВПРИЧІП,263
2024,405,"ПЕРЕРЕЄСТРАЦІЯ ТЗ, В ЗВ’ЯЗКУ ІЗ НАНЕСЕННЯ СПЕЦІАЛЬНИХ ІНДИВІДУАЛЬНИХ НОМЕРІВ АБО ДУБЛЮВАНН",ПРИЧІП,42
2024,407,ПЕРЕРЕЄСТРАЦІЯ У ЗВ’ЯЗКУ З ВСТАНОВЛ. СССП АВТОЖОВТОГО КОЛЬОРУ НА ТЗ РЕАГУВАННЯ СОД,ВАНТАЖНИЙ,1
2024,407,ПЕРЕРЕЄСТРАЦІЯ У ЗВ’ЯЗКУ З ВСТАНОВЛ. СССП АВТОЖОВТОГО КОЛЬОРУ НА ТЗ РЕАГУВАННЯ СОД,ЛЕГКОВИЙ,128
2024,408,ПЕРЕРЕЄСТРАЦІЯ ПРИ ПЕРЕОБЛАДНАННІ БЕЗ ЗАМІНИ НОМЕРНИХ АГРЕГАТІВ,АВТОБУС,106
2024,408,ПЕРЕРЕЄСТРАЦІЯ ПРИ ПЕРЕОБЛАДНАННІ БЕЗ ЗАМІНИ НОМЕРНИХ АГРЕГАТІВ,ВАНТАЖНИЙ,6904
2024,408,ПЕРЕРЕЄСТРАЦІЯ ПРИ ПЕРЕОБЛАДНАННІ БЕЗ ЗАМІНИ НОМЕРНИХ АГРЕГАТІВ,ЛЕГКОВИЙ,3978
2024,408,ПЕРЕРЕЄСТРАЦІЯ ПРИ ПЕРЕОБЛАДНАННІ БЕЗ ЗАМІНИ НОМЕРНИХ АГРЕГАТІВ,НАПІВПРИЧІП,2022
2024,408,ПЕРЕРЕЄСТРАЦІЯ ПРИ ПЕРЕОБЛАДНАННІ БЕЗ ЗАМІНИ НОМЕРНИХ АГРЕГАТІВ,ПРИЧІП,333
2024,410,ПЕРЕРЕЄСТРАЦІЯ ПРИ ЗАМІНІ НОМЕРНОГО ЗНАКУ,АВТОБУС,374
2024,410,ПЕРЕРЕЄСТРАЦІЯ ПРИ ЗАМІНІ НОМЕРНОГО ЗНАКУ,ВАНТАЖНИЙ,4993
2024,410,ПЕРЕРЕЄСТРАЦІЯ ПРИ ЗАМІНІ НОМЕРНОГО ЗНАКУ,КВАДРОЦИКЛ,5
2024,410,ПЕРЕРЕЄСТРАЦІЯ ПРИ ЗАМІНІ НОМЕРНОГО ЗНАКУ,ЛЕГКОВИЙ,39661
2024,410,ПЕРЕРЕЄСТРАЦІЯ ПРИ ЗАМІНІ НОМЕРНОГО ЗНАКУ,МОПЕД,16
2024,410,ПЕРЕРЕЄСТРАЦІЯ ПРИ ЗАМІНІ НОМЕРНОГО ЗНАКУ,МОТОЦИКЛ,299
2024,410,ПЕРЕРЕЄСТРАЦІЯ ПРИ ЗАМІНІ НОМЕРНОГО ЗНАКУ,НАПІВПРИЧІП,496
2024,410,ПЕРЕРЕЄСТРАЦІЯ ПРИ ЗАМІНІ НОМЕРНОГО ЗНАКУ,ПРИЧІП,606
2024,410,ПЕРЕРЕЄСТРАЦІЯ ПРИ ЗАМІНІ НОМЕРНОГО ЗНАКУ,ТРИЦИКЛ,7
2024,412,ПЕРЕРЕЄСТРАЦІЯ ТЗ ПРИ ВИДАЧІ НОМЕРНОГО ЗНАКУ ВІДПОВІДНОЇ КОМБІНАЦІЇ ЦИФР,АВТОБУС,63
2024,412,ПЕРЕРЕЄСТРАЦІЯ ТЗ ПРИ ВИДАЧІ НОМЕРНОГО ЗНАКУ ВІДПОВІДНОЇ КОМБІНАЦІЇ ЦИФР,ВАНТАЖНИЙ,1073
2024,412,ПЕРЕРЕЄСТРАЦІЯ ТЗ ПРИ ВИДАЧІ НОМЕРНОГО ЗНАКУ ВІДПОВІДНОЇ КОМБІНАЦІЇ ЦИФР,КВАДРОЦИКЛ,8
2024,412,ПЕРЕРЕЄСТРАЦІЯ ТЗ ПРИ ВИДАЧІ НОМЕРНОГО ЗНАКУ ВІДПОВІДНОЇ КОМБІНАЦІЇ ЦИФР,ЛЕГКОВИЙ,13239
2024,412,ПЕРЕРЕЄСТРАЦІЯ ТЗ ПРИ ВИДАЧІ НОМЕРНОГО ЗНАКУ ВІДПОВІДНОЇ КОМБІНАЦІЇ ЦИФР,МОПЕД,5
2024,412,ПЕРЕРЕЄСТРАЦІЯ ТЗ ПРИ ВИДАЧІ НОМЕРНОГО ЗНАКУ ВІДПОВІДНОЇ КОМБІНАЦІЇ ЦИФР,МОТОЦИКЛ,245
2024,412,ПЕРЕРЕЄСТРАЦІЯ ТЗ ПРИ ВИДАЧІ НОМЕРНОГО ЗНАКУ ВІДПОВІДНОЇ КОМБІНАЦІЇ ЦИФР,НАПІВПРИЧІП,173
2024,412,ПЕРЕРЕЄСТРАЦІЯ ТЗ ПРИ ВИДАЧІ НОМЕРНОГО ЗНАКУ ВІДПОВІДНОЇ КОМБІНАЦІЇ ЦИФР,ПРИЧІП,190
2024,412,ПЕРЕРЕЄСТРАЦІЯ ТЗ ПРИ ВИДАЧІ НОМЕРНОГО ЗНАКУ ВІДПОВІДНОЇ КОМБІНАЦІЇ ЦИФР,ТРИЦИКЛ,7
2024,417,ПЕРЕРЕЄСТРАЦІЯ ТЗ (МОПЕДІВ) З ВИДАЧЕЮ СПР,МОПЕД,143
2024,420,ПЕРЕРЕЄСТРАЦІЯ ПРИ ВТРАТІ НОМЕРНОГО ЗНАКУ,АВТОБУС,5
2024,420,ПЕРЕРЕЄСТРАЦІЯ ПРИ ВТРАТІ НОМЕРНОГО ЗНАКУ,ВАНТАЖНИЙ,37
2024,420,ПЕРЕРЕЄСТРАЦІЯ ПРИ ВТРАТІ НОМЕРНОГО ЗНАКУ,КВАДРОЦИКЛ,1
2024,420,ПЕРЕРЕЄСТРАЦІЯ ПРИ ВТРАТІ НОМЕРНОГО ЗНАКУ,ЛЕГКОВИЙ,202
2024,420,ПЕРЕРЕЄСТРАЦІЯ ПРИ ВТРАТІ НОМЕРНОГО ЗНАКУ,МОПЕД,4
2024,420,ПЕРЕРЕЄСТРАЦІЯ ПРИ ВТРАТІ НОМЕРНОГО ЗНАКУ,МОТОЦИКЛ,32
2024,420,ПЕРЕРЕЄСТРАЦІЯ ПРИ ВТРАТІ НОМЕРНОГО ЗНАКУ,НАПІВПРИЧІП,8
2024,420,ПЕРЕРЕЄСТРАЦІЯ ПРИ ВТРАТІ НОМЕРНОГО ЗНАКУ,ПРИЧІП,19
2024,421,ПЕРЕРЕЄСТРАЦІЯ ТЗ ПРИ ВТРАТІ НОМЕРНОГО ЗНАКУ ТА СВІДОЦТВА ПРО РЕЄСТРАЦІЮ,АВТОБУС,2
2024,421,ПЕРЕРЕЄСТРАЦІЯ ТЗ ПРИ ВТРАТІ НОМЕРНОГО ЗНАКУ ТА СВІДОЦТВА ПРО РЕЄСТРАЦІЮ,ВАНТАЖНИЙ,25
2024,421,ПЕРЕРЕЄСТРАЦІЯ ТЗ ПРИ ВТРАТІ НОМЕРНОГО ЗНАКУ ТА СВІДОЦТВА ПРО РЕЄСТРАЦІЮ,ЛЕГКОВИЙ,95
2024,421,ПЕРЕРЕЄСТРАЦІЯ ТЗ ПРИ ВТРАТІ НОМЕРНОГО ЗНАКУ ТА СВІДОЦТВА ПРО РЕЄСТРАЦІЮ,МОТОЦИКЛ,14
2024,421,ПЕРЕРЕЄСТРАЦІЯ ТЗ ПРИ ВТРАТІ НОМЕРНОГО ЗНАКУ ТА СВІДОЦТВА ПРО РЕЄСТРАЦІЮ,НАПІВПРИЧІП,1
2024,421,ПЕРЕРЕЄСТРАЦІЯ ТЗ ПРИ ВТРАТІ НОМЕРНОГО ЗНАКУ ТА СВІДОЦТВА ПРО РЕЄСТРАЦІЮ,ПРИЧІП,12
2024,429,ПЕРЕРЕЄСТРАЦІЯ ТЗ У ЗВ'ЯЗКУ ІЗ ПОДОВЖЕННЯМ ТЕРМІНУ ЗВОРОТНОГО ВИВОЗУ,АВТОБУС,19
2024,429,ПЕРЕРЕЄСТРАЦІЯ ТЗ У ЗВ'ЯЗКУ ІЗ ПОДОВЖЕННЯМ ТЕРМІНУ ЗВОРОТНОГО ВИВОЗУ,ВАНТАЖНИЙ,388
2024,429,ПЕРЕРЕЄСТРАЦІЯ ТЗ У ЗВ'ЯЗКУ ІЗ ПОДОВЖЕННЯМ ТЕРМІНУ ЗВОРОТНОГО ВИВОЗУ,ЛЕГКОВИЙ,164
2024,429,ПЕРЕРЕЄСТРАЦІЯ ТЗ У ЗВ'ЯЗКУ ІЗ ПОДОВЖЕННЯМ ТЕРМІНУ ЗВОРОТНОГО ВИВОЗУ,НАПІВПРИЧІП,29
2024,429,ПЕРЕРЕЄСТРАЦІЯ ТЗ У ЗВ'ЯЗКУ ІЗ ПОДОВЖЕННЯМ ТЕРМІНУ ЗВОРОТНОГО ВИВОЗУ,ПРИЧІП,8
2024,430,ПЕРЕРЕЄСТРАЦІЯ ПРИ ЗАМІНІ СВІДОЦТВА ПРО РЕЄСТРАЦІЮ,АВТОБУС,1784
2024,430,ПЕРЕРЕЄСТРАЦІЯ ПРИ ЗАМІНІ СВІДОЦТВА ПРО РЕЄСТРАЦІЮ,ВАНТАЖНИЙ,2929
2024,430,ПЕРЕРЕЄСТРАЦІЯ ПРИ ЗАМІНІ СВІДОЦТВА ПРО РЕЄСТРАЦІЮ,КВАДРОЦИКЛ,3
2024,430,ПЕРЕРЕЄСТРАЦІЯ ПРИ ЗАМІНІ СВІДОЦТВА ПРО РЕЄСТРАЦІЮ,ЛЕГКОВИЙ,11505
2024,430,ПЕРЕРЕЄСТРАЦІЯ ПРИ ЗАМІНІ СВІДОЦТВА ПРО РЕЄСТРАЦІЮ,МОПЕД,53
2024,430,ПЕРЕРЕЄСТРАЦІЯ ПРИ ЗАМІНІ СВІДОЦТВА ПРО РЕЄСТРАЦІЮ,МОТОЦИКЛ,288
2024,430,ПЕРЕРЕЄСТРАЦІЯ ПРИ ЗАМІНІ СВІДОЦТВА ПРО РЕЄСТРАЦІЮ,НАПІВПРИЧІП,819
2024,430,ПЕРЕРЕЄСТРАЦІЯ ПРИ ЗАМІНІ СВІДОЦТВА ПРО РЕЄСТРАЦІЮ,ПРИЧІП,296
2024,430,ПЕРЕРЕЄСТРАЦІЯ ПРИ ЗАМІНІ СВІДОЦТВА ПРО РЕЄСТРАЦІЮ,ТРИЦИКЛ,1
2024,431,ПЕРЕРЕЄСТРАЦІЯ ТЗ ПРИ ВИДАЧІ ІНДИВІДУАЛЬНОГО НОМЕРНОГО ЗНАКУ,АВТОБУС,22
2024,431,ПЕРЕРЕЄСТРАЦІЯ ТЗ ПРИ ВИДАЧІ ІНДИВІДУАЛЬНОГО НОМЕРНОГО ЗНАКУ,ВАНТАЖНИЙ,665
2024,431,ПЕРЕРЕЄСТРАЦІЯ ТЗ ПРИ ВИДАЧІ ІНДИВІДУАЛЬНОГО НОМЕРНОГО ЗНАКУ,КВАДРОЦИКЛ,1
2024,431,ПЕРЕРЕЄСТРАЦІЯ ТЗ ПРИ ВИДАЧІ ІНДИВІДУАЛЬНОГО НОМЕРНОГО ЗНАКУ,ЛЕГКОВИЙ,14481
2024,431,ПЕРЕРЕЄСТРАЦІЯ ТЗ ПРИ ВИДАЧІ ІНДИВІДУАЛЬНОГО НОМЕРНОГО ЗНАКУ,МОТОЦИКЛ,408
2024,437,ПЕРЕРЕЄСТРАЦІЯ У ЗВ’ЯЗКУ З ДЕМОНТАЖЕМ СССП АВТОЖОВТОГО КОЛЬОРУ,ЛЕГКОВИЙ,5
2024,440,ПЕРЕРЕЄСТРАЦIЯ ПРИ ВТРАТІ СВIДОЦТВА ПРО РЕЄСТРАЦIЮ,АВТОБУС,389
2024,440,ПЕРЕРЕЄСТРАЦIЯ ПРИ ВТРАТІ СВIДОЦТВА ПРО РЕЄСТРАЦIЮ,ВАНТАЖНИЙ,4032
2024,440,ПЕРЕРЕЄСТРАЦIЯ ПРИ ВТРАТІ СВIДОЦТВА ПРО РЕЄСТРАЦIЮ,КВАДРОЦИКЛ,3
2024,440,ПЕРЕРЕЄСТРАЦIЯ ПРИ ВТРАТІ СВIДОЦТВА ПРО РЕЄСТРАЦIЮ,ЛЕГКОВИЙ,21386
2024,440,ПЕРЕРЕЄСТРАЦIЯ ПРИ ВТРАТІ СВIДОЦТВА ПРО РЕЄСТРАЦIЮ,МОПЕД,151
2024,440,ПЕРЕРЕЄСТРАЦIЯ ПРИ ВТРАТІ СВIДОЦТВА ПРО РЕЄСТРАЦIЮ,МОТОЦИКЛ,671
2024,440,ПЕРЕРЕЄСТРАЦIЯ ПРИ ВТРАТІ СВIДОЦТВА ПРО РЕЄСТРАЦIЮ,НАПІВПРИЧІП,1005
2024,440,ПЕРЕРЕЄСТРАЦIЯ ПРИ ВТРАТІ СВIДОЦТВА ПРО РЕЄСТРАЦIЮ,ПРИЧІП,1599
2024,440,ПЕРЕРЕЄСТРАЦIЯ ПРИ ВТРАТІ СВIДОЦТВА ПРО РЕЄСТРАЦIЮ,ТРИЦИКЛ,2
2024,441,ПЕРЕРЕЄСТРАЦІЯ ТЗ ПРИ ЗАМІНІ СПР В ЗВ'ЯЗКУ ІЗ НЕМОЖЛИВІСТЮ ПОВЕРНЕННЯ ЗДАНОГО НА ЗБЕРЕЖЕНН,АВТОБУС,4
2024,441,ПЕРЕРЕЄСТРАЦІЯ ТЗ ПРИ ЗАМІНІ СПР В ЗВ'ЯЗКУ ІЗ НЕМОЖЛИВІСТЮ ПОВЕРНЕННЯ ЗДАНОГО НА ЗБЕРЕЖЕНН,ВАНТАЖНИЙ,5
2024,441,ПЕРЕРЕЄСТРАЦІЯ ТЗ ПРИ ЗАМІНІ СПР В ЗВ'ЯЗКУ ІЗ НЕМОЖЛИВІСТЮ ПОВЕРНЕННЯ ЗДАНОГО НА ЗБЕРЕЖЕНН,ЛЕГКОВИЙ,11
2024,441,ПЕРЕРЕЄСТРАЦІЯ ТЗ ПРИ ЗАМІНІ СПР В ЗВ'ЯЗКУ ІЗ НЕМОЖЛИВІСТЮ ПОВЕРНЕННЯ ЗДАНОГО НА ЗБЕРЕЖЕНН,НАПІВПРИЧІП,5
2024,450,ПЕРЕРЕЄСТРАЦІЯ ПРИ ЗАМІНІ СВІДОЦТВА ПРО РЕЄСТРАЦІЮ У ЗВ'ЯЗКУ З КОРИГУВАННЯМ ОБЛІКОВИХ ДАНИ,АВТОБУС,410
2024,450,ПЕРЕРЕЄСТРАЦІЯ ПРИ ЗАМІНІ СВІДОЦТВА ПРО РЕЄСТРАЦІЮ У ЗВ'ЯЗКУ З КОРИГУВАННЯМ ОБЛІКОВИХ ДАНИ,ВАНТАЖНИЙ,1323
2024,450,ПЕРЕРЕЄСТРАЦІЯ ПРИ ЗАМІНІ СВІДОЦТВА ПРО РЕЄСТРАЦІЮ У ЗВ'ЯЗКУ З КОРИГУВАННЯМ ОБЛІКОВИХ ДАНИ,ЛЕГКОВИЙ,1037
2024,450,ПЕРЕРЕЄСТРАЦІЯ ПРИ ЗАМІНІ СВІДОЦТВА ПРО РЕЄСТРАЦІЮ У ЗВ'ЯЗКУ З КОРИГУВАННЯМ ОБЛІКОВИХ ДАНИ,МОПЕД,2
2024,450,ПЕРЕРЕЄСТРАЦІЯ ПРИ ЗАМІНІ СВІДОЦТВА ПРО РЕЄСТРАЦІЮ У ЗВ'ЯЗКУ З КОРИГУВАННЯМ ОБЛІКОВИХ ДАНИ,МОТОЦИКЛ,23
2024,450,ПЕРЕРЕЄСТРАЦІЯ ПРИ ЗАМІНІ СВІДОЦТВА ПРО РЕЄСТРАЦІЮ У ЗВ'ЯЗКУ З КОРИГУВАННЯМ ОБЛІКОВИХ ДАНИ,НАПІВПРИЧІП,456
2024,450,ПЕРЕРЕЄСТРАЦІЯ ПРИ ЗАМІНІ СВІДОЦТВА ПРО РЕЄСТРАЦІЮ У ЗВ'ЯЗКУ З КОРИГУВАННЯМ ОБЛІКОВИХ ДАНИ,ПРИЧІП,145
2024,49,ВТОРИННА РЕЄСТРАЦІЯ ТЗ ПО ДОГОВОРУ УКЛАДЕНОМУ В ТСЦ,ВАНТАЖНИЙ,1
2024,49,ВТОРИННА РЕЄСТРАЦІЯ ТЗ ПО ДОГОВОРУ УКЛАДЕНОМУ В ТСЦ,ЛЕГКОВИЙ,1
2024,49,ВТОРИННА РЕЄСТРАЦІЯ ТЗ ПО ДОГОВОРУ УКЛАДЕНОМУ В ТСЦ,ПРИЧІП,1
2024,500,ЗНЯТТЯ З ОБЛІКУ У ЗВ'ЯЗКУ ЗІ СКАСУВАННЯМ РЕЄСТРАЦІЇ,АВТОБУС,1
2024,500,ЗНЯТТЯ З ОБЛІКУ У ЗВ'ЯЗКУ ЗІ СКАСУВАННЯМ РЕЄСТРАЦІЇ,ВАНТАЖНИЙ,4
2024,500,ЗНЯТТЯ З ОБЛІКУ У ЗВ'ЯЗКУ ЗІ СКАСУВАННЯМ РЕЄСТРАЦІЇ,ЛЕГКОВИЙ,119
2024,500,ЗНЯТТЯ З ОБЛІКУ У ЗВ'ЯЗКУ ЗІ СКАСУВАННЯМ РЕЄСТРАЦІЇ,МОТОЦИКЛ,1
2024,501,СКАСУВАННЯ ЗНЯТТЯ З ОБЛІКУ ТЗ,ВАНТАЖНИЙ,1
2024,501,СКАСУВАННЯ ЗНЯТТЯ З ОБЛІКУ ТЗ,ЛЕГКОВИЙ,3
2024,502,СКАСУВАННЯ ПЕРЕРЕЄСТРАЦІЇ (ПЕРЕРЕЄСТРАЦІЯ НА ПОПЕРЕДНЬОГО ВЛАСНИКА),ВАНТАЖНИЙ,1
2024,502,СКАСУВАННЯ ПЕРЕРЕЄСТРАЦІЇ (ПЕРЕРЕЄСТРАЦІЯ НА ПОПЕРЕДНЬОГО ВЛАСНИКА),ЛЕГКОВИЙ,40
2024,502,СКАСУВАННЯ ПЕРЕРЕЄСТРАЦІЇ (ПЕРЕРЕЄСТРАЦІЯ НА ПОПЕРЕДНЬОГО ВЛАСНИКА),НАПІВПРИЧІП,1
2024,508,"ПЕРЕРЕЄСТРАЦІЯ ТЗ, В ЗВ’ЯЗКУ ІЗ РОЗІРВАННЯМ НОТАРІАЛЬНО ПОСВІДЧЕНОГО ДКП ЗА ЗГОДОЮ СТОРІН",АВТОБУС,1
2024,518,ЗНЯТТЯ З ОБЛІКУ КАРТКИ ВІДОМЧОЇ РЕЄСТРАЦІЇ,ВАНТАЖНИЙ,6
2024,520,ЗНЯТТЯ З ОБЛIКУ ПРИ ВИВЕЗЕННІ ЗА КОРДОН,АВТОБУС,18
2024,520,ЗНЯТТЯ З ОБЛIКУ ПРИ ВИВЕЗЕННІ ЗА КОРДОН,ВАНТАЖНИЙ,524
2024,520,ЗНЯТТЯ З ОБЛIКУ ПРИ ВИВЕЗЕННІ ЗА КОРДОН,ЛЕГКОВИЙ,322
2024,520,ЗНЯТТЯ З ОБЛIКУ ПРИ ВИВЕЗЕННІ ЗА КОРДОН,МОТОЦИКЛ,40
2024,520,ЗНЯТТЯ З ОБЛIКУ ПРИ ВИВЕЗЕННІ ЗА КОРДОН,НАПІВПРИЧІП,140
2024,520,ЗНЯТТЯ З ОБЛIКУ ПРИ ВИВЕЗЕННІ ЗА КОРДОН,ПРИЧІП,32
2024,540,ЗНЯТТЯ З ОБЛІКУ У ЗВ`ЯЗКУ З ВИБРАКОВКОЮ,АВТОБУС,953
2024,540,ЗНЯТТЯ З ОБЛІКУ У ЗВ`ЯЗКУ З ВИБРАКОВКОЮ,ВАНТАЖНИЙ,5568
2024,540,ЗНЯТТЯ З ОБЛІКУ У ЗВ`ЯЗКУ З ВИБРАКОВКОЮ,КВАДРОЦИКЛ,5
2024,540,ЗНЯТТЯ З ОБЛІКУ У ЗВ`ЯЗКУ З ВИБРАКОВКОЮ,ЛЕГКОВИЙ,24885
2024,540,ЗНЯТТЯ З ОБЛІКУ У ЗВ`ЯЗКУ З ВИБРАКОВКОЮ,МОПЕД,203
2024,540,ЗНЯТТЯ З ОБЛІКУ У ЗВ`ЯЗКУ З ВИБРАКОВКОЮ,МОТОЦИКЛ,909
2024,540,ЗНЯТТЯ З ОБЛІКУ У ЗВ`ЯЗКУ З ВИБРАКОВКОЮ,НАПІВПРИЧІП,439
2024,540,ЗНЯТТЯ З ОБЛІКУ У ЗВ`ЯЗКУ З ВИБРАКОВКОЮ,ПРИЧІП,525
2024,540,ЗНЯТТЯ З ОБЛІКУ У ЗВ`ЯЗКУ З ВИБРАКОВКОЮ,СПЕЦІАЛІЗОВАНІ,5
2024,540,ЗНЯТТЯ З ОБЛІКУ У ЗВ`ЯЗКУ З ВИБРАКОВКОЮ,ТРИЦИКЛ,4
2024,550,ЗНЯТТЯ З ОБЛІКУ ТЗ ВВЕЗЕНОГО ПIД ЗОБОВ. ПРО ЗВОР. ВИВЕЗЕННЯ,АВТОБУС,7
2024,550,ЗНЯТТЯ З ОБЛІКУ ТЗ ВВЕЗЕНОГО ПIД ЗОБОВ. ПРО ЗВОР. ВИВЕЗЕННЯ,ВАНТАЖНИЙ,145
2024,550,ЗНЯТТЯ З ОБЛІКУ ТЗ ВВЕЗЕНОГО ПIД ЗОБОВ. ПРО ЗВОР. ВИВЕЗЕННЯ,ЛЕГКОВИЙ,378
2024,550,ЗНЯТТЯ З ОБЛІКУ ТЗ ВВЕЗЕНОГО ПIД ЗОБОВ. ПРО ЗВОР. ВИВЕЗЕННЯ,МОТОЦИКЛ,11
2024,550,ЗНЯТТЯ З ОБЛІКУ ТЗ ВВЕЗЕНОГО ПIД ЗОБОВ. ПРО ЗВОР. ВИВЕЗЕННЯ,НАПІВПРИЧІП,37
2024,555,ЗНЯТТЯ З ОБЛІКУ ТЗ ЗА РІШЕННЯМ СУДУ,ЛЕГКОВИЙ,1
2024,560,ЗНЯТТЯ З ОБЛІКУ ПРИ ПОВЕРНЕННІ ІЗ ПОЇЗДКИ ЗА КОРДОН ПО ДОРУЧ.,АВТОБУС,1241
2024,560,ЗНЯТТЯ З ОБЛІКУ ПРИ ПОВЕРНЕННІ ІЗ ПОЇЗДКИ ЗА КОРДОН ПО ДОРУЧ.,ВАНТАЖНИЙ,9118
2024,560,ЗНЯТТЯ З ОБЛІКУ ПРИ ПОВЕРНЕННІ ІЗ ПОЇЗДКИ ЗА КОРДОН ПО ДОРУЧ.,ЛЕГКОВИЙ,6583
2024,560,ЗНЯТТЯ З ОБЛІКУ ПРИ ПОВЕРНЕННІ ІЗ ПОЇЗДКИ ЗА КОРДОН ПО ДОРУЧ.,МОТОЦИКЛ,16
2024,560,ЗНЯТТЯ З ОБЛІКУ ПРИ ПОВЕРНЕННІ ІЗ ПОЇЗДКИ ЗА КОРДОН ПО ДОРУЧ.,НАПІВПРИЧІП,4401
2024,560,ЗНЯТТЯ З ОБЛІКУ ПРИ ПОВЕРНЕННІ ІЗ ПОЇЗДКИ ЗА КОРДОН ПО ДОРУЧ.,ПРИЧІП,312
2024,570,ЗНЯТТЯ З ОБЛІКУ У ЗВ`ЯЗКУ ЗI ЗМIНОЮ ДЕРЖАВНОГО ОРГАНУ РЕЄСТРАЦІЇ,АВТОБУС,91
2024,570,ЗНЯТТЯ З ОБЛІКУ У ЗВ`ЯЗКУ ЗI ЗМIНОЮ ДЕРЖАВНОГО ОРГАНУ РЕЄСТРАЦІЇ,ВАНТАЖНИЙ,578
2024,570,ЗНЯТТЯ З ОБЛІКУ У ЗВ`ЯЗКУ ЗI ЗМIНОЮ ДЕРЖАВНОГО ОРГАНУ РЕЄСТРАЦІЇ,КВАДРОЦИКЛ,3
2024,570,ЗНЯТТЯ З ОБЛІКУ У ЗВ`ЯЗКУ ЗI ЗМIНОЮ ДЕРЖАВНОГО ОРГАНУ РЕЄСТРАЦІЇ,ЛЕГКОВИЙ,616
2024,570,ЗНЯТТЯ З ОБЛІКУ У ЗВ`ЯЗКУ ЗI ЗМIНОЮ ДЕРЖАВНОГО ОРГАНУ РЕЄСТРАЦІЇ,МОТОЦИКЛ,2
2024,570,ЗНЯТТЯ З ОБЛІКУ У ЗВ`ЯЗКУ ЗI ЗМIНОЮ ДЕРЖАВНОГО ОРГАНУ РЕЄСТРАЦІЇ,НАПІВПРИЧІП,82
2024,570,ЗНЯТТЯ З ОБЛІКУ У ЗВ`ЯЗКУ ЗI ЗМIНОЮ ДЕРЖАВНОГО ОРГАНУ РЕЄСТРАЦІЇ,ПРИЧІП,158
2024,62,РЕЄСТРАЦIЯ ТЗ ПО УСПАДКУВАННЮ ЗА ЗАКОНОМ,МОТОЦИКЛ,1
2024,64,РЕЄСТРАЦІЯ КОНФІСКОВАНОГО ТЗ,ЛЕГКОВИЙ,10
2024,64,РЕЄСТРАЦІЯ КОНФІСКОВАНОГО ТЗ,МОТОЦИКЛ,1
2024,65,РЕЄСТРАЦIЯ ТЗ ЗА РІШЕННЯМ СУДУ,ВАНТАЖНИЙ,6
2024,65,РЕЄСТРАЦIЯ ТЗ ЗА РІШЕННЯМ СУДУ,ЛЕГКОВИЙ,105
2024,65,РЕЄСТРАЦIЯ ТЗ ЗА РІШЕННЯМ СУДУ,МОТОЦИКЛ,7
2024,65,РЕЄСТРАЦIЯ ТЗ ЗА РІШЕННЯМ СУДУ,ТРИЦИКЛ,1
2024,69,РЕЄСТРАЦІЯ НОВИХ ТЗ ПО АКТУ ПРИЙОМУ-ПЕРЕДАЧІ (ДОД. 6),АВТОБУС,435
2024,69,РЕЄСТРАЦІЯ НОВИХ ТЗ ПО АКТУ ПРИЙОМУ-ПЕРЕДАЧІ (ДОД. 6),ВАНТАЖНИЙ,383
2024,69,РЕЄСТРАЦІЯ НОВИХ ТЗ ПО АКТУ ПРИЙОМУ-ПЕРЕДАЧІ (ДОД. 6),ЛЕГКОВИЙ,147
2024,69,РЕЄСТРАЦІЯ НОВИХ ТЗ ПО АКТУ ПРИЙОМУ-ПЕРЕДАЧІ (ДОД. 6),МОТОЦИКЛ,1
2024,69,РЕЄСТРАЦІЯ НОВИХ ТЗ ПО АКТУ ПРИЙОМУ-ПЕРЕДАЧІ (ДОД. 6),НАПІВПРИЧІП,165
2024,69,РЕЄСТРАЦІЯ НОВИХ ТЗ ПО АКТУ ПРИЙОМУ-ПЕРЕДАЧІ (ДОД. 6),ПРИЧІП,16146
2024,70,РЕЄСТРАЦIЯ Б/В ТЗ ПРИВЕЗЕНОГО З-ЗА КОРДОНУ ПО ВМД,АВТОБУС,348
2024,70,РЕЄСТРАЦIЯ Б/В ТЗ ПРИВЕЗЕНОГО З-ЗА КОРДОНУ ПО ВМД,ВАНТАЖНИЙ,4715
2024,70,РЕЄСТРАЦIЯ Б/В ТЗ ПРИВЕЗЕНОГО З-ЗА КОРДОНУ ПО ВМД,КВАДРОЦИКЛ,8
2024,70,РЕЄСТРАЦIЯ Б/В ТЗ ПРИВЕЗЕНОГО З-ЗА КОРДОНУ ПО ВМД,ЛЕГКОВИЙ,94242
2024,70,РЕЄСТРАЦIЯ Б/В ТЗ ПРИВЕЗЕНОГО З-ЗА КОРДОНУ ПО ВМД,МОПЕД,11
2024,70,РЕЄСТРАЦIЯ Б/В ТЗ ПРИВЕЗЕНОГО З-ЗА КОРДОНУ ПО ВМД,МОТОЦИКЛ,1154
2024,70,РЕЄСТРАЦIЯ Б/В ТЗ ПРИВЕЗЕНОГО З-ЗА КОРДОНУ ПО ВМД,НАПІВПРИЧІП,2843
2024,70,РЕЄСТРАЦIЯ Б/В ТЗ ПРИВЕЗЕНОГО З-ЗА КОРДОНУ ПО ВМД,ПРИЧІП,401
2024,70,РЕЄСТРАЦIЯ Б/В ТЗ ПРИВЕЗЕНОГО З-ЗА КОРДОНУ ПО ВМД,ТРИЦИКЛ,8
2024,71,РЕЄСТРАЦІЯ ТЗ ПРИВЕЗЕНОГО З-ЗА КОРДОНУ ПО ПОСВІДЧЕННЮ МИТНИЦІ,АВТОБУС,12
2024,71,РЕЄСТРАЦІЯ ТЗ ПРИВЕЗЕНОГО З-ЗА КОРДОНУ ПО ПОСВІДЧЕННЮ МИТНИЦІ,ВАНТАЖНИЙ,640
2024,71,РЕЄСТРАЦІЯ ТЗ ПРИВЕЗЕНОГО З-ЗА КОРДОНУ ПО ПОСВІДЧЕННЮ МИТНИЦІ,КВАДРОЦИКЛ,8
2024,71,РЕЄСТРАЦІЯ ТЗ ПРИВЕЗЕНОГО З-ЗА КОРДОНУ ПО ПОСВІДЧЕННЮ МИТНИЦІ,ЛЕГКОВИЙ,30761
2024,71,РЕЄСТРАЦІЯ ТЗ ПРИВЕЗЕНОГО З-ЗА КОРДОНУ ПО ПОСВІДЧЕННЮ МИТНИЦІ,МОПЕД,11
2024,71,РЕЄСТРАЦІЯ ТЗ ПРИВЕЗЕНОГО З-ЗА КОРДОНУ ПО ПОСВІДЧЕННЮ МИТНИЦІ,МОТОЦИКЛ,353
2024,71,РЕЄСТРАЦІЯ ТЗ ПРИВЕЗЕНОГО З-ЗА КОРДОНУ ПО ПОСВІДЧЕННЮ МИТНИЦІ,НАПІВПРИЧІП,197
2024,71,РЕЄСТРАЦІЯ ТЗ ПРИВЕЗЕНОГО З-ЗА КОРДОНУ ПО ПОСВІДЧЕННЮ МИТНИЦІ,ПРИЧІП,245
2024,71,РЕЄСТРАЦІЯ ТЗ ПРИВЕЗЕНОГО З-ЗА КОРДОНУ ПО ПОСВІДЧЕННЮ МИТНИЦІ,ТРИЦИКЛ,5
2024,72,"РЕЄСТРАЦІЯ НОВОГО ТЗ, ПРИВЕЗЕНОГО З-ЗА КОРДОНУ ПО ВМД",АВТОБУС,13
2024,72,"РЕЄСТРАЦІЯ НОВОГО ТЗ, ПРИВЕЗЕНОГО З-ЗА КОРДОНУ ПО ВМД",ВАНТАЖНИЙ,778
2024,72,"РЕЄСТРАЦІЯ НОВОГО ТЗ, ПРИВЕЗЕНОГО З-ЗА КОРДОНУ ПО ВМД",КВАДРОЦИКЛ,2
2024,72,"РЕЄСТРАЦІЯ НОВОГО ТЗ, ПРИВЕЗЕНОГО З-ЗА КОРДОНУ ПО ВМД",ЛЕГКОВИЙ,2380
2024,72,"РЕЄСТРАЦІЯ НОВОГО ТЗ, ПРИВЕЗЕНОГО З-ЗА КОРДОНУ ПО ВМД",МОТОЦИКЛ,54
2024,72,"РЕЄСТРАЦІЯ НОВОГО ТЗ, ПРИВЕЗЕНОГО З-ЗА КОРДОНУ ПО ВМД",НАПІВПРИЧІП,572
2024,72,"РЕЄСТРАЦІЯ НОВОГО ТЗ, ПРИВЕЗЕНОГО З-ЗА КОРДОНУ ПО ВМД",ПРИЧІП,254
2024,72,"РЕЄСТРАЦІЯ НОВОГО ТЗ, ПРИВЕЗЕНОГО З-ЗА КОРДОНУ ПО ВМД",ТРИЦИКЛ,9
2024,73,РЕЄСТРАЦІЯ Б/В ТЗ НА ЮРИДИЧНУ ОСОБУ З ОБМЕЖЕННЯМ ТЕРМІНУ ВІДЧУЖЕННЯ ПРОТЯГОМ 1095 ДНІВ,АВТОБУС,1
2024,74,"РЕЄСТРАЦІЯ НОВОГО ТЗ ПРИВЕЗЕНОГО З-ЗА КОРДОНУ ПО ДЕКЛАРАЦІЇ ПРО ПЕРЕЛІК ТОВАРІВ, ЩО ВИЗНАЮ",АВТОБУС,6
2024,74,"РЕЄСТРАЦІЯ НОВОГО ТЗ ПРИВЕЗЕНОГО З-ЗА КОРДОНУ ПО ДЕКЛАРАЦІЇ ПРО ПЕРЕЛІК ТОВАРІВ, ЩО ВИЗНАЮ",ВАНТАЖНИЙ,1
2024,74,"РЕЄСТРАЦІЯ НОВОГО ТЗ ПРИВЕЗЕНОГО З-ЗА КОРДОНУ ПО ДЕКЛАРАЦІЇ ПРО ПЕРЕЛІК ТОВАРІВ, ЩО ВИЗНАЮ",ЛЕГКОВИЙ,2
2024,74,"РЕЄСТРАЦІЯ НОВОГО ТЗ ПРИВЕЗЕНОГО З-ЗА КОРДОНУ ПО ДЕКЛАРАЦІЇ ПРО ПЕРЕЛІК ТОВАРІВ, ЩО ВИЗНАЮ",ПРИЧІП,3
2024,75,"РЕЄСТРАЦІЯ НОВОГО ТЗ ПРИВЕЗЕНОГО З-ЗА КОРДОНУ, ЯК ГУМАНІТАРНА ДОПОМОГА ПО ДЕКЛАРАЦІЇ ТА ПО",АВТОБУС,1
2024,75,"РЕЄСТРАЦІЯ НОВОГО ТЗ ПРИВЕЗЕНОГО З-ЗА КОРДОНУ, ЯК ГУМАНІТАРНА ДОПОМОГА ПО ДЕКЛАРАЦІЇ ТА ПО",ЛЕГКОВИЙ,4
2024,76,"РЕЄСТРАЦІЯ Б/В ТЗ ПРИВЕЗЕНОГО З-ЗА КОРДОНУ ПО ДЕКЛАРАЦІЇ ПРО ПЕРЕЛІК ТОВАРІВ, ЩО ВИЗНАЮТЬС",АВТОБУС,3
2024,76,"РЕЄСТРАЦІЯ Б/В ТЗ ПРИВЕЗЕНОГО З-ЗА КОРДОНУ ПО ДЕКЛАРАЦІЇ ПРО ПЕРЕЛІК ТОВАРІВ, ЩО ВИЗНАЮТЬС",ВАНТАЖНИЙ,18
2024,76,"РЕЄСТРАЦІЯ Б/В ТЗ ПРИВЕЗЕНОГО З-ЗА КОРДОНУ ПО ДЕКЛАРАЦІЇ ПРО ПЕРЕЛІК ТОВАРІВ, ЩО ВИЗНАЮТЬС",ЛЕГКОВИЙ,78
2024,76,"РЕЄСТРАЦІЯ Б/В ТЗ ПРИВЕЗЕНОГО З-ЗА КОРДОНУ ПО ДЕКЛАРАЦІЇ ПРО ПЕРЕЛІК ТОВАРІВ, ЩО ВИЗНАЮТЬС",ПРИЧІП,1
2024,77,РЕЄСТРАЦІЯ Б/В ТЗ ПРИВЕЗЕНОГО З-ЗА КОРДОНУ ЯК ГУМАНІТАРНА ДОПОМОГА ПО ДЕКЛАРАЦІЇ ТА ПО АКТ,АВТОБУС,1
2024,77,РЕЄСТРАЦІЯ Б/В ТЗ ПРИВЕЗЕНОГО З-ЗА КОРДОНУ ЯК ГУМАНІТАРНА ДОПОМОГА ПО ДЕКЛАРАЦІЇ ТА ПО АКТ,ВАНТАЖНИЙ,13
2024,77,РЕЄСТРАЦІЯ Б/В ТЗ ПРИВЕЗЕНОГО З-ЗА КОРДОНУ ЯК ГУМАНІТАРНА ДОПОМОГА ПО ДЕКЛАРАЦІЇ ТА ПО АКТ,ЛЕГКОВИЙ,13
2024,80,"РЕЄСТРАЦІЯ ТЗ ПРИДБАНОГО НА АУКЦІОНІ, ЕЛЕКТРОННИХ ТОРГАХ, ТОВАРНІЙ БІРЖІ",АВТОБУС,2
2024,80,"РЕЄСТРАЦІЯ ТЗ ПРИДБАНОГО НА АУКЦІОНІ, ЕЛЕКТРОННИХ ТОРГАХ, ТОВАРНІЙ БІРЖІ",ЛЕГКОВИЙ,11
2024,80,"РЕЄСТРАЦІЯ ТЗ ПРИДБАНОГО НА АУКЦІОНІ, ЕЛЕКТРОННИХ ТОРГАХ, ТОВАРНІЙ БІРЖІ",МОТОЦИКЛ,2
2024,91,РЕЄСТРАЦІЯ ТЗ ПРИДБАНОГО В ІНШОМУ ОРГАНІ ДЕРЖАВНОЇ РЕЄСТРАЦІЇ,АВТОБУС,1
2024,91,РЕЄСТРАЦІЯ ТЗ ПРИДБАНОГО В ІНШОМУ ОРГАНІ ДЕРЖАВНОЇ РЕЄСТРАЦІЇ,ВАНТАЖНИЙ,169
2024,91,РЕЄСТРАЦІЯ ТЗ ПРИДБАНОГО В ІНШОМУ ОРГАНІ ДЕРЖАВНОЇ РЕЄСТРАЦІЇ,ЛЕГКОВИЙ,8
2024,92,РЕЄСТРАЦІЯ ТЗ ПРИ ПОВЕРНЕННІ З ВІДОМЧОЇ РЕЄСТРАЦІЇ,ВАНТАЖНИЙ,25
2024,92,РЕЄСТРАЦІЯ ТЗ ПРИ ПОВЕРНЕННІ З ВІДОМЧОЇ РЕЄСТРАЦІЇ,ЛЕГКОВИЙ,12
2024,92,РЕЄСТРАЦІЯ ТЗ ПРИ ПОВЕРНЕННІ З ВІДОМЧОЇ РЕЄСТРАЦІЇ,ПРИЧІП,2
2024,99,"ПЕРВИННА РЕЄСТРАЦІЯ НОВОГО ТЗ ПРИДБАНОГО В ТОРГІВЕЛЬНІЙ ОРГАНІЗАЦІЇ, ЯКИЙ ВИГОТОВЛЕНО В УК",АВТОБУС,399
2024,99,"ПЕРВИННА РЕЄСТРАЦІЯ НОВОГО ТЗ ПРИДБАНОГО В ТОРГІВЕЛЬНІЙ ОРГАНІЗАЦІЇ, ЯКИЙ ВИГОТОВЛЕНО В УК",ВАНТАЖНИЙ,2423
2024,99,"ПЕРВИННА РЕЄСТРАЦІЯ НОВОГО ТЗ ПРИДБАНОГО В ТОРГІВЕЛЬНІЙ ОРГАНІЗАЦІЇ, ЯКИЙ ВИГОТОВЛЕНО В УК",ЛЕГКОВИЙ,2937
2024,99,"ПЕРВИННА РЕЄСТРАЦІЯ НОВОГО ТЗ ПРИДБАНОГО В ТОРГІВЕЛЬНІЙ ОРГАНІЗАЦІЇ, ЯКИЙ ВИГОТОВЛЕНО В УК",МОТОЦИКЛ,4
2024,99,"ПЕРВИННА РЕЄСТРАЦІЯ НОВОГО ТЗ ПРИДБАНОГО В ТОРГІВЕЛЬНІЙ ОРГАНІЗАЦІЇ, ЯКИЙ ВИГОТОВЛЕНО В УК",НАПІВПРИЧІП,164
2024,99,"ПЕРВИННА РЕЄСТРАЦІЯ НОВОГО ТЗ ПРИДБАНОГО В ТОРГІВЕЛЬНІЙ ОРГАНІЗАЦІЇ, ЯКИЙ ВИГОТОВЛЕНО В УК",ПРИЧІП,6394
2025,10,ВТОРИННА РЕЄСТРАЦIЯ ТЗ ПО АКТУ ПРИЙМАННЯ ПЕРЕДАЧІ(ДОД.2),ВАНТАЖНИЙ,5
2025,10,ВТОРИННА РЕЄСТРАЦIЯ ТЗ ПО АКТУ ПРИЙМАННЯ ПЕРЕДАЧІ(ДОД.2),ЛЕГКОВИЙ,7
2025,100,"ПЕРВИННА РЕЄСТРАЦIЯ Б/В ТЗ ПРИДБАНОГО В ТОРГОВЕЛЬНІЙ ОРГАНІЗАЦІЇ, ЯКИЙ ВВЕЗЕНО З-ЗА КОРДОН",АВТОБУС,633
2025,100,"ПЕРВИННА РЕЄСТРАЦIЯ Б/В ТЗ ПРИДБАНОГО В ТОРГОВЕЛЬНІЙ ОРГАНІЗАЦІЇ, ЯКИЙ ВВЕЗЕНО З-ЗА КОРДОН",ВАНТАЖНИЙ,15530
2025,100,"ПЕРВИННА РЕЄСТРАЦIЯ Б/В ТЗ ПРИДБАНОГО В ТОРГОВЕЛЬНІЙ ОРГАНІЗАЦІЇ, ЯКИЙ ВВЕЗЕНО З-ЗА КОРДОН",КВАДРОЦИКЛ,4
2025,100,"ПЕРВИННА РЕЄСТРАЦIЯ Б/В ТЗ ПРИДБАНОГО В ТОРГОВЕЛЬНІЙ ОРГАНІЗАЦІЇ, ЯКИЙ ВВЕЗЕНО З-ЗА КОРДОН",ЛЕГКОВИЙ,157660
2025,100,"ПЕРВИННА РЕЄСТРАЦIЯ Б/В ТЗ ПРИДБАНОГО В ТОРГОВЕЛЬНІЙ ОРГАНІЗАЦІЇ, ЯКИЙ ВВЕЗЕНО З-ЗА КОРДОН",МОПЕД,1435
2025,100,"ПЕРВИННА РЕЄСТРАЦIЯ Б/В ТЗ ПРИДБАНОГО В ТОРГОВЕЛЬНІЙ ОРГАНІЗАЦІЇ, ЯКИЙ ВВЕЗЕНО З-ЗА КОРДОН",МОТОЦИКЛ,5128
2025,100,"ПЕРВИННА РЕЄСТРАЦIЯ Б/В ТЗ ПРИДБАНОГО В ТОРГОВЕЛЬНІЙ ОРГАНІЗАЦІЇ, ЯКИЙ ВВЕЗЕНО З-ЗА КОРДОН",НАПІВПРИЧІП,2815
2025,100,"ПЕРВИННА РЕЄСТРАЦIЯ Б/В ТЗ ПРИДБАНОГО В ТОРГОВЕЛЬНІЙ ОРГАНІЗАЦІЇ, ЯКИЙ ВВЕЗЕНО З-ЗА КОРДОН",ПРИЧІП,401
2025,100,"ПЕРВИННА РЕЄСТРАЦIЯ Б/В ТЗ ПРИДБАНОГО В ТОРГОВЕЛЬНІЙ ОРГАНІЗАЦІЇ, ЯКИЙ ВВЕЗЕНО З-ЗА КОРДОН",ТРИЦИКЛ,7
2025,102,РЕЄСТРАЦІЯ НОВОГО ТЗ (ЕКСПЕРИМЕНТАЛЬНІ ЗРАЗКИ),АВТОБУС,1
2025,105,"ПЕРВИННА РЕЄСТРАЦІЯ НОВОГО ТЗ ПРИДБАНОГО В ТОРГОВЕЛЬНІЙ ОРГАНІЗАЦІЇ, ЯКИЙ ВВЕЗЕНО З-ЗА КОР",АВТОБУС,194
2025,105,"ПЕРВИННА РЕЄСТРАЦІЯ НОВОГО ТЗ ПРИДБАНОГО В ТОРГОВЕЛЬНІЙ ОРГАНІЗАЦІЇ, ЯКИЙ ВВЕЗЕНО З-ЗА КОР",ВАНТАЖНИЙ,6748
2025,105,"ПЕРВИННА РЕЄСТРАЦІЯ НОВОГО ТЗ ПРИДБАНОГО В ТОРГОВЕЛЬНІЙ ОРГАНІЗАЦІЇ, ЯКИЙ ВВЕЗЕНО З-ЗА КОР",КВАДРОЦИКЛ,960
2025,105,"ПЕРВИННА РЕЄСТРАЦІЯ НОВОГО ТЗ ПРИДБАНОГО В ТОРГОВЕЛЬНІЙ ОРГАНІЗАЦІЇ, ЯКИЙ ВВЕЗЕНО З-ЗА КОР",ЛЕГКОВИЙ,75135
2025,105,"ПЕРВИННА РЕЄСТРАЦІЯ НОВОГО ТЗ ПРИДБАНОГО В ТОРГОВЕЛЬНІЙ ОРГАНІЗАЦІЇ, ЯКИЙ ВВЕЗЕНО З-ЗА КОР",МОПЕД,289
2025,105,"ПЕРВИННА РЕЄСТРАЦІЯ НОВОГО ТЗ ПРИДБАНОГО В ТОРГОВЕЛЬНІЙ ОРГАНІЗАЦІЇ, ЯКИЙ ВВЕЗЕНО З-ЗА КОР",МОТОЦИКЛ,43754
2025,105,"ПЕРВИННА РЕЄСТРАЦІЯ НОВОГО ТЗ ПРИДБАНОГО В ТОРГОВЕЛЬНІЙ ОРГАНІЗАЦІЇ, ЯКИЙ ВВЕЗЕНО З-ЗА КОР",НАПІВПРИЧІП,641
2025,105,"ПЕРВИННА РЕЄСТРАЦІЯ НОВОГО ТЗ ПРИДБАНОГО В ТОРГОВЕЛЬНІЙ ОРГАНІЗАЦІЇ, ЯКИЙ ВВЕЗЕНО З-ЗА КОР",ПРИЧІП,126
2025,105,"ПЕРВИННА РЕЄСТРАЦІЯ НОВОГО ТЗ ПРИДБАНОГО В ТОРГОВЕЛЬНІЙ ОРГАНІЗАЦІЇ, ЯКИЙ ВВЕЗЕНО З-ЗА КОР",ТРИЦИКЛ,133
2025,110,РЕЄСТРАЦIЯ ТЗ ОТРИМАНОГО ЧЕРЕЗ ВIДДIЛ СОЦ. ЗАХИСТУ,ЛЕГКОВИЙ,4
2025,120,РЕЄСТРАЦIЯ ТЗ ОТРИМАНОГО ПО ВИГРАШУ,ЛЕГКОВИЙ,1
2025,130,РЕЄСТРАЦIЯ ТЗ У ЗВ`ЯЗКУ З ПРИЇЗДОМ НА ПМЖ ІЗ ЗА КОРДОНУ,ВАНТАЖНИЙ,2
2025,130,РЕЄСТРАЦIЯ ТЗ У ЗВ`ЯЗКУ З ПРИЇЗДОМ НА ПМЖ ІЗ ЗА КОРДОНУ,ЛЕГКОВИЙ,20
2025,130,РЕЄСТРАЦIЯ ТЗ У ЗВ`ЯЗКУ З ПРИЇЗДОМ НА ПМЖ ІЗ ЗА КОРДОНУ,ПРИЧІП,1
2025,140,ВТОРИННА РЕЄСТРАЦIЯ ТЗ У ЗВ`ЯЗКУ З НЕПРОДАЖЕМ,АВТОБУС,1
2025,140,ВТОРИННА РЕЄСТРАЦIЯ ТЗ У ЗВ`ЯЗКУ З НЕПРОДАЖЕМ,ВАНТАЖНИЙ,19
2025,140,ВТОРИННА РЕЄСТРАЦIЯ ТЗ У ЗВ`ЯЗКУ З НЕПРОДАЖЕМ,ЛЕГКОВИЙ,43
2025,140,ВТОРИННА РЕЄСТРАЦIЯ ТЗ У ЗВ`ЯЗКУ З НЕПРОДАЖЕМ,МОТОЦИКЛ,1
2025,140,ВТОРИННА РЕЄСТРАЦIЯ ТЗ У ЗВ`ЯЗКУ З НЕПРОДАЖЕМ,НАПІВПРИЧІП,9
2025,140,ВТОРИННА РЕЄСТРАЦIЯ ТЗ У ЗВ`ЯЗКУ З НЕПРОДАЖЕМ,ПРИЧІП,1
2025,141,РЕЄСТРАЦIЯ ТЗ ПIСЛЯ СКАСУВАННЯ РЕЄСТРАЦІЇ,АВТОБУС,2
2025,141,РЕЄСТРАЦIЯ ТЗ ПIСЛЯ СКАСУВАННЯ РЕЄСТРАЦІЇ,ЛЕГКОВИЙ,11
2025,18,"ВНЕСЕННЯ КАРТКИ ВІДОМЧОЇ РЕЄСТРАЦІЇ ТЗ (ТІЛЬКИ ДЛЯ НАДАННЯ ДОЗВОЛУ НА СПЕЦСИГНАЛ, ДОПНВ ТА",АВТОБУС,53
2025,18,"ВНЕСЕННЯ КАРТКИ ВІДОМЧОЇ РЕЄСТРАЦІЇ ТЗ (ТІЛЬКИ ДЛЯ НАДАННЯ ДОЗВОЛУ НА СПЕЦСИГНАЛ, ДОПНВ ТА",ВАНТАЖНИЙ,322
2025,18,"ВНЕСЕННЯ КАРТКИ ВІДОМЧОЇ РЕЄСТРАЦІЇ ТЗ (ТІЛЬКИ ДЛЯ НАДАННЯ ДОЗВОЛУ НА СПЕЦСИГНАЛ, ДОПНВ ТА",ЛЕГКОВИЙ,167
2025,18,"ВНЕСЕННЯ КАРТКИ ВІДОМЧОЇ РЕЄСТРАЦІЇ ТЗ (ТІЛЬКИ ДЛЯ НАДАННЯ ДОЗВОЛУ НА СПЕЦСИГНАЛ, ДОПНВ ТА",НАПІВПРИЧІП,1
2025,18,"ВНЕСЕННЯ КАРТКИ ВІДОМЧОЇ РЕЄСТРАЦІЇ ТЗ (ТІЛЬКИ ДЛЯ НАДАННЯ ДОЗВОЛУ НА СПЕЦСИГНАЛ, ДОПНВ ТА",ПРИЧІП,1
2025,180,"ПЕРВИННА РЕЄСТРАЦІЯ СУБ’ЄКТОМ ГОСПОДАРЮВАННЯ НОВОГО ТЗ ПО ДКП, ЯКИЙ ВВЕЗЕНО З-ЗА КОРДОНУ",АВТОБУС,2
2025,180,"ПЕРВИННА РЕЄСТРАЦІЯ СУБ’ЄКТОМ ГОСПОДАРЮВАННЯ НОВОГО ТЗ ПО ДКП, ЯКИЙ ВВЕЗЕНО З-ЗА КОРДОНУ",ВАНТАЖНИЙ,14
2025,180,"ПЕРВИННА РЕЄСТРАЦІЯ СУБ’ЄКТОМ ГОСПОДАРЮВАННЯ НОВОГО ТЗ ПО ДКП, ЯКИЙ ВВЕЗЕНО З-ЗА КОРДОНУ",ЛЕГКОВИЙ,426
2025,180,"ПЕРВИННА РЕЄСТРАЦІЯ СУБ’ЄКТОМ ГОСПОДАРЮВАННЯ НОВОГО ТЗ ПО ДКП, ЯКИЙ ВВЕЗЕНО З-ЗА КОРДОНУ",МОТОЦИКЛ,5
2025,180,"ПЕРВИННА РЕЄСТРАЦІЯ СУБ’ЄКТОМ ГОСПОДАРЮВАННЯ НОВОГО ТЗ ПО ДКП, ЯКИЙ ВВЕЗЕНО З-ЗА КОРДОНУ",НАПІВПРИЧІП,1
2025,182,"ПЕРВИННА РЕЄСТРАЦІЯ СУБ'ЄКТОМ ГОСПОДАРЮВАННЯ Б/В ТЗ, ЯКИЙ ВВЕЗЕНО З-ЗА КОРДОНУ ПІСЛЯ ОГЛЯД",ЛЕГКОВИЙ,15
2025,184,"ПЕРВИННА РЕЄСТРАЦІЯ СУБ’ЄКТОМ ГОСПОДАРЮВАННЯ, НОВОГО ТЗ, ЯКИЙ ВИГОТОВЛЕНИЙ В УКРАЇНІ, ПО А",ЛЕГКОВИЙ,2
2025,184,"ПЕРВИННА РЕЄСТРАЦІЯ СУБ’ЄКТОМ ГОСПОДАРЮВАННЯ, НОВОГО ТЗ, ЯКИЙ ВИГОТОВЛЕНИЙ В УКРАЇНІ, ПО А",ПРИЧІП,1
2025,185,"ПЕРВИННА РЕЄСТРАЦІЯ СУБ’ЄКТОМ ГОСПОДАРЮВАННЯ НОВОГО ТЗ, ВИГОТОВЛЕНОГО В УКРАЇНІ, НА СЕБЕ, ",АВТОБУС,1
2025,185,"ПЕРВИННА РЕЄСТРАЦІЯ СУБ’ЄКТОМ ГОСПОДАРЮВАННЯ НОВОГО ТЗ, ВИГОТОВЛЕНОГО В УКРАЇНІ, НА СЕБЕ, ",ПРИЧІП,1
2025,186,"ВТОРИННА РЕЄСТРАЦІЯ СУБ'ЄКТОМ ГОСПОДАРЮВАННЯ ТЗ ЗА ДКП, УКЛАДЕНОМУ В СГ (ТЗ ЗНЯТИЙ З ОБЛІК",ЛЕГКОВИЙ,18
2025,213,ВИДАЧА ТТ У ЗВ'ЯЗКУ З ПОСТАНОВКОЮ НА ТИМЧАСОВИЙ ДЕРЖАВНИЙ ОБЛІК НА ПЕРІОД ВОЄННОГО СТАНУ,АВТОБУС,376
2025,213,ВИДАЧА ТТ У ЗВ'ЯЗКУ З ПОСТАНОВКОЮ НА ТИМЧАСОВИЙ ДЕРЖАВНИЙ ОБЛІК НА ПЕРІОД ВОЄННОГО СТАНУ,ВАНТАЖНИЙ,3186
2025,213,ВИДАЧА ТТ У ЗВ'ЯЗКУ З ПОСТАНОВКОЮ НА ТИМЧАСОВИЙ ДЕРЖАВНИЙ ОБЛІК НА ПЕРІОД ВОЄННОГО СТАНУ,КВАДРОЦИКЛ,10
2025,213,ВИДАЧА ТТ У ЗВ'ЯЗКУ З ПОСТАНОВКОЮ НА ТИМЧАСОВИЙ ДЕРЖАВНИЙ ОБЛІК НА ПЕРІОД ВОЄННОГО СТАНУ,ЛЕГКОВИЙ,9704
2025,213,ВИДАЧА ТТ У ЗВ'ЯЗКУ З ПОСТАНОВКОЮ НА ТИМЧАСОВИЙ ДЕРЖАВНИЙ ОБЛІК НА ПЕРІОД ВОЄННОГО СТАНУ,МОПЕД,3
2025,213,ВИДАЧА ТТ У ЗВ'ЯЗКУ З ПОСТАНОВКОЮ НА ТИМЧАСОВИЙ ДЕРЖАВНИЙ ОБЛІК НА ПЕРІОД ВОЄННОГО СТАНУ,МОТОЦИКЛ,22
2025,213,ВИДАЧА ТТ У ЗВ'ЯЗКУ З ПОСТАНОВКОЮ НА ТИМЧАСОВИЙ ДЕРЖАВНИЙ ОБЛІК НА ПЕРІОД ВОЄННОГО СТАНУ,НАПІВПРИЧІП,26
2025,213,ВИДАЧА ТТ У ЗВ'ЯЗКУ З ПОСТАНОВКОЮ НА ТИМЧАСОВИЙ ДЕРЖАВНИЙ ОБЛІК НА ПЕРІОД ВОЄННОГО СТАНУ,ПРИЧІП,110
2025,215,ТИМЧАСОВИЙ ДЕРЖАВНИЙ ОБЛІК ТЗ ЗА ВІЙСЬКОВОСЛУЖБОВЦЕМ,АВТОБУС,8
2025,215,ТИМЧАСОВИЙ ДЕРЖАВНИЙ ОБЛІК ТЗ ЗА ВІЙСЬКОВОСЛУЖБОВЦЕМ,ВАНТАЖНИЙ,2872
2025,215,ТИМЧАСОВИЙ ДЕРЖАВНИЙ ОБЛІК ТЗ ЗА ВІЙСЬКОВОСЛУЖБОВЦЕМ,КВАДРОЦИКЛ,3
2025,215,ТИМЧАСОВИЙ ДЕРЖАВНИЙ ОБЛІК ТЗ ЗА ВІЙСЬКОВОСЛУЖБОВЦЕМ,ЛЕГКОВИЙ,17378
2025,215,ТИМЧАСОВИЙ ДЕРЖАВНИЙ ОБЛІК ТЗ ЗА ВІЙСЬКОВОСЛУЖБОВЦЕМ,МОТОЦИКЛ,14
2025,215,ТИМЧАСОВИЙ ДЕРЖАВНИЙ ОБЛІК ТЗ ЗА ВІЙСЬКОВОСЛУЖБОВЦЕМ,НАПІВПРИЧІП,1
2025,215,ТИМЧАСОВИЙ ДЕРЖАВНИЙ ОБЛІК ТЗ ЗА ВІЙСЬКОВОСЛУЖБОВЦЕМ,ПРИЧІП,49
2025,220,ВИДАЧА ТИМЧАСОВОГО ТАЛОНА ПРИ ТИМЧАСОВОМУ ВВЕЗЕННЮ ТЗ НА МИТНУ ТЕРИТОРІЮ УКРАЇНИ,ЛЕГКОВИЙ,4
2025,220,ВИДАЧА ТИМЧАСОВОГО ТАЛОНА ПРИ ТИМЧАСОВОМУ ВВЕЗЕННЮ ТЗ НА МИТНУ ТЕРИТОРІЮ УКРАЇНИ,ПРИЧІП,11
2025,221,"РЕЄСТРАЦІЮ ТЗ,ВВЕЗЕНОГО ПІД ЗОБОВ'ЯЗАННЯ ПРО ЗВОРОТНЕ ВИВЕЗЕННЯ",ВАНТАЖНИЙ,4
2025,221,"РЕЄСТРАЦІЮ ТЗ,ВВЕЗЕНОГО ПІД ЗОБОВ'ЯЗАННЯ ПРО ЗВОРОТНЕ ВИВЕЗЕННЯ",ЛЕГКОВИЙ,202
2025,221,"РЕЄСТРАЦІЮ ТЗ,ВВЕЗЕНОГО ПІД ЗОБОВ'ЯЗАННЯ ПРО ЗВОРОТНЕ ВИВЕЗЕННЯ",МОТОЦИКЛ,1
2025,221,"РЕЄСТРАЦІЮ ТЗ,ВВЕЗЕНОГО ПІД ЗОБОВ'ЯЗАННЯ ПРО ЗВОРОТНЕ ВИВЕЗЕННЯ",НАПІВПРИЧІП,1
2025,230,ВИДАЧА СВ. ПРО РЕЄСТР ДЛЯ ПОЇЗДКИ ЗА КОРДОН,АВТОБУС,1465
2025,230,ВИДАЧА СВ. ПРО РЕЄСТР ДЛЯ ПОЇЗДКИ ЗА КОРДОН,ВАНТАЖНИЙ,8763
2025,230,ВИДАЧА СВ. ПРО РЕЄСТР ДЛЯ ПОЇЗДКИ ЗА КОРДОН,ЛЕГКОВИЙ,5531
2025,230,ВИДАЧА СВ. ПРО РЕЄСТР ДЛЯ ПОЇЗДКИ ЗА КОРДОН,МОТОЦИКЛ,14
2025,230,ВИДАЧА СВ. ПРО РЕЄСТР ДЛЯ ПОЇЗДКИ ЗА КОРДОН,НАПІВПРИЧІП,4348
2025,230,ВИДАЧА СВ. ПРО РЕЄСТР ДЛЯ ПОЇЗДКИ ЗА КОРДОН,ПРИЧІП,336
2025,250,ВИДАЧА ТИМЧАСОВОГО РЕЄСТР ТАЛОНУ ПО ДОРУЧЕННЮ ЧИ ІНШОГО ДОКУМ.ПРАВОКОРИСТУВАННЯ,АВТОБУС,5250
2025,250,ВИДАЧА ТИМЧАСОВОГО РЕЄСТР ТАЛОНУ ПО ДОРУЧЕННЮ ЧИ ІНШОГО ДОКУМ.ПРАВОКОРИСТУВАННЯ,ВАНТАЖНИЙ,721
2025,250,ВИДАЧА ТИМЧАСОВОГО РЕЄСТР ТАЛОНУ ПО ДОРУЧЕННЮ ЧИ ІНШОГО ДОКУМ.ПРАВОКОРИСТУВАННЯ,КВАДРОЦИКЛ,3
2025,250,ВИДАЧА ТИМЧАСОВОГО РЕЄСТР ТАЛОНУ ПО ДОРУЧЕННЮ ЧИ ІНШОГО ДОКУМ.ПРАВОКОРИСТУВАННЯ,ЛЕГКОВИЙ,1005
2025,250,ВИДАЧА ТИМЧАСОВОГО РЕЄСТР ТАЛОНУ ПО ДОРУЧЕННЮ ЧИ ІНШОГО ДОКУМ.ПРАВОКОРИСТУВАННЯ,МОПЕД,12
2025,250,ВИДАЧА ТИМЧАСОВОГО РЕЄСТР ТАЛОНУ ПО ДОРУЧЕННЮ ЧИ ІНШОГО ДОКУМ.ПРАВОКОРИСТУВАННЯ,МОТОЦИКЛ,34
2025,250,ВИДАЧА ТИМЧАСОВОГО РЕЄСТР ТАЛОНУ ПО ДОРУЧЕННЮ ЧИ ІНШОГО ДОКУМ.ПРАВОКОРИСТУВАННЯ,НАПІВПРИЧІП,234
2025,250,ВИДАЧА ТИМЧАСОВОГО РЕЄСТР ТАЛОНУ ПО ДОРУЧЕННЮ ЧИ ІНШОГО ДОКУМ.ПРАВОКОРИСТУВАННЯ,ПРИЧІП,92
2025,250,ВИДАЧА ТИМЧАСОВОГО РЕЄСТР ТАЛОНУ ПО ДОРУЧЕННЮ ЧИ ІНШОГО ДОКУМ.ПРАВОКОРИСТУВАННЯ,ТРИЦИКЛ,1
2025,252,ВИДАЧА ТИМЧАС. РЕЄСТР. ТАЛОНУ НА ПРАВО КЕРУВАННЯ ЗА ЗАЯВОЮ ВЛАСНИКА,АВТОБУС,1419
2025,252,ВИДАЧА ТИМЧАС. РЕЄСТР. ТАЛОНУ НА ПРАВО КЕРУВАННЯ ЗА ЗАЯВОЮ ВЛАСНИКА,ВАНТАЖНИЙ,147
2025,252,ВИДАЧА ТИМЧАС. РЕЄСТР. ТАЛОНУ НА ПРАВО КЕРУВАННЯ ЗА ЗАЯВОЮ ВЛАСНИКА,ЛЕГКОВИЙ,1171
2025,252,ВИДАЧА ТИМЧАС. РЕЄСТР. ТАЛОНУ НА ПРАВО КЕРУВАННЯ ЗА ЗАЯВОЮ ВЛАСНИКА,МОПЕД,8
2025,252,ВИДАЧА ТИМЧАС. РЕЄСТР. ТАЛОНУ НА ПРАВО КЕРУВАННЯ ЗА ЗАЯВОЮ ВЛАСНИКА,МОТОЦИКЛ,7
2025,252,ВИДАЧА ТИМЧАС. РЕЄСТР. ТАЛОНУ НА ПРАВО КЕРУВАННЯ ЗА ЗАЯВОЮ ВЛАСНИКА,НАПІВПРИЧІП,68
2025,252,ВИДАЧА ТИМЧАС. РЕЄСТР. ТАЛОНУ НА ПРАВО КЕРУВАННЯ ЗА ЗАЯВОЮ ВЛАСНИКА,ПРИЧІП,40
2025,252,ВИДАЧА ТИМЧАС. РЕЄСТР. ТАЛОНУ НА ПРАВО КЕРУВАННЯ ЗА ЗАЯВОЮ ВЛАСНИКА,ТРИЦИКЛ,1
2025,253,"ВИДАЧА ТИМЧАСОВОГО ТАЛОНУ НА ПІДСТАВІ ЗАЯВИ УПРАВИТЕЛЯ ТА ДОГОВОРУ УПРАВЛІННЯ, УКЛАДЕНОГО ",ВАНТАЖНИЙ,19
2025,253,"ВИДАЧА ТИМЧАСОВОГО ТАЛОНУ НА ПІДСТАВІ ЗАЯВИ УПРАВИТЕЛЯ ТА ДОГОВОРУ УПРАВЛІННЯ, УКЛАДЕНОГО ",ЛЕГКОВИЙ,2
2025,254,НАЛЕЖНИЙ КОРИСТУВАЧ. РЕЄСТРАЦІЯ,АВТОБУС,1144
2025,254,НАЛЕЖНИЙ КОРИСТУВАЧ. РЕЄСТРАЦІЯ,ВАНТАЖНИЙ,15046
2025,254,НАЛЕЖНИЙ КОРИСТУВАЧ. РЕЄСТРАЦІЯ,КВАДРОЦИКЛ,21
2025,254,НАЛЕЖНИЙ КОРИСТУВАЧ. РЕЄСТРАЦІЯ,ЛЕГКОВИЙ,275728
2025,254,НАЛЕЖНИЙ КОРИСТУВАЧ. РЕЄСТРАЦІЯ,МОПЕД,108
2025,254,НАЛЕЖНИЙ КОРИСТУВАЧ. РЕЄСТРАЦІЯ,МОТОЦИКЛ,4332
2025,254,НАЛЕЖНИЙ КОРИСТУВАЧ. РЕЄСТРАЦІЯ,НАПІВПРИЧІП,913
2025,254,НАЛЕЖНИЙ КОРИСТУВАЧ. РЕЄСТРАЦІЯ,ПРИЧІП,2043
2025,254,НАЛЕЖНИЙ КОРИСТУВАЧ. РЕЄСТРАЦІЯ,ТРИЦИКЛ,5
2025,255,АНУЛЮВАННЯ ВИДАЧI ТИМЧАС. РЕЄСТРАЦIЙНОГО ТАЛОНУ ПО ДОРУЧ,АВТОБУС,178
2025,255,АНУЛЮВАННЯ ВИДАЧI ТИМЧАС. РЕЄСТРАЦIЙНОГО ТАЛОНУ ПО ДОРУЧ,ВАНТАЖНИЙ,22
2025,255,АНУЛЮВАННЯ ВИДАЧI ТИМЧАС. РЕЄСТРАЦIЙНОГО ТАЛОНУ ПО ДОРУЧ,ЛЕГКОВИЙ,10
2025,255,АНУЛЮВАННЯ ВИДАЧI ТИМЧАС. РЕЄСТРАЦIЙНОГО ТАЛОНУ ПО ДОРУЧ,МОТОЦИКЛ,2
2025,255,АНУЛЮВАННЯ ВИДАЧI ТИМЧАС. РЕЄСТРАЦIЙНОГО ТАЛОНУ ПО ДОРУЧ,НАПІВПРИЧІП,6
2025,255,АНУЛЮВАННЯ ВИДАЧI ТИМЧАС. РЕЄСТРАЦIЙНОГО ТАЛОНУ ПО ДОРУЧ,ПРИЧІП,2
2025,256,АНУЛЮВАННЯ ВИДАЧI ТИМЧАС. РЕЕСТР. ТАЛОНУ ПО ЗАЯВI ВЛ,АВТОБУС,146
2025,256,АНУЛЮВАННЯ ВИДАЧI ТИМЧАС. РЕЕСТР. ТАЛОНУ ПО ЗАЯВI ВЛ,ВАНТАЖНИЙ,15
2025,256,АНУЛЮВАННЯ ВИДАЧI ТИМЧАС. РЕЕСТР. ТАЛОНУ ПО ЗАЯВI ВЛ,ЛЕГКОВИЙ,67
2025,256,АНУЛЮВАННЯ ВИДАЧI ТИМЧАС. РЕЕСТР. ТАЛОНУ ПО ЗАЯВI ВЛ,НАПІВПРИЧІП,5
2025,256,АНУЛЮВАННЯ ВИДАЧI ТИМЧАС. РЕЕСТР. ТАЛОНУ ПО ЗАЯВI ВЛ,ПРИЧІП,3
2025,257,НАЛЕЖНИЙ КОРИСТУВАЧ.РЕЄСТРАЦІЯ (ТІЛЬКИ ДЛЯ КЕРІВНИКІВ ЮО),ВАНТАЖНИЙ,6
2025,257,НАЛЕЖНИЙ КОРИСТУВАЧ.РЕЄСТРАЦІЯ (ТІЛЬКИ ДЛЯ КЕРІВНИКІВ ЮО),ЛЕГКОВИЙ,24
2025,260,ВИДАЧА ТИМЧ. РЕЄСТР. ТАЛОНУ ПРИ ВИЯВЛЕННI ТЗ ВИКР ЗА КОРД,ВАНТАЖНИЙ,2
2025,260,ВИДАЧА ТИМЧ. РЕЄСТР. ТАЛОНУ ПРИ ВИЯВЛЕННI ТЗ ВИКР ЗА КОРД,ЛЕГКОВИЙ,8
2025,260,ВИДАЧА ТИМЧ. РЕЄСТР. ТАЛОНУ ПРИ ВИЯВЛЕННI ТЗ ВИКР ЗА КОРД,МОПЕД,1
2025,284,НАЛЕЖНИЙ КОРИСТУВАЧ. ВИКЛЮЧЕННЯ ВІДОМОСТЕЙ,АВТОБУС,90
2025,284,НАЛЕЖНИЙ КОРИСТУВАЧ. ВИКЛЮЧЕННЯ ВІДОМОСТЕЙ,ВАНТАЖНИЙ,1586
2025,284,НАЛЕЖНИЙ КОРИСТУВАЧ. ВИКЛЮЧЕННЯ ВІДОМОСТЕЙ,КВАДРОЦИКЛ,2
2025,284,НАЛЕЖНИЙ КОРИСТУВАЧ. ВИКЛЮЧЕННЯ ВІДОМОСТЕЙ,ЛЕГКОВИЙ,32981
2025,284,НАЛЕЖНИЙ КОРИСТУВАЧ. ВИКЛЮЧЕННЯ ВІДОМОСТЕЙ,МОПЕД,10
2025,284,НАЛЕЖНИЙ КОРИСТУВАЧ. ВИКЛЮЧЕННЯ ВІДОМОСТЕЙ,МОТОЦИКЛ,356
2025,284,НАЛЕЖНИЙ КОРИСТУВАЧ. ВИКЛЮЧЕННЯ ВІДОМОСТЕЙ,НАПІВПРИЧІП,125
2025,284,НАЛЕЖНИЙ КОРИСТУВАЧ. ВИКЛЮЧЕННЯ ВІДОМОСТЕЙ,ПРИЧІП,124
2025,293,ЗНЯТТЯ З ТИМЧАСОВОГО ДЕРЖАВНОГО ОБЛІКУ,АВТОБУС,62
2025,293,ЗНЯТТЯ З ТИМЧАСОВОГО ДЕРЖАВНОГО ОБЛІКУ,ВАНТАЖНИЙ,399
2025,293,ЗНЯТТЯ З ТИМЧАСОВОГО ДЕРЖАВНОГО ОБЛІКУ,ЛЕГКОВИЙ,2016
2025,293,ЗНЯТТЯ З ТИМЧАСОВОГО ДЕРЖАВНОГО ОБЛІКУ,НАПІВПРИЧІП,3
2025,293,ЗНЯТТЯ З ТИМЧАСОВОГО ДЕРЖАВНОГО ОБЛІКУ,ПРИЧІП,12
2025,294,"ЗНЯТТЯ З ТИМЧАСОВОГО ДЕРЖАВНОГО ОБЛІКУ ТЗ, ЩО ОБЛІКОВУЄТЬСЯ ЗА ВІЙСЬКОВОСЛУЖБОВЦЕМ",АВТОБУС,1
2025,294,"ЗНЯТТЯ З ТИМЧАСОВОГО ДЕРЖАВНОГО ОБЛІКУ ТЗ, ЩО ОБЛІКОВУЄТЬСЯ ЗА ВІЙСЬКОВОСЛУЖБОВЦЕМ",ВАНТАЖНИЙ,12
2025,294,"ЗНЯТТЯ З ТИМЧАСОВОГО ДЕРЖАВНОГО ОБЛІКУ ТЗ, ЩО ОБЛІКОВУЄТЬСЯ ЗА ВІЙСЬКОВОСЛУЖБОВЦЕМ",ЛЕГКОВИЙ,97
2025,295,ЗНЯТТЯ З ТИМЧАСОВОГО ДЕРЖАВНОГО ОБЛІКУ У ЗВ'ЯЗКУ ЗІ ЗМІНОЮ ОРГАНУ РЕЄСТРАЦІЇ,АВТОБУС,24
2025,295,ЗНЯТТЯ З ТИМЧАСОВОГО ДЕРЖАВНОГО ОБЛІКУ У ЗВ'ЯЗКУ ЗІ ЗМІНОЮ ОРГАНУ РЕЄСТРАЦІЇ,ВАНТАЖНИЙ,384
2025,295,ЗНЯТТЯ З ТИМЧАСОВОГО ДЕРЖАВНОГО ОБЛІКУ У ЗВ'ЯЗКУ ЗІ ЗМІНОЮ ОРГАНУ РЕЄСТРАЦІЇ,ЛЕГКОВИЙ,371
2025,295,ЗНЯТТЯ З ТИМЧАСОВОГО ДЕРЖАВНОГО ОБЛІКУ У ЗВ'ЯЗКУ ЗІ ЗМІНОЮ ОРГАНУ РЕЄСТРАЦІЇ,НАПІВПРИЧІП,1
2025,295,ЗНЯТТЯ З ТИМЧАСОВОГО ДЕРЖАВНОГО ОБЛІКУ У ЗВ'ЯЗКУ ЗІ ЗМІНОЮ ОРГАНУ РЕЄСТРАЦІЇ,ПРИЧІП,12
2025,296,ЗНЯТТЯ З ТИМЧАСОВОГО ДЕРЖАВНОГО ОБЛІКУ У ЗВ'ЯЗКУ З ВИБРАКУВАННЯМ (СПИСАННЯМ),АВТОБУС,1
2025,296,ЗНЯТТЯ З ТИМЧАСОВОГО ДЕРЖАВНОГО ОБЛІКУ У ЗВ'ЯЗКУ З ВИБРАКУВАННЯМ (СПИСАННЯМ),ВАНТАЖНИЙ,66
2025,296,ЗНЯТТЯ З ТИМЧАСОВОГО ДЕРЖАВНОГО ОБЛІКУ У ЗВ'ЯЗКУ З ВИБРАКУВАННЯМ (СПИСАННЯМ),ЛЕГКОВИЙ,154
2025,297,"СКАСУВАННЯ ТИМЧАСОВОГО ДЕРЖАВНОГО ОБЛІКУ ТЗ, ЩО ОБЛІКОВУЄТЬСЯ ЗА ВІЙСЬКОВОСЛУЖБОВЦЕМ",ЛЕГКОВИЙ,1
2025,30,ПЕРВИННА РЕЄСТРАЦІЯ ТЗ ДЛЯ ІНДИВ. ВЛАСНИКА,ЛЕГКОВИЙ,2
2025,30,ПЕРВИННА РЕЄСТРАЦІЯ ТЗ ДЛЯ ІНДИВ. ВЛАСНИКА,МОПЕД,1
2025,30,ПЕРВИННА РЕЄСТРАЦІЯ ТЗ ДЛЯ ІНДИВ. ВЛАСНИКА,МОТОЦИКЛ,1
2025,300,ПЕРЕРЕЄСТРАЦIЯ НА НОВОГО ВЛАСНИКА ЗА СВIД. НА СПIЛЬНЕ МАЙНО,ВАНТАЖНИЙ,8
2025,300,ПЕРЕРЕЄСТРАЦIЯ НА НОВОГО ВЛАСНИКА ЗА СВIД. НА СПIЛЬНЕ МАЙНО,ЛЕГКОВИЙ,34
2025,300,ПЕРЕРЕЄСТРАЦIЯ НА НОВОГО ВЛАСНИКА ЗА СВIД. НА СПIЛЬНЕ МАЙНО,НАПІВПРИЧІП,1
2025,301,ПЕРЕРЕЄСТРАЦІЯ ЗА ДОГОВОРОМ ПОДІЛУ МАЙНА,АВТОБУС,4
2025,301,ПЕРЕРЕЄСТРАЦІЯ ЗА ДОГОВОРОМ ПОДІЛУ МАЙНА,ВАНТАЖНИЙ,36
2025,301,ПЕРЕРЕЄСТРАЦІЯ ЗА ДОГОВОРОМ ПОДІЛУ МАЙНА,ЛЕГКОВИЙ,232
2025,301,ПЕРЕРЕЄСТРАЦІЯ ЗА ДОГОВОРОМ ПОДІЛУ МАЙНА,МОТОЦИКЛ,4
2025,301,ПЕРЕРЕЄСТРАЦІЯ ЗА ДОГОВОРОМ ПОДІЛУ МАЙНА,НАПІВПРИЧІП,1
2025,301,ПЕРЕРЕЄСТРАЦІЯ ЗА ДОГОВОРОМ ПОДІЛУ МАЙНА,ПРИЧІП,2
2025,306,"ПЕРЕРЕЄСТРАЦІЯ ТЗ НА НОВОГО ВЛАСНИКА ПО ДОГОВОРУ ДАРУВАННЯ, УКЛАДЕНОМУ В ПРИСУТНОСТІ АДМІН",АВТОБУС,1
2025,306,"ПЕРЕРЕЄСТРАЦІЯ ТЗ НА НОВОГО ВЛАСНИКА ПО ДОГОВОРУ ДАРУВАННЯ, УКЛАДЕНОМУ В ПРИСУТНОСТІ АДМІН",ВАНТАЖНИЙ,8
2025,306,"ПЕРЕРЕЄСТРАЦІЯ ТЗ НА НОВОГО ВЛАСНИКА ПО ДОГОВОРУ ДАРУВАННЯ, УКЛАДЕНОМУ В ПРИСУТНОСТІ АДМІН",ЛЕГКОВИЙ,239
2025,306,"ПЕРЕРЕЄСТРАЦІЯ ТЗ НА НОВОГО ВЛАСНИКА ПО ДОГОВОРУ ДАРУВАННЯ, УКЛАДЕНОМУ В ПРИСУТНОСТІ АДМІН",МОТОЦИКЛ,3
2025,306,"ПЕРЕРЕЄСТРАЦІЯ ТЗ НА НОВОГО ВЛАСНИКА ПО ДОГОВОРУ ДАРУВАННЯ, УКЛАДЕНОМУ В ПРИСУТНОСТІ АДМІН",НАПІВПРИЧІП,2
2025,306,"ПЕРЕРЕЄСТРАЦІЯ ТЗ НА НОВОГО ВЛАСНИКА ПО ДОГОВОРУ ДАРУВАННЯ, УКЛАДЕНОМУ В ПРИСУТНОСТІ АДМІН",ПРИЧІП,1
2025,307,ПЕРЕРЕЄСТРАЦІЯ ТЗ НА НОВОГО ВЛАСНИКА ПО ДОГОВОРУ КУПІВЛІ-ПРОДАЖУ УКЛАДЕНОМУ В ПРИСУТНОСТІ ,АВТОБУС,1
2025,307,ПЕРЕРЕЄСТРАЦІЯ ТЗ НА НОВОГО ВЛАСНИКА ПО ДОГОВОРУ КУПІВЛІ-ПРОДАЖУ УКЛАДЕНОМУ В ПРИСУТНОСТІ ,ВАНТАЖНИЙ,192
2025,307,ПЕРЕРЕЄСТРАЦІЯ ТЗ НА НОВОГО ВЛАСНИКА ПО ДОГОВОРУ КУПІВЛІ-ПРОДАЖУ УКЛАДЕНОМУ В ПРИСУТНОСТІ ,КВАДРОЦИКЛ,2
2025,307,ПЕРЕРЕЄСТРАЦІЯ ТЗ НА НОВОГО ВЛАСНИКА ПО ДОГОВОРУ КУПІВЛІ-ПРОДАЖУ УКЛАДЕНОМУ В ПРИСУТНОСТІ ,ЛЕГКОВИЙ,8541
2025,307,ПЕРЕРЕЄСТРАЦІЯ ТЗ НА НОВОГО ВЛАСНИКА ПО ДОГОВОРУ КУПІВЛІ-ПРОДАЖУ УКЛАДЕНОМУ В ПРИСУТНОСТІ ,МОПЕД,13
2025,307,ПЕРЕРЕЄСТРАЦІЯ ТЗ НА НОВОГО ВЛАСНИКА ПО ДОГОВОРУ КУПІВЛІ-ПРОДАЖУ УКЛАДЕНОМУ В ПРИСУТНОСТІ ,МОТОЦИКЛ,249
2025,307,ПЕРЕРЕЄСТРАЦІЯ ТЗ НА НОВОГО ВЛАСНИКА ПО ДОГОВОРУ КУПІВЛІ-ПРОДАЖУ УКЛАДЕНОМУ В ПРИСУТНОСТІ ,НАПІВПРИЧІП,47
2025,307,ПЕРЕРЕЄСТРАЦІЯ ТЗ НА НОВОГО ВЛАСНИКА ПО ДОГОВОРУ КУПІВЛІ-ПРОДАЖУ УКЛАДЕНОМУ В ПРИСУТНОСТІ ,ПРИЧІП,19
2025,307,ПЕРЕРЕЄСТРАЦІЯ ТЗ НА НОВОГО ВЛАСНИКА ПО ДОГОВОРУ КУПІВЛІ-ПРОДАЖУ УКЛАДЕНОМУ В ПРИСУТНОСТІ ,ТРИЦИКЛ,3
2025,308,"ПЕРЕРЕЄСТРАЦІЯ НА НОВОГО ВЛАСНИКА ЗА ДКП ТА ДОГОВОРОМ КОМІСІЇ, УКЛАДЕНИМИ У СГ",АВТОБУС,2347
2025,308,"ПЕРЕРЕЄСТРАЦІЯ НА НОВОГО ВЛАСНИКА ЗА ДКП ТА ДОГОВОРОМ КОМІСІЇ, УКЛАДЕНИМИ У СГ",ВАНТАЖНИЙ,28338
2025,308,"ПЕРЕРЕЄСТРАЦІЯ НА НОВОГО ВЛАСНИКА ЗА ДКП ТА ДОГОВОРОМ КОМІСІЇ, УКЛАДЕНИМИ У СГ",КВАДРОЦИКЛ,16
2025,308,"ПЕРЕРЕЄСТРАЦІЯ НА НОВОГО ВЛАСНИКА ЗА ДКП ТА ДОГОВОРОМ КОМІСІЇ, УКЛАДЕНИМИ У СГ",ЛЕГКОВИЙ,246911
2025,308,"ПЕРЕРЕЄСТРАЦІЯ НА НОВОГО ВЛАСНИКА ЗА ДКП ТА ДОГОВОРОМ КОМІСІЇ, УКЛАДЕНИМИ У СГ",МОПЕД,75
2025,308,"ПЕРЕРЕЄСТРАЦІЯ НА НОВОГО ВЛАСНИКА ЗА ДКП ТА ДОГОВОРОМ КОМІСІЇ, УКЛАДЕНИМИ У СГ",МОТОЦИКЛ,3554
2025,308,"ПЕРЕРЕЄСТРАЦІЯ НА НОВОГО ВЛАСНИКА ЗА ДКП ТА ДОГОВОРОМ КОМІСІЇ, УКЛАДЕНИМИ У СГ",НАПІВПРИЧІП,4910
2025,308,"ПЕРЕРЕЄСТРАЦІЯ НА НОВОГО ВЛАСНИКА ЗА ДКП ТА ДОГОВОРОМ КОМІСІЇ, УКЛАДЕНИМИ У СГ",ПРИЧІП,3118
2025,308,"ПЕРЕРЕЄСТРАЦІЯ НА НОВОГО ВЛАСНИКА ЗА ДКП ТА ДОГОВОРОМ КОМІСІЇ, УКЛАДЕНИМИ У СГ",ТРИЦИКЛ,18
2025,310,ПЕРЕРЕЄСТРАЦІЯ НА НОВОГО ВЛАСНИКА ЗА ДОГ. КУП.-ПРОД.ТА ІНШ.(ОФОРМ.НОТАРІАЛЬНО ),АВТОБУС,277
2025,310,ПЕРЕРЕЄСТРАЦІЯ НА НОВОГО ВЛАСНИКА ЗА ДОГ. КУП.-ПРОД.ТА ІНШ.(ОФОРМ.НОТАРІАЛЬНО ),ВАНТАЖНИЙ,1208
2025,310,ПЕРЕРЕЄСТРАЦІЯ НА НОВОГО ВЛАСНИКА ЗА ДОГ. КУП.-ПРОД.ТА ІНШ.(ОФОРМ.НОТАРІАЛЬНО ),ЛЕГКОВИЙ,1662
2025,310,ПЕРЕРЕЄСТРАЦІЯ НА НОВОГО ВЛАСНИКА ЗА ДОГ. КУП.-ПРОД.ТА ІНШ.(ОФОРМ.НОТАРІАЛЬНО ),МОТОЦИКЛ,27
2025,310,ПЕРЕРЕЄСТРАЦІЯ НА НОВОГО ВЛАСНИКА ЗА ДОГ. КУП.-ПРОД.ТА ІНШ.(ОФОРМ.НОТАРІАЛЬНО ),НАПІВПРИЧІП,213
2025,310,ПЕРЕРЕЄСТРАЦІЯ НА НОВОГО ВЛАСНИКА ЗА ДОГ. КУП.-ПРОД.ТА ІНШ.(ОФОРМ.НОТАРІАЛЬНО ),ПРИЧІП,51
2025,310,ПЕРЕРЕЄСТРАЦІЯ НА НОВОГО ВЛАСНИКА ЗА ДОГ. КУП.-ПРОД.ТА ІНШ.(ОФОРМ.НОТАРІАЛЬНО ),ТРИЦИКЛ,1
2025,311,ПЕРЕРЕЄСТРАЦІЯ НА НОВОГО ВЛАСНИКА ЗА ДОГОВОРОМ МІНИ,ВАНТАЖНИЙ,1
2025,311,ПЕРЕРЕЄСТРАЦІЯ НА НОВОГО ВЛАСНИКА ЗА ДОГОВОРОМ МІНИ,ЛЕГКОВИЙ,19
2025,311,ПЕРЕРЕЄСТРАЦІЯ НА НОВОГО ВЛАСНИКА ЗА ДОГОВОРОМ МІНИ,НАПІВПРИЧІП,1
2025,312,"ПЕРЕРЕЄСТРАЦІЯ ТЗ НА НОВОГО ВЛАСНИКА, ОТРИМАНОГО ЧЕРЕЗ ВІДДІЛ СОЦЗАХИСТУ",ЛЕГКОВИЙ,6
2025,313,"ПЕРЕРЕЄСТРАЦІЯ НА НОВОГО ВЛАСНИКА ЗА ДОГ. КУПІВЛІ-ПРОДАЖУ, УКЛАДЕНОГО У СГ НА ТЗ ЗАРЕЄСТРО",АВТОБУС,79
2025,313,"ПЕРЕРЕЄСТРАЦІЯ НА НОВОГО ВЛАСНИКА ЗА ДОГ. КУПІВЛІ-ПРОДАЖУ, УКЛАДЕНОГО У СГ НА ТЗ ЗАРЕЄСТРО",ВАНТАЖНИЙ,265
2025,313,"ПЕРЕРЕЄСТРАЦІЯ НА НОВОГО ВЛАСНИКА ЗА ДОГ. КУПІВЛІ-ПРОДАЖУ, УКЛАДЕНОГО У СГ НА ТЗ ЗАРЕЄСТРО",КВАДРОЦИКЛ,1
2025,313,"ПЕРЕРЕЄСТРАЦІЯ НА НОВОГО ВЛАСНИКА ЗА ДОГ. КУПІВЛІ-ПРОДАЖУ, УКЛАДЕНОГО У СГ НА ТЗ ЗАРЕЄСТРО",ЛЕГКОВИЙ,4883
2025,313,"ПЕРЕРЕЄСТРАЦІЯ НА НОВОГО ВЛАСНИКА ЗА ДОГ. КУПІВЛІ-ПРОДАЖУ, УКЛАДЕНОГО У СГ НА ТЗ ЗАРЕЄСТРО",МОТОЦИКЛ,51
2025,313,"ПЕРЕРЕЄСТРАЦІЯ НА НОВОГО ВЛАСНИКА ЗА ДОГ. КУПІВЛІ-ПРОДАЖУ, УКЛАДЕНОГО У СГ НА ТЗ ЗАРЕЄСТРО",НАПІВПРИЧІП,123
2025,313,"ПЕРЕРЕЄСТРАЦІЯ НА НОВОГО ВЛАСНИКА ЗА ДОГ. КУПІВЛІ-ПРОДАЖУ, УКЛАДЕНОГО У СГ НА ТЗ ЗАРЕЄСТРО",ПРИЧІП,4
2025,314,ПЕРЕРЕЄСТРАЦІЯ ТЗ ІЗ УКЛАДАННЯМ ДОГОВОРУ КУПІВЛІ-ПРОДАЖУ ЧЕРЕЗ ЕЛЕКТРОННІ СЕРВІСИ ТА ЗОВНІ,ЛЕГКОВИЙ,200144
2025,314,ПЕРЕРЕЄСТРАЦІЯ ТЗ ІЗ УКЛАДАННЯМ ДОГОВОРУ КУПІВЛІ-ПРОДАЖУ ЧЕРЕЗ ЕЛЕКТРОННІ СЕРВІСИ ТА ЗОВНІ,МОПЕД,489
2025,314,ПЕРЕРЕЄСТРАЦІЯ ТЗ ІЗ УКЛАДАННЯМ ДОГОВОРУ КУПІВЛІ-ПРОДАЖУ ЧЕРЕЗ ЕЛЕКТРОННІ СЕРВІСИ ТА ЗОВНІ,МОТОЦИКЛ,14197
2025,315,ПЕРЕРЕЄСТРАЦІЯ ТЗ НА НОВ. ВЛАСН. ПО ДОГОВОРУ УКЛАДЕНОМУ В ТСЦ,АВТОБУС,1275
2025,315,ПЕРЕРЕЄСТРАЦІЯ ТЗ НА НОВ. ВЛАСН. ПО ДОГОВОРУ УКЛАДЕНОМУ В ТСЦ,ВАНТАЖНИЙ,16850
2025,315,ПЕРЕРЕЄСТРАЦІЯ ТЗ НА НОВ. ВЛАСН. ПО ДОГОВОРУ УКЛАДЕНОМУ В ТСЦ,КВАДРОЦИКЛ,87
2025,315,ПЕРЕРЕЄСТРАЦІЯ ТЗ НА НОВ. ВЛАСН. ПО ДОГОВОРУ УКЛАДЕНОМУ В ТСЦ,ЛЕГКОВИЙ,441993
2025,315,ПЕРЕРЕЄСТРАЦІЯ ТЗ НА НОВ. ВЛАСН. ПО ДОГОВОРУ УКЛАДЕНОМУ В ТСЦ,МОПЕД,543
2025,315,ПЕРЕРЕЄСТРАЦІЯ ТЗ НА НОВ. ВЛАСН. ПО ДОГОВОРУ УКЛАДЕНОМУ В ТСЦ,МОТОЦИКЛ,11877
2025,315,ПЕРЕРЕЄСТРАЦІЯ ТЗ НА НОВ. ВЛАСН. ПО ДОГОВОРУ УКЛАДЕНОМУ В ТСЦ,НАПІВПРИЧІП,3816
2025,315,ПЕРЕРЕЄСТРАЦІЯ ТЗ НА НОВ. ВЛАСН. ПО ДОГОВОРУ УКЛАДЕНОМУ В ТСЦ,ПРИЧІП,2489
2025,315,ПЕРЕРЕЄСТРАЦІЯ ТЗ НА НОВ. ВЛАСН. ПО ДОГОВОРУ УКЛАДЕНОМУ В ТСЦ,ТРИЦИКЛ,47
2025,316,ПЕРЕРЕЄСТРАЦІЯ ТЗ НА НОВ. ВЛАСН. ПО ДОГОВОРУ МІНИ УКЛАДЕНОМУ В ТСЦ,ЛЕГКОВИЙ,1
2025,317,ПЕРЕРЕЄСТРАЦІЯ ТЗ НА НОВ. ВЛАСН. ПО ДОГОВОРУ ДАРУВАННЯ УКЛАДЕНОМУ В ТСЦ,АВТОБУС,201
2025,317,ПЕРЕРЕЄСТРАЦІЯ ТЗ НА НОВ. ВЛАСН. ПО ДОГОВОРУ ДАРУВАННЯ УКЛАДЕНОМУ В ТСЦ,ВАНТАЖНИЙ,2668
2025,317,ПЕРЕРЕЄСТРАЦІЯ ТЗ НА НОВ. ВЛАСН. ПО ДОГОВОРУ ДАРУВАННЯ УКЛАДЕНОМУ В ТСЦ,КВАДРОЦИКЛ,5
2025,317,ПЕРЕРЕЄСТРАЦІЯ ТЗ НА НОВ. ВЛАСН. ПО ДОГОВОРУ ДАРУВАННЯ УКЛАДЕНОМУ В ТСЦ,ЛЕГКОВИЙ,27457
2025,317,ПЕРЕРЕЄСТРАЦІЯ ТЗ НА НОВ. ВЛАСН. ПО ДОГОВОРУ ДАРУВАННЯ УКЛАДЕНОМУ В ТСЦ,МОПЕД,16
2025,317,ПЕРЕРЕЄСТРАЦІЯ ТЗ НА НОВ. ВЛАСН. ПО ДОГОВОРУ ДАРУВАННЯ УКЛАДЕНОМУ В ТСЦ,МОТОЦИКЛ,546
2025,317,ПЕРЕРЕЄСТРАЦІЯ ТЗ НА НОВ. ВЛАСН. ПО ДОГОВОРУ ДАРУВАННЯ УКЛАДЕНОМУ В ТСЦ,НАПІВПРИЧІП,657
2025,317,ПЕРЕРЕЄСТРАЦІЯ ТЗ НА НОВ. ВЛАСН. ПО ДОГОВОРУ ДАРУВАННЯ УКЛАДЕНОМУ В ТСЦ,ПРИЧІП,461
2025,317,ПЕРЕРЕЄСТРАЦІЯ ТЗ НА НОВ. ВЛАСН. ПО ДОГОВОРУ ДАРУВАННЯ УКЛАДЕНОМУ В ТСЦ,ТРИЦИКЛ,4
2025,319,ПЕРЕРЕЄСТРАЦІЯ ТЗ НА НОВОГО ВЛАСНИКА ЗА АКТОМ ПРИЙОМУ-ПЕРЕДАЧІ,АВТОБУС,355
2025,319,ПЕРЕРЕЄСТРАЦІЯ ТЗ НА НОВОГО ВЛАСНИКА ЗА АКТОМ ПРИЙОМУ-ПЕРЕДАЧІ,ВАНТАЖНИЙ,1165
2025,319,ПЕРЕРЕЄСТРАЦІЯ ТЗ НА НОВОГО ВЛАСНИКА ЗА АКТОМ ПРИЙОМУ-ПЕРЕДАЧІ,ЛЕГКОВИЙ,2456
2025,319,ПЕРЕРЕЄСТРАЦІЯ ТЗ НА НОВОГО ВЛАСНИКА ЗА АКТОМ ПРИЙОМУ-ПЕРЕДАЧІ,МОПЕД,3
2025,319,ПЕРЕРЕЄСТРАЦІЯ ТЗ НА НОВОГО ВЛАСНИКА ЗА АКТОМ ПРИЙОМУ-ПЕРЕДАЧІ,МОТОЦИКЛ,44
2025,319,ПЕРЕРЕЄСТРАЦІЯ ТЗ НА НОВОГО ВЛАСНИКА ЗА АКТОМ ПРИЙОМУ-ПЕРЕДАЧІ,НАПІВПРИЧІП,244
2025,319,ПЕРЕРЕЄСТРАЦІЯ ТЗ НА НОВОГО ВЛАСНИКА ЗА АКТОМ ПРИЙОМУ-ПЕРЕДАЧІ,ПРИЧІП,203
2025,320,ПЕРЕРЕЄСТРАЦIЯ НА НОВ. ВЛАС. ЗА ДОГ. ДАРУВАННЯ (ОФОРМЛЕНО НОТАРІАЛЬНО),АВТОБУС,112
2025,320,ПЕРЕРЕЄСТРАЦIЯ НА НОВ. ВЛАС. ЗА ДОГ. ДАРУВАННЯ (ОФОРМЛЕНО НОТАРІАЛЬНО),ВАНТАЖНИЙ,1284
2025,320,ПЕРЕРЕЄСТРАЦIЯ НА НОВ. ВЛАС. ЗА ДОГ. ДАРУВАННЯ (ОФОРМЛЕНО НОТАРІАЛЬНО),ЛЕГКОВИЙ,3480
2025,320,ПЕРЕРЕЄСТРАЦIЯ НА НОВ. ВЛАС. ЗА ДОГ. ДАРУВАННЯ (ОФОРМЛЕНО НОТАРІАЛЬНО),МОПЕД,1
2025,320,ПЕРЕРЕЄСТРАЦIЯ НА НОВ. ВЛАС. ЗА ДОГ. ДАРУВАННЯ (ОФОРМЛЕНО НОТАРІАЛЬНО),МОТОЦИКЛ,67
2025,320,ПЕРЕРЕЄСТРАЦIЯ НА НОВ. ВЛАС. ЗА ДОГ. ДАРУВАННЯ (ОФОРМЛЕНО НОТАРІАЛЬНО),НАПІВПРИЧІП,299
2025,320,ПЕРЕРЕЄСТРАЦIЯ НА НОВ. ВЛАС. ЗА ДОГ. ДАРУВАННЯ (ОФОРМЛЕНО НОТАРІАЛЬНО),ПРИЧІП,104
2025,320,ПЕРЕРЕЄСТРАЦIЯ НА НОВ. ВЛАС. ЗА ДОГ. ДАРУВАННЯ (ОФОРМЛЕНО НОТАРІАЛЬНО),ТРИЦИКЛ,1
2025,321,"ПЕРЕРЕЄСТРАЦIЯ ТЗ НА НОВ. ВЛАС. ПО УСПАДКУВАННЮ ЗА ЗАКОНОМ, ЗАПОВIТОМ ЧИ УСПАДКОВАНОМУ ДОГ",АВТОБУС,116
2025,321,"ПЕРЕРЕЄСТРАЦIЯ ТЗ НА НОВ. ВЛАС. ПО УСПАДКУВАННЮ ЗА ЗАКОНОМ, ЗАПОВIТОМ ЧИ УСПАДКОВАНОМУ ДОГ",ВАНТАЖНИЙ,1547
2025,321,"ПЕРЕРЕЄСТРАЦIЯ ТЗ НА НОВ. ВЛАС. ПО УСПАДКУВАННЮ ЗА ЗАКОНОМ, ЗАПОВIТОМ ЧИ УСПАДКОВАНОМУ ДОГ",КВАДРОЦИКЛ,1
2025,321,"ПЕРЕРЕЄСТРАЦIЯ ТЗ НА НОВ. ВЛАС. ПО УСПАДКУВАННЮ ЗА ЗАКОНОМ, ЗАПОВIТОМ ЧИ УСПАДКОВАНОМУ ДОГ",ЛЕГКОВИЙ,18106
2025,321,"ПЕРЕРЕЄСТРАЦIЯ ТЗ НА НОВ. ВЛАС. ПО УСПАДКУВАННЮ ЗА ЗАКОНОМ, ЗАПОВIТОМ ЧИ УСПАДКОВАНОМУ ДОГ",МОПЕД,54
2025,321,"ПЕРЕРЕЄСТРАЦIЯ ТЗ НА НОВ. ВЛАС. ПО УСПАДКУВАННЮ ЗА ЗАКОНОМ, ЗАПОВIТОМ ЧИ УСПАДКОВАНОМУ ДОГ",МОТОЦИКЛ,440
2025,321,"ПЕРЕРЕЄСТРАЦIЯ ТЗ НА НОВ. ВЛАС. ПО УСПАДКУВАННЮ ЗА ЗАКОНОМ, ЗАПОВIТОМ ЧИ УСПАДКОВАНОМУ ДОГ",НАПІВПРИЧІП,157
2025,321,"ПЕРЕРЕЄСТРАЦIЯ ТЗ НА НОВ. ВЛАС. ПО УСПАДКУВАННЮ ЗА ЗАКОНОМ, ЗАПОВIТОМ ЧИ УСПАДКОВАНОМУ ДОГ",ПРИЧІП,1244
2025,321,"ПЕРЕРЕЄСТРАЦIЯ ТЗ НА НОВ. ВЛАС. ПО УСПАДКУВАННЮ ЗА ЗАКОНОМ, ЗАПОВIТОМ ЧИ УСПАДКОВАНОМУ ДОГ",ТРИЦИКЛ,1
2025,322,ПЕРЕРЕЄСТРАЦIЯ ТЗ НА НОВ. ВЛАС. ПО УСПАДКУВАННЮ ЗА ЗАКОНОМ ЧИ ЗНЯТТЯМ З ОБЛІКУ В ОРГАНАХ С,АВТОБУС,34
2025,322,ПЕРЕРЕЄСТРАЦIЯ ТЗ НА НОВ. ВЛАС. ПО УСПАДКУВАННЮ ЗА ЗАКОНОМ ЧИ ЗНЯТТЯМ З ОБЛІКУ В ОРГАНАХ С,ВАНТАЖНИЙ,503
2025,322,ПЕРЕРЕЄСТРАЦIЯ ТЗ НА НОВ. ВЛАС. ПО УСПАДКУВАННЮ ЗА ЗАКОНОМ ЧИ ЗНЯТТЯМ З ОБЛІКУ В ОРГАНАХ С,КВАДРОЦИКЛ,2
2025,322,ПЕРЕРЕЄСТРАЦIЯ ТЗ НА НОВ. ВЛАС. ПО УСПАДКУВАННЮ ЗА ЗАКОНОМ ЧИ ЗНЯТТЯМ З ОБЛІКУ В ОРГАНАХ С,ЛЕГКОВИЙ,6900
2025,322,ПЕРЕРЕЄСТРАЦIЯ ТЗ НА НОВ. ВЛАС. ПО УСПАДКУВАННЮ ЗА ЗАКОНОМ ЧИ ЗНЯТТЯМ З ОБЛІКУ В ОРГАНАХ С,МОПЕД,61
2025,322,ПЕРЕРЕЄСТРАЦIЯ ТЗ НА НОВ. ВЛАС. ПО УСПАДКУВАННЮ ЗА ЗАКОНОМ ЧИ ЗНЯТТЯМ З ОБЛІКУ В ОРГАНАХ С,МОТОЦИКЛ,173
2025,322,ПЕРЕРЕЄСТРАЦIЯ ТЗ НА НОВ. ВЛАС. ПО УСПАДКУВАННЮ ЗА ЗАКОНОМ ЧИ ЗНЯТТЯМ З ОБЛІКУ В ОРГАНАХ С,НАПІВПРИЧІП,38
2025,322,ПЕРЕРЕЄСТРАЦIЯ ТЗ НА НОВ. ВЛАС. ПО УСПАДКУВАННЮ ЗА ЗАКОНОМ ЧИ ЗНЯТТЯМ З ОБЛІКУ В ОРГАНАХ С,ПРИЧІП,440
2025,322,ПЕРЕРЕЄСТРАЦIЯ ТЗ НА НОВ. ВЛАС. ПО УСПАДКУВАННЮ ЗА ЗАКОНОМ ЧИ ЗНЯТТЯМ З ОБЛІКУ В ОРГАНАХ С,ТРИЦИКЛ,1
2025,324,"ПЕРЕРЕЄСТРАЦІЯ ТЗ НА НОВОГО ВЛАСНИКА (СТРАХОВИКА), ПІСЛЯ ВИПЛАТИ СТРАХУВАЛЬНИКАМ ПОВНОЇ СТ",ЛЕГКОВИЙ,6
2025,329,ПЕРЕРЕЄСТРАЦІЯ ТЗ НА НОВОГО ВЛАСНИКА ЗА ДОГОВОРОМ ФІНАНСОВОГО ЛІЗИНГУ ТА ДКП ПРЕДМЕТА ЛІЗИ,АВТОБУС,79
2025,329,ПЕРЕРЕЄСТРАЦІЯ ТЗ НА НОВОГО ВЛАСНИКА ЗА ДОГОВОРОМ ФІНАНСОВОГО ЛІЗИНГУ ТА ДКП ПРЕДМЕТА ЛІЗИ,ВАНТАЖНИЙ,2123
2025,329,ПЕРЕРЕЄСТРАЦІЯ ТЗ НА НОВОГО ВЛАСНИКА ЗА ДОГОВОРОМ ФІНАНСОВОГО ЛІЗИНГУ ТА ДКП ПРЕДМЕТА ЛІЗИ,ЛЕГКОВИЙ,6390
2025,329,ПЕРЕРЕЄСТРАЦІЯ ТЗ НА НОВОГО ВЛАСНИКА ЗА ДОГОВОРОМ ФІНАНСОВОГО ЛІЗИНГУ ТА ДКП ПРЕДМЕТА ЛІЗИ,МОТОЦИКЛ,5
2025,329,ПЕРЕРЕЄСТРАЦІЯ ТЗ НА НОВОГО ВЛАСНИКА ЗА ДОГОВОРОМ ФІНАНСОВОГО ЛІЗИНГУ ТА ДКП ПРЕДМЕТА ЛІЗИ,НАПІВПРИЧІП,475
2025,329,ПЕРЕРЕЄСТРАЦІЯ ТЗ НА НОВОГО ВЛАСНИКА ЗА ДОГОВОРОМ ФІНАНСОВОГО ЛІЗИНГУ ТА ДКП ПРЕДМЕТА ЛІЗИ,ПРИЧІП,18
2025,330,ПЕРЕРЕЄСТРАЦIЯ НА НОВОГО ВЛАСНИКА ЗА РIШЕННЯМ СУДУ,АВТОБУС,2
2025,330,ПЕРЕРЕЄСТРАЦIЯ НА НОВОГО ВЛАСНИКА ЗА РIШЕННЯМ СУДУ,ВАНТАЖНИЙ,80
2025,330,ПЕРЕРЕЄСТРАЦIЯ НА НОВОГО ВЛАСНИКА ЗА РIШЕННЯМ СУДУ,КВАДРОЦИКЛ,1
2025,330,ПЕРЕРЕЄСТРАЦIЯ НА НОВОГО ВЛАСНИКА ЗА РIШЕННЯМ СУДУ,ЛЕГКОВИЙ,433
2025,330,ПЕРЕРЕЄСТРАЦIЯ НА НОВОГО ВЛАСНИКА ЗА РIШЕННЯМ СУДУ,МОПЕД,1
2025,330,ПЕРЕРЕЄСТРАЦIЯ НА НОВОГО ВЛАСНИКА ЗА РIШЕННЯМ СУДУ,МОТОЦИКЛ,10
2025,330,ПЕРЕРЕЄСТРАЦIЯ НА НОВОГО ВЛАСНИКА ЗА РIШЕННЯМ СУДУ,НАПІВПРИЧІП,14
2025,330,ПЕРЕРЕЄСТРАЦIЯ НА НОВОГО ВЛАСНИКА ЗА РIШЕННЯМ СУДУ,ПРИЧІП,22
2025,330,ПЕРЕРЕЄСТРАЦIЯ НА НОВОГО ВЛАСНИКА ЗА РIШЕННЯМ СУДУ,ТРИЦИКЛ,1
2025,331,"ПЕРЕРЕЄСТРАЦІЯ НА НОВОГО ВЛАСНИКА ТЗ, ПРИДБАНОГО НА АУКЦІОНІ, ЕЛЕКТРОННИХ ТОРГАХ, ТОВАРНІЙ",АВТОБУС,11
2025,331,"ПЕРЕРЕЄСТРАЦІЯ НА НОВОГО ВЛАСНИКА ТЗ, ПРИДБАНОГО НА АУКЦІОНІ, ЕЛЕКТРОННИХ ТОРГАХ, ТОВАРНІЙ",ВАНТАЖНИЙ,182
2025,331,"ПЕРЕРЕЄСТРАЦІЯ НА НОВОГО ВЛАСНИКА ТЗ, ПРИДБАНОГО НА АУКЦІОНІ, ЕЛЕКТРОННИХ ТОРГАХ, ТОВАРНІЙ",ЛЕГКОВИЙ,628
2025,331,"ПЕРЕРЕЄСТРАЦІЯ НА НОВОГО ВЛАСНИКА ТЗ, ПРИДБАНОГО НА АУКЦІОНІ, ЕЛЕКТРОННИХ ТОРГАХ, ТОВАРНІЙ",МОПЕД,2
2025,331,"ПЕРЕРЕЄСТРАЦІЯ НА НОВОГО ВЛАСНИКА ТЗ, ПРИДБАНОГО НА АУКЦІОНІ, ЕЛЕКТРОННИХ ТОРГАХ, ТОВАРНІЙ",МОТОЦИКЛ,6
2025,331,"ПЕРЕРЕЄСТРАЦІЯ НА НОВОГО ВЛАСНИКА ТЗ, ПРИДБАНОГО НА АУКЦІОНІ, ЕЛЕКТРОННИХ ТОРГАХ, ТОВАРНІЙ",НАПІВПРИЧІП,16
2025,331,"ПЕРЕРЕЄСТРАЦІЯ НА НОВОГО ВЛАСНИКА ТЗ, ПРИДБАНОГО НА АУКЦІОНІ, ЕЛЕКТРОННИХ ТОРГАХ, ТОВАРНІЙ",ПРИЧІП,27
2025,332,ПЕРЕРЕЄСТРАЦІЯ ТЗ НА НОВОГО ВЛАСНИКА ЗА ПОСТАНОВОЮ ПРО ПЕРЕДАЧУ МАЙНА,ВАНТАЖНИЙ,11
2025,332,ПЕРЕРЕЄСТРАЦІЯ ТЗ НА НОВОГО ВЛАСНИКА ЗА ПОСТАНОВОЮ ПРО ПЕРЕДАЧУ МАЙНА,ЛЕГКОВИЙ,19
2025,332,ПЕРЕРЕЄСТРАЦІЯ ТЗ НА НОВОГО ВЛАСНИКА ЗА ПОСТАНОВОЮ ПРО ПЕРЕДАЧУ МАЙНА,НАПІВПРИЧІП,1
2025,332,ПЕРЕРЕЄСТРАЦІЯ ТЗ НА НОВОГО ВЛАСНИКА ЗА ПОСТАНОВОЮ ПРО ПЕРЕДАЧУ МАЙНА,ПРИЧІП,1
2025,340,ПЕРЕРЕЄСТРАЦIЯ У ЗВ`ЯЗКУ ЗI ЗМIНОЮ АНКЕТНИХ ДАНИХ ВЛАСНИКА(БЕЗ ЗМІНИ РЕГІОНУ РЕЄСТРАЦІЇ),АВТОБУС,87
2025,340,ПЕРЕРЕЄСТРАЦIЯ У ЗВ`ЯЗКУ ЗI ЗМIНОЮ АНКЕТНИХ ДАНИХ ВЛАСНИКА(БЕЗ ЗМІНИ РЕГІОНУ РЕЄСТРАЦІЇ),ВАНТАЖНИЙ,1320
2025,340,ПЕРЕРЕЄСТРАЦIЯ У ЗВ`ЯЗКУ ЗI ЗМIНОЮ АНКЕТНИХ ДАНИХ ВЛАСНИКА(БЕЗ ЗМІНИ РЕГІОНУ РЕЄСТРАЦІЇ),ЛЕГКОВИЙ,15685
2025,340,ПЕРЕРЕЄСТРАЦIЯ У ЗВ`ЯЗКУ ЗI ЗМIНОЮ АНКЕТНИХ ДАНИХ ВЛАСНИКА(БЕЗ ЗМІНИ РЕГІОНУ РЕЄСТРАЦІЇ),МОПЕД,39
2025,340,ПЕРЕРЕЄСТРАЦIЯ У ЗВ`ЯЗКУ ЗI ЗМIНОЮ АНКЕТНИХ ДАНИХ ВЛАСНИКА(БЕЗ ЗМІНИ РЕГІОНУ РЕЄСТРАЦІЇ),МОТОЦИКЛ,236
2025,340,ПЕРЕРЕЄСТРАЦIЯ У ЗВ`ЯЗКУ ЗI ЗМIНОЮ АНКЕТНИХ ДАНИХ ВЛАСНИКА(БЕЗ ЗМІНИ РЕГІОНУ РЕЄСТРАЦІЇ),НАПІВПРИЧІП,414
2025,340,ПЕРЕРЕЄСТРАЦIЯ У ЗВ`ЯЗКУ ЗI ЗМIНОЮ АНКЕТНИХ ДАНИХ ВЛАСНИКА(БЕЗ ЗМІНИ РЕГІОНУ РЕЄСТРАЦІЇ),ПРИЧІП,149
2025,340,ПЕРЕРЕЄСТРАЦIЯ У ЗВ`ЯЗКУ ЗI ЗМIНОЮ АНКЕТНИХ ДАНИХ ВЛАСНИКА(БЕЗ ЗМІНИ РЕГІОНУ РЕЄСТРАЦІЇ),ТРИЦИКЛ,2
2025,341,ПЕРЕРЕЄСТРАЦІЯ РАНІШЕ ВИКРАДЕНОГО ТЗ,ЛЕГКОВИЙ,3
2025,343,ПЕРЕРЕЄСТРАЦІЯ У ЗВ'ЯЗКУ ІЗ ЗМІНОЮ ДАНИХ ВЛАСНИКА АБО ТЗ (ТЗ  ОТРИМАНО ЧЕРЕЗ ВІДДІЛ СОЦЗАХ,ЛЕГКОВИЙ,7
2025,350,ПЕРЕРЕЄСТРАЦIЯ У ЗВ`ЯЗКУ ЗI ЗМIНОЮ НАЗВИ ОРГАНIЗАЦIЇ,АВТОБУС,199
2025,350,ПЕРЕРЕЄСТРАЦIЯ У ЗВ`ЯЗКУ ЗI ЗМIНОЮ НАЗВИ ОРГАНIЗАЦIЇ,ВАНТАЖНИЙ,932
2025,350,ПЕРЕРЕЄСТРАЦIЯ У ЗВ`ЯЗКУ ЗI ЗМIНОЮ НАЗВИ ОРГАНIЗАЦIЇ,ЛЕГКОВИЙ,1118
2025,350,ПЕРЕРЕЄСТРАЦIЯ У ЗВ`ЯЗКУ ЗI ЗМIНОЮ НАЗВИ ОРГАНIЗАЦIЇ,МОПЕД,4
2025,350,ПЕРЕРЕЄСТРАЦIЯ У ЗВ`ЯЗКУ ЗI ЗМIНОЮ НАЗВИ ОРГАНIЗАЦIЇ,МОТОЦИКЛ,5
2025,350,ПЕРЕРЕЄСТРАЦIЯ У ЗВ`ЯЗКУ ЗI ЗМIНОЮ НАЗВИ ОРГАНIЗАЦIЇ,НАПІВПРИЧІП,288
2025,350,ПЕРЕРЕЄСТРАЦIЯ У ЗВ`ЯЗКУ ЗI ЗМIНОЮ НАЗВИ ОРГАНIЗАЦIЇ,ПРИЧІП,92
2025,360,ПЕРЕРЕЄСТРАЦІЯ ТЗ У ЗВ`ЯЗКУ ЗІ ЗМІНОЮ АНКЕТНИХ ДАНИХ ВЛАСНИКА (З ЗМІНОЮ РЕГІОНУ РЕЄСТРАЦІЇ,АВТОБУС,23
2025,360,ПЕРЕРЕЄСТРАЦІЯ ТЗ У ЗВ`ЯЗКУ ЗІ ЗМІНОЮ АНКЕТНИХ ДАНИХ ВЛАСНИКА (З ЗМІНОЮ РЕГІОНУ РЕЄСТРАЦІЇ,ВАНТАЖНИЙ,294
2025,360,ПЕРЕРЕЄСТРАЦІЯ ТЗ У ЗВ`ЯЗКУ ЗІ ЗМІНОЮ АНКЕТНИХ ДАНИХ ВЛАСНИКА (З ЗМІНОЮ РЕГІОНУ РЕЄСТРАЦІЇ,ЛЕГКОВИЙ,2631
2025,360,ПЕРЕРЕЄСТРАЦІЯ ТЗ У ЗВ`ЯЗКУ ЗІ ЗМІНОЮ АНКЕТНИХ ДАНИХ ВЛАСНИКА (З ЗМІНОЮ РЕГІОНУ РЕЄСТРАЦІЇ,МОПЕД,2
2025,360,ПЕРЕРЕЄСТРАЦІЯ ТЗ У ЗВ`ЯЗКУ ЗІ ЗМІНОЮ АНКЕТНИХ ДАНИХ ВЛАСНИКА (З ЗМІНОЮ РЕГІОНУ РЕЄСТРАЦІЇ,МОТОЦИКЛ,44
2025,360,ПЕРЕРЕЄСТРАЦІЯ ТЗ У ЗВ`ЯЗКУ ЗІ ЗМІНОЮ АНКЕТНИХ ДАНИХ ВЛАСНИКА (З ЗМІНОЮ РЕГІОНУ РЕЄСТРАЦІЇ,НАПІВПРИЧІП,72
2025,360,ПЕРЕРЕЄСТРАЦІЯ ТЗ У ЗВ`ЯЗКУ ЗІ ЗМІНОЮ АНКЕТНИХ ДАНИХ ВЛАСНИКА (З ЗМІНОЮ РЕГІОНУ РЕЄСТРАЦІЇ,ПРИЧІП,68
2025,363,ПЕРЕРЕЄСТРАЦІЯ ТЗ НА НОВОГО ВЛАСНИКА У ЗВ`ЯЗКУ З ПЕРЕДАЧЕЮ ДО СТАТУТНОГО ФОНДУ,АВТОБУС,22
2025,363,ПЕРЕРЕЄСТРАЦІЯ ТЗ НА НОВОГО ВЛАСНИКА У ЗВ`ЯЗКУ З ПЕРЕДАЧЕЮ ДО СТАТУТНОГО ФОНДУ,ВАНТАЖНИЙ,844
2025,363,ПЕРЕРЕЄСТРАЦІЯ ТЗ НА НОВОГО ВЛАСНИКА У ЗВ`ЯЗКУ З ПЕРЕДАЧЕЮ ДО СТАТУТНОГО ФОНДУ,ЛЕГКОВИЙ,415
2025,363,ПЕРЕРЕЄСТРАЦІЯ ТЗ НА НОВОГО ВЛАСНИКА У ЗВ`ЯЗКУ З ПЕРЕДАЧЕЮ ДО СТАТУТНОГО ФОНДУ,МОТОЦИКЛ,1
2025,363,ПЕРЕРЕЄСТРАЦІЯ ТЗ НА НОВОГО ВЛАСНИКА У ЗВ`ЯЗКУ З ПЕРЕДАЧЕЮ ДО СТАТУТНОГО ФОНДУ,НАПІВПРИЧІП,497
2025,363,ПЕРЕРЕЄСТРАЦІЯ ТЗ НА НОВОГО ВЛАСНИКА У ЗВ`ЯЗКУ З ПЕРЕДАЧЕЮ ДО СТАТУТНОГО ФОНДУ,ПРИЧІП,62
2025,364,ПЕРЕРЕЄСТРАЦІЯ ТЗ НА НОВОГО ВЛАСНИКА В ЗВЯЗКУ ІЗ ВИВЕДЕННЯМ ІЗ СТАТУТНОГО ФОНДУ,АВТОБУС,14
2025,364,ПЕРЕРЕЄСТРАЦІЯ ТЗ НА НОВОГО ВЛАСНИКА В ЗВЯЗКУ ІЗ ВИВЕДЕННЯМ ІЗ СТАТУТНОГО ФОНДУ,ВАНТАЖНИЙ,7
2025,364,ПЕРЕРЕЄСТРАЦІЯ ТЗ НА НОВОГО ВЛАСНИКА В ЗВЯЗКУ ІЗ ВИВЕДЕННЯМ ІЗ СТАТУТНОГО ФОНДУ,ЛЕГКОВИЙ,7
2025,364,ПЕРЕРЕЄСТРАЦІЯ ТЗ НА НОВОГО ВЛАСНИКА В ЗВЯЗКУ ІЗ ВИВЕДЕННЯМ ІЗ СТАТУТНОГО ФОНДУ,НАПІВПРИЧІП,3
2025,364,ПЕРЕРЕЄСТРАЦІЯ ТЗ НА НОВОГО ВЛАСНИКА В ЗВЯЗКУ ІЗ ВИВЕДЕННЯМ ІЗ СТАТУТНОГО ФОНДУ,ПРИЧІП,2
2025,376,ПЕРЕРЕЄСТРАЦІЯ Б/В ЗВЯЗКУ ІЗ ЗМІНОЮ АНКЕТНИХ ДАНИХ ВЛАСНИКА АБО ТЗ ВВЕЗЕНОГО ПО ДЕКЛАРАЦІЇ,АВТОБУС,1
2025,380,"ПЕРЕРЕЄСТРАЦІЯ У ЗВ`ЯЗКУ З ЗАМІНОЮ КУЗОВА (ШАСІ), БЕЗ ЗДІЙСНЕННЯ ПЕРЕОБЛАДНАННЯ ТЗ",ВАНТАЖНИЙ,1
2025,390,ПЕРЕРЕЄСТРАЦIЯ У ЗВ`ЯЗКУ ЗI ЗМIНОЮ КОЛЬОРУ ТЗ,АВТОБУС,215
2025,390,ПЕРЕРЕЄСТРАЦIЯ У ЗВ`ЯЗКУ ЗI ЗМIНОЮ КОЛЬОРУ ТЗ,ВАНТАЖНИЙ,597
2025,390,ПЕРЕРЕЄСТРАЦIЯ У ЗВ`ЯЗКУ ЗI ЗМIНОЮ КОЛЬОРУ ТЗ,ЛЕГКОВИЙ,1931
2025,390,ПЕРЕРЕЄСТРАЦIЯ У ЗВ`ЯЗКУ ЗI ЗМIНОЮ КОЛЬОРУ ТЗ,МОПЕД,3
2025,390,ПЕРЕРЕЄСТРАЦIЯ У ЗВ`ЯЗКУ ЗI ЗМIНОЮ КОЛЬОРУ ТЗ,МОТОЦИКЛ,165
2025,390,ПЕРЕРЕЄСТРАЦIЯ У ЗВ`ЯЗКУ ЗI ЗМIНОЮ КОЛЬОРУ ТЗ,НАПІВПРИЧІП,138
2025,390,ПЕРЕРЕЄСТРАЦIЯ У ЗВ`ЯЗКУ ЗI ЗМIНОЮ КОЛЬОРУ ТЗ,ПРИЧІП,54
2025,390,ПЕРЕРЕЄСТРАЦIЯ У ЗВ`ЯЗКУ ЗI ЗМIНОЮ КОЛЬОРУ ТЗ,ТРИЦИКЛ,1
2025,400,ПЕРЕРЕЄСТРАЦIЯ ПРИ ПЕРЕОБЛАДНАННI ДЛЯ РОБОТИ НА ГАЗОВОМУ ПАЛЬНОМУ,АВТОБУС,8
2025,400,ПЕРЕРЕЄСТРАЦIЯ ПРИ ПЕРЕОБЛАДНАННI ДЛЯ РОБОТИ НА ГАЗОВОМУ ПАЛЬНОМУ,ВАНТАЖНИЙ,257
2025,400,ПЕРЕРЕЄСТРАЦIЯ ПРИ ПЕРЕОБЛАДНАННI ДЛЯ РОБОТИ НА ГАЗОВОМУ ПАЛЬНОМУ,ЛЕГКОВИЙ,12301
2025,401,ПЕРЕРЕЄСТРАЦІЯ ТЗ ПРИ ПЕРЕОБЛ.І ІЗ ЗАМ.КУЗОВА(ШАСІ) ЗА ПОГОДЖЕННЯМ,АВТОБУС,1
2025,401,ПЕРЕРЕЄСТРАЦІЯ ТЗ ПРИ ПЕРЕОБЛ.І ІЗ ЗАМ.КУЗОВА(ШАСІ) ЗА ПОГОДЖЕННЯМ,ВАНТАЖНИЙ,139
2025,401,ПЕРЕРЕЄСТРАЦІЯ ТЗ ПРИ ПЕРЕОБЛ.І ІЗ ЗАМ.КУЗОВА(ШАСІ) ЗА ПОГОДЖЕННЯМ,ЛЕГКОВИЙ,2
2025,402,"ПЕРЕРЕЄСТРАЦІЯ ТЗ ПРИ ПЕРЕОБЛI.(ЗАМІНА ТИПУ, ПОТУЖ. ДВИГ.)ЗА ПОГОДЖЕННЯМ",АВТОБУС,38
2025,402,"ПЕРЕРЕЄСТРАЦІЯ ТЗ ПРИ ПЕРЕОБЛI.(ЗАМІНА ТИПУ, ПОТУЖ. ДВИГ.)ЗА ПОГОДЖЕННЯМ",ВАНТАЖНИЙ,1034
2025,402,"ПЕРЕРЕЄСТРАЦІЯ ТЗ ПРИ ПЕРЕОБЛI.(ЗАМІНА ТИПУ, ПОТУЖ. ДВИГ.)ЗА ПОГОДЖЕННЯМ",ЛЕГКОВИЙ,377
2025,402,"ПЕРЕРЕЄСТРАЦІЯ ТЗ ПРИ ПЕРЕОБЛI.(ЗАМІНА ТИПУ, ПОТУЖ. ДВИГ.)ЗА ПОГОДЖЕННЯМ",МОТОЦИКЛ,2
2025,402,"ПЕРЕРЕЄСТРАЦІЯ ТЗ ПРИ ПЕРЕОБЛI.(ЗАМІНА ТИПУ, ПОТУЖ. ДВИГ.)ЗА ПОГОДЖЕННЯМ",НАПІВПРИЧІП,1
2025,403,ПЕРЕРЕЄСТРАЦІЯ ПРИ ПЕРЕОБЛ.(ЗАМІНА КУЗОВА (ШАСІ)) ТА ДВИГУНА ЗА ПОГОДЖ.,АВТОБУС,7
2025,403,ПЕРЕРЕЄСТРАЦІЯ ПРИ ПЕРЕОБЛ.(ЗАМІНА КУЗОВА (ШАСІ)) ТА ДВИГУНА ЗА ПОГОДЖ.,ВАНТАЖНИЙ,265
2025,403,ПЕРЕРЕЄСТРАЦІЯ ПРИ ПЕРЕОБЛ.(ЗАМІНА КУЗОВА (ШАСІ)) ТА ДВИГУНА ЗА ПОГОДЖ.,ЛЕГКОВИЙ,57
2025,403,ПЕРЕРЕЄСТРАЦІЯ ПРИ ПЕРЕОБЛ.(ЗАМІНА КУЗОВА (ШАСІ)) ТА ДВИГУНА ЗА ПОГОДЖ.,МОТОЦИКЛ,1
2025,404,"ПЕРЕРЕЄСТРАЦІЯ ТЗ, В ЗВ’ЯЗКУ ІЗ НАНЕСЕННЯ СПЕЦІАЛЬНИХ ІНДИВІДУАЛЬНИХ НОМЕРІВ АБО ДУБЛЮВАНН",АВТОБУС,98
2025,404,"ПЕРЕРЕЄСТРАЦІЯ ТЗ, В ЗВ’ЯЗКУ ІЗ НАНЕСЕННЯ СПЕЦІАЛЬНИХ ІНДИВІДУАЛЬНИХ НОМЕРІВ АБО ДУБЛЮВАНН",ВАНТАЖНИЙ,151
2025,404,"ПЕРЕРЕЄСТРАЦІЯ ТЗ, В ЗВ’ЯЗКУ ІЗ НАНЕСЕННЯ СПЕЦІАЛЬНИХ ІНДИВІДУАЛЬНИХ НОМЕРІВ АБО ДУБЛЮВАНН",ЛЕГКОВИЙ,478
2025,404,"ПЕРЕРЕЄСТРАЦІЯ ТЗ, В ЗВ’ЯЗКУ ІЗ НАНЕСЕННЯ СПЕЦІАЛЬНИХ ІНДИВІДУАЛЬНИХ НОМЕРІВ АБО ДУБЛЮВАНН",НАПІВПРИЧІП,3
2025,405,"ПЕРЕРЕЄСТРАЦІЯ ТЗ, В ЗВ’ЯЗКУ ІЗ НАНЕСЕННЯ СПЕЦІАЛЬНИХ ІНДИВІДУАЛЬНИХ НОМЕРІВ АБО ДУБЛЮВАНН",АВТОБУС,6
2025,405,"ПЕРЕРЕЄСТРАЦІЯ ТЗ, В ЗВ’ЯЗКУ ІЗ НАНЕСЕННЯ СПЕЦІАЛЬНИХ ІНДИВІДУАЛЬНИХ НОМЕРІВ АБО ДУБЛЮВАНН",ВАНТАЖНИЙ,488
2025,405,"ПЕРЕРЕЄСТРАЦІЯ ТЗ, В ЗВ’ЯЗКУ ІЗ НАНЕСЕННЯ СПЕЦІАЛЬНИХ ІНДИВІДУАЛЬНИХ НОМЕРІВ АБО ДУБЛЮВАНН",ЛЕГКОВИЙ,44
2025,405,"ПЕРЕРЕЄСТРАЦІЯ ТЗ, В ЗВ’ЯЗКУ ІЗ НАНЕСЕННЯ СПЕЦІАЛЬНИХ ІНДИВІДУАЛЬНИХ НОМЕРІВ АБО ДУБЛЮВАНН",МОТОЦИКЛ,13
2025,405,"ПЕРЕРЕЄСТРАЦІЯ ТЗ, В ЗВ’ЯЗКУ ІЗ НАНЕСЕННЯ СПЕЦІАЛЬНИХ ІНДИВІДУАЛЬНИХ НОМЕРІВ АБО ДУБЛЮВАНН",НАПІВПРИЧІП,166
2025,405,"ПЕРЕРЕЄСТРАЦІЯ ТЗ, В ЗВ’ЯЗКУ ІЗ НАНЕСЕННЯ СПЕЦІАЛЬНИХ ІНДИВІДУАЛЬНИХ НОМЕРІВ АБО ДУБЛЮВАНН",ПРИЧІП,27
2025,405,"ПЕРЕРЕЄСТРАЦІЯ ТЗ, В ЗВ’ЯЗКУ ІЗ НАНЕСЕННЯ СПЕЦІАЛЬНИХ ІНДИВІДУАЛЬНИХ НОМЕРІВ АБО ДУБЛЮВАНН",ТРИЦИКЛ,1
2025,407,ПЕРЕРЕЄСТРАЦІЯ У ЗВ’ЯЗКУ З ВСТАНОВЛ. СССП АВТОЖОВТОГО КОЛЬОРУ НА ТЗ РЕАГУВАННЯ СОД,ВАНТАЖНИЙ,2
2025,407,ПЕРЕРЕЄСТРАЦІЯ У ЗВ’ЯЗКУ З ВСТАНОВЛ. СССП АВТОЖОВТОГО КОЛЬОРУ НА ТЗ РЕАГУВАННЯ СОД,ЛЕГКОВИЙ,130
2025,407,ПЕРЕРЕЄСТРАЦІЯ У ЗВ’ЯЗКУ З ВСТАНОВЛ. СССП АВТОЖОВТОГО КОЛЬОРУ НА ТЗ РЕАГУВАННЯ СОД,МОТОЦИКЛ,2
2025,408,ПЕРЕРЕЄСТРАЦІЯ ПРИ ПЕРЕОБЛАДНАННІ БЕЗ ЗАМІНИ НОМЕРНИХ АГРЕГАТІВ,АВТОБУС,136
2025,408,ПЕРЕРЕЄСТРАЦІЯ ПРИ ПЕРЕОБЛАДНАННІ БЕЗ ЗАМІНИ НОМЕРНИХ АГРЕГАТІВ,ВАНТАЖНИЙ,6743
2025,408,ПЕРЕРЕЄСТРАЦІЯ ПРИ ПЕРЕОБЛАДНАННІ БЕЗ ЗАМІНИ НОМЕРНИХ АГРЕГАТІВ,ЛЕГКОВИЙ,4999
2025,408,ПЕРЕРЕЄСТРАЦІЯ ПРИ ПЕРЕОБЛАДНАННІ БЕЗ ЗАМІНИ НОМЕРНИХ АГРЕГАТІВ,МОТОЦИКЛ,1
2025,408,ПЕРЕРЕЄСТРАЦІЯ ПРИ ПЕРЕОБЛАДНАННІ БЕЗ ЗАМІНИ НОМЕРНИХ АГРЕГАТІВ,НАПІВПРИЧІП,1163
2025,408,ПЕРЕРЕЄСТРАЦІЯ ПРИ ПЕРЕОБЛАДНАННІ БЕЗ ЗАМІНИ НОМЕРНИХ АГРЕГАТІВ,ПРИЧІП,247
2025,408,ПЕРЕРЕЄСТРАЦІЯ ПРИ ПЕРЕОБЛАДНАННІ БЕЗ ЗАМІНИ НОМЕРНИХ АГРЕГАТІВ,ТРИЦИКЛ,1
2025,410,ПЕРЕРЕЄСТРАЦІЯ ПРИ ЗАМІНІ НОМЕРНОГО ЗНАКУ,АВТОБУС,562
2025,410,ПЕРЕРЕЄСТРАЦІЯ ПРИ ЗАМІНІ НОМЕРНОГО ЗНАКУ,ВАНТАЖНИЙ,4929
2025,410,ПЕРЕРЕЄСТРАЦІЯ ПРИ ЗАМІНІ НОМЕРНОГО ЗНАКУ,КВАДРОЦИКЛ,4
2025,410,ПЕРЕРЕЄСТРАЦІЯ ПРИ ЗАМІНІ НОМЕРНОГО ЗНАКУ,ЛЕГКОВИЙ,54583
2025,410,ПЕРЕРЕЄСТРАЦІЯ ПРИ ЗАМІНІ НОМЕРНОГО ЗНАКУ,МОПЕД,20
2025,410,ПЕРЕРЕЄСТРАЦІЯ ПРИ ЗАМІНІ НОМЕРНОГО ЗНАКУ,МОТОЦИКЛ,526
2025,410,ПЕРЕРЕЄСТРАЦІЯ ПРИ ЗАМІНІ НОМЕРНОГО ЗНАКУ,НАПІВПРИЧІП,417
2025,410,ПЕРЕРЕЄСТРАЦІЯ ПРИ ЗАМІНІ НОМЕРНОГО ЗНАКУ,ПРИЧІП,563
2025,410,ПЕРЕРЕЄСТРАЦІЯ ПРИ ЗАМІНІ НОМЕРНОГО ЗНАКУ,ТРИЦИКЛ,3
2025,412,ПЕРЕРЕЄСТРАЦІЯ ТЗ ПРИ ВИДАЧІ НОМЕРНОГО ЗНАКУ ВІДПОВІДНОЇ КОМБІНАЦІЇ ЦИФР,АВТОБУС,32
2025,412,ПЕРЕРЕЄСТРАЦІЯ ТЗ ПРИ ВИДАЧІ НОМЕРНОГО ЗНАКУ ВІДПОВІДНОЇ КОМБІНАЦІЇ ЦИФР,ВАНТАЖНИЙ,596
2025,412,ПЕРЕРЕЄСТРАЦІЯ ТЗ ПРИ ВИДАЧІ НОМЕРНОГО ЗНАКУ ВІДПОВІДНОЇ КОМБІНАЦІЇ ЦИФР,КВАДРОЦИКЛ,11
2025,412,ПЕРЕРЕЄСТРАЦІЯ ТЗ ПРИ ВИДАЧІ НОМЕРНОГО ЗНАКУ ВІДПОВІДНОЇ КОМБІНАЦІЇ ЦИФР,ЛЕГКОВИЙ,9366
2025,412,ПЕРЕРЕЄСТРАЦІЯ ТЗ ПРИ ВИДАЧІ НОМЕРНОГО ЗНАКУ ВІДПОВІДНОЇ КОМБІНАЦІЇ ЦИФР,МОПЕД,2
2025,412,ПЕРЕРЕЄСТРАЦІЯ ТЗ ПРИ ВИДАЧІ НОМЕРНОГО ЗНАКУ ВІДПОВІДНОЇ КОМБІНАЦІЇ ЦИФР,МОТОЦИКЛ,285
2025,412,ПЕРЕРЕЄСТРАЦІЯ ТЗ ПРИ ВИДАЧІ НОМЕРНОГО ЗНАКУ ВІДПОВІДНОЇ КОМБІНАЦІЇ ЦИФР,НАПІВПРИЧІП,169
2025,412,ПЕРЕРЕЄСТРАЦІЯ ТЗ ПРИ ВИДАЧІ НОМЕРНОГО ЗНАКУ ВІДПОВІДНОЇ КОМБІНАЦІЇ ЦИФР,ПРИЧІП,149
2025,412,ПЕРЕРЕЄСТРАЦІЯ ТЗ ПРИ ВИДАЧІ НОМЕРНОГО ЗНАКУ ВІДПОВІДНОЇ КОМБІНАЦІЇ ЦИФР,ТРИЦИКЛ,2
2025,413,ПЕРЕРЕЄСТРАЦІЯ У ЗВ’ЯЗКУ З ВСТАНОВЛ. СССП СИНЬОГО КОЛЬОРУ НА ОПЕРАТИВНІ ТЗ,ЛЕГКОВИЙ,2
2025,417,ПЕРЕРЕЄСТРАЦІЯ ТЗ (МОПЕДІВ) З ВИДАЧЕЮ СПР,МОПЕД,129
2025,420,ПЕРЕРЕЄСТРАЦІЯ ПРИ ВТРАТІ НОМЕРНОГО ЗНАКУ,АВТОБУС,3
2025,420,ПЕРЕРЕЄСТРАЦІЯ ПРИ ВТРАТІ НОМЕРНОГО ЗНАКУ,ВАНТАЖНИЙ,42
2025,420,ПЕРЕРЕЄСТРАЦІЯ ПРИ ВТРАТІ НОМЕРНОГО ЗНАКУ,ЛЕГКОВИЙ,234
2025,420,ПЕРЕРЕЄСТРАЦІЯ ПРИ ВТРАТІ НОМЕРНОГО ЗНАКУ,МОТОЦИКЛ,34
2025,420,ПЕРЕРЕЄСТРАЦІЯ ПРИ ВТРАТІ НОМЕРНОГО ЗНАКУ,НАПІВПРИЧІП,6
2025,420,ПЕРЕРЕЄСТРАЦІЯ ПРИ ВТРАТІ НОМЕРНОГО ЗНАКУ,ПРИЧІП,23
2025,421,ПЕРЕРЕЄСТРАЦІЯ ТЗ ПРИ ВТРАТІ НОМЕРНОГО ЗНАКУ ТА СВІДОЦТВА ПРО РЕЄСТРАЦІЮ,АВТОБУС,3
2025,421,ПЕРЕРЕЄСТРАЦІЯ ТЗ ПРИ ВТРАТІ НОМЕРНОГО ЗНАКУ ТА СВІДОЦТВА ПРО РЕЄСТРАЦІЮ,ВАНТАЖНИЙ,26
2025,421,ПЕРЕРЕЄСТРАЦІЯ ТЗ ПРИ ВТРАТІ НОМЕРНОГО ЗНАКУ ТА СВІДОЦТВА ПРО РЕЄСТРАЦІЮ,ЛЕГКОВИЙ,166
2025,421,ПЕРЕРЕЄСТРАЦІЯ ТЗ ПРИ ВТРАТІ НОМЕРНОГО ЗНАКУ ТА СВІДОЦТВА ПРО РЕЄСТРАЦІЮ,МОТОЦИКЛ,2
2025,421,ПЕРЕРЕЄСТРАЦІЯ ТЗ ПРИ ВТРАТІ НОМЕРНОГО ЗНАКУ ТА СВІДОЦТВА ПРО РЕЄСТРАЦІЮ,НАПІВПРИЧІП,2
2025,421,ПЕРЕРЕЄСТРАЦІЯ ТЗ ПРИ ВТРАТІ НОМЕРНОГО ЗНАКУ ТА СВІДОЦТВА ПРО РЕЄСТРАЦІЮ,ПРИЧІП,14
2025,429,ПЕРЕРЕЄСТРАЦІЯ ТЗ У ЗВ'ЯЗКУ ІЗ ПОДОВЖЕННЯМ ТЕРМІНУ ЗВОРОТНОГО ВИВОЗУ,АВТОБУС,12
2025,429,ПЕРЕРЕЄСТРАЦІЯ ТЗ У ЗВ'ЯЗКУ ІЗ ПОДОВЖЕННЯМ ТЕРМІНУ ЗВОРОТНОГО ВИВОЗУ,ВАНТАЖНИЙ,233
2025,429,ПЕРЕРЕЄСТРАЦІЯ ТЗ У ЗВ'ЯЗКУ ІЗ ПОДОВЖЕННЯМ ТЕРМІНУ ЗВОРОТНОГО ВИВОЗУ,ЛЕГКОВИЙ,172
2025,429,ПЕРЕРЕЄСТРАЦІЯ ТЗ У ЗВ'ЯЗКУ ІЗ ПОДОВЖЕННЯМ ТЕРМІНУ ЗВОРОТНОГО ВИВОЗУ,НАПІВПРИЧІП,28
2025,429,ПЕРЕРЕЄСТРАЦІЯ ТЗ У ЗВ'ЯЗКУ ІЗ ПОДОВЖЕННЯМ ТЕРМІНУ ЗВОРОТНОГО ВИВОЗУ,ПРИЧІП,3
2025,430,ПЕРЕРЕЄСТРАЦІЯ ПРИ ЗАМІНІ СВІДОЦТВА ПРО РЕЄСТРАЦІЮ,АВТОБУС,1967
2025,430,ПЕРЕРЕЄСТРАЦІЯ ПРИ ЗАМІНІ СВІДОЦТВА ПРО РЕЄСТРАЦІЮ,ВАНТАЖНИЙ,2324
2025,430,ПЕРЕРЕЄСТРАЦІЯ ПРИ ЗАМІНІ СВІДОЦТВА ПРО РЕЄСТРАЦІЮ,КВАДРОЦИКЛ,2
2025,430,ПЕРЕРЕЄСТРАЦІЯ ПРИ ЗАМІНІ СВІДОЦТВА ПРО РЕЄСТРАЦІЮ,ЛЕГКОВИЙ,8900
2025,430,ПЕРЕРЕЄСТРАЦІЯ ПРИ ЗАМІНІ СВІДОЦТВА ПРО РЕЄСТРАЦІЮ,МОПЕД,52
2025,430,ПЕРЕРЕЄСТРАЦІЯ ПРИ ЗАМІНІ СВІДОЦТВА ПРО РЕЄСТРАЦІЮ,МОТОЦИКЛ,231
2025,430,ПЕРЕРЕЄСТРАЦІЯ ПРИ ЗАМІНІ СВІДОЦТВА ПРО РЕЄСТРАЦІЮ,НАПІВПРИЧІП,653
2025,430,ПЕРЕРЕЄСТРАЦІЯ ПРИ ЗАМІНІ СВІДОЦТВА ПРО РЕЄСТРАЦІЮ,ПРИЧІП,217
2025,431,ПЕРЕРЕЄСТРАЦІЯ ТЗ ПРИ ВИДАЧІ ІНДИВІДУАЛЬНОГО НОМЕРНОГО ЗНАКУ,АВТОБУС,53
2025,431,ПЕРЕРЕЄСТРАЦІЯ ТЗ ПРИ ВИДАЧІ ІНДИВІДУАЛЬНОГО НОМЕРНОГО ЗНАКУ,ВАНТАЖНИЙ,836
2025,431,ПЕРЕРЕЄСТРАЦІЯ ТЗ ПРИ ВИДАЧІ ІНДИВІДУАЛЬНОГО НОМЕРНОГО ЗНАКУ,ЛЕГКОВИЙ,19528
2025,431,ПЕРЕРЕЄСТРАЦІЯ ТЗ ПРИ ВИДАЧІ ІНДИВІДУАЛЬНОГО НОМЕРНОГО ЗНАКУ,МОТОЦИКЛ,749
2025,431,ПЕРЕРЕЄСТРАЦІЯ ТЗ ПРИ ВИДАЧІ ІНДИВІДУАЛЬНОГО НОМЕРНОГО ЗНАКУ,ТРИЦИКЛ,1
2025,434,"ПЕРЕРЕЄСТРАЦІЯ ТЗ В ЗВ'ЯЗКУ ІЗ ЗМІНОЮ АНКЕТНИХ ДАНИХ,  АДРЕСИ РЕЄСТРАЦІЇ, СПР, НЗ АБО БЕЗ ",АВТОБУС,33
2025,434,"ПЕРЕРЕЄСТРАЦІЯ ТЗ В ЗВ'ЯЗКУ ІЗ ЗМІНОЮ АНКЕТНИХ ДАНИХ,  АДРЕСИ РЕЄСТРАЦІЇ, СПР, НЗ АБО БЕЗ ",ВАНТАЖНИЙ,540
2025,434,"ПЕРЕРЕЄСТРАЦІЯ ТЗ В ЗВ'ЯЗКУ ІЗ ЗМІНОЮ АНКЕТНИХ ДАНИХ,  АДРЕСИ РЕЄСТРАЦІЇ, СПР, НЗ АБО БЕЗ ",ЛЕГКОВИЙ,14062
2025,434,"ПЕРЕРЕЄСТРАЦІЯ ТЗ В ЗВ'ЯЗКУ ІЗ ЗМІНОЮ АНКЕТНИХ ДАНИХ,  АДРЕСИ РЕЄСТРАЦІЇ, СПР, НЗ АБО БЕЗ ",МОПЕД,15
2025,434,"ПЕРЕРЕЄСТРАЦІЯ ТЗ В ЗВ'ЯЗКУ ІЗ ЗМІНОЮ АНКЕТНИХ ДАНИХ,  АДРЕСИ РЕЄСТРАЦІЇ, СПР, НЗ АБО БЕЗ ",МОТОЦИКЛ,403
2025,434,"ПЕРЕРЕЄСТРАЦІЯ ТЗ В ЗВ'ЯЗКУ ІЗ ЗМІНОЮ АНКЕТНИХ ДАНИХ,  АДРЕСИ РЕЄСТРАЦІЇ, СПР, НЗ АБО БЕЗ ",НАПІВПРИЧІП,42
2025,434,"ПЕРЕРЕЄСТРАЦІЯ ТЗ В ЗВ'ЯЗКУ ІЗ ЗМІНОЮ АНКЕТНИХ ДАНИХ,  АДРЕСИ РЕЄСТРАЦІЇ, СПР, НЗ АБО БЕЗ ",ПРИЧІП,124
2025,434,"ПЕРЕРЕЄСТРАЦІЯ ТЗ В ЗВ'ЯЗКУ ІЗ ЗМІНОЮ АНКЕТНИХ ДАНИХ,  АДРЕСИ РЕЄСТРАЦІЇ, СПР, НЗ АБО БЕЗ ",ТРИЦИКЛ,1
2025,435,"ПЕРЕРЕЄСТРАЦІЯ ТЗ В ЗВ'ЯЗКУ ІЗ ЗАМІНОЮ СПР, З ЗАМІНОЮ НЗ АБО БЕЗ ТАКОЇ, ЧЕРЕЗ ЕКВ",АВТОБУС,1
2025,435,"ПЕРЕРЕЄСТРАЦІЯ ТЗ В ЗВ'ЯЗКУ ІЗ ЗАМІНОЮ СПР, З ЗАМІНОЮ НЗ АБО БЕЗ ТАКОЇ, ЧЕРЕЗ ЕКВ",ВАНТАЖНИЙ,11
2025,435,"ПЕРЕРЕЄСТРАЦІЯ ТЗ В ЗВ'ЯЗКУ ІЗ ЗАМІНОЮ СПР, З ЗАМІНОЮ НЗ АБО БЕЗ ТАКОЇ, ЧЕРЕЗ ЕКВ",ЛЕГКОВИЙ,288
2025,435,"ПЕРЕРЕЄСТРАЦІЯ ТЗ В ЗВ'ЯЗКУ ІЗ ЗАМІНОЮ СПР, З ЗАМІНОЮ НЗ АБО БЕЗ ТАКОЇ, ЧЕРЕЗ ЕКВ",МОТОЦИКЛ,6
2025,435,"ПЕРЕРЕЄСТРАЦІЯ ТЗ В ЗВ'ЯЗКУ ІЗ ЗАМІНОЮ СПР, З ЗАМІНОЮ НЗ АБО БЕЗ ТАКОЇ, ЧЕРЕЗ ЕКВ",НАПІВПРИЧІП,2
2025,435,"ПЕРЕРЕЄСТРАЦІЯ ТЗ В ЗВ'ЯЗКУ ІЗ ЗАМІНОЮ СПР, З ЗАМІНОЮ НЗ АБО БЕЗ ТАКОЇ, ЧЕРЕЗ ЕКВ",ПРИЧІП,3
2025,437,ПЕРЕРЕЄСТРАЦІЯ У ЗВ’ЯЗКУ З ДЕМОНТАЖЕМ СССП АВТОЖОВТОГО КОЛЬОРУ,ЛЕГКОВИЙ,2
2025,439,БЕЗКОШТОВНА ПЕРЕРЕЄСТРАЦІЯ ПРИ ВТРАТІ СПР ВНАСЛІДОК ЗБРОЙНОЇ АГРЕСІЇ,АВТОБУС,2
2025,439,БЕЗКОШТОВНА ПЕРЕРЕЄСТРАЦІЯ ПРИ ВТРАТІ СПР ВНАСЛІДОК ЗБРОЙНОЇ АГРЕСІЇ,ВАНТАЖНИЙ,4
2025,439,БЕЗКОШТОВНА ПЕРЕРЕЄСТРАЦІЯ ПРИ ВТРАТІ СПР ВНАСЛІДОК ЗБРОЙНОЇ АГРЕСІЇ,ЛЕГКОВИЙ,9
2025,439,БЕЗКОШТОВНА ПЕРЕРЕЄСТРАЦІЯ ПРИ ВТРАТІ СПР ВНАСЛІДОК ЗБРОЙНОЇ АГРЕСІЇ,НАПІВПРИЧІП,4
2025,439,БЕЗКОШТОВНА ПЕРЕРЕЄСТРАЦІЯ ПРИ ВТРАТІ СПР ВНАСЛІДОК ЗБРОЙНОЇ АГРЕСІЇ,ПРИЧІП,1
2025,440,ПЕРЕРЕЄСТРАЦIЯ ПРИ ВТРАТІ СВIДОЦТВА ПРО РЕЄСТРАЦIЮ,АВТОБУС,393
2025,440,ПЕРЕРЕЄСТРАЦIЯ ПРИ ВТРАТІ СВIДОЦТВА ПРО РЕЄСТРАЦIЮ,ВАНТАЖНИЙ,3482
2025,440,ПЕРЕРЕЄСТРАЦIЯ ПРИ ВТРАТІ СВIДОЦТВА ПРО РЕЄСТРАЦIЮ,КВАДРОЦИКЛ,6
2025,440,ПЕРЕРЕЄСТРАЦIЯ ПРИ ВТРАТІ СВIДОЦТВА ПРО РЕЄСТРАЦIЮ,ЛЕГКОВИЙ,20308
2025,440,ПЕРЕРЕЄСТРАЦIЯ ПРИ ВТРАТІ СВIДОЦТВА ПРО РЕЄСТРАЦIЮ,МОПЕД,131
2025,440,ПЕРЕРЕЄСТРАЦIЯ ПРИ ВТРАТІ СВIДОЦТВА ПРО РЕЄСТРАЦIЮ,МОТОЦИКЛ,619
2025,440,ПЕРЕРЕЄСТРАЦIЯ ПРИ ВТРАТІ СВIДОЦТВА ПРО РЕЄСТРАЦIЮ,НАПІВПРИЧІП,866
2025,440,ПЕРЕРЕЄСТРАЦIЯ ПРИ ВТРАТІ СВIДОЦТВА ПРО РЕЄСТРАЦIЮ,ПРИЧІП,1510
2025,440,ПЕРЕРЕЄСТРАЦIЯ ПРИ ВТРАТІ СВIДОЦТВА ПРО РЕЄСТРАЦIЮ,ТРИЦИКЛ,3
2025,441,ПЕРЕРЕЄСТРАЦІЯ ТЗ ПРИ ЗАМІНІ СПР В ЗВ'ЯЗКУ ІЗ НЕМОЖЛИВІСТЮ ПОВЕРНЕННЯ ЗДАНОГО НА ЗБЕРЕЖЕНН,АВТОБУС,1
2025,441,ПЕРЕРЕЄСТРАЦІЯ ТЗ ПРИ ЗАМІНІ СПР В ЗВ'ЯЗКУ ІЗ НЕМОЖЛИВІСТЮ ПОВЕРНЕННЯ ЗДАНОГО НА ЗБЕРЕЖЕНН,ВАНТАЖНИЙ,3
2025,441,ПЕРЕРЕЄСТРАЦІЯ ТЗ ПРИ ЗАМІНІ СПР В ЗВ'ЯЗКУ ІЗ НЕМОЖЛИВІСТЮ ПОВЕРНЕННЯ ЗДАНОГО НА ЗБЕРЕЖЕНН,ЛЕГКОВИЙ,8
2025,441,ПЕРЕРЕЄСТРАЦІЯ ТЗ ПРИ ЗАМІНІ СПР В ЗВ'ЯЗКУ ІЗ НЕМОЖЛИВІСТЮ ПОВЕРНЕННЯ ЗДАНОГО НА ЗБЕРЕЖЕНН,НАПІВПРИЧІП,1
2025,450,ПЕРЕРЕЄСТРАЦІЯ ПРИ ЗАМІНІ СВІДОЦТВА ПРО РЕЄСТРАЦІЮ У ЗВ'ЯЗКУ З КОРИГУВАННЯМ ОБЛІКОВИХ ДАНИ,АВТОБУС,480
2025,450,ПЕРЕРЕЄСТРАЦІЯ ПРИ ЗАМІНІ СВІДОЦТВА ПРО РЕЄСТРАЦІЮ У ЗВ'ЯЗКУ З КОРИГУВАННЯМ ОБЛІКОВИХ ДАНИ,ВАНТАЖНИЙ,1153
2025,450,ПЕРЕРЕЄСТРАЦІЯ ПРИ ЗАМІНІ СВІДОЦТВА ПРО РЕЄСТРАЦІЮ У ЗВ'ЯЗКУ З КОРИГУВАННЯМ ОБЛІКОВИХ ДАНИ,ЛЕГКОВИЙ,973
2025,450,ПЕРЕРЕЄСТРАЦІЯ ПРИ ЗАМІНІ СВІДОЦТВА ПРО РЕЄСТРАЦІЮ У ЗВ'ЯЗКУ З КОРИГУВАННЯМ ОБЛІКОВИХ ДАНИ,МОПЕД,1
2025,450,ПЕРЕРЕЄСТРАЦІЯ ПРИ ЗАМІНІ СВІДОЦТВА ПРО РЕЄСТРАЦІЮ У ЗВ'ЯЗКУ З КОРИГУВАННЯМ ОБЛІКОВИХ ДАНИ,МОТОЦИКЛ,30
2025,450,ПЕРЕРЕЄСТРАЦІЯ ПРИ ЗАМІНІ СВІДОЦТВА ПРО РЕЄСТРАЦІЮ У ЗВ'ЯЗКУ З КОРИГУВАННЯМ ОБЛІКОВИХ ДАНИ,НАПІВПРИЧІП,298
2025,450,ПЕРЕРЕЄСТРАЦІЯ ПРИ ЗАМІНІ СВІДОЦТВА ПРО РЕЄСТРАЦІЮ У ЗВ'ЯЗКУ З КОРИГУВАННЯМ ОБЛІКОВИХ ДАНИ,ПРИЧІП,130
2025,50,ВТОРИННА РЕЄСТРАЦІЯ ТЗ ЗНЯТОГО З ОБЛІКУ НА НОВОГО ВЛАСНИКА ЗА ДКП УКЛАДЕНОМУ В СГ (TRADE-I,ВАНТАЖНИЙ,5
2025,50,ВТОРИННА РЕЄСТРАЦІЯ ТЗ ЗНЯТОГО З ОБЛІКУ НА НОВОГО ВЛАСНИКА ЗА ДКП УКЛАДЕНОМУ В СГ (TRADE-I,ЛЕГКОВИЙ,99
2025,50,ВТОРИННА РЕЄСТРАЦІЯ ТЗ ЗНЯТОГО З ОБЛІКУ НА НОВОГО ВЛАСНИКА ЗА ДКП УКЛАДЕНОМУ В СГ (TRADE-I,НАПІВПРИЧІП,2
2025,500,ЗНЯТТЯ З ОБЛІКУ У ЗВ'ЯЗКУ ЗІ СКАСУВАННЯМ РЕЄСТРАЦІЇ,АВТОБУС,1
2025,500,ЗНЯТТЯ З ОБЛІКУ У ЗВ'ЯЗКУ ЗІ СКАСУВАННЯМ РЕЄСТРАЦІЇ,ВАНТАЖНИЙ,1
2025,500,ЗНЯТТЯ З ОБЛІКУ У ЗВ'ЯЗКУ ЗІ СКАСУВАННЯМ РЕЄСТРАЦІЇ,ЛЕГКОВИЙ,84
2025,500,ЗНЯТТЯ З ОБЛІКУ У ЗВ'ЯЗКУ ЗІ СКАСУВАННЯМ РЕЄСТРАЦІЇ,ПРИЧІП,1
2025,501,СКАСУВАННЯ ЗНЯТТЯ З ОБЛІКУ ТЗ,ЛЕГКОВИЙ,9
2025,502,СКАСУВАННЯ ПЕРЕРЕЄСТРАЦІЇ (ПЕРЕРЕЄСТРАЦІЯ НА ПОПЕРЕДНЬОГО ВЛАСНИКА),ВАНТАЖНИЙ,14
2025,502,СКАСУВАННЯ ПЕРЕРЕЄСТРАЦІЇ (ПЕРЕРЕЄСТРАЦІЯ НА ПОПЕРЕДНЬОГО ВЛАСНИКА),ЛЕГКОВИЙ,45
2025,502,СКАСУВАННЯ ПЕРЕРЕЄСТРАЦІЇ (ПЕРЕРЕЄСТРАЦІЯ НА ПОПЕРЕДНЬОГО ВЛАСНИКА),НАПІВПРИЧІП,6
2025,508,"ПЕРЕРЕЄСТРАЦІЯ ТЗ, В ЗВ’ЯЗКУ ІЗ РОЗІРВАННЯМ НОТАРІАЛЬНО ПОСВІДЧЕНОГО ДКП ЗА ЗГОДОЮ СТОРІН",АВТОБУС,3
2025,518,ЗНЯТТЯ З ОБЛІКУ КАРТКИ ВІДОМЧОЇ РЕЄСТРАЦІЇ,ВАНТАЖНИЙ,9
2025,518,ЗНЯТТЯ З ОБЛІКУ КАРТКИ ВІДОМЧОЇ РЕЄСТРАЦІЇ,ЛЕГКОВИЙ,2
2025,520,ЗНЯТТЯ З ОБЛIКУ ПРИ ВИВЕЗЕННІ ЗА КОРДОН,АВТОБУС,6
2025,520,ЗНЯТТЯ З ОБЛIКУ ПРИ ВИВЕЗЕННІ ЗА КОРДОН,ВАНТАЖНИЙ,1842
2025,520,ЗНЯТТЯ З ОБЛIКУ ПРИ ВИВЕЗЕННІ ЗА КОРДОН,ЛЕГКОВИЙ,255
2025,520,ЗНЯТТЯ З ОБЛIКУ ПРИ ВИВЕЗЕННІ ЗА КОРДОН,МОПЕД,1
2025,520,ЗНЯТТЯ З ОБЛIКУ ПРИ ВИВЕЗЕННІ ЗА КОРДОН,МОТОЦИКЛ,37
2025,520,ЗНЯТТЯ З ОБЛIКУ ПРИ ВИВЕЗЕННІ ЗА КОРДОН,НАПІВПРИЧІП,118
2025,520,ЗНЯТТЯ З ОБЛIКУ ПРИ ВИВЕЗЕННІ ЗА КОРДОН,ПРИЧІП,42
2025,537,"ЗНЯТТЯ З ОБЛІКУ ДЛЯ ВІДЧУЖЕННЯ СУБ’ЄКТУ ГОСПОДАРЮВАННЯ, ЩО ЗДІЙСНЮЄ ТОРГІВЛЮ ТЗ",ВАНТАЖНИЙ,21
2025,537,"ЗНЯТТЯ З ОБЛІКУ ДЛЯ ВІДЧУЖЕННЯ СУБ’ЄКТУ ГОСПОДАРЮВАННЯ, ЩО ЗДІЙСНЮЄ ТОРГІВЛЮ ТЗ",ЛЕГКОВИЙ,318
2025,537,"ЗНЯТТЯ З ОБЛІКУ ДЛЯ ВІДЧУЖЕННЯ СУБ’ЄКТУ ГОСПОДАРЮВАННЯ, ЩО ЗДІЙСНЮЄ ТОРГІВЛЮ ТЗ",НАПІВПРИЧІП,3
2025,537,"ЗНЯТТЯ З ОБЛІКУ ДЛЯ ВІДЧУЖЕННЯ СУБ’ЄКТУ ГОСПОДАРЮВАННЯ, ЩО ЗДІЙСНЮЄ ТОРГІВЛЮ ТЗ",ТРИЦИКЛ,1
2025,538,"ЗНЯТТЯ З ОБЛІКУ ВЛАСНИКОМ У ЗВ’ЯЗКУ З ТИМ, ЩО ТЗ ТИМЧАСОВО НЕ БЕРЕ УЧАСТЬ У ДОРОЖНЬОМУ РУС",ЛЕГКОВИЙ,2
2025,540,ЗНЯТТЯ З ОБЛIКУ У ЗВ`ЯЗКУ З ВИБРАКОВКОЮ,ПРИЧІП,1
2025,540,ЗНЯТТЯ З ОБЛІКУ У ЗВ`ЯЗКУ З ВИБРАКОВКОЮ,АВТОБУС,920
2025,540,ЗНЯТТЯ З ОБЛІКУ У ЗВ`ЯЗКУ З ВИБРАКОВКОЮ,ВАНТАЖНИЙ,4588
2025,540,ЗНЯТТЯ З ОБЛІКУ У ЗВ`ЯЗКУ З ВИБРАКОВКОЮ,КВАДРОЦИКЛ,10
2025,540,ЗНЯТТЯ З ОБЛІКУ У ЗВ`ЯЗКУ З ВИБРАКОВКОЮ,ЛЕГКОВИЙ,19797
2025,540,ЗНЯТТЯ З ОБЛІКУ У ЗВ`ЯЗКУ З ВИБРАКОВКОЮ,МОПЕД,285
2025,540,ЗНЯТТЯ З ОБЛІКУ У ЗВ`ЯЗКУ З ВИБРАКОВКОЮ,МОТОЦИКЛ,896
2025,540,ЗНЯТТЯ З ОБЛІКУ У ЗВ`ЯЗКУ З ВИБРАКОВКОЮ,НАПІВПРИЧІП,484
2025,540,ЗНЯТТЯ З ОБЛІКУ У ЗВ`ЯЗКУ З ВИБРАКОВКОЮ,НЕВИЗНАЧЕНИЙ,1
2025,540,ЗНЯТТЯ З ОБЛІКУ У ЗВ`ЯЗКУ З ВИБРАКОВКОЮ,ПРИЧІП,418
2025,540,ЗНЯТТЯ З ОБЛІКУ У ЗВ`ЯЗКУ З ВИБРАКОВКОЮ,СПЕЦІАЛІЗОВАНІ,1
2025,540,ЗНЯТТЯ З ОБЛІКУ У ЗВ`ЯЗКУ З ВИБРАКОВКОЮ,ТРИЦИКЛ,6
2025,550,ЗНЯТТЯ З ОБЛІКУ ТЗ ВВЕЗЕНОГО ПIД ЗОБОВ. ПРО ЗВОР. ВИВЕЗЕННЯ,АВТОБУС,2
2025,550,ЗНЯТТЯ З ОБЛІКУ ТЗ ВВЕЗЕНОГО ПIД ЗОБОВ. ПРО ЗВОР. ВИВЕЗЕННЯ,ВАНТАЖНИЙ,132
2025,550,ЗНЯТТЯ З ОБЛІКУ ТЗ ВВЕЗЕНОГО ПIД ЗОБОВ. ПРО ЗВОР. ВИВЕЗЕННЯ,ЛЕГКОВИЙ,219
2025,550,ЗНЯТТЯ З ОБЛІКУ ТЗ ВВЕЗЕНОГО ПIД ЗОБОВ. ПРО ЗВОР. ВИВЕЗЕННЯ,НАПІВПРИЧІП,16
2025,550,ЗНЯТТЯ З ОБЛІКУ ТЗ ВВЕЗЕНОГО ПIД ЗОБОВ. ПРО ЗВОР. ВИВЕЗЕННЯ,ПРИЧІП,2
2025,555,ЗНЯТТЯ З ОБЛІКУ ТЗ ЗА РІШЕННЯМ СУДУ,АВТОБУС,2
2025,555,ЗНЯТТЯ З ОБЛІКУ ТЗ ЗА РІШЕННЯМ СУДУ,ЛЕГКОВИЙ,1
2025,560,ЗНЯТТЯ З ОБЛІКУ ПРИ ПОВЕРНЕННІ ІЗ ПОЇЗДКИ ЗА КОРДОН ПО ДОРУЧ.,АВТОБУС,1215
2025,560,ЗНЯТТЯ З ОБЛІКУ ПРИ ПОВЕРНЕННІ ІЗ ПОЇЗДКИ ЗА КОРДОН ПО ДОРУЧ.,ВАНТАЖНИЙ,9001
2025,560,ЗНЯТТЯ З ОБЛІКУ ПРИ ПОВЕРНЕННІ ІЗ ПОЇЗДКИ ЗА КОРДОН ПО ДОРУЧ.,ЛЕГКОВИЙ,5774
2025,560,ЗНЯТТЯ З ОБЛІКУ ПРИ ПОВЕРНЕННІ ІЗ ПОЇЗДКИ ЗА КОРДОН ПО ДОРУЧ.,МОТОЦИКЛ,11
2025,560,ЗНЯТТЯ З ОБЛІКУ ПРИ ПОВЕРНЕННІ ІЗ ПОЇЗДКИ ЗА КОРДОН ПО ДОРУЧ.,НАПІВПРИЧІП,4643
2025,560,ЗНЯТТЯ З ОБЛІКУ ПРИ ПОВЕРНЕННІ ІЗ ПОЇЗДКИ ЗА КОРДОН ПО ДОРУЧ.,ПРИЧІП,282
2025,570,ЗНЯТТЯ З ОБЛІКУ У ЗВ`ЯЗКУ ЗI ЗМIНОЮ ДЕРЖАВНОГО ОРГАНУ РЕЄСТРАЦІЇ,АВТОБУС,75
2025,570,ЗНЯТТЯ З ОБЛІКУ У ЗВ`ЯЗКУ ЗI ЗМIНОЮ ДЕРЖАВНОГО ОРГАНУ РЕЄСТРАЦІЇ,ВАНТАЖНИЙ,767
2025,570,ЗНЯТТЯ З ОБЛІКУ У ЗВ`ЯЗКУ ЗI ЗМIНОЮ ДЕРЖАВНОГО ОРГАНУ РЕЄСТРАЦІЇ,КВАДРОЦИКЛ,2
2025,570,ЗНЯТТЯ З ОБЛІКУ У ЗВ`ЯЗКУ ЗI ЗМIНОЮ ДЕРЖАВНОГО ОРГАНУ РЕЄСТРАЦІЇ,ЛЕГКОВИЙ,1085
2025,570,ЗНЯТТЯ З ОБЛІКУ У ЗВ`ЯЗКУ ЗI ЗМIНОЮ ДЕРЖАВНОГО ОРГАНУ РЕЄСТРАЦІЇ,МОПЕД,4
2025,570,ЗНЯТТЯ З ОБЛІКУ У ЗВ`ЯЗКУ ЗI ЗМIНОЮ ДЕРЖАВНОГО ОРГАНУ РЕЄСТРАЦІЇ,МОТОЦИКЛ,27
2025,570,ЗНЯТТЯ З ОБЛІКУ У ЗВ`ЯЗКУ ЗI ЗМIНОЮ ДЕРЖАВНОГО ОРГАНУ РЕЄСТРАЦІЇ,НАПІВПРИЧІП,92
2025,570,ЗНЯТТЯ З ОБЛІКУ У ЗВ`ЯЗКУ ЗI ЗМIНОЮ ДЕРЖАВНОГО ОРГАНУ РЕЄСТРАЦІЇ,ПРИЧІП,207
2025,62,РЕЄСТРАЦIЯ ТЗ ПО УСПАДКУВАННЮ ЗА ЗАКОНОМ,ЛЕГКОВИЙ,2
2025,64,РЕЄСТРАЦІЯ КОНФІСКОВАНОГО ТЗ,ВАНТАЖНИЙ,1
2025,64,РЕЄСТРАЦІЯ КОНФІСКОВАНОГО ТЗ,ЛЕГКОВИЙ,16
2025,65,РЕЄСТРАЦIЯ ТЗ ЗА РІШЕННЯМ СУДУ,АВТОБУС,5
2025,65,РЕЄСТРАЦIЯ ТЗ ЗА РІШЕННЯМ СУДУ,ВАНТАЖНИЙ,11
2025,65,РЕЄСТРАЦIЯ ТЗ ЗА РІШЕННЯМ СУДУ,ЛЕГКОВИЙ,327
2025,65,РЕЄСТРАЦIЯ ТЗ ЗА РІШЕННЯМ СУДУ,МОТОЦИКЛ,10
2025,65,РЕЄСТРАЦIЯ ТЗ ЗА РІШЕННЯМ СУДУ,ПРИЧІП,1
2025,69,РЕЄСТРАЦІЯ НОВИХ ТЗ ПО АКТУ ПРИЙОМУ-ПЕРЕДАЧІ (ДОД. 6),АВТОБУС,512
2025,69,РЕЄСТРАЦІЯ НОВИХ ТЗ ПО АКТУ ПРИЙОМУ-ПЕРЕДАЧІ (ДОД. 6),ВАНТАЖНИЙ,435
2025,69,РЕЄСТРАЦІЯ НОВИХ ТЗ ПО АКТУ ПРИЙОМУ-ПЕРЕДАЧІ (ДОД. 6),ЛЕГКОВИЙ,144
2025,69,РЕЄСТРАЦІЯ НОВИХ ТЗ ПО АКТУ ПРИЙОМУ-ПЕРЕДАЧІ (ДОД. 6),МОТОЦИКЛ,1
2025,69,РЕЄСТРАЦІЯ НОВИХ ТЗ ПО АКТУ ПРИЙОМУ-ПЕРЕДАЧІ (ДОД. 6),НАПІВПРИЧІП,138
2025,69,РЕЄСТРАЦІЯ НОВИХ ТЗ ПО АКТУ ПРИЙОМУ-ПЕРЕДАЧІ (ДОД. 6),ПРИЧІП,18898
2025,70,РЕЄСТРАЦIЯ Б/В ТЗ ПРИВЕЗЕНОГО З-ЗА КОРДОНУ ПО ВМД,АВТОБУС,452
2025,70,РЕЄСТРАЦIЯ Б/В ТЗ ПРИВЕЗЕНОГО З-ЗА КОРДОНУ ПО ВМД,ВАНТАЖНИЙ,4312
2025,70,РЕЄСТРАЦIЯ Б/В ТЗ ПРИВЕЗЕНОГО З-ЗА КОРДОНУ ПО ВМД,КВАДРОЦИКЛ,15
2025,70,РЕЄСТРАЦIЯ Б/В ТЗ ПРИВЕЗЕНОГО З-ЗА КОРДОНУ ПО ВМД,ЛЕГКОВИЙ,110812
2025,70,РЕЄСТРАЦIЯ Б/В ТЗ ПРИВЕЗЕНОГО З-ЗА КОРДОНУ ПО ВМД,МОПЕД,32
2025,70,РЕЄСТРАЦIЯ Б/В ТЗ ПРИВЕЗЕНОГО З-ЗА КОРДОНУ ПО ВМД,МОТОЦИКЛ,1316
2025,70,РЕЄСТРАЦIЯ Б/В ТЗ ПРИВЕЗЕНОГО З-ЗА КОРДОНУ ПО ВМД,НАПІВПРИЧІП,1602
2025,70,РЕЄСТРАЦIЯ Б/В ТЗ ПРИВЕЗЕНОГО З-ЗА КОРДОНУ ПО ВМД,ПРИЧІП,526
2025,70,РЕЄСТРАЦIЯ Б/В ТЗ ПРИВЕЗЕНОГО З-ЗА КОРДОНУ ПО ВМД,ТРИЦИКЛ,15
2025,71,РЕЄСТРАЦІЯ ТЗ ПРИВЕЗЕНОГО З-ЗА КОРДОНУ ПО ПОСВІДЧЕННЮ МИТНИЦІ,АВТОБУС,3
2025,71,РЕЄСТРАЦІЯ ТЗ ПРИВЕЗЕНОГО З-ЗА КОРДОНУ ПО ПОСВІДЧЕННЮ МИТНИЦІ,ВАНТАЖНИЙ,245
2025,71,РЕЄСТРАЦІЯ ТЗ ПРИВЕЗЕНОГО З-ЗА КОРДОНУ ПО ПОСВІДЧЕННЮ МИТНИЦІ,КВАДРОЦИКЛ,4
2025,71,РЕЄСТРАЦІЯ ТЗ ПРИВЕЗЕНОГО З-ЗА КОРДОНУ ПО ПОСВІДЧЕННЮ МИТНИЦІ,ЛЕГКОВИЙ,10156
2025,71,РЕЄСТРАЦІЯ ТЗ ПРИВЕЗЕНОГО З-ЗА КОРДОНУ ПО ПОСВІДЧЕННЮ МИТНИЦІ,МОПЕД,6
2025,71,РЕЄСТРАЦІЯ ТЗ ПРИВЕЗЕНОГО З-ЗА КОРДОНУ ПО ПОСВІДЧЕННЮ МИТНИЦІ,МОТОЦИКЛ,157
2025,71,РЕЄСТРАЦІЯ ТЗ ПРИВЕЗЕНОГО З-ЗА КОРДОНУ ПО ПОСВІДЧЕННЮ МИТНИЦІ,НАПІВПРИЧІП,28
2025,71,РЕЄСТРАЦІЯ ТЗ ПРИВЕЗЕНОГО З-ЗА КОРДОНУ ПО ПОСВІДЧЕННЮ МИТНИЦІ,ПРИЧІП,56
2025,71,РЕЄСТРАЦІЯ ТЗ ПРИВЕЗЕНОГО З-ЗА КОРДОНУ ПО ПОСВІДЧЕННЮ МИТНИЦІ,ТРИЦИКЛ,2
2025,72,"РЕЄСТРАЦІЯ НОВОГО ТЗ, ПРИВЕЗЕНОГО З-ЗА КОРДОНУ ПО ВМД",АВТОБУС,82
2025,72,"РЕЄСТРАЦІЯ НОВОГО ТЗ, ПРИВЕЗЕНОГО З-ЗА КОРДОНУ ПО ВМД",ВАНТАЖНИЙ,416
2025,72,"РЕЄСТРАЦІЯ НОВОГО ТЗ, ПРИВЕЗЕНОГО З-ЗА КОРДОНУ ПО ВМД",КВАДРОЦИКЛ,7
2025,72,"РЕЄСТРАЦІЯ НОВОГО ТЗ, ПРИВЕЗЕНОГО З-ЗА КОРДОНУ ПО ВМД",ЛЕГКОВИЙ,2539
2025,72,"РЕЄСТРАЦІЯ НОВОГО ТЗ, ПРИВЕЗЕНОГО З-ЗА КОРДОНУ ПО ВМД",МОТОЦИКЛ,52
2025,72,"РЕЄСТРАЦІЯ НОВОГО ТЗ, ПРИВЕЗЕНОГО З-ЗА КОРДОНУ ПО ВМД",НАПІВПРИЧІП,316
2025,72,"РЕЄСТРАЦІЯ НОВОГО ТЗ, ПРИВЕЗЕНОГО З-ЗА КОРДОНУ ПО ВМД",ПРИЧІП,106
2025,72,"РЕЄСТРАЦІЯ НОВОГО ТЗ, ПРИВЕЗЕНОГО З-ЗА КОРДОНУ ПО ВМД",ТРИЦИКЛ,10
2025,74,"РЕЄСТРАЦІЯ НОВОГО ТЗ ПРИВЕЗЕНОГО З-ЗА КОРДОНУ ПО ДЕКЛАРАЦІЇ ПРО ПЕРЕЛІК ТОВАРІВ, ЩО ВИЗНАЮ",АВТОБУС,1
2025,74,"РЕЄСТРАЦІЯ НОВОГО ТЗ ПРИВЕЗЕНОГО З-ЗА КОРДОНУ ПО ДЕКЛАРАЦІЇ ПРО ПЕРЕЛІК ТОВАРІВ, ЩО ВИЗНАЮ",ВАНТАЖНИЙ,24
2025,74,"РЕЄСТРАЦІЯ НОВОГО ТЗ ПРИВЕЗЕНОГО З-ЗА КОРДОНУ ПО ДЕКЛАРАЦІЇ ПРО ПЕРЕЛІК ТОВАРІВ, ЩО ВИЗНАЮ",ЛЕГКОВИЙ,2
2025,74,"РЕЄСТРАЦІЯ НОВОГО ТЗ ПРИВЕЗЕНОГО З-ЗА КОРДОНУ ПО ДЕКЛАРАЦІЇ ПРО ПЕРЕЛІК ТОВАРІВ, ЩО ВИЗНАЮ",НАПІВПРИЧІП,1
2025,74,"РЕЄСТРАЦІЯ НОВОГО ТЗ ПРИВЕЗЕНОГО З-ЗА КОРДОНУ ПО ДЕКЛАРАЦІЇ ПРО ПЕРЕЛІК ТОВАРІВ, ЩО ВИЗНАЮ",ПРИЧІП,2
2025,75,"РЕЄСТРАЦІЯ НОВОГО ТЗ ПРИВЕЗЕНОГО З-ЗА КОРДОНУ, ЯК ГУМАНІТАРНА ДОПОМОГА ПО ДЕКЛАРАЦІЇ ТА ПО",АВТОБУС,7
2025,75,"РЕЄСТРАЦІЯ НОВОГО ТЗ ПРИВЕЗЕНОГО З-ЗА КОРДОНУ, ЯК ГУМАНІТАРНА ДОПОМОГА ПО ДЕКЛАРАЦІЇ ТА ПО",ВАНТАЖНИЙ,11
2025,75,"РЕЄСТРАЦІЯ НОВОГО ТЗ ПРИВЕЗЕНОГО З-ЗА КОРДОНУ, ЯК ГУМАНІТАРНА ДОПОМОГА ПО ДЕКЛАРАЦІЇ ТА ПО",ЛЕГКОВИЙ,11
2025,76,"РЕЄСТРАЦІЯ Б/В ТЗ ПРИВЕЗЕНОГО З-ЗА КОРДОНУ ПО ДЕКЛАРАЦІЇ ПРО ПЕРЕЛІК ТОВАРІВ, ЩО ВИЗНАЮТЬС",АВТОБУС,44
2025,76,"РЕЄСТРАЦІЯ Б/В ТЗ ПРИВЕЗЕНОГО З-ЗА КОРДОНУ ПО ДЕКЛАРАЦІЇ ПРО ПЕРЕЛІК ТОВАРІВ, ЩО ВИЗНАЮТЬС",ВАНТАЖНИЙ,88
2025,76,"РЕЄСТРАЦІЯ Б/В ТЗ ПРИВЕЗЕНОГО З-ЗА КОРДОНУ ПО ДЕКЛАРАЦІЇ ПРО ПЕРЕЛІК ТОВАРІВ, ЩО ВИЗНАЮТЬС",КВАДРОЦИКЛ,1
2025,76,"РЕЄСТРАЦІЯ Б/В ТЗ ПРИВЕЗЕНОГО З-ЗА КОРДОНУ ПО ДЕКЛАРАЦІЇ ПРО ПЕРЕЛІК ТОВАРІВ, ЩО ВИЗНАЮТЬС",ЛЕГКОВИЙ,286
2025,76,"РЕЄСТРАЦІЯ Б/В ТЗ ПРИВЕЗЕНОГО З-ЗА КОРДОНУ ПО ДЕКЛАРАЦІЇ ПРО ПЕРЕЛІК ТОВАРІВ, ЩО ВИЗНАЮТЬС",НАПІВПРИЧІП,4
2025,76,"РЕЄСТРАЦІЯ Б/В ТЗ ПРИВЕЗЕНОГО З-ЗА КОРДОНУ ПО ДЕКЛАРАЦІЇ ПРО ПЕРЕЛІК ТОВАРІВ, ЩО ВИЗНАЮТЬС",ПРИЧІП,16
2025,77,РЕЄСТРАЦІЯ Б/В ТЗ ПРИВЕЗЕНОГО З-ЗА КОРДОНУ ЯК ГУМАНІТАРНА ДОПОМОГА ПО ДЕКЛАРАЦІЇ ТА ПО АКТ,АВТОБУС,21
2025,77,РЕЄСТРАЦІЯ Б/В ТЗ ПРИВЕЗЕНОГО З-ЗА КОРДОНУ ЯК ГУМАНІТАРНА ДОПОМОГА ПО ДЕКЛАРАЦІЇ ТА ПО АКТ,ВАНТАЖНИЙ,32
2025,77,РЕЄСТРАЦІЯ Б/В ТЗ ПРИВЕЗЕНОГО З-ЗА КОРДОНУ ЯК ГУМАНІТАРНА ДОПОМОГА ПО ДЕКЛАРАЦІЇ ТА ПО АКТ,ЛЕГКОВИЙ,58
2025,77,РЕЄСТРАЦІЯ Б/В ТЗ ПРИВЕЗЕНОГО З-ЗА КОРДОНУ ЯК ГУМАНІТАРНА ДОПОМОГА ПО ДЕКЛАРАЦІЇ ТА ПО АКТ,НАПІВПРИЧІП,1
2025,80,РЕЄСТРАЦIЯ ТЗ ПРИДБАНОГО НА АУКЦІОНІ ТОВАР. БIРЖI,ВАНТАЖНИЙ,1
2025,80,"РЕЄСТРАЦІЯ ТЗ ПРИДБАНОГО НА АУКЦІОНІ, ЕЛЕКТРОННИХ ТОРГАХ, ТОВАРНІЙ БІРЖІ",ВАНТАЖНИЙ,3
2025,80,"РЕЄСТРАЦІЯ ТЗ ПРИДБАНОГО НА АУКЦІОНІ, ЕЛЕКТРОННИХ ТОРГАХ, ТОВАРНІЙ БІРЖІ",ЛЕГКОВИЙ,24
2025,80,"РЕЄСТРАЦІЯ ТЗ ПРИДБАНОГО НА АУКЦІОНІ, ЕЛЕКТРОННИХ ТОРГАХ, ТОВАРНІЙ БІРЖІ",МОТОЦИКЛ,1
2025,80,"РЕЄСТРАЦІЯ ТЗ ПРИДБАНОГО НА АУКЦІОНІ, ЕЛЕКТРОННИХ ТОРГАХ, ТОВАРНІЙ БІРЖІ",ПРИЧІП,1
2025,91,РЕЄСТРАЦІЯ ТЗ ПРИДБАНОГО В ІНШОМУ ОРГАНІ ДЕРЖАВНОЇ РЕЄСТРАЦІЇ,АВТОБУС,2
2025,91,РЕЄСТРАЦІЯ ТЗ ПРИДБАНОГО В ІНШОМУ ОРГАНІ ДЕРЖАВНОЇ РЕЄСТРАЦІЇ,ВАНТАЖНИЙ,204
2025,91,РЕЄСТРАЦІЯ ТЗ ПРИДБАНОГО В ІНШОМУ ОРГАНІ ДЕРЖАВНОЇ РЕЄСТРАЦІЇ,ЛЕГКОВИЙ,20
2025,92,РЕЄСТРАЦІЯ ТЗ ПРИ ПОВЕРНЕННІ З ВІДОМЧОЇ РЕЄСТРАЦІЇ,ВАНТАЖНИЙ,70
2025,92,РЕЄСТРАЦІЯ ТЗ ПРИ ПОВЕРНЕННІ З ВІДОМЧОЇ РЕЄСТРАЦІЇ,ЛЕГКОВИЙ,7
2025,92,РЕЄСТРАЦІЯ ТЗ ПРИ ПОВЕРНЕННІ З ВІДОМЧОЇ РЕЄСТРАЦІЇ,ПРИЧІП,1
2025,99,"ПЕРВИННА РЕЄСТРАЦІЯ НОВОГО ТЗ ПРИДБАНОГО В ТОРГОВЕЛЬНІЙ ОРГАНІЗАЦІЇ, ЯКИЙ ВИГОТОВЛЕНО В УК",АВТОБУС,388
2025,99,"ПЕРВИННА РЕЄСТРАЦІЯ НОВОГО ТЗ ПРИДБАНОГО В ТОРГОВЕЛЬНІЙ ОРГАНІЗАЦІЇ, ЯКИЙ ВИГОТОВЛЕНО В УК",ВАНТАЖНИЙ,2105
2025,99,"ПЕРВИННА РЕЄСТРАЦІЯ НОВОГО ТЗ ПРИДБАНОГО В ТОРГОВЕЛЬНІЙ ОРГАНІЗАЦІЇ, ЯКИЙ ВИГОТОВЛЕНО В УК",ЛЕГКОВИЙ,1683
2025,99,"ПЕРВИННА РЕЄСТРАЦІЯ НОВОГО ТЗ ПРИДБАНОГО В ТОРГОВЕЛЬНІЙ ОРГАНІЗАЦІЇ, ЯКИЙ ВИГОТОВЛЕНО В УК",МОТОЦИКЛ,1
2025,99,"ПЕРВИННА РЕЄСТРАЦІЯ НОВОГО ТЗ ПРИДБАНОГО В ТОРГОВЕЛЬНІЙ ОРГАНІЗАЦІЇ, ЯКИЙ ВИГОТОВЛЕНО В УК",НАПІВПРИЧІП,98
2025,99,"ПЕРВИННА РЕЄСТРАЦІЯ НОВОГО ТЗ ПРИДБАНОГО В ТОРГОВЕЛЬНІЙ ОРГАНІЗАЦІЇ, ЯКИЙ ВИГОТОВЛЕНО В УК",ПРИЧІП,4143
2026,10,ВТОРИННА РЕЄСТРАЦIЯ ТЗ ПО АКТУ ПРИЙМАННЯ ПЕРЕДАЧІ(ДОД.2),ВАНТАЖНИЙ,2
2026,10,ВТОРИННА РЕЄСТРАЦIЯ ТЗ ПО АКТУ ПРИЙМАННЯ ПЕРЕДАЧІ(ДОД.2),ЛЕГКОВИЙ,2
2026,100,"ПЕРВИННА РЕЄСТРАЦIЯ Б/В ТЗ ПРИДБАНОГО В ТОРГОВЕЛЬНІЙ ОРГАНІЗАЦІЇ, ЯКИЙ ВВЕЗЕНО З-ЗА КОРДОН",АВТОБУС,436
2026,100,"ПЕРВИННА РЕЄСТРАЦIЯ Б/В ТЗ ПРИДБАНОГО В ТОРГОВЕЛЬНІЙ ОРГАНІЗАЦІЇ, ЯКИЙ ВВЕЗЕНО З-ЗА КОРДОН",ВАНТАЖНИЙ,11230
2026,100,"ПЕРВИННА РЕЄСТРАЦIЯ Б/В ТЗ ПРИДБАНОГО В ТОРГОВЕЛЬНІЙ ОРГАНІЗАЦІЇ, ЯКИЙ ВВЕЗЕНО З-ЗА КОРДОН",КВАДРОЦИКЛ,11
2026,100,"ПЕРВИННА РЕЄСТРАЦIЯ Б/В ТЗ ПРИДБАНОГО В ТОРГОВЕЛЬНІЙ ОРГАНІЗАЦІЇ, ЯКИЙ ВВЕЗЕНО З-ЗА КОРДОН",ЛЕГКОВИЙ,93534
2026,100,"ПЕРВИННА РЕЄСТРАЦIЯ Б/В ТЗ ПРИДБАНОГО В ТОРГОВЕЛЬНІЙ ОРГАНІЗАЦІЇ, ЯКИЙ ВВЕЗЕНО З-ЗА КОРДОН",МОПЕД,802
2026,100,"ПЕРВИННА РЕЄСТРАЦIЯ Б/В ТЗ ПРИДБАНОГО В ТОРГОВЕЛЬНІЙ ОРГАНІЗАЦІЇ, ЯКИЙ ВВЕЗЕНО З-ЗА КОРДОН",МОТОЦИКЛ,5627
2026,100,"ПЕРВИННА РЕЄСТРАЦIЯ Б/В ТЗ ПРИДБАНОГО В ТОРГОВЕЛЬНІЙ ОРГАНІЗАЦІЇ, ЯКИЙ ВВЕЗЕНО З-ЗА КОРДОН",НАПІВПРИЧІП,2339
2026,100,"ПЕРВИННА РЕЄСТРАЦIЯ Б/В ТЗ ПРИДБАНОГО В ТОРГОВЕЛЬНІЙ ОРГАНІЗАЦІЇ, ЯКИЙ ВВЕЗЕНО З-ЗА КОРДОН",ПРИЧІП,311
2026,100,"ПЕРВИННА РЕЄСТРАЦIЯ Б/В ТЗ ПРИДБАНОГО В ТОРГОВЕЛЬНІЙ ОРГАНІЗАЦІЇ, ЯКИЙ ВВЕЗЕНО З-ЗА КОРДОН",ТРИЦИКЛ,18
2026,102,РЕЄСТРАЦІЯ НОВОГО ТЗ (ЕКСПЕРИМЕНТАЛЬНІ ЗРАЗКИ),АВТОБУС,1
2026,105,"ПЕРВИННА РЕЄСТРАЦІЯ НОВОГО ТЗ ПРИДБАНОГО В ТОРГОВЕЛЬНІЙ ОРГАНІЗАЦІЇ, ЯКИЙ ВВЕЗЕНО З-ЗА КОР",АВТОБУС,125
2026,105,"ПЕРВИННА РЕЄСТРАЦІЯ НОВОГО ТЗ ПРИДБАНОГО В ТОРГОВЕЛЬНІЙ ОРГАНІЗАЦІЇ, ЯКИЙ ВВЕЗЕНО З-ЗА КОР",ВАНТАЖНИЙ,5947
2026,105,"ПЕРВИННА РЕЄСТРАЦІЯ НОВОГО ТЗ ПРИДБАНОГО В ТОРГОВЕЛЬНІЙ ОРГАНІЗАЦІЇ, ЯКИЙ ВВЕЗЕНО З-ЗА КОР",КВАДРОЦИКЛ,1259
2026,105,"ПЕРВИННА РЕЄСТРАЦІЯ НОВОГО ТЗ ПРИДБАНОГО В ТОРГОВЕЛЬНІЙ ОРГАНІЗАЦІЇ, ЯКИЙ ВВЕЗЕНО З-ЗА КОР",ЛЕГКОВИЙ,38971
2026,105,"ПЕРВИННА РЕЄСТРАЦІЯ НОВОГО ТЗ ПРИДБАНОГО В ТОРГОВЕЛЬНІЙ ОРГАНІЗАЦІЇ, ЯКИЙ ВВЕЗЕНО З-ЗА КОР",МОПЕД,228
2026,105,"ПЕРВИННА РЕЄСТРАЦІЯ НОВОГО ТЗ ПРИДБАНОГО В ТОРГОВЕЛЬНІЙ ОРГАНІЗАЦІЇ, ЯКИЙ ВВЕЗЕНО З-ЗА КОР",МОТОЦИКЛ,35688
2026,105,"ПЕРВИННА РЕЄСТРАЦІЯ НОВОГО ТЗ ПРИДБАНОГО В ТОРГОВЕЛЬНІЙ ОРГАНІЗАЦІЇ, ЯКИЙ ВВЕЗЕНО З-ЗА КОР",НАПІВПРИЧІП,473
2026,105,"ПЕРВИННА РЕЄСТРАЦІЯ НОВОГО ТЗ ПРИДБАНОГО В ТОРГОВЕЛЬНІЙ ОРГАНІЗАЦІЇ, ЯКИЙ ВВЕЗЕНО З-ЗА КОР",ПРИЧІП,90
2026,105,"ПЕРВИННА РЕЄСТРАЦІЯ НОВОГО ТЗ ПРИДБАНОГО В ТОРГОВЕЛЬНІЙ ОРГАНІЗАЦІЇ, ЯКИЙ ВВЕЗЕНО З-ЗА КОР",ТРИЦИКЛ,85
2026,110,РЕЄСТРАЦIЯ ТЗ ОТРИМАНОГО ЧЕРЕЗ ВIДДIЛ СОЦ. ЗАХИСТУ,ЛЕГКОВИЙ,4
2026,120,РЕЄСТРАЦIЯ ТЗ ОТРИМАНОГО ПО ВИГРАШУ,ЛЕГКОВИЙ,2
2026,130,РЕЄСТРАЦIЯ ТЗ У ЗВ`ЯЗКУ З ПРИЇЗДОМ НА ПМЖ ІЗ ЗА КОРДОНУ,ВАНТАЖНИЙ,2
2026,130,РЕЄСТРАЦIЯ ТЗ У ЗВ`ЯЗКУ З ПРИЇЗДОМ НА ПМЖ ІЗ ЗА КОРДОНУ,ЛЕГКОВИЙ,15
2026,130,РЕЄСТРАЦIЯ ТЗ У ЗВ`ЯЗКУ З ПРИЇЗДОМ НА ПМЖ ІЗ ЗА КОРДОНУ,ПРИЧІП,2
2026,140,ВТОРИННА РЕЄСТРАЦIЯ ТЗ У ЗВ`ЯЗКУ З НЕПРОДАЖЕМ,ВАНТАЖНИЙ,63
2026,140,ВТОРИННА РЕЄСТРАЦIЯ ТЗ У ЗВ`ЯЗКУ З НЕПРОДАЖЕМ,ЛЕГКОВИЙ,80
2026,140,ВТОРИННА РЕЄСТРАЦIЯ ТЗ У ЗВ`ЯЗКУ З НЕПРОДАЖЕМ,МОТОЦИКЛ,2
2026,140,ВТОРИННА РЕЄСТРАЦIЯ ТЗ У ЗВ`ЯЗКУ З НЕПРОДАЖЕМ,НАПІВПРИЧІП,5
2026,140,ВТОРИННА РЕЄСТРАЦIЯ ТЗ У ЗВ`ЯЗКУ З НЕПРОДАЖЕМ,ПРИЧІП,5
2026,141,РЕЄСТРАЦIЯ ТЗ ПIСЛЯ СКАСУВАННЯ РЕЄСТРАЦІЇ,ЛЕГКОВИЙ,4
2026,180,"ПЕРВИННА РЕЄСТРАЦІЯ СУБ’ЄКТОМ ГОСПОДАРЮВАННЯ НОВОГО ТЗ ПО ДКП, ЯКИЙ ВВЕЗЕНО З-ЗА КОРДОНУ",АВТОБУС,1
2026,180,"ПЕРВИННА РЕЄСТРАЦІЯ СУБ’ЄКТОМ ГОСПОДАРЮВАННЯ НОВОГО ТЗ ПО ДКП, ЯКИЙ ВВЕЗЕНО З-ЗА КОРДОНУ",ВАНТАЖНИЙ,51
2026,180,"ПЕРВИННА РЕЄСТРАЦІЯ СУБ’ЄКТОМ ГОСПОДАРЮВАННЯ НОВОГО ТЗ ПО ДКП, ЯКИЙ ВВЕЗЕНО З-ЗА КОРДОНУ",ЛЕГКОВИЙ,1532
2026,180,"ПЕРВИННА РЕЄСТРАЦІЯ СУБ’ЄКТОМ ГОСПОДАРЮВАННЯ НОВОГО ТЗ ПО ДКП, ЯКИЙ ВВЕЗЕНО З-ЗА КОРДОНУ",МОТОЦИКЛ,38
2026,184,"ПЕРВИННА РЕЄСТРАЦІЯ СУБ’ЄКТОМ ГОСПОДАРЮВАННЯ, НОВОГО ТЗ, ЯКИЙ ВИГОТОВЛЕНИЙ В УКРАЇНІ, ПО А",АВТОБУС,1
2026,184,"ПЕРВИННА РЕЄСТРАЦІЯ СУБ’ЄКТОМ ГОСПОДАРЮВАННЯ, НОВОГО ТЗ, ЯКИЙ ВИГОТОВЛЕНИЙ В УКРАЇНІ, ПО А",ВАНТАЖНИЙ,1
2026,184,"ПЕРВИННА РЕЄСТРАЦІЯ СУБ’ЄКТОМ ГОСПОДАРЮВАННЯ, НОВОГО ТЗ, ЯКИЙ ВИГОТОВЛЕНИЙ В УКРАЇНІ, ПО А",ЛЕГКОВИЙ,10
2026,185,"ПЕРВИННА РЕЄСТРАЦІЯ СУБ’ЄКТОМ ГОСПОДАРЮВАННЯ НОВОГО ТЗ, ВИГОТОВЛЕНОГО В УКРАЇНІ, НА СЕБЕ, ",ЛЕГКОВИЙ,1
2026,185,"ПЕРВИННА РЕЄСТРАЦІЯ СУБ’ЄКТОМ ГОСПОДАРЮВАННЯ НОВОГО ТЗ, ВИГОТОВЛЕНОГО В УКРАЇНІ, НА СЕБЕ, ",ПРИЧІП,1
2026,186,"ВТОРИННА РЕЄСТРАЦІЯ СУБ'ЄКТОМ ГОСПОДАРЮВАННЯ ТЗ ЗА ДКП, УКЛАДЕНОМУ В СГ (ТЗ ЗНЯТИЙ З ОБЛІК",ВАНТАЖНИЙ,1
2026,186,"ВТОРИННА РЕЄСТРАЦІЯ СУБ'ЄКТОМ ГОСПОДАРЮВАННЯ ТЗ ЗА ДКП, УКЛАДЕНОМУ В СГ (ТЗ ЗНЯТИЙ З ОБЛІК",ЛЕГКОВИЙ,241
2026,213,ВИДАЧА ТТ У ЗВ'ЯЗКУ З ПОСТАНОВКОЮ НА ТИМЧАСОВИЙ ДЕРЖАВНИЙ ОБЛІК НА ПЕРІОД ВОЄННОГО СТАНУ,АВТОБУС,254
2026,213,ВИДАЧА ТТ У ЗВ'ЯЗКУ З ПОСТАНОВКОЮ НА ТИМЧАСОВИЙ ДЕРЖАВНИЙ ОБЛІК НА ПЕРІОД ВОЄННОГО СТАНУ,ВАНТАЖНИЙ,1809
2026,213,ВИДАЧА ТТ У ЗВ'ЯЗКУ З ПОСТАНОВКОЮ НА ТИМЧАСОВИЙ ДЕРЖАВНИЙ ОБЛІК НА ПЕРІОД ВОЄННОГО СТАНУ,КВАДРОЦИКЛ,10
2026,213,ВИДАЧА ТТ У ЗВ'ЯЗКУ З ПОСТАНОВКОЮ НА ТИМЧАСОВИЙ ДЕРЖАВНИЙ ОБЛІК НА ПЕРІОД ВОЄННОГО СТАНУ,ЛЕГКОВИЙ,3855
2026,213,ВИДАЧА ТТ У ЗВ'ЯЗКУ З ПОСТАНОВКОЮ НА ТИМЧАСОВИЙ ДЕРЖАВНИЙ ОБЛІК НА ПЕРІОД ВОЄННОГО СТАНУ,МОПЕД,3
2026,213,ВИДАЧА ТТ У ЗВ'ЯЗКУ З ПОСТАНОВКОЮ НА ТИМЧАСОВИЙ ДЕРЖАВНИЙ ОБЛІК НА ПЕРІОД ВОЄННОГО СТАНУ,МОТОЦИКЛ,13
2026,213,ВИДАЧА ТТ У ЗВ'ЯЗКУ З ПОСТАНОВКОЮ НА ТИМЧАСОВИЙ ДЕРЖАВНИЙ ОБЛІК НА ПЕРІОД ВОЄННОГО СТАНУ,НАПІВПРИЧІП,12
2026,213,ВИДАЧА ТТ У ЗВ'ЯЗКУ З ПОСТАНОВКОЮ НА ТИМЧАСОВИЙ ДЕРЖАВНИЙ ОБЛІК НА ПЕРІОД ВОЄННОГО СТАНУ,ПРИЧІП,75
2026,213,ВИДАЧА ТТ У ЗВ'ЯЗКУ З ПОСТАНОВКОЮ НА ТИМЧАСОВИЙ ДЕРЖАВНИЙ ОБЛІК НА ПЕРІОД ВОЄННОГО СТАНУ,ТРИЦИКЛ,1
2026,215,ТИМЧАСОВИЙ ДЕРЖАВНИЙ ОБЛІК ТЗ ЗА ВІЙСЬКОВОСЛУЖБОВЦЕМ,АВТОБУС,32
2026,215,ТИМЧАСОВИЙ ДЕРЖАВНИЙ ОБЛІК ТЗ ЗА ВІЙСЬКОВОСЛУЖБОВЦЕМ,ВАНТАЖНИЙ,2598
2026,215,ТИМЧАСОВИЙ ДЕРЖАВНИЙ ОБЛІК ТЗ ЗА ВІЙСЬКОВОСЛУЖБОВЦЕМ,КВАДРОЦИКЛ,11
2026,215,ТИМЧАСОВИЙ ДЕРЖАВНИЙ ОБЛІК ТЗ ЗА ВІЙСЬКОВОСЛУЖБОВЦЕМ,ЛЕГКОВИЙ,15323
2026,215,ТИМЧАСОВИЙ ДЕРЖАВНИЙ ОБЛІК ТЗ ЗА ВІЙСЬКОВОСЛУЖБОВЦЕМ,МОПЕД,1
2026,215,ТИМЧАСОВИЙ ДЕРЖАВНИЙ ОБЛІК ТЗ ЗА ВІЙСЬКОВОСЛУЖБОВЦЕМ,МОТОЦИКЛ,41
2026,215,ТИМЧАСОВИЙ ДЕРЖАВНИЙ ОБЛІК ТЗ ЗА ВІЙСЬКОВОСЛУЖБОВЦЕМ,НАПІВПРИЧІП,2
2026,215,ТИМЧАСОВИЙ ДЕРЖАВНИЙ ОБЛІК ТЗ ЗА ВІЙСЬКОВОСЛУЖБОВЦЕМ,ПРИЧІП,42
2026,221,"РЕЄСТРАЦІЮ ТЗ,ВВЕЗЕНОГО ПІД ЗОБОВ'ЯЗАННЯ ПРО ЗВОРОТНЕ ВИВЕЗЕННЯ",АВТОБУС,3
2026,221,"РЕЄСТРАЦІЮ ТЗ,ВВЕЗЕНОГО ПІД ЗОБОВ'ЯЗАННЯ ПРО ЗВОРОТНЕ ВИВЕЗЕННЯ",ВАНТАЖНИЙ,5
2026,221,"РЕЄСТРАЦІЮ ТЗ,ВВЕЗЕНОГО ПІД ЗОБОВ'ЯЗАННЯ ПРО ЗВОРОТНЕ ВИВЕЗЕННЯ",ЛЕГКОВИЙ,150
2026,221,"РЕЄСТРАЦІЮ ТЗ,ВВЕЗЕНОГО ПІД ЗОБОВ'ЯЗАННЯ ПРО ЗВОРОТНЕ ВИВЕЗЕННЯ",МОТОЦИКЛ,1
2026,221,"РЕЄСТРАЦІЮ ТЗ,ВВЕЗЕНОГО ПІД ЗОБОВ'ЯЗАННЯ ПРО ЗВОРОТНЕ ВИВЕЗЕННЯ",НАПІВПРИЧІП,1
2026,231,ВИДАЧА СВІДОЦТВА ПРО РЕЄСТРАЦІЮ НА ПРАВІ УЗУФРУКТА,АВТОБУС,13
2026,231,ВИДАЧА СВІДОЦТВА ПРО РЕЄСТРАЦІЮ НА ПРАВІ УЗУФРУКТА,ВАНТАЖНИЙ,9
2026,231,ВИДАЧА СВІДОЦТВА ПРО РЕЄСТРАЦІЮ НА ПРАВІ УЗУФРУКТА,ЛЕГКОВИЙ,68
2026,231,ВИДАЧА СВІДОЦТВА ПРО РЕЄСТРАЦІЮ НА ПРАВІ УЗУФРУКТА,ПРИЧІП,2
2026,253,"ВИДАЧА ТИМЧАСОВОГО ТАЛОНУ НА ПІДСТАВІ ЗАЯВИ УПРАВИТЕЛЯ ТА ДОГОВОРУ УПРАВЛІННЯ, УКЛАДЕНОГО ",ЛЕГКОВИЙ,3
2026,260,ВИДАЧА ТИМЧ. РЕЄСТР. ТАЛОНУ ПРИ ВИЯВЛЕННI ТЗ ВИКР ЗА КОРД,ЛЕГКОВИЙ,5
2026,293,ЗНЯТТЯ З ТИМЧАСОВОГО ДЕРЖАВНОГО ОБЛІКУ,АВТОБУС,118
2026,293,ЗНЯТТЯ З ТИМЧАСОВОГО ДЕРЖАВНОГО ОБЛІКУ,ВАНТАЖНИЙ,350
2026,293,ЗНЯТТЯ З ТИМЧАСОВОГО ДЕРЖАВНОГО ОБЛІКУ,ЛЕГКОВИЙ,1766
2026,293,ЗНЯТТЯ З ТИМЧАСОВОГО ДЕРЖАВНОГО ОБЛІКУ,МОТОЦИКЛ,2
2026,293,ЗНЯТТЯ З ТИМЧАСОВОГО ДЕРЖАВНОГО ОБЛІКУ,НАПІВПРИЧІП,4
2026,293,ЗНЯТТЯ З ТИМЧАСОВОГО ДЕРЖАВНОГО ОБЛІКУ,ПРИЧІП,6
2026,294,"ЗНЯТТЯ З ТИМЧАСОВОГО ДЕРЖАВНОГО ОБЛІКУ ТЗ, ЩО ОБЛІКОВУЄТЬСЯ ЗА ВІЙСЬКОВОСЛУЖБОВЦЕМ",ВАНТАЖНИЙ,53
2026,294,"ЗНЯТТЯ З ТИМЧАСОВОГО ДЕРЖАВНОГО ОБЛІКУ ТЗ, ЩО ОБЛІКОВУЄТЬСЯ ЗА ВІЙСЬКОВОСЛУЖБОВЦЕМ",ЛЕГКОВИЙ,362
2026,295,ЗНЯТТЯ З ТИМЧАСОВОГО ДЕРЖАВНОГО ОБЛІКУ У ЗВ'ЯЗКУ ЗІ ЗМІНОЮ ОРГАНУ РЕЄСТРАЦІЇ,АВТОБУС,13
2026,295,ЗНЯТТЯ З ТИМЧАСОВОГО ДЕРЖАВНОГО ОБЛІКУ У ЗВ'ЯЗКУ ЗІ ЗМІНОЮ ОРГАНУ РЕЄСТРАЦІЇ,ВАНТАЖНИЙ,162
2026,295,ЗНЯТТЯ З ТИМЧАСОВОГО ДЕРЖАВНОГО ОБЛІКУ У ЗВ'ЯЗКУ ЗІ ЗМІНОЮ ОРГАНУ РЕЄСТРАЦІЇ,ЛЕГКОВИЙ,193
2026,295,ЗНЯТТЯ З ТИМЧАСОВОГО ДЕРЖАВНОГО ОБЛІКУ У ЗВ'ЯЗКУ ЗІ ЗМІНОЮ ОРГАНУ РЕЄСТРАЦІЇ,НАПІВПРИЧІП,1
2026,295,ЗНЯТТЯ З ТИМЧАСОВОГО ДЕРЖАВНОГО ОБЛІКУ У ЗВ'ЯЗКУ ЗІ ЗМІНОЮ ОРГАНУ РЕЄСТРАЦІЇ,ПРИЧІП,15
2026,296,ЗНЯТТЯ З ТИМЧАСОВОГО ДЕРЖАВНОГО ОБЛІКУ У ЗВ'ЯЗКУ З ВИБРАКУВАННЯМ (СПИСАННЯМ),ВАНТАЖНИЙ,117
2026,296,ЗНЯТТЯ З ТИМЧАСОВОГО ДЕРЖАВНОГО ОБЛІКУ У ЗВ'ЯЗКУ З ВИБРАКУВАННЯМ (СПИСАННЯМ),ЛЕГКОВИЙ,258
2026,296,ЗНЯТТЯ З ТИМЧАСОВОГО ДЕРЖАВНОГО ОБЛІКУ У ЗВ'ЯЗКУ З ВИБРАКУВАННЯМ (СПИСАННЯМ),ПРИЧІП,1
2026,297,"СКАСУВАННЯ ТИМЧАСОВОГО ДЕРЖАВНОГО ОБЛІКУ ТЗ, ЩО ОБЛІКОВУЄТЬСЯ ЗА ВІЙСЬКОВОСЛУЖБОВЦЕМ",ЛЕГКОВИЙ,2
2026,30,ПЕРВИННА РЕЄСТРАЦІЯ ТЗ ДЛЯ ІНДИВ. ВЛАСНИКА,ЛЕГКОВИЙ,2
2026,30,ПЕРВИННА РЕЄСТРАЦІЯ ТЗ ДЛЯ ІНДИВ. ВЛАСНИКА,МОТОЦИКЛ,1
2026,300,ПЕРЕРЕЄСТРАЦIЯ НА НОВОГО ВЛАСНИКА ЗА СВIД. НА СПIЛЬНЕ МАЙНО,ВАНТАЖНИЙ,2
2026,300,ПЕРЕРЕЄСТРАЦIЯ НА НОВОГО ВЛАСНИКА ЗА СВIД. НА СПIЛЬНЕ МАЙНО,ЛЕГКОВИЙ,10
2026,300,ПЕРЕРЕЄСТРАЦIЯ НА НОВОГО ВЛАСНИКА ЗА СВIД. НА СПIЛЬНЕ МАЙНО,ПРИЧІП,1
2026,301,ПЕРЕРЕЄСТРАЦІЯ ЗА ДОГОВОРОМ ПОДІЛУ МАЙНА,АВТОБУС,1
2026,301,ПЕРЕРЕЄСТРАЦІЯ ЗА ДОГОВОРОМ ПОДІЛУ МАЙНА,ВАНТАЖНИЙ,27
2026,301,ПЕРЕРЕЄСТРАЦІЯ ЗА ДОГОВОРОМ ПОДІЛУ МАЙНА,ЛЕГКОВИЙ,186
2026,301,ПЕРЕРЕЄСТРАЦІЯ ЗА ДОГОВОРОМ ПОДІЛУ МАЙНА,МОТОЦИКЛ,8
2026,301,ПЕРЕРЕЄСТРАЦІЯ ЗА ДОГОВОРОМ ПОДІЛУ МАЙНА,НАПІВПРИЧІП,9
2026,301,ПЕРЕРЕЄСТРАЦІЯ ЗА ДОГОВОРОМ ПОДІЛУ МАЙНА,ПРИЧІП,3
2026,306,"ПЕРЕРЕЄСТРАЦІЯ ТЗ НА НОВОГО ВЛАСНИКА ПО ДОГОВОРУ ДАРУВАННЯ, УКЛАДЕНОМУ В ПРИСУТНОСТІ АДМІН",ВАНТАЖНИЙ,8
2026,306,"ПЕРЕРЕЄСТРАЦІЯ ТЗ НА НОВОГО ВЛАСНИКА ПО ДОГОВОРУ ДАРУВАННЯ, УКЛАДЕНОМУ В ПРИСУТНОСТІ АДМІН",ЛЕГКОВИЙ,144
2026,306,"ПЕРЕРЕЄСТРАЦІЯ ТЗ НА НОВОГО ВЛАСНИКА ПО ДОГОВОРУ ДАРУВАННЯ, УКЛАДЕНОМУ В ПРИСУТНОСТІ АДМІН",МОТОЦИКЛ,2
2026,306,"ПЕРЕРЕЄСТРАЦІЯ ТЗ НА НОВОГО ВЛАСНИКА ПО ДОГОВОРУ ДАРУВАННЯ, УКЛАДЕНОМУ В ПРИСУТНОСТІ АДМІН",НАПІВПРИЧІП,2
2026,306,"ПЕРЕРЕЄСТРАЦІЯ ТЗ НА НОВОГО ВЛАСНИКА ПО ДОГОВОРУ ДАРУВАННЯ, УКЛАДЕНОМУ В ПРИСУТНОСТІ АДМІН",ПРИЧІП,1
2026,307,ПЕРЕРЕЄСТРАЦІЯ ТЗ НА НОВОГО ВЛАСНИКА ПО ДОГОВОРУ КУПІВЛІ-ПРОДАЖУ УКЛАДЕНОМУ В ПРИСУТНОСТІ ,АВТОБУС,3
2026,307,ПЕРЕРЕЄСТРАЦІЯ ТЗ НА НОВОГО ВЛАСНИКА ПО ДОГОВОРУ КУПІВЛІ-ПРОДАЖУ УКЛАДЕНОМУ В ПРИСУТНОСТІ ,ВАНТАЖНИЙ,105
2026,307,ПЕРЕРЕЄСТРАЦІЯ ТЗ НА НОВОГО ВЛАСНИКА ПО ДОГОВОРУ КУПІВЛІ-ПРОДАЖУ УКЛАДЕНОМУ В ПРИСУТНОСТІ ,КВАДРОЦИКЛ,6
2026,307,ПЕРЕРЕЄСТРАЦІЯ ТЗ НА НОВОГО ВЛАСНИКА ПО ДОГОВОРУ КУПІВЛІ-ПРОДАЖУ УКЛАДЕНОМУ В ПРИСУТНОСТІ ,ЛЕГКОВИЙ,5656
2026,307,ПЕРЕРЕЄСТРАЦІЯ ТЗ НА НОВОГО ВЛАСНИКА ПО ДОГОВОРУ КУПІВЛІ-ПРОДАЖУ УКЛАДЕНОМУ В ПРИСУТНОСТІ ,МОПЕД,7
2026,307,ПЕРЕРЕЄСТРАЦІЯ ТЗ НА НОВОГО ВЛАСНИКА ПО ДОГОВОРУ КУПІВЛІ-ПРОДАЖУ УКЛАДЕНОМУ В ПРИСУТНОСТІ ,МОТОЦИКЛ,227
2026,307,ПЕРЕРЕЄСТРАЦІЯ ТЗ НА НОВОГО ВЛАСНИКА ПО ДОГОВОРУ КУПІВЛІ-ПРОДАЖУ УКЛАДЕНОМУ В ПРИСУТНОСТІ ,НАПІВПРИЧІП,26
2026,307,ПЕРЕРЕЄСТРАЦІЯ ТЗ НА НОВОГО ВЛАСНИКА ПО ДОГОВОРУ КУПІВЛІ-ПРОДАЖУ УКЛАДЕНОМУ В ПРИСУТНОСТІ ,ПРИЧІП,21
2026,308,"ПЕРЕРЕЄСТРАЦІЯ НА НОВОГО ВЛАСНИКА ЗА ДКП ТА ДОГОВОРОМ КОМІСІЇ, УКЛАДЕНИМИ У СГ",АВТОБУС,1273
2026,308,"ПЕРЕРЕЄСТРАЦІЯ НА НОВОГО ВЛАСНИКА ЗА ДКП ТА ДОГОВОРОМ КОМІСІЇ, УКЛАДЕНИМИ У СГ",ВАНТАЖНИЙ,17734
2026,308,"ПЕРЕРЕЄСТРАЦІЯ НА НОВОГО ВЛАСНИКА ЗА ДКП ТА ДОГОВОРОМ КОМІСІЇ, УКЛАДЕНИМИ У СГ",КВАДРОЦИКЛ,17
2026,308,"ПЕРЕРЕЄСТРАЦІЯ НА НОВОГО ВЛАСНИКА ЗА ДКП ТА ДОГОВОРОМ КОМІСІЇ, УКЛАДЕНИМИ У СГ",ЛЕГКОВИЙ,138133
2026,308,"ПЕРЕРЕЄСТРАЦІЯ НА НОВОГО ВЛАСНИКА ЗА ДКП ТА ДОГОВОРОМ КОМІСІЇ, УКЛАДЕНИМИ У СГ",МОПЕД,33
2026,308,"ПЕРЕРЕЄСТРАЦІЯ НА НОВОГО ВЛАСНИКА ЗА ДКП ТА ДОГОВОРОМ КОМІСІЇ, УКЛАДЕНИМИ У СГ",МОТОЦИКЛ,2061
2026,308,"ПЕРЕРЕЄСТРАЦІЯ НА НОВОГО ВЛАСНИКА ЗА ДКП ТА ДОГОВОРОМ КОМІСІЇ, УКЛАДЕНИМИ У СГ",НАПІВПРИЧІП,3531
2026,308,"ПЕРЕРЕЄСТРАЦІЯ НА НОВОГО ВЛАСНИКА ЗА ДКП ТА ДОГОВОРОМ КОМІСІЇ, УКЛАДЕНИМИ У СГ",ПРИЧІП,1850
2026,308,"ПЕРЕРЕЄСТРАЦІЯ НА НОВОГО ВЛАСНИКА ЗА ДКП ТА ДОГОВОРОМ КОМІСІЇ, УКЛАДЕНИМИ У СГ",ТРИЦИКЛ,22
2026,310,ПЕРЕРЕЄСТРАЦІЯ НА НОВОГО ВЛАСНИКА ЗА ДОГ. КУП.-ПРОД.ТА ІНШ.(ОФОРМ.НОТАРІАЛЬНО ),АВТОБУС,97
2026,310,ПЕРЕРЕЄСТРАЦІЯ НА НОВОГО ВЛАСНИКА ЗА ДОГ. КУП.-ПРОД.ТА ІНШ.(ОФОРМ.НОТАРІАЛЬНО ),ВАНТАЖНИЙ,999
2026,310,ПЕРЕРЕЄСТРАЦІЯ НА НОВОГО ВЛАСНИКА ЗА ДОГ. КУП.-ПРОД.ТА ІНШ.(ОФОРМ.НОТАРІАЛЬНО ),КВАДРОЦИКЛ,1
2026,310,ПЕРЕРЕЄСТРАЦІЯ НА НОВОГО ВЛАСНИКА ЗА ДОГ. КУП.-ПРОД.ТА ІНШ.(ОФОРМ.НОТАРІАЛЬНО ),ЛЕГКОВИЙ,1121
2026,310,ПЕРЕРЕЄСТРАЦІЯ НА НОВОГО ВЛАСНИКА ЗА ДОГ. КУП.-ПРОД.ТА ІНШ.(ОФОРМ.НОТАРІАЛЬНО ),МОТОЦИКЛ,20
2026,310,ПЕРЕРЕЄСТРАЦІЯ НА НОВОГО ВЛАСНИКА ЗА ДОГ. КУП.-ПРОД.ТА ІНШ.(ОФОРМ.НОТАРІАЛЬНО ),НАПІВПРИЧІП,236
2026,310,ПЕРЕРЕЄСТРАЦІЯ НА НОВОГО ВЛАСНИКА ЗА ДОГ. КУП.-ПРОД.ТА ІНШ.(ОФОРМ.НОТАРІАЛЬНО ),ПРИЧІП,61
2026,311,ПЕРЕРЕЄСТРАЦІЯ НА НОВОГО ВЛАСНИКА ЗА ДОГОВОРОМ МІНИ,АВТОБУС,2
2026,311,ПЕРЕРЕЄСТРАЦІЯ НА НОВОГО ВЛАСНИКА ЗА ДОГОВОРОМ МІНИ,ВАНТАЖНИЙ,2
2026,311,ПЕРЕРЕЄСТРАЦІЯ НА НОВОГО ВЛАСНИКА ЗА ДОГОВОРОМ МІНИ,ЛЕГКОВИЙ,12
2026,312,"ПЕРЕРЕЄСТРАЦІЯ ТЗ НА НОВОГО ВЛАСНИКА, ОТРИМАНОГО ЧЕРЕЗ ВІДДІЛ СОЦЗАХИСТУ",ЛЕГКОВИЙ,1
2026,313,"ПЕРЕРЕЄСТРАЦІЯ НА НОВОГО ВЛАСНИКА ЗА ДОГ. КУПІВЛІ-ПРОДАЖУ, УКЛАДЕНОГО У СГ НА ТЗ ЗАРЕЄСТРО",АВТОБУС,79
2026,313,"ПЕРЕРЕЄСТРАЦІЯ НА НОВОГО ВЛАСНИКА ЗА ДОГ. КУПІВЛІ-ПРОДАЖУ, УКЛАДЕНОГО У СГ НА ТЗ ЗАРЕЄСТРО",ВАНТАЖНИЙ,257
2026,313,"ПЕРЕРЕЄСТРАЦІЯ НА НОВОГО ВЛАСНИКА ЗА ДОГ. КУПІВЛІ-ПРОДАЖУ, УКЛАДЕНОГО У СГ НА ТЗ ЗАРЕЄСТРО",ЛЕГКОВИЙ,1751
2026,313,"ПЕРЕРЕЄСТРАЦІЯ НА НОВОГО ВЛАСНИКА ЗА ДОГ. КУПІВЛІ-ПРОДАЖУ, УКЛАДЕНОГО У СГ НА ТЗ ЗАРЕЄСТРО",МОТОЦИКЛ,37
2026,313,"ПЕРЕРЕЄСТРАЦІЯ НА НОВОГО ВЛАСНИКА ЗА ДОГ. КУПІВЛІ-ПРОДАЖУ, УКЛАДЕНОГО У СГ НА ТЗ ЗАРЕЄСТРО",НАПІВПРИЧІП,105
2026,313,"ПЕРЕРЕЄСТРАЦІЯ НА НОВОГО ВЛАСНИКА ЗА ДОГ. КУПІВЛІ-ПРОДАЖУ, УКЛАДЕНОГО У СГ НА ТЗ ЗАРЕЄСТРО",ПРИЧІП,3
2026,314,ПЕРЕРЕЄСТРАЦІЯ ТЗ НА НОВОГО ВЛАСНИКА ІЗ УКЛАДАННЯМ ДОГОВОРУ КУПІВЛІ-ПРОДАЖУ ЧЕРЕЗ ЕЛЕКТРОН,ВАНТАЖНИЙ,1
2026,314,ПЕРЕРЕЄСТРАЦІЯ ТЗ НА НОВОГО ВЛАСНИКА ІЗ УКЛАДАННЯМ ДОГОВОРУ КУПІВЛІ-ПРОДАЖУ ЧЕРЕЗ ЕЛЕКТРОН,ЛЕГКОВИЙ,178223
2026,314,ПЕРЕРЕЄСТРАЦІЯ ТЗ НА НОВОГО ВЛАСНИКА ІЗ УКЛАДАННЯМ ДОГОВОРУ КУПІВЛІ-ПРОДАЖУ ЧЕРЕЗ ЕЛЕКТРОН,МОПЕД,483
2026,314,ПЕРЕРЕЄСТРАЦІЯ ТЗ НА НОВОГО ВЛАСНИКА ІЗ УКЛАДАННЯМ ДОГОВОРУ КУПІВЛІ-ПРОДАЖУ ЧЕРЕЗ ЕЛЕКТРОН,МОТОЦИКЛ,16799
2026,315,ПЕРЕРЕЄСТРАЦІЯ ТЗ НА НОВ. ВЛАСН. ПО ДОГОВОРУ УКЛАДЕНОМУ В ТСЦ,АВТОБУС,922
2026,315,ПЕРЕРЕЄСТРАЦІЯ ТЗ НА НОВ. ВЛАСН. ПО ДОГОВОРУ УКЛАДЕНОМУ В ТСЦ,ВАНТАЖНИЙ,12790
2026,315,ПЕРЕРЕЄСТРАЦІЯ ТЗ НА НОВ. ВЛАСН. ПО ДОГОВОРУ УКЛАДЕНОМУ В ТСЦ,КВАДРОЦИКЛ,104
2026,315,ПЕРЕРЕЄСТРАЦІЯ ТЗ НА НОВ. ВЛАСН. ПО ДОГОВОРУ УКЛАДЕНОМУ В ТСЦ,ЛЕГКОВИЙ,262894
2026,315,ПЕРЕРЕЄСТРАЦІЯ ТЗ НА НОВ. ВЛАСН. ПО ДОГОВОРУ УКЛАДЕНОМУ В ТСЦ,МОПЕД,328
2026,315,ПЕРЕРЕЄСТРАЦІЯ ТЗ НА НОВ. ВЛАСН. ПО ДОГОВОРУ УКЛАДЕНОМУ В ТСЦ,МОТОЦИКЛ,9022
2026,315,ПЕРЕРЕЄСТРАЦІЯ ТЗ НА НОВ. ВЛАСН. ПО ДОГОВОРУ УКЛАДЕНОМУ В ТСЦ,НАПІВПРИЧІП,3045
2026,315,ПЕРЕРЕЄСТРАЦІЯ ТЗ НА НОВ. ВЛАСН. ПО ДОГОВОРУ УКЛАДЕНОМУ В ТСЦ,ПРИЧІП,2015
2026,315,ПЕРЕРЕЄСТРАЦІЯ ТЗ НА НОВ. ВЛАСН. ПО ДОГОВОРУ УКЛАДЕНОМУ В ТСЦ,ТРИЦИКЛ,23
2026,317,ПЕРЕРЕЄСТРАЦІЯ ТЗ НА НОВ. ВЛАСН. ПО ДОГОВОРУ ДАРУВАННЯ УКЛАДЕНОМУ В ТСЦ,АВТОБУС,123
2026,317,ПЕРЕРЕЄСТРАЦІЯ ТЗ НА НОВ. ВЛАСН. ПО ДОГОВОРУ ДАРУВАННЯ УКЛАДЕНОМУ В ТСЦ,ВАНТАЖНИЙ,1817
2026,317,ПЕРЕРЕЄСТРАЦІЯ ТЗ НА НОВ. ВЛАСН. ПО ДОГОВОРУ ДАРУВАННЯ УКЛАДЕНОМУ В ТСЦ,КВАДРОЦИКЛ,5
2026,317,ПЕРЕРЕЄСТРАЦІЯ ТЗ НА НОВ. ВЛАСН. ПО ДОГОВОРУ ДАРУВАННЯ УКЛАДЕНОМУ В ТСЦ,ЛЕГКОВИЙ,19708
2026,317,ПЕРЕРЕЄСТРАЦІЯ ТЗ НА НОВ. ВЛАСН. ПО ДОГОВОРУ ДАРУВАННЯ УКЛАДЕНОМУ В ТСЦ,МОПЕД,16
2026,317,ПЕРЕРЕЄСТРАЦІЯ ТЗ НА НОВ. ВЛАСН. ПО ДОГОВОРУ ДАРУВАННЯ УКЛАДЕНОМУ В ТСЦ,МОТОЦИКЛ,471
2026,317,ПЕРЕРЕЄСТРАЦІЯ ТЗ НА НОВ. ВЛАСН. ПО ДОГОВОРУ ДАРУВАННЯ УКЛАДЕНОМУ В ТСЦ,НАПІВПРИЧІП,420
2026,317,ПЕРЕРЕЄСТРАЦІЯ ТЗ НА НОВ. ВЛАСН. ПО ДОГОВОРУ ДАРУВАННЯ УКЛАДЕНОМУ В ТСЦ,ПРИЧІП,331
2026,317,ПЕРЕРЕЄСТРАЦІЯ ТЗ НА НОВ. ВЛАСН. ПО ДОГОВОРУ ДАРУВАННЯ УКЛАДЕНОМУ В ТСЦ,ТРИЦИКЛ,2
2026,319,ПЕРЕРЕЄСТРАЦІЯ ТЗ НА НОВОГО ВЛАСНИКА ЗА АКТОМ ПРИЙОМУ-ПЕРЕДАЧІ,АВТОБУС,172
2026,319,ПЕРЕРЕЄСТРАЦІЯ ТЗ НА НОВОГО ВЛАСНИКА ЗА АКТОМ ПРИЙОМУ-ПЕРЕДАЧІ,ВАНТАЖНИЙ,417
2026,319,ПЕРЕРЕЄСТРАЦІЯ ТЗ НА НОВОГО ВЛАСНИКА ЗА АКТОМ ПРИЙОМУ-ПЕРЕДАЧІ,ЛЕГКОВИЙ,1282
2026,319,ПЕРЕРЕЄСТРАЦІЯ ТЗ НА НОВОГО ВЛАСНИКА ЗА АКТОМ ПРИЙОМУ-ПЕРЕДАЧІ,МОПЕД,1
2026,319,ПЕРЕРЕЄСТРАЦІЯ ТЗ НА НОВОГО ВЛАСНИКА ЗА АКТОМ ПРИЙОМУ-ПЕРЕДАЧІ,МОТОЦИКЛ,6
2026,319,ПЕРЕРЕЄСТРАЦІЯ ТЗ НА НОВОГО ВЛАСНИКА ЗА АКТОМ ПРИЙОМУ-ПЕРЕДАЧІ,НАПІВПРИЧІП,28
2026,319,ПЕРЕРЕЄСТРАЦІЯ ТЗ НА НОВОГО ВЛАСНИКА ЗА АКТОМ ПРИЙОМУ-ПЕРЕДАЧІ,ПРИЧІП,106
2026,320,ПЕРЕРЕЄСТРАЦIЯ НА НОВ. ВЛАС. ЗА ДОГ. ДАРУВАННЯ (ОФОРМЛЕНО НОТАРІАЛЬНО),АВТОБУС,92
2026,320,ПЕРЕРЕЄСТРАЦIЯ НА НОВ. ВЛАС. ЗА ДОГ. ДАРУВАННЯ (ОФОРМЛЕНО НОТАРІАЛЬНО),ВАНТАЖНИЙ,930
2026,320,ПЕРЕРЕЄСТРАЦIЯ НА НОВ. ВЛАС. ЗА ДОГ. ДАРУВАННЯ (ОФОРМЛЕНО НОТАРІАЛЬНО),КВАДРОЦИКЛ,1
2026,320,ПЕРЕРЕЄСТРАЦIЯ НА НОВ. ВЛАС. ЗА ДОГ. ДАРУВАННЯ (ОФОРМЛЕНО НОТАРІАЛЬНО),ЛЕГКОВИЙ,1854
2026,320,ПЕРЕРЕЄСТРАЦIЯ НА НОВ. ВЛАС. ЗА ДОГ. ДАРУВАННЯ (ОФОРМЛЕНО НОТАРІАЛЬНО),МОПЕД,1
2026,320,ПЕРЕРЕЄСТРАЦIЯ НА НОВ. ВЛАС. ЗА ДОГ. ДАРУВАННЯ (ОФОРМЛЕНО НОТАРІАЛЬНО),МОТОЦИКЛ,43
2026,320,ПЕРЕРЕЄСТРАЦIЯ НА НОВ. ВЛАС. ЗА ДОГ. ДАРУВАННЯ (ОФОРМЛЕНО НОТАРІАЛЬНО),НАПІВПРИЧІП,199
2026,320,ПЕРЕРЕЄСТРАЦIЯ НА НОВ. ВЛАС. ЗА ДОГ. ДАРУВАННЯ (ОФОРМЛЕНО НОТАРІАЛЬНО),ПРИЧІП,93
2026,321,"ПЕРЕРЕЄСТРАЦIЯ ТЗ НА НОВ. ВЛАС. ПО УСПАДКУВАННЮ ЗА ЗАКОНОМ, ЗАПОВIТОМ ЧИ УСПАДКОВАНОМУ ДОГ",АВТОБУС,104
2026,321,"ПЕРЕРЕЄСТРАЦIЯ ТЗ НА НОВ. ВЛАС. ПО УСПАДКУВАННЮ ЗА ЗАКОНОМ, ЗАПОВIТОМ ЧИ УСПАДКОВАНОМУ ДОГ",ВАНТАЖНИЙ,1126
2026,321,"ПЕРЕРЕЄСТРАЦIЯ ТЗ НА НОВ. ВЛАС. ПО УСПАДКУВАННЮ ЗА ЗАКОНОМ, ЗАПОВIТОМ ЧИ УСПАДКОВАНОМУ ДОГ",КВАДРОЦИКЛ,3
2026,321,"ПЕРЕРЕЄСТРАЦIЯ ТЗ НА НОВ. ВЛАС. ПО УСПАДКУВАННЮ ЗА ЗАКОНОМ, ЗАПОВIТОМ ЧИ УСПАДКОВАНОМУ ДОГ",ЛЕГКОВИЙ,13547
2026,321,"ПЕРЕРЕЄСТРАЦIЯ ТЗ НА НОВ. ВЛАС. ПО УСПАДКУВАННЮ ЗА ЗАКОНОМ, ЗАПОВIТОМ ЧИ УСПАДКОВАНОМУ ДОГ",МОПЕД,49
2026,321,"ПЕРЕРЕЄСТРАЦIЯ ТЗ НА НОВ. ВЛАС. ПО УСПАДКУВАННЮ ЗА ЗАКОНОМ, ЗАПОВIТОМ ЧИ УСПАДКОВАНОМУ ДОГ",МОТОЦИКЛ,380
2026,321,"ПЕРЕРЕЄСТРАЦIЯ ТЗ НА НОВ. ВЛАС. ПО УСПАДКУВАННЮ ЗА ЗАКОНОМ, ЗАПОВIТОМ ЧИ УСПАДКОВАНОМУ ДОГ",НАПІВПРИЧІП,154
2026,321,"ПЕРЕРЕЄСТРАЦIЯ ТЗ НА НОВ. ВЛАС. ПО УСПАДКУВАННЮ ЗА ЗАКОНОМ, ЗАПОВIТОМ ЧИ УСПАДКОВАНОМУ ДОГ",ПРИЧІП,1034
2026,321,"ПЕРЕРЕЄСТРАЦIЯ ТЗ НА НОВ. ВЛАС. ПО УСПАДКУВАННЮ ЗА ЗАКОНОМ, ЗАПОВIТОМ ЧИ УСПАДКОВАНОМУ ДОГ",ТРИЦИКЛ,1
2026,322,ПЕРЕРЕЄСТРАЦIЯ ТЗ НА НОВ. ВЛАС. ПО УСПАДКУВАННЮ ЗА ЗАКОНОМ ЧИ ЗНЯТТЯМ З ОБЛІКУ В ОРГАНАХ С,АВТОБУС,19
2026,322,ПЕРЕРЕЄСТРАЦIЯ ТЗ НА НОВ. ВЛАС. ПО УСПАДКУВАННЮ ЗА ЗАКОНОМ ЧИ ЗНЯТТЯМ З ОБЛІКУ В ОРГАНАХ С,ВАНТАЖНИЙ,214
2026,322,ПЕРЕРЕЄСТРАЦIЯ ТЗ НА НОВ. ВЛАС. ПО УСПАДКУВАННЮ ЗА ЗАКОНОМ ЧИ ЗНЯТТЯМ З ОБЛІКУ В ОРГАНАХ С,КВАДРОЦИКЛ,1
2026,322,ПЕРЕРЕЄСТРАЦIЯ ТЗ НА НОВ. ВЛАС. ПО УСПАДКУВАННЮ ЗА ЗАКОНОМ ЧИ ЗНЯТТЯМ З ОБЛІКУ В ОРГАНАХ С,ЛЕГКОВИЙ,3422
2026,322,ПЕРЕРЕЄСТРАЦIЯ ТЗ НА НОВ. ВЛАС. ПО УСПАДКУВАННЮ ЗА ЗАКОНОМ ЧИ ЗНЯТТЯМ З ОБЛІКУ В ОРГАНАХ С,МОПЕД,28
2026,322,ПЕРЕРЕЄСТРАЦIЯ ТЗ НА НОВ. ВЛАС. ПО УСПАДКУВАННЮ ЗА ЗАКОНОМ ЧИ ЗНЯТТЯМ З ОБЛІКУ В ОРГАНАХ С,МОТОЦИКЛ,80
2026,322,ПЕРЕРЕЄСТРАЦIЯ ТЗ НА НОВ. ВЛАС. ПО УСПАДКУВАННЮ ЗА ЗАКОНОМ ЧИ ЗНЯТТЯМ З ОБЛІКУ В ОРГАНАХ С,НАПІВПРИЧІП,28
2026,322,ПЕРЕРЕЄСТРАЦIЯ ТЗ НА НОВ. ВЛАС. ПО УСПАДКУВАННЮ ЗА ЗАКОНОМ ЧИ ЗНЯТТЯМ З ОБЛІКУ В ОРГАНАХ С,ПРИЧІП,191
2026,324,"ПЕРЕРЕЄСТРАЦІЯ ТЗ НА НОВОГО ВЛАСНИКА (СТРАХОВИКА), ПІСЛЯ ВИПЛАТИ СТРАХУВАЛЬНИКАМ ПОВНОЇ СТ",ВАНТАЖНИЙ,2
2026,324,"ПЕРЕРЕЄСТРАЦІЯ ТЗ НА НОВОГО ВЛАСНИКА (СТРАХОВИКА), ПІСЛЯ ВИПЛАТИ СТРАХУВАЛЬНИКАМ ПОВНОЇ СТ",ЛЕГКОВИЙ,3
2026,327,"РЕЄСТРАЦІЯ СУБЄКТОМ ГОСПОДАРЮВАННЯ ТЗ ЗНЯТОГО З ОБЛІКУ, НА НОВОГО ВЛАСНИКА ЗА ДКП, УКЛАДЕН",ВАНТАЖНИЙ,2
2026,327,"РЕЄСТРАЦІЯ СУБЄКТОМ ГОСПОДАРЮВАННЯ ТЗ ЗНЯТОГО З ОБЛІКУ, НА НОВОГО ВЛАСНИКА ЗА ДКП, УКЛАДЕН",ЛЕГКОВИЙ,47
2026,328,"РЕЄСТРАЦІЯ ТЗ ЗНЯТОГО З ОБЛІКУ, НА НОВОГО ВЛАСНИКА ЗА ДКП, УКЛАДЕНОГО У СГ (TRADE-IN)",ВАНТАЖНИЙ,36
2026,328,"РЕЄСТРАЦІЯ ТЗ ЗНЯТОГО З ОБЛІКУ, НА НОВОГО ВЛАСНИКА ЗА ДКП, УКЛАДЕНОГО У СГ (TRADE-IN)",ЛЕГКОВИЙ,2098
2026,328,"РЕЄСТРАЦІЯ ТЗ ЗНЯТОГО З ОБЛІКУ, НА НОВОГО ВЛАСНИКА ЗА ДКП, УКЛАДЕНОГО У СГ (TRADE-IN)",МОТОЦИКЛ,12
2026,328,"РЕЄСТРАЦІЯ ТЗ ЗНЯТОГО З ОБЛІКУ, НА НОВОГО ВЛАСНИКА ЗА ДКП, УКЛАДЕНОГО У СГ (TRADE-IN)",НАПІВПРИЧІП,8
2026,329,ПЕРЕРЕЄСТРАЦІЯ ТЗ НА НОВОГО ВЛАСНИКА ЗА ДОГОВОРОМ ФІНАНСОВОГО ЛІЗИНГУ ТА ДКП ПРЕДМЕТА ЛІЗИ,АВТОБУС,15
2026,329,ПЕРЕРЕЄСТРАЦІЯ ТЗ НА НОВОГО ВЛАСНИКА ЗА ДОГОВОРОМ ФІНАНСОВОГО ЛІЗИНГУ ТА ДКП ПРЕДМЕТА ЛІЗИ,ВАНТАЖНИЙ,1503
2026,329,ПЕРЕРЕЄСТРАЦІЯ ТЗ НА НОВОГО ВЛАСНИКА ЗА ДОГОВОРОМ ФІНАНСОВОГО ЛІЗИНГУ ТА ДКП ПРЕДМЕТА ЛІЗИ,ЛЕГКОВИЙ,5533
2026,329,ПЕРЕРЕЄСТРАЦІЯ ТЗ НА НОВОГО ВЛАСНИКА ЗА ДОГОВОРОМ ФІНАНСОВОГО ЛІЗИНГУ ТА ДКП ПРЕДМЕТА ЛІЗИ,МОТОЦИКЛ,6
2026,329,ПЕРЕРЕЄСТРАЦІЯ ТЗ НА НОВОГО ВЛАСНИКА ЗА ДОГОВОРОМ ФІНАНСОВОГО ЛІЗИНГУ ТА ДКП ПРЕДМЕТА ЛІЗИ,НАПІВПРИЧІП,376
2026,329,ПЕРЕРЕЄСТРАЦІЯ ТЗ НА НОВОГО ВЛАСНИКА ЗА ДОГОВОРОМ ФІНАНСОВОГО ЛІЗИНГУ ТА ДКП ПРЕДМЕТА ЛІЗИ,ПРИЧІП,10
2026,330,ПЕРЕРЕЄСТРАЦIЯ НА НОВОГО ВЛАСНИКА ЗА РIШЕННЯМ СУДУ,АВТОБУС,9
2026,330,ПЕРЕРЕЄСТРАЦIЯ НА НОВОГО ВЛАСНИКА ЗА РIШЕННЯМ СУДУ,ВАНТАЖНИЙ,55
2026,330,ПЕРЕРЕЄСТРАЦIЯ НА НОВОГО ВЛАСНИКА ЗА РIШЕННЯМ СУДУ,ЛЕГКОВИЙ,240
2026,330,ПЕРЕРЕЄСТРАЦIЯ НА НОВОГО ВЛАСНИКА ЗА РIШЕННЯМ СУДУ,МОПЕД,1
2026,330,ПЕРЕРЕЄСТРАЦIЯ НА НОВОГО ВЛАСНИКА ЗА РIШЕННЯМ СУДУ,МОТОЦИКЛ,8
2026,330,ПЕРЕРЕЄСТРАЦIЯ НА НОВОГО ВЛАСНИКА ЗА РIШЕННЯМ СУДУ,НАПІВПРИЧІП,7
2026,330,ПЕРЕРЕЄСТРАЦIЯ НА НОВОГО ВЛАСНИКА ЗА РIШЕННЯМ СУДУ,ПРИЧІП,5
2026,331,"ПЕРЕРЕЄСТРАЦІЯ НА НОВОГО ВЛАСНИКА ТЗ, ПРИДБАНОГО НА АУКЦІОНІ, ЕЛЕКТРОННИХ ТОРГАХ, ТОВАРНІЙ",АВТОБУС,10
2026,331,"ПЕРЕРЕЄСТРАЦІЯ НА НОВОГО ВЛАСНИКА ТЗ, ПРИДБАНОГО НА АУКЦІОНІ, ЕЛЕКТРОННИХ ТОРГАХ, ТОВАРНІЙ",ВАНТАЖНИЙ,160
2026,331,"ПЕРЕРЕЄСТРАЦІЯ НА НОВОГО ВЛАСНИКА ТЗ, ПРИДБАНОГО НА АУКЦІОНІ, ЕЛЕКТРОННИХ ТОРГАХ, ТОВАРНІЙ",ЛЕГКОВИЙ,413
2026,331,"ПЕРЕРЕЄСТРАЦІЯ НА НОВОГО ВЛАСНИКА ТЗ, ПРИДБАНОГО НА АУКЦІОНІ, ЕЛЕКТРОННИХ ТОРГАХ, ТОВАРНІЙ",МОТОЦИКЛ,1
2026,331,"ПЕРЕРЕЄСТРАЦІЯ НА НОВОГО ВЛАСНИКА ТЗ, ПРИДБАНОГО НА АУКЦІОНІ, ЕЛЕКТРОННИХ ТОРГАХ, ТОВАРНІЙ",НАПІВПРИЧІП,21
2026,331,"ПЕРЕРЕЄСТРАЦІЯ НА НОВОГО ВЛАСНИКА ТЗ, ПРИДБАНОГО НА АУКЦІОНІ, ЕЛЕКТРОННИХ ТОРГАХ, ТОВАРНІЙ",ПРИЧІП,18
2026,332,ПЕРЕРЕЄСТРАЦІЯ ТЗ НА НОВОГО ВЛАСНИКА ЗА ПОСТАНОВОЮ ПРО ПЕРЕДАЧУ МАЙНА,ВАНТАЖНИЙ,10
2026,332,ПЕРЕРЕЄСТРАЦІЯ ТЗ НА НОВОГО ВЛАСНИКА ЗА ПОСТАНОВОЮ ПРО ПЕРЕДАЧУ МАЙНА,ЛЕГКОВИЙ,9
2026,332,ПЕРЕРЕЄСТРАЦІЯ ТЗ НА НОВОГО ВЛАСНИКА ЗА ПОСТАНОВОЮ ПРО ПЕРЕДАЧУ МАЙНА,НАПІВПРИЧІП,1
2026,340,ПЕРЕРЕЄСТРАЦIЯ У ЗВ`ЯЗКУ ЗI ЗМIНОЮ АНКЕТНИХ ДАНИХ ВЛАСНИКА(БЕЗ ЗМІНИ РЕГІОНУ РЕЄСТРАЦІЇ),АВТОБУС,36
2026,340,ПЕРЕРЕЄСТРАЦIЯ У ЗВ`ЯЗКУ ЗI ЗМIНОЮ АНКЕТНИХ ДАНИХ ВЛАСНИКА(БЕЗ ЗМІНИ РЕГІОНУ РЕЄСТРАЦІЇ),ВАНТАЖНИЙ,738
2026,340,ПЕРЕРЕЄСТРАЦIЯ У ЗВ`ЯЗКУ ЗI ЗМIНОЮ АНКЕТНИХ ДАНИХ ВЛАСНИКА(БЕЗ ЗМІНИ РЕГІОНУ РЕЄСТРАЦІЇ),КВАДРОЦИКЛ,3
2026,340,ПЕРЕРЕЄСТРАЦIЯ У ЗВ`ЯЗКУ ЗI ЗМIНОЮ АНКЕТНИХ ДАНИХ ВЛАСНИКА(БЕЗ ЗМІНИ РЕГІОНУ РЕЄСТРАЦІЇ),ЛЕГКОВИЙ,8960
2026,340,ПЕРЕРЕЄСТРАЦIЯ У ЗВ`ЯЗКУ ЗI ЗМIНОЮ АНКЕТНИХ ДАНИХ ВЛАСНИКА(БЕЗ ЗМІНИ РЕГІОНУ РЕЄСТРАЦІЇ),МОПЕД,13
2026,340,ПЕРЕРЕЄСТРАЦIЯ У ЗВ`ЯЗКУ ЗI ЗМIНОЮ АНКЕТНИХ ДАНИХ ВЛАСНИКА(БЕЗ ЗМІНИ РЕГІОНУ РЕЄСТРАЦІЇ),МОТОЦИКЛ,154
2026,340,ПЕРЕРЕЄСТРАЦIЯ У ЗВ`ЯЗКУ ЗI ЗМIНОЮ АНКЕТНИХ ДАНИХ ВЛАСНИКА(БЕЗ ЗМІНИ РЕГІОНУ РЕЄСТРАЦІЇ),НАПІВПРИЧІП,175
2026,340,ПЕРЕРЕЄСТРАЦIЯ У ЗВ`ЯЗКУ ЗI ЗМIНОЮ АНКЕТНИХ ДАНИХ ВЛАСНИКА(БЕЗ ЗМІНИ РЕГІОНУ РЕЄСТРАЦІЇ),ПРИЧІП,129
2026,341,ПЕРЕРЕЄСТРАЦІЯ РАНІШЕ ВИКРАДЕНОГО ТЗ,ЛЕГКОВИЙ,5
2026,343,ПЕРЕРЕЄСТРАЦІЯ У ЗВ'ЯЗКУ ІЗ ЗМІНОЮ ДАНИХ ВЛАСНИКА АБО ТЗ (ТЗ  ОТРИМАНО ЧЕРЕЗ ВІДДІЛ СОЦЗАХ,ЛЕГКОВИЙ,4
2026,350,ПЕРЕРЕЄСТРАЦIЯ У ЗВ`ЯЗКУ ЗI ЗМIНОЮ НАЗВИ ОРГАНIЗАЦIЇ,АВТОБУС,82
2026,350,ПЕРЕРЕЄСТРАЦIЯ У ЗВ`ЯЗКУ ЗI ЗМIНОЮ НАЗВИ ОРГАНIЗАЦIЇ,ВАНТАЖНИЙ,562
2026,350,ПЕРЕРЕЄСТРАЦIЯ У ЗВ`ЯЗКУ ЗI ЗМIНОЮ НАЗВИ ОРГАНIЗАЦIЇ,ЛЕГКОВИЙ,1650
2026,350,ПЕРЕРЕЄСТРАЦIЯ У ЗВ`ЯЗКУ ЗI ЗМIНОЮ НАЗВИ ОРГАНIЗАЦIЇ,МОТОЦИКЛ,4
2026,350,ПЕРЕРЕЄСТРАЦIЯ У ЗВ`ЯЗКУ ЗI ЗМIНОЮ НАЗВИ ОРГАНIЗАЦIЇ,НАПІВПРИЧІП,100
2026,350,ПЕРЕРЕЄСТРАЦIЯ У ЗВ`ЯЗКУ ЗI ЗМIНОЮ НАЗВИ ОРГАНIЗАЦIЇ,ПРИЧІП,46
2026,360,ПЕРЕРЕЄСТРАЦІЯ ТЗ У ЗВ`ЯЗКУ ЗІ ЗМІНОЮ АНКЕТНИХ ДАНИХ ВЛАСНИКА (З ЗМІНОЮ РЕГІОНУ РЕЄСТРАЦІЇ,АВТОБУС,18
2026,360,ПЕРЕРЕЄСТРАЦІЯ ТЗ У ЗВ`ЯЗКУ ЗІ ЗМІНОЮ АНКЕТНИХ ДАНИХ ВЛАСНИКА (З ЗМІНОЮ РЕГІОНУ РЕЄСТРАЦІЇ,ВАНТАЖНИЙ,221
2026,360,ПЕРЕРЕЄСТРАЦІЯ ТЗ У ЗВ`ЯЗКУ ЗІ ЗМІНОЮ АНКЕТНИХ ДАНИХ ВЛАСНИКА (З ЗМІНОЮ РЕГІОНУ РЕЄСТРАЦІЇ,ЛЕГКОВИЙ,1360
2026,360,ПЕРЕРЕЄСТРАЦІЯ ТЗ У ЗВ`ЯЗКУ ЗІ ЗМІНОЮ АНКЕТНИХ ДАНИХ ВЛАСНИКА (З ЗМІНОЮ РЕГІОНУ РЕЄСТРАЦІЇ,МОПЕД,2
2026,360,ПЕРЕРЕЄСТРАЦІЯ ТЗ У ЗВ`ЯЗКУ ЗІ ЗМІНОЮ АНКЕТНИХ ДАНИХ ВЛАСНИКА (З ЗМІНОЮ РЕГІОНУ РЕЄСТРАЦІЇ,МОТОЦИКЛ,39
2026,360,ПЕРЕРЕЄСТРАЦІЯ ТЗ У ЗВ`ЯЗКУ ЗІ ЗМІНОЮ АНКЕТНИХ ДАНИХ ВЛАСНИКА (З ЗМІНОЮ РЕГІОНУ РЕЄСТРАЦІЇ,НАПІВПРИЧІП,54
2026,360,ПЕРЕРЕЄСТРАЦІЯ ТЗ У ЗВ`ЯЗКУ ЗІ ЗМІНОЮ АНКЕТНИХ ДАНИХ ВЛАСНИКА (З ЗМІНОЮ РЕГІОНУ РЕЄСТРАЦІЇ,ПРИЧІП,54
2026,363,ПЕРЕРЕЄСТРАЦІЯ ТЗ НА НОВОГО ВЛАСНИКА У ЗВ`ЯЗКУ З ПЕРЕДАЧЕЮ ДО СТАТУТНОГО ФОНДУ,АВТОБУС,59
2026,363,ПЕРЕРЕЄСТРАЦІЯ ТЗ НА НОВОГО ВЛАСНИКА У ЗВ`ЯЗКУ З ПЕРЕДАЧЕЮ ДО СТАТУТНОГО ФОНДУ,ВАНТАЖНИЙ,422
2026,363,ПЕРЕРЕЄСТРАЦІЯ ТЗ НА НОВОГО ВЛАСНИКА У ЗВ`ЯЗКУ З ПЕРЕДАЧЕЮ ДО СТАТУТНОГО ФОНДУ,ЛЕГКОВИЙ,211
2026,363,ПЕРЕРЕЄСТРАЦІЯ ТЗ НА НОВОГО ВЛАСНИКА У ЗВ`ЯЗКУ З ПЕРЕДАЧЕЮ ДО СТАТУТНОГО ФОНДУ,НАПІВПРИЧІП,260
2026,363,ПЕРЕРЕЄСТРАЦІЯ ТЗ НА НОВОГО ВЛАСНИКА У ЗВ`ЯЗКУ З ПЕРЕДАЧЕЮ ДО СТАТУТНОГО ФОНДУ,ПРИЧІП,14
2026,364,ПЕРЕРЕЄСТРАЦІЯ ТЗ НА НОВОГО ВЛАСНИКА В ЗВЯЗКУ ІЗ ВИВЕДЕННЯМ ІЗ СТАТУТНОГО ФОНДУ,АВТОБУС,7
2026,364,ПЕРЕРЕЄСТРАЦІЯ ТЗ НА НОВОГО ВЛАСНИКА В ЗВЯЗКУ ІЗ ВИВЕДЕННЯМ ІЗ СТАТУТНОГО ФОНДУ,ВАНТАЖНИЙ,5
2026,364,ПЕРЕРЕЄСТРАЦІЯ ТЗ НА НОВОГО ВЛАСНИКА В ЗВЯЗКУ ІЗ ВИВЕДЕННЯМ ІЗ СТАТУТНОГО ФОНДУ,ЛЕГКОВИЙ,2
2026,364,ПЕРЕРЕЄСТРАЦІЯ ТЗ НА НОВОГО ВЛАСНИКА В ЗВЯЗКУ ІЗ ВИВЕДЕННЯМ ІЗ СТАТУТНОГО ФОНДУ,НАПІВПРИЧІП,1
2026,380,"ПЕРЕРЕЄСТРАЦІЯ У ЗВ`ЯЗКУ З ЗАМІНОЮ КУЗОВА (ШАСІ), БЕЗ ЗДІЙСНЕННЯ ПЕРЕОБЛАДНАННЯ ТЗ",АВТОБУС,1
2026,390,ПЕРЕРЕЄСТРАЦIЯ У ЗВ`ЯЗКУ ЗI ЗМIНОЮ КОЛЬОРУ ТЗ,АВТОБУС,140
2026,390,ПЕРЕРЕЄСТРАЦIЯ У ЗВ`ЯЗКУ ЗI ЗМIНОЮ КОЛЬОРУ ТЗ,ВАНТАЖНИЙ,435
2026,390,ПЕРЕРЕЄСТРАЦIЯ У ЗВ`ЯЗКУ ЗI ЗМIНОЮ КОЛЬОРУ ТЗ,КВАДРОЦИКЛ,4
2026,390,ПЕРЕРЕЄСТРАЦIЯ У ЗВ`ЯЗКУ ЗI ЗМIНОЮ КОЛЬОРУ ТЗ,ЛЕГКОВИЙ,1326
2026,390,ПЕРЕРЕЄСТРАЦIЯ У ЗВ`ЯЗКУ ЗI ЗМIНОЮ КОЛЬОРУ ТЗ,МОПЕД,7
2026,390,ПЕРЕРЕЄСТРАЦIЯ У ЗВ`ЯЗКУ ЗI ЗМIНОЮ КОЛЬОРУ ТЗ,МОТОЦИКЛ,150
2026,390,ПЕРЕРЕЄСТРАЦIЯ У ЗВ`ЯЗКУ ЗI ЗМIНОЮ КОЛЬОРУ ТЗ,НАПІВПРИЧІП,65
2026,390,ПЕРЕРЕЄСТРАЦIЯ У ЗВ`ЯЗКУ ЗI ЗМIНОЮ КОЛЬОРУ ТЗ,ПРИЧІП,34
2026,40,"ВТОРИННА РЕЄСТРАЦІЯ ТЗ, ПРИДБАНОГО В ТОРГОВЕЛЬНІЙ ОРГАНІЗАЦІЇ",ЛЕГКОВИЙ,1
2026,40,"ВТОРИННА РЕЄСТРАЦІЯ ТЗ, ПРИДБАНОГО В ТОРГОВЕЛЬНІЙ ОРГАНІЗАЦІЇ",ПРИЧІП,1
2026,400,ПЕРЕРЕЄСТРАЦIЯ ПРИ ПЕРЕОБЛАДНАННI ДЛЯ РОБОТИ НА ГАЗОВОМУ ПАЛЬНОМУ,АВТОБУС,4
2026,400,ПЕРЕРЕЄСТРАЦIЯ ПРИ ПЕРЕОБЛАДНАННI ДЛЯ РОБОТИ НА ГАЗОВОМУ ПАЛЬНОМУ,ВАНТАЖНИЙ,157
2026,400,ПЕРЕРЕЄСТРАЦIЯ ПРИ ПЕРЕОБЛАДНАННI ДЛЯ РОБОТИ НА ГАЗОВОМУ ПАЛЬНОМУ,ЛЕГКОВИЙ,9117
2026,401,ПЕРЕРЕЄСТРАЦІЯ ТЗ ПРИ ПЕРЕОБЛ.І ІЗ ЗАМ.КУЗОВА(ШАСІ) ЗА ПОГОДЖЕННЯМ,АВТОБУС,1
2026,401,ПЕРЕРЕЄСТРАЦІЯ ТЗ ПРИ ПЕРЕОБЛ.І ІЗ ЗАМ.КУЗОВА(ШАСІ) ЗА ПОГОДЖЕННЯМ,ВАНТАЖНИЙ,139
2026,401,ПЕРЕРЕЄСТРАЦІЯ ТЗ ПРИ ПЕРЕОБЛ.І ІЗ ЗАМ.КУЗОВА(ШАСІ) ЗА ПОГОДЖЕННЯМ,ЛЕГКОВИЙ,3
2026,402,"ПЕРЕРЕЄСТРАЦІЯ ТЗ ПРИ ПЕРЕОБЛI.(ЗАМІНА ТИПУ, ПОТУЖ. ДВИГ.)ЗА ПОГОДЖЕННЯМ",АВТОБУС,10
2026,402,"ПЕРЕРЕЄСТРАЦІЯ ТЗ ПРИ ПЕРЕОБЛI.(ЗАМІНА ТИПУ, ПОТУЖ. ДВИГ.)ЗА ПОГОДЖЕННЯМ",ВАНТАЖНИЙ,588
2026,402,"ПЕРЕРЕЄСТРАЦІЯ ТЗ ПРИ ПЕРЕОБЛI.(ЗАМІНА ТИПУ, ПОТУЖ. ДВИГ.)ЗА ПОГОДЖЕННЯМ",ЛЕГКОВИЙ,247
2026,402,"ПЕРЕРЕЄСТРАЦІЯ ТЗ ПРИ ПЕРЕОБЛI.(ЗАМІНА ТИПУ, ПОТУЖ. ДВИГ.)ЗА ПОГОДЖЕННЯМ",МОТОЦИКЛ,2
2026,403,ПЕРЕРЕЄСТРАЦІЯ ПРИ ПЕРЕОБЛ.(ЗАМІНА КУЗОВА (ШАСІ)) ТА ДВИГУНА ЗА ПОГОДЖ.,АВТОБУС,2
2026,403,ПЕРЕРЕЄСТРАЦІЯ ПРИ ПЕРЕОБЛ.(ЗАМІНА КУЗОВА (ШАСІ)) ТА ДВИГУНА ЗА ПОГОДЖ.,ВАНТАЖНИЙ,144
2026,403,ПЕРЕРЕЄСТРАЦІЯ ПРИ ПЕРЕОБЛ.(ЗАМІНА КУЗОВА (ШАСІ)) ТА ДВИГУНА ЗА ПОГОДЖ.,ЛЕГКОВИЙ,21
2026,404,"ПЕРЕРЕЄСТРАЦІЯ ТЗ, В ЗВ’ЯЗКУ ІЗ НАНЕСЕННЯ СПЕЦІАЛЬНИХ ІНДИВІДУАЛЬНИХ НОМЕРІВ АБО ДУБЛЮВАНН",АВТОБУС,44
2026,404,"ПЕРЕРЕЄСТРАЦІЯ ТЗ, В ЗВ’ЯЗКУ ІЗ НАНЕСЕННЯ СПЕЦІАЛЬНИХ ІНДИВІДУАЛЬНИХ НОМЕРІВ АБО ДУБЛЮВАНН",ВАНТАЖНИЙ,88
2026,404,"ПЕРЕРЕЄСТРАЦІЯ ТЗ, В ЗВ’ЯЗКУ ІЗ НАНЕСЕННЯ СПЕЦІАЛЬНИХ ІНДИВІДУАЛЬНИХ НОМЕРІВ АБО ДУБЛЮВАНН",ЛЕГКОВИЙ,284
2026,404,"ПЕРЕРЕЄСТРАЦІЯ ТЗ, В ЗВ’ЯЗКУ ІЗ НАНЕСЕННЯ СПЕЦІАЛЬНИХ ІНДИВІДУАЛЬНИХ НОМЕРІВ АБО ДУБЛЮВАНН",НАПІВПРИЧІП,2
2026,405,"ПЕРЕРЕЄСТРАЦІЯ ТЗ, В ЗВ’ЯЗКУ ІЗ НАНЕСЕННЯ СПЕЦІАЛЬНИХ ІНДИВІДУАЛЬНИХ НОМЕРІВ АБО ДУБЛЮВАНН",АВТОБУС,3
2026,405,"ПЕРЕРЕЄСТРАЦІЯ ТЗ, В ЗВ’ЯЗКУ ІЗ НАНЕСЕННЯ СПЕЦІАЛЬНИХ ІНДИВІДУАЛЬНИХ НОМЕРІВ АБО ДУБЛЮВАНН",ВАНТАЖНИЙ,308
2026,405,"ПЕРЕРЕЄСТРАЦІЯ ТЗ, В ЗВ’ЯЗКУ ІЗ НАНЕСЕННЯ СПЕЦІАЛЬНИХ ІНДИВІДУАЛЬНИХ НОМЕРІВ АБО ДУБЛЮВАНН",ЛЕГКОВИЙ,42
2026,405,"ПЕРЕРЕЄСТРАЦІЯ ТЗ, В ЗВ’ЯЗКУ ІЗ НАНЕСЕННЯ СПЕЦІАЛЬНИХ ІНДИВІДУАЛЬНИХ НОМЕРІВ АБО ДУБЛЮВАНН",МОТОЦИКЛ,5
2026,405,"ПЕРЕРЕЄСТРАЦІЯ ТЗ, В ЗВ’ЯЗКУ ІЗ НАНЕСЕННЯ СПЕЦІАЛЬНИХ ІНДИВІДУАЛЬНИХ НОМЕРІВ АБО ДУБЛЮВАНН",НАПІВПРИЧІП,88
2026,405,"ПЕРЕРЕЄСТРАЦІЯ ТЗ, В ЗВ’ЯЗКУ ІЗ НАНЕСЕННЯ СПЕЦІАЛЬНИХ ІНДИВІДУАЛЬНИХ НОМЕРІВ АБО ДУБЛЮВАНН",ПРИЧІП,15
2026,407,ПЕРЕРЕЄСТРАЦІЯ У ЗВ’ЯЗКУ З ВСТАНОВЛ. СССП АВТОЖОВТОГО КОЛЬОРУ НА ТЗ РЕАГУВАННЯ СОД,ВАНТАЖНИЙ,3
2026,407,ПЕРЕРЕЄСТРАЦІЯ У ЗВ’ЯЗКУ З ВСТАНОВЛ. СССП АВТОЖОВТОГО КОЛЬОРУ НА ТЗ РЕАГУВАННЯ СОД,ЛЕГКОВИЙ,69
2026,408,ПЕРЕРЕЄСТРАЦІЯ ПРИ ПЕРЕОБЛАДНАННІ БЕЗ ЗАМІНИ НОМЕРНИХ АГРЕГАТІВ,АВТОБУС,88
2026,408,ПЕРЕРЕЄСТРАЦІЯ ПРИ ПЕРЕОБЛАДНАННІ БЕЗ ЗАМІНИ НОМЕРНИХ АГРЕГАТІВ,ВАНТАЖНИЙ,4627
2026,408,ПЕРЕРЕЄСТРАЦІЯ ПРИ ПЕРЕОБЛАДНАННІ БЕЗ ЗАМІНИ НОМЕРНИХ АГРЕГАТІВ,ЛЕГКОВИЙ,3027
2026,408,ПЕРЕРЕЄСТРАЦІЯ ПРИ ПЕРЕОБЛАДНАННІ БЕЗ ЗАМІНИ НОМЕРНИХ АГРЕГАТІВ,МОТОЦИКЛ,3
2026,408,ПЕРЕРЕЄСТРАЦІЯ ПРИ ПЕРЕОБЛАДНАННІ БЕЗ ЗАМІНИ НОМЕРНИХ АГРЕГАТІВ,НАПІВПРИЧІП,885
2026,408,ПЕРЕРЕЄСТРАЦІЯ ПРИ ПЕРЕОБЛАДНАННІ БЕЗ ЗАМІНИ НОМЕРНИХ АГРЕГАТІВ,ПРИЧІП,145
2026,408,ПЕРЕРЕЄСТРАЦІЯ ПРИ ПЕРЕОБЛАДНАННІ БЕЗ ЗАМІНИ НОМЕРНИХ АГРЕГАТІВ,ТРИЦИКЛ,1
2026,410,ПЕРЕРЕЄСТРАЦІЯ ПРИ ЗАМІНІ НОМЕРНОГО ЗНАКУ,АВТОБУС,390
2026,410,ПЕРЕРЕЄСТРАЦІЯ ПРИ ЗАМІНІ НОМЕРНОГО ЗНАКУ,ВАНТАЖНИЙ,3759
2026,410,ПЕРЕРЕЄСТРАЦІЯ ПРИ ЗАМІНІ НОМЕРНОГО ЗНАКУ,КВАДРОЦИКЛ,6
2026,410,ПЕРЕРЕЄСТРАЦІЯ ПРИ ЗАМІНІ НОМЕРНОГО ЗНАКУ,ЛЕГКОВИЙ,41072
2026,410,ПЕРЕРЕЄСТРАЦІЯ ПРИ ЗАМІНІ НОМЕРНОГО ЗНАКУ,МОПЕД,6
2026,410,ПЕРЕРЕЄСТРАЦІЯ ПРИ ЗАМІНІ НОМЕРНОГО ЗНАКУ,МОТОЦИКЛ,557
2026,410,ПЕРЕРЕЄСТРАЦІЯ ПРИ ЗАМІНІ НОМЕРНОГО ЗНАКУ,НАПІВПРИЧІП,376
2026,410,ПЕРЕРЕЄСТРАЦІЯ ПРИ ЗАМІНІ НОМЕРНОГО ЗНАКУ,ПРИЧІП,334
2026,410,ПЕРЕРЕЄСТРАЦІЯ ПРИ ЗАМІНІ НОМЕРНОГО ЗНАКУ,ТРИЦИКЛ,2
2026,412,ПЕРЕРЕЄСТРАЦІЯ ТЗ ПРИ ВИДАЧІ НОМЕРНОГО ЗНАКУ ВІДПОВІДНОЇ КОМБІНАЦІЇ ЦИФР,АВТОБУС,32
2026,412,ПЕРЕРЕЄСТРАЦІЯ ТЗ ПРИ ВИДАЧІ НОМЕРНОГО ЗНАКУ ВІДПОВІДНОЇ КОМБІНАЦІЇ ЦИФР,ВАНТАЖНИЙ,479
2026,412,ПЕРЕРЕЄСТРАЦІЯ ТЗ ПРИ ВИДАЧІ НОМЕРНОГО ЗНАКУ ВІДПОВІДНОЇ КОМБІНАЦІЇ ЦИФР,КВАДРОЦИКЛ,9
2026,412,ПЕРЕРЕЄСТРАЦІЯ ТЗ ПРИ ВИДАЧІ НОМЕРНОГО ЗНАКУ ВІДПОВІДНОЇ КОМБІНАЦІЇ ЦИФР,ЛЕГКОВИЙ,7768
2026,412,ПЕРЕРЕЄСТРАЦІЯ ТЗ ПРИ ВИДАЧІ НОМЕРНОГО ЗНАКУ ВІДПОВІДНОЇ КОМБІНАЦІЇ ЦИФР,МОПЕД,4
2026,412,ПЕРЕРЕЄСТРАЦІЯ ТЗ ПРИ ВИДАЧІ НОМЕРНОГО ЗНАКУ ВІДПОВІДНОЇ КОМБІНАЦІЇ ЦИФР,МОТОЦИКЛ,275
2026,412,ПЕРЕРЕЄСТРАЦІЯ ТЗ ПРИ ВИДАЧІ НОМЕРНОГО ЗНАКУ ВІДПОВІДНОЇ КОМБІНАЦІЇ ЦИФР,НАПІВПРИЧІП,105
2026,412,ПЕРЕРЕЄСТРАЦІЯ ТЗ ПРИ ВИДАЧІ НОМЕРНОГО ЗНАКУ ВІДПОВІДНОЇ КОМБІНАЦІЇ ЦИФР,ПРИЧІП,110
2026,412,ПЕРЕРЕЄСТРАЦІЯ ТЗ ПРИ ВИДАЧІ НОМЕРНОГО ЗНАКУ ВІДПОВІДНОЇ КОМБІНАЦІЇ ЦИФР,ТРИЦИКЛ,2
2026,413,ПЕРЕРЕЄСТРАЦІЯ У ЗВ’ЯЗКУ З ВСТАНОВЛ. СССП СИНЬОГО КОЛЬОРУ НА ОПЕРАТИВНІ ТЗ,ЛЕГКОВИЙ,1
2026,417,ПЕРЕРЕЄСТРАЦІЯ ТЗ (МОПЕДІВ) З ВИДАЧЕЮ СПР,МОПЕД,74
2026,420,ПЕРЕРЕЄСТРАЦІЯ ПРИ ВТРАТІ НОМЕРНОГО ЗНАКУ,АВТОБУС,4
2026,420,ПЕРЕРЕЄСТРАЦІЯ ПРИ ВТРАТІ НОМЕРНОГО ЗНАКУ,ВАНТАЖНИЙ,26
2026,420,ПЕРЕРЕЄСТРАЦІЯ ПРИ ВТРАТІ НОМЕРНОГО ЗНАКУ,ЛЕГКОВИЙ,198
2026,420,ПЕРЕРЕЄСТРАЦІЯ ПРИ ВТРАТІ НОМЕРНОГО ЗНАКУ,МОТОЦИКЛ,30
2026,420,ПЕРЕРЕЄСТРАЦІЯ ПРИ ВТРАТІ НОМЕРНОГО ЗНАКУ,НАПІВПРИЧІП,4
2026,420,ПЕРЕРЕЄСТРАЦІЯ ПРИ ВТРАТІ НОМЕРНОГО ЗНАКУ,ПРИЧІП,17
2026,421,ПЕРЕРЕЄСТРАЦІЯ ТЗ ПРИ ВТРАТІ НОМЕРНОГО ЗНАКУ ТА СВІДОЦТВА ПРО РЕЄСТРАЦІЮ,АВТОБУС,3
2026,421,ПЕРЕРЕЄСТРАЦІЯ ТЗ ПРИ ВТРАТІ НОМЕРНОГО ЗНАКУ ТА СВІДОЦТВА ПРО РЕЄСТРАЦІЮ,ВАНТАЖНИЙ,30
2026,421,ПЕРЕРЕЄСТРАЦІЯ ТЗ ПРИ ВТРАТІ НОМЕРНОГО ЗНАКУ ТА СВІДОЦТВА ПРО РЕЄСТРАЦІЮ,ЛЕГКОВИЙ,298
2026,421,ПЕРЕРЕЄСТРАЦІЯ ТЗ ПРИ ВТРАТІ НОМЕРНОГО ЗНАКУ ТА СВІДОЦТВА ПРО РЕЄСТРАЦІЮ,МОТОЦИКЛ,5
2026,421,ПЕРЕРЕЄСТРАЦІЯ ТЗ ПРИ ВТРАТІ НОМЕРНОГО ЗНАКУ ТА СВІДОЦТВА ПРО РЕЄСТРАЦІЮ,НАПІВПРИЧІП,3
2026,421,ПЕРЕРЕЄСТРАЦІЯ ТЗ ПРИ ВТРАТІ НОМЕРНОГО ЗНАКУ ТА СВІДОЦТВА ПРО РЕЄСТРАЦІЮ,ПРИЧІП,13
2026,429,ПЕРЕРЕЄСТРАЦІЯ ТЗ У ЗВ'ЯЗКУ ІЗ ПОДОВЖЕННЯМ ТЕРМІНУ ЗВОРОТНОГО ВИВОЗУ,АВТОБУС,35
2026,429,ПЕРЕРЕЄСТРАЦІЯ ТЗ У ЗВ'ЯЗКУ ІЗ ПОДОВЖЕННЯМ ТЕРМІНУ ЗВОРОТНОГО ВИВОЗУ,ВАНТАЖНИЙ,128
2026,429,ПЕРЕРЕЄСТРАЦІЯ ТЗ У ЗВ'ЯЗКУ ІЗ ПОДОВЖЕННЯМ ТЕРМІНУ ЗВОРОТНОГО ВИВОЗУ,ЛЕГКОВИЙ,1250
2026,429,ПЕРЕРЕЄСТРАЦІЯ ТЗ У ЗВ'ЯЗКУ ІЗ ПОДОВЖЕННЯМ ТЕРМІНУ ЗВОРОТНОГО ВИВОЗУ,НАПІВПРИЧІП,13
2026,429,ПЕРЕРЕЄСТРАЦІЯ ТЗ У ЗВ'ЯЗКУ ІЗ ПОДОВЖЕННЯМ ТЕРМІНУ ЗВОРОТНОГО ВИВОЗУ,ПРИЧІП,2
2026,430,ПЕРЕРЕЄСТРАЦІЯ ПРИ ЗАМІНІ СВІДОЦТВА ПРО РЕЄСТРАЦІЮ,АВТОБУС,552
2026,430,ПЕРЕРЕЄСТРАЦІЯ ПРИ ЗАМІНІ СВІДОЦТВА ПРО РЕЄСТРАЦІЮ,ВАНТАЖНИЙ,1427
2026,430,ПЕРЕРЕЄСТРАЦІЯ ПРИ ЗАМІНІ СВІДОЦТВА ПРО РЕЄСТРАЦІЮ,КВАДРОЦИКЛ,5
2026,430,ПЕРЕРЕЄСТРАЦІЯ ПРИ ЗАМІНІ СВІДОЦТВА ПРО РЕЄСТРАЦІЮ,ЛЕГКОВИЙ,5840
2026,430,ПЕРЕРЕЄСТРАЦІЯ ПРИ ЗАМІНІ СВІДОЦТВА ПРО РЕЄСТРАЦІЮ,МОПЕД,30
2026,430,ПЕРЕРЕЄСТРАЦІЯ ПРИ ЗАМІНІ СВІДОЦТВА ПРО РЕЄСТРАЦІЮ,МОТОЦИКЛ,177
2026,430,ПЕРЕРЕЄСТРАЦІЯ ПРИ ЗАМІНІ СВІДОЦТВА ПРО РЕЄСТРАЦІЮ,НАПІВПРИЧІП,395
2026,430,ПЕРЕРЕЄСТРАЦІЯ ПРИ ЗАМІНІ СВІДОЦТВА ПРО РЕЄСТРАЦІЮ,ПРИЧІП,133
2026,430,ПЕРЕРЕЄСТРАЦІЯ ПРИ ЗАМІНІ СВІДОЦТВА ПРО РЕЄСТРАЦІЮ,ТРИЦИКЛ,1
2026,431,ПЕРЕРЕЄСТРАЦІЯ ТЗ ПРИ ВИДАЧІ ІНДИВІДУАЛЬНОГО НОМЕРНОГО ЗНАКУ,АВТОБУС,25
2026,431,ПЕРЕРЕЄСТРАЦІЯ ТЗ ПРИ ВИДАЧІ ІНДИВІДУАЛЬНОГО НОМЕРНОГО ЗНАКУ,ВАНТАЖНИЙ,520
2026,431,ПЕРЕРЕЄСТРАЦІЯ ТЗ ПРИ ВИДАЧІ ІНДИВІДУАЛЬНОГО НОМЕРНОГО ЗНАКУ,КВАДРОЦИКЛ,2
2026,431,ПЕРЕРЕЄСТРАЦІЯ ТЗ ПРИ ВИДАЧІ ІНДИВІДУАЛЬНОГО НОМЕРНОГО ЗНАКУ,ЛЕГКОВИЙ,12287
2026,431,ПЕРЕРЕЄСТРАЦІЯ ТЗ ПРИ ВИДАЧІ ІНДИВІДУАЛЬНОГО НОМЕРНОГО ЗНАКУ,МОТОЦИКЛ,661
2026,431,ПЕРЕРЕЄСТРАЦІЯ ТЗ ПРИ ВИДАЧІ ІНДИВІДУАЛЬНОГО НОМЕРНОГО ЗНАКУ,ТРИЦИКЛ,2
2026,434,"ПЕРЕРЕЄСТРАЦІЯ ТЗ В ЗВ'ЯЗКУ ІЗ ЗМІНОЮ АНКЕТНИХ ДАНИХ,  АДРЕСИ РЕЄСТРАЦІЇ, СПР, НЗ АБО БЕЗ ",АВТОБУС,54
2026,434,"ПЕРЕРЕЄСТРАЦІЯ ТЗ В ЗВ'ЯЗКУ ІЗ ЗМІНОЮ АНКЕТНИХ ДАНИХ,  АДРЕСИ РЕЄСТРАЦІЇ, СПР, НЗ АБО БЕЗ ",ВАНТАЖНИЙ,849
2026,434,"ПЕРЕРЕЄСТРАЦІЯ ТЗ В ЗВ'ЯЗКУ ІЗ ЗМІНОЮ АНКЕТНИХ ДАНИХ,  АДРЕСИ РЕЄСТРАЦІЇ, СПР, НЗ АБО БЕЗ ",ЛЕГКОВИЙ,17043
2026,434,"ПЕРЕРЕЄСТРАЦІЯ ТЗ В ЗВ'ЯЗКУ ІЗ ЗМІНОЮ АНКЕТНИХ ДАНИХ,  АДРЕСИ РЕЄСТРАЦІЇ, СПР, НЗ АБО БЕЗ ",МОПЕД,24
2026,434,"ПЕРЕРЕЄСТРАЦІЯ ТЗ В ЗВ'ЯЗКУ ІЗ ЗМІНОЮ АНКЕТНИХ ДАНИХ,  АДРЕСИ РЕЄСТРАЦІЇ, СПР, НЗ АБО БЕЗ ",МОТОЦИКЛ,665
2026,434,"ПЕРЕРЕЄСТРАЦІЯ ТЗ В ЗВ'ЯЗКУ ІЗ ЗМІНОЮ АНКЕТНИХ ДАНИХ,  АДРЕСИ РЕЄСТРАЦІЇ, СПР, НЗ АБО БЕЗ ",НАПІВПРИЧІП,60
2026,434,"ПЕРЕРЕЄСТРАЦІЯ ТЗ В ЗВ'ЯЗКУ ІЗ ЗМІНОЮ АНКЕТНИХ ДАНИХ,  АДРЕСИ РЕЄСТРАЦІЇ, СПР, НЗ АБО БЕЗ ",ПРИЧІП,143
2026,435,"ПЕРЕРЕЄСТРАЦІЯ ТЗ В ЗВ'ЯЗКУ ІЗ ЗАМІНОЮ СПР, З ЗАМІНОЮ НЗ АБО БЕЗ ТАКОЇ, ЧЕРЕЗ ЕКВ",АВТОБУС,3
2026,435,"ПЕРЕРЕЄСТРАЦІЯ ТЗ В ЗВ'ЯЗКУ ІЗ ЗАМІНОЮ СПР, З ЗАМІНОЮ НЗ АБО БЕЗ ТАКОЇ, ЧЕРЕЗ ЕКВ",ВАНТАЖНИЙ,43
2026,435,"ПЕРЕРЕЄСТРАЦІЯ ТЗ В ЗВ'ЯЗКУ ІЗ ЗАМІНОЮ СПР, З ЗАМІНОЮ НЗ АБО БЕЗ ТАКОЇ, ЧЕРЕЗ ЕКВ",ЛЕГКОВИЙ,743
2026,435,"ПЕРЕРЕЄСТРАЦІЯ ТЗ В ЗВ'ЯЗКУ ІЗ ЗАМІНОЮ СПР, З ЗАМІНОЮ НЗ АБО БЕЗ ТАКОЇ, ЧЕРЕЗ ЕКВ",МОПЕД,2
2026,435,"ПЕРЕРЕЄСТРАЦІЯ ТЗ В ЗВ'ЯЗКУ ІЗ ЗАМІНОЮ СПР, З ЗАМІНОЮ НЗ АБО БЕЗ ТАКОЇ, ЧЕРЕЗ ЕКВ",МОТОЦИКЛ,30
2026,435,"ПЕРЕРЕЄСТРАЦІЯ ТЗ В ЗВ'ЯЗКУ ІЗ ЗАМІНОЮ СПР, З ЗАМІНОЮ НЗ АБО БЕЗ ТАКОЇ, ЧЕРЕЗ ЕКВ",НАПІВПРИЧІП,3
2026,435,"ПЕРЕРЕЄСТРАЦІЯ ТЗ В ЗВ'ЯЗКУ ІЗ ЗАМІНОЮ СПР, З ЗАМІНОЮ НЗ АБО БЕЗ ТАКОЇ, ЧЕРЕЗ ЕКВ",ПРИЧІП,6
2026,439,БЕЗКОШТОВНА ПЕРЕРЕЄСТРАЦІЯ ПРИ ВТРАТІ СПР ВНАСЛІДОК ЗБРОЙНОЇ АГРЕСІЇ,ЛЕГКОВИЙ,20
2026,439,БЕЗКОШТОВНА ПЕРЕРЕЄСТРАЦІЯ ПРИ ВТРАТІ СПР ВНАСЛІДОК ЗБРОЙНОЇ АГРЕСІЇ,ПРИЧІП,4
2026,440,ПЕРЕРЕЄСТРАЦIЯ ПРИ ВТРАТІ СВIДОЦТВА ПРО РЕЄСТРАЦIЮ,АВТОБУС,197
2026,440,ПЕРЕРЕЄСТРАЦIЯ ПРИ ВТРАТІ СВIДОЦТВА ПРО РЕЄСТРАЦIЮ,ВАНТАЖНИЙ,2436
2026,440,ПЕРЕРЕЄСТРАЦIЯ ПРИ ВТРАТІ СВIДОЦТВА ПРО РЕЄСТРАЦIЮ,КВАДРОЦИКЛ,7
2026,440,ПЕРЕРЕЄСТРАЦIЯ ПРИ ВТРАТІ СВIДОЦТВА ПРО РЕЄСТРАЦIЮ,ЛЕГКОВИЙ,11257
2026,440,ПЕРЕРЕЄСТРАЦIЯ ПРИ ВТРАТІ СВIДОЦТВА ПРО РЕЄСТРАЦIЮ,МОПЕД,62
2026,440,ПЕРЕРЕЄСТРАЦIЯ ПРИ ВТРАТІ СВIДОЦТВА ПРО РЕЄСТРАЦIЮ,МОТОЦИКЛ,435
2026,440,ПЕРЕРЕЄСТРАЦIЯ ПРИ ВТРАТІ СВIДОЦТВА ПРО РЕЄСТРАЦIЮ,НАПІВПРИЧІП,760
2026,440,ПЕРЕРЕЄСТРАЦIЯ ПРИ ВТРАТІ СВIДОЦТВА ПРО РЕЄСТРАЦIЮ,ПРИЧІП,1033
2026,440,ПЕРЕРЕЄСТРАЦIЯ ПРИ ВТРАТІ СВIДОЦТВА ПРО РЕЄСТРАЦIЮ,ТРИЦИКЛ,1
2026,441,ПЕРЕРЕЄСТРАЦІЯ ТЗ ПРИ ЗАМІНІ СПР В ЗВ'ЯЗКУ ІЗ НЕМОЖЛИВІСТЮ ПОВЕРНЕННЯ ЗДАНОГО НА ЗБЕРЕЖЕНН,ВАНТАЖНИЙ,3
2026,441,ПЕРЕРЕЄСТРАЦІЯ ТЗ ПРИ ЗАМІНІ СПР В ЗВ'ЯЗКУ ІЗ НЕМОЖЛИВІСТЮ ПОВЕРНЕННЯ ЗДАНОГО НА ЗБЕРЕЖЕНН,ЛЕГКОВИЙ,2
2026,441,ПЕРЕРЕЄСТРАЦІЯ ТЗ ПРИ ЗАМІНІ СПР В ЗВ'ЯЗКУ ІЗ НЕМОЖЛИВІСТЮ ПОВЕРНЕННЯ ЗДАНОГО НА ЗБЕРЕЖЕНН,НАПІВПРИЧІП,2
2026,50,ВТОРИННА РЕЄСТРАЦІЯ ТЗ ЗНЯТОГО З ОБЛІКУ НА НОВОГО ВЛАСНИКА ЗА ДКП УКЛАДЕНОМУ В СГ (TRADE-I,ВАНТАЖНИЙ,6
2026,50,ВТОРИННА РЕЄСТРАЦІЯ ТЗ ЗНЯТОГО З ОБЛІКУ НА НОВОГО ВЛАСНИКА ЗА ДКП УКЛАДЕНОМУ В СГ (TRADE-I,ЛЕГКОВИЙ,137
2026,500,ЗНЯТТЯ З ОБЛІКУ У ЗВ'ЯЗКУ ЗІ СКАСУВАННЯМ РЕЄСТРАЦІЇ,АВТОБУС,1
2026,500,ЗНЯТТЯ З ОБЛІКУ У ЗВ'ЯЗКУ ЗІ СКАСУВАННЯМ РЕЄСТРАЦІЇ,ВАНТАЖНИЙ,17
2026,500,ЗНЯТТЯ З ОБЛІКУ У ЗВ'ЯЗКУ ЗІ СКАСУВАННЯМ РЕЄСТРАЦІЇ,ЛЕГКОВИЙ,80
2026,500,ЗНЯТТЯ З ОБЛІКУ У ЗВ'ЯЗКУ ЗІ СКАСУВАННЯМ РЕЄСТРАЦІЇ,МОТОЦИКЛ,1
2026,508,"ПЕРЕРЕЄСТРАЦІЯ ТЗ, В ЗВ’ЯЗКУ ІЗ РОЗІРВАННЯМ НОТАРІАЛЬНО ПОСВІДЧЕНОГО ДКП ЗА ЗГОДОЮ СТОРІН",АВТОБУС,2
2026,518,ЗНЯТТЯ З ОБЛІКУ КАРТКИ ВІДОМЧОЇ РЕЄСТРАЦІЇ,ВАНТАЖНИЙ,10
2026,520,ЗНЯТТЯ З ОБЛIКУ ПРИ ВИВЕЗЕННІ ЗА КОРДОН,АВТОБУС,4
2026,520,ЗНЯТТЯ З ОБЛIКУ ПРИ ВИВЕЗЕННІ ЗА КОРДОН,ВАНТАЖНИЙ,2184
2026,520,ЗНЯТТЯ З ОБЛIКУ ПРИ ВИВЕЗЕННІ ЗА КОРДОН,ЛЕГКОВИЙ,172
2026,520,ЗНЯТТЯ З ОБЛIКУ ПРИ ВИВЕЗЕННІ ЗА КОРДОН,МОПЕД,1
2026,520,ЗНЯТТЯ З ОБЛIКУ ПРИ ВИВЕЗЕННІ ЗА КОРДОН,МОТОЦИКЛ,15
2026,520,ЗНЯТТЯ З ОБЛIКУ ПРИ ВИВЕЗЕННІ ЗА КОРДОН,НАПІВПРИЧІП,85
2026,520,ЗНЯТТЯ З ОБЛIКУ ПРИ ВИВЕЗЕННІ ЗА КОРДОН,ПРИЧІП,24
2026,537,"ЗНЯТТЯ З ОБЛІКУ ДЛЯ ВІДЧУЖЕННЯ СУБ’ЄКТУ ГОСПОДАРЮВАННЯ, ЩО ЗДІЙСНЮЄ ТОРГІВЛЮ ТЗ",ВАНТАЖНИЙ,79
2026,537,"ЗНЯТТЯ З ОБЛІКУ ДЛЯ ВІДЧУЖЕННЯ СУБ’ЄКТУ ГОСПОДАРЮВАННЯ, ЩО ЗДІЙСНЮЄ ТОРГІВЛЮ ТЗ",ЛЕГКОВИЙ,3206
2026,537,"ЗНЯТТЯ З ОБЛІКУ ДЛЯ ВІДЧУЖЕННЯ СУБ’ЄКТУ ГОСПОДАРЮВАННЯ, ЩО ЗДІЙСНЮЄ ТОРГІВЛЮ ТЗ",МОТОЦИКЛ,27
2026,537,"ЗНЯТТЯ З ОБЛІКУ ДЛЯ ВІДЧУЖЕННЯ СУБ’ЄКТУ ГОСПОДАРЮВАННЯ, ЩО ЗДІЙСНЮЄ ТОРГІВЛЮ ТЗ",НАПІВПРИЧІП,17
2026,540,ЗНЯТТЯ З ОБЛІКУ У ЗВ`ЯЗКУ З ВИБРАКОВКОЮ,АВТОБУС,544
2026,540,ЗНЯТТЯ З ОБЛІКУ У ЗВ`ЯЗКУ З ВИБРАКОВКОЮ,ВАНТАЖНИЙ,3161
2026,540,ЗНЯТТЯ З ОБЛІКУ У ЗВ`ЯЗКУ З ВИБРАКОВКОЮ,КВАДРОЦИКЛ,3
2026,540,ЗНЯТТЯ З ОБЛІКУ У ЗВ`ЯЗКУ З ВИБРАКОВКОЮ,ЛЕГКОВИЙ,13307
2026,540,ЗНЯТТЯ З ОБЛІКУ У ЗВ`ЯЗКУ З ВИБРАКОВКОЮ,МОПЕД,255
2026,540,ЗНЯТТЯ З ОБЛІКУ У ЗВ`ЯЗКУ З ВИБРАКОВКОЮ,МОТОЦИКЛ,654
2026,540,ЗНЯТТЯ З ОБЛІКУ У ЗВ`ЯЗКУ З ВИБРАКОВКОЮ,НАПІВПРИЧІП,305
2026,540,ЗНЯТТЯ З ОБЛІКУ У ЗВ`ЯЗКУ З ВИБРАКОВКОЮ,ПРИЧІП,289
2026,540,ЗНЯТТЯ З ОБЛІКУ У ЗВ`ЯЗКУ З ВИБРАКОВКОЮ,СПЕЦІАЛІЗОВАНІ,3
2026,540,ЗНЯТТЯ З ОБЛІКУ У ЗВ`ЯЗКУ З ВИБРАКОВКОЮ,ТРИЦИКЛ,1
2026,550,ЗНЯТТЯ З ОБЛІКУ ТЗ ВВЕЗЕНОГО ПIД ЗОБОВ. ПРО ЗВОР. ВИВЕЗЕННЯ,АВТОБУС,6
2026,550,ЗНЯТТЯ З ОБЛІКУ ТЗ ВВЕЗЕНОГО ПIД ЗОБОВ. ПРО ЗВОР. ВИВЕЗЕННЯ,ВАНТАЖНИЙ,40
2026,550,ЗНЯТТЯ З ОБЛІКУ ТЗ ВВЕЗЕНОГО ПIД ЗОБОВ. ПРО ЗВОР. ВИВЕЗЕННЯ,ЛЕГКОВИЙ,130
2026,550,ЗНЯТТЯ З ОБЛІКУ ТЗ ВВЕЗЕНОГО ПIД ЗОБОВ. ПРО ЗВОР. ВИВЕЗЕННЯ,НАПІВПРИЧІП,9
2026,550,ЗНЯТТЯ З ОБЛІКУ ТЗ ВВЕЗЕНОГО ПIД ЗОБОВ. ПРО ЗВОР. ВИВЕЗЕННЯ,ПРИЧІП,1
2026,562,ЗНЯТТЯ З ОБЛІКУ ПРИ ЗАКІНЧЕННІ ТЕРМІНУ УЗУФРУКТА,ВАНТАЖНИЙ,1
2026,562,ЗНЯТТЯ З ОБЛІКУ ПРИ ЗАКІНЧЕННІ ТЕРМІНУ УЗУФРУКТА,ЛЕГКОВИЙ,2
2026,570,ЗНЯТТЯ З ОБЛІКУ У ЗВ`ЯЗКУ ЗI ЗМIНОЮ ДЕРЖАВНОГО ОРГАНУ РЕЄСТРАЦІЇ,АВТОБУС,46
2026,570,ЗНЯТТЯ З ОБЛІКУ У ЗВ`ЯЗКУ ЗI ЗМIНОЮ ДЕРЖАВНОГО ОРГАНУ РЕЄСТРАЦІЇ,ВАНТАЖНИЙ,642
2026,570,ЗНЯТТЯ З ОБЛІКУ У ЗВ`ЯЗКУ ЗI ЗМIНОЮ ДЕРЖАВНОГО ОРГАНУ РЕЄСТРАЦІЇ,КВАДРОЦИКЛ,43
2026,570,ЗНЯТТЯ З ОБЛІКУ У ЗВ`ЯЗКУ ЗI ЗМIНОЮ ДЕРЖАВНОГО ОРГАНУ РЕЄСТРАЦІЇ,ЛЕГКОВИЙ,757
2026,570,ЗНЯТТЯ З ОБЛІКУ У ЗВ`ЯЗКУ ЗI ЗМIНОЮ ДЕРЖАВНОГО ОРГАНУ РЕЄСТРАЦІЇ,МОТОЦИКЛ,6
2026,570,ЗНЯТТЯ З ОБЛІКУ У ЗВ`ЯЗКУ ЗI ЗМIНОЮ ДЕРЖАВНОГО ОРГАНУ РЕЄСТРАЦІЇ,НАПІВПРИЧІП,63
2026,570,ЗНЯТТЯ З ОБЛІКУ У ЗВ`ЯЗКУ ЗI ЗМIНОЮ ДЕРЖАВНОГО ОРГАНУ РЕЄСТРАЦІЇ,ПРИЧІП,176
2026,62,РЕЄСТРАЦIЯ ТЗ ПО УСПАДКУВАННЮ ЗА ЗАКОНОМ,ЛЕГКОВИЙ,1
2026,64,РЕЄСТРАЦІЯ КОНФІСКОВАНОГО ТЗ,ВАНТАЖНИЙ,3
2026,64,РЕЄСТРАЦІЯ КОНФІСКОВАНОГО ТЗ,ЛЕГКОВИЙ,2
2026,65,РЕЄСТРАЦIЯ ТЗ ЗА РІШЕННЯМ СУДУ,АВТОБУС,2
2026,65,РЕЄСТРАЦIЯ ТЗ ЗА РІШЕННЯМ СУДУ,ВАНТАЖНИЙ,6
2026,65,РЕЄСТРАЦIЯ ТЗ ЗА РІШЕННЯМ СУДУ,ЛЕГКОВИЙ,223
2026,65,РЕЄСТРАЦIЯ ТЗ ЗА РІШЕННЯМ СУДУ,МОТОЦИКЛ,6
2026,69,РЕЄСТРАЦІЯ НОВИХ ТЗ ПО АКТУ ПРИЙОМУ-ПЕРЕДАЧІ (ДОД. 6),АВТОБУС,221
2026,69,РЕЄСТРАЦІЯ НОВИХ ТЗ ПО АКТУ ПРИЙОМУ-ПЕРЕДАЧІ (ДОД. 6),ВАНТАЖНИЙ,178
2026,69,РЕЄСТРАЦІЯ НОВИХ ТЗ ПО АКТУ ПРИЙОМУ-ПЕРЕДАЧІ (ДОД. 6),ЛЕГКОВИЙ,47
2026,69,РЕЄСТРАЦІЯ НОВИХ ТЗ ПО АКТУ ПРИЙОМУ-ПЕРЕДАЧІ (ДОД. 6),НАПІВПРИЧІП,158
2026,69,РЕЄСТРАЦІЯ НОВИХ ТЗ ПО АКТУ ПРИЙОМУ-ПЕРЕДАЧІ (ДОД. 6),ПРИЧІП,13889
2026,70,РЕЄСТРАЦIЯ Б/В ТЗ ПРИВЕЗЕНОГО З-ЗА КОРДОНУ ПО ВМД,АВТОБУС,337
2026,70,РЕЄСТРАЦIЯ Б/В ТЗ ПРИВЕЗЕНОГО З-ЗА КОРДОНУ ПО ВМД,ВАНТАЖНИЙ,3238
2026,70,РЕЄСТРАЦIЯ Б/В ТЗ ПРИВЕЗЕНОГО З-ЗА КОРДОНУ ПО ВМД,КВАДРОЦИКЛ,24
2026,70,РЕЄСТРАЦIЯ Б/В ТЗ ПРИВЕЗЕНОГО З-ЗА КОРДОНУ ПО ВМД,ЛЕГКОВИЙ,64425
2026,70,РЕЄСТРАЦIЯ Б/В ТЗ ПРИВЕЗЕНОГО З-ЗА КОРДОНУ ПО ВМД,МОПЕД,10
2026,70,РЕЄСТРАЦIЯ Б/В ТЗ ПРИВЕЗЕНОГО З-ЗА КОРДОНУ ПО ВМД,МОТОЦИКЛ,1104
2026,70,РЕЄСТРАЦIЯ Б/В ТЗ ПРИВЕЗЕНОГО З-ЗА КОРДОНУ ПО ВМД,НАПІВПРИЧІП,1325
2026,70,РЕЄСТРАЦIЯ Б/В ТЗ ПРИВЕЗЕНОГО З-ЗА КОРДОНУ ПО ВМД,ПРИЧІП,389
2026,70,РЕЄСТРАЦIЯ Б/В ТЗ ПРИВЕЗЕНОГО З-ЗА КОРДОНУ ПО ВМД,ТРИЦИКЛ,15
2026,71,РЕЄСТРАЦІЯ ТЗ ПРИВЕЗЕНОГО З-ЗА КОРДОНУ ПО ПОСВІДЧЕННЮ МИТНИЦІ,ВАНТАЖНИЙ,16
2026,71,РЕЄСТРАЦІЯ ТЗ ПРИВЕЗЕНОГО З-ЗА КОРДОНУ ПО ПОСВІДЧЕННЮ МИТНИЦІ,КВАДРОЦИКЛ,1
2026,71,РЕЄСТРАЦІЯ ТЗ ПРИВЕЗЕНОГО З-ЗА КОРДОНУ ПО ПОСВІДЧЕННЮ МИТНИЦІ,ЛЕГКОВИЙ,258
2026,71,РЕЄСТРАЦІЯ ТЗ ПРИВЕЗЕНОГО З-ЗА КОРДОНУ ПО ПОСВІДЧЕННЮ МИТНИЦІ,МОТОЦИКЛ,21
2026,71,РЕЄСТРАЦІЯ ТЗ ПРИВЕЗЕНОГО З-ЗА КОРДОНУ ПО ПОСВІДЧЕННЮ МИТНИЦІ,НАПІВПРИЧІП,1
2026,71,РЕЄСТРАЦІЯ ТЗ ПРИВЕЗЕНОГО З-ЗА КОРДОНУ ПО ПОСВІДЧЕННЮ МИТНИЦІ,ПРИЧІП,9
2026,72,"РЕЄСТРАЦІЯ НОВОГО ТЗ, ПРИВЕЗЕНОГО З-ЗА КОРДОНУ ПО ВМД",АВТОБУС,39
2026,72,"РЕЄСТРАЦІЯ НОВОГО ТЗ, ПРИВЕЗЕНОГО З-ЗА КОРДОНУ ПО ВМД",ВАНТАЖНИЙ,278
2026,72,"РЕЄСТРАЦІЯ НОВОГО ТЗ, ПРИВЕЗЕНОГО З-ЗА КОРДОНУ ПО ВМД",КВАДРОЦИКЛ,2
2026,72,"РЕЄСТРАЦІЯ НОВОГО ТЗ, ПРИВЕЗЕНОГО З-ЗА КОРДОНУ ПО ВМД",ЛЕГКОВИЙ,753
2026,72,"РЕЄСТРАЦІЯ НОВОГО ТЗ, ПРИВЕЗЕНОГО З-ЗА КОРДОНУ ПО ВМД",МОТОЦИКЛ,55
2026,72,"РЕЄСТРАЦІЯ НОВОГО ТЗ, ПРИВЕЗЕНОГО З-ЗА КОРДОНУ ПО ВМД",НАПІВПРИЧІП,153
2026,72,"РЕЄСТРАЦІЯ НОВОГО ТЗ, ПРИВЕЗЕНОГО З-ЗА КОРДОНУ ПО ВМД",ПРИЧІП,45
2026,72,"РЕЄСТРАЦІЯ НОВОГО ТЗ, ПРИВЕЗЕНОГО З-ЗА КОРДОНУ ПО ВМД",ТРИЦИКЛ,8
2026,73,РЕЄСТРАЦІЯ Б/В ТЗ НА ЮРИДИЧНУ ОСОБУ З ОБМЕЖЕННЯМ ТЕРМІНУ ВІДЧУЖЕННЯ ПРОТЯГОМ 1095 ДНІВ,АВТОБУС,1
2026,74,"РЕЄСТРАЦІЯ НОВОГО ТЗ ПРИВЕЗЕНОГО З-ЗА КОРДОНУ ПО ДЕКЛАРАЦІЇ ПРО ПЕРЕЛІК ТОВАРІВ, ЩО ВИЗНАЮ",ВАНТАЖНИЙ,11
2026,74,"РЕЄСТРАЦІЯ НОВОГО ТЗ ПРИВЕЗЕНОГО З-ЗА КОРДОНУ ПО ДЕКЛАРАЦІЇ ПРО ПЕРЕЛІК ТОВАРІВ, ЩО ВИЗНАЮ",ЛЕГКОВИЙ,19
2026,74,"РЕЄСТРАЦІЯ НОВОГО ТЗ ПРИВЕЗЕНОГО З-ЗА КОРДОНУ ПО ДЕКЛАРАЦІЇ ПРО ПЕРЕЛІК ТОВАРІВ, ЩО ВИЗНАЮ",ПРИЧІП,1
2026,75,"РЕЄСТРАЦІЯ НОВОГО ТЗ ПРИВЕЗЕНОГО З-ЗА КОРДОНУ, ЯК ГУМАНІТАРНА ДОПОМОГА ПО ДЕКЛАРАЦІЇ ТА ПО",ВАНТАЖНИЙ,3
2026,75,"РЕЄСТРАЦІЯ НОВОГО ТЗ ПРИВЕЗЕНОГО З-ЗА КОРДОНУ, ЯК ГУМАНІТАРНА ДОПОМОГА ПО ДЕКЛАРАЦІЇ ТА ПО",ЛЕГКОВИЙ,2
2026,76,"РЕЄСТРАЦІЯ Б/В ТЗ ПРИВЕЗЕНОГО З-ЗА КОРДОНУ ПО ДЕКЛАРАЦІЇ ПРО ПЕРЕЛІК ТОВАРІВ, ЩО ВИЗНАЮТЬС",АВТОБУС,85
2026,76,"РЕЄСТРАЦІЯ Б/В ТЗ ПРИВЕЗЕНОГО З-ЗА КОРДОНУ ПО ДЕКЛАРАЦІЇ ПРО ПЕРЕЛІК ТОВАРІВ, ЩО ВИЗНАЮТЬС",ВАНТАЖНИЙ,98
2026,76,"РЕЄСТРАЦІЯ Б/В ТЗ ПРИВЕЗЕНОГО З-ЗА КОРДОНУ ПО ДЕКЛАРАЦІЇ ПРО ПЕРЕЛІК ТОВАРІВ, ЩО ВИЗНАЮТЬС",ЛЕГКОВИЙ,177
2026,76,"РЕЄСТРАЦІЯ Б/В ТЗ ПРИВЕЗЕНОГО З-ЗА КОРДОНУ ПО ДЕКЛАРАЦІЇ ПРО ПЕРЕЛІК ТОВАРІВ, ЩО ВИЗНАЮТЬС",НАПІВПРИЧІП,4
2026,76,"РЕЄСТРАЦІЯ Б/В ТЗ ПРИВЕЗЕНОГО З-ЗА КОРДОНУ ПО ДЕКЛАРАЦІЇ ПРО ПЕРЕЛІК ТОВАРІВ, ЩО ВИЗНАЮТЬС",ПРИЧІП,7
2026,77,РЕЄСТРАЦІЯ Б/В ТЗ ПРИВЕЗЕНОГО З-ЗА КОРДОНУ ЯК ГУМАНІТАРНА ДОПОМОГА ПО ДЕКЛАРАЦІЇ ТА ПО АКТ,АВТОБУС,12
2026,77,РЕЄСТРАЦІЯ Б/В ТЗ ПРИВЕЗЕНОГО З-ЗА КОРДОНУ ЯК ГУМАНІТАРНА ДОПОМОГА ПО ДЕКЛАРАЦІЇ ТА ПО АКТ,ВАНТАЖНИЙ,17
2026,77,РЕЄСТРАЦІЯ Б/В ТЗ ПРИВЕЗЕНОГО З-ЗА КОРДОНУ ЯК ГУМАНІТАРНА ДОПОМОГА ПО ДЕКЛАРАЦІЇ ТА ПО АКТ,ЛЕГКОВИЙ,30
2026,77,РЕЄСТРАЦІЯ Б/В ТЗ ПРИВЕЗЕНОГО З-ЗА КОРДОНУ ЯК ГУМАНІТАРНА ДОПОМОГА ПО ДЕКЛАРАЦІЇ ТА ПО АКТ,НАПІВПРИЧІП,1
2026,77,РЕЄСТРАЦІЯ Б/В ТЗ ПРИВЕЗЕНОГО З-ЗА КОРДОНУ ЯК ГУМАНІТАРНА ДОПОМОГА ПО ДЕКЛАРАЦІЇ ТА ПО АКТ,ПРИЧІП,1
2026,80,"РЕЄСТРАЦІЯ ТЗ ПРИДБАНОГО НА АУКЦІОНІ, ЕЛЕКТРОННИХ ТОРГАХ, ТОВАРНІЙ БІРЖІ",ВАНТАЖНИЙ,1
2026,80,"РЕЄСТРАЦІЯ ТЗ ПРИДБАНОГО НА АУКЦІОНІ, ЕЛЕКТРОННИХ ТОРГАХ, ТОВАРНІЙ БІРЖІ",ЛЕГКОВИЙ,7
2026,80,"РЕЄСТРАЦІЯ ТЗ ПРИДБАНОГО НА АУКЦІОНІ, ЕЛЕКТРОННИХ ТОРГАХ, ТОВАРНІЙ БІРЖІ",МОТОЦИКЛ,3
2026,90,РЕЄСТРАЦIЯ ТЗ ПРИДБАНОГО З ФОНДІВ МІН. ОБОРОНИ,ВАНТАЖНИЙ,1
2026,91,РЕЄСТРАЦІЯ ТЗ ПРИДБАНОГО В ІНШОМУ ОРГАНІ ДЕРЖАВНОЇ РЕЄСТРАЦІЇ,ВАНТАЖНИЙ,69
2026,91,РЕЄСТРАЦІЯ ТЗ ПРИДБАНОГО В ІНШОМУ ОРГАНІ ДЕРЖАВНОЇ РЕЄСТРАЦІЇ,ЛЕГКОВИЙ,13
2026,92,РЕЄСТРАЦІЯ ТЗ ПРИ ПОВЕРНЕННІ З ВІДОМЧОЇ РЕЄСТРАЦІЇ,ВАНТАЖНИЙ,11
2026,92,РЕЄСТРАЦІЯ ТЗ ПРИ ПОВЕРНЕННІ З ВІДОМЧОЇ РЕЄСТРАЦІЇ,ПРИЧІП,1
2026,99,"ПЕРВИННА РЕЄСТРАЦІЯ НОВОГО ТЗ ПРИДБАНОГО В ТОРГОВЕЛЬНІЙ ОРГАНІЗАЦІЇ, ЯКИЙ ВИГОТОВЛЕНО В УК",АВТОБУС,253
2026,99,"ПЕРВИННА РЕЄСТРАЦІЯ НОВОГО ТЗ ПРИДБАНОГО В ТОРГОВЕЛЬНІЙ ОРГАНІЗАЦІЇ, ЯКИЙ ВИГОТОВЛЕНО В УК",ВАНТАЖНИЙ,1369
2026,99,"ПЕРВИННА РЕЄСТРАЦІЯ НОВОГО ТЗ ПРИДБАНОГО В ТОРГОВЕЛЬНІЙ ОРГАНІЗАЦІЇ, ЯКИЙ ВИГОТОВЛЕНО В УК",ЛЕГКОВИЙ,1181
2026,99,"ПЕРВИННА РЕЄСТРАЦІЯ НОВОГО ТЗ ПРИДБАНОГО В ТОРГОВЕЛЬНІЙ ОРГАНІЗАЦІЇ, ЯКИЙ ВИГОТОВЛЕНО В УК",МОТОЦИКЛ,2
2026,99,"ПЕРВИННА РЕЄСТРАЦІЯ НОВОГО ТЗ ПРИДБАНОГО В ТОРГОВЕЛЬНІЙ ОРГАНІЗАЦІЇ, ЯКИЙ ВИГОТОВЛЕНО В УК",НАПІВПРИЧІП,92
2026,99,"ПЕРВИННА РЕЄСТРАЦІЯ НОВОГО ТЗ ПРИДБАНОГО В ТОРГОВЕЛЬНІЙ ОРГАНІЗАЦІЇ, ЯКИЙ ВИГОТОВЛЕНО В УК",ПРИЧІП,2117
